date,yyyymm,Rfree,NoDur,Durbl,Manuf,Enrgy,HiTec,Telcm,Shops,Hlth,Utils,Other,NoDur_excess,Durbl_excess,Manuf_excess,Enrgy_excess,HiTec_excess,Telcm_excess,Shops_excess,Hlth_excess,Utils_excess,Other_excess,dp,ep,b/m,tbl,lty,tms,dfy,ntis,infl,ltr,dfr,svar,dp_lag1,ep_lag1,b/m_lag1,tbl_lag1,lty_lag1,tms_lag1,dfy_lag1,ntis_lag1,infl_lag1,ltr_lag1,dfr_lag1,svar_lag1
1927-01-01,192701,0.0025,-0.0065,-0.0092,-0.0007,0.0128,-0.0113,0.0188,-0.0254,0.0507,-0.0179,0.015,-0.009,-0.0117,-0.0032,0.0103,-0.0138,0.0163,-0.0279,0.0482,-0.0204,0.0125,-2.942374,-2.374773,0.443706,0.0323,0.0351,0.0028,0.0095,0.050824,-0.011299,0.0075,-0.0019,0.00047,-2.973012,-2.386837,0.441476,0.0307,0.0354,0.0047,0.01,0.050876,0.0,0.0078,-0.0022,0.000465
1927-02-01,192702,0.0026,0.0336,0.0896,0.0581,0.0147,0.0445,0.0397,0.0362,0.0171,0.0454,0.0507,0.031,0.087,0.0555,0.0121,0.0419,0.0371,0.0336,0.0145,0.0428,0.0481,-2.979535,-2.430353,0.428501,0.0329,0.0347,0.0018,0.0092,0.051668,-0.005714,0.0088,-0.0019,0.000287,-2.942374,-2.374773,0.443706,0.0323,0.0351,0.0028,0.0095,0.050824,-0.011299,0.0075,-0.0019,0.00047
1927-03-01,192703,0.003,0.0277,0.0162,0.0145,-0.0604,0.0147,0.0562,-0.0046,0.0101,0.0037,0.0117,0.0247,0.0132,0.0115,-0.0634,0.0117,0.0532,-0.0076,0.0071,0.0007,0.0087,-2.976535,-2.445079,0.469765,0.032,0.0331,0.0011,0.0092,0.046357,-0.005747,0.0253,-0.017,0.000924,-2.979535,-2.430353,0.428501,0.0329,0.0347,0.0018,0.0092,0.051668,-0.005714,0.0088,-0.0019,0.000287
1927-04-01,192704,0.0025,0.0351,0.0314,0.0076,-0.0517,0.054,-0.0207,0.0448,0.0274,0.0171,0.0086,0.0326,0.0289,0.0051,-0.0542,0.0515,-0.0232,0.0423,0.0249,0.0146,0.0061,-2.984225,-2.471309,0.456754,0.0339,0.0333,-0.0006,0.009,0.050514,0.0,-0.0005,0.006,0.000603,-2.976535,-2.445079,0.469765,0.032,0.0331,0.0011,0.0092,0.046357,-0.005747,0.0253,-0.017,0.000924
1927-05-01,192705,0.003,0.083,0.0595,0.0508,0.0478,0.0737,0.0335,0.0234,0.0413,0.0923,0.0656,0.08,0.0565,0.0478,0.0448,0.0707,0.0305,0.0204,0.0383,0.0893,0.0626,-3.025963,-2.531446,0.434783,0.0333,0.0327,-0.0006,0.0093,0.055275,0.00578,0.0109,-0.012,0.000392,-2.984225,-2.471309,0.456754,0.0339,0.0333,-0.0006,0.009,0.050514,0.0,-0.0005,0.006,0.000603
1927-06-01,192706,0.0026,-0.0197,-0.0302,-0.0281,-0.0315,0.0329,-0.0216,-0.0061,0.0054,-0.0358,-0.0217,-0.0223,-0.0328,-0.0307,-0.0341,0.0303,-0.0242,-0.0087,0.0028,-0.0384,-0.0243,-3.007309,-2.53133,0.452385,0.0307,0.0334,0.0027,0.0097,0.058823,0.011494,-0.0069,0.0112,0.000825,-3.025963,-2.531446,0.434783,0.0333,0.0327,-0.0006,0.0093,0.055275,0.00578,0.0109,-0.012,0.000392
1927-07-01,192707,0.003,0.0484,0.131,0.1208,0.0286,0.1237,0.0373,0.0986,0.0984,0.055,0.0609,0.0454,0.128,0.1178,0.0256,0.1207,0.0343,0.0956,0.0954,0.052,0.0579,-3.061144,-2.603707,0.414553,0.0296,0.0333,0.0037,0.0095,0.059753,-0.017045,0.005,-0.0047,0.000426,-3.007309,-2.53133,0.452385,0.0307,0.0334,0.0027,0.0097,0.058823,0.011494,-0.0069,0.0112,0.000825
1927-08-01,192708,0.0028,0.0273,0.0702,0.0304,-0.0004,0.0551,0.0043,0.0735,0.0027,0.0326,-0.0101,0.0245,0.0674,0.0276,-0.0032,0.0523,0.0015,0.0707,-0.0001,0.0298,-0.0129,-3.095764,-2.656742,0.396227,0.027,0.0329,0.0059,0.0092,0.054525,-0.00578,0.0076,0.0007,0.001276,-3.061144,-2.603707,0.414553,0.0296,0.0333,0.0037,0.0095,0.059753,-0.017045,0.005,-0.0047,0.000426
1927-09-01,192709,0.0021,0.0527,0.0566,0.0444,0.0331,0.0121,0.0655,0.075,0.0566,0.0829,0.0458,0.0506,0.0545,0.0423,0.031,0.01,0.0634,0.0729,0.0545,0.0808,0.0437,-3.129097,-2.707759,0.380586,0.0268,0.033,0.0062,0.0088,0.094616,0.005814,0.0018,0.0131,0.001123,-3.095764,-2.656742,0.396227,0.027,0.0329,0.0059,0.0092,0.054525,-0.00578,0.0076,0.0007,0.001276
1927-10-01,192710,0.0025,-0.0064,-0.0441,-0.067,-0.0207,-0.0724,-0.0209,-0.0494,0.0514,-0.0435,-0.0383,-0.0089,-0.0466,-0.0695,-0.0232,-0.0749,-0.0234,-0.0519,0.0489,-0.046,-0.0408,-3.06565,-2.662875,0.413801,0.0308,0.0325,0.0017,0.0087,0.09437,0.00578,0.0099,-0.0044,0.001559,-3.129097,-2.707759,0.380586,0.0268,0.033,0.0062,0.0088,0.094616,0.005814,0.0018,0.0131,0.001123
1927-11-01,192711,0.0021,0.0632,0.0641,0.1085,0.042,0.1076,0.0283,0.1169,0.0368,0.0633,0.045,0.0611,0.062,0.1064,0.0399,0.1055,0.0262,0.1148,0.0347,0.0612,0.0429,-3.122543,-2.738218,0.379396,0.0304,0.032,0.0016,0.0086,0.08227,-0.005747,0.0097,-0.0029,0.00093,-3.06565,-2.662875,0.413801,0.0308,0.0325,0.0017,0.0087,0.09437,0.00578,0.0099,-0.0044,0.001559
1927-12-01,192712,0.0022,0.025,0.0778,0.0308,-0.0024,0.0124,0.0133,-0.0068,-0.0047,0.0224,0.0195,0.0228,0.0756,0.0286,-0.0046,0.0102,0.0111,-0.009,-0.0069,0.0202,0.0173,-3.132667,-2.766942,0.374689,0.0317,0.0316,-0.0001,0.0086,0.076471,0.0,0.0072,-0.0004,0.000604,-3.122543,-2.738218,0.379396,0.0304,0.032,0.0016,0.0086,0.08227,-0.005747,0.0097,-0.0029,0.00093
1928-01-01,192801,0.0025,0.0047,-0.0334,-0.0057,-0.0188,-0.0039,0.0029,-0.0088,0.027,0.0588,-0.0095,0.0022,-0.0359,-0.0082,-0.0213,-0.0064,0.0004,-0.0113,0.0245,0.0563,-0.012,-3.118894,-2.741324,0.37867,0.0331,0.0321,-0.001,0.0089,0.062601,0.0,-0.0036,0.0063,0.000861,-3.132667,-2.766942,0.374689,0.0317,0.0316,-0.0001,0.0086,0.076471,0.0,0.0072,-0.0004,0.000604
1928-02-01,192802,0.0033,-0.0397,0.0128,-0.0189,-0.0018,-0.0046,-0.003,-0.0112,-0.0344,-0.0077,-0.0201,-0.043,0.0095,-0.0222,-0.0051,-0.0079,-0.0063,-0.0145,-0.0377,-0.011,-0.0234,-3.092631,-2.704291,0.386077,0.0333,0.0318,-0.0015,0.0087,0.055172,-0.011561,0.0061,0.0007,0.000691,-3.118894,-2.741324,0.37867,0.0331,0.0321,-0.001,0.0089,0.062601,0.0,-0.0036,0.0063,0.000861
1928-03-01,192803,0.0029,0.044,0.275,0.0825,0.0562,0.1944,0.0197,0.0847,0.0994,0.0665,0.0599,0.0411,0.2721,0.0796,0.0533,0.1915,0.0168,0.0818,0.0965,0.0636,0.057,-3.18698,-2.788289,0.363255,0.0327,0.0317,-0.001,0.0086,0.054364,0.0,0.0045,-0.0004,0.001381,-3.092631,-2.704291,0.386077,0.0333,0.0318,-0.0015,0.0087,0.055172,-0.011561,0.0061,0.0007,0.000691
1928-04-01,192804,0.0022,-0.0048,0.0146,0.0151,0.1525,0.0223,0.0313,0.0002,0.0235,0.1096,0.0433,-0.007,0.0124,0.0129,0.1503,0.0201,0.0291,-0.002,0.0213,0.1074,0.0411,-3.210431,-2.800832,0.368095,0.0362,0.0319,-0.0043,0.0087,0.049372,0.0,-0.0004,0.0018,0.001488,-3.18698,-2.788289,0.363255,0.0327,0.0317,-0.001,0.0086,0.054364,0.0,0.0045,-0.0004,0.001381
1928-05-01,192805,0.0032,0.009,0.0565,0.0352,-0.0535,0.023,0.0657,0.0381,0.093,0.015,-0.0001,0.0058,0.0533,0.032,-0.0567,0.0198,0.0625,0.0349,0.0898,0.0118,-0.0033,-3.214759,-2.795243,0.354397,0.039,0.0327,-0.0063,0.0093,0.047187,0.005848,-0.0077,-0.0001,0.001899,-3.210431,-2.800832,0.368095,0.0362,0.0319,-0.0043,0.0087,0.049372,0.0,-0.0004,0.0018,0.001488
1928-06-01,192806,0.0031,-0.044,-0.0413,-0.0495,-0.0408,-0.05,-0.0521,-0.034,-0.0312,-0.0344,-0.0444,-0.0471,-0.0444,-0.0526,-0.0439,-0.0531,-0.0552,-0.0371,-0.0343,-0.0375,-0.0475,-3.16511,-2.735254,0.3703,0.0392,0.0326,-0.0066,0.0098,0.050297,-0.005814,0.0041,-0.0065,0.003645,-3.214759,-2.795243,0.354397,0.039,0.0327,-0.0063,0.0093,0.047187,0.005848,-0.0077,-0.0001,0.001899
1928-07-01,192807,0.0032,0.0168,0.0098,0.0199,0.0105,0.0065,-0.0128,0.0545,0.024,-0.0123,-0.0035,0.0136,0.0066,0.0167,0.0073,0.0033,-0.016,0.0513,0.0208,-0.0155,-0.0067,-3.169302,-2.729377,0.360648,0.0412,0.0344,-0.0068,0.0097,0.059377,0.0,-0.0217,0.0207,0.001675,-3.16511,-2.735254,0.3703,0.0392,0.0326,-0.0066,0.0098,0.050297,-0.005814,0.0041,-0.0065,0.003645
1928-08-01,192808,0.0032,0.0611,0.091,0.0868,0.0241,0.0975,0.0455,0.1356,0.1472,0.0648,0.0475,0.0579,0.0878,0.0836,0.0209,0.0943,0.0423,0.1324,0.144,0.0616,0.0443,-3.232747,-2.783671,0.32403,0.0436,0.0341,-0.0095,0.0097,0.057396,0.0,0.0076,0.0007,0.001229,-3.169302,-2.729377,0.360648,0.0412,0.0344,-0.0068,0.0097,0.059377,0.0,-0.0217,0.0207,0.001675
1928-09-01,192809,0.0027,0.0117,0.0789,0.0418,0.0534,0.0067,0.0014,0.0016,-0.0114,0.0379,0.0109,0.009,0.0762,0.0391,0.0507,0.004,-0.0013,-0.0011,-0.0141,0.0352,0.0082,-3.248318,-2.790435,0.328166,0.0457,0.0346,-0.0111,0.0098,0.027977,0.011696,-0.0041,0.0071,0.00065,-3.232747,-2.783671,0.32403,0.0436,0.0341,-0.0095,0.0097,0.057396,0.0,0.0076,0.0007,0.001229
1928-10-01,192810,0.0041,0.009,0.0007,0.0433,0.0204,0.0185,0.0297,0.0589,0.0005,-0.0191,-0.005,0.0049,-0.0034,0.0392,0.0163,0.0144,0.0256,0.0548,-0.0036,-0.0232,-0.0091,-3.25468,-2.787459,0.308931,0.047,0.0336,-0.0134,0.0097,0.034017,-0.00578,0.0158,-0.0075,0.000679,-3.248318,-2.790435,0.328166,0.0457,0.0346,-0.0111,0.0098,0.027977,0.011696,-0.0041,0.0071,0.00065
1928-11-01,192811,0.0038,0.0659,0.0453,0.131,0.1728,0.1956,0.0668,0.1531,0.0505,0.2201,0.1,0.0621,0.0415,0.1272,0.169,0.1918,0.063,0.1493,0.0467,0.2163,0.0962,-3.360085,-2.884377,0.265526,0.0426,0.0338,-0.0088,0.0097,0.03837,0.0,0.0003,-0.0039,0.001523,-3.25468,-2.787459,0.308931,0.047,0.0336,-0.0134,0.0097,0.034017,-0.00578,0.0158,-0.0075,0.000679
1928-12-01,192812,0.0006,-0.0031,-0.0122,0.0314,-0.0436,0.0723,-0.0036,-0.0132,-0.0046,0.0154,0.0039,-0.0037,-0.0128,0.0308,-0.0442,0.0717,-0.0042,-0.0138,-0.0052,0.0148,0.0033,-3.355051,-2.870448,0.259667,0.0426,0.034,-0.0086,0.0099,0.063069,-0.005814,0.0004,0.008,0.004077,-3.360085,-2.884377,0.265526,0.0426,0.0338,-0.0088,0.0097,0.03837,0.0,0.0003,-0.0039,0.001523
1929-01-01,192901,0.0034,0.0322,0.0131,0.1101,-0.0759,0.1046,0.1338,-0.0388,0.0341,0.133,0.0559,0.0288,0.0097,0.1067,-0.0793,0.1012,0.1304,-0.0422,0.0307,0.1296,0.0525,-3.398869,-2.912289,0.245347,0.0466,0.0349,-0.0117,0.0101,0.078449,0.0,-0.009,0.0133,0.001701,-3.355051,-2.870448,0.259667,0.0426,0.034,-0.0086,0.0099,0.063069,-0.005814,0.0004,0.008,0.004077
1929-02-01,192902,0.0036,-0.0254,0.0,0.0342,-0.0017,-0.0113,-0.0115,-0.0241,0.0004,-0.0199,0.0004,-0.029,-0.0036,0.0306,-0.0053,-0.0149,-0.0151,-0.0277,-0.0032,-0.0235,-0.0032,-3.381464,-2.892954,0.245424,0.0439,0.0363,-0.0076,0.01,0.071783,0.0,-0.0157,0.0187,0.00267,-3.398869,-2.912289,0.245347,0.0466,0.0349,-0.0117,0.0101,0.078449,0.0,-0.009,0.0133,0.001701
1929-03-01,192903,0.0034,-0.0466,-0.0188,-0.0184,0.1114,0.0484,0.0432,-0.0513,-0.015,-0.0318,-0.022,-0.05,-0.0222,-0.0218,0.108,0.045,0.0398,-0.0547,-0.0184,-0.0352,-0.0254,-3.367688,-2.876601,0.2723,0.046,0.0377,-0.0083,0.0109,0.079805,-0.005848,-0.0144,0.0057,0.003611,-3.381464,-2.892954,0.245424,0.0439,0.0363,-0.0076,0.01,0.071783,0.0,-0.0157,0.0187,0.00267
1929-04-01,192904,0.0036,0.0178,-0.0098,0.023,0.0074,0.0178,0.0339,0.0376,0.0148,0.0502,0.0073,0.0142,-0.0134,0.0194,0.0038,0.0142,0.0303,0.034,0.0112,0.0466,0.0037,-3.37232,-2.879407,0.263397,0.048,0.0358,-0.0122,0.0111,0.099323,-0.005882,0.0275,-0.0256,0.002304,-3.367688,-2.876601,0.2723,0.046,0.0377,-0.0083,0.0109,0.079805,-0.005848,-0.0144,0.0057,0.003611
1929-05-01,192905,0.0044,-0.0394,-0.1516,-0.0979,-0.0559,0.0034,-0.0877,-0.0867,-0.0789,0.0468,-0.0029,-0.0438,-0.156,-0.1023,-0.0603,-0.001,-0.0921,-0.0911,-0.0833,0.0424,-0.0073,-3.317413,-2.822717,0.282775,0.0509,0.0373,-0.0136,0.011,0.117987,0.005917,-0.0162,0.0207,0.00476,-3.37232,-2.879407,0.263397,0.048,0.0358,-0.0122,0.0111,0.099323,-0.005882,0.0275,-0.0256,0.002304
1929-06-01,192906,0.0052,0.0533,0.0701,0.1328,0.0114,0.1721,0.138,0.0951,0.0453,0.2348,0.058,0.0481,0.0649,0.1276,0.0062,0.1669,0.1328,0.0899,0.0401,0.2296,0.0528,-3.412851,-2.916414,0.253581,0.048,0.0367,-0.0113,0.0117,0.116197,0.005882,0.011,-0.0156,0.00134,-3.317413,-2.822717,0.282775,0.0509,0.0373,-0.0136,0.011,0.117987,0.005917,-0.0162,0.0207,0.00476
1929-07-01,192907,0.0033,0.0322,-0.0297,0.0424,0.0017,0.0924,0.1368,0.0104,0.026,0.0917,0.0658,0.0289,-0.033,0.0391,-0.0016,0.0891,0.1335,0.0071,0.0227,0.0884,0.0625,-3.446531,-2.948394,0.241875,0.0455,0.0369,-0.0086,0.0118,0.110688,0.011696,0.0,0.002,0.001282,-3.412851,-2.916414,0.253581,0.048,0.0367,-0.0113,0.0117,0.116197,0.005882,0.011,-0.0156,0.00134
1929-08-01,192908,0.004,0.0476,0.0303,0.0938,0.1137,0.1254,0.1098,0.0782,0.0313,0.0901,0.0767,0.0436,0.0263,0.0898,0.1097,0.1214,0.1058,0.0742,0.0273,0.0861,0.0727,-3.529203,-3.029405,0.221124,0.047,0.0375,-0.0095,0.0125,0.115277,0.0,-0.0034,0.0054,0.003382,-3.446531,-2.948394,0.241875,0.0455,0.0369,-0.0086,0.0118,0.110688,0.011696,0.0,0.002,0.001282
1929-09-01,192909,0.0035,-0.0356,-0.0837,-0.0718,-0.0304,-0.0756,-0.0138,-0.0548,-0.0704,0.0092,-0.0631,-0.0391,-0.0872,-0.0753,-0.0339,-0.0791,-0.0173,-0.0583,-0.0739,0.0057,-0.0666,-3.468392,-2.966972,0.244868,0.0458,0.0375,-0.0083,0.0132,0.12139,0.0,0.0027,0.0007,0.003392,-3.529203,-3.029405,0.221124,0.047,0.0375,-0.0095,0.0125,0.115277,0.0,-0.0034,0.0054,0.003382
1929-10-01,192910,0.0046,-0.1075,-0.2899,-0.1974,-0.1017,-0.2777,-0.1539,-0.24,-0.1804,-0.2972,-0.1207,-0.1121,-0.2945,-0.202,-0.1063,-0.2823,-0.1585,-0.2446,-0.185,-0.3018,-0.1253,-3.235578,-2.731936,0.307484,0.0437,0.0347,-0.009,0.0134,0.159613,0.0,0.0382,-0.0309,0.053508,-3.468392,-2.966972,0.244868,0.0458,0.0375,-0.0083,0.0132,0.12139,0.0,0.0027,0.0007,0.003392
1929-11-01,192911,0.0037,-0.0845,-0.1735,-0.1403,-0.0639,-0.1924,-0.0947,-0.1233,-0.0785,-0.1537,-0.0943,-0.0882,-0.1772,-0.144,-0.0676,-0.1961,-0.0984,-0.127,-0.0822,-0.1574,-0.098,-3.081528,-2.576343,0.351956,0.0347,0.0331,-0.0016,0.0127,0.177041,0.0,0.0236,-0.0254,0.036449,-3.235578,-2.731936,0.307484,0.0437,0.0347,-0.009,0.0134,0.159613,0.0,0.0382,-0.0309,0.053508
1929-12-01,192912,0.0037,0.0066,0.0492,0.0149,-0.0117,0.108,0.0106,-0.0605,0.0109,0.0816,-0.0074,0.0029,0.0455,0.0112,-0.0154,0.1043,0.0069,-0.0642,0.0072,0.0779,-0.0111,-3.096184,-2.58949,0.338458,0.0303,0.034,0.0037,0.0128,0.163522,-0.00578,-0.0089,0.0281,0.010215,-3.081528,-2.576343,0.351956,0.0347,0.0331,-0.0016,0.0127,0.177041,0.0,0.0236,-0.0254,0.036449
1930-01-01,193001,0.0014,0.0577,0.0596,0.0691,-0.0075,0.1061,0.012,0.0474,0.0255,0.0851,0.0513,0.0563,0.0582,0.0677,-0.0089,0.1047,0.0106,0.046,0.0241,0.0837,0.0499,-3.155957,-2.683561,0.314816,0.0339,0.0347,0.0008,0.0126,0.153316,-0.005814,-0.0057,0.0116,0.001433,-3.096184,-2.58949,0.338458,0.0303,0.034,0.0037,0.0128,0.163522,-0.00578,-0.0089,0.0281,0.010215
1930-02-01,193002,0.003,0.0219,0.0244,0.0214,-0.0451,0.0775,0.0706,-0.0514,0.0229,0.0865,0.0327,0.0189,0.0214,0.0184,-0.0481,0.0745,0.0676,-0.0544,0.0199,0.0835,0.0297,-3.176303,-2.740132,0.310206,0.0336,0.0339,0.0003,0.012,0.159257,-0.005848,0.0129,-0.0057,0.001725,-3.155957,-2.683561,0.314816,0.0339,0.0347,0.0008,0.0126,0.153316,-0.005814,-0.0057,0.0116,0.001433
1930-03-01,193003,0.0035,0.0213,0.1137,0.0688,0.1807,0.0815,0.0888,-0.0245,0.0637,0.0985,0.0473,0.0178,0.1102,0.0653,0.1772,0.078,0.0853,-0.028,0.0602,0.095,0.0438,-3.252345,-2.852897,0.319119,0.0295,0.0335,0.004,0.0111,0.145497,-0.005882,0.0083,0.0055,0.001504,-3.176303,-2.740132,0.310206,0.0336,0.0339,0.0003,0.012,0.159257,-0.005848,0.0129,-0.0057,0.001725
1930-04-01,193004,0.0021,0.0054,-0.0783,-0.0739,0.0646,0.0197,-0.0452,0.0263,-0.0127,0.0331,-0.0639,0.0033,-0.0804,-0.076,0.0625,0.0176,-0.0473,0.0242,-0.0148,0.031,-0.066,-3.241931,-2.880541,0.326971,0.03,0.0338,0.0038,0.011,0.129682,0.005917,-0.0016,0.01,0.001934,-3.252345,-2.852897,0.319119,0.0295,0.0335,0.004,0.0111,0.145497,-0.005882,0.0083,0.0055,0.001504
1930-05-01,193005,0.0026,0.0134,0.042,-0.0179,-0.0373,-0.044,0.004,-0.0017,-0.0152,-0.0128,-0.01,0.0108,0.0394,-0.0205,-0.0399,-0.0466,0.0014,-0.0043,-0.0178,-0.0154,-0.0126,-3.224404,-2.903359,0.331916,0.0241,0.0329,0.0088,0.0112,0.124928,-0.005882,0.0139,-0.0082,0.004693,-3.241931,-2.880541,0.326971,0.03,0.0338,0.0038,0.011,0.129682,0.005917,-0.0016,0.01,0.001934
1930-06-01,193006,0.0027,-0.1106,-0.2235,-0.1613,-0.1551,-0.1975,-0.0832,-0.1629,-0.1193,-0.193,-0.1188,-0.1133,-0.2262,-0.164,-0.1578,-0.2002,-0.0859,-0.1656,-0.122,-0.1957,-0.1215,-3.04379,-2.76383,0.403375,0.0189,0.0328,0.0139,0.0121,0.131003,-0.005917,0.0051,0.0059,0.014448,-3.224404,-2.903359,0.331916,0.0241,0.0329,0.0088,0.0112,0.124928,-0.005882,0.0139,-0.0082,0.004693
1930-07-01,193007,0.002,0.0313,0.1211,0.0475,0.0519,0.0407,0.0127,0.0269,0.0652,0.0408,0.0342,0.0293,0.1191,0.0455,0.0499,0.0387,0.0107,0.0249,0.0632,0.0388,0.0322,-3.07897,-2.841784,0.390188,0.0183,0.0327,0.0144,0.0125,0.140552,-0.011905,0.0034,0.0022,0.00492,-3.04379,-2.76383,0.403375,0.0189,0.0328,0.0139,0.0121,0.131003,-0.005917,0.0051,0.0059,0.014448
1930-08-01,193008,0.0009,0.0201,-0.0189,-0.0006,-0.0315,0.0221,0.0174,0.0499,0.0777,0.0119,-0.0038,0.0192,-0.0198,-0.0015,-0.0324,0.0212,0.0165,0.049,0.0768,0.011,-0.0047,-3.085564,-2.893934,0.379752,0.0153,0.0328,0.0175,0.0126,0.121496,-0.006024,0.0013,0.0123,0.00405,-3.07897,-2.841784,0.390188,0.0183,0.0327,0.0144,0.0125,0.140552,-0.011905,0.0034,0.0022,0.00492
1930-09-01,193009,0.0022,-0.0891,-0.1681,-0.1444,-0.1552,-0.1831,-0.053,-0.1094,-0.0875,-0.1194,-0.106,-0.0913,-0.1703,-0.1466,-0.1574,-0.1853,-0.0552,-0.1116,-0.0897,-0.1216,-0.1082,-2.945381,-2.800406,0.445583,0.0177,0.0324,0.0147,0.0123,0.127202,0.006061,0.0074,0.0034,0.003738,-3.085564,-2.893934,0.379752,0.0153,0.0328,0.0175,0.0126,0.121496,-0.006024,0.0013,0.0123,0.00405
1930-10-01,193010,0.0009,-0.0498,-0.1164,-0.0961,-0.0843,-0.1735,-0.0412,-0.0863,-0.0437,-0.0829,-0.0845,-0.0507,-0.1173,-0.097,-0.0852,-0.1744,-0.0421,-0.0872,-0.0446,-0.0838,-0.0854,-2.851617,-2.755498,0.497955,0.0174,0.0324,0.015,0.0152,0.129491,-0.006024,0.0035,0.0019,0.012877,-2.945381,-2.800406,0.445583,0.0177,0.0324,0.0147,0.0123,0.127202,0.006061,0.0074,0.0034,0.003738
1930-11-01,193011,0.0013,0.0018,0.0533,-0.0034,-0.0374,-0.0324,-0.0327,0.0278,-0.0311,-0.0876,-0.0517,0.0005,0.052,-0.0047,-0.0387,-0.0337,-0.034,0.0265,-0.0324,-0.0889,-0.053,-2.828613,-2.784854,0.504671,0.014,0.0322,0.0182,0.0178,0.137753,-0.006061,0.0042,-0.0054,0.00716,-2.851617,-2.755498,0.497955,0.0174,0.0324,0.015,0.0152,0.129491,-0.006024,0.0035,0.0019,0.012877
1930-12-01,193012,0.0014,-0.0462,-0.0127,-0.0825,-0.1252,-0.1078,-0.0379,-0.1345,-0.0692,-0.0368,-0.0889,-0.0476,-0.0141,-0.0839,-0.1266,-0.1092,-0.0393,-0.1359,-0.0706,-0.0382,-0.0903,-2.750667,-2.760923,0.554745,0.0148,0.033,0.0182,0.0219,0.113887,-0.018293,-0.007,-0.002,0.008166,-2.828613,-2.784854,0.504671,0.014,0.0322,0.0182,0.0178,0.137753,-0.006061,0.0042,-0.0054,0.00716
1931-01-01,193101,0.0015,0.0538,0.0802,0.0352,0.0586,0.0525,0.0479,0.072,0.0824,0.0561,0.1196,0.0523,0.0787,0.0337,0.0571,0.051,0.0464,0.0705,0.0809,0.0546,0.1181,-2.812065,-2.840073,0.539152,0.0124,0.0343,0.0219,0.0199,0.089721,-0.012422,-0.0121,0.0324,0.005224,-2.750667,-2.760923,0.554745,0.0148,0.033,0.0182,0.0219,0.113887,-0.018293,-0.007,-0.002,0.008166
1931-02-01,193102,0.0004,0.0681,0.1742,0.1292,0.0597,0.2238,0.0595,0.148,0.0783,0.1531,0.0549,0.0677,0.1738,0.1288,0.0593,0.2234,0.0591,0.1476,0.0779,0.1527,0.0545,-2.934301,-2.980786,0.479668,0.0106,0.0338,0.0232,0.0195,0.082542,-0.012579,0.0085,-0.0017,0.002885,-2.812065,-2.840073,0.539152,0.0124,0.0343,0.0219,0.0199,0.089721,-0.012422,-0.0121,0.0324,0.005224
1931-03-01,193103,0.0013,-0.0171,-0.0382,-0.0699,-0.1455,-0.078,-0.0361,-0.0335,0.0179,-0.0286,-0.0938,-0.0184,-0.0395,-0.0712,-0.1468,-0.0793,-0.0374,-0.0348,0.0166,-0.0299,-0.0951,-2.876685,-2.942643,0.529125,0.0138,0.0332,0.0194,0.0205,0.073979,-0.006369,0.0104,-0.001,0.004169,-2.934301,-2.980786,0.479668,0.0106,0.0338,0.0232,0.0195,0.082542,-0.012579,0.0085,-0.0017,0.002885
1931-04-01,193104,0.0008,-0.0532,-0.0788,-0.1403,-0.1378,-0.1306,-0.0425,-0.0483,-0.0362,-0.0904,-0.1001,-0.054,-0.0796,-0.1411,-0.1386,-0.1314,-0.0433,-0.0491,-0.037,-0.0912,-0.1009,-2.790158,-2.876551,0.603214,0.0149,0.0327,0.0178,0.0232,0.07778,-0.00641,0.0086,-0.0019,0.006709,-2.876685,-2.942643,0.529125,0.0138,0.0332,0.0194,0.0205,0.073979,-0.006369,0.0104,-0.001,0.004169
1931-05-01,193105,0.0009,-0.1105,-0.1633,-0.1649,-0.1216,-0.1293,-0.0894,-0.0324,-0.1036,-0.1117,-0.1739,-0.1114,-0.1642,-0.1658,-0.1225,-0.1302,-0.0903,-0.0333,-0.1045,-0.1126,-0.1748,-2.657178,-2.764938,0.709949,0.0088,0.0317,0.0229,0.0278,0.07138,-0.012903,0.0145,-0.0011,0.006911,-2.790158,-2.876551,0.603214,0.0149,0.0327,0.0178,0.0232,0.07778,-0.00641,0.0086,-0.0019,0.006709
1931-06-01,193106,0.0008,0.1078,0.1465,0.174,0.1743,0.1876,0.1032,0.0788,0.0972,0.1093,0.1641,0.107,0.1457,0.1732,0.1735,0.1868,0.1024,0.078,0.0964,0.1085,0.1633,-2.802013,-2.932374,0.607271,0.0055,0.0319,0.0264,0.03,0.063757,-0.013072,0.0004,0.0048,0.023333,-2.657178,-2.764938,0.709949,0.0088,0.0317,0.0229,0.0278,0.07138,-0.012903,0.0145,-0.0011,0.006911
1931-07-01,193107,0.0006,-0.0382,-0.0211,-0.1025,-0.0364,-0.1039,-0.0487,-0.0155,0.0261,-0.0541,-0.0991,-0.0388,-0.0217,-0.1031,-0.037,-0.1045,-0.0493,-0.0161,0.0255,-0.0547,-0.0997,-2.739832,-2.89402,0.67361,0.0041,0.0325,0.0284,0.0272,0.034006,0.0,-0.0042,0.0094,0.007039,-2.802013,-2.932374,0.607271,0.0055,0.0319,0.0264,0.03,0.063757,-0.013072,0.0004,0.0048,0.023333
1931-08-01,193108,0.0003,-0.0062,-0.029,-0.0012,0.0948,0.0372,0.0082,0.0306,0.0039,0.0,-0.0402,-0.0065,-0.0293,-0.0015,0.0945,0.0369,0.0079,0.0303,0.0036,-0.0003,-0.0405,-2.764483,-2.943718,0.654185,0.0042,0.0326,0.0284,0.0307,0.020157,0.0,0.0012,0.0,0.004542,-2.739832,-2.89402,0.67361,0.0041,0.0325,0.0284,0.0272,0.034006,0.0,-0.0042,0.0094,0.007039
1931-09-01,193109,0.0003,-0.2497,-0.3486,-0.3002,-0.3053,-0.3396,-0.217,-0.304,-0.2959,-0.296,-0.2678,-0.25,-0.3489,-0.3005,-0.3056,-0.3399,-0.2173,-0.3043,-0.2962,-0.2963,-0.2681,-2.423979,-2.629831,0.944002,0.0045,0.0353,0.0308,0.0352,0.03037,-0.006623,-0.0281,0.0267,0.023459,-2.764483,-2.943718,0.654185,0.0042,0.0326,0.0284,0.0307,0.020157,0.0,0.0012,0.0,0.004542
1931-10-01,193110,0.001,0.0695,0.1297,0.0612,0.1503,0.1139,0.0434,0.1413,0.1127,0.1048,0.0208,0.0685,0.1287,0.0602,0.1493,0.1129,0.0424,0.1403,0.1117,0.1038,0.0198,-2.520637,-2.754706,0.877176,0.017,0.0385,0.0215,0.0405,0.011269,-0.006667,-0.033,-0.0033,0.042502,-2.423979,-2.629831,0.944002,0.0045,0.0353,0.0308,0.0352,0.03037,-0.006623,-0.0281,0.0267,0.023459
1931-11-01,193111,0.0017,-0.0441,-0.0372,-0.0803,-0.0873,-0.1417,-0.0686,-0.0962,-0.0283,-0.0481,-0.1916,-0.0458,-0.0389,-0.082,-0.089,-0.1434,-0.0703,-0.0979,-0.03,-0.0498,-0.1933,-2.433653,-2.697579,0.971556,0.0177,0.0385,0.0208,0.0399,0.003396,-0.013423,0.0027,-0.0216,0.011435,-2.520637,-2.754706,0.877176,0.017,0.0385,0.0215,0.0405,0.011269,-0.006667,-0.033,-0.0033,0.042502
1931-12-01,193112,0.0012,-0.0976,-0.0879,-0.1541,-0.1896,-0.1359,-0.08,-0.1543,-0.041,-0.1325,-0.1615,-0.0988,-0.0891,-0.1553,-0.1908,-0.1371,-0.0812,-0.1555,-0.0422,-0.1337,-0.1627,-2.292781,-2.588626,1.170732,0.0241,0.0407,0.0166,0.051,-0.012921,-0.006803,-0.022,-0.0066,0.021195,-2.433653,-2.697579,0.971556,0.0177,0.0385,0.0208,0.0399,0.003396,-0.013423,0.0027,-0.0216,0.011435
1932-01-01,193201,0.0023,0.0203,-0.069,-0.0049,-0.0487,-0.1143,-0.0404,0.0099,-0.0266,-0.0253,0.0722,0.018,-0.0713,-0.0072,-0.051,-0.1166,-0.0427,0.0076,-0.0289,-0.0276,0.0699,-2.29715,-2.587651,1.191378,0.0248,0.039,0.0142,0.0393,-0.011577,-0.020548,0.0034,-0.0086,0.017377,-2.292781,-2.588626,1.170732,0.0241,0.0407,0.0166,0.051,-0.012921,-0.006803,-0.022,-0.0066,0.021195
1932-02-01,193202,0.0023,0.0562,0.0202,0.0592,0.0872,0.0629,0.1163,0.0408,0.02,0.0708,-0.0039,0.0539,0.0179,0.0569,0.0849,0.0606,0.114,0.0385,0.0177,0.0685,-0.0062,-2.38071,-2.665483,1.119843,0.0242,0.0367,0.0125,0.0364,-0.015728,-0.013986,0.0413,-0.0651,0.026715,-2.29715,-2.587651,1.191378,0.0248,0.039,0.0142,0.0393,-0.011577,-0.020548,0.0034,-0.0086,0.017377
1932-03-01,193203,0.0016,-0.062,-0.222,-0.1435,-0.0113,-0.1453,-0.1013,-0.0865,-0.065,-0.104,-0.1623,-0.0636,-0.2236,-0.1451,-0.0129,-0.1469,-0.1029,-0.0881,-0.0666,-0.1056,-0.1639,-2.290348,-2.569062,1.185862,0.0225,0.037,0.0145,0.0385,-0.008416,-0.007092,-0.0018,0.0374,0.013409,-2.38071,-2.665483,1.119843,0.0242,0.0367,0.0125,0.0364,-0.015728,-0.013986,0.0413,-0.0651,0.026715
1932-04-01,193204,0.0011,-0.1153,-0.2952,-0.2296,-0.1426,-0.2417,-0.1239,-0.1541,-0.1977,-0.1565,-0.2222,-0.1164,-0.2963,-0.2307,-0.1437,-0.2428,-0.125,-0.1552,-0.1988,-0.1576,-0.2233,-2.10087,-2.373111,1.553728,0.0111,0.0336,0.0225,0.0529,-0.015475,-0.007143,0.0604,-0.078,0.019851,-2.290348,-2.569062,1.185862,0.0225,0.037,0.0145,0.0385,-0.008416,-0.007092,-0.0018,0.0374,0.013409
1932-05-01,193205,0.0006,-0.2112,-0.1879,-0.1822,-0.0529,-0.2862,-0.1081,-0.2937,-0.3477,-0.2729,-0.3065,-0.2118,-0.1885,-0.1828,-0.0535,-0.2868,-0.1087,-0.2943,-0.3483,-0.2735,-0.3071,-1.873246,-2.138513,1.942333,0.0031,0.0349,0.0318,0.0564,-0.034051,-0.014388,-0.0188,0.0295,0.023184,-2.10087,-2.373111,1.553728,0.0111,0.0336,0.0225,0.0529,-0.015475,-0.007143,0.0604,-0.078,0.019851
1932-06-01,193206,0.0002,0.0107,-0.0781,-0.0252,0.0596,0.0692,-0.0971,-0.0042,0.1087,0.0146,-0.0156,0.0105,-0.0783,-0.0254,0.0594,0.069,-0.0973,-0.0044,0.1085,0.0144,-0.0158,-1.903915,-2.161744,2.028478,0.0034,0.0347,0.0313,0.0559,-0.040688,-0.007299,0.0065,-0.0074,0.034303,-1.873246,-2.138513,1.942333,0.0031,0.0349,0.0318,0.0564,-0.034051,-0.014388,-0.0188,0.0295,0.023184
1932-07-01,193207,0.0003,0.2477,0.4498,0.4185,0.3393,0.442,0.167,0.2715,0.2921,0.2942,0.5588,0.2474,0.4495,0.4182,0.339,0.4417,0.1667,0.2712,0.2918,0.2939,0.5585,-2.2651,-2.514927,1.612544,0.0022,0.032,0.0298,0.0553,-0.029176,0.0,0.0481,-0.0438,0.020111,-1.903915,-2.161744,2.028478,0.0034,0.0347,0.0313,0.0559,-0.040688,-0.007299,0.0065,-0.0074,0.034303
1932-08-01,193208,0.0003,0.2285,0.4544,0.4646,0.1954,0.4567,0.2817,0.3309,0.3614,0.4355,0.5875,0.2282,0.4541,0.4643,0.1951,0.4564,0.2814,0.3306,0.3611,0.4352,0.5872,-2.626761,-2.867908,1.187808,0.0014,0.0321,0.0307,0.0331,-0.015064,-0.007353,0.0003,0.0433,0.040019,-2.2651,-2.514927,1.612544,0.0022,0.032,0.0298,0.0553,-0.029176,0.0,0.0481,-0.0438,0.020111
1932-09-01,193209,0.0003,-0.0096,0.0852,-0.0245,-0.104,-0.056,0.0031,0.03,-0.1193,-0.0465,-0.042,-0.0099,0.0849,-0.0248,-0.1043,-0.0563,0.0028,0.0297,-0.1196,-0.0468,-0.0423,-2.634119,-2.865921,1.214366,0.0003,0.0319,0.0316,0.0291,0.000704,-0.007407,0.0057,0.0244,0.043299,-2.626761,-2.867908,1.187808,0.0014,0.0321,0.0307,0.0331,-0.015064,-0.007353,0.0003,0.0433,0.040019
1932-10-01,193210,0.0002,-0.1142,-0.2476,-0.1584,-0.0376,-0.1904,-0.0813,-0.1268,-0.1856,-0.1083,-0.18,-0.1144,-0.2478,-0.1586,-0.0378,-0.1906,-0.0815,-0.127,-0.1858,-0.1085,-0.1802,-2.532034,-2.753688,1.403877,0.0001,0.0322,0.0321,0.0323,-0.002874,-0.007463,-0.0017,0.0091,0.035645,-2.634119,-2.865921,1.214366,0.0003,0.0319,0.0316,0.0291,0.000704,-0.007407,0.0057,0.0244,0.043299
1932-11-01,193211,0.0002,-0.0719,-0.0293,-0.1032,-0.0456,-0.0825,-0.0113,-0.056,0.0533,-0.0362,-0.0692,-0.0721,-0.0295,-0.1034,-0.0458,-0.0827,-0.0115,-0.0562,0.0531,-0.0364,-0.0694,-2.520589,-2.731139,1.542147,0.0001,0.0322,0.0321,0.0361,-0.003322,-0.007519,0.0032,0.0041,0.023317,-2.532034,-2.753688,1.403877,0.0001,0.0322,0.0321,0.0323,-0.002874,-0.007463,-0.0017,0.0091,0.035645
1932-12-01,193212,0.0001,0.0378,0.0433,0.0329,0.0012,0.0741,0.0368,0.0488,0.0678,0.0915,0.0491,0.0377,0.0432,0.0328,0.0011,0.074,0.0367,0.0487,0.0677,0.0914,0.049,-2.623218,-2.821669,1.442084,0.0004,0.0315,0.0311,0.0383,-0.005032,-0.007576,0.0131,0.0008,0.010223,-2.520589,-2.731139,1.542147,0.0001,0.0322,0.0321,0.0361,-0.003322,-0.007519,0.0032,0.0041,0.023317
1933-01-01,193301,0.0001,0.0463,0.0091,0.0342,-0.0293,0.0141,0.0031,-0.0234,-0.0114,-0.044,0.0853,0.0462,0.009,0.0341,-0.0294,0.014,0.003,-0.0235,-0.0115,-0.0441,0.0852,-2.640499,-2.822821,1.426929,0.0007,0.0308,0.0301,0.0357,-0.006491,-0.015267,0.0148,0.0399,0.005917,-2.623218,-2.821669,1.442084,0.0004,0.0315,0.0311,0.0383,-0.005032,-0.007576,0.0131,0.0008,0.010223
1933-02-01,193302,-0.0003,-0.0906,-0.2466,-0.1754,-0.1334,-0.201,-0.0777,-0.1813,-0.1096,-0.1991,-0.1644,-0.0903,-0.2463,-0.1751,-0.1331,-0.2007,-0.0774,-0.181,-0.1093,-0.1988,-0.1641,-2.446774,-2.612901,1.69099,0.0001,0.0325,0.0324,0.0389,-0.005819,-0.015504,-0.0258,-0.0265,0.015667,-2.640499,-2.822821,1.426929,0.0007,0.0308,0.0301,0.0357,-0.006491,-0.015267,0.0148,0.0399,0.005917
1933-03-01,193303,0.0004,0.1033,0.0915,0.1119,0.0379,0.0738,-0.062,0.085,-0.0321,-0.1305,0.0365,0.1029,0.0911,0.1115,0.0375,0.0734,-0.0624,0.0846,-0.0325,-0.1309,0.0361,-2.490048,-2.639912,1.476534,0.0134,0.0321,0.0187,0.0423,-0.021885,-0.007874,0.0097,-0.005,0.037454,-2.446774,-2.612901,1.69099,0.0001,0.0325,0.0324,0.0389,-0.005819,-0.015504,-0.0258,-0.0265,0.015667
1933-04-01,193304,0.001,0.3424,0.7979,0.5808,0.3936,0.5181,0.1322,0.4245,0.3714,0.2569,0.309,0.3414,0.7969,0.5798,0.3926,0.5171,0.1312,0.4235,0.3704,0.2559,0.308,-2.852631,-2.986163,1.119015,0.0045,0.0325,0.028,0.0434,-0.00637,0.0,-0.0032,-0.0063,0.029151,-2.490048,-2.639912,1.476534,0.0134,0.0321,0.0187,0.0423,-0.021885,-0.007874,0.0097,-0.005,0.037454
1933-05-01,193305,0.0004,0.1268,0.2603,0.2604,0.1748,0.1983,0.1737,0.1728,0.2366,0.193,0.3156,0.1264,0.2599,0.26,0.1744,0.1979,0.1733,0.1724,0.2362,0.1926,0.3152,-3.010362,-3.127487,0.928385,0.0029,0.0308,0.0279,0.0311,-0.003002,0.0,0.0303,0.0285,0.011964,-2.852631,-2.986163,1.119015,0.0045,0.0325,0.028,0.0434,-0.00637,0.0,-0.0032,-0.0063,0.029151
1933-06-01,193306,0.0002,0.1043,0.2079,0.1228,0.1218,0.1082,0.105,0.1592,0.1039,0.1559,0.1455,0.1041,0.2077,0.1226,0.1216,0.108,0.1048,0.159,0.1037,0.1557,0.1453,-3.144702,-3.245346,0.833503,0.0007,0.0306,0.0299,0.0261,0.00076,0.007937,0.005,0.014,0.019819,-3.010362,-3.127487,0.928385,0.0029,0.0308,0.0279,0.0311,-0.003002,0.0,0.0303,0.0285,0.011964
1933-07-01,193307,0.0002,-0.0662,-0.0706,-0.1137,-0.1205,-0.1107,-0.0436,-0.1346,-0.1911,-0.1349,-0.0666,-0.0664,-0.0708,-0.1139,-0.1207,-0.1109,-0.0438,-0.1348,-0.1913,-0.1351,-0.0668,-3.06329,-3.147374,0.901179,0.0019,0.0309,0.029,0.0226,0.002713,0.031496,-0.0017,0.0178,0.032868,-3.144702,-3.245346,0.833503,0.0007,0.0306,0.0299,0.0261,0.00076,0.007937,0.005,0.014,0.019819
1933-08-01,193308,0.0003,0.0987,0.2094,0.1622,0.1908,0.1289,0.0453,0.0712,-0.0042,-0.0124,0.1461,0.0984,0.2091,0.1619,0.1905,0.1286,0.045,0.0709,-0.0045,-0.0127,0.1458,-3.182573,-3.250014,0.79875,0.0001,0.0308,0.0307,0.0247,0.002147,0.007634,0.0044,0.0049,0.011879,-3.06329,-3.147374,0.901179,0.0019,0.0309,0.029,0.0226,0.002713,0.031496,-0.0017,0.0178,0.032868
1933-09-01,193309,0.0002,-0.0749,-0.1541,-0.1015,-0.0269,-0.1716,-0.037,-0.0879,-0.0134,-0.1976,-0.1643,-0.0751,-0.1543,-0.1017,-0.0271,-0.1718,-0.0372,-0.0881,-0.0136,-0.1978,-0.1645,-3.072897,-3.123612,0.867997,0.0004,0.0308,0.0304,0.0291,-0.000459,0.0,0.0023,-0.0037,0.01425,-3.182573,-3.250014,0.79875,0.0001,0.0308,0.0307,0.0247,0.002147,0.007634,0.0044,0.0049,0.011879
1933-10-01,193310,0.0001,-0.0912,-0.1006,-0.0813,-0.0485,-0.0973,-0.0718,-0.0784,-0.0603,-0.0752,-0.1143,-0.0913,-0.1007,-0.0814,-0.0486,-0.0974,-0.0719,-0.0785,-0.0604,-0.0753,-0.1144,-2.991278,-3.025179,0.927858,0.0009,0.0315,0.0306,0.0315,0.003462,0.0,-0.0091,0.0131,0.027676,-3.072897,-3.123612,0.867997,0.0004,0.0308,0.0304,0.0291,-0.000459,0.0,0.0023,-0.0037,0.01425
1933-11-01,193311,0.0002,0.0521,0.2548,0.13,0.1471,0.1294,0.0563,0.1447,0.0945,-0.0244,0.0539,0.0519,0.2546,0.1298,0.1469,0.1292,0.0561,0.1445,0.0943,-0.0246,0.0537,-3.100194,-3.117191,0.833503,0.0022,0.0327,0.0305,0.0344,0.005923,0.0,-0.0149,-0.0099,0.009582,-2.991278,-3.025179,0.927858,0.0009,0.0315,0.0306,0.0315,0.003462,0.0,-0.0091,0.0131,0.027676
1933-12-01,193312,0.0002,-0.0342,0.1045,0.0468,-0.0121,0.0139,-0.038,0.0449,-0.1178,0.0106,0.0471,-0.0344,0.1043,0.0466,-0.0123,0.0137,-0.0382,0.0447,-0.118,0.0104,0.0469,-3.133516,-3.133516,0.829026,0.0029,0.0336,0.0307,0.0325,0.006195,0.0,-0.0113,0.037,0.005591,-3.100194,-3.117191,0.833503,0.0022,0.0327,0.0305,0.0344,0.005923,0.0,-0.0149,-0.0099,0.009582
1934-01-01,193401,0.0005,0.1006,0.1322,0.111,0.0872,0.1608,0.0597,0.1743,0.1679,0.2054,0.1871,0.1001,0.1317,0.1105,0.0867,0.1603,0.0592,0.1738,0.1674,0.2049,0.1866,-3.232396,-3.224712,0.762917,0.0072,0.0321,0.0249,0.0266,0.003558,0.0,0.0257,0.0,0.006639,-3.133516,-3.133516,0.829026,0.0029,0.0336,0.0307,0.0325,0.006195,0.0,-0.0113,0.037,0.005591
1934-02-01,193402,0.0002,-0.0504,-0.0207,-0.0316,-0.0339,-0.0631,0.0212,0.0307,-0.036,-0.0175,-0.019,-0.0506,-0.0209,-0.0318,-0.0341,-0.0633,0.021,0.0305,-0.0362,-0.0177,-0.0192,-3.19296,-3.178128,0.790644,0.0062,0.0317,0.0255,0.0207,0.005595,0.007576,0.0081,0.0065,0.005567,-3.232396,-3.224712,0.762917,0.0072,0.0321,0.0249,0.0266,0.003558,0.0,0.0257,0.0,0.006639
1934-03-01,193403,0.0002,0.0117,-0.003,-0.0125,-0.0133,0.0318,0.0126,0.024,-0.0064,-0.0181,0.0081,0.0115,-0.0032,-0.0127,-0.0135,0.0316,0.0124,0.0238,-0.0066,-0.0183,0.0079,-3.190221,-3.167873,0.802512,0.0024,0.0307,0.0283,0.0213,0.009606,0.0,0.0197,-0.001,0.006373,-3.19296,-3.178128,0.790644,0.0062,0.0317,0.0255,0.0207,0.005595,0.007576,0.0081,0.0065,0.005567
1934-04-01,193404,0.0001,0.0308,-0.0685,-0.0269,-0.0199,-0.0233,-0.0125,-0.0124,0.08,-0.0376,-0.0161,0.0307,-0.0686,-0.027,-0.02,-0.0234,-0.0126,-0.0125,0.0799,-0.0377,-0.0162,-3.161067,-3.131287,0.801075,0.0015,0.03,0.0285,0.0194,0.007829,0.0,0.0126,-0.0022,0.001899,-3.190221,-3.167873,0.802512,0.0024,0.0307,0.0283,0.0213,0.009606,0.0,0.0197,-0.001,0.006373
1934-05-01,193405,0.0001,-0.0299,-0.1282,-0.1011,-0.0462,-0.0661,-0.043,-0.0797,-0.0034,-0.0779,-0.0741,-0.03,-0.1283,-0.1012,-0.0463,-0.0662,-0.0431,-0.0798,-0.0035,-0.078,-0.0742,-3.074285,-3.037595,0.856383,0.0016,0.0292,0.0276,0.0204,0.007652,0.0,0.0131,-0.0041,0.007363,-3.161067,-3.131287,0.801075,0.0015,0.03,0.0285,0.0194,0.007829,0.0,0.0126,-0.0022,0.001899
1934-06-01,193406,0.0001,0.0386,-0.0275,0.0425,0.012,0.0279,0.0127,0.0242,0.0203,0.0432,0.0313,0.0385,-0.0276,0.0424,0.0119,0.0278,0.0126,0.0241,0.0202,0.0431,0.0312,-3.093083,-3.04912,0.840731,0.0015,0.0289,0.0274,0.0213,0.005983,0.007519,0.0067,0.0091,0.006895,-3.074285,-3.037595,0.856383,0.0016,0.0292,0.0276,0.0204,0.007652,0.0,0.0131,-0.0041,0.007363
1934-07-01,193407,0.0001,-0.0512,-0.1384,-0.1157,-0.0974,-0.1189,-0.0435,-0.0836,-0.019,-0.1726,-0.1749,-0.0513,-0.1385,-0.1158,-0.0975,-0.119,-0.0436,-0.0837,-0.0191,-0.1727,-0.175,-2.968906,-2.917748,0.914253,0.0015,0.0288,0.0273,0.0224,0.002908,0.0,0.004,0.0007,0.011531,-3.093083,-3.04912,0.840731,0.0015,0.0289,0.0274,0.0213,0.005983,0.007519,0.0067,0.0091,0.006895
1934-08-01,193408,0.0001,0.0423,0.1089,0.0751,0.0611,0.066,0.0256,0.0471,-0.0307,0.0203,0.0453,0.0422,0.1088,0.075,0.061,0.0659,0.0255,0.047,-0.0308,0.0202,0.0452,-3.019622,-2.96178,0.866896,0.0019,0.0299,0.028,0.0256,0.019957,0.0,-0.0118,0.0165,0.006501,-2.968906,-2.917748,0.914253,0.0015,0.0288,0.0273,0.0224,0.002908,0.0,0.004,0.0007,0.011531
1934-09-01,193409,0.0001,0.0025,0.0068,-0.0112,-0.0232,-0.0031,0.0179,0.0256,0.0082,0.0161,-0.0033,0.0024,0.0067,-0.0113,-0.0233,-0.0032,0.0178,0.0255,0.0081,0.016,-0.0034,-3.012353,-2.947466,0.870364,0.0021,0.031,0.0289,0.0261,0.019439,0.014925,-0.0146,0.0085,0.004831,-3.019622,-2.96178,0.866896,0.0019,0.0299,0.028,0.0256,0.019957,0.0,-0.0118,0.0165,0.006501
1934-10-01,193410,0.0001,0.0061,-0.0209,-0.0042,-0.0468,-0.0093,-0.0144,0.0162,-0.0071,-0.076,-0.0222,0.006,-0.021,-0.0043,-0.0469,-0.0094,-0.0145,0.0161,-0.0072,-0.0761,-0.0223,-2.97818,-2.906321,0.862254,0.0027,0.03,0.0273,0.025,0.023897,-0.007353,0.0182,-0.008,0.004358,-3.012353,-2.947466,0.870364,0.0021,0.031,0.0289,0.0261,0.019439,0.014925,-0.0146,0.0085,0.004831
1934-11-01,193411,0.0001,0.0851,0.1767,0.126,0.0702,0.1354,-0.0173,0.097,0.0406,-0.0029,0.0565,0.085,0.1766,0.1259,0.0701,0.1353,-0.0174,0.0969,0.0405,-0.003,0.0564,-3.055781,-2.977452,0.782009,0.0025,0.0299,0.0274,0.0251,0.020711,0.0,0.0037,0.0092,0.002025,-2.97818,-2.906321,0.862254,0.0027,0.03,0.0273,0.025,0.023897,-0.007353,0.0182,-0.008,0.004358
1934-12-01,193412,0.0001,-0.0094,0.0356,0.0221,0.0068,0.0369,-0.006,-0.0104,0.0061,-0.0864,-0.0013,-0.0095,0.0355,0.022,0.0067,0.0368,-0.0061,-0.0105,0.006,-0.0865,-0.0014,-3.049799,-2.964642,0.773741,0.0023,0.0293,0.027,0.0242,0.020813,-0.007407,0.0112,-0.0011,0.002609,-3.055781,-2.977452,0.782009,0.0025,0.0299,0.0274,0.0251,0.020711,0.0,0.0037,0.0092,0.002025
1935-01-01,193501,0.0001,-0.014,-0.0884,-0.024,-0.0437,0.0112,-0.0046,-0.0538,-0.0086,-0.0317,-0.0673,-0.0141,-0.0885,-0.0241,-0.0438,0.0111,-0.0047,-0.0539,-0.0087,-0.0318,-0.0674,-3.006782,-2.770393,0.791622,0.002,0.0281,0.0261,0.0221,0.020997,0.014925,0.0182,0.0029,0.002214,-3.049799,-2.964642,0.773741,0.0023,0.0293,0.027,0.0242,0.020813,-0.007407,0.0112,-0.0011,0.002609
1935-02-01,193502,0.0002,0.016,-0.035,-0.0181,-0.0338,0.002,0.0104,-0.0066,0.043,-0.1219,-0.0475,0.0158,-0.0352,-0.0183,-0.034,0.0018,0.0102,-0.0068,0.0428,-0.1221,-0.0477,-2.966418,-2.598693,0.786286,0.0019,0.0275,0.0256,0.0226,0.014709,0.007353,0.0092,0.0049,0.00328,-3.006782,-2.770393,0.791622,0.002,0.0281,0.0261,0.0221,0.020997,0.014925,0.0182,0.0029,0.002214
1935-03-01,193503,0.0001,-0.0487,-0.0582,-0.0486,-0.0382,-0.0413,-0.0072,-0.0436,-0.0314,0.1236,-0.0543,-0.0488,-0.0583,-0.0487,-0.0383,-0.0414,-0.0073,-0.0437,-0.0315,0.1235,-0.0544,-2.935038,-2.451241,0.800754,0.0015,0.0274,0.0259,0.0253,0.012046,0.0,0.0041,0.0002,0.003973,-2.966418,-2.598693,0.786286,0.0019,0.0275,0.0256,0.0226,0.014709,0.007353,0.0092,0.0049,0.00328
1935-04-01,193504,0.0001,0.0599,0.0572,0.0904,0.1549,0.1024,0.0913,0.0692,0.0318,0.1115,0.0877,0.0598,0.0571,0.0903,0.1548,0.1023,0.0912,0.0691,0.0317,0.1114,0.0876,-3.033803,-2.506694,0.737323,0.0015,0.0269,0.0254,0.0247,0.019094,0.007299,0.0079,0.0033,0.003162,-2.935038,-2.451241,0.800754,0.0015,0.0274,0.0259,0.0253,0.012046,0.0,0.0041,0.0002,0.003973
1935-05-01,193505,0.0001,0.0108,0.0292,0.0186,0.035,0.0264,0.0838,0.0255,-0.0408,0.1377,0.0391,0.0107,0.0291,0.0185,0.0349,0.0263,0.0837,0.0254,-0.0409,0.1376,0.039,-3.073112,-2.503875,0.729393,0.0015,0.0276,0.0261,0.0229,0.019298,0.0,-0.0057,0.0099,0.002878,-3.033803,-2.506694,0.737323,0.0015,0.0269,0.0254,0.0247,0.019094,0.007299,0.0079,0.0033,0.003162
1935-06-01,193506,0.0001,0.0551,0.0978,0.0651,0.015,0.0835,0.0532,0.0626,0.0408,0.0913,0.0637,0.055,0.0977,0.065,0.0149,0.0834,0.0531,0.0625,0.0407,0.0912,0.0636,-3.146305,-2.536046,0.681818,0.0015,0.027,0.0255,0.0216,0.019344,-0.007246,0.0092,0.002,0.00281,-3.073112,-2.503875,0.729393,0.0015,0.0276,0.0261,0.0229,0.019298,0.0,-0.0057,0.0099,0.002878
1935-07-01,193507,0.0001,0.0314,0.1909,0.1061,0.0014,0.096,0.0574,0.0751,0.032,0.0923,0.0813,0.0313,0.1908,0.106,0.0013,0.0959,0.0573,0.075,0.0319,0.0922,0.0812,-3.226122,-2.636654,0.639309,0.0015,0.0268,0.0253,0.0211,0.01741,0.0,0.0046,0.0065,0.00168,-3.146305,-2.536046,0.681818,0.0015,0.027,0.0255,0.0216,0.019344,-0.007246,0.0092,0.002,0.00281
1935-08-01,193508,0.0001,-0.0157,0.0898,0.0324,-0.019,0.0322,0.0407,0.0307,0.0025,0.0723,0.0251,-0.0158,0.0897,0.0323,-0.0191,0.0321,0.0406,0.0306,0.0024,0.0722,0.025,-3.247552,-2.679315,0.633687,0.0016,0.0281,0.0265,0.0198,0.004982,0.0,-0.0133,0.0091,0.003775,-3.226122,-2.636654,0.639309,0.0015,0.0268,0.0253,0.0211,0.01741,0.0,0.0046,0.0065,0.00168
1935-09-01,193509,0.0001,0.0169,0.111,0.0423,-0.0334,0.0776,0.0427,-0.0058,0.011,-0.0204,0.0054,0.0168,0.1109,0.0422,-0.0335,0.0775,0.0426,-0.0059,0.0109,-0.0205,0.0053,-3.271123,-2.72458,0.611734,0.002,0.0282,0.0262,0.0194,0.008027,0.0,0.0009,-0.0009,0.002429,-3.247552,-2.679315,0.633687,0.0016,0.0281,0.0265,0.0198,0.004982,0.0,-0.0133,0.0091,0.003775
1935-10-01,193510,0.0001,0.0449,0.1364,0.0585,0.1354,0.088,0.0311,0.0122,0.0598,0.1416,0.0245,0.0448,0.1363,0.0584,0.1353,0.0879,0.031,0.0121,0.0597,0.1415,0.0244,-3.321031,-2.79696,0.577501,0.002,0.0279,0.0259,0.0202,0.002951,0.0,0.0061,-0.0019,0.003259,-3.271123,-2.72458,0.611734,0.002,0.0282,0.0262,0.0194,0.008027,0.0,0.0009,-0.0009,0.002429
1935-11-01,193511,0.0002,0.0109,0.0342,0.0459,0.0279,0.0582,0.0972,0.029,0.0174,0.0083,0.1323,0.0107,0.034,0.0457,0.0277,0.058,0.097,0.0288,0.0172,0.0081,0.1321,-3.337625,-2.835533,0.566952,0.0016,0.028,0.0264,0.0196,0.002219,0.007299,0.001,0.0059,0.00315,-3.321031,-2.79696,0.577501,0.002,0.0279,0.0259,0.0202,0.002951,0.0,0.0061,-0.0019,0.003259
1935-12-01,193512,0.0001,0.021,0.058,0.0368,0.1407,0.0351,-0.0014,-0.0103,0.0235,0.0563,0.0425,0.0209,0.0579,0.0367,0.1406,0.035,-0.0015,-0.0104,0.0234,0.0562,0.0424,-3.352514,-2.871928,0.559911,0.0015,0.0276,0.0261,0.0186,0.008689,0.0,0.007,0.0013,0.002897,-3.337625,-2.835533,0.566952,0.0016,0.028,0.0264,0.0196,0.002219,0.007299,0.001,0.0059,0.00315
1936-01-01,193601,0.0001,0.0324,0.0389,0.0563,0.1411,0.0649,0.0417,-0.0281,0.0346,0.1254,0.1241,0.0323,0.0388,0.0562,0.141,0.0648,0.0416,-0.0282,0.0345,0.1253,0.124,-3.394928,-2.922323,0.539835,0.002,0.0285,0.0265,0.0163,0.008908,0.0,0.0055,0.0027,0.001867,-3.352514,-2.871928,0.559911,0.0015,0.0276,0.0261,0.0186,0.008689,0.0,0.007,0.0013,0.002897
1936-02-01,193602,0.0001,0.006,0.0374,0.0556,0.0122,0.0034,0.0657,0.0098,0.0346,-0.066,0.0284,0.0059,0.0373,0.0555,0.0121,0.0033,0.0656,0.0097,0.0345,-0.0661,0.0283,-3.390941,-2.926052,0.529076,0.002,0.0281,0.0261,0.0148,0.01376,0.0,0.0081,-0.0027,0.002223,-3.394928,-2.922323,0.539835,0.002,0.0285,0.0265,0.0163,0.008908,0.0,0.0055,0.0027,0.001867
1936-03-01,193603,0.0002,-0.0209,0.1018,0.0243,0.0166,-0.0005,-0.0343,0.0115,0.0351,0.0065,-0.0308,-0.0211,0.1016,0.0241,0.0164,-0.0007,-0.0345,0.0113,0.0349,0.0063,-0.031,-3.39585,-2.938425,0.527696,0.002,0.0275,0.0255,0.0157,0.013456,-0.007246,0.0106,-0.0024,0.005004,-3.390941,-2.926052,0.529076,0.002,0.0281,0.0261,0.0148,0.01376,0.0,0.0081,-0.0027,0.002223
1936-04-01,193604,0.0002,-0.0446,-0.1015,-0.0894,-0.1022,-0.0863,-0.0563,-0.0525,-0.092,-0.0835,-0.0743,-0.0448,-0.1017,-0.0896,-0.1024,-0.0865,-0.0565,-0.0527,-0.0922,-0.0837,-0.0745,-3.282849,-2.820943,0.566349,0.002,0.0274,0.0254,0.0162,0.019253,0.0,0.0035,-0.0009,0.005761,-3.39585,-2.938425,0.527696,0.002,0.0275,0.0255,0.0157,0.013456,-0.007246,0.0106,-0.0024,0.005004
1936-05-01,193605,0.0002,0.0497,0.0405,0.062,-0.0059,0.0522,0.0646,0.0673,0.048,0.0953,0.0737,0.0495,0.0403,0.0618,-0.0061,0.052,0.0644,0.0671,0.0478,0.0951,0.0735,-3.295837,-2.829747,0.540487,0.002,0.0273,0.0253,0.0167,0.018628,0.0,0.004,0.0,0.002908,-3.282849,-2.820943,0.566349,0.002,0.0274,0.0254,0.0162,0.019253,0.0,0.0035,-0.0009,0.005761
1936-06-01,193606,0.0003,0.0232,0.0687,0.0129,0.0173,0.013,0.0243,0.0529,0.0128,0.0362,0.0178,0.0229,0.0684,0.0126,0.017,0.0127,0.024,0.0526,0.0125,0.0359,0.0175,-3.295163,-2.82516,0.523178,0.002,0.0273,0.0253,0.0166,0.020813,0.007299,0.0021,0.0061,0.001568,-3.295837,-2.829747,0.540487,0.002,0.0273,0.0253,0.0167,0.018628,0.0,0.004,0.0,0.002908
1936-07-01,193607,0.0001,0.0296,0.0491,0.0769,0.0474,0.1206,0.0244,0.064,0.0466,0.1159,0.0964,0.0295,0.049,0.0768,0.0473,0.1205,0.0243,0.0639,0.0465,0.1158,0.0963,-3.325288,-2.86853,0.500425,0.0015,0.0271,0.0256,0.0161,0.021747,0.007246,0.006,-0.0049,0.001569,-3.295163,-2.82516,0.523178,0.002,0.0273,0.0253,0.0166,0.020813,0.007299,0.0021,0.0061,0.001568
1936-08-01,193608,0.0002,0.0084,-0.0028,0.0165,-0.0068,0.0241,0.0176,0.025,-0.0148,-0.0102,0.0186,0.0082,-0.003,0.0163,-0.007,0.0239,0.0174,0.0248,-0.015,-0.0104,0.0184,-3.299596,-2.855345,0.496121,0.002,0.0264,0.0244,0.0153,0.019666,0.007194,0.0111,-0.0044,0.00262,-3.325288,-2.86853,0.500425,0.0015,0.0271,0.0256,0.0161,0.021747,0.007246,0.006,-0.0049,0.001569
1936-09-01,193609,0.0001,-0.0067,0.0326,0.0207,0.0105,-0.0125,0.0031,0.0274,0.0077,-0.0205,0.0082,-0.0068,0.0325,0.0206,0.0104,-0.0126,0.003,0.0273,0.0076,-0.0206,0.0081,-3.26751,-2.835089,0.491598,0.0016,0.0268,0.0252,0.0144,0.021398,0.0,-0.0031,0.0098,0.001184,-3.299596,-2.855345,0.496121,0.002,0.0264,0.0244,0.0153,0.019666,0.007194,0.0111,-0.0044,0.00262
1936-10-01,193610,0.0002,0.0337,0.0508,0.0773,0.1223,0.0574,0.0509,0.1127,0.0378,0.0573,0.0806,0.0335,0.0506,0.0771,0.1221,0.0572,0.0507,0.1125,0.0376,0.0571,0.0804,-3.281414,-2.879392,0.465707,0.0013,0.0269,0.0256,0.0136,0.021804,0.0,0.0006,0.0019,0.002224,-3.26751,-2.835089,0.491598,0.0016,0.0268,0.0252,0.0144,0.021398,0.0,-0.0031,0.0098,0.001184
1936-11-01,193611,0.0001,0.045,-0.0145,0.0545,0.0148,0.0551,0.0387,0.1098,0.0337,-0.0284,0.0047,0.0449,-0.0146,0.0544,0.0147,0.055,0.0386,0.1097,0.0336,-0.0285,0.0046,-3.230323,-2.856239,0.450278,0.0011,0.0257,0.0246,0.0137,0.022841,0.0,0.0205,-0.0096,0.00283,-3.281414,-2.879392,0.465707,0.0013,0.0269,0.0256,0.0136,0.021804,0.0,0.0006,0.0019,0.002224
1936-12-01,193612,0.0,-0.0147,-0.0728,0.0194,0.0909,0.0263,-0.0042,-0.0817,-0.0206,-0.0163,-0.0124,-0.0147,-0.0728,0.0194,0.0909,0.0263,-0.0042,-0.0817,-0.0206,-0.0163,-0.0124,-3.17225,-2.823943,0.458588,0.0012,0.0255,0.0243,0.0143,0.025225,0.0,0.0038,-0.0028,0.001498,-3.230323,-2.856239,0.450278,0.0011,0.0257,0.0246,0.0137,0.022841,0.0,0.0205,-0.0096,0.00283
1937-01-01,193701,0.0001,0.0251,0.0727,0.046,0.0241,0.0862,-0.0085,0.0008,0.0347,0.0261,0.0107,0.025,0.0726,0.0459,0.024,0.0861,-0.0086,0.0007,0.0346,0.026,0.0106,-3.195593,-2.832092,0.446574,0.0017,0.0258,0.0241,0.0139,0.025003,0.007143,-0.0013,0.0037,0.001573,-3.17225,-2.823943,0.458588,0.0012,0.0255,0.0243,0.0143,0.025225,0.0,0.0038,-0.0028,0.001498
1937-02-01,193702,0.0002,0.0089,-0.0051,0.0266,0.0135,-0.0132,-0.0306,0.0301,-0.0373,-0.0421,0.0478,0.0087,-0.0053,0.0264,0.0133,-0.0134,-0.0308,0.0299,-0.0375,-0.0423,0.0476,-3.196464,-2.818398,0.440776,0.0015,0.0253,0.0238,0.0131,0.025208,0.0,0.0086,-0.0132,0.001307,-3.195593,-2.832092,0.446574,0.0017,0.0258,0.0241,0.0139,0.025003,0.007143,-0.0013,0.0037,0.001573
1937-03-01,193703,0.0001,-0.0101,-0.0413,0.0135,0.0352,-0.0449,-0.021,-0.0268,-0.0503,-0.0632,0.0266,-0.0102,-0.0414,0.0134,0.0351,-0.045,-0.0211,-0.0269,-0.0504,-0.0633,0.0265,-3.173599,-2.781557,0.458666,0.0038,0.0285,0.0247,0.0136,0.033507,0.007092,-0.0411,0.0297,0.003114,-3.196464,-2.818398,0.440776,0.0015,0.0253,0.0238,0.0131,0.025208,0.0,0.0086,-0.0132,0.001307
1937-04-01,193704,0.0003,-0.0639,-0.0791,-0.0915,-0.0531,-0.0762,-0.0525,-0.0726,-0.0332,-0.0748,-0.0685,-0.0642,-0.0794,-0.0918,-0.0534,-0.0765,-0.0528,-0.0729,-0.0335,-0.0751,-0.0688,-3.04757,-2.676891,0.490618,0.0056,0.0284,0.0228,0.0142,0.028107,0.007042,0.0039,0.0029,0.005467,-3.173599,-2.781557,0.458666,0.0038,0.0285,0.0247,0.0136,0.033507,0.007092,-0.0411,0.0297,0.003114
1937-05-01,193705,0.0006,-0.0045,-0.0199,0.01,-0.0022,0.008,0.0153,-0.0455,0.0168,-0.053,-0.0333,-0.0051,-0.0205,0.0094,-0.0028,0.0074,0.0147,-0.0461,0.0162,-0.0536,-0.0339,-2.999429,-2.648946,0.489382,0.0041,0.0282,0.0241,0.0151,0.028278,0.006993,0.0053,-0.0013,0.003593,-3.04757,-2.676891,0.490618,0.0056,0.0284,0.0228,0.0142,0.028107,0.007042,0.0039,0.0029,0.005467
1937-06-01,193706,0.0003,-0.0326,-0.1077,-0.0363,-0.0268,-0.0147,0.0142,-0.0159,-0.0413,-0.0527,-0.0901,-0.0329,-0.108,-0.0366,-0.0271,-0.015,0.0139,-0.0162,-0.0416,-0.053,-0.0904,-2.908721,-2.577364,0.504961,0.0036,0.0285,0.0249,0.0165,0.031266,0.0,-0.0018,0.0071,0.002984,-2.999429,-2.648946,0.489382,0.0041,0.0282,0.0241,0.0151,0.028278,0.006993,0.0053,-0.0013,0.003593
1937-07-01,193707,0.0003,0.0507,0.1323,0.0921,0.0842,0.0955,0.0327,0.1034,0.0414,0.1933,0.0874,0.0504,0.132,0.0918,0.0839,0.0952,0.0324,0.1031,0.0411,0.193,0.0871,-3.03456,-2.660885,0.464649,0.0028,0.0277,0.0249,0.0166,0.027225,0.006944,0.0138,-0.0099,0.002982,-2.908721,-2.577364,0.504961,0.0036,0.0285,0.0249,0.0165,0.031266,0.0,-0.0018,0.0071,0.002984
1937-08-01,193708,0.0002,-0.0248,-0.0238,-0.0444,-0.0659,-0.0476,-0.0254,-0.0427,0.011,-0.102,-0.0836,-0.025,-0.024,-0.0446,-0.0661,-0.0478,-0.0256,-0.0429,0.0108,-0.1022,-0.0838,-3.006598,-2.589993,0.481935,0.0029,0.0286,0.0257,0.0168,0.031064,0.0,-0.0104,0.0087,0.002141,-3.03456,-2.660885,0.464649,0.0028,0.0277,0.0249,0.0166,0.027225,0.006944,0.0138,-0.0099,0.002982
1937-09-01,193709,0.0004,-0.0914,-0.1268,-0.1748,-0.1314,-0.1413,-0.021,-0.1414,-0.108,-0.1176,-0.1594,-0.0918,-0.1272,-0.1752,-0.1318,-0.1417,-0.0214,-0.1418,-0.1084,-0.118,-0.1598,-2.883131,-2.422915,0.553147,0.0031,0.0284,0.0253,0.0188,0.035847,0.006897,0.0045,-0.002,0.015821,-3.006598,-2.589993,0.481935,0.0029,0.0286,0.0257,0.0168,0.031064,0.0,-0.0104,0.0087,0.002141
1937-10-01,193710,0.0002,-0.0706,-0.1289,-0.1388,-0.0696,-0.0719,-0.0536,-0.0693,-0.0355,-0.048,-0.0996,-0.0708,-0.1291,-0.139,-0.0698,-0.0721,-0.0538,-0.0695,-0.0357,-0.0482,-0.0998,-2.762927,-2.340512,0.617418,0.002,0.0283,0.0263,0.0225,0.040959,0.0,0.0042,0.0025,0.031722,-2.883131,-2.422915,0.553147,0.0031,0.0284,0.0253,0.0188,0.035847,0.006897,0.0045,-0.002,0.015821
1937-11-01,193711,0.0002,-0.0588,-0.1563,-0.0929,-0.1156,-0.0446,-0.0359,-0.1442,-0.0513,0.0296,-0.0678,-0.059,-0.1565,-0.0931,-0.1158,-0.0448,-0.0361,-0.1444,-0.0515,0.0294,-0.068,-2.643568,-2.259426,0.69242,0.0009,0.0278,0.0269,0.0258,0.042031,-0.006849,0.0096,-0.0029,0.021973,-2.762927,-2.340512,0.617418,0.002,0.0283,0.0263,0.0225,0.040959,0.0,0.0042,0.0025,0.031722
1937-12-01,193712,0.0,-0.0232,-0.1633,-0.0246,-0.0125,-0.022,-0.0155,-0.0675,-0.0241,-0.1073,-0.0685,-0.0232,-0.1633,-0.0246,-0.0125,-0.022,-0.0155,-0.0675,-0.0241,-0.1073,-0.0685,-2.579269,-2.233908,0.707489,0.0011,0.0273,0.0262,0.0252,0.031775,-0.006897,0.0082,-0.0015,0.006955,-2.643568,-2.259426,0.69242,0.0009,0.0278,0.0269,0.0258,0.042031,-0.006849,0.0096,-0.0029,0.021973
1938-01-01,193801,0.0,0.0284,0.1105,-0.0124,0.0048,-0.0247,-0.0243,0.0599,0.0351,-0.0572,0.0049,0.0284,0.1105,-0.0124,0.0048,-0.0247,-0.0243,0.0599,0.0351,-0.0572,0.0049,-2.600821,-2.295436,0.701567,0.001,0.0271,0.0261,0.0272,0.038802,-0.013889,0.0057,-0.0019,0.009751,-2.579269,-2.233908,0.707489,0.0011,0.0273,0.0262,0.0252,0.031775,-0.006897,0.0082,-0.0015,0.006955
1938-02-01,193802,0.0,0.0354,0.0348,0.0868,0.0948,0.0436,-0.0232,0.0952,0.0862,0.0363,0.049,0.0354,0.0348,0.0868,0.0948,0.0436,-0.0232,0.0952,0.0862,0.0363,0.049,-2.668287,-2.405274,0.659519,0.0008,0.0268,0.026,0.0277,0.032248,-0.007042,0.0052,-0.0042,0.007772,-2.600821,-2.295436,0.701567,0.001,0.0271,0.0261,0.0272,0.038802,-0.013889,0.0057,-0.0019,0.009751
1938-03-01,193803,-0.0001,-0.1599,-0.2735,-0.2578,-0.255,-0.2788,-0.1767,-0.224,-0.1454,-0.1966,-0.3018,-0.1598,-0.2734,-0.2577,-0.2549,-0.2787,-0.1766,-0.2239,-0.1453,-0.1965,-0.3017,-2.388528,-2.170525,0.89237,0.0008,0.0273,0.0265,0.0308,0.033845,0.0,-0.0037,-0.005,0.015068,-2.668287,-2.405274,0.659519,0.0008,0.0268,0.026,0.0277,0.032248,-0.007042,0.0052,-0.0042,0.007772
1938-04-01,193804,0.0001,0.1237,0.1485,0.1388,0.1631,0.1676,0.1347,0.1634,0.1182,0.1478,0.146,0.1236,0.1484,0.1387,0.163,0.1675,0.1346,0.1633,0.1181,0.1477,0.1459,-2.537829,-2.37379,0.790793,0.0009,0.0259,0.025,0.0317,0.027161,0.007092,0.021,-0.0072,0.018893,-2.388528,-2.170525,0.89237,0.0008,0.0273,0.0265,0.0308,0.033845,0.0,-0.0037,-0.005,0.015068
1938-05-01,193805,0.0,-0.0025,-0.0701,-0.069,-0.0591,-0.03,0.0083,-0.039,0.017,0.0215,-0.0393,-0.0025,-0.0701,-0.069,-0.0591,-0.03,0.0083,-0.039,0.017,0.0215,-0.0393,-2.510031,-2.405113,0.819566,0.0005,0.0257,0.0252,0.0284,0.029977,-0.007042,0.0044,-0.0034,0.007651,-2.537829,-2.37379,0.790793,0.0009,0.0259,0.025,0.0317,0.027161,0.007092,0.021,-0.0072,0.018893
1938-06-01,193806,0.0,0.1324,0.3603,0.3296,0.2203,0.2735,0.1257,0.241,0.1009,0.1695,0.2508,0.1324,0.3603,0.3296,0.2203,0.2735,0.1257,0.241,0.1009,0.1695,0.2508,-2.748656,-2.708916,0.659546,0.0005,0.0259,0.0254,0.0299,0.016745,0.0,0.0004,0.0091,0.011809,-2.510031,-2.405113,0.819566,0.0005,0.0257,0.0252,0.0284,0.029977,-0.007042,0.0044,-0.0034,0.007651
1938-07-01,193807,-0.0001,0.0662,0.1989,0.068,0.0735,0.0585,0.0128,0.0907,0.058,0.0067,0.1001,0.0663,0.199,0.0681,0.0736,0.0586,0.0129,0.0908,0.0581,0.0068,0.1002,-2.855503,-2.846201,0.625354,0.0007,0.0257,0.025,0.0241,0.017056,0.0,0.0043,0.0023,0.00683,-2.748656,-2.708916,0.659546,0.0005,0.0259,0.0254,0.0299,0.016745,0.0,0.0004,0.0091,0.011809
1938-08-01,193808,0.0,-0.0403,0.0598,-0.0192,-0.0885,-0.0119,0.0028,-0.0242,0.0036,-0.0553,-0.0374,-0.0403,0.0598,-0.0192,-0.0885,-0.0119,0.0028,-0.0242,0.0036,-0.0553,-0.0374,-2.8658,-2.890372,0.63402,0.0006,0.0259,0.0253,0.0231,0.014308,0.0,0.0,-0.0019,0.005982,-2.855503,-2.846201,0.625354,0.0007,0.0257,0.025,0.0241,0.017056,0.0,0.0043,0.0023,0.00683
1938-09-01,193809,0.0002,0.0052,0.0069,0.0168,0.0083,0.0161,0.0092,0.0006,0.0,0.0125,-0.0123,0.005,0.0067,0.0166,0.0081,0.0159,0.009,0.0004,-0.0002,0.0123,-0.0125,-2.920225,-2.982745,0.624249,0.0008,0.0259,0.0251,0.0244,0.011896,0.0,0.0022,0.0087,0.017047,-2.8658,-2.890372,0.63402,0.0006,0.0259,0.0253,0.0231,0.014308,0.0,0.0,-0.0019,0.005982
1938-10-01,193810,0.0001,0.0515,0.0649,0.1061,-0.0141,0.1008,0.0356,0.0819,0.0562,0.2109,0.1108,0.0514,0.0648,0.106,-0.0142,0.1007,0.0355,0.0818,0.0561,0.2108,0.1107,-3.072238,-3.045281,0.581955,0.0005,0.0254,0.0249,0.0221,0.007933,-0.007092,0.0087,-0.0007,0.004404,-2.920225,-2.982745,0.624249,0.0008,0.0259,0.0251,0.0244,0.011896,0.0,0.0022,0.0087,0.017047
1938-11-01,193811,-0.0006,-0.025,-0.0121,-0.0145,-0.0016,-0.0435,0.0065,-0.0043,0.0143,-0.0702,-0.0204,-0.0244,-0.0115,-0.0139,-0.001,-0.0429,0.0071,-0.0037,0.0149,-0.0696,-0.0198,-3.12378,-3.00072,0.589374,0.0004,0.0257,0.0253,0.0213,0.008535,0.0,-0.0022,0.0059,0.004644,-3.072238,-3.045281,0.581955,0.0005,0.0254,0.0249,0.0221,0.007933,-0.007092,0.0087,-0.0007,0.004404
1938-12-01,193812,0.0,0.0278,0.0213,0.056,0.0494,0.031,0.0258,0.0092,0.0086,0.0395,0.0597,0.0278,0.0213,0.056,0.0494,0.031,0.0258,0.0092,0.0086,0.0395,0.0597,-3.254319,-3.027261,0.572039,0.0003,0.0252,0.0249,0.0219,0.005722,0.0,0.008,0.0042,0.002291,-3.12378,-3.00072,0.589374,0.0004,0.0257,0.0253,0.0213,0.008535,0.0,-0.0022,0.0059,0.004644
1939-01-01,193901,-0.0001,-0.0192,-0.0834,-0.0941,-0.0631,-0.075,0.0181,-0.0314,-0.0096,0.0121,-0.0873,-0.0191,-0.0833,-0.094,-0.063,-0.0749,0.0182,-0.0313,-0.0095,0.0122,-0.0872,-3.17643,-2.920077,0.614218,0.0003,0.0249,0.0246,0.0211,-0.003601,0.0,0.0059,-0.0037,0.007295,-3.254319,-3.027261,0.572039,0.0003,0.0252,0.0249,0.0219,0.005722,0.0,0.008,0.0042,0.002291
1939-02-01,193902,0.0001,0.0247,0.071,0.0312,-0.0118,0.0276,0.0353,0.0621,0.0373,0.0879,0.0469,0.0246,0.0709,0.0311,-0.0119,0.0275,0.0352,0.062,0.0372,0.0878,0.0468,-3.201959,-2.917508,0.599457,0.0003,0.0245,0.0242,0.0205,0.000615,-0.007143,0.008,-0.0016,0.003292,-3.17643,-2.920077,0.614218,0.0003,0.0249,0.0246,0.0211,-0.003601,0.0,0.0059,-0.0037,0.007295
1939-03-01,193903,-0.0001,-0.0578,-0.1764,-0.1561,-0.0835,-0.1505,-0.0231,-0.0961,-0.0436,-0.1366,-0.151,-0.0577,-0.1763,-0.156,-0.0834,-0.1504,-0.023,-0.096,-0.0435,-0.1365,-0.1509,-3.050002,-2.738566,0.660649,0.0003,0.0237,0.0234,0.019,-0.001261,0.0,0.0125,-0.0103,0.008539,-3.201959,-2.917508,0.599457,0.0003,0.0245,0.0242,0.0205,0.000615,-0.007143,0.008,-0.0016,0.003292
1939-04-01,193904,0.0,0.006,0.0072,-0.0132,-0.0106,-0.0271,0.0275,-0.0013,0.01,0.0303,-0.0178,0.006,0.0072,-0.0132,-0.0106,-0.0271,0.0275,-0.0013,0.01,0.0303,-0.0178,-3.038133,-2.709883,0.678455,0.0003,0.0229,0.0226,0.0213,-0.001883,-0.007194,0.0118,-0.0054,0.009203,-3.050002,-2.738566,0.660649,0.0003,0.0237,0.0234,0.019,-0.001261,0.0,0.0125,-0.0103,0.008539
1939-05-01,193905,0.0001,0.0549,0.0792,0.0762,0.0258,0.0829,0.0556,0.114,0.055,0.066,0.0802,0.0548,0.0791,0.0761,0.0257,0.0828,0.0555,0.1139,0.0549,0.0659,0.0801,-3.092192,-2.747616,0.630337,0.0003,0.0217,0.0214,0.021,-0.002354,0.0,0.0171,-0.0122,0.003559,-3.038133,-2.709883,0.678455,0.0003,0.0229,0.0226,0.0213,-0.001883,-0.007194,0.0118,-0.0054,0.009203
1939-06-01,193906,0.0001,-0.0206,-0.0678,-0.0639,-0.0596,-0.0802,-0.0384,-0.0271,0.0108,-0.0355,-0.0756,-0.0207,-0.0679,-0.064,-0.0597,-0.0803,-0.0385,-0.0272,0.0107,-0.0356,-0.0757,-3.019965,-2.659523,0.666769,0.0003,0.0221,0.0218,0.0199,-8.6e-05,0.0,-0.0027,0.0062,0.003202,-3.092192,-2.747616,0.630337,0.0003,0.0217,0.0214,0.021,-0.002354,0.0,0.0171,-0.0122,0.003559
1939-07-01,193907,0.0,0.0623,0.1758,0.129,0.0295,0.1404,0.0651,0.0872,0.0308,0.1272,0.1215,0.0623,0.1758,0.129,0.0295,0.1404,0.0651,0.0872,0.0308,0.1272,0.1215,-3.104421,-2.740978,0.607985,0.0004,0.0213,0.0209,0.0195,-0.001562,0.0,0.0113,-0.012,0.004305,-3.019965,-2.659523,0.666769,0.0003,0.0221,0.0218,0.0199,-8.6e-05,0.0,-0.0027,0.0062,0.003202
1939-08-01,193908,-0.0001,-0.0739,-0.0696,-0.0679,-0.0391,-0.0811,-0.0419,-0.0736,-0.0546,-0.0604,-0.0982,-0.0738,-0.0695,-0.0678,-0.039,-0.081,-0.0418,-0.0735,-0.0545,-0.0603,-0.0981,-3.011963,-2.645639,0.648017,0.0005,0.0231,0.0226,0.0192,-0.003007,0.0,-0.0201,-0.0191,0.007137,-3.104421,-2.740978,0.607985,0.0004,0.0213,0.0209,0.0195,-0.001562,0.0,0.0113,-0.012,0.004305
1939-09-01,193909,0.0001,0.0478,0.2373,0.2701,0.2557,0.1226,0.0236,0.016,0.0706,0.036,0.2576,0.0477,0.2372,0.27,0.2556,0.1225,0.0235,0.0159,0.0705,0.0359,0.2575,-3.146305,-2.777208,0.580048,0.0014,0.0278,0.0264,0.0175,-0.00211,0.021739,-0.0545,0.0696,0.015684,-3.011963,-2.645639,0.648017,0.0005,0.0231,0.0226,0.0192,-0.003007,0.0,-0.0201,-0.0191,0.007137
1939-10-01,193910,0.0,0.0326,-0.014,-0.0256,-0.0393,-0.0089,0.0305,0.0578,0.0022,0.0212,-0.0161,0.0326,-0.014,-0.0256,-0.0393,-0.0089,0.0305,0.0578,0.0022,0.0212,-0.0161,-3.096513,-2.72614,0.573479,0.0005,0.0247,0.0242,0.0173,-0.001853,-0.007092,0.041,-0.0173,0.001847,-3.146305,-2.777208,0.580048,0.0014,0.0278,0.0264,0.0175,-0.00211,0.021739,-0.0545,0.0696,0.015684
1939-11-01,193911,0.0,-0.0047,-0.0296,-0.0601,-0.0619,-0.0263,0.0097,-0.0234,0.0122,-0.015,-0.0511,-0.0047,-0.0296,-0.0601,-0.0619,-0.0263,0.0097,-0.0234,0.0122,-0.015,-0.0511,-3.012262,-2.640698,0.597845,0.0005,0.0236,0.0231,0.0185,-0.001699,0.0,0.0162,-0.0083,0.001284,-3.096513,-2.72614,0.573479,0.0005,0.0247,0.0242,0.0173,-0.001853,-0.007092,0.041,-0.0173,0.001847
1939-12-01,193912,0.0,0.0318,0.0388,0.0397,-0.0009,0.0362,0.0289,0.0305,0.0377,0.0295,0.0135,0.0318,0.0388,0.0397,-0.0009,0.0362,0.0289,0.0305,0.0377,0.0295,0.0135,-3.002964,-2.630289,0.580705,0.0004,0.0226,0.0222,0.0198,0.002551,0.0,0.0145,-0.0067,0.001073,-3.012262,-2.640698,0.597845,0.0005,0.0236,0.0231,0.0185,-0.001699,0.0,0.0162,-0.0083,0.001284
1940-01-01,194001,0.0,0.0169,-0.0383,-0.0463,-0.0219,-0.042,-0.0012,-0.0095,-0.0179,-0.0005,-0.0275,0.0169,-0.0383,-0.0463,-0.0219,-0.042,-0.0012,-0.0095,-0.0179,-0.0005,-0.0275,-2.961739,-2.561635,0.599326,0.0001,0.0229,0.0228,0.0198,0.007773,-0.007143,-0.0017,0.0066,0.001478,-3.002964,-2.630289,0.580705,0.0004,0.0226,0.0222,0.0198,0.002551,0.0,0.0145,-0.0067,0.001073
1940-02-01,194002,0.0,0.0094,0.0206,0.027,0.0096,-0.0058,0.0104,0.0251,0.0149,-0.0125,0.0086,0.0094,0.0206,0.027,0.0096,-0.0058,0.0104,0.0251,0.0149,-0.0125,0.0086,-2.963022,-2.536504,0.594377,0.0002,0.0228,0.0226,0.0197,0.00484,0.007194,0.0027,-0.0006,0.00049,-2.961739,-2.561635,0.599326,0.0001,0.0229,0.0228,0.0198,0.007773,-0.007143,-0.0017,0.0066,0.001478
1940-03-01,194003,0.0,0.0166,0.0378,0.0154,0.0172,0.0305,0.0116,0.031,0.0191,0.0175,0.0264,0.0166,0.0378,0.0154,0.0172,0.0305,0.0116,0.031,0.0191,0.0175,0.0264,-2.967561,-2.515576,0.64796,0.0002,0.0215,0.0213,0.0196,0.005679,0.0,0.0177,-0.0128,0.000709,-2.963022,-2.536504,0.594377,0.0002,0.0228,0.0226,0.0197,0.00484,0.007194,0.0027,-0.0006,0.00049
1940-04-01,194004,0.0,0.0175,-0.0054,0.0075,0.0017,-0.0149,0.0033,-0.0013,-0.0031,-0.0134,-0.0074,0.0175,-0.0054,0.0075,0.0017,-0.0149,0.0033,-0.0013,-0.0031,-0.0134,-0.0074,-2.952124,-2.493968,0.644075,0.0002,0.022,0.0218,0.0192,0.005849,0.0,-0.0035,-0.0057,0.001192,-2.967561,-2.515576,0.64796,0.0002,0.0215,0.0213,0.0196,0.005679,0.0,0.0177,-0.0128,0.000709
1940-05-01,194005,-0.0002,-0.2095,-0.2619,-0.2222,-0.2466,-0.2079,-0.1413,-0.2447,-0.2127,-0.2001,-0.241,-0.2093,-0.2617,-0.222,-0.2464,-0.2077,-0.1411,-0.2445,-0.2125,-0.1999,-0.2408,-2.667876,-2.203721,0.822578,0.0006,0.0246,0.024,0.0201,0.00661,0.0,-0.0299,0.0278,0.018669,-2.952124,-2.493968,0.644075,0.0002,0.022,0.0218,0.0192,0.005849,0.0,-0.0035,-0.0057,0.001192
1940-06-01,194006,0.0,0.054,0.0868,0.0421,0.0569,0.0302,0.0876,0.0903,0.0493,0.1747,0.0845,0.054,0.0868,0.0421,0.0569,0.0302,0.0876,0.0903,0.0493,0.1747,0.0845,-2.731366,-2.261362,0.783221,0.001,0.0227,0.0217,0.0215,0.00637,0.007143,0.0258,-0.0137,0.009797,-2.667876,-2.203721,0.822578,0.0006,0.0246,0.024,0.0201,0.00661,0.0,-0.0299,0.0278,0.018669
1940-07-01,194007,0.0001,-0.0002,0.0592,0.0433,0.032,0.05,0.0197,0.0439,-0.0052,0.0008,0.0338,-0.0003,0.0591,0.0432,0.0319,0.0499,0.0196,0.0438,-0.0053,0.0007,0.0337,-2.751751,-2.279216,0.757888,0.0005,0.0224,0.0219,0.0192,0.008109,-0.007092,0.0052,-0.0031,0.001324,-2.731366,-2.261362,0.783221,0.001,0.0227,0.0217,0.0215,0.00637,0.007143,0.0258,-0.0137,0.009797
1940-08-01,194008,-0.0001,0.0134,0.0753,0.025,0.0143,0.0332,-0.0036,0.029,-0.0229,-0.0105,0.0289,0.0135,0.0754,0.0251,0.0144,0.0333,-0.0035,0.0291,-0.0228,-0.0104,0.029,-2.767551,-2.292532,0.741775,0.0004,0.0223,0.0219,0.0191,0.009086,0.0,0.0028,-0.0021,0.003561,-2.751751,-2.279216,0.757888,0.0005,0.0224,0.0219,0.0192,0.008109,-0.007092,0.0052,-0.0031,0.001324
1940-09-01,194009,0.0,0.0253,0.0317,0.0414,-0.0227,0.0423,0.0167,0.0333,0.0462,-0.0219,0.0245,0.0253,0.0317,0.0414,-0.0227,0.0423,0.0167,0.0333,0.0462,-0.0219,0.0245,-2.766976,-2.289537,0.720748,0.0005,0.0215,0.021,0.0184,0.009647,0.0,0.011,-0.0018,0.002944,-2.767551,-2.292532,0.741775,0.0004,0.0223,0.0219,0.0191,0.009086,0.0,0.0028,-0.0021,0.003561
1940-10-01,194010,0.0,-0.0142,0.0394,0.0411,0.0631,0.0243,0.0161,0.0008,-0.03,0.0383,0.053,-0.0142,0.0394,0.0411,0.0631,0.0243,0.0161,0.0008,-0.03,0.0383,0.053,-2.805619,-2.337483,0.7102,0.0002,0.0214,0.0212,0.0177,0.009415,0.0,0.0031,0.0018,0.001465,-2.766976,-2.289537,0.720748,0.0005,0.0215,0.021,0.0184,0.009647,0.0,0.011,-0.0018,0.002944
1940-11-01,194011,0.0,-0.01,-0.0074,-0.015,0.008,-0.0285,0.006,-0.0221,-0.0186,-0.1311,-0.0014,-0.01,-0.0074,-0.015,0.008,-0.0285,0.006,-0.0221,-0.0186,-0.1311,-0.0014,-2.762275,-2.303528,0.735215,0.0002,0.0199,0.0197,0.0173,0.010158,0.0,0.0205,-0.0142,0.005914,-2.805619,-2.337483,0.7102,0.0002,0.0214,0.0212,0.0177,0.009415,0.0,0.0031,0.0018,0.001465
1940-12-01,194012,0.0,0.0054,-0.0329,0.0118,0.0235,-0.001,0.0205,0.0042,-0.0023,0.0177,0.0022,0.0054,-0.0329,0.0118,0.0235,-0.001,0.0205,0.0042,-0.0023,0.0177,0.0022,-2.759443,-2.310175,0.729048,0.0002,0.0194,0.0192,0.0174,0.012589,0.007143,0.0067,-0.009,0.000508,-2.762275,-2.303528,0.735215,0.0002,0.0199,0.0197,0.0173,0.010158,0.0,0.0205,-0.0142,0.005914
1941-01-01,194101,-0.0001,-0.0052,-0.0922,-0.0709,-0.0214,-0.0256,-0.021,-0.0364,-0.0219,-0.0218,-0.0161,-0.0051,-0.0921,-0.0708,-0.0213,-0.0255,-0.0209,-0.0363,-0.0218,-0.0217,-0.016,-2.705076,-2.257604,0.77016,0.0002,0.0213,0.0211,0.0163,0.010853,0.0,-0.0201,0.0207,0.001855,-2.759443,-2.310175,0.729048,0.0002,0.0194,0.0192,0.0174,0.012589,0.007143,0.0067,-0.009,0.000508
1941-02-01,194102,-0.0001,-0.025,0.0128,-0.0204,-0.0069,-0.0033,-0.0223,-0.0254,-0.0471,-0.0119,-0.0033,-0.0249,0.0129,-0.0203,-0.0068,-0.0032,-0.0222,-0.0253,-0.047,-0.0118,-0.0032,-2.685129,-2.23943,0.783799,0.0004,0.0213,0.0209,0.0164,0.01077,0.0,0.002,-0.0014,0.002752,-2.705076,-2.257604,0.77016,0.0002,0.0213,0.0211,0.0163,0.010853,0.0,-0.0201,0.0207,0.001855
1941-03-01,194103,0.0001,0.0056,-0.017,0.0076,0.0375,0.0034,0.0177,0.0121,0.0178,-0.0334,0.018,0.0055,-0.0171,0.0075,0.0374,0.0033,0.0176,0.012,0.0177,-0.0335,0.0179,-2.68424,-2.240308,0.80427,0.0011,0.0206,0.0195,0.0158,0.010061,0.007092,0.0096,-0.0118,0.001365,-2.685129,-2.23943,0.783799,0.0004,0.0213,0.0209,0.0164,0.01077,0.0,0.002,-0.0014,0.002752
1941-04-01,194104,-0.0001,-0.0413,-0.1057,-0.057,0.0141,-0.0883,-0.0635,-0.0525,-0.0522,-0.0963,-0.0444,-0.0412,-0.1056,-0.0569,0.0142,-0.0882,-0.0634,-0.0524,-0.0521,-0.0962,-0.0443,-2.611862,-2.16343,0.85425,0.001,0.0196,0.0186,0.0151,0.010482,0.007042,0.0129,-0.0051,0.001767,-2.68424,-2.240308,0.80427,0.0011,0.0206,0.0195,0.0158,0.010061,0.007092,0.0096,-0.0118,0.001365
1941-05-01,194105,0.0,-0.0141,0.0034,0.0366,0.0545,-0.0043,0.004,0.0227,-0.0147,-0.0447,-0.0093,-0.0141,0.0034,0.0366,0.0545,-0.0043,0.004,0.0227,-0.0147,-0.0447,-0.0093,-2.611282,-2.158415,0.849178,0.0011,0.0195,0.0184,0.0151,0.009924,0.006993,0.0027,0.0022,0.001574,-2.611862,-2.16343,0.85425,0.001,0.0196,0.0186,0.0151,0.010482,0.007042,0.0129,-0.0051,0.001767
1941-06-01,194106,0.0,0.0629,0.039,0.0649,0.0522,0.1078,0.0503,0.0509,0.0672,0.039,0.0453,0.0629,0.039,0.0649,0.0522,0.1078,0.0503,0.0509,0.0672,0.039,0.0453,-2.658535,-2.201294,0.801527,0.0012,0.0191,0.0179,0.0154,0.008968,0.020833,0.0066,-0.0003,0.001181,-2.611282,-2.158415,0.849178,0.0011,0.0195,0.0184,0.0151,0.009924,0.006993,0.0027,0.0022,0.001574
1941-07-01,194107,0.0003,0.0554,0.0397,0.0711,0.1106,0.018,-0.0038,0.0474,0.0804,0.0533,0.0752,0.0551,0.0394,0.0708,0.1103,0.0177,-0.0041,0.0471,0.0801,0.053,0.0749,-2.707089,-2.224546,0.766364,0.0012,0.0191,0.0179,0.0154,0.00903,0.0,0.0022,0.0041,0.001213,-2.658535,-2.201294,0.801527,0.0012,0.0191,0.0179,0.0154,0.008968,0.020833,0.0066,-0.0003,0.001181
1941-08-01,194108,0.0001,0.0083,0.024,-0.0065,-0.0345,0.0074,0.0106,0.0239,0.0008,-0.0205,0.0018,0.0082,0.0239,-0.0066,-0.0346,0.0073,0.0105,0.0238,0.0007,-0.0206,0.0017,-2.693592,-2.186599,0.774543,0.0013,0.019,0.0177,0.0153,0.010725,0.013605,0.0018,0.0016,0.000513,-2.707089,-2.224546,0.766364,0.0012,0.0191,0.0179,0.0154,0.00903,0.0,0.0022,0.0041,0.001213
1941-09-01,194109,0.0001,0.0178,0.0414,-0.0291,-0.0066,-0.0079,0.0025,0.0043,-0.0021,-0.0285,-0.0258,0.0177,0.0413,-0.0292,-0.0067,-0.008,0.0024,0.0042,-0.0022,-0.0286,-0.0259,-2.679063,-2.148434,0.778268,0.001,0.0193,0.0183,0.0155,0.010284,0.013423,-0.0012,0.006,0.000975,-2.693592,-2.186599,0.774543,0.0013,0.019,0.0177,0.0153,0.010725,0.013605,0.0018,0.0016,0.000513
1941-10-01,194110,0.0,-0.0706,-0.0798,-0.0644,0.0219,-0.1011,-0.0272,-0.052,-0.0372,-0.0973,-0.0415,-0.0706,-0.0798,-0.0644,0.0219,-0.1011,-0.0272,-0.052,-0.0372,-0.0973,-0.0415,-2.603217,-2.085777,0.837719,0.0009,0.0182,0.0173,0.0155,0.011687,0.013245,0.014,-0.0106,0.00131,-2.679063,-2.148434,0.778268,0.001,0.0193,0.0183,0.0155,0.010284,0.013423,-0.0012,0.006,0.000975
1941-11-01,194111,0.0,-0.0319,-0.0371,-0.0142,0.0314,-0.0204,-0.0403,-0.0456,-0.0296,-0.0673,-0.0154,-0.0319,-0.0371,-0.0142,0.0314,-0.0204,-0.0403,-0.0456,-0.0296,-0.0673,-0.0154,-2.55547,-2.051271,0.860806,0.0028,0.0186,0.0158,0.0156,0.010365,0.006536,-0.0029,-0.0065,0.001286,-2.603217,-2.085777,0.837719,0.0009,0.0182,0.0173,0.0155,0.011687,0.013245,0.014,-0.0106,0.00131
1941-12-01,194112,0.0001,-0.0395,-0.1181,0.0078,-0.1112,0.0051,-0.0863,-0.0984,-0.016,-0.0751,-0.0537,-0.0396,-0.1182,0.0077,-0.1113,0.005,-0.0864,-0.0985,-0.0161,-0.0752,-0.0538,-2.504663,-2.013753,0.88951,0.0033,0.0204,0.0171,0.0158,0.010343,0.006494,-0.0177,0.0183,0.006681,-2.55547,-2.051271,0.860806,0.0028,0.0186,0.0158,0.0156,0.010365,0.006536,-0.0029,-0.0065,0.001286
1942-01-01,194201,0.0002,0.0254,0.0625,-0.022,-0.0163,0.0095,-0.0137,0.0065,-0.0302,0.0405,0.0955,0.0252,0.0623,-0.0222,-0.0165,0.0093,-0.0139,0.0063,-0.0304,0.0403,0.0953,-2.527812,-2.062559,0.902111,0.0027,0.0247,0.022,0.0146,0.008935,0.012903,0.0069,-0.0063,0.002205,-2.504663,-2.013753,0.88951,0.0033,0.0204,0.0171,0.0158,0.010343,0.006494,-0.0177,0.0183,0.006681
1942-02-01,194202,0.0001,-0.055,0.052,-0.024,-0.0585,-0.0245,-0.0057,-0.0193,-0.0541,-0.0248,-0.0186,-0.0551,0.0519,-0.0241,-0.0586,-0.0246,-0.0058,-0.0194,-0.0542,-0.0249,-0.0187,-2.512046,-2.073638,0.926065,0.0025,0.0247,0.0222,0.0144,0.00935,0.006369,0.0011,-0.0019,0.001261,-2.527812,-2.062559,0.902111,0.0027,0.0247,0.022,0.0146,0.008935,0.012903,0.0069,-0.0063,0.002205
1942-03-01,194203,0.0001,-0.0829,0.0142,-0.0557,-0.0825,-0.0629,-0.0695,-0.0709,-0.0554,-0.122,-0.0901,-0.083,0.0141,-0.0558,-0.0826,-0.063,-0.0696,-0.071,-0.0555,-0.1221,-0.0902,-2.451754,-2.04147,1.034864,0.0025,0.0244,0.0219,0.0144,0.01012,0.012658,0.0092,-0.0029,0.003106,-2.512046,-2.073638,0.926065,0.0025,0.0247,0.0222,0.0144,0.00935,0.006369,0.0011,-0.0019,0.001261
1942-04-01,194204,0.0001,-0.0409,-0.0437,-0.0458,-0.0358,-0.0362,-0.0732,-0.059,-0.0444,-0.0346,-0.0196,-0.041,-0.0438,-0.0459,-0.0359,-0.0363,-0.0733,-0.0591,-0.0445,-0.0347,-0.0197,-2.421674,-2.016209,1.080231,0.0032,0.0246,0.0214,0.0143,0.011005,0.00625,-0.0029,0.0035,0.002441,-2.451754,-2.04147,1.034864,0.0025,0.0244,0.0219,0.0144,0.01012,0.012658,0.0092,-0.0029,0.003106
1942-05-01,194205,0.0003,0.0878,0.1006,0.0174,0.0682,0.0786,0.0772,0.1182,0.1478,0.0839,0.0348,0.0875,0.1003,0.0171,0.0679,0.0783,0.0769,0.1179,0.1475,0.0836,0.0345,-2.498495,-2.098018,1.021015,0.0037,0.0243,0.0206,0.0142,0.010525,0.012422,0.0075,-0.0055,0.001592,-2.421674,-2.016209,1.080231,0.0032,0.0246,0.0214,0.0143,0.011005,0.00625,-0.0029,0.0035,0.002441
1942-06-01,194206,0.0002,0.0352,0.0176,0.0351,0.0443,0.046,-0.0231,0.0253,0.0285,0.0166,0.019,0.035,0.0174,0.0349,0.0441,0.0458,-0.0233,0.0251,0.0283,0.0164,0.0188,-2.531771,-2.136458,0.99671,0.0037,0.0244,0.0207,0.0148,0.010198,0.0,0.0003,0.0031,0.0012,-2.498495,-2.098018,1.021015,0.0037,0.0243,0.0206,0.0142,0.010525,0.012422,0.0075,-0.0055,0.001592
1942-07-01,194207,0.0003,0.0242,0.0209,0.0276,0.0606,0.0181,0.0448,0.0496,0.016,-0.0047,0.0658,0.0239,0.0206,0.0273,0.0603,0.0178,0.0445,0.0493,0.0157,-0.005,0.0655,-2.583024,-2.181001,0.974272,0.0038,0.0244,0.0206,0.0147,0.008486,0.006135,0.0018,0.0002,0.002089,-2.531771,-2.136458,0.99671,0.0037,0.0244,0.0207,0.0148,0.010198,0.0,0.0003,0.0031,0.0012
1942-08-01,194208,0.0003,0.008,0.0235,0.0134,0.0355,0.0074,0.0249,0.0172,0.0244,0.0081,0.0243,0.0077,0.0232,0.0131,0.0352,0.0071,0.0246,0.0169,0.0241,0.0078,0.024,-2.610844,-2.201876,0.968682,0.0038,0.0244,0.0206,0.0147,0.007153,0.006098,0.0038,-0.0003,0.000627,-2.583024,-2.181001,0.974272,0.0038,0.0244,0.0206,0.0147,0.008486,0.006135,0.0018,0.0002,0.002089
1942-09-01,194209,0.0003,-0.0006,0.026,0.0326,0.0237,0.0518,0.0207,0.0067,0.0026,0.0586,0.0338,-0.0009,0.0257,0.0323,0.0234,0.0515,0.0204,0.0064,0.0023,0.0583,0.0335,-2.658453,-2.242293,0.944001,0.0038,0.0244,0.0206,0.0146,0.006244,0.0,0.0003,0.0017,0.000473,-2.610844,-2.201876,0.968682,0.0038,0.0244,0.0206,0.0147,0.007153,0.006098,0.0038,-0.0003,0.000627
1942-10-01,194210,0.0003,0.0451,0.0582,0.0673,0.0962,0.0627,0.0619,0.006,0.0414,0.1519,0.0891,0.0448,0.0579,0.067,0.0959,0.0624,0.0616,0.0057,0.0411,0.1516,0.0888,-2.737131,-2.273294,0.907489,0.0038,0.0244,0.0206,0.0144,0.004426,0.012121,0.0024,-0.0018,0.001274,-2.658453,-2.242293,0.944001,0.0038,0.0244,0.0206,0.0146,0.006244,0.0,0.0003,0.0017,0.000473
1942-11-01,194211,0.0003,0.027,-0.0019,-0.0239,0.0091,0.0202,0.0263,0.0667,0.0158,-0.0132,-0.0212,0.0267,-0.0022,-0.0242,0.0088,0.0199,0.026,0.0664,0.0155,-0.0135,-0.0215,-2.739764,-2.228939,0.899563,0.0038,0.0247,0.0209,0.0146,0.005096,0.005988,-0.0035,0.0041,0.000992,-2.737131,-2.273294,0.907489,0.0038,0.0244,0.0206,0.0144,0.004426,0.012121,0.0024,-0.0018,0.001274
1942-12-01,194212,0.0003,0.0474,0.0819,0.0529,0.0753,0.0618,0.0035,0.0275,0.0871,0.0436,0.0448,0.0471,0.0816,0.0526,0.075,0.0615,0.0032,0.0272,0.0868,0.0433,0.0445,-2.806949,-2.249758,0.862647,0.0038,0.0246,0.0208,0.0147,0.001812,0.005952,0.0049,0.0,0.000791,-2.739764,-2.228939,0.899563,0.0038,0.0247,0.0209,0.0146,0.005096,0.005988,-0.0035,0.0041,0.000992
1943-01-01,194301,0.0003,0.0915,0.0524,0.0697,0.064,0.098,0.0378,0.0693,0.0247,0.1473,0.0708,0.0912,0.0521,0.0694,0.0637,0.0977,0.0375,0.069,0.0244,0.147,0.0705,-2.876147,-2.306097,0.821306,0.0038,0.0245,0.0207,0.0137,0.002088,0.0,0.0033,0.0016,0.000745,-2.806949,-2.249758,0.862647,0.0038,0.0246,0.0208,0.0147,0.001812,0.005952,0.0049,0.0,0.000791
1943-02-01,194302,0.0003,0.0362,0.0759,0.0524,0.0793,0.0342,0.0881,0.0309,0.0365,0.0796,0.0947,0.0359,0.0756,0.0521,0.079,0.0339,0.0878,0.0306,0.0362,0.0793,0.0944,-2.925528,-2.342773,0.794079,0.0038,0.0246,0.0208,0.0131,0.00257,0.0,-0.0005,0.0011,0.00082,-2.876147,-2.306097,0.821306,0.0038,0.0245,0.0207,0.0137,0.002088,0.0,0.0033,0.0016,0.000745
1943-03-01,194303,0.0003,0.0437,0.0507,0.0602,0.0702,0.0746,0.0064,0.0872,0.0457,0.047,0.1014,0.0434,0.0504,0.0599,0.0699,0.0743,0.0061,0.0869,0.0454,0.0467,0.1011,-2.976912,-2.381621,0.783481,0.0038,0.0247,0.0209,0.0125,0.001892,0.017751,0.0009,0.0011,0.001369,-2.925528,-2.342773,0.794079,0.0038,0.0246,0.0208,0.0131,0.00257,0.0,-0.0005,0.0011,0.00082
1943-04-01,194304,0.0003,0.0104,0.0053,-0.0143,0.0097,0.0118,0.0416,0.0188,0.014,0.0403,0.0219,0.0101,0.005,-0.0146,0.0094,0.0115,0.0413,0.0185,0.0137,0.04,0.0216,-2.977775,-2.373182,0.789784,0.0038,0.0246,0.0208,0.012,0.001251,0.011628,0.0048,0.0001,0.002492,-2.976912,-2.381621,0.783481,0.0038,0.0247,0.0209,0.0125,0.001892,0.017751,0.0009,0.0011,0.001369
1943-05-01,194305,0.0003,0.0657,0.066,0.0538,0.057,0.0626,0.0457,0.0752,0.0599,0.0455,0.0559,0.0654,0.0657,0.0535,0.0567,0.0623,0.0454,0.0749,0.0596,0.0452,0.0556,-3.021664,-2.407854,0.757898,0.0038,0.0244,0.0206,0.0117,0.000946,0.005747,0.005,-0.0002,0.00109,-2.977775,-2.373182,0.789784,0.0038,0.0246,0.0208,0.012,0.001251,0.011628,0.0048,0.0001,0.002492
1943-06-01,194306,0.0003,0.0206,0.0485,0.0087,0.0119,0.0243,0.0228,0.056,-0.0066,0.042,-0.008,0.0203,0.0482,0.0084,0.0116,0.024,0.0225,0.0557,-0.0069,0.0417,-0.0083,-3.041289,-2.418346,0.746269,0.0038,0.0244,0.0206,0.0116,0.0012,0.0,0.0018,0.003,0.001069,-3.021664,-2.407854,0.757898,0.0038,0.0244,0.0206,0.0117,0.000946,0.005747,0.005,-0.0002,0.00109
1943-07-01,194307,0.0003,-0.0188,-0.097,-0.0682,-0.0286,-0.0731,-0.0018,-0.0315,-0.0332,-0.005,-0.0522,-0.0191,-0.0973,-0.0685,-0.0289,-0.0734,-0.0021,-0.0318,-0.0335,-0.0053,-0.0525,-2.979877,-2.36865,0.779599,0.0038,0.0245,0.0207,0.0112,0.017824,-0.005714,-0.0001,0.002,0.002433,-3.041289,-2.418346,0.746269,0.0038,0.0244,0.0206,0.0116,0.0012,0.0,0.0018,0.003,0.001069
1943-08-01,194308,0.0003,0.0094,0.0348,0.0067,0.0109,0.0049,0.0091,0.0376,0.0026,0.0184,0.0141,0.0091,0.0345,0.0064,0.0106,0.0046,0.0088,0.0373,0.0023,0.0181,0.0138,-2.984496,-2.384982,0.783194,0.0038,0.0245,0.0207,0.0112,0.013954,-0.005747,0.0021,-0.0002,0.001707,-2.979877,-2.36865,0.779599,0.0038,0.0245,0.0207,0.0112,0.017824,-0.005714,-0.0001,0.002,0.002433
1943-09-01,194309,0.0003,0.0218,0.0169,0.0267,0.014,0.0519,0.0145,0.0216,0.0402,0.0387,0.0218,0.0215,0.0166,0.0264,0.0137,0.0516,0.0142,0.0213,0.0399,0.0384,0.0215,-3.002377,-2.41459,0.763631,0.0038,0.0246,0.0208,0.0114,0.013693,0.00578,0.0011,-0.0006,0.000608,-2.984496,-2.384982,0.783194,0.0038,0.0245,0.0207,0.0112,0.013954,-0.005747,0.0021,-0.0002,0.001707
1943-10-01,194310,0.0003,-0.0027,-0.0112,-0.0084,-0.0205,-0.0343,0.0073,-0.0241,0.0059,0.0057,-0.0108,-0.003,-0.0115,-0.0087,-0.0208,-0.0346,0.007,-0.0244,0.0056,0.0054,-0.0111,-2.983504,-2.445431,0.773736,0.0038,0.0247,0.0209,0.0112,0.01687,0.0,0.0005,-0.0014,0.000764,-3.002377,-2.41459,0.763631,0.0038,0.0246,0.0208,0.0114,0.013693,0.00578,0.0011,-0.0006,0.000608
1943-11-01,194311,0.0003,-0.0458,-0.0533,-0.0646,-0.0697,-0.0643,-0.0174,-0.0452,-0.0394,-0.084,-0.0804,-0.0461,-0.0536,-0.0649,-0.07,-0.0646,-0.0177,-0.0455,-0.0397,-0.0843,-0.0807,-2.899487,-2.413134,0.825808,0.0038,0.0248,0.021,0.0112,0.019081,0.0,0.0,-0.0023,0.002002,-2.983504,-2.445431,0.773736,0.0038,0.0247,0.0209,0.0112,0.01687,0.0,0.0005,-0.0014,0.000764
1943-12-01,194312,0.0003,0.0615,0.0795,0.0592,0.0736,0.0803,0.0315,0.0693,0.0395,0.0743,0.0716,0.0612,0.0792,0.0589,0.0733,0.08,0.0312,0.069,0.0392,0.074,0.0713,-2.951318,-2.518897,0.787402,0.0038,0.0248,0.021,0.0108,0.014423,0.0,0.0018,0.0031,0.000989,-2.899487,-2.413134,0.825808,0.0038,0.0248,0.021,0.0112,0.019081,0.0,0.0,-0.0023,0.002002
1944-01-01,194401,0.0003,0.0397,0.0102,0.0194,0.0047,0.0063,0.0086,0.0078,0.0029,-0.0032,0.045,0.0394,0.0099,0.0191,0.0044,0.006,0.0083,0.0075,0.0026,-0.0035,0.0447,-2.961175,-2.537755,0.778748,0.0038,0.0248,0.021,0.0104,0.019253,0.0,0.0021,-0.0001,0.00064,-2.951318,-2.518897,0.787402,0.0038,0.0248,0.021,0.0108,0.014423,0.0,0.0018,0.0031,0.000989
1944-02-01,194402,0.0003,-0.0053,0.0371,-0.0037,0.0011,-0.0212,0.0088,0.0106,-0.0265,0.0151,0.0206,-0.0056,0.0368,-0.004,0.0008,-0.0215,0.0085,0.0103,-0.0268,0.0148,0.0203,-2.953219,-2.538786,0.785033,0.0038,0.0247,0.0209,0.0098,0.019494,0.0,0.0032,0.0002,0.000643,-2.961175,-2.537755,0.778748,0.0038,0.0248,0.021,0.0104,0.019253,0.0,0.0021,-0.0001,0.00064
1944-03-01,194403,0.0002,0.0283,0.0477,0.0227,0.0187,0.0379,0.0074,0.0228,0.0246,0.0178,0.0266,0.0281,0.0475,0.0225,0.0185,0.0377,0.0072,0.0226,0.0244,0.0176,0.0264,-2.964608,-2.559143,0.813886,0.0038,0.0247,0.0209,0.0096,0.019145,0.0,0.0021,0.0027,0.000636,-2.953219,-2.538786,0.785033,0.0038,0.0247,0.0209,0.0098,0.019494,0.0,0.0032,0.0002,0.000643
1944-04-01,194404,0.0003,-0.0195,-0.0118,-0.0203,-0.0137,-0.0192,-0.0057,-0.01,-0.0237,-0.0088,-0.0246,-0.0198,-0.0121,-0.0206,-0.014,-0.0195,-0.006,-0.0103,-0.024,-0.0091,-0.0249,-2.946689,-2.550175,0.829601,0.0038,0.0248,0.021,0.0094,0.020078,0.005747,0.0013,0.0021,0.000764,-2.964608,-2.559143,0.813886,0.0038,0.0247,0.0209,0.0096,0.019145,0.0,0.0021,0.0027,0.000636
1944-05-01,194405,0.0003,0.0534,0.0794,0.0558,0.0499,0.0364,0.0281,0.0508,0.0568,0.0278,0.0427,0.0531,0.0791,0.0555,0.0496,0.0361,0.0278,0.0505,0.0565,0.0275,0.0424,-2.980996,-2.593421,0.794432,0.0038,0.0247,0.0209,0.009,0.018397,0.0,0.0028,-0.0023,0.000412,-2.946689,-2.550175,0.829601,0.0038,0.0248,0.021,0.0094,0.020078,0.005747,0.0013,0.0021,0.000764
1944-06-01,194406,0.0003,0.0565,0.0932,0.0713,0.0054,0.075,0.0327,0.0584,0.0385,0.0492,0.0599,0.0562,0.0929,0.071,0.0051,0.0747,0.0324,0.0581,0.0382,0.0489,0.0596,-3.025445,-2.646791,0.761558,0.0038,0.0248,0.021,0.0086,0.018202,0.005714,0.0008,0.0012,0.000718,-2.980996,-2.593421,0.794432,0.0038,0.0247,0.0209,0.009,0.018397,0.0,0.0028,-0.0023,0.000412
1944-07-01,194407,0.0003,-0.0035,-0.0493,-0.0195,-0.0122,-0.0182,-0.0037,-0.0008,-0.0124,0.002,-0.0078,-0.0038,-0.0496,-0.0198,-0.0125,-0.0185,-0.004,-0.0011,-0.0127,0.0017,-0.0081,-2.999148,-2.633044,0.77339,0.0038,0.0247,0.0209,0.0085,0.004323,0.005682,0.0036,-0.0002,0.00094,-3.025445,-2.646791,0.761558,0.0038,0.0248,0.021,0.0086,0.018202,0.005714,0.0008,0.0012,0.000718
1944-08-01,194408,0.0003,0.0256,0.0398,0.0216,-0.0195,0.0196,0.0067,0.0313,0.0076,0.0366,0.0036,0.0253,0.0395,0.0213,-0.0198,0.0193,0.0064,0.031,0.0073,0.0363,0.0033,-3.002515,-2.648986,0.76876,0.0038,0.0247,0.0209,0.0084,0.00807,0.0,0.0027,0.0007,0.00056,-2.999148,-2.633044,0.77339,0.0038,0.0247,0.0209,0.0085,0.004323,0.005682,0.0036,-0.0002,0.00094
1944-09-01,194409,0.0002,-0.0022,0.0061,0.0056,-0.0138,-0.0064,0.0028,0.0182,0.0043,-0.0152,0.0011,-0.0024,0.0059,0.0054,-0.014,-0.0066,0.0026,0.018,0.0041,-0.0154,0.0009,-2.994169,-2.653242,0.772333,0.0038,0.0247,0.0209,0.0084,0.008963,0.0,0.0014,0.0005,0.001116,-3.002515,-2.648986,0.76876,0.0038,0.0247,0.0209,0.0084,0.00807,0.0,0.0027,0.0007,0.00056
1944-10-01,194410,0.0003,-0.0003,-0.0274,-0.0033,0.0187,0.0082,0.0076,0.0044,0.0109,0.0134,0.0068,-0.0006,-0.0277,-0.0036,0.0184,0.0079,0.0073,0.0041,0.0106,0.0131,0.0065,-2.994169,-2.642192,0.771173,0.0038,0.0247,0.0209,0.0083,0.00651,0.0,0.0012,0.0007,0.000675,-2.994169,-2.653242,0.772333,0.0038,0.0247,0.0209,0.0084,0.008963,0.0,0.0014,0.0005,0.001116
1944-11-01,194411,0.0003,0.0126,0.0224,0.0086,0.0264,0.0159,0.0069,0.0279,0.0052,-0.004,0.0431,0.0123,0.0221,0.0083,0.0261,0.0156,0.0066,0.0276,0.0049,-0.0043,0.0428,-2.998073,-2.635168,0.766986,0.0038,0.0247,0.0209,0.0081,0.005783,0.0,0.0024,0.0024,0.000424,-2.994169,-2.642192,0.771173,0.0038,0.0247,0.0209,0.0083,0.00651,0.0,0.0012,0.0007,0.000675
1944-12-01,194412,0.0002,0.0203,0.0397,0.0429,0.0515,0.0466,0.0071,0.0215,0.0171,0.0312,0.0848,0.0201,0.0395,0.0427,0.0513,0.0464,0.0069,0.0213,0.0169,0.031,0.0846,-3.032546,-2.65883,0.743764,0.0038,0.0246,0.0208,0.0079,0.019062,0.00565,0.0042,0.0107,0.000872,-2.998073,-2.635168,0.766986,0.0038,0.0247,0.0209,0.0081,0.005783,0.0,0.0024,0.0024,0.000424
1945-01-01,194501,0.0003,0.0263,0.0137,0.0277,0.0492,0.0067,-0.0212,0.0007,0.0056,0.0569,0.0061,0.026,0.0134,0.0274,0.0489,0.0064,-0.0215,0.0004,0.0053,0.0566,0.0058,-3.041558,-2.66234,0.735342,0.0038,0.024,0.0202,0.0077,0.016454,0.0,0.0127,-0.0051,0.000924,-3.032546,-2.65883,0.743764,0.0038,0.0246,0.0208,0.0079,0.019062,0.00565,0.0042,0.0107,0.000872
1945-02-01,194502,0.0002,0.0395,0.0766,0.0696,0.0732,0.0661,0.0284,0.0453,0.0424,0.0612,0.079,0.0393,0.0764,0.0694,0.073,0.0659,0.0282,0.0451,0.0422,0.061,0.0788,-3.096183,-2.711553,0.704489,0.0038,0.0236,0.0198,0.0076,0.014836,0.0,0.0077,-0.0031,0.000655,-3.041558,-2.66234,0.735342,0.0038,0.024,0.0202,0.0077,0.016454,0.0,0.0127,-0.0051,0.000924
1945-03-01,194503,0.0002,-0.03,-0.0603,-0.0479,-0.0525,-0.0383,-0.0011,-0.0137,-0.0183,-0.0311,-0.0359,-0.0302,-0.0605,-0.0481,-0.0527,-0.0385,-0.0013,-0.0139,-0.0185,-0.0313,-0.0361,-3.04379,-2.653829,0.767883,0.0038,0.0236,0.0198,0.0076,0.015963,0.0,0.0021,-0.0003,0.001887,-3.096183,-2.711553,0.704489,0.0038,0.0236,0.0198,0.0076,0.014836,0.0,0.0077,-0.0031,0.000655
1945-04-01,194504,0.0003,0.0708,0.1116,0.0841,0.069,0.0805,0.0251,0.0716,0.0633,0.1012,0.0886,0.0705,0.1113,0.0838,0.0687,0.0802,0.0248,0.0713,0.063,0.1009,0.0883,-3.128109,-2.724355,0.715063,0.0038,0.0228,0.019,0.0075,0.015086,0.0,0.016,-0.0142,0.001398,-3.04379,-2.653829,0.767883,0.0038,0.0236,0.0198,0.0076,0.015963,0.0,0.0021,-0.0003,0.001887
1945-05-01,194505,0.0003,0.0234,0.0079,0.0081,-0.0086,0.0183,0.0376,0.0628,0.0412,0.0189,0.0312,0.0231,0.0076,0.0078,-0.0089,0.018,0.0373,0.0625,0.0409,0.0186,0.0309,-3.1395,-2.722139,0.702911,0.0038,0.0226,0.0188,0.007,0.019773,0.005618,0.0056,-0.0067,0.000921,-3.128109,-2.724355,0.715063,0.0038,0.0228,0.019,0.0075,0.015086,0.0,0.016,-0.0142,0.001398
1945-06-01,194506,0.0002,0.0088,-0.0153,-0.0016,-0.005,-0.0189,0.0265,-0.0314,-0.0466,0.0516,0.0449,0.0086,-0.0155,-0.0018,-0.0052,-0.0191,0.0263,-0.0316,-0.0468,0.0514,0.0447,-3.136163,-2.70538,0.718843,0.0038,0.0217,0.0179,0.0068,0.019466,0.011173,0.0169,-0.0137,0.000866,-3.1395,-2.722139,0.702911,0.0038,0.0226,0.0188,0.007,0.019773,0.005618,0.0056,-0.0067,0.000921
1945-07-01,194507,0.0003,-0.0144,-0.0099,-0.0299,-0.0323,-0.0173,0.0218,-0.0011,-0.0162,-0.0034,-0.0548,-0.0147,-0.0102,-0.0302,-0.0326,-0.0176,0.0215,-0.0014,-0.0165,-0.0037,-0.0551,-3.110791,-2.688461,0.726302,0.0038,0.0224,0.0186,0.0066,0.020437,0.0,-0.0086,0.0075,0.001814,-3.136163,-2.70538,0.718843,0.0038,0.0217,0.0179,0.0068,0.019466,0.011173,0.0169,-0.0137,0.000866
1945-08-01,194508,0.0003,0.0774,0.0948,0.0885,0.0224,0.0976,0.0174,0.0825,0.0922,0.0103,0.0254,0.0771,0.0945,0.0882,0.0221,0.0973,0.0171,0.0822,0.0919,0.01,0.0251,-3.162063,-2.748174,0.678754,0.0038,0.0223,0.0185,0.0065,0.018945,0.0,0.0026,-0.0022,0.002097,-3.110791,-2.688461,0.726302,0.0038,0.0224,0.0186,0.0066,0.020437,0.0,-0.0086,0.0075,0.001814
1945-09-01,194509,0.0003,0.0629,0.0274,0.0617,0.0199,0.0341,0.019,0.0565,0.0651,0.0659,0.0611,0.0626,0.0271,0.0614,0.0196,0.0338,0.0187,0.0562,0.0648,0.0656,0.0608,-3.198054,-2.792589,0.656821,0.0038,0.0221,0.0183,0.0062,0.017607,0.0,0.0054,-0.0022,0.001439,-3.162063,-2.748174,0.678754,0.0038,0.0223,0.0185,0.0065,0.018945,0.0,0.0026,-0.0022,0.002097
1945-10-01,194510,0.0003,0.0678,0.002,0.0228,0.0631,0.0076,0.0236,0.0596,0.066,0.0619,0.0573,0.0675,0.0017,0.0225,0.0628,0.0073,0.0233,0.0593,0.0657,0.0616,0.057,-3.227926,-2.832613,0.633976,0.0038,0.0216,0.0178,0.0058,0.018581,0.0,0.0104,-0.0072,0.000981,-3.198054,-2.792589,0.656821,0.0038,0.0221,0.0183,0.0062,0.017607,0.0,0.0054,-0.0022,0.001439
1945-11-01,194511,0.0002,0.0368,0.0263,0.0485,0.0839,0.027,0.0339,0.0691,0.0859,0.0481,0.0915,0.0366,0.0261,0.0483,0.0837,0.0268,0.0337,0.0689,0.0857,0.0479,0.0913,-3.259843,-2.874787,0.617884,0.0038,0.021,0.0172,0.0053,0.018934,0.0,0.0125,-0.0093,0.001448,-3.227926,-2.832613,0.633976,0.0038,0.0216,0.0178,0.0058,0.018581,0.0,0.0104,-0.0072,0.000981
1945-12-01,194512,0.0003,0.0129,0.0254,0.0156,-0.0025,0.0263,0.0048,0.0346,0.0153,-0.0109,0.0014,0.0126,0.0251,0.0153,-0.0028,0.026,0.0045,0.0343,0.015,-0.0112,0.0011,-3.269684,-2.894991,0.613239,0.0038,0.0199,0.0161,0.0049,0.025525,0.005525,0.0194,-0.0061,0.001538,-3.259843,-2.874787,0.617884,0.0038,0.021,0.0172,0.0053,0.018934,0.0,0.0125,-0.0093,0.001448
1946-01-01,194601,0.0003,0.0485,0.0667,0.0798,-0.0007,0.0645,0.0191,0.1098,0.0776,0.1093,0.0739,0.0482,0.0664,0.0795,-0.001,0.0642,0.0188,0.1095,0.0773,0.109,0.0736,-3.327012,-2.983423,0.578004,0.0038,0.0199,0.0161,0.0047,0.027969,0.0,0.0025,0.0103,0.002645,-3.269684,-2.894991,0.613239,0.0038,0.0199,0.0161,0.0049,0.025525,0.005525,0.0194,-0.0061,0.001538
1946-02-01,194602,0.0003,-0.0481,-0.0896,-0.0611,-0.0468,-0.0737,-0.0282,-0.0425,-0.0432,-0.0574,-0.0615,-0.0484,-0.0899,-0.0614,-0.0471,-0.074,-0.0285,-0.0428,-0.0435,-0.0577,-0.0618,-3.245065,-2.932931,0.622337,0.0038,0.0198,0.016,0.0047,0.031091,-0.005495,0.0032,0.0002,0.005942,-3.327012,-2.983423,0.578004,0.0038,0.0199,0.0161,0.0047,0.027969,0.0,0.0025,0.0103,0.002645
1946-03-01,194603,0.0003,0.0636,0.0099,0.0568,0.1106,0.0217,0.0117,0.1142,0.1458,0.0629,0.0469,0.0633,0.0096,0.0565,0.1103,0.0214,0.0114,0.1139,0.1455,0.0626,0.0466,-3.280469,-3.000167,0.614853,0.0038,0.0198,0.016,0.0047,0.031188,0.01105,0.001,0.0024,0.001497,-3.245065,-2.932931,0.622337,0.0038,0.0198,0.016,0.0047,0.031091,-0.005495,0.0032,0.0002,0.005942
1946-04-01,194604,0.0003,0.0354,0.0142,0.0433,0.0877,0.017,0.0159,0.072,0.1467,0.0434,0.0169,0.0351,0.0139,0.043,0.0874,0.0167,0.0156,0.0717,0.1464,0.0431,0.0166,-3.317389,-3.05956,0.593413,0.0038,0.0207,0.0169,0.005,0.031307,0.005464,-0.0135,0.0092,0.001078,-3.280469,-3.000167,0.614853,0.0038,0.0198,0.016,0.0047,0.031188,0.01105,0.001,0.0024,0.001497
1946-05-01,194605,0.0003,0.0335,0.052,0.0502,0.0369,0.0515,0.0282,0.0189,0.0563,0.0304,0.034,0.0332,0.0517,0.0499,0.0366,0.0512,0.0279,0.0186,0.056,0.0301,0.0337,-3.339531,-3.104691,0.57801,0.0038,0.0209,0.0171,0.0051,0.032,0.005435,-0.0012,0.0031,0.001272,-3.317389,-3.05956,0.593413,0.0038,0.0207,0.0169,0.005,0.031307,0.005464,-0.0135,0.0092,0.001078
1946-06-01,194606,0.0003,-0.0361,-0.0593,-0.0359,-0.0315,-0.0526,0.0029,-0.077,-0.0552,-0.028,-0.0326,-0.0364,-0.0596,-0.0362,-0.0318,-0.0529,0.0026,-0.0773,-0.0555,-0.0283,-0.0329,-3.299642,-3.088333,0.596732,0.0038,0.0206,0.0168,0.0054,0.033592,0.010811,0.007,-0.0051,0.001482,-3.339531,-3.104691,0.57801,0.0038,0.0209,0.0171,0.0051,0.032,0.005435,-0.0012,0.0031,0.001272
1946-07-01,194607,0.0003,-0.0075,-0.0475,-0.0327,-0.0007,-0.0329,-0.0008,-0.0283,-0.0323,-0.0363,-0.0497,-0.0078,-0.0478,-0.033,-0.001,-0.0332,-0.0011,-0.0286,-0.0326,-0.0366,-0.05,-3.26892,-3.042853,0.608752,0.0038,0.0209,0.0171,0.0055,0.039175,0.058824,-0.004,0.0028,0.001704,-3.299642,-3.088333,0.596732,0.0038,0.0206,0.0168,0.0054,0.033592,0.010811,0.007,-0.0051,0.001482
1946-08-01,194608,0.0003,-0.0529,-0.104,-0.0672,-0.0563,-0.0691,-0.07,-0.0491,-0.0327,-0.0537,-0.0681,-0.0532,-0.1043,-0.0675,-0.0566,-0.0694,-0.0703,-0.0494,-0.033,-0.054,-0.0684,-3.188316,-2.947849,0.648554,0.0038,0.0217,0.0179,0.0052,0.043268,0.020202,-0.0111,0.0023,0.00198,-3.26892,-3.042853,0.608752,0.0038,0.0209,0.0171,0.0055,0.039175,0.058824,-0.004,0.0028,0.001704
1946-09-01,194609,0.0003,-0.1075,-0.1488,-0.1039,-0.0805,-0.0979,-0.0475,-0.069,-0.0703,-0.0897,-0.1441,-0.1078,-0.1491,-0.1042,-0.0808,-0.0982,-0.0478,-0.0693,-0.0706,-0.09,-0.1444,-3.076444,-2.821914,0.711634,0.0038,0.0219,0.0181,0.0052,0.049112,0.009901,-0.0009,-0.0017,0.016025,-3.188316,-2.947849,0.648554,0.0038,0.0217,0.0179,0.0052,0.043268,0.020202,-0.0111,0.0023,0.00198
1946-10-01,194610,0.0003,0.0047,-0.0331,-0.0188,-0.0066,-0.0277,-0.0513,-0.0223,-0.0024,0.0142,-0.0045,0.0044,-0.0334,-0.0191,-0.0069,-0.028,-0.0516,-0.0226,-0.0027,0.0139,-0.0048,-3.058774,-2.752134,0.725392,0.0038,0.0216,0.0178,0.0055,0.048597,0.019608,0.0074,-0.0054,0.006116,-3.076444,-2.821914,0.711634,0.0038,0.0219,0.0181,0.0052,0.049112,0.009901,-0.0009,-0.0017,0.016025
1946-11-01,194611,0.0003,-0.0132,-0.0116,0.0176,0.0055,-0.0215,0.0179,-0.0499,0.0166,0.008,0.0001,-0.0135,-0.0119,0.0173,0.0052,-0.0218,0.0176,-0.0502,0.0163,0.0077,-0.0002,-3.037729,-2.68248,0.7227,0.0038,0.022,0.0182,0.0058,0.048072,0.024038,-0.0054,0.0029,0.003914,-3.058774,-2.752134,0.725392,0.0038,0.0216,0.0178,0.0055,0.048597,0.019608,0.0074,-0.0054,0.006116
1946-12-01,194612,0.0003,0.0375,0.0617,0.0666,0.0439,0.0474,0.0382,0.0404,0.0724,0.0609,0.0276,0.0372,0.0614,0.0663,0.0436,0.0471,0.0379,0.0401,0.0721,0.0606,0.0273,-3.070343,-2.669584,0.692438,0.0038,0.0212,0.0174,0.0056,0.036076,0.00939,0.0145,-0.0032,0.002716,-3.037729,-2.68248,0.7227,0.0038,0.022,0.0182,0.0058,0.048072,0.024038,-0.0054,0.0029,0.003914
1947-01-01,194701,0.0003,0.0024,0.109,0.009,-0.0065,0.0538,0.0103,0.0069,-0.0532,-0.0014,0.0047,0.0021,0.1087,0.0087,-0.0068,0.0535,0.01,0.0066,-0.0535,-0.0017,0.0044,-3.088917,-2.628892,0.680004,0.0038,0.0214,0.0176,0.0056,0.031538,0.0,-0.0006,0.0011,0.002112,-3.070343,-2.669584,0.692438,0.0038,0.0212,0.0174,0.0056,0.036076,0.00939,0.0145,-0.0032,0.002716
1947-02-01,194702,0.0003,-0.0027,0.0148,-0.0069,-0.0271,-0.0208,-0.0205,-0.0041,-0.042,-0.009,-0.0128,-0.003,0.0145,-0.0072,-0.0274,-0.0211,-0.0208,-0.0044,-0.0423,-0.0093,-0.0131,-3.069458,-2.553992,0.685858,0.0038,0.0214,0.0176,0.0057,0.030103,0.0,0.0021,-0.0016,0.001364,-3.088917,-2.628892,0.680004,0.0038,0.0214,0.0176,0.0056,0.031538,0.0,-0.0006,0.0011,0.002112
1947-03-01,194703,0.0003,-0.0223,-0.027,-0.016,0.0229,-0.0229,-0.0215,-0.022,-0.0126,-0.0279,-0.0335,-0.0226,-0.0273,-0.0163,0.0226,-0.0232,-0.0218,-0.0223,-0.0129,-0.0282,-0.0338,-3.047824,-2.480303,0.741535,0.0038,0.0213,0.0175,0.006,0.03102,0.018605,0.002,0.0047,0.002411,-3.069458,-2.553992,0.685858,0.0038,0.0214,0.0176,0.0057,0.030103,0.0,0.0021,-0.0016,0.001364
1947-04-01,194704,0.0003,-0.0665,-0.0408,-0.0574,-0.0044,-0.0521,-0.0022,-0.0798,-0.0861,-0.0376,-0.0627,-0.0668,-0.0411,-0.0577,-0.0047,-0.0524,-0.0025,-0.0801,-0.0864,-0.0379,-0.063,-2.989806,-2.396979,0.770042,0.0038,0.0217,0.0179,0.0063,0.031346,0.0,-0.0037,0.0057,0.002307,-3.047824,-2.480303,0.741535,0.0038,0.0213,0.0175,0.006,0.03102,0.018605,0.002,0.0047,0.002411
1947-05-01,194705,0.0003,-0.0055,-0.0214,-0.0209,0.0256,-0.0027,-0.011,-0.0036,-0.0265,-0.0248,-0.0207,-0.0058,-0.0217,-0.0212,0.0253,-0.003,-0.0113,-0.0039,-0.0268,-0.0251,-0.021,-2.96283,-2.346201,0.776366,0.0038,0.0216,0.0178,0.0064,0.025894,0.0,0.0033,-0.0013,0.002545,-2.989806,-2.396979,0.770042,0.0038,0.0217,0.0179,0.0063,0.031346,0.0,-0.0037,0.0057,0.002307
1947-06-01,194706,0.0003,0.0654,0.0588,0.0576,0.0777,0.0387,-0.0319,0.099,0.042,0.0395,0.0319,0.0651,0.0585,0.0573,0.0774,0.0384,-0.0322,0.0987,0.0417,0.0392,0.0316,-2.99639,-2.35731,0.741117,0.0038,0.0216,0.0178,0.0066,0.026473,0.004566,0.001,-0.0006,0.001959,-2.96283,-2.346201,0.776366,0.0038,0.0216,0.0178,0.0064,0.025894,0.0,0.0033,-0.0013,0.002545
1947-07-01,194707,0.0003,0.0465,0.052,0.0387,0.0388,0.0634,0.0081,0.0461,0.0261,0.0251,0.0598,0.0462,0.0517,0.0384,0.0385,0.0631,0.0078,0.0458,0.0258,0.0248,0.0595,-3.01884,-2.367686,0.717327,0.0066,0.0214,0.0148,0.0063,0.020641,0.009091,0.0063,-0.0043,0.001977,-2.99639,-2.35731,0.741117,0.0038,0.0216,0.0178,0.0066,0.026473,0.004566,0.001,-0.0006,0.001959
1947-08-01,194708,0.0003,-0.0138,-0.0076,-0.0102,-0.023,-0.0422,0.0036,-0.0355,-0.0383,0.0024,-0.0318,-0.0141,-0.0079,-0.0105,-0.0233,-0.0425,0.0033,-0.0358,-0.0386,0.0021,-0.0321,-2.977621,-2.314847,0.734694,0.0075,0.021,0.0135,0.0061,0.023177,0.013514,0.0081,-0.0152,0.000824,-3.01884,-2.367686,0.717327,0.0066,0.0214,0.0148,0.0063,0.020641,0.009091,0.0063,-0.0043,0.001977
1947-09-01,194709,0.0006,0.0039,0.0017,0.0071,-0.0271,0.0114,0.0083,-0.0281,-0.0263,-0.0133,-0.0096,0.0033,0.0011,0.0065,-0.0277,0.0108,0.0077,-0.0287,-0.0269,-0.0139,-0.0102,-2.951079,-2.277102,0.740323,0.008,0.0213,0.0133,0.0062,0.024059,0.022222,-0.0044,-0.0087,0.001385,-2.977621,-2.314847,0.734694,0.0075,0.021,0.0135,0.0061,0.023177,0.013514,0.0081,-0.0152,0.000824
1947-10-01,194710,0.0006,0.0136,0.0293,0.0324,0.0524,0.0174,0.0021,0.0303,0.0121,0.0015,0.01,0.013,0.0287,0.0318,0.0518,0.0168,0.0015,0.0297,0.0115,0.0009,0.0094,-2.951158,-2.285238,0.722733,0.0085,0.0217,0.0132,0.0065,0.023019,0.0,-0.0037,-0.0062,0.00087,-2.951079,-2.277102,0.740323,0.008,0.0213,0.0133,0.0062,0.024059,0.022222,-0.0044,-0.0087,0.001385
1947-11-01,194711,0.0006,-0.017,-0.027,-0.0122,-0.0035,-0.0055,-0.0257,-0.0243,-0.0306,-0.0763,-0.0198,-0.0176,-0.0276,-0.0128,-0.0041,-0.0061,-0.0263,-0.0249,-0.0312,-0.0769,-0.0204,-2.901778,-2.243649,0.731993,0.0092,0.0229,0.0137,0.0067,0.025908,0.004348,-0.0174,0.0076,0.000476,-2.951158,-2.285238,0.722733,0.0085,0.0217,0.0132,0.0065,0.023019,0.0,-0.0037,-0.0062,0.00087
1947-12-01,194712,0.0008,0.007,0.0225,0.0264,0.0934,0.0249,0.0044,0.0037,0.0312,0.0118,0.0371,0.0062,0.0217,0.0256,0.0926,0.0241,0.0036,0.0029,0.0304,0.011,0.0363,-2.902206,-2.251619,0.725326,0.0095,0.0243,0.0148,0.0066,0.025922,0.012987,-0.0192,0.0216,0.001107,-2.901778,-2.243649,0.731993,0.0092,0.0229,0.0137,0.0067,0.025908,0.004348,-0.0174,0.0076,0.000476
1948-01-01,194801,0.0007,-0.0269,-0.0535,-0.0408,-0.0743,-0.0553,0.001,-0.0329,-0.0825,-0.0022,-0.0088,-0.0276,-0.0542,-0.0415,-0.075,-0.056,0.0003,-0.0336,-0.0832,-0.0029,-0.0095,-2.85756,-2.190442,0.751888,0.0097,0.0243,0.0146,0.0066,0.027765,0.012821,0.002,0.0004,0.001049,-2.902206,-2.251619,0.725326,0.0095,0.0243,0.0148,0.0066,0.025922,0.012987,-0.0192,0.0216,0.001107
1948-02-01,194802,0.0007,-0.0613,-0.0543,-0.0533,-0.0295,-0.0394,-0.0106,-0.0379,-0.0354,-0.0359,-0.0412,-0.062,-0.055,-0.054,-0.0302,-0.0401,-0.0113,-0.0386,-0.0361,-0.0366,-0.0419,-2.805505,-2.122248,0.78777,0.01,0.0241,0.0141,0.0068,0.029134,-0.008439,0.0046,-0.0007,0.001756,-2.85756,-2.190442,0.751888,0.0097,0.0243,0.0146,0.0066,0.027765,0.012821,0.002,0.0004,0.001049
1948-03-01,194803,0.0009,0.0549,0.0727,0.0966,0.0995,0.1117,0.0197,0.067,0.0635,0.0676,0.1001,0.054,0.0718,0.0957,0.0986,0.1108,0.0188,0.0661,0.0626,0.0667,0.0992,-2.875888,-2.176876,0.841422,0.01,0.0241,0.0141,0.007,0.027187,-0.004255,0.0034,0.0081,0.002082,-2.805505,-2.122248,0.78777,0.01,0.0241,0.0141,0.0068,0.029134,-0.008439,0.0046,-0.0007,0.001756
1948-04-01,194804,0.0008,0.0134,0.0117,0.0251,0.1124,-0.0059,0.0265,0.0508,0.0214,0.0151,0.0326,0.0126,0.0109,0.0243,0.1116,-0.0067,0.0257,0.05,0.0206,0.0143,0.0318,-2.902068,-2.174235,0.825993,0.01,0.0239,0.0139,0.0069,0.027454,0.017094,0.0045,-0.0007,0.000552,-2.875888,-2.176876,0.841422,0.01,0.0241,0.0141,0.007,0.027187,-0.004255,0.0034,0.0081,0.002082
1948-05-01,194805,0.0008,0.051,0.1454,0.0789,0.061,0.1278,0.0249,0.0859,0.068,0.0575,0.0677,0.0502,0.1446,0.0781,0.0602,0.127,0.0241,0.0851,0.0672,0.0567,0.0669,-2.977329,-2.221483,0.781692,0.01,0.0231,0.0131,0.0062,0.025578,0.004202,0.0141,-0.0133,0.001453,-2.902068,-2.174235,0.825993,0.01,0.0239,0.0139,0.0069,0.027454,0.017094,0.0045,-0.0007,0.000552
1948-06-01,194806,0.0009,-0.0198,0.003,-0.0099,0.0349,-0.0142,0.0043,-0.0131,-0.0219,0.0249,-0.0078,-0.0207,0.0021,-0.0108,0.034,-0.0151,0.0034,-0.014,-0.0228,0.024,-0.0087,-2.98032,-2.197225,0.786974,0.01,0.0238,0.0138,0.0058,0.023894,0.008368,-0.0084,0.0001,0.000907,-2.977329,-2.221483,0.781692,0.01,0.0231,0.0131,0.0062,0.025578,0.004202,0.0141,-0.0133,0.001453
1948-07-01,194807,0.0008,-0.0168,-0.0437,-0.0499,-0.0718,-0.066,-0.0165,-0.0772,-0.0426,-0.0414,-0.0499,-0.0176,-0.0445,-0.0507,-0.0726,-0.0668,-0.0173,-0.078,-0.0434,-0.0422,-0.0507,-2.917876,-2.105649,0.822258,0.01,0.0241,0.0141,0.0056,0.022179,0.012448,-0.0021,-0.0031,0.002767,-2.98032,-2.197225,0.786974,0.01,0.0238,0.0138,0.0058,0.023894,0.008368,-0.0084,0.0001,0.000907
1948-08-01,194808,0.0009,0.0002,0.0112,0.0041,-0.0203,0.0307,0.0006,0.025,-0.019,0.001,0.0153,-0.0007,0.0103,0.0032,-0.0212,0.0298,-0.0003,0.0241,-0.0199,0.0001,0.0144,-2.917667,-2.077565,0.820538,0.0106,0.0242,0.0136,0.006,0.019227,0.004098,0.0001,0.0054,0.001185,-2.917876,-2.105649,0.822258,0.01,0.0241,0.0141,0.0056,0.022179,0.012448,-0.0021,-0.0031,0.002767
1948-09-01,194809,0.0004,-0.0398,-0.0389,-0.0268,-0.0447,-0.0319,-0.0023,-0.0094,-0.031,-0.0092,-0.0346,-0.0402,-0.0393,-0.0272,-0.0451,-0.0323,-0.0027,-0.0098,-0.0314,-0.0096,-0.035,-2.879457,-2.012646,0.836231,0.0109,0.0242,0.0133,0.0061,0.019128,0.0,0.0014,0.001,0.002396,-2.917667,-2.077565,0.820538,0.0106,0.0242,0.0136,0.006,0.019227,0.004098,0.0001,0.0054,0.001185
1948-10-01,194810,0.0004,0.0363,0.0795,0.0669,0.092,0.0685,0.0111,0.0414,0.052,0.0445,0.0496,0.0359,0.0791,0.0665,0.0916,0.0681,0.0107,0.041,0.0516,0.0441,0.0492,-2.922316,-2.043421,0.791906,0.0112,0.0243,0.0131,0.0066,0.018134,-0.004082,0.0007,0.0017,0.000828,-2.879457,-2.012646,0.836231,0.0109,0.0242,0.0133,0.0061,0.019128,0.0,0.0014,0.001,0.002396
1948-11-01,194811,0.0004,-0.0618,-0.1201,-0.1021,-0.1221,-0.0928,-0.0206,-0.0577,-0.0575,-0.0909,-0.1061,-0.0622,-0.1205,-0.1025,-0.1225,-0.0932,-0.021,-0.0581,-0.0579,-0.0913,-0.1065,-2.785554,-1.895237,0.870911,0.0114,0.0239,0.0125,0.0069,0.017792,-0.008197,0.0076,0.0009,0.006159,-2.922316,-2.043421,0.791906,0.0112,0.0243,0.0131,0.0066,0.018134,-0.004082,0.0007,0.0017,0.000828
1948-12-01,194812,0.0004,0.0067,0.0343,0.0404,0.0473,0.0633,0.0109,0.0152,0.0454,0.0266,0.0287,0.0063,0.0339,0.04,0.0469,0.0629,0.0105,0.0148,0.045,0.0262,0.0283,-2.793866,-1.892744,0.840948,0.0116,0.0237,0.0121,0.0074,0.015015,-0.004132,0.0056,0.0075,0.000967,-2.785554,-1.895237,0.870911,0.0114,0.0239,0.0125,0.0069,0.017792,-0.008197,0.0076,0.0009,0.006159
1949-01-01,194901,0.001,0.0367,0.0244,0.0031,-0.0383,-0.0133,-0.0127,0.0117,0.0458,0.0476,0.003,0.0357,0.0234,0.0021,-0.0393,-0.0143,-0.0137,0.0107,0.0448,0.0466,0.002,-2.777418,-1.881043,0.832403,0.0117,0.0233,0.0116,0.0075,0.013298,-0.004149,0.0082,-0.0044,0.001313,-2.793866,-1.892744,0.840948,0.0116,0.0237,0.0121,0.0074,0.015015,-0.004132,0.0056,0.0075,0.000967
1949-02-01,194902,0.0009,-0.0193,-0.0372,-0.0344,-0.043,-0.0421,-0.003,-0.0227,-0.0093,0.0067,-0.0319,-0.0202,-0.0381,-0.0353,-0.0439,-0.043,-0.0039,-0.0236,-0.0102,0.0058,-0.0328,-2.719747,-1.827975,0.861551,0.0117,0.0231,0.0114,0.0074,0.017219,-0.008333,0.0049,-0.0011,0.00141,-2.777418,-1.881043,0.832403,0.0117,0.0233,0.0116,0.0075,0.013298,-0.004149,0.0082,-0.0044,0.001313
1949-03-01,194903,0.001,0.0321,0.0342,0.0357,0.0608,0.0583,0.0136,0.044,0.055,0.038,0.0492,0.0311,0.0332,0.0347,0.0598,0.0573,0.0126,0.043,0.054,0.037,0.0482,-2.732245,-1.844942,0.90175,0.0117,0.0227,0.011,0.0077,0.014659,0.0,0.0074,-0.0067,0.001121,-2.719747,-1.827975,0.861551,0.0117,0.0231,0.0114,0.0074,0.017219,-0.008333,0.0049,-0.0011,0.00141
1949-04-01,194904,0.0009,-0.0165,-0.0422,-0.0354,0.0128,-0.0371,-0.0165,-0.0164,0.0024,0.0122,-0.0153,-0.0174,-0.0431,-0.0363,0.0119,-0.038,-0.0174,-0.0173,0.0015,0.0113,-0.0162,-2.697254,-1.820666,0.9175,0.0117,0.0227,0.011,0.0075,0.015289,0.004202,0.0011,0.0012,0.000499,-2.732245,-1.844942,0.90175,0.0117,0.0227,0.011,0.0077,0.014659,0.0,0.0074,-0.0067,0.001121
1949-05-01,194905,0.001,-0.0043,-0.0294,-0.0334,-0.0567,-0.0532,-0.0217,0.0017,-0.019,-0.0059,-0.0271,-0.0053,-0.0304,-0.0344,-0.0577,-0.0542,-0.0227,0.0007,-0.02,-0.0069,-0.0281,-2.64589,-1.779852,0.948563,0.0117,0.0227,0.011,0.0074,0.016901,-0.004184,0.0019,0.0019,0.001008,-2.697254,-1.820666,0.9175,0.0117,0.0227,0.011,0.0075,0.015289,0.004202,0.0011,0.0012,0.000499
1949-06-01,194906,0.001,0.0104,0.013,0.0024,-0.0118,0.0011,0.0113,0.0287,0.0217,-0.0101,-0.0137,0.0094,0.012,0.0014,-0.0128,0.0001,0.0103,0.0277,0.0207,-0.0111,-0.0147,-2.630618,-1.774952,0.953888,0.0117,0.0217,0.01,0.0076,0.016812,0.004202,0.0167,-0.0083,0.001698,-2.64589,-1.779852,0.948563,0.0117,0.0227,0.011,0.0074,0.016901,-0.004184,0.0019,0.0019,0.001008
1949-07-01,194907,0.0009,0.0495,0.0944,0.0594,0.0624,0.069,0.0241,0.0516,0.0601,0.0472,0.0419,0.0486,0.0935,0.0585,0.0615,0.0681,0.0232,0.0507,0.0592,0.0463,0.041,-2.684393,-1.836633,0.907799,0.0102,0.0216,0.0114,0.0079,0.019511,-0.008368,0.0033,0.0066,0.000641,-2.630618,-1.774952,0.953888,0.0117,0.0217,0.01,0.0076,0.016812,0.004202,0.0167,-0.0083,0.001698
1949-08-01,194908,0.0009,0.0397,0.0232,0.0216,0.055,0.0074,0.0097,0.015,0.0018,0.0368,0.0144,0.0388,0.0223,0.0207,0.0541,0.0065,0.0088,0.0141,0.0009,0.0359,0.0135,-2.689824,-1.849925,0.893877,0.0104,0.021,0.0106,0.0078,0.019441,0.004219,0.0111,-0.0074,0.001074,-2.684393,-1.836633,0.907799,0.0102,0.0216,0.0114,0.0079,0.019511,-0.008368,0.0033,0.0066,0.000641
1949-09-01,194909,0.0009,0.0284,0.0264,0.0393,0.0303,0.0365,0.0121,0.023,0.0186,0.0406,0.0341,0.0275,0.0255,0.0384,0.0294,0.0356,0.0112,0.0221,0.0177,0.0397,0.0332,-2.706767,-1.874695,0.875021,0.0107,0.0212,0.0105,0.0077,0.023343,0.004202,-0.0011,0.0032,0.001548,-2.689824,-1.849925,0.893877,0.0104,0.021,0.0106,0.0078,0.019441,0.004219,0.0111,-0.0074,0.001074
1949-10-01,194910,0.0009,0.0152,0.0734,0.0434,0.0371,0.0374,0.0188,0.0066,0.0338,0.0131,0.0242,0.0143,0.0725,0.0425,0.0362,0.0365,0.0179,0.0057,0.0329,0.0122,0.0233,-2.70432,-1.913602,0.842566,0.0105,0.0212,0.0107,0.0075,0.022233,-0.008368,0.0019,0.0048,0.000614,-2.706767,-1.874695,0.875021,0.0107,0.0212,0.0105,0.0077,0.023343,0.004202,-0.0011,0.0032,0.001548
1949-11-01,194911,0.0008,0.0184,0.0488,0.0323,-0.0285,0.039,0.0167,0.0211,0.048,0.0328,0.0122,0.0176,0.048,0.0315,-0.0293,0.0382,0.0159,0.0203,0.0472,0.032,0.0114,-2.674976,-1.924759,0.833725,0.0108,0.0212,0.0104,0.0075,0.023643,0.004219,0.0021,0.0,0.000909,-2.70432,-1.913602,0.842566,0.0105,0.0212,0.0107,0.0075,0.022233,-0.008368,0.0019,0.0048,0.000614
1949-12-01,194912,0.0009,0.0515,0.0829,0.0651,0.0109,0.0919,0.0158,0.0478,0.0872,0.0325,0.0714,0.0506,0.082,0.0642,0.01,0.091,0.0149,0.0469,0.0863,0.0316,0.0705,-2.687967,-1.977428,0.796429,0.011,0.0209,0.0099,0.0073,0.027176,-0.008403,0.0052,-0.0197,0.000473,-2.674976,-1.924759,0.833725,0.0108,0.0212,0.0104,0.0075,0.023643,0.004219,0.0021,0.0,0.000909
1950-01-01,195001,0.0009,0.0137,0.0187,0.0198,-0.0065,0.0454,0.0186,0.0043,0.0106,0.0375,0.032,0.0128,0.0178,0.0189,-0.0074,0.0445,0.0177,0.0034,0.0097,0.0366,0.0311,-2.696388,-1.987423,0.791417,0.0107,0.0215,0.0108,0.0067,0.027102,-0.004237,-0.0061,0.0098,0.000989,-2.687967,-1.977428,0.796429,0.011,0.0209,0.0099,0.0073,0.027176,-0.008403,0.0052,-0.0197,0.000473
1950-02-01,195002,0.0009,0.0053,0.0347,0.0194,-0.0054,0.034,0.0066,0.0233,0.0192,0.024,0.0101,0.0044,0.0338,0.0185,-0.0063,0.0331,0.0057,0.0224,0.0183,0.0231,0.0092,-2.697651,-1.99024,0.784998,0.0112,0.0214,0.0102,0.0066,0.025492,0.0,0.0021,-0.0014,0.000426,-2.696388,-1.987423,0.791417,0.0107,0.0215,0.0108,0.0067,0.027102,-0.004237,-0.0061,0.0098,0.000989
1950-03-01,195003,0.001,-0.0057,0.0187,0.0081,0.0485,0.0241,0.046,-0.0018,-0.0292,0.0056,-0.0071,-0.0067,0.0177,0.0071,0.0475,0.0231,0.045,-0.0028,-0.0302,0.0046,-0.0081,-2.693125,-1.987238,0.825528,0.0112,0.0215,0.0103,0.0066,0.029291,0.004255,0.0008,0.0014,0.000624,-2.697651,-1.99024,0.784998,0.0112,0.0214,0.0102,0.0066,0.025492,0.0,0.0021,-0.0014,0.000426
1950-04-01,195004,0.0009,0.0014,0.1057,0.0745,0.0323,0.0473,0.0237,-0.0036,0.0552,0.0094,0.0151,0.0005,0.1048,0.0736,0.0314,0.0464,0.0228,-0.0045,0.0543,0.0085,0.0142,-2.728739,-2.007733,0.796497,0.0115,0.0214,0.0099,0.0063,0.026398,0.0,0.003,-0.0038,0.000714,-2.693125,-1.987238,0.825528,0.0112,0.0215,0.0103,0.0066,0.029291,0.004255,0.0008,0.0014,0.000624
1950-05-01,195005,0.001,0.0207,0.0655,0.0599,0.0878,0.0023,0.0197,0.0317,0.0397,0.0183,0.0136,0.0197,0.0645,0.0589,0.0868,0.0013,0.0187,0.0307,0.0387,0.0173,0.0126,-2.758839,-2.023192,0.761346,0.0116,0.0213,0.0097,0.0064,0.028572,0.004237,0.0033,-0.0041,0.000641,-2.728739,-2.007733,0.796497,0.0115,0.0214,0.0099,0.0063,0.026398,0.0,0.003,-0.0038,0.000714
1950-06-01,195006,0.001,-0.0572,-0.0406,-0.0658,-0.0443,-0.0801,-0.0434,-0.0445,-0.042,-0.0769,-0.0684,-0.0582,-0.0416,-0.0668,-0.0453,-0.0811,-0.0444,-0.0455,-0.043,-0.0779,-0.0694,-2.690678,-1.940835,0.813447,0.0115,0.0216,0.0101,0.0066,0.030397,0.004219,-0.0025,0.0048,0.005856,-2.758839,-2.023192,0.761346,0.0116,0.0213,0.0097,0.0064,0.028572,0.004237,0.0033,-0.0041,0.000641
1950-07-01,195007,0.001,0.0045,-0.0272,0.0214,0.0883,-0.0291,-0.0133,-0.0096,-0.0696,-0.0523,0.075,0.0035,-0.0282,0.0204,0.0873,-0.0301,-0.0143,-0.0106,-0.0706,-0.0533,0.074,-2.66365,-1.925932,0.812321,0.0116,0.0214,0.0098,0.0067,0.030117,0.012605,0.0055,0.0014,0.00311,-2.690678,-1.940835,0.813447,0.0115,0.0216,0.0101,0.0066,0.030397,0.004219,-0.0025,0.0048,0.005856
1950-08-01,195008,0.001,0.0393,0.0921,0.0633,0.0434,0.0525,0.0256,0.0438,0.0368,0.0345,0.0233,0.0383,0.0911,0.0623,0.0424,0.0515,0.0246,0.0428,0.0358,0.0335,0.0223,-2.66138,-1.935111,0.784341,0.012,0.0214,0.0094,0.0062,0.029551,0.008299,0.0014,0.0024,0.001076,-2.66365,-1.925932,0.812321,0.0116,0.0214,0.0098,0.0067,0.030117,0.012605,0.0055,0.0014,0.00311
1950-09-01,195009,0.001,0.0489,0.0883,0.0451,0.0353,0.0502,-0.0048,0.0849,0.0616,0.0453,0.0652,0.0479,0.0873,0.0441,0.0343,0.0492,-0.0058,0.0839,0.0606,0.0443,0.0642,-2.682668,-1.967215,0.751458,0.013,0.022,0.009,0.0057,0.025914,0.004115,-0.0072,0.0033,0.001318,-2.66138,-1.935111,0.784341,0.012,0.0214,0.0094,0.0062,0.029551,0.008299,0.0014,0.0024,0.001076
1950-10-01,195010,0.0012,-0.0038,0.0061,0.0045,0.0029,-0.0149,0.0021,0.0084,-0.0177,-0.0075,-0.0152,-0.005,0.0049,0.0033,0.0017,-0.0161,0.0009,0.0072,-0.0189,-0.0087,-0.0164,-2.652284,-1.956721,0.755966,0.0131,0.0225,0.0094,0.0055,0.027341,0.008197,-0.0048,0.004,0.001759,-2.682668,-1.967215,0.751458,0.013,0.022,0.009,0.0057,0.025914,0.004115,-0.0072,0.0033,0.001318
1950-11-01,195011,0.0011,0.0,-0.029,0.0593,0.0534,0.0263,-0.0024,0.011,0.0467,-0.0119,0.0393,-0.0011,-0.0301,0.0582,0.0523,0.0252,-0.0035,0.0099,0.0456,-0.013,0.0382,-2.617928,-1.941308,0.747364,0.0136,0.0224,0.0088,0.0055,0.02554,0.004065,0.0035,0.0019,0.002458,-2.652284,-1.956721,0.755966,0.0131,0.0225,0.0094,0.0055,0.027341,0.008197,-0.0048,0.004,0.001759
1950-12-01,195012,0.0011,0.0284,0.0151,0.0671,0.0869,0.0391,0.019,0.0279,0.061,0.0361,0.1112,0.0273,0.014,0.066,0.0858,0.038,0.0179,0.0268,0.0599,0.035,0.1101,-2.630763,-1.972221,0.722538,0.0134,0.0224,0.009,0.0053,0.031359,0.012146,0.0016,0.0007,0.00249,-2.617928,-1.941308,0.747364,0.0136,0.0224,0.0088,0.0055,0.02554,0.004065,0.0035,0.0019,0.002458
1951-01-01,195101,0.0013,0.0462,0.0922,0.0613,0.063,0.0773,0.0187,0.0363,0.031,0.0505,0.0637,0.0449,0.0909,0.06,0.0617,0.076,0.0174,0.035,0.0297,0.0492,0.0624,-2.678929,-2.032836,0.683599,0.0134,0.0221,0.0087,0.0051,0.030046,0.016,0.0058,-0.0039,0.001705,-2.630763,-1.972221,0.722538,0.0134,0.0224,0.009,0.0053,0.031359,0.012146,0.0016,0.0007,0.00249
1951-02-01,195102,0.001,0.0095,0.0279,0.0122,0.0096,0.0091,0.0411,0.0312,0.0145,0.0313,-0.0042,0.0085,0.0269,0.0112,0.0086,0.0081,0.0401,0.0302,0.0135,0.0303,-0.0052,-2.674227,-2.040457,0.674866,0.0136,0.0228,0.0092,0.005,0.031121,0.011811,-0.0074,0.003,0.000651,-2.678929,-2.032836,0.683599,0.0134,0.0221,0.0087,0.0051,0.030046,0.016,0.0058,-0.0039,0.001705
1951-03-01,195103,0.0011,-0.0279,0.0117,-0.0305,-0.0237,-0.0091,-0.0109,-0.0211,0.017,-0.014,-0.0286,-0.029,0.0106,-0.0316,-0.0248,-0.0102,-0.012,-0.0222,0.0159,-0.0151,-0.0297,-2.644681,-2.023114,0.781395,0.014,0.0241,0.0101,0.0045,0.032688,0.003891,-0.0157,-0.008,0.001228,-2.674227,-2.040457,0.674866,0.0136,0.0228,0.0092,0.005,0.031121,0.011811,-0.0074,0.003,0.000651
1951-04-01,195104,0.0013,0.0095,0.0342,0.0685,0.1081,0.0317,0.0084,0.0039,0.1041,0.0022,0.0375,0.0082,0.0329,0.0672,0.1068,0.0304,0.0071,0.0026,0.1028,0.0009,0.0362,-2.682958,-2.083165,0.749431,0.0147,0.0248,0.0101,0.0048,0.032093,0.0,-0.0063,0.0054,0.000848,-2.644681,-2.023114,0.781395,0.014,0.0241,0.0101,0.0045,0.032688,0.003891,-0.0157,-0.008,0.001228
1951-05-01,195105,0.0012,-0.0129,-0.0534,-0.0215,-0.0305,-0.0277,-0.004,-0.0133,0.0157,-0.0004,-0.0326,-0.0141,-0.0546,-0.0227,-0.0317,-0.0289,-0.0052,-0.0145,0.0145,-0.0016,-0.0338,-2.632879,-2.054959,0.777889,0.0155,0.0254,0.0099,0.0051,0.030676,0.003876,-0.0069,0.0054,0.001407,-2.682958,-2.083165,0.749431,0.0147,0.0248,0.0101,0.0048,0.032093,0.0,-0.0063,0.0054,0.000848
1951-06-01,195106,0.0012,-0.036,-0.0684,-0.0382,0.0109,-0.0163,-0.0019,-0.0272,0.0083,-0.0042,-0.0512,-0.0372,-0.0696,-0.0394,0.0097,-0.0175,-0.0031,-0.0284,0.0071,-0.0054,-0.0524,-2.59793,-2.041984,0.800363,0.0145,0.0259,0.0114,0.0055,0.036342,0.0,-0.0062,-0.0031,0.001137,-2.632879,-2.054959,0.777889,0.0155,0.0254,0.0099,0.0051,0.030676,0.003876,-0.0069,0.0054,0.001407
1951-07-01,195107,0.0013,0.0313,0.031,0.0845,0.1137,0.0567,0.028,0.0284,0.1448,0.0531,0.074,0.03,0.0297,0.0832,0.1124,0.0554,0.0267,0.0271,0.1435,0.0518,0.0727,-2.672957,-2.134501,0.753122,0.0156,0.0252,0.0096,0.0059,0.032599,0.0,0.0138,0.0067,0.001408,-2.59793,-2.041984,0.800363,0.0145,0.0259,0.0114,0.0055,0.036342,0.0,-0.0062,-0.0031,0.001137
1951-08-01,195108,0.0013,0.035,0.0703,0.0489,0.0577,0.0593,0.0264,0.0264,-0.0143,0.0213,0.0345,0.0337,0.069,0.0476,0.0564,0.058,0.0251,0.0251,-0.0156,0.02,0.0332,-2.720153,-2.199805,0.718594,0.0162,0.0246,0.0084,0.0062,0.030322,0.0,0.0099,0.0015,0.000582,-2.672957,-2.134501,0.753122,0.0156,0.0252,0.0096,0.0059,0.032599,0.0,0.0138,0.0067,0.001408
1951-09-01,195109,0.0012,-0.0043,0.0266,0.0022,-0.0076,0.0333,-0.0006,0.034,-0.0183,0.0133,0.0358,-0.0055,0.0254,0.001,-0.0088,0.0321,-0.0018,0.0328,-0.0195,0.0121,0.0346,-2.728025,-2.226452,0.716182,0.0163,0.0253,0.009,0.0062,0.0288,0.007722,-0.008,0.0023,0.000255,-2.720153,-2.199805,0.718594,0.0162,0.0246,0.0084,0.0062,0.030322,0.0,0.0099,0.0015,0.000582
1951-10-01,195110,0.0016,-0.0312,-0.0204,-0.0415,0.0117,-0.0637,-0.0108,-0.0313,-0.0598,0.007,-0.0362,-0.0328,-0.022,-0.0431,0.0101,-0.0653,-0.0124,-0.0329,-0.0614,0.0054,-0.0378,-2.738593,-2.221938,0.740233,0.0154,0.0254,0.01,0.0061,0.029145,0.003831,0.001,-0.0155,0.001511,-2.728025,-2.226452,0.716182,0.0163,0.0253,0.009,0.0062,0.0288,0.007722,-0.008,0.0023,0.000255
1951-11-01,195111,0.0011,-0.0006,0.0202,0.0044,-0.0077,0.0254,0.005,0.0153,-0.0048,0.0166,0.0212,-0.0017,0.0191,0.0033,-0.0088,0.0243,0.0039,0.0142,-0.0059,0.0155,0.0201,-2.760999,-2.228749,0.743292,0.0156,0.0264,0.0108,0.006,0.031622,0.007634,-0.0136,0.0075,0.001024,-2.738593,-2.221938,0.740233,0.0154,0.0254,0.01,0.0061,0.029145,0.003831,0.001,-0.0155,0.001511
1951-12-01,195112,0.0012,0.0192,0.0248,0.0457,0.0472,0.0492,0.0087,-0.0027,0.0515,0.0328,0.0213,0.018,0.0236,0.0445,0.046,0.048,0.0075,-0.0039,0.0503,0.0316,0.0201,-2.824835,-2.276426,0.721316,0.0173,0.0269,0.0096,0.006,0.036151,0.003788,-0.0061,0.0119,0.000427,-2.760999,-2.228749,0.743292,0.0156,0.0264,0.0108,0.006,0.031622,0.007634,-0.0136,0.0075,0.001024
1952-01-01,195201,0.0015,0.0052,-0.0117,-0.003,0.066,-0.0165,0.0018,-0.0046,0.0065,0.0308,0.0333,0.0037,-0.0132,-0.0045,0.0645,-0.018,0.0003,-0.0061,0.005,0.0293,0.0318,-2.837922,-2.29735,0.717426,0.0157,0.0268,0.0111,0.0061,0.035151,0.0,0.0028,0.0171,0.000538,-2.824835,-2.276426,0.721316,0.0173,0.0269,0.0096,0.006,0.036151,0.003788,-0.0061,0.0119,0.000427
1952-02-01,195202,0.0012,-0.0203,0.0043,-0.0385,-0.0343,-0.0331,-0.0062,-0.0377,-0.0425,0.0069,-0.0158,-0.0215,0.0031,-0.0397,-0.0355,-0.0343,-0.0074,-0.0389,-0.0437,0.0057,-0.017,-2.798426,-2.265728,0.746693,0.0154,0.0269,0.0115,0.006,0.034872,-0.007547,0.0014,-0.0099,0.000932,-2.837922,-2.29735,0.717426,0.0157,0.0268,0.0111,0.0061,0.035151,0.0,0.0028,0.0171,0.000538
1952-03-01,195203,0.0011,0.0172,0.0833,0.0298,0.0872,0.0522,0.0127,0.0254,0.0044,0.0223,0.0584,0.0161,0.0822,0.0287,0.0861,0.0511,0.0116,0.0243,0.0033,0.0212,0.0573,-2.842696,-2.317884,0.751874,0.0159,0.0263,0.0104,0.0055,0.032094,0.0,0.0111,-0.0035,0.000632,-2.798426,-2.265728,0.746693,0.0154,0.0269,0.0115,0.006,0.034872,-0.007547,0.0014,-0.0099,0.000932
1952-04-01,195204,0.0012,-0.0333,-0.03,-0.0662,-0.0766,-0.0337,-0.0075,-0.0185,-0.055,-0.018,-0.0339,-0.0345,-0.0312,-0.0674,-0.0778,-0.0349,-0.0087,-0.0197,-0.0562,-0.0192,-0.0351,-2.791637,-2.282211,0.786399,0.0157,0.0254,0.0097,0.0057,0.033231,0.003802,0.0171,-0.0175,0.000808,-2.842696,-2.317884,0.751874,0.0159,0.0263,0.0104,0.0055,0.032094,0.0,0.0111,-0.0035,0.000632
1952-05-01,195205,0.0013,0.0214,0.0401,0.0428,0.0352,0.0293,0.0103,0.0259,0.0252,0.0299,0.0295,0.0201,0.0388,0.0415,0.0339,0.028,0.009,0.0246,0.0239,0.0286,0.0282,-2.80756,-2.313542,0.770518,0.0167,0.0257,0.009,0.0056,0.032149,0.0,-0.0033,0.0064,0.000526,-2.791637,-2.282211,0.786399,0.0157,0.0254,0.0097,0.0057,0.033231,0.003802,0.0171,-0.0175,0.000808
1952-06-01,195206,0.0015,0.0287,0.0525,0.0433,0.0545,0.059,0.0207,0.0301,-0.0096,0.011,0.0403,0.0272,0.051,0.0418,0.053,0.0575,0.0192,0.0286,-0.0111,0.0095,0.0388,-2.845711,-2.367124,0.738715,0.017,0.0259,0.0089,0.0056,0.027731,0.003788,0.0003,0.0013,0.000325,-2.80756,-2.313542,0.770518,0.0167,0.0257,0.009,0.0056,0.032149,0.0,-0.0033,0.0064,0.000526
1952-07-01,195207,0.0015,0.0058,0.0253,0.0222,-0.0102,0.0142,0.0025,0.0194,-0.044,0.0203,0.0114,0.0043,0.0238,0.0207,-0.0117,0.0127,0.001,0.0179,-0.0455,0.0188,0.0099,-2.863186,-2.381752,0.72471,0.0181,0.0261,0.008,0.0055,0.027923,0.007547,-0.002,0.0036,0.000345,-2.845711,-2.367124,0.738715,0.017,0.0259,0.0089,0.0056,0.027731,0.003788,0.0003,0.0013,0.000325
1952-08-01,195208,0.0015,0.0096,0.0202,-0.0167,-0.0268,-0.0022,0.0089,-0.0031,-0.0057,0.0182,-0.0014,0.0081,0.0187,-0.0182,-0.0283,-0.0037,0.0074,-0.0046,-0.0072,0.0167,-0.0029,-2.848512,-2.364244,0.73662,0.0183,0.0267,0.0084,0.0057,0.028043,0.0,-0.007,0.0133,0.00029,-2.863186,-2.381752,0.72471,0.0181,0.0261,0.008,0.0055,0.027923,0.007547,-0.002,0.0036,0.000345
1952-09-01,195209,0.0016,-0.0285,-0.0078,-0.021,-0.043,0.0105,-0.0035,-0.0077,-0.0412,0.0033,-0.0137,-0.0301,-0.0094,-0.0226,-0.0446,0.0089,-0.0051,-0.0093,-0.0428,0.0017,-0.0153,-2.828741,-2.341643,0.748679,0.0171,0.0277,0.0106,0.0057,0.031038,0.0,-0.013,0.0112,0.000441,-2.848512,-2.364244,0.73662,0.0183,0.0267,0.0084,0.0057,0.028043,0.0,-0.007,0.0133,0.00029
1952-10-01,195210,0.0014,-0.0089,0.012,-0.0155,0.0038,-0.0106,0.0092,-0.011,-0.0138,0.0034,-0.0157,-0.0103,0.0106,-0.0169,0.0024,-0.012,0.0078,-0.0124,-0.0152,0.002,-0.0171,-2.837161,-2.335195,0.752516,0.0174,0.0269,0.0095,0.0053,0.029928,0.0,0.0148,-0.0109,0.001026,-2.828741,-2.341643,0.748679,0.0171,0.0277,0.0106,0.0057,0.031038,0.0,-0.013,0.0112,0.000441
1952-11-01,195211,0.001,0.0605,0.0656,0.0874,0.0208,0.0919,0.0407,0.0457,0.0724,0.0509,0.073,0.0595,0.0646,0.0864,0.0198,0.0909,0.0397,0.0447,0.0714,0.0499,0.072,-2.891934,-2.375034,0.714235,0.0185,0.0272,0.0087,0.0055,0.026551,0.0,-0.0015,0.0123,0.000459,-2.837161,-2.335195,0.752516,0.0174,0.0269,0.0095,0.0053,0.029928,0.0,0.0148,-0.0109,0.001026
1952-12-01,195212,0.0016,0.0143,0.0702,0.0268,0.0455,0.0306,0.0088,0.013,-0.0195,0.0201,0.0374,0.0127,0.0686,0.0252,0.0439,0.029,0.0072,0.0114,-0.0211,0.0185,0.0358,-2.936193,-2.404314,0.694073,0.0209,0.0279,0.007,0.0054,0.026536,0.0,-0.0086,-0.0005,0.000268,-2.891934,-2.375034,0.714235,0.0185,0.0272,0.0087,0.0055,0.026551,0.0,-0.0015,0.0123,0.000459
1953-01-01,195301,0.0016,0.0216,-0.0036,0.0066,-0.0299,-0.0231,0.01,0.0082,-0.0512,0.0092,0.0108,0.02,-0.0052,0.005,-0.0315,-0.0247,0.0084,0.0066,-0.0528,0.0076,0.0092,-2.929016,-2.392979,0.699175,0.0196,0.0279,0.0083,0.0049,0.025935,-0.003745,0.0012,-0.0092,0.000401,-2.936193,-2.404314,0.694073,0.0209,0.0279,0.007,0.0054,0.026536,0.0,-0.0086,-0.0005,0.000268
1953-02-01,195302,0.0014,0.0178,-0.0119,-0.0098,0.0033,0.0052,-0.004,-0.0015,0.0207,0.0051,-0.0022,0.0164,-0.0133,-0.0112,0.0019,0.0038,-0.0054,-0.0029,0.0193,0.0037,-0.0036,-2.910653,-2.370475,0.712703,0.0197,0.0287,0.009,0.0046,0.026516,-0.003759,-0.0087,0.0047,0.000491,-2.929016,-2.392979,0.699175,0.0196,0.0279,0.0083,0.0049,0.025935,-0.003745,0.0012,-0.0092,0.000401
1953-03-01,195303,0.0018,-0.0175,-0.0439,-0.0164,-0.0055,-0.0077,-0.0044,-0.0049,-0.0016,0.0015,-0.0145,-0.0193,-0.0457,-0.0182,-0.0073,-0.0095,-0.0062,-0.0067,-0.0034,-0.0003,-0.0163,-2.886819,-2.342518,0.762497,0.0201,0.0294,0.0093,0.0045,0.024014,0.003774,-0.0088,0.0055,0.000683,-2.910653,-2.370475,0.712703,0.0197,0.0287,0.009,0.0046,0.026516,-0.003759,-0.0087,0.0047,0.000491
1953-04-01,195304,0.0016,-0.0013,-0.0197,-0.0268,-0.0518,-0.0037,-0.0104,-0.0081,-0.0534,-0.0296,-0.0321,-0.0029,-0.0213,-0.0284,-0.0534,-0.0053,-0.012,-0.0097,-0.055,-0.0312,-0.0337,-2.85761,-2.304752,0.776706,0.0219,0.0303,0.0084,0.0042,0.026294,0.0,-0.0105,-0.0143,0.001272,-2.886819,-2.342518,0.762497,0.0201,0.0294,0.0093,0.0045,0.024014,0.003774,-0.0088,0.0055,0.000683
1953-05-01,195305,0.0017,0.0023,-0.0005,0.0022,0.0183,0.0114,0.0037,0.0152,-0.0005,-0.0014,0.0143,0.0006,-0.0022,0.0005,0.0166,0.0097,0.002,0.0135,-0.0022,-0.0031,0.0126,-2.851995,-2.290704,0.783752,0.0216,0.0314,0.0098,0.0044,0.027227,0.003759,-0.0148,0.0118,0.000593,-2.85761,-2.304752,0.776706,0.0219,0.0303,0.0084,0.0042,0.026294,0.0,-0.0105,-0.0143,0.001272
1953-06-01,195306,0.0018,-0.0084,-0.0333,-0.0232,-0.0007,-0.02,0.0051,-0.0219,-0.0331,-0.0282,-0.0205,-0.0102,-0.0351,-0.025,-0.0025,-0.0218,0.0033,-0.0237,-0.0349,-0.03,-0.0223,-2.833213,-2.263587,0.795497,0.0211,0.0301,0.009,0.0046,0.027463,0.003745,0.0223,-0.0114,0.001106,-2.851995,-2.290704,0.783752,0.0216,0.0314,0.0098,0.0044,0.027227,0.003759,-0.0148,0.0118,0.000593
1953-07-01,195307,0.0015,0.0272,0.0072,0.026,0.0393,0.0231,0.0094,0.0197,0.0366,0.0341,0.0143,0.0257,0.0057,0.0245,0.0378,0.0216,0.0079,0.0182,0.0351,0.0326,0.0128,-2.858169,-2.283246,0.774929,0.0204,0.0301,0.0097,0.0058,0.026153,0.0,0.0039,0.0138,0.000581,-2.833213,-2.263587,0.795497,0.0211,0.0301,0.009,0.0046,0.027463,0.003745,0.0223,-0.0114,0.001106
1953-08-01,195308,0.0017,-0.0352,-0.0646,-0.0489,-0.0644,-0.0442,-0.0084,-0.0237,0.0004,-0.0036,-0.0681,-0.0369,-0.0663,-0.0506,-0.0661,-0.0459,-0.0101,-0.0254,-0.0013,-0.0053,-0.0698,-2.798654,-2.218459,0.816936,0.0204,0.0303,0.0099,0.0061,0.028089,0.003731,-0.0008,-0.0077,0.000681,-2.858169,-2.283246,0.774929,0.0204,0.0301,0.0097,0.0058,0.026153,0.0,0.0039,0.0138,0.000581
1953-09-01,195309,0.0016,0.0025,-0.0083,0.0116,-0.0192,0.0337,0.0178,0.001,0.0043,0.0164,-0.01,0.0009,-0.0099,0.01,-0.0208,0.0321,0.0162,-0.0006,0.0027,0.0148,-0.0116,-2.79994,-2.214504,0.808211,0.0179,0.0284,0.0105,0.0059,0.025879,0.0,0.0299,-0.0046,0.001106,-2.798654,-2.218459,0.816936,0.0204,0.0303,0.0099,0.0061,0.028089,0.003731,-0.0008,-0.0077,0.000681
1953-10-01,195310,0.0013,0.0069,0.077,0.0601,0.0564,0.0725,0.0139,0.0087,0.0265,0.0447,0.037,0.0056,0.0757,0.0588,0.0551,0.0712,0.0126,0.0074,0.0252,0.0434,0.0357,-2.84263,-2.269452,0.773721,0.0138,0.0281,0.0143,0.0066,0.024697,0.003717,0.0074,0.0153,0.000573,-2.79994,-2.214504,0.808211,0.0179,0.0284,0.0105,0.0059,0.025879,0.0,0.0299,-0.0046,0.001106
1953-11-01,195311,0.0008,0.0034,0.0049,0.0418,0.02,0.0507,0.0227,0.0334,0.0803,0.03,0.0278,0.0026,0.0041,0.041,0.0192,0.0499,0.0219,0.0326,0.0795,0.0292,0.027,-2.844586,-2.28365,0.758432,0.0144,0.0286,0.0142,0.0064,0.025799,-0.003704,-0.0049,-0.0024,0.000376,-2.84263,-2.269452,0.773721,0.0138,0.0281,0.0143,0.0066,0.024697,0.003717,0.0074,0.0153,0.000573
1953-12-01,195312,0.0013,-0.0062,-0.0121,0.0062,0.0044,0.0069,0.0053,0.0124,-0.0135,0.0069,-0.0231,-0.0075,-0.0134,0.0049,0.0031,0.0056,0.004,0.0111,-0.0148,0.0056,-0.0244,-2.839683,-2.290964,0.759701,0.016,0.0274,0.0114,0.0061,0.024823,0.0,0.0206,-0.0034,0.000417,-2.844586,-2.28365,0.758432,0.0144,0.0286,0.0142,0.0064,0.025799,-0.003704,-0.0049,-0.0024,0.000376
1954-01-01,195401,0.0011,0.0418,0.0528,0.0451,0.0864,0.0685,0.0189,0.0332,0.0565,0.0332,0.0665,0.0407,0.0517,0.044,0.0853,0.0674,0.0178,0.0321,0.0554,0.0321,0.0654,-2.885016,-2.335589,0.729847,0.0118,0.0291,0.0173,0.0065,0.023384,0.0,0.0089,0.0035,0.000498,-2.839683,-2.290964,0.759701,0.016,0.0274,0.0114,0.0061,0.024823,0.0,0.0206,-0.0034,0.000417
1954-02-01,195402,0.0007,-0.0031,0.0172,0.0097,0.0282,0.0501,0.0258,0.0044,-0.0018,0.0159,0.0154,-0.0038,0.0165,0.009,0.0275,0.0494,0.0251,0.0037,-0.0025,0.0152,0.0147,-2.883135,-2.332997,0.72452,0.0097,0.0279,0.0182,0.0066,0.022563,0.0,0.024,-0.0042,0.000341,-2.885016,-2.335589,0.729847,0.0118,0.0291,0.0173,0.0065,0.023384,0.0,0.0089,0.0035,0.000498
1954-03-01,195403,0.0008,0.0137,0.0351,0.0486,0.0428,0.0887,0.0172,0.0037,0.0029,0.0296,0.018,0.0129,0.0343,0.0478,0.042,0.0879,0.0164,0.0029,0.0021,0.0288,0.0172,-2.90835,-2.357519,0.804916,0.0103,0.0278,0.0175,0.0065,0.022094,0.0,0.0058,-0.0019,0.000357,-2.883135,-2.332997,0.72452,0.0097,0.0279,0.0182,0.0066,0.022563,0.0,0.024,-0.0042,0.000341
1954-04-01,195404,0.0009,0.0098,0.0409,0.0572,0.0615,0.0908,0.0196,0.0153,0.012,0.0125,0.0287,0.0089,0.04,0.0563,0.0606,0.0899,0.0187,0.0144,0.0111,0.0116,0.0278,-2.960733,-2.396247,0.765039,0.0097,0.0273,0.0176,0.0062,0.020857,-0.003717,0.0104,-0.0138,0.000731,-2.90835,-2.357519,0.804916,0.0103,0.0278,0.0175,0.0065,0.022094,0.0,0.0058,-0.0019,0.000357
1954-05-01,195405,0.0005,0.0239,0.0447,0.0449,0.0299,-0.0042,0.0123,0.0285,0.0161,0.0264,0.044,0.0234,0.0442,0.0444,0.0294,-0.0047,0.0118,0.028,0.0156,0.0259,0.0435,-2.997673,-2.419596,0.745977,0.0076,0.0279,0.0203,0.0059,0.018493,0.003731,-0.0087,0.0045,0.00043,-2.960733,-2.396247,0.765039,0.0097,0.0273,0.0176,0.0062,0.020857,-0.003717,0.0104,-0.0138,0.000731
1954-06-01,195406,0.0006,0.0058,0.0119,0.0361,-0.0587,0.0973,0.0055,0.025,-0.0245,0.0129,0.015,0.0052,0.0113,0.0355,-0.0593,0.0967,0.0049,0.0244,-0.0251,0.0123,0.0144,-3.002948,-2.411337,0.732468,0.0064,0.0272,0.0208,0.0059,0.018358,0.0,0.0163,-0.01,0.000935,-2.997673,-2.419596,0.745977,0.0076,0.0279,0.0203,0.0059,0.018493,0.003731,-0.0087,0.0045,0.00043
1954-07-01,195407,0.0005,0.0639,0.0984,0.0521,0.0418,-0.005,0.0436,0.0422,0.0822,0.0542,0.0682,0.0634,0.0979,0.0516,0.0413,-0.0055,0.0431,0.0417,0.0817,0.0537,0.0677,-3.053956,-2.465664,0.702173,0.0072,0.0266,0.0194,0.0061,0.017708,0.0,0.0134,-0.0094,0.000613,-3.002948,-2.411337,0.732468,0.0064,0.0272,0.0208,0.0059,0.018358,0.0,0.0163,-0.01,0.000935
1954-08-01,195408,0.0005,-0.0271,-0.0337,-0.0379,0.0056,-0.0468,-0.0142,-0.0023,-0.0258,-0.0173,-0.0227,-0.0276,-0.0342,-0.0384,0.0051,-0.0473,-0.0147,-0.0028,-0.0263,-0.0178,-0.0232,-3.0148,-2.429798,0.727516,0.0092,0.0269,0.0177,0.0062,0.017528,0.0,-0.0036,0.0054,0.001145,-3.053956,-2.465664,0.702173,0.0072,0.0266,0.0194,0.0061,0.017708,0.0,0.0134,-0.0094,0.000613
1954-09-01,195409,0.0009,0.0388,0.1447,0.066,0.1001,0.0643,0.025,0.0484,0.0281,0.0201,0.043,0.0379,0.1438,0.0651,0.0992,0.0634,0.0241,0.0475,0.0272,0.0192,0.0421,-3.090114,-2.508393,0.677745,0.0101,0.0271,0.017,0.0058,0.016884,-0.003717,-0.001,0.005,0.000692,-3.0148,-2.429798,0.727516,0.0092,0.0269,0.0177,0.0062,0.017528,0.0,-0.0036,0.0054,0.001145
1954-10-01,195410,0.0007,-0.0222,-0.0076,-0.0111,-0.0199,-0.0197,-0.0085,-0.0253,-0.0163,-0.0381,0.0059,-0.0229,-0.0083,-0.0118,-0.0206,-0.0204,-0.0092,-0.026,-0.017,-0.0388,0.0052,-3.054677,-2.471112,0.693758,0.0098,0.0271,0.0173,0.0059,0.01758,0.0,0.0006,0.0034,0.000499,-3.090114,-2.508393,0.677745,0.0101,0.0271,0.017,0.0058,0.016884,-0.003717,-0.001,0.005,0.000692
1954-11-01,195411,0.0006,0.0609,0.0447,0.1374,0.0809,0.1321,0.0343,0.0841,0.1261,0.0568,0.1118,0.0603,0.0441,0.1368,0.0803,0.1315,0.0337,0.0835,0.1255,0.0562,0.1112,-3.116877,-2.531539,0.631642,0.0093,0.0274,0.0181,0.0056,0.014153,0.0,-0.0025,0.005,0.001267,-3.054677,-2.471112,0.693758,0.0098,0.0271,0.0173,0.0059,0.01758,0.0,0.0006,0.0034,0.000499
1954-12-01,195412,0.0008,0.0435,0.0726,0.0655,0.0648,0.0308,0.0158,0.0227,0.0615,0.0354,0.0937,0.0427,0.0718,0.0647,0.064,0.03,0.015,0.0219,0.0607,0.0346,0.0929,-3.151181,-2.564116,0.60412,0.0115,0.0272,0.0157,0.0055,0.026993,-0.003731,0.0064,-0.0047,0.000882,-3.116877,-2.531539,0.631642,0.0093,0.0274,0.0181,0.0056,0.014153,0.0,-0.0025,0.005,0.001267
1955-01-01,195501,0.0008,0.0028,0.0054,-0.0011,0.0041,0.0349,0.008,0.0174,-0.0288,0.0146,0.0089,0.002,0.0046,-0.0019,0.0033,0.0341,0.0072,0.0166,-0.0296,0.0138,0.0081,-3.164763,-2.559415,0.597559,0.0122,0.0286,0.0164,0.0052,0.026412,0.0,-0.0241,0.0144,0.002517,-3.151181,-2.564116,0.60412,0.0115,0.0272,0.0157,0.0055,0.026993,-0.003731,0.0064,-0.0047,0.000882
1955-02-01,195502,0.0009,0.0154,-0.0106,0.0418,0.0243,0.0442,0.0399,0.013,0.0286,0.0364,0.0378,0.0145,-0.0115,0.0409,0.0234,0.0433,0.039,0.0121,0.0277,0.0355,0.0369,-3.164009,-2.540848,0.593148,0.0117,0.0292,0.0175,0.0054,0.028045,0.0,-0.0078,0.0015,0.000604,-3.164763,-2.559415,0.597559,0.0122,0.0286,0.0164,0.0052,0.026412,0.0,-0.0241,0.0144,0.002517
1955-03-01,195503,0.001,-0.0085,0.0005,0.0036,-0.0024,-0.0109,-0.0019,-0.014,0.0611,-0.0074,0.0094,-0.0095,-0.0005,0.0026,-0.0034,-0.0119,-0.0029,-0.015,0.0601,-0.0084,0.0084,-3.154816,-2.514312,0.607762,0.0128,0.0288,0.016,0.0046,0.027968,0.0,0.0087,0.0005,0.002483,-3.164009,-2.540848,0.593148,0.0117,0.0292,0.0175,0.0054,0.028045,0.0,-0.0078,0.0015,0.000604
1955-04-01,195504,0.001,0.0408,0.0567,0.0434,0.0056,0.0537,0.0197,0.0183,0.0001,0.0256,0.0342,0.0398,0.0557,0.0424,0.0046,0.0527,0.0187,0.0173,-0.0009,0.0246,0.0332,-3.189715,-2.522484,0.584988,0.0159,0.029,0.0131,0.0048,0.02651,0.0,0.0001,-0.0002,0.000628,-3.154816,-2.514312,0.607762,0.0128,0.0288,0.016,0.0046,0.027968,0.0,0.0087,0.0005,0.002483
1955-05-01,195505,0.0014,-0.0029,-0.0112,0.0301,-0.006,0.0007,0.0129,0.0302,0.0317,-0.0015,0.0164,-0.0043,-0.0126,0.0287,-0.0074,-0.0007,0.0115,0.0288,0.0303,-0.0029,0.015,-3.186263,-2.493119,0.586075,0.0145,0.0287,0.0142,0.0046,0.025419,0.0,0.0073,-0.0091,0.000745,-3.189715,-2.522484,0.584988,0.0159,0.029,0.0131,0.0048,0.02651,0.0,0.0001,-0.0002,0.000628
1955-06-01,195506,0.001,0.025,0.1009,0.0959,0.112,0.0272,0.0069,0.0443,0.0017,0.0167,0.0237,0.024,0.0999,0.0949,0.111,0.0262,0.0059,0.0433,0.0007,0.0157,0.0227,-3.263228,-2.544922,0.551642,0.0141,0.0293,0.0152,0.0046,0.025364,0.0,-0.0076,0.0105,0.000646,-3.186263,-2.493119,0.586075,0.0145,0.0287,0.0142,0.0046,0.025419,0.0,0.0073,-0.0091,0.000745
1955-07-01,195507,0.001,0.0206,0.196,-0.0117,0.0276,-0.0264,0.0261,0.0203,0.0013,0.0368,-0.0142,0.0196,0.195,-0.0127,0.0266,-0.0274,0.0251,0.0193,0.0003,0.0358,-0.0152,-3.311583,-2.581321,0.534507,0.016,0.03,0.014,0.0046,0.02476,0.003745,-0.0102,0.0061,0.002082,-3.263228,-2.544922,0.551642,0.0141,0.0293,0.0152,0.0046,0.025364,0.0,-0.0076,0.0105,0.000646
1955-08-01,195508,0.0016,-0.0067,-0.0431,0.0305,-0.0108,0.0086,-0.0244,0.0163,0.0016,0.0005,0.0058,-0.0083,-0.0447,0.0289,-0.0124,0.007,-0.026,0.0147,0.0,-0.0011,0.0042,-3.293295,-2.551453,0.531847,0.019,0.0301,0.0111,0.0045,0.026671,0.0,0.0004,-0.0042,0.00112,-3.311583,-2.581321,0.534507,0.016,0.03,0.014,0.0046,0.02476,0.003745,-0.0102,0.0061,0.002082
1955-09-01,195509,0.0016,-0.016,0.0921,-0.0076,-0.0038,-0.0422,0.0109,0.0342,-0.0318,-0.0268,-0.0271,-0.0176,0.0905,-0.0092,-0.0054,-0.0438,0.0093,0.0326,-0.0334,-0.0284,-0.0287,-3.294235,-2.54119,0.533625,0.0207,0.0298,0.0091,0.0046,0.025634,0.003731,0.0073,0.0003,0.005711,-3.293295,-2.551453,0.531847,0.019,0.0301,0.0111,0.0045,0.026671,0.0,0.0004,-0.0042,0.00112
1955-10-01,195510,0.0018,-0.0083,-0.0494,-0.0305,-0.0098,-0.052,-0.0115,-0.0251,0.0082,-0.0094,-0.0263,-0.0101,-0.0512,-0.0323,-0.0116,-0.0538,-0.0133,-0.0269,0.0064,-0.0112,-0.0281,-3.259197,-2.492969,0.547409,0.0223,0.0292,0.0069,0.0049,0.025101,0.0,0.0144,-0.0066,0.00268,-3.294235,-2.54119,0.533625,0.0207,0.0298,0.0091,0.0046,0.025634,0.003731,0.0073,0.0003,0.005711
1955-11-01,195511,0.0017,0.0351,0.0908,0.0802,0.0862,0.1013,0.0163,0.0601,0.0629,0.034,0.0836,0.0334,0.0891,0.0785,0.0845,0.0996,0.0146,0.0584,0.0612,0.0323,0.0819,-3.327311,-2.548172,0.515251,0.0224,0.0295,0.0071,0.0048,0.026034,0.0,-0.0045,0.0015,0.001929,-3.259197,-2.492969,0.547409,0.0223,0.0292,0.0069,0.0049,0.025101,0.0,0.0144,-0.0066,0.00268
1955-12-01,195512,0.0018,0.0119,-0.0407,0.0289,0.037,0.0488,0.0087,-0.0077,0.0623,-0.0012,-0.0067,0.0101,-0.0425,0.0271,0.0352,0.047,0.0069,-0.0095,0.0605,-0.003,-0.0085,-3.322576,-2.530799,0.509828,0.0254,0.0295,0.0041,0.0047,0.025245,-0.003717,0.0037,0.0026,0.000475,-3.327311,-2.548172,0.515251,0.0224,0.0295,0.0071,0.0048,0.026034,0.0,-0.0045,0.0015,0.001929
1956-01-01,195601,0.0022,-0.0152,-0.0672,-0.0457,0.0054,-0.0521,0.0187,-0.0441,-0.065,-0.0034,-0.0276,-0.0174,-0.0694,-0.0479,0.0032,-0.0543,0.0165,-0.0463,-0.0672,-0.0056,-0.0298,-3.267267,-2.487192,0.528954,0.0241,0.0292,0.0051,0.0049,0.026424,0.0,0.0083,0.0021,0.00118,-3.322576,-2.530799,0.509828,0.0254,0.0295,0.0041,0.0047,0.025245,-0.003717,0.0037,0.0026,0.000475
1956-02-01,195602,0.0019,0.0109,0.0565,0.0489,0.0428,0.0628,0.0016,0.0282,0.0829,0.0194,0.0338,0.009,0.0546,0.047,0.0409,0.0609,-0.0003,0.0263,0.081,0.0175,0.0319,-3.283561,-2.514906,0.514835,0.0232,0.0293,0.0061,0.005,0.024165,0.0,-0.0002,0.0028,0.0011,-3.267267,-2.487192,0.528954,0.0241,0.0292,0.0051,0.0049,0.026424,0.0,0.0083,0.0021,0.00118
1956-03-01,195603,0.0015,0.0175,0.0374,0.0772,0.1144,0.1048,0.0143,0.0043,0.0726,0.0377,0.0571,0.016,0.0359,0.0757,0.1129,0.1033,0.0128,0.0028,0.0711,0.0362,0.0556,-3.33303,-2.575525,0.531077,0.0225,0.0303,0.0078,0.005,0.026695,0.0,-0.0149,0.0003,0.001009,-3.283561,-2.514906,0.514835,0.0232,0.0293,0.0061,0.005,0.024165,0.0,-0.0002,0.0028,0.0011
1956-04-01,195604,0.0019,0.0086,-0.0514,0.0102,0.0362,0.0009,-0.0088,-0.0182,0.0277,-0.0218,0.0089,0.0067,-0.0533,0.0083,0.0343,-0.001,-0.0107,-0.0201,0.0258,-0.0237,0.007,-3.31757,-2.581623,0.526622,0.026,0.0311,0.0051,0.0044,0.026214,0.003731,-0.0113,-0.0002,0.000815,-3.33303,-2.575525,0.531077,0.0225,0.0303,0.0078,0.005,0.026695,0.0,-0.0149,0.0003,0.001009
1956-05-01,195605,0.0023,-0.0325,-0.0448,-0.0618,-0.0641,-0.0528,-0.0106,-0.0456,-0.0124,-0.0073,-0.0541,-0.0348,-0.0471,-0.0641,-0.0664,-0.0551,-0.0129,-0.0479,-0.0147,-0.0096,-0.0564,-3.236356,-2.521864,0.56856,0.0261,0.0299,0.0038,0.0045,0.029303,0.003717,0.0225,-0.0173,0.001836,-3.31757,-2.581623,0.526622,0.026,0.0311,0.0051,0.0044,0.026214,0.003731,-0.0113,-0.0002,0.000815
1956-06-01,195606,0.002,0.0065,0.0702,0.0461,0.0273,0.0713,0.0128,0.0221,0.036,0.0236,0.0155,0.0045,0.0682,0.0441,0.0253,0.0693,0.0108,0.0201,0.034,0.0216,0.0135,-3.261722,-2.568575,0.551565,0.0249,0.0299,0.005,0.005,0.025672,0.007407,0.0027,-0.0045,0.001037,-3.236356,-2.521864,0.56856,0.0261,0.0299,0.0038,0.0045,0.029303,0.003717,0.0225,-0.0173,0.001836
1956-07-01,195607,0.0022,0.0199,0.0436,0.0606,0.0603,0.0528,0.0265,0.0457,0.031,0.0524,0.0242,0.0177,0.0414,0.0584,0.0581,0.0506,0.0243,0.0435,0.0288,0.0502,0.022,-3.304583,-2.631863,0.524903,0.0231,0.0313,0.0082,0.0052,0.024754,0.007353,-0.0209,0.0116,0.000496,-3.261722,-2.568575,0.551565,0.0249,0.0299,0.005,0.005,0.025672,0.007407,0.0027,-0.0045,0.001037
1956-08-01,195608,0.0017,-0.0138,0.0081,-0.0302,-0.053,-0.0356,-0.0139,-0.0262,-0.0308,-0.0249,-0.0355,-0.0155,0.0064,-0.0319,-0.0547,-0.0373,-0.0156,-0.0279,-0.0325,-0.0266,-0.0372,-3.258446,-2.606273,0.541391,0.026,0.0325,0.0065,0.005,0.023813,-0.00365,-0.0187,-0.0021,0.001235,-3.304583,-2.631863,0.524903,0.0231,0.0313,0.0082,0.0052,0.024754,0.007353,-0.0209,0.0116,0.000496
1956-09-01,195609,0.0018,-0.0326,-0.0121,-0.0608,-0.0581,-0.0687,-0.0282,-0.0441,-0.037,-0.0387,-0.0441,-0.0344,-0.0139,-0.0626,-0.0599,-0.0705,-0.03,-0.0459,-0.0388,-0.0405,-0.0459,-3.204645,-2.573142,0.57191,0.0284,0.0324,0.004,0.0051,0.029363,0.003663,0.005,-0.0038,0.000788,-3.258446,-2.606273,0.541391,0.026,0.0325,0.0065,0.005,0.023813,-0.00365,-0.0187,-0.0021,0.001235
1956-10-01,195610,0.0025,0.004,-0.0101,0.0109,0.0053,0.0325,-0.014,0.0133,0.0058,0.0113,0.011,0.0015,-0.0126,0.0084,0.0028,0.03,-0.0165,0.0108,0.0033,0.0088,0.0085,-3.227984,-2.58303,0.566427,0.029,0.0329,0.0039,0.0058,0.029458,0.00365,-0.0054,-0.0051,0.001642,-3.204645,-2.573142,0.57191,0.0284,0.0324,0.004,0.0051,0.029363,0.003663,0.005,-0.0038,0.000788
1956-11-01,195611,0.002,-0.0044,-0.0349,-0.0077,0.0529,0.0069,0.0153,-0.0215,-0.0136,0.0041,0.0021,-0.0064,-0.0369,-0.0097,0.0509,0.0049,0.0133,-0.0235,-0.0156,0.0021,0.0001,-3.23558,-2.57685,0.574897,0.0299,0.0333,0.0034,0.0055,0.02709,0.0,-0.0057,-0.0069,0.001732,-3.227984,-2.58303,0.566427,0.029,0.0329,0.0039,0.0058,0.029458,0.00365,-0.0054,-0.0051,0.001642
1956-12-01,195612,0.0024,0.0125,0.0104,0.0486,0.0411,0.0443,0.0258,-0.0043,0.0607,0.0182,0.0199,0.0101,0.008,0.0462,0.0387,0.0419,0.0234,-0.0067,0.0583,0.0158,0.0175,-3.289216,-2.616389,0.544177,0.0321,0.0345,0.0024,0.0062,0.02615,0.003636,-0.0179,0.0097,0.00102,-3.23558,-2.57685,0.574897,0.0299,0.0333,0.0034,0.0055,0.02709,0.0,-0.0057,-0.0069,0.001732
1957-01-01,195701,0.0027,0.0177,-0.0622,-0.0587,-0.0412,-0.0564,0.029,-0.0125,-0.0227,0.0263,-0.0054,0.015,-0.0649,-0.0614,-0.0439,-0.0591,0.0263,-0.0152,-0.0254,0.0236,-0.0081,-3.248451,-2.574686,0.567243,0.0311,0.0328,0.0017,0.0072,0.027993,0.0,0.0346,-0.0149,0.000902,-3.289216,-2.616389,0.544177,0.0321,0.0345,0.0024,0.0062,0.02615,0.003636,-0.0179,0.0097,0.00102
1957-02-01,195702,0.0024,-0.014,-0.0188,-0.0275,-0.0227,-0.0065,0.0033,-0.0093,-0.0035,-0.003,-0.0256,-0.0164,-0.0212,-0.0299,-0.0251,-0.0089,0.0009,-0.0117,-0.0059,-0.0054,-0.028,-3.217184,-2.542474,0.584994,0.031,0.0328,0.0018,0.008,0.030174,0.003623,0.0025,0.0068,0.001056,-3.248451,-2.574686,0.567243,0.0311,0.0328,0.0017,0.0072,0.027993,0.0,0.0346,-0.0149,0.000902
1957-03-01,195703,0.0023,0.0158,0.0054,0.0203,0.0317,0.0478,0.0152,0.02,0.0823,0.0169,0.0231,0.0135,0.0031,0.018,0.0294,0.0455,0.0129,0.0177,0.08,0.0146,0.0208,-3.238565,-2.562911,0.599819,0.0308,0.0331,0.0023,0.0077,0.026601,0.00361,-0.0024,0.0074,0.00033,-3.217184,-2.542474,0.584994,0.031,0.0328,0.0018,0.008,0.030174,0.003623,0.0025,0.0068,0.001056
1957-04-01,195704,0.0025,0.0139,0.0795,0.037,0.0694,0.0839,0.0044,0.0018,0.0543,0.0316,0.0316,0.0114,0.077,0.0345,0.0669,0.0814,0.0019,-0.0007,0.0518,0.0291,0.0291,-3.274852,-2.597238,0.576098,0.0307,0.0345,0.0038,0.0077,0.027422,0.003597,-0.0222,0.0156,0.000302,-3.238565,-2.562911,0.599819,0.0308,0.0331,0.0023,0.0077,0.026601,0.00361,-0.0024,0.0074,0.00033
1957-05-01,195705,0.0026,0.0139,0.0103,0.0317,0.0765,0.0579,0.0104,0.0256,0.048,0.0225,0.0136,0.0113,0.0077,0.0291,0.0739,0.0553,0.0078,0.023,0.0454,0.0199,0.011,-3.311134,-2.631567,0.564039,0.0306,0.0348,0.0042,0.0078,0.02885,0.003584,-0.0023,-0.0052,0.000482,-3.274852,-2.597238,0.576098,0.0307,0.0345,0.0038,0.0077,0.027422,0.003597,-0.0222,0.0156,0.000302
1957-06-01,195706,0.0024,-0.0065,0.0007,0.0034,-0.0175,0.0525,-0.0211,-0.0191,0.0648,-0.0512,-0.011,-0.0089,-0.0017,0.001,-0.0199,0.0501,-0.0235,-0.0215,0.0624,-0.0536,-0.0134,-3.309868,-2.628349,0.565877,0.0329,0.0361,0.0032,0.0072,0.030529,0.003571,-0.018,-0.0142,0.000579,-3.311134,-2.631567,0.564039,0.0306,0.0348,0.0042,0.0078,0.02885,0.003584,-0.0023,-0.0052,0.000482
1957-07-01,195707,0.003,0.0092,0.0364,0.0045,0.01,0.0107,-0.0024,0.0289,0.026,0.0001,0.0113,0.0062,0.0334,0.0015,0.007,0.0077,-0.0054,0.0259,0.023,-0.0029,0.0083,-3.315439,-2.634821,0.560057,0.0316,0.0365,0.0049,0.0074,0.032347,0.007117,-0.0041,-0.0069,0.000554,-3.309868,-2.628349,0.565877,0.0329,0.0361,0.0032,0.0072,0.030529,0.003571,-0.018,-0.0142,0.000579
1957-08-01,195708,0.0025,-0.02,-0.0311,-0.0623,-0.0575,-0.0705,-0.0012,-0.0271,-0.0297,-0.0258,-0.0547,-0.0225,-0.0336,-0.0648,-0.06,-0.073,-0.0037,-0.0296,-0.0322,-0.0283,-0.0572,-3.251924,-2.5722,0.588005,0.0337,0.0367,0.003,0.0072,0.035854,0.0,0.0002,-0.0011,0.002147,-3.315439,-2.634821,0.560057,0.0316,0.0365,0.0049,0.0074,0.032347,0.007117,-0.0041,-0.0069,0.000554
1957-09-01,195709,0.0026,-0.0116,-0.071,-0.0689,-0.0798,-0.0638,-0.0225,0.0041,-0.0304,-0.0174,-0.0667,-0.0142,-0.0736,-0.0715,-0.0824,-0.0664,-0.0251,0.0015,-0.033,-0.02,-0.0693,-3.182306,-2.503465,0.624151,0.0353,0.0364,0.0011,0.0081,0.034363,0.0,0.0076,0.0019,0.001517,-3.251924,-2.5722,0.588005,0.0337,0.0367,0.003,0.0072,0.035854,0.0,0.0002,-0.0011,0.002147
1957-10-01,195710,0.0029,-0.0212,-0.0395,-0.0473,-0.0577,-0.0178,-0.021,-0.0393,-0.0068,-0.007,-0.0687,-0.0241,-0.0424,-0.0502,-0.0606,-0.0207,-0.0239,-0.0422,-0.0097,-0.0099,-0.0716,-3.144055,-2.480531,0.645746,0.0358,0.0369,0.0011,0.0089,0.03841,0.0,-0.005,0.0073,0.004936,-3.182306,-2.503465,0.624151,0.0353,0.0364,0.0011,0.0081,0.034363,0.0,0.0076,0.0019,0.001517
1957-11-01,195711,0.0028,0.0337,-0.0528,0.0337,0.0243,0.0648,0.0149,0.0174,0.0863,0.044,0.0041,0.0309,-0.0556,0.0309,0.0215,0.062,0.0121,0.0146,0.0835,0.0412,0.0013,-3.154367,-2.506226,0.633072,0.0331,0.034,0.0009,0.0101,0.04099,0.003534,0.0533,-0.0222,0.00349,-3.144055,-2.480531,0.645746,0.0358,0.0369,0.0011,0.0089,0.03841,0.0,-0.005,0.0073,0.004936
1957-12-01,195712,0.0024,0.0043,-0.0789,-0.046,-0.0699,-0.0322,0.0126,-0.0172,-0.0048,0.0256,-0.0443,0.0019,-0.0813,-0.0484,-0.0723,-0.0346,0.0102,-0.0196,-0.0072,0.0232,-0.0467,-3.106414,-2.473717,0.653676,0.0304,0.0323,0.0019,0.0122,0.034873,0.0,0.0307,0.0378,0.001251,-3.154367,-2.506226,0.633072,0.0331,0.034,0.0009,0.0101,0.04099,0.003534,0.0533,-0.0222,0.00349
1958-01-01,195801,0.0028,0.0746,0.0496,0.0539,0.0159,0.0403,0.0426,0.0749,-0.0041,0.0606,0.1103,0.0718,0.0468,0.0511,0.0131,0.0375,0.0398,0.0721,-0.0069,0.0578,0.1075,-3.152019,-2.538602,0.632861,0.0244,0.033,0.0086,0.0123,0.029896,0.007042,-0.0084,0.0183,0.000784,-3.106414,-2.473717,0.653676,0.0304,0.0323,0.0019,0.0122,0.034873,0.0,0.0307,0.0378,0.001251
1958-02-01,195802,0.0012,0.0204,-0.0146,-0.0203,-0.0463,-0.0164,0.0066,0.0141,0.0495,0.0129,-0.0178,0.0192,-0.0158,-0.0215,-0.0475,-0.0176,0.0054,0.0129,0.0483,0.0117,-0.019,-3.134921,-2.541315,0.64739,0.0153,0.0325,0.0172,0.0107,0.027751,0.0,0.01,-0.0108,0.000736,-3.152019,-2.538602,0.632861,0.0244,0.033,0.0086,0.0123,0.029896,0.007042,-0.0084,0.0183,0.000784
1958-03-01,195803,0.0009,0.042,0.0295,0.0157,0.0792,0.0261,0.0117,0.0408,0.0817,0.0207,0.0251,0.0411,0.0286,0.0148,0.0783,0.0252,0.0108,0.0399,0.0808,0.0198,0.0242,-3.169068,-2.595825,0.668592,0.013,0.0321,0.0191,0.0105,0.028934,0.006993,0.0102,-0.0148,0.000519,-3.134921,-2.541315,0.64739,0.0153,0.0325,0.0172,0.0107,0.027751,0.0,0.01,-0.0108,0.000736
1958-04-01,195804,0.0008,0.0354,0.0496,0.0144,0.0514,-0.0012,0.027,0.03,0.0656,0.0495,0.0452,0.0346,0.0488,0.0136,0.0506,-0.002,0.0262,0.0292,0.0648,0.0487,0.0444,-3.207961,-2.649703,0.655245,0.0113,0.0311,0.0198,0.0107,0.027017,0.003472,0.0186,-0.0023,0.000747,-3.169068,-2.595825,0.668592,0.013,0.0321,0.0191,0.0105,0.028934,0.006993,0.0102,-0.0148,0.000519
1958-05-01,195805,0.0011,0.0272,0.0481,0.0345,0.0033,0.015,0.0211,0.0362,0.0144,0.0145,0.0374,0.0261,0.047,0.0334,0.0022,0.0139,0.02,0.0351,0.0133,0.0134,0.0363,-3.230436,-2.687621,0.645559,0.0091,0.0313,0.0222,0.0105,0.022869,0.0,0.0001,0.003,0.000433,-3.207961,-2.649703,0.655245,0.0113,0.0311,0.0198,0.0107,0.027017,0.003472,0.0186,-0.0023,0.000747
1958-06-01,195806,0.0003,0.0264,0.0262,0.0237,0.0493,0.0363,0.0167,0.0215,0.0355,0.0219,0.0289,0.0261,0.0259,0.0234,0.049,0.036,0.0164,0.0212,0.0352,0.0216,0.0286,-3.26386,-2.736979,0.62466,0.0083,0.0324,0.0241,0.0098,0.021436,0.0,-0.016,0.0122,0.000438,-3.230436,-2.687621,0.645559,0.0091,0.0313,0.0222,0.0105,0.022869,0.0,0.0001,0.003,0.000433
1958-07-01,195807,0.0007,0.0164,0.0998,0.0849,0.0069,0.0374,0.009,0.0187,0.0598,0.0112,0.0522,0.0157,0.0991,0.0842,0.0062,0.0367,0.0083,0.018,0.0591,0.0105,0.0515,-3.306061,-2.784885,0.593849,0.0091,0.0343,0.0252,0.0086,0.016933,0.00346,-0.0278,0.0125,0.000696,-3.26386,-2.736979,0.62466,0.0083,0.0324,0.0241,0.0098,0.021436,0.0,-0.016,0.0122,0.000438
1958-08-01,195808,0.0004,0.0293,-0.0001,0.0242,0.0192,0.0208,0.0241,0.0571,0.0198,-0.01,0.0306,0.0289,-0.0005,0.0238,0.0188,0.0204,0.0237,0.0567,0.0194,-0.0104,0.0302,-3.317858,-2.802417,0.587264,0.0169,0.0371,0.0202,0.0082,0.01509,-0.003448,-0.0435,0.0115,0.000589,-3.306061,-2.784885,0.593849,0.0091,0.0343,0.0252,0.0086,0.016933,0.00346,-0.0278,0.0125,0.000696
1958-09-01,195809,0.0019,0.0426,0.1004,0.0454,0.0328,0.062,0.0508,0.0403,0.1174,0.0346,0.0427,0.0407,0.0985,0.0435,0.0309,0.0601,0.0489,0.0384,0.1155,0.0327,0.0408,-3.365101,-2.855432,0.561371,0.0244,0.038,0.0136,0.0078,0.013983,0.0,-0.0117,0.0021,0.00051,-3.317858,-2.802417,0.587264,0.0169,0.0371,0.0202,0.0082,0.01509,-0.003448,-0.0435,0.0115,0.000589
1958-10-01,195810,0.0018,0.025,0.0228,0.0305,0.0133,0.0449,0.0146,0.0121,0.0105,0.0428,0.0375,0.0232,0.021,0.0287,0.0115,0.0431,0.0128,0.0103,0.0087,0.041,0.0357,-3.386306,-2.87933,0.549869,0.0263,0.0374,0.0111,0.0081,0.012278,0.0,0.0138,-0.0031,0.000793,-3.365101,-2.855432,0.561371,0.0244,0.038,0.0136,0.0078,0.013983,0.0,-0.0117,0.0021,0.00051
1958-11-01,195811,0.0011,0.041,0.0171,0.0292,0.0193,0.0435,0.0215,0.059,0.0804,0.0296,0.0463,0.0399,0.016,0.0281,0.0182,0.0424,0.0204,0.0579,0.0793,0.0285,0.0452,-3.404635,-2.900329,0.535823,0.0267,0.0368,0.0101,0.0078,0.011534,0.00346,0.012,-0.0015,0.00153,-3.386306,-2.87933,0.549869,0.0263,0.0374,0.0111,0.0081,0.012278,0.0,0.0138,-0.0031,0.000793
1958-12-01,195812,0.0022,0.0268,0.0275,0.0521,0.0125,0.1314,0.134,0.0572,0.0461,0.0594,0.0309,0.0246,0.0253,0.0499,0.0103,0.1292,0.1318,0.055,0.0439,0.0572,0.0287,-3.451528,-2.949888,0.511779,0.0277,0.0382,0.0105,0.0077,0.023686,-0.003448,-0.0181,0.0123,0.000713,-3.404635,-2.900329,0.535823,0.0267,0.0368,0.0101,0.0078,0.011534,0.00346,0.012,-0.0015,0.00153
1959-01-01,195901,0.0021,0.0381,-0.0109,0.0079,0.0051,-0.0222,0.0391,0.0349,-0.0062,0.0125,0.021,0.036,-0.013,0.0058,0.003,-0.0243,0.037,0.0328,-0.0083,0.0104,0.0189,-3.451521,-2.928627,0.502896,0.0282,0.0408,0.0126,0.0075,0.027736,0.00346,-0.008,0.0052,0.000585,-3.451528,-2.949888,0.511779,0.0277,0.0382,0.0105,0.0077,0.023686,-0.003448,-0.0181,0.0123,0.000713
1959-02-01,195902,0.0019,0.0301,-0.0195,0.0363,-0.0743,0.0515,0.0486,0.0265,0.0388,0.0126,0.0176,0.0282,-0.0214,0.0344,-0.0762,0.0496,0.0467,0.0246,0.0369,0.0107,0.0157,-3.447556,-2.903999,0.494946,0.027,0.0402,0.0132,0.0075,0.027898,-0.003448,0.0117,0.0009,0.000845,-3.451521,-2.928627,0.502896,0.0282,0.0408,0.0126,0.0075,0.027736,0.00346,-0.008,0.0052,0.000585
1959-03-01,195903,0.0022,0.0029,-0.0119,-0.0024,0.0214,0.0233,-0.0052,-0.0167,0.0425,0.0164,-0.0074,0.0007,-0.0141,-0.0046,0.0192,0.0211,-0.0074,-0.0189,0.0403,0.0142,-0.0096,-3.444322,-2.880679,0.51686,0.028,0.0403,0.0123,0.0072,0.024984,0.0,0.0017,-0.01,0.000492,-3.447556,-2.903999,0.494946,0.027,0.0402,0.0132,0.0075,0.027898,-0.003448,0.0117,0.0009,0.000845
1959-04-01,195904,0.002,0.0301,0.0938,0.0417,0.0171,0.0844,0.0461,0.0154,0.1193,-0.0113,0.0195,0.0281,0.0918,0.0397,0.0151,0.0824,0.0441,0.0134,0.1173,-0.0133,0.0175,-3.478608,-2.888116,0.498597,0.0295,0.0414,0.0119,0.0063,0.024361,0.00346,-0.0117,-0.0055,0.000493,-3.444322,-2.880679,0.51686,0.028,0.0403,0.0123,0.0072,0.024984,0.0,0.0017,-0.01,0.000492
1959-05-01,195905,0.0022,0.0133,0.0521,0.0405,-0.0095,0.0485,-0.0101,0.0272,-0.0107,-0.011,0.0063,0.0111,0.0499,0.0383,-0.0117,0.0463,-0.0123,0.025,-0.0129,-0.0132,0.0041,-3.493617,-2.877168,0.483077,0.0284,0.0417,0.0133,0.0059,0.025887,0.0,-0.0005,-0.0109,0.000428,-3.478608,-2.888116,0.498597,0.0295,0.0414,0.0119,0.0063,0.024361,0.00346,-0.0117,-0.0055,0.000493
1959-06-01,195906,0.0025,0.0167,0.0016,0.0128,-0.0272,-0.0098,-0.011,0.0227,0.066,-0.0223,0.0123,0.0142,-0.0009,0.0103,-0.0297,-0.0123,-0.0135,0.0202,0.0635,-0.0248,0.0098,-3.486298,-2.844738,0.483219,0.0321,0.0419,0.0098,0.0058,0.026882,0.003448,0.001,0.0034,0.000915,-3.493617,-2.877168,0.483077,0.0284,0.0417,0.0133,0.0059,0.025887,0.0,-0.0005,-0.0109,0.000428
1959-07-01,195907,0.0025,0.037,0.0843,0.0373,0.0496,0.0045,0.006,0.0212,0.0474,0.0382,0.0046,0.0345,0.0818,0.0348,0.0471,0.002,0.0035,0.0187,0.0449,0.0357,0.0021,-3.516874,-2.876096,0.460823,0.032,0.0417,0.0097,0.0061,0.027141,0.003436,0.006,0.0029,0.000488,-3.486298,-2.844738,0.483219,0.0321,0.0419,0.0098,0.0058,0.026882,0.003448,0.001,0.0034,0.000915
1959-08-01,195908,0.0019,-0.0039,0.0246,-0.0189,-0.0315,-0.025,0.0061,0.0079,-0.0357,0.0134,-0.0223,-0.0058,0.0227,-0.0208,-0.0334,-0.0269,0.0042,0.006,-0.0376,0.0115,-0.0242,-3.498021,-2.858015,0.468084,0.0338,0.0423,0.0085,0.0066,0.028146,0.0,-0.0041,-0.0027,0.00107,-3.516874,-2.876096,0.460823,0.032,0.0417,0.0097,0.0061,0.027141,0.003436,0.006,0.0029,0.000488
1959-09-01,195909,0.0031,-0.0325,-0.0445,-0.0496,-0.0691,-0.0418,-0.0096,-0.0212,-0.0495,-0.0435,-0.0411,-0.0356,-0.0476,-0.0527,-0.0722,-0.0449,-0.0127,-0.0243,-0.0526,-0.0466,-0.0442,-3.447617,-2.808384,0.492338,0.0404,0.0429,0.0025,0.0066,0.030529,0.003425,-0.0057,-0.0031,0.00171,-3.498021,-2.858015,0.468084,0.0338,0.0423,0.0085,0.0066,0.028146,0.0,-0.0041,-0.0027,0.00107
1959-10-01,195910,0.003,0.038,-0.0126,0.0142,0.0116,0.0498,0.013,0.0087,0.0234,0.0089,0.003,0.035,-0.0156,0.0112,0.0086,0.0468,0.01,0.0057,0.0204,0.0059,0.0,-3.455128,-2.823466,0.480977,0.0405,0.0421,0.0016,0.0071,0.03102,0.003413,0.015,0.0015,0.000618,-3.447617,-2.808384,0.492338,0.0404,0.0429,0.0025,0.0066,0.030529,0.003425,-0.0057,-0.0031,0.00171
1959-11-01,195911,0.0026,0.0125,-0.0011,0.0219,-0.0041,0.0921,-0.0123,0.0234,0.0562,0.004,-0.005,0.0099,-0.0037,0.0193,-0.0067,0.0895,-0.0149,0.0208,0.0536,0.0014,-0.0076,-3.464594,-2.840505,0.471798,0.0415,0.0432,0.0017,0.007,0.029722,0.0,-0.0119,0.0254,0.0005,-3.455128,-2.823466,0.480977,0.0405,0.0421,0.0016,0.0071,0.03102,0.003413,0.015,0.0015,0.000618
1959-12-01,195912,0.0034,0.0123,0.0516,0.0216,0.0424,0.0342,0.0434,0.0268,-0.0168,0.0214,0.0207,0.0089,0.0482,0.0182,0.039,0.0308,0.04,0.0234,-0.0202,0.018,0.0173,-3.488194,-2.87168,0.457784,0.0449,0.0447,-0.0002,0.007,0.022856,0.0,-0.0159,0.0063,0.000308,-3.464594,-2.840505,0.471798,0.0415,0.0432,0.0017,0.007,0.029722,0.0,-0.0119,0.0254,0.0005
1960-01-01,196001,0.0033,-0.0336,-0.1117,-0.0841,-0.075,-0.0979,0.0095,-0.0567,-0.0638,-0.0208,-0.0451,-0.0369,-0.115,-0.0874,-0.0783,-0.1012,0.0062,-0.06,-0.0671,-0.0241,-0.0484,-3.394207,-2.797533,0.499502,0.0435,0.0441,0.0006,0.0073,0.022116,-0.003401,0.0112,-0.0005,0.000919,-3.488194,-2.87168,0.457784,0.0449,0.0447,-0.0002,0.007,0.022856,0.0,-0.0159,0.0063,0.000308
1960-02-01,196002,0.0029,0.0296,-0.0222,0.0049,-0.0346,0.0535,0.0837,0.0422,0.0031,0.0277,-0.0002,0.0267,-0.0251,0.002,-0.0375,0.0506,0.0808,0.0393,0.0002,0.0248,-0.0031,-3.383887,-2.806662,0.493557,0.0396,0.0429,0.0033,0.0078,0.024037,0.003413,0.0204,-0.0076,0.00115,-3.394207,-2.797533,0.499502,0.0435,0.0441,0.0006,0.0073,0.022116,-0.003401,0.0112,-0.0005,0.000919
1960-03-01,196003,0.0035,-0.0141,-0.0438,-0.0355,-0.008,0.0164,0.0017,0.001,0.0162,0.0175,-0.0227,-0.0176,-0.0473,-0.039,-0.0115,0.0129,-0.0018,-0.0025,0.0127,0.014,-0.0262,-3.350808,-2.792666,0.549798,0.0331,0.0411,0.008,0.0076,0.025593,0.0,0.0282,-0.0091,0.000969,-3.383887,-2.806662,0.493557,0.0396,0.0429,0.0033,0.0078,0.024037,0.003413,0.0204,-0.0076,0.00115
1960-04-01,196004,0.0019,0.0152,-0.0157,-0.0353,-0.0426,0.0052,-0.0105,-0.0023,0.0165,0.0138,-0.0111,0.0133,-0.0176,-0.0372,-0.0445,0.0033,-0.0124,-0.0042,0.0146,0.0119,-0.013,-3.33141,-2.787847,0.563404,0.0323,0.0426,0.0103,0.0075,0.025577,0.003401,-0.017,0.0148,0.000645,-3.350808,-2.792666,0.549798,0.0331,0.0411,0.008,0.0076,0.025593,0.0,0.0282,-0.0091,0.000969
1960-05-01,196005,0.0027,0.0653,-0.0069,0.0386,-0.0349,0.0955,0.0332,0.0314,0.1373,0.015,0.0025,0.0626,-0.0096,0.0359,-0.0376,0.0928,0.0305,0.0287,0.1346,0.0123,-0.0002,-3.356191,-2.82738,0.541966,0.0329,0.0417,0.0088,0.0082,0.024414,0.0,0.0152,-0.0173,0.000424,-3.33141,-2.787847,0.563404,0.0323,0.0426,0.0103,0.0075,0.025577,0.003401,-0.017,0.0148,0.000645
1960-06-01,196006,0.0024,0.0433,0.008,0.0167,0.0353,0.0145,-0.0035,0.0382,-0.0016,0.0577,0.0279,0.0409,0.0056,0.0143,0.0329,0.0121,-0.0059,0.0358,-0.004,0.0553,0.0255,-3.373817,-2.85992,0.529175,0.0246,0.0407,0.0161,0.0081,0.02427,0.00339,0.0173,-0.0032,0.000499,-3.356191,-2.82738,0.541966,0.0329,0.0417,0.0088,0.0082,0.024414,0.0,0.0152,-0.0173,0.000424
1960-07-01,196007,0.0013,-0.0095,-0.0059,-0.0416,0.007,-0.042,0.001,-0.0301,-0.0387,-0.0107,-0.0139,-0.0108,-0.0072,-0.0429,0.0057,-0.0433,-0.0003,-0.0314,-0.04,-0.012,-0.0152,-3.348734,-2.833815,0.549673,0.023,0.0382,0.0152,0.0081,0.025778,0.0,0.0368,-0.0111,0.000978,-3.373817,-2.85992,0.529175,0.0246,0.0407,0.0161,0.0081,0.02427,0.00339,0.0173,-0.0032,0.000499
1960-08-01,196008,0.0017,0.0452,0.035,0.017,0.041,0.0116,0.0711,0.0313,0.0247,0.0432,0.0311,0.0435,0.0333,0.0153,0.0393,0.0099,0.0694,0.0296,0.023,0.0415,0.0294,-3.37452,-2.858578,0.541542,0.023,0.039,0.016,0.008,0.025195,0.0,-0.0067,0.0184,0.000637,-3.348734,-2.833815,0.549673,0.023,0.0382,0.0152,0.0081,0.025778,0.0,0.0368,-0.0111,0.000978
1960-09-01,196009,0.0016,-0.0344,-0.0568,-0.0704,-0.01,-0.0873,-0.0595,-0.0839,-0.0872,-0.0449,-0.057,-0.036,-0.0584,-0.072,-0.0116,-0.0889,-0.0611,-0.0855,-0.0888,-0.0465,-0.0586,-3.312226,-2.795265,0.584342,0.0248,0.0387,0.0139,0.0076,0.028312,0.0,0.0075,-0.0138,0.001772,-3.37452,-2.858578,0.541542,0.023,0.039,0.016,0.008,0.025195,0.0,-0.0067,0.0184,0.000637
1960-10-01,196010,0.0022,0.0166,-0.0134,-0.0097,0.0242,-0.0325,0.0014,0.0023,-0.0349,-0.0034,-0.0081,0.0144,-0.0156,-0.0119,0.022,-0.0347,-0.0008,0.0001,-0.0371,-0.0056,-0.0103,-3.309794,-2.792833,0.58412,0.023,0.0391,0.0161,0.0081,0.027824,0.006757,-0.0028,0.0036,0.001049,-3.312226,-2.795265,0.584342,0.0248,0.0387,0.0139,0.0076,0.028312,0.0,0.0075,-0.0138,0.001772
1960-11-01,196011,0.0013,0.0867,-0.007,0.0484,0.0339,0.0702,0.0419,0.0692,0.0405,0.0374,0.0667,0.0854,-0.0083,0.0471,0.0326,0.0689,0.0406,0.0679,0.0392,0.0361,0.0654,-3.349274,-2.832313,0.56763,0.0237,0.0399,0.0162,0.0077,0.026034,0.0,-0.0066,-0.0004,0.000669,-3.309794,-2.792833,0.58412,0.023,0.0391,0.0161,0.0081,0.027824,0.006757,-0.0028,0.0036,0.001049
1960-12-01,196012,0.0016,0.0448,-0.0041,0.0396,0.0531,0.0303,0.1256,0.0226,0.0622,0.0636,0.0421,0.0432,-0.0057,0.038,0.0515,0.0287,0.124,0.021,0.0606,0.062,0.0405,-3.394508,-2.877548,0.550423,0.0225,0.038,0.0155,0.0075,0.022761,0.0,0.0279,-0.0175,0.00045,-3.349274,-2.832313,0.56763,0.0237,0.0399,0.0162,0.0077,0.026034,0.0,-0.0066,-0.0004,0.000669
1961-01-01,196101,0.0019,0.0541,0.0836,0.066,0.0976,0.0287,0.0789,0.0294,0.0602,0.0496,0.0778,0.0522,0.0817,0.0641,0.0957,0.0268,0.077,0.0275,0.0583,0.0477,0.0759,-3.457459,-2.957309,0.522987,0.0224,0.0404,0.018,0.0078,0.021815,0.0,-0.0107,0.0255,0.000741,-3.394508,-2.877548,0.550423,0.0225,0.038,0.0155,0.0075,0.022761,0.0,0.0279,-0.0175,0.00045
1961-02-01,196102,0.0014,0.0661,0.0401,0.0506,0.0073,0.0271,0.0075,0.0496,0.052,0.0363,0.0568,0.0647,0.0387,0.0492,0.0059,0.0257,0.0061,0.0482,0.0506,0.0349,0.0554,-3.485692,-3.002692,0.512023,0.0242,0.0392,0.015,0.008,0.01942,0.0,0.02,0.001,0.000547,-3.457459,-2.957309,0.522987,0.0224,0.0404,0.018,0.0078,0.021815,0.0,-0.0107,0.0255,0.000741
1961-03-01,196103,0.002,0.0485,0.0343,0.0161,0.014,0.0277,0.0748,0.0587,0.038,0.0202,0.0355,0.0465,0.0323,0.0141,0.012,0.0257,0.0728,0.0567,0.036,0.0182,0.0335,-3.512622,-3.047139,0.54668,0.0239,0.0397,0.0158,0.008,0.022738,0.0,-0.0037,0.0008,0.000415,-3.485692,-3.002692,0.512023,0.0242,0.0392,0.015,0.008,0.01942,0.0,0.02,0.001,0.000547
1961-04-01,196104,0.0017,-0.0135,-0.0171,-0.0134,0.0475,0.0048,0.008,0.0059,-0.0031,0.0186,0.0057,-0.0152,-0.0188,-0.0151,0.0458,0.0031,0.0063,0.0042,-0.0048,0.0169,0.004,-3.516457,-3.057468,0.545004,0.0229,0.0391,0.0162,0.0076,0.023259,0.0,0.0115,-0.0231,0.001009,-3.512622,-3.047139,0.54668,0.0239,0.0397,0.0158,0.008,0.022738,0.0,-0.0037,0.0008,0.000415
1961-05-01,196105,0.0018,0.0368,0.0128,0.0458,0.0014,0.0286,-0.0104,0.0409,0.0228,0.0239,0.0418,0.035,0.011,0.044,-0.0004,0.0268,-0.0122,0.0391,0.021,0.0221,0.04,-3.535416,-3.082962,0.530916,0.0229,0.0397,0.0168,0.0074,0.022466,0.0,-0.0046,0.0095,0.000404,-3.516457,-3.057468,0.545004,0.0229,0.0391,0.0162,0.0076,0.023259,0.0,0.0115,-0.0231,0.001009
1961-06-01,196106,0.002,-0.014,-0.0153,-0.0297,-0.0402,-0.0336,-0.0402,0.0058,-0.0343,-0.0187,-0.0374,-0.016,-0.0173,-0.0317,-0.0422,-0.0356,-0.0422,0.0038,-0.0363,-0.0207,-0.0394,-3.506145,-3.060271,0.540821,0.0233,0.0404,0.0171,0.007,0.022482,0.0,-0.0075,-0.0005,0.000549,-3.535416,-3.082962,0.530916,0.0229,0.0397,0.0168,0.0074,0.022466,0.0,-0.0046,0.0095,0.000404
1961-07-01,196107,0.0018,0.0284,0.0615,0.0248,0.0228,0.0179,0.0643,0.0246,0.035,0.0287,0.0126,0.0266,0.0597,0.023,0.021,0.0161,0.0625,0.0228,0.0332,0.0269,0.0108,-3.534984,-3.090343,0.524406,0.0224,0.0404,0.018,0.0068,0.02518,0.006711,0.0035,0.0005,0.000628,-3.506145,-3.060271,0.540821,0.0233,0.0404,0.0171,0.007,0.022482,0.0,-0.0075,-0.0005,0.000549
1961-08-01,196108,0.0014,0.0513,0.0136,0.0245,0.0017,0.0449,0.0021,0.0326,0.0386,0.0381,0.0519,0.0499,0.0122,0.0231,0.0003,0.0435,0.0007,0.0312,0.0372,0.0367,0.0505,-3.551001,-3.107584,0.513793,0.0239,0.041,0.0171,0.0066,0.025426,-0.003333,-0.0038,0.002,0.000406,-3.534984,-3.090343,0.524406,0.0224,0.0404,0.018,0.0068,0.02518,0.006711,0.0035,0.0005,0.000628
1961-09-01,196109,0.0017,0.0005,0.0467,-0.0447,-0.0642,0.0022,-0.0273,0.0031,-0.0123,0.0141,-0.018,-0.0012,0.045,-0.0464,-0.0659,0.0005,-0.029,0.0014,-0.014,0.0124,-0.0197,-3.52771,-3.085513,0.527517,0.0228,0.0403,0.0175,0.0067,0.024963,0.003344,0.0129,0.0015,0.000822,-3.551001,-3.107584,0.513793,0.0239,0.041,0.0171,0.0066,0.025426,-0.003333,-0.0038,0.002,0.000406
1961-10-01,196110,0.0019,0.0335,0.0054,-0.0022,0.0667,0.0337,0.002,0.0906,0.0366,0.0531,0.023,0.0316,0.0035,-0.0041,0.0648,0.0318,0.0001,0.0887,0.0347,0.0512,0.0211,-3.545487,-3.098257,0.525486,0.023,0.04,0.017,0.0071,0.025836,0.0,0.0071,0.0056,0.000268,-3.52771,-3.085513,0.527517,0.0228,0.0403,0.0175,0.0067,0.024963,0.003344,0.0129,0.0015,0.000822
1961-11-01,196111,0.0015,0.0549,0.0973,0.0293,0.0544,0.0292,0.085,0.0513,0.0313,0.0342,0.0384,0.0534,0.0958,0.0278,0.0529,0.0277,0.0835,0.0498,0.0298,0.0327,0.0369,-3.57403,-3.121894,0.512611,0.0248,0.0404,0.0156,0.0072,0.025571,0.0,-0.002,0.0048,0.00036,-3.545487,-3.098257,0.525486,0.023,0.04,0.017,0.0071,0.025836,0.0,0.0071,0.0056,0.000268
1961-12-01,196112,0.0019,-0.0319,0.0287,0.0017,0.0385,-0.0068,0.0332,-0.0035,-0.0199,-0.042,-0.0186,-0.0338,0.0268,-0.0002,0.0366,-0.0087,0.0313,-0.0054,-0.0218,-0.0439,-0.0205,-3.567299,-3.110376,0.505922,0.026,0.0415,0.0155,0.0068,0.022324,0.0,-0.0125,0.0099,0.000337,-3.57403,-3.121894,0.512611,0.0248,0.0404,0.0156,0.0072,0.025571,0.0,-0.002,0.0048,0.00036
1962-01-01,196201,0.0024,-0.0615,-0.0017,-0.0355,0.0014,-0.0496,-0.0607,-0.0863,-0.0478,-0.0259,-0.0146,-0.0639,-0.0041,-0.0379,-0.001,-0.052,-0.0631,-0.0887,-0.0502,-0.0283,-0.017,-3.525391,-3.05313,0.528429,0.0272,0.0419,0.0147,0.0066,0.024721,0.0,-0.0014,0.0094,0.000812,-3.567299,-3.110376,0.505922,0.026,0.0415,0.0155,0.0068,0.022324,0.0,-0.0125,0.0099,0.000337
1962-02-01,196202,0.002,0.0025,-0.0147,0.014,0.0531,-0.0002,0.0411,0.0164,0.0375,0.0263,0.017,0.0005,-0.0167,0.012,0.0511,-0.0022,0.0391,0.0144,0.0355,0.0243,0.015,-3.538249,-3.050975,0.522421,0.0273,0.0414,0.0141,0.0065,0.028783,0.003333,0.0103,-0.0051,0.000265,-3.525391,-3.05313,0.528429,0.0272,0.0419,0.0147,0.0066,0.024721,0.0,-0.0014,0.0094,0.000812
1962-03-01,196203,0.002,-0.011,0.0041,-0.0044,-0.0168,0.0023,-0.0294,0.0091,0.0041,0.0196,-0.0177,-0.013,0.0021,-0.0064,-0.0188,0.0003,-0.0314,0.0071,0.0021,0.0176,-0.0197,-3.529096,-3.027133,0.545725,0.0272,0.0398,0.0126,0.0065,0.024075,0.0,0.0253,-0.0102,0.000279,-3.538249,-3.050975,0.522421,0.0273,0.0414,0.0141,0.0065,0.028783,0.003333,0.0103,-0.0051,0.000265
1962-04-01,196204,0.0022,-0.0677,-0.0518,-0.0795,-0.0357,-0.1107,-0.0468,-0.0443,-0.1134,-0.0279,-0.0708,-0.0699,-0.054,-0.0817,-0.0379,-0.1129,-0.049,-0.0465,-0.1156,-0.0301,-0.073,-3.461859,-2.953318,0.579863,0.0273,0.0394,0.0121,0.0069,0.025152,0.003322,0.0082,0.006,0.00102,-3.529096,-3.027133,0.545725,0.0272,0.0398,0.0126,0.0065,0.024075,0.0,0.0253,-0.0102,0.000279
1962-05-01,196205,0.0024,-0.1131,-0.0445,-0.0823,-0.0495,-0.1118,-0.0706,-0.0908,-0.1081,-0.1047,-0.0786,-0.1155,-0.0469,-0.0847,-0.0519,-0.1142,-0.073,-0.0932,-0.1105,-0.1071,-0.081,-3.368696,-2.853656,0.628994,0.0269,0.0393,0.0124,0.0072,0.027722,0.0,0.0046,-0.0046,0.010915,-3.461859,-2.953318,0.579863,0.0273,0.0394,0.0121,0.0069,0.025152,0.003322,0.0082,0.006,0.00102
1962-06-01,196206,0.002,-0.0882,-0.0607,-0.0962,-0.0484,-0.1157,-0.0852,-0.1026,-0.129,-0.0511,-0.0916,-0.0902,-0.0627,-0.0982,-0.0504,-0.1177,-0.0872,-0.1046,-0.131,-0.0531,-0.0936,-3.280071,-2.758623,0.687357,0.0273,0.0401,0.0128,0.0074,0.026455,0.0,-0.0076,0.005,0.006161,-3.368696,-2.853656,0.628994,0.0269,0.0393,0.0124,0.0072,0.027722,0.0,0.0046,-0.0046,0.010915
1962-07-01,196207,0.0027,0.0523,0.0803,0.0525,0.049,0.113,0.0723,0.0437,0.0778,0.0739,0.0574,0.0496,0.0776,0.0498,0.0463,0.1103,0.0696,0.041,0.0751,0.0712,0.0547,-3.338462,-2.814499,0.645226,0.0292,0.0412,0.012,0.0071,0.030486,0.003311,-0.0109,0.0094,0.001843,-3.280071,-2.758623,0.687357,0.0273,0.0401,0.0128,0.0074,0.026455,0.0,-0.0076,0.005,0.006161
1962-08-01,196208,0.0023,0.009,0.0385,0.0236,0.0184,0.0339,0.0158,0.043,-0.0792,0.0315,0.0383,0.0067,0.0362,0.0213,0.0161,0.0316,0.0135,0.0407,-0.0815,0.0292,0.036,-3.350413,-2.823953,0.63331,0.0282,0.0401,0.0119,0.0071,0.029329,0.0,0.0187,-0.0044,0.000802,-3.338462,-2.814499,0.645226,0.0292,0.0412,0.012,0.0071,0.030486,0.003311,-0.0109,0.0094,0.001843
1962-09-01,196209,0.0021,-0.0561,-0.022,-0.058,-0.0177,-0.0887,-0.0606,-0.0663,-0.0405,-0.0287,-0.0576,-0.0582,-0.0241,-0.0601,-0.0198,-0.0908,-0.0627,-0.0684,-0.0426,-0.0308,-0.0597,-3.297794,-2.768864,0.666344,0.0278,0.0398,0.012,0.0071,0.030602,0.0033,0.0061,0.0028,0.001177,-3.350413,-2.823953,0.63331,0.0282,0.0401,0.0119,0.0071,0.029329,0.0,0.0187,-0.0044,0.000802
1962-10-01,196210,0.0025,-0.0327,0.0246,0.0148,-0.0029,-0.0014,0.0277,-0.0134,0.0246,-0.0109,0.0057,-0.0352,0.0221,0.0123,-0.0054,-0.0039,0.0252,-0.0159,0.0221,-0.0134,0.0032,-3.294244,-2.760162,0.654153,0.0274,0.0395,0.0121,0.0071,0.028094,0.0,0.0084,-0.0016,0.003452,-3.297794,-2.768864,0.666344,0.0278,0.0398,0.012,0.0071,0.030602,0.0033,0.0061,0.0028,0.001177
1962-11-01,196211,0.002,0.1212,0.0682,0.1323,0.1075,0.1458,0.0717,0.1116,0.1763,0.0765,0.1478,0.1192,0.0662,0.1303,0.1055,0.1438,0.0697,0.1096,0.1743,0.0745,0.1458,-3.383054,-2.843926,0.594178,0.0283,0.0396,0.0113,0.0071,0.02481,0.0,0.0021,0.0041,0.001275,-3.294244,-2.760162,0.654153,0.0274,0.0395,0.0121,0.0071,0.028094,0.0,0.0084,-0.0016,0.003452
1962-12-01,196212,0.0023,0.0145,0.0354,-0.0107,0.0469,-0.0017,0.0108,0.0004,0.0088,0.0348,0.0139,0.0122,0.0331,-0.013,0.0446,-0.004,0.0085,-0.0019,0.0065,0.0325,0.0116,-3.388599,-2.844529,0.591627,0.0287,0.0395,0.0108,0.0068,0.019968,0.0,0.0035,-0.0012,0.000544,-3.383054,-2.843926,0.594178,0.0283,0.0396,0.0113,0.0071,0.02481,0.0,0.0021,0.0041,0.001275
1963-01-01,196301,0.0025,0.0594,0.076,0.0578,0.0268,0.0564,0.0413,0.0413,0.0566,0.0525,0.0522,0.0569,0.0735,0.0553,0.0243,0.0539,0.0388,0.0388,0.0541,0.05,0.0497,-3.433432,-2.888863,0.564985,0.0291,0.0398,0.0107,0.007,0.017136,0.0,-0.0001,0.006,0.0007,-3.388599,-2.844529,0.591627,0.0287,0.0395,0.0108,0.0068,0.019968,0.0,0.0035,-0.0012,0.000544
1963-02-01,196302,0.0023,-0.0304,-0.0292,-0.0256,-0.0133,-0.0507,-0.0111,-0.0068,-0.0258,-0.0146,-0.0049,-0.0327,-0.0315,-0.0279,-0.0156,-0.053,-0.0134,-0.0091,-0.0281,-0.0169,-0.0072,-3.401043,-2.855972,0.581953,0.0292,0.04,0.0108,0.007,0.013237,0.0,0.0008,0.0015,0.000392,-3.433432,-2.888863,0.564985,0.0291,0.0398,0.0107,0.007,0.017136,0.0,-0.0001,0.006,0.0007
1963-03-01,196303,0.0023,0.0256,0.0709,0.0288,0.0698,0.0275,0.0194,0.0201,0.0118,0.0179,0.0294,0.0233,0.0686,0.0265,0.0675,0.0252,0.0171,0.0178,0.0095,0.0156,0.0271,-3.432786,-2.887222,0.587529,0.0289,0.0401,0.0112,0.0069,0.01438,0.003289,0.0009,0.0017,0.00036,-3.401043,-2.855972,0.581953,0.0292,0.04,0.0108,0.007,0.013237,0.0,0.0008,0.0015,0.000392
1963-04-01,196304,0.0025,0.0239,0.0565,0.0467,0.0605,0.0642,0.0373,0.0546,0.0763,0.0237,0.0593,0.0214,0.054,0.0442,0.058,0.0617,0.0348,0.0521,0.0738,0.0212,0.0568,-3.472443,-2.922991,0.558729,0.029,0.0405,0.0115,0.0066,0.015199,0.0,-0.0012,-0.0039,0.000322,-3.432786,-2.887222,0.587529,0.0289,0.0401,0.0112,0.0069,0.01438,0.003289,0.0009,0.0017,0.00036
1963-05-01,196305,0.0024,0.0188,0.0805,0.021,-0.001,0.042,-0.0064,0.0261,-0.0025,0.0104,0.0357,0.0164,0.0781,0.0186,-0.0034,0.0396,-0.0088,0.0237,-0.0049,0.008,0.0333,-3.479008,-2.925735,0.551612,0.0293,0.0406,0.0113,0.0063,0.014649,0.0,0.0023,0.0025,0.000304,-3.472443,-2.922991,0.558729,0.029,0.0405,0.0115,0.0066,0.015199,0.0,-0.0012,-0.0039,0.000322
1963-06-01,196306,0.0023,-0.0138,-0.0324,-0.0256,0.0121,-0.0492,-0.0194,-0.0139,-0.0109,-0.0113,-0.0137,-0.0161,-0.0347,-0.0279,0.0098,-0.0515,-0.0217,-0.0162,-0.0132,-0.0136,-0.016,-3.450997,-2.893982,0.567282,0.0299,0.0407,0.0108,0.0061,0.018263,0.003279,0.0019,0.0024,0.000261,-3.479008,-2.925735,0.551612,0.0293,0.0406,0.0113,0.0063,0.014649,0.0,0.0023,0.0025,0.000304
1963-07-01,196307,0.0027,-0.0048,-0.0007,-0.0138,0.023,-0.0068,-0.0025,-0.0105,0.0057,0.0081,-0.0159,-0.0075,-0.0034,-0.0165,0.0203,-0.0095,-0.0052,-0.0132,0.003,0.0054,-0.0186,-3.446019,-2.880154,0.576622,0.0318,0.0407,0.0089,0.0058,0.009319,0.003268,0.0031,-0.0003,0.00053,-3.450997,-2.893982,0.567282,0.0299,0.0407,0.0108,0.0061,0.018263,0.003279,0.0019,0.0024,0.000261
1963-08-01,196308,0.0025,0.0489,0.0657,0.062,0.0394,0.0514,0.0429,0.0643,0.0957,0.0412,0.054,0.0464,0.0632,0.0595,0.0369,0.0489,0.0404,0.0618,0.0932,0.0387,0.0515,-3.492102,-2.917495,0.549827,0.0332,0.0408,0.0076,0.0054,0.00952,0.0,0.0021,0.0014,0.000327,-3.446019,-2.880154,0.576622,0.0318,0.0407,0.0089,0.0058,0.009319,0.003268,0.0031,-0.0003,0.00053
1963-09-01,196309,0.0027,-0.0174,-0.0025,-0.0081,-0.0365,0.0017,0.0236,0.0092,-0.0407,-0.0249,-0.0316,-0.0201,-0.0052,-0.0108,-0.0392,-0.001,0.0209,0.0065,-0.0434,-0.0276,-0.0343,-3.479498,-2.896247,0.547224,0.0338,0.041,0.0072,0.0053,0.010313,0.0,0.0004,-0.0027,0.00033,-3.492102,-2.917495,0.549827,0.0332,0.0408,0.0076,0.0054,0.00952,0.0,0.0021,0.0014,0.000327
1963-10-01,196310,0.0029,0.0266,0.1071,0.0256,-0.0033,0.0822,0.0343,0.0052,0.0339,-0.0067,0.014,0.0237,0.1042,0.0227,-0.0062,0.0793,0.0314,0.0023,0.031,-0.0096,0.0111,-3.500706,-2.922918,0.530964,0.0345,0.0415,0.007,0.0051,0.01028,0.003257,-0.0026,0.0075,0.000504,-3.479498,-2.896247,0.547224,0.0338,0.041,0.0072,0.0053,0.010313,0.0,0.0004,-0.0027,0.00033
1963-11-01,196311,0.0027,-0.0113,-0.052,0.0031,-0.0114,-0.0029,0.0414,-0.0125,-0.0164,-0.0106,0.001,-0.014,-0.0547,0.0004,-0.0141,-0.0056,0.0387,-0.0152,-0.0191,-0.0133,-0.0017,-3.479715,-2.907311,0.534296,0.0352,0.0414,0.0062,0.0051,0.006013,0.0,0.0051,-0.0036,0.00311,-3.500706,-2.922918,0.530964,0.0345,0.0415,0.007,0.0051,0.01028,0.003257,-0.0026,0.0075,0.000504
1963-12-01,196312,0.0029,0.0284,0.0058,0.0194,0.0466,0.0304,-0.0009,0.0033,0.0154,0.0241,0.0265,0.0255,0.0029,0.0165,0.0437,0.0275,-0.0038,0.0004,0.0125,0.0212,0.0236,-3.493579,-2.926473,0.525591,0.0352,0.0417,0.0065,0.005,0.008955,0.003247,-0.0006,-0.0028,0.000274,-3.479715,-2.907311,0.534296,0.0352,0.0414,0.0062,0.0051,0.006013,0.0,0.0051,-0.0036,0.00311
1964-01-01,196401,0.003,0.0078,0.0122,0.0266,0.0485,0.0293,0.0332,0.0251,0.037,0.0139,0.0117,0.0048,0.0092,0.0236,0.0455,0.0263,0.0302,0.0221,0.034,0.0109,0.0087,-3.512865,-2.939864,0.510607,0.0352,0.0421,0.0069,0.0044,0.014294,0.0,-0.0014,0.0101,0.000183,-3.493579,-2.926473,0.525591,0.0352,0.0417,0.0065,0.005,0.008955,0.003247,-0.0006,-0.0028,0.000274
1964-02-01,196402,0.0026,0.0186,0.0165,0.0273,0.0108,0.0196,-0.0028,0.0163,0.0165,0.0087,0.0534,0.016,0.0139,0.0247,0.0082,0.017,-0.0054,0.0137,0.0139,0.0061,0.0508,-3.515453,-2.936671,0.501162,0.0353,0.0424,0.0071,0.0047,0.017408,0.0,-0.0011,0.0065,7.2e-05,-3.512865,-2.939864,0.510607,0.0352,0.0421,0.0069,0.0044,0.014294,0.0,-0.0014,0.0101,0.000183
1964-03-01,196403,0.0031,0.0308,0.0108,0.0369,0.014,0.0338,-0.009,0.0243,-0.0194,-0.0074,0.0233,0.0277,0.0077,0.0338,0.0109,0.0307,-0.0121,0.0212,-0.0225,-0.0105,0.0202,-3.523326,-2.938883,0.523675,0.0354,0.0424,0.007,0.0045,0.017783,0.0,0.0037,-0.0099,0.000115,-3.515453,-2.936671,0.501162,0.0353,0.0424,0.0071,0.0047,0.017408,0.0,-0.0011,0.0065,7.2e-05
1964-04-01,196404,0.0029,-0.0047,0.018,-0.0172,0.0404,-0.0363,0.0083,0.0287,-0.0142,0.0105,0.0029,-0.0076,0.0151,-0.0201,0.0375,-0.0392,0.0054,0.0258,-0.0171,0.0076,0.0,-3.522256,-2.933052,0.525303,0.0347,0.0423,0.0076,0.0045,0.020768,0.0,0.0047,-0.0007,0.000255,-3.523326,-2.938883,0.523675,0.0354,0.0424,0.007,0.0045,0.017783,0.0,0.0037,-0.0099,0.000115
1964-05-01,196405,0.0026,0.0155,0.0151,0.0175,0.0214,0.0273,-0.0039,0.039,0.0052,0.0084,0.0238,0.0129,0.0125,0.0149,0.0188,0.0247,-0.0065,0.0364,0.0026,0.0058,0.0212,-3.526569,-2.932688,0.519036,0.0348,0.0422,0.0074,0.0044,0.021179,0.0,0.005,0.0007,0.000226,-3.522256,-2.933052,0.525303,0.0347,0.0423,0.0076,0.0045,0.020768,0.0,0.0047,-0.0007,0.000255
1964-06-01,196406,0.003,0.0167,0.0077,0.0088,0.0067,0.0051,0.0469,0.0383,0.0058,0.0221,0.0128,0.0137,0.0047,0.0058,0.0037,0.0021,0.0439,0.0353,0.0028,0.0191,0.0098,-3.535831,-2.937364,0.512207,0.0348,0.0419,0.0071,0.0044,0.020503,0.003236,0.0069,-0.0021,0.000398,-3.526569,-2.932688,0.519036,0.0348,0.0422,0.0074,0.0044,0.021179,0.0,0.005,0.0007,0.000226
1964-07-01,196407,0.003,0.0176,0.0563,0.0134,0.0334,-0.0181,-0.0201,0.0119,0.0475,0.0493,0.0129,0.0146,0.0533,0.0104,0.0304,-0.0211,-0.0231,0.0089,0.0445,0.0463,0.0099,-3.545538,-2.944719,0.506361,0.0346,0.0421,0.0075,0.0043,0.021313,0.003226,0.0008,0.0044,0.000199,-3.535831,-2.937364,0.512207,0.0348,0.0419,0.0071,0.0044,0.020503,0.003236,0.0069,-0.0021,0.000398
1964-08-01,196408,0.0028,-0.0026,0.0142,-0.0126,-0.0187,-0.0276,-0.0156,0.0033,-0.0422,-0.0004,-0.0314,-0.0054,0.0114,-0.0154,-0.0215,-0.0304,-0.0184,0.0005,-0.045,-0.0032,-0.0342,-3.520876,-2.917751,0.507943,0.035,0.0423,0.0073,0.0041,0.020697,-0.003215,0.002,0.0017,0.000426,-3.545538,-2.944719,0.506361,0.0346,0.0421,0.0075,0.0043,0.021313,0.003226,0.0008,0.0044,0.000199
1964-09-01,196409,0.0028,0.017,0.0464,0.0477,0.0306,0.0115,-0.0103,0.0348,0.0275,0.0188,0.0394,0.0142,0.0436,0.0449,0.0278,0.0087,-0.0131,0.032,0.0247,0.016,0.0366,-3.540959,-2.935569,0.486537,0.0353,0.0421,0.0068,0.004,0.020403,0.003226,0.005,-0.0029,0.00017,-3.520876,-2.917751,0.507943,0.035,0.0423,0.0073,0.0041,0.020697,-0.003215,0.002,0.0017,0.000426
1964-10-01,196410,0.0029,-0.0019,0.0007,0.0043,0.0307,-0.0099,-0.0089,0.0231,0.0286,0.0095,0.0186,-0.0048,-0.0022,0.0014,0.0278,-0.0128,-0.0118,0.0202,0.0257,0.0066,0.0157,-3.540841,-2.937666,0.487813,0.0357,0.0421,0.0064,0.0039,0.020116,0.0,0.0043,0.0007,0.000187,-3.540959,-2.935569,0.486537,0.0353,0.0421,0.0068,0.004,0.020403,0.003226,0.005,-0.0029,0.00017
1964-11-01,196411,0.0029,0.0071,-0.0114,-0.006,0.0255,-0.0023,-0.0223,0.0323,0.0217,0.0137,-0.0165,0.0042,-0.0143,-0.0089,0.0226,-0.0052,-0.0252,0.0294,0.0188,0.0108,-0.0194,-3.527546,-2.926556,0.486504,0.0364,0.0422,0.0058,0.0038,0.019167,0.003215,0.0017,-0.0021,0.000213,-3.540841,-2.937666,0.487813,0.0357,0.0421,0.0064,0.0039,0.020116,0.0,0.0043,0.0007,0.000187
1964-12-01,196412,0.0031,0.0023,0.0189,-0.007,-0.0021,-0.0001,0.0312,0.0016,0.0438,0.0049,-0.0178,-0.0008,0.0158,-0.0101,-0.0052,-0.0032,0.0281,-0.0015,0.0407,0.0018,-0.0209,-3.523415,-2.924579,0.487227,0.0384,0.0423,0.0039,0.0037,0.023095,0.0,0.003,0.0058,0.000351,-3.527546,-2.926556,0.486504,0.0364,0.0422,0.0058,0.0038,0.019167,0.003215,0.0017,-0.0021,0.000213
1965-01-01,196501,0.0028,0.0606,0.0381,0.0539,0.0035,0.0746,0.0025,0.0305,0.0766,0.0396,0.0473,0.0578,0.0353,0.0511,0.0007,0.0718,-0.0003,0.0277,0.0738,0.0368,0.0445,-3.549388,-2.947719,0.471723,0.0381,0.0422,0.0041,0.0037,0.017904,0.0,0.004,0.0041,0.000166,-3.523415,-2.924579,0.487227,0.0384,0.0423,0.0039,0.0037,0.023095,0.0,0.003,0.0058,0.000351
1965-02-01,196502,0.003,0.0159,-0.0052,0.0255,-0.0339,0.0219,0.008,0.0139,0.0242,0.0043,0.0258,0.0129,-0.0082,0.0225,-0.0369,0.0189,0.005,0.0109,0.0212,0.0013,0.0228,-3.541304,-2.936842,0.471399,0.0393,0.0424,0.0031,0.0037,0.014823,0.0,0.0014,-0.0005,0.000393,-3.549388,-2.947719,0.471723,0.0381,0.0422,0.0041,0.0037,0.017904,0.0,0.004,0.0041,0.000166
1965-03-01,196503,0.0036,-0.0077,0.0128,-0.0115,-0.0303,-0.0046,-0.0168,-0.0082,-0.0092,-0.0052,-0.0038,-0.0113,0.0092,-0.0151,-0.0339,-0.0082,-0.0204,-0.0118,-0.0128,-0.0088,-0.0074,-3.520113,-2.912908,0.46949,0.0393,0.0422,0.0029,0.0036,0.019134,0.003205,0.0054,-0.0042,0.000145,-3.541304,-2.936842,0.471399,0.0393,0.0424,0.0031,0.0037,0.014823,0.0,0.0014,-0.0005,0.000393
1965-04-01,196504,0.0031,0.042,0.0678,0.0405,0.0086,0.0514,0.0233,0.068,0.0297,0.0066,0.0232,0.0389,0.0647,0.0374,0.0055,0.0483,0.0202,0.0649,0.0266,0.0035,0.0201,-3.545966,-2.935243,0.452559,0.0393,0.0422,0.0029,0.0037,0.014723,0.003195,0.0036,-0.0015,0.000163,-3.520113,-2.912908,0.46949,0.0393,0.0422,0.0029,0.0036,0.019134,0.003205,0.0054,-0.0042,0.000145
1965-05-01,196505,0.0031,-0.0078,-0.033,-0.0055,0.0086,0.0047,0.0277,0.0019,-0.0125,-0.0097,-0.0151,-0.0109,-0.0361,-0.0086,0.0055,0.0016,0.0246,-0.0012,-0.0156,-0.0128,-0.0182,-3.53044,-2.916263,0.454664,0.0389,0.0423,0.0034,0.0037,0.016245,0.0,0.0018,-0.0026,0.000334,-3.545966,-2.935243,0.452559,0.0393,0.0422,0.0029,0.0037,0.014723,0.003195,0.0036,-0.0015,0.000163
1965-06-01,196506,0.0035,-0.051,-0.0681,-0.0624,-0.0205,-0.0573,-0.0418,-0.0622,-0.0531,-0.0366,-0.0702,-0.0545,-0.0716,-0.0659,-0.024,-0.0608,-0.0453,-0.0657,-0.0566,-0.0401,-0.0737,-3.472894,-2.85533,0.480859,0.038,0.0423,0.0043,0.0039,0.017551,0.006369,0.0047,-0.0044,0.001829,-3.53044,-2.916263,0.454664,0.0389,0.0423,0.0034,0.0037,0.016245,0.0,0.0018,-0.0026,0.000334
1965-07-01,196507,0.0031,0.0158,0.0229,0.0207,0.0186,0.0359,-0.0037,-0.014,0.0395,0.0106,0.0334,0.0127,0.0198,0.0176,0.0155,0.0328,-0.0068,-0.0171,0.0364,0.0075,0.0303,-3.479871,-2.859077,0.473382,0.0384,0.0424,0.004,0.004,0.015627,0.0,0.0022,-0.0003,0.000522,-3.472894,-2.85533,0.480859,0.038,0.0423,0.0043,0.0039,0.017551,0.006369,0.0047,-0.0044,0.001829
1965-08-01,196508,0.0033,0.0406,0.0343,0.0352,0.0154,0.0587,0.0133,0.0229,0.063,0.0093,0.0509,0.0373,0.031,0.0319,0.0121,0.0554,0.01,0.0196,0.0597,0.006,0.0476,-3.495821,-2.871846,0.467361,0.0384,0.0428,0.0044,0.0039,0.015601,0.0,-0.0013,0.0007,0.000108,-3.479871,-2.859077,0.473382,0.0384,0.0424,0.004,0.004,0.015627,0.0,0.0022,-0.0003,0.000522
1965-09-01,196509,0.0031,0.0048,0.0712,0.0384,0.0437,0.0526,0.011,-0.0068,0.0224,0.0139,0.0177,0.0017,0.0681,0.0353,0.0406,0.0495,0.0079,-0.0099,0.0193,0.0108,0.0146,-3.521039,-2.893935,0.448537,0.0392,0.0433,0.0041,0.0039,0.016895,0.0,-0.0034,0.0019,0.000299,-3.495821,-2.871846,0.467361,0.0384,0.0428,0.0044,0.0039,0.015601,0.0,-0.0013,0.0007,0.000108
1965-10-01,196510,0.0031,0.0259,0.0614,0.0436,0.0184,0.0521,-0.0227,0.0031,0.0323,0.0105,0.0403,0.0228,0.0583,0.0405,0.0153,0.049,-0.0258,0.0,0.0292,0.0074,0.0372,-3.540527,-2.906955,0.434421,0.0403,0.0433,0.003,0.0037,0.017464,0.003165,0.0027,0.0019,0.000188,-3.521039,-2.893935,0.448537,0.0392,0.0433,0.0041,0.0039,0.016895,0.0,-0.0034,0.0019,0.000299
1965-11-01,196511,0.0035,0.0108,-0.0381,0.0139,0.007,0.0274,-0.0431,0.0134,0.0379,-0.0101,0.0412,0.0073,-0.0416,0.0104,0.0035,0.0239,-0.0466,0.0099,0.0344,-0.0136,0.0377,-3.524289,-2.884386,0.440895,0.0409,0.0441,0.0032,0.0035,0.020762,0.0,-0.0062,0.0005,0.000141,-3.540527,-2.906955,0.434421,0.0403,0.0433,0.003,0.0037,0.017464,0.003165,0.0027,0.0019,0.000188
1965-12-01,196512,0.0033,0.0129,0.0148,0.0324,0.0019,-0.0152,-0.0085,0.0126,0.0382,-0.0033,0.0331,0.0096,0.0115,0.0291,-0.0014,-0.0185,-0.0118,0.0093,0.0349,-0.0066,0.0298,-3.52582,-2.879718,0.430638,0.0438,0.045,0.0012,0.0034,0.020838,0.003155,-0.0078,-0.0071,0.000301,-3.524289,-2.884386,0.440895,0.0409,0.0441,0.0032,0.0035,0.020762,0.0,-0.0062,0.0005,0.000141
1966-01-01,196601,0.0038,0.0193,0.006,0.0291,0.0103,0.0134,-0.0129,-0.0428,0.0278,-0.0301,0.0516,0.0155,0.0022,0.0253,0.0065,0.0096,-0.0167,-0.0466,0.024,-0.0339,0.0478,-3.52335,-2.874987,0.424398,0.0459,0.0457,-0.0002,0.0032,0.020279,0.0,-0.0104,0.0126,0.000152,-3.52582,-2.879718,0.430638,0.0438,0.045,0.0012,0.0034,0.020838,0.003155,-0.0078,-0.0071,0.000301
1966-02-01,196602,0.0035,-0.0048,-0.0149,-0.0072,-0.0347,0.0501,0.0047,-0.0184,-0.0156,-0.0418,0.0206,-0.0083,-0.0184,-0.0107,-0.0382,0.0466,0.0012,-0.0219,-0.0191,-0.0453,0.0171,-3.498043,-2.847456,0.438496,0.0465,0.0477,0.0012,0.0034,0.020026,0.006289,-0.025,0.0137,0.000337,-3.52335,-2.874987,0.424398,0.0459,0.0457,-0.0002,0.0032,0.020279,0.0,-0.0104,0.0126,0.000152
1966-03-01,196603,0.0038,-0.0265,-0.0297,-0.0178,-0.0224,-0.009,-0.0485,-0.0212,-0.016,-0.0014,-0.0257,-0.0303,-0.0335,-0.0216,-0.0262,-0.0128,-0.0523,-0.025,-0.0198,-0.0052,-0.0295,-3.468766,-2.815992,0.490176,0.0459,0.046,0.0001,0.004,0.016788,0.003125,0.0296,-0.0355,0.000931,-3.498043,-2.847456,0.438496,0.0465,0.0477,0.0012,0.0034,0.020026,0.006289,-0.025,0.0137,0.000337
1966-04-01,196604,0.0034,0.0041,0.0015,0.0286,0.0314,0.0763,0.0127,0.0308,-0.0001,0.0118,0.0302,0.0007,-0.0019,0.0252,0.028,0.0729,0.0093,0.0274,-0.0035,0.0084,0.0268,-3.483089,-2.82883,0.485498,0.0462,0.0467,0.0005,0.0045,0.015636,0.006231,-0.0063,0.0076,0.000351,-3.468766,-2.815992,0.490176,0.0459,0.046,0.0001,0.004,0.016788,0.003125,0.0296,-0.0355,0.000931
1966-05-01,196605,0.0041,-0.0492,-0.084,-0.0569,-0.0378,-0.0607,-0.0299,-0.0293,-0.0526,-0.0274,-0.0778,-0.0533,-0.0881,-0.061,-0.0419,-0.0648,-0.034,-0.0334,-0.0567,-0.0315,-0.0819,-3.421489,-2.765762,0.512742,0.0464,0.0473,0.0009,0.005,0.015946,0.0,-0.0059,0.0033,0.001935,-3.483089,-2.82883,0.485498,0.0462,0.0467,0.0005,0.0045,0.015636,0.006231,-0.0063,0.0076,0.000351
1966-06-01,196606,0.0038,-0.018,-0.0197,-0.0095,-0.0227,-0.0013,0.0047,-0.0238,0.0099,-0.0179,0.0064,-0.0218,-0.0235,-0.0133,-0.0265,-0.0051,0.0009,-0.0276,0.0061,-0.0217,0.0026,-3.399311,-2.742139,0.520975,0.045,0.0477,0.0027,0.0051,0.017123,0.003096,-0.0016,0.0046,0.000501,-3.421489,-2.765762,0.512742,0.0464,0.0473,0.0009,0.005,0.015946,0.0,-0.0059,0.0033,0.001935
1966-07-01,196607,0.0035,-0.0119,-0.0257,-0.016,0.004,-0.0171,-0.0116,-0.0197,-0.0172,-0.0018,-0.019,-0.0154,-0.0292,-0.0195,0.0005,-0.0206,-0.0151,-0.0232,-0.0207,-0.0053,-0.0225,-3.378725,-2.725546,0.534943,0.048,0.0482,0.0002,0.0052,0.018641,0.003086,-0.0037,-0.0061,0.001014,-3.399311,-2.742139,0.520975,0.045,0.0477,0.0027,0.0051,0.017123,0.003096,-0.0016,0.0046,0.000501
1966-08-01,196608,0.0041,-0.0722,-0.0762,-0.0787,-0.0644,-0.0611,-0.0457,-0.0642,-0.0811,-0.0861,-0.1184,-0.0763,-0.0803,-0.0828,-0.0685,-0.0652,-0.0498,-0.0683,-0.0852,-0.0902,-0.1225,-3.290791,-2.641569,0.574955,0.0496,0.0499,0.0003,0.0052,0.02147,0.006154,-0.0206,-0.0053,0.003165,-3.378725,-2.725546,0.534943,0.048,0.0482,0.0002,0.0052,0.018641,0.003086,-0.0037,-0.0061,0.001014
1966-09-01,196609,0.004,-0.0145,-0.0097,-0.0361,0.0391,-0.0194,-0.0056,-0.02,-0.0114,0.0436,-0.0192,-0.0185,-0.0137,-0.0401,0.0351,-0.0234,-0.0096,-0.024,-0.0154,0.0396,-0.0232,-3.276818,-2.63151,0.585492,0.0537,0.048,-0.0057,0.006,0.016985,0.0,0.0332,-0.0254,0.0016,-3.290791,-2.641569,0.574955,0.0496,0.0499,0.0003,0.0052,0.02147,0.006154,-0.0206,-0.0053,0.003165
1966-10-01,196610,0.0045,0.0453,0.0037,0.0252,0.0846,0.0028,0.0918,-0.0138,0.0487,0.0996,0.0303,0.0408,-0.0008,0.0207,0.0801,-0.0017,0.0873,-0.0183,0.0442,0.0951,0.0258,-3.325578,-2.675543,0.561661,0.0535,0.0467,-0.0068,0.0069,0.015184,0.006116,0.0228,0.0033,0.002547,-3.276818,-2.63151,0.585492,0.0537,0.048,-0.0057,0.006,0.016985,0.0,0.0332,-0.0254,0.0016
1966-11-01,196611,0.004,0.0231,-0.0346,0.0278,-0.0117,0.1098,-0.0284,0.007,0.0691,-0.0137,0.0792,0.0191,-0.0386,0.0238,-0.0157,0.1058,-0.0324,0.003,0.0651,-0.0177,0.0752,-3.331002,-2.676243,0.572645,0.0532,0.048,-0.0052,0.0078,0.01755,0.0,-0.0148,0.0128,0.000774,-3.325578,-2.675543,0.561661,0.0535,0.0467,-0.0068,0.0069,0.015184,0.006116,0.0228,0.0033,0.002547
1966-12-01,196612,0.004,0.0022,-0.0265,0.0137,-0.0066,0.0046,0.0296,-0.0416,-0.0018,0.0209,0.0219,-0.0018,-0.0305,0.0097,-0.0106,0.0006,0.0256,-0.0456,-0.0058,0.0169,0.0179,-3.331831,-2.672345,0.576945,0.0496,0.0455,-0.0041,0.0079,0.017208,0.0,0.0413,-0.0212,0.000627,-3.331002,-2.676243,0.572645,0.0532,0.048,-0.0052,0.0078,0.01755,0.0,-0.0148,0.0128,0.000774
1967-01-01,196701,0.0043,0.0939,0.1178,0.1119,0.0358,0.1031,0.0624,0.118,0.0645,0.0284,0.1197,0.0896,0.1135,0.1076,0.0315,0.0988,0.0581,0.1137,0.0602,0.0241,0.1154,-3.403625,-2.753641,0.533363,0.0472,0.0448,-0.0024,0.0077,0.015698,0.0,0.0154,0.0296,0.000733,-3.331831,-2.672345,0.576945,0.0496,0.0455,-0.0041,0.0079,0.017208,0.0,0.0413,-0.0212,0.000627
1967-02-01,196702,0.0036,0.0203,-0.0109,0.0122,-0.001,0.0619,0.0213,0.0322,0.014,-0.0173,-0.0032,0.0167,-0.0145,0.0086,-0.0046,0.0583,0.0177,0.0286,0.0104,-0.0209,-0.0068,-3.40212,-2.761664,0.540048,0.0456,0.0465,0.0009,0.0079,0.017701,0.0,-0.0221,0.002,0.000412,-3.403625,-2.753641,0.533363,0.0472,0.0448,-0.0024,0.0077,0.015698,0.0,0.0154,0.0296,0.000733
1967-03-01,196703,0.0039,0.0445,0.0384,0.0579,0.0362,0.0551,0.0296,0.0233,0.0786,0.0154,0.0441,0.0406,0.0345,0.054,0.0323,0.0512,0.0257,0.0194,0.0747,0.0115,0.0402,-3.437319,-2.806414,0.549551,0.0426,0.0455,0.0029,0.0072,0.014921,0.00304,0.0198,-0.0081,0.000501,-3.40212,-2.761664,0.540048,0.0456,0.0465,0.0009,0.0079,0.017701,0.0,-0.0221,0.002,0.000412
1967-04-01,196704,0.0032,0.046,0.1106,0.0375,0.0167,0.0783,0.0022,0.0921,0.0445,0.0188,0.0211,0.0428,0.1074,0.0343,0.0135,0.0751,-0.001,0.0889,0.0413,0.0156,0.0179,-3.47869,-2.855152,0.530517,0.0384,0.0477,0.0093,0.0072,0.015046,0.00303,-0.0291,0.022,0.000837,-3.437319,-2.806414,0.549551,0.0426,0.0455,0.0029,0.0072,0.014921,0.00304,0.0198,-0.0081,0.000501
1967-05-01,196705,0.0033,-0.0272,-0.0735,-0.0367,-0.0246,-0.0434,-0.0566,-0.0457,-0.0529,-0.0412,-0.0202,-0.0305,-0.0768,-0.04,-0.0279,-0.0467,-0.0599,-0.049,-0.0562,-0.0445,-0.0235,-3.424824,-2.808707,0.558201,0.036,0.0482,0.0122,0.0072,0.011464,0.003021,-0.0039,-0.0215,0.00089,-3.47869,-2.855152,0.530517,0.0384,0.0477,0.0093,0.0072,0.015046,0.00303,-0.0291,0.022,0.000837
1967-06-01,196706,0.0027,0.0275,0.0159,0.021,0.0228,0.0642,0.0273,0.0378,0.0541,-0.0131,0.0351,0.0248,0.0132,0.0183,0.0201,0.0615,0.0246,0.0351,0.0514,-0.0158,0.0324,-3.442185,-2.833544,0.553205,0.0354,0.0507,0.0153,0.0071,0.010153,0.003012,-0.0312,0.0089,0.001071,-3.424824,-2.808707,0.558201,0.036,0.0482,0.0122,0.0072,0.011464,0.003021,-0.0039,-0.0215,0.00089
1967-07-01,196707,0.0031,0.0605,0.1111,0.0503,0.0693,0.0399,-0.0658,0.06,0.0379,0.0233,0.0782,0.0574,0.108,0.0472,0.0662,0.0368,-0.0689,0.0569,0.0348,0.0202,0.0751,-3.484234,-2.879769,0.526298,0.0421,0.0505,0.0084,0.0068,0.006687,0.003003,0.0068,-0.0027,0.000218,-3.442185,-2.833544,0.553205,0.0354,0.0507,0.0153,0.0071,0.010153,0.003012,-0.0312,0.0089,0.001071
1967-08-01,196708,0.0031,-0.0082,0.0014,-0.004,-0.0148,-0.0101,-0.0124,0.0033,0.0065,-0.0065,-0.0025,-0.0113,-0.0017,-0.0071,-0.0179,-0.0132,-0.0155,0.0002,0.0034,-0.0096,-0.0056,-3.470161,-2.869866,0.528021,0.0427,0.0514,0.0087,0.0071,0.005841,0.002994,-0.0084,0.0077,0.000297,-3.484234,-2.879769,0.526298,0.0421,0.0505,0.0084,0.0068,0.006687,0.003003,0.0068,-0.0027,0.000218
1967-09-01,196709,0.0032,0.031,0.0498,0.0311,0.0424,0.0836,0.0122,0.0245,0.029,-0.001,0.0127,0.0278,0.0466,0.0279,0.0392,0.0804,0.009,0.0213,0.0258,-0.0042,0.0095,-3.500133,-2.90401,0.513565,0.0442,0.0517,0.0075,0.0075,0.005601,0.002985,-0.0004,0.0098,0.000359,-3.470161,-2.869866,0.528021,0.0427,0.0514,0.0087,0.0071,0.005841,0.002994,-0.0084,0.0077,0.000297
1967-10-01,196710,0.0039,-0.0262,-0.0491,-0.0452,-0.0096,0.0489,-0.0349,0.0066,-0.0503,-0.0537,-0.0504,-0.0301,-0.053,-0.0491,-0.0135,0.045,-0.0388,0.0027,-0.0542,-0.0576,-0.0543,-3.470647,-2.872639,0.540955,0.0456,0.0549,0.0093,0.007,0.003716,0.002976,-0.04,0.0119,0.000445,-3.500133,-2.90401,0.513565,0.0442,0.0517,0.0075,0.0075,0.005601,0.002985,-0.0004,0.0098,0.000359
1967-11-01,196711,0.0036,0.0049,-0.0096,0.0063,0.0078,0.0142,0.0008,0.0084,0.0133,0.0319,-0.0032,0.0013,-0.0132,0.0027,0.0042,0.0106,-0.0028,0.0048,0.0097,0.0283,-0.0068,-3.471711,-2.871821,0.543383,0.0473,0.0567,0.0094,0.0065,0.002774,0.002967,-0.0196,-0.0076,0.000955,-3.470647,-2.872639,0.540955,0.0456,0.0549,0.0093,0.007,0.003716,0.002976,-0.04,0.0119,0.000445
1967-12-01,196712,0.0033,0.0313,0.0088,0.052,0.0307,0.0213,0.0012,0.0345,0.017,0.0329,0.054,0.028,0.0055,0.0487,0.0274,0.018,-0.0021,0.0312,0.0137,0.0296,0.0507,-3.497648,-2.895881,0.525792,0.0497,0.0556,0.0059,0.0074,0.014362,0.002959,0.0192,-0.0065,0.000271,-3.471711,-2.871821,0.543383,0.0473,0.0567,0.0094,0.0065,0.002774,0.002967,-0.0196,-0.0076,0.000955
1968-01-01,196801,0.004,-0.0043,-0.0515,-0.0636,-0.009,-0.0873,0.0267,0.0113,-0.0657,0.0018,-0.019,-0.0083,-0.0555,-0.0676,-0.013,-0.0913,0.0227,0.0073,-0.0697,-0.0022,-0.023,-3.449391,-2.844186,0.556302,0.05,0.0536,0.0036,0.0067,0.012855,0.0059,0.0328,0.0033,0.000483,-3.497648,-2.895881,0.525792,0.0497,0.0556,0.0059,0.0074,0.014362,0.002959,0.0192,-0.0065,0.000271
1968-02-01,196802,0.0039,-0.0271,-0.0234,-0.0427,-0.0268,-0.0458,-0.0242,-0.0085,-0.0425,-0.0149,-0.0344,-0.031,-0.0273,-0.0466,-0.0307,-0.0497,-0.0281,-0.0124,-0.0464,-0.0188,-0.0383,-3.414264,-2.805658,0.566211,0.0498,0.0542,0.0044,0.007,0.010452,0.002933,-0.0033,0.007,0.00082,-3.449391,-2.844186,0.556302,0.05,0.0536,0.0036,0.0067,0.012855,0.0059,0.0328,0.0033,0.000483
1968-03-01,196803,0.0038,0.0064,0.0065,0.0084,0.0074,0.0424,-0.0112,0.0286,0.0011,-0.0394,-0.0027,0.0026,0.0027,0.0046,0.0036,0.0386,-0.015,0.0248,-0.0027,-0.0432,-0.0065,-3.420224,-2.80825,0.56681,0.0517,0.056,0.0043,0.0074,0.012678,0.002924,-0.0212,0.0015,0.001395,-3.414264,-2.805658,0.566211,0.0498,0.0542,0.0044,0.007,0.010452,0.002933,-0.0033,0.007,0.00082
1968-04-01,196804,0.0043,0.1097,0.1169,0.1065,0.0565,0.1244,0.0221,0.1222,0.119,0.0242,0.1194,0.1054,0.1126,0.1022,0.0522,0.1201,0.0178,0.1179,0.1147,0.0199,0.1151,-3.494461,-2.879062,0.522352,0.0538,0.0547,0.0009,0.0076,0.008141,0.002915,0.0227,-0.0179,0.001608,-3.420224,-2.80825,0.56681,0.0517,0.056,0.0043,0.0074,0.012678,0.002924,-0.0212,0.0015,0.001395
1968-05-01,196805,0.0045,0.05,-0.0034,0.0316,0.0124,0.0383,-0.0073,0.0343,0.0335,0.0044,0.0623,0.0455,-0.0079,0.0271,0.0079,0.0338,-0.0118,0.0298,0.029,-0.0001,0.0578,-3.501077,-2.882297,0.530033,0.0566,0.0547,-0.0019,0.0076,0.010647,0.002907,0.0043,-0.0011,0.000387,-3.494461,-2.879062,0.522352,0.0538,0.0547,0.0009,0.0076,0.008141,0.002915,0.0227,-0.0179,0.001608
1968-06-01,196806,0.0043,0.01,-0.0142,-0.0022,0.0184,-0.0203,0.0418,0.0051,0.0223,0.0845,0.0303,0.0057,-0.0185,-0.0065,0.0141,-0.0246,0.0375,0.0008,0.018,0.0802,0.026,-3.505688,-2.883566,0.530742,0.0552,0.0534,-0.0018,0.0079,0.012091,0.005797,0.023,-0.0108,0.0005,-3.501077,-2.882297,0.530033,0.0566,0.0547,-0.0019,0.0076,0.010647,0.002907,0.0043,-0.0011,0.000387
1968-07-01,196807,0.0048,-0.0369,-0.0292,-0.0397,0.0528,-0.0551,-0.002,-0.0516,-0.0412,0.0018,-0.0301,-0.0417,-0.034,-0.0445,0.048,-0.0599,-0.0068,-0.0564,-0.046,-0.003,-0.0349,-3.482589,-2.859544,0.539638,0.0531,0.0517,-0.0014,0.0074,0.013886,0.005764,0.0289,0.0052,0.000757,-3.505688,-2.883566,0.530742,0.0552,0.0534,-0.0018,0.0079,0.012091,0.005797,0.023,-0.0108,0.0005
1968-08-01,196808,0.0042,0.0274,0.0125,0.0334,0.013,0.0054,0.0129,0.0226,0.0068,-0.0087,0.0262,0.0232,0.0083,0.0292,0.0088,0.0012,0.0087,0.0184,0.0026,-0.0129,0.022,-3.489551,-2.865595,0.531802,0.0509,0.052,0.0011,0.008,0.018036,0.002865,-0.0003,0.0209,0.000316,-3.482589,-2.859544,0.539638,0.0531,0.0517,-0.0014,0.0074,0.013886,0.005764,0.0289,0.0052,0.000757
1968-09-01,196809,0.0043,0.0487,0.0664,0.0455,0.0351,0.0294,0.0297,0.0784,0.0084,0.0026,0.0944,0.0444,0.0621,0.0412,0.0308,0.0251,0.0254,0.0741,0.0041,-0.0017,0.0901,-3.522957,-2.898096,0.509195,0.0519,0.0531,0.0012,0.0082,0.018287,0.002857,-0.0102,0.0049,0.000268,-3.489551,-2.865595,0.531802,0.0509,0.052,0.0011,0.008,0.018036,0.002865,-0.0003,0.0209,0.000316
1968-10-01,196810,0.0044,0.0087,0.0467,0.0093,0.0259,-0.049,0.0317,0.0069,-0.0004,0.0049,0.0109,0.0043,0.0423,0.0049,0.0215,-0.0534,0.0273,0.0025,-0.0048,0.0005,0.0065,-3.525749,-2.899406,0.50032,0.0535,0.0543,0.0008,0.0075,0.01941,0.005698,-0.0132,-0.0028,0.000268,-3.522957,-2.898096,0.509195,0.0519,0.0531,0.0012,0.0082,0.018287,0.002857,-0.0102,0.0049,0.000268
1968-11-01,196811,0.0042,0.0467,-0.0014,0.0577,0.0568,0.0861,0.0539,0.0514,0.0812,0.0881,0.0771,0.0425,-0.0056,0.0535,0.0526,0.0819,0.0497,0.0472,0.077,0.0839,0.0729,-3.568225,-2.940417,0.483717,0.0545,0.0566,0.0021,0.0082,0.021189,0.002833,-0.0269,0.0043,0.000263,-3.525749,-2.899406,0.50032,0.0535,0.0543,0.0008,0.0075,0.01941,0.005698,-0.0132,-0.0028,0.000268
1968-12-01,196812,0.0043,-0.0102,-0.0446,-0.0332,-0.0253,-0.0534,-0.0667,-0.0413,-0.0102,-0.0292,-0.0368,-0.0145,-0.0489,-0.0375,-0.0296,-0.0577,-0.071,-0.0456,-0.0145,-0.0335,-0.0411,-3.521366,-2.892106,0.504901,0.0596,0.0598,0.0002,0.0078,0.031961,0.002825,-0.0363,0.013,0.000334,-3.568225,-2.940417,0.483717,0.0545,0.0566,0.0021,0.0082,0.021189,0.002833,-0.0269,0.0043,0.000263
1969-01-01,196901,0.0053,-0.0119,-0.0172,-0.0045,-0.0114,-0.0468,0.0117,-0.0097,-0.0023,0.0244,0.0078,-0.0172,-0.0225,-0.0098,-0.0167,-0.0521,0.0064,-0.015,-0.0076,0.0191,0.0025,-3.509896,-2.880422,0.503673,0.0614,0.0617,0.0003,0.0073,0.036524,0.002817,-0.0206,0.0345,0.000607,-3.521366,-2.892106,0.504901,0.0596,0.0598,0.0002,0.0078,0.031961,0.002825,-0.0363,0.013,0.000334
1969-02-01,196902,0.0046,-0.0662,-0.0358,-0.0573,-0.0495,-0.0362,-0.0334,-0.0415,-0.0517,-0.0522,-0.0841,-0.0708,-0.0404,-0.0619,-0.0541,-0.0408,-0.038,-0.0461,-0.0563,-0.0568,-0.0887,-3.458122,-2.828435,0.526397,0.0612,0.0618,0.0006,0.0064,0.041317,0.005618,0.0042,-0.0202,0.000596,-3.509896,-2.880422,0.503673,0.0614,0.0617,0.0003,0.0073,0.036524,0.002817,-0.0206,0.0345,0.000607
1969-03-01,196903,0.0046,0.0071,0.051,0.0265,0.0736,0.0544,-0.0042,0.0507,0.0335,-0.0129,0.0074,0.0025,0.0464,0.0219,0.069,0.0498,-0.0088,0.0461,0.0289,-0.0175,0.0028,-3.488755,-2.858857,0.55704,0.0602,0.062,0.0018,0.0066,0.039508,0.00838,0.001,-0.021,0.000542,-3.458122,-2.828435,0.526397,0.0612,0.0618,0.0006,0.0064,0.041317,0.005618,0.0042,-0.0202,0.000596
1969-04-01,196904,0.0053,0.0105,0.0122,0.013,-0.0036,0.0386,0.0768,0.0394,0.0498,0.0134,0.0183,0.0052,0.0069,0.0077,-0.0089,0.0333,0.0715,0.0341,0.0445,0.0081,0.013,-3.506783,-2.87896,0.548422,0.0611,0.0593,-0.0018,0.0065,0.044291,0.00554,0.0427,-0.0092,0.00055,-3.488755,-2.858857,0.55704,0.0602,0.062,0.0018,0.0066,0.039508,0.00838,0.001,-0.021,0.000542
1969-05-01,196905,0.0048,0.0121,0.0013,-0.0086,0.04,-0.016,0.0107,0.0048,0.0168,0.0002,-0.012,0.0073,-0.0035,-0.0134,0.0352,-0.0208,0.0059,0.0,0.012,-0.0046,-0.0168,-3.501352,-2.875597,0.555804,0.0604,0.0635,0.0031,0.0073,0.044006,0.002755,-0.049,0.0263,0.000427,-3.506783,-2.87896,0.548422,0.0611,0.0593,-0.0018,0.0065,0.044291,0.00554,0.0427,-0.0092,0.00055
1969-06-01,196906,0.0051,-0.0737,-0.0599,-0.0692,-0.0996,-0.0016,-0.04,-0.0551,-0.0504,-0.0574,-0.1052,-0.0788,-0.065,-0.0743,-0.1047,-0.0067,-0.0451,-0.0602,-0.0555,-0.0625,-0.1103,-3.440971,-2.817273,0.596777,0.0644,0.0623,-0.0021,0.0072,0.045153,0.005495,0.0214,-0.0179,0.000752,-3.501352,-2.875597,0.555804,0.0604,0.0635,0.0031,0.0073,0.044006,0.002755,-0.049,0.0263,0.000427
1969-07-01,196907,0.0053,-0.0685,-0.0697,-0.0545,-0.0964,-0.0543,-0.045,-0.0845,-0.0273,-0.0298,-0.0913,-0.0738,-0.075,-0.0598,-0.1017,-0.0596,-0.0503,-0.0898,-0.0326,-0.0351,-0.0966,-3.376777,-2.752358,0.639018,0.07,0.0621,-0.0079,0.0076,0.051161,0.005464,0.0079,-0.0074,0.002306,-3.440971,-2.817273,0.596777,0.0644,0.0623,-0.0021,0.0072,0.045153,0.005495,0.0214,-0.0179,0.000752
1969-08-01,196908,0.005,0.0495,0.0273,0.0419,0.0662,0.0703,0.0165,0.0813,0.0931,-0.0129,0.0898,0.0445,0.0223,0.0369,0.0612,0.0653,0.0115,0.0763,0.0881,-0.0179,0.0848,-3.413948,-2.788809,0.622789,0.0698,0.063,-0.0068,0.0089,0.046915,0.005435,-0.0069,0.0049,0.000918,-3.376777,-2.752358,0.639018,0.07,0.0621,-0.0079,0.0076,0.051161,0.005464,0.0079,-0.0074,0.002306
1969-09-01,196909,0.0062,0.0033,-0.0006,-0.0207,-0.0963,0.002,-0.04,-0.0066,0.0209,-0.0415,-0.0063,-0.0029,-0.0068,-0.0269,-0.1025,-0.0042,-0.0462,-0.0128,0.0147,-0.0477,-0.0125,-3.386487,-2.760633,0.640888,0.0709,0.0677,-0.0032,0.0091,0.048391,0.002703,-0.0531,0.0287,0.000892,-3.413948,-2.788809,0.622789,0.0698,0.063,-0.0068,0.0089,0.046915,0.005435,-0.0069,0.0049,0.000918
1969-10-01,196910,0.006,0.0832,0.0386,0.0668,-0.0103,0.0579,0.035,0.0671,0.0898,0.083,0.08,0.0772,0.0326,0.0608,-0.0163,0.0519,0.029,0.0611,0.0838,0.077,0.074,-3.428723,-2.810171,0.608769,0.07,0.0653,-0.0047,0.0089,0.04863,0.005391,0.0365,-0.0238,0.000754,-3.386487,-2.760633,0.640888,0.0709,0.0677,-0.0032,0.0091,0.048391,0.002703,-0.0531,0.0287,0.000892
1969-11-01,196911,0.0052,-0.0236,-0.0448,-0.0342,-0.0456,-0.0179,0.0116,-0.0409,0.0032,-0.0528,-0.0556,-0.0288,-0.05,-0.0394,-0.0508,-0.0231,0.0064,-0.0461,-0.002,-0.058,-0.0608,-3.391754,-2.780544,0.641512,0.0724,0.0676,-0.0048,0.009,0.047904,0.005362,-0.0243,-0.0228,0.000509,-3.428723,-2.810171,0.608769,0.07,0.0653,-0.0047,0.0089,0.04863,0.005391,0.0365,-0.0238,0.000754
1969-12-01,196912,0.0064,-0.0194,-0.0344,-0.0143,-0.0301,-0.0074,-0.0551,-0.03,0.043,-0.0063,-0.0376,-0.0258,-0.0408,-0.0207,-0.0365,-0.0138,-0.0615,-0.0364,0.0366,-0.0127,-0.044,-3.371869,-2.768037,0.651082,0.0782,0.0687,-0.0095,0.0093,0.034274,0.005333,-0.0068,-0.0066,0.001164,-3.391754,-2.780544,0.641512,0.0724,0.0676,-0.0048,0.009,0.047904,0.005362,-0.0243,-0.0228,0.000509
1970-01-01,197001,0.006,-0.0425,-0.0825,-0.073,-0.1146,-0.0907,-0.0257,-0.0609,-0.0712,-0.0424,-0.0885,-0.0485,-0.0885,-0.079,-0.1206,-0.0967,-0.0317,-0.0669,-0.0772,-0.0484,-0.0945,-3.291261,-2.697171,0.700347,0.0787,0.0693,-0.0094,0.0095,0.034473,0.002653,-0.0021,0.0162,0.001067,-3.371869,-2.768037,0.651082,0.0782,0.0687,-0.0095,0.0093,0.034274,0.005333,-0.0068,-0.0066,0.001164
1970-02-01,197002,0.0062,0.047,0.056,0.0519,0.0539,0.0295,0.0797,0.0558,0.056,0.0838,0.0948,0.0408,0.0498,0.0457,0.0477,0.0233,0.0735,0.0496,0.0498,0.0776,0.0886,-3.341558,-2.757287,0.670148,0.0713,0.0651,-0.0062,0.0085,0.035855,0.005291,0.0587,-0.0186,0.001059,-3.291261,-2.697171,0.700347,0.0787,0.0693,-0.0094,0.0095,0.034473,0.002653,-0.0021,0.0162,0.001067
1970-03-01,197003,0.0057,-0.0078,0.0487,-0.0029,-0.0045,-0.0258,0.0229,-0.0172,-0.0509,0.0291,-0.018,-0.0135,0.043,-0.0086,-0.0102,-0.0315,0.0172,-0.0229,-0.0566,0.0234,-0.0237,-3.341958,-2.767581,0.690327,0.0663,0.0661,-0.0002,0.0079,0.035842,0.005263,-0.0068,0.0023,0.000964,-3.341558,-2.757287,0.670148,0.0713,0.0651,-0.0062,0.0085,0.035855,0.005291,0.0587,-0.0186,0.001059
1970-04-01,197004,0.005,-0.1014,-0.0886,-0.0898,-0.0917,-0.1435,-0.0879,-0.1112,-0.1011,-0.0807,-0.1382,-0.1064,-0.0936,-0.0948,-0.0967,-0.1485,-0.0929,-0.1162,-0.1061,-0.0857,-0.1432,-3.246067,-2.679274,0.736751,0.0651,0.0699,0.0048,0.0087,0.035712,0.007853,-0.0413,0.0163,0.001615,-3.341958,-2.767581,0.690327,0.0663,0.0661,-0.0002,0.0079,0.035842,0.005263,-0.0068,0.0023,0.000964
1970-05-01,197005,0.0053,-0.0745,-0.0647,-0.0751,0.0266,-0.0956,-0.0371,-0.0947,-0.0777,-0.0535,-0.0817,-0.0798,-0.07,-0.0804,0.0213,-0.1009,-0.0424,-0.1,-0.083,-0.0588,-0.087,-3.182111,-2.622945,0.774228,0.0684,0.0743,0.0059,0.0087,0.038661,0.002597,-0.0468,0.0305,0.008152,-3.246067,-2.679274,0.736751,0.0651,0.0699,0.0048,0.0087,0.035712,0.007853,-0.0413,0.0163,0.001615
1970-06-01,197006,0.0058,-0.0148,-0.0415,-0.0482,-0.0244,-0.1173,-0.0849,-0.0398,-0.0051,-0.0471,-0.0685,-0.0206,-0.0473,-0.054,-0.0302,-0.1231,-0.0907,-0.0456,-0.0109,-0.0529,-0.0743,-3.129735,-2.578239,0.793381,0.0668,0.0709,0.0041,0.0077,0.042291,0.005181,0.0486,-0.0485,0.002652,-3.182111,-2.622945,0.774228,0.0684,0.0743,0.0059,0.0087,0.038661,0.002597,-0.0468,0.0305,0.008152
1970-07-01,197007,0.0052,0.0668,0.106,0.051,0.1276,0.0234,0.1026,0.1038,0.0216,0.0871,0.0802,0.0616,0.1008,0.0458,0.1224,0.0182,0.0974,0.0986,0.0164,0.0819,0.075,-3.199422,-2.65868,0.738708,0.0645,0.0687,0.0042,0.0096,0.043074,0.005155,0.0319,0.0237,0.002126,-3.129735,-2.578239,0.793381,0.0668,0.0709,0.0041,0.0077,0.042291,0.005181,0.0486,-0.0485,0.002652
1970-08-01,197008,0.0053,0.0146,0.0828,0.0465,0.0659,0.0803,0.0244,0.0531,0.0182,0.0469,0.051,0.0093,0.0775,0.0412,0.0606,0.075,0.0191,0.0478,0.0129,0.0416,0.0457,-3.241872,-2.711984,0.709278,0.0641,0.0694,0.0053,0.0131,0.038729,0.0,-0.0019,0.0119,0.001887,-3.199422,-2.65868,0.738708,0.0645,0.0687,0.0042,0.0096,0.043074,0.005155,0.0319,0.0237,0.002126
1970-09-01,197009,0.0054,0.0552,0.0269,0.0397,0.032,0.1018,-0.0088,0.0795,0.0803,-0.0052,0.0759,0.0498,0.0215,0.0343,0.0266,0.0964,-0.0142,0.0741,0.0749,-0.0106,0.0705,-3.273293,-2.75435,0.712915,0.0612,0.068,0.0068,0.013,0.037942,0.005128,0.0228,-0.0089,0.001058,-3.241872,-2.711984,0.709278,0.0641,0.0694,0.0053,0.0131,0.038729,0.0,-0.0019,0.0119,0.001887
1970-10-01,197010,0.0046,0.007,-0.02,-0.0315,0.0295,-0.0348,-0.0375,-0.0169,0.001,-0.0083,-0.0589,0.0024,-0.0246,-0.0361,0.0249,-0.0394,-0.0421,-0.0215,-0.0036,-0.0129,-0.0635,-3.267067,-2.757292,0.717698,0.0591,0.0693,0.0102,0.013,0.036962,0.005102,-0.0109,0.0013,0.001043,-3.273293,-2.75435,0.712915,0.0612,0.068,0.0068,0.013,0.037942,0.005128,0.0228,-0.0089,0.001058
1970-11-01,197011,0.0046,0.0473,0.0698,0.0392,0.0495,0.0406,0.0616,0.0688,0.0308,0.0941,0.0385,0.0427,0.0652,0.0346,0.0449,0.036,0.057,0.0642,0.0262,0.0895,0.0339,-3.318687,-2.818264,0.68292,0.0528,0.0637,0.0109,0.0133,0.035225,0.005076,0.0791,-0.0207,0.000885,-3.267067,-2.757292,0.717698,0.0591,0.0693,0.0102,0.013,0.036962,0.005102,-0.0109,0.0013,0.001043
1970-12-01,197012,0.0042,0.075,0.0617,0.0801,0.0225,0.044,0.0685,0.0541,0.0536,0.0718,0.0837,0.0708,0.0575,0.0759,0.0183,0.0398,0.0643,0.0499,0.0494,0.0676,0.0795,-3.379195,-2.888312,0.646426,0.0487,0.0648,0.0161,0.0148,0.031462,0.005051,-0.0084,0.0456,0.000535,-3.318687,-2.818264,0.68292,0.0528,0.0637,0.0109,0.0133,0.035225,0.005076,0.0791,-0.0207,0.000885
1971-01-01,197101,0.0038,0.0482,0.0387,0.0591,0.0033,0.0539,0.0977,0.0829,0.0488,0.0293,0.0781,0.0444,0.0349,0.0553,-0.0005,0.0501,0.0939,0.0791,0.045,0.0255,0.0743,-3.422064,-2.922161,0.62441,0.0444,0.0612,0.0168,0.0138,0.030593,0.0,0.0506,0.0026,0.000541,-3.379195,-2.888312,0.646426,0.0487,0.0648,0.0161,0.0148,0.031462,0.005051,-0.0084,0.0456,0.000535
1971-02-01,197102,0.0033,0.0377,0.0224,0.0124,0.0481,0.028,-0.0529,0.0364,0.0139,-0.026,0.0235,0.0344,0.0191,0.0091,0.0448,0.0247,-0.0562,0.0331,0.0106,-0.0293,0.0202,-3.434297,-2.925397,0.61707,0.037,0.0629,0.0259,0.0131,0.025801,0.002513,-0.0163,-0.0203,0.000451,-3.422064,-2.922161,0.62441,0.0444,0.0612,0.0168,0.0138,0.030593,0.0,0.0506,0.0026,0.000541
1971-03-01,197103,0.003,0.0445,0.0344,0.0408,0.0276,0.0805,0.0071,0.0681,0.0367,0.0241,0.0601,0.0415,0.0314,0.0378,0.0246,0.0775,0.0041,0.0651,0.0337,0.0211,0.0571,-3.473643,-2.955768,0.633811,0.0338,0.0593,0.0255,0.0125,0.026399,0.002506,0.0526,-0.0268,0.000493,-3.434297,-2.925397,0.61707,0.037,0.0629,0.0259,0.0131,0.025801,0.002513,-0.0163,-0.0203,0.000451
1971-04-01,197104,0.0028,0.0213,0.0849,0.0428,0.0431,0.0231,0.0081,0.0497,0.0425,-0.0355,0.0436,0.0185,0.0821,0.04,0.0403,0.0203,0.0053,0.0469,0.0397,-0.0383,0.0408,-3.510359,-2.985048,0.608654,0.0386,0.0619,0.0233,0.012,0.026557,0.0025,-0.0283,0.0047,0.000308,-3.473643,-2.955768,0.633811,0.0338,0.0593,0.0255,0.0125,0.026399,0.002506,0.0526,-0.0268,0.000493
1971-05-01,197105,0.0029,-0.0301,-0.0428,-0.0226,-0.0477,-0.0618,-0.0516,-0.0179,-0.0211,-0.0371,-0.046,-0.033,-0.0457,-0.0255,-0.0506,-0.0647,-0.0545,-0.0208,-0.024,-0.04,-0.0489,-3.468988,-2.936275,0.63141,0.0414,0.0624,0.021,0.0109,0.029723,0.004988,-0.0006,-0.0155,0.000539,-3.510359,-2.985048,0.608654,0.0386,0.0619,0.0233,0.012,0.026557,0.0025,-0.0283,0.0047,0.000308
1971-06-01,197106,0.0037,-0.0015,-0.0066,0.0037,0.0103,-0.0218,0.0104,0.003,0.0202,0.0432,-0.0106,-0.0052,-0.0103,0.0,0.0066,-0.0255,0.0067,-0.0007,0.0165,0.0395,-0.0143,-3.470764,-2.930692,0.643221,0.0475,0.0641,0.0166,0.0111,0.027279,0.007444,-0.0159,0.0266,0.000925,-3.468988,-2.936275,0.63141,0.0414,0.0624,0.021,0.0109,0.029723,0.004988,-0.0006,-0.0155,0.000539
1971-07-01,197107,0.004,-0.0214,-0.0555,-0.0488,-0.0214,-0.0858,-0.0361,-0.0345,-0.0225,-0.0214,-0.0385,-0.0254,-0.0595,-0.0528,-0.0254,-0.0898,-0.0401,-0.0385,-0.0265,-0.0254,-0.0425,-3.429636,-2.881621,0.667731,0.054,0.0643,0.0103,0.0112,0.025796,0.002463,0.003,-0.0055,0.000518,-3.470764,-2.930692,0.643221,0.0475,0.0641,0.0166,0.0111,0.027279,0.007444,-0.0159,0.0266,0.000925
1971-08-01,197108,0.0047,0.031,0.106,0.0639,-0.0122,0.0567,-0.0034,0.062,0.0328,-0.0233,0.0703,0.0263,0.1013,0.0592,-0.0169,0.052,-0.0081,0.0573,0.0281,-0.028,0.0656,-3.466175,-2.91026,0.638258,0.0494,0.061,0.0116,0.0117,0.026782,0.002457,0.0471,0.0083,0.002451,-3.429636,-2.881621,0.667731,0.054,0.0643,0.0103,0.0112,0.025796,0.002463,0.003,-0.0055,0.000518
1971-09-01,197109,0.0037,-0.0007,-0.0007,-0.0032,-0.0164,-0.0155,0.0023,0.0073,0.0066,-0.0151,-0.0043,-0.0044,-0.0044,-0.0069,-0.0201,-0.0192,-0.0014,0.0036,0.0029,-0.0188,-0.008,-3.46026,-2.896492,0.646085,0.0469,0.0598,0.0129,0.0115,0.027934,0.0,0.0204,-0.0306,0.000524,-3.466175,-2.91026,0.638258,0.0494,0.061,0.0116,0.0117,0.026782,0.002457,0.0471,0.0083,0.002451
1971-10-01,197110,0.0037,-0.0433,-0.0521,-0.0604,-0.0429,-0.0435,-0.0174,-0.0345,-0.025,0.0205,-0.042,-0.047,-0.0558,-0.0641,-0.0466,-0.0472,-0.0211,-0.0382,-0.0287,0.0168,-0.0457,-3.419728,-2.837361,0.683194,0.0446,0.0588,0.0142,0.0109,0.029244,0.002451,0.0167,0.0115,0.000662,-3.46026,-2.896492,0.646085,0.0469,0.0598,0.0129,0.0115,0.027934,0.0,0.0204,-0.0306,0.000524
1971-11-01,197111,0.0037,-0.0034,0.0033,-0.0098,0.0006,0.0177,0.0039,0.0024,0.0059,-0.012,-0.0018,-0.0071,-0.0004,-0.0135,-0.0031,0.014,0.0002,-0.0013,0.0022,-0.0157,-0.0055,-3.419341,-2.818638,0.689489,0.0422,0.0596,0.0174,0.0112,0.029452,0.0,-0.0047,0.0076,0.001866,-3.419728,-2.837361,0.683194,0.0446,0.0588,0.0142,0.0109,0.029244,0.002451,0.0167,0.0115,0.000662
1971-12-01,197112,0.0037,0.1054,0.0614,0.0987,0.0884,0.1127,0.0737,0.1017,0.0791,0.0811,0.0814,0.1017,0.0577,0.095,0.0847,0.109,0.07,0.098,0.0754,0.0774,0.0777,-3.504177,-2.885389,0.6439,0.0401,0.0597,0.0196,0.0113,0.034023,0.00489,0.0044,0.0179,0.001183,-3.419341,-2.818638,0.689489,0.0422,0.0596,0.0174,0.0112,0.029452,0.0,-0.0047,0.0076,0.001866
1972-01-01,197201,0.0029,0.025,0.0323,0.0322,0.0016,0.0835,0.0094,0.0043,0.026,-0.003,0.0333,0.0221,0.0294,0.0293,-0.0013,0.0806,0.0065,0.0014,0.0231,-0.0059,0.0304,-3.522136,-2.896935,0.635357,0.0338,0.0606,0.0268,0.0104,0.033075,0.0,-0.0063,0.003,0.000494,-3.504177,-2.885389,0.6439,0.0401,0.0597,0.0196,0.0113,0.034023,0.00489,0.0044,0.0179,0.001183
1972-02-01,197202,0.0025,0.0465,0.0084,0.0499,0.0261,0.0189,0.0016,0.0566,0.0713,-0.025,0.0225,0.044,0.0059,0.0474,0.0236,0.0164,-0.0009,0.0541,0.0688,-0.0275,0.02,-3.547124,-2.915553,0.617586,0.032,0.0602,0.0282,0.0096,0.03303,0.004866,0.0088,0.0019,0.000284,-3.522136,-2.896935,0.635357,0.0338,0.0606,0.0268,0.0104,0.033075,0.0,-0.0063,0.003,0.000494
1972-03-01,197203,0.0027,0.0008,0.0423,0.0249,-0.0546,0.011,-0.0032,0.0198,0.0046,-0.0016,0.0231,-0.0019,0.0396,0.0222,-0.0573,0.0083,-0.0059,0.0171,0.0019,-0.0043,0.0204,-3.553019,-2.915116,0.645902,0.0373,0.0613,0.024,0.01,0.031723,0.002421,-0.0082,0.0106,0.000545,-3.547124,-2.915553,0.617586,0.032,0.0602,0.0282,0.0096,0.03303,0.004866,0.0088,0.0019,0.000284
1972-04-01,197204,0.0029,0.019,-0.0053,0.0197,-0.0069,0.0076,-0.0105,-0.0056,0.0108,-0.0282,0.0182,0.0161,-0.0082,0.0168,-0.0098,0.0047,-0.0134,-0.0085,0.0079,-0.0311,0.0153,-3.557393,-2.910353,0.636784,0.0371,0.0615,0.0244,0.0094,0.032492,0.002415,0.0027,0.0008,0.000383,-3.553019,-2.915116,0.645902,0.0373,0.0613,0.024,0.01,0.031723,0.002421,-0.0082,0.0106,0.000545
1972-05-01,197205,0.003,0.0041,-0.0102,0.019,0.0369,0.0374,0.0117,0.0179,0.0352,-0.0018,-0.0061,0.0011,-0.0132,0.016,0.0339,0.0344,0.0087,0.0149,0.0322,-0.0048,-0.0091,-3.574521,-2.918425,0.632442,0.0369,0.0597,0.0228,0.0093,0.030657,0.00241,0.027,-0.0107,0.000769,-3.557393,-2.910353,0.636784,0.0371,0.0615,0.0244,0.0094,0.032492,0.002415,0.0027,0.0008,0.000383
1972-06-01,197206,0.0029,-0.0115,-0.0289,-0.0225,-0.0092,-0.0253,-0.0275,-0.0422,0.0251,-0.0155,-0.0451,-0.0144,-0.0318,-0.0254,-0.0121,-0.0282,-0.0304,-0.0451,0.0222,-0.0184,-0.048,-3.552459,-2.887389,0.654015,0.0391,0.0607,0.0216,0.0097,0.034199,0.002404,-0.0065,-0.0003,0.000365,-3.574521,-2.918425,0.632442,0.0369,0.0597,0.0228,0.0093,0.030657,0.00241,0.027,-0.0107,0.000769
1972-07-01,197207,0.0031,-0.0158,-0.0213,0.0048,-0.0105,0.0096,0.0075,-0.0246,0.0313,0.0004,-0.0295,-0.0189,-0.0244,0.0017,-0.0136,0.0065,0.0044,-0.0277,0.0282,-0.0027,-0.0326,-3.553705,-2.880272,0.65705,0.0398,0.0593,0.0195,0.0102,0.033325,0.004796,0.0216,-0.0186,0.000595,-3.552459,-2.887389,0.654015,0.0391,0.0607,0.0216,0.0097,0.034199,0.002404,-0.0065,-0.0003,0.000365
1972-08-01,197208,0.0029,-0.0011,0.0378,0.0229,0.1245,0.0285,0.0515,-0.0043,0.0104,0.0597,0.0362,-0.004,0.0349,0.02,0.1216,0.0256,0.0486,-0.0072,0.0075,0.0568,0.0333,-3.586493,-2.904788,0.630467,0.0402,0.0595,0.0193,0.01,0.031849,0.002387,0.0029,0.0043,0.000595,-3.553705,-2.880272,0.65705,0.0398,0.0593,0.0195,0.0102,0.033325,0.004796,0.0216,-0.0186,0.000595
1972-09-01,197209,0.0034,-0.0262,-0.0089,-0.0122,-0.0024,-0.0115,0.0431,-0.005,-0.0044,0.002,-0.0172,-0.0296,-0.0123,-0.0156,-0.0058,-0.0149,0.0397,-0.0084,-0.0078,-0.0014,-0.0206,-3.580538,-2.890643,0.637385,0.0466,0.0606,0.014,0.0087,0.03287,0.002381,-0.0083,0.0114,0.000466,-3.586493,-2.904788,0.630467,0.0402,0.0595,0.0193,0.01,0.031849,0.002387,0.0029,0.0043,0.000595
1972-10-01,197210,0.004,-0.0001,-0.0244,0.0114,0.031,-0.0334,0.023,0.0089,0.0151,0.0677,0.0113,-0.0041,-0.0284,0.0074,0.027,-0.0374,0.019,0.0049,0.0111,0.0637,0.0073,-3.582266,-2.884831,0.635884,0.0474,0.0591,0.0117,0.0085,0.032353,0.004751,0.0234,-0.0133,0.000858,-3.580538,-2.890643,0.637385,0.0466,0.0606,0.014,0.0087,0.03287,0.002381,-0.0083,0.0114,0.000466
1972-11-01,197211,0.0037,0.0688,0.0794,0.042,0.062,0.0253,0.0706,0.0601,-0.0056,0.064,0.0514,0.0651,0.0757,0.0383,0.0583,0.0216,0.0669,0.0564,-0.0093,0.0603,0.0477,-3.619381,-2.914575,0.596733,0.0478,0.0577,0.0099,0.0087,0.030952,0.002364,0.0226,0.0023,0.000488,-3.582266,-2.884831,0.635884,0.0474,0.0591,0.0117,0.0085,0.032353,0.004751,0.0234,-0.0133,0.000858
1972-12-01,197212,0.0037,0.0053,0.0164,0.0092,0.0105,0.0198,0.0145,0.0173,0.0374,-0.0154,-0.0073,0.0016,0.0127,0.0055,0.0068,0.0161,0.0108,0.0136,0.0337,-0.0191,-0.011,-3.623706,-2.91169,0.595675,0.0507,0.0599,0.0092,0.0085,0.034203,0.002358,-0.0229,0.0225,0.000517,-3.619381,-2.914575,0.596733,0.0478,0.0577,0.0099,0.0087,0.030952,0.002364,0.0226,0.0023,0.000488
1973-01-01,197301,0.0044,-0.0476,-0.067,-0.037,0.0503,0.0196,-0.0212,-0.0409,-0.0119,-0.0427,-0.0745,-0.052,-0.0714,-0.0414,0.0459,0.0152,-0.0256,-0.0453,-0.0163,-0.0471,-0.0789,-3.604331,-2.874892,0.608196,0.0541,0.0685,0.0144,0.0075,0.035647,0.002353,-0.0321,0.0267,0.000516,-3.623706,-2.91169,0.595675,0.0507,0.0599,0.0092,0.0085,0.034203,0.002358,-0.0229,0.0225,0.000517
1973-02-01,197302,0.0041,-0.0437,-0.0586,-0.0227,-0.0738,-0.03,-0.0464,-0.0645,-0.0071,-0.0198,-0.0606,-0.0478,-0.0627,-0.0268,-0.0779,-0.0341,-0.0505,-0.0686,-0.0112,-0.0239,-0.0647,-3.564012,-2.817519,0.636184,0.056,0.0688,0.0128,0.0075,0.0363,0.007042,0.0014,0.0009,0.001265,-3.604331,-2.874892,0.608196,0.0541,0.0685,0.0144,0.0075,0.035647,0.002353,-0.0321,0.0267,0.000516
1973-03-01,197303,0.0046,-0.01,-0.0282,-0.002,0.0305,-0.012,0.0053,-0.0564,0.0078,-0.0215,-0.0026,-0.0146,-0.0328,-0.0066,0.0259,-0.0166,0.0007,-0.061,0.0032,-0.0261,-0.0072,-3.560472,-2.797281,0.676018,0.0609,0.0686,0.0077,0.0074,0.036706,0.009324,0.0082,-0.0037,0.001558,-3.564012,-2.817519,0.636184,0.056,0.0688,0.0128,0.0075,0.0363,0.007042,0.0014,0.0009,0.001265
1973-04-01,197304,0.0052,-0.0625,-0.0519,-0.044,-0.0098,-0.0666,0.0088,-0.0852,-0.0549,-0.006,-0.0775,-0.0677,-0.0571,-0.0492,-0.015,-0.0718,0.0036,-0.0904,-0.0601,-0.0112,-0.0827,-3.513572,-2.734767,0.69772,0.0626,0.0687,0.0061,0.0083,0.037833,0.006928,0.0046,0.0015,0.001518,-3.560472,-2.797281,0.676018,0.0609,0.0686,0.0077,0.0074,0.036706,0.009324,0.0082,-0.0037,0.001558
1973-05-01,197305,0.0051,-0.0213,-0.0423,-0.0115,-0.0356,-0.0261,-0.0084,-0.0223,0.0106,0.0035,-0.0499,-0.0264,-0.0474,-0.0166,-0.0407,-0.0312,-0.0135,-0.0274,0.0055,-0.0016,-0.055,-3.489293,-2.695268,0.713216,0.0636,0.0703,0.0067,0.0077,0.039602,0.006881,-0.0105,0.0066,0.003078,-3.513572,-2.734767,0.69772,0.0626,0.0687,0.0061,0.0083,0.037833,0.006928,0.0046,0.0015,0.001518
1973-06-01,197306,0.0051,-0.0344,-0.0254,-0.0035,0.0159,-0.0006,-0.0032,-0.0576,0.0001,-0.025,-0.0023,-0.0395,-0.0305,-0.0086,0.0108,-0.0057,-0.0083,-0.0627,-0.005,-0.0301,-0.0074,-3.477506,-2.668649,0.720974,0.0719,0.071,-0.0009,0.0076,0.039013,0.006834,-0.0021,-0.0035,0.002165,-3.489293,-2.695268,0.713216,0.0636,0.0703,0.0067,0.0077,0.039602,0.006881,-0.0105,0.0066,0.003078
1973-07-01,197307,0.0064,0.0743,0.0726,0.0665,0.003,0.0495,-0.0032,0.1114,0.0687,-0.024,0.0953,0.0679,0.0662,0.0601,-0.0034,0.0431,-0.0096,0.105,0.0623,-0.0304,0.0889,-3.509621,-2.684941,0.693977,0.0801,0.076,-0.0041,0.0079,0.03735,0.002262,-0.0433,-0.0043,0.001868,-3.477506,-2.668649,0.720974,0.0719,0.071,-0.0009,0.0076,0.039013,0.006834,-0.0021,-0.0035,0.002165
1973-08-01,197308,0.007,-0.0331,-0.0394,-0.0146,-0.0382,-0.037,-0.0389,-0.0415,-0.069,-0.021,-0.023,-0.0401,-0.0464,-0.0216,-0.0452,-0.044,-0.0459,-0.0485,-0.076,-0.028,-0.03,-3.467113,-2.627011,0.724337,0.0867,0.0728,-0.0139,0.0085,0.037389,0.018059,0.0391,-0.0035,0.001096,-3.509621,-2.684941,0.693977,0.0801,0.076,-0.0041,0.0079,0.03735,0.002262,-0.0433,-0.0043,0.001868
1973-09-01,197309,0.0068,0.059,0.0782,0.0456,0.0921,-0.0283,0.0764,0.0717,0.0078,0.0791,0.0724,0.0522,0.0714,0.0388,0.0853,-0.0351,0.0696,0.0649,0.001,0.0723,0.0656,-3.501315,-2.646184,0.678809,0.0829,0.0703,-0.0126,0.01,0.034361,0.002217,0.0318,0.0038,0.000935,-3.467113,-2.627011,0.724337,0.0867,0.0728,-0.0139,0.0085,0.037389,0.018059,0.0391,-0.0035,0.001096
1973-10-01,197310,0.0065,-0.0225,-0.0435,0.0045,0.0517,0.039,-0.0556,-0.0365,0.0183,-0.0341,-0.0101,-0.029,-0.05,-0.002,0.0452,0.0325,-0.0621,-0.043,0.0118,-0.0406,-0.0166,-3.488871,-2.624724,0.672082,0.0722,0.0689,-0.0033,0.0081,0.03466,0.00885,0.0215,-0.0281,0.001345,-3.501315,-2.646184,0.678809,0.0829,0.0703,-0.0126,0.01,0.034361,0.002217,0.0318,0.0038,0.000935
1973-11-01,197311,0.0056,-0.1432,-0.1631,-0.1427,-0.0622,-0.1145,-0.0433,-0.189,-0.0776,-0.1164,-0.135,-0.1488,-0.1687,-0.1483,-0.0678,-0.1201,-0.0489,-0.1946,-0.0832,-0.122,-0.1406,-3.356964,-2.484074,0.781879,0.0783,0.0712,-0.0071,0.0075,0.038736,0.006579,-0.0183,0.0261,0.00437,-3.488871,-2.624724,0.672082,0.0722,0.0689,-0.0033,0.0081,0.03466,0.00885,0.0215,-0.0281,0.001345
1973-12-01,197312,0.0064,-0.0157,-0.0376,0.0129,0.0863,-0.0432,0.0417,-0.0021,-0.0448,0.0343,0.0245,-0.0221,-0.044,0.0065,0.0799,-0.0496,0.0353,-0.0085,-0.0512,0.0279,0.0181,-3.362489,-2.481121,0.755588,0.0745,0.0726,-0.0019,0.008,0.013007,0.006536,-0.0082,-0.0007,0.005358,-3.356964,-2.484074,0.781879,0.0783,0.0712,-0.0071,0.0075,0.038736,0.006579,-0.0183,0.0261,0.00437
1974-01-01,197401,0.0063,0.0236,0.061,0.0041,-0.0746,0.0125,0.0209,0.0669,-0.0256,0.0455,0.0118,0.0173,0.0547,-0.0022,-0.0809,0.0062,0.0146,0.0606,-0.0319,0.0392,0.0055,-3.346493,-2.462887,0.751446,0.0777,0.074,-0.0037,0.0065,0.011627,0.008658,-0.0083,0.003,0.003409,-3.362489,-2.481121,0.755588,0.0745,0.0726,-0.0019,0.008,0.013007,0.006536,-0.0082,-0.0007,0.005358
1974-02-01,197402,0.0058,0.0015,-0.0107,0.0003,-0.0155,-0.006,0.0471,0.0081,-0.0122,0.0029,0.0101,-0.0043,-0.0165,-0.0055,-0.0213,-0.0118,0.0413,0.0023,-0.018,-0.0029,0.0043,-3.336997,-2.451186,0.747098,0.0712,0.0748,0.0036,0.0068,0.010919,0.012876,-0.0024,0.0033,0.001878,-3.346493,-2.462887,0.751446,0.0777,0.074,-0.0037,0.0065,0.011627,0.008658,-0.0083,0.003,0.003409
1974-03-01,197403,0.0056,-0.019,-0.001,-0.0078,-0.0324,-0.0273,-0.0458,-0.0312,0.0121,-0.0366,-0.0363,-0.0246,-0.0066,-0.0134,-0.038,-0.0329,-0.0514,-0.0368,0.0065,-0.0422,-0.0419,-3.307611,-2.419624,0.815184,0.0796,0.0783,-0.0013,0.0061,0.0104,0.012712,-0.0292,-0.0015,0.001694,-3.336997,-2.451186,0.747098,0.0712,0.0748,0.0036,0.0068,0.010919,0.012876,-0.0024,0.0033,0.001878
1974-04-01,197404,0.0075,-0.0367,-0.0407,-0.0204,-0.0631,-0.0364,-0.0532,-0.0196,-0.0148,-0.1223,-0.0633,-0.0442,-0.0482,-0.0279,-0.0706,-0.0439,-0.0607,-0.0271,-0.0223,-0.1298,-0.0708,-3.26198,-2.364751,0.824858,0.0833,0.0816,-0.0017,0.0062,0.009657,0.004184,-0.0253,-0.0088,0.001729,-3.307611,-2.419624,0.815184,0.0796,0.0783,-0.0013,0.0061,0.0104,0.012712,-0.0292,-0.0015,0.001694
1974-05-01,197405,0.0075,-0.0291,0.0044,-0.0254,-0.0754,-0.0422,-0.0155,0.0119,-0.0012,-0.0493,-0.0849,-0.0366,-0.0031,-0.0329,-0.0829,-0.0497,-0.023,0.0044,-0.0087,-0.0568,-0.0924,-3.222089,-2.31581,0.860416,0.0823,0.081,-0.0013,0.0068,0.009247,0.0125,0.0123,-0.0018,0.002099,-3.26198,-2.364751,0.824858,0.0833,0.0816,-0.0017,0.0062,0.009657,0.004184,-0.0253,-0.0088,0.001729
1974-06-01,197406,0.006,-0.0057,-0.0264,-0.0042,-0.0031,-0.0293,0.0027,-0.0273,-0.0162,-0.0622,-0.0556,-0.0117,-0.0324,-0.0102,-0.0091,-0.0353,-0.0033,-0.0333,-0.0222,-0.0682,-0.0616,-3.201584,-2.286437,0.860159,0.079,0.0812,0.0022,0.008,0.008028,0.00823,0.0045,-0.033,0.0023,-3.222089,-2.31581,0.860416,0.0823,0.081,-0.0013,0.0068,0.009247,0.0125,0.0123,-0.0018,0.002099
1974-07-01,197407,0.007,-0.1016,-0.1191,-0.0717,-0.0052,-0.0823,-0.0763,-0.1283,-0.1414,0.0074,-0.0663,-0.1086,-0.1261,-0.0787,-0.0122,-0.0893,-0.0833,-0.1353,-0.1484,0.0004,-0.0733,-3.112066,-2.191442,0.911239,0.0755,0.0823,0.0068,0.0076,0.006839,0.008163,-0.0029,-0.0182,0.004918,-3.201584,-2.286437,0.860159,0.079,0.0812,0.0022,0.008,0.008028,0.00823,0.0045,-0.033,0.0023
1974-08-01,197408,0.006,-0.102,-0.0671,-0.1016,-0.0865,-0.0493,-0.0003,-0.1308,-0.0806,-0.0869,-0.1064,-0.108,-0.0731,-0.1076,-0.0925,-0.0553,-0.0063,-0.1368,-0.0866,-0.0929,-0.1124,-3.008987,-2.083005,1.017124,0.0896,0.0855,-0.0041,0.0077,0.006555,0.012146,-0.0232,-0.0036,0.004791,-3.112066,-2.191442,0.911239,0.0755,0.0823,0.0068,0.0076,0.006839,0.008163,-0.0029,-0.0182,0.004918
1974-09-01,197409,0.0081,-0.1206,-0.1298,-0.1287,-0.0797,-0.1683,-0.0381,-0.1227,-0.1556,-0.0132,-0.0963,-0.1287,-0.1379,-0.1368,-0.0878,-0.1764,-0.0462,-0.1308,-0.1637,-0.0213,-0.1044,-2.873517,-1.942297,1.13544,0.0806,0.0837,0.0031,0.0094,0.005137,0.012,0.0247,-0.0073,0.007812,-3.008987,-2.083005,1.017124,0.0896,0.0855,-0.0041,0.0077,0.006555,0.012146,-0.0232,-0.0036,0.004791
1974-10-01,197410,0.0051,0.157,0.045,0.1606,0.2078,0.1471,0.1085,0.1,0.2959,0.1302,0.2018,0.1519,0.0399,0.1555,0.2027,0.142,0.1034,0.0949,0.2908,0.1251,0.1967,-3.023633,-2.101422,1.037084,0.0746,0.0795,0.0049,0.0121,0.003638,0.009881,0.0489,0.0396,0.010085,-2.873517,-1.942297,1.13544,0.0806,0.0837,0.0031,0.0094,0.005137,0.012,0.0247,-0.0073,0.007812
1974-11-01,197411,0.0054,-0.0386,-0.0479,-0.059,-0.0429,-0.0494,-0.0307,-0.0575,-0.0123,-0.0015,-0.0281,-0.044,-0.0533,-0.0644,-0.0483,-0.0548,-0.0361,-0.0629,-0.0177,-0.0069,-0.0335,-2.968058,-2.054925,1.115637,0.0747,0.0771,0.0024,0.0171,0.007815,0.007828,0.0295,-0.0178,0.003514,-3.023633,-2.101422,1.037084,0.0746,0.0795,0.0049,0.0121,0.003638,0.009881,0.0489,0.0396,0.010085
1974-12-01,197412,0.007,-0.0051,-0.0409,-0.0444,0.0084,-0.0524,0.0157,-0.0336,-0.0332,-0.0083,-0.0431,-0.0121,-0.0479,-0.0514,0.0014,-0.0594,0.0087,-0.0406,-0.0402,-0.0153,-0.0501,-2.946775,-2.042782,1.120018,0.0715,0.076,0.0045,0.0174,0.008772,0.007767,0.0171,-0.0246,0.003814,-2.968058,-2.054925,1.115637,0.0747,0.0771,0.0024,0.0171,0.007815,0.007828,0.0295,-0.0178,0.003514
1975-01-01,197501,0.0058,0.1873,0.2152,0.1451,0.0676,0.1529,0.1109,0.2597,-0.0075,0.1883,0.1793,0.1815,0.2094,0.1393,0.0618,0.1471,0.1051,0.2539,-0.0133,0.1825,0.1735,-3.056152,-2.175255,0.98083,0.0626,0.0796,0.017,0.0198,0.00851,0.003854,0.0225,0.0371,0.004017,-2.946775,-2.042782,1.120018,0.0715,0.076,0.0045,0.0174,0.008772,0.007767,0.0171,-0.0246,0.003814
1975-02-01,197502,0.0043,0.0404,0.0499,0.0802,0.0227,0.1317,0.0515,0.0517,0.1607,0.0088,0.0287,0.0361,0.0456,0.0759,0.0184,0.1274,0.0472,0.0474,0.1564,0.0045,0.0244,-3.107892,-2.250332,0.933902,0.055,0.0788,0.0238,0.0203,0.011652,0.007678,0.0131,0.0006,0.002179,-3.056152,-2.175255,0.98083,0.0626,0.0796,0.017,0.0198,0.00851,0.003854,0.0225,0.0371,0.004017
1975-03-01,197503,0.0041,0.0716,0.0662,0.0505,-0.0232,0.0099,-0.0088,0.1076,0.0129,-0.0133,0.0414,0.0675,0.0621,0.0464,-0.0273,0.0058,-0.0129,0.1035,0.0088,-0.0174,0.0373,-3.122977,-2.289002,0.972466,0.0549,0.0824,0.0275,0.0181,0.020467,0.00381,-0.0267,0.002,0.002403,-3.107892,-2.250332,0.933902,0.055,0.0788,0.0238,0.0203,0.011652,0.007678,0.0131,0.0006,0.002179
1975-04-01,197504,0.0044,0.0302,0.0408,0.0956,0.0725,0.0557,-0.0096,0.0259,0.0065,-0.0163,0.0326,0.0258,0.0364,0.0912,0.0681,0.0513,-0.014,0.0215,0.0021,-0.0207,0.0282,-3.165533,-2.354702,0.909489,0.0561,0.0852,0.0291,0.0163,0.022496,0.003795,-0.0182,0.013,0.002314,-3.122977,-2.289002,0.972466,0.0549,0.0824,0.0275,0.0181,0.020467,0.00381,-0.0267,0.002,0.002403
1975-05-01,197505,0.0044,0.0522,0.026,0.028,0.1207,0.0592,0.0355,0.0401,0.0653,0.0854,0.0572,0.0478,0.0216,0.0236,0.1163,0.0548,0.0311,0.0357,0.0609,0.081,0.0528,-3.205074,-2.417766,0.897524,0.0523,0.0836,0.0313,0.0179,0.022954,0.005671,0.0212,-0.0106,0.001807,-3.165533,-2.354702,0.909489,0.0561,0.0852,0.0291,0.0163,0.022496,0.003795,-0.0182,0.013,0.002314
1975-06-01,197506,0.0041,0.0528,0.1024,0.0354,0.065,0.0231,0.0405,0.0745,0.0096,0.1074,0.0595,0.0487,0.0983,0.0313,0.0609,0.019,0.0364,0.0704,0.0055,0.1033,0.0554,-3.244843,-2.481446,0.849839,0.0534,0.0813,0.0279,0.0185,0.022962,0.007519,0.0292,0.0012,0.001353,-3.205074,-2.417766,0.897524,0.0523,0.0836,0.0313,0.0179,0.022954,0.005671,0.0212,-0.0106,0.001807
1975-07-01,197507,0.0048,-0.0538,-0.0202,-0.0591,-0.0425,-0.0942,-0.0421,-0.0747,-0.1203,-0.048,-0.0613,-0.0586,-0.025,-0.0639,-0.0473,-0.099,-0.0469,-0.0795,-0.1251,-0.0528,-0.0661,-3.174792,-2.419805,0.898366,0.0613,0.0829,0.0216,0.0171,0.025628,0.011194,-0.0087,0.0057,0.001244,-3.244843,-2.481446,0.849839,0.0534,0.0813,0.0279,0.0185,0.022962,0.007519,0.0292,0.0012,0.001353
1975-08-01,197508,0.0048,-0.0313,-0.0348,-0.0078,-0.0088,-0.0296,-0.0354,-0.0033,-0.0332,-0.0123,-0.0514,-0.0361,-0.0396,-0.0126,-0.0136,-0.0344,-0.0402,-0.0081,-0.038,-0.0171,-0.0562,-3.153496,-2.406991,0.894247,0.0644,0.0844,0.02,0.0164,0.026365,0.001845,-0.0068,-0.0107,0.002343,-3.174792,-2.419805,0.898366,0.0613,0.0829,0.0216,0.0171,0.025628,0.011194,-0.0087,0.0057,0.001244
1975-09-01,197509,0.0053,-0.0244,-0.0245,-0.0582,-0.0117,-0.0085,-0.0127,-0.0354,-0.0652,-0.0098,-0.0632,-0.0297,-0.0298,-0.0635,-0.017,-0.0138,-0.018,-0.0407,-0.0705,-0.0151,-0.0685,-3.118236,-2.380286,0.940948,0.0642,0.0862,0.022,0.0166,0.027918,0.005525,-0.0098,-0.0028,0.002305,-3.153496,-2.406991,0.894247,0.0644,0.0844,0.02,0.0164,0.026365,0.001845,-0.0068,-0.0107,0.002343
1975-10-01,197510,0.0056,0.1058,0.0891,0.0571,-0.0134,0.084,0.0682,0.0992,0.1067,0.0655,0.0391,0.1002,0.0835,0.0515,-0.019,0.0784,0.0626,0.0936,0.1011,0.0599,0.0335,-3.180753,-2.431549,0.893498,0.0596,0.0819,0.0223,0.0176,0.025897,0.005495,0.0475,0.0078,0.002155,-3.118236,-2.380286,0.940948,0.0642,0.0862,0.022,0.0166,0.027918,0.005525,-0.0098,-0.0028,0.002305
1975-11-01,197511,0.0041,0.0409,0.0327,0.0297,-0.0164,0.0506,0.0428,0.0466,0.0513,0.0316,0.0358,0.0368,0.0286,0.0256,-0.0205,0.0465,0.0387,0.0425,0.0472,0.0275,0.0317,-3.207867,-2.447475,0.867928,0.0548,0.0838,0.029,0.0178,0.024621,0.007286,-0.0109,0.0021,0.000813,-3.180753,-2.431549,0.893498,0.0596,0.0819,0.0223,0.0176,0.025897,0.005495,0.0475,0.0078,0.002155
1975-12-01,197512,0.0048,-0.0149,-0.0045,-0.0136,0.0009,-0.0126,-0.0012,-0.0304,-0.0636,0.0135,-0.0026,-0.0197,-0.0093,-0.0184,-0.0039,-0.0174,-0.006,-0.0352,-0.0684,0.0087,-0.0074,-3.199006,-2.42749,0.876339,0.0544,0.0805,0.0261,0.0177,0.023711,0.003617,0.039,0.0052,0.001331,-3.207867,-2.447475,0.867928,0.0548,0.0838,0.029,0.0178,0.024621,0.007286,-0.0109,0.0021,0.000813
1976-01-01,197601,0.0047,0.1094,0.1564,0.1685,0.0848,0.1829,0.0949,0.0899,0.0774,0.0831,0.1293,0.1047,0.1517,0.1638,0.0801,0.1782,0.0902,0.0852,0.0727,0.0784,0.1246,-3.309916,-2.510413,0.765934,0.0487,0.0802,0.0315,0.0181,0.021852,0.001802,0.009,0.0098,0.001978,-3.199006,-2.42749,0.876339,0.0544,0.0805,0.0261,0.0177,0.023711,0.003617,0.039,0.0052,0.001331
1976-02-01,197602,0.0034,-0.0109,0.0387,0.0173,-0.0316,0.0115,0.0354,0.0468,-0.0656,-0.0355,0.0318,-0.0143,0.0353,0.0139,-0.035,0.0081,0.032,0.0434,-0.069,-0.0389,0.0284,-3.297542,-2.470864,0.768037,0.0488,0.0802,0.0314,0.0169,0.022233,0.003597,0.0062,-0.0001,0.001221,-3.309916,-2.510413,0.765934,0.0487,0.0802,0.0315,0.0181,0.021852,0.001802,0.009,0.0098,0.001978
1976-03-01,197603,0.004,0.0072,0.0354,0.0113,0.0722,0.0293,0.0057,0.0344,0.0654,0.0145,0.02,0.0032,0.0314,0.0073,0.0682,0.0253,0.0017,0.0304,0.0614,0.0105,0.016,-3.326867,-2.473779,0.784031,0.05,0.0792,0.0292,0.016,0.015072,0.001792,0.0166,0.0001,0.001266,-3.297542,-2.470864,0.768037,0.0488,0.0802,0.0314,0.0169,0.022233,0.003597,0.0062,-0.0001,0.001221
1976-04-01,197604,0.0042,-0.0166,0.0185,-0.0142,0.0214,-0.0341,0.0172,-0.0467,-0.0431,0.0063,-0.0156,-0.0208,0.0143,-0.0184,0.0172,-0.0383,0.013,-0.0509,-0.0473,0.0021,-0.0198,-3.309508,-2.440266,0.786076,0.0486,0.0797,0.0311,0.0154,0.014239,0.003578,0.0018,-0.0033,0.001007,-3.326867,-2.473779,0.784031,0.05,0.0792,0.0292,0.016,0.015072,0.001792,0.0166,0.0001,0.001266
1976-05-01,197605,0.0037,-0.0217,-0.0313,-0.0122,0.0553,0.0049,-0.029,-0.0577,-0.0282,-0.0147,-0.0171,-0.0254,-0.035,-0.0159,0.0516,0.0012,-0.0327,-0.0614,-0.0319,-0.0184,-0.0208,-3.288774,-2.403836,0.803503,0.052,0.0821,0.0301,0.0128,0.014148,0.00713,-0.0158,0.0055,0.000936,-3.309508,-2.440266,0.786076,0.0486,0.0797,0.0311,0.0154,0.014239,0.003578,0.0018,-0.0033,0.001007
1976-06-01,197606,0.0043,0.0364,0.0424,0.037,0.0509,0.0821,0.0359,0.0147,0.0367,0.0426,0.0536,0.0321,0.0381,0.0327,0.0466,0.0778,0.0316,0.0104,0.0324,0.0383,0.0493,-3.322661,-2.422456,0.781428,0.0541,0.0807,0.0266,0.0127,0.018925,0.00531,0.0208,-0.0058,0.000972,-3.288774,-2.403836,0.803503,0.052,0.0821,0.0301,0.0128,0.014148,0.00713,-0.0158,0.0055,0.000936
1976-07-01,197607,0.0047,0.0148,-0.0107,-0.0185,-0.0062,-0.022,0.0125,-0.0224,-0.0038,0.0282,-0.0005,0.0101,-0.0154,-0.0232,-0.0109,-0.0267,0.0078,-0.0271,-0.0085,0.0235,-0.0052,-3.306626,-2.403615,0.795824,0.0523,0.0805,0.0282,0.0126,0.018843,0.005282,0.0078,0.0071,0.000487,-3.322661,-2.422456,0.781428,0.0541,0.0807,0.0266,0.0127,0.018925,0.00531,0.0208,-0.0058,0.000972
1976-08-01,197608,0.0042,-0.0034,-0.0146,-0.017,-0.0089,-0.0085,0.0474,0.0286,0.0217,0.0297,-0.0116,-0.0076,-0.0188,-0.0212,-0.0131,-0.0127,0.0432,0.0244,0.0175,0.0255,-0.0158,-3.293604,-2.38784,0.804732,0.0514,0.079,0.0276,0.0119,0.02063,0.005254,0.0211,0.002,0.000745,-3.306626,-2.403615,0.795824,0.0523,0.0805,0.0282,0.0126,0.018843,0.005282,0.0078,0.0071,0.000487
1976-09-01,197609,0.0044,0.0159,0.0449,0.011,0.0592,0.0291,0.016,0.0045,0.0363,0.0408,0.0092,0.0115,0.0405,0.0066,0.0548,0.0247,0.0116,0.0001,0.0319,0.0364,0.0048,-3.30817,-2.399702,0.791363,0.0508,0.0781,0.0273,0.0102,0.023784,0.003484,0.0145,0.0022,0.000891,-3.293604,-2.38784,0.804732,0.0514,0.079,0.0276,0.0119,0.02063,0.005254,0.0211,0.002,0.000745
1976-10-01,197610,0.0041,-0.0162,-0.0116,-0.0328,-0.0242,-0.045,0.0129,-0.0091,-0.0374,-0.0081,-0.0043,-0.0203,-0.0157,-0.0369,-0.0283,-0.0491,0.0088,-0.0132,-0.0415,-0.0122,-0.0084,-3.268516,-2.364729,0.81208,0.0492,0.0779,0.0287,0.0097,0.02557,0.005208,0.0084,-0.0014,0.00127,-3.30817,-2.399702,0.791363,0.0508,0.0781,0.0273,0.0102,0.023784,0.003484,0.0145,0.0022,0.000891
1976-11-01,197611,0.004,0.0174,-0.0071,-0.0037,0.0083,0.0162,0.0315,0.0485,-0.0976,0.0315,0.0199,0.0134,-0.0111,-0.0077,0.0043,0.0122,0.0275,0.0445,-0.1016,0.0275,0.0159,-3.243835,-2.344591,0.827263,0.0475,0.0749,0.0274,0.0098,0.027896,0.001727,0.0339,-0.002,0.001118,-3.268516,-2.364729,0.81208,0.0492,0.0779,0.0287,0.0097,0.02557,0.005208,0.0084,-0.0014,0.00127
1976-12-01,197612,0.004,0.0521,0.0967,0.0581,0.0633,0.0387,0.0345,0.0233,0.0629,0.065,0.0838,0.0481,0.0927,0.0541,0.0593,0.0347,0.0305,0.0193,0.0589,0.061,0.0798,-3.278402,-2.383574,0.779973,0.0435,0.0721,0.0286,0.0114,0.028567,0.003448,0.0327,0.002,0.000576,-3.243835,-2.344591,0.827263,0.0475,0.0749,0.0274,0.0098,0.027896,0.001727,0.0339,-0.002,0.001118
1977-01-01,197701,0.0036,-0.0408,-0.0419,-0.0596,0.0029,-0.0386,0.0012,-0.0713,-0.0883,0.0084,-0.0416,-0.0444,-0.0455,-0.0632,-0.0007,-0.0422,-0.0024,-0.0749,-0.0919,0.0048,-0.0452,-3.215092,-2.32602,0.821065,0.0462,0.0764,0.0302,0.0112,0.0296,0.005155,-0.0388,0.0085,0.000696,-3.278402,-2.383574,0.779973,0.0435,0.0721,0.0286,0.0114,0.028567,0.003448,0.0327,0.002,0.000576
1977-02-01,197702,0.0035,-0.0139,-0.0348,-0.0063,-0.0301,-0.0061,0.0098,-0.0184,-0.0021,-0.0342,-0.0173,-0.0174,-0.0383,-0.0098,-0.0336,-0.0096,0.0063,-0.0219,-0.0056,-0.0377,-0.0208,-3.181869,-2.298456,0.836804,0.0467,0.0775,0.0308,0.0108,0.02797,0.010256,-0.0049,0.0029,0.000335,-3.215092,-2.32602,0.821065,0.0462,0.0764,0.0302,0.0112,0.0296,0.005155,-0.0388,0.0085,0.000696
1977-03-01,197703,0.0038,-0.014,-0.0335,-0.0027,-0.0207,-0.0003,-0.0104,-0.0275,-0.0179,0.0018,-0.0009,-0.0178,-0.0373,-0.0065,-0.0245,-0.0041,-0.0142,-0.0313,-0.0217,-0.002,-0.0047,-3.156543,-2.278691,0.86843,0.046,0.0772,0.0312,0.0102,0.030338,0.006768,0.0091,0.0003,0.000666,-3.181869,-2.298456,0.836804,0.0467,0.0775,0.0308,0.0108,0.02797,0.010256,-0.0049,0.0029,0.000335
1977-04-01,197704,0.0038,0.0052,0.0316,0.0049,0.0252,-0.0345,0.0066,-0.0344,-0.0522,0.0194,0.0213,0.0014,0.0278,0.0011,0.0214,-0.0383,0.0028,-0.0382,-0.056,0.0156,0.0175,-3.143312,-2.267717,0.86115,0.0454,0.0771,0.0317,0.0103,0.03114,0.008403,0.0071,0.0029,0.000985,-3.156543,-2.278691,0.86843,0.046,0.0772,0.0312,0.0102,0.030338,0.006768,0.0091,0.0003,0.000666
1977-05-01,197705,0.0037,-0.0094,-0.0053,-0.0298,-0.0043,-0.0152,0.0143,-0.0278,-0.0189,0.0167,-0.0089,-0.0131,-0.009,-0.0335,-0.008,-0.0189,0.0106,-0.0315,-0.0226,0.013,-0.0126,-3.106208,-2.232803,0.888211,0.0496,0.0765,0.0269,0.0096,0.035315,0.005,0.0125,-0.0019,0.000635,-3.143312,-2.267717,0.86115,0.0454,0.0771,0.0317,0.0103,0.03114,0.008403,0.0071,0.0029,0.000985
1977-06-01,197706,0.004,0.0453,0.0429,0.034,0.0609,0.0777,0.0194,0.0609,0.0903,0.0571,0.0534,0.0413,0.0389,0.03,0.0569,0.0737,0.0154,0.0569,0.0863,0.0531,0.0494,-3.137487,-2.266232,0.871112,0.0502,0.0754,0.0252,0.0096,0.031941,0.006633,0.0164,0.0011,0.000563,-3.106208,-2.232803,0.888211,0.0496,0.0765,0.0269,0.0096,0.035315,0.005,0.0125,-0.0019,0.000635
1977-07-01,197707,0.0042,0.0118,-0.0243,-0.0362,-0.018,-0.0016,-0.0085,-0.0022,-0.0223,0.0087,-0.0039,0.0076,-0.0285,-0.0404,-0.0222,-0.0058,-0.0127,-0.0064,-0.0265,0.0045,-0.0081,-3.110484,-2.240639,0.896783,0.0519,0.0768,0.0249,0.0093,0.033182,0.004942,-0.007,0.0065,0.000595,-3.137487,-2.266232,0.871112,0.0502,0.0754,0.0252,0.0096,0.031941,0.006633,0.0164,0.0011,0.000563
1977-08-01,197708,0.0044,0.0011,-0.0085,-0.0127,-0.0584,0.005,-0.0228,0.0463,0.0384,-0.0325,-0.0118,-0.0033,-0.0129,-0.0171,-0.0628,0.0006,-0.0272,0.0419,0.034,-0.0369,-0.0162,-3.078685,-2.210229,0.926534,0.0549,0.0754,0.0205,0.0084,0.03375,0.003279,0.0198,-0.0062,0.000582,-3.110484,-2.240639,0.896783,0.0519,0.0768,0.0249,0.0093,0.033182,0.004942,-0.007,0.0065,0.000595
1977-09-01,197709,0.0043,0.0027,0.0155,-0.0093,0.0074,-0.0178,0.0348,-0.007,-0.0089,0.0201,-0.001,-0.0016,0.0112,-0.0136,0.0031,-0.0221,0.0305,-0.0113,-0.0132,0.0158,-0.0053,-3.065776,-2.198676,0.942263,0.0581,0.0764,0.0183,0.0088,0.032368,0.003268,-0.0029,0.0007,0.000463,-3.078685,-2.210229,0.926534,0.0549,0.0754,0.0205,0.0084,0.03375,0.003279,0.0198,-0.0062,0.000582
1977-10-01,197710,0.0049,-0.0335,-0.0446,-0.0463,-0.0355,-0.0322,-0.0505,-0.0318,-0.0175,-0.0315,-0.0441,-0.0384,-0.0495,-0.0512,-0.0404,-0.0371,-0.0554,-0.0367,-0.0224,-0.0364,-0.049,-3.008885,-2.148713,0.975377,0.0616,0.0781,0.0165,0.0085,0.032774,0.003257,-0.0093,0.0055,0.000726,-3.065776,-2.198676,0.942263,0.0581,0.0764,0.0183,0.0088,0.032368,0.003268,-0.0029,0.0007,0.000463
1977-11-01,197711,0.005,0.0459,0.0187,0.0433,0.0347,0.0528,0.0216,0.0555,0.0609,0.0429,0.0649,0.0409,0.0137,0.0383,0.0297,0.0478,0.0166,0.0505,0.0559,0.0379,0.0599,-3.023136,-2.169766,0.962034,0.061,0.0777,0.0167,0.0087,0.029216,0.00487,0.0093,-0.0032,0.001388,-3.008885,-2.148713,0.975377,0.0616,0.0781,0.0165,0.0085,0.032774,0.003257,-0.0093,0.0055,0.000726
1977-12-01,197712,0.0049,0.0001,-0.0075,0.0074,0.0189,0.0238,0.0215,-0.0123,0.0062,-0.0033,0.0062,-0.0048,-0.0124,0.0025,0.014,0.0189,0.0166,-0.0172,0.0013,-0.0082,0.0013,-3.01377,-2.167084,0.960333,0.0607,0.0803,0.0196,0.008,0.030474,0.003231,-0.0168,0.0063,0.000627,-3.023136,-2.169766,0.962034,0.061,0.0777,0.0167,0.0087,0.029216,0.00487,0.0093,-0.0032,0.001388
1978-01-01,197801,0.0049,-0.053,-0.0682,-0.0603,-0.0693,-0.0474,-0.0416,-0.0684,-0.0189,-0.0454,-0.0529,-0.0579,-0.0731,-0.0652,-0.0742,-0.0523,-0.0465,-0.0733,-0.0238,-0.0503,-0.0578,-2.941047,-2.102679,1.036731,0.0644,0.0816,0.0172,0.0076,0.028813,0.006441,-0.008,-0.0009,0.000908,-3.01377,-2.167084,0.960333,0.0607,0.0803,0.0196,0.008,0.030474,0.003231,-0.0168,0.0063,0.000627
1978-02-01,197802,0.0046,0.0011,0.0038,-0.0263,-0.0109,-0.0347,0.0416,-0.0044,-0.0302,-0.0042,-0.0016,-0.0035,-0.0008,-0.0309,-0.0155,-0.0393,0.037,-0.009,-0.0348,-0.0088,-0.0062,-2.90682,-2.076688,1.075567,0.0645,0.0822,0.0177,0.0073,0.031168,0.0064,0.0004,0.0047,0.00067,-2.941047,-2.102679,1.036731,0.0644,0.0816,0.0172,0.0076,0.028813,0.006441,-0.008,-0.0009,0.000908
1978-03-01,197803,0.0053,0.0417,0.061,0.039,0.0205,-0.0061,0.0262,0.0285,0.0417,0.0248,0.0546,0.0364,0.0557,0.0337,0.0152,-0.0114,0.0209,0.0232,0.0364,0.0195,0.0493,-2.922377,-2.100397,1.111493,0.0629,0.0831,0.0202,0.0075,0.027569,0.007949,-0.0021,0.0063,0.000623,-2.90682,-2.076688,1.075567,0.0645,0.0822,0.0177,0.0073,0.031168,0.0064,0.0004,0.0047,0.00067
1978-04-01,197804,0.0054,0.0692,0.0963,0.1138,0.067,0.1329,0.0293,0.1083,0.0924,0.0018,0.0936,0.0638,0.0909,0.1084,0.0616,0.1275,0.0239,0.1029,0.087,-0.0036,0.0882,-2.99673,-2.172946,1.00535,0.0629,0.0838,0.0209,0.0076,0.022945,0.007886,-0.0005,-0.0018,0.001741,-2.922377,-2.100397,1.111493,0.0629,0.0831,0.0202,0.0075,0.027569,0.007949,-0.0021,0.0063,0.000623
1978-05-01,197805,0.0051,0.0423,0.0018,0.041,0.0086,0.0167,-0.0039,0.0126,0.0517,0.0071,0.026,0.0372,-0.0033,0.0359,0.0035,0.0116,-0.009,0.0075,0.0466,0.002,0.0209,-2.993405,-2.167835,1.001416,0.0641,0.0852,0.0211,0.008,0.016558,0.00939,-0.0058,-0.005,0.001085,-2.99673,-2.172946,1.00535,0.0629,0.0838,0.0209,0.0076,0.022945,0.007886,-0.0005,-0.0018,0.001741
1978-06-01,197806,0.0054,-0.0026,-0.0277,-0.0147,-0.0374,-0.0036,-0.0154,-0.0197,0.0114,0.0083,-0.0035,-0.008,-0.0331,-0.0201,-0.0428,-0.009,-0.0208,-0.0251,0.006,0.0029,-0.0089,-2.968166,-2.140852,1.027902,0.0673,0.0865,0.0192,0.0084,0.016522,0.010853,-0.0062,0.0085,0.001027,-2.993405,-2.167835,1.001416,0.0641,0.0852,0.0211,0.008,0.016558,0.00939,-0.0058,-0.005,0.001085
1978-07-01,197807,0.0056,0.035,0.0473,0.0784,0.0334,0.0858,0.0143,0.0513,0.0887,0.0282,0.0664,0.0294,0.0417,0.0728,0.0278,0.0802,0.0087,0.0457,0.0831,0.0226,0.0608,-3.013233,-2.18332,0.97626,0.0701,0.0858,0.0157,0.0072,0.01467,0.007669,0.0143,-0.0042,0.00085,-2.968166,-2.140852,1.027902,0.0673,0.0865,0.0192,0.0084,0.016522,0.010853,-0.0062,0.0085,0.001027
1978-08-01,197808,0.0056,0.0411,0.0297,0.0394,0.0513,0.0602,0.0353,0.057,0.0097,0.0045,0.0653,0.0355,0.0241,0.0338,0.0457,0.0546,0.0297,0.0514,0.0041,-0.0011,0.0597,-3.031442,-2.198966,0.96006,0.0708,0.0843,0.0135,0.0079,0.012002,0.004566,0.0218,0.0039,0.001002,-3.013233,-2.18332,0.97626,0.0701,0.0858,0.0157,0.0072,0.01467,0.007669,0.0143,-0.0042,0.00085
1978-09-01,197809,0.0062,-0.004,-0.0051,-0.0212,0.0476,-0.0418,0.0122,-0.0264,-0.0271,-0.0025,-0.0145,-0.0102,-0.0113,-0.0274,0.0414,-0.048,0.006,-0.0326,-0.0333,-0.0087,-0.0207,-3.016823,-2.181837,0.972258,0.0785,0.086,0.0075,0.0073,0.012703,0.007576,-0.0106,0.0058,0.000948,-3.031442,-2.198966,0.96006,0.0708,0.0843,0.0135,0.0079,0.012002,0.004566,0.0218,0.0039,0.001002
1978-10-01,197810,0.0068,-0.1158,-0.1118,-0.1136,-0.1061,-0.1076,-0.045,-0.1418,-0.1284,-0.071,-0.1411,-0.1226,-0.1186,-0.1204,-0.1129,-0.1144,-0.0518,-0.1486,-0.1352,-0.0778,-0.1479,-2.917466,-2.064139,1.062275,0.0799,0.0889,0.009,0.007,0.014351,0.009023,-0.02,-0.0005,0.0021,-3.016823,-2.181837,0.972258,0.0785,0.086,0.0075,0.0073,0.012703,0.007576,-0.0106,0.0058,0.000948
1978-11-01,197811,0.007,0.0219,0.0068,0.0287,0.0618,0.0508,0.0302,0.0263,0.0518,0.03,0.0251,0.0149,-0.0002,0.0217,0.0548,0.0438,0.0232,0.0193,0.0448,0.023,0.0181,-2.930667,-2.059436,1.053527,0.0864,0.0877,0.0013,0.008,0.014089,0.004471,0.0189,-0.0055,0.003181,-2.917466,-2.064139,1.062275,0.0799,0.0889,0.009,0.007,0.014351,0.009023,-0.02,-0.0005,0.0021
1978-12-01,197812,0.0078,0.0168,-0.0062,0.0141,0.0282,0.064,0.001,-0.0066,0.0342,-0.0125,0.0129,0.009,-0.014,0.0063,0.0204,0.0562,-0.0068,-0.0144,0.0264,-0.0203,0.0051,-2.942153,-2.053458,1.045701,0.0908,0.0898,-0.001,0.0078,0.014851,0.004451,-0.013,-0.0003,0.001666,-2.930667,-2.059436,1.053527,0.0864,0.0877,0.0013,0.008,0.014089,0.004471,0.0189,-0.0055,0.003181
1979-01-01,197901,0.0077,0.0418,0.0506,0.0651,0.0309,0.043,0.0366,0.0573,0.0142,0.0637,0.0603,0.0341,0.0429,0.0574,0.0232,0.0353,0.0289,0.0496,0.0065,0.056,0.0526,-2.972619,-2.066552,1.003074,0.0935,0.0886,-0.0049,0.0088,0.014388,0.008863,0.0191,-0.0007,0.001001,-2.942153,-2.053458,1.045701,0.0908,0.0898,-0.001,0.0078,0.014851,0.004451,-0.013,-0.0003,0.001666
1979-02-01,197902,0.0073,-0.0349,-0.036,-0.0449,0.0061,-0.0332,-0.0065,-0.0442,-0.0452,-0.0164,-0.0321,-0.0422,-0.0433,-0.0522,-0.0012,-0.0405,-0.0138,-0.0515,-0.0525,-0.0237,-0.0394,-2.92697,-2.004105,1.040775,0.0932,0.0908,-0.0024,0.0082,0.012228,0.011713,-0.0135,0.0007,0.000814,-2.972619,-2.066552,1.003074,0.0935,0.0886,-0.0049,0.0088,0.014388,0.008863,0.0191,-0.0007,0.001001
1979-03-01,197903,0.0081,0.0415,0.066,0.0734,0.0928,0.0761,0.0016,0.0612,0.0504,0.0232,0.0816,0.0334,0.0579,0.0653,0.0847,0.068,-0.0065,0.0531,0.0423,0.0151,0.0735,-2.972286,-2.033181,1.033079,0.0948,0.0902,-0.0046,0.0089,0.01167,0.01013,0.0129,-0.0023,0.000801,-2.92697,-2.004105,1.040775,0.0932,0.0908,-0.0024,0.0082,0.012228,0.011713,-0.0135,0.0007,0.000814
1979-04-01,197904,0.008,0.002,0.0293,-0.0046,0.0433,0.0033,-0.0215,0.0088,0.0043,-0.0275,0.0149,-0.006,0.0213,-0.0126,0.0353,-0.0047,-0.0295,0.0008,-0.0037,-0.0355,0.0069,-2.965024,-2.017952,1.041876,0.0946,0.0922,-0.0024,0.0095,0.01157,0.011461,-0.0112,0.006,0.000647,-2.972286,-2.033181,1.033079,0.0948,0.0902,-0.0046,0.0089,0.01167,0.01013,0.0129,-0.0023,0.000801
1979-05-01,197905,0.0082,-0.0178,-0.0069,-0.0229,-0.0246,-0.0198,0.0009,-0.0244,-0.0264,0.0144,-0.0028,-0.026,-0.0151,-0.0311,-0.0328,-0.028,-0.0073,-0.0326,-0.0346,0.0062,-0.011,-2.92948,-1.974649,1.083142,0.0961,0.0903,-0.0058,0.0097,0.014184,0.012748,0.0261,-0.0033,0.000924,-2.965024,-2.017952,1.041876,0.0946,0.0922,-0.0024,0.0095,0.01157,0.011461,-0.0112,0.006,0.000647
1979-06-01,197906,0.0081,0.0332,0.03,0.0349,0.0927,0.005,0.0193,0.028,0.0483,0.0497,0.07,0.0251,0.0219,0.0268,0.0846,-0.0031,0.0112,0.0199,0.0402,0.0416,0.0619,-2.958629,-1.996227,1.057864,0.0906,0.0877,-0.0029,0.0109,0.012069,0.011189,0.0311,-0.0042,0.000571,-2.92948,-1.974649,1.083142,0.0961,0.0903,-0.0058,0.0097,0.014184,0.012748,0.0261,-0.0033,0.000924
1979-07-01,197907,0.0077,0.0203,0.0206,0.0202,0.0158,-0.0149,-0.0011,0.0126,0.0015,0.0207,0.0331,0.0126,0.0129,0.0125,0.0081,-0.0226,-0.0088,0.0049,-0.0062,0.013,0.0254,-2.95678,-1.989553,1.052314,0.0924,0.0895,-0.0029,0.0109,0.009679,0.011065,-0.0085,0.0054,0.000708,-2.958629,-1.996227,1.057864,0.0906,0.0877,-0.0029,0.0109,0.012069,0.011189,0.0311,-0.0042,0.000571
1979-08-01,197908,0.0077,0.0756,0.0472,0.0771,0.0793,0.0591,0.0152,0.0888,0.0858,0.0205,0.0578,0.0679,0.0395,0.0694,0.0716,0.0514,0.0075,0.0811,0.0781,0.0128,0.0501,-2.998053,-2.026128,1.003459,0.0952,0.0907,-0.0045,0.0112,0.011569,0.009576,-0.0035,0.0041,0.000506,-2.95678,-1.989553,1.052314,0.0924,0.0895,-0.0029,0.0109,0.009679,0.011065,-0.0085,0.0054,0.000708
1979-09-01,197909,0.0083,-0.0187,0.0039,-0.0069,0.0592,-0.0175,-0.0238,-0.0075,-0.0055,-0.0219,-0.0066,-0.027,-0.0044,-0.0152,0.0509,-0.0258,-0.0321,-0.0158,-0.0138,-0.0302,-0.0149,-2.987715,-2.011205,1.013795,0.1026,0.0927,-0.0099,0.011,0.009404,0.01084,-0.0122,-0.0057,0.001233,-2.998053,-2.026128,1.003459,0.0952,0.0907,-0.0045,0.0112,0.011569,0.009576,-0.0035,0.0041,0.000506
1979-10-01,197910,0.0087,-0.0766,-0.0928,-0.0885,-0.0255,-0.0774,-0.0507,-0.0889,-0.0434,-0.0583,-0.1015,-0.0853,-0.1015,-0.0972,-0.0342,-0.0861,-0.0594,-0.0976,-0.0521,-0.067,-0.1102,-2.908208,-1.934903,1.091946,0.117,0.1034,-0.0136,0.0127,0.01021,0.008043,-0.0841,-0.0049,0.002589,-2.987715,-2.011205,1.013795,0.1026,0.0927,-0.0099,0.011,0.009404,0.01084,-0.0122,-0.0057,0.001233
1979-11-01,197911,0.0099,0.0516,-0.022,0.0472,0.0892,0.0818,0.0406,0.0383,0.0879,0.0778,0.0703,0.0417,-0.0319,0.0373,0.0793,0.0719,0.0307,0.0284,0.078,0.0679,0.0604,-2.941586,-1.971449,1.083115,0.1179,0.1009,-0.017,0.0123,0.010779,0.009309,0.0311,-0.0089,0.001558,-2.908208,-1.934903,1.091946,0.117,0.1034,-0.0136,0.0127,0.01021,0.008043,-0.0841,-0.0049,0.002589
1979-12-01,197912,0.0095,0.0337,0.0326,0.0446,0.0249,0.0179,-0.0152,0.0307,0.0208,-0.0101,0.0412,0.0242,0.0231,0.0351,0.0154,0.0084,-0.0247,0.0212,0.0113,-0.0196,0.0317,-2.94992,-1.982902,1.06195,0.1204,0.1012,-0.0192,0.0132,0.010514,0.01054,0.0057,-0.0165,0.00047,-2.941586,-1.971449,1.083115,0.1179,0.1009,-0.017,0.0123,0.010779,0.009309,0.0311,-0.0089,0.001558
1980-01-01,198001,0.008,0.0311,0.0911,0.0706,0.1405,0.0735,-0.0207,0.0131,-0.0129,0.0155,0.0554,0.0231,0.0831,0.0626,0.1325,0.0655,-0.0287,0.0051,-0.0209,0.0075,0.0474,-2.997135,-2.029331,1.016955,0.12,0.1114,-0.0086,0.0133,0.011297,0.014342,-0.0741,0.0096,0.001906,-2.94992,-1.982902,1.06195,0.1204,0.1012,-0.0192,0.0132,0.010514,0.01054,0.0057,-0.0165,0.00047
1980-02-01,198002,0.0089,-0.0486,-0.0635,-0.025,0.13,-0.0359,-0.014,-0.0486,-0.0464,-0.0342,-0.0337,-0.0575,-0.0724,-0.0339,0.1211,-0.0448,-0.0229,-0.0575,-0.0553,-0.0431,-0.0426,-2.984012,-2.015429,1.03193,0.1286,0.1186,-0.01,0.0119,0.010827,0.014139,-0.0467,-0.0198,0.001898,-2.997135,-2.029331,1.016955,0.12,0.1114,-0.0086,0.0133,0.011297,0.014342,-0.0741,0.0096,0.001906
1980-03-01,198003,0.0121,-0.0817,-0.088,-0.1177,-0.1791,-0.1267,-0.0266,-0.0963,-0.0285,-0.066,-0.1233,-0.0938,-0.1001,-0.1298,-0.1912,-0.1388,-0.0387,-0.1084,-0.0406,-0.0781,-0.1354,-2.867997,-1.898656,1.093732,0.152,0.1239,-0.0281,0.0149,0.011877,0.015209,-0.0315,0.0253,0.004622,-2.984012,-2.015429,1.03193,0.1286,0.1186,-0.01,0.0119,0.010827,0.014139,-0.0467,-0.0198,0.001898
1980-04-01,198004,0.0126,0.064,-0.0175,0.0321,0.0686,0.0072,0.0733,0.045,0.0429,0.1204,0.0613,0.0514,-0.0301,0.0195,0.056,-0.0054,0.0607,0.0324,0.0303,0.1078,0.0487,-2.900299,-1.946634,1.05182,0.132,0.1076,-0.0244,0.0215,0.015348,0.011236,0.1523,-0.0147,0.002746,-2.867997,-1.898656,1.093732,0.152,0.1239,-0.0281,0.0149,0.011877,0.015209,-0.0315,0.0253,0.004622
1980-05-01,198005,0.0081,0.0795,0.0437,0.0625,0.0413,0.0481,0.05,0.1068,0.0697,0.046,0.0809,0.0714,0.0356,0.0544,0.0332,0.04,0.0419,0.0987,0.0616,0.0379,0.0728,-2.937869,-1.999867,1.010049,0.0858,0.1037,0.0179,0.0218,0.015052,0.009877,0.0419,0.0141,0.00151,-2.900299,-1.946634,1.05182,0.132,0.1076,-0.0244,0.0215,0.015348,0.011236,0.1523,-0.0147,0.002746
1980-06-01,198006,0.0061,0.0299,0.0279,0.0234,0.0584,0.0303,-0.0057,0.0242,0.0022,0.0455,0.0509,0.0238,0.0218,0.0173,0.0523,0.0242,-0.0118,0.0181,-0.0039,0.0394,0.0448,-2.956592,-2.034259,0.990183,0.0707,0.1006,0.0299,0.0213,0.015304,0.011002,0.0359,-0.0018,0.001371,-2.937869,-1.999867,1.010049,0.0858,0.1037,0.0179,0.0218,0.015052,0.009877,0.0419,0.0141,0.00151
1980-07-01,198007,0.0053,0.0774,0.1175,0.1083,0.0201,0.1548,0.01,0.1082,0.0888,-0.0012,0.0684,0.0721,0.1122,0.103,0.0148,0.1495,0.0047,0.1029,0.0835,-0.0065,0.0631,-3.012335,-2.103986,0.91883,0.0806,0.1074,0.0268,0.0158,0.020154,0.0,-0.0476,0.0047,0.001363,-2.956592,-2.034259,0.990183,0.0707,0.1006,0.0299,0.0213,0.015304,0.011002,0.0359,-0.0018,0.001371
1980-08-01,198008,0.0064,0.0147,0.0153,0.0158,0.0366,0.0366,0.063,0.018,0.0027,-0.0117,0.027,0.0083,0.0089,0.0094,0.0302,0.0302,0.0566,0.0116,-0.0037,-0.0181,0.0206,-3.010936,-2.116566,0.92152,0.0913,0.114,0.0227,0.0151,0.019951,0.007255,-0.0432,-0.0013,0.001708,-3.012335,-2.103986,0.91883,0.0806,0.1074,0.0268,0.0158,0.020154,0.0,-0.0476,0.0047,0.001363
1980-09-01,198009,0.0075,0.002,0.0093,0.0283,0.0653,0.0199,-0.0162,0.0128,0.0362,0.0012,0.0382,-0.0055,0.0018,0.0208,0.0578,0.0124,-0.0237,0.0053,0.0287,-0.0063,0.0307,-3.028628,-2.148229,0.921688,0.1027,0.1185,0.0158,0.0168,0.023797,0.008403,-0.0262,0.0025,0.002657,-3.010936,-2.116566,0.92152,0.0913,0.114,0.0227,0.0151,0.019951,0.007255,-0.0432,-0.0013,0.001708
1980-10-01,198010,0.0095,0.0029,-0.0172,0.0042,0.0776,0.0196,-0.0321,-0.0115,-0.0124,0.0192,0.0156,-0.0066,-0.0267,-0.0053,0.0681,0.0101,-0.0416,-0.021,-0.0219,0.0097,0.0061,-3.039592,-2.160034,0.929594,0.1162,0.1231,0.0069,0.0192,0.02277,0.009524,-0.0263,0.0104,0.002191,-3.028628,-2.148229,0.921688,0.1027,0.1185,0.0158,0.0168,0.023797,0.008403,-0.0262,0.0025,0.002657
1980-11-01,198011,0.0096,0.0093,0.0489,0.0841,0.243,0.0983,-0.0046,0.0258,0.0888,0.0739,0.0767,-0.0003,0.0393,0.0745,0.2334,0.0887,-0.0142,0.0162,0.0792,0.0643,0.0671,-3.132155,-2.253429,0.865162,0.1373,0.123,-0.0143,0.0167,0.02195,0.008255,0.01,-0.0083,0.002419,-3.039592,-2.160034,0.929594,0.1162,0.1231,0.0069,0.0192,0.02277,0.009524,-0.0263,0.0104,0.002191
1980-12-01,198012,0.0131,0.01,-0.0108,-0.0207,-0.1059,-0.0114,0.0122,-0.0139,0.0461,-0.0192,0.0004,-0.0031,-0.0239,-0.0338,-0.119,-0.0245,-0.0009,-0.027,0.033,-0.0323,-0.0127,-3.092812,-2.214911,0.891503,0.1549,0.1199,-0.035,0.0193,0.026817,0.009357,0.0352,-0.0104,0.002952,-3.132155,-2.253429,0.865162,0.1373,0.123,-0.0143,0.0167,0.02195,0.008255,0.01,-0.0083,0.002419
1981-01-01,198101,0.0104,0.0203,-0.0224,-0.0196,-0.1016,-0.0807,0.0555,0.0044,-0.0162,-0.0256,-0.0336,0.0099,-0.0328,-0.03,-0.112,-0.0911,0.0451,-0.006,-0.0266,-0.036,-0.044,-3.039518,-2.173502,0.907239,0.1502,0.1211,-0.0291,0.0222,0.028696,0.008111,-0.0115,-0.0015,0.001597,-3.092812,-2.214911,0.891503,0.1549,0.1199,-0.035,0.0193,0.026817,0.009357,0.0352,-0.0104,0.002952
1981-02-01,198102,0.0107,0.0248,0.0645,0.0438,-0.0031,0.0047,0.0213,0.0268,0.018,-0.0127,0.0167,0.0141,0.0538,0.0331,-0.0138,-0.006,0.0106,0.0161,0.0073,-0.0234,0.006,-3.046276,-2.192134,0.881816,0.1479,0.1283,-0.0196,0.0202,0.03001,0.010345,-0.0435,0.0166,0.001531,-3.039518,-2.173502,0.907239,0.1502,0.1211,-0.0291,0.0222,0.028696,0.008111,-0.0115,-0.0015,0.001597
1981-03-01,198103,0.0121,0.0694,0.0698,0.0605,-0.0205,0.0498,0.0117,0.1284,0.0587,0.03,0.0903,0.0573,0.0577,0.0484,-0.0326,0.0377,-0.0004,0.1163,0.0466,0.0179,0.0782,-3.075285,-2.233004,0.924921,0.1336,0.1248,-0.0088,0.0201,0.02794,0.006826,0.0384,-0.0073,0.002076,-3.046276,-2.192134,0.881816,0.1479,0.1283,-0.0196,0.0202,0.03001,0.010345,-0.0435,0.0166,0.001531
1981-04-01,198104,0.0108,0.0115,0.0187,-0.0102,-0.078,0.0017,0.062,0.0289,0.0303,-0.0269,0.0033,0.0007,0.0079,-0.021,-0.0888,-0.0091,0.0512,0.0181,0.0195,-0.0377,-0.0075,-3.045727,-2.199488,0.930594,0.1369,0.1332,-0.0037,0.0168,0.027352,0.00678,-0.0518,-0.0251,0.000832,-3.075285,-2.233004,0.924921,0.1336,0.1248,-0.0088,0.0201,0.02794,0.006826,0.0384,-0.0073,0.002076
1981-05-01,198105,0.0115,0.0265,0.0288,-0.0041,-0.0395,0.0426,0.0721,0.0286,0.0346,0.0184,0.028,0.015,0.0173,-0.0156,-0.051,0.0311,0.0606,0.0171,0.0231,0.0069,0.0165,-3.038283,-2.188138,0.936224,0.163,0.1265,-0.0365,0.0163,0.028845,0.007856,0.0622,-0.0027,0.000922,-3.045727,-2.199488,0.930594,0.1369,0.1332,-0.0037,0.0168,0.027352,0.00678,-0.0518,-0.0251,0.000832
1981-06-01,198106,0.0135,-0.0018,-0.043,-0.0125,0.0471,-0.0674,-0.0191,-0.0143,-0.056,0.0346,-0.0136,-0.0153,-0.0565,-0.026,0.0336,-0.0809,-0.0326,-0.0278,-0.0695,0.0211,-0.0271,-3.022065,-2.168082,0.950475,0.1473,0.1304,-0.0169,0.0205,0.027893,0.008909,-0.0179,0.0202,0.000996,-3.038283,-2.188138,0.936224,0.163,0.1265,-0.0365,0.0163,0.028845,0.007856,0.0622,-0.0027,0.000922
1981-07-01,198107,0.0124,-0.0076,-0.0291,-0.0286,0.0794,-0.0379,0.0034,-0.034,-0.039,0.028,-0.0273,-0.02,-0.0415,-0.041,0.067,-0.0503,-0.009,-0.0464,-0.0514,0.0156,-0.0397,-3.013094,-2.16011,0.974967,0.1495,0.137,-0.0125,0.0179,0.02559,0.011038,-0.0353,-0.0019,0.001103,-3.022065,-2.168082,0.950475,0.1473,0.1304,-0.0169,0.0205,0.027893,0.008909,-0.0179,0.0202,0.000996
1981-08-01,198108,0.0128,-0.0493,-0.0793,-0.0692,-0.0634,-0.0731,-0.0077,-0.0561,-0.0775,-0.0085,-0.0552,-0.0621,-0.0921,-0.082,-0.0762,-0.0859,-0.0205,-0.0689,-0.0903,-0.0213,-0.068,-2.942269,-2.090279,1.053354,0.1551,0.1445,-0.0106,0.0145,0.026992,0.007642,-0.0386,0.0041,0.001825,-3.013094,-2.16011,0.974967,0.1495,0.137,-0.0125,0.0179,0.02559,0.011038,-0.0353,-0.0019,0.001103
1981-09-01,198109,0.0124,-0.0217,-0.0296,-0.0717,-0.123,-0.0391,0.0284,-0.0363,-0.0129,-0.0554,-0.0529,-0.0341,-0.042,-0.0841,-0.1354,-0.0515,0.016,-0.0487,-0.0253,-0.0678,-0.0653,-2.880266,-2.029251,1.092379,0.147,0.1482,0.0012,0.0143,0.021483,0.009751,-0.0145,-0.0054,0.002761,-2.942269,-2.090279,1.053354,0.1551,0.1445,-0.0106,0.0145,0.026992,0.007642,-0.0386,0.0041,0.001825
1981-10-01,198110,0.0121,0.0741,-0.0415,0.037,0.096,0.0521,0.0602,0.0676,0.0796,0.0489,0.0715,0.062,-0.0536,0.0249,0.0839,0.04,0.0481,0.0555,0.0675,0.0368,0.0594,-2.922636,-2.075266,1.089086,0.1354,0.1384,0.003,0.0171,0.014897,0.002146,0.0829,-0.0308,0.002078,-2.880266,-2.029251,1.092379,0.147,0.1482,0.0012,0.0143,0.021483,0.009751,-0.0145,-0.0054,0.002761
1981-11-01,198111,0.0107,0.0266,0.0486,0.0467,0.0685,0.015,0.027,0.0107,0.0394,0.0595,0.0505,0.0159,0.0379,0.036,0.0578,0.0043,0.0163,0.0,0.0287,0.0488,0.0398,-2.952997,-2.109244,1.044455,0.1086,0.122,0.0134,0.0217,0.015673,0.003212,0.141,-0.0143,0.001504,-2.922636,-2.075266,1.089086,0.1354,0.1384,0.003,0.0171,0.014897,0.002146,0.0829,-0.0308,0.002078
1981-12-01,198112,0.0087,-0.0181,0.0047,-0.0166,-0.0641,-0.0002,-0.0145,-0.0192,-0.0074,-0.0235,-0.0379,-0.0268,-0.004,-0.0253,-0.0728,-0.0089,-0.0232,-0.0279,-0.0161,-0.0322,-0.0466,-2.916914,-2.076752,1.061143,0.1085,0.1334,0.0249,0.0232,0.01191,0.003202,-0.0713,0.0133,0.000906,-2.952997,-2.109244,1.044455,0.1086,0.122,0.0134,0.0217,0.015673,0.003212,0.141,-0.0143,0.001504
1982-01-01,198201,0.008,-0.0092,0.0116,-0.033,-0.0847,0.027,0.0067,0.0013,0.0144,-0.0067,-0.0318,-0.0172,0.0036,-0.041,-0.0927,0.019,-0.0013,-0.0067,0.0064,-0.0147,-0.0398,-2.8947,-2.071058,1.065894,0.1228,0.1415,0.0187,0.0192,0.0107,0.003191,0.0046,-0.0175,0.002522,-2.916914,-2.076752,1.061143,0.1085,0.1334,0.0249,0.0232,0.01191,0.003202,-0.0713,0.0133,0.000906
1982-02-01,198202,0.0092,-0.0194,-0.0205,-0.0562,-0.112,-0.0532,-0.0569,-0.0141,-0.0174,-0.0034,-0.0392,-0.0286,-0.0297,-0.0654,-0.1212,-0.0624,-0.0661,-0.0233,-0.0266,-0.0126,-0.0484,-2.827747,-2.020757,1.126287,0.1348,0.1402,0.0054,0.0191,0.010506,0.003181,0.0182,0.013,0.001918,-2.8947,-2.071058,1.065894,0.1228,0.1415,0.0187,0.0192,0.0107,0.003191,0.0046,-0.0175,0.002522
1982-03-01,198203,0.0098,0.0247,0.0351,-0.0177,-0.0341,-0.0356,0.0205,0.0428,-0.0256,0.0166,-0.0126,0.0149,0.0253,-0.0275,-0.0439,-0.0454,0.0107,0.033,-0.0354,0.0068,-0.0224,-2.813054,-2.022839,1.185751,0.1268,0.1387,0.0119,0.0224,0.005548,-0.001057,0.0231,0.0075,0.001795,-2.827747,-2.020757,1.126287,0.1348,0.1402,0.0054,0.0191,0.010506,0.003181,0.0182,0.013,0.001918
1982-04-01,198204,0.0113,0.0668,0.0444,0.0325,0.0431,0.0744,-0.0136,0.0531,0.0739,0.0385,0.0364,0.0555,0.0331,0.0212,0.0318,0.0631,-0.0249,0.0418,0.0626,0.0272,0.0251,-2.847834,-2.076581,1.149983,0.127,0.1348,0.0078,0.0232,0.002924,0.004233,0.0373,-0.0035,0.001247,-2.813054,-2.022839,1.185751,0.1268,0.1387,0.0119,0.0224,0.005548,-0.001057,0.0231,0.0075,0.001795
1982-05-01,198205,0.0106,-0.0329,-0.0195,-0.0475,0.0234,-0.0545,0.002,-0.0273,-0.0305,-0.0054,-0.0559,-0.0435,-0.0301,-0.0581,0.0128,-0.0651,-0.0086,-0.0379,-0.0411,-0.016,-0.0665,-2.80345,-2.051359,1.190424,0.1209,0.1358,0.0149,0.0238,-0.000958,0.009484,0.0034,0.0211,0.000855,-2.847834,-2.076581,1.149983,0.127,0.1348,0.0078,0.0232,0.002924,0.004233,0.0373,-0.0035,0.001247
1982-06-01,198206,0.0096,0.0166,0.0267,-0.0257,-0.0626,-0.0238,-0.0245,0.0265,-0.0075,-0.0221,-0.0242,0.007,0.0171,-0.0353,-0.0722,-0.0334,-0.0341,0.0169,-0.0171,-0.0317,-0.0338,-2.778536,-2.045802,1.201581,0.1247,0.1412,0.0165,0.0211,0.001213,0.012526,-0.0223,-0.0245,0.00149,-2.80345,-2.051359,1.190424,0.1209,0.1358,0.0149,0.0238,-0.000958,0.009484,0.0034,0.0211,0.000855
1982-07-01,198207,0.0105,-0.0045,-0.0033,-0.0233,-0.0811,0.0151,0.012,0.0022,0.0078,-0.0259,-0.0303,-0.015,-0.0138,-0.0338,-0.0916,0.0046,0.0015,-0.0083,-0.0027,-0.0364,-0.0408,-2.753322,-2.036994,1.20653,0.1135,0.1352,0.0217,0.0219,-0.011552,0.005155,0.0501,0.0039,0.000959,-2.778536,-2.045802,1.201581,0.1247,0.1412,0.0165,0.0211,0.001213,0.012526,-0.0223,-0.0245,0.00149
1982-08-01,198208,0.0076,0.0916,0.1386,0.1396,0.1005,0.1286,0.1085,0.126,0.1244,0.1208,0.1136,0.084,0.131,0.132,0.0929,0.121,0.1009,0.1184,0.1168,0.1132,0.106,-2.861099,-2.161394,1.082424,0.0868,0.1254,0.0386,0.0261,-0.002858,0.002051,0.0781,0.0056,0.006416,-2.753322,-2.036994,1.20653,0.1135,0.1352,0.0217,0.0219,-0.011552,0.005155,0.0501,0.0039,0.000959
1982-09-01,198209,0.0051,0.0514,-0.0075,-0.0104,0.0185,0.0117,0.01,0.0477,0.0136,0.0107,0.042,0.0463,-0.0126,-0.0155,0.0134,0.0066,0.0049,0.0426,0.0085,0.0056,0.0369,-2.866737,-2.183861,1.088536,0.0792,0.1183,0.0391,0.0269,0.000551,0.002047,0.0618,0.0005,0.002131,-2.861099,-2.161394,1.082424,0.0868,0.1254,0.0386,0.0261,-0.002858,0.002051,0.0781,0.0056,0.006416
1982-10-01,198210,0.0059,0.1046,0.1652,0.1306,0.055,0.1699,0.0812,0.1687,0.0822,0.0473,0.1568,0.0987,0.1593,0.1247,0.0491,0.164,0.0753,0.1628,0.0763,0.0414,0.1509,-2.970451,-2.311427,0.983745,0.0771,0.1112,0.0341,0.0261,0.006558,0.003064,0.0634,0.0125,0.006126,-2.866737,-2.183861,1.088536,0.0792,0.1183,0.0391,0.0269,0.000551,0.002047,0.0618,0.0005,0.002131
1982-11-01,198211,0.0063,0.0523,0.0825,0.0579,-0.0458,0.1069,0.06,0.1119,0.0517,0.0012,0.0757,0.046,0.0762,0.0516,-0.0521,0.1006,0.0537,0.1056,0.0454,-0.0051,0.0694,-3.004966,-2.370318,0.938727,0.0807,0.1125,0.0318,0.0262,0.000958,-0.002037,-0.0002,0.0203,0.005492,-2.970451,-2.311427,0.983745,0.0771,0.1112,0.0341,0.0261,0.006558,0.003064,0.0634,0.0125,0.006126
1982-12-01,198212,0.0067,0.0097,0.0303,0.0073,0.0553,0.0265,-0.0123,-0.0207,0.0058,0.0434,-0.0136,0.003,0.0236,0.0006,0.0486,0.0198,-0.019,-0.0274,-0.0009,0.0367,-0.0203,-3.019039,-2.409337,0.932215,0.0794,0.1095,0.0301,0.0231,0.00299,-0.004082,0.0312,-0.0204,0.00249,-3.004966,-2.370318,0.938727,0.0807,0.1125,0.0318,0.0262,0.000958,-0.002037,-0.0002,0.0203,0.005492
1983-01-01,198301,0.0069,-0.0101,0.0517,0.0503,0.0364,0.0838,0.1244,0.0126,0.0142,0.0367,0.0285,-0.017,0.0448,0.0434,0.0295,0.0769,0.1175,0.0057,0.0073,0.0298,0.0216,-3.049698,-2.44775,0.906944,0.0786,0.1113,0.0327,0.0215,0.002195,0.002049,-0.0309,0.0215,0.003281,-3.019039,-2.409337,0.932215,0.0794,0.1095,0.0301,0.0231,0.00299,-0.004082,0.0312,-0.0204,0.00249
1983-02-01,198302,0.0062,0.0376,0.0364,0.0406,-0.0059,0.0361,-0.0037,0.0791,0.0283,0.0159,0.0456,0.0314,0.0302,0.0344,-0.0121,0.0299,-0.0099,0.0729,0.0221,0.0097,0.0394,-3.066579,-2.472425,0.876849,0.0811,0.106,0.0249,0.0194,0.000356,0.001022,0.0492,-0.0064,0.001912,-3.049698,-2.44775,0.906944,0.0786,0.1113,0.0327,0.0215,0.002195,0.002049,-0.0309,0.0215,0.003281
1983-03-01,198303,0.0063,0.0752,-0.0115,0.021,0.0593,0.0066,0.0064,0.0851,0.0454,0.0025,0.0495,0.0689,-0.0178,0.0147,0.053,0.0003,0.0001,0.0788,0.0391,-0.0038,0.0432,-3.097207,-2.510868,0.780068,0.0835,0.1083,0.0248,0.0188,0.005994,0.0,-0.0094,0.0166,0.001572,-3.066579,-2.472425,0.876849,0.0811,0.106,0.0249,0.0194,0.000356,0.001022,0.0492,-0.0064,0.001912
1983-04-01,198304,0.0071,0.062,0.1088,0.0634,0.0936,0.0749,0.0514,0.0858,0.0505,0.0478,0.0834,0.0549,0.1017,0.0563,0.0865,0.0678,0.0443,0.0787,0.0434,0.0407,0.0763,-3.168008,-2.578561,0.718888,0.0821,0.1051,0.023,0.0178,0.006627,0.00715,0.035,0.0198,0.001424,-3.097207,-2.510868,0.780068,0.0835,0.1083,0.0248,0.0188,0.005994,0.0,-0.0094,0.0166,0.001572
1983-05-01,198305,0.0069,-0.0095,-0.0208,0.0201,0.0133,0.028,-0.0131,0.0047,-0.0275,0.0254,0.0237,-0.0164,-0.0277,0.0132,0.0064,0.0211,-0.02,-0.0022,-0.0344,0.0185,0.0168,-3.154141,-2.561612,0.734596,0.0819,0.1112,0.0293,0.0163,0.010429,0.006085,-0.0386,0.0062,0.001085,-3.168008,-2.578561,0.718888,0.0821,0.1051,0.023,0.0178,0.006627,0.00715,0.035,0.0198,0.001424
1983-06-01,198306,0.0067,0.0319,0.1032,0.0158,0.0643,0.0613,0.0018,0.0611,0.0692,-0.0055,0.0168,0.0252,0.0965,0.0091,0.0576,0.0546,-0.0049,0.0544,0.0625,-0.0122,0.0101,-3.187317,-2.591716,0.721382,0.0879,0.1119,0.024,0.0163,0.015827,0.003024,0.0039,-0.0085,0.001399,-3.154141,-2.561612,0.734596,0.0819,0.1112,0.0293,0.0163,0.010429,0.006085,-0.0386,0.0062,0.001085
1983-07-01,198307,0.0074,-0.0266,-0.039,-0.0258,-0.0227,-0.0536,-0.0517,-0.0328,-0.0568,0.0102,-0.0364,-0.034,-0.0464,-0.0332,-0.0301,-0.061,-0.0591,-0.0402,-0.0642,0.0028,-0.0438,-3.150868,-2.539518,0.735061,0.0908,0.1198,0.029,0.0124,0.02538,0.00402,-0.0486,0.0031,0.002293,-3.187317,-2.591716,0.721382,0.0879,0.1119,0.024,0.0163,0.015827,0.003024,0.0039,-0.0085,0.001399
1983-08-01,198308,0.0076,0.0072,-0.0237,0.006,0.0687,-0.0111,0.022,-0.0473,-0.0101,0.0152,-0.0091,-0.0004,-0.0313,-0.0016,0.0611,-0.0187,0.0144,-0.0549,-0.0177,0.0076,-0.0167,-3.159254,-2.532496,0.724822,0.0934,0.121,0.0276,0.0113,0.019475,0.003003,0.002,0.0031,0.001369,-3.150868,-2.539518,0.735061,0.0908,0.1198,0.029,0.0124,0.02538,0.00402,-0.0486,0.0031,0.002293
1983-09-01,198309,0.0076,0.0466,0.0439,0.0228,-0.046,0.0216,0.0226,0.0219,0.013,0.0466,0.016,0.039,0.0363,0.0152,-0.0536,0.014,0.015,0.0143,0.0054,0.039,0.0084,-3.166499,-2.524645,0.714848,0.09,0.1157,0.0257,0.0118,0.023178,0.00499,0.0505,-0.0113,0.001057,-3.159254,-2.532496,0.724822,0.0934,0.121,0.0276,0.0113,0.019475,0.003003,0.002,0.0031,0.001369
1983-10-01,198310,0.0076,-0.0021,0.0004,-0.0229,-0.0205,-0.0695,-0.0519,-0.0177,-0.0218,0.0305,-0.0407,-0.0097,-0.0072,-0.0305,-0.0281,-0.0771,-0.0595,-0.0253,-0.0294,0.0229,-0.0483,-3.146932,-2.491227,0.719474,0.0864,0.1188,0.0324,0.0121,0.024744,0.002979,-0.0132,0.0107,0.001115,-3.166499,-2.524645,0.714848,0.09,0.1157,0.0257,0.0118,0.023178,0.00499,0.0505,-0.0113,0.001057
1983-11-01,198311,0.007,0.023,0.0423,0.0648,-0.0045,0.0233,0.0317,0.0444,-0.0303,-0.0164,0.0472,0.016,0.0353,0.0578,-0.0115,0.0163,0.0247,0.0374,-0.0373,-0.0234,0.0402,-3.159949,-2.49069,0.69082,0.0876,0.1176,0.03,0.012,0.026637,0.00198,0.0183,-0.0041,0.000836,-3.146932,-2.491227,0.719474,0.0864,0.1188,0.0324,0.0121,0.024744,0.002979,-0.0132,0.0107,0.001115
1983-12-01,198312,0.0073,-0.0047,0.0092,-0.0111,0.021,0.0036,-0.0153,-0.0472,-0.0363,-0.0364,-0.0087,-0.012,0.0019,-0.0184,0.0137,-0.0037,-0.0226,-0.0545,-0.0436,-0.0437,-0.016,-3.146836,-2.464323,0.700359,0.09,0.1197,0.0297,0.0118,0.027057,0.000988,-0.0059,0.0026,0.000528,-3.159949,-2.49069,0.69082,0.0876,0.1176,0.03,0.012,0.026637,0.00198,0.0183,-0.0041,0.000836
1984-01-01,198401,0.0076,-0.0071,-0.0538,-0.0349,0.0985,-0.062,0.041,-0.0585,-0.0057,0.0144,-0.0163,-0.0147,-0.0614,-0.0425,0.0909,-0.0696,0.0334,-0.0661,-0.0133,0.0068,-0.0239,-3.133355,-2.42626,0.722198,0.089,0.118,0.029,0.0145,0.030736,0.005923,0.0244,0.0026,0.000795,-3.146836,-2.464323,0.700359,0.09,0.1197,0.0297,0.0118,0.027057,0.000988,-0.0059,0.0026,0.000528
1984-02-01,198402,0.0071,-0.0565,-0.0609,-0.0659,0.0396,-0.0593,-0.0368,-0.0445,-0.0203,-0.0334,-0.0493,-0.0636,-0.068,-0.073,0.0325,-0.0664,-0.0439,-0.0516,-0.0274,-0.0405,-0.0564,-3.089516,-2.358628,0.763448,0.0909,0.1217,0.0308,0.0151,0.026702,0.004907,-0.0178,0.0006,0.002019,-3.133355,-2.42626,0.722198,0.089,0.118,0.029,0.0145,0.030736,0.005923,0.0244,0.0026,0.000795
1984-03-01,198403,0.0073,0.0163,0.0037,0.0329,0.0027,0.0179,-0.043,0.0121,-0.0067,-0.0031,0.0245,0.009,-0.0036,0.0256,-0.0046,0.0106,-0.0503,0.0048,-0.014,-0.0104,0.0172,-3.098736,-2.344801,0.762475,0.0952,0.1253,0.0301,0.0142,0.024105,0.001953,-0.0156,-0.0079,0.001355,-3.089516,-2.358628,0.763448,0.0909,0.1217,0.0308,0.0151,0.026702,0.004907,-0.0178,0.0006,0.002019
1984-04-01,198404,0.0081,0.0057,0.0132,-0.0013,0.0398,-0.0043,0.022,0.0034,0.0232,-0.005,-0.0203,-0.0024,0.0051,-0.0094,0.0317,-0.0124,0.0139,-0.0047,0.0151,-0.0131,-0.0284,-3.09817,-2.329928,0.758659,0.0969,0.1284,0.0315,0.015,0.022682,0.004873,-0.0105,0.0032,0.001036,-3.098736,-2.344801,0.762475,0.0952,0.1253,0.0301,0.0142,0.024105,0.001953,-0.0156,-0.0079,0.001355
1984-05-01,198405,0.0078,-0.0241,-0.0579,-0.0581,-0.0512,-0.056,-0.0357,-0.0518,-0.0646,-0.0083,-0.0688,-0.0319,-0.0657,-0.0659,-0.059,-0.0638,-0.0435,-0.0596,-0.0724,-0.0161,-0.0766,-3.030997,-2.248813,0.80391,0.0983,0.1381,0.0398,0.0146,0.021514,0.00291,-0.0516,0.0033,0.000933,-3.09817,-2.329928,0.758659,0.0969,0.1284,0.0315,0.015,0.022682,0.004873,-0.0105,0.0032,0.001036
1984-06-01,198406,0.0075,0.0632,0.0211,0.0319,-0.02,0.0179,0.1221,0.074,0.0386,0.0044,0.0222,0.0557,0.0136,0.0244,-0.0275,0.0104,0.1146,0.0665,0.0311,-0.0031,0.0147,-3.04237,-2.246602,0.784352,0.0987,0.1374,0.0387,0.015,0.001304,0.002901,0.015,0.0049,0.001676,-3.030997,-2.248813,0.80391,0.0983,0.1381,0.0398,0.0146,0.021514,0.00291,-0.0516,0.0033,0.000933
1984-07-01,198407,0.0082,-0.0157,0.0253,-0.0147,-0.0747,-0.0245,0.0281,0.0012,-0.0377,-0.0001,-0.0187,-0.0239,0.0171,-0.0229,-0.0829,-0.0327,0.0199,-0.007,-0.0459,-0.0083,-0.0269,-3.022596,-2.222634,0.796392,0.1012,0.1293,0.0281,0.0171,-0.001862,0.003857,0.0693,-0.0107,0.000866,-3.04237,-2.246602,0.784352,0.0987,0.1374,0.0387,0.015,0.001304,0.002901,0.015,0.0049,0.001676
1984-08-01,198408,0.0083,0.0869,0.1,0.119,0.1401,0.1396,0.0672,0.0986,0.1044,0.0778,0.1109,0.0786,0.0917,0.1107,0.1318,0.1313,0.0589,0.0903,0.0961,0.0695,0.1026,-3.120468,-2.316358,0.725428,0.1047,0.127,0.0223,0.0176,-0.003101,0.003842,0.0266,0.0041,0.003127,-3.022596,-2.222634,0.796392,0.1012,0.1293,0.0281,0.0171,-0.001862,0.003857,0.0693,-0.0107,0.000866
1984-09-01,198409,0.0086,0.0126,-0.002,-0.0257,0.0225,-0.0394,0.0292,0.0006,-0.0442,0.0486,0.0218,0.004,-0.0106,-0.0343,0.0139,-0.048,0.0206,-0.008,-0.0528,0.04,0.0132,-3.113816,-2.3056,0.736051,0.1037,0.1235,0.0198,0.0169,-0.009493,0.004785,0.0342,-0.0028,0.000943,-3.120468,-2.316358,0.725428,0.1047,0.127,0.0223,0.0176,-0.003101,0.003842,0.0266,0.0041,0.003127
1984-10-01,198410,0.01,0.0138,0.0215,0.0059,-0.0435,-0.0055,-0.008,-0.0069,0.0166,0.0335,0.0077,0.0038,0.0115,-0.0041,-0.0535,-0.0155,-0.018,-0.0169,0.0066,0.0235,-0.0023,-3.107004,-2.303929,0.735642,0.0974,0.1173,0.0199,0.0131,-0.013528,0.002857,0.0561,0.0011,0.001292,-3.113816,-2.3056,0.736051,0.1037,0.1235,0.0198,0.0169,-0.009493,0.004785,0.0342,-0.0028,0.000943
1984-11-01,198411,0.0073,0.0038,-0.0303,-0.0135,-0.0099,-0.038,-0.0024,-0.0291,-0.0008,0.0306,-0.0034,-0.0035,-0.0376,-0.0208,-0.0172,-0.0453,-0.0097,-0.0364,-0.0081,0.0233,-0.0107,-3.085069,-2.287099,0.747052,0.0861,0.1169,0.0308,0.0119,-0.021877,0.0,0.0118,0.0094,0.00102,-3.107004,-2.303929,0.735642,0.0974,0.1173,0.0199,0.0131,-0.013528,0.002857,0.0561,0.0011,0.001292
1984-12-01,198412,0.0064,0.0244,0.0461,0.0216,-0.0057,0.0254,0.0512,0.0076,0.0271,0.0265,0.037,0.018,0.0397,0.0152,-0.0121,0.019,0.0448,0.0012,0.0207,0.0201,0.0306,-3.100535,-2.30762,0.733098,0.0806,0.117,0.0364,0.0127,-0.027197,0.0,0.0091,0.0037,0.00119,-3.085069,-2.287099,0.747052,0.0861,0.1169,0.0308,0.0119,-0.021877,0.0,0.0118,0.0094,0.00102
1985-01-01,198501,0.0065,0.0484,0.0984,0.0847,0.0654,0.1256,0.0586,0.1313,0.0831,0.024,0.0981,0.0419,0.0919,0.0782,0.0589,0.1191,0.0521,0.1248,0.0766,0.0175,0.0916,-3.166266,-2.384108,0.690255,0.0776,0.1127,0.0351,0.0118,-0.029905,0.001899,0.0364,-0.0039,0.001636,-3.100535,-2.30762,0.733098,0.0806,0.117,0.0364,0.0127,-0.027197,0.0,0.0091,0.0037,0.00119
1985-02-01,198502,0.0058,0.0507,-0.0157,0.0133,0.0388,-0.0132,0.0269,0.021,0.036,0.0137,0.021,0.0449,-0.0215,0.0075,0.033,-0.019,0.0211,0.0152,0.0302,0.0079,0.0152,-3.169207,-2.397805,0.691739,0.0827,0.1209,0.0382,0.011,-0.024519,0.004739,-0.0493,0.012,0.000745,-3.166266,-2.384108,0.690255,0.0776,0.1127,0.0351,0.0118,-0.029905,0.001899,0.0364,-0.0039,0.001636
1985-03-01,198503,0.0062,0.0464,-0.0523,-0.0276,0.0145,-0.0602,0.0548,-0.0061,0.0307,0.0613,-0.0016,0.0402,-0.0585,-0.0338,0.0083,-0.0664,0.0486,-0.0123,0.0245,0.0551,-0.0078,-3.160605,-2.399945,0.723646,0.0852,0.1181,0.0329,0.0113,-0.024816,0.003774,0.0307,-0.0128,0.000802,-3.169207,-2.397805,0.691739,0.0827,0.1209,0.0382,0.011,-0.024519,0.004739,-0.0493,0.012,0.000745
1985-04-01,198504,0.0072,-0.0213,-0.0345,-0.0149,0.038,-0.0364,0.009,0.0004,-0.0177,0.016,0.0144,-0.0285,-0.0417,-0.0221,0.0308,-0.0436,0.0018,-0.0068,-0.0249,0.0088,0.0072,-3.152524,-2.411331,0.728662,0.0795,0.1162,0.0367,0.0128,-0.022412,0.004699,0.0242,0.0054,0.00046,-3.160605,-2.399945,0.723646,0.0852,0.1181,0.0329,0.0113,-0.024816,0.003774,0.0307,-0.0128,0.000802
1985-05-01,198505,0.0066,0.0798,0.059,0.0609,0.0062,0.0284,0.0663,0.096,0.0937,0.0538,0.063,0.0732,0.0524,0.0543,-0.0004,0.0218,0.0597,0.0894,0.0871,0.0472,0.0564,-3.201703,-2.480222,0.696893,0.0748,0.1062,0.0314,0.0143,-0.025481,0.003742,0.0896,-0.0076,0.000834,-3.152524,-2.411331,0.728662,0.0795,0.1162,0.0367,0.0128,-0.022412,0.004699,0.0242,0.0054,0.00046
1985-06-01,198506,0.0055,0.0276,0.0149,0.0151,-0.0064,-0.007,0.041,0.016,0.0227,0.0362,0.0286,0.0221,0.0094,0.0096,-0.0119,-0.0125,0.0355,0.0105,0.0172,0.0307,0.0231,-3.210312,-2.508802,0.68643,0.0695,0.1055,0.036,0.0146,-0.026608,0.002796,0.0142,-0.0059,0.000742,-3.201703,-2.480222,0.696893,0.0748,0.1062,0.0314,0.0143,-0.025481,0.003742,0.0896,-0.0076,0.000834
1985-07-01,198507,0.0062,-0.0262,0.0254,0.0341,-0.0059,0.0441,-0.0457,-0.0399,-0.0047,-0.0465,-0.0016,-0.0324,0.0192,0.0279,-0.0121,0.0379,-0.0519,-0.0461,-0.0109,-0.0527,-0.0078,-3.201156,-2.512092,0.680322,0.0708,0.1091,0.0383,0.0146,-0.024639,0.001859,-0.018,0.0059,0.000719,-3.210312,-2.508802,0.68643,0.0695,0.1055,0.036,0.0146,-0.026608,0.002796,0.0142,-0.0059,0.000742
1985-08-01,198508,0.0055,0.007,-0.0303,-0.0114,0.0158,-0.0253,0.0053,-0.0061,-0.0082,0.0192,-0.0038,0.0015,-0.0358,-0.0169,0.0103,-0.0308,-0.0002,-0.0116,-0.0137,0.0137,-0.0093,-3.184809,-2.508236,0.687176,0.0714,0.1068,0.0354,0.0145,-0.024227,0.001855,0.0259,0.0001,0.00063,-3.201156,-2.512092,0.680322,0.0708,0.1091,0.0383,0.0146,-0.024639,0.001859,-0.018,0.0059,0.000719
1985-09-01,198509,0.006,-0.0057,-0.0309,-0.0398,-0.013,-0.0474,-0.0408,-0.0433,-0.0392,-0.0538,-0.0498,-0.0117,-0.0369,-0.0458,-0.019,-0.0534,-0.0468,-0.0493,-0.0452,-0.0598,-0.0558,-3.145207,-2.481179,0.689959,0.071,0.1082,0.0372,0.0141,-0.031294,0.002778,-0.0021,0.0092,0.000866,-3.184809,-2.508236,0.687176,0.0714,0.1068,0.0354,0.0145,-0.024227,0.001855,0.0259,0.0001,0.00063
1985-10-01,198510,0.0065,0.0357,0.0098,0.0329,0.0595,0.0302,0.0416,0.0683,0.0287,0.0633,0.064,0.0292,0.0033,0.0264,0.053,0.0237,0.0351,0.0618,0.0222,0.0568,0.0575,-3.18429,-2.536474,0.667026,0.0716,0.1051,0.0335,0.0134,-0.027069,0.003693,0.0338,-0.0009,0.000912,-3.145207,-2.481179,0.689959,0.071,0.1082,0.0372,0.0141,-0.031294,0.002778,-0.0021,0.0092,0.000866
1985-11-01,198511,0.0061,0.0823,0.0988,0.0794,0.0034,0.0866,0.0741,0.0797,0.0956,0.041,0.0742,0.0762,0.0927,0.0733,-0.0027,0.0805,0.068,0.0736,0.0895,0.0349,0.0681,-3.244781,-2.613354,0.622703,0.0724,0.1011,0.0287,0.0144,-0.027716,0.00276,0.0401,-0.0031,0.000943,-3.18429,-2.536474,0.667026,0.0716,0.1051,0.0335,0.0134,-0.027069,0.003693,0.0338,-0.0009,0.000912
1985-12-01,198512,0.0065,0.0546,0.07,0.0448,-0.0268,0.0827,0.0603,0.0454,0.0352,0.0498,0.0447,0.0481,0.0635,0.0383,-0.0333,0.0762,0.0538,0.0389,0.0287,0.0433,0.0382,-3.286322,-2.671478,0.592693,0.071,0.0956,0.0246,0.0142,-0.019465,0.002752,0.0541,-0.0072,0.00123,-3.244781,-2.613354,0.622703,0.0724,0.1011,0.0287,0.0144,-0.027716,0.00276,0.0401,-0.0031,0.000943
1986-01-01,198601,0.0056,0.0179,0.0209,0.0162,-0.068,-0.0029,-0.0378,0.0165,0.0106,0.0379,0.0354,0.0123,0.0153,0.0106,-0.0736,-0.0085,-0.0434,0.0109,0.005,0.0323,0.0298,-3.283635,-2.675897,0.583517,0.0707,0.0958,0.0251,0.0139,-0.019172,0.002745,-0.0025,0.007,0.00192,-3.286322,-2.671478,0.592693,0.071,0.0956,0.0246,0.0142,-0.019465,0.002752,0.0541,-0.0072,0.00123
1986-02-01,198602,0.0053,0.1083,0.1074,0.1024,0.0087,0.0496,0.0739,0.0782,0.0607,0.0659,0.0834,0.103,0.1021,0.0971,0.0034,0.0443,0.0686,0.0729,0.0554,0.0606,0.0781,-3.347659,-2.747007,0.536377,0.0706,0.0841,0.0135,0.0144,-0.017914,-0.002737,0.1145,-0.0393,0.001089,-3.283635,-2.675897,0.583517,0.0707,0.0958,0.0251,0.0139,-0.019172,0.002745,-0.0025,0.007,0.00192
1986-03-01,198603,0.006,0.0812,0.0784,0.0599,0.0095,-0.0008,0.0418,0.0856,0.1208,0.0398,0.0576,0.0752,0.0724,0.0539,0.0035,-0.0068,0.0358,0.0796,0.1148,0.0338,0.0516,-3.394107,-2.800518,0.519628,0.0656,0.0766,0.011,0.015,-0.01642,-0.004575,0.077,-0.0514,0.001374,-3.347659,-2.747007,0.536377,0.0706,0.0841,0.0135,0.0144,-0.017914,-0.002737,0.1145,-0.0393,0.001089
1986-04-01,198604,0.0052,0.0043,-0.0331,-0.0161,0.0075,0.0392,0.0243,0.004,0.0071,-0.0393,-0.0257,-0.0009,-0.0383,-0.0213,0.0023,0.034,0.0191,-0.0012,0.0019,-0.0445,-0.0309,-3.376537,-2.781919,0.529714,0.0606,0.0782,0.0176,0.014,-0.024585,-0.001838,-0.008,0.0096,0.002459,-3.394107,-2.800518,0.519628,0.0656,0.0766,0.011,0.015,-0.01642,-0.004575,0.077,-0.0514,0.001374
1986-05-01,198605,0.0049,0.0887,0.0306,0.0441,0.0736,0.0095,0.0459,0.0977,0.0725,0.0363,0.0466,0.0838,0.0257,0.0392,0.0687,0.0046,0.041,0.0928,0.0676,0.0314,0.0417,-3.422238,-2.826589,0.503541,0.0615,0.0848,0.0233,0.012,-0.021872,0.002762,-0.0505,0.0341,0.00137,-3.376537,-2.781919,0.529714,0.0606,0.0782,0.0176,0.014,-0.024585,-0.001838,-0.008,0.0096,0.002459
1986-06-01,198606,0.0052,0.0632,-0.0117,-0.0004,-0.0205,-0.0387,0.0538,0.0394,0.0568,0.0505,0.0154,0.058,-0.0169,-0.0056,-0.0257,-0.0439,0.0486,0.0342,0.0516,0.0453,0.0102,-3.432951,-2.836288,0.499281,0.0621,0.079,0.0169,0.0121,-0.012293,0.00551,0.0613,-0.0395,0.001597,-3.422238,-2.826589,0.503541,0.0615,0.0848,0.0233,0.012,-0.021872,0.002762,-0.0505,0.0341,0.00137
1986-07-01,198607,0.0052,-0.0573,-0.0895,-0.0751,-0.0512,-0.0834,-0.0298,-0.0939,-0.0536,0.0513,-0.0643,-0.0625,-0.0947,-0.0803,-0.0564,-0.0886,-0.035,-0.0991,-0.0588,0.0461,-0.0695,-3.367141,-2.772643,0.532301,0.0583,0.0809,0.0226,0.0128,-0.011286,0.0,-0.0108,0.0139,0.002416,-3.432951,-2.836288,0.499281,0.0621,0.079,0.0169,0.0121,-0.012293,0.00551,0.0613,-0.0395,0.001597
1986-08-01,198608,0.0046,0.0258,0.0701,0.0646,0.1673,0.0698,0.0684,0.0166,0.04,0.0792,0.0681,0.0212,0.0655,0.06,0.1627,0.0652,0.0638,0.012,0.0354,0.0746,0.0635,-3.430606,-2.838263,0.497803,0.0553,0.0763,0.021,0.0146,-0.009677,0.001826,0.0499,-0.0224,0.001261,-3.367141,-2.772643,0.532301,0.0583,0.0809,0.0226,0.0128,-0.011286,0.0,-0.0108,0.0139,0.002416
1986-09-01,198609,0.0045,-0.1085,-0.0812,-0.0655,-0.0088,-0.0697,-0.0944,-0.0846,-0.126,-0.0911,-0.0883,-0.113,-0.0857,-0.07,-0.0133,-0.0742,-0.0989,-0.0891,-0.1305,-0.0956,-0.0928,-3.336016,-2.745802,0.534629,0.0521,0.0827,0.0306,0.0131,-0.005139,0.004558,-0.05,0.0386,0.004207,-3.430606,-2.838263,0.497803,0.0553,0.0763,0.021,0.0146,-0.009677,0.001826,0.0499,-0.0224,0.001261
1986-10-01,198610,0.0046,0.0886,0.0601,0.0647,0.0191,0.0059,0.0463,0.0731,0.0798,0.0521,0.042,0.084,0.0555,0.0601,0.0145,0.0013,0.0417,0.0685,0.0752,0.0475,0.0374,-3.387277,-2.807424,0.503246,0.0518,0.0803,0.0285,0.0138,-0.008025,0.000907,0.0289,-0.01,0.000991,-3.336016,-2.745802,0.534629,0.0521,0.0827,0.0306,0.0131,-0.005139,0.004558,-0.05,0.0386,0.004207
1986-11-01,198611,0.0039,0.0072,0.0464,0.0244,0.0325,0.0355,0.0398,0.0161,0.0137,0.0055,-0.0066,0.0033,0.0425,0.0205,0.0286,0.0316,0.0359,0.0122,0.0098,0.0016,-0.0105,-3.406508,-2.837089,0.493671,0.0535,0.0779,0.0244,0.0139,-0.002125,0.000907,0.0267,-0.0034,0.001731,-3.387277,-2.807424,0.503246,0.0518,0.0803,0.0285,0.0138,-0.008025,0.000907,0.0289,-0.01,0.000991
1986-12-01,198612,0.0049,-0.0322,-0.0257,-0.0198,-0.0046,-0.0367,-0.0371,-0.0599,-0.0122,-0.033,-0.0258,-0.0371,-0.0306,-0.0247,-0.0095,-0.0416,-0.042,-0.0648,-0.0171,-0.0379,-0.0307,-3.375797,-2.816872,0.498431,0.0553,0.0789,0.0236,0.0148,-0.011377,0.000906,-0.0018,0.0135,0.001262,-3.406508,-2.837089,0.493671,0.0535,0.0779,0.0244,0.0139,-0.002125,0.000907,0.0267,-0.0034,0.001731
1987-01-01,198701,0.0042,0.1446,0.1866,0.1444,0.1415,0.164,0.053,0.1172,0.1315,0.093,0.1117,0.1404,0.1824,0.1402,0.1373,0.1598,0.0488,0.113,0.1273,0.0888,0.1075,-3.497165,-2.926478,0.437897,0.0543,0.0778,0.0235,0.0136,-0.005842,0.006335,0.0161,0.0055,0.002478,-3.375797,-2.816872,0.498431,0.0553,0.0789,0.0236,0.0148,-0.011377,0.000906,-0.0018,0.0135,0.001262
1987-02-01,198702,0.0043,0.0561,0.0359,0.0478,-0.0176,0.0943,0.0003,0.0981,0.1112,-0.0215,0.0466,0.0518,0.0316,0.0435,-0.0219,0.09,-0.004,0.0938,0.1069,-0.0258,0.0423,-3.531016,-2.948767,0.424912,0.0559,0.0763,0.0204,0.0127,-0.004507,0.003597,0.0202,-0.0144,0.001412,-3.497165,-2.926478,0.437897,0.0543,0.0778,0.0235,0.0136,-0.005842,0.006335,0.0161,0.0055,0.002478
1987-03-01,198703,0.0047,0.0114,0.0443,0.034,0.1183,0.0261,0.0139,0.0168,0.0015,-0.0168,-0.0036,0.0067,0.0396,0.0293,0.1136,0.0214,0.0092,0.0121,-0.0032,-0.0215,-0.0083,-3.554663,-2.961031,0.42804,0.0559,0.0795,0.0236,0.0125,-0.002218,0.00448,-0.0223,0.0136,0.001971,-3.531016,-2.948767,0.424912,0.0559,0.0763,0.0204,0.0127,-0.004507,0.003597,0.0202,-0.0144,0.001412
1987-04-01,198704,0.0044,-0.0368,0.0411,-0.0156,0.0011,0.0439,-0.0247,-0.027,-0.0245,-0.0433,-0.0407,-0.0412,0.0367,-0.02,-0.0033,0.0395,-0.0291,-0.0314,-0.0289,-0.0477,-0.0451,-3.535978,-2.964642,0.431472,0.0564,0.0859,0.0295,0.0119,0.004492,0.005352,-0.0473,-0.0029,0.004194,-3.554663,-2.961031,0.42804,0.0559,0.0795,0.0236,0.0125,-0.002218,0.00448,-0.0223,0.0136,0.001971
1987-05-01,198705,0.0038,0.0263,-0.0129,0.0033,0.0302,0.0029,0.0329,-0.0005,0.0125,-0.0185,-0.0001,0.0225,-0.0167,-0.0005,0.0264,-0.0009,0.0291,-0.0043,0.0087,-0.0223,-0.0039,-3.534877,-2.986011,0.430491,0.0566,0.088,0.0314,0.0118,0.00694,0.003549,-0.0105,0.0053,0.002489,-3.535978,-2.964642,0.431472,0.0564,0.0859,0.0295,0.0119,0.004492,0.005352,-0.0473,-0.0029,0.004194
1987-06-01,198706,0.0048,0.0679,0.0278,0.0519,0.0583,-0.0002,0.0695,0.0626,0.0478,0.034,0.0462,0.0631,0.023,0.0471,0.0535,-0.005,0.0647,0.0578,0.043,0.0292,0.0414,-3.574611,-3.048412,0.407892,0.0567,0.0877,0.031,0.012,0.005202,0.003537,0.0098,0.0057,0.00107,-3.534877,-2.986011,0.430491,0.0566,0.088,0.0314,0.0118,0.00694,0.003549,-0.0105,0.0053,0.002489
1987-07-01,198707,0.0046,0.0573,0.0693,0.0702,0.0319,0.0096,0.0584,0.057,0.0579,-0.0167,0.0355,0.0527,0.0647,0.0656,0.0273,0.005,0.0538,0.0524,0.0533,-0.0213,0.0309,-3.616246,-3.062763,0.383543,0.0569,0.0907,0.0338,0.0119,0.001881,0.002643,-0.0178,0.0059,0.000818,-3.574611,-3.048412,0.407892,0.0567,0.0877,0.031,0.012,0.005202,0.003537,0.0098,0.0057,0.00107
1987-08-01,198708,0.0047,0.0367,0.0566,0.0285,0.0193,0.0746,0.0508,0.0333,0.0221,0.0371,0.0433,0.032,0.0519,0.0238,0.0146,0.0699,0.0461,0.0286,0.0174,0.0324,0.0386,-3.645175,-3.065418,0.370454,0.0604,0.0936,0.0332,0.0113,0.001997,0.005272,-0.0165,0.009,0.001776,-3.616246,-3.062763,0.383543,0.0569,0.0907,0.0338,0.0119,0.001881,0.002643,-0.0178,0.0059,0.000818
1987-09-01,198709,0.0045,-0.0277,-0.0383,0.0029,-0.0386,-0.0268,0.0334,-0.0637,-0.0257,-0.0231,-0.018,-0.0322,-0.0428,-0.0016,-0.0431,-0.0313,0.0289,-0.0682,-0.0302,-0.0276,-0.0225,-3.615309,-3.010223,0.379967,0.064,0.0992,0.0352,0.0113,0.00635,0.005245,-0.0369,-0.0053,0.002535,-3.645175,-3.065418,0.370454,0.0604,0.0936,0.0332,0.0113,0.001997,0.005272,-0.0165,0.009,0.001776
1987-10-01,198710,0.006,-0.2098,-0.2658,-0.2733,-0.1885,-0.2582,-0.1216,-0.2791,-0.203,-0.0693,-0.2372,-0.2158,-0.2718,-0.2793,-0.1945,-0.2642,-0.1276,-0.2851,-0.209,-0.0753,-0.2432,-3.364124,-2.730906,0.494851,0.0613,0.0926,0.0313,0.011,0.010478,0.002609,0.0623,-0.0116,0.070945,-3.615309,-3.010223,0.379967,0.064,0.0992,0.0352,0.0113,0.00635,0.005245,-0.0369,-0.0053,0.002535
1987-11-01,198711,0.0035,-0.08,-0.0833,-0.0516,-0.1066,-0.0987,-0.089,-0.0865,-0.0931,-0.0255,-0.0657,-0.0835,-0.0868,-0.0551,-0.1101,-0.1022,-0.0925,-0.09,-0.0966,-0.029,-0.0692,-3.269187,-2.60892,0.538027,0.0569,0.0931,0.0362,0.0122,0.009898,0.000867,0.0037,0.0088,0.006785,-3.364124,-2.730906,0.494851,0.0613,0.0926,0.0313,0.011,0.010478,0.002609,0.0623,-0.0116,0.070945
1987-12-01,198712,0.0039,0.0756,0.0876,0.1087,0.0675,0.1189,0.0391,0.0859,0.0535,0.0056,0.0539,0.0717,0.0837,0.1048,0.0636,0.115,0.0352,0.082,0.0496,0.0017,0.05,-3.333825,-2.647511,0.508812,0.0577,0.092,0.0343,0.0118,0.013275,0.0,0.0165,0.0047,0.006852,-3.269187,-2.60892,0.538027,0.0569,0.0931,0.0362,0.0122,0.009898,0.000867,0.0037,0.0088,0.006785
1988-01-01,198801,0.0029,0.0304,0.0428,0.0028,0.0843,-0.0248,0.1003,0.0562,0.0637,0.0977,0.0631,0.0275,0.0399,-0.0001,0.0814,-0.0277,0.0974,0.0533,0.0608,0.0948,0.0602,-3.368178,-2.6666,0.503774,0.0581,0.0852,0.0271,0.0119,0.008423,0.0026,0.0666,-0.0149,0.009158,-3.333825,-2.647511,0.508812,0.0577,0.092,0.0343,0.0118,0.013275,0.0,0.0165,0.0047,0.006852
1988-02-01,198802,0.0046,0.0604,0.0645,0.0776,0.0361,0.0748,0.0124,0.1027,0.0421,-0.0141,0.0433,0.0558,0.0599,0.073,0.0315,0.0702,0.0078,0.0981,0.0375,-0.0187,0.0387,-3.40389,-2.687428,0.476197,0.0566,0.0854,0.0288,0.0122,0.008792,0.002593,0.0052,0.0086,0.001967,-3.368178,-2.6666,0.503774,0.0581,0.0852,0.0271,0.0119,0.008423,0.0026,0.0666,-0.0149,0.009158
1988-03-01,198803,0.0044,-0.0152,-0.0362,-0.0134,0.0262,-0.0469,-0.0396,-0.0115,-0.0249,-0.0318,-0.0135,-0.0196,-0.0406,-0.0178,0.0218,-0.0513,-0.044,-0.0159,-0.0293,-0.0362,-0.0179,-3.36475,-2.633779,0.50753,0.057,0.0901,0.0331,0.0118,0.00608,0.00431,-0.0307,0.0119,0.001659,-3.40389,-2.687428,0.476197,0.0566,0.0854,0.0288,0.0122,0.008792,0.002593,0.0052,0.0086,0.001967
1988-04-01,198804,0.0046,-0.0017,0.0272,0.016,0.0462,0.0262,0.0074,0.016,-0.0201,-0.003,-0.0039,-0.0063,0.0226,0.0114,0.0416,0.0216,0.0028,0.0114,-0.0247,-0.0076,-0.0085,-3.363756,-2.589404,0.496474,0.0591,0.0929,0.0338,0.0123,0.005064,0.00515,-0.016,0.0011,0.00346,-3.36475,-2.633779,0.50753,0.057,0.0901,0.0331,0.0118,0.00608,0.00431,-0.0307,0.0119,0.001659
1988-05-01,198805,0.0051,-0.0026,0.0096,-0.0041,-0.0041,-0.0134,0.0234,-0.0141,-0.0037,0.0362,0.0094,-0.0077,0.0045,-0.0092,-0.0092,-0.0185,0.0183,-0.0192,-0.0088,0.0311,0.0043,-3.356659,-2.541563,0.49677,0.0626,0.0952,0.0326,0.0114,0.001347,0.003416,-0.0102,0.0045,0.002556,-3.363756,-2.589404,0.496474,0.0591,0.0929,0.0338,0.0123,0.005064,0.00515,-0.016,0.0011,0.00346
1988-06-01,198806,0.0049,0.0337,0.0783,0.0757,-0.0208,0.0942,0.0291,0.0644,0.0278,0.0323,0.0603,0.0288,0.0734,0.0708,-0.0257,0.0893,0.0242,0.0595,0.0229,0.0274,0.0554,-3.388843,-2.535373,0.471119,0.0646,0.0917,0.0271,0.0114,-0.005398,0.004255,0.0368,0.0011,0.002361,-3.356659,-2.541563,0.49677,0.0626,0.0952,0.0326,0.0114,0.001347,0.003416,-0.0102,0.0045,0.002556
1988-07-01,198807,0.0051,0.0131,0.001,-0.0228,0.0359,-0.0491,0.0015,-0.0093,0.0051,-0.0022,-0.0061,0.008,-0.0041,-0.0279,0.0308,-0.0542,-0.0036,-0.0144,0.0,-0.0073,-0.0112,-3.375145,-2.513773,0.473992,0.0673,0.0947,0.0274,0.0115,-0.002823,0.004237,-0.017,0.0059,0.001911,-3.388843,-2.535373,0.471119,0.0646,0.0917,0.0271,0.0114,-0.005398,0.004255,0.0368,0.0011,0.002361
1988-08-01,198808,0.0059,-0.0034,-0.0638,-0.044,-0.015,-0.0809,-0.029,-0.0226,-0.0108,-0.0012,-0.0091,-0.0093,-0.0697,-0.0499,-0.0209,-0.0868,-0.0349,-0.0285,-0.0167,-0.0071,-0.015,-3.327576,-2.458492,0.496641,0.0706,0.095,0.0244,0.011,-0.00624,0.004219,0.0058,-0.0004,0.00139,-3.375145,-2.513773,0.473992,0.0673,0.0947,0.0274,0.0115,-0.002823,0.004237,-0.017,0.0059,0.001911
1988-09-01,198809,0.0062,0.0669,0.0366,0.035,-0.0247,0.0288,0.0707,0.0814,0.0376,0.0267,0.0406,0.0607,0.0304,0.0288,-0.0309,0.0226,0.0645,0.0752,0.0314,0.0205,0.0344,-3.358399,-2.481785,0.47754,0.0724,0.0917,0.0193,0.0108,-0.010002,0.006723,0.0345,-0.0019,0.001193,-3.327576,-2.458492,0.496641,0.0706,0.095,0.0244,0.011,-0.00624,0.004219,0.0058,-0.0004,0.00139
1988-10-01,198810,0.0061,0.0833,0.0321,0.0076,0.0189,-0.0009,0.0297,0.0139,0.0126,0.0251,0.0001,0.0772,0.026,0.0015,0.0128,-0.007,0.0236,0.0078,0.0065,0.019,-0.006,-3.373865,-2.492571,0.469597,0.0735,0.0889,0.0154,0.009,-0.010462,0.003339,0.0308,-0.0035,0.001632,-3.358399,-2.481785,0.47754,0.0724,0.0917,0.0193,0.0108,-0.010002,0.006723,0.0345,-0.0019,0.001193
1988-11-01,198811,0.0057,-0.0122,-0.0088,-0.0219,-0.0029,-0.0305,0.0005,-0.027,-0.0213,-0.005,-0.0216,-0.0179,-0.0145,-0.0276,-0.0086,-0.0362,-0.0052,-0.0327,-0.027,-0.0107,-0.0273,-3.344729,-2.458869,0.477179,0.0776,0.0923,0.0147,0.0103,-0.007765,0.000832,-0.0196,0.0027,0.001348,-3.373865,-2.492571,0.469597,0.0735,0.0889,0.0154,0.009,-0.010462,0.003339,0.0308,-0.0035,0.001632
1988-12-01,198812,0.0063,0.0327,0.0039,0.0314,0.0183,0.0464,0.0125,0.0159,0.0176,0.0104,0.0091,0.0264,-0.0024,0.0251,0.012,0.0401,0.0062,0.0096,0.0113,0.0041,0.0028,-3.349346,-2.459031,0.465284,0.0807,0.0918,0.0111,0.0108,-0.021406,0.001663,0.011,-0.0071,0.000628,-3.344729,-2.458869,0.477179,0.0776,0.0923,0.0147,0.0103,-0.007765,0.000832,-0.0196,0.0027,0.001348
1989-01-01,198901,0.0055,0.056,0.0741,0.0746,0.0626,0.0711,0.0836,0.0618,0.0681,0.0267,0.0686,0.0505,0.0686,0.0691,0.0571,0.0656,0.0781,0.0563,0.0626,0.0212,0.0631,-3.409163,-2.510891,0.430769,0.0827,0.0903,0.0076,0.0103,-0.022361,0.004979,0.0203,-0.0001,0.000965,-3.349346,-2.459031,0.465284,0.0807,0.0918,0.0111,0.0108,-0.021406,0.001663,0.011,-0.0071,0.000628
1989-02-01,198902,0.0061,-0.0127,-0.028,-0.021,-0.0128,-0.0374,-0.0137,-0.0187,-0.0124,-0.0178,-0.0052,-0.0188,-0.0341,-0.0271,-0.0189,-0.0435,-0.0198,-0.0248,-0.0185,-0.0239,-0.0113,-3.370986,-2.464959,0.446778,0.0853,0.0935,0.0082,0.0097,-0.024823,0.004129,-0.0179,0.005,0.001176,-3.409163,-2.510891,0.430769,0.0827,0.0903,0.0076,0.0103,-0.022361,0.004979,0.0203,-0.0001,0.000965
1989-03-01,198903,0.0067,0.057,-0.0159,0.0119,0.0389,-0.0533,0.0529,0.0263,0.0491,0.0055,0.0357,0.0503,-0.0226,0.0052,0.0322,-0.06,0.0462,0.0196,0.0424,-0.0012,0.029,-3.38285,-2.46926,0.468691,0.0882,0.0929,0.0047,0.0087,-0.023102,0.005757,0.0122,-0.0058,0.001286,-3.370986,-2.464959,0.446778,0.0853,0.0935,0.0082,0.0097,-0.024823,0.004129,-0.0179,0.005,0.001176
1989-04-01,198904,0.0067,0.058,0.0033,0.0534,0.0249,0.0518,0.0954,0.0535,0.0543,0.0397,0.0463,0.0513,-0.0034,0.0467,0.0182,0.0451,0.0887,0.0468,0.0476,0.033,0.0396,-3.419909,-2.51467,0.444435,0.0865,0.0918,0.0053,0.0082,-0.022802,0.006541,0.0159,0.0054,0.000956,-3.38285,-2.46926,0.468691,0.0882,0.0929,0.0047,0.0087,-0.023102,0.005757,0.0122,-0.0058,0.001286
1989-05-01,198905,0.0079,0.0493,0.0186,0.0368,0.027,0.0238,0.0592,0.0528,0.0337,0.0528,0.0424,0.0414,0.0107,0.0289,0.0191,0.0159,0.0513,0.0449,0.0258,0.0449,0.0345,-3.442765,-2.54575,0.433442,0.0843,0.0878,0.0035,0.0089,-0.027714,0.005686,0.0401,-0.0022,0.001073,-3.419909,-2.51467,0.444435,0.0865,0.0918,0.0053,0.0082,-0.022802,0.006541,0.0159,0.0054,0.000956
1989-06-01,198906,0.0071,0.0144,0.0145,-0.0267,-0.0101,-0.0317,0.0018,-0.0213,-0.0295,0.0342,0.0077,0.0073,0.0074,-0.0338,-0.0172,-0.0388,-0.0053,-0.0284,-0.0366,0.0271,0.0006,-3.423264,-2.534351,0.440563,0.0815,0.0821,0.0006,0.0093,-0.023948,0.002423,0.055,-0.0155,0.00143,-3.442765,-2.54575,0.433442,0.0843,0.0878,0.0035,0.0089,-0.027714,0.005686,0.0401,-0.0022,0.001073
1989-07-01,198907,0.007,0.119,0.0524,0.0762,0.0376,0.0295,0.0913,0.0917,0.1357,0.0581,0.0811,0.112,0.0454,0.0692,0.0306,0.0225,0.0843,0.0847,0.1287,0.0511,0.0741,-3.496248,-2.639462,0.404035,0.0788,0.0801,0.0013,0.0094,-0.028536,0.002417,0.0238,-0.006,0.001019,-3.423264,-2.534351,0.440563,0.0815,0.0821,0.0006,0.0093,-0.023948,0.002423,0.055,-0.0155,0.00143
1989-08-01,198908,0.0074,-0.0198,0.0489,0.0438,0.0352,0.0247,0.008,0.0261,0.004,-0.008,0.0322,-0.0272,0.0415,0.0364,0.0278,0.0173,0.0006,0.0187,-0.0034,-0.0154,0.0248,-3.500082,-2.675715,0.392727,0.079,0.0841,0.0051,0.0092,-0.024822,0.001608,-0.0259,0.0096,0.00138,-3.496248,-2.639462,0.404035,0.0788,0.0801,0.0013,0.0094,-0.028536,0.002417,0.0238,-0.006,0.001019
1989-09-01,198909,0.0065,-0.0057,-0.0466,-0.0257,0.0135,-0.0273,0.0403,-0.0235,0.0234,0.0048,0.014,-0.0122,-0.0531,-0.0322,0.007,-0.0338,0.0338,-0.03,0.0169,-0.0017,0.0075,-3.482085,-2.690449,0.39921,0.0775,0.0847,0.0072,0.009,-0.025747,0.00321,0.0019,0.0021,0.00055,-3.500082,-2.675715,0.392727,0.079,0.0841,0.0051,0.0092,-0.024822,0.001608,-0.0259,0.0096,0.00138
1989-10-01,198910,0.0068,-0.0245,-0.0573,-0.0434,0.0075,-0.0433,-0.0196,-0.0403,0.0037,0.0101,-0.049,-0.0313,-0.0641,-0.0502,0.0007,-0.0501,-0.0264,-0.0471,-0.0031,0.0033,-0.0558,-3.446669,-2.676556,0.406415,0.0764,0.081,0.0046,0.0089,-0.024351,0.0048,0.0379,-0.0103,0.005636,-3.482085,-2.690449,0.39921,0.0775,0.0847,0.0072,0.009,-0.025747,0.00321,0.0019,0.0021,0.00055
1989-11-01,198911,0.0069,0.0169,-0.0112,0.0307,0.0399,-0.0203,0.0211,0.0122,0.0456,0.0324,-0.0005,0.01,-0.0181,0.0238,0.033,-0.0272,0.0142,0.0053,0.0387,0.0255,-0.0074,-3.453253,-2.704703,0.397226,0.0769,0.0808,0.0039,0.0092,-0.027033,0.002389,0.0078,-0.0008,0.000845,-3.446669,-2.676556,0.406415,0.0764,0.081,0.0046,0.0089,-0.024351,0.0048,0.0379,-0.0103,0.005636
1989-12-01,198912,0.0061,0.0139,-0.0135,0.0296,0.06,-0.0105,0.0585,0.0122,0.0104,0.048,-0.016,0.0078,-0.0196,0.0235,0.0539,-0.0166,0.0524,0.0061,0.0043,0.0419,-0.0221,-3.464718,-2.737775,0.390455,0.0763,0.0816,0.0053,0.0096,-0.012334,0.001589,-0.0006,0.0012,0.000923,-3.453253,-2.704703,0.397226,0.0769,0.0808,0.0039,0.0092,-0.027033,0.002389,0.0078,-0.0008,0.000845
1990-01-01,199001,0.0057,-0.0947,-0.0352,-0.0631,-0.0428,-0.0147,-0.1304,-0.0641,-0.073,-0.0535,-0.0892,-0.1004,-0.0409,-0.0688,-0.0485,-0.0204,-0.1361,-0.0698,-0.0787,-0.0592,-0.0949,-3.385519,-2.68412,0.414971,0.0764,0.0865,0.0101,0.0095,-0.013897,0.010309,-0.0343,0.0152,0.002892,-3.464718,-2.737775,0.390455,0.0763,0.0816,0.0053,0.0096,-0.012334,0.001589,-0.0006,0.0012,0.000923
1990-02-01,199002,0.0057,-0.0055,0.0505,0.0256,0.0311,0.0404,-0.0026,0.0193,-0.0208,0.0021,0.0252,-0.0112,0.0448,0.0199,0.0254,0.0347,-0.0083,0.0136,-0.0265,-0.0036,0.0195,-3.386185,-2.710584,0.409173,0.0774,0.0876,0.0102,0.0092,-0.011729,0.00471,-0.0025,0.0013,0.001009,-3.385519,-2.68412,0.414971,0.0764,0.0865,0.0101,0.0095,-0.013897,0.010309,-0.0343,0.0152,0.002892
1990-03-01,199003,0.0064,0.0463,0.0288,0.0388,-0.0059,0.0463,0.0422,0.0516,0.038,-0.0075,-0.0038,0.0399,0.0224,0.0324,-0.0123,0.0399,0.0358,0.0452,0.0316,-0.0139,-0.0102,-3.402375,-2.75284,0.471334,0.079,0.0889,0.0099,0.0084,-0.010291,0.005469,-0.0044,0.0033,0.001032,-3.386185,-2.710584,0.409173,0.0774,0.0876,0.0102,0.0092,-0.011729,0.00471,-0.0025,0.0013,0.001009
1990-04-01,199004,0.0069,-0.0017,-0.0408,-0.0277,-0.0358,-0.0194,-0.0329,-0.0208,0.0034,-0.0552,-0.0342,-0.0086,-0.0477,-0.0346,-0.0427,-0.0263,-0.0398,-0.0277,-0.0035,-0.0621,-0.0411,-3.36501,-2.731912,0.480284,0.0777,0.0924,0.0147,0.0084,-0.010149,0.001554,-0.0202,0.0011,0.000967,-3.402375,-2.75284,0.471334,0.079,0.0889,0.0099,0.0084,-0.010291,0.005469,-0.0044,0.0033,0.001032
1990-05-01,199005,0.0068,0.0909,0.0775,0.0811,0.0605,0.1241,0.092,0.1153,0.1281,0.0543,0.0918,0.0841,0.0707,0.0743,0.0537,0.1173,0.0852,0.1085,0.1213,0.0475,0.085,-3.443003,-2.82628,0.44357,0.0774,0.0883,0.0109,0.0094,-0.002262,0.002327,0.0415,-0.003,0.001361,-3.36501,-2.731912,0.480284,0.0777,0.0924,0.0147,0.0084,-0.010149,0.001554,-0.0202,0.0011,0.000967
1990-06-01,199006,0.0063,0.0208,-0.0221,-0.0055,-0.0204,-0.0127,-0.0474,0.0153,0.0442,0.0075,-0.0173,0.0145,-0.0284,-0.0118,-0.0267,-0.019,-0.0537,0.009,0.0379,0.0012,-0.0236,-3.424167,-2.823761,0.442949,0.0773,0.0864,0.0091,0.0096,-0.000507,0.005418,0.023,-0.0014,0.001351,-3.443003,-2.82628,0.44357,0.0774,0.0883,0.0109,0.0094,-0.002262,0.002327,0.0415,-0.003,0.001361
1990-07-01,199007,0.0068,-0.0079,-0.0345,0.0018,0.083,-0.0764,-0.0442,-0.0414,0.0267,0.009,-0.0358,-0.0147,-0.0413,-0.005,0.0762,-0.0832,-0.051,-0.0482,0.0199,0.0022,-0.0426,-3.414055,-2.811027,0.439212,0.0762,0.086,0.0098,0.0096,0.004885,0.003849,0.0107,-0.0005,0.001298,-3.424167,-2.823761,0.442949,0.0773,0.0864,0.0091,0.0096,-0.000507,0.005418,0.023,-0.0014,0.001351
1990-08-01,199008,0.0066,-0.0737,-0.1424,-0.12,-0.013,-0.1204,-0.1038,-0.1204,-0.0665,-0.0664,-0.113,-0.0803,-0.149,-0.1266,-0.0196,-0.127,-0.1104,-0.127,-0.0731,-0.073,-0.1196,-3.310141,-2.704522,0.488074,0.0745,0.092,0.0175,0.01,0.001439,0.009202,-0.0419,0.0127,0.005828,-3.414055,-2.811027,0.439212,0.0762,0.086,0.0098,0.0096,0.004885,0.003849,0.0107,-0.0005,0.001298
1990-09-01,199009,0.006,-0.0407,-0.1063,-0.08,-0.0162,-0.0655,0.0182,-0.0877,-0.0432,0.0048,-0.0997,-0.0467,-0.1123,-0.086,-0.0222,-0.0715,0.0122,-0.0937,-0.0492,-0.0012,-0.1057,-3.252772,-2.644595,0.52029,0.0736,0.0914,0.0178,0.0108,0.001373,0.008359,0.0117,-0.0026,0.001985,-3.310141,-2.704522,0.488074,0.0745,0.092,0.0175,0.01,0.001439,0.009202,-0.0419,0.0127,0.005828
1990-10-01,199010,0.0068,0.025,-0.0329,-0.0193,-0.0397,-0.0317,0.0302,-0.0304,0.0146,0.0722,-0.0649,0.0182,-0.0397,-0.0261,-0.0465,-0.0385,0.0234,-0.0372,0.0078,0.0654,-0.0717,-3.238978,-2.644026,0.522452,0.0717,0.0898,0.0181,0.0121,-0.000471,0.006029,0.0215,-0.0083,0.004493,-3.252772,-2.644595,0.52029,0.0736,0.0914,0.0178,0.0108,0.001373,0.008359,0.0117,-0.0026,0.001985
1990-11-01,199011,0.0057,0.0656,0.0417,0.0737,0.0162,0.11,0.0212,0.1043,0.0968,0.0231,0.1063,0.0599,0.036,0.068,0.0105,0.1043,0.0155,0.0986,0.0911,0.0174,0.1006,-3.290161,-2.708423,0.498506,0.0706,0.0858,0.0152,0.0132,0.00091,0.002247,0.0402,-0.0117,0.00244,-3.238978,-2.644026,0.522452,0.0717,0.0898,0.0181,0.0121,-0.000471,0.006029,0.0215,-0.0083,0.004493
1990-12-01,199012,0.006,0.044,-0.0041,0.0493,-0.0204,0.0407,0.0151,0.033,0.0287,0.0079,0.0549,0.038,-0.0101,0.0433,-0.0264,0.0347,0.0091,0.027,0.0227,0.0019,0.0489,-3.307711,-2.739176,0.484497,0.0674,0.0844,0.017,0.0138,-0.001846,0.0,0.0187,-0.002,0.000795,-3.290161,-2.708423,0.498506,0.0706,0.0858,0.0152,0.0132,0.00091,0.002247,0.0402,-0.0117,0.00244
1991-01-01,199101,0.0052,0.051,0.0737,0.063,-0.0203,0.1508,0.0002,0.0939,0.0478,-0.0137,0.0739,0.0458,0.0685,0.0578,-0.0255,0.1456,-0.005,0.0887,0.0426,-0.0189,0.0687,-3.347729,-2.786123,0.466308,0.0622,0.0837,0.0215,0.0141,0.000722,0.005979,0.013,0.002,0.003194,-3.307711,-2.739176,0.484497,0.0674,0.0844,0.017,0.0138,-0.001846,0.0,0.0187,-0.002,0.000795
1991-02-01,199102,0.0048,0.1031,0.1027,0.0584,0.0856,0.0599,0.0303,0.0835,0.1016,0.0484,0.098,0.0983,0.0979,0.0536,0.0808,0.0551,0.0255,0.0787,0.0968,0.0436,0.0932,-3.412182,-2.857544,0.44272,0.0594,0.0841,0.0247,0.0124,0.001247,0.001486,0.003,0.0091,0.002431,-3.347729,-2.786123,0.466308,0.0622,0.0837,0.0215,0.0141,0.000722,0.005979,0.013,0.002,0.003194
1991-03-01,199103,0.0044,0.0482,0.0122,0.0141,0.0129,0.0028,0.023,0.086,0.0624,0.0172,0.0307,0.0438,0.0078,0.0097,0.0085,-0.0016,0.0186,0.0816,0.058,0.0128,0.0263,-3.433481,-2.885851,0.457126,0.0591,0.0844,0.0253,0.0116,0.003251,0.001484,0.0038,0.007,0.001375,-3.412182,-2.857544,0.44272,0.0594,0.0841,0.0247,0.0124,0.001247,0.001486,0.003,0.0091,0.002431
1991-04-01,199104,0.0053,-0.0099,-0.0228,0.005,0.024,-0.0271,0.0113,0.0202,-0.0121,-0.0005,0.0134,-0.0152,-0.0281,-0.0003,0.0187,-0.0324,0.006,0.0149,-0.0174,-0.0058,0.0081,-3.432809,-2.910855,0.46124,0.0565,0.0837,0.0272,0.0108,0.00573,0.001481,0.014,-0.0002,0.002073,-3.433481,-2.885851,0.457126,0.0591,0.0844,0.0253,0.0116,0.003251,0.001484,0.0038,0.007,0.001375
1991-05-01,199105,0.0047,0.0361,0.1488,0.076,-0.0142,0.0368,-0.0146,0.0772,0.0447,0.0015,0.0498,0.0314,0.1441,0.0713,-0.0189,0.0321,-0.0193,0.0725,0.04,-0.0032,0.0451,-3.469644,-2.973986,0.439967,0.0546,0.0845,0.0299,0.01,0.006982,0.002959,0.0,0.0039,0.001585,-3.432809,-2.910855,0.46124,0.0565,0.0837,0.0272,0.0108,0.00573,0.001481,0.014,-0.0002,0.002073
1991-06-01,199106,0.0042,-0.0496,-0.0449,-0.0426,-0.0366,-0.0886,-0.0149,-0.0431,-0.0419,-0.0237,-0.0524,-0.0538,-0.0491,-0.0468,-0.0408,-0.0928,-0.0191,-0.0473,-0.0461,-0.0279,-0.0566,-3.419551,-2.950845,0.458244,0.0557,0.086,0.0303,0.0095,0.014247,0.00295,-0.0063,0.0045,0.00118,-3.469644,-2.973986,0.439967,0.0546,0.0845,0.0299,0.01,0.006982,0.002959,0.0,0.0039,0.001585
1991-07-01,199107,0.0049,0.0577,-0.0042,0.0311,0.0503,0.0475,0.0311,0.0531,0.0851,0.0399,0.0474,0.0528,-0.0091,0.0262,0.0454,0.0426,0.0262,0.0482,0.0802,0.035,0.0425,-3.459927,-3.022412,0.440357,0.0558,0.085,0.0292,0.0089,0.014836,0.001471,0.0157,0.001,0.001105,-3.419551,-2.950845,0.458244,0.0557,0.086,0.0303,0.0095,0.014247,0.00295,-0.0063,0.0045,0.00118
1991-08-01,199108,0.0046,0.0548,-0.0215,0.0186,0.0163,0.0284,0.0066,0.036,0.0295,0.0352,0.0321,0.0502,-0.0261,0.014,0.0117,0.0238,0.002,0.0314,0.0249,0.0306,0.0275,-3.475891,-3.070344,0.43764,0.0533,0.0818,0.0285,0.009,0.017331,0.002937,0.034,-0.0065,0.002038,-3.459927,-3.022412,0.440357,0.0558,0.085,0.0292,0.0089,0.014836,0.001471,0.0157,0.001,0.001105
1991-09-01,199109,0.0046,-0.0324,-0.0267,-0.0231,-0.0068,-0.0148,0.0037,-0.0316,-0.0033,0.0372,-0.0067,-0.037,-0.0313,-0.0277,-0.0114,-0.0194,-0.0009,-0.0362,-0.0079,0.0326,-0.0113,-3.45308,-3.080323,0.441532,0.0522,0.079,0.0268,0.009,0.023289,0.004392,0.0303,-0.0032,0.000475,-3.475891,-3.070344,0.43764,0.0533,0.0818,0.0285,0.009,0.017331,0.002937,0.034,-0.0065,0.002038
1991-10-01,199110,0.0042,-0.0054,-0.0199,0.0148,0.0206,0.0213,0.0193,-0.0194,0.0653,0.0125,0.0225,-0.0096,-0.0241,0.0106,0.0164,0.0171,0.0151,-0.0236,0.0611,0.0083,0.0183,-3.466827,-3.127331,0.434003,0.0499,0.0791,0.0292,0.0094,0.025509,0.001458,0.0054,-0.0011,0.001126,-3.45308,-3.080323,0.441532,0.0522,0.079,0.0268,0.009,0.023289,0.004392,0.0303,-0.0032,0.000475
1991-11-01,199111,0.0039,-0.0042,-0.0802,-0.0557,-0.0775,-0.0432,-0.0475,-0.012,-0.0253,0.019,-0.0541,-0.0081,-0.0841,-0.0596,-0.0814,-0.0471,-0.0514,-0.0159,-0.0292,0.0151,-0.058,-3.423866,-3.118913,0.460154,0.0456,0.0789,0.0333,0.0097,0.03069,0.002911,0.0082,0.0024,0.002049,-3.466827,-3.127331,0.434003,0.0499,0.0791,0.0292,0.0094,0.025509,0.001458,0.0054,-0.0011,0.001126
1991-12-01,199112,0.0038,0.1477,0.0761,0.1158,0.0215,0.0929,0.0985,0.1304,0.166,0.0501,0.1276,0.1439,0.0723,0.112,0.0177,0.0891,0.0947,0.1266,0.1622,0.0463,0.1238,-3.53162,-3.26259,0.420344,0.0407,0.073,0.0323,0.0095,0.031812,0.000726,0.0581,-0.0145,0.00205,-3.423866,-3.118913,0.460154,0.0456,0.0789,0.0333,0.0097,0.03069,0.002911,0.0082,0.0024,0.002049
1992-01-01,199201,0.0034,-0.0312,0.105,0.0231,-0.0413,0.0643,-0.0288,0.0028,-0.0544,-0.0457,0.0199,-0.0346,0.1016,0.0197,-0.0447,0.0609,-0.0322,-0.0006,-0.0578,-0.0491,0.0165,-3.50822,-3.237908,0.41323,0.038,0.0776,0.0396,0.0093,0.031941,0.00145,-0.0324,0.0151,0.000872,-3.53162,-3.26259,0.420344,0.0407,0.073,0.0323,0.0095,0.031812,0.000726,0.0581,-0.0145,0.00205
1992-02-01,199202,0.0028,0.0105,0.1236,0.022,-0.0054,0.0381,-0.0145,0.0264,-0.0274,-0.0124,0.0307,0.0077,0.1208,0.0192,-0.0082,0.0353,-0.0173,0.0236,-0.0302,-0.0152,0.0279,-3.51445,-3.242867,0.407631,0.0384,0.0777,0.0393,0.0094,0.033556,0.003621,0.0051,0.0045,0.000913,-3.50822,-3.237908,0.41323,0.038,0.0776,0.0396,0.0093,0.031941,0.00145,-0.0324,0.0151,0.000872
1992-03-01,199203,0.0034,-0.0151,0.008,-0.0116,-0.0272,-0.0507,-0.0087,-0.0136,-0.0553,-0.0053,-0.0219,-0.0185,0.0046,-0.015,-0.0306,-0.0541,-0.0121,-0.017,-0.0587,-0.0087,-0.0253,-3.489099,-3.216253,0.402106,0.0404,0.0797,0.0393,0.009,0.041901,0.005051,-0.0094,0.0021,0.00047,-3.51445,-3.242867,0.407631,0.0384,0.0777,0.0393,0.0094,0.033556,0.003621,0.0051,0.0045,0.000913
1992-04-01,199204,0.0032,0.0076,0.0795,0.0303,0.0946,-0.009,0.071,-0.0351,-0.023,0.0269,0.0062,0.0044,0.0763,0.0271,0.0914,-0.0122,0.0678,-0.0383,-0.0262,0.0237,0.003,-3.516718,-3.226213,0.387303,0.0375,0.0803,0.0428,0.0088,0.038662,0.001436,0.0016,0.0,0.001661,-3.489099,-3.216253,0.402106,0.0404,0.0797,0.0393,0.009,0.041901,0.005051,-0.0094,0.0021,0.00047
1992-05-01,199205,0.0028,0.0131,-0.0193,-0.0061,0.0315,0.001,-0.0261,0.0024,0.0111,0.0254,0.0147,0.0103,-0.0221,-0.0089,0.0287,-0.0018,-0.0289,-0.0004,0.0083,0.0226,0.0119,-3.517789,-3.209928,0.382999,0.0363,0.0781,0.0418,0.0085,0.037175,0.001434,0.0243,0.0011,0.00069,-3.516718,-3.226213,0.387303,0.0375,0.0803,0.0428,0.0088,0.038662,0.001436,0.0016,0.0,0.001661
1992-06-01,199206,0.0032,-0.0281,0.0218,-0.0325,-0.035,-0.0405,0.0149,-0.0192,-0.0478,0.0054,-0.0006,-0.0313,0.0186,-0.0357,-0.0382,-0.0437,0.0117,-0.0224,-0.051,0.0022,-0.0038,-3.500386,-3.17546,0.392042,0.0366,0.0765,0.0399,0.0083,0.043077,0.003579,0.02,-0.0044,0.000753,-3.517789,-3.209928,0.382999,0.0363,0.0781,0.0418,0.0085,0.037175,0.001434,0.0243,0.0011,0.00069
1992-07-01,199207,0.0031,0.0467,0.003,0.0291,0.0528,0.0286,0.0546,0.0383,0.0579,0.0673,0.0312,0.0436,-0.0001,0.026,0.0497,0.0255,0.0515,0.0352,0.0548,0.0642,0.0281,-3.536977,-3.194908,0.383349,0.0321,0.0726,0.0405,0.0077,0.041495,0.00214,0.0398,-0.009,0.000897,-3.500386,-3.17546,0.392042,0.0366,0.0765,0.0399,0.0083,0.043077,0.003579,0.02,-0.0044,0.000753
1992-08-01,199208,0.0026,0.0087,-0.0961,-0.0353,0.0255,-0.0438,-0.0097,-0.005,-0.0346,-0.0047,-0.0346,0.0061,-0.0987,-0.0379,0.0229,-0.0464,-0.0123,-0.0076,-0.0372,-0.0073,-0.0372,-3.510664,-3.151809,0.399405,0.0313,0.0725,0.0412,0.007,0.04305,0.002847,0.0067,0.0023,0.00037,-3.536977,-3.194908,0.383349,0.0321,0.0726,0.0405,0.0077,0.041495,0.00214,0.0398,-0.009,0.000897
1992-09-01,199209,0.0026,0.0106,0.001,0.0179,0.0013,0.0333,0.0191,0.0408,-0.0486,0.0083,0.0344,0.008,-0.0016,0.0153,-0.0013,0.0307,0.0165,0.0382,-0.0512,0.0057,0.0318,-3.51771,-3.142411,0.397657,0.0291,0.071,0.0419,0.007,0.041138,0.002839,0.0185,-0.0086,0.000872,-3.510664,-3.151809,0.399405,0.0313,0.0725,0.0412,0.007,0.04305,0.002847,0.0067,0.0023,0.00037
1992-10-01,199210,0.0023,-0.0082,-0.0002,0.0096,-0.035,0.0195,-0.0055,0.0436,0.0334,-0.0042,0.0298,-0.0105,-0.0025,0.0073,-0.0373,0.0172,-0.0078,0.0413,0.0311,-0.0065,0.0275,-3.520083,-3.1253,0.403251,0.0286,0.0741,0.0455,0.0085,0.041096,0.003539,-0.0198,0.0042,0.000944,-3.51771,-3.142411,0.397657,0.0291,0.071,0.0419,0.007,0.041138,0.002839,0.0185,-0.0086,0.000872
1992-11-01,199211,0.0023,0.0362,0.0858,0.0393,-0.0271,0.0658,0.0388,0.0708,0.0484,-0.0023,0.0611,0.0339,0.0835,0.037,-0.0294,0.0635,0.0365,0.0685,0.0461,-0.0046,0.0588,-3.550165,-3.13626,0.393626,0.0313,0.0748,0.0435,0.0086,0.037987,0.00141,0.001,0.0059,0.000508,-3.520083,-3.1253,0.403251,0.0286,0.0741,0.0455,0.0085,0.041096,0.003539,-0.0198,0.0042,0.000944
1992-12-01,199212,0.0028,0.0005,0.0335,0.0144,0.0199,0.0002,0.0564,0.0061,-0.0135,0.0271,0.038,-0.0023,0.0307,0.0116,0.0171,-0.0026,0.0536,0.0033,-0.0163,0.0243,0.0352,-3.560491,-3.127812,0.39411,0.0322,0.0726,0.0404,0.0083,0.038829,-0.000704,0.0246,-0.0018,0.000472,-3.550165,-3.13626,0.393626,0.0313,0.0748,0.0435,0.0086,0.037987,0.00141,0.001,0.0059,0.000508
1993-01-01,199301,0.0023,-0.008,0.0958,0.0016,0.0278,0.048,0.0133,0.0009,-0.0687,0.0246,0.0336,-0.0103,0.0935,-0.0007,0.0255,0.0457,0.011,-0.0014,-0.071,0.0223,0.0313,-3.564985,-3.121823,0.393048,0.03,0.0725,0.0425,0.0076,0.041754,0.004933,0.028,-0.003,0.000349,-3.560491,-3.127812,0.39411,0.0322,0.0726,0.0404,0.0083,0.038829,-0.000704,0.0246,-0.0018,0.000472
1993-02-01,199302,0.0022,-0.0214,-0.003,0.0171,0.0602,-0.0053,0.056,-0.0148,-0.0901,0.0623,0.0035,-0.0236,-0.0052,0.0149,0.058,-0.0075,0.0538,-0.017,-0.0923,0.0601,0.0013,-3.572894,-3.119408,0.38596,0.0293,0.0698,0.0405,0.0068,0.040728,0.003506,0.0354,-0.0098,0.001147,-3.564985,-3.121823,0.393048,0.03,0.0725,0.0425,0.0076,0.041754,0.004933,0.028,-0.003,0.000349
1993-03-01,199303,0.0025,0.0,0.054,0.022,0.0409,0.0225,0.0335,0.0278,0.0073,0.0176,0.038,-0.0025,0.0515,0.0195,0.0384,0.02,0.031,0.0253,0.0048,0.0151,0.0355,-3.588905,-3.125252,0.333614,0.0295,0.0702,0.0407,0.0057,0.037106,0.003494,0.0021,0.0004,0.001005,-3.572894,-3.119408,0.38596,0.0293,0.0698,0.0405,0.0068,0.040728,0.003506,0.0354,-0.0098,0.001147
1993-04-01,199304,0.0024,-0.0932,0.0244,0.0004,0.011,-0.0358,-0.0288,-0.0809,0.0129,-0.0015,-0.0328,-0.0956,0.022,-0.002,0.0086,-0.0382,-0.0312,-0.0833,0.0105,-0.0039,-0.0352,-3.561985,-3.108112,0.33435,0.0287,0.0701,0.0414,0.0068,0.039813,0.002786,0.0072,-0.002,0.001005,-3.588905,-3.125252,0.333614,0.0295,0.0702,0.0407,0.0057,0.037106,0.003494,0.0021,0.0004,0.001005
1993-05-01,199305,0.0022,0.0267,0.011,0.0234,0.0182,0.0874,0.0416,0.0587,0.036,-0.0004,0.0164,0.0245,0.0088,0.0212,0.016,0.0852,0.0394,0.0565,0.0338,-0.0026,0.0142,-3.583275,-3.139255,0.324882,0.0296,0.0701,0.0405,0.0078,0.040255,0.001389,0.0047,-0.0027,0.000817,-3.561985,-3.108112,0.33435,0.0287,0.0701,0.0414,0.0068,0.039813,0.002786,0.0072,-0.002,0.001005
1993-06-01,199306,0.0025,-0.0069,0.0345,-0.0027,-0.0111,-0.0052,0.0464,-0.0289,-0.0298,0.0319,0.023,-0.0094,0.032,-0.0052,-0.0136,-0.0077,0.0439,-0.0314,-0.0323,0.0294,0.0205,-3.582858,-3.148766,0.325931,0.0307,0.0668,0.0361,0.0074,0.041154,0.001387,0.0449,-0.0156,0.000574,-3.583275,-3.139255,0.324882,0.0296,0.0701,0.0405,0.0078,0.040255,0.001389,0.0047,-0.0027,0.000817
1993-07-01,199307,0.0024,-0.0236,0.0149,-0.0011,0.0047,-0.0384,0.0214,0.0073,-0.0598,0.0194,0.0206,-0.026,0.0125,-0.0035,0.0023,-0.0408,0.019,0.0049,-0.0622,0.017,0.0182,-3.577623,-3.124972,0.323777,0.0304,0.0656,0.0352,0.0076,0.041008,0.0,0.0191,-0.0091,0.000609,-3.582858,-3.148766,0.325931,0.0307,0.0668,0.0361,0.0074,0.041154,0.001387,0.0449,-0.0156,0.000574
1993-08-01,199308,0.0025,0.043,0.0047,0.0348,0.0428,0.0657,0.0525,0.0393,0.0303,0.037,0.0347,0.0405,0.0022,0.0323,0.0403,0.0632,0.05,0.0368,0.0278,0.0345,0.0322,-3.611582,-3.140707,0.313865,0.0302,0.0623,0.0321,0.0075,0.040193,0.00277,0.0434,-0.0147,0.000282,-3.577623,-3.124972,0.323777,0.0304,0.0656,0.0352,0.0076,0.041008,0.0,0.0191,-0.0091,0.000609
1993-09-01,199309,0.0026,-0.0184,0.01,-0.0189,0.0134,0.012,-0.0048,-0.0038,0.0084,-0.0064,0.0178,-0.021,0.0074,-0.0215,0.0108,0.0094,-0.0074,-0.0064,0.0058,-0.009,0.0152,-3.60165,-3.112873,0.322352,0.0295,0.0627,0.0332,0.0068,0.041841,0.002072,0.0005,0.0038,0.000471,-3.611582,-3.140707,0.313865,0.0302,0.0623,0.0321,0.0075,0.040193,0.00277,0.0434,-0.0147,0.000282
1993-10-01,199310,0.0022,0.0604,0.0773,0.0308,-0.0197,0.0165,0.0242,0.0459,0.0593,-0.0197,-0.0233,0.0582,0.0751,0.0286,-0.0219,0.0143,0.022,0.0437,0.0571,-0.0219,-0.0255,-3.619314,-3.108196,0.311363,0.0302,0.0623,0.0321,0.0064,0.040367,0.004135,0.0096,-0.0045,0.000314,-3.60165,-3.112873,0.322352,0.0295,0.0627,0.0332,0.0068,0.041841,0.002072,0.0005,0.0038,0.000471
1993-11-01,199311,0.0025,0.0069,0.0067,0.0134,-0.0599,-0.0023,-0.0596,0.0076,0.0098,-0.0552,-0.0283,0.0044,0.0042,0.0109,-0.0624,-0.0048,-0.0621,0.0051,0.0073,-0.0577,-0.0308,-3.604779,-3.071875,0.311079,0.031,0.0651,0.0341,0.0073,0.043838,0.000686,-0.0259,0.0071,0.000576,-3.619314,-3.108196,0.311363,0.0302,0.0623,0.0321,0.0064,0.040367,0.004135,0.0096,-0.0045,0.000314
1993-12-01,199312,0.0023,0.0147,0.0444,0.0376,0.006,0.0295,-0.0053,-0.0188,0.0232,0.0161,0.0253,0.0124,0.0421,0.0353,0.0037,0.0272,-0.0076,-0.0211,0.0209,0.0138,0.023,-3.613281,-3.059121,0.305267,0.0306,0.0654,0.0348,0.0076,0.045727,0.0,0.002,0.0047,0.00027,-3.604779,-3.071875,0.311079,0.031,0.0651,0.0341,0.0073,0.043838,0.000686,-0.0259,0.0071,0.000576
1994-01-01,199401,0.0025,-0.0041,0.0717,0.0485,0.0488,0.0462,0.0217,0.011,0.0174,-0.012,0.0436,-0.0066,0.0692,0.046,0.0463,0.0437,0.0192,0.0085,0.0149,-0.0145,0.0411,-3.641825,-3.078695,0.288059,0.0298,0.0637,0.0339,0.0073,0.043671,0.002743,0.0257,-0.0055,0.000423,-3.613281,-3.059121,0.305267,0.0306,0.0654,0.0348,0.0076,0.045727,0.0,0.002,0.0047,0.00027
1994-02-01,199402,0.0021,-0.0127,-0.0443,-0.0067,-0.0296,0.0172,-0.055,0.0188,-0.0542,-0.0498,-0.0385,-0.0148,-0.0464,-0.0088,-0.0317,0.0151,-0.0571,0.0167,-0.0563,-0.0519,-0.0406,-3.607892,-3.035932,0.299059,0.0325,0.0682,0.0357,0.0068,0.045041,0.00342,-0.045,0.0164,0.001026,-3.641825,-3.078695,0.288059,0.0298,0.0637,0.0339,0.0073,0.043671,0.002743,0.0257,-0.0055,0.000423
1994-03-01,199403,0.0027,-0.0404,-0.0648,-0.0441,-0.0358,-0.038,-0.0361,-0.0484,-0.0675,-0.0394,-0.0429,-0.0431,-0.0675,-0.0468,-0.0385,-0.0407,-0.0388,-0.0511,-0.0702,-0.0421,-0.0456,-3.55765,-2.976998,0.307484,0.035,0.0725,0.0375,0.0065,0.041905,0.003408,-0.0395,0.0012,0.000892,-3.607892,-3.035932,0.299059,0.0325,0.0682,0.0357,0.0068,0.045041,0.00342,-0.045,0.0164,0.001026
1994-04-01,199404,0.0027,0.0123,-0.0059,0.0004,0.0419,-0.0153,0.0159,0.0021,0.0225,0.0213,0.0137,0.0096,-0.0086,-0.0023,0.0392,-0.018,0.0132,-0.0006,0.0198,0.0186,0.011,-3.565763,-2.952567,0.303665,0.0368,0.0745,0.0377,0.0064,0.039847,0.001359,-0.015,0.0053,0.001374,-3.55765,-2.976998,0.307484,0.035,0.0725,0.0375,0.0065,0.041905,0.003408,-0.0395,0.0012,0.000892
1994-05-01,199405,0.0031,-0.0135,-0.0264,0.0204,0.0094,0.0209,0.0163,-0.0181,0.0431,-0.0536,0.0304,-0.0166,-0.0295,0.0173,0.0063,0.0178,0.0132,-0.0212,0.04,-0.0567,0.0273,-3.574765,-2.930258,0.297469,0.0414,0.0759,0.0345,0.0063,0.039642,0.000678,-0.0082,0.002,0.000751,-3.565763,-2.952567,0.303665,0.0368,0.0745,0.0377,0.0064,0.039847,0.001359,-0.015,0.0053,0.001374
1994-06-01,199406,0.0031,-0.019,-0.0342,-0.0261,-0.027,-0.0515,0.0062,-0.0263,-0.0342,-0.0315,-0.0261,-0.0221,-0.0373,-0.0292,-0.0301,-0.0546,0.0031,-0.0294,-0.0373,-0.0346,-0.0292,-3.544257,-2.869588,0.308417,0.0414,0.0774,0.036,0.0068,0.033997,0.00339,-0.01,0.0019,0.000797,-3.574765,-2.930258,0.297469,0.0414,0.0759,0.0345,0.0063,0.039642,0.000678,-0.0082,0.002,0.000751
1994-07-01,199407,0.0028,0.0292,0.0348,0.0459,0.0325,0.0378,0.031,0.0094,0.011,0.0519,0.027,0.0264,0.032,0.0431,0.0297,0.035,0.0282,0.0066,0.0082,0.0491,0.0242,-3.572956,-2.872786,0.296985,0.0433,0.0746,0.0313,0.0069,0.031212,0.002703,0.0363,-0.0054,0.000327,-3.544257,-2.869588,0.308417,0.0414,0.0774,0.036,0.0068,0.033997,0.00339,-0.01,0.0019,0.000797
1994-08-01,199408,0.0037,0.0605,-0.0004,0.0473,-0.001,0.0919,0.0102,0.0441,0.1087,0.0066,0.0348,0.0568,-0.0041,0.0436,-0.0047,0.0882,0.0065,0.0404,0.105,0.0029,0.0311,-3.607631,-2.882704,0.285684,0.0448,0.0761,0.0313,0.0067,0.028707,0.004043,-0.0086,0.0055,0.00056,-3.572956,-2.872786,0.296985,0.0433,0.0746,0.0313,0.0069,0.031212,0.002703,0.0363,-0.0054,0.000327
1994-09-01,199409,0.0037,-0.0032,-0.0506,-0.0165,-0.021,-0.0039,-0.0115,-0.0232,0.0171,-0.0279,-0.0421,-0.0069,-0.0543,-0.0202,-0.0247,-0.0076,-0.0152,-0.0269,0.0134,-0.0316,-0.0458,-3.578092,-2.829116,0.290905,0.0462,0.08,0.0338,0.0064,0.029004,0.002685,-0.0331,0.0066,0.000802,-3.607631,-2.882704,0.285684,0.0448,0.0761,0.0313,0.0067,0.028707,0.004043,-0.0086,0.0055,0.00056
1994-10-01,199410,0.0038,0.022,-0.0174,0.0057,0.074,0.0707,-0.0013,0.013,0.0091,0.0159,0.0006,0.0182,-0.0212,0.0019,0.0702,0.0669,-0.0051,0.0092,0.0053,0.0121,-0.0032,-3.592361,-2.810627,0.286071,0.0495,0.0809,0.0314,0.0063,0.026001,0.000669,-0.0025,-0.0025,0.001158,-3.578092,-2.829116,0.290905,0.0462,0.08,0.0338,0.0064,0.029004,0.002685,-0.0331,0.0066,0.000802
1994-11-01,199411,0.0037,-0.0167,-0.0507,-0.0534,-0.0486,-0.0209,-0.0542,-0.0342,0.0043,0.0028,-0.0518,-0.0204,-0.0544,-0.0571,-0.0523,-0.0246,-0.0579,-0.0379,0.0006,-0.0009,-0.0555,-3.545744,-2.732685,0.298993,0.0529,0.0808,0.0279,0.0064,0.022919,0.001338,0.0066,-0.0048,0.000836,-3.592361,-2.810627,0.286071,0.0495,0.0809,0.0314,0.0063,0.026001,0.000669,-0.0025,-0.0025,0.001158
1994-12-01,199412,0.0044,0.0133,0.0388,0.04,-0.0099,0.0246,0.0086,-0.027,0.0057,0.0035,0.014,0.0089,0.0344,0.0356,-0.0143,0.0202,0.0042,-0.0314,0.0013,-0.0009,0.0096,-3.551697,-2.708638,0.291568,0.056,0.0799,0.0239,0.0064,0.016596,0.0,0.0161,-0.0004,0.000705,-3.545744,-2.732685,0.298993,0.0529,0.0808,0.0279,0.0064,0.022919,0.001338,0.0066,-0.0048,0.000836
1995-01-01,199501,0.0042,0.0181,-0.0575,-0.004,0.0037,-0.008,0.0416,0.0159,0.0606,0.0622,0.0468,0.0139,-0.0617,-0.0082,-0.0005,-0.0122,0.0374,0.0117,0.0564,0.058,0.0426,-3.575684,-2.711607,0.290854,0.0571,0.078,0.0209,0.0062,0.015095,0.004008,0.0273,-0.0017,0.000289,-3.551697,-2.708638,0.291568,0.056,0.0799,0.0239,0.0064,0.016596,0.0,0.0161,-0.0004,0.000705
1995-02-01,199502,0.004,0.0294,0.0512,0.0554,0.045,0.0666,0.0151,0.0266,0.0232,0.0082,0.0486,0.0254,0.0472,0.0514,0.041,0.0626,0.0111,0.0226,0.0192,0.0042,0.0446,-3.611123,-2.726459,0.27873,0.0577,0.0758,0.0181,0.0059,0.014534,0.003992,0.0287,0.0002,0.000472,-3.575684,-2.711607,0.290854,0.0571,0.078,0.0209,0.0062,0.015095,0.004008,0.0273,-0.0017,0.000289
1995-03-01,199503,0.0046,0.0276,0.0143,0.0351,0.0528,0.0454,0.0024,0.0362,0.0277,-0.0175,0.019,0.023,0.0097,0.0305,0.0482,0.0408,-0.0022,0.0316,0.0231,-0.0221,0.0144,-3.638086,-2.73325,0.313877,0.0573,0.0755,0.0182,0.0058,0.01439,0.003313,0.0091,0.0004,0.000484,-3.611123,-2.726459,0.27873,0.0577,0.0758,0.0181,0.0059,0.014534,0.003992,0.0287,0.0002,0.000472
1995-04-01,199504,0.0044,0.019,0.0144,0.0295,0.0222,0.0823,0.0162,-0.0172,0.03,0.0238,0.0177,0.0146,0.01,0.0251,0.0178,0.0779,0.0118,-0.0216,0.0256,0.0194,0.0133,-3.66084,-2.741757,0.301995,0.0565,0.0745,0.018,0.0057,0.013013,0.003303,0.0169,0.0006,0.000257,-3.638086,-2.73325,0.313877,0.0573,0.0755,0.0182,0.0058,0.01439,0.003313,0.0091,0.0004,0.000484
1995-05-01,199505,0.0054,0.0475,0.048,0.0321,0.0408,0.0292,0.0091,0.0267,0.0163,0.0604,0.0446,0.0421,0.0426,0.0267,0.0354,0.0238,0.0037,0.0213,0.0109,0.055,0.0392,-3.691708,-2.758712,0.292264,0.0567,0.0677,0.011,0.0055,0.010745,0.001975,0.079,-0.0159,0.001011,-3.66084,-2.741757,0.301995,0.0565,0.0745,0.018,0.0057,0.013013,0.003303,0.0169,0.0006,0.000257
1995-06-01,199506,0.0047,0.0168,0.0075,0.021,-0.0307,0.097,0.0387,0.0494,0.0448,-0.0046,0.0222,0.0121,0.0028,0.0163,-0.0354,0.0923,0.034,0.0447,0.0401,-0.0093,0.0175,-3.707987,-2.761399,0.28643,0.0547,0.067,0.0123,0.006,0.008276,0.001971,0.0139,-0.006,0.000697,-3.691708,-2.758712,0.292264,0.0567,0.0677,0.011,0.0055,0.010745,0.001975,0.079,-0.0159,0.001011
1995-07-01,199507,0.0045,0.0115,0.0246,0.0363,0.0229,0.0771,0.0507,0.0357,0.0547,-0.0037,0.0475,0.007,0.0201,0.0318,0.0184,0.0726,0.0462,0.0312,0.0502,-0.0082,0.043,-3.733944,-2.785445,0.27716,0.0542,0.0691,0.0149,0.0063,0.007062,0.0,-0.0168,0.0067,0.000773,-3.707987,-2.761399,0.28643,0.0547,0.067,0.0123,0.006,0.008276,0.001971,0.0139,-0.006,0.000697
1995-08-01,199508,0.0047,0.0064,0.0079,-0.0022,-0.0158,0.0005,0.0438,-0.0271,0.0103,0.0099,0.0372,0.0017,0.0032,-0.0069,-0.0205,-0.0042,0.0391,-0.0318,0.0056,0.0052,0.0325,-3.728327,-2.777942,0.283046,0.054,0.0674,0.0134,0.0062,0.009122,0.002623,0.0236,-0.0022,0.000207,-3.733944,-2.785445,0.27716,0.0542,0.0691,0.0149,0.0063,0.007062,0.0,-0.0168,0.0067,0.000773
1995-09-01,199509,0.0043,0.0673,-0.0064,0.0222,0.0129,0.0127,0.0575,0.0289,0.0738,0.063,0.0447,0.063,-0.0107,0.0179,0.0086,0.0084,0.0532,0.0246,0.0695,0.0587,0.0404,-3.762373,-2.810125,0.272495,0.0528,0.0663,0.0135,0.0061,0.00638,0.001962,0.0175,-0.0022,0.000381,-3.728327,-2.777942,0.283046,0.054,0.0674,0.0134,0.0062,0.009122,0.002623,0.0236,-0.0022,0.000207
1995-10-01,199510,0.0047,0.0054,-0.049,-0.0265,-0.0026,0.0147,0.0015,-0.0548,0.0103,0.0148,-0.0199,0.0007,-0.0537,-0.0312,-0.0073,0.01,-0.0032,-0.0595,0.0056,0.0101,-0.0246,-3.752165,-2.81676,0.27442,0.0528,0.0641,0.0113,0.0063,0.012222,0.003264,0.0294,-0.0109,0.000488,-3.762373,-2.810125,0.272495,0.0528,0.0663,0.0135,0.0061,0.00638,0.001962,0.0175,-0.0022,0.000381
1995-11-01,199511,0.0042,0.0452,0.055,0.0642,0.0479,-0.0044,0.0279,0.0614,0.0493,0.0158,0.0611,0.041,0.0508,0.06,0.0437,-0.0086,0.0237,0.0572,0.0451,0.0116,0.0569,-3.787204,-2.868753,0.257169,0.0536,0.0623,0.0087,0.0066,0.016871,-0.000651,0.0249,-0.0007,0.000546,-3.752165,-2.81676,0.27442,0.0528,0.0641,0.0113,0.0063,0.012222,0.003264,0.0294,-0.0109,0.000488
1995-12-01,199512,0.0049,0.0151,0.0306,0.0149,0.058,-0.041,0.0412,-0.0084,0.0589,0.051,0.0105,0.0102,0.0257,0.01,0.0531,-0.0459,0.0363,-0.0133,0.054,0.0461,0.0056,-3.799335,-2.89795,0.255026,0.0514,0.0603,0.0089,0.0067,0.015527,-0.000651,0.0272,-0.0044,0.000821,-3.787204,-2.868753,0.257169,0.0536,0.0623,0.0087,0.0066,0.016871,-0.000651,0.0249,-0.0007,0.000546
1996-01-01,199601,0.0043,0.0261,0.0347,0.0331,-0.0041,0.0201,0.0228,-0.003,0.0605,0.0186,0.0348,0.0218,0.0304,0.0288,-0.0084,0.0158,0.0185,-0.0073,0.0562,0.0143,0.0305,-3.823821,-2.929262,0.241877,0.05,0.0609,0.0109,0.0066,0.016128,0.005863,-0.0011,0.0025,0.001384,-3.799335,-2.89795,0.255026,0.0514,0.0603,0.0089,0.0067,0.015527,-0.000651,0.0272,-0.0044,0.000821
1996-02-01,199602,0.0039,0.0322,0.0203,0.009,0.0102,0.0636,-0.0238,0.0441,-0.0112,-0.0267,0.0214,0.0283,0.0164,0.0051,0.0063,0.0597,-0.0277,0.0402,-0.0151,-0.0306,0.0175,-3.823178,-2.935387,0.237895,0.0483,0.0659,0.0176,0.0064,0.016801,0.003238,-0.0483,0.011,0.001268,-3.823821,-2.929262,0.241877,0.05,0.0609,0.0109,0.0066,0.016128,0.005863,-0.0011,0.0025,0.001384
1996-03-01,199603,0.0039,-0.0084,0.0434,0.0343,0.0501,-0.0333,-0.0201,0.0597,0.0021,-0.0052,0.0181,-0.0123,0.0395,0.0304,0.0462,-0.0372,-0.024,0.0558,-0.0018,-0.0091,0.0142,-3.823567,-2.942489,0.2393,0.0496,0.0684,0.0188,0.0068,0.016892,0.005165,-0.021,0.008,0.001742,-3.823178,-2.935387,0.237895,0.0483,0.0659,0.0176,0.0064,0.016801,0.003238,-0.0483,0.011,0.001268
1996-04-01,199604,0.0046,0.0017,0.036,0.0166,0.0345,0.0968,0.0288,0.0427,-0.0061,-0.0266,0.0022,-0.0029,0.0314,0.012,0.0299,0.0922,0.0242,0.0381,-0.0107,-0.0312,-0.0024,-3.832923,-2.947348,0.240076,0.0495,0.0706,0.0211,0.0069,0.021122,0.003854,-0.0165,0.0005,0.000982,-3.823567,-2.942489,0.2393,0.0496,0.0684,0.0188,0.0068,0.016892,0.005165,-0.021,0.008,0.001742
1996-05-01,199605,0.0042,0.0655,0.0224,0.0228,0.0052,0.0389,-0.0002,0.0439,0.0391,0.0132,0.015,0.0613,0.0182,0.0186,0.001,0.0347,-0.0044,0.0397,0.0349,0.009,0.0108,-3.851548,-2.961532,0.236924,0.0502,0.0717,0.0215,0.0068,0.026419,0.001919,-0.0054,0.0059,0.001125,-3.832923,-2.947348,0.240076,0.0495,0.0706,0.0211,0.0069,0.021122,0.003854,-0.0165,0.0005,0.000982
1996-06-01,199606,0.004,0.032,-0.0483,-0.0043,0.0097,-0.0475,0.0055,-0.0171,-0.0025,0.0527,-0.0024,0.028,-0.0523,-0.0083,0.0057,-0.0515,0.0015,-0.0211,-0.0065,0.0487,-0.0064,-3.849848,-2.955444,0.236444,0.0509,0.0703,0.0194,0.0069,0.027216,0.000639,0.0203,-0.0031,0.000395,-3.851548,-2.961532,0.236924,0.0502,0.0717,0.0215,0.0068,0.026419,0.001919,-0.0054,0.0059,0.001125
1996-07-01,199607,0.0045,-0.0405,-0.0454,-0.0401,-0.0463,-0.074,-0.0849,-0.0762,-0.0625,-0.0581,-0.0424,-0.045,-0.0499,-0.0446,-0.0508,-0.0785,-0.0894,-0.0807,-0.067,-0.0626,-0.0469,-3.79393,-2.898263,0.24182,0.0515,0.0707,0.0192,0.007,0.031137,0.001914,0.0018,-0.0008,0.002355,-3.849848,-2.955444,0.236444,0.0509,0.0703,0.0194,0.0069,0.027216,0.000639,0.0203,-0.0031,0.000395
1996-08-01,199608,0.0041,-0.0081,0.0301,0.0316,0.0294,0.044,-0.0132,0.0607,0.0431,0.0289,0.0391,-0.0122,0.026,0.0275,0.0253,0.0399,-0.0173,0.0566,0.039,0.0248,0.035,-3.803561,-2.906654,0.238061,0.0505,0.0726,0.0221,0.0072,0.030886,0.001911,-0.0139,0.0069,0.001122,-3.79393,-2.898263,0.24182,0.0515,0.0707,0.0192,0.007,0.031137,0.001914,0.0018,-0.0008,0.002355
1996-09-01,199609,0.0044,0.0375,0.0137,0.0614,0.0401,0.1065,0.0162,0.0368,0.0736,0.0068,0.0509,0.0331,0.0093,0.057,0.0357,0.1021,0.0118,0.0324,0.0692,0.0024,0.0465,-3.84739,-2.949266,0.227297,0.0509,0.0704,0.0195,0.0069,0.029581,0.003179,0.029,-0.0031,0.000686,-3.803561,-2.906654,0.238061,0.0505,0.0726,0.0221,0.0072,0.030886,0.001911,-0.0139,0.0069,0.001122
1996-10-01,199610,0.0042,0.0155,0.0322,0.0164,0.0596,-0.0192,-0.0031,-0.0229,-0.0085,0.0361,0.0394,0.0113,0.028,0.0122,0.0554,-0.0234,-0.0073,-0.0271,-0.0127,0.0319,0.0352,-3.867858,-2.950098,0.221748,0.0499,0.0671,0.0172,0.0068,0.025656,0.003169,0.0404,-0.0043,0.000607,-3.84739,-2.949266,0.227297,0.0509,0.0704,0.0195,0.0069,0.029581,0.003179,0.029,-0.0031,0.000686
1996-11-01,199611,0.0041,0.0516,0.0604,0.0608,0.0554,0.1193,0.0549,0.0311,0.0661,0.026,0.0745,0.0475,0.0563,0.0567,0.0513,0.1152,0.0508,0.027,0.062,0.0219,0.0704,-3.933367,-2.996552,0.205008,0.0503,0.0643,0.014,0.0069,0.022067,0.001895,0.0351,-0.0088,0.000704,-3.867858,-2.950098,0.221748,0.0499,0.0671,0.0172,0.0068,0.025656,0.003169,0.0404,-0.0043,0.000607
1996-12-01,199612,0.0046,0.005,-0.0226,-0.0036,0.0079,-0.0274,0.029,-0.0343,-0.0262,0.0013,-0.0181,0.0004,-0.0272,-0.0082,0.0033,-0.032,0.0244,-0.0389,-0.0308,-0.0033,-0.0227,-3.906356,-2.951035,0.207343,0.0491,0.0673,0.0182,0.0069,0.024126,0.0,-0.0256,0.007,0.001709,-3.933367,-2.996552,0.205008,0.0503,0.0643,0.014,0.0069,0.022067,0.001895,0.0351,-0.0088,0.000704
1997-01-01,199701,0.0045,0.0575,0.0299,0.0418,0.0435,0.093,0.0229,0.001,0.0957,0.0092,0.06,0.053,0.0254,0.0373,0.039,0.0885,0.0184,-0.0035,0.0912,0.0047,0.0555,-3.962293,-2.997634,0.19624,0.0503,0.0689,0.0186,0.0067,0.024407,0.003153,-0.0079,0.0051,0.00136,-3.906356,-2.951035,0.207343,0.0491,0.0673,0.0182,0.0069,0.024126,0.0,-0.0256,0.007,0.001709
1997-02-01,199702,0.0039,0.0415,0.0055,0.0067,-0.0574,-0.0742,0.0257,0.0316,0.0093,-0.0057,0.0257,0.0376,0.0016,0.0028,-0.0613,-0.0781,0.0218,0.0277,0.0054,-0.0096,0.0218,-3.964642,-2.990796,0.194395,0.0501,0.0694,0.0193,0.0063,0.022911,0.003143,0.0005,0.0023,0.001475,-3.962293,-2.997634,0.19624,0.0503,0.0689,0.0186,0.0067,0.024407,0.003153,-0.0079,0.0051,0.00136
1997-03-01,199703,0.0043,-0.0524,-0.0332,-0.0364,0.0523,-0.0566,-0.0783,-0.0145,-0.0748,-0.0279,-0.0582,-0.0567,-0.0375,-0.0407,0.048,-0.0609,-0.0826,-0.0188,-0.0791,-0.0322,-0.0625,-3.917546,-2.93466,0.21478,0.0514,0.0723,0.0209,0.0063,0.021149,0.002506,-0.0252,0.0031,0.002001,-3.964642,-2.990796,0.194395,0.0501,0.0694,0.0193,0.0063,0.022911,0.003143,0.0005,0.0023,0.001475
1997-04-01,199704,0.0043,0.0531,0.0381,0.0537,0.0003,0.0768,0.0249,0.0211,0.0607,-0.0139,0.051,0.0488,0.0338,0.0494,-0.004,0.0725,0.0206,0.0168,0.0564,-0.0182,0.0467,-3.972054,-2.988859,0.201741,0.0516,0.0705,0.0189,0.0061,0.016945,0.00125,0.0255,-0.0071,0.003005,-3.917546,-2.93466,0.21478,0.0514,0.0723,0.0209,0.0063,0.021149,0.002506,-0.0252,0.0031,0.002001
1997-05-01,199705,0.0049,0.0593,0.063,0.0782,0.0732,0.1018,0.0656,0.0603,0.0701,0.0363,0.0603,0.0544,0.0581,0.0733,0.0683,0.0969,0.0607,0.0554,0.0652,0.0314,0.0554,-4.02673,-3.043227,0.192879,0.0505,0.0701,0.0196,0.0062,0.013264,-0.000624,0.0097,0.0031,0.002007,-3.972054,-2.988859,0.201741,0.0516,0.0705,0.0189,0.0061,0.016945,0.00125,0.0255,-0.0071,0.003005
1997-06-01,199706,0.0037,0.0358,0.0335,0.052,0.0128,0.0143,0.0346,0.051,0.0887,0.0314,0.052,0.0321,0.0298,0.0483,0.0091,0.0106,0.0309,0.0473,0.085,0.0277,0.0483,-4.067019,-3.08321,0.184288,0.0493,0.0688,0.0195,0.0061,0.010847,0.001249,0.0195,-0.0008,0.001974,-4.02673,-3.043227,0.192879,0.0505,0.0701,0.0196,0.0062,0.013264,-0.000624,0.0097,0.0031,0.002007
1997-07-01,199707,0.0043,0.0334,0.0746,0.0718,0.0743,0.1597,0.0225,0.078,0.021,0.0283,0.0923,0.0291,0.0703,0.0675,0.07,0.1554,0.0182,0.0737,0.0167,0.024,0.088,-4.138467,-3.157692,0.171965,0.0505,0.0637,0.0132,0.0061,0.011593,0.001248,0.0626,-0.0098,0.00201,-4.067019,-3.08321,0.184288,0.0493,0.0688,0.0195,0.0061,0.010847,0.001249,0.0195,-0.0008,0.001974
1997-08-01,199708,0.0041,-0.0641,0.0123,-0.0541,0.0029,-0.0139,-0.0241,-0.0252,-0.061,-0.0116,-0.0472,-0.0682,0.0082,-0.0582,-0.0012,-0.018,-0.0282,-0.0293,-0.0651,-0.0157,-0.0513,-4.075545,-3.097791,0.185505,0.0514,0.0672,0.0158,0.006,0.012877,0.001869,-0.0317,0.0077,0.002465,-4.138467,-3.157692,0.171965,0.0505,0.0637,0.0132,0.0061,0.011593,0.001248,0.0626,-0.0098,0.00201
1997-09-01,199709,0.0044,0.0554,0.0519,0.0339,0.0625,0.0343,0.0965,0.053,0.0661,0.0462,0.08,0.051,0.0475,0.0295,0.0581,0.0299,0.0921,0.0486,0.0617,0.0418,0.0756,-4.123587,-3.148842,0.177968,0.0495,0.0649,0.0154,0.0055,0.014634,0.002488,0.0316,-0.009,0.002626,-4.075545,-3.097791,0.185505,0.0514,0.0672,0.0158,0.006,0.012877,0.001869,-0.0317,0.0077,0.002465
1997-10-01,199710,0.0042,-0.0315,-0.0337,-0.0584,-0.0202,-0.0828,0.0288,-0.0197,0.0009,0.0089,-0.028,-0.0357,-0.0379,-0.0626,-0.0244,-0.087,0.0246,-0.0239,-0.0033,0.0047,-0.0322,-4.084942,-3.12133,0.190001,0.0497,0.0623,0.0126,0.0057,0.016263,0.002481,0.0341,-0.015,0.009364,-4.123587,-3.148842,0.177968,0.0495,0.0649,0.0154,0.0055,0.014634,0.002488,0.0316,-0.009,0.002626
1997-11-01,199711,0.0039,0.0646,-0.0142,0.0422,-0.0348,0.0144,0.1068,0.0531,0.0277,0.0718,0.0293,0.0607,-0.0181,0.0383,-0.0387,0.0105,0.1029,0.0492,0.0238,0.0679,0.0254,-4.125017,-3.172584,0.180746,0.0514,0.0614,0.01,0.0055,0.015667,-0.000619,0.0148,-0.0047,0.002662,-4.084942,-3.12133,0.190001,0.0497,0.0623,0.0126,0.0057,0.016263,0.002481,0.0341,-0.015,0.009364
1997-12-01,199712,0.0048,0.0377,0.0363,-0.0028,-0.0146,-0.0422,0.0416,-0.0015,0.0352,0.0801,0.0519,0.0329,0.0315,-0.0076,-0.0194,-0.047,0.0368,-0.0063,0.0304,0.0753,0.0471,-4.137093,-3.195884,0.178801,0.0516,0.0602,0.0086,0.0056,0.015559,-0.001238,0.0184,-0.0021,0.002249,-4.125017,-3.172584,0.180746,0.0514,0.0614,0.01,0.0055,0.015667,-0.000619,0.0148,-0.0047,0.002662
1998-01-01,199801,0.0043,-0.0273,0.0049,0.0069,-0.0566,0.0525,0.0509,0.009,0.0566,-0.0438,-0.0196,-0.0316,0.0006,0.0026,-0.0609,0.0482,0.0466,0.0047,0.0523,-0.0481,-0.0239,-4.144099,-3.207495,0.17884,0.0504,0.0589,0.0085,0.0058,0.01374,0.00186,0.02,-0.0063,0.002469,-4.137093,-3.195884,0.178801,0.0516,0.0602,0.0086,0.0056,0.015559,-0.001238,0.0184,-0.0021,0.002249
1998-02-01,199802,0.0039,0.0496,0.1229,0.0709,0.0679,0.1034,0.0241,0.1038,0.0553,0.0264,0.082,0.0457,0.119,0.067,0.064,0.0995,0.0202,0.0999,0.0514,0.0225,0.0781,-4.209095,-3.277088,0.165463,0.0509,0.0599,0.009,0.0058,0.012056,0.001856,-0.0072,0.0065,0.001053,-4.144099,-3.207495,0.17884,0.0504,0.0589,0.0085,0.0058,0.01374,0.00186,0.02,-0.0063,0.002469
1998-03-01,199803,0.0039,0.0588,0.0618,0.0481,0.048,0.0131,0.1009,0.0679,0.0358,0.067,0.059,0.0549,0.0579,0.0442,0.0441,0.0092,0.097,0.064,0.0319,0.0631,0.0551,-4.254759,-3.327342,0.18114,0.0503,0.0602,0.0099,0.006,0.016489,0.001853,0.0025,0.0013,0.001137,-4.209095,-3.277088,0.165463,0.0509,0.0599,0.009,0.0058,0.012056,0.001856,-0.0072,0.0065,0.001053
1998-04-01,199804,0.0043,-0.0324,0.018,0.0122,0.0374,0.0518,-0.0321,-0.0063,0.0191,-0.0249,0.0201,-0.0367,0.0137,0.0079,0.0331,0.0475,-0.0364,-0.0106,0.0148,-0.0292,0.0158,-4.257231,-3.341195,0.175873,0.0495,0.0604,0.0109,0.0064,0.016405,0.00185,0.0026,0.0027,0.001615,-4.254759,-3.327342,0.18114,0.0503,0.0602,0.0099,0.006,0.016489,0.001853,0.0025,0.0013,0.001137
1998-05-01,199805,0.004,0.011,0.0615,-0.0249,-0.0427,-0.0704,-0.0182,0.0212,-0.025,-0.0109,-0.0308,0.007,0.0575,-0.0289,-0.0467,-0.0744,-0.0222,0.0172,-0.029,-0.0149,-0.0348,-4.231705,-3.327029,0.179102,0.05,0.0592,0.0092,0.0061,0.019075,0.001846,0.0182,-0.0015,0.000959,-4.257231,-3.341195,0.175873,0.0495,0.0604,0.0109,0.0064,0.016405,0.00185,0.0026,0.0027,0.001615
1998-06-01,199806,0.0041,0.0414,0.0112,-0.0074,-0.0124,0.0874,0.0293,0.0526,0.062,0.03,0.0311,0.0373,0.0071,-0.0115,-0.0165,0.0833,0.0252,0.0485,0.0579,0.0259,0.027,-4.263907,-3.370573,0.178061,0.0498,0.0576,0.0078,0.006,0.024011,0.001229,0.0228,-0.0113,0.002097,-4.231705,-3.327029,0.179102,0.05,0.0592,0.0092,0.0061,0.019075,0.001846,0.0182,-0.0015,0.000959
1998-07-01,199807,0.004,-0.0414,-0.0104,-0.0576,-0.0649,0.0052,0.0382,-0.0292,-0.0026,-0.0541,-0.0173,-0.0454,-0.0144,-0.0616,-0.0689,0.0012,0.0342,-0.0332,-0.0066,-0.0581,-0.0213,-4.248198,-3.366446,0.179438,0.0496,0.0584,0.0088,0.006,0.025354,0.001227,-0.004,-0.0016,0.002228,-4.263907,-3.370573,0.178061,0.0498,0.0576,0.0078,0.006,0.024011,0.001229,0.0228,-0.0113,0.002097
1998-08-01,199808,0.0043,-0.131,-0.1896,-0.1431,-0.1039,-0.1768,-0.1236,-0.142,-0.1237,0.0196,-0.2143,-0.1353,-0.1939,-0.1474,-0.1082,-0.1811,-0.1279,-0.1463,-0.128,0.0153,-0.2186,-4.086603,-3.216473,0.211432,0.049,0.0547,0.0057,0.0062,0.028519,0.001225,0.0465,-0.0376,0.009334,-4.248198,-3.366446,0.179438,0.0496,0.0584,0.0088,0.006,0.025354,0.001227,-0.004,-0.0016,0.002228
1998-09-01,199809,0.0046,0.0126,0.008,0.0066,0.1295,0.1515,0.1027,0.0148,0.1209,0.0817,0.03,0.008,0.0034,0.002,0.1249,0.1469,0.0981,0.0102,0.1163,0.0771,0.0254,-4.143136,-3.28467,0.203248,0.0461,0.0517,0.0056,0.0069,0.024083,0.001224,0.0395,0.0018,0.009971,-4.086603,-3.216473,0.211432,0.049,0.0547,0.0057,0.0062,0.028519,0.001225,0.0465,-0.0376,0.009334
1998-10-01,199810,0.0032,0.1099,0.1063,0.1127,0.0116,0.0621,0.0674,0.1069,0.0383,-0.0177,0.0834,0.1067,0.1031,0.1095,0.0084,0.0589,0.0642,0.1037,0.0351,-0.0209,0.0802,-4.219296,-3.365235,0.185519,0.0396,0.054,0.0144,0.0081,0.02074,0.002445,-0.0218,0.0028,0.005172,-4.143136,-3.28467,0.203248,0.0461,0.0517,0.0056,0.0069,0.024083,0.001224,0.0395,0.0018,0.009971
1998-11-01,199811,0.0031,0.0641,0.0524,0.0352,0.0061,0.1166,0.0366,0.0946,0.0619,0.0133,0.0605,0.061,0.0493,0.0321,0.003,0.1135,0.0335,0.0915,0.0588,0.0102,0.0574,-4.275668,-3.426021,0.174847,0.0441,0.0535,0.0094,0.0093,0.022004,0.0,0.0097,0.0173,0.001937,-4.219296,-3.365235,0.185519,0.0396,0.054,0.0144,0.0081,0.02074,0.002445,-0.0218,0.0028,0.005172
1998-12-01,199812,0.0038,0.0033,0.0374,0.0239,-0.0124,0.1515,0.1439,0.0922,0.0494,0.0286,0.0339,-0.0005,0.0336,0.0201,-0.0162,0.1477,0.1401,0.0884,0.0456,0.0248,0.0301,-4.329441,-3.484218,0.173611,0.0439,0.0542,0.0103,0.0101,0.020057,-0.00061,-0.0032,0.0042,0.003287,-4.275668,-3.426021,0.174847,0.0441,0.0535,0.0094,0.0093,0.022004,0.0,0.0097,0.0173,0.001937
1999-01-01,199901,0.0035,-0.0347,0.049,0.0059,-0.0497,0.1507,0.0913,0.0218,0.0028,-0.0625,0.0097,-0.0382,0.0455,0.0024,-0.0532,0.1472,0.0878,0.0183,-0.0007,-0.066,0.0062,-4.364417,-3.518504,0.170321,0.0434,0.0536,0.0102,0.0105,0.015588,0.002441,0.0121,0.0002,0.003336,-4.329441,-3.484218,0.173611,0.0439,0.0542,0.0103,0.0101,0.020057,-0.00061,-0.0032,0.0042,0.003287
1999-02-01,199902,0.0035,-0.0399,-0.045,-0.0213,-0.0326,-0.1157,-0.0289,-0.0134,0.0017,-0.0363,0.0001,-0.0434,-0.0485,-0.0248,-0.0361,-0.1192,-0.0324,-0.0169,-0.0018,-0.0398,-0.0034,-4.326415,-3.479818,0.171277,0.0444,0.0587,0.0143,0.0099,0.018447,0.001217,-0.052,0.0119,0.003482,-4.364417,-3.518504,0.170321,0.0434,0.0536,0.0102,0.0105,0.015588,0.002441,0.0121,0.0002,0.003336
1999-03-01,199903,0.0043,-0.0203,-0.0037,0.0486,0.1528,0.0847,-0.0068,0.027,0.0251,-0.0164,0.0242,-0.0246,-0.008,0.0443,0.1485,0.0804,-0.0111,0.0227,0.0208,-0.0207,0.0199,-4.359315,-3.512043,0.172897,0.0444,0.0592,0.0148,0.0091,0.020668,0.00304,-0.0008,0.001,0.003214,-4.326415,-3.479818,0.171277,0.0444,0.0587,0.0143,0.0099,0.018447,0.001217,-0.052,0.0119,0.003482
1999-04-01,199904,0.0037,0.0391,0.0941,0.0945,0.1577,0.0226,0.0775,0.0038,-0.0553,0.0735,0.0671,0.0354,0.0904,0.0908,0.154,0.0189,0.0738,0.0001,-0.059,0.0698,0.0634,-4.396577,-3.526615,0.156826,0.0429,0.0594,0.0165,0.0084,0.025181,0.007273,0.0021,-0.0045,0.002727,-4.359315,-3.512043,0.172897,0.0444,0.0592,0.0148,0.0091,0.020668,0.00304,-0.0008,0.001,0.003214
1999-05-01,199905,0.0034,0.0137,-0.0447,-0.033,-0.031,-0.0083,0.0066,-0.0298,-0.0203,0.0673,-0.0389,0.0103,-0.0481,-0.0364,-0.0344,-0.0117,0.0032,-0.0332,-0.0237,0.0639,-0.0423,-4.37131,-3.479161,0.160231,0.045,0.0615,0.0165,0.0079,0.025897,0.0,-0.0185,0.0009,0.003086,-4.396577,-3.526615,0.156826,0.0429,0.0594,0.0165,0.0084,0.025181,0.007273,0.0021,-0.0045,0.002727
1999-06-01,199906,0.004,0.0026,0.0093,0.0451,-0.0148,0.1156,0.0588,0.0807,0.0443,-0.0449,0.0305,-0.0014,0.0053,0.0411,-0.0188,0.1116,0.0548,0.0767,0.0403,-0.0489,0.0265,-4.424338,-3.510482,0.154227,0.0457,0.0627,0.017,0.0079,0.018869,0.0,-0.0078,-0.0082,0.002409,-4.37131,-3.479161,0.160231,0.045,0.0615,0.0165,0.0079,0.025897,0.0,-0.0185,0.0009,0.003086
1999-07-01,199907,0.0038,-0.0244,-0.0603,-0.0116,0.0164,-0.0173,-0.0172,-0.05,-0.044,-0.0058,-0.0594,-0.0282,-0.0641,-0.0154,0.0126,-0.0211,-0.021,-0.0538,-0.0478,-0.0096,-0.0632,-4.387864,-3.454302,0.158796,0.0455,0.0639,0.0184,0.0076,0.01937,0.003008,-0.0077,-0.0036,0.001611,-4.424338,-3.510482,0.154227,0.0457,0.0627,0.017,0.0079,0.018869,0.0,-0.0078,-0.0082,0.002409
1999-08-01,199908,0.0039,-0.0459,0.006,-0.0052,0.0192,0.0546,-0.0825,-0.0596,0.0376,0.0058,-0.0504,-0.0498,0.0021,-0.0091,0.0153,0.0507,-0.0864,-0.0635,0.0337,0.0019,-0.0543,-4.377701,-3.424963,0.156243,0.0472,0.0649,0.0177,0.0075,0.018881,0.0024,-0.0053,0.0027,0.00273,-4.387864,-3.454302,0.158796,0.0455,0.0639,0.0184,0.0076,0.01937,0.003008,-0.0077,-0.0036,0.001611
1999-09-01,199909,0.0039,-0.0691,-0.0837,-0.0315,-0.0396,-0.001,0.0465,0.0127,-0.0707,-0.0428,-0.0455,-0.073,-0.0876,-0.0354,-0.0435,-0.0049,0.0426,0.0088,-0.0746,-0.0467,-0.0494,-4.344861,-3.37345,0.163684,0.0468,0.0646,0.0178,0.0081,0.02038,0.004788,0.0084,0.0009,0.002705,-4.377701,-3.424963,0.156243,0.0472,0.0649,0.0177,0.0075,0.018881,0.0024,-0.0053,0.0027,0.00273
1999-10-01,199910,0.0039,0.066,0.046,0.0571,-0.0157,0.0301,0.083,0.0321,0.1073,0.0216,0.1143,0.0621,0.0421,0.0532,-0.0196,0.0262,0.0791,0.0282,0.1034,0.0177,0.1104,-4.404501,-3.402688,0.157691,0.0486,0.0651,0.0165,0.0083,0.020445,0.001787,-0.0012,0.0059,0.004876,-4.344861,-3.37345,0.163684,0.0468,0.0646,0.0178,0.0081,0.02038,0.004788,0.0084,0.0009,0.002705
1999-11-01,199911,0.0036,-0.011,-0.022,-0.0098,0.0381,0.1275,0.0461,0.0415,0.0152,-0.0736,-0.0249,-0.0146,-0.0256,-0.0134,0.0345,0.1239,0.0425,0.0379,0.0116,-0.0772,-0.0285,-4.422364,-3.391104,0.155546,0.0507,0.0662,0.0155,0.0079,0.01828,0.000595,-0.0061,0.0037,0.001354,-4.404501,-3.402688,0.157691,0.0486,0.0651,0.0165,0.0083,0.020445,0.001787,-0.0012,0.0059,0.004876
1999-12-01,199912,0.0044,-0.0264,0.0275,0.1028,0.0063,0.2075,0.0453,0.0676,-0.0562,-0.0237,0.014,-0.0308,0.0231,0.0984,0.0019,0.2031,0.0409,0.0632,-0.0606,-0.0281,0.0096,-4.477578,-3.417771,0.147167,0.052,0.0682,0.0162,0.0064,0.017889,0.0,-0.0155,0.0053,0.001149,-4.422364,-3.391104,0.155546,0.0507,0.0662,0.0155,0.0079,0.01828,0.000595,-0.0061,0.0037,0.001354
2000-01-01,200001,0.0041,-0.0472,-0.0133,-0.0866,0.0128,-0.0521,-0.0385,-0.1101,0.0763,0.0554,-0.0475,-0.0513,-0.0174,-0.0907,0.0087,-0.0562,-0.0426,-0.1142,0.0722,0.0513,-0.0516,-4.423936,-3.346471,0.154654,0.0532,0.0666,0.0134,0.0055,0.025359,0.002971,0.0228,-0.0249,0.005206,-4.477578,-3.417771,0.147167,0.052,0.0682,0.0162,0.0064,0.017889,0.0,-0.0155,0.0053,0.001149
2000-02-01,200002,0.0043,-0.0627,-0.0881,-0.0374,-0.056,0.1804,-0.0369,-0.0395,-0.0251,-0.0707,-0.0738,-0.067,-0.0924,-0.0417,-0.0603,0.1761,-0.0412,-0.0438,-0.0294,-0.075,-0.0781,-4.402228,-3.30746,0.167056,0.0555,0.0646,0.0091,0.0061,0.027419,0.005924,0.0264,-0.0172,0.003,-4.423936,-3.346471,0.154654,0.0532,0.0666,0.0134,0.0055,0.025359,0.002971,0.0228,-0.0249,0.005206
2000-03-01,200003,0.0047,0.0743,0.1089,0.0752,0.1192,0.0409,0.0827,0.1339,-0.0003,0.0589,0.1436,0.0696,0.1042,0.0705,0.1145,0.0362,0.078,0.1292,-0.005,0.0542,0.1389,-4.493159,-3.381429,0.149974,0.0569,0.0618,0.0049,0.0069,0.018291,0.008245,0.0367,-0.0198,0.006678,-4.402228,-3.30746,0.167056,0.0555,0.0646,0.0091,0.0061,0.027419,0.005924,0.0264,-0.0172,0.003
2000-04-01,200004,0.0046,-0.0196,0.0869,0.0146,-0.0231,-0.1055,-0.0833,-0.0448,0.0504,0.0742,-0.0283,-0.0242,0.0823,0.01,-0.0277,-0.1101,-0.0879,-0.0494,0.0458,0.0696,-0.0329,-4.463033,-3.343822,0.1526,0.0566,0.063,0.0064,0.0076,0.011945,0.000584,-0.0076,-0.0039,0.007942,-4.493159,-3.381429,0.149974,0.0569,0.0618,0.0049,0.0069,0.018291,0.008245,0.0367,-0.0198,0.006678
2000-05-01,200005,0.005,0.071,-0.1231,-0.0172,0.0939,-0.1085,-0.0997,-0.0283,0.0372,0.0396,0.0335,0.066,-0.1281,-0.0222,0.0889,-0.1135,-0.1047,-0.0333,0.0322,0.0346,0.0285,-4.44203,-3.315378,0.155669,0.0579,0.064,0.0061,0.0091,0.009179,0.001168,-0.0054,-0.0107,0.005185,-4.463033,-3.343822,0.1526,0.0566,0.063,0.0064,0.0076,0.011945,0.000584,-0.0076,-0.0039,0.007942
2000-06-01,200006,0.004,0.0218,-0.0899,-0.0128,-0.0505,0.1263,0.0399,-0.0221,0.1099,-0.0468,-0.0313,0.0178,-0.0939,-0.0168,-0.0545,0.1223,0.0359,-0.0261,0.1059,-0.0508,-0.0353,-4.466838,-3.332782,0.156778,0.0569,0.0622,0.0053,0.0081,0.007124,0.005248,0.0244,0.0082,0.00236,-4.44203,-3.315378,0.155669,0.0579,0.064,0.0061,0.0091,0.009179,0.001168,-0.0054,-0.0107,0.005185
2000-07-01,200007,0.0048,0.0072,0.0473,-0.0145,-0.0268,-0.0515,-0.0674,-0.0122,-0.0651,0.0387,0.0536,0.0024,0.0425,-0.0193,-0.0316,-0.0563,-0.0722,-0.017,-0.0699,0.0339,0.0488,-4.457511,-3.304943,0.155674,0.0596,0.0611,0.0015,0.007,0.004712,0.00232,0.0173,0.0006,0.002065,-4.466838,-3.332782,0.156778,0.0569,0.0622,0.0053,0.0081,0.007124,0.005248,0.0244,0.0082,0.00236
2000-08-01,200008,0.005,-0.0208,0.0544,0.0741,0.0875,0.1268,-0.0149,-0.024,0.035,0.1166,0.0924,-0.0258,0.0494,0.0691,0.0825,0.1218,-0.0199,-0.029,0.03,0.1116,0.0874,-4.52364,-3.352636,0.146053,0.0609,0.0594,-0.0015,0.0071,0.004675,0.0,0.024,-0.0105,0.001039,-4.457511,-3.304943,0.155674,0.0596,0.0611,0.0015,0.007,0.004712,0.00232,0.0173,0.0006,0.002065
2000-09-01,200009,0.0051,0.0373,-0.0416,-0.057,0.0456,-0.1473,-0.0445,0.0266,0.0367,0.088,0.0025,0.0322,-0.0467,-0.0621,0.0405,-0.1524,-0.0496,0.0215,0.0316,0.0829,-0.0026,-4.475927,-3.286559,0.153789,0.06,0.0612,0.0012,0.0073,0.004469,0.005208,-0.0157,0.0203,0.0016,-4.52364,-3.352636,0.146053,0.0609,0.0594,-0.0015,0.0071,0.004675,0.0,0.024,-0.0105,0.001039
2000-10-01,200010,0.0056,0.0748,0.0255,0.034,-0.0281,-0.0747,-0.0017,-0.0175,0.0206,-0.0167,-0.0129,0.0692,0.0199,0.0284,-0.0337,-0.0803,-0.0073,-0.0231,0.015,-0.0223,-0.0185,-4.472517,-3.304832,0.149301,0.0611,0.06,-0.0011,0.0079,0.003744,0.001727,0.0187,-0.0142,0.005568,-4.475927,-3.286559,0.153789,0.06,0.0612,0.0012,0.0073,0.004469,0.005208,-0.0157,0.0203,0.0016
2000-11-01,200011,0.0051,0.027,-0.1114,-0.0308,-0.0252,-0.232,-0.1653,-0.0104,0.0075,0.0296,-0.0598,0.0219,-0.1165,-0.0359,-0.0303,-0.2371,-0.1704,-0.0155,0.0024,0.0245,-0.0649,-4.390614,-3.245164,0.157281,0.0617,0.0576,-0.0041,0.0083,0.001157,0.000575,0.0319,-0.0056,0.003272,-4.472517,-3.304832,0.149301,0.0611,0.06,-0.0011,0.0079,0.003744,0.001727,0.0187,-0.0142,0.005568
2000-12-01,200012,0.005,0.0544,0.0008,0.0697,0.075,-0.0799,-0.0427,0.0567,0.0349,0.0647,0.0647,0.0494,-0.0042,0.0647,0.07,-0.0849,-0.0477,0.0517,0.0299,0.0597,0.0597,-4.396215,-3.273576,0.151852,0.0577,0.0558,-0.0019,0.0081,-0.002262,-0.000574,0.0243,0.0027,0.005299,-4.390614,-3.245164,0.157281,0.0617,0.0576,-0.0041,0.0083,0.001157,0.000575,0.0319,-0.0056,0.003272
2001-01-01,200101,0.0054,-0.0218,0.1305,-0.0098,-0.0343,0.1618,0.155,0.0641,-0.0851,-0.1023,0.0063,-0.0272,0.1251,-0.0152,-0.0397,0.1564,0.1496,0.0587,-0.0905,-0.1077,0.0009,-4.436389,-3.338498,0.15045,0.0515,0.0562,0.0047,0.0078,-0.003193,0.006322,0.0005,0.0354,0.004941,-4.396215,-3.273576,0.151852,0.0577,0.0558,-0.0019,0.0081,-0.002262,-0.000574,0.0243,0.0027,0.005299
2001-02-01,200102,0.0038,0.0014,-0.0125,-0.0379,-0.0003,-0.2607,-0.103,-0.0533,-0.0054,0.0618,-0.0425,-0.0024,-0.0163,-0.0417,-0.0041,-0.2645,-0.1068,-0.0571,-0.0092,0.058,-0.0463,-4.345719,-3.273522,0.15607,0.0488,0.0549,0.0061,0.0077,-0.006856,0.003998,0.0191,-0.0064,0.002528,-4.436389,-3.338498,0.15045,0.0515,0.0562,0.0047,0.0078,-0.003193,0.006322,0.0005,0.0354,0.004941
2001-03-01,200103,0.0042,-0.0478,-0.0333,-0.0605,-0.001,-0.1389,-0.06,-0.0287,-0.0859,0.0105,-0.045,-0.052,-0.0375,-0.0647,-0.0052,-0.1431,-0.0642,-0.0329,-0.0901,0.0063,-0.0492,-4.28556,-3.240067,0.133114,0.0442,0.0559,0.0117,0.0086,-0.005213,0.002275,-0.0074,0.0045,0.00714,-4.345719,-3.273522,0.15607,0.0488,0.0549,0.0061,0.0077,-0.006856,0.003998,0.0191,-0.0064,0.002528
2001-04-01,200104,0.0039,0.0092,0.087,0.0755,0.1002,0.1801,0.0401,0.056,0.0425,0.0541,0.0608,0.0053,0.0831,0.0716,0.0963,0.1762,0.0362,0.0521,0.0386,0.0502,0.0569,-4.365574,-3.37963,0.122497,0.0387,0.0593,0.0206,0.0087,-0.002543,0.003973,-0.0313,0.0185,0.007426,-4.28556,-3.240067,0.133114,0.0442,0.0559,0.0117,0.0086,-0.005213,0.002275,-0.0074,0.0045,0.00714
2001-05-01,200105,0.0032,0.034,-0.0156,0.0215,0.001,-0.032,-0.0163,0.0161,0.0277,0.0047,0.0364,0.0308,-0.0188,0.0183,-0.0022,-0.0352,-0.0195,0.0129,0.0245,0.0015,0.0332,-4.376695,-3.454865,0.12051,0.0362,0.0594,0.0232,0.0078,-0.000248,0.004522,0.0037,0.0095,0.002536,-4.365574,-3.37963,0.122497,0.0387,0.0593,0.0206,0.0087,-0.002543,0.003973,-0.0313,0.0185,0.007426
2001-06-01,200106,0.0028,-0.0152,0.0379,-0.0465,-0.0746,0.0141,-0.0268,-0.0258,-0.0298,-0.0615,-0.0009,-0.018,0.0351,-0.0493,-0.0774,0.0113,-0.0296,-0.0286,-0.0326,-0.0643,-0.0037,-4.357454,-3.504996,0.125209,0.0349,0.059,0.0241,0.0079,0.005041,0.001688,0.0085,-0.003,0.001508,-4.376695,-3.454865,0.12051,0.0362,0.0594,0.0232,0.0078,-0.000248,0.004522,0.0037,0.0095,0.002536
2001-07-01,200107,0.003,-0.0054,0.0326,0.0053,-0.0223,-0.0757,-0.0096,0.0455,0.0228,-0.0384,-0.0217,-0.0084,0.0296,0.0023,-0.0253,-0.0787,-0.0126,0.0425,0.0198,-0.0414,-0.0247,-4.345561,-3.57411,0.124967,0.0351,0.0561,0.021,0.0084,0.007914,-0.002809,0.0376,-0.0015,0.0029,-4.357454,-3.504996,0.125209,0.0349,0.059,0.0241,0.0079,0.005041,0.001688,0.0085,-0.003,0.001508
2001-08-01,200108,0.0031,0.0199,-0.1005,-0.0218,-0.035,-0.1263,-0.0864,-0.0692,-0.031,0.0053,-0.052,0.0168,-0.1036,-0.0249,-0.0381,-0.1294,-0.0895,-0.0723,-0.0341,0.0022,-0.0551,-4.278245,-3.59475,0.132164,0.0336,0.0546,0.021,0.0083,0.009918,0.0,0.0206,-0.005,0.002222,-4.345561,-3.57411,0.124967,0.0351,0.0561,0.021,0.0084,0.007914,-0.002809,0.0376,-0.0015,0.0029
2001-09-01,200109,0.0028,-0.0352,-0.1727,-0.127,-0.0618,-0.19,-0.0235,-0.0951,-0.0063,-0.066,-0.0787,-0.038,-0.1755,-0.1298,-0.0646,-0.1928,-0.0263,-0.0979,-0.0091,-0.0688,-0.0815,-4.191928,-3.604664,0.148629,0.0264,0.0542,0.0278,0.0086,0.008653,0.004507,0.0081,-0.0233,0.007168,-4.278245,-3.59475,0.132164,0.0336,0.0546,0.021,0.0083,0.009918,0.0,0.0206,-0.005,0.002222
2001-10-01,200110,0.0022,0.0128,0.0107,0.0394,0.0514,0.157,-0.0957,0.0157,0.0126,0.0176,-0.0098,0.0106,0.0085,0.0372,0.0492,0.1548,-0.0979,0.0135,0.0104,0.0154,-0.012,-4.209781,-3.66616,0.144901,0.0216,0.0506,0.029,0.0088,0.010749,-0.003365,0.0464,-0.0027,0.00325,-4.191928,-3.604664,0.148629,0.0264,0.0542,0.0278,0.0086,0.008653,0.004507,0.0081,-0.0233,0.007168
2001-11-01,200111,0.0017,0.0258,0.1501,0.0846,-0.0421,0.1589,0.0585,0.0981,0.0502,-0.0143,0.072,0.0241,0.1484,0.0829,-0.0438,0.1572,0.0568,0.0964,0.0485,-0.016,0.0703,-4.28218,-3.784187,0.133481,0.0187,0.0553,0.0366,0.0084,0.011162,-0.001688,-0.0471,0.0283,0.002189,-4.209781,-3.66616,0.144901,0.0216,0.0506,0.029,0.0088,0.010749,-0.003365,0.0464,-0.0027,0.00325
2001-12-01,200112,0.0015,0.0189,-0.0084,0.0264,0.0597,-0.0063,0.026,0.0434,-0.0282,0.0404,0.0368,0.0174,-0.0099,0.0249,0.0582,-0.0078,0.0245,0.0419,-0.0297,0.0389,0.0353,-4.289641,-3.839448,0.131218,0.0169,0.0575,0.0406,0.0128,0.013465,-0.003946,-0.0183,0.0093,0.001798,-4.28218,-3.784187,0.133481,0.0187,0.0553,0.0366,0.0084,0.011162,-0.001688,-0.0471,0.0283,0.002189
2002-01-01,200201,0.0014,0.0087,0.0285,0.0156,-0.0287,-0.0052,-0.0715,0.0261,-0.0241,-0.0433,-0.0156,0.0073,0.0271,0.0142,-0.0301,-0.0066,-0.0729,0.0247,-0.0255,-0.0447,-0.017,-4.274156,-3.823617,0.132561,0.0165,0.0569,0.0404,0.0132,0.011191,0.002264,0.0138,0.0037,0.002184,-4.289641,-3.839448,0.131218,0.0169,0.0575,0.0406,0.0128,0.013465,-0.003946,-0.0183,0.0093,0.001798
2002-02-01,200202,0.0013,0.0424,0.0327,0.0436,0.0556,-0.1315,-0.0275,-0.0015,-0.0045,-0.0036,-0.0025,0.0411,0.0314,0.0423,0.0543,-0.1328,-0.0288,-0.0028,-0.0058,-0.0049,-0.0038,-4.253383,-3.802497,0.130119,0.0172,0.0563,0.0391,0.0138,0.012499,0.003953,0.0115,0.0015,0.002568,-4.274156,-3.823617,0.132561,0.0165,0.0569,0.0404,0.0132,0.011191,0.002264,0.0138,0.0037,0.002184
2002-03-01,200203,0.0013,0.038,0.0689,0.0493,0.0769,0.065,0.0036,0.0209,0.0054,0.1029,0.0524,0.0367,0.0676,0.048,0.0756,0.0637,0.0023,0.0196,0.0041,0.1016,0.0511,-4.289675,-3.838442,0.236833,0.0179,0.0604,0.0425,0.013,0.013759,0.005624,-0.0436,0.0141,0.002015,-4.253383,-3.802497,0.130119,0.0172,0.0563,0.0391,0.0138,0.012499,0.003953,0.0115,0.0015,0.002568
2002-04-01,200204,0.0015,0.0212,0.0193,-0.0151,-0.0455,-0.119,-0.1276,-0.0162,-0.0755,-0.0042,-0.0275,0.0197,0.0178,-0.0166,-0.047,-0.1205,-0.1291,-0.0177,-0.077,-0.0057,-0.029,-4.219764,-3.747899,0.247732,0.0171,0.0575,0.0404,0.0127,0.015107,0.005593,0.041,-0.0157,0.00232,-4.289675,-3.838442,0.236833,0.0179,0.0604,0.0425,0.013,0.013759,0.005624,-0.0436,0.0141,0.002015
2002-05-01,200205,0.0014,0.0127,-0.0043,-0.0026,-0.0074,-0.0359,0.03,-0.0144,-0.0228,-0.0692,-0.0053,0.0113,-0.0057,-0.004,-0.0088,-0.0373,0.0286,-0.0158,-0.0242,-0.0706,-0.0067,-4.204157,-3.712336,0.248256,0.0173,0.0578,0.0405,0.0134,0.022277,0.0,0.0015,0.0098,0.004102,-4.219764,-3.747899,0.247732,0.0171,0.0575,0.0404,0.0127,0.015107,0.005593,0.041,-0.0157,0.00232
2002-06-01,200206,0.0013,-0.0605,-0.0816,-0.0298,0.0001,-0.1215,-0.144,-0.051,-0.0953,-0.0581,-0.0511,-0.0618,-0.0829,-0.0311,-0.0012,-0.1228,-0.1453,-0.0523,-0.0966,-0.0594,-0.0524,-4.12249,-3.611352,0.266573,0.017,0.0566,0.0396,0.0132,0.027523,0.000556,0.0187,-0.0114,0.003708,-4.204157,-3.712336,0.248256,0.0173,0.0578,0.0405,0.0134,0.022277,0.0,0.0015,0.0098,0.004102
2002-07-01,200207,0.0015,-0.0663,-0.1192,-0.0852,-0.1183,-0.097,-0.1167,-0.1143,-0.0276,-0.1214,-0.0637,-0.0678,-0.1207,-0.0867,-0.1198,-0.0985,-0.1182,-0.1158,-0.0291,-0.1229,-0.0652,-4.0452,-3.488749,0.282032,0.0168,0.0544,0.0376,0.0137,0.028441,0.001112,0.0303,-0.0209,0.015343,-4.12249,-3.611352,0.266573,0.017,0.0566,0.0396,0.0132,0.027523,0.000556,0.0187,-0.0114,0.003708
2002-08-01,200208,0.0014,0.0225,0.0062,-0.0129,0.0063,-0.0096,0.002,0.0184,0.0065,0.034,0.0113,0.0211,0.0048,-0.0143,0.0049,-0.011,0.0006,0.017,0.0051,0.0326,0.0099,-4.055095,-3.454868,0.284412,0.0162,0.051,0.0348,0.0121,0.024748,0.003331,0.0464,-0.0012,0.009409,-4.0452,-3.488749,0.282032,0.0168,0.0544,0.0376,0.0137,0.028441,0.001112,0.0303,-0.0209,0.015343
2002-09-01,200209,0.0014,-0.0773,-0.109,-0.0834,-0.0785,-0.166,-0.0985,-0.0944,-0.0589,-0.1088,-0.106,-0.0787,-0.1104,-0.0848,-0.0799,-0.1674,-0.0999,-0.0958,-0.0603,-0.1102,-0.1074,-3.943597,-3.301014,0.324555,0.0163,0.048,0.0317,0.0125,0.029299,0.00166,0.0417,-0.0087,0.007366,-4.055095,-3.454868,0.284412,0.0162,0.051,0.0348,0.0121,0.024748,0.003331,0.0464,-0.0012,0.009409
2002-10-01,200210,0.0014,0.0506,-0.0271,0.0378,0.0314,0.1937,0.2194,0.0572,0.0568,-0.0061,0.0638,0.0492,-0.0285,0.0364,0.03,0.1923,0.218,0.0558,0.0554,-0.0075,0.0624,-4.020714,-3.411479,0.293437,0.0158,0.0508,0.035,0.0141,0.025671,0.001657,-0.0294,0.0054,0.01159,-3.943597,-3.301014,0.324555,0.0163,0.048,0.0317,0.0125,0.029299,0.00166,0.0417,-0.0087,0.007366
2002-11-01,200211,0.0012,-0.0109,0.1199,0.0625,0.0302,0.1627,0.1181,0.019,0.0378,0.0158,0.042,-0.0121,0.1187,0.0613,0.029,0.1615,0.1169,0.0178,0.0366,0.0146,0.0408,-4.070463,-3.495323,0.276975,0.0123,0.0521,0.0398,0.0131,0.022908,0.0,-0.0122,0.0252,0.004449,-4.020714,-3.411479,0.293437,0.0158,0.0508,0.035,0.0141,0.025671,0.001657,-0.0294,0.0054,0.01159
2002-12-01,200212,0.0011,-0.0023,-0.0652,-0.0381,0.0084,-0.129,-0.0951,-0.0699,-0.0409,0.0383,-0.0479,-0.0034,-0.0663,-0.0392,0.0073,-0.1301,-0.0962,-0.071,-0.042,0.0372,-0.049,-4.002514,-3.462264,0.295386,0.0119,0.0484,0.0365,0.0124,0.025736,-0.002206,0.0507,-0.0146,0.00264,-4.070463,-3.495323,0.276975,0.0123,0.0521,0.0398,0.0131,0.022908,0.0,-0.0122,0.0252,0.004449
2003-01-01,200301,0.001,-0.0393,-0.034,-0.0407,-0.025,-0.0151,-0.0411,-0.0476,-0.006,-0.0321,-0.0238,-0.0403,-0.035,-0.0417,-0.026,-0.0161,-0.0421,-0.0486,-0.007,-0.0331,-0.0248,-3.971611,-3.402016,0.305942,0.0117,0.0495,0.0378,0.0118,0.028289,0.004422,-0.0106,0.0127,0.005168,-4.002514,-3.462264,0.295386,0.0119,0.0484,0.0365,0.0124,0.025736,-0.002206,0.0507,-0.0146,0.00264
2003-02-01,200302,0.0009,-0.0288,-0.0479,-0.0227,0.0195,0.0116,-0.0645,-0.0121,-0.0196,-0.0398,-0.027,-0.0297,-0.0488,-0.0236,0.0186,0.0107,-0.0654,-0.013,-0.0205,-0.0407,-0.0279,-3.951365,-3.353435,0.312251,0.0117,0.0472,0.0355,0.0111,0.027919,0.007705,0.0329,-0.0065,0.002564,-3.971611,-3.402016,0.305942,0.0117,0.0495,0.0378,0.0118,0.028289,0.004422,-0.0106,0.0127,0.005168
2003-03-01,200303,0.001,-0.0262,-0.0257,0.0132,0.015,-0.0097,-0.0043,0.0468,0.0373,0.0431,0.0104,-0.0272,-0.0267,0.0122,0.014,-0.0107,-0.0053,0.0458,0.0363,0.0421,0.0094,-3.956601,-3.331285,0.286118,0.0113,0.0486,0.0373,0.0106,0.024099,0.006008,-0.0135,0.0055,0.006136,-3.951365,-3.353435,0.312251,0.0117,0.0472,0.0355,0.0111,0.027919,0.007705,0.0329,-0.0065,0.002564
2003-04-01,200304,0.001,0.0438,0.1505,0.063,-0.0047,0.0918,0.1126,0.0897,0.0427,0.0723,0.1164,0.0428,0.1495,0.062,-0.0057,0.0908,0.1116,0.0887,0.0417,0.0713,0.1154,-4.035742,-3.363758,0.269654,0.0113,0.0481,0.0368,0.0111,0.019967,-0.002172,0.0102,0.0127,0.003065,-3.956601,-3.331285,0.286118,0.0113,0.0486,0.0373,0.0106,0.024099,0.006008,-0.0135,0.0055,0.006136
2003-05-01,200305,0.0009,0.0954,0.0286,0.0466,0.0866,0.098,0.0632,0.0348,0.0394,0.1016,0.0523,0.0945,0.0277,0.0457,0.0857,0.0971,0.0623,0.0339,0.0385,0.1007,0.0514,-4.086602,-3.369925,0.258376,0.0107,0.0436,0.0329,0.0116,0.006448,-0.001632,0.0592,-0.0121,0.002228,-4.035742,-3.363758,0.269654,0.0113,0.0481,0.0368,0.0111,0.019967,-0.002172,0.0102,0.0127,0.003065
2003-06-01,200306,0.001,0.0166,0.0242,0.0054,-0.0096,0.0035,0.0209,0.0344,0.0416,0.0106,0.0091,0.0156,0.0232,0.0044,-0.0106,0.0025,0.0199,0.0334,0.0406,0.0096,0.0081,-4.099086,-3.339527,0.254488,0.0092,0.0452,0.036,0.0122,0.001262,0.00109,-0.0154,0.0011,0.001998,-4.086602,-3.369925,0.258376,0.0107,0.0436,0.0329,0.0116,0.006448,-0.001632,0.0592,-0.0121,0.002228
2003-07-01,200307,0.0007,-0.0169,0.0667,0.0497,-0.0262,0.056,-0.0171,0.0329,0.0048,-0.0543,0.0361,-0.0176,0.066,0.049,-0.0269,0.0553,-0.0178,0.0322,0.0041,-0.055,0.0354,-4.106526,-3.317466,0.247643,0.009,0.0542,0.0452,0.0113,0.000272,0.001089,-0.0982,0.0101,0.002046,-4.099086,-3.339527,0.254488,0.0092,0.0452,0.036,0.0122,0.001262,0.00109,-0.0154,0.0011,0.001998
2003-08-01,200308,0.0007,0.0029,0.0803,0.0409,0.0619,0.0606,0.0126,0.0673,-0.0282,0.0192,0.0062,0.0022,0.0796,0.0402,0.0612,0.0599,0.0119,0.0666,-0.0289,0.0185,0.0055,-4.115671,-3.298439,0.242856,0.0095,0.0532,0.0437,0.0113,0.002917,0.003806,0.0166,0.0053,0.000966,-4.106526,-3.317466,0.247643,0.009,0.0542,0.0452,0.0113,0.000272,0.001089,-0.0982,0.0101,0.002046
2003-09-01,200309,0.0008,0.0114,-0.0421,-0.0374,-0.0218,-0.0093,-0.0552,-0.0454,0.003,0.0384,0.0026,0.0106,-0.0429,-0.0382,-0.0226,-0.0101,-0.056,-0.0462,0.0022,0.0376,0.0018,-4.095158,-3.250983,0.246542,0.0094,0.049,0.0396,0.0107,0.007323,0.00325,0.0546,-0.0043,0.001869,-4.115671,-3.298439,0.242856,0.0095,0.0532,0.0437,0.0113,0.002917,0.003806,0.0166,0.0053,0.000966
2003-10-01,200310,0.0007,0.0593,0.0731,0.0889,0.0165,0.0828,0.0683,0.0903,0.0087,0.0151,0.0634,0.0586,0.0724,0.0882,0.0158,0.0821,0.0676,0.0896,0.008,0.0144,0.0627,-4.132732,-3.220346,0.233309,0.0092,0.0518,0.0426,0.0103,0.007211,-0.00108,-0.0283,0.008,0.001408,-4.095158,-3.250983,0.246542,0.0094,0.049,0.0396,0.0107,0.007323,0.00325,0.0546,-0.0043,0.001869
2003-11-01,200311,0.0007,0.0359,0.0307,0.0208,0.0065,0.0186,-0.0063,0.0056,0.0182,0.0095,0.0115,0.0352,0.03,0.0201,0.0058,0.0179,-0.007,0.0049,0.0175,0.0088,0.0108,-4.124155,-3.149841,0.233754,0.0093,0.0519,0.0426,0.0101,0.010001,-0.002703,-0.0027,0.0079,0.00092,-4.132732,-3.220346,0.233309,0.0092,0.0518,0.0426,0.0103,0.007211,-0.00108,-0.0283,0.008,0.001408
2003-12-01,200312,0.0008,0.0344,0.119,0.0673,0.136,0.0215,0.0757,-0.0213,0.0564,0.0586,0.0428,0.0336,0.1182,0.0665,0.1352,0.0207,0.0749,-0.0221,0.0556,0.0578,0.042,-4.158236,-3.127343,0.21874,0.009,0.0511,0.0421,0.0098,0.006946,-0.001084,0.0139,0.0,0.000894,-4.124155,-3.149841,0.233754,0.0093,0.0519,0.0426,0.0101,0.010001,-0.002703,-0.0027,0.0079,0.00092
2004-01-01,200401,0.0007,0.0006,-0.0076,-0.007,0.0023,0.0451,0.0165,0.0045,0.031,0.0191,0.0289,-0.0001,-0.0083,-0.0077,0.0016,0.0444,0.0158,0.0038,0.0303,0.0184,0.0282,-4.163187,-3.122422,0.218028,0.0088,0.0499,0.0411,0.009,0.006887,0.004883,0.0187,0.0,0.000979,-4.158236,-3.127343,0.21874,0.009,0.0511,0.0421,0.0098,0.006946,-0.001084,0.0139,0.0,0.000894
2004-02-01,200402,0.0006,0.0426,0.0,0.0197,0.0454,-0.0291,-0.0042,0.061,0.0089,0.0211,0.0213,0.042,-0.0006,0.0191,0.0448,-0.0297,-0.0048,0.0604,0.0083,0.0205,0.0207,-4.163291,-3.112983,0.216053,0.0093,0.0483,0.039,0.0077,0.009361,0.0054,0.023,-0.0052,0.000611,-4.163187,-3.122422,0.218028,0.0088,0.0499,0.0411,0.009,0.006887,0.004883,0.0187,0.0,0.000979
2004-03-01,200403,0.0009,-0.0009,-0.0136,-0.0028,0.0002,-0.0251,-0.0203,0.0028,-0.0391,0.0114,-0.0066,-0.0018,-0.0145,-0.0037,-0.0007,-0.026,-0.0212,0.0019,-0.04,0.0105,-0.0075,-4.134909,-3.07537,0.281731,0.0094,0.0474,0.038,0.0078,0.012282,0.006445,0.0141,-0.0023,0.001981,-4.163291,-3.112983,0.216053,0.0093,0.0483,0.039,0.0077,0.009361,0.0054,0.023,-0.0052,0.000611
2004-04-01,200404,0.0008,0.0141,0.0246,-0.0017,0.0266,-0.0489,-0.0043,-0.0272,0.0351,-0.0357,-0.037,0.0133,0.0238,-0.0025,0.0258,-0.0497,-0.0051,-0.028,0.0343,-0.0365,-0.0378,-4.107343,-3.032181,0.285372,0.0094,0.0531,0.0437,0.0073,0.013766,0.003202,-0.0588,0.0054,0.001231,-4.134909,-3.07537,0.281731,0.0094,0.0474,0.038,0.0078,0.012282,0.006445,0.0141,-0.0023,0.001981
2004-05-01,200405,0.0006,-0.0191,-0.0164,0.0167,0.0055,0.0483,-0.0296,0.003,-0.0042,0.0126,0.0172,-0.0197,-0.017,0.0161,0.0049,0.0477,-0.0302,0.0024,-0.0048,0.012,0.0166,-4.108833,-3.018609,0.286412,0.0102,0.0539,0.0437,0.0071,0.01633,0.005851,-0.0051,-0.002,0.000978,-4.107343,-3.032181,0.285372,0.0094,0.0531,0.0437,0.0073,0.013766,0.003202,-0.0588,0.0054,0.001231
2004-06-01,200406,0.0008,0.0167,0.0534,0.053,0.0546,0.0267,0.008,0.0003,-0.005,0.0203,0.0131,0.0159,0.0526,0.0522,0.0538,0.0259,0.0072,-0.0005,-0.0058,0.0195,0.0123,-4.116251,-3.011493,0.279632,0.0127,0.0532,0.0405,0.0077,0.014491,0.003173,0.0121,-0.0028,0.000771,-4.108833,-3.018609,0.286412,0.0102,0.0539,0.0437,0.0071,0.01633,0.005851,-0.0051,-0.002,0.000978
2004-07-01,200407,0.001,-0.0597,-0.0464,-0.0406,0.0332,-0.0851,-0.01,-0.0403,-0.0593,0.0106,-0.023,-0.0607,-0.0474,-0.0416,0.0322,-0.0861,-0.011,-0.0413,-0.0603,0.0096,-0.024,-4.071356,-2.96703,0.287788,0.0133,0.0523,0.039,0.008,0.014721,-0.001581,0.0155,0.0029,0.000777,-4.116251,-3.011493,0.279632,0.0127,0.0532,0.0405,0.0077,0.014491,0.003173,0.0121,-0.0028,0.000771
2004-08-01,200408,0.0011,0.0079,-0.0223,0.0134,-0.0138,-0.0451,0.0117,-0.012,0.0164,0.0367,0.0188,0.0068,-0.0234,0.0123,-0.0149,-0.0462,0.0106,-0.0131,0.0153,0.0356,0.0177,-4.063738,-2.959834,0.286821,0.0148,0.0493,0.0345,0.0081,0.014279,0.000528,0.0395,0.0,0.001443,-4.071356,-2.96703,0.287788,0.0133,0.0523,0.039,0.008,0.014721,-0.001581,0.0155,0.0029,0.000777
2004-09-01,200409,0.0011,-0.0202,0.023,0.0194,0.0882,0.0346,0.0133,0.0261,-0.0141,0.0138,0.011,-0.0213,0.0219,0.0183,0.0871,0.0335,0.0122,0.025,-0.0152,0.0127,0.0099,-4.063252,-2.959763,0.289485,0.0165,0.0488,0.0323,0.0081,0.009132,0.002111,0.0096,0.0005,0.000706,-4.063738,-2.959834,0.286821,0.0148,0.0493,0.0345,0.0081,0.014279,0.000528,0.0395,0.0,0.001443
2004-10-01,200410,0.0011,0.0284,-0.03,-0.0145,0.0064,0.0514,0.0331,0.0306,-0.0243,0.0424,0.0109,0.0273,-0.0311,-0.0156,0.0053,0.0503,0.032,0.0295,-0.0254,0.0413,0.0098,-4.072327,-2.96919,0.29101,0.0176,0.0478,0.0302,0.0074,0.007429,0.005266,0.0154,0.001,0.00123,-4.063252,-2.959763,0.289485,0.0165,0.0488,0.0323,0.0081,0.009132,0.002111,0.0096,0.0005,0.000706
2004-11-01,200411,0.0015,0.0461,0.0727,0.0723,0.0658,0.0573,0.0363,0.0367,0.0067,0.0489,0.0469,0.0446,0.0712,0.0708,0.0643,0.0558,0.0348,0.0352,0.0052,0.0474,0.0454,-4.105378,-3.002588,0.279832,0.0207,0.0502,0.0295,0.0068,0.012177,0.000524,-0.0234,0.0034,0.000857,-4.072327,-2.96919,0.29101,0.0176,0.0478,0.0302,0.0074,0.007429,0.005266,0.0154,0.001,0.00123
2004-12-01,200412,0.0016,0.0477,0.0488,0.0252,-0.0231,0.0309,0.0418,0.035,0.0566,0.0248,0.0441,0.0461,0.0472,0.0236,-0.0247,0.0293,0.0402,0.0334,0.055,0.0232,0.0425,-4.132525,-3.03008,0.270619,0.0219,0.0484,0.0265,0.0068,0.013002,-0.003665,0.025,0.0007,0.000728,-4.105378,-3.002588,0.279832,0.0207,0.0502,0.0295,0.0068,0.012177,0.000524,-0.0234,0.0034,0.000857
2005-01-01,200501,0.0016,0.0023,-0.0702,-0.0176,0.0303,-0.0632,-0.0424,-0.0103,-0.0408,0.0176,-0.0217,0.0007,-0.0718,-0.0192,0.0287,-0.0648,-0.044,-0.0119,-0.0424,0.016,-0.0233,-4.093575,-2.995002,0.27818,0.0233,0.0465,0.0232,0.0066,0.013545,0.002102,0.03,-0.0023,0.000821,-4.132525,-3.03008,0.270619,0.0219,0.0484,0.0265,0.0068,0.013002,-0.003665,0.025,0.0007,0.000728
2005-02-01,200502,0.0016,0.0073,-0.0025,0.0407,0.1945,0.0003,-0.0044,0.0063,0.0244,0.0236,0.0015,0.0057,-0.0041,0.0391,0.1929,-0.0013,-0.006,0.0047,0.0228,0.022,-0.0001,-4.099142,-3.004355,0.271041,0.0254,0.0479,0.0225,0.0062,0.011758,0.005768,-0.0128,0.0016,0.000834,-4.093575,-2.995002,0.27818,0.0233,0.0465,0.0232,0.0066,0.013545,0.002102,0.03,-0.0023,0.000821
2005-03-01,200503,0.0021,-0.0085,-0.08,-0.0139,-0.0344,-0.0254,-0.0004,0.0022,-0.0048,0.0061,-0.0236,-0.0106,-0.0821,-0.016,-0.0365,-0.0275,-0.0025,0.0001,-0.0069,0.004,-0.0257,-4.06685,-2.975765,0.319857,0.0274,0.0488,0.0214,0.0066,0.009097,0.007821,-0.0072,-0.0053,0.00086,-4.099142,-3.004355,0.271041,0.0254,0.0479,0.0225,0.0062,0.011758,0.005768,-0.0128,0.0016,0.000834
2005-04-01,200504,0.0021,-0.0096,-0.1105,-0.0468,-0.0561,-0.0451,-0.02,-0.0528,0.0395,0.0213,-0.0159,-0.0117,-0.1126,-0.0489,-0.0582,-0.0472,-0.0221,-0.0549,0.0374,0.0192,-0.018,-4.035066,-2.938764,0.329624,0.0278,0.0461,0.0183,0.0072,0.007936,0.006725,0.0373,-0.0046,0.001826,-4.06685,-2.975765,0.319857,0.0274,0.0488,0.0214,0.0066,0.009097,0.007821,-0.0072,-0.0053,0.00086
2005-05-01,200505,0.0024,0.0233,0.0881,0.0291,0.021,0.0821,0.015,0.0643,0.0148,0.0166,0.0324,0.0209,0.0857,0.0267,0.0186,0.0797,0.0126,0.0619,0.0124,0.0142,0.03,-4.053237,-2.951863,0.320966,0.0284,0.044,0.0156,0.0086,0.004777,-0.001028,0.0297,-0.0002,0.000859,-4.035066,-2.938764,0.329624,0.0278,0.0461,0.0183,0.0072,0.007936,0.006725,0.0373,-0.0046,0.001826
2005-06-01,200506,0.0023,-0.0167,0.021,-0.0116,0.0576,-0.0164,0.0019,0.0244,-0.0058,0.0556,0.0142,-0.019,0.0187,-0.0139,0.0553,-0.0187,-0.0004,0.0221,-0.0081,0.0533,0.0119,-4.041881,-2.935572,0.326979,0.0297,0.0429,0.0132,0.009,0.005366,0.000514,0.0167,-0.0026,0.000542,-4.053237,-2.951863,0.320966,0.0284,0.044,0.0156,0.0086,0.004777,-0.001028,0.0297,-0.0002,0.000859
2005-07-01,200507,0.0024,0.0271,0.0542,0.0583,0.0589,0.0613,0.0313,0.0583,0.0372,0.0298,0.0241,0.0247,0.0518,0.0559,0.0565,0.0589,0.0289,0.0559,0.0348,0.0274,0.0217,-4.068557,-2.954136,0.315734,0.0322,0.0456,0.0134,0.0089,0.00448,0.004627,-0.0288,0.0044,0.00065,-4.041881,-2.935572,0.326979,0.0297,0.0429,0.0132,0.009,0.005366,0.000514,0.0167,-0.0026,0.000542
2005-08-01,200508,0.003,0.0008,-0.0287,-0.0136,0.0581,-0.0038,-0.012,-0.056,-0.0031,0.0125,-0.0167,-0.0022,-0.0317,-0.0166,0.0551,-0.0068,-0.015,-0.059,-0.0061,0.0095,-0.0197,-4.048686,-2.926354,0.320533,0.0344,0.0432,0.0088,0.0087,0.005405,0.005118,0.0333,-0.01,0.000697,-4.068557,-2.954136,0.315734,0.0322,0.0456,0.0134,0.0089,0.00448,0.004627,-0.0288,0.0044,0.00065
2005-09-01,200509,0.0029,0.0037,-0.0434,0.0084,0.0726,0.0067,-0.0147,-0.018,-0.0193,0.0438,0.0122,0.0008,-0.0463,0.0055,0.0697,0.0038,-0.0176,-0.0209,-0.0222,0.0409,0.0093,-4.047098,-2.917051,0.317892,0.0342,0.0464,0.0122,0.009,0.006716,0.01222,-0.0338,0.0028,0.00066,-4.048686,-2.926354,0.320533,0.0344,0.0432,0.0088,0.0087,0.005405,0.005118,0.0333,-0.01,0.000697
2005-10-01,200510,0.0027,-0.015,-0.0521,-0.0239,-0.1016,-0.0178,-0.0303,0.0154,-0.0326,-0.0685,0.0124,-0.0177,-0.0548,-0.0266,-0.1043,-0.0205,-0.033,0.0127,-0.0353,-0.0712,0.0097,-4.017699,-2.882441,0.321808,0.0371,0.0484,0.0113,0.0095,0.005749,0.002012,-0.0196,-0.0008,0.001818,-4.047098,-2.917051,0.317892,0.0342,0.0464,0.0122,0.009,0.006716,0.01222,-0.0338,0.0028,0.00066
2005-11-01,200511,0.0031,0.0099,0.0221,0.0531,0.0101,0.0645,0.0264,0.0394,0.0159,-0.0022,0.0491,0.0068,0.019,0.05,0.007,0.0614,0.0233,0.0363,0.0128,-0.0053,0.046,-4.040911,-2.900588,0.310914,0.0388,0.0481,0.0093,0.0097,0.005768,-0.008032,0.0076,0.0023,0.00054,-4.017699,-2.882441,0.321808,0.0371,0.0484,0.0113,0.0095,0.005749,0.002012,-0.0196,-0.0008,0.001818
2005-12-01,200512,0.0032,-0.0007,-0.0065,0.0144,0.0044,-0.0191,-0.0173,-0.0059,0.024,0.0124,0.0019,-0.0039,-0.0097,0.0112,0.0012,-0.0223,-0.0205,-0.0091,0.0208,0.0092,-0.0013,-4.028717,-2.883466,0.313478,0.0389,0.0461,0.0072,0.0095,0.003059,-0.004049,0.0267,-0.0042,0.000433,-4.040911,-2.900588,0.310914,0.0388,0.0481,0.0093,0.0097,0.005768,-0.008032,0.0076,0.0023,0.00054
2006-01-01,200601,0.0035,0.001,0.0579,0.0517,0.1254,0.0406,0.0386,0.0201,0.0219,0.0303,0.0158,-0.0025,0.0544,0.0482,0.1219,0.0371,0.0351,0.0166,0.0184,0.0268,0.0123,-4.045379,-2.895148,0.309226,0.0424,0.0474,0.005,0.0095,-0.000446,0.007622,-0.0118,0.0025,0.000975,-4.028717,-2.883466,0.313478,0.0389,0.0461,0.0072,0.0095,0.003059,-0.004049,0.0267,-0.0042,0.000433
2006-02-01,200602,0.0034,0.0115,-0.0038,0.0102,-0.0814,-0.0099,0.033,0.014,0.0105,0.0023,0.0099,0.0081,-0.0072,0.0068,-0.0848,-0.0133,0.0296,0.0106,0.0071,-0.0011,0.0065,-4.037417,-2.882315,0.30561,0.0443,0.0457,0.0014,0.0092,0.002038,0.002017,0.0238,-0.011,0.000649,-4.045379,-2.895148,0.309226,0.0424,0.0474,0.005,0.0095,-0.000446,0.007622,-0.0118,0.0025,0.000975
2006-03-01,200603,0.0037,0.0124,0.0266,0.0301,0.04,0.0288,0.018,0.0243,-0.0101,-0.0365,0.0187,0.0087,0.0229,0.0264,0.0363,0.0251,0.0143,0.0206,-0.0138,-0.0402,0.015,-4.040107,-2.880237,0.316009,0.0451,0.0507,0.0056,0.0088,0.002152,0.005536,-0.0539,0.0135,0.000545,-4.037417,-2.882315,0.30561,0.0443,0.0457,0.0014,0.0092,0.002038,0.002017,0.0238,-0.011,0.000649
2006-04-01,200604,0.0036,0.0105,0.0028,0.0408,0.0452,-0.0114,0.0147,-0.0158,-0.0186,0.0182,0.0215,0.0069,-0.0008,0.0372,0.0416,-0.015,0.0111,-0.0194,-0.0222,0.0146,0.0179,-4.042681,-2.884006,0.308842,0.046,0.0532,0.0072,0.0084,-0.003473,0.008509,-0.0247,0.0023,0.0006,-4.040107,-2.880237,0.316009,0.0451,0.0507,0.0056,0.0088,0.002152,0.005536,-0.0539,0.0135,0.000545
2006-05-01,200605,0.0043,0.0106,0.0063,-0.0335,-0.0346,-0.069,0.0,-0.0187,-0.022,0.0151,-0.0309,0.0063,0.002,-0.0378,-0.0389,-0.0733,-0.0043,-0.023,-0.0263,0.0108,-0.0352,-4.001858,-2.844356,0.31434,0.0472,0.0535,0.0063,0.008,-0.002657,0.004963,0.001,-0.003,0.001355,-4.042681,-2.884006,0.308842,0.046,0.0532,0.0072,0.0084,-0.003473,0.008509,-0.0247,0.0023,0.0006
2006-06-01,200606,0.004,0.003,0.0187,-0.005,0.0273,-0.0143,0.0295,0.0029,-0.0011,0.0242,-0.0035,-0.001,0.0147,-0.009,0.0233,-0.0183,0.0255,-0.0011,-0.0051,0.0202,-0.0075,-3.992614,-2.836265,0.31485,0.0479,0.0531,0.0052,0.0089,-0.002195,0.001975,0.0092,-0.0053,0.002103,-4.001858,-2.844356,0.31434,0.0472,0.0535,0.0063,0.008,-0.002657,0.004963,0.001,-0.003,0.001355
2006-07-01,200607,0.004,0.0355,-0.0301,-0.0365,0.0506,-0.0378,0.0244,-0.0429,0.0412,0.0483,-0.0091,0.0315,-0.0341,-0.0405,0.0466,-0.0418,0.0204,-0.0469,0.0372,0.0443,-0.0131,-3.988358,-2.823245,0.313852,0.0495,0.0518,0.0023,0.0091,-0.002363,0.002957,0.0199,0.0038,0.001452,-3.992614,-2.836265,0.31485,0.0479,0.0531,0.0052,0.0089,-0.002195,0.001975,0.0092,-0.0053,0.002103
2006-08-01,200608,0.0042,0.0306,0.0237,0.0205,-0.0324,0.0741,0.0228,0.0222,0.0233,0.0228,0.0173,0.0264,0.0195,0.0163,-0.0366,0.0699,0.0186,0.018,0.0191,0.0186,0.0131,-4.000166,-2.826525,0.308462,0.0496,0.0496,0.0,0.0091,-0.008474,0.001966,0.0299,0.0062,0.000469,-3.988358,-2.823245,0.313852,0.0495,0.0518,0.0023,0.0091,-0.002363,0.002957,0.0199,0.0038,0.001452
2006-09-01,200609,0.0041,-0.0065,0.0422,0.0189,-0.0381,0.0357,0.0366,0.0569,0.0153,-0.0212,0.0324,-0.0106,0.0381,0.0148,-0.0422,0.0316,0.0325,0.0528,0.0112,-0.0253,0.0283,-4.015277,-2.833333,0.300593,0.0481,0.0484,0.0003,0.0092,-0.009493,-0.004904,0.017,0.0013,0.000513,-4.000166,-2.826525,0.308462,0.0496,0.0496,0.0,0.0091,-0.008474,0.001966,0.0299,0.0062,0.000469
2006-10-01,200610,0.0041,0.0281,0.0496,0.0442,0.052,0.0404,0.052,0.0392,0.017,0.0536,0.0295,0.024,0.0455,0.0401,0.0479,0.0363,0.0479,0.0351,0.0129,0.0495,0.0254,-4.035457,-2.851959,0.290599,0.0492,0.0481,-0.0011,0.0091,-0.008935,-0.005421,0.0077,0.005,0.000451,-4.015277,-2.833333,0.300593,0.0481,0.0484,0.0003,0.0092,-0.009493,-0.004904,0.017,0.0013,0.000513
2006-11-01,200611,0.0042,0.0145,0.018,0.0354,0.0859,0.0302,0.0063,-0.0123,0.0007,0.0306,0.016,0.0103,0.0138,0.0312,0.0817,0.026,0.0021,-0.0165,-0.0035,0.0264,0.0118,-4.041064,-2.856048,0.287242,0.0494,0.0467,-0.0027,0.0087,-0.015111,-0.001487,0.0207,0.0039,0.000592,-4.035457,-2.851959,0.290599,0.0492,0.0481,-0.0011,0.0091,-0.008935,-0.005421,0.0077,0.005,0.000451
2006-12-01,200612,0.004,0.0202,-0.0081,0.005,-0.0193,-0.0097,0.0433,0.0146,0.0013,0.0073,0.0321,0.0162,-0.0121,0.001,-0.0233,-0.0137,0.0393,0.0106,-0.0027,0.0033,0.0281,-4.042989,-2.856489,0.281682,0.0485,0.0491,0.0006,0.009,-0.015037,0.001489,-0.0236,0.0004,0.000358,-4.041064,-2.856048,0.287242,0.0494,0.0467,-0.0027,0.0087,-0.015111,-0.001487,0.0207,0.0039,0.000592
2007-01-01,200701,0.0044,0.0154,0.0291,0.0316,-0.0133,0.0199,0.0273,0.0364,0.0351,0.0048,0.0105,0.011,0.0247,0.0272,-0.0177,0.0155,0.0229,0.032,0.0307,0.0004,0.0061,-4.048812,-2.863765,0.278144,0.0498,0.0502,0.0004,0.0094,-0.013987,0.003053,-0.0102,0.0051,0.00045,-4.042989,-2.856489,0.281682,0.0485,0.0491,0.0006,0.009,-0.015037,0.001489,-0.0236,0.0004,0.000358
2007-02-01,200702,0.0038,-0.0149,-0.004,0.0071,-0.0212,-0.0235,-0.0278,-0.0068,-0.0285,0.0416,-0.0229,-0.0187,-0.0078,0.0033,-0.025,-0.0273,-0.0316,-0.0106,-0.0323,0.0378,-0.0267,-4.018652,-2.835037,0.286148,0.0503,0.0477,-0.0026,0.0089,-0.015141,0.00535,0.0335,-0.0048,0.001477,-4.048812,-2.863765,0.278144,0.0498,0.0502,0.0004,0.0094,-0.013987,0.003053,-0.0102,0.0051,0.00045
2007-03-01,200703,0.0043,0.0265,-0.011,0.0164,0.059,0.0087,0.0231,0.008,-0.0025,0.0433,-0.0026,0.0222,-0.0153,0.0121,0.0547,0.0044,0.0188,0.0037,-0.0068,0.039,-0.0069,-4.020574,-2.838371,0.26905,0.0494,0.0493,-0.0001,0.0097,-0.012486,0.009106,-0.0145,-0.0086,0.001588,-4.018652,-2.835037,0.286148,0.0503,0.0477,-0.0026,0.0089,-0.015141,0.00535,0.0335,-0.0048,0.001477
2007-04-01,200704,0.0044,0.0362,0.0621,0.0441,0.0513,0.0485,0.0174,0.0228,0.0678,0.0392,0.033,0.0318,0.0577,0.0397,0.0469,0.0441,0.013,0.0184,0.0634,0.0348,0.0286,-4.054154,-2.873678,0.254456,0.0487,0.0489,0.0002,0.0092,-0.008912,0.006496,0.0085,0.0055,0.000582,-4.020574,-2.838371,0.26905,0.0494,0.0493,-0.0001,0.0097,-0.012486,0.009106,-0.0145,-0.0086,0.001588
2007-05-01,200705,0.0041,0.0288,0.0317,0.0477,0.0715,0.0392,0.0731,0.0236,0.0114,0.0119,0.0317,0.0247,0.0276,0.0436,0.0674,0.0351,0.069,0.0195,0.0073,0.0078,0.0276,-4.077462,-2.898685,0.243911,0.0473,0.051,0.0037,0.0092,-0.010283,0.006111,-0.02,0.0022,0.000697,-4.054154,-2.873678,0.254456,0.0487,0.0489,0.0002,0.0092,-0.008912,0.006496,0.0085,0.0055,0.000582
2007-06-01,200706,0.004,-0.0106,0.0188,-0.0068,0.0086,0.0053,-0.018,-0.0197,-0.0337,-0.0482,-0.0277,-0.0146,0.0148,-0.0108,0.0046,0.0013,-0.022,-0.0237,-0.0377,-0.0522,-0.0317,-4.050838,-2.873733,0.247896,0.0461,0.0521,0.006,0.0091,-0.011064,0.001938,-0.0091,-0.0057,0.001472,-4.077462,-2.898685,0.243911,0.0473,0.051,0.0037,0.0092,-0.010283,0.006111,-0.02,0.0022,0.000697
2007-07-01,200707,0.004,-0.0415,-0.058,-0.0002,-0.011,-0.0106,-0.0311,-0.0532,-0.0402,-0.0373,-0.0527,-0.0455,-0.062,-0.0042,-0.015,-0.0146,-0.0351,-0.0572,-0.0442,-0.0413,-0.0567,-4.008094,-2.866349,0.251585,0.0482,0.0501,0.0019,0.0092,-0.015262,-0.000254,0.0284,-0.0316,0.002426,-4.050838,-2.873733,0.247896,0.0461,0.0521,0.006,0.0091,-0.011064,0.001938,-0.0091,-0.0057,0.001472
2007-08-01,200708,0.0042,0.0182,-0.0179,0.0068,0.0023,0.0289,-0.0086,0.0153,0.0232,0.0184,0.0118,0.014,-0.0221,0.0026,-0.0019,0.0247,-0.0128,0.0111,0.019,0.0142,0.0076,-4.01074,-2.904898,0.24884,0.042,0.0487,0.0067,0.0086,-0.012198,-0.001834,0.0199,-0.0047,0.005134,-4.008094,-2.866349,0.251585,0.0482,0.0501,0.0019,0.0092,-0.015262,-0.000254,0.0284,-0.0316,0.002426
2007-09-01,200709,0.0032,0.04,0.0172,0.0543,0.0784,0.0417,0.0205,-0.0065,0.0354,0.0348,0.0263,0.0368,0.014,0.0511,0.0752,0.0385,0.0173,-0.0097,0.0322,0.0316,0.0231,-4.035875,-2.966515,0.239207,0.0389,0.0489,0.01,0.0085,-0.013015,0.002756,0.0012,0.0123,0.001868,-4.01074,-2.904898,0.24884,0.042,0.0487,0.0067,0.0086,-0.012198,-0.001834,0.0199,-0.0047,0.005134
2007-10-01,200710,0.0032,0.0218,0.0095,0.0097,0.0279,0.0679,-0.0218,0.0117,0.0141,0.0656,0.0024,0.0186,0.0063,0.0065,0.0247,0.0647,-0.025,0.0085,0.0109,0.0624,-0.0008,-4.041315,-3.035338,0.238617,0.039,0.048,0.009,0.0082,-0.017955,0.002139,0.0155,-0.0067,0.001683,-4.035875,-2.966515,0.239207,0.0389,0.0489,0.01,0.0085,-0.013015,0.002756,0.0012,0.0123,0.001868
2007-11-01,200711,0.0034,0.0085,-0.0896,-0.0266,-0.0434,-0.0751,-0.0625,-0.0373,0.0001,-0.0071,-0.0598,0.0051,-0.093,-0.03,-0.0468,-0.0785,-0.0659,-0.0407,-0.0033,-0.0105,-0.0632,-3.987085,-3.047501,0.24858,0.0327,0.0445,0.0118,0.0096,-0.025159,0.00594,0.0468,-0.0389,0.005637,-4.041315,-3.035338,0.238617,0.039,0.048,0.009,0.0082,-0.017955,0.002139,0.0155,-0.0067,0.001683
2007-12-01,200712,0.0027,-0.0101,-0.0216,0.01,0.077,0.0146,-0.0025,-0.0268,-0.0395,0.009,-0.0349,-0.0128,-0.0243,0.0073,0.0743,0.0119,-0.0052,-0.0295,-0.0422,0.0063,-0.0376,-3.969314,-3.099512,0.250583,0.03,0.045,0.015,0.0116,-0.040637,-0.000671,-0.0029,0.0057,0.002345,-3.987085,-3.047501,0.24858,0.0327,0.0445,0.0118,0.0096,-0.025159,0.00594,0.0468,-0.0389,0.005637
2008-01-01,200801,0.0021,-0.0519,-0.052,-0.0743,-0.0911,-0.1235,-0.0778,-0.0047,-0.0461,-0.0693,-0.0204,-0.054,-0.0541,-0.0764,-0.0932,-0.1256,-0.0799,-0.0068,-0.0482,-0.0714,-0.0225,-3.899373,-3.065994,0.262754,0.0275,0.0436,0.0161,0.0121,-0.043178,0.004971,0.0213,-0.0196,0.004832,-3.969314,-3.099512,0.250583,0.03,0.045,0.015,0.0116,-0.040637,-0.000671,-0.0029,0.0057,0.002345
2008-02-01,200802,0.0013,-0.0013,-0.06,0.0074,0.0694,-0.0358,-0.0385,-0.0465,-0.0093,-0.0303,-0.079,-0.0026,-0.0613,0.0061,0.0681,-0.0371,-0.0398,-0.0478,-0.0106,-0.0316,-0.0803,-3.857211,-3.061113,0.270979,0.0212,0.0438,0.0226,0.0129,-0.049607,0.002904,0.0018,-0.0089,0.003226,-3.899373,-3.065994,0.262754,0.0275,0.0436,0.0161,0.0121,-0.043178,0.004971,0.0213,-0.0196,0.004832
2008-03-01,200803,0.0017,0.0118,-0.0414,-0.0015,-0.0289,0.0067,-0.0005,0.0185,-0.0177,0.0081,-0.0194,0.0101,-0.0431,-0.0032,-0.0306,0.005,-0.0022,0.0168,-0.0194,0.0064,-0.0211,-3.844498,-3.086595,0.254058,0.0126,0.0432,0.0306,0.0138,-0.05183,0.008668,0.0106,-0.0165,0.006338,-3.857211,-3.061113,0.270979,0.0212,0.0438,0.0226,0.0129,-0.049607,0.002904,0.0018,-0.0089,0.003226
2008-04-01,200804,0.0018,-0.0115,0.0656,0.0507,0.1063,0.0644,0.0462,0.0501,0.0043,0.0639,0.0347,-0.0133,0.0638,0.0489,0.1045,0.0626,0.0444,0.0483,0.0025,0.0621,0.0329,-3.886132,-3.184119,0.243015,0.0129,0.0458,0.0329,0.0142,-0.048844,0.006065,-0.0288,0.0379,0.002904,-3.844498,-3.086595,0.254058,0.0126,0.0432,0.0306,0.0138,-0.05183,0.008668,0.0106,-0.0165,0.006338
2008-05-01,200805,0.0018,0.0338,0.0133,0.033,0.0428,0.0565,0.0479,0.0119,0.0162,0.0359,-0.0239,0.032,0.0115,0.0312,0.041,0.0547,0.0461,0.0101,0.0144,0.0341,-0.0257,-3.891955,-3.248559,0.246511,0.0173,0.0475,0.0302,0.0136,-0.045461,0.008421,-0.0164,-0.0113,0.001641,-3.886132,-3.184119,0.243015,0.0129,0.0458,0.0329,0.0142,-0.048844,0.006065,-0.0288,0.0379,0.002904
2008-06-01,200806,0.0017,-0.0734,-0.195,-0.0919,0.0282,-0.0882,-0.1092,-0.0809,-0.0301,-0.0041,-0.1476,-0.0751,-0.1967,-0.0936,0.0265,-0.0899,-0.1109,-0.0826,-0.0318,-0.0058,-0.1493,-3.7973,-3.215561,0.274491,0.0186,0.046,0.0274,0.0139,-0.047377,0.010077,0.022,-0.0281,0.003425,-3.891955,-3.248559,0.246511,0.0173,0.0475,0.0302,0.0136,-0.045461,0.008421,-0.0164,-0.0113,0.001641
2008-07-01,200807,0.0015,0.0226,-0.0066,-0.0024,-0.1566,-0.0057,-0.0309,0.0114,0.0675,-0.071,0.0439,0.0211,-0.0081,-0.0039,-0.1581,-0.0072,-0.0324,0.0099,0.066,-0.0725,0.0424,-3.785745,-3.241456,0.273816,0.0163,0.0465,0.0302,0.0149,-0.046932,0.005251,-0.0025,-0.0084,0.004466,-3.7973,-3.215561,0.274491,0.0186,0.046,0.0274,0.0139,-0.047377,0.010077,0.022,-0.0281,0.003425
2008-08-01,200808,0.0013,0.0172,0.0166,0.0142,-0.0004,0.024,0.04,0.0539,0.0177,-0.0046,0.0067,0.0159,0.0153,0.0129,-0.0017,0.0227,0.0387,0.0526,0.0164,-0.0059,0.0054,-3.796217,-3.290705,0.269889,0.0172,0.0449,0.0277,0.0151,-0.046333,-0.003992,0.0242,-0.0121,0.003448,-3.785745,-3.241456,0.273816,0.0163,0.0465,0.0302,0.0149,-0.046932,0.005251,-0.0025,-0.0084,0.004466
2008-09-01,200809,0.0015,-0.0296,-0.0899,-0.1351,-0.1212,-0.1247,-0.1261,-0.0576,-0.0595,-0.1184,-0.0631,-0.0311,-0.0914,-0.1366,-0.1227,-0.1262,-0.1276,-0.0591,-0.061,-0.1199,-0.0646,-3.699394,-3.234089,0.287124,0.0113,0.0443,0.033,0.0166,-0.048923,-0.001383,0.0112,-0.0975,0.023775,-3.796217,-3.290705,0.269889,0.0172,0.0449,0.0277,0.0151,-0.046333,-0.003992,0.0242,-0.0121,0.003448
2008-10-01,200810,0.0008,-0.1341,-0.3362,-0.2071,-0.1678,-0.1826,-0.1553,-0.1508,-0.1103,-0.1112,-0.1972,-0.1349,-0.337,-0.2079,-0.1686,-0.1834,-0.1561,-0.1516,-0.1111,-0.112,-0.198,-3.519168,-3.303848,0.334099,0.0067,0.0478,0.0411,0.026,-0.055954,-0.010101,-0.0383,-0.0067,0.058089,-3.699394,-3.234089,0.287124,0.0113,0.0443,0.033,0.0166,-0.048923,-0.001383,0.0112,-0.0975,0.023775
2008-11-01,200811,0.0003,-0.0437,-0.1071,-0.0768,0.0014,-0.1087,-0.0158,-0.0768,-0.0733,0.0126,-0.1236,-0.044,-0.1074,-0.0771,0.0011,-0.109,-0.0161,-0.0771,-0.0736,0.0123,-0.1239,-3.446808,-3.56991,0.352867,0.0019,0.0372,0.0353,0.0309,-0.05278,-0.019153,0.1443,-0.0269,0.036257,-3.519168,-3.303848,0.334099,0.0067,0.0478,0.0411,0.026,-0.055954,-0.010101,-0.0383,-0.0067,0.058089
2008-12-01,200812,0.0,0.0087,0.0017,0.0139,-0.0243,0.0217,0.0347,0.0489,0.0674,-0.0204,0.0081,0.0087,0.0017,0.0139,-0.0243,0.0217,0.0347,0.0489,0.0674,-0.0204,0.0081,-3.460068,-4.105981,0.354984,0.0003,0.0303,0.03,0.0338,-0.024498,-0.010342,0.0967,0.0593,0.02009,-3.446808,-3.56991,0.352867,0.0019,0.0372,0.0353,0.0309,-0.05278,-0.019153,0.1443,-0.0269,0.036257
2009-01-01,200901,0.0,-0.0505,-0.1269,-0.0922,-0.0353,-0.032,-0.1032,-0.0761,-0.022,-0.0084,-0.1766,-0.0505,-0.1269,-0.0922,-0.0353,-0.032,-0.1032,-0.0761,-0.022,-0.0084,-0.1766,-3.3839,-4.214467,0.389393,0.0013,0.0394,0.0381,0.0309,-0.025058,0.004352,-0.1124,0.0175,0.011971,-3.460068,-4.105981,0.354984,0.0003,0.0303,0.03,0.0338,-0.024498,-0.010342,0.0967,0.0593,0.02009
2009-02-01,200902,0.0001,-0.0766,-0.1214,-0.1353,-0.1251,-0.0508,-0.0695,-0.0305,-0.1082,-0.1252,-0.1459,-0.0767,-0.1215,-0.1354,-0.1252,-0.0509,-0.0696,-0.0306,-0.1083,-0.1253,-0.146,-3.281006,-4.345199,0.441103,0.003,0.0401,0.0371,0.0281,-0.02493,0.004973,-0.0056,-0.0252,0.009961,-3.3839,-4.214467,0.389393,0.0013,0.0394,0.0381,0.0309,-0.025058,0.004352,-0.1124,0.0175,0.011971
2009-03-01,200903,0.0002,0.0644,0.1221,0.0761,0.0396,0.1147,0.0795,0.0998,0.0741,0.0282,0.1307,0.0642,0.1219,0.0759,0.0394,0.1145,0.0793,0.0996,0.0739,0.028,0.1305,-3.376709,-4.756238,0.446141,0.0021,0.0355,0.0334,0.0292,-0.037429,0.002432,0.0641,-0.0659,0.020364,-3.281006,-4.345199,0.441103,0.003,0.0401,0.0371,0.0281,-0.02493,0.004973,-0.0056,-0.0252,0.009961
2009-04-01,200904,0.0001,0.0497,0.4432,0.1706,0.0454,0.1229,0.0965,0.0954,-0.0094,0.0209,0.1622,0.0496,0.4431,0.1705,0.0453,0.1228,0.0964,0.0953,-0.0095,0.0208,0.1621,-3.487004,-4.814915,0.415597,0.0016,0.041,0.0394,0.03,-0.030995,0.002496,-0.0649,0.0619,0.007551,-3.376709,-4.756238,0.446141,0.0021,0.0355,0.0334,0.0292,-0.037429,0.002432,0.0641,-0.0659,0.020364
2009-05-01,200905,0.0,0.0716,-0.0322,0.055,0.105,0.0304,0.0105,-0.0093,0.0621,0.0464,0.0716,0.0716,-0.0322,0.055,0.105,0.0304,0.0105,-0.0093,0.0621,0.0464,0.0716,-3.559678,-4.836478,0.399355,0.0018,0.0432,0.0414,0.0252,-0.02435,0.002889,-0.0248,0.0737,0.006381,-3.487004,-4.814915,0.415597,0.0016,0.041,0.0394,0.03,-0.030995,0.002496,-0.0649,0.0619,0.007551
2009-06-01,200906,0.0001,0.0065,0.044,-0.0173,-0.0478,0.0453,0.0165,-0.0029,0.0361,0.0464,-0.02,0.0064,0.0439,-0.0174,-0.0479,0.0452,0.0164,-0.003,0.036,0.0463,-0.0201,-3.581276,-4.807399,0.401876,0.0018,0.0429,0.0411,0.0189,-0.022097,0.00859,0.0083,0.0267,0.003473,-3.559678,-4.836478,0.399355,0.0018,0.0432,0.0414,0.0252,-0.02435,0.002889,-0.0248,0.0737,0.006381
2009-07-01,200907,0.0001,0.0731,0.1976,0.1133,0.0535,0.081,0.0554,0.0677,0.0548,0.0441,0.0917,0.073,0.1975,0.1132,0.0534,0.0809,0.0553,0.0676,0.0547,0.044,0.0916,-3.675094,-4.677403,0.370126,0.0018,0.043,0.0412,0.0168,-0.013782,-0.001586,0.0019,0.0546,0.003771,-3.581276,-4.807399,0.401876,0.0018,0.0429,0.0411,0.0189,-0.022097,0.00859,0.0083,0.0267,0.003473
2009-08-01,200908,0.0001,0.0074,0.025,0.0297,0.0078,0.0227,0.0073,0.0371,0.022,0.0025,0.0773,0.0073,0.0249,0.0296,0.0077,0.0226,0.0072,0.037,0.0219,0.0024,0.0772,-3.730908,-4.542772,0.357472,0.0017,0.0415,0.0398,0.0132,-0.007921,0.002243,0.0231,0.0004,0.002178,-3.675094,-4.677403,0.370126,0.0018,0.043,0.0412,0.0168,-0.013782,-0.001586,0.0019,0.0546,0.003771
2009-09-01,200909,0.0001,0.0423,0.021,0.0652,0.0512,0.0523,0.0649,0.024,0.0218,0.0224,0.0312,0.0422,0.0209,0.0651,0.0511,0.0522,0.0648,0.0239,0.0217,0.0223,0.0311,-3.789345,-4.434342,0.349521,0.0012,0.0403,0.0391,0.0118,-1.4e-05,0.000625,0.0176,0.0097,0.001913,-3.730908,-4.542772,0.357472,0.0017,0.0415,0.0398,0.0132,-0.007921,0.002243,0.0231,0.0004,0.002178
2009-10-01,200910,0.0,-0.0062,-0.0061,-0.0287,0.0248,-0.015,-0.0398,0.0004,-0.0347,-0.0271,-0.0545,-0.0062,-0.0061,-0.0287,0.0248,-0.015,-0.0398,0.0004,-0.0347,-0.0271,-0.0545,-3.79047,-3.710527,0.349505,0.0007,0.042,0.0413,0.0114,0.003198,0.000963,-0.0171,0.0187,0.003898,-3.789345,-4.434342,0.349521,0.0012,0.0403,0.0391,0.0118,-1.4e-05,0.000625,0.0176,0.0097,0.001913
2009-11-01,200911,0.0,0.0386,0.1037,0.0761,0.0322,0.0483,0.0684,0.05,0.0807,0.0458,0.0596,0.0386,0.1037,0.0761,0.0322,0.0483,0.0684,0.05,0.0807,0.0458,0.0596,-3.867788,-3.357297,0.328149,0.0005,0.0406,0.0401,0.0113,0.007532,0.000708,0.0208,-0.0164,0.002001,-3.79047,-3.710527,0.349505,0.0007,0.042,0.0413,0.0114,0.003198,0.000963,-0.0171,0.0187,0.003898
2009-12-01,200912,0.0001,0.0264,0.0565,0.0287,-0.0052,0.0598,0.0642,0.0195,0.0247,0.0587,0.0088,0.0263,0.0564,0.0286,-0.0053,0.0597,0.0641,0.0194,0.0246,0.0586,0.0087,-3.907415,-3.085462,0.325531,0.0005,0.0458,0.0453,0.0111,0.010594,-0.001761,-0.0584,0.0309,0.000933,-3.867788,-3.357297,0.328149,0.0005,0.0406,0.0401,0.0113,0.007532,0.000708,0.0208,-0.0164,0.002001
2010-01-01,201001,0.0,-0.024,-0.004,-0.0331,-0.0485,-0.0781,-0.0677,-0.0183,-0.0001,-0.0445,-0.0053,-0.024,-0.004,-0.0331,-0.0485,-0.0781,-0.0677,-0.0183,-0.0001,-0.0445,-0.0053,-3.877222,-2.984684,0.337195,0.0006,0.044059,0.043459,0.0099,0.01341,0.003417,0.026364,-0.016811,0.001992,-3.907415,-3.085462,0.325531,0.0005,0.0458,0.0453,0.0111,0.010594,-0.001761,-0.0584,0.0309,0.000933
2010-02-01,201002,0.0,0.0266,0.0739,0.0521,0.0259,0.0479,0.0276,0.0429,0.0038,-0.0042,0.0361,0.0266,0.0739,0.0521,0.0259,0.0479,0.0276,0.0429,0.0038,-0.0042,0.0361,-3.912874,-2.953443,0.328771,0.0011,0.044071,0.042971,0.0099,0.013932,0.000249,0.003154,0.000726,0.002373,-3.877222,-2.984684,0.337195,0.0006,0.044059,0.043459,0.0099,0.01341,0.003417,0.026364,-0.016811,0.001992
2010-03-01,201003,0.0001,0.058,0.0938,0.065,0.032,0.0668,0.0763,0.0625,0.0363,0.0312,0.081,0.0579,0.0937,0.0649,0.0319,0.0667,0.0762,0.0624,0.0362,0.0311,0.0809,-3.977602,-2.954546,0.381878,0.0015,0.045778,0.044278,0.01,0.02639,0.004106,-0.017876,0.022384,0.000633,-3.912874,-2.953443,0.328771,0.0011,0.044071,0.042971,0.0099,0.013932,0.000249,0.003154,0.000726,0.002373
2010-04-01,201004,0.0001,-0.0102,0.0727,0.0318,0.0408,0.0227,0.0341,0.0252,-0.0218,0.0285,0.0181,-0.0103,0.0726,0.0317,0.0407,0.0226,0.034,0.0251,-0.0219,0.0284,0.018,-3.990232,-2.936,0.376606,0.0016,0.043736,0.042136,0.0096,0.026651,0.001737,0.030396,0.005344,0.001794,-3.977602,-2.954546,0.381878,0.0015,0.045778,0.044278,0.01,0.02639,0.004106,-0.017876,0.022384,0.000633
2010-05-01,201005,0.0001,-0.0573,-0.0907,-0.0843,-0.1023,-0.0776,-0.0585,-0.0541,-0.0808,-0.063,-0.0875,-0.0574,-0.0908,-0.0844,-0.1024,-0.0777,-0.0586,-0.0542,-0.0809,-0.0631,-0.0876,-3.902682,-2.818338,0.409003,0.0016,0.040681,0.039081,0.0109,0.02572,0.000775,0.043684,-0.048787,0.008108,-3.990232,-2.936,0.376606,0.0016,0.043736,0.042136,0.0096,0.026651,0.001737,0.030396,0.005344,0.001794
2010-06-01,201006,0.0001,-0.0191,-0.1068,-0.058,-0.0626,-0.0615,-0.0384,-0.0911,-0.0166,-0.0071,-0.065,-0.0192,-0.1069,-0.0581,-0.0627,-0.0616,-0.0385,-0.0912,-0.0167,-0.0072,-0.0651,-3.84528,-2.731819,0.424177,0.0012,0.037607,0.036407,0.0135,0.018776,-0.000976,0.044564,0.007381,0.005592,-3.902682,-2.818338,0.409003,0.0016,0.040681,0.039081,0.0109,0.02572,0.000775,0.043684,-0.048787,0.008108
2010-07-01,201007,0.0001,0.0736,0.1538,0.0981,0.0769,0.0726,0.0959,0.0461,0.0214,0.0681,0.0678,0.0735,0.1537,0.098,0.0768,0.0725,0.0958,0.046,0.0213,0.068,0.0677,-3.907028,-2.774964,0.396134,0.0016,0.037658,0.036058,0.0129,0.015557,0.000211,0.002438,0.014542,0.003349,-3.84528,-2.731819,0.424177,0.0012,0.037607,0.036407,0.0135,0.018776,-0.000976,0.044564,0.007381,0.005592
2010-08-01,201008,0.0001,-0.0117,-0.0958,-0.0557,-0.0344,-0.0653,-0.0199,-0.0397,-0.017,0.0036,-0.071,-0.0118,-0.0959,-0.0558,-0.0345,-0.0654,-0.02,-0.0398,-0.0171,0.0035,-0.0711,-3.85367,-2.703515,0.413982,0.0016,0.032708,0.031108,0.0117,0.011218,0.001381,0.070213,-0.022894,0.002705,-3.907028,-2.774964,0.396134,0.0016,0.037658,0.036058,0.0129,0.015557,0.000211,0.002438,0.014542,0.003349
2010-09-01,201009,0.0001,0.0615,0.1308,0.1016,0.092,0.1255,0.0788,0.1215,0.09,0.0365,0.0851,0.0614,0.1307,0.1015,0.0919,0.1254,0.0787,0.1214,0.0899,0.0364,0.085,-3.932875,-2.765116,0.384306,0.0015,0.034063,0.032563,0.0113,0.003338,0.000582,-0.01533,0.000935,0.002337,-3.85367,-2.703515,0.413982,0.0016,0.032708,0.031108,0.0117,0.011218,0.001381,0.070213,-0.022894,0.002705
2010-10-01,201010,0.0001,0.044,0.0854,0.0517,0.0458,0.0641,0.0456,0.0241,0.0194,0.0186,0.0203,0.0439,0.0853,0.0516,0.0457,0.064,0.0455,0.024,0.0193,0.0185,0.0202,-3.963477,-2.776162,0.372887,0.0013,0.036716,0.035416,0.0104,0.007232,0.001245,-0.031739,0.011464,0.00108,-3.932875,-2.765116,0.384306,0.0015,0.034063,0.032563,0.0113,0.003338,0.000582,-0.01533,0.000935,0.002337
2010-11-01,201011,0.0001,-0.0007,0.0732,0.0148,0.0551,-0.0073,-0.0189,0.0418,-0.0334,-0.0136,0.0049,-0.0008,0.0731,0.0147,0.055,-0.0074,-0.019,0.0417,-0.0335,-0.0137,0.0048,-3.955624,-2.749338,0.376695,0.0014,0.038026,0.036626,0.0105,0.014798,0.000421,-0.013726,0.007999,0.001738,-3.963477,-2.776162,0.372887,0.0013,0.036716,0.035416,0.0104,0.007232,0.001245,-0.031739,0.011464,0.00108
2010-12-01,201012,0.0001,0.0435,0.089,0.0699,0.0941,0.0598,0.0659,0.0321,0.0545,0.0323,0.0923,0.0434,0.0889,0.0698,0.094,0.0597,0.0658,0.032,0.0544,0.0322,0.0922,-4.013351,-2.788652,0.3581,0.0014,0.041378,0.039978,0.0108,0.012612,0.001718,-0.038814,0.035195,0.000832,-3.955624,-2.749338,0.376695,0.0014,0.038026,0.036626,0.0105,0.014798,0.000421,-0.013726,0.007999,0.001738
2011-01-01,201101,0.0001,-0.0237,-0.0024,0.0301,0.0693,0.0392,0.0005,-0.0086,-0.0072,0.0218,0.021,-0.0238,-0.0025,0.03,0.0692,0.0391,0.0004,-0.0087,-0.0073,0.0217,0.0209,-4.025501,-2.794123,0.348632,0.0015,0.0432,0.0417,0.0105,0.015368,0.004763,-0.0196,-0.0002,0.000863,-4.013351,-2.788652,0.3581,0.0014,0.041378,0.039978,0.0108,0.012612,0.001718,-0.038814,0.035195,0.000832
2011-02-01,201102,0.0001,0.0472,-0.0215,0.0343,0.0763,0.0241,0.074,0.0226,0.0333,0.0242,0.0295,0.0471,-0.0216,0.0342,0.0762,0.024,0.0739,0.0225,0.0332,0.0241,0.0294,-4.046819,-2.80894,0.339097,0.0013,0.0426,0.0413,0.0093,0.015918,0.004931,0.0113,0.0044,0.001066,-4.025501,-2.794123,0.348632,0.0015,0.0432,0.0417,0.0105,0.015368,0.004763,-0.0196,-0.0002,0.000863
2011-03-01,201103,0.0001,0.0303,0.0187,0.0184,0.0211,-0.0143,0.0168,0.011,0.0226,0.0092,-0.011,0.0302,0.0186,0.0183,0.021,-0.0144,0.0167,0.0109,0.0225,0.0091,-0.0111,-4.035734,-2.791525,0.35427,0.001,0.0429,0.0419,0.009,0.012476,0.009751,-0.0006,-0.0066,0.002347,-4.046819,-2.80894,0.339097,0.0013,0.0426,0.0413,0.0093,0.015918,0.004931,0.0113,0.0044,0.001066
2011-04-01,201104,0.0,0.0461,0.0278,0.0291,0.0158,0.0312,0.0326,0.0451,0.0625,0.04,0.0106,0.0461,0.0278,0.0291,0.0158,0.0312,0.0326,0.0451,0.0625,0.04,0.0106,-4.050968,-2.809182,0.340697,0.0006,0.0416,0.041,0.0086,0.00938,0.006439,0.0199,0.004,0.000637,-4.035734,-2.791525,0.35427,0.001,0.0429,0.0419,0.009,0.012476,0.009751,-0.0006,-0.0066,0.002347
2011-05-01,201105,0.0,0.0204,-0.0358,-0.0217,-0.0451,-0.0176,0.0077,0.0088,0.0199,0.0132,-0.0264,0.0204,-0.0358,-0.0217,-0.0451,-0.0176,0.0077,0.0088,0.0199,0.0132,-0.0264,-4.024676,-2.785257,0.347222,0.0004,0.0391,0.0387,0.0082,0.009117,0.004704,0.0355,-0.0098,0.000934,-4.050968,-2.809182,0.340697,0.0006,0.0416,0.041,0.0086,0.00938,0.006439,0.0199,0.004,0.000637
2011-06-01,201106,0.0,-0.0107,-0.0109,-0.006,-0.0231,-0.0246,-0.0138,-0.0088,-0.0187,-0.0034,-0.0211,-0.0107,-0.0109,-0.006,-0.0231,-0.0246,-0.0138,-0.0088,-0.0187,-0.0034,-0.0211,-3.99371,-2.756604,0.35157,0.0004,0.0409,0.0405,0.0076,0.011734,-0.001071,-0.0179,-0.0031,0.002295,-4.024676,-2.785257,0.347222,0.0004,0.0391,0.0387,0.0082,0.009117,0.004704,0.0355,-0.0098,0.000934
2011-07-01,201107,0.0,-0.0042,-0.0903,-0.048,0.0049,-0.0053,-0.0498,-0.0064,-0.0367,-0.0033,-0.0364,-0.0042,-0.0903,-0.048,0.0049,-0.0053,-0.0498,-0.0064,-0.0367,-0.0033,-0.0364,-3.960564,-2.722611,0.359419,0.0004,0.0378,0.0374,0.0083,0.012371,0.000886,0.0422,0.0051,0.001831,-3.99371,-2.756604,0.35157,0.0004,0.0409,0.0405,0.0076,0.011734,-0.001071,-0.0179,-0.0031,0.002295
2011-08-01,201108,0.0001,-0.0066,-0.1223,-0.0616,-0.0991,-0.0677,-0.0504,-0.0288,-0.0313,0.002,-0.0816,-0.0067,-0.1224,-0.0617,-0.0992,-0.0678,-0.0505,-0.0289,-0.0314,0.0019,-0.0817,-3.890788,-2.652008,0.375813,0.0002,0.0315,0.0313,0.0099,0.012727,0.002758,0.0862,-0.0622,0.019222,-3.960564,-2.722611,0.359419,0.0004,0.0378,0.0374,0.0083,0.012371,0.000886,0.0422,0.0051,0.001831
2011-09-01,201109,0.0,-0.0487,-0.1385,-0.1102,-0.1223,-0.0478,-0.0572,-0.0389,-0.0397,-0.0161,-0.1109,-0.0487,-0.1385,-0.1102,-0.1223,-0.0478,-0.0572,-0.0389,-0.0397,-0.0161,-0.1109,-3.805139,-2.565551,0.399923,0.0001,0.0265,0.0264,0.0118,0.013049,0.001518,0.0704,-0.0129,0.006916,-3.890788,-2.652008,0.375813,0.0002,0.0315,0.0313,0.0099,0.012727,0.002758,0.0862,-0.0622,0.019222
2011-10-01,201110,0.0,0.063,0.2307,0.1417,0.1625,0.118,0.0761,0.0975,0.0552,0.067,0.1358,0.063,0.2307,0.1417,0.1625,0.118,0.0761,0.0975,0.0552,0.067,0.1358,-3.891112,-2.667972,0.365078,0.0002,0.0291,0.0289,0.0139,0.007893,-0.002063,-0.0306,0.04,0.007401,-3.805139,-2.565551,0.399923,0.0001,0.0265,0.0264,0.0118,0.013049,0.001518,0.0704,-0.0129,0.006916
2011-11-01,201111,0.0,0.0144,-0.0868,0.0138,0.0215,-0.0198,0.003,0.0107,0.013,0.0101,-0.0204,0.0144,-0.0868,0.0138,0.0215,-0.0198,0.003,0.0107,0.013,0.0101,-0.0204,-3.86997,-2.663016,0.36233,0.0001,0.0273,0.0272,0.0127,-0.00434,-0.000844,0.0251,-0.0607,0.00768,-3.891112,-2.667972,0.365078,0.0002,0.0291,0.0289,0.0139,0.007893,-0.002063,-0.0306,0.04,0.007401
2011-12-01,201112,0.0,0.0189,-0.0103,-0.0079,-0.0035,-0.0143,0.0312,0.009,0.0347,0.0291,0.0147,0.0189,-0.0103,-0.0079,-0.0035,-0.0143,0.0312,0.009,0.0347,0.0291,0.0147,-3.86265,-2.671627,0.357233,0.0001,0.0255,0.0254,0.0132,-0.006497,-0.002467,0.027,0.0242,0.002764,-3.86997,-2.663016,0.36233,0.0001,0.0273,0.0272,0.0127,-0.00434,-0.000844,0.0251,-0.0607,0.00768
2012-01-01,201201,0.0,0.0039,0.1366,0.0678,0.0101,0.0847,0.0237,0.0406,0.0343,-0.0271,0.0723,0.0039,0.1366,0.0678,0.0101,0.0847,0.0237,0.0406,0.0343,-0.0271,0.0723,-3.893672,-2.70821,0.345487,0.0003,0.0249,0.0246,0.0138,-0.013062,0.0044,0.0002,0.0192,0.000648,-3.86265,-2.671627,0.357233,0.0001,0.0255,0.0254,0.0132,-0.006497,-0.002467,0.027,0.0242,0.002764
2012-02-01,201202,0.0,0.0393,0.0595,0.0389,0.0652,0.0663,0.0507,0.0312,0.0125,0.013,0.042,0.0393,0.0595,0.0389,0.0652,0.0663,0.0507,0.0312,0.0125,0.013,0.042,-3.921955,-2.741957,0.336974,0.0009,0.0272,0.0263,0.0129,-0.014466,0.004403,-0.0196,0.0253,0.000624,-3.893672,-2.70821,0.345487,0.0003,0.0249,0.0246,0.0138,-0.013062,0.0044,0.0002,0.0192,0.000648
2012-03-01,201203,0.0,0.039,0.0138,0.0063,-0.0327,0.0465,0.0238,0.0466,0.0395,0.0148,0.0491,0.039,0.0138,0.0063,-0.0327,0.0465,0.0238,0.0466,0.0395,0.0148,0.0491,-3.941433,-2.766805,0.346182,0.0008,0.0297,0.0289,0.0124,-0.013775,0.007595,-0.0302,-0.0001,0.001155,-3.921955,-2.741957,0.336974,0.0009,0.0272,0.0263,0.0129,-0.014466,0.004403,-0.0196,0.0253,0.000624
2012-04-01,201204,0.0,0.0081,-0.073,-0.0075,-0.0157,-0.021,0.0169,0.0095,0.006,0.017,-0.0168,0.0081,-0.073,-0.0075,-0.0157,-0.021,0.0169,0.0095,0.006,0.017,-0.0168,-3.922192,-2.761616,0.34614,0.0008,0.0268,0.026,0.0123,-0.012414,0.003021,0.0409,-0.0158,0.001628,-3.941433,-2.766805,0.346182,0.0008,0.0297,0.0289,0.0124,-0.013775,0.007595,-0.0302,-0.0001,0.001155
2012-05-01,201205,0.0001,-0.0267,-0.0782,-0.0781,-0.1057,-0.078,-0.0077,-0.0303,-0.0324,-0.0088,-0.0772,-0.0268,-0.0783,-0.0782,-0.1058,-0.0781,-0.0078,-0.0304,-0.0325,-0.0089,-0.0773,-3.845913,-2.699259,0.369047,0.0009,0.0221,0.0212,0.0127,-0.015271,-0.001173,0.0643,-0.0299,0.001496,-3.922192,-2.761616,0.34614,0.0008,0.0268,0.026,0.0123,-0.012414,0.003021,0.0409,-0.0158,0.001628
2012-06-01,201206,0.0,0.0344,-0.0543,0.0118,0.0578,0.0293,0.0702,0.0217,0.0684,0.0342,0.0491,0.0344,-0.0543,0.0118,0.0578,0.0293,0.0702,0.0217,0.0684,0.0342,0.0491,-3.873259,-2.7404,0.355104,0.0009,0.0233,0.0224,0.0138,-0.019043,-0.001466,-0.0136,0.02,0.003437,-3.845913,-2.699259,0.369047,0.0009,0.0221,0.0212,0.0127,-0.015271,-0.001173,0.0643,-0.0299,0.001496
2012-07-01,201207,0.0,0.014,-0.0035,0.0093,0.0281,-0.001,0.0415,0.0122,0.0163,0.035,-0.0123,0.014,-0.0035,0.0093,0.0281,-0.001,0.0415,0.0122,0.0163,0.035,-0.0123,-3.87094,-2.758317,0.351594,0.001,0.0216,0.0206,0.0147,-0.020321,-0.00163,0.0247,0.0365,0.001553,-3.873259,-2.7404,0.355104,0.0009,0.0233,0.0224,0.0138,-0.019043,-0.001466,-0.0136,0.02,0.003437
2012-08-01,201208,0.0001,0.0012,0.0425,0.0325,0.0236,0.048,0.0097,0.0276,0.0097,-0.0346,0.0313,0.0011,0.0424,0.0324,0.0235,0.0479,0.0096,0.0275,0.0096,-0.0347,0.0312,-3.87589,-2.783315,0.349387,0.001,0.0223,0.0213,0.0143,-0.019783,0.005565,-0.0068,-0.0025,0.000727,-3.87094,-2.758317,0.351594,0.001,0.0216,0.0206,0.0147,-0.020321,-0.00163,0.0247,0.0365,0.001553
2012-09-01,201209,0.0001,0.0094,0.034,0.017,0.0381,0.0121,0.0486,0.0192,0.0468,0.0211,0.0383,0.0093,0.0339,0.0169,0.038,0.012,0.0485,0.0191,0.0467,0.021,0.0382,-3.885427,-2.812719,0.340383,0.0011,0.0235,0.0224,0.0135,-0.017425,0.004462,-0.0146,0.002,0.001045,-3.87589,-2.783315,0.349387,0.001,0.0223,0.0213,0.0143,-0.019783,0.005565,-0.0068,-0.0025,0.000727
2012-10-01,201210,0.0001,-0.0168,0.0631,-0.006,-0.0186,-0.0634,-0.0243,-0.0103,-0.0192,0.0109,0.0093,-0.0169,0.063,-0.0061,-0.0187,-0.0635,-0.0244,-0.0104,-0.0193,0.0108,0.0092,-3.846946,-2.792693,0.349237,0.001,0.0238,0.0228,0.0111,-0.015713,-0.000389,-0.0014,0.022,0.000926,-3.885427,-2.812719,0.340383,0.0011,0.0235,0.0224,0.0135,-0.017425,0.004462,-0.0146,0.002,0.001045
2012-11-01,201211,0.0001,0.032,0.0256,0.0275,-0.0149,0.0148,0.0006,0.0147,0.0151,-0.0379,-0.0038,0.0319,0.0255,0.0274,-0.015,0.0147,0.0005,0.0146,0.015,-0.038,-0.0039,-3.831631,-2.795497,0.351138,0.0009,0.0228,0.0219,0.0101,-0.012094,-0.004738,0.0144,-0.0236,0.001903,-3.846946,-2.792693,0.349237,0.001,0.0238,0.0228,0.0111,-0.015713,-0.000389,-0.0014,0.022,0.000926
2012-12-01,201212,0.0001,-0.0226,0.076,0.0277,0.0133,0.0037,0.0115,-0.0112,-0.0053,0.0012,0.0366,-0.0227,0.0759,0.0276,0.0132,0.0036,0.0114,-0.0113,-0.0054,0.0011,0.0365,-3.82084,-2.802502,0.349032,0.0007,0.0246,0.0239,0.0098,-0.011549,-0.002693,-0.0202,0.014,0.001036,-3.831631,-2.795497,0.351138,0.0009,0.0228,0.0219,0.0101,-0.012094,-0.004738,0.0144,-0.0236,0.001903
2013-01-01,201301,0.0,0.0512,0.0336,0.0604,0.0747,0.0239,0.0485,0.0554,0.0808,0.0505,0.0676,0.0512,0.0336,0.0604,0.0747,0.0239,0.0485,0.0554,0.0808,0.0505,0.0676,-3.860853,-2.847125,0.329984,0.0007,0.0291,0.0284,0.0093,-0.008017,0.002957,-0.0332,0.0019,0.000907,-3.82084,-2.802502,0.349032,0.0007,0.0246,0.0239,0.0098,-0.011549,-0.002693,-0.0202,0.014,0.001036
2013-02-01,201302,0.0,0.0317,-0.0073,0.0128,0.0068,0.0068,0.0229,0.0084,0.0133,0.022,0.014,0.0317,-0.0073,0.0128,0.0068,0.0068,0.0229,0.0084,0.0133,0.022,0.014,-3.862751,-2.853571,0.325431,0.001,0.0285,0.0275,0.0095,-0.008864,0.00819,0.0114,-0.0021,0.001243,-3.860853,-2.847125,0.329984,0.0007,0.0291,0.0284,0.0093,-0.008017,0.002957,-0.0332,0.0019,0.000907
2013-03-01,201303,0.0,0.0506,0.0444,0.0261,0.0207,0.027,0.0564,0.0473,0.0652,0.0569,0.0419,0.0506,0.0444,0.0261,0.0207,0.027,0.0564,0.0473,0.0652,0.0569,0.0419,-3.889087,-2.884393,0.34613,0.0009,0.0287,0.0278,0.0092,-0.008911,0.002615,-0.0062,0.0044,0.000485,-3.862751,-2.853571,0.325431,0.001,0.0285,0.0275,0.0095,-0.008864,0.00819,0.0114,-0.0021,0.001243
2013-04-01,201304,0.0,0.0374,0.0394,0.0073,-0.0139,0.0038,0.0432,0.0272,0.0259,0.0513,0.0083,0.0374,0.0394,0.0073,-0.0139,0.0038,0.0432,0.0272,0.0259,0.0513,0.0083,-3.895099,-2.89004,0.340036,0.0006,0.0264,0.0258,0.0086,-0.008005,-0.00104,0.0378,-0.0029,0.001683,-3.889087,-2.884393,0.34613,0.0009,0.0287,0.0278,0.0092,-0.008911,0.002615,-0.0062,0.0044,0.000485
2013-05-01,201305,0.0,-0.0229,0.1004,0.0348,0.0303,0.0456,-0.0176,0.0223,0.0161,-0.0714,0.0594,-0.0229,0.1004,0.0348,0.0303,0.0456,-0.0176,0.0223,0.0161,-0.0714,0.0594,-3.903878,-2.898462,0.333833,0.0004,0.0309,0.0305,0.0084,-0.004705,0.00178,-0.0629,0.0093,0.001016,-3.895099,-2.89004,0.340036,0.0006,0.0264,0.0258,0.0086,-0.008005,-0.00104,0.0378,-0.0029,0.001683
2013-06-01,201306,0.0,0.0007,-0.0045,-0.0199,-0.0239,-0.0292,0.0198,-0.0003,-0.0138,0.0082,-0.012,0.0007,-0.0045,-0.0199,-0.0239,-0.0292,0.0198,-0.0003,-0.0138,0.0082,-0.012,-3.87713,-2.871366,0.338444,0.0005,0.033,0.0325,0.0092,0.000119,0.0024,-0.0285,-0.0086,0.002248,-3.903878,-2.898462,0.333833,0.0004,0.0309,0.0305,0.0084,-0.004705,0.00178,-0.0629,0.0093,0.001016
2013-07-01,201307,0.0,0.0289,0.0901,0.0621,0.0518,0.057,0.0343,0.059,0.0807,0.0458,0.0565,0.0289,0.0901,0.0621,0.0518,0.057,0.0343,0.059,0.0807,0.0458,0.0565,-3.914074,-2.907188,0.325563,0.0004,0.0344,0.034,0.0098,0.008361,0.000394,-0.0173,0.0204,0.000502,-3.87713,-2.871366,0.338444,0.0005,0.033,0.0325,0.0092,0.000119,0.0024,-0.0285,-0.0086,0.002248
2013-08-01,201308,0.0,-0.0391,-0.0103,-0.0181,-0.019,-0.0021,-0.0329,-0.0426,-0.0367,-0.0443,-0.0368,-0.0391,-0.0103,-0.0181,-0.019,-0.0021,-0.0329,-0.0426,-0.0367,-0.0443,-0.0368,-3.871068,-2.863086,0.340713,0.0004,0.0351,0.0347,0.0088,0.010332,0.001203,-0.0079,0.0005,0.00095,-3.914074,-2.907188,0.325563,0.0004,0.0344,0.034,0.0098,0.008361,0.000394,-0.0173,0.0204,0.000502
2013-09-01,201309,0.0,0.02,0.0645,0.0517,0.0197,0.0382,0.0428,0.0449,0.0417,0.0105,0.0383,0.02,0.0645,0.0517,0.0197,0.0382,0.0428,0.0449,0.0417,0.0105,0.0383,-3.889301,-2.880248,0.333521,0.0002,0.0349,0.0347,0.0083,0.010119,0.001163,0.0061,-0.0047,0.000622,-3.871068,-2.863086,0.340713,0.0004,0.0351,0.0347,0.0088,0.010332,0.001203,-0.0079,0.0005,0.00095
2013-10-01,201310,0.0,0.0482,0.0076,0.046,0.0479,0.0376,0.0585,0.0512,0.0355,0.0334,0.0383,0.0482,0.0076,0.046,0.0479,0.0376,0.0585,0.0512,0.0355,0.0334,0.0383,-3.927249,-2.903494,0.324595,0.0005,0.0342,0.0337,0.0078,0.009623,-0.002575,0.0128,0.0083,0.001438,-3.889301,-2.880248,0.333521,0.0002,0.0349,0.0347,0.0083,0.010119,0.001163,0.0061,-0.0047,0.000622
2013-11-01,201311,0.0,0.0127,0.0188,0.0297,0.0087,0.0359,0.0008,0.0369,0.045,-0.0181,0.047,0.0127,0.0188,0.0297,0.0087,0.0359,0.0008,0.0369,0.045,-0.0181,0.047,-3.949262,-2.911181,0.313685,0.0007,0.0361,0.0354,0.0075,0.010325,-0.002042,-0.0236,0.015,0.000644,-3.927249,-2.903494,0.324595,0.0005,0.0342,0.0337,0.0078,0.009623,-0.002575,0.0128,0.0083,0.001438
2013-12-01,201312,0.0,0.0247,0.0124,0.031,0.0303,0.0398,0.0398,0.0025,0.0059,0.0179,0.0315,0.0247,0.0124,0.031,0.0303,0.0398,0.0398,0.0025,0.0059,0.0179,0.0315,-3.966933,-2.914886,0.304408,0.0007,0.0378,0.0371,0.0076,0.012144,-8.6e-05,-0.0207,0.0209,0.000746,-3.949262,-2.911181,0.313685,0.0007,0.0361,0.0354,0.0075,0.010325,-0.002042,-0.0236,0.015,0.000644
2014-01-01,201401,0.0,-0.0572,-0.0362,-0.0428,-0.0689,-0.014,-0.0381,-0.0648,0.0179,0.0249,-0.0433,-0.0572,-0.0362,-0.0428,-0.0689,-0.014,-0.0381,-0.0648,0.0179,0.0249,-0.0433,-3.919,-2.876494,0.321429,0.0004,0.0342,0.0338,0.007,0.013765,0.00372,0.0548,-0.0217,0.001304,-3.966933,-2.914886,0.304408,0.0007,0.0378,0.0371,0.0076,0.012144,-8.6e-05,-0.0207,0.0209,0.000746
2014-02-01,201402,0.0,0.0346,0.0801,0.0542,0.0569,0.0515,0.0256,0.0533,0.0635,0.0309,0.0345,0.0346,0.0801,0.0542,0.0569,0.0515,0.0256,0.0533,0.0635,0.0309,0.0345,-3.949647,-2.916552,0.309163,0.0005,0.0339,0.0334,0.0065,0.016576,0.003698,0.0074,0.0094,0.001254,-3.919,-2.876494,0.321429,0.0004,0.0342,0.0338,0.007,0.013765,0.00372,0.0548,-0.0217,0.001304
2014-03-01,201403,0.0,0.0325,-0.0113,0.0031,0.0243,-0.0061,0.0015,-0.0059,-0.0247,0.0268,0.0204,0.0325,-0.0113,0.0031,0.0243,-0.0061,0.0015,-0.0059,-0.0247,0.0268,0.0204,-3.945121,-2.92131,0.350616,0.0005,0.0337,0.0332,0.0068,0.016417,0.00644,0.0063,-0.0001,0.000869,-3.949647,-2.916552,0.309163,0.0005,0.0339,0.0334,0.0065,0.016576,0.003698,0.0074,0.0094,0.001254
2014-04-01,201404,0.0,0.0149,0.0033,0.0083,0.0567,-0.0105,0.0039,-0.0093,-0.0033,0.0398,-0.0194,0.0149,0.0033,0.0083,0.0567,-0.0105,0.0039,-0.0093,-0.0033,0.0398,-0.0194,-3.94075,-2.920017,0.348011,0.0003,0.0326,0.0323,0.0066,0.016623,0.003297,0.0181,-0.0021,0.001363,-3.945121,-2.92131,0.350616,0.0005,0.0337,0.0332,0.0068,0.016417,0.00644,0.0063,-0.0001,0.000869
2014-05-01,201405,0.0,0.0337,0.0069,0.0127,0.0088,0.0342,0.0411,0.0099,0.0185,0.0001,0.0178,0.0337,0.0069,0.0127,0.0088,0.0342,0.0411,0.0099,0.0185,0.0001,0.0178,-3.951119,-2.93341,0.345173,0.0003,0.0309,0.0306,0.006,0.013985,0.003493,0.0279,-0.0091,0.000555,-3.94075,-2.920017,0.348011,0.0003,0.0326,0.0323,0.0066,0.016623,0.003297,0.0181,-0.0021,0.001363
2014-06-01,201406,0.0,0.012,0.0445,0.0141,0.0412,0.0286,0.0154,0.0126,0.0287,0.0543,0.0244,0.012,0.0445,0.0141,0.0412,0.0286,0.0154,0.0126,0.0287,0.0543,0.0244,-3.959663,-2.944924,0.342928,0.0004,0.0313,0.0309,0.0055,0.013885,0.001862,-0.0025,0.0045,0.000282,-3.951119,-2.93341,0.345173,0.0003,0.0309,0.0306,0.006,0.013985,0.003493,0.0279,-0.0091,0.000555
2014-07-01,201407,0.0,-0.0435,-0.0471,-0.0413,-0.0356,0.0015,0.008,-0.0202,-0.0034,-0.064,-0.0226,-0.0435,-0.0471,-0.0413,-0.0356,0.0015,0.008,-0.0202,-0.0034,-0.064,-0.0226,-3.934584,-2.920591,0.34838,0.0003,0.031,0.0307,0.0057,0.008438,-0.00039,0.0057,-0.0033,0.000949,-3.959663,-2.944924,0.342928,0.0004,0.0313,0.0309,0.0055,0.013885,0.001862,-0.0025,0.0045,0.000282
2014-08-01,201408,0.0,0.0556,0.0507,0.0483,0.0232,0.0424,0.0033,0.0501,0.0554,0.0531,0.0411,0.0556,0.0507,0.0483,0.0232,0.0424,0.0033,0.0501,0.0554,0.0531,0.0411,-3.96176,-2.948499,0.337476,0.0003,0.0287,0.0284,0.0061,0.006739,-0.001671,0.0369,-0.0013,0.000546,-3.934584,-2.920591,0.34838,0.0003,0.031,0.0307,0.0057,0.008438,-0.00039,0.0057,-0.0033,0.000949
2014-09-01,201409,0.0,-0.0007,-0.0938,-0.025,-0.0783,-0.014,-0.0145,-0.0133,-0.0022,-0.0338,-0.0111,-0.0007,-0.0938,-0.025,-0.0783,-0.014,-0.0145,-0.0133,-0.0022,-0.0338,-0.0111,-3.936432,-2.923889,0.338576,0.0002,0.03,0.0298,0.0069,0.007991,0.000753,-0.017,-0.0101,0.000721,-3.96176,-2.948499,0.337476,0.0003,0.0287,0.0284,0.0061,0.006739,-0.001671,0.0369,-0.0013,0.000546
2014-10-01,201410,0.0,0.0269,0.0349,0.0241,-0.0419,0.0158,0.013,0.0271,0.0592,0.0671,0.0341,0.0269,0.0349,0.0241,-0.0419,0.0158,0.013,0.0271,0.0592,0.0671,0.0341,-3.951189,-2.958374,0.331808,0.0002,0.0282,0.028,0.0077,0.008032,-0.002512,0.03,-0.0075,0.002944,-3.936432,-2.923889,0.338576,0.0002,0.03,0.0298,0.0069,0.007991,0.000753,-0.017,-0.0101,0.000721
2014-11-01,201411,0.0,0.0479,0.0442,0.0228,-0.0957,0.0428,0.0246,0.0751,0.0252,0.0026,0.0251,0.0479,0.0442,0.0228,-0.0957,0.0428,0.0246,0.0751,0.0252,0.0026,0.0251,-3.967313,-2.994295,0.323662,0.0002,0.0264,0.0262,0.0087,0.006892,-0.005399,0.0286,-0.0113,0.00015,-3.951189,-2.958374,0.331808,0.0002,0.0282,0.028,0.0077,0.008032,-0.002512,0.03,-0.0075,0.002944
2014-12-01,201412,0.0,-0.0241,0.0035,-0.0008,0.0054,-0.0126,-0.0205,0.016,-0.0083,0.0186,0.0118,-0.0241,0.0035,-0.0008,0.0054,-0.0126,-0.0205,0.016,-0.0083,0.0186,0.0118,-3.955067,-3.00192,0.323756,0.0003,0.0246,0.0243,0.0095,0.005625,-0.00567,0.029,-0.0107,0.001993,-3.967313,-2.994295,0.323662,0.0002,0.0264,0.0262,0.0087,0.006892,-0.005399,0.0286,-0.0113,0.00015
2015-01-01,201501,0.0,-0.0056,-0.0428,-0.0375,-0.0431,-0.0346,-0.0447,-0.004,0.0158,0.0124,-0.064,-0.0056,-0.0428,-0.0375,-0.0431,-0.0346,-0.0447,-0.004,0.0158,0.0124,-0.064,-3.912077,-2.980407,0.336169,0.0003,0.02,0.0197,0.0099,0.000191,-0.004706,0.0709,-0.011,0.002227,-3.955067,-3.00192,0.323756,0.0003,0.0246,0.0243,0.0095,0.005625,-0.00567,0.029,-0.0107,0.001993
2015-02-01,201502,0.0,0.0513,0.0802,0.0615,0.0472,0.0822,0.0892,0.0567,0.04,-0.0436,0.0724,0.0513,0.0802,0.0615,0.0472,0.0822,0.0892,0.0567,0.04,-0.0436,0.0724,-3.954189,-3.043967,0.318227,0.0002,0.0238,0.0236,0.009,-0.003767,0.004343,-0.0523,0.0203,0.000814,-3.912077,-2.980407,0.336169,0.0003,0.02,0.0197,0.0099,0.000191,-0.004706,0.0709,-0.011,0.002227
2015-03-01,201503,0.0,-0.0242,-0.0058,-0.0205,-0.0249,-0.0251,-0.0212,0.0066,0.0086,-0.0031,-0.0061,-0.0242,-0.0058,-0.0205,-0.0249,-0.0251,-0.0212,0.0066,0.0086,-0.0031,-0.0061,-3.92544,-3.036642,0.307454,0.0003,0.023,0.0227,0.009,-0.00689,0.005952,0.0137,-0.0079,0.00172,-3.954189,-3.043967,0.318227,0.0002,0.0238,0.0236,0.009,-0.003767,0.004343,-0.0523,0.0203,0.000814
2015-04-01,201504,0.0,0.0081,-0.0071,-0.0076,0.0665,0.0144,0.0363,-0.0209,-0.0155,0.0028,0.0062,0.0081,-0.0071,-0.0076,0.0665,0.0144,0.0363,-0.0209,-0.0155,0.0028,0.0062,-3.926313,-3.05981,0.306344,0.0002,0.0249,0.0247,0.0096,-0.007075,0.002033,-0.025,0.0027,0.000574,-3.92544,-3.036642,0.307454,0.0003,0.023,0.0227,0.009,-0.00689,0.005952,0.0137,-0.0079,0.00172
2015-05-01,201505,0.0,0.015,0.0099,0.0088,-0.0511,0.0193,0.0033,0.0107,0.0499,-0.0043,0.0172,0.015,0.0099,0.0088,-0.0511,0.0193,0.0033,0.0107,0.0499,-0.0043,0.0172,-3.929195,-3.085149,0.30345,0.0002,0.0262,0.026,0.0091,-0.008078,0.005097,-0.0159,-0.0045,0.000887,-3.926313,-3.05981,0.306344,0.0002,0.0249,0.0247,0.0096,-0.007075,0.002033,-0.025,0.0027,0.000574
2015-06-01,201506,0.0,-0.0153,-0.0185,-0.0199,-0.0375,-0.0359,-0.0055,-0.0061,0.0037,-0.0527,0.0003,-0.0153,-0.0185,-0.0199,-0.0375,-0.0359,-0.0055,-0.0061,0.0037,-0.0527,0.0003,-3.900462,-3.079041,0.310187,0.0002,0.0285,0.0283,0.0094,-0.008725,0.003503,-0.0298,-0.0022,0.001052,-3.929195,-3.085149,0.30345,0.0002,0.0262,0.026,0.0091,-0.008078,0.005097,-0.0159,-0.0045,0.000887
2015-07-01,201507,0.0,0.0496,-0.0231,-0.02,-0.0895,0.0221,0.0152,0.0514,0.035,0.0265,0.0182,0.0496,-0.0231,-0.02,-0.0895,0.0221,0.0152,0.0514,0.035,0.0265,0.0182,-3.913894,-3.113629,0.308953,0.0003,0.0263,0.026,0.0105,-0.008358,6.7e-05,0.0329,-0.009,0.00116,-3.900462,-3.079041,0.310187,0.0002,0.0285,0.0283,0.0094,-0.008725,0.003503,-0.0298,-0.0022,0.001052
2015-08-01,201508,0.0,-0.041,-0.0598,-0.0561,-0.0365,-0.0583,-0.0838,-0.053,-0.0838,-0.0408,-0.0617,-0.041,-0.0598,-0.0561,-0.0365,-0.0583,-0.0838,-0.053,-0.0838,-0.0408,-0.0617,-3.84319,-3.064273,0.330671,0.0007,0.0264,0.0257,0.0115,-0.010161,-0.001416,0.0012,-0.0079,0.005847,-3.913894,-3.113629,0.308953,0.0003,0.0263,0.026,0.0105,-0.008358,6.7e-05,0.0329,-0.009,0.00116
2015-09-01,201509,0.0,-0.0056,-0.0345,-0.0424,-0.0575,-0.0132,-0.025,-0.0206,-0.0692,-0.005,-0.0306,-0.0056,-0.0345,-0.0424,-0.0575,-0.0132,-0.025,-0.0206,-0.0692,-0.005,-0.0306,-3.810347,-3.05298,0.335612,0.0002,0.0253,0.0251,0.0127,-0.013638,-0.001557,0.0174,-0.0041,0.004053,-3.84319,-3.064273,0.330671,0.0007,0.0264,0.0257,0.0115,-0.010161,-0.001416,0.0012,-0.0079,0.005847
2015-10-01,201510,0.0,0.068,0.0696,0.0941,0.1217,0.1012,0.0907,0.0482,0.0751,0.0209,0.0657,0.068,0.0696,0.0941,0.1217,0.1012,0.0907,0.0482,0.0751,0.0209,0.0657,-3.88321,-3.148001,0.309414,0.0002,0.0259,0.0257,0.0139,-0.016833,-0.00045,-0.0053,0.0073,0.001619,-3.810347,-3.05298,0.335612,0.0002,0.0253,0.0251,0.0127,-0.013638,-0.001557,0.0174,-0.0041,0.004053
2015-11-01,201511,0.0,-0.0092,0.0196,0.0041,0.0106,0.0115,-0.0192,0.011,0.0058,-0.0342,0.0138,-0.0092,0.0196,0.0041,0.0106,0.0115,-0.0192,0.011,0.0058,-0.0342,0.0138,-3.876904,-3.164045,0.308429,0.0012,0.0265,0.0253,0.014,-0.018438,-0.002111,-0.0065,0.0085,0.001119,-3.88321,-3.148001,0.309414,0.0002,0.0259,0.0257,0.0139,-0.016833,-0.00045,-0.0053,0.0073,0.001619
2015-12-01,201512,0.0001,0.0078,-0.0408,-0.0254,-0.096,-0.0252,-0.0296,0.0004,0.0032,-0.0239,-0.0267,0.0077,-0.0409,-0.0255,-0.0961,-0.0253,-0.0297,0.0003,0.0031,-0.024,-0.0268,-3.852454,-3.162143,0.313649,0.0023,0.0268,0.0245,0.0149,-0.022252,-0.003417,-0.0022,0.0022,0.002838,-3.876904,-3.164045,0.308429,0.0012,0.0265,0.0253,0.014,-0.018438,-0.002111,-0.0065,0.0085,0.001119
2016-01-01,201601,0.0001,0.0017,-0.1233,-0.0571,-0.0437,-0.0596,0.0039,-0.0453,-0.1012,0.0467,-0.0873,0.0016,-0.1234,-0.0572,-0.0438,-0.0597,0.0038,-0.0454,-0.1013,0.0466,-0.0874,-3.796644,-3.110423,0.331911,0.0026,0.0236,0.021,0.0145,-0.020944,0.001653,0.0476,-0.0409,0.004301,-3.852454,-3.162143,0.313649,0.0023,0.0268,0.0245,0.0149,-0.022252,-0.003417,-0.0022,0.0022,0.002838
2016-02-01,201602,0.0002,0.0059,0.0409,0.033,-0.0295,-0.0088,0.0091,0.0011,-0.0097,0.0172,-0.0042,0.0057,0.0407,0.0328,-0.0297,-0.009,0.0089,0.0009,-0.0099,0.017,-0.0044,-3.788779,-3.106633,0.330902,0.0031,0.0217,0.0186,0.0138,-0.024716,0.000823,0.0294,-0.0062,0.002602,-3.796644,-3.110423,0.331911,0.0026,0.0236,0.021,0.0145,-0.020944,0.001653,0.0476,-0.0409,0.004301
2016-03-01,201603,0.0002,0.0496,0.1065,0.0691,0.1089,0.0849,0.0616,0.0556,0.0395,0.0784,0.0715,0.0494,0.1063,0.0689,0.1087,0.0847,0.0614,0.0554,0.0393,0.0782,0.0713,-3.848969,-3.170885,0.327955,0.0029,0.0218,0.0189,0.0131,-0.02371,0.004306,-0.0003,0.0426,0.001274,-3.788779,-3.106633,0.330902,0.0031,0.0217,0.0186,0.0138,-0.024716,0.000823,0.0294,-0.0062,0.002602
2016-04-01,201604,0.0001,0.0027,0.0154,0.0229,0.0917,-0.042,0.0069,-0.0055,0.0496,-0.008,0.0241,0.0026,0.0153,0.0228,0.0916,-0.0421,0.0068,-0.0056,0.0495,-0.0081,0.024,-3.847238,-3.171731,0.326321,0.0023,0.0223,0.02,0.0117,-0.02421,0.004741,-0.0053,0.0199,0.000818,-3.848969,-3.170885,0.327955,0.0029,0.0218,0.0189,0.0131,-0.02371,0.004306,-0.0003,0.0426,0.001274
2016-05-01,201605,0.0001,0.0074,-0.0109,-0.0053,-0.0059,0.0514,0.0017,0.0096,0.0242,0.0224,0.012,0.0073,-0.011,-0.0054,-0.006,0.0513,0.0016,0.0095,0.0241,0.0223,0.0119,-3.85804,-3.185094,0.326072,0.0027,0.0219,0.0192,0.0103,-0.027048,0.004046,0.0082,-0.0066,0.000996,-3.847238,-3.171731,0.326321,0.0023,0.0223,0.02,0.0117,-0.02421,0.004741,-0.0053,0.0199,0.000818
2016-06-01,201606,0.0002,0.0474,-0.0548,0.0091,0.0255,-0.0174,0.0355,0.0073,-0.0017,0.0743,-0.0307,0.0472,-0.055,0.0089,0.0253,-0.0176,0.0353,0.0071,-0.0019,0.0741,-0.0309,-3.854562,-3.184161,0.323475,0.0027,0.0179,0.0152,0.0103,-0.028679,0.003284,0.059,-0.0213,0.002864,-3.85804,-3.185094,0.326072,0.0027,0.0219,0.0192,0.0103,-0.027048,0.004046,0.0082,-0.0066,0.000996
2016-07-01,201607,0.0002,-0.0006,0.0858,0.0407,-0.0273,0.0753,0.0225,0.0384,0.0616,-0.0025,0.0373,-0.0008,0.0856,0.0405,-0.0275,0.0751,0.0223,0.0382,0.0614,-0.0027,0.0371,-3.88532,-3.210865,0.314661,0.003,0.0175,0.0145,0.0094,-0.032019,-0.001618,0.0081,0.0164,0.000478,-3.854562,-3.184161,0.323475,0.0027,0.0179,0.0152,0.0103,-0.028679,0.003284,0.059,-0.0213,0.002864
2016-08-01,201608,0.0002,-0.0061,0.0025,0.014,0.0161,0.0179,-0.0317,-0.0136,-0.0315,-0.0378,0.0329,-0.0063,0.0023,0.0138,0.0159,0.0177,-0.0319,-0.0138,-0.0317,-0.038,0.0327,-3.879885,-3.201425,0.315197,0.003,0.0186,0.0156,0.0092,-0.030786,0.000918,-0.014,0.0156,0.000279,-3.88532,-3.210865,0.314661,0.003,0.0175,0.0145,0.0094,-0.032019,-0.001618,0.0081,0.0164,0.000478
2016-09-01,201609,0.0002,-0.0248,-0.0154,-0.0002,0.0281,0.0222,0.0047,-0.0062,0.006,0.0183,-0.0102,-0.025,-0.0156,-0.0004,0.0279,0.022,0.0045,-0.0064,0.0058,0.0181,-0.0104,-3.874452,-3.192038,0.316794,0.0029,0.0196,0.0167,0.009,-0.032607,0.002404,-0.0124,0.0005,0.001673,-3.879885,-3.201425,0.315197,0.003,0.0186,0.0156,0.0092,-0.030786,0.000918,-0.014,0.0156,0.000279
2016-10-01,201610,0.0002,-0.0018,-0.0377,-0.0255,-0.0296,-0.0112,-0.0305,-0.0412,-0.0753,-0.0066,0.0077,-0.002,-0.0379,-0.0257,-0.0298,-0.0114,-0.0307,-0.0414,-0.0755,-0.0068,0.0075,-3.849851,-3.152198,0.319688,0.0033,0.022,0.0187,0.0087,-0.029038,0.001247,-0.0314,0.0051,0.000364,-3.874452,-3.192038,0.316794,0.0029,0.0196,0.0167,0.009,-0.032607,0.002404,-0.0124,0.0005,0.001673
2016-11-01,201611,0.0001,-0.0387,0.0755,0.0629,0.0959,0.0074,0.0654,0.0428,0.0239,-0.0265,0.115,-0.0388,0.0754,0.0628,0.0958,0.0073,0.0653,0.0427,0.0238,-0.0266,0.1149,-3.878495,-3.16598,0.303286,0.0045,0.0267,0.0222,0.0085,-0.027456,-0.001555,-0.0599,0.0089,0.000946,-3.849851,-3.152198,0.319688,0.0033,0.022,0.0187,0.0087,-0.029038,0.001247,-0.0314,0.0051,0.000364
2016-12-01,201612,0.0003,0.0346,0.0398,0.0049,0.0197,0.0092,0.0489,-0.003,0.0069,0.0361,0.0296,0.0343,0.0395,0.0046,0.0194,0.0089,0.0486,-0.0033,0.0066,0.0358,0.0293,-3.891597,-3.16458,0.293479,0.0051,0.0272,0.0221,0.0077,-0.025108,0.000327,-0.0057,0.0116,0.000524,-3.878495,-3.16598,0.303286,0.0045,0.0267,0.0222,0.0085,-0.027456,-0.001555,-0.0599,0.0089,0.000946
2017-01-01,201701,0.0004,0.0169,0.0294,0.0334,-0.0429,0.046,0.0333,0.0111,0.0202,0.0109,0.0093,0.0165,0.029,0.033,-0.0433,0.0456,0.0329,0.0107,0.0198,0.0105,0.0089,-3.904363,-3.162272,0.29198,0.0051,0.0278,0.0227,0.0074,-0.022662,0.005828,0.0043,-0.0064,0.000336,-3.891597,-3.16458,0.293479,0.0051,0.0272,0.0221,0.0077,-0.025108,0.000327,-0.0057,0.0116,0.000524
2017-02-01,201702,0.0004,0.0375,0.0072,0.0417,-0.0246,0.0484,-0.0012,0.0288,0.0697,0.0385,0.0372,0.0371,0.0068,0.0413,-0.025,0.048,-0.0016,0.0284,0.0693,0.0381,0.0368,-3.935949,-3.179154,0.278678,0.0052,0.027,0.0218,0.0069,-0.018713,0.003146,0.0137,0.0075,0.000224,-3.904363,-3.162272,0.29198,0.0051,0.0278,0.0227,0.0074,-0.022662,0.005828,0.0043,-0.0064,0.000336
2017-03-01,201703,0.0003,0.0088,0.0024,0.0013,-0.012,0.0211,0.0088,0.0079,0.0004,0.0038,-0.0162,0.0085,0.0021,0.001,-0.0123,0.0208,0.0085,0.0076,0.0001,0.0035,-0.0165,-3.930648,-3.159503,0.281599,0.0074,0.0274,0.02,0.0067,-0.016199,0.000813,-0.004,-0.0022,0.000575,-3.935949,-3.179154,0.278678,0.0052,0.027,0.0218,0.0069,-0.018713,0.003146,0.0137,0.0075,0.000224
2017-04-01,201704,0.0005,0.0051,0.0169,0.0187,-0.0273,0.0255,0.0011,0.0265,0.0093,0.0032,0.0039,0.0046,0.0164,0.0182,-0.0278,0.025,0.0006,0.026,0.0088,0.0027,0.0034,-3.933704,-3.156232,0.27787,0.008,0.0265,0.0185,0.007,-0.015575,0.002966,0.0145,0.0031,0.000391,-3.930648,-3.159503,0.281599,0.0074,0.0274,0.02,0.0067,-0.016199,0.000813,-0.004,-0.0022,0.000575
2017-05-01,201705,0.0006,0.0322,-0.0015,0.0127,-0.0338,0.0411,-0.0152,0.0167,-0.0027,0.0244,-0.004,0.0316,-0.0021,0.0121,-0.0344,0.0405,-0.0158,0.0161,-0.0033,0.0238,-0.0046,-3.939255,-3.15557,0.276969,0.0089,0.0256,0.0167,0.007,-0.010186,0.000855,0.0158,0.0068,0.000503,-3.933704,-3.156232,0.27787,0.008,0.0265,0.0185,0.007,-0.015575,0.002966,0.0145,0.0031,0.000391
2017-06-01,201706,0.0006,-0.0112,0.0335,0.0122,-0.0014,-0.0203,-0.0246,-0.0188,0.0553,-0.0191,0.0439,-0.0118,0.0329,0.0116,-0.002,-0.0209,-0.0252,-0.0194,0.0547,-0.0197,0.0433,-3.938134,-3.148348,0.272545,0.0098,0.0258,0.016,0.0069,-0.009785,0.000907,-0.001,0.0118,0.000448,-3.939255,-3.15557,0.276969,0.0089,0.0256,0.0167,0.007,-0.010186,0.000855,0.0158,0.0068,0.000503
2017-07-01,201707,0.0007,-0.0006,-0.0101,0.0217,0.0204,0.0361,0.0533,0.002,0.0069,0.0299,0.0144,-0.0013,-0.0108,0.021,0.0197,0.0354,0.0526,0.0013,0.0062,0.0292,0.0137,-3.950586,-3.157754,0.265804,0.0107,0.0262,0.0155,0.0069,-0.013165,-0.00069,-0.0027,0.0087,0.000259,-3.938134,-3.148348,0.272545,0.0098,0.0258,0.016,0.0069,-0.009785,0.000907,-0.001,0.0118,0.000448
2017-08-01,201708,0.0009,-0.0175,0.0003,0.0033,-0.0513,0.03,-0.0248,-0.016,0.0259,0.0218,-0.0057,-0.0184,-0.0006,0.0024,-0.0522,0.0291,-0.0257,-0.0169,0.025,0.0209,-0.0066,-3.944464,-3.148636,0.265114,0.0101,0.0242,0.0141,0.0068,-0.012214,0.002994,0.0289,-0.0136,0.000753,-3.950586,-3.157754,0.265804,0.0107,0.0262,0.0155,0.0069,-0.013165,-0.00069,-0.0027,0.0087,0.000259
2017-09-01,201709,0.0009,-0.0038,0.0539,0.0394,0.1094,0.006,-0.015,0.0249,0.0208,-0.0195,0.0457,-0.0047,0.053,0.0385,0.1085,0.0051,-0.0159,0.024,0.0199,-0.0204,0.0448,-3.956959,-3.158184,0.259706,0.0103,0.0259,0.0156,0.0067,-0.011086,0.005295,-0.0205,0.0168,0.000257,-3.944464,-3.148636,0.265114,0.0101,0.0242,0.0141,0.0068,-0.012214,0.002994,0.0289,-0.0136,0.000753
2017-10-01,201710,0.0009,0.0008,0.0131,0.0276,0.0047,0.0689,-0.0558,0.0269,-0.0225,0.0302,0.0222,-0.0001,0.0122,0.0267,0.0038,0.068,-0.0567,0.026,-0.0234,0.0293,0.0213,-3.973667,-3.171451,0.248906,0.0107,0.0261,0.0154,0.0072,-0.012379,-0.000632,-0.0013,0.0089,0.000218,-3.956959,-3.158184,0.259706,0.0103,0.0259,0.0156,0.0067,-0.011086,0.005295,-0.0205,0.0168,0.000257
2017-11-01,201711,0.0008,0.0407,-0.0049,0.0347,0.0299,0.0106,0.0401,0.0777,0.0248,0.0242,0.0392,0.0399,-0.0057,0.0339,0.0291,0.0098,0.0393,0.0769,0.024,0.0234,0.0384,-3.97217,-3.16656,0.239727,0.0123,0.026,0.0137,0.007,-0.012193,2.4e-05,0.0036,-0.0016,0.000355,-3.973667,-3.171451,0.248906,0.0107,0.0261,0.0154,0.0072,-0.012379,-0.000632,-0.0013,0.0089,0.000218
2017-12-01,201712,0.0009,0.0201,-0.0072,0.0228,0.05,-0.0018,0.0449,0.0254,-0.0016,-0.0498,0.0136,0.0192,-0.0081,0.0219,0.0491,-0.0027,0.044,0.0245,-0.0025,-0.0507,0.0127,-4.000753,-3.191796,0.235393,0.0132,0.0254,0.0122,0.0071,-0.01988,-0.000588,0.0102,0.0154,0.000244,-3.97217,-3.16656,0.239727,0.0123,0.026,0.0137,0.007,-0.012193,2.4e-05,0.0036,-0.0016,0.000355
2018-01-01,201801,0.0011,0.0193,0.0275,0.0409,0.0277,0.0774,0.0315,0.0938,0.0639,-0.0281,0.0591,0.0182,0.0264,0.0398,0.0266,0.0763,0.0304,0.0927,0.0628,-0.0292,0.058,-4.048141,-3.229727,0.222519,0.0141,0.0284,0.0143,0.0071,-0.019044,0.005448,-0.0315,0.0072,0.000774,-4.000753,-3.191796,0.235393,0.0132,0.0254,0.0122,0.0071,-0.01988,-0.000588,0.0102,0.0154,0.000244
2018-02-01,201802,0.0011,-0.0622,-0.0604,-0.0403,-0.1078,-0.0001,-0.0705,-0.0448,-0.0349,-0.0454,-0.0332,-0.0633,-0.0615,-0.0414,-0.1089,-0.0012,-0.0716,-0.0459,-0.036,-0.0465,-0.0343,-4.001198,-3.17355,0.232478,0.0157,0.0301,0.0144,0.0069,-0.018321,0.004535,-0.0224,-0.0089,0.005362,-4.048141,-3.229727,0.222519,0.0141,0.0284,0.0143,0.0071,-0.019044,0.005448,-0.0315,0.0072,0.000774
2018-03-01,201803,0.0012,-0.0108,-0.0557,-0.0224,0.0307,-0.0313,-0.0253,-0.0258,-0.0239,0.0317,-0.0265,-0.012,-0.0569,-0.0236,0.0295,-0.0325,-0.0265,-0.027,-0.0251,0.0305,-0.0277,-3.96678,-3.130113,0.259537,0.017,0.0285,0.0115,0.0077,-0.018222,0.002261,0.0259,-0.0135,0.003247,-4.001198,-3.17355,0.232478,0.0157,0.0301,0.0144,0.0069,-0.018321,0.004535,-0.0224,-0.0089,0.005362
2018-04-01,201804,0.0014,-0.0395,-0.003,-0.0342,0.0993,-0.0016,-0.0231,0.0378,-0.0005,0.0278,0.0059,-0.0409,-0.0044,-0.0356,0.0979,-0.003,-0.0245,0.0364,-0.0019,0.0264,0.0045,-3.962935,-3.112704,0.258892,0.0176,0.03,0.0124,0.0082,-0.018607,0.003975,-0.0177,-0.0023,0.002363,-3.96678,-3.130113,0.259537,0.017,0.0285,0.0115,0.0077,-0.018222,0.002261,0.0259,-0.0135,0.003247
2018-05-01,201805,0.0014,-0.0058,0.0311,0.025,0.0339,0.068,-0.0131,0.0085,0.0238,0.0027,0.0145,-0.0072,0.0297,0.0236,0.0325,0.0666,-0.0145,0.0071,0.0224,0.0013,0.0131,-3.977797,-3.114355,0.256213,0.0186,0.0289,0.0103,0.0083,-0.018934,0.004159,0.0164,-0.0024,0.000923,-3.962935,-3.112704,0.258892,0.0176,0.03,0.0124,0.0082,-0.018607,0.003975,-0.0177,-0.0023,0.002363
2018-06-01,201806,0.0014,0.0433,0.0061,-0.0098,0.005,-0.0041,0.0651,0.0293,0.0147,0.0257,-0.0094,0.0419,0.0047,-0.0112,0.0036,-0.0055,0.0637,0.0279,0.0133,0.0243,-0.0108,-3.976152,-3.09984,0.257737,0.019,0.0291,0.0101,0.0087,-0.022101,0.001594,0.0007,-0.0131,0.000623,-3.977797,-3.114355,0.256213,0.0186,0.0289,0.0103,0.0083,-0.018934,0.004159,0.0164,-0.0024,0.000923
2018-07-01,201807,0.0016,0.0287,-0.0116,0.0522,0.0111,0.0255,0.0273,0.0308,0.059,0.0168,0.0374,0.0271,-0.0132,0.0506,0.0095,0.0239,0.0257,0.0292,0.0574,0.0152,0.0358,-4.002762,-3.113929,0.246138,0.0196,0.0302,0.0106,0.0092,-0.017096,6.7e-05,-0.0131,0.0232,0.000654,-3.976152,-3.09984,0.257737,0.019,0.0291,0.0101,0.0087,-0.022101,0.001594,0.0007,-0.0131,0.000623
2018-08-01,201808,0.0016,-0.0116,-0.0054,-0.0037,-0.0284,0.0715,0.0289,0.0799,0.045,0.0093,0.024,-0.0132,-0.007,-0.0053,-0.03,0.0699,0.0273,0.0783,0.0434,0.0077,0.0224,-4.023875,-3.122889,0.240928,0.0203,0.0293,0.009,0.0089,-0.021451,0.000556,0.0152,-0.0094,0.000471,-4.002762,-3.113929,0.246138,0.0196,0.0302,0.0106,0.0092,-0.017096,6.7e-05,-0.0131,0.0232,0.000654
2018-09-01,201809,0.0015,0.0071,-0.0369,0.0125,0.0337,-0.0005,0.0179,0.0055,0.0208,-0.0057,-0.015,0.0056,-0.0384,0.011,0.0322,-0.002,0.0164,0.004,0.0193,-0.0072,-0.0165,-4.019533,-3.106745,0.236434,0.0213,0.0334,0.0121,0.009,-0.020834,0.001162,-0.0518,0.0398,0.00023,-4.023875,-3.122889,0.240928,0.0203,0.0293,0.009,0.0089,-0.021451,0.000556,0.0152,-0.0094,0.000471
2018-10-01,201810,0.0019,-0.0022,-0.0299,-0.0979,-0.1173,-0.0882,-0.0041,-0.088,-0.0879,-0.0006,-0.0676,-0.0041,-0.0318,-0.0998,-0.1192,-0.0901,-0.006,-0.0899,-0.0898,-0.0025,-0.0695,-3.938669,-3.029716,0.249073,0.0225,0.0352,0.0127,0.0093,-0.021217,0.001767,-0.0204,-0.0119,0.004578,-4.019533,-3.106745,0.236434,0.0213,0.0334,0.0121,0.009,-0.020834,0.001162,-0.0518,0.0398,0.00023
2018-11-01,201811,0.0018,0.0049,0.0524,0.0468,-0.022,-0.0158,0.0252,0.0264,0.0641,0.0326,0.0284,0.0031,0.0506,0.045,-0.0238,-0.0176,0.0234,0.0246,0.0623,0.0308,0.0266,-3.947516,-3.042344,0.24495,0.0233,0.0317,0.0084,0.01,-0.024593,-0.003349,0.0505,-0.0434,0.002838,-3.938669,-3.029716,0.249073,0.0225,0.0352,0.0127,0.0093,-0.021217,0.001767,-0.0204,-0.0119,0.004578
2018-12-01,201812,0.0019,-0.1131,-0.1158,-0.087,-0.1306,-0.0822,-0.087,-0.0901,-0.0824,-0.0477,-0.1082,-0.115,-0.1177,-0.0889,-0.1325,-0.0841,-0.0889,-0.092,-0.0843,-0.0496,-0.1101,-3.842472,-2.94103,0.268167,0.0237,0.0284,0.0047,0.0111,-0.019228,-0.003194,0.0481,-0.0111,0.006793,-3.947516,-3.042344,0.24495,0.0233,0.0317,0.0084,0.01,-0.024593,-0.003349,0.0505,-0.0434,0.002838
2019-01-01,201901,0.0021,0.0729,0.1103,0.0966,0.1034,0.093,0.0545,0.0832,0.0531,0.0538,0.0974,0.0708,0.1082,0.0945,0.1013,0.0909,0.0524,0.0811,0.051,0.0517,0.0953,-3.910869,-3.011749,0.250229,0.0237,0.0271,0.0034,0.0119,-0.019305,0.001907,0.008,0.0197,0.003011,-3.842472,-2.94103,0.268167,0.0237,0.0284,0.0047,0.0111,-0.019228,-0.003194,0.0481,-0.0111,0.006793
2019-02-01,201902,0.0018,0.0134,0.0374,0.052,0.0247,0.0566,0.0304,0.008,0.033,0.0355,0.0308,0.0116,0.0356,0.0502,0.0229,0.0548,0.0286,0.0062,0.0312,0.0337,0.029,-3.932873,-3.036047,0.241382,0.0239,0.0268,0.0029,0.0116,-0.023159,0.004227,-0.0091,0.0017,0.000532,-3.910869,-3.011749,0.250229,0.0237,0.0271,0.0034,0.0119,-0.019305,0.001907,0.008,0.0197,0.003011
2019-03-01,201903,0.0019,0.0367,-0.05,-0.0088,0.0202,0.0376,0.006,0.0339,0.0051,0.0333,-0.0136,0.0348,-0.0519,-0.0107,0.0183,0.0357,0.0041,0.032,0.0032,0.0314,-0.0155,-3.9434,-3.048839,0.24427,0.024,0.0257,0.0017,0.0107,-0.023231,0.005641,0.0447,0.0038,0.001107,-3.932873,-3.036047,0.241382,0.0239,0.0268,0.0029,0.0116,-0.023159,0.004227,-0.0091,0.0017,0.000532
2019-04-01,201904,0.0021,0.0313,0.0341,0.0404,0.0022,0.0581,0.0598,0.0462,-0.0316,0.01,0.0667,0.0292,0.032,0.0383,0.0001,0.056,0.0577,0.0441,-0.0337,0.0079,0.0646,-3.975065,-3.08522,0.238168,0.0238,0.0253,0.0015,0.0101,-0.0217,0.005295,-0.0126,0.0037,0.000374,-3.9434,-3.048839,0.24427,0.024,0.0257,0.0017,0.0107,-0.023231,0.005641,0.0447,0.0038,0.001107
2019-05-01,201905,0.0021,-0.0562,-0.1224,-0.0917,-0.1188,-0.0854,-0.03,-0.0605,-0.034,-0.0155,-0.0612,-0.0583,-0.1245,-0.0938,-0.1209,-0.0875,-0.0321,-0.0626,-0.0361,-0.0176,-0.0633,-3.900176,-3.015003,0.255232,0.0235,0.024,0.0005,0.0096,-0.020358,0.002129,0.053,-0.0154,0.001832,-3.975065,-3.08522,0.238168,0.0238,0.0253,0.0015,0.0101,-0.0217,0.005295,-0.0126,0.0037,0.000374
2019-06-01,201906,0.0018,0.0491,0.1312,0.092,0.0883,0.0801,0.0515,0.0717,0.0682,0.0364,0.0659,0.0473,0.1294,0.0902,0.0865,0.0783,0.0497,0.0699,0.0664,0.0346,0.0641,-3.960033,-3.079491,0.238105,0.0217,0.0207,-0.001,0.0104,-0.012538,0.000199,0.0104,0.0233,0.001065,-3.900176,-3.015003,0.255232,0.0235,0.024,0.0005,0.0096,-0.020358,0.002129,0.053,-0.0154,0.001832
2019-07-01,201907,0.0019,0.016,0.0083,0.0097,-0.0264,0.0363,0.0205,0.0102,-0.0216,-0.0101,0.0177,0.0141,0.0064,0.0078,-0.0283,0.0344,0.0186,0.0083,-0.0235,-0.012,0.0158,-3.966309,-3.098391,0.235763,0.021,0.0206,-0.0004,0.0099,-0.012604,0.001671,0.0024,0.006,0.000594,-3.960033,-3.079491,0.238105,0.0217,0.0207,-0.001,0.0104,-0.012538,0.000199,0.0104,0.0233,0.001065
2019-08-01,201908,0.0016,-0.0142,-0.0468,-0.0168,-0.0851,-0.0259,0.0029,0.0012,-0.0064,0.0345,-0.0463,-0.0158,-0.0484,-0.0184,-0.0867,-0.0275,0.0013,-0.0004,-0.008,0.0329,-0.0479,-3.94133,-3.086025,0.239879,0.0195,0.0163,-0.0032,0.0089,-0.010142,-5.1e-05,0.0797,-0.0059,0.004318,-3.966309,-3.098391,0.235763,0.021,0.0206,-0.0004,0.0099,-0.012604,0.001671,0.0024,0.006,0.000594
2019-09-01,201909,0.0018,0.0188,0.0378,0.0384,0.0369,0.0129,0.0126,0.0083,-0.0098,0.0394,0.0191,0.017,0.036,0.0366,0.0351,0.0111,0.0108,0.0065,-0.0116,0.0376,0.0173,-3.951689,-3.108987,0.235302,0.0189,0.017,-0.0019,0.0088,-0.010838,0.000783,-0.0192,0.0002,0.000605,-3.94133,-3.086025,0.239879,0.0195,0.0163,-0.0032,0.0089,-0.010142,-5.1e-05,0.0797,-0.0059,0.004318
2019-10-01,201910,0.0015,0.0008,0.0702,0.0006,-0.0208,0.0328,0.0219,0.0067,0.0466,-0.0139,0.0309,-0.0007,0.0687,-0.0009,-0.0223,0.0313,0.0204,0.0052,0.0451,-0.0154,0.0294,-3.965984,-3.112869,0.234176,0.0165,0.0171,0.0006,0.0091,-0.013157,0.002286,-0.0052,0.0058,0.00151,-3.951689,-3.108987,0.235302,0.0189,0.017,-0.0019,0.0088,-0.010838,0.000783,-0.0192,0.0002,0.000605
2019-11-01,201911,0.0012,0.0227,0.0291,0.0326,0.0112,0.0527,0.0247,0.0211,0.0548,-0.0214,0.0505,0.0215,0.0279,0.0314,0.01,0.0515,0.0235,0.0199,0.0536,-0.0226,0.0493,-3.993568,-3.130267,0.225785,0.0154,0.0181,0.0027,0.0088,-0.007796,-0.000536,-0.0059,0.0073,0.000306,-3.965984,-3.112869,0.234176,0.0165,0.0171,0.0006,0.0091,-0.013157,0.002286,-0.0052,0.0058,0.00151
2019-12-01,201912,0.0014,0.0348,0.054,0.0134,0.0624,0.0384,0.0104,0.0135,0.0345,0.0412,0.0236,0.0334,0.0526,0.012,0.061,0.037,0.009,0.0121,0.0331,0.0398,0.0222,-4.015896,-3.142629,0.221932,0.0154,0.0186,0.0032,0.0087,-0.007199,-0.00091,-0.0253,0.0164,0.000502,-3.993568,-3.130267,0.225785,0.0154,0.0181,0.0027,0.0088,-0.007796,-0.000536,-0.0059,0.0073,0.000306
2020-01-01,202001,0.0013,-0.0043,0.0615,-0.0274,-0.1187,0.0337,-0.0212,0.0097,-0.0199,0.0483,-0.0134,-0.0056,0.0602,-0.0287,-0.12,0.0324,-0.0225,0.0084,-0.0212,0.047,-0.0147,-4.006626,-3.197893,0.22415,0.0152,0.0176,0.0024,0.0083,-0.007694,0.00388,0.0632,-0.0113,0.001119,-4.015896,-3.142629,0.221932,0.0154,0.0186,0.0032,0.0087,-0.007199,-0.00091,-0.0253,0.0164,0.000502
2020-02-01,202002,0.0012,-0.0876,-0.0725,-0.0861,-0.1543,-0.0699,-0.0622,-0.0672,-0.0537,-0.0989,-0.0987,-0.0888,-0.0737,-0.0873,-0.1555,-0.0711,-0.0634,-0.0684,-0.0549,-0.1001,-0.0999,-3.911185,-3.170359,0.249262,0.0152,0.015,-0.0002,0.0083,-0.00556,0.002741,0.0588,-0.0308,0.004777,-4.006626,-3.197893,0.22415,0.0152,0.0176,0.0024,0.0083,-0.007694,0.00388,0.0632,-0.0113,0.001119
2020-03-01,202003,0.0012,-0.1087,-0.2267,-0.1691,-0.3447,-0.0977,-0.1322,-0.0791,-0.0509,-0.1305,-0.1922,-0.1099,-0.2279,-0.1703,-0.3459,-0.0989,-0.1334,-0.0803,-0.0521,-0.1317,-0.1934,-3.769992,-3.100891,0.302505,0.0029,0.0087,0.0058,0.0127,-0.0077,-0.002176,0.0625,-0.0976,0.073153,-3.911185,-3.170359,0.249262,0.0152,0.015,-0.0002,0.0083,-0.00556,0.002741,0.0588,-0.0308,0.004777
2020-04-01,202004,0.0,0.0775,0.2549,0.1086,0.3231,0.1492,0.0921,0.1824,0.1345,0.0518,0.1145,0.0775,0.2549,0.1086,0.3231,0.1492,0.0921,0.1824,0.1345,0.0518,0.1145,-3.888838,-3.270552,0.272329,0.0014,0.0066,0.0052,0.017,-0.010538,-0.006687,0.0082,0.0265,0.014308,-3.769992,-3.100891,0.302505,0.0029,0.0087,0.0058,0.0127,-0.0077,-0.002176,0.0625,-0.0976,0.073153
2020-05-01,202005,0.0001,0.031,0.0713,0.0582,0.0056,0.0763,0.0481,0.0448,0.0416,0.0463,0.046,0.0309,0.0712,0.0581,0.0055,0.0762,0.048,0.0447,0.0415,0.0462,0.0459,-3.93255,-3.367736,0.261199,0.0013,0.0067,0.0054,0.0145,-0.014967,2e-05,-0.0097,0.0181,0.004072,-3.888838,-3.270552,0.272329,0.0014,0.0066,0.0052,0.017,-0.010538,-0.006687,0.0082,0.0265,0.014308
2020-06-01,202006,0.0001,-0.0014,0.1413,0.026,-0.0039,0.0573,-0.0262,0.0442,-0.0144,-0.0502,0.005,-0.0015,0.1412,0.0259,-0.004,0.0572,-0.0263,0.0441,-0.0145,-0.0503,0.0049,-3.950197,-3.441811,0.25685,0.0016,0.0073,0.0057,0.012,-0.016845,0.005472,0.0023,0.0123,0.007209,-3.93255,-3.367736,0.261199,0.0013,0.0067,0.0054,0.0145,-0.014967,2e-05,-0.0097,0.0181,0.004072
2020-07-01,202007,0.0001,0.0587,0.1868,0.0456,-0.0479,0.0687,0.0506,0.0943,0.0439,0.0634,0.0381,0.0586,0.1867,0.0455,-0.048,0.0686,0.0505,0.0942,0.0438,0.0633,0.038,-4.008492,-3.498846,0.250869,0.0013,0.0062,0.0049,0.0117,-0.011998,0.005058,0.0287,0.0323,0.001608,-3.950197,-3.441811,0.25685,0.0016,0.0073,0.0057,0.012,-0.016845,0.005472,0.0023,0.0123,0.007209
2020-08-01,202008,0.0001,0.0445,0.4099,0.0617,-0.0114,0.1062,0.056,0.0807,0.0235,-0.0225,0.0679,0.0444,0.4098,0.0616,-0.0115,0.1061,0.0559,0.0806,0.0234,-0.0226,0.0678,-4.080892,-3.569975,0.233205,0.001,0.0065,0.0055,0.0102,-0.008504,0.003153,-0.0349,-0.0139,0.000743,-4.008492,-3.498846,0.250869,0.0013,0.0062,0.0049,0.0117,-0.011998,0.005058,0.0287,0.0323,0.001608
2020-09-01,202009,0.0001,-0.0208,-0.0904,-0.0014,-0.1499,-0.0524,-0.0197,-0.0386,-0.0143,-0.0032,-0.0295,-0.0209,-0.0905,-0.0015,-0.15,-0.0525,-0.0198,-0.0387,-0.0144,-0.0033,-0.0296,-4.045576,-3.533379,0.238648,0.0011,0.0068,0.0057,0.0105,-0.005698,0.001393,0.008,-0.0039,0.004907,-4.080892,-3.569975,0.233205,0.001,0.0065,0.0055,0.0102,-0.008504,0.003153,-0.0349,-0.0139,0.000743
2020-10-01,202010,0.0001,-0.027,-0.0325,-0.0076,-0.0446,-0.0178,-0.0389,-0.0269,-0.0437,0.0447,-0.017,-0.0271,-0.0326,-0.0077,-0.0447,-0.0179,-0.039,-0.027,-0.0438,0.0446,-0.0171,-4.020767,-3.519301,0.250175,0.001,0.0079,0.0069,0.0109,-0.001895,0.000415,-0.0238,0.0048,0.003661,-4.045576,-3.533379,0.238648,0.0011,0.0068,0.0057,0.0105,-0.005698,0.001393,0.008,-0.0039,0.004907
2020-11-01,202011,0.0001,0.1002,0.339,0.1396,0.2853,0.1072,0.1447,0.083,0.0983,0.0266,0.1588,0.1001,0.3389,0.1395,0.2852,0.1071,0.1446,0.0829,0.0982,0.0265,0.1587,-4.126172,-3.635623,0.223696,0.0009,0.0087,0.0078,0.01,-0.005262,-0.000611,0.0093,0.0416,0.002492,-4.020767,-3.519301,0.250175,0.001,0.0079,0.0069,0.0109,-0.001895,0.000415,-0.0238,0.0048,0.003661
2020-12-01,202012,0.0001,0.0491,0.1539,0.0252,0.0569,0.0508,0.0512,0.0138,0.0471,0.0062,0.0567,0.049,0.1538,0.0251,0.0568,0.0507,0.0511,0.0137,0.047,0.0061,0.0566,-4.165889,-3.686452,0.216622,0.0009,0.0093,0.0084,0.009,-9.8e-05,0.000941,-0.0115,0.0115,0.000678,-4.126172,-3.635623,0.223696,0.0009,0.0087,0.0078,0.01,-0.005262,-0.000611,0.0093,0.0416,0.002492
2021-01-01,202101,0.0,-0.0415,0.1148,-0.0232,0.0505,0.0056,-0.0355,-0.0006,0.0342,-0.0044,-0.0272,-0.0415,0.1148,-0.0232,0.0505,0.0056,-0.0355,-0.0006,0.0342,-0.0044,-0.0272,-4.158389,-3.561345,0.221129,0.0008,0.0108,0.01,0.0079,0.002697,0.004254,-0.0304,-0.0027,0.002078,-4.165889,-3.686452,0.216622,0.0009,0.0093,0.0084,0.009,-9.8e-05,0.000941,-0.0115,0.0115,0.000678
2021-02-01,202102,0.0,0.0132,-0.0808,0.0553,0.2362,0.0136,0.0426,-0.0165,-0.0125,-0.0459,0.0979,0.0132,-0.0808,0.0553,0.2362,0.0136,0.0426,-0.0165,-0.0125,-0.0459,0.0979,-4.187858,-3.484852,0.21434,0.0004,0.0126,0.0122,0.0072,0.007014,0.005474,-0.0581,0.0179,0.001501,-4.158389,-3.561345,0.221129,0.0008,0.0108,0.01,0.0079,0.002697,0.004254,-0.0304,-0.0027,0.002078
2021-03-01,202103,0.0,0.0728,0.0087,0.0771,0.0228,0.0087,0.0163,0.0573,-0.0009,0.1039,0.0526,0.0728,0.0087,0.0771,0.0228,0.0087,0.0163,0.0573,-0.0009,0.1039,0.0526,-4.233147,-3.433658,0.193837,0.0003,0.0161,0.0158,0.007,0.015718,0.007083,-0.0322,-0.0008,0.002473,-4.187858,-3.484852,0.21434,0.0004,0.0126,0.0122,0.0072,0.007014,0.005474,-0.0581,0.0179,0.001501
2021-04-01,202104,0.0,0.0332,0.044,0.0244,0.0075,0.0642,0.0308,0.0703,0.0296,0.0398,0.057,0.0332,0.044,0.0244,0.0075,0.0642,0.0308,0.0703,0.0296,0.0398,0.057,-4.282905,-3.408295,0.188726,0.0002,0.0164,0.0162,0.007,0.020054,0.008219,0.0238,-0.0016,0.001059,-4.233147,-3.433658,0.193837,0.0003,0.0161,0.0158,0.007,0.015718,0.007083,-0.0322,-0.0008,0.002473
2021-05-01,202105,0.0,0.0197,-0.0533,0.0277,0.062,-0.0089,-0.0051,-0.0215,-0.0012,-0.0116,0.0277,0.0197,-0.0533,0.0277,0.062,-0.0089,-0.0051,-0.0215,-0.0012,-0.0116,0.0277,-4.28704,-3.342739,0.185148,0.0002,0.0162,0.016,0.0066,0.017464,0.008017,0.0001,0.0044,0.001496,-4.282905,-3.408295,0.188726,0.0002,0.0164,0.0162,0.007,0.020054,0.008219,0.0238,-0.0016,0.001059
2021-06-01,202106,0.0,-0.0081,0.0556,-0.0101,0.0553,0.0677,-0.0001,0.0293,0.0441,-0.0142,-0.0202,-0.0081,0.0556,-0.0101,0.0553,0.0677,-0.0001,0.0293,0.0441,-0.0142,-0.0202,-4.307675,-3.298395,0.185293,0.0004,0.0152,0.0148,0.0065,0.017255,0.009291,0.0284,0.0158,0.000607,-4.28704,-3.342739,0.185148,0.0002,0.0162,0.016,0.0066,0.017464,0.008017,0.0001,0.0044,0.001496
2021-07-01,202107,0.0,0.0023,-0.0096,0.0133,-0.0866,0.036,0.0036,0.0025,0.0284,0.0297,-0.0057,0.0023,-0.0096,0.0133,-0.0866,0.036,0.0036,0.0025,0.0284,0.0297,-0.0057,-4.322196,-3.286608,0.182996,0.0005,0.0132,0.0127,0.0067,0.016079,0.004811,0.0305,-0.0066,0.001124,-4.307675,-3.298395,0.185293,0.0004,0.0152,0.0148,0.0065,0.017255,0.009291,0.0284,0.0158,0.000607
2021-08-01,202108,0.0,-0.0028,0.0178,0.0055,-0.0116,0.0464,0.0137,0.0241,0.0284,0.0323,0.027,-0.0028,0.0178,0.0055,-0.0116,0.0464,0.0137,0.0241,0.0284,0.0323,0.027,-4.342866,-3.282042,0.180795,0.0005,0.0128,0.0123,0.0069,0.014846,0.002066,-0.0035,-0.001,0.000602,-4.322196,-3.286608,0.182996,0.0005,0.0132,0.0127,0.0067,0.016079,0.004811,0.0305,-0.0066,0.001124
2021-09-01,202109,0.0,-0.0458,0.028,-0.0579,0.1108,-0.0614,-0.0558,-0.0438,-0.0602,-0.0487,-0.0245,-0.0458,0.028,-0.0579,0.1108,-0.0614,-0.0558,-0.0438,-0.0602,-0.0487,-0.0245,-4.286281,-3.201224,0.188898,0.0004,0.0137,0.0133,0.007,0.015598,0.002716,-0.025,0.0056,0.001393,-4.342866,-3.282042,0.180795,0.0005,0.0128,0.0123,0.0069,0.014846,0.002066,-0.0035,-0.001,0.000602
2021-10-01,202110,0.0,0.0374,0.3078,0.0499,0.1027,0.0814,-0.0424,0.0515,0.0223,0.0511,0.0668,0.0374,0.3078,0.0499,0.1027,0.0814,-0.0424,0.0515,0.0223,0.0511,0.0668,-4.346732,-3.226205,0.17848,0.0005,0.0158,0.0153,0.0067,0.013368,0.008308,0.0051,0.0108,0.001151,-4.286281,-3.201224,0.188898,0.0004,0.0137,0.0133,0.007,0.015598,0.002716,-0.025,0.0056,0.001393
2021-11-01,202111,0.0001,-0.0387,0.0205,-0.0069,-0.054,0.0145,-0.0719,0.0147,-0.0426,-0.0197,-0.0548,-0.0388,0.0204,-0.007,-0.0541,0.0144,-0.072,0.0146,-0.0427,-0.0198,-0.0549,-4.331997,-3.177642,0.185394,0.0005,0.0156,0.0151,0.0066,0.01564,0.004913,0.021,-0.0116,0.001327,-4.346732,-3.226205,0.17848,0.0005,0.0158,0.0153,0.0067,0.013368,0.008308,0.0051,0.0108,0.001151
2021-12-01,202112,0.0,0.0807,-0.0466,0.0581,0.0305,0.0167,0.0395,0.0152,0.0658,0.0856,0.0494,0.0807,-0.0466,0.0581,0.0305,0.0167,0.0395,0.0152,0.0658,0.0856,0.0494,-4.368359,-3.18169,0.175932,0.0006,0.0147,0.0141,0.0065,0.01297,0.003073,-0.011,-0.0019,0.002518,-4.331997,-3.177642,0.185394,0.0005,0.0156,0.0151,0.0066,0.01564,0.004913,0.021,-0.0116,0.001327
2022-01-01,202201,0.0,-0.0065,-0.1031,-0.0584,0.1742,-0.0843,-0.0193,-0.0883,-0.0877,-0.021,-0.0326,-0.0065,-0.1031,-0.0584,0.1742,-0.0843,-0.0193,-0.0883,-0.0877,-0.021,-0.0326,-4.305698,-3.127605,0.181973,0.0015,0.0176,0.0161,0.0065,0.01164,0.008415,-0.018944,-0.014718,0.00278,-4.368359,-3.18169,0.175932,0.0006,0.0147,0.0141,0.0065,0.01297,0.003073,-0.011,-0.0019,0.002518
2022-02-01,202202,0.0,-0.0057,-0.0707,-0.0123,0.0836,-0.0452,0.0029,-0.0155,-0.0101,-0.0109,-0.0172,-0.0057,-0.0707,-0.0123,0.0836,-0.0452,0.0029,-0.0155,-0.0101,-0.0109,-0.0172,-4.265266,-3.095674,0.188627,0.0033,0.0193,0.016,0.0072,0.008487,0.009134,-0.006589,-0.013414,0.003676,-4.305698,-3.127605,0.181973,0.0015,0.0176,0.0161,0.0065,0.01164,0.008415,-0.018944,-0.014718,0.00278
2022-03-01,202203,0.0001,0.0045,0.1503,0.0092,0.0979,0.0328,-0.0242,0.0298,0.0515,0.0969,0.0109,0.0044,0.1502,0.0091,0.0978,0.0327,-0.0243,0.0297,0.0514,0.0968,0.0108,-4.291918,-3.130755,0.206921,0.0044,0.0213,0.0169,0.0086,-0.001122,0.013351,-0.031136,0.00592,0.004747,-4.265266,-3.095674,0.188627,0.0033,0.0193,0.016,0.0072,0.008487,0.009134,-0.006589,-0.013414,0.003676
2022-04-01,202204,0.0001,0.0226,-0.169,-0.0529,-0.0128,-0.126,-0.1056,-0.0978,-0.0691,-0.0371,-0.0913,0.0225,-0.1691,-0.053,-0.0129,-0.1261,-0.1057,-0.0979,-0.0692,-0.0372,-0.0914,-4.188885,-3.048249,0.217595,0.0076,0.0275,0.0199,0.009,-0.005663,0.005583,-0.03098,-0.023701,0.004927,-4.291918,-3.130755,0.206921,0.0044,0.0213,0.0169,0.0086,-0.001122,0.013351,-0.031136,0.00592,0.004747
2022-05-01,202205,0.0003,-0.0163,-0.0904,-0.0037,0.1557,-0.0209,0.0866,-0.041,0.0096,0.048,0.0062,-0.0166,-0.0907,-0.004,0.1554,-0.0212,0.0863,-0.0413,0.0093,0.0477,0.0059,-4.178093,-3.057956,0.21751,0.0098,0.029,0.0192,0.0099,-0.003372,0.011024,0.001827,0.00751,0.00776,-4.188885,-3.048249,0.217595,0.0076,0.0275,0.0199,0.009,-0.005663,0.005583,-0.03098,-0.023701,0.004927
2022-06-01,202206,0.0006,-0.0389,-0.1184,-0.0945,-0.1655,-0.0813,-0.0663,-0.0773,-0.0202,-0.0654,-0.0996,-0.0395,-0.119,-0.0951,-0.1661,-0.0819,-0.0669,-0.0779,-0.0208,-0.066,-0.1002,-4.079712,-2.980053,0.233162,0.0149,0.0314,0.0165,0.0103,-0.004815,0.013736,-0.008797,-0.019203,0.007203,-4.178093,-3.057956,0.21751,0.0098,0.029,0.0192,0.0099,-0.003372,0.011024,0.001827,0.00751,0.00776
2022-07-01,202207,0.0008,0.0413,0.2765,0.0833,0.1047,0.1167,-0.0003,0.147,0.0277,0.0627,0.0886,0.0405,0.2757,0.0825,0.1039,0.1159,-0.0011,0.1462,0.0269,0.0619,0.0878,-4.160174,-3.076276,0.21847,0.0223,0.029,0.0067,0.0115,-0.00612,-0.000118,0.015941,0.016432,0.003188,-4.079712,-2.980053,0.233162,0.0149,0.0314,0.0165,0.0103,-0.004815,0.013736,-0.008797,-0.019203,0.007203
2022-08-01,202208,0.0019,-0.0182,-0.0579,-0.0349,0.0335,-0.0537,-0.0287,-0.0311,-0.0504,0.0011,-0.0252,-0.0201,-0.0598,-0.0368,0.0316,-0.0556,-0.0306,-0.033,-0.0523,-0.0008,-0.0271,-4.110113,-3.042012,0.227724,0.0263,0.029,0.0027,0.0108,-0.009731,-0.000354,-0.024809,-0.004517,0.003349,-4.160174,-3.076276,0.21847,0.0223,0.029,0.0067,0.0115,-0.00612,-0.000118,0.015941,0.016432,0.003188
2022-09-01,202209,0.0019,-0.0837,-0.0655,-0.1154,-0.0925,-0.1149,-0.1386,-0.0763,-0.0192,-0.1161,-0.081,-0.0856,-0.0674,-0.1173,-0.0944,-0.1168,-0.1405,-0.0782,-0.0211,-0.118,-0.0829,-4.005414,-2.95315,0.249801,0.0313,0.0352,0.0039,0.011,-0.011291,0.002151,-0.034536,-0.018018,0.004934,-4.110113,-3.042012,0.227724,0.0263,0.029,0.0027,0.0108,-0.009731,-0.000354,-0.024809,-0.004517,0.003349
2022-10-01,202210,0.0023,0.0996,-0.0662,0.1221,0.2346,0.0506,0.106,0.0435,0.0878,0.0345,0.1148,0.0973,-0.0685,0.1198,0.2323,0.0483,0.1037,0.0412,0.0855,0.0322,0.1125,-4.074094,-3.055849,0.219219,0.0372,0.0398,0.0026,0.0116,-0.015252,0.004056,-0.013937,0.003595,0.006504,-4.005414,-2.95315,0.249801,0.0313,0.0352,0.0039,0.011,-0.011291,0.002151,-0.034536,-0.018018,0.004934
2022-11-01,202211,0.0029,0.0531,-0.0808,0.0902,0.0104,0.0537,0.0218,0.0379,0.0535,0.0685,0.059,0.0502,-0.0837,0.0873,0.0075,0.0508,0.0189,0.035,0.0506,0.0656,0.0561,-4.118363,-3.134758,0.207451,0.0415,0.0389,-0.0026,0.0117,-0.017011,-0.00101,0.026778,0.025005,0.006343,-4.074094,-3.055849,0.219219,0.0372,0.0398,0.0026,0.0116,-0.015252,0.004056,-0.013937,0.003595,0.006504
2022-12-01,202212,0.0033,-0.0263,-0.2807,-0.0236,-0.0424,-0.0795,-0.0682,-0.0793,-0.0172,-0.0112,-0.0536,-0.0296,-0.284,-0.0269,-0.0457,-0.0828,-0.0715,-0.0826,-0.0205,-0.0145,-0.0569,-4.049557,-3.101252,0.216479,0.0425,0.0362,-0.0063,0.0116,-0.021249,-0.00307,-0.005182,0.000795,0.002701,-4.118363,-3.134758,0.207451,0.0415,0.0389,-0.0026,0.0117,-0.017011,-0.00101,0.026778,0.025005,0.006343
2023-01-01,202301,0.0035,-0.0037,0.2904,0.0592,0.0275,0.0958,0.1356,0.0975,-0.0105,-0.0122,0.0752,-0.0072,0.2869,0.0557,0.024,0.0923,0.1321,0.094,-0.014,-0.0157,0.0717,-4.103081,-3.156514,0.210516,0.0454,0.0353,-0.0101,0.011,-0.020773,0.007995,0.02506,0.015009,0.002286,-4.049557,-3.101252,0.216479,0.0425,0.0362,-0.0063,0.0116,-0.021249,-0.00307,-0.005182,0.000795,0.002701
2023-02-01,202302,0.0034,-0.0217,0.1098,-0.0185,-0.069,-0.002,-0.065,-0.0467,-0.0429,-0.0532,-0.0244,-0.0251,0.1064,-0.0219,-0.0724,-0.0054,-0.0684,-0.0501,-0.0463,-0.0566,-0.0278,-4.070264,-3.125418,0.21973,0.0465,0.0375,-0.009,0.0103,-0.022011,0.005582,-0.023399,-0.00841,0.00174,-4.103081,-3.156514,0.210516,0.0454,0.0353,-0.0101,0.011,-0.020773,0.007995,0.02506,0.015009,0.002286
2023-03-01,202303,0.0036,0.0317,-0.0064,0.0037,-0.0043,0.1047,-0.001,0.0339,0.0249,0.0395,-0.05,0.0281,-0.01,0.0001,-0.0079,0.1011,-0.0046,0.0303,0.0213,0.0359,-0.0536,-4.098398,-3.155253,0.220224,0.0469,0.0366,-0.0103,0.0111,-0.022331,0.003311,0.028945,-0.001102,0.002889,-4.070264,-3.125418,0.21973,0.0465,0.0375,-0.009,0.0103,-0.022011,0.005582,-0.023399,-0.00841,0.00174
2023-04-01,202304,0.0035,0.0317,-0.1526,-0.0059,0.0258,0.0024,0.0099,0.0224,0.0412,0.0172,0.018,0.0282,-0.1561,-0.0094,0.0223,-0.0011,0.0064,0.0189,0.0377,0.0137,0.0145,-4.110477,-3.158738,0.214902,0.0492,0.0346,-0.0146,0.0106,-0.021389,0.005059,0.005359,0.002297,0.001029,-4.098398,-3.155253,0.220224,0.0469,0.0366,-0.0103,0.0111,-0.022331,0.003311,0.028945,-0.001102,0.002889
2023-05-01,202305,0.0036,-0.0542,0.1355,-0.0554,-0.0951,0.0855,-0.0941,0.0052,-0.0366,-0.0583,-0.0284,-0.0578,0.1319,-0.059,-0.0987,0.0819,-0.0977,0.0016,-0.0402,-0.0619,-0.032,-4.110505,-3.150286,0.222672,0.0514,0.0357,-0.0157,0.011,-0.02066,0.002518,-0.01161,-0.002875,0.001369,-4.110477,-3.158738,0.214902,0.0492,0.0346,-0.0146,0.0106,-0.021389,0.005059,0.005359,0.002297,0.001029
2023-06-01,202306,0.004,0.0285,0.2466,0.1068,0.0654,0.0591,0.0462,0.0783,0.0466,0.0251,0.0744,0.0245,0.2426,0.1028,0.0614,0.0551,0.0422,0.0743,0.0426,0.0211,0.0704,-4.170778,-3.202192,0.212969,0.0516,0.0375,-0.0141,0.011,-0.015673,0.003229,-0.007509,0.011626,0.001114,-4.110505,-3.150286,0.222672,0.0514,0.0357,-0.0157,0.011,-0.02066,0.002518,-0.01161,-0.002875,0.001369
2023-07-01,202307,0.0045,0.023,0.0276,0.0319,0.0746,0.0422,0.0095,0.0226,-0.0012,0.0277,0.0538,0.0185,0.0231,0.0274,0.0701,0.0377,0.005,0.0181,-0.0057,0.0232,0.0493,-4.198544,-3.226908,0.20607,0.0525,0.039,-0.0135,0.0108,-0.016677,0.001908,-0.00354,0.006987,0.000537,-4.170778,-3.202192,0.212969,0.0516,0.0375,-0.0141,0.011,-0.015673,0.003229,-0.007509,0.011626,0.001114
2023-08-01,202308,0.0045,-0.0378,-0.0435,-0.0238,0.0197,-0.0164,0.0016,-0.0039,-0.0023,-0.0536,-0.0337,-0.0423,-0.048,-0.0283,0.0152,-0.0209,-0.0029,-0.0084,-0.0068,-0.0581,-0.0382,-4.17778,-3.203119,0.211041,0.053,0.0417,-0.0113,0.0107,-0.016514,0.004367,-0.005182,-0.002586,0.001337,-4.198544,-3.226908,0.20607,0.0525,0.039,-0.0135,0.0108,-0.016677,0.001908,-0.00354,0.006987,0.000537
2023-09-01,202309,0.0043,-0.046,-0.0258,-0.0707,0.0314,-0.0602,-0.032,-0.0566,-0.047,-0.0505,-0.0341,-0.0503,-0.0301,-0.075,0.0271,-0.0645,-0.0363,-0.0609,-0.0513,-0.0548,-0.0384,-4.124953,-3.147294,0.21869,0.0532,0.0438,-0.0094,0.0103,-0.017989,0.002485,-0.022094,-0.0046,0.001023,-4.17778,-3.203119,0.211041,0.053,0.0417,-0.0113,0.0107,-0.016514,0.004367,-0.005182,-0.002586,0.001337
2023-10-01,202310,0.0047,-0.0369,-0.179,-0.027,-0.0611,-0.0177,-0.0013,0.004,-0.0459,0.0102,-0.0269,-0.0416,-0.1837,-0.0317,-0.0658,-0.0224,-0.006,-0.0007,-0.0506,0.0055,-0.0316,-4.097976,-3.110379,0.221698,0.0534,0.048,-0.0054,0.0102,-0.014711,-0.000383,-0.012083,-0.006642,0.001678,-4.124953,-3.147294,0.21869,0.0532,0.0438,-0.0094,0.0103,-0.017989,0.002485,-0.022094,-0.0046,0.001023
2023-11-01,202311,0.0044,0.0494,0.1577,0.0869,-0.0134,0.1206,0.0696,0.0717,0.058,0.0515,0.1045,0.045,0.1533,0.0825,-0.0178,0.1162,0.0652,0.0673,0.0536,0.0471,0.1001,-4.17867,-3.181326,0.203827,0.0527,0.045,-0.0077,0.0101,-0.020618,-0.002015,0.03473,0.025053,0.001341,-4.097976,-3.110379,0.221698,0.0534,0.048,-0.0054,0.0102,-0.014711,-0.000383,-0.012083,-0.006642,0.001678
2023-12-01,202312,0.0043,0.0357,0.0659,0.0633,0.0017,0.0462,0.0225,0.059,0.0691,0.0173,0.0662,0.0314,0.0616,0.059,-0.0026,0.0419,0.0182,0.0547,0.0648,0.013,0.0619,-4.217242,-3.210333,0.194424,0.0524,0.0402,-0.0122,0.009,-0.017441,-0.000993,0.03365,0.009703,0.000797,-4.17867,-3.181326,0.203827,0.0527,0.045,-0.0077,0.0101,-0.020618,-0.002015,0.03473,0.025053,0.001341
2024-01-01,202401,0.0047,-0.0194,-0.1793,-0.0116,-0.0011,0.0311,0.0457,0.0124,0.0352,-0.0301,0.0099,-0.0241,-0.184,-0.0163,-0.0058,0.0264,0.041,0.0077,0.0305,-0.0348,0.0052,-4.230545,-3.227907,0.192076,0.0522,0.0406,-0.0116,0.0081,-0.015188,0.005448,-0.002806,0.001105,0.00098,-4.217242,-3.210333,0.194424,0.0524,0.0402,-0.0122,0.009,-0.017441,-0.000993,0.03365,0.009703,0.000797
2024-02-01,202402,0.0042,0.0169,0.0721,0.0533,0.0309,0.0622,-0.0272,0.0948,0.0463,0.0239,0.0465,0.0127,0.0679,0.0491,0.0267,0.058,-0.0314,0.0906,0.0421,0.0197,0.0423,-4.27851,-3.280141,0.187908,0.0524,0.0421,-0.0103,0.0074,-0.013678,0.00619,-0.013119,-0.001911,0.001255,-4.230545,-3.227907,0.192076,0.0522,0.0406,-0.0116,0.0081,-0.015188,0.005448,-0.002806,0.001105,0.00098
2024-03-01,202403,0.0043,0.0296,-0.0559,0.0448,0.1029,0.0236,0.0309,0.0268,0.0219,0.0704,0.0449,0.0253,-0.0602,0.0405,0.0986,0.0193,0.0266,0.0225,0.0176,0.0661,0.0406,-4.306602,-3.312498,0.195641,0.0524,0.0421,-0.0103,0.0074,-0.011172,0.006464,0.006426,0.006503,0.000782,-4.27851,-3.280141,0.187908,0.0524,0.0421,-0.0103,0.0074,-0.013678,0.00619,-0.013119,-0.001911,0.001255
2024-04-01,202404,0.0047,-0.0136,-0.0095,-0.0393,-0.0064,-0.0441,-0.0653,-0.0473,-0.0587,0.0158,-0.0456,-0.0183,-0.0142,-0.044,-0.0111,-0.0488,-0.07,-0.052,-0.0634,0.0111,-0.0503,-4.258694,-3.262117,0.205944,0.0524,0.0454,-0.007,0.0072,-0.011515,0.003893,-0.023274,-0.002173,0.001558,-4.306602,-3.312498,0.195641,0.0524,0.0421,-0.0103,0.0074,-0.011172,0.006464,0.006426,0.006503,0.000782
2024-05-01,202405,0.0044,0.0096,-0.0078,0.0312,-0.0045,0.081,0.0374,0.0247,0.032,0.0803,0.0326,0.0052,-0.0122,0.0268,-0.0089,0.0766,0.033,0.0203,0.0276,0.0759,0.0282,-4.300224,-3.301206,0.20131,0.0525,0.0448,-0.0077,0.007,-0.01213,0.001662,0.014568,0.004162,0.000829,-4.258694,-3.262117,0.205944,0.0524,0.0454,-0.007,0.0072,-0.011515,0.003893,-0.023274,-0.002173,0.001558
2024-06-01,202406,0.0041,-0.021,0.0613,-0.019,-0.0215,0.0757,-0.006,0.0353,0.0293,-0.0416,-0.0013,-0.0251,0.0572,-0.0231,-0.0256,0.0716,-0.0101,0.0312,0.0252,-0.0457,-0.0054,-4.328962,-3.327535,0.199085,0.0524,0.0431,-0.0093,0.0069,-0.01427,0.000338,0.010085,-0.003725,0.000356,-4.300224,-3.301206,0.20131,0.0525,0.0448,-0.0077,0.007,-0.01213,0.001662,0.014568,0.004162,0.000829
2024-07-01,202407,0.0045,0.0477,0.1158,0.0343,0.0199,-0.0175,0.0385,0.0054,0.0083,0.0639,0.062,0.0432,0.1113,0.0298,0.0154,-0.022,0.034,0.0009,0.0038,0.0594,0.0575,-4.333644,-3.331436,0.190681,0.052,0.0425,-0.0095,0.0072,-0.011832,0.001162,0.021879,0.001956,0.001748,-4.328962,-3.327535,0.199085,0.0524,0.0431,-0.0093,0.0069,-0.01427,0.000338,0.010085,-0.003725,0.000356
2024-08-01,202408,0.0048,0.041,-0.0513,0.0163,-0.0292,0.0135,0.0124,0.0136,0.0641,0.0458,0.0305,0.0362,-0.0561,0.0115,-0.034,0.0087,0.0076,0.0088,0.0593,0.041,0.0257,-4.34969,-3.346711,0.187377,0.0505,0.0387,-0.0118,0.0073,-0.011028,0.000814,0.012792,0.002934,0.003184,-4.333644,-3.331436,0.190681,0.052,0.0425,-0.0095,0.0072,-0.011832,0.001162,0.021879,0.001956,0.001748
2024-09-01,202409,0.004,0.0098,0.1427,0.025,-0.0315,0.0297,0.0556,0.0367,-0.0184,0.0534,0.0068,0.0058,0.1387,0.021,-0.0355,0.0257,0.0516,0.0327,-0.0224,0.0494,0.0028,-4.363195,-3.359457,0.183981,0.0472,0.0372,-0.01,0.0074,-0.010283,0.001604,0.012023,0.005707,0.001466,-4.34969,-3.346711,0.187377,0.0505,0.0387,-0.0118,0.0073,-0.011028,0.000814,0.012792,0.002934,0.003184
2024-10-01,202410,0.0039,-0.0259,-0.0314,-0.0402,-0.0054,-0.0022,0.0237,-0.0114,-0.0315,0.0069,0.011,-0.0298,-0.0353,-0.0441,-0.0093,-0.0061,0.0198,-0.0153,-0.0354,0.003,0.0071,-4.346767,-3.333167,0.186478,0.0451,0.041,-0.0041,0.0068,-0.009458,0.001151,-0.023811,-0.00046,0.001062,-4.363195,-3.359457,0.183981,0.0472,0.0372,-0.01,0.0074,-0.010283,0.001604,0.012023,0.005707,0.001466
2024-11-01,202411,0.004,0.0153,0.2971,0.0635,0.0654,0.0495,0.0918,0.0996,-0.0051,0.0621,0.1018,0.0113,0.2931,0.0595,0.0614,0.0455,0.0878,0.0956,-0.0091,0.0581,0.0978,-4.396047,-3.372806,0.17341,0.0442,0.0436,-0.0006,0.0064,-0.004121,-0.000542,0.007772,0.005605,0.001264,-4.346767,-3.333167,0.186478,0.0451,0.041,-0.0041,0.0068,-0.009458,0.001151,-0.023811,-0.00046,0.001062
2024-12-01,202412,0.0037,-0.0504,0.1101,-0.0781,-0.0898,0.0143,-0.0796,-0.0187,-0.0538,-0.0778,-0.0708,-0.0541,0.1064,-0.0818,-0.0935,0.0106,-0.0833,-0.0224,-0.0575,-0.0815,-0.0745,-4.36434,-3.331672,0.183056,0.0427,0.0439,0.0012,0.006,-0.004614,0.000355,-0.015408,-0.003946,0.001643,-4.396047,-3.372806,0.17341,0.0442,0.0436,-0.0006,0.0064,-0.004121,-0.000542,0.007772,0.005605,0.001264
