date,asset,realized,historical_mean,elastic_net,elastic_net_restricted,elastic_net_alpha,elastic_net_l1_ratio
1967-01-01,NoDur_excess,0.0896,0.00672062,0.00642355,0.00642355,0.001,0.5
1967-01-01,Durbl_excess,0.1135,0.01174958,-0.00277134,0.0,0.001,0.5
1967-01-01,Manuf_excess,0.1076,0.00930333,0.00872185,0.00872185,0.001,0.5
1967-01-01,Enrgy_excess,0.0315,0.00887125,0.01317405,0.01317405,0.001,0.5
1967-01-01,HiTec_excess,0.0988,0.01129917,0.0244701,0.0244701,0.001,0.5
1967-01-01,Telcm_excess,0.0581,0.00652083,0.01285217,0.01285217,0.001,0.5
1967-01-01,Shops_excess,0.1137,0.00801271,-0.00242659,0.0,0.001,0.5
1967-01-01,Hlth_excess,0.0602,0.00960188,0.00913723,0.00913723,0.001,0.5
1967-01-01,Utils_excess,0.0241,0.00776417,0.01995276,0.01995276,0.001,0.5
1967-01-01,Other_excess,0.1154,0.00732396,0.0150313,0.0150313,0.001,0.5
1967-02-01,NoDur_excess,0.0167,0.00689293,0.01850112,0.01850112,0.001,0.5
1967-02-01,Durbl_excess,-0.0145,0.01196112,0.00968972,0.00968972,0.001,0.5
1967-02-01,Manuf_excess,0.0086,0.00950769,0.01258976,0.01258976,0.001,0.5
1967-02-01,Enrgy_excess,-0.0046,0.0089183,0.00695507,0.00695507,0.001,0.5
1967-02-01,HiTec_excess,0.0583,0.01148108,0.03755236,0.03755236,0.001,0.5
1967-02-01,Telcm_excess,0.0177,0.00662807,0.0254376,0.0254376,0.001,0.5
1967-02-01,Shops_excess,0.0286,0.00823243,0.02676225,0.02676225,0.001,0.5
1967-02-01,Hlth_excess,0.0104,0.00970707,0.01899093,0.01899093,0.001,0.5
1967-02-01,Utils_excess,-0.0209,0.00779813,0.04466384,0.04466384,0.001,0.5
1967-02-01,Other_excess,-0.0068,0.00754865,0.02142692,0.02142692,0.001,0.5
1967-03-01,NoDur_excess,0.0406,0.00691328,0.00976866,0.00976866,0.001,0.5
1967-03-01,Durbl_excess,0.0345,0.01190622,0.01415878,0.01415878,0.001,0.5
1967-03-01,Manuf_excess,0.054,0.00950581,0.01548848,0.01548848,0.001,0.5
1967-03-01,Enrgy_excess,0.0323,0.00889025,0.00680112,0.00680112,0.001,0.5
1967-03-01,HiTec_excess,0.0512,0.01157822,0.02489268,0.02489268,0.001,0.5
1967-03-01,Telcm_excess,0.0257,0.00665104,0.00605221,0.00605221,0.001,0.5
1967-03-01,Shops_excess,0.0194,0.00827469,0.00750979,0.00750979,0.001,0.5
1967-03-01,Hlth_excess,0.0747,0.00970851,0.0146073,0.0146073,0.001,0.5
1967-03-01,Utils_excess,0.0115,0.00773859,0.01055687,0.01055687,0.001,0.5
1967-03-01,Other_excess,0.0402,0.00751888,0.01385946,0.01385946,0.001,0.5
1967-04-01,NoDur_excess,0.0428,0.00698302,0.00865263,0.00865263,0.001,0.5
1967-04-01,Durbl_excess,0.1074,0.011953,0.00374341,0.00374341,0.001,0.5
1967-04-01,Manuf_excess,0.0343,0.00959793,0.00788868,0.00788868,0.001,0.5
1967-04-01,Enrgy_excess,0.0135,0.00893872,0.00865388,0.00865388,0.001,0.5
1967-04-01,HiTec_excess,0.0751,0.01166025,0.01955956,0.01955956,0.001,0.5
1967-04-01,Telcm_excess,-0.001,0.00669048,0.0124572,0.0124572,0.001,0.5
1967-04-01,Shops_excess,0.0889,0.00829772,0.00492312,0.00492312,0.001,0.5
1967-04-01,Hlth_excess,0.0413,0.00984306,0.01059175,0.01059175,0.001,0.5
1967-04-01,Utils_excess,0.0156,0.00774638,0.01233297,0.01233297,0.001,0.5
1967-04-01,Other_excess,0.0179,0.00758654,0.01287994,0.01287994,0.001,0.5
1967-05-01,NoDur_excess,-0.0305,0.00705702,0.01228975,0.01228975,0.001,0.5
1967-05-01,Durbl_excess,-0.0768,0.01215021,0.01612662,0.01612662,0.001,0.5
1967-05-01,Manuf_excess,-0.04,0.00964897,0.00634525,0.00634525,0.001,0.5
1967-05-01,Enrgy_excess,-0.0279,0.00894814,0.00162353,0.00162353,0.001,0.5
1967-05-01,HiTec_excess,-0.0467,0.01179132,0.02001047,0.02001047,0.001,0.5
1967-05-01,Telcm_excess,-0.0599,0.00667459,0.00979337,0.00979337,0.001,0.5
1967-05-01,Shops_excess,-0.049,0.00846426,0.01534531,0.01534531,0.001,0.5
1967-05-01,Hlth_excess,-0.0562,0.00990806,0.01663515,0.01663515,0.001,0.5
1967-05-01,Utils_excess,-0.0445,0.0077626,0.01146856,0.01146856,0.001,0.5
1967-05-01,Other_excess,-0.0235,0.00760785,0.00964723,0.00964723,0.001,0.5
1967-06-01,NoDur_excess,0.0248,0.00697959,0.0028998,0.0028998,0.001,0.5
1967-06-01,Durbl_excess,0.0132,0.0119668,0.00696432,0.00696432,0.001,0.5
1967-06-01,Manuf_excess,0.0183,0.0095466,-0.00077103,0.0,0.001,0.5
1967-06-01,Enrgy_excess,0.0201,0.00887216,0.00469156,0.00469156,0.001,0.5
1967-06-01,HiTec_excess,0.0615,0.01167072,0.00229815,0.00229815,0.001,0.5
1967-06-01,Telcm_excess,0.0246,0.00653732,-0.0010928,0.0,0.001,0.5
1967-06-01,Shops_excess,0.0351,0.00834577,-0.00706972,0.0,0.001,0.5
1967-06-01,Hlth_excess,0.0514,0.00977175,0.00776017,0.00776017,0.001,0.5
1967-06-01,Utils_excess,-0.0158,0.00765485,-0.01318223,0.0,0.001,0.5
1967-06-01,Other_excess,0.0324,0.00754371,0.00124272,0.00124272,0.001,0.5
1967-07-01,NoDur_excess,0.0574,0.00701626,0.00797452,0.00797452,0.001,0.5
1967-07-01,Durbl_excess,0.108,0.01196934,0.01221314,0.01221314,0.001,0.5
1967-07-01,Manuf_excess,0.0472,0.00956461,-0.0034409,0.0,0.001,0.5
1967-07-01,Enrgy_excess,0.0662,0.00889527,-0.00075058,0.0,0.001,0.5
1967-07-01,HiTec_excess,0.0368,0.01177325,0.00732973,0.00732973,0.001,0.5
1967-07-01,Telcm_excess,-0.0689,0.00657449,0.00180644,0.00180644,0.001,0.5
1967-07-01,Shops_excess,0.0569,0.00840082,0.00586783,0.00586783,0.001,0.5
1967-07-01,Hlth_excess,0.0348,0.00985741,0.01310505,0.01310505,0.001,0.5
1967-07-01,Utils_excess,0.0202,0.00760658,-0.0064298,0.0,0.001,0.5
1967-07-01,Other_excess,0.0751,0.00759486,0.00102403,0.00102403,0.001,0.5
1967-08-01,NoDur_excess,-0.0113,0.00711971,0.00778193,0.00778193,0.001,0.5
1967-08-01,Durbl_excess,-0.0017,0.01216653,0.0045456,0.0045456,0.001,0.5
1967-08-01,Manuf_excess,-0.0071,0.00964189,-0.00163805,0.0,0.001,0.5
1967-08-01,Enrgy_excess,-0.0179,0.00901294,0.00336285,0.00336285,0.001,0.5
1967-08-01,HiTec_excess,-0.0132,0.01182464,0.01183778,0.01183778,0.001,0.5
1967-08-01,Telcm_excess,-0.0155,0.00641951,0.00689756,0.00689756,0.001,0.5
1967-08-01,Shops_excess,0.0002,0.00850041,0.00674811,0.00674811,0.001,0.5
1967-08-01,Hlth_excess,0.0034,0.00990862,0.01025708,0.01025708,0.001,0.5
1967-08-01,Utils_excess,-0.0096,0.00763244,0.00277998,0.00277998,0.001,0.5
1967-08-01,Other_excess,-0.0056,0.00773347,0.00577493,0.00577493,0.001,0.5
1967-09-01,NoDur_excess,0.0278,0.00708197,0.00929564,0.00929564,0.001,0.5
1967-09-01,Durbl_excess,0.0466,0.01213811,0.00760928,0.00760928,0.001,0.5
1967-09-01,Manuf_excess,0.0279,0.00960758,-0.00092614,0.0,0.001,0.5
1967-09-01,Enrgy_excess,0.0392,0.00895779,0.00139885,0.00139885,0.001,0.5
1967-09-01,HiTec_excess,0.0804,0.01177336,0.01333149,0.01333149,0.001,0.5
1967-09-01,Telcm_excess,0.009,0.00637459,0.00530477,0.00530477,0.001,0.5
1967-09-01,Shops_excess,0.0213,0.0084834,0.01031257,0.01031257,0.001,0.5
1967-09-01,Hlth_excess,0.0258,0.00989529,0.01215439,0.01215439,0.001,0.5
1967-09-01,Utils_excess,-0.0042,0.00759713,0.0041588,0.0041588,0.001,0.5
1967-09-01,Other_excess,0.0095,0.00770615,0.00560454,0.00560454,0.001,0.5
1967-10-01,NoDur_excess,-0.0301,0.00712434,0.00976694,0.00976694,0.001,0.5
1967-10-01,Durbl_excess,-0.053,0.01220859,0.00636114,0.00636114,0.001,0.5
1967-10-01,Manuf_excess,-0.0491,0.00964499,-0.00072415,0.0,0.001,0.5
1967-10-01,Enrgy_excess,-0.0135,0.00901963,0.00152474,0.00152474,0.001,0.5
1967-10-01,HiTec_excess,0.045,0.0119137,0.01681727,0.01681727,0.001,0.5
1967-10-01,Telcm_excess,-0.0388,0.00637996,0.00881287,0.00881287,0.001,0.5
1967-10-01,Shops_excess,0.0027,0.00850961,0.01219587,0.01219587,0.001,0.5
1967-10-01,Hlth_excess,-0.0542,0.00992781,0.01179589,0.01179589,0.001,0.5
1967-10-01,Utils_excess,-0.0576,0.00757301,0.00836401,0.00836401,0.001,0.5
1967-10-01,Other_excess,-0.0543,0.00770982,0.00678976,0.00678976,0.001,0.5
1967-11-01,NoDur_excess,0.0013,0.00704837,0.01047973,0.01047973,0.001,0.5
1967-11-01,Durbl_excess,-0.0132,0.01207551,0.01452302,0.01452302,0.001,0.5
1967-11-01,Manuf_excess,0.0027,0.0095251,0.00200317,0.00200317,0.001,0.5
1967-11-01,Enrgy_excess,0.0042,0.00897367,0.0023264,0.0023264,0.001,0.5
1967-11-01,HiTec_excess,0.0106,0.01198122,0.01648783,0.01648783,0.001,0.5
1967-11-01,Telcm_excess,-0.0028,0.00628776,-0.00369256,0.0,0.001,0.5
1967-11-01,Shops_excess,0.0048,0.00849776,0.01029197,0.01029197,0.001,0.5
1967-11-01,Hlth_excess,0.0097,0.00979694,0.01490355,0.01490355,0.001,0.5
1967-11-01,Utils_excess,0.0283,0.00744,-0.00536393,0.0,0.001,0.5
1967-11-01,Other_excess,-0.0068,0.00758327,0.00318414,0.00318414,0.001,0.5
1967-12-01,NoDur_excess,0.028,0.00703666,0.00681656,0.00681656,0.001,0.5
1967-12-01,Durbl_excess,0.0055,0.01202403,0.00773194,0.00773194,0.001,0.5
1967-12-01,Manuf_excess,0.0487,0.0095112,-0.00290948,0.0,0.001,0.5
1967-12-01,Enrgy_excess,0.0274,0.00896395,0.00378844,0.00378844,0.001,0.5
1967-12-01,HiTec_excess,0.018,0.01197841,0.01001996,0.01001996,0.001,0.5
1967-12-01,Telcm_excess,-0.0021,0.00626925,-0.00536305,0.0,0.001,0.5
1967-12-01,Shops_excess,0.0312,0.00849022,0.00163976,0.00163976,0.001,0.5
1967-12-01,Hlth_excess,0.0137,0.00979674,0.01144062,0.01144062,0.001,0.5
1967-12-01,Utils_excess,0.0296,0.00748248,-0.01185618,0.0,0.001,0.5
1967-12-01,Other_excess,0.0507,0.00755397,-0.00069228,0.0,0.001,0.5
1968-01-01,NoDur_excess,-0.0083,0.00707927,0.00758903,0.00758903,0.001,0.5
1968-01-01,Durbl_excess,-0.0555,0.01201077,-0.0005663,0.0,0.001,0.5
1968-01-01,Manuf_excess,-0.0676,0.00959085,-0.00467843,0.0,0.001,0.5
1968-01-01,Enrgy_excess,-0.013,0.00900142,0.0025831,0.0025831,0.001,0.5
1968-01-01,HiTec_excess,-0.0913,0.01199065,0.01545973,0.01545973,0.001,0.5
1968-01-01,Telcm_excess,0.0227,0.00625224,0.00709238,0.00709238,0.001,0.5
1968-01-01,Shops_excess,0.0073,0.00853638,0.00456219,0.00456219,0.001,0.5
1968-01-01,Hlth_excess,-0.0697,0.00980467,0.00920622,0.00920622,0.001,0.5
1968-01-01,Utils_excess,-0.0022,0.00752744,0.00344618,0.00344618,0.001,0.5
1968-01-01,Other_excess,-0.023,0.00764167,0.00523068,0.00523068,0.001,0.5
1968-02-01,NoDur_excess,-0.031,0.00704807,0.00966477,0.00966477,0.001,0.5
1968-02-01,Durbl_excess,-0.0273,0.01187383,-0.00531253,0.0,0.001,0.5
1968-02-01,Manuf_excess,-0.0466,0.00943428,-0.00788697,0.0,0.001,0.5
1968-02-01,Enrgy_excess,-0.0307,0.0089568,0.00301432,0.00301432,0.001,0.5
1968-02-01,HiTec_excess,-0.0497,0.01178114,0.01810882,0.01810882,0.001,0.5
1968-02-01,Telcm_excess,-0.0281,0.0062856,0.01489914,0.01489914,0.001,0.5
1968-02-01,Shops_excess,-0.0124,0.00853387,0.01088594,0.01088594,0.001,0.5
1968-02-01,Hlth_excess,-0.0464,0.00964341,0.00841059,0.00841059,0.001,0.5
1968-02-01,Utils_excess,-0.0188,0.00750771,0.01353919,0.01353919,0.001,0.5
1968-02-01,Other_excess,-0.0383,0.00757951,0.00717918,0.00717918,0.001,0.5
1968-03-01,NoDur_excess,0.0026,0.00697105,0.01113379,0.01113379,0.001,0.5
1968-03-01,Durbl_excess,0.0027,0.01179453,0.00481413,0.00481413,0.001,0.5
1968-03-01,Manuf_excess,0.0046,0.00932085,-0.00061123,0.0,0.001,0.5
1968-03-01,Enrgy_excess,0.0036,0.00887652,0.00392157,0.00392157,0.001,0.5
1968-03-01,HiTec_excess,0.0386,0.01165668,0.01758284,0.01758284,0.001,0.5
1968-03-01,Telcm_excess,-0.015,0.00621599,0.00494945,0.00494945,0.001,0.5
1968-03-01,Shops_excess,0.0248,0.0084915,0.01136516,0.01136516,0.001,0.5
1968-03-01,Hlth_excess,-0.0027,0.00952996,0.01217099,0.01217099,0.001,0.5
1968-03-01,Utils_excess,-0.0432,0.00745445,0.00764041,0.00764041,0.001,0.5
1968-03-01,Other_excess,-0.0065,0.00748664,0.00648203,0.00648203,0.001,0.5
1968-04-01,NoDur_excess,0.1054,0.00696222,0.01026007,0.01026007,0.001,0.5
1968-04-01,Durbl_excess,0.1126,0.01177616,0.00925901,0.00925901,0.001,0.5
1968-04-01,Manuf_excess,0.1022,0.00931131,0.00441896,0.00441896,0.001,0.5
1968-04-01,Enrgy_excess,0.0522,0.00886586,0.00592364,0.00592364,0.001,0.5
1968-04-01,HiTec_excess,0.1201,0.01171111,0.01686264,0.01686264,0.001,0.5
1968-04-01,Telcm_excess,0.0178,0.00617313,-0.00152641,0.0,0.001,0.5
1968-04-01,Shops_excess,0.1179,0.00852444,0.00774967,0.00774967,0.001,0.5
1968-04-01,Hlth_excess,0.1147,0.00950525,0.01360395,0.01360395,0.001,0.5
1968-04-01,Utils_excess,0.0199,0.00735212,-0.00033931,0.0,0.001,0.5
1968-04-01,Other_excess,0.1151,0.00745838,0.00670981,0.00670981,0.001,0.5
1968-05-01,NoDur_excess,0.0455,0.00716069,0.00659402,0.00659402,0.001,0.5
1968-05-01,Durbl_excess,-0.0079,0.01197944,-0.00054202,0.0,0.001,0.5
1968-05-01,Manuf_excess,0.0271,0.00949859,0.00120347,0.00120347,0.001,0.5
1968-05-01,Enrgy_excess,0.0079,0.00895323,0.00669732,0.00669732,0.001,0.5
1968-05-01,HiTec_excess,0.0338,0.01192964,0.01653998,0.01653998,0.001,0.5
1968-05-01,Telcm_excess,-0.0118,0.00619657,0.00519228,0.00519228,0.001,0.5
1968-05-01,Shops_excess,0.0298,0.00874496,0.00366282,0.00366282,0.001,0.5
1968-05-01,Hlth_excess,0.029,0.00971734,0.00722545,0.00722545,0.001,0.5
1968-05-01,Utils_excess,-0.0001,0.00737742,0.00110988,0.00110988,0.001,0.5
1968-05-01,Other_excess,0.0578,0.0076754,0.00804852,0.00804852,0.001,0.5
1968-06-01,NoDur_excess,0.0057,0.00723783,0.01141642,0.01141642,0.001,0.5
1968-06-01,Durbl_excess,-0.0185,0.01193944,0.00492148,0.00492148,0.001,0.5
1968-06-01,Manuf_excess,-0.0065,0.009534,0.00922957,0.00922957,0.001,0.5
1968-06-01,Enrgy_excess,0.0141,0.00895111,0.006841,0.006841,0.001,0.5
1968-06-01,HiTec_excess,-0.0246,0.01197364,0.0266792,0.0266792,0.001,0.5
1968-06-01,Telcm_excess,0.0375,0.00616036,0.00676271,0.00676271,0.001,0.5
1968-06-01,Shops_excess,0.0008,0.00878732,0.01241313,0.01241313,0.001,0.5
1968-06-01,Hlth_excess,0.018,0.00975614,0.01239598,0.01239598,0.001,0.5
1968-06-01,Utils_excess,0.0802,0.00736237,0.01002999,0.01002999,0.001,0.5
1968-06-01,Other_excess,0.026,0.00777626,0.01486954,0.01486954,0.001,0.5
1968-07-01,NoDur_excess,-0.0417,0.00723474,0.00858778,0.00858778,0.001,0.5
1968-07-01,Durbl_excess,-0.034,0.01187831,-0.00175047,0.0,0.001,0.5
1968-07-01,Manuf_excess,-0.0445,0.00950181,0.00552953,0.00552953,0.001,0.5
1968-07-01,Enrgy_excess,0.048,0.00896145,0.00724401,0.00724401,0.001,0.5
1968-07-01,HiTec_excess,-0.0599,0.0119002,0.02238445,0.02238445,0.001,0.5
1968-07-01,Telcm_excess,-0.0068,0.00622329,0.00945373,0.00945373,0.001,0.5
1968-07-01,Shops_excess,-0.0564,0.00877129,0.0067279,0.0067279,0.001,0.5
1968-07-01,Hlth_excess,-0.046,0.00977269,0.00781884,0.00781884,0.001,0.5
1968-07-01,Utils_excess,-0.003,0.00750863,0.009758,0.009758,0.001,0.5
1968-07-01,Other_excess,-0.0349,0.00781285,0.01455202,0.01455202,0.001,0.5
1968-08-01,NoDur_excess,0.0232,0.00713667,0.01087976,0.01087976,0.001,0.5
1968-08-01,Durbl_excess,0.0083,0.01178637,-0.00367802,0.0,0.001,0.5
1968-08-01,Manuf_excess,0.0292,0.00939359,0.00012653,0.00012653,0.001,0.5
1968-08-01,Enrgy_excess,0.0088,0.00903968,0.00615651,0.00615651,0.001,0.5
1968-08-01,HiTec_excess,0.0012,0.01175631,0.02349302,0.02349302,0.001,0.5
1968-08-01,Telcm_excess,0.0087,0.00619719,0.01471852,0.01471852,0.001,0.5
1968-08-01,Shops_excess,0.0184,0.00864068,0.01214425,0.01214425,0.001,0.5
1968-08-01,Hlth_excess,0.0026,0.00966092,0.00686327,0.00686327,0.001,0.5
1968-08-01,Utils_excess,-0.0129,0.00748758,0.01933357,0.01933357,0.001,0.5
1968-08-01,Other_excess,0.022,0.00772725,0.01277931,0.01277931,0.001,0.5
1968-09-01,NoDur_excess,0.0444,0.0071688,0.01425723,0.01425723,0.001,0.5
1968-09-01,Durbl_excess,0.0621,0.0117794,0.0068318,0.0068318,0.001,0.5
1968-09-01,Manuf_excess,0.0412,0.0094332,0.00618491,0.00618491,0.001,0.5
1968-09-01,Enrgy_excess,0.0308,0.0090392,0.00435163,0.00435163,0.001,0.5
1968-09-01,HiTec_excess,0.0251,0.0117352,0.02718192,0.02718192,0.001,0.5
1968-09-01,Telcm_excess,0.0254,0.0062022,0.01257454,0.01257454,0.001,0.5
1968-09-01,Shops_excess,0.0741,0.0086602,0.01919485,0.01919485,0.001,0.5
1968-09-01,Hlth_excess,0.0041,0.0096468,0.01319315,0.01319315,0.001,0.5
1968-09-01,Utils_excess,-0.0017,0.0074468,0.02114062,0.02114062,0.001,0.5
1968-09-01,Other_excess,0.0901,0.0077558,0.01517376,0.01517376,0.001,0.5
1968-10-01,NoDur_excess,0.0043,0.00724311,0.01077505,0.01077505,0.001,0.5
1968-10-01,Durbl_excess,0.0423,0.01187984,0.00916925,0.00916925,0.001,0.5
1968-10-01,Manuf_excess,0.0049,0.00949661,0.01044721,0.01044721,0.001,0.5
1968-10-01,Enrgy_excess,0.0215,0.00908263,0.00657553,0.00657553,0.001,0.5
1968-10-01,HiTec_excess,-0.0534,0.01176188,0.02253845,0.02253845,0.001,0.5
1968-10-01,Telcm_excess,0.0273,0.00624052,0.0060049,0.0060049,0.001,0.5
1968-10-01,Shops_excess,0.0025,0.00879082,0.01211371,0.01211371,0.001,0.5
1968-10-01,Hlth_excess,-0.0048,0.00963573,0.01314773,0.01314773,0.001,0.5
1968-10-01,Utils_excess,0.0005,0.00742854,0.00975623,0.00975623,0.001,0.5
1968-10-01,Other_excess,0.0065,0.00792016,0.01562406,0.01562406,0.001,0.5
1968-11-01,NoDur_excess,0.0425,0.00723725,0.00758708,0.00758708,0.001,0.5
1968-11-01,Durbl_excess,-0.0056,0.01194044,0.00672321,0.00672321,0.001,0.5
1968-11-01,Manuf_excess,0.0535,0.00948745,0.00889183,0.00889183,0.001,0.5
1968-11-01,Enrgy_excess,0.0526,0.00910737,0.00708179,0.00708179,0.001,0.5
1968-11-01,HiTec_excess,0.0819,0.01163207,0.01662562,0.01662562,0.001,0.5
1968-11-01,Telcm_excess,0.0497,0.00628247,0.00259748,0.00259748,0.001,0.5
1968-11-01,Shops_excess,0.0472,0.00877829,0.00627748,0.00627748,0.001,0.5
1968-11-01,Hlth_excess,0.077,0.00960697,0.01132322,0.01132322,0.001,0.5
1968-11-01,Utils_excess,0.0839,0.00741474,0.00247641,0.00247641,0.001,0.5
1968-11-01,Other_excess,0.0729,0.00791733,0.01265343,0.01265343,0.001,0.5
1968-12-01,NoDur_excess,-0.0145,0.00730736,0.00993591,0.00993591,0.001,0.5
1968-12-01,Durbl_excess,-0.0489,0.01190557,0.01195552,0.01195552,0.001,0.5
1968-12-01,Manuf_excess,-0.0375,0.00957495,0.01174314,0.01174314,0.001,0.5
1968-12-01,Enrgy_excess,-0.0296,0.00919384,0.00673537,0.00673537,0.001,0.5
1968-12-01,HiTec_excess,-0.0577,0.01177177,0.02041861,0.02041861,0.001,0.5
1968-12-01,Telcm_excess,-0.071,0.00636879,0.00296495,0.00296495,0.001,0.5
1968-12-01,Shops_excess,-0.0456,0.00885467,0.01099462,0.01099462,0.001,0.5
1968-12-01,Hlth_excess,-0.0145,0.00974095,0.01592167,0.01592167,0.001,0.5
1968-12-01,Utils_excess,-0.0335,0.0075668,0.00592167,0.00592167,0.001,0.5
1968-12-01,Other_excess,-0.0411,0.00804652,0.01544938,0.01544938,0.001,0.5
1969-01-01,NoDur_excess,-0.0172,0.00726409,0.01229313,0.01229313,0.001,0.5
1969-01-01,Durbl_excess,-0.0225,0.01178492,0.01168055,0.01168055,0.001,0.5
1969-01-01,Manuf_excess,-0.0098,0.00948155,0.00982904,0.00982904,0.001,0.5
1969-01-01,Enrgy_excess,-0.0167,0.00911687,0.00481304,0.00481304,0.001,0.5
1969-01-01,HiTec_excess,-0.0521,0.01163393,0.02144431,0.02144431,0.001,0.5
1969-01-01,Telcm_excess,0.0064,0.00621528,-0.00023012,0.0,0.001,0.5
1969-01-01,Shops_excess,-0.015,0.00874663,0.01174155,0.01174155,0.001,0.5
1969-01-01,Hlth_excess,-0.0076,0.00969286,0.01815844,0.01815844,0.001,0.5
1969-01-01,Utils_excess,0.0191,0.00748532,0.00738372,0.00738372,0.001,0.5
1969-01-01,Other_excess,0.0025,0.00794901,0.0141592,0.0141592,0.001,0.5
1969-02-01,NoDur_excess,-0.0708,0.00721564,0.01557438,0.01557438,0.001,0.5
1969-02-01,Durbl_excess,-0.0404,0.01171703,0.00600218,0.00600218,0.001,0.5
1969-02-01,Manuf_excess,-0.0619,0.00944337,-0.00154134,0.0,0.001,0.5
1969-02-01,Enrgy_excess,-0.0541,0.00906574,-0.00136368,0.0,0.001,0.5
1969-02-01,HiTec_excess,-0.0408,0.01150772,0.02162736,0.02162736,0.001,0.5
1969-02-01,Telcm_excess,-0.038,0.00621564,0.00867187,0.00867187,0.001,0.5
1969-02-01,Shops_excess,-0.0461,0.0086996,0.02009156,0.02009156,0.001,0.5
1969-02-01,Hlth_excess,-0.0563,0.00965861,0.01557833,0.01557833,0.001,0.5
1969-02-01,Utils_excess,-0.0568,0.00750832,0.01932805,0.01932805,0.001,0.5
1969-02-01,Other_excess,-0.0887,0.00793822,0.01186372,0.01186372,0.001,0.5
1969-03-01,NoDur_excess,0.0025,0.00706146,0.00497994,0.00497994,0.001,0.5
1969-03-01,Durbl_excess,0.0464,0.01161403,-0.00554169,0.0,0.001,0.5
1969-03-01,Manuf_excess,0.0219,0.00930237,-0.00574443,0.0,0.001,0.5
1969-03-01,Enrgy_excess,0.069,0.00894091,0.00408302,0.00408302,0.001,0.5
1969-03-01,HiTec_excess,0.0498,0.01140435,0.0034271,0.0034271,0.001,0.5
1969-03-01,Telcm_excess,-0.0088,0.00612826,-0.00401777,0.0,0.001,0.5
1969-03-01,Shops_excess,0.0461,0.0085913,-0.00844725,0.0,0.001,0.5
1969-03-01,Hlth_excess,0.0289,0.00952826,0.00767958,0.00767958,0.001,0.5
1969-03-01,Utils_excess,-0.0175,0.00738123,-0.00901223,0.0,0.001,0.5
1969-03-01,Other_excess,0.0028,0.00774723,0.00308424,0.00308424,0.001,0.5
1969-04-01,NoDur_excess,0.0052,0.00705247,0.0059857,0.0059857,0.001,0.5
1969-04-01,Durbl_excess,0.0069,0.01168264,-0.00034089,0.0,0.001,0.5
1969-04-01,Manuf_excess,0.0077,0.00932722,-0.00072288,0.0,0.001,0.5
1969-04-01,Enrgy_excess,-0.0089,0.00905937,0.01022562,0.01022562,0.001,0.5
1969-04-01,HiTec_excess,0.0333,0.01148008,0.00705611,0.00705611,0.001,0.5
1969-04-01,Telcm_excess,0.0715,0.00609882,-0.00436191,0.0,0.001,0.5
1969-04-01,Shops_excess,0.0341,0.00866529,-0.00525987,0.0,0.001,0.5
1969-04-01,Hlth_excess,0.0445,0.00956647,0.00968553,0.00968553,0.001,0.5
1969-04-01,Utils_excess,0.0081,0.00733215,-0.01044069,0.0,0.001,0.5
1969-04-01,Other_excess,0.013,0.00773748,0.00719473,0.00719473,0.001,0.5
1969-05-01,NoDur_excess,0.0073,0.00704882,0.00918397,0.00918397,0.001,0.5
1969-05-01,Durbl_excess,-0.0035,0.01167323,-0.0072904,0.0,0.001,0.5
1969-05-01,Manuf_excess,-0.0134,0.00932402,-0.0072217,0.0,0.001,0.5
1969-05-01,Enrgy_excess,0.0352,0.00902402,0.00592018,0.00592018,0.001,0.5
1969-05-01,HiTec_excess,-0.0208,0.01152303,0.01560721,0.01560721,0.001,0.5
1969-05-01,Telcm_excess,0.0059,0.00622756,0.0127354,0.0127354,0.001,0.5
1969-05-01,Shops_excess,0.0,0.00871535,0.00332736,0.00332736,0.001,0.5
1969-05-01,Hlth_excess,0.012,0.00963524,0.00520893,0.00520893,0.001,0.5
1969-05-01,Utils_excess,-0.0046,0.00733366,0.00738941,0.00738941,0.001,0.5
1969-05-01,Other_excess,-0.0168,0.00774783,0.00911567,0.00911567,0.001,0.5
1969-06-01,NoDur_excess,-0.0788,0.00704931,0.01476241,0.01476241,0.001,0.5
1969-06-01,Durbl_excess,-0.065,0.01164342,0.01597241,0.01597241,0.001,0.5
1969-06-01,Manuf_excess,-0.0743,0.00927937,0.00589619,0.00589619,0.001,0.5
1969-06-01,Enrgy_excess,-0.1047,0.00907544,0.00284163,0.00284163,0.001,0.5
1969-06-01,HiTec_excess,-0.0067,0.01145953,0.01960064,0.01960064,0.001,0.5
1969-06-01,Telcm_excess,-0.0451,0.00622692,-6.127e-05,0.0,0.001,0.5
1969-06-01,Shops_excess,-0.0602,0.00869823,0.01624889,0.01624889,0.001,0.5
1969-06-01,Hlth_excess,-0.0555,0.00963988,0.02079315,0.02079315,0.001,0.5
1969-06-01,Utils_excess,-0.0625,0.00731022,0.00669228,0.00669228,0.001,0.5
1969-06-01,Other_excess,-0.1103,0.00769961,0.01112959,0.01112959,0.001,0.5
1969-07-01,NoDur_excess,-0.0738,0.00688098,0.0080802,0.0080802,0.001,0.5
1969-07-01,Durbl_excess,-0.075,0.01149314,-0.00163063,0.0,0.001,0.5
1969-07-01,Manuf_excess,-0.0598,0.00911549,-0.00179535,0.0,0.001,0.5
1969-07-01,Enrgy_excess,-0.1017,0.00885235,0.00933848,0.00933848,0.001,0.5
1969-07-01,HiTec_excess,-0.0596,0.01142392,0.01450011,0.01450011,0.001,0.5
1969-07-01,Telcm_excess,-0.0503,0.00612627,0.00451809,0.00451809,0.001,0.5
1969-07-01,Shops_excess,-0.0898,0.00856314,-0.00111163,0.0,0.001,0.5
1969-07-01,Hlth_excess,-0.0326,0.00951216,0.0100411,0.0100411,0.001,0.5
1969-07-01,Utils_excess,-0.0351,0.00717333,-0.00137764,0.0,0.001,0.5
1969-07-01,Other_excess,-0.0966,0.00746824,0.00847016,0.00847016,0.001,0.5
1969-08-01,NoDur_excess,0.0445,0.00672309,0.00907704,0.00907704,0.001,0.5
1969-08-01,Durbl_excess,0.0223,0.01132387,0.00177032,0.00177032,0.001,0.5
1969-08-01,Manuf_excess,0.0369,0.00898063,0.00557064,0.00557064,0.001,0.5
1969-08-01,Enrgy_excess,0.0612,0.00863601,0.0077698,0.0077698,0.001,0.5
1969-08-01,HiTec_excess,0.0653,0.01128493,0.02337509,0.02337509,0.001,0.5
1969-08-01,Telcm_excess,0.0115,0.00601585,0.00299524,0.00299524,0.001,0.5
1969-08-01,Shops_excess,0.0763,0.00837065,0.00021439,0.00021439,0.001,0.5
1969-08-01,Hlth_excess,0.0881,0.00942975,0.01253559,0.01253559,0.001,0.5
1969-08-01,Utils_excess,-0.0179,0.00709061,0.00659555,0.00659555,0.001,0.5
1969-08-01,Other_excess,0.0848,0.00726458,0.01114375,0.01114375,0.001,0.5
1969-09-01,NoDur_excess,-0.0029,0.00679687,0.01119662,0.01119662,0.001,0.5
1969-09-01,Durbl_excess,-0.0068,0.01134531,0.00501128,0.00501128,0.001,0.5
1969-09-01,Manuf_excess,-0.0269,0.00903516,0.00817658,0.00817658,0.001,0.5
1969-09-01,Enrgy_excess,-0.1025,0.00873867,0.00611936,0.00611936,0.001,0.5
1969-09-01,HiTec_excess,-0.0042,0.01139043,0.02756881,0.02756881,0.001,0.5
1969-09-01,Telcm_excess,-0.0462,0.00602656,0.00387725,0.00387725,0.001,0.5
1969-09-01,Shops_excess,-0.0128,0.00850332,0.00761571,0.00761571,0.001,0.5
1969-09-01,Hlth_excess,0.0147,0.0095834,0.01630035,0.01630035,0.001,0.5
1969-09-01,Utils_excess,-0.0477,0.0070418,0.00894768,0.00894768,0.001,0.5
1969-09-01,Other_excess,-0.0125,0.00741602,0.01500966,0.01500966,0.001,0.5
1969-10-01,NoDur_excess,0.0772,0.00677797,0.0141419,0.0141419,0.001,0.5
1969-10-01,Durbl_excess,0.0326,0.01130994,0.01491577,0.01491577,0.001,0.5
1969-10-01,Manuf_excess,0.0608,0.00896511,0.00712041,0.00712041,0.001,0.5
1969-10-01,Enrgy_excess,-0.0163,0.00852183,-0.00491529,0.0,0.001,0.5
1969-10-01,HiTec_excess,0.0519,0.01136004,0.02855188,0.02855188,0.001,0.5
1969-10-01,Telcm_excess,0.029,0.00592476,-0.00521195,0.0,0.001,0.5
1969-10-01,Shops_excess,0.0611,0.00846179,0.01447108,0.01447108,0.001,0.5
1969-10-01,Hlth_excess,0.0838,0.00959337,0.02305978,0.02305978,0.001,0.5
1969-10-01,Utils_excess,0.077,0.00693509,0.0059203,0.0059203,0.001,0.5
1969-10-01,Other_excess,0.074,0.00737719,0.0109843,0.0109843,0.001,0.5
1969-11-01,NoDur_excess,-0.0288,0.00691498,0.00752496,0.00752496,0.001,0.5
1969-11-01,Durbl_excess,-0.05,0.01135136,-0.00691657,0.0,0.001,0.5
1969-11-01,Manuf_excess,-0.0394,0.00906595,-0.00440294,0.0,0.001,0.5
1969-11-01,Enrgy_excess,-0.0508,0.00847354,0.0032762,0.0032762,0.001,0.5
1969-11-01,HiTec_excess,-0.0231,0.01143891,0.01436398,0.01436398,0.001,0.5
1969-11-01,Telcm_excess,0.0064,0.00596965,0.00380422,0.00380422,0.001,0.5
1969-11-01,Shops_excess,-0.0461,0.0085642,-0.00382116,0.0,0.001,0.5
1969-11-01,Hlth_excess,-0.002,0.00973774,0.00989143,0.00989143,0.001,0.5
1969-11-01,Utils_excess,-0.058,0.0070714,-0.00276581,0.0,0.001,0.5
1969-11-01,Other_excess,-0.0608,0.00750681,0.0089252,0.0089252,0.001,0.5
1969-12-01,NoDur_excess,-0.0258,0.00684563,0.00728133,0.00728133,0.001,0.5
1969-12-01,Durbl_excess,-0.0408,0.01123223,0.00543422,0.00543422,0.001,0.5
1969-12-01,Manuf_excess,-0.0207,0.00897184,0.01047663,0.01047663,0.001,0.5
1969-12-01,Enrgy_excess,-0.0365,0.00835845,0.00124864,0.00124864,0.001,0.5
1969-12-01,HiTec_excess,-0.0138,0.01137184,0.01739831,0.01739831,0.001,0.5
1969-12-01,Telcm_excess,-0.0615,0.00597049,-0.00877664,0.0,0.001,0.5
1969-12-01,Shops_excess,-0.0364,0.00845806,-0.00490741,0.0,0.001,0.5
1969-12-01,Hlth_excess,0.0366,0.00971495,0.02050791,0.02050791,0.001,0.5
1969-12-01,Utils_excess,-0.0127,0.00694505,-0.01196724,0.0,0.001,0.5
1969-12-01,Other_excess,-0.044,0.00737417,0.01074841,0.01074841,0.001,0.5
1970-01-01,NoDur_excess,-0.0485,0.00678236,0.00954683,0.00954683,0.001,0.5
1970-01-01,Durbl_excess,-0.0885,0.0111314,-0.00083343,0.0,0.001,0.5
1970-01-01,Manuf_excess,-0.079,0.00891434,0.00621214,0.00621214,0.001,0.5
1970-01-01,Enrgy_excess,-0.1206,0.00827151,-0.00023767,0.0,0.001,0.5
1970-01-01,HiTec_excess,-0.0967,0.01132306,0.02294148,0.02294148,0.001,0.5
1970-01-01,Telcm_excess,-0.0317,0.00583973,-0.0030194,0.0,0.001,0.5
1970-01-01,Shops_excess,-0.0669,0.00837112,0.00375703,0.00375703,0.001,0.5
1970-01-01,Hlth_excess,-0.0772,0.00976705,0.01909492,0.01909492,0.001,0.5
1970-01-01,Utils_excess,-0.0484,0.00690698,0.00051218,0.00051218,0.001,0.5
1970-01-01,Other_excess,-0.0945,0.00727461,0.00949566,0.00949566,0.001,0.5
1970-02-01,NoDur_excess,0.0408,0.00667544,0.01382626,0.01382626,0.001,0.5
1970-02-01,Durbl_excess,0.0498,0.01093868,-0.00101899,0.0,0.001,0.5
1970-02-01,Manuf_excess,0.0457,0.00874429,-0.00018503,0.0,0.001,0.5
1970-02-01,Enrgy_excess,0.0477,0.00802224,-0.00684353,0.0,0.001,0.5
1970-02-01,HiTec_excess,0.0233,0.01111412,0.02543668,0.02543668,0.001,0.5
1970-02-01,Telcm_excess,0.0735,0.00576712,0.00263811,0.00263811,0.001,0.5
1970-02-01,Shops_excess,0.0496,0.00822553,0.0132721,0.0132721,0.001,0.5
1970-02-01,Hlth_excess,0.0498,0.00959884,0.01834115,0.01834115,0.001,0.5
1970-02-01,Utils_excess,0.0776,0.0068,0.01074208,0.01074208,0.001,0.5
1970-02-01,Other_excess,0.0886,0.00707776,0.00750536,0.00750536,0.001,0.5
1970-03-01,NoDur_excess,-0.0135,0.00674131,0.00652153,0.00652153,0.001,0.5
1970-03-01,Durbl_excess,0.043,0.01101371,-0.01422727,0.0,0.001,0.5
1970-03-01,Manuf_excess,-0.0086,0.00881564,-0.01161529,0.0,0.001,0.5
1970-03-01,Enrgy_excess,-0.0102,0.00809884,-0.00034377,0.0,0.001,0.5
1970-03-01,HiTec_excess,-0.0315,0.01113764,0.01005792,0.01005792,0.001,0.5
1970-03-01,Telcm_excess,0.0172,0.00589788,0.01081055,0.01081055,0.001,0.5
1970-03-01,Shops_excess,-0.0229,0.00830541,-0.00092574,0.0,0.001,0.5
1970-03-01,Hlth_excess,-0.0566,0.00967645,0.00736651,0.00736651,0.001,0.5
1970-03-01,Utils_excess,0.0234,0.00693668,0.0007591,0.0007591,0.001,0.5
1970-03-01,Other_excess,-0.0237,0.00723514,0.00392755,0.00392755,0.001,0.5
1970-04-01,NoDur_excess,-0.1064,0.00670231,0.009609,0.009609,0.001,0.5
1970-04-01,Durbl_excess,-0.0936,0.01107534,0.00206592,0.00206592,0.001,0.5
1970-04-01,Manuf_excess,-0.0948,0.00878208,-0.00337589,0.0,0.001,0.5
1970-04-01,Enrgy_excess,-0.0967,0.00806358,-0.00533392,0.0,0.001,0.5
1970-04-01,HiTec_excess,-0.1485,0.01105549,0.00991381,0.00991381,0.001,0.5
1970-04-01,Telcm_excess,-0.0929,0.00591965,-0.00103029,0.0,0.001,0.5
1970-04-01,Shops_excess,-0.1162,0.00824528,0.00539162,0.00539162,0.001,0.5
1970-04-01,Hlth_excess,-0.1061,0.00954875,0.01569146,0.01569146,0.001,0.5
1970-04-01,Utils_excess,-0.0857,0.0069684,-0.00146805,0.0,0.001,0.5
1970-04-01,Other_excess,-0.1432,0.00717553,0.00314051,0.00314051,0.001,0.5
1970-05-01,NoDur_excess,-0.0798,0.00648481,0.00549414,0.00549414,0.001,0.5
1970-05-01,Durbl_excess,-0.07,0.01087404,0.00196894,0.00196894,0.001,0.5
1970-05-01,Manuf_excess,-0.0804,0.00858288,-0.01017073,0.0,0.001,0.5
1970-05-01,Enrgy_excess,0.0213,0.00786212,-0.01520452,0.0,0.001,0.5
1970-05-01,HiTec_excess,-0.1009,0.01074865,0.00034613,0.00034613,0.001,0.5
1970-05-01,Telcm_excess,-0.0424,0.00572962,-0.01260526,0.0,0.001,0.5
1970-05-01,Shops_excess,-0.1,0.00800596,0.00332278,0.00332278,0.001,0.5
1970-05-01,Hlth_excess,-0.083,0.00932635,0.01640378,0.01640378,0.001,0.5
1970-05-01,Utils_excess,-0.0588,0.00679019,-0.0100117,0.0,0.001,0.5
1970-05-01,Other_excess,-0.087,0.00688635,-0.00703258,0.0,0.001,0.5
1970-06-01,NoDur_excess,-0.0206,0.00631919,0.00478074,0.00478074,0.001,0.5
1970-06-01,Durbl_excess,-0.0473,0.01071881,0.0061201,0.0061201,0.001,0.5
1970-06-01,Manuf_excess,-0.054,0.00841209,-0.01884408,0.0,0.001,0.5
1970-06-01,Enrgy_excess,-0.0302,0.00788791,-0.01258696,0.0,0.001,0.5
1970-06-01,HiTec_excess,-0.1231,0.01053436,-0.00560438,0.0,0.001,0.5
1970-06-01,Telcm_excess,-0.0907,0.00563724,-0.01508646,0.0,0.001,0.5
1970-06-01,Shops_excess,-0.0456,0.00779866,0.00341876,0.00341876,0.001,0.5
1970-06-01,Hlth_excess,-0.0109,0.00914914,0.01369757,0.01369757,0.001,0.5
1970-06-01,Utils_excess,-0.0529,0.0066643,-0.00839859,0.0,0.001,0.5
1970-06-01,Other_excess,-0.0743,0.00670614,-0.01519866,0.0,0.001,0.5
1970-07-01,NoDur_excess,0.0616,0.00626762,-0.00923764,0.0,0.001,0.5
1970-07-01,Durbl_excess,0.1008,0.01060766,-0.01773705,0.0,0.001,0.5
1970-07-01,Manuf_excess,0.0458,0.00829253,-0.03178507,0.0,0.001,0.5
1970-07-01,Enrgy_excess,0.1224,0.00781494,-0.00578286,0.0,0.001,0.5
1970-07-01,HiTec_excess,0.0182,0.01027835,-0.02993247,0.0,0.001,0.5
1970-07-01,Telcm_excess,0.0974,0.00545268,-0.01562102,0.0,0.001,0.5
1970-07-01,Shops_excess,0.0986,0.00769636,-0.02919303,0.0,0.001,0.5
1970-07-01,Hlth_excess,0.0164,0.00911073,-0.00280028,0.0,0.001,0.5
1970-07-01,Utils_excess,0.0819,0.00655019,-0.03490716,0.0,0.001,0.5
1970-07-01,Other_excess,0.075,0.00655096,-0.02561102,0.0,0.001,0.5
1970-08-01,NoDur_excess,0.0093,0.00637342,0.00476829,0.00476829,0.001,0.5
1970-08-01,Durbl_excess,0.0775,0.01078011,-0.00519423,0.0,0.001,0.5
1970-08-01,Manuf_excess,0.0412,0.00836424,-0.02787103,0.0,0.001,0.5
1970-08-01,Enrgy_excess,0.0606,0.00803403,-0.01067809,0.0,0.001,0.5
1970-08-01,HiTec_excess,0.075,0.0102935,-0.00882,0.0,0.001,0.5
1970-08-01,Telcm_excess,0.0191,0.00562849,0.01017604,0.01017604,0.001,0.5
1970-08-01,Shops_excess,0.0478,0.00787017,0.0083749,0.0083749,0.001,0.5
1970-08-01,Hlth_excess,0.0129,0.00912467,0.00017401,0.00017401,0.001,0.5
1970-08-01,Utils_excess,0.0416,0.00669426,0.00774173,0.00774173,0.001,0.5
1970-08-01,Other_excess,0.0457,0.00668184,-0.01155267,0.0,0.001,0.5
1970-09-01,NoDur_excess,0.0498,0.00637901,0.00440129,0.00440129,0.001,0.5
1970-09-01,Durbl_excess,0.0215,0.01090744,0.00408685,0.00408685,0.001,0.5
1970-09-01,Manuf_excess,0.0343,0.00842691,-0.01305972,0.0,0.001,0.5
1970-09-01,Enrgy_excess,0.0266,0.00813435,-0.00633455,0.0,0.001,0.5
1970-09-01,HiTec_excess,0.0964,0.01041698,-0.00332563,0.0,0.001,0.5
1970-09-01,Telcm_excess,-0.0142,0.0056542,-0.00115256,0.0,0.001,0.5
1970-09-01,Shops_excess,0.0741,0.00794637,0.00469049,0.00469049,0.001,0.5
1970-09-01,Hlth_excess,0.0749,0.00913187,0.00689739,0.00689739,0.001,0.5
1970-09-01,Utils_excess,-0.0106,0.00676088,0.0011408,0.0011408,0.001,0.5
1970-09-01,Other_excess,0.0705,0.0067563,-0.00553249,0.0,0.001,0.5
1970-10-01,NoDur_excess,0.0024,0.00646171,0.00229501,0.00229501,0.001,0.5
1970-10-01,Durbl_excess,-0.0246,0.01092762,-0.00016253,0.0,0.001,0.5
1970-10-01,Manuf_excess,-0.0361,0.00847619,-0.01341275,0.0,0.001,0.5
1970-10-01,Enrgy_excess,0.0249,0.00816952,-0.0014245,0.0,0.001,0.5
1970-10-01,HiTec_excess,-0.0394,0.01058076,-0.00599734,0.0,0.001,0.5
1970-10-01,Telcm_excess,-0.0421,0.00561638,0.00176336,0.00176336,0.001,0.5
1970-10-01,Shops_excess,-0.0215,0.00807238,0.00037401,0.00037401,0.001,0.5
1970-10-01,Hlth_excess,-0.0036,0.00925714,0.00395863,0.00395863,0.001,0.5
1970-10-01,Utils_excess,-0.0129,0.00672781,-0.00613702,0.0,0.001,0.5
1970-10-01,Other_excess,-0.0635,0.00687771,-0.00326062,0.0,0.001,0.5
1970-11-01,NoDur_excess,0.0427,0.00645399,0.00190071,0.00190071,0.001,0.5
1970-11-01,Durbl_excess,0.0652,0.01086008,-0.00080189,0.0,0.001,0.5
1970-11-01,Manuf_excess,0.0346,0.00839144,-0.01577171,0.0,0.001,0.5
1970-11-01,Enrgy_excess,0.0449,0.00820133,-0.00393161,0.0,0.001,0.5
1970-11-01,HiTec_excess,0.036,0.01048574,-0.01071335,0.0,0.001,0.5
1970-11-01,Telcm_excess,0.057,0.00552567,-0.01001759,0.0,0.001,0.5
1970-11-01,Shops_excess,0.0642,0.00801616,-0.00166168,0.0,0.001,0.5
1970-11-01,Hlth_excess,0.0262,0.0092327,0.00730805,0.00730805,0.001,0.5
1970-11-01,Utils_excess,0.0895,0.00669049,-0.0130869,0.0,0.001,0.5
1970-11-01,Other_excess,0.0339,0.00674392,-0.00911215,0.0,0.001,0.5
1970-12-01,NoDur_excess,0.0708,0.00652277,0.00276789,0.00276789,0.001,0.5
1970-12-01,Durbl_excess,0.0575,0.01096319,-0.00035893,0.0,0.001,0.5
1970-12-01,Manuf_excess,0.0759,0.00844118,-0.01951502,0.0,0.001,0.5
1970-12-01,Enrgy_excess,0.0183,0.00827097,0.00355515,0.00355515,0.001,0.5
1970-12-01,HiTec_excess,0.0398,0.01053416,-0.00994988,0.0,0.001,0.5
1970-12-01,Telcm_excess,0.0643,0.00562334,0.01796751,0.01796751,0.001,0.5
1970-12-01,Shops_excess,0.0499,0.00812277,0.00445874,0.00445874,0.001,0.5
1970-12-01,Hlth_excess,0.0494,0.0092649,-0.00416662,0.0,0.001,0.5
1970-12-01,Utils_excess,0.0676,0.00684763,0.00235527,0.00235527,0.001,0.5
1970-12-01,Other_excess,0.0795,0.00679545,-0.00467744,0.0,0.001,0.5
1971-01-01,NoDur_excess,0.0444,0.00664451,0.01002275,0.01002275,0.001,0.5
1971-01-01,Durbl_excess,0.0349,0.01105133,0.00613666,0.00613666,0.001,0.5
1971-01-01,Manuf_excess,0.0553,0.00856894,-0.01434758,0.0,0.001,0.5
1971-01-01,Enrgy_excess,-0.0005,0.00828996,-0.0119359,0.0,0.001,0.5
1971-01-01,HiTec_excess,0.0501,0.01058958,-0.00074446,0.0,0.001,0.5
1971-01-01,Telcm_excess,0.0939,0.00573447,0.00793781,0.00793781,0.001,0.5
1971-01-01,Shops_excess,0.0791,0.00820189,0.02134667,0.02134667,0.001,0.5
1971-01-01,Hlth_excess,0.045,0.00934091,0.00758694,0.00758694,0.001,0.5
1971-01-01,Utils_excess,0.0255,0.00696269,0.01259235,0.01259235,0.001,0.5
1971-01-01,Other_excess,0.0743,0.00693314,-0.00270791,0.0,0.001,0.5
1971-02-01,NoDur_excess,0.0344,0.00671588,0.01248935,0.01248935,0.001,0.5
1971-02-01,Durbl_excess,0.0191,0.01109641,0.00781933,0.00781933,0.001,0.5
1971-02-01,Manuf_excess,0.0091,0.00865728,-0.00839788,0.0,0.001,0.5
1971-02-01,Enrgy_excess,0.0448,0.00827335,-0.00115693,0.0,0.001,0.5
1971-02-01,HiTec_excess,0.0247,0.01066427,-0.0030806,0.0,0.001,0.5
1971-02-01,Telcm_excess,-0.0562,0.00590113,0.02293597,0.02293597,0.001,0.5
1971-02-01,Shops_excess,0.0331,0.00833592,0.01837209,0.01837209,0.001,0.5
1971-02-01,Hlth_excess,0.0106,0.00940832,0.00621865,0.00621865,0.001,0.5
1971-02-01,Utils_excess,-0.0293,0.00699773,0.01133928,0.01133928,0.001,0.5
1971-02-01,Other_excess,0.0202,0.00706049,0.00335502,0.00335502,0.001,0.5
1971-03-01,NoDur_excess,0.0415,0.00676811,0.00015747,0.00015747,0.001,0.5
1971-03-01,Durbl_excess,0.0314,0.01111151,0.00345535,0.00345535,0.001,0.5
1971-03-01,Manuf_excess,0.0378,0.00865811,-0.01674286,0.0,0.001,0.5
1971-03-01,Enrgy_excess,0.0246,0.00834226,-0.00087303,0.0,0.001,0.5
1971-03-01,HiTec_excess,0.0775,0.01069075,-0.023491,0.0,0.001,0.5
1971-03-01,Telcm_excess,0.0041,0.00578396,-0.01229587,0.0,0.001,0.5
1971-03-01,Shops_excess,0.0651,0.00838264,-0.00639694,0.0,0.001,0.5
1971-03-01,Hlth_excess,0.0337,0.00941057,0.00756425,0.00756425,0.001,0.5
1971-03-01,Utils_excess,0.0211,0.00692925,-0.02740533,0.0,0.001,0.5
1971-03-01,Other_excess,0.0571,0.00708528,-0.01040083,0.0,0.001,0.5
1971-04-01,NoDur_excess,0.0185,0.00683352,0.01023365,0.01023365,0.001,0.5
1971-04-01,Durbl_excess,0.0821,0.01114972,0.00888639,0.00888639,0.001,0.5
1971-04-01,Manuf_excess,0.04,0.00871299,-0.00938687,0.0,0.001,0.5
1971-04-01,Enrgy_excess,0.0403,0.00837288,0.00848077,0.00848077,0.001,0.5
1971-04-01,HiTec_excess,0.0203,0.01081657,-0.01212886,0.0,0.001,0.5
1971-04-01,Telcm_excess,0.0053,0.00578079,0.01064219,0.01064219,0.001,0.5
1971-04-01,Shops_excess,0.0469,0.00848945,0.00763168,0.00763168,0.001,0.5
1971-04-01,Hlth_excess,0.0397,0.00945631,0.00553229,0.00553229,0.001,0.5
1971-04-01,Utils_excess,-0.0383,0.00695593,-0.00825326,0.0,0.001,0.5
1971-04-01,Other_excess,0.0408,0.00717947,0.00241452,0.00241452,0.001,0.5
1971-05-01,NoDur_excess,-0.033,0.00685545,0.00720305,0.00720305,0.001,0.5
1971-05-01,Durbl_excess,-0.0457,0.01128308,0.01168924,0.01168924,0.001,0.5
1971-05-01,Manuf_excess,-0.0255,0.0087718,-0.00772884,0.0,0.001,0.5
1971-05-01,Enrgy_excess,-0.0506,0.00843289,-0.00120059,0.0,0.001,0.5
1971-05-01,HiTec_excess,-0.0647,0.0108344,-0.00644627,0.0,0.001,0.5
1971-05-01,Telcm_excess,-0.0545,0.00577989,-0.00726698,0.0,0.001,0.5
1971-05-01,Shops_excess,-0.0208,0.00856165,0.00674832,0.00674832,0.001,0.5
1971-05-01,Hlth_excess,-0.024,0.00951316,0.01289491,0.01289491,0.001,0.5
1971-05-01,Utils_excess,-0.04,0.00687086,-0.014095,0.0,0.001,0.5
1971-05-01,Other_excess,-0.0489,0.00724267,0.00048012,0.00048012,0.001,0.5
1971-06-01,NoDur_excess,-0.0052,0.00678068,0.00475094,0.00475094,0.001,0.5
1971-06-01,Durbl_excess,-0.0103,0.01117617,0.0070012,0.0070012,0.001,0.5
1971-06-01,Manuf_excess,0.0,0.0087075,-0.00835276,0.0,0.001,0.5
1971-06-01,Enrgy_excess,0.0066,0.00832214,0.00279602,0.00279602,0.001,0.5
1971-06-01,HiTec_excess,-0.0255,0.01069268,-0.01193963,0.0,0.001,0.5
1971-06-01,Telcm_excess,0.0067,0.00566679,-0.00634999,0.0,0.001,0.5
1971-06-01,Shops_excess,-0.0007,0.00850657,0.00155304,0.00155304,0.001,0.5
1971-06-01,Hlth_excess,0.0165,0.00945028,0.00882197,0.00882197,0.001,0.5
1971-06-01,Utils_excess,0.0395,0.00678293,-0.01802848,0.0,0.001,0.5
1971-06-01,Other_excess,-0.0143,0.00713734,-0.00172614,0.0,0.001,0.5
1971-07-01,NoDur_excess,-0.0254,0.00675824,0.00964115,0.00964115,0.001,0.5
1971-07-01,Durbl_excess,-0.0595,0.01113596,0.00795573,0.00795573,0.001,0.5
1971-07-01,Manuf_excess,-0.0528,0.0086912,-0.00605625,0.0,0.001,0.5
1971-07-01,Enrgy_excess,-0.0254,0.00831891,-0.00346738,0.0,0.001,0.5
1971-07-01,HiTec_excess,-0.0898,0.01062491,-0.00070737,0.0,0.001,0.5
1971-07-01,Telcm_excess,-0.0401,0.00566873,0.00135689,0.00135689,0.001,0.5
1971-07-01,Shops_excess,-0.0385,0.00848933,0.01706214,0.01706214,0.001,0.5
1971-07-01,Hlth_excess,-0.0265,0.00946348,0.01094481,0.01094481,0.001,0.5
1971-07-01,Utils_excess,-0.0254,0.00684419,0.00091277,0.00091277,0.001,0.5
1971-07-01,Other_excess,-0.0425,0.00709719,0.00240098,0.00240098,0.001,0.5
1971-08-01,NoDur_excess,0.0263,0.00669813,0.00912862,0.00912862,0.001,0.5
1971-08-01,Durbl_excess,0.1013,0.01100393,0.00862879,0.00862879,0.001,0.5
1971-08-01,Manuf_excess,0.0592,0.00857626,0.00079757,0.00079757,0.001,0.5
1971-08-01,Enrgy_excess,-0.0169,0.00825589,0.00503057,0.00503057,0.001,0.5
1971-08-01,HiTec_excess,0.052,0.0104372,0.0012408,0.0012408,0.001,0.5
1971-08-01,Telcm_excess,-0.0081,0.00558318,-0.0006149,0.0,0.001,0.5
1971-08-01,Shops_excess,0.0573,0.0084015,0.00908365,0.00908365,0.001,0.5
1971-08-01,Hlth_excess,0.0281,0.00939626,0.01190284,0.01190284,0.001,0.5
1971-08-01,Utils_excess,-0.028,0.00678393,-0.00220478,0.0,0.001,0.5
1971-08-01,Other_excess,0.0656,0.00700449,0.00590911,0.00590911,0.001,0.5
1971-09-01,NoDur_excess,-0.0044,0.0067347,0.01562132,0.01562132,0.001,0.5
1971-09-01,Durbl_excess,-0.0044,0.01117239,0.01259432,0.01259432,0.001,0.5
1971-09-01,Manuf_excess,-0.0069,0.00867071,0.00231512,0.00231512,0.001,0.5
1971-09-01,Enrgy_excess,-0.0201,0.00820896,0.00642421,0.00642421,0.001,0.5
1971-09-01,HiTec_excess,-0.0192,0.01051474,0.00713887,0.00713887,0.001,0.5
1971-09-01,Telcm_excess,-0.0014,0.00555765,0.0181803,0.0181803,0.001,0.5
1971-09-01,Shops_excess,0.0036,0.00849272,0.02352141,0.02352141,0.001,0.5
1971-09-01,Hlth_excess,0.0029,0.00943116,0.00943337,0.00943337,0.001,0.5
1971-09-01,Utils_excess,-0.0188,0.00671903,0.013536,0.013536,0.001,0.5
1971-09-01,Other_excess,-0.008,0.00711381,0.01218167,0.01218167,0.001,0.5
1971-10-01,NoDur_excess,-0.047,0.00671397,0.00812219,0.00812219,0.001,0.5
1971-10-01,Durbl_excess,-0.0558,0.01114339,0.01315475,0.01315475,0.001,0.5
1971-10-01,Manuf_excess,-0.0641,0.00864171,0.00536241,0.00536241,0.001,0.5
1971-10-01,Enrgy_excess,-0.0466,0.00815624,0.01033191,0.01033191,0.001,0.5
1971-10-01,HiTec_excess,-0.0472,0.0104594,0.00072369,0.00072369,0.001,0.5
1971-10-01,Telcm_excess,-0.0211,0.00554469,-0.0003625,0.0,0.001,0.5
1971-10-01,Shops_excess,-0.0382,0.00848361,0.00311621,0.00311621,0.001,0.5
1971-10-01,Hlth_excess,-0.0287,0.00941899,0.0117541,0.0117541,0.001,0.5
1971-10-01,Utils_excess,0.0168,0.00667151,-0.00786955,0.0,0.001,0.5
1971-10-01,Other_excess,-0.0457,0.00708566,0.00962637,0.00962637,0.001,0.5
1971-11-01,NoDur_excess,-0.0071,0.00661413,0.01382478,0.01382478,0.001,0.5
1971-11-01,Durbl_excess,-0.0004,0.01101896,0.01529522,0.01529522,0.001,0.5
1971-11-01,Manuf_excess,-0.0135,0.00850651,0.00350744,0.00350744,0.001,0.5
1971-11-01,Enrgy_excess,-0.0031,0.00805446,0.00450879,0.00450879,0.001,0.5
1971-11-01,HiTec_excess,0.014,0.01035223,0.00720112,0.00720112,0.001,0.5
1971-11-01,Telcm_excess,0.0002,0.00549517,0.00861907,0.00861907,0.001,0.5
1971-11-01,Shops_excess,-0.0013,0.00839684,0.01950903,0.01950903,0.001,0.5
1971-11-01,Hlth_excess,0.0022,0.00934814,0.01269839,0.01269839,0.001,0.5
1971-11-01,Utils_excess,-0.0157,0.00669033,0.00843555,0.00843555,0.001,0.5
1971-11-01,Other_excess,-0.0055,0.00698755,0.01238085,0.01238085,0.001,0.5
1971-12-01,NoDur_excess,0.1017,0.00658868,0.01205676,0.01205676,0.001,0.5
1971-12-01,Durbl_excess,0.0577,0.01099777,0.0187386,0.0187386,0.001,0.5
1971-12-01,Manuf_excess,0.095,0.00846568,0.00276379,0.00276379,0.001,0.5
1971-12-01,Enrgy_excess,0.0847,0.00803377,0.00457574,0.00457574,0.001,0.5
1971-12-01,HiTec_excess,0.109,0.010359,0.00519942,0.00519942,0.001,0.5
1971-12-01,Telcm_excess,0.07,0.00548534,1.377e-05,1.377e-05,0.001,0.5
1971-12-01,Shops_excess,0.098,0.00837885,0.01520053,0.01520053,0.001,0.5
1971-12-01,Hlth_excess,0.0754,0.00933488,0.01514607,0.01514607,0.001,0.5
1971-12-01,Utils_excess,0.0774,0.00664879,0.00208617,0.00208617,0.001,0.5
1971-12-01,Other_excess,0.0777,0.00696438,0.01083876,0.01083876,0.001,0.5
1972-01-01,NoDur_excess,0.0221,0.00676481,0.01288521,0.01288521,0.001,0.5
1972-01-01,Durbl_excess,0.0294,0.01108426,0.01550104,0.01550104,0.001,0.5
1972-01-01,Manuf_excess,0.0293,0.00862593,0.00070795,0.00070795,0.001,0.5
1972-01-01,Enrgy_excess,-0.0013,0.00817574,0.00239781,0.00239781,0.001,0.5
1972-01-01,HiTec_excess,0.0806,0.01054167,0.00460256,0.00460256,0.001,0.5
1972-01-01,Telcm_excess,0.0065,0.00560481,0.00716086,0.00716086,0.001,0.5
1972-01-01,Shops_excess,0.0014,0.00854481,0.01824135,0.01824135,0.001,0.5
1972-01-01,Hlth_excess,0.0231,0.00945722,0.01249255,0.01249255,0.001,0.5
1972-01-01,Utils_excess,-0.0059,0.00677981,0.0058922,0.0058922,0.001,0.5
1972-01-01,Other_excess,0.0304,0.00709537,0.01131213,0.01131213,0.001,0.5
1972-02-01,NoDur_excess,0.044,0.00679316,0.01148544,0.01148544,0.001,0.5
1972-02-01,Durbl_excess,0.0059,0.01111811,0.01801891,0.01801891,0.001,0.5
1972-02-01,Manuf_excess,0.0474,0.00866414,-0.00291795,0.0,0.001,0.5
1972-02-01,Enrgy_excess,0.0236,0.00815823,0.00259011,0.00259011,0.001,0.5
1972-02-01,HiTec_excess,0.0164,0.01067116,-0.00241189,0.0,0.001,0.5
1972-02-01,Telcm_excess,-0.0009,0.00560647,-0.00182985,0.0,0.001,0.5
1972-02-01,Shops_excess,0.0541,0.00853161,0.01220675,0.01220675,0.001,0.5
1972-02-01,Hlth_excess,0.0688,0.00948244,0.01494842,0.01494842,0.001,0.5
1972-02-01,Utils_excess,-0.0275,0.00675638,-0.00585489,0.0,0.001,0.5
1972-02-01,Other_excess,0.02,0.00713845,0.00647036,0.00647036,0.001,0.5
1972-03-01,NoDur_excess,-0.0019,0.00686181,0.01083502,0.01083502,0.001,0.5
1972-03-01,Durbl_excess,0.0396,0.01110849,0.01294192,0.01294192,0.001,0.5
1972-03-01,Manuf_excess,0.0222,0.00873561,-0.00473433,0.0,0.001,0.5
1972-03-01,Enrgy_excess,-0.0573,0.00818672,0.00305109,0.00305109,0.001,0.5
1972-03-01,HiTec_excess,0.0083,0.01068173,-0.00640451,0.0,0.001,0.5
1972-03-01,Telcm_excess,-0.0059,0.00559446,0.0020416,0.0020416,0.001,0.5
1972-03-01,Shops_excess,0.0171,0.00861568,0.01204324,0.01204324,0.001,0.5
1972-03-01,Hlth_excess,0.0019,0.00959188,0.01264787,0.01264787,0.001,0.5
1972-03-01,Utils_excess,-0.0043,0.00669317,-0.00797151,0.0,0.001,0.5
1972-03-01,Other_excess,0.0204,0.00716218,0.00455757,0.00455757,0.001,0.5
1972-04-01,NoDur_excess,0.0161,0.00684567,0.01348353,0.01348353,0.001,0.5
1972-04-01,Durbl_excess,-0.0082,0.01116096,0.01902061,0.01902061,0.001,0.5
1972-04-01,Manuf_excess,0.0168,0.00876041,0.00277826,0.00277826,0.001,0.5
1972-04-01,Enrgy_excess,-0.0098,0.00806611,0.00157815,0.00157815,0.001,0.5
1972-04-01,HiTec_excess,0.0047,0.01067735,0.00315176,0.00315176,0.001,0.5
1972-04-01,Telcm_excess,-0.0134,0.0055733,7.798e-05,7.798e-05,0.001,0.5
1972-04-01,Shops_excess,-0.0085,0.00863131,0.01578512,0.01578512,0.001,0.5
1972-04-01,Hlth_excess,0.0079,0.00957772,0.01670063,0.01670063,0.001,0.5
1972-04-01,Utils_excess,-0.0311,0.00667293,-0.00245164,0.0,0.001,0.5
1972-04-01,Other_excess,0.0153,0.00718656,0.0108643,0.0108643,0.001,0.5
1972-05-01,NoDur_excess,0.0011,0.00686268,0.01249794,0.01249794,0.001,0.5
1972-05-01,Durbl_excess,-0.0132,0.01112537,0.01672633,0.01672633,0.001,0.5
1972-05-01,Manuf_excess,0.016,0.00877518,0.0018453,0.0018453,0.001,0.5
1972-05-01,Enrgy_excess,0.0339,0.00803327,0.00258739,0.00258739,0.001,0.5
1972-05-01,HiTec_excess,0.0344,0.01066636,7.849e-05,7.849e-05,0.001,0.5
1972-05-01,Telcm_excess,0.0087,0.00553842,5.032e-05,5.032e-05,0.001,0.5
1972-05-01,Shops_excess,0.0149,0.00859982,0.01275297,0.01275297,0.001,0.5
1972-05-01,Hlth_excess,0.0322,0.00957463,0.01521439,0.01521439,0.001,0.5
1972-05-01,Utils_excess,-0.0048,0.00660349,-0.00588505,0.0,0.001,0.5
1972-05-01,Other_excess,-0.0091,0.00720147,0.00952486,0.00952486,0.001,0.5
1972-06-01,NoDur_excess,-0.0144,0.00685211,0.01269213,0.01269213,0.001,0.5
1972-06-01,Durbl_excess,-0.0318,0.01108073,0.01638113,0.01638113,0.001,0.5
1972-06-01,Manuf_excess,-0.0254,0.00878844,0.00490645,0.00490645,0.001,0.5
1972-06-01,Enrgy_excess,-0.0121,0.00808073,0.00815295,0.00815295,0.001,0.5
1972-06-01,HiTec_excess,-0.0282,0.01070991,0.00261332,0.00261332,0.001,0.5
1972-06-01,Telcm_excess,-0.0304,0.00554422,0.0061018,0.0061018,0.001,0.5
1972-06-01,Shops_excess,-0.0451,0.00861138,0.01263056,0.01263056,0.001,0.5
1972-06-01,Hlth_excess,0.0222,0.00961615,0.01392524,0.01392524,0.001,0.5
1972-06-01,Utils_excess,-0.0184,0.00658257,-0.00339168,0.0,0.001,0.5
1972-06-01,Other_excess,-0.048,0.00717156,0.01210835,0.01210835,0.001,0.5
1972-07-01,NoDur_excess,-0.0189,0.00681319,0.01193766,0.01193766,0.001,0.5
1972-07-01,Durbl_excess,-0.0244,0.0110022,0.01690427,0.01690427,0.001,0.5
1972-07-01,Manuf_excess,0.0017,0.00872582,0.0062712,0.0062712,0.001,0.5
1972-07-01,Enrgy_excess,-0.0136,0.00804377,0.00515331,0.00515331,0.001,0.5
1972-07-01,HiTec_excess,0.0065,0.01063864,0.00542353,0.00542353,0.001,0.5
1972-07-01,Telcm_excess,0.0044,0.00547839,-0.00230848,0.0,0.001,0.5
1972-07-01,Shops_excess,-0.0277,0.008513,0.01071253,0.01071253,0.001,0.5
1972-07-01,Hlth_excess,0.0282,0.00963919,0.01739823,0.01739823,0.001,0.5
1972-07-01,Utils_excess,-0.0027,0.00653681,-0.00432035,0.0,0.001,0.5
1972-07-01,Other_excess,-0.0326,0.00707051,0.01188539,0.01188539,0.001,0.5
1972-08-01,NoDur_excess,-0.004,0.00676618,0.0098018,0.0098018,0.001,0.5
1972-08-01,Durbl_excess,0.0349,0.01093748,0.01446728,0.01446728,0.001,0.5
1972-08-01,Manuf_excess,0.02,0.00871298,0.00846325,0.00846325,0.001,0.5
1972-08-01,Enrgy_excess,0.1216,0.0080042,0.01003331,0.01003331,0.001,0.5
1972-08-01,HiTec_excess,0.0256,0.01063108,0.00519493,0.00519493,0.001,0.5
1972-08-01,Telcm_excess,0.0486,0.00547642,0.0030453,0.0030453,0.001,0.5
1972-08-01,Shops_excess,-0.0072,0.0084468,0.00627304,0.00627304,0.001,0.5
1972-08-01,Hlth_excess,0.0075,0.00967313,0.01435191,0.01435191,0.001,0.5
1972-08-01,Utils_excess,0.0568,0.00651993,-0.00412093,0.0,0.001,0.5
1972-08-01,Other_excess,0.0333,0.00699799,0.01365952,0.01365952,0.001,0.5
1972-09-01,NoDur_excess,-0.0296,0.00674653,0.01219766,0.01219766,0.001,0.5
1972-09-01,Durbl_excess,-0.0123,0.0109812,0.01698333,0.01698333,0.001,0.5
1972-09-01,Manuf_excess,-0.0156,0.00873358,0.00853626,0.00853626,0.001,0.5
1972-09-01,Enrgy_excess,-0.0058,0.0082115,0.00756744,0.00756744,0.001,0.5
1972-09-01,HiTec_excess,-0.0149,0.01065839,0.01023444,0.01023444,0.001,0.5
1972-09-01,Telcm_excess,0.0397,0.00555511,0.00443862,0.00443862,0.001,0.5
1972-09-01,Shops_excess,-0.0084,0.00841825,0.01334894,0.01334894,0.001,0.5
1972-09-01,Hlth_excess,-0.0078,0.00966916,0.01658829,0.01658829,0.001,0.5
1972-09-01,Utils_excess,-0.0014,0.00661168,0.00314349,0.00314349,0.001,0.5
1972-09-01,Other_excess,-0.0206,0.00704599,0.0145052,0.0145052,0.001,0.5
1972-10-01,NoDur_excess,-0.0041,0.00668033,0.01244465,0.01244465,0.001,0.5
1972-10-01,Durbl_excess,-0.0284,0.0109388,0.01622097,0.01622097,0.001,0.5
1972-10-01,Manuf_excess,0.0074,0.00868925,0.00985326,0.00985326,0.001,0.5
1972-10-01,Enrgy_excess,0.027,0.00818597,0.00628032,0.00628032,0.001,0.5
1972-10-01,HiTec_excess,-0.0374,0.01061184,0.0140219,0.0140219,0.001,0.5
1972-10-01,Telcm_excess,0.019,0.0056173,0.00361637,0.00361637,0.001,0.5
1972-10-01,Shops_excess,0.0049,0.00838761,0.01417924,0.01417924,0.001,0.5
1972-10-01,Hlth_excess,0.0111,0.00963734,0.01759633,0.01759633,0.001,0.5
1972-10-01,Utils_excess,0.0637,0.00659709,0.00599811,0.00599811,0.001,0.5
1972-10-01,Other_excess,0.0073,0.00699563,0.01499111,0.01499111,0.001,0.5
1972-11-01,NoDur_excess,0.0651,0.00666073,0.00977862,0.00977862,0.001,0.5
1972-11-01,Durbl_excess,0.0757,0.01086727,0.01328992,0.01328992,0.001,0.5
1972-11-01,Manuf_excess,0.0383,0.00868691,0.0112626,0.0112626,0.001,0.5
1972-11-01,Enrgy_excess,0.0583,0.00822018,0.01360716,0.01360716,0.001,0.5
1972-11-01,HiTec_excess,0.0216,0.01052455,0.01098998,0.01098998,0.001,0.5
1972-11-01,Telcm_excess,0.0669,0.00564164,0.00821866,0.00821866,0.001,0.5
1972-11-01,Shops_excess,0.0564,0.00838127,0.00782149,0.00782149,0.001,0.5
1972-11-01,Hlth_excess,-0.0093,0.00964,0.01366557,0.01366557,0.001,0.5
1972-11-01,Utils_excess,0.0603,0.00670091,0.00481643,0.00481643,0.001,0.5
1972-11-01,Other_excess,0.0477,0.00699618,0.01625902,0.01625902,0.001,0.5
1972-12-01,NoDur_excess,0.0016,0.00676679,0.01331961,0.01331961,0.001,0.5
1972-12-01,Durbl_excess,0.0127,0.01098494,0.0151801,0.0151801,0.001,0.5
1972-12-01,Manuf_excess,0.0055,0.00874065,0.01269388,0.01269388,0.001,0.5
1972-12-01,Enrgy_excess,0.0068,0.00831107,0.01054774,0.01054774,0.001,0.5
1972-12-01,HiTec_excess,0.0161,0.01054465,0.0166115,0.0166115,0.001,0.5
1972-12-01,Telcm_excess,0.0108,0.00575281,0.01387288,0.01387288,0.001,0.5
1972-12-01,Shops_excess,0.0136,0.00846842,0.01536495,0.01536495,0.001,0.5
1972-12-01,Hlth_excess,0.0337,0.00960563,0.01373609,0.01373609,0.001,0.5
1972-12-01,Utils_excess,-0.0191,0.00679819,0.01375572,0.01375572,0.001,0.5
1972-12-01,Other_excess,-0.011,0.00707005,0.01879921,0.01879921,0.001,0.5
1973-01-01,NoDur_excess,-0.052,0.00675743,0.01244567,0.01244567,0.001,0.5
1973-01-01,Durbl_excess,-0.0714,0.01098804,0.01526901,0.01526901,0.001,0.5
1973-01-01,Manuf_excess,-0.0414,0.00873478,0.01178421,0.01178421,0.001,0.5
1973-01-01,Enrgy_excess,0.0459,0.00830833,0.00359386,0.00359386,0.001,0.5
1973-01-01,HiTec_excess,0.0152,0.01055471,0.0185051,0.0185051,0.001,0.5
1973-01-01,Telcm_excess,-0.0256,0.00576196,0.00396103,0.00396103,0.001,0.5
1973-01-01,Shops_excess,-0.0453,0.00847772,0.01544311,0.01544311,0.001,0.5
1973-01-01,Hlth_excess,-0.0163,0.00964928,0.0175969,0.0175969,0.001,0.5
1973-01-01,Utils_excess,-0.0471,0.00675127,0.01177176,0.01177176,0.001,0.5
1973-01-01,Other_excess,-0.0789,0.00703732,0.01655796,0.01655796,0.001,0.5
1973-02-01,NoDur_excess,-0.0478,0.00665118,0.00964428,0.00964428,0.001,0.5
1973-02-01,Durbl_excess,-0.0627,0.01083906,0.01015388,0.01015388,0.001,0.5
1973-02-01,Manuf_excess,-0.0268,0.00864412,0.00124236,0.00124236,0.001,0.5
1973-02-01,Enrgy_excess,-0.0779,0.00837631,0.00089208,0.00089208,0.001,0.5
1973-02-01,HiTec_excess,-0.0341,0.01056311,0.00836246,0.00836246,0.001,0.5
1973-02-01,Telcm_excess,-0.0505,0.00570524,-0.0025004,0.0,0.001,0.5
1973-02-01,Shops_excess,-0.0686,0.00838047,0.01393503,0.01393503,0.001,0.5
1973-02-01,Hlth_excess,-0.0112,0.00960235,0.01798245,0.01798245,0.001,0.5
1973-02-01,Utils_excess,-0.0239,0.00665389,0.00300573,0.00300573,0.001,0.5
1973-02-01,Other_excess,-0.0647,0.00688192,0.00484864,0.00484864,0.001,0.5
1973-03-01,NoDur_excess,-0.0146,0.00655289,0.00641629,0.00641629,0.001,0.5
1973-03-01,Durbl_excess,-0.0328,0.01070632,0.00725665,0.00725665,0.001,0.5
1973-03-01,Manuf_excess,-0.0066,0.00858014,0.00187545,0.00187545,0.001,0.5
1973-03-01,Enrgy_excess,0.0259,0.00822058,0.00701051,0.00701051,0.001,0.5
1973-03-01,HiTec_excess,-0.0166,0.01048249,0.0039181,0.0039181,0.001,0.5
1973-03-01,Telcm_excess,0.0007,0.00560379,0.00097688,0.00097688,0.001,0.5
1973-03-01,Shops_excess,-0.061,0.00824152,0.00594055,0.00594055,0.001,0.5
1973-03-01,Hlth_excess,0.0032,0.0095648,0.01348976,0.01348976,0.001,0.5
1973-03-01,Utils_excess,-0.0261,0.00659874,-0.00011253,0.0,0.001,0.5
1973-03-01,Other_excess,-0.0072,0.00675271,0.00511166,0.00511166,0.001,0.5
1973-04-01,NoDur_excess,-0.0677,0.00651477,0.00795513,0.00795513,0.001,0.5
1973-04-01,Durbl_excess,-0.0571,0.01062793,0.0091909,0.0091909,0.001,0.5
1973-04-01,Manuf_excess,-0.0492,0.00855279,0.00840105,0.00840105,0.001,0.5
1973-04-01,Enrgy_excess,-0.015,0.00825243,0.01283076,0.01283076,0.001,0.5
1973-04-01,HiTec_excess,-0.0718,0.01043369,0.01036454,0.01036454,0.001,0.5
1973-04-01,Telcm_excess,0.0036,0.00559495,0.0038277,0.0038277,0.001,0.5
1973-04-01,Shops_excess,-0.0904,0.00811676,0.00469908,0.00469908,0.001,0.5
1973-04-01,Hlth_excess,-0.0601,0.00955333,0.01391741,0.01391741,0.001,0.5
1973-04-01,Utils_excess,-0.0112,0.00653982,0.0035858,0.0035858,0.001,0.5
1973-04-01,Other_excess,-0.0827,0.00672757,0.01228561,0.01228561,0.001,0.5
1973-05-01,NoDur_excess,-0.0264,0.00638129,0.00852482,0.00852482,0.001,0.5
1973-05-01,Durbl_excess,-0.0474,0.01050612,0.0110448,0.0110448,0.001,0.5
1973-05-01,Manuf_excess,-0.0166,0.00844892,0.01033152,0.01033152,0.001,0.5
1973-05-01,Enrgy_excess,-0.0407,0.00821061,0.01259994,0.01259994,0.001,0.5
1973-05-01,HiTec_excess,-0.0312,0.01028579,0.01425302,0.01425302,0.001,0.5
1973-05-01,Telcm_excess,-0.0135,0.00559137,0.0046443,0.0046443,0.001,0.5
1973-05-01,Shops_excess,-0.0274,0.00793957,0.0054572,0.0054572,0.001,0.5
1973-05-01,Hlth_excess,0.0055,0.00942806,0.01480117,0.01480117,0.001,0.5
1973-05-01,Utils_excess,-0.0016,0.00650791,0.00813146,0.00813146,0.001,0.5
1973-05-01,Other_excess,-0.055,0.00656673,0.01349508,0.01349508,0.001,0.5
1973-06-01,NoDur_excess,-0.0395,0.00632244,0.00708413,0.00708413,0.001,0.5
1973-06-01,Durbl_excess,-0.0305,0.01040215,0.01057826,0.01057826,0.001,0.5
1973-06-01,Manuf_excess,-0.0086,0.00840395,0.00848367,0.00848367,0.001,0.5
1973-06-01,Enrgy_excess,0.0108,0.0081228,0.01062223,0.01062223,0.001,0.5
1973-06-01,HiTec_excess,-0.0057,0.01021131,0.01237425,0.01237425,0.001,0.5
1973-06-01,Telcm_excess,-0.0083,0.00555709,-0.00062067,0.0,0.001,0.5
1973-06-01,Shops_excess,-0.0627,0.00787612,0.00366881,0.00366881,0.001,0.5
1973-06-01,Hlth_excess,-0.005,0.00942101,0.01619273,0.01619273,0.001,0.5
1973-06-01,Utils_excess,-0.0301,0.00649336,0.00603062,0.00603062,0.001,0.5
1973-06-01,Other_excess,-0.0074,0.00645619,0.00957779,0.00957779,0.001,0.5
1973-07-01,NoDur_excess,0.0679,0.00624032,0.00686318,0.00686318,0.001,0.5
1973-07-01,Durbl_excess,0.0662,0.01032885,0.00950744,0.00950744,0.001,0.5
1973-07-01,Manuf_excess,0.0601,0.00837348,0.01329223,0.01329223,0.001,0.5
1973-07-01,Enrgy_excess,-0.0034,0.0081276,0.01430081,0.01430081,0.001,0.5
1973-07-01,HiTec_excess,0.0431,0.0101828,0.01776268,0.01776268,0.001,0.5
1973-07-01,Telcm_excess,-0.0096,0.00553226,0.00110005,0.00110005,0.001,0.5
1973-07-01,Shops_excess,0.105,0.00774964,0.00072224,0.00072224,0.001,0.5
1973-07-01,Hlth_excess,0.0623,0.00939516,0.0157161,0.0157161,0.001,0.5
1973-07-01,Utils_excess,-0.0304,0.00642778,0.00871096,0.00871096,0.001,0.5
1973-07-01,Other_excess,0.0889,0.00643136,0.01433044,0.01433044,0.001,0.5
1973-08-01,NoDur_excess,-0.0401,0.00635063,0.00529503,0.00529503,0.001,0.5
1973-08-01,Durbl_excess,-0.0464,0.0104288,0.0103063,0.0103063,0.001,0.5
1973-08-01,Manuf_excess,-0.0216,0.00846601,0.01434718,0.01434718,0.001,0.5
1973-08-01,Enrgy_excess,-0.0452,0.00810698,0.00943236,0.00943236,0.001,0.5
1973-08-01,HiTec_excess,-0.044,0.01024168,0.01847753,0.01847753,0.001,0.5
1973-08-01,Telcm_excess,-0.0459,0.00550519,-0.01325877,0.0,0.001,0.5
1973-08-01,Shops_excess,-0.0485,0.00792361,-0.00295987,0.0,0.001,0.5
1973-08-01,Hlth_excess,-0.076,0.0094898,0.02061609,0.02061609,0.001,0.5
1973-08-01,Utils_excess,-0.028,0.0063619,0.00106096,0.00106096,0.001,0.5
1973-08-01,Other_excess,-0.03,0.00657889,0.01298688,0.01298688,0.001,0.5
1973-09-01,NoDur_excess,0.0522,0.00626768,0.00871638,0.00871638,0.001,0.5
1973-09-01,Durbl_excess,0.0714,0.01032732,0.00277053,0.00277053,0.001,0.5
1973-09-01,Manuf_excess,0.0388,0.00841232,0.01828964,0.01828964,0.001,0.5
1973-09-01,Enrgy_excess,0.0853,0.00801179,0.01676418,0.01676418,0.001,0.5
1973-09-01,HiTec_excess,-0.0351,0.01014482,0.02604656,0.02604656,0.001,0.5
1973-09-01,Telcm_excess,0.0696,0.00541339,0.01660688,0.01660688,0.001,0.5
1973-09-01,Shops_excess,0.0649,0.00782286,0.00667752,0.00667752,0.001,0.5
1973-09-01,Hlth_excess,0.001,0.00933714,0.00873628,0.00873628,0.001,0.5
1973-09-01,Utils_excess,0.0723,0.00630054,0.02048933,0.02048933,0.001,0.5
1973-09-01,Other_excess,0.0656,0.00651357,0.02432573,0.02432573,0.001,0.5
1973-10-01,NoDur_excess,-0.029,0.00634955,0.01744912,0.01744912,0.001,0.5
1973-10-01,Durbl_excess,-0.05,0.01043619,0.01690513,0.01690513,0.001,0.5
1973-10-01,Manuf_excess,-0.002,0.00846649,0.02485603,0.02485603,0.001,0.5
1973-10-01,Enrgy_excess,0.0452,0.00814955,0.01842532,0.01842532,0.001,0.5
1973-10-01,HiTec_excess,0.0325,0.01006417,0.03367816,0.03367816,0.001,0.5
1973-10-01,Telcm_excess,-0.0621,0.00552781,0.02014106,0.02014106,0.001,0.5
1973-10-01,Shops_excess,-0.043,0.0079246,0.01835867,0.01835867,0.001,0.5
1973-10-01,Hlth_excess,0.0118,0.00932228,0.01622925,0.01622925,0.001,0.5
1973-10-01,Utils_excess,-0.0406,0.00641818,0.03207005,0.03207005,0.001,0.5
1973-10-01,Other_excess,-0.0166,0.00661889,0.03155101,0.03155101,0.001,0.5
1973-11-01,NoDur_excess,-0.1488,0.00628665,0.00451814,0.00451814,0.001,0.5
1973-11-01,Durbl_excess,-0.1687,0.01032865,0.00803271,0.00803271,0.001,0.5
1973-11-01,Manuf_excess,-0.1483,0.00844786,0.01514642,0.01514642,0.001,0.5
1973-11-01,Enrgy_excess,-0.0678,0.00821548,0.02037656,0.02037656,0.001,0.5
1973-11-01,HiTec_excess,-0.1201,0.01010409,0.01312751,0.01312751,0.001,0.5
1973-11-01,Telcm_excess,-0.0489,0.00540747,0.00361219,0.00361219,0.001,0.5
1973-11-01,Shops_excess,-0.1946,0.00783399,-0.00341883,0.0,0.001,0.5
1973-11-01,Hlth_excess,-0.0832,0.00932669,0.01035748,0.01035748,0.001,0.5
1973-11-01,Utils_excess,-0.122,0.00633452,0.00589185,0.00589185,0.001,0.5
1973-11-01,Other_excess,-0.1406,0.00657758,0.01771842,0.01771842,0.001,0.5
1973-12-01,NoDur_excess,-0.0221,0.00601119,0.01091049,0.01091049,0.001,0.5
1973-12-01,Durbl_excess,-0.044,0.01001066,0.01318973,0.01318973,0.001,0.5
1973-12-01,Manuf_excess,0.0065,0.00816945,0.01669813,0.01669813,0.001,0.5
1973-12-01,Enrgy_excess,0.0799,0.00808046,0.01397881,0.01397881,0.001,0.5
1973-12-01,HiTec_excess,-0.0496,0.00987282,0.02733938,0.02733938,0.001,0.5
1973-12-01,Telcm_excess,0.0353,0.00531101,0.00097491,0.00097491,0.001,0.5
1973-12-01,Shops_excess,-0.0085,0.00747442,0.01066881,0.01066881,0.001,0.5
1973-12-01,Hlth_excess,-0.0512,0.00916234,0.01761154,0.01761154,0.001,0.5
1973-12-01,Utils_excess,0.0279,0.00610657,0.01932565,0.01932565,0.001,0.5
1973-12-01,Other_excess,0.0181,0.00631616,0.0197411,0.0197411,0.001,0.5
1974-01-01,NoDur_excess,0.0173,0.00596135,0.00434945,0.00434945,0.001,0.5
1974-01-01,Durbl_excess,0.0547,0.00991489,0.00991591,0.00991591,0.001,0.5
1974-01-01,Manuf_excess,-0.0022,0.00816649,0.01226627,0.01226627,0.001,0.5
1974-01-01,Enrgy_excess,-0.0809,0.0082078,0.01951402,0.01951402,0.001,0.5
1974-01-01,HiTec_excess,0.0062,0.00976738,0.01285753,0.01285753,0.001,0.5
1974-01-01,Telcm_excess,0.0146,0.00536418,-0.00177454,0.0,0.001,0.5
1974-01-01,Shops_excess,0.0606,0.0074461,0.0037234,0.0037234,0.001,0.5
1974-01-01,Hlth_excess,-0.0319,0.00905532,0.01213643,0.01213643,0.001,0.5
1974-01-01,Utils_excess,0.0392,0.00614521,0.00682785,0.00682785,0.001,0.5
1974-01-01,Other_excess,0.0055,0.00633706,0.01329002,0.01329002,0.001,0.5
1974-02-01,NoDur_excess,-0.0043,0.00598142,0.00382024,0.00382024,0.001,0.5
1974-02-01,Durbl_excess,-0.0165,0.00999416,0.00678789,0.00678789,0.001,0.5
1974-02-01,Manuf_excess,-0.0055,0.00814814,0.00879791,0.00879791,0.001,0.5
1974-02-01,Enrgy_excess,-0.0213,0.00805009,0.0145375,0.0145375,0.001,0.5
1974-02-01,HiTec_excess,-0.0118,0.00976106,0.01031716,0.01031716,0.001,0.5
1974-02-01,Telcm_excess,0.0413,0.00538053,-0.00113618,0.0,0.001,0.5
1974-02-01,Shops_excess,0.0023,0.00754018,0.00588687,0.00588687,0.001,0.5
1974-02-01,Hlth_excess,-0.018,0.00898283,0.00938818,0.00938818,0.001,0.5
1974-02-01,Utils_excess,-0.0029,0.00620372,0.00721122,0.00721122,0.001,0.5
1974-02-01,Other_excess,0.0043,0.00633558,0.01011774,0.01011774,0.001,0.5
1974-03-01,NoDur_excess,-0.0246,0.00596325,0.00040861,0.00040861,0.001,0.5
1974-03-01,Durbl_excess,-0.0066,0.00994735,0.00141402,0.00141402,0.001,0.5
1974-03-01,Manuf_excess,-0.0134,0.00812403,0.00122851,0.00122851,0.001,0.5
1974-03-01,Enrgy_excess,-0.038,0.00799823,0.01089607,0.01089607,0.001,0.5
1974-03-01,HiTec_excess,-0.0329,0.00972297,0.00020713,0.00020713,0.001,0.5
1974-03-01,Telcm_excess,-0.0514,0.00544399,0.00090573,0.00090573,0.001,0.5
1974-03-01,Shops_excess,-0.0368,0.00753092,0.00385392,0.00385392,0.001,0.5
1974-03-01,Hlth_excess,0.0065,0.00893516,0.00569481,0.00569481,0.001,0.5
1974-03-01,Utils_excess,-0.0422,0.00618763,0.00137319,0.00137319,0.001,0.5
1974-03-01,Other_excess,-0.0419,0.00633198,0.00398728,0.00398728,0.001,0.5
1974-04-01,NoDur_excess,-0.0442,0.00590935,-0.00161892,0.0,0.001,0.5
1974-04-01,Durbl_excess,-0.0482,0.00991817,0.00235272,0.00235272,0.001,0.5
1974-04-01,Manuf_excess,-0.0279,0.00808607,0.00539753,0.00539753,0.001,0.5
1974-04-01,Enrgy_excess,-0.0706,0.00791711,0.00963491,0.00963491,0.001,0.5
1974-04-01,HiTec_excess,-0.0439,0.0096478,0.00195466,0.00195466,0.001,0.5
1974-04-01,Telcm_excess,-0.0607,0.00534374,-0.01064974,0.0,0.001,0.5
1974-04-01,Shops_excess,-0.0271,0.00745273,-0.00284115,0.0,0.001,0.5
1974-04-01,Hlth_excess,-0.0223,0.00893086,0.00754958,0.00754958,0.001,0.5
1974-04-01,Utils_excess,-0.1298,0.00610229,-0.00457136,0.0,0.001,0.5
1974-04-01,Other_excess,-0.0708,0.00624691,0.00448704,0.00448704,0.001,0.5
1974-05-01,NoDur_excess,-0.0366,0.00582113,-0.00099331,0.0,0.001,0.5
1974-05-01,Durbl_excess,-0.0031,0.00981585,0.00451626,0.00451626,0.001,0.5
1974-05-01,Manuf_excess,-0.0329,0.00802271,0.0049552,0.0049552,0.001,0.5
1974-05-01,Enrgy_excess,-0.0829,0.00777887,0.00696584,0.00696584,0.001,0.5
1974-05-01,HiTec_excess,-0.0497,0.00955352,0.00150495,0.00150495,0.001,0.5
1974-05-01,Telcm_excess,-0.023,0.00522746,-0.01459865,0.0,0.001,0.5
1974-05-01,Shops_excess,0.0044,0.0073919,-0.00246907,0.0,0.001,0.5
1974-05-01,Hlth_excess,-0.0087,0.00887588,0.01022179,0.01022179,0.001,0.5
1974-05-01,Utils_excess,-0.0568,0.00586303,-0.00957811,0.0,0.001,0.5
1974-05-01,Other_excess,-0.0924,0.00611127,0.00040647,0.00040647,0.001,0.5
1974-06-01,NoDur_excess,-0.0117,0.00574657,0.00104986,0.00104986,0.001,0.5
1974-06-01,Durbl_excess,-0.0324,0.00979315,0.00362647,0.00362647,0.001,0.5
1974-06-01,Manuf_excess,-0.0102,0.00795079,0.00279597,0.00279597,0.001,0.5
1974-06-01,Enrgy_excess,-0.0091,0.00761951,0.01100208,0.01100208,0.001,0.5
1974-06-01,HiTec_excess,-0.0353,0.00944938,0.00021906,0.00021906,0.001,0.5
1974-06-01,Telcm_excess,-0.0033,0.00517786,0.00029151,0.00029151,0.001,0.5
1974-06-01,Shops_excess,-0.0333,0.00738664,0.00538701,0.00538701,0.001,0.5
1974-06-01,Hlth_excess,-0.0222,0.00884499,0.00644528,0.00644528,0.001,0.5
1974-06-01,Utils_excess,-0.0682,0.0057529,-0.0015637,0.0,0.001,0.5
1974-06-01,Other_excess,-0.0616,0.00593814,0.00205834,0.00205834,0.001,0.5
1974-07-01,NoDur_excess,-0.1086,0.00571596,-0.00573241,0.0,0.001,0.5
1974-07-01,Durbl_excess,-0.1261,0.00971912,0.00295934,0.00295934,0.001,0.5
1974-07-01,Manuf_excess,-0.0787,0.00791895,0.00243403,0.00243403,0.001,0.5
1974-07-01,Enrgy_excess,-0.0122,0.00759018,0.00946109,0.00946109,0.001,0.5
1974-07-01,HiTec_excess,-0.0893,0.00937088,-0.00849154,0.0,0.001,0.5
1974-07-01,Telcm_excess,-0.0833,0.00516298,-0.01098119,0.0,0.001,0.5
1974-07-01,Shops_excess,-0.1353,0.00731526,-0.00985759,0.0,0.001,0.5
1974-07-01,Hlth_excess,-0.1484,0.00879053,0.00541377,0.00541377,0.001,0.5
1974-07-01,Utils_excess,0.0004,0.00562316,-0.01896859,0.0,0.001,0.5
1974-07-01,Other_excess,-0.0733,0.00581965,-0.00559721,0.0,0.001,0.5
1974-08-01,NoDur_excess,-0.108,0.00551576,-0.00883461,0.0,0.001,0.5
1974-08-01,Durbl_excess,-0.0731,0.00948126,0.00052326,0.00052326,0.001,0.5
1974-08-01,Manuf_excess,-0.1076,0.00776725,-0.0036633,0.0,0.001,0.5
1974-08-01,Enrgy_excess,-0.0925,0.00755552,0.00800679,0.00800679,0.001,0.5
1974-08-01,HiTec_excess,-0.0553,0.00919807,-0.01409281,0.0,0.001,0.5
1974-08-01,Telcm_excess,-0.0063,0.00500806,-0.01534319,0.0,0.001,0.5
1974-08-01,Shops_excess,-0.1368,0.0070655,-0.01051363,0.0,0.001,0.5
1974-08-01,Hlth_excess,-0.0866,0.00851524,0.00015342,0.00015342,0.001,0.5
1974-08-01,Utils_excess,-0.0929,0.00561401,-0.01696051,0.0,0.001,0.5
1974-08-01,Other_excess,-0.1124,0.00568109,-0.01191843,0.0,0.001,0.5
1974-09-01,NoDur_excess,-0.1287,0.00531731,-0.01084004,0.0,0.001,0.5
1974-09-01,Durbl_excess,-0.1379,0.00933689,-0.00219541,0.0,0.001,0.5
1974-09-01,Manuf_excess,-0.1368,0.00756556,-0.0005842,0.0,0.001,0.5
1974-09-01,Enrgy_excess,-0.0878,0.00738059,0.00443876,0.00443876,0.001,0.5
1974-09-01,HiTec_excess,-0.1764,0.00908531,-0.0051514,0.0,0.001,0.5
1974-09-01,Telcm_excess,-0.0462,0.00498829,-0.01676168,0.0,0.001,0.5
1974-09-01,Shops_excess,-0.1308,0.00681399,-0.01201672,0.0,0.001,0.5
1974-09-01,Hlth_excess,-0.1637,0.00834895,-0.0019137,0.0,0.001,0.5
1974-09-01,Utils_excess,-0.0213,0.00544178,-0.01418159,0.0,0.001,0.5
1974-09-01,Other_excess,-0.1044,0.00547465,-0.0093204,0.0,0.001,0.5
1974-10-01,NoDur_excess,0.1519,0.00508342,-0.00632797,0.0,0.001,0.5
1974-10-01,Durbl_excess,0.0399,0.00907993,0.00483552,0.00483552,0.001,0.5
1974-10-01,Manuf_excess,0.1555,0.00731361,-0.00368835,0.0,0.001,0.5
1974-10-01,Enrgy_excess,0.2027,0.00721449,0.01600086,0.01600086,0.001,0.5
1974-10-01,HiTec_excess,0.142,0.00876161,-0.00890836,0.0,0.001,0.5
1974-10-01,Telcm_excess,0.1034,0.00489895,-0.00254873,0.0,0.001,0.5
1974-10-01,Shops_excess,0.0949,0.00657382,-0.00529978,0.0,0.001,0.5
1974-10-01,Hlth_excess,0.2908,0.00804869,-0.007402,0.0,0.001,0.5
1974-10-01,Utils_excess,0.1251,0.00539511,-0.00416293,0.0,0.001,0.5
1974-10-01,Other_excess,0.1967,0.0052829,-0.00403978,0.0,0.001,0.5
1974-11-01,NoDur_excess,-0.044,0.0053392,0.02436697,0.02436697,0.001,0.5
1974-11-01,Durbl_excess,-0.0533,0.00913362,0.02230829,0.02230829,0.001,0.5
1974-11-01,Manuf_excess,-0.0644,0.00757178,0.00835367,0.00835367,0.001,0.5
1974-11-01,Enrgy_excess,-0.0483,0.00755505,0.03285426,0.03285426,0.001,0.5
1974-11-01,HiTec_excess,-0.0548,0.00899373,0.02435087,0.02435087,0.001,0.5
1974-11-01,Telcm_excess,-0.0361,0.00507056,0.03081383,0.03081383,0.001,0.5
1974-11-01,Shops_excess,-0.0629,0.0067277,0.03577313,0.03577313,0.001,0.5
1974-11-01,Hlth_excess,-0.0177,0.00854129,0.01993794,0.01993794,0.001,0.5
1974-11-01,Utils_excess,-0.0069,0.00560366,0.03536587,0.03536587,0.001,0.5
1974-11-01,Other_excess,-0.0335,0.00561638,0.02904525,0.02904525,0.001,0.5
1974-12-01,NoDur_excess,-0.0121,0.00525339,0.00409141,0.00409141,0.001,0.5
1974-12-01,Durbl_excess,-0.0479,0.00902504,0.01335223,0.01335223,0.001,0.5
1974-12-01,Manuf_excess,-0.0514,0.00744661,0.01969247,0.01969247,0.001,0.5
1974-12-01,Enrgy_excess,0.0014,0.00745791,0.02773379,0.02773379,0.001,0.5
1974-12-01,HiTec_excess,-0.0594,0.00888278,0.01495487,0.01495487,0.001,0.5
1974-12-01,Telcm_excess,0.0087,0.00499896,0.00662843,0.00662843,0.001,0.5
1974-12-01,Shops_excess,-0.0406,0.00660661,-0.00184014,0.0,0.001,0.5
1974-12-01,Hlth_excess,-0.0402,0.00849565,0.01179069,0.01179069,0.001,0.5
1974-12-01,Utils_excess,-0.0153,0.00558191,0.01111365,0.01111365,0.001,0.5
1974-12-01,Other_excess,-0.0501,0.00554835,0.02577749,0.02577749,0.001,0.5
1975-01-01,NoDur_excess,0.1815,0.00522326,-0.0006274,0.0,0.001,0.5
1975-01-01,Durbl_excess,0.2094,0.00892622,0.00990626,0.00990626,0.001,0.5
1975-01-01,Manuf_excess,0.1393,0.00734444,0.01615201,0.01615201,0.001,0.5
1975-01-01,Enrgy_excess,0.0618,0.0074474,0.0243392,0.0243392,0.001,0.5
1975-01-01,HiTec_excess,0.1471,0.00876424,0.00780197,0.00780197,0.001,0.5
1975-01-01,Telcm_excess,0.1051,0.00500538,0.00066214,0.00066214,0.001,0.5
1975-01-01,Shops_excess,0.2539,0.00652465,-0.00916214,0.0,0.001,0.5
1975-01-01,Hlth_excess,-0.0133,0.00841111,0.00858744,0.00858744,0.001,0.5
1975-01-01,Utils_excess,0.1825,0.00554566,0.00316267,0.00316267,0.001,0.5
1975-01-01,Other_excess,0.1735,0.00545174,0.01848027,0.01848027,0.001,0.5
1975-02-01,NoDur_excess,0.0361,0.00552877,0.01327351,0.01327351,0.001,0.5
1975-02-01,Durbl_excess,0.0456,0.00927366,0.01464614,0.01464614,0.001,0.5
1975-02-01,Manuf_excess,0.0759,0.00757314,0.00425781,0.00425781,0.001,0.5
1975-02-01,Enrgy_excess,0.0184,0.00754159,0.01108522,0.01108522,0.001,0.5
1975-02-01,HiTec_excess,0.1274,0.00900399,0.01072778,0.01072778,0.001,0.5
1975-02-01,Telcm_excess,0.0472,0.00517886,0.01756941,0.01756941,0.001,0.5
1975-02-01,Shops_excess,0.0474,0.00695338,0.02157899,0.02157899,0.001,0.5
1975-02-01,Hlth_excess,0.1564,0.00837348,0.01289224,0.01289224,0.001,0.5
1975-02-01,Utils_excess,0.0045,0.00585234,0.02429044,0.02429044,0.001,0.5
1975-02-01,Other_excess,0.0244,0.00574298,0.01717502,0.01717502,0.001,0.5
1975-03-01,NoDur_excess,0.0675,0.00558166,0.00018738,0.00018738,0.001,0.5
1975-03-01,Durbl_excess,0.0621,0.00933651,0.00704638,0.00704638,0.001,0.5
1975-03-01,Manuf_excess,0.0464,0.00769135,4.08e-06,4.08e-06,0.001,0.5
1975-03-01,Enrgy_excess,-0.0273,0.00756038,0.00567551,0.00567551,0.001,0.5
1975-03-01,HiTec_excess,0.0058,0.00920882,-0.00184574,0.0,0.001,0.5
1975-03-01,Telcm_excess,-0.0129,0.00525156,0.00695583,0.00695583,0.001,0.5
1975-03-01,Shops_excess,0.1035,0.00702336,0.00079921,0.00079921,0.001,0.5
1975-03-01,Hlth_excess,0.0088,0.00862958,0.00907221,0.00907221,0.001,0.5
1975-03-01,Utils_excess,-0.0174,0.00585,-0.00019918,0.0,0.001,0.5
1975-03-01,Other_excess,0.0373,0.00577526,0.00411821,0.00411821,0.001,0.5
1975-04-01,NoDur_excess,0.0258,0.0056886,-0.00150007,0.0,0.001,0.5
1975-04-01,Durbl_excess,0.0364,0.00942763,0.00859527,0.00859527,0.001,0.5
1975-04-01,Manuf_excess,0.0912,0.0077582,-0.00037585,0.0,0.001,0.5
1975-04-01,Enrgy_excess,0.0681,0.00750017,-0.00445101,0.0,0.001,0.5
1975-04-01,HiTec_excess,0.0513,0.00920294,-0.00991069,0.0,0.001,0.5
1975-04-01,Telcm_excess,-0.014,0.00522021,-0.01040803,0.0,0.001,0.5
1975-04-01,Shops_excess,0.0215,0.00718998,-0.00187684,0.0,0.001,0.5
1975-04-01,Hlth_excess,0.0021,0.00862988,0.0090474,0.0090474,0.001,0.5
1975-04-01,Utils_excess,-0.0207,0.00580984,-0.01415425,0.0,0.001,0.5
1975-04-01,Other_excess,0.0282,0.00582971,-0.00404479,0.0,0.001,0.5
1975-05-01,NoDur_excess,0.0478,0.00572328,0.00039442,0.00039442,0.001,0.5
1975-05-01,Durbl_excess,0.0216,0.00947414,0.00276084,0.00276084,0.001,0.5
1975-05-01,Manuf_excess,0.0236,0.00790207,-0.00517631,0.0,0.001,0.5
1975-05-01,Enrgy_excess,0.1163,0.00760466,-0.00548156,0.0,0.001,0.5
1975-05-01,HiTec_excess,0.0548,0.00927552,-0.01235317,0.0,0.001,0.5
1975-05-01,Telcm_excess,0.0311,0.00518707,-0.00794561,0.0,0.001,0.5
1975-05-01,Shops_excess,0.0357,0.00721466,0.00273012,0.00273012,0.001,0.5
1975-05-01,Hlth_excess,0.0609,0.00861862,0.00886592,0.00886592,0.001,0.5
1975-05-01,Utils_excess,0.081,0.00576414,-0.015404,0.0,0.001,0.5
1975-05-01,Other_excess,0.0528,0.00586828,-0.01077459,0.0,0.001,0.5
1975-06-01,NoDur_excess,0.0487,0.0057957,0.00442303,0.00442303,0.001,0.5
1975-06-01,Durbl_excess,0.0983,0.00949501,0.00357673,0.00357673,0.001,0.5
1975-06-01,Manuf_excess,0.0313,0.00792909,-0.0026485,0.0,0.001,0.5
1975-06-01,Enrgy_excess,0.0609,0.00779174,0.00928063,0.00928063,0.001,0.5
1975-06-01,HiTec_excess,0.019,0.00935387,-0.01113268,0.0,0.001,0.5
1975-06-01,Telcm_excess,0.0364,0.00523167,0.0032459,0.0032459,0.001,0.5
1975-06-01,Shops_excess,0.0704,0.00726368,0.00213162,0.00213162,0.001,0.5
1975-06-01,Hlth_excess,0.0055,0.00870861,0.00666286,0.00666286,0.001,0.5
1975-06-01,Utils_excess,0.1033,0.00589363,-0.01000322,0.0,0.001,0.5
1975-06-01,Other_excess,0.0554,0.00594905,-0.00295301,0.0,0.001,0.5
1975-07-01,NoDur_excess,-0.0586,0.00586942,0.00848266,0.00848266,0.001,0.5
1975-07-01,Durbl_excess,-0.025,0.00964759,0.00679758,0.00679758,0.001,0.5
1975-07-01,Manuf_excess,-0.0639,0.00796924,-0.00123762,0.0,0.001,0.5
1975-07-01,Enrgy_excess,-0.0473,0.00788299,0.01055581,0.01055581,0.001,0.5
1975-07-01,HiTec_excess,-0.099,0.00937045,-0.00465674,0.0,0.001,0.5
1975-07-01,Telcm_excess,-0.0469,0.00528522,0.01166835,0.01166835,0.001,0.5
1975-07-01,Shops_excess,-0.0795,0.00737216,0.00891492,0.00891492,0.001,0.5
1975-07-01,Hlth_excess,-0.1251,0.00870309,0.00779014,0.00779014,0.001,0.5
1975-07-01,Utils_excess,-0.0528,0.006061,0.00311329,0.00311329,0.001,0.5
1975-07-01,Other_excess,-0.0661,0.00603402,0.00322273,0.00322273,0.001,0.5
1975-08-01,NoDur_excess,-0.0361,0.00575883,-0.00114044,0.0,0.001,0.5
1975-08-01,Durbl_excess,-0.0396,0.00958816,-0.00067996,0.0,0.001,0.5
1975-08-01,Manuf_excess,-0.0126,0.00784597,-0.00426668,0.0,0.001,0.5
1975-08-01,Enrgy_excess,-0.0136,0.00778834,0.001814,0.001814,0.001,0.5
1975-08-01,HiTec_excess,-0.0344,0.00918456,-0.0118496,0.0,0.001,0.5
1975-08-01,Telcm_excess,-0.0402,0.00519571,-0.00344283,0.0,0.001,0.5
1975-08-01,Shops_excess,-0.0081,0.00722316,-0.00141221,0.0,0.001,0.5
1975-08-01,Hlth_excess,-0.038,0.00847358,0.0010664,0.0010664,0.001,0.5
1975-08-01,Utils_excess,-0.0171,0.00596003,-0.00690857,0.0,0.001,0.5
1975-08-01,Other_excess,-0.0562,0.00591029,-0.00514817,0.0,0.001,0.5
1975-09-01,NoDur_excess,-0.0297,0.00568716,-0.00127442,0.0,0.001,0.5
1975-09-01,Durbl_excess,-0.0298,0.00950394,0.00226278,0.00226278,0.001,0.5
1975-09-01,Manuf_excess,-0.0635,0.00781096,-0.00288469,0.0,0.001,0.5
1975-09-01,Enrgy_excess,-0.017,0.00775171,0.00316194,0.00316194,0.001,0.5
1975-09-01,HiTec_excess,-0.0138,0.00910993,-0.01243267,0.0,0.001,0.5
1975-09-01,Telcm_excess,-0.018,0.00511798,-0.00901495,0.0,0.001,0.5
1975-09-01,Shops_excess,-0.0407,0.00719692,-0.00358706,0.0,0.001,0.5
1975-09-01,Hlth_excess,-0.0705,0.00839401,0.00127337,0.00127337,0.001,0.5
1975-09-01,Utils_excess,-0.0151,0.00592055,-0.00909996,0.0,0.001,0.5
1975-09-01,Other_excess,-0.0685,0.00580394,-0.00872108,0.0,0.001,0.5
1975-10-01,NoDur_excess,0.1002,0.00562667,-0.00225615,0.0,0.001,0.5
1975-10-01,Durbl_excess,0.0835,0.00943675,-0.00034597,0.0,0.001,0.5
1975-10-01,Manuf_excess,0.0515,0.00768906,-0.00659038,0.0,0.001,0.5
1975-10-01,Enrgy_excess,-0.019,0.0077094,0.00196157,0.00196157,0.001,0.5
1975-10-01,HiTec_excess,0.0784,0.00907077,-0.01428785,0.0,0.001,0.5
1975-10-01,Telcm_excess,0.0626,0.00507846,-0.00925222,0.0,0.001,0.5
1975-10-01,Shops_excess,0.0936,0.00711504,-0.00391087,0.0,0.001,0.5
1975-10-01,Hlth_excess,0.1011,0.00825915,-0.00150904,0.0,0.001,0.5
1975-10-01,Utils_excess,0.0599,0.00588462,-0.01002972,0.0,0.001,0.5
1975-10-01,Other_excess,0.0335,0.00567692,-0.01190785,0.0,0.001,0.5
1975-11-01,NoDur_excess,0.0368,0.00578805,0.01339873,0.01339873,0.001,0.5
1975-11-01,Durbl_excess,0.0286,0.00956314,0.00900239,0.00900239,0.001,0.5
1975-11-01,Manuf_excess,0.0256,0.00776382,-0.00117583,0.0,0.001,0.5
1975-11-01,Enrgy_excess,-0.0205,0.00766382,0.0108293,0.0108293,0.001,0.5
1975-11-01,HiTec_excess,0.0465,0.00918908,0.00047772,0.00047772,0.001,0.5
1975-11-01,Telcm_excess,0.0387,0.00517662,0.01677667,0.01677667,0.001,0.5
1975-11-01,Shops_excess,0.0425,0.00726263,0.01517483,0.01517483,0.001,0.5
1975-11-01,Hlth_excess,0.0472,0.00841758,0.00786251,0.00786251,0.001,0.5
1975-11-01,Utils_excess,0.0275,0.00597679,0.0115924,0.0115924,0.001,0.5
1975-11-01,Other_excess,0.0317,0.0057244,0.00357009,0.00357009,0.001,0.5
1975-12-01,NoDur_excess,-0.0197,0.00584089,0.00073962,0.00073962,0.001,0.5
1975-12-01,Durbl_excess,-0.0093,0.00959557,0.00218284,0.00218284,0.001,0.5
1975-12-01,Manuf_excess,-0.0184,0.00779421,-0.00641446,0.0,0.001,0.5
1975-12-01,Enrgy_excess,-0.0039,0.00761584,-0.0032094,0.0,0.001,0.5
1975-12-01,HiTec_excess,-0.0174,0.00925264,-0.01212729,0.0,0.001,0.5
1975-12-01,Telcm_excess,-0.006,0.00523373,-0.00404112,0.0,0.001,0.5
1975-12-01,Shops_excess,-0.0352,0.00732266,0.00012279,0.00012279,0.001,0.5
1975-12-01,Hlth_excess,-0.0684,0.00848365,0.00243118,0.00243118,0.001,0.5
1975-12-01,Utils_excess,0.0087,0.00601346,-0.00819247,0.0,0.001,0.5
1975-12-01,Other_excess,-0.0074,0.00576865,-0.01092375,0.0,0.001,0.5
1976-01-01,NoDur_excess,0.1047,0.00579745,0.01301676,0.01301676,0.001,0.5
1976-01-01,Durbl_excess,0.1517,0.00956344,0.01161624,0.01161624,0.001,0.5
1976-01-01,Manuf_excess,0.1638,0.00774966,-0.00029695,0.0,0.001,0.5
1976-01-01,Enrgy_excess,0.0801,0.00759626,0.00819131,0.00819131,0.001,0.5
1976-01-01,HiTec_excess,0.1782,0.00920731,0.00196353,0.00196353,0.001,0.5
1976-01-01,Telcm_excess,0.0902,0.00521463,0.01496304,0.01496304,0.001,0.5
1976-01-01,Shops_excess,0.0852,0.00725034,0.01457613,0.01457613,0.001,0.5
1976-01-01,Hlth_excess,0.0727,0.00835289,0.00810904,0.00810904,0.001,0.5
1976-01-01,Utils_excess,0.0784,0.00601803,0.01050211,0.01050211,0.001,0.5
1976-01-01,Other_excess,0.1246,0.00574626,0.00420444,0.00420444,0.001,0.5
1976-02-01,NoDur_excess,-0.0143,0.00596537,0.0085557,0.0085557,0.001,0.5
1976-02-01,Durbl_excess,0.0353,0.00980475,0.01320474,0.01320474,0.001,0.5
1976-02-01,Manuf_excess,0.0139,0.0080146,8.199e-05,8.199e-05,0.001,0.5
1976-02-01,Enrgy_excess,-0.035,0.00771935,0.00143835,0.00143835,0.001,0.5
1976-02-01,HiTec_excess,0.0081,0.00949423,0.00209542,0.00209542,0.001,0.5
1976-02-01,Telcm_excess,0.032,0.00535891,0.00845149,0.00845149,0.001,0.5
1976-02-01,Shops_excess,0.0434,0.00738268,0.01000445,0.01000445,0.001,0.5
1976-02-01,Hlth_excess,-0.069,0.00846214,0.00770717,0.00770717,0.001,0.5
1976-02-01,Utils_excess,-0.0389,0.00614092,0.00522179,0.00522179,0.001,0.5
1976-02-01,Other_excess,0.0284,0.00594805,-0.00086818,0.0,0.001,0.5
1976-03-01,NoDur_excess,0.0032,0.00593102,0.00428901,0.00428901,0.001,0.5
1976-03-01,Durbl_excess,0.0314,0.00984797,0.01099157,0.01099157,0.001,0.5
1976-03-01,Manuf_excess,0.0073,0.00802458,-0.0006305,0.0,0.001,0.5
1976-03-01,Enrgy_excess,0.0682,0.00764695,-0.00010294,0.0,0.001,0.5
1976-03-01,HiTec_excess,0.0253,0.00949186,-0.00286238,0.0,0.001,0.5
1976-03-01,Telcm_excess,0.0017,0.00540407,0.00576245,0.00576245,0.001,0.5
1976-03-01,Shops_excess,0.0304,0.00744373,0.00452452,0.00452452,0.001,0.5
1976-03-01,Hlth_excess,0.0614,0.00833085,0.00076299,0.00076299,0.001,0.5
1976-03-01,Utils_excess,0.0105,0.00606458,-0.0015738,0.0,0.001,0.5
1976-03-01,Other_excess,0.016,0.0059861,-0.00304556,0.0,0.001,0.5
1976-04-01,NoDur_excess,-0.0208,0.0059264,0.00931115,0.00931115,0.001,0.5
1976-04-01,Durbl_excess,0.0143,0.00988443,0.01761208,0.01761208,0.001,0.5
1976-04-01,Manuf_excess,-0.0184,0.00802335,0.00470635,0.00470635,0.001,0.5
1976-04-01,Enrgy_excess,0.0172,0.00774941,0.00813803,0.00813803,0.001,0.5
1976-04-01,HiTec_excess,-0.0383,0.00951861,0.00556641,0.00556641,0.001,0.5
1976-04-01,Telcm_excess,0.013,0.0053978,0.01036544,0.01036544,0.001,0.5
1976-04-01,Shops_excess,-0.0509,0.00748257,0.01124908,0.01124908,0.001,0.5
1976-04-01,Hlth_excess,-0.0473,0.00842064,0.00722404,0.00722404,0.001,0.5
1976-04-01,Utils_excess,0.0021,0.00607208,0.00493274,0.00493274,0.001,0.5
1976-04-01,Other_excess,-0.0198,0.00600305,0.00532017,0.00532017,0.001,0.5
1976-05-01,NoDur_excess,-0.0254,0.00588125,0.00365121,0.00365121,0.001,0.5
1976-05-01,Durbl_excess,-0.035,0.00989189,0.0137662,0.0137662,0.001,0.5
1976-05-01,Manuf_excess,-0.0159,0.00797872,0.00150658,0.00150658,0.001,0.5
1976-05-01,Enrgy_excess,0.0516,0.00776537,0.00552446,0.00552446,0.001,0.5
1976-05-01,HiTec_excess,0.0012,0.00943784,-0.00254123,0.0,0.001,0.5
1976-05-01,Telcm_excess,-0.0327,0.00541064,0.00382893,0.00382893,0.001,0.5
1976-05-01,Shops_excess,-0.0614,0.00738395,0.00410246,0.00410246,0.001,0.5
1976-05-01,Hlth_excess,-0.0319,0.00832652,0.00181416,0.00181416,0.001,0.5
1976-05-01,Utils_excess,-0.0184,0.00606537,-0.00189746,0.0,0.001,0.5
1976-05-01,Other_excess,-0.0208,0.00595946,-0.00156172,0.0,0.001,0.5
1976-06-01,NoDur_excess,0.0321,0.0058285,-0.00089376,0.0,0.001,0.5
1976-06-01,Durbl_excess,0.0381,0.00981619,0.00597397,0.00597397,0.001,0.5
1976-06-01,Manuf_excess,0.0327,0.00793845,-0.00362356,0.0,0.001,0.5
1976-06-01,Enrgy_excess,0.0466,0.00783929,0.00273372,0.00273372,0.001,0.5
1976-06-01,HiTec_excess,0.0778,0.00942395,-0.00792218,0.0,0.001,0.5
1976-06-01,Telcm_excess,0.0316,0.00534637,-0.00328624,0.0,0.001,0.5
1976-06-01,Shops_excess,0.0104,0.00726796,0.00065848,0.00065848,0.001,0.5
1976-06-01,Hlth_excess,0.0324,0.00825868,-0.00107116,0.0,0.001,0.5
1976-06-01,Utils_excess,0.0383,0.00602411,-0.0070962,0.0,0.001,0.5
1976-06-01,Other_excess,0.0493,0.00591433,-0.00919052,0.0,0.001,0.5
1976-07-01,NoDur_excess,0.0101,0.00587273,0.00597403,0.00597403,0.001,0.5
1976-07-01,Durbl_excess,-0.0154,0.0098638,0.0115085,0.0115085,0.001,0.5
1976-07-01,Manuf_excess,-0.0232,0.00798013,0.00054882,0.00054882,0.001,0.5
1976-07-01,Enrgy_excess,-0.0109,0.00790455,0.01097184,0.01097184,0.001,0.5
1976-07-01,HiTec_excess,-0.0267,0.00953906,0.00132383,0.00132383,0.001,0.5
1976-07-01,Telcm_excess,0.0078,0.00539057,0.00910484,0.00910484,0.001,0.5
1976-07-01,Shops_excess,-0.0271,0.00727323,0.00434336,0.00434336,0.001,0.5
1976-07-01,Hlth_excess,-0.0085,0.00829933,0.00172739,0.00172739,0.001,0.5
1976-07-01,Utils_excess,0.0235,0.00607845,0.00268022,0.00268022,0.001,0.5
1976-07-01,Other_excess,-0.0052,0.00598737,0.00128988,0.00128988,0.001,0.5
1976-08-01,NoDur_excess,-0.0076,0.00587983,0.00711741,0.00711741,0.001,0.5
1976-08-01,Durbl_excess,-0.0188,0.00982134,0.01171611,0.01171611,0.001,0.5
1976-08-01,Manuf_excess,-0.0212,0.00792773,0.00017046,0.00017046,0.001,0.5
1976-08-01,Enrgy_excess,-0.0131,0.00787294,0.00829653,0.00829653,0.001,0.5
1976-08-01,HiTec_excess,-0.0127,0.00947815,0.00275403,0.00275403,0.001,0.5
1976-08-01,Telcm_excess,0.0432,0.00539462,0.00777197,0.00777197,0.001,0.5
1976-08-01,Shops_excess,0.0244,0.00721546,0.00719521,0.00719521,0.001,0.5
1976-08-01,Hlth_excess,0.0175,0.00827109,0.00415924,0.00415924,0.001,0.5
1976-08-01,Utils_excess,0.0255,0.00610773,0.00454027,0.00454027,0.001,0.5
1976-08-01,Other_excess,-0.0158,0.00596857,0.00123719,0.00123719,0.001,0.5
1976-09-01,NoDur_excess,0.0115,0.00585721,0.00888971,0.00888971,0.001,0.5
1976-09-01,Durbl_excess,0.0405,0.00977332,0.01278545,0.01278545,0.001,0.5
1976-09-01,Manuf_excess,0.0066,0.00787886,0.00065492,0.00065492,0.001,0.5
1976-09-01,Enrgy_excess,0.0548,0.00783775,0.0117228,0.0117228,0.001,0.5
1976-09-01,HiTec_excess,0.0247,0.00944094,0.00368009,0.00368009,0.001,0.5
1976-09-01,Telcm_excess,0.0116,0.00545805,0.01246679,0.01246679,0.001,0.5
1976-09-01,Shops_excess,0.0001,0.0072443,0.00855585,0.00855585,0.001,0.5
1976-09-01,Hlth_excess,0.0319,0.00828658,0.00516155,0.00516155,0.001,0.5
1976-09-01,Utils_excess,0.0364,0.00614027,0.00741152,0.00741152,0.001,0.5
1976-09-01,Other_excess,0.0048,0.00593205,0.00347309,0.00347309,0.001,0.5
1976-10-01,NoDur_excess,-0.0203,0.00586667,0.00847958,0.00847958,0.001,0.5
1976-10-01,Durbl_excess,-0.0157,0.00982479,0.01340959,0.01340959,0.001,0.5
1976-10-01,Manuf_excess,-0.0369,0.00787672,0.00023584,0.00023584,0.001,0.5
1976-10-01,Enrgy_excess,-0.0283,0.00791642,0.01152109,0.01152109,0.001,0.5
1976-10-01,HiTec_excess,-0.0491,0.0094665,0.00337175,0.00337175,0.001,0.5
1976-10-01,Telcm_excess,0.0088,0.00546834,0.0094398,0.0094398,0.001,0.5
1976-10-01,Shops_excess,-0.0132,0.00723233,0.00731236,0.00731236,0.001,0.5
1976-10-01,Hlth_excess,-0.0415,0.00832613,0.00663313,0.00663313,0.001,0.5
1976-10-01,Utils_excess,-0.0122,0.00619095,0.00661852,0.00661852,0.001,0.5
1976-10-01,Other_excess,-0.0084,0.00593015,0.00132365,0.00132365,0.001,0.5
1976-11-01,NoDur_excess,0.0134,0.00582291,0.00514365,0.00514365,0.001,0.5
1976-11-01,Durbl_excess,-0.0111,0.00978211,0.01069575,0.01069575,0.001,0.5
1976-11-01,Manuf_excess,-0.0077,0.00780184,-0.00221022,0.0,0.001,0.5
1976-11-01,Enrgy_excess,0.0043,0.00785585,0.01052612,0.01052612,0.001,0.5
1976-11-01,HiTec_excess,0.0122,0.00936856,-0.00245319,0.0,0.001,0.5
1976-11-01,Telcm_excess,0.0275,0.00547391,0.00582361,0.00582361,0.001,0.5
1976-11-01,Shops_excess,0.0445,0.00719816,0.00301618,0.00301618,0.001,0.5
1976-11-01,Hlth_excess,-0.1016,0.00824281,0.00312998,0.00312998,0.001,0.5
1976-11-01,Utils_excess,0.0275,0.0061602,0.00184832,0.00184832,0.001,0.5
1976-11-01,Other_excess,0.0159,0.00590619,-0.00236604,0.0,0.001,0.5
1976-12-01,NoDur_excess,0.0481,0.00583556,0.01347765,0.01347765,0.001,0.5
1976-12-01,Durbl_excess,0.0927,0.00974725,0.01802788,0.01802788,0.001,0.5
1976-12-01,Manuf_excess,0.0541,0.00777596,0.00249157,0.00249157,0.001,0.5
1976-12-01,Enrgy_excess,0.0593,0.00784992,0.01729723,0.01729723,0.001,0.5
1976-12-01,HiTec_excess,0.0347,0.00937329,0.00747275,0.00747275,0.001,0.5
1976-12-01,Telcm_excess,0.0305,0.00551068,0.01640151,0.01640151,0.001,0.5
1976-12-01,Shops_excess,0.0193,0.00726043,0.01204074,0.01204074,0.001,0.5
1976-12-01,Hlth_excess,0.0589,0.00805943,0.00590374,0.00590374,0.001,0.5
1976-12-01,Utils_excess,0.061,0.00619583,0.01248245,0.01248245,0.001,0.5
1976-12-01,Other_excess,0.0798,0.00592287,0.00779004,0.00779004,0.001,0.5
1977-01-01,NoDur_excess,-0.0444,0.005906,0.01308029,0.01308029,0.001,0.5
1977-01-01,Durbl_excess,-0.0455,0.0098855,0.0189048,0.0189048,0.001,0.5
1977-01-01,Manuf_excess,-0.0632,0.00785317,0.00341716,0.00341716,0.001,0.5
1977-01-01,Enrgy_excess,-0.0007,0.00793567,0.01576913,0.01576913,0.001,0.5
1977-01-01,HiTec_excess,-0.0422,0.0094155,0.00885514,0.00885514,0.001,0.5
1977-01-01,Telcm_excess,-0.0024,0.00555233,0.01825343,0.01825343,0.001,0.5
1977-01-01,Shops_excess,-0.0749,0.0072805,0.01179161,0.01179161,0.001,0.5
1977-01-01,Hlth_excess,-0.0919,0.00814417,0.0065886,0.0065886,0.001,0.5
1977-01-01,Utils_excess,0.0048,0.00628717,0.01476229,0.01476229,0.001,0.5
1977-01-01,Other_excess,-0.0452,0.006046,0.01076116,0.01076116,0.001,0.5
1977-02-01,NoDur_excess,-0.0174,0.0058223,-0.00197684,0.0,0.001,0.5
1977-02-01,Durbl_excess,-0.0383,0.00979334,0.00679636,0.00679636,0.001,0.5
1977-02-01,Manuf_excess,-0.0098,0.00773494,-0.00220972,0.0,0.001,0.5
1977-02-01,Enrgy_excess,-0.0336,0.0079213,0.0016399,0.0016399,0.001,0.5
1977-02-01,HiTec_excess,-0.0096,0.00932962,-0.00520271,0.0,0.001,0.5
1977-02-01,Telcm_excess,0.0063,0.0055391,-0.00784515,0.0,0.001,0.5
1977-02-01,Shops_excess,-0.0219,0.00714376,-0.00360349,0.0,0.001,0.5
1977-02-01,Hlth_excess,-0.0056,0.0079777,-0.0012493,0.0,0.001,0.5
1977-02-01,Utils_excess,-0.0377,0.00628469,-0.00465689,0.0,0.001,0.5
1977-02-01,Other_excess,-0.0208,0.00596073,-0.00790933,0.0,0.001,0.5
1977-03-01,NoDur_excess,-0.0178,0.00578372,-9.054e-05,0.0,0.001,0.5
1977-03-01,Durbl_excess,-0.0373,0.00971346,0.00353086,0.00353086,0.001,0.5
1977-03-01,Manuf_excess,-0.0065,0.00770581,-0.00625679,0.0,0.001,0.5
1977-03-01,Enrgy_excess,-0.0245,0.00785233,0.00602102,0.00602102,0.001,0.5
1977-03-01,HiTec_excess,-0.0041,0.00929817,-0.0078824,0.0,0.001,0.5
1977-03-01,Telcm_excess,-0.0142,0.00554037,0.00290435,0.00290435,0.001,0.5
1977-03-01,Shops_excess,-0.0313,0.00709551,-0.00231681,0.0,0.001,0.5
1977-03-01,Hlth_excess,-0.0217,0.00795515,-0.0043854,0.0,0.001,0.5
1977-03-01,Utils_excess,-0.002,0.00621163,-0.00197745,0.0,0.001,0.5
1977-03-01,Other_excess,-0.0047,0.00591628,-0.00664892,0.0,0.001,0.5
1977-04-01,NoDur_excess,0.0014,0.00574461,0.00479779,0.00479779,0.001,0.5
1977-04-01,Durbl_excess,0.0278,0.00963549,0.00861349,0.00861349,0.001,0.5
1977-04-01,Manuf_excess,0.0011,0.00768226,-0.00348016,0.0,0.001,0.5
1977-04-01,Enrgy_excess,0.0214,0.00779867,0.01041719,0.01041719,0.001,0.5
1977-04-01,HiTec_excess,-0.0383,0.00927595,-0.00329238,0.0,0.001,0.5
1977-04-01,Telcm_excess,0.0028,0.00550763,0.00686539,0.00686539,0.001,0.5
1977-04-01,Shops_excess,-0.0382,0.00703184,0.00137191,0.00137191,0.001,0.5
1977-04-01,Hlth_excess,-0.056,0.00790597,-0.00123839,0.0,0.001,0.5
1977-04-01,Utils_excess,0.0156,0.00619801,0.00281002,0.00281002,0.001,0.5
1977-04-01,Other_excess,0.0175,0.00589867,-0.00183801,0.0,0.001,0.5
1977-05-01,NoDur_excess,-0.0131,0.00573742,0.00340477,0.00340477,0.001,0.5
1977-05-01,Durbl_excess,-0.009,0.00966556,0.00704916,0.00704916,0.001,0.5
1977-05-01,Manuf_excess,-0.0335,0.00767136,-0.00530325,0.0,0.001,0.5
1977-05-01,Enrgy_excess,-0.008,0.00782119,0.00922806,0.00922806,0.001,0.5
1977-05-01,HiTec_excess,-0.0189,0.00919719,-0.00612218,0.0,0.001,0.5
1977-05-01,Telcm_excess,0.0106,0.00550315,0.00646679,0.00646679,0.001,0.5
1977-05-01,Shops_excess,-0.0315,0.00695695,-0.00055906,0.0,0.001,0.5
1977-05-01,Hlth_excess,-0.0226,0.00780017,-0.00389422,0.0,0.001,0.5
1977-05-01,Utils_excess,0.013,0.00621358,0.00238897,0.00238897,0.001,0.5
1977-05-01,Other_excess,-0.0126,0.00591788,-0.00328989,0.0,0.001,0.5
1977-06-01,NoDur_excess,0.0413,0.00570628,0.00606598,0.00606598,0.001,0.5
1977-06-01,Durbl_excess,0.0389,0.00963471,0.01005707,0.01005707,0.001,0.5
1977-06-01,Manuf_excess,0.03,0.00760331,-0.00193593,0.0,0.001,0.5
1977-06-01,Enrgy_excess,0.0569,0.00779504,0.01193835,0.01193835,0.001,0.5
1977-06-01,HiTec_excess,0.0737,0.00915074,-0.00138088,0.0,0.001,0.5
1977-06-01,Telcm_excess,0.0154,0.00551157,0.00727167,0.00727167,0.001,0.5
1977-06-01,Shops_excess,0.0569,0.00689339,0.0003168,0.0003168,0.001,0.5
1977-06-01,Hlth_excess,0.0863,0.00774992,-0.00113477,0.0,0.001,0.5
1977-06-01,Utils_excess,0.0531,0.00622479,0.00604001,0.00604001,0.001,0.5
1977-06-01,Other_excess,0.0494,0.00588727,0.00053164,0.00053164,0.001,0.5
1977-07-01,NoDur_excess,0.0076,0.00576502,0.00744139,0.00744139,0.001,0.5
1977-07-01,Durbl_excess,-0.0285,0.009683,0.0102478,0.0102478,0.001,0.5
1977-07-01,Manuf_excess,-0.0404,0.00764026,-0.00077064,0.0,0.001,0.5
1977-07-01,Enrgy_excess,-0.0222,0.00787607,0.01322318,0.01322318,0.001,0.5
1977-07-01,HiTec_excess,-0.0058,0.00925726,0.00191356,0.00191356,0.001,0.5
1977-07-01,Telcm_excess,-0.0127,0.00552789,0.00984204,0.00984204,0.001,0.5
1977-07-01,Shops_excess,-0.0064,0.00697591,0.00339936,0.00339936,0.001,0.5
1977-07-01,Hlth_excess,-0.0265,0.00787954,0.00116445,0.00116445,0.001,0.5
1977-07-01,Utils_excess,0.0045,0.00630215,0.00904722,0.00904722,0.001,0.5
1977-07-01,Other_excess,-0.0081,0.00595908,0.00352482,0.00352482,0.001,0.5
1977-08-01,NoDur_excess,-0.0033,0.00576804,0.00549238,0.00549238,0.001,0.5
1977-08-01,Durbl_excess,-0.0129,0.0096201,0.00860353,0.00860353,0.001,0.5
1977-08-01,Manuf_excess,-0.0171,0.00756112,-0.00088847,0.0,0.001,0.5
1977-08-01,Enrgy_excess,-0.0628,0.00782652,0.00865682,0.00865682,0.001,0.5
1977-08-01,HiTec_excess,0.0006,0.00923245,0.00129666,0.00129666,0.001,0.5
1977-08-01,Telcm_excess,-0.0272,0.00549786,0.00201402,0.00201402,0.001,0.5
1977-08-01,Shops_excess,0.0419,0.00695387,0.00176088,0.00176088,0.001,0.5
1977-08-01,Hlth_excess,0.034,0.0078229,0.00188852,0.00188852,0.001,0.5
1977-08-01,Utils_excess,-0.0369,0.00629918,0.00516962,0.00516962,0.001,0.5
1977-08-01,Other_excess,-0.0162,0.00593591,4.171e-05,4.171e-05,0.001,0.5
1977-09-01,NoDur_excess,-0.0016,0.00575312,0.01034491,0.01034491,0.001,0.5
1977-09-01,Durbl_excess,0.0112,0.00958306,0.01316983,0.01316983,0.001,0.5
1977-09-01,Manuf_excess,-0.0136,0.00752056,0.00297878,0.00297878,0.001,0.5
1977-09-01,Enrgy_excess,0.0031,0.00771036,0.01565474,0.01565474,0.001,0.5
1977-09-01,HiTec_excess,-0.0221,0.00921826,0.00598303,0.00598303,0.001,0.5
1977-09-01,Telcm_excess,0.0305,0.00544408,0.00796355,0.00796355,0.001,0.5
1977-09-01,Shops_excess,-0.0113,0.00701135,0.00507759,0.00507759,0.001,0.5
1977-09-01,Hlth_excess,-0.0132,0.00786595,0.00431063,0.00431063,0.001,0.5
1977-09-01,Utils_excess,0.0158,0.00622812,0.01007922,0.01007922,0.001,0.5
1977-09-01,Other_excess,-0.0053,0.00589951,0.00675831,0.00675831,0.001,0.5
1977-10-01,NoDur_excess,-0.0384,0.00574105,0.00763839,0.00763839,0.001,0.5
1977-10-01,Durbl_excess,-0.0495,0.00958571,0.01116991,0.01116991,0.001,0.5
1977-10-01,Manuf_excess,-0.0512,0.00748588,0.00402547,0.00402547,0.001,0.5
1977-10-01,Enrgy_excess,-0.0404,0.00770279,0.01106268,0.01106268,0.001,0.5
1977-10-01,HiTec_excess,-0.0371,0.00916683,0.00599986,0.00599986,0.001,0.5
1977-10-01,Telcm_excess,-0.0554,0.00548522,0.00202372,0.00202372,0.001,0.5
1977-10-01,Shops_excess,-0.0367,0.00698128,0.00370014,0.00370014,0.001,0.5
1977-10-01,Hlth_excess,-0.0224,0.00783136,0.0049229,0.0049229,0.001,0.5
1977-10-01,Utils_excess,-0.0364,0.00624384,0.00724677,0.00724677,0.001,0.5
1977-10-01,Other_excess,-0.049,0.00588112,0.00452062,0.00452062,0.001,0.5
1977-11-01,NoDur_excess,0.0409,0.00566869,0.00702694,0.00702694,0.001,0.5
1977-11-01,Durbl_excess,0.0137,0.00948885,0.0091366,0.0091366,0.001,0.5
1977-11-01,Manuf_excess,0.0383,0.00738967,0.00259592,0.00259592,0.001,0.5
1977-11-01,Enrgy_excess,0.0297,0.00762393,0.00890314,0.00890314,0.001,0.5
1977-11-01,HiTec_excess,0.0478,0.00909098,0.00559904,0.00559904,0.001,0.5
1977-11-01,Telcm_excess,0.0166,0.00538541,-0.00085213,0.0,0.001,0.5
1977-11-01,Shops_excess,0.0505,0.00690967,0.00398658,0.00398658,0.001,0.5
1977-11-01,Hlth_excess,0.0559,0.0077818,0.00550982,0.00550982,0.001,0.5
1977-11-01,Utils_excess,0.0379,0.00617393,0.00656941,0.00656941,0.001,0.5
1977-11-01,Other_excess,0.0599,0.00579115,0.00214637,0.00214637,0.001,0.5
1977-12-01,NoDur_excess,-0.0048,0.00572635,0.00810106,0.00810106,0.001,0.5
1977-12-01,Durbl_excess,-0.0124,0.00949574,0.0092317,0.0092317,0.001,0.5
1977-12-01,Manuf_excess,0.0025,0.00744026,0.00224833,0.00224833,0.001,0.5
1977-12-01,Enrgy_excess,0.014,0.00766007,0.01292202,0.01292202,0.001,0.5
1977-12-01,HiTec_excess,0.0189,0.00915434,0.00447631,0.00447631,0.001,0.5
1977-12-01,Telcm_excess,0.0166,0.00540376,0.00411976,0.00411976,0.001,0.5
1977-12-01,Shops_excess,-0.0172,0.00698101,0.00417615,0.00417615,0.001,0.5
1977-12-01,Hlth_excess,0.0013,0.00786056,0.0038751,0.0038751,0.001,0.5
1977-12-01,Utils_excess,-0.0082,0.00622586,0.00816471,0.00816471,0.001,0.5
1977-12-01,Other_excess,0.0013,0.00587971,0.00432024,0.00432024,0.001,0.5
1978-01-01,NoDur_excess,-0.0579,0.00570915,0.00461685,0.00461685,0.001,0.5
1978-01-01,Durbl_excess,-0.0731,0.00945997,0.00485595,0.00485595,0.001,0.5
1978-01-01,Manuf_excess,-0.0652,0.00743219,-0.00171636,0.0,0.001,0.5
1978-01-01,Enrgy_excess,-0.0742,0.00767042,0.00533689,0.00533689,0.001,0.5
1978-01-01,HiTec_excess,-0.0523,0.00917026,0.00072258,0.00072258,0.001,0.5
1978-01-01,Telcm_excess,-0.0465,0.00542206,-0.00373873,0.0,0.001,0.5
1978-01-01,Shops_excess,-0.0733,0.0069415,0.00240204,0.00240204,0.001,0.5
1978-01-01,Hlth_excess,-0.0238,0.00784984,0.00400932,0.00400932,0.001,0.5
1978-01-01,Utils_excess,-0.0503,0.00620229,0.00200605,0.00200605,0.001,0.5
1978-01-01,Other_excess,-0.0578,0.00587222,-0.00343268,0.0,0.001,0.5
1978-02-01,NoDur_excess,-0.0035,0.00560538,0.00414655,0.00414655,0.001,0.5
1978-02-01,Durbl_excess,-0.0008,0.00932529,0.00322812,0.00322812,0.001,0.5
1978-02-01,Manuf_excess,-0.0309,0.0073137,-0.00139476,0.0,0.001,0.5
1978-02-01,Enrgy_excess,-0.0155,0.00753687,0.00834386,0.00834386,0.001,0.5
1978-02-01,HiTec_excess,-0.0393,0.00906998,-0.00118306,0.0,0.001,0.5
1978-02-01,Telcm_excess,0.037,0.00533736,-0.00368973,0.0,0.001,0.5
1978-02-01,Shops_excess,-0.009,0.0068106,-7.964e-05,0.0,0.001,0.5
1978-02-01,Hlth_excess,-0.0348,0.00779821,0.00240528,0.00240528,0.001,0.5
1978-02-01,Utils_excess,-0.0088,0.00611011,0.0005419,0.0005419,0.001,0.5
1978-02-01,Other_excess,-0.0062,0.00576835,-0.00250524,0.0,0.001,0.5
1978-03-01,NoDur_excess,0.0364,0.00559055,0.00822123,0.00822123,0.001,0.5
1978-03-01,Durbl_excess,0.0557,0.00930879,0.00618227,0.00618227,0.001,0.5
1978-03-01,Manuf_excess,0.0337,0.00725147,-0.00140866,0.0,0.001,0.5
1978-03-01,Enrgy_excess,0.0152,0.00749935,0.01044195,0.01044195,0.001,0.5
1978-03-01,HiTec_excess,-0.0114,0.00899121,0.00128652,0.00128652,0.001,0.5
1978-03-01,Telcm_excess,0.0209,0.00538893,0.00170821,0.00170821,0.001,0.5
1978-03-01,Shops_excess,0.0232,0.00678485,0.00462761,0.00462761,0.001,0.5
1978-03-01,Hlth_excess,0.0364,0.00772883,0.00450627,0.00450627,0.001,0.5
1978-03-01,Utils_excess,0.0195,0.00608583,0.00478941,0.00478941,0.001,0.5
1978-03-01,Other_excess,0.0493,0.00574886,0.00090319,0.00090319,0.001,0.5
1978-04-01,NoDur_excess,0.0638,0.00564065,0.00949339,0.00949339,0.001,0.5
1978-04-01,Durbl_excess,0.0909,0.00938423,0.00908978,0.00908978,0.001,0.5
1978-04-01,Manuf_excess,0.1084,0.00729447,0.00078191,0.00078191,0.001,0.5
1978-04-01,Enrgy_excess,0.0616,0.00751187,0.01171926,0.01171926,0.001,0.5
1978-04-01,HiTec_excess,0.1275,0.00895805,0.00068557,0.00068557,0.001,0.5
1978-04-01,Telcm_excess,0.0239,0.00541415,0.00199586,0.00199586,0.001,0.5
1978-04-01,Shops_excess,0.1029,0.00681154,0.00622373,0.00622373,0.001,0.5
1978-04-01,Hlth_excess,0.087,0.00777545,0.0055319,0.0055319,0.001,0.5
1978-04-01,Utils_excess,-0.0036,0.00610764,0.00395527,0.00395527,0.001,0.5
1978-04-01,Other_excess,0.0882,0.00581967,0.00377743,0.00377743,0.001,0.5
1978-05-01,NoDur_excess,0.0372,0.00573506,0.00457721,0.00457721,0.001,0.5
1978-05-01,Durbl_excess,-0.0033,0.00951656,0.00416631,0.00416631,0.001,0.5
1978-05-01,Manuf_excess,0.0359,0.0074586,-0.0033892,0.0,0.001,0.5
1978-05-01,Enrgy_excess,0.0035,0.00759968,0.00815976,0.00815976,0.001,0.5
1978-05-01,HiTec_excess,0.0116,0.00915049,-0.00462054,0.0,0.001,0.5
1978-05-01,Telcm_excess,-0.009,0.00544416,0.00033988,0.00033988,0.001,0.5
1978-05-01,Shops_excess,0.0075,0.00696753,0.00191496,0.00191496,0.001,0.5
1978-05-01,Hlth_excess,0.0466,0.00790406,0.00087192,0.00087192,0.001,0.5
1978-05-01,Utils_excess,0.002,0.00609188,-0.00167089,0.0,0.001,0.5
1978-05-01,Other_excess,0.0209,0.00595341,-0.00302416,0.0,0.001,0.5
1978-06-01,NoDur_excess,-0.008,0.00578606,0.00200351,0.00200351,0.001,0.5
1978-06-01,Durbl_excess,-0.0331,0.00949579,0.00041284,0.00041284,0.001,0.5
1978-06-01,Manuf_excess,-0.0201,0.0075047,-0.00414104,0.0,0.001,0.5
1978-06-01,Enrgy_excess,-0.0428,0.00759303,0.00585762,0.00585762,0.001,0.5
1978-06-01,HiTec_excess,-0.009,0.00915446,-0.00803061,0.0,0.001,0.5
1978-06-01,Telcm_excess,-0.0208,0.00542075,-0.00255635,0.0,0.001,0.5
1978-06-01,Shops_excess,-0.0251,0.0069684,-0.00075306,0.0,0.001,0.5
1978-06-01,Hlth_excess,0.006,0.00796677,-0.00107721,0.0,0.001,0.5
1978-06-01,Utils_excess,0.0029,0.00608525,-0.00539173,0.0,0.001,0.5
1978-06-01,Other_excess,-0.0089,0.00597763,-0.0057419,0.0,0.001,0.5
1978-07-01,NoDur_excess,0.0294,0.00576375,0.00485448,0.00485448,0.001,0.5
1978-07-01,Durbl_excess,0.0417,0.00942686,0.00066083,0.00066083,0.001,0.5
1978-07-01,Manuf_excess,0.0728,0.00746003,-0.00359682,0.0,0.001,0.5
1978-07-01,Enrgy_excess,0.0278,0.00751149,0.00458346,0.00458346,0.001,0.5
1978-07-01,HiTec_excess,0.0802,0.00912508,-0.00313384,0.0,0.001,0.5
1978-07-01,Telcm_excess,0.0087,0.00537832,0.00036735,0.00036735,0.001,0.5
1978-07-01,Shops_excess,0.0457,0.0069165,0.00443972,0.00443972,0.001,0.5
1978-07-01,Hlth_excess,0.0831,0.00796359,0.00229265,0.00229265,0.001,0.5
1978-07-01,Utils_excess,0.0226,0.0060801,9.208e-05,9.208e-05,0.001,0.5
1978-07-01,Other_excess,0.0608,0.00595356,-0.00250577,0.0,0.001,0.5
1978-08-01,NoDur_excess,0.0355,0.00580194,0.00669081,0.00669081,0.001,0.5
1978-08-01,Durbl_excess,0.0241,0.009479,0.0023123,0.0023123,0.001,0.5
1978-08-01,Manuf_excess,0.0338,0.00756559,-0.00223075,0.0,0.001,0.5
1978-08-01,Enrgy_excess,0.0457,0.00754426,0.00861867,0.00861867,0.001,0.5
1978-08-01,HiTec_excess,0.0546,0.0092399,-0.00109792,0.0,0.001,0.5
1978-08-01,Telcm_excess,0.0297,0.00538368,0.00454543,0.00454543,0.001,0.5
1978-08-01,Shops_excess,0.0514,0.00697916,0.0049415,0.0049415,0.001,0.5
1978-08-01,Hlth_excess,0.0041,0.00808498,0.00280786,0.00280786,0.001,0.5
1978-08-01,Utils_excess,-0.0011,0.00610679,0.00298913,0.00298913,0.001,0.5
1978-08-01,Other_excess,0.0597,0.00604216,-0.00037228,0.0,0.001,0.5
1978-09-01,NoDur_excess,-0.0102,0.00584984,0.01236412,0.01236412,0.001,0.5
1978-09-01,Durbl_excess,-0.0113,0.00950258,0.00824481,0.00824481,0.001,0.5
1978-09-01,Manuf_excess,-0.0274,0.0076079,0.00180341,0.00180341,0.001,0.5
1978-09-01,Enrgy_excess,0.0414,0.00760581,0.01172367,0.01172367,0.001,0.5
1978-09-01,HiTec_excess,-0.048,0.00931306,0.00833997,0.00833997,0.001,0.5
1978-09-01,Telcm_excess,0.006,0.0054229,0.01072355,0.01072355,0.001,0.5
1978-09-01,Shops_excess,-0.0326,0.00705081,0.0134287,0.0134287,0.001,0.5
1978-09-01,Hlth_excess,-0.0333,0.00807855,0.00756369,0.00756369,0.001,0.5
1978-09-01,Utils_excess,-0.0087,0.00609516,0.01104778,0.01104778,0.001,0.5
1978-09-01,Other_excess,-0.0207,0.00612871,0.00709956,0.00709956,0.001,0.5
1978-10-01,NoDur_excess,-0.1226,0.00582399,0.00443446,0.00443446,0.001,0.5
1978-10-01,Durbl_excess,-0.1186,0.00946908,-0.00063676,0.0,0.001,0.5
1978-10-01,Manuf_excess,-0.1204,0.00755153,0.00106294,0.00106294,0.001,0.5
1978-10-01,Enrgy_excess,-0.1129,0.00766023,0.00464787,0.00464787,0.001,0.5
1978-10-01,HiTec_excess,-0.1144,0.00922077,0.00274746,0.00274746,0.001,0.5
1978-10-01,Telcm_excess,-0.0518,0.00542383,-0.00141729,0.0,0.001,0.5
1978-10-01,Shops_excess,-0.1486,0.00698696,0.00485198,0.00485198,0.001,0.5
1978-10-01,Hlth_excess,-0.1352,0.00801192,0.00457571,0.00457571,0.001,0.5
1978-10-01,Utils_excess,-0.0778,0.00607134,0.00197893,0.00197893,0.001,0.5
1978-10-01,Other_excess,-0.1479,0.00608551,-0.00019632,0.0,0.001,0.5
1978-11-01,NoDur_excess,0.0149,0.00561752,-0.00015711,0.0,0.001,0.5
1978-11-01,Durbl_excess,-0.0002,0.00926318,-0.00337918,0.0,0.001,0.5
1978-11-01,Manuf_excess,0.0217,0.00734582,-0.00050138,0.0,0.001,0.5
1978-11-01,Enrgy_excess,0.0548,0.0074664,0.00329061,0.00329061,0.001,0.5
1978-11-01,HiTec_excess,0.0438,0.00902203,-0.00300916,0.0,0.001,0.5
1978-11-01,Telcm_excess,0.0232,0.00533183,-0.00809159,0.0,0.001,0.5
1978-11-01,Shops_excess,0.0193,0.00673682,-0.00287511,0.0,0.001,0.5
1978-11-01,Hlth_excess,0.0448,0.00778167,0.00041505,0.00041505,0.001,0.5
1978-11-01,Utils_excess,0.023,0.0059365,-0.00476105,0.0,0.001,0.5
1978-11-01,Other_excess,0.0181,0.00583794,-0.00518791,0.0,0.001,0.5
1978-12-01,NoDur_excess,0.009,0.00563242,0.01020284,0.01020284,0.001,0.5
1978-12-01,Durbl_excess,-0.014,0.00924799,0.00716002,0.00716002,0.001,0.5
1978-12-01,Manuf_excess,0.0063,0.00736886,0.00707439,0.00707439,0.001,0.5
1978-12-01,Enrgy_excess,0.0204,0.00754238,0.01597017,0.01597017,0.001,0.5
1978-12-01,HiTec_excess,0.0562,0.00907785,0.01133235,0.01133235,0.001,0.5
1978-12-01,Telcm_excess,-0.0068,0.00536051,0.00683413,0.00683413,0.001,0.5
1978-12-01,Shops_excess,-0.0144,0.00675698,0.00697686,0.00697686,0.001,0.5
1978-12-01,Hlth_excess,0.0264,0.00784109,0.00656807,0.00656807,0.001,0.5
1978-12-01,Utils_excess,-0.0203,0.00596388,0.01185987,0.01185987,0.001,0.5
1978-12-01,Other_excess,0.0051,0.00585762,0.00912032,0.00912032,0.001,0.5
1979-01-01,NoDur_excess,0.0341,0.00563782,0.00397589,0.00397589,0.001,0.5
1979-01-01,Durbl_excess,0.0429,0.00921074,0.0001893,0.0001893,0.001,0.5
1979-01-01,Manuf_excess,0.0574,0.00736715,0.00632443,0.00632443,0.001,0.5
1979-01-01,Enrgy_excess,0.0232,0.00756298,0.00724318,0.00724318,0.001,0.5
1979-01-01,HiTec_excess,0.0353,0.00915337,0.00972672,0.00972672,0.001,0.5
1979-01-01,Telcm_excess,0.0289,0.00534103,-0.0040307,0.0,0.001,0.5
1979-01-01,Shops_excess,0.0496,0.00672308,0.00112732,0.00112732,0.001,0.5
1979-01-01,Hlth_excess,0.0065,0.00787083,0.00615317,0.00615317,0.001,0.5
1979-01-01,Utils_excess,0.056,0.00592179,0.00416916,0.00416916,0.001,0.5
1979-01-01,Other_excess,0.0526,0.00585641,0.00275471,0.00275471,0.001,0.5
1979-02-01,NoDur_excess,-0.0422,0.00568336,0.00782809,0.00782809,0.001,0.5
1979-02-01,Durbl_excess,-0.0433,0.00926464,0.00098106,0.00098106,0.001,0.5
1979-02-01,Manuf_excess,-0.0522,0.0074472,0.0068742,0.0068742,0.001,0.5
1979-02-01,Enrgy_excess,-0.0012,0.007588,0.01261721,0.01261721,0.001,0.5
1979-02-01,HiTec_excess,-0.0405,0.0091952,0.01375555,0.01375555,0.001,0.5
1979-02-01,Telcm_excess,-0.0138,0.00537872,0.00917452,0.00917452,0.001,0.5
1979-02-01,Shops_excess,-0.0515,0.00679168,0.00572076,0.00572076,0.001,0.5
1979-02-01,Hlth_excess,-0.0525,0.00786864,0.00453249,0.00453249,0.001,0.5
1979-02-01,Utils_excess,-0.0237,0.00600192,0.01437498,0.01437498,0.001,0.5
1979-02-01,Other_excess,-0.0394,0.0059312,0.01003865,0.01003865,0.001,0.5
1979-03-01,NoDur_excess,0.0334,0.00560687,-0.00075897,0.0,0.001,0.5
1979-03-01,Durbl_excess,0.0579,0.00918067,-0.00642184,0.0,0.001,0.5
1979-03-01,Manuf_excess,0.0653,0.00735192,0.00317566,0.00317566,0.001,0.5
1979-03-01,Enrgy_excess,0.0847,0.00757396,0.00538819,0.00538819,0.001,0.5
1979-03-01,HiTec_excess,0.068,0.00911581,0.00517667,0.00517667,0.001,0.5
1979-03-01,Telcm_excess,-0.0065,0.00534808,-0.00318161,0.0,0.001,0.5
1979-03-01,Shops_excess,0.0531,0.00669856,-0.0029117,0.0,0.001,0.5
1979-03-01,Hlth_excess,0.0423,0.0077722,0.00016692,0.00016692,0.001,0.5
1979-03-01,Utils_excess,0.0151,0.00595447,0.00296062,0.00296062,0.001,0.5
1979-03-01,Other_excess,0.0735,0.00585879,0.00075582,0.00075582,0.001,0.5
1979-04-01,NoDur_excess,-0.006,0.0056512,0.00623287,0.00623287,0.001,0.5
1979-04-01,Durbl_excess,0.0213,0.00925837,0.00177888,0.00177888,0.001,0.5
1979-04-01,Manuf_excess,-0.0126,0.00744434,0.00886638,0.00886638,0.001,0.5
1979-04-01,Enrgy_excess,0.0353,0.00769697,0.01484942,0.01484942,0.001,0.5
1979-04-01,HiTec_excess,-0.0047,0.00920973,0.01387257,0.01387257,0.001,0.5
1979-04-01,Telcm_excess,-0.0295,0.00532919,0.00629914,0.00629914,0.001,0.5
1979-04-01,Shops_excess,0.0008,0.00677257,0.00411849,0.00411849,0.001,0.5
1979-04-01,Hlth_excess,-0.0037,0.00782727,0.00360263,0.00360263,0.001,0.5
1979-04-01,Utils_excess,-0.0355,0.00596906,0.01215316,0.01215316,0.001,0.5
1979-04-01,Other_excess,0.0069,0.00596667,0.01151845,0.01151845,0.001,0.5
1979-05-01,NoDur_excess,-0.026,0.00563264,0.00207575,0.00207575,0.001,0.5
1979-05-01,Durbl_excess,-0.0151,0.00927755,-0.00115166,0.0,0.001,0.5
1979-05-01,Manuf_excess,-0.0311,0.00741242,0.00666897,0.00666897,0.001,0.5
1979-05-01,Enrgy_excess,-0.0328,0.00774092,0.00919115,0.00919115,0.001,0.5
1979-05-01,HiTec_excess,-0.028,0.00918758,0.01079451,0.01079451,0.001,0.5
1979-05-01,Telcm_excess,-0.0073,0.00527373,-0.00110606,0.0,0.001,0.5
1979-05-01,Shops_excess,-0.0326,0.00676306,0.00176067,0.00176067,0.001,0.5
1979-05-01,Hlth_excess,-0.0346,0.00780892,0.00297641,0.00297641,0.001,0.5
1979-05-01,Utils_excess,0.0062,0.00590303,0.00617194,0.00617194,0.001,0.5
1979-05-01,Other_excess,-0.011,0.00596815,0.00696691,0.00696691,0.001,0.5
1979-06-01,NoDur_excess,0.0251,0.00558235,0.00810803,0.00810803,0.001,0.5
1979-06-01,Durbl_excess,0.0219,0.00923879,0.00516696,0.00516696,0.001,0.5
1979-06-01,Manuf_excess,0.0268,0.00735119,0.01051809,0.01051809,0.001,0.5
1979-06-01,Enrgy_excess,0.0846,0.00767647,0.01968352,0.01968352,0.001,0.5
1979-06-01,HiTec_excess,-0.0031,0.00912846,0.01617128,0.01617128,0.001,0.5
1979-06-01,Telcm_excess,0.0112,0.00525374,0.01049867,0.01049867,0.001,0.5
1979-06-01,Shops_excess,0.0199,0.00670048,0.00498702,0.00498702,0.001,0.5
1979-06-01,Hlth_excess,0.0402,0.00774149,0.00311947,0.00311947,0.001,0.5
1979-06-01,Utils_excess,0.0416,0.0059035,0.01534641,0.01534641,0.001,0.5
1979-06-01,Other_excess,0.0619,0.00594118,0.01711196,0.01711196,0.001,0.5
1979-07-01,NoDur_excess,0.0126,0.00561333,0.01023256,0.01023256,0.001,0.5
1979-07-01,Durbl_excess,0.0129,0.00925889,0.00925273,0.00925273,0.001,0.5
1979-07-01,Manuf_excess,0.0125,0.00738206,0.01266834,0.01266834,0.001,0.5
1979-07-01,Enrgy_excess,0.0081,0.00779857,0.02322746,0.02322746,0.001,0.5
1979-07-01,HiTec_excess,-0.0226,0.00910905,0.01790604,0.01790604,0.001,0.5
1979-07-01,Telcm_excess,-0.0088,0.00526317,0.01322978,0.01322978,0.001,0.5
1979-07-01,Shops_excess,0.0049,0.00672143,0.007433,0.007433,0.001,0.5
1979-07-01,Hlth_excess,-0.0062,0.00779302,0.00520855,0.00520855,0.001,0.5
1979-07-01,Utils_excess,0.013,0.00596016,0.0186907,0.0186907,0.001,0.5
1979-07-01,Other_excess,0.0254,0.00603,0.02143043,0.02143043,0.001,0.5
1979-08-01,NoDur_excess,0.0679,0.00562441,0.0037823,0.0037823,0.001,0.5
1979-08-01,Durbl_excess,0.0395,0.00926466,0.00365665,0.00365665,0.001,0.5
1979-08-01,Manuf_excess,0.0694,0.00739017,0.01098641,0.01098641,0.001,0.5
1979-08-01,Enrgy_excess,0.0716,0.00779905,0.01266536,0.01266536,0.001,0.5
1979-08-01,HiTec_excess,0.0514,0.0090588,0.01352696,0.01352696,0.001,0.5
1979-08-01,Telcm_excess,0.0075,0.00524089,0.00068394,0.00068394,0.001,0.5
1979-08-01,Shops_excess,0.0811,0.00671854,0.00320316,0.00320316,0.001,0.5
1979-08-01,Hlth_excess,0.0781,0.00777084,0.00452468,0.00452468,0.001,0.5
1979-08-01,Utils_excess,0.0128,0.00597132,0.01064747,0.01064747,0.001,0.5
1979-08-01,Other_excess,0.0501,0.0060607,0.01354215,0.01354215,0.001,0.5
1979-09-01,NoDur_excess,-0.027,0.00572294,0.00466213,0.00466213,0.001,0.5
1979-09-01,Durbl_excess,-0.0044,0.0093125,0.00257265,0.00257265,0.001,0.5
1979-09-01,Manuf_excess,-0.0152,0.00748829,0.0102006,0.0102006,0.001,0.5
1979-09-01,Enrgy_excess,0.0509,0.0079,0.0123473,0.0123473,0.001,0.5
1979-09-01,HiTec_excess,-0.0258,0.00912579,0.01370869,0.01370869,0.001,0.5
1979-09-01,Telcm_excess,-0.0321,0.00524446,0.00200337,0.00200337,0.001,0.5
1979-09-01,Shops_excess,-0.0158,0.00683623,0.00416192,0.00416192,0.001,0.5
1979-09-01,Hlth_excess,-0.0138,0.00788212,0.0051299,0.0051299,0.001,0.5
1979-09-01,Utils_excess,-0.0302,0.00598212,0.01160436,0.01160436,0.001,0.5
1979-09-01,Other_excess,-0.0149,0.00613038,0.01271952,0.01271952,0.001,0.5
1979-10-01,NoDur_excess,-0.0853,0.00567125,-0.00060282,0.0,0.001,0.5
1979-10-01,Durbl_excess,-0.1015,0.00929084,-0.00182158,0.0,0.001,0.5
1979-10-01,Manuf_excess,-0.0972,0.00745245,0.0101116,0.0101116,0.001,0.5
1979-10-01,Enrgy_excess,-0.0342,0.00796793,0.01236682,0.01236682,0.001,0.5
1979-10-01,HiTec_excess,-0.0861,0.00907062,0.00932223,0.00932223,0.001,0.5
1979-10-01,Telcm_excess,-0.0594,0.00518547,-0.00458434,0.0,0.001,0.5
1979-10-01,Shops_excess,-0.0976,0.00680047,-0.00267262,0.0,0.001,0.5
1979-10-01,Hlth_excess,-0.0521,0.00784787,0.00169129,0.00169129,0.001,0.5
1979-10-01,Utils_excess,-0.067,0.00592496,0.0053402,0.0053402,0.001,0.5
1979-10-01,Other_excess,-0.1102,0.00609716,0.00898865,0.00898865,0.001,0.5
1979-11-01,NoDur_excess,0.0417,0.00552776,-0.01697973,0.0,0.001,0.5
1979-11-01,Durbl_excess,-0.0319,0.00911609,-0.01600551,0.0,0.001,0.5
1979-11-01,Manuf_excess,0.0373,0.00728738,0.00647119,0.00647119,0.001,0.5
1979-11-01,Enrgy_excess,0.0793,0.00790142,-0.00521786,0.0,0.001,0.5
1979-11-01,HiTec_excess,0.0719,0.0089205,-0.00216531,0.0,0.001,0.5
1979-11-01,Telcm_excess,0.0307,0.0050836,-0.03337723,0.0,0.001,0.5
1979-11-01,Shops_excess,0.0284,0.0066358,-0.01996693,0.0,0.001,0.5
1979-11-01,Hlth_excess,0.078,0.00775331,-0.00253769,0.0,0.001,0.5
1979-11-01,Utils_excess,0.0679,0.00580994,-0.01633305,0.0,0.001,0.5
1979-11-01,Other_excess,0.0604,0.00591372,-0.01093137,0.0,0.001,0.5
1979-12-01,NoDur_excess,0.0242,0.00558472,0.00712859,0.00712859,0.001,0.5
1979-12-01,Durbl_excess,0.0231,0.0090515,0.00030546,0.00030546,0.001,0.5
1979-12-01,Manuf_excess,0.0351,0.00733465,0.0100818,0.0100818,0.001,0.5
1979-12-01,Enrgy_excess,0.0154,0.00801386,0.02296511,0.02296511,0.001,0.5
1979-12-01,HiTec_excess,0.0084,0.00901969,0.01484394,0.01484394,0.001,0.5
1979-12-01,Telcm_excess,-0.0247,0.00512394,0.00854241,0.00854241,0.001,0.5
1979-12-01,Shops_excess,0.0212,0.00667008,0.003239,0.003239,0.001,0.5
1979-12-01,Hlth_excess,0.0113,0.00786394,0.00423314,0.00423314,0.001,0.5
1979-12-01,Utils_excess,-0.0196,0.00590772,0.01698229,0.01698229,0.001,0.5
1979-12-01,Other_excess,0.0317,0.00599953,0.01673343,0.01673343,0.001,0.5
1980-01-01,NoDur_excess,0.0231,0.00561399,0.00035651,0.00035651,0.001,0.5
1980-01-01,Durbl_excess,0.0831,0.00907358,-0.00696838,0.0,0.001,0.5
1980-01-01,Manuf_excess,0.0626,0.0073783,0.0101123,0.0101123,0.001,0.5
1980-01-01,Enrgy_excess,0.1325,0.00802547,0.0172585,0.0172585,0.001,0.5
1980-01-01,HiTec_excess,0.0655,0.00901871,0.01000468,0.01000468,0.001,0.5
1980-01-01,Telcm_excess,-0.0287,0.00507704,-0.00173751,0.0,0.001,0.5
1980-01-01,Shops_excess,0.0051,0.00669292,-0.00496503,0.0,0.001,0.5
1980-01-01,Hlth_excess,-0.0209,0.00786934,0.00144064,0.00144064,0.001,0.5
1980-01-01,Utils_excess,0.0075,0.00586761,0.00751152,0.00751152,0.001,0.5
1980-01-01,Other_excess,0.0474,0.00603994,0.01143187,0.01143187,0.001,0.5
1980-02-01,NoDur_excess,-0.0575,0.00564144,-0.01394347,0.0,0.001,0.5
1980-02-01,Durbl_excess,-0.0724,0.0091898,-0.02421114,0.0,0.001,0.5
1980-02-01,Manuf_excess,-0.0339,0.00746499,-0.00328125,0.0,0.001,0.5
1980-02-01,Enrgy_excess,0.1211,0.00822088,-0.00197572,0.0,0.001,0.5
1980-02-01,HiTec_excess,-0.0448,0.00910738,-0.00365776,0.0,0.001,0.5
1980-02-01,Telcm_excess,-0.0229,0.00502402,-0.02427818,0.0,0.001,0.5
1980-02-01,Shops_excess,-0.0575,0.00669042,-0.01528362,0.0,0.001,0.5
1980-02-01,Hlth_excess,-0.0553,0.00782418,-0.0028935,0.0,0.001,0.5
1980-02-01,Utils_excess,-0.0431,0.00587017,-0.01120002,0.0,0.001,0.5
1980-02-01,Other_excess,-0.0426,0.00610487,-0.01218938,0.0,0.001,0.5
1980-03-01,NoDur_excess,-0.0938,0.00554248,-0.01926551,0.0,0.001,0.5
1980-03-01,Durbl_excess,-0.1001,0.00906191,-0.0313701,0.0,0.001,0.5
1980-03-01,Manuf_excess,-0.1298,0.00740016,-0.00947458,0.0,0.001,0.5
1980-03-01,Enrgy_excess,-0.1912,0.00839781,0.01104528,0.01104528,0.001,0.5
1980-03-01,HiTec_excess,-0.1388,0.00902288,-0.0165052,0.0,0.001,0.5
1980-03-01,Telcm_excess,-0.0387,0.00498025,-0.02411789,0.0,0.001,0.5
1980-03-01,Shops_excess,-0.1084,0.00658981,-0.02668606,0.0,0.001,0.5
1980-03-01,Hlth_excess,-0.0406,0.00772524,-0.01375334,0.0,0.001,0.5
1980-03-01,Utils_excess,-0.0781,0.00579342,-0.01957276,0.0,0.001,0.5
1980-03-01,Other_excess,-0.1354,0.00602853,-0.01931333,0.0,0.001,0.5
1980-04-01,NoDur_excess,0.0514,0.00538701,-0.0105748,0.0,0.001,0.5
1980-04-01,Durbl_excess,-0.0301,0.00889108,-0.02713827,0.0,0.001,0.5
1980-04-01,Manuf_excess,0.0195,0.00718545,-0.01017572,0.0,0.001,0.5
1980-04-01,Enrgy_excess,0.056,0.00808545,0.00355061,0.00355061,0.001,0.5
1980-04-01,HiTec_excess,-0.0054,0.00879155,-0.00150958,0.0,0.001,0.5
1980-04-01,Telcm_excess,0.0607,0.00491189,-0.01059147,0.0,0.001,0.5
1980-04-01,Shops_excess,0.0324,0.00640986,-0.00956486,0.0,0.001,0.5
1980-04-01,Hlth_excess,0.0303,0.00764961,-0.00384432,0.0,0.001,0.5
1980-04-01,Utils_excess,0.1078,0.00566213,0.00084111,0.00084111,0.001,0.5
1980-04-01,Other_excess,0.0487,0.0058072,-0.01030046,0.0,0.001,0.5
1980-05-01,NoDur_excess,0.0714,0.00545891,0.02852352,0.02852352,0.001,0.5
1980-05-01,Durbl_excess,0.0356,0.00883016,0.02066485,0.02066485,0.001,0.5
1980-05-01,Manuf_excess,0.0544,0.00720469,0.01228307,0.01228307,0.001,0.5
1980-05-01,Enrgy_excess,0.0332,0.00816031,0.0435045,0.0435045,0.001,0.5
1980-05-01,HiTec_excess,0.04,0.00876937,0.0285223,0.0285223,0.001,0.5
1980-05-01,Telcm_excess,0.0419,0.00499906,0.04604874,0.04604874,0.001,0.5
1980-05-01,Shops_excess,0.0987,0.00645047,0.0223611,0.0223611,0.001,0.5
1980-05-01,Hlth_excess,0.0616,0.007685,0.00033908,0.00033908,0.001,0.5
1980-05-01,Utils_excess,0.0379,0.00582172,0.04885001,0.04885001,0.001,0.5
1980-05-01,Other_excess,0.0728,0.00587422,0.04332784,0.04332784,0.001,0.5
1980-06-01,NoDur_excess,0.0238,0.00556178,0.0126865,0.0126865,0.001,0.5
1980-06-01,Durbl_excess,0.0218,0.00887192,0.00734813,0.00734813,0.001,0.5
1980-06-01,Manuf_excess,0.0173,0.00727832,-0.00135894,0.0,0.001,0.5
1980-06-01,Enrgy_excess,0.0523,0.00819938,0.01263505,0.01263505,0.001,0.5
1980-06-01,HiTec_excess,0.0242,0.0088181,0.00703314,0.00703314,0.001,0.5
1980-06-01,Telcm_excess,-0.0118,0.00505663,0.0189903,0.0189903,0.001,0.5
1980-06-01,Shops_excess,0.0181,0.00659438,0.01513347,0.01513347,0.001,0.5
1980-06-01,Hlth_excess,-0.0039,0.00776911,0.00259173,0.00259173,0.001,0.5
1980-06-01,Utils_excess,0.0394,0.00587176,0.01860944,0.01860944,0.001,0.5
1980-06-01,Other_excess,0.0448,0.00597863,0.01350931,0.01350931,0.001,0.5
1980-07-01,NoDur_excess,0.0721,0.00559019,0.00569735,0.00569735,0.001,0.5
1980-07-01,Durbl_excess,0.1122,0.00889206,0.00420516,0.00420516,0.001,0.5
1980-07-01,Manuf_excess,0.103,0.00729393,-0.00603481,0.0,0.001,0.5
1980-07-01,Enrgy_excess,0.0148,0.00826807,0.01067076,0.01067076,0.001,0.5
1980-07-01,HiTec_excess,0.1495,0.00884206,-0.00384572,0.0,0.001,0.5
1980-07-01,Telcm_excess,0.0047,0.00503037,0.01231442,0.01231442,0.001,0.5
1980-07-01,Shops_excess,0.1029,0.00661231,0.00411977,0.00411977,0.001,0.5
1980-07-01,Hlth_excess,0.0835,0.00775093,-0.00491159,0.0,0.001,0.5
1980-07-01,Utils_excess,-0.0065,0.00592399,0.0076933,0.0076933,0.001,0.5
1980-07-01,Other_excess,0.0631,0.0060391,0.00527978,0.00527978,0.001,0.5
1980-08-01,NoDur_excess,0.0083,0.00569362,-0.01112031,0.0,0.001,0.5
1980-08-01,Durbl_excess,0.0089,0.00905272,-0.01505473,0.0,0.001,0.5
1980-08-01,Manuf_excess,0.0094,0.00744277,-0.01750197,0.0,0.001,0.5
1980-08-01,Enrgy_excess,0.0302,0.00827823,-0.00963083,0.0,0.001,0.5
1980-08-01,HiTec_excess,0.0302,0.00906081,-0.01471932,0.0,0.001,0.5
1980-08-01,Telcm_excess,0.0566,0.00502986,-0.01433789,0.0,0.001,0.5
1980-08-01,Shops_excess,0.0116,0.00676205,-0.01382989,0.0,0.001,0.5
1980-08-01,Hlth_excess,-0.0037,0.00786874,-0.00570171,0.0,0.001,0.5
1980-08-01,Utils_excess,-0.0181,0.00590467,-0.01230355,0.0,0.001,0.5
1980-08-01,Other_excess,0.0206,0.00612784,-0.02434329,0.0,0.001,0.5
1980-09-01,NoDur_excess,-0.0055,0.00569767,-0.01583772,0.0,0.001,0.5
1980-09-01,Durbl_excess,0.0018,0.00905248,-0.02532057,0.0,0.001,0.5
1980-09-01,Manuf_excess,0.0208,0.00744581,-0.02337155,0.0,0.001,0.5
1980-09-01,Enrgy_excess,0.0578,0.00831227,-0.00976365,0.0,0.001,0.5
1980-09-01,HiTec_excess,0.0124,0.00909363,-0.02343255,0.0,0.001,0.5
1980-09-01,Telcm_excess,-0.0237,0.00510994,-0.01344785,0.0,0.001,0.5
1980-09-01,Shops_excess,0.0053,0.00676957,-0.01971427,0.0,0.001,0.5
1980-09-01,Hlth_excess,0.0287,0.00785078,-0.01264311,0.0,0.001,0.5
1980-09-01,Utils_excess,-0.0063,0.00586739,-0.01956918,0.0,0.001,0.5
1980-09-01,Other_excess,0.0307,0.00615031,-0.02987369,0.0,0.001,0.5
1980-10-01,NoDur_excess,-0.0066,0.00568031,-0.01113911,0.0,0.001,0.5
1980-10-01,Durbl_excess,-0.0267,0.00904124,-0.0230869,0.0,0.001,0.5
1980-10-01,Manuf_excess,-0.0053,0.00746651,-0.01992629,0.0,0.001,0.5
1980-10-01,Enrgy_excess,0.0681,0.00838899,-0.00482792,0.0,0.001,0.5
1980-10-01,HiTec_excess,0.0101,0.00909876,-0.0182373,0.0,0.001,0.5
1980-10-01,Telcm_excess,-0.0416,0.00506527,-0.00888059,0.0,0.001,0.5
1980-10-01,Shops_excess,-0.021,0.00676729,-0.01373948,0.0,0.001,0.5
1980-10-01,Hlth_excess,-0.0219,0.0078831,-0.00927368,0.0,0.001,0.5
1980-10-01,Utils_excess,0.0097,0.00584853,-0.01291957,0.0,0.001,0.5
1980-10-01,Other_excess,0.0061,0.00618837,-0.02213398,0.0,0.001,0.5
1980-11-01,NoDur_excess,-0.0003,0.0056613,-0.00964637,0.0,0.001,0.5
1980-11-01,Durbl_excess,0.0393,0.00898591,-0.02510569,0.0,0.001,0.5
1980-11-01,Manuf_excess,0.0745,0.00744675,-0.01717855,0.0,0.001,0.5
1980-11-01,Enrgy_excess,0.2334,0.00848142,-0.0022571,0.0,0.001,0.5
1980-11-01,HiTec_excess,0.0887,0.00910031,-0.01288073,0.0,0.001,0.5
1980-11-01,Telcm_excess,-0.0142,0.00499303,-0.00818141,0.0,0.001,0.5
1980-11-01,Shops_excess,0.0162,0.0067243,-0.01100876,0.0,0.001,0.5
1980-11-01,Hlth_excess,0.0792,0.007837,-0.00824525,0.0,0.001,0.5
1980-11-01,Utils_excess,0.0643,0.00585449,-0.00687163,0.0,0.001,0.5
1980-11-01,Other_excess,0.0671,0.00618824,-0.01701128,0.0,0.001,0.5
1980-12-01,NoDur_excess,-0.0031,0.00565209,-0.00574717,0.0,0.001,0.5
1980-12-01,Durbl_excess,-0.0239,0.00903277,-0.0238955,0.0,0.001,0.5
1980-12-01,Manuf_excess,-0.0338,0.00755039,-0.01015236,0.0,0.001,0.5
1980-12-01,Enrgy_excess,-0.119,0.00882906,0.01090881,0.01090881,0.001,0.5
1980-12-01,HiTec_excess,-0.0245,0.00922334,-0.00726324,0.0,0.001,0.5
1980-12-01,Telcm_excess,-0.0009,0.00496337,-0.00318608,0.0,0.001,0.5
1980-12-01,Shops_excess,-0.027,0.00673895,-0.0092459,0.0,0.001,0.5
1980-12-01,Hlth_excess,0.033,0.0079473,-0.0058036,0.0,0.001,0.5
1980-12-01,Utils_excess,-0.0323,0.00594482,0.00110317,0.00110317,0.001,0.5
1980-12-01,Other_excess,-0.0127,0.00628238,-0.00882097,0.0,0.001,0.5
1981-01-01,NoDur_excess,0.0099,0.00563858,0.00168983,0.00168983,0.001,0.5
1981-01-01,Durbl_excess,-0.0328,0.00898194,-0.01823705,0.0,0.001,0.5
1981-01-01,Manuf_excess,-0.03,0.00748657,0.00044203,0.00044203,0.001,0.5
1981-01-01,Enrgy_excess,-0.112,0.00863179,0.01172043,0.01172043,0.001,0.5
1981-01-01,HiTec_excess,-0.0911,0.0091713,0.00502543,0.00502543,0.001,0.5
1981-01-01,Telcm_excess,0.0451,0.00495432,0.0047485,0.0047485,0.001,0.5
1981-01-01,Shops_excess,-0.006,0.00668688,-0.00359238,0.0,0.001,0.5
1981-01-01,Hlth_excess,-0.0266,0.00798596,0.00048867,0.00048867,0.001,0.5
1981-01-01,Utils_excess,-0.036,0.0058858,0.01371878,0.01371878,0.001,0.5
1981-01-01,Other_excess,-0.044,0.00625309,0.00679082,0.00679082,0.001,0.5
1981-02-01,NoDur_excess,0.0141,0.00564515,-0.00732572,0.0,0.001,0.5
1981-02-01,Durbl_excess,0.0538,0.00891757,-0.02623668,0.0,0.001,0.5
1981-02-01,Manuf_excess,0.0331,0.00742881,-0.00360708,0.0,0.001,0.5
1981-02-01,Enrgy_excess,-0.0138,0.00844592,1.46e-06,1.46e-06,0.001,0.5
1981-02-01,HiTec_excess,-0.006,0.0090168,-0.00309078,0.0,0.001,0.5
1981-02-01,Telcm_excess,0.0106,0.00501618,-0.00446795,0.0,0.001,0.5
1981-02-01,Shops_excess,0.0161,0.00666733,-0.01263298,0.0,0.001,0.5
1981-02-01,Hlth_excess,0.0073,0.00793267,-0.00235801,0.0,0.001,0.5
1981-02-01,Utils_excess,-0.0234,0.00582126,0.00422352,0.00422352,0.001,0.5
1981-02-01,Other_excess,0.006,0.00617565,-0.00399396,0.0,0.001,0.5
1981-03-01,NoDur_excess,0.0573,0.00565815,-0.01384111,0.0,0.001,0.5
1981-03-01,Durbl_excess,0.0577,0.00898662,-0.03418917,0.0,0.001,0.5
1981-03-01,Manuf_excess,0.0484,0.00746831,-0.01479432,0.0,0.001,0.5
1981-03-01,Enrgy_excess,-0.0326,0.00841169,-0.00805607,0.0,0.001,0.5
1981-03-01,HiTec_excess,0.0377,0.00899369,-0.01331562,0.0,0.001,0.5
1981-03-01,Telcm_excess,-0.0004,0.00502477,-0.01134068,0.0,0.001,0.5
1981-03-01,Shops_excess,0.1163,0.00668185,-0.01592095,0.0,0.001,0.5
1981-03-01,Hlth_excess,0.0466,0.00793169,-0.0046578,0.0,0.001,0.5
1981-03-01,Utils_excess,0.0179,0.00577631,-0.00589459,0.0,0.001,0.5
1981-03-01,Other_excess,0.0782,0.00617538,-0.01883095,0.0,0.001,0.5
1981-04-01,NoDur_excess,0.0007,0.00573748,0.00736852,0.00736852,0.001,0.5
1981-04-01,Durbl_excess,0.0079,0.00906144,-0.00758205,0.0,0.001,0.5
1981-04-01,Manuf_excess,-0.021,0.00753118,-0.00496522,0.0,0.001,0.5
1981-04-01,Enrgy_excess,-0.0888,0.00834869,0.00324457,0.00324457,0.001,0.5
1981-04-01,HiTec_excess,-0.0091,0.00903779,-0.00361607,0.0,0.001,0.5
1981-04-01,Telcm_excess,0.0512,0.00501644,0.00819014,0.00819014,0.001,0.5
1981-04-01,Shops_excess,0.0181,0.00685023,0.00457776,0.00457776,0.001,0.5
1981-04-01,Hlth_excess,0.0195,0.00799109,0.00030917,0.00030917,0.001,0.5
1981-04-01,Utils_excess,-0.0377,0.00579493,0.00481754,0.00481754,0.001,0.5
1981-04-01,Other_excess,-0.0075,0.00628602,0.00183653,0.00183653,0.001,0.5
1981-05-01,NoDur_excess,0.015,0.00572975,-0.02206261,0.0,0.001,0.5
1981-05-01,Durbl_excess,0.0173,0.00905966,-0.03563511,0.0,0.001,0.5
1981-05-01,Manuf_excess,-0.0156,0.00748742,-0.01890192,0.0,0.001,0.5
1981-05-01,Enrgy_excess,-0.051,0.00819969,-0.00927372,0.0,0.001,0.5
1981-05-01,HiTec_excess,0.0311,0.00900997,-0.02862399,0.0,0.001,0.5
1981-05-01,Telcm_excess,0.0606,0.00508727,-0.0227106,0.0,0.001,0.5
1981-05-01,Shops_excess,0.0171,0.00686748,-0.03038867,0.0,0.001,0.5
1981-05-01,Hlth_excess,0.0231,0.00800874,-0.01220458,0.0,0.001,0.5
1981-05-01,Utils_excess,0.0069,0.00572822,-0.02777691,0.0,0.001,0.5
1981-05-01,Other_excess,0.0165,0.00626488,-0.02998016,0.0,0.001,0.5
1981-06-01,NoDur_excess,-0.0153,0.00574395,0.01576617,0.01576617,0.001,0.5
1981-06-01,Durbl_excess,-0.0565,0.00907228,-0.00720637,0.0,0.001,0.5
1981-06-01,Manuf_excess,-0.026,0.00745207,-0.00144363,0.0,0.001,0.5
1981-06-01,Enrgy_excess,0.0336,0.00810904,6.994e-05,6.994e-05,0.001,0.5
1981-06-01,HiTec_excess,-0.0809,0.0090438,0.00256772,0.00256772,0.001,0.5
1981-06-01,Telcm_excess,-0.0326,0.00517228,0.0175735,0.0175735,0.001,0.5
1981-06-01,Shops_excess,-0.0278,0.00688315,0.01501023,0.01501023,0.001,0.5
1981-06-01,Hlth_excess,-0.0695,0.00803185,0.00697197,0.00697197,0.001,0.5
1981-06-01,Utils_excess,0.0211,0.00573002,0.013657,0.013657,0.001,0.5
1981-06-01,Other_excess,-0.0271,0.00628055,0.0097234,0.0097234,0.001,0.5
1981-07-01,NoDur_excess,-0.02,0.00571177,5.356e-05,5.356e-05,0.001,0.5
1981-07-01,Durbl_excess,-0.0415,0.00897202,-0.01819848,0.0,0.001,0.5
1981-07-01,Manuf_excess,-0.041,0.00740092,-0.00827438,0.0,0.001,0.5
1981-07-01,Enrgy_excess,0.067,0.00814801,-0.00659925,0.0,0.001,0.5
1981-07-01,HiTec_excess,-0.0503,0.00890627,-0.00476896,0.0,0.001,0.5
1981-07-01,Telcm_excess,-0.009,0.00511453,0.00018216,0.00018216,0.001,0.5
1981-07-01,Shops_excess,-0.0464,0.00683012,0.0025275,0.0025275,0.001,0.5
1981-07-01,Hlth_excess,-0.0514,0.0079133,0.00188044,0.00188044,0.001,0.5
1981-07-01,Utils_excess,0.0156,0.00575352,0.00309576,0.00309576,0.001,0.5
1981-07-01,Other_excess,-0.0397,0.00622951,-0.00404819,0.0,0.001,0.5
1981-08-01,NoDur_excess,-0.0621,0.00567252,-0.01158714,0.0,0.001,0.5
1981-08-01,Durbl_excess,-0.0921,0.00889496,-0.03002074,0.0,0.001,0.5
1981-08-01,Manuf_excess,-0.082,0.00732702,-0.0171084,0.0,0.001,0.5
1981-08-01,Enrgy_excess,-0.0762,0.00823786,-0.00661514,0.0,0.001,0.5
1981-08-01,HiTec_excess,-0.0859,0.00881588,-0.02056952,0.0,0.001,0.5
1981-08-01,Telcm_excess,-0.0205,0.00509298,-0.00979267,0.0,0.001,0.5
1981-08-01,Shops_excess,-0.0689,0.00674885,-0.0150618,0.0,0.001,0.5
1981-08-01,Hlth_excess,-0.0903,0.00782275,-0.00767176,0.0,0.001,0.5
1981-08-01,Utils_excess,-0.0213,0.00576855,-0.01299574,0.0,0.001,0.5
1981-08-01,Other_excess,-0.068,0.00615939,-0.01915635,0.0,0.001,0.5
1981-09-01,NoDur_excess,-0.0341,0.00556921,-0.00996951,0.0,0.001,0.5
1981-09-01,Durbl_excess,-0.042,0.00874101,-0.03184486,0.0,0.001,0.5
1981-09-01,Manuf_excess,-0.0841,0.00719085,-0.02283162,0.0,0.001,0.5
1981-09-01,Enrgy_excess,-0.1354,0.00810915,-0.00791948,0.0,0.001,0.5
1981-09-01,HiTec_excess,-0.0515,0.00867149,-0.02373885,0.0,0.001,0.5
1981-09-01,Telcm_excess,0.016,0.00505396,-0.01183742,0.0,0.001,0.5
1981-09-01,Shops_excess,-0.0487,0.00663354,-0.01273356,0.0,0.001,0.5
1981-09-01,Hlth_excess,-0.0253,0.00767317,-0.00761836,0.0,0.001,0.5
1981-09-01,Utils_excess,-0.0678,0.00572729,-0.01368619,0.0,0.001,0.5
1981-09-01,Other_excess,-0.0653,0.00604634,-0.02414629,0.0,0.001,0.5
1981-10-01,NoDur_excess,0.062,0.00550883,-0.00866067,0.0,0.001,0.5
1981-10-01,Durbl_excess,-0.0536,0.00866377,-0.02981811,0.0,0.001,0.5
1981-10-01,Manuf_excess,0.0249,0.0070519,-0.03008814,0.0,0.001,0.5
1981-10-01,Enrgy_excess,0.0839,0.00789072,-0.0101707,0.0,0.001,0.5
1981-10-01,HiTec_excess,0.04,0.00857991,-0.03023777,0.0,0.001,0.5
1981-10-01,Telcm_excess,0.0481,0.00507062,-0.00654574,0.0,0.001,0.5
1981-10-01,Shops_excess,0.0555,0.00654932,-0.0124338,0.0,0.001,0.5
1981-10-01,Hlth_excess,0.0675,0.00762298,-0.01111096,0.0,0.001,0.5
1981-10-01,Utils_excess,0.0368,0.00561537,-0.019378,0.0,0.001,0.5
1981-10-01,Other_excess,0.0594,0.00593775,-0.02828782,0.0,0.001,0.5
1981-11-01,NoDur_excess,0.0159,0.00559468,0.01669557,0.01669557,0.001,0.5
1981-11-01,Durbl_excess,0.0379,0.00856915,-0.00203086,0.0,0.001,0.5
1981-11-01,Manuf_excess,0.036,0.00707903,-0.0106318,0.0,0.001,0.5
1981-11-01,Enrgy_excess,0.0578,0.00800623,0.01067357,0.01067357,0.001,0.5
1981-11-01,HiTec_excess,0.0043,0.00862766,-0.01101697,0.0,0.001,0.5
1981-11-01,Telcm_excess,0.0163,0.00513602,0.01793409,0.01793409,0.001,0.5
1981-11-01,Shops_excess,0.0,0.00662371,0.01092832,0.01092832,0.001,0.5
1981-11-01,Hlth_excess,0.0287,0.00771398,-0.00206892,0.0,0.001,0.5
1981-11-01,Utils_excess,0.0488,0.00566277,0.00229797,0.00229797,0.001,0.5
1981-11-01,Other_excess,0.0398,0.006019,0.00167847,0.00167847,0.001,0.5
1981-12-01,NoDur_excess,-0.0268,0.00561032,0.03472184,0.03472184,0.001,0.5
1981-12-01,Durbl_excess,-0.004,0.00861366,0.0249304,0.0249304,0.001,0.5
1981-12-01,Manuf_excess,-0.0253,0.00712291,0.00527877,0.00527877,0.001,0.5
1981-12-01,Enrgy_excess,-0.0728,0.00808179,0.02486832,0.02486832,0.001,0.5
1981-12-01,HiTec_excess,-0.0089,0.00862109,0.00801902,0.00801902,0.001,0.5
1981-12-01,Telcm_excess,-0.0232,0.00515296,0.03680932,0.03680932,0.001,0.5
1981-12-01,Shops_excess,-0.0279,0.00661366,0.03357631,0.03357631,0.001,0.5
1981-12-01,Hlth_excess,-0.0161,0.00774583,0.00797993,0.00797993,0.001,0.5
1981-12-01,Utils_excess,-0.0322,0.00572822,0.0278866,0.0278866,0.001,0.5
1981-12-01,Other_excess,-0.0466,0.00607026,0.02752423,0.02752423,0.001,0.5
1982-01-01,NoDur_excess,-0.0172,0.00556121,-0.00805545,0.0,0.001,0.5
1982-01-01,Durbl_excess,0.0036,0.00859455,-0.01625965,0.0,0.001,0.5
1982-01-01,Manuf_excess,-0.041,0.00707379,-0.01489023,0.0,0.001,0.5
1982-01-01,Enrgy_excess,-0.0927,0.00795924,-0.00579055,0.0,0.001,0.5
1982-01-01,HiTec_excess,0.019,0.00859455,-0.00941256,0.0,0.001,0.5
1982-01-01,Telcm_excess,-0.0013,0.00511,-0.00855684,0.0,0.001,0.5
1982-01-01,Shops_excess,-0.0067,0.00656136,-0.00663423,0.0,0.001,0.5
1982-01-01,Hlth_excess,0.0064,0.0077097,0.00070961,0.00070961,0.001,0.5
1982-01-01,Utils_excess,-0.0147,0.00567076,-0.01281014,0.0,0.001,0.5
1982-01-01,Other_excess,-0.0398,0.00599045,-0.0144372,0.0,0.001,0.5
1982-02-01,NoDur_excess,-0.0286,0.00552678,-0.00264901,0.0,0.001,0.5
1982-02-01,Durbl_excess,-0.0297,0.00858699,-0.01441022,0.0,0.001,0.5
1982-02-01,Manuf_excess,-0.0654,0.00700106,-0.02080189,0.0,0.001,0.5
1982-02-01,Enrgy_excess,-0.1212,0.00780696,-0.00564493,0.0,0.001,0.5
1982-02-01,HiTec_excess,-0.0624,0.00861029,-0.01812581,0.0,0.001,0.5
1982-02-01,Telcm_excess,-0.0661,0.0051003,0.00022093,0.00022093,0.001,0.5
1982-02-01,Shops_excess,-0.0233,0.0065413,-0.00598854,0.0,0.001,0.5
1982-02-01,Hlth_excess,-0.0266,0.00770772,-0.00446517,0.0,0.001,0.5
1982-02-01,Utils_excess,-0.0126,0.00563994,-0.01351497,0.0,0.001,0.5
1982-02-01,Other_excess,-0.0484,0.00592118,-0.01812906,0.0,0.001,0.5
1982-03-01,NoDur_excess,0.0149,0.00547523,0.00881501,0.00881501,0.001,0.5
1982-03-01,Durbl_excess,0.0253,0.00852915,-0.00742096,0.0,0.001,0.5
1982-03-01,Manuf_excess,-0.0275,0.00689169,-0.01540001,0.0,0.001,0.5
1982-03-01,Enrgy_excess,-0.0439,0.00761208,-0.00574012,0.0,0.001,0.5
1982-03-01,HiTec_excess,-0.0454,0.00850302,-0.0074857,0.0,0.001,0.5
1982-03-01,Telcm_excess,0.0107,0.00499275,0.00521045,0.00521045,0.001,0.5
1982-03-01,Shops_excess,0.033,0.00649622,0.01221541,0.01221541,0.001,0.5
1982-03-01,Hlth_excess,-0.0354,0.00765589,0.00393183,0.00393183,0.001,0.5
1982-03-01,Utils_excess,0.0068,0.00561239,0.00302509,0.00302509,0.001,0.5
1982-03-01,Other_excess,-0.0224,0.00583912,-0.00664496,0.0,0.001,0.5
1982-04-01,NoDur_excess,0.0555,0.00548944,0.01349751,0.01349751,0.001,0.5
1982-04-01,Durbl_excess,0.0331,0.00855445,0.0052597,0.0052597,0.001,0.5
1982-04-01,Manuf_excess,0.0212,0.00683982,-0.00790974,0.0,0.001,0.5
1982-04-01,Enrgy_excess,0.0318,0.00753439,-0.00226185,0.0,0.001,0.5
1982-04-01,HiTec_excess,0.0631,0.00842172,-0.00150689,0.0,0.001,0.5
1982-04-01,Telcm_excess,-0.0249,0.00500136,0.00728733,0.00728733,0.001,0.5
1982-04-01,Shops_excess,0.0418,0.0065362,0.01712698,0.01712698,0.001,0.5
1982-04-01,Hlth_excess,0.0626,0.00759095,0.00606361,0.00606361,0.001,0.5
1982-04-01,Utils_excess,0.0272,0.00561418,0.0059258,0.0059258,0.001,0.5
1982-04-01,Other_excess,0.0251,0.00579653,0.00090311,0.00090311,0.001,0.5
1982-05-01,NoDur_excess,-0.0435,0.00556476,0.01217135,0.01217135,0.001,0.5
1982-05-01,Durbl_excess,-0.0301,0.00859142,0.00270364,0.00270364,0.001,0.5
1982-05-01,Manuf_excess,-0.0581,0.00686145,-0.00638864,0.0,0.001,0.5
1982-05-01,Enrgy_excess,0.0128,0.00757093,-0.00040244,0.0,0.001,0.5
1982-05-01,HiTec_excess,-0.0651,0.00850407,-0.00388334,0.0,0.001,0.5
1982-05-01,Telcm_excess,-0.0086,0.00495633,0.00763883,0.00763883,0.001,0.5
1982-05-01,Shops_excess,-0.0379,0.00658931,0.01340147,0.01340147,0.001,0.5
1982-05-01,Hlth_excess,-0.0411,0.0076738,0.00318032,0.00318032,0.001,0.5
1982-05-01,Utils_excess,-0.016,0.00564669,0.00425284,0.00425284,0.001,0.5
1982-05-01,Other_excess,-0.0665,0.0058256,0.0021314,0.0021314,0.001,0.5
1982-06-01,NoDur_excess,0.007,0.00549098,0.008069,0.008069,0.001,0.5
1982-06-01,Durbl_excess,0.0171,0.00853323,-0.00283919,0.0,0.001,0.5
1982-06-01,Manuf_excess,-0.0353,0.00676376,-0.01200866,0.0,0.001,0.5
1982-06-01,Enrgy_excess,-0.0722,0.0075788,-0.00303343,0.0,0.001,0.5
1982-06-01,HiTec_excess,-0.0334,0.00839338,-0.00607912,0.0,0.001,0.5
1982-06-01,Telcm_excess,-0.0341,0.00493594,0.00429657,0.00429657,0.001,0.5
1982-06-01,Shops_excess,0.0169,0.00652241,0.0148071,0.0148071,0.001,0.5
1982-06-01,Hlth_excess,-0.0171,0.00760045,0.00335811,0.00335811,0.001,0.5
1982-06-01,Utils_excess,-0.0317,0.00561414,0.00171006,0.00171006,0.001,0.5
1982-06-01,Other_excess,-0.0338,0.00571684,-0.00330106,0.0,0.001,0.5
1982-07-01,NoDur_excess,-0.015,0.00549324,-0.01040834,0.0,0.001,0.5
1982-07-01,Durbl_excess,-0.0138,0.0085461,-0.02056335,0.0,0.001,0.5
1982-07-01,Manuf_excess,-0.0338,0.0067006,-0.02233533,0.0,0.001,0.5
1982-07-01,Enrgy_excess,-0.0916,0.00745901,-0.01075138,0.0,0.001,0.5
1982-07-01,HiTec_excess,0.0046,0.00833063,-0.02826088,0.0,0.001,0.5
1982-07-01,Telcm_excess,0.0015,0.00487733,-0.01014899,0.0,0.001,0.5
1982-07-01,Shops_excess,-0.0083,0.00653799,-0.01443079,0.0,0.001,0.5
1982-07-01,Hlth_excess,-0.0027,0.00756336,-0.01040308,0.0,0.001,0.5
1982-07-01,Utils_excess,-0.0364,0.00555811,-0.02412335,0.0,0.001,0.5
1982-07-01,Other_excess,-0.0408,0.00565751,-0.02283101,0.0,0.001,0.5
1982-08-01,NoDur_excess,0.084,0.00546252,0.01513725,0.01513725,0.001,0.5
1982-08-01,Durbl_excess,0.131,0.00851259,0.00731668,0.00731668,0.001,0.5
1982-08-01,Manuf_excess,0.132,0.00663988,-0.01354257,0.0,0.001,0.5
1982-08-01,Enrgy_excess,0.0929,0.00731049,-0.00273137,0.0,0.001,0.5
1982-08-01,HiTec_excess,0.121,0.00832504,-0.00752335,0.0,0.001,0.5
1982-08-01,Telcm_excess,0.1009,0.00487226,0.00923792,0.00923792,0.001,0.5
1982-08-01,Shops_excess,0.1184,0.00651574,0.02178891,0.02178891,0.001,0.5
1982-08-01,Hlth_excess,0.1168,0.00754798,0.00315072,0.00315072,0.001,0.5
1982-08-01,Utils_excess,0.1132,0.0054952,0.00190199,0.00190199,0.001,0.5
1982-08-01,Other_excess,0.106,0.00558786,-0.00388871,0.0,0.001,0.5
1982-09-01,NoDur_excess,0.0463,0.00558009,0.02312078,0.02312078,0.001,0.5
1982-09-01,Durbl_excess,-0.0126,0.00869596,0.02671726,0.02671726,0.001,0.5
1982-09-01,Manuf_excess,-0.0155,0.00682754,-0.00381175,0.0,0.001,0.5
1982-09-01,Enrgy_excess,0.0134,0.00743862,0.00437092,0.00437092,0.001,0.5
1982-09-01,HiTec_excess,0.0066,0.00849371,0.00419034,0.00419034,0.001,0.5
1982-09-01,Telcm_excess,0.0049,0.00501602,0.02034419,0.02034419,0.001,0.5
1982-09-01,Shops_excess,0.0426,0.00668323,0.03039888,0.03039888,0.001,0.5
1982-09-01,Hlth_excess,0.0085,0.00771153,0.01033908,0.01033908,0.001,0.5
1982-09-01,Utils_excess,0.0056,0.00565644,0.01377264,0.01377264,0.001,0.5
1982-09-01,Other_excess,0.0369,0.00573817,0.0059881,0.0059881,0.001,0.5
1982-10-01,NoDur_excess,0.0987,0.00564096,0.02122821,0.02122821,0.001,0.5
1982-10-01,Durbl_excess,0.1593,0.00866413,0.02275095,0.02275095,0.001,0.5
1982-10-01,Manuf_excess,0.1247,0.00679417,-0.00116347,0.0,0.001,0.5
1982-10-01,Enrgy_excess,0.0491,0.00744753,0.00430818,0.00430818,0.001,0.5
1982-10-01,HiTec_excess,0.164,0.00849088,0.00635183,0.00635183,0.001,0.5
1982-10-01,Telcm_excess,0.0753,0.00501584,0.01673071,0.01673071,0.001,0.5
1982-10-01,Shops_excess,0.1628,0.00673692,0.02595609,0.02595609,0.001,0.5
1982-10-01,Hlth_excess,0.0763,0.00771271,0.00966002,0.00966002,0.001,0.5
1982-10-01,Utils_excess,0.0414,0.00565635,0.01015011,0.01015011,0.001,0.5
1982-10-01,Other_excess,0.1509,0.00578475,0.0099998,0.0099998,0.001,0.5
1982-11-01,NoDur_excess,0.046,0.00577985,0.02440323,0.02440323,0.001,0.5
1982-11-01,Durbl_excess,0.0762,0.00888896,0.02743531,0.02743531,0.001,0.5
1982-11-01,Manuf_excess,0.0516,0.00697015,0.00358805,0.00358805,0.001,0.5
1982-11-01,Enrgy_excess,-0.0521,0.0075097,0.00538221,0.00538221,0.001,0.5
1982-11-01,HiTec_excess,0.1006,0.00872299,0.0133189,0.0133189,0.001,0.5
1982-11-01,Telcm_excess,0.0537,0.00512075,0.02006208,0.02006208,0.001,0.5
1982-11-01,Shops_excess,0.1056,0.00696985,0.03289255,0.03289255,0.001,0.5
1982-11-01,Hlth_excess,0.0454,0.00781507,0.01215427,0.01215427,0.001,0.5
1982-11-01,Utils_excess,-0.0051,0.0057097,0.0152039,0.0152039,0.001,0.5
1982-11-01,Other_excess,0.0694,0.00600134,0.01589231,0.01589231,0.001,0.5
1982-12-01,NoDur_excess,0.003,0.00583979,0.01327282,0.01327282,0.001,0.5
1982-12-01,Durbl_excess,0.0236,0.00898927,0.01641003,0.01641003,0.001,0.5
1982-12-01,Manuf_excess,0.0006,0.00703666,-0.00207777,0.0,0.001,0.5
1982-12-01,Enrgy_excess,0.0486,0.00742086,-0.00777674,0.0,0.001,0.5
1982-12-01,HiTec_excess,0.0198,0.00885991,0.01052849,0.01052849,0.001,0.5
1982-12-01,Telcm_excess,-0.019,0.00519314,0.00845343,0.00845343,0.001,0.5
1982-12-01,Shops_excess,-0.0274,0.00711684,0.02444245,0.02444245,0.001,0.5
1982-12-01,Hlth_excess,-0.0009,0.00787109,0.01174906,0.01174906,0.001,0.5
1982-12-01,Utils_excess,0.0367,0.00569359,0.0050614,0.0050614,0.001,0.5
1982-12-01,Other_excess,-0.0203,0.00609583,0.00393256,0.00393256,0.001,0.5
1983-01-01,NoDur_excess,-0.017,0.00583557,0.01035554,0.01035554,0.001,0.5
1983-01-01,Durbl_excess,0.0448,0.00901101,0.01552833,0.01552833,0.001,0.5
1983-01-01,Manuf_excess,0.0434,0.00702708,-0.00130191,0.0,0.001,0.5
1983-01-01,Enrgy_excess,0.0295,0.00748214,-0.00280282,0.0,0.001,0.5
1983-01-01,HiTec_excess,0.0769,0.00887619,0.00317778,0.00317778,0.001,0.5
1983-01-01,Telcm_excess,0.1175,0.00515714,0.0079698,0.0079698,0.001,0.5
1983-01-01,Shops_excess,0.0057,0.00706548,0.01239999,0.01239999,0.001,0.5
1983-01-01,Hlth_excess,0.0073,0.00785804,0.0055953,0.0055953,0.001,0.5
1983-01-01,Utils_excess,0.0298,0.00573973,-0.00189945,0.0,0.001,0.5
1983-01-01,Other_excess,0.0216,0.00605655,0.00118956,0.00118956,0.001,0.5
1983-02-01,NoDur_excess,0.0314,0.00580163,0.00258582,0.00258582,0.001,0.5
1983-02-01,Durbl_excess,0.0302,0.00906419,0.00206144,0.00206144,0.001,0.5
1983-02-01,Manuf_excess,0.0344,0.00708113,-0.01152202,0.0,0.001,0.5
1983-02-01,Enrgy_excess,-0.0121,0.00751486,-0.01254411,0.0,0.001,0.5
1983-02-01,HiTec_excess,0.0299,0.00897727,-0.00056497,0.0,0.001,0.5
1983-02-01,Telcm_excess,-0.0099,0.00532407,0.00099251,0.00099251,0.001,0.5
1983-02-01,Shops_excess,0.0729,0.00706345,0.0116523,0.0116523,0.001,0.5
1983-02-01,Hlth_excess,0.0221,0.00785721,0.006067,0.006067,0.001,0.5
1983-02-01,Utils_excess,0.0097,0.00577548,-0.00506728,0.0,0.001,0.5
1983-02-01,Other_excess,0.0394,0.00607964,-0.01029563,0.0,0.001,0.5
1983-03-01,NoDur_excess,0.0689,0.00583961,0.01445491,0.01445491,0.001,0.5
1983-03-01,Durbl_excess,-0.0178,0.00909555,0.01477495,0.01477495,0.001,0.5
1983-03-01,Manuf_excess,0.0147,0.00712166,-0.00147579,0.0,0.001,0.5
1983-03-01,Enrgy_excess,0.053,0.00748576,-0.002063,0.0,0.001,0.5
1983-03-01,HiTec_excess,0.0003,0.00900831,0.00432901,0.00432901,0.001,0.5
1983-03-01,Telcm_excess,0.0001,0.00530148,0.01559978,0.01559978,0.001,0.5
1983-03-01,Shops_excess,0.0788,0.00716113,0.02206774,0.02206774,0.001,0.5
1983-03-01,Hlth_excess,0.0391,0.00787834,0.00665715,0.00665715,0.001,0.5
1983-03-01,Utils_excess,-0.0038,0.00578131,0.00348715,0.00348715,0.001,0.5
1983-03-01,Other_excess,0.0432,0.00612908,0.00372002,0.00372002,0.001,0.5
1983-04-01,NoDur_excess,0.0549,0.00593304,0.00458512,0.00458512,0.001,0.5
1983-04-01,Durbl_excess,0.1017,0.0090557,-0.00239243,0.0,0.001,0.5
1983-04-01,Manuf_excess,0.0563,0.00713289,-0.01409254,0.0,0.001,0.5
1983-04-01,Enrgy_excess,0.0865,0.00755319,-0.01577967,0.0,0.001,0.5
1983-04-01,HiTec_excess,0.0678,0.00899541,-0.00288565,0.0,0.001,0.5
1983-04-01,Telcm_excess,0.0443,0.00529378,0.0044327,0.0044327,0.001,0.5
1983-04-01,Shops_excess,0.0787,0.00726726,0.01493773,0.01493773,0.001,0.5
1983-04-01,Hlth_excess,0.0434,0.00792459,0.00524943,0.00524943,0.001,0.5
1983-04-01,Utils_excess,0.0407,0.00576711,-0.00305806,0.0,0.001,0.5
1983-04-01,Other_excess,0.0763,0.006184,-0.01200279,0.0,0.001,0.5
1983-05-01,NoDur_excess,-0.0164,0.00600547,0.01227441,0.01227441,0.001,0.5
1983-05-01,Durbl_excess,-0.0277,0.00919275,0.00276035,0.00276035,0.001,0.5
1983-05-01,Manuf_excess,0.0132,0.00720562,-0.01148756,0.0,0.001,0.5
1983-05-01,Enrgy_excess,0.0064,0.00766997,-0.01054906,0.0,0.001,0.5
1983-05-01,HiTec_excess,0.0211,0.0090824,-0.00093133,0.0,0.001,0.5
1983-05-01,Telcm_excess,-0.02,0.00535148,0.01504178,0.01504178,0.001,0.5
1983-05-01,Shops_excess,-0.0022,0.00737293,0.02499184,0.02499184,0.001,0.5
1983-05-01,Hlth_excess,-0.0344,0.00797707,0.00512406,0.00512406,0.001,0.5
1983-05-01,Utils_excess,0.0185,0.00581879,0.00356768,0.00356768,0.001,0.5
1983-05-01,Other_excess,0.0168,0.00628772,-0.00329053,0.0,0.001,0.5
1983-06-01,NoDur_excess,0.0252,0.00597238,-0.01003986,0.0,0.001,0.5
1983-06-01,Durbl_excess,0.0965,0.00913826,-0.01758217,0.0,0.001,0.5
1983-06-01,Manuf_excess,0.0091,0.00721448,-0.02410156,0.0,0.001,0.5
1983-06-01,Enrgy_excess,0.0576,0.00766809,-0.02179495,0.0,0.001,0.5
1983-06-01,HiTec_excess,0.0546,0.00910015,-0.01733309,0.0,0.001,0.5
1983-06-01,Telcm_excess,-0.0049,0.00531403,-0.00490148,0.0,0.001,0.5
1983-06-01,Shops_excess,0.0544,0.00735879,-0.00379578,0.0,0.001,0.5
1983-06-01,Hlth_excess,0.0625,0.00791448,-0.00489212,0.0,0.001,0.5
1983-06-01,Utils_excess,-0.0122,0.00583752,-0.01768424,0.0,0.001,0.5
1983-06-01,Other_excess,0.0101,0.00630325,-0.02587949,0.0,0.001,0.5
1983-07-01,NoDur_excess,-0.034,0.00600074,-0.00243169,0.0,0.001,0.5
1983-07-01,Durbl_excess,-0.0464,0.00926711,-0.00719824,0.0,0.001,0.5
1983-07-01,Manuf_excess,-0.0332,0.00721726,-0.01804346,0.0,0.001,0.5
1983-07-01,Enrgy_excess,-0.0301,0.00774174,-0.01503146,0.0,0.001,0.5
1983-07-01,HiTec_excess,-0.061,0.00916726,-0.01149149,0.0,0.001,0.5
1983-07-01,Telcm_excess,-0.0591,0.00529897,0.0023827,0.0023827,0.001,0.5
1983-07-01,Shops_excess,-0.0402,0.00742817,0.00123107,0.00123107,0.001,0.5
1983-07-01,Hlth_excess,-0.0642,0.00799499,-0.00239562,0.0,0.001,0.5
1983-07-01,Utils_excess,0.0028,0.00581091,-0.01208614,0.0,0.001,0.5
1983-07-01,Other_excess,-0.0438,0.00630885,-0.01772822,0.0,0.001,0.5
1983-08-01,NoDur_excess,-0.0004,0.00594183,-0.01366673,0.0,0.001,0.5
1983-08-01,Durbl_excess,-0.0313,0.00918513,-0.02093081,0.0,0.001,0.5
1983-08-01,Manuf_excess,-0.0016,0.00715773,-0.03106368,0.0,0.001,0.5
1983-08-01,Enrgy_excess,0.0611,0.00768601,-0.02468302,0.0,0.001,0.5
1983-08-01,HiTec_excess,-0.0187,0.00906392,-0.02249123,0.0,0.001,0.5
1983-08-01,Telcm_excess,0.0144,0.00520412,-0.01129697,0.0,0.001,0.5
1983-08-01,Shops_excess,-0.0549,0.00735803,-0.01048112,0.0,0.001,0.5
1983-08-01,Hlth_excess,-0.0177,0.00788866,-0.00609959,0.0,0.001,0.5
1983-08-01,Utils_excess,0.0076,0.00580648,-0.02208368,0.0,0.001,0.5
1983-08-01,Other_excess,-0.0167,0.00623505,-0.03498814,0.0,0.001,0.5
1983-09-01,NoDur_excess,0.039,0.0059325,-0.00105692,0.0,0.001,0.5
1983-09-01,Durbl_excess,0.0363,0.00912559,-0.01098877,0.0,0.001,0.5
1983-09-01,Manuf_excess,0.0152,0.00714485,-0.02406204,0.0,0.001,0.5
1983-09-01,Enrgy_excess,-0.0536,0.00776456,-0.01679669,0.0,0.001,0.5
1983-09-01,HiTec_excess,0.014,0.00902309,-0.014849,0.0,0.001,0.5
1983-09-01,Telcm_excess,0.015,0.00521765,0.00103127,0.00103127,0.001,0.5
1983-09-01,Shops_excess,0.0143,0.00726647,0.00413668,0.00413668,0.001,0.5
1983-09-01,Hlth_excess,0.0054,0.00785103,-0.00255424,0.0,0.001,0.5
1983-09-01,Utils_excess,0.039,0.00580912,-0.0104585,0.0,0.001,0.5
1983-09-01,Other_excess,0.0084,0.00620132,-0.02304009,0.0,0.001,0.5
1983-10-01,NoDur_excess,-0.0097,0.00598106,0.00588004,0.00588004,0.001,0.5
1983-10-01,Durbl_excess,-0.0072,0.00916549,-0.0024255,0.0,0.001,0.5
1983-10-01,Manuf_excess,-0.0305,0.00715668,-0.01672367,0.0,0.001,0.5
1983-10-01,Enrgy_excess,-0.0281,0.00767445,-0.01164035,0.0,0.001,0.5
1983-10-01,HiTec_excess,-0.0771,0.0090304,-0.01081867,0.0,0.001,0.5
1983-10-01,Telcm_excess,-0.0595,0.00523201,0.01028515,0.01028515,0.001,0.5
1983-10-01,Shops_excess,-0.0253,0.0072768,0.00869708,0.00869708,0.001,0.5
1983-10-01,Hlth_excess,-0.0294,0.00784743,-0.00322055,0.0,0.001,0.5
1983-10-01,Utils_excess,0.0229,0.00585786,-0.00329196,0.0,0.001,0.5
1983-10-01,Other_excess,-0.0483,0.00620455,-0.0127384,0.0,0.001,0.5
1983-11-01,NoDur_excess,0.016,0.00595806,-0.00193075,0.0,0.001,0.5
1983-11-01,Durbl_excess,0.0353,0.0091415,-0.00849401,0.0,0.001,0.5
1983-11-01,Manuf_excess,0.0578,0.00710147,-0.02303715,0.0,0.001,0.5
1983-11-01,Enrgy_excess,-0.0115,0.00762199,-0.01903836,0.0,0.001,0.5
1983-11-01,HiTec_excess,0.0163,0.00890411,-0.01350885,0.0,0.001,0.5
1983-11-01,Telcm_excess,0.0247,0.0051371,-0.00201609,0.0,0.001,0.5
1983-11-01,Shops_excess,0.0374,0.00722903,0.00265945,0.00265945,0.001,0.5
1983-11-01,Hlth_excess,-0.0373,0.00779282,-0.00195366,0.0,0.001,0.5
1983-11-01,Utils_excess,-0.0234,0.00588284,-0.00686387,0.0,0.001,0.5
1983-11-01,Other_excess,0.0402,0.00612463,-0.02309607,0.0,0.001,0.5
1983-12-01,NoDur_excess,-0.012,0.00597277,0.00096181,0.00096181,0.001,0.5
1983-12-01,Durbl_excess,0.0019,0.0091798,-0.00517934,0.0,0.001,0.5
1983-12-01,Manuf_excess,-0.0184,0.0071757,-0.01828744,0.0,0.001,0.5
1983-12-01,Enrgy_excess,0.0137,0.007594,-0.01653231,0.0,0.001,0.5
1983-12-01,HiTec_excess,-0.0037,0.00891493,-0.01249158,0.0,0.001,0.5
1983-12-01,Telcm_excess,-0.0226,0.00516574,0.00316646,0.00316646,0.001,0.5
1983-12-01,Shops_excess,-0.0545,0.00727321,0.00386363,0.00386363,0.001,0.5
1983-12-01,Hlth_excess,-0.0436,0.00772679,-0.00437653,0.0,0.001,0.5
1983-12-01,Utils_excess,-0.0437,0.00583997,-0.00525942,0.0,0.001,0.5
1983-12-01,Other_excess,-0.016,0.00617452,-0.01840438,0.0,0.001,0.5
1984-01-01,NoDur_excess,-0.0147,0.00594649,-0.00223344,0.0,0.001,0.5
1984-01-01,Durbl_excess,-0.0614,0.00916915,-0.00833482,0.0,0.001,0.5
1984-01-01,Manuf_excess,-0.0425,0.0071383,-0.02026586,0.0,0.001,0.5
1984-01-01,Enrgy_excess,0.0909,0.00760292,-0.01837471,0.0,0.001,0.5
1984-01-01,HiTec_excess,-0.0696,0.00889649,-0.01239227,0.0,0.001,0.5
1984-01-01,Telcm_excess,0.0334,0.00512515,-0.00142087,0.0,0.001,0.5
1984-01-01,Shops_excess,-0.0661,0.00718289,-3.271e-05,0.0,0.001,0.5
1984-01-01,Hlth_excess,-0.0133,0.00765175,-0.00453997,0.0,0.001,0.5
1984-01-01,Utils_excess,0.0068,0.00576754,-0.00849109,0.0,0.001,0.5
1984-01-01,Other_excess,-0.0239,0.00614211,-0.02189042,0.0,0.001,0.5
1984-02-01,NoDur_excess,-0.0636,0.00591635,0.00244277,0.00244277,0.001,0.5
1984-02-01,Durbl_excess,-0.068,0.00906613,-0.00418601,0.0,0.001,0.5
1984-02-01,Manuf_excess,-0.073,0.00706584,-0.01659976,0.0,0.001,0.5
1984-02-01,Enrgy_excess,0.0325,0.00772453,-0.01130837,0.0,0.001,0.5
1984-02-01,HiTec_excess,-0.0664,0.0087819,-0.01075623,0.0,0.001,0.5
1984-02-01,Telcm_excess,-0.0439,0.00516642,0.00597443,0.00597443,0.001,0.5
1984-02-01,Shops_excess,-0.0516,0.00707591,0.00385541,0.00385541,0.001,0.5
1984-02-01,Hlth_excess,-0.0274,0.00762117,-0.00473427,0.0,0.001,0.5
1984-02-01,Utils_excess,-0.0405,0.00576905,-0.00214941,0.0,0.001,0.5
1984-02-01,Other_excess,-0.0564,0.00609825,-0.01330557,0.0,0.001,0.5
1984-03-01,NoDur_excess,0.009,0.00581501,-0.00707279,0.0,0.001,0.5
1984-03-01,Durbl_excess,-0.0036,0.00895379,-0.01135307,0.0,0.001,0.5
1984-03-01,Manuf_excess,0.0256,0.00694913,-0.02077219,0.0,0.001,0.5
1984-03-01,Enrgy_excess,-0.0046,0.00776064,-0.01204066,0.0,0.001,0.5
1984-03-01,HiTec_excess,0.0106,0.0086723,-0.01612891,0.0,0.001,0.5
1984-03-01,Telcm_excess,-0.0503,0.0050949,-0.00343043,0.0,0.001,0.5
1984-03-01,Shops_excess,0.0048,0.00699038,-0.00804901,0.0,0.001,0.5
1984-03-01,Hlth_excess,-0.014,0.00757012,-0.00675436,0.0,0.001,0.5
1984-03-01,Utils_excess,-0.0104,0.0057016,-0.01082901,0.0,0.001,0.5
1984-03-01,Other_excess,0.0172,0.00600714,-0.02155373,0.0,0.001,0.5
1984-04-01,NoDur_excess,-0.0024,0.00581965,-0.00727884,0.0,0.001,0.5
1984-04-01,Durbl_excess,0.0051,0.00893552,-0.01082267,0.0,0.001,0.5
1984-04-01,Manuf_excess,-0.0094,0.00697627,-0.01935492,0.0,0.001,0.5
1984-04-01,Enrgy_excess,0.0317,0.00774265,-0.0116737,0.0,0.001,0.5
1984-04-01,HiTec_excess,-0.0124,0.00867511,-0.01609514,0.0,0.001,0.5
1984-04-01,Telcm_excess,0.0139,0.00501426,-0.00509019,0.0,0.001,0.5
1984-04-01,Shops_excess,-0.0047,0.00698719,-0.0096223,0.0,0.001,0.5
1984-04-01,Hlth_excess,0.0151,0.00753872,-0.00743411,0.0,0.001,0.5
1984-04-01,Utils_excess,-0.0131,0.00567817,-0.01206462,0.0,0.001,0.5
1984-04-01,Other_excess,-0.0284,0.00602344,-0.02188719,0.0,0.001,0.5
1984-05-01,NoDur_excess,-0.0319,0.0058077,-0.00485165,0.0,0.001,0.5
1984-05-01,Durbl_excess,-0.0657,0.00892994,-0.00991468,0.0,0.001,0.5
1984-05-01,Manuf_excess,-0.0659,0.00695247,-0.01997631,0.0,0.001,0.5
1984-05-01,Enrgy_excess,-0.059,0.00777747,-0.01101827,0.0,0.001,0.5
1984-05-01,HiTec_excess,-0.0638,0.00864448,-0.01465277,0.0,0.001,0.5
1984-05-01,Telcm_excess,-0.0435,0.00502718,-0.00218181,0.0,0.001,0.5
1984-05-01,Shops_excess,-0.0596,0.0069702,-0.00392578,0.0,0.001,0.5
1984-05-01,Hlth_excess,-0.0724,0.00754971,-0.00635021,0.0,0.001,0.5
1984-05-01,Utils_excess,-0.0161,0.00565087,-0.00911023,0.0,0.001,0.5
1984-05-01,Other_excess,-0.0766,0.0059734,-0.02017838,0.0,0.001,0.5
1984-06-01,NoDur_excess,0.0557,0.00575298,-0.01314667,0.0,0.001,0.5
1984-06-01,Durbl_excess,0.0136,0.00882163,-0.01720768,0.0,0.001,0.5
1984-06-01,Manuf_excess,0.0244,0.00684673,-0.02686117,0.0,0.001,0.5
1984-06-01,Enrgy_excess,-0.0275,0.00768055,-0.01671764,0.0,0.001,0.5
1984-06-01,HiTec_excess,0.0104,0.00853933,-0.02184026,0.0,0.001,0.5
1984-06-01,Telcm_excess,0.1146,0.00495675,-0.01196977,0.0,0.001,0.5
1984-06-01,Shops_excess,0.0665,0.00687358,-0.01535744,0.0,0.001,0.5
1984-06-01,Hlth_excess,0.0311,0.00743367,-0.00990047,0.0,0.001,0.5
1984-06-01,Utils_excess,-0.0031,0.0056193,-0.01799121,0.0,0.001,0.5
1984-06-01,Other_excess,0.0147,0.00585356,-0.03167685,0.0,0.001,0.5
1984-07-01,NoDur_excess,-0.0239,0.00582536,0.00424639,0.00424639,0.001,0.5
1984-07-01,Durbl_excess,0.0171,0.00882855,-4.148e-05,0.0,0.001,0.5
1984-07-01,Manuf_excess,-0.0229,0.00687217,-0.01648931,0.0,0.001,0.5
1984-07-01,Enrgy_excess,-0.0829,0.00762957,-0.00820333,0.0,0.001,0.5
1984-07-01,HiTec_excess,-0.0327,0.00854203,-0.01071486,0.0,0.001,0.5
1984-07-01,Telcm_excess,0.0199,0.00511565,0.00633703,0.00633703,0.001,0.5
1984-07-01,Shops_excess,-0.007,0.00696,0.01074445,0.01074445,0.001,0.5
1984-07-01,Hlth_excess,-0.0459,0.00746797,-0.00407413,0.0,0.001,0.5
1984-07-01,Utils_excess,-0.0083,0.00560667,-0.00336716,0.0,0.001,0.5
1984-07-01,Other_excess,-0.0269,0.00586638,-0.01427791,0.0,0.001,0.5
1984-08-01,NoDur_excess,0.0786,0.00578234,0.01102834,0.01102834,0.001,0.5
1984-08-01,Durbl_excess,0.0917,0.00884052,0.00881968,0.00881968,0.001,0.5
1984-08-01,Manuf_excess,0.1107,0.00682909,-0.00797983,0.0,0.001,0.5
1984-08-01,Enrgy_excess,0.1318,0.00749855,-0.00303495,0.0,0.001,0.5
1984-08-01,HiTec_excess,0.1313,0.00848234,-0.00557995,0.0,0.001,0.5
1984-08-01,Telcm_excess,0.0589,0.00513705,0.01570031,0.01570031,0.001,0.5
1984-08-01,Shops_excess,0.0903,0.0069398,0.01723559,0.01723559,0.001,0.5
1984-08-01,Hlth_excess,0.0961,0.00739074,-0.00474627,0.0,0.001,0.5
1984-08-01,Utils_excess,0.0695,0.00558654,0.00511451,0.00511451,0.001,0.5
1984-08-01,Other_excess,0.1026,0.00581896,-0.0015806,0.0,0.001,0.5
1984-09-01,NoDur_excess,0.004,0.00588757,0.00692105,0.00692105,0.001,0.5
1984-09-01,Durbl_excess,-0.0106,0.00896026,0.00241979,0.00241979,0.001,0.5
1984-09-01,Manuf_excess,-0.0343,0.00697919,-0.00817187,0.0,0.001,0.5
1984-09-01,Enrgy_excess,0.0139,0.00767818,-0.00359069,0.0,0.001,0.5
1984-09-01,HiTec_excess,-0.048,0.00865983,-0.00230187,0.0,0.001,0.5
1984-09-01,Telcm_excess,0.0206,0.00521474,0.01067316,0.01067316,0.001,0.5
1984-09-01,Shops_excess,-0.008,0.00706026,0.01404586,0.01404586,0.001,0.5
1984-09-01,Hlth_excess,-0.0528,0.00751893,-0.0016276,0.0,0.001,0.5
1984-09-01,Utils_excess,0.04,0.0056789,0.00379823,0.00379823,0.001,0.5
1984-09-01,Other_excess,0.0132,0.00595882,-0.00499201,0.0,0.001,0.5
1984-10-01,NoDur_excess,0.0038,0.00588485,0.00722806,0.00722806,0.001,0.5
1984-10-01,Durbl_excess,0.0115,0.00893203,0.00253836,0.00253836,0.001,0.5
1984-10-01,Manuf_excess,-0.0041,0.00691962,-0.00662547,0.0,0.001,0.5
1984-10-01,Enrgy_excess,-0.0535,0.00768716,-0.00074183,0.0,0.001,0.5
1984-10-01,HiTec_excess,-0.0155,0.00857807,-0.00355976,0.0,0.001,0.5
1984-10-01,Telcm_excess,-0.018,0.00523694,0.01198798,0.01198798,0.001,0.5
1984-10-01,Shops_excess,-0.0169,0.00703853,0.01383385,0.01383385,0.001,0.5
1984-10-01,Hlth_excess,0.0066,0.00743189,-0.00347632,0.0,0.001,0.5
1984-10-01,Utils_excess,0.0235,0.00572843,0.00466865,0.00466865,0.001,0.5
1984-10-01,Other_excess,-0.0023,0.00596926,-0.00206744,0.0,0.001,0.5
1984-11-01,NoDur_excess,-0.0035,0.00588184,0.01485959,0.01485959,0.001,0.5
1984-11-01,Durbl_excess,-0.0376,0.00893573,0.0111813,0.0111813,0.001,0.5
1984-11-01,Manuf_excess,-0.0208,0.00690375,-0.00199889,0.0,0.001,0.5
1984-11-01,Enrgy_excess,-0.0172,0.00759899,0.0031807,0.0031807,0.001,0.5
1984-11-01,HiTec_excess,-0.0453,0.00854337,0.00209999,0.00209999,0.001,0.5
1984-11-01,Telcm_excess,-0.0097,0.00520346,0.015883,0.015883,0.001,0.5
1984-11-01,Shops_excess,-0.0364,0.00700403,0.02380947,0.02380947,0.001,0.5
1984-11-01,Hlth_excess,-0.0081,0.00743069,0.00165162,0.00165162,0.001,0.5
1984-11-01,Utils_excess,0.0233,0.00575403,0.01222055,0.01222055,0.001,0.5
1984-11-01,Other_excess,-0.0107,0.00595735,0.00488978,0.00488978,0.001,0.5
1984-12-01,NoDur_excess,0.018,0.00586835,0.00948097,0.00948097,0.001,0.5
1984-12-01,Durbl_excess,0.0397,0.00886878,0.00918033,0.00918033,0.001,0.5
1984-12-01,Manuf_excess,0.0152,0.00686388,-0.00490942,0.0,0.001,0.5
1984-12-01,Enrgy_excess,-0.0121,0.00756331,-0.00052538,0.0,0.001,0.5
1984-12-01,HiTec_excess,0.019,0.0084659,-0.0003479,0.0,0.001,0.5
1984-12-01,Telcm_excess,0.0448,0.00518201,0.00915886,0.00915886,0.001,0.5
1984-12-01,Shops_excess,0.0012,0.00694158,0.01932989,0.01932989,0.001,0.5
1984-12-01,Hlth_excess,0.0207,0.00740835,0.0025338,0.0025338,0.001,0.5
1984-12-01,Utils_excess,0.0201,0.00577928,0.00670975,0.00670975,0.001,0.5
1984-12-01,Other_excess,0.0306,0.00593338,-0.00213813,0.0,0.001,0.5
1985-01-01,NoDur_excess,0.0419,0.00588578,0.00758251,0.00758251,0.001,0.5
1985-01-01,Durbl_excess,0.0919,0.00891307,0.01049459,0.01049459,0.001,0.5
1985-01-01,Manuf_excess,0.0782,0.00687586,-0.00457572,0.0,0.001,0.5
1985-01-01,Enrgy_excess,0.0589,0.00753506,-0.00102202,0.0,0.001,0.5
1985-01-01,HiTec_excess,0.1191,0.00848103,-0.00147058,0.0,0.001,0.5
1985-01-01,Telcm_excess,0.0521,0.00523894,0.00949309,0.00949309,0.001,0.5
1985-01-01,Shops_excess,0.1248,0.00693333,0.01606289,0.01606289,0.001,0.5
1985-01-01,Hlth_excess,0.0766,0.00742744,0.00132582,0.00132582,0.001,0.5
1985-01-01,Utils_excess,0.0175,0.00579986,0.00423951,0.00423951,0.001,0.5
1985-01-01,Other_excess,0.0916,0.00596882,-0.00261223,0.0,0.001,0.5
1985-02-01,NoDur_excess,0.0449,0.00593745,0.01091011,0.01091011,0.001,0.5
1985-02-01,Durbl_excess,-0.0215,0.00903214,0.01473318,0.01473318,0.001,0.5
1985-02-01,Manuf_excess,0.0075,0.00697819,-0.00046899,0.0,0.001,0.5
1985-02-01,Enrgy_excess,0.033,0.00760875,0.00413111,0.00413111,0.001,0.5
1985-02-01,HiTec_excess,-0.019,0.00863974,0.00249887,0.00249887,0.001,0.5
1985-02-01,Telcm_excess,0.0211,0.00530617,0.01385497,0.01385497,0.001,0.5
1985-02-01,Shops_excess,0.0152,0.00710244,0.02108969,0.02108969,0.001,0.5
1985-02-01,Hlth_excess,0.0302,0.00752669,0.00234937,0.00234937,0.001,0.5
1985-02-01,Utils_excess,0.0079,0.00581664,0.0064407,0.0064407,0.001,0.5
1985-02-01,Other_excess,0.0152,0.00609168,0.00418513,0.00418513,0.001,0.5
1985-03-01,NoDur_excess,0.0402,0.00599327,-0.00471676,0.0,0.001,0.5
1985-03-01,Durbl_excess,-0.0585,0.0089884,-0.00745694,0.0,0.001,0.5
1985-03-01,Manuf_excess,-0.0338,0.00697894,-0.01480856,0.0,0.001,0.5
1985-03-01,Enrgy_excess,0.0083,0.00764513,-0.00938208,0.0,0.001,0.5
1985-03-01,HiTec_excess,-0.0664,0.00860014,-0.01146758,0.0,0.001,0.5
1985-03-01,Telcm_excess,0.0486,0.0053288,-0.00066899,0.0,0.001,0.5
1985-03-01,Shops_excess,-0.0123,0.00711404,0.00370374,0.00370374,0.001,0.5
1985-03-01,Hlth_excess,0.0245,0.00755917,-0.00276884,0.0,0.001,0.5
1985-03-01,Utils_excess,0.0551,0.00581963,-0.01052962,0.0,0.001,0.5
1985-03-01,Other_excess,-0.0078,0.00610473,-0.01734843,0.0,0.001,0.5
1985-04-01,NoDur_excess,-0.0285,0.0060422,0.00878928,0.00878928,0.001,0.5
1985-04-01,Durbl_excess,-0.0417,0.00889185,0.00546289,0.00546289,0.001,0.5
1985-04-01,Manuf_excess,-0.0221,0.0069206,-0.00462635,0.0,0.001,0.5
1985-04-01,Enrgy_excess,0.0308,0.00764607,0.00302517,0.00302517,0.001,0.5
1985-04-01,HiTec_excess,-0.0436,0.00849285,-0.00740986,0.0,0.001,0.5
1985-04-01,Telcm_excess,0.0018,0.0053907,0.01116764,0.01116764,0.001,0.5
1985-04-01,Shops_excess,-0.0068,0.00708627,0.01250576,0.01250576,0.001,0.5
1985-04-01,Hlth_excess,-0.0249,0.0075834,-3.409e-05,0.0,0.001,0.5
1985-04-01,Utils_excess,0.0088,0.00589013,0.0019418,0.0019418,0.001,0.5
1985-04-01,Other_excess,0.0072,0.00608484,-0.00112588,0.0,0.001,0.5
1985-05-01,NoDur_excess,0.0732,0.00599286,0.01093878,0.01093878,0.001,0.5
1985-05-01,Durbl_excess,0.0524,0.00881957,0.00747086,0.00747086,0.001,0.5
1985-05-01,Manuf_excess,0.0543,0.00687914,-0.00432268,0.0,0.001,0.5
1985-05-01,Enrgy_excess,-0.0004,0.00767914,0.00307769,0.00307769,0.001,0.5
1985-05-01,HiTec_excess,0.0218,0.00841843,-0.00358295,0.0,0.001,0.5
1985-05-01,Telcm_excess,0.0597,0.00538557,0.01237752,0.01237752,0.001,0.5
1985-05-01,Shops_excess,0.0894,0.00706643,0.01920844,0.01920844,0.001,0.5
1985-05-01,Hlth_excess,0.0871,0.007537,0.00255352,0.00255352,0.001,0.5
1985-05-01,Utils_excess,0.0472,0.00589429,0.00647892,0.00647892,0.001,0.5
1985-05-01,Other_excess,0.0564,0.00608643,0.00224579,0.00224579,0.001,0.5
1985-06-01,NoDur_excess,0.0221,0.00608873,0.02333147,0.02333147,0.001,0.5
1985-06-01,Durbl_excess,0.0094,0.00888174,0.02189358,0.02189358,0.001,0.5
1985-06-01,Manuf_excess,0.0096,0.00694679,0.00804959,0.00804959,0.001,0.5
1985-06-01,Enrgy_excess,-0.0119,0.00766762,0.01257837,0.01257837,0.001,0.5
1985-06-01,HiTec_excess,-0.0125,0.00843752,0.00631537,0.00631537,0.001,0.5
1985-06-01,Telcm_excess,0.0355,0.00546305,0.02335123,0.02335123,0.001,0.5
1985-06-01,Shops_excess,0.0105,0.00718388,0.03238658,0.03238658,0.001,0.5
1985-06-01,Hlth_excess,0.0172,0.0076505,0.00774172,0.00774172,0.001,0.5
1985-06-01,Utils_excess,0.0307,0.00595321,0.01841596,0.01841596,0.001,0.5
1985-06-01,Other_excess,0.0231,0.0061582,0.01974873,0.01974873,0.001,0.5
1985-07-01,NoDur_excess,-0.0324,0.00611154,0.00836753,0.00836753,0.001,0.5
1985-07-01,Durbl_excess,0.0192,0.00888248,0.00758363,0.00758363,0.001,0.5
1985-07-01,Manuf_excess,0.0279,0.00695057,-0.00086837,0.0,0.001,0.5
1985-07-01,Enrgy_excess,-0.0121,0.00763974,0.00254987,0.00254987,0.001,0.5
1985-07-01,HiTec_excess,0.0379,0.00840769,-0.00396939,0.0,0.001,0.5
1985-07-01,Telcm_excess,-0.0519,0.00550584,0.01080141,0.01080141,0.001,0.5
1985-07-01,Shops_excess,-0.0461,0.0071886,0.01402885,0.01402885,0.001,0.5
1985-07-01,Hlth_excess,-0.0109,0.0076641,0.00313931,0.00313931,0.001,0.5
1985-07-01,Utils_excess,-0.0527,0.00598846,0.00347166,0.00347166,0.001,0.5
1985-07-01,Other_excess,-0.0078,0.00618234,0.00254944,0.00254944,0.001,0.5
1985-08-01,NoDur_excess,0.0015,0.00605676,0.00383946,0.00383946,0.001,0.5
1985-08-01,Durbl_excess,-0.0358,0.00889716,0.00257005,0.00257005,0.001,0.5
1985-08-01,Manuf_excess,-0.0169,0.00698037,-0.00493059,0.0,0.001,0.5
1985-08-01,Enrgy_excess,0.0103,0.00761166,-0.00315582,0.0,0.001,0.5
1985-08-01,HiTec_excess,-0.0308,0.00844964,-0.00495696,0.0,0.001,0.5
1985-08-01,Telcm_excess,-0.0002,0.00542418,0.00579926,0.00579926,0.001,0.5
1985-08-01,Shops_excess,-0.0116,0.0071128,0.01032869,0.01032869,0.001,0.5
1985-08-01,Hlth_excess,-0.0137,0.0076377,0.00293397,0.00293397,0.001,0.5
1985-08-01,Utils_excess,0.0137,0.00590498,-0.00117713,0.0,0.001,0.5
1985-08-01,Other_excess,-0.0093,0.00616245,-0.00443139,0.0,0.001,0.5
1985-09-01,NoDur_excess,-0.0117,0.00605028,0.01159754,0.01159754,0.001,0.5
1985-09-01,Durbl_excess,-0.0369,0.00883366,0.00992406,0.00992406,0.001,0.5
1985-09-01,Manuf_excess,-0.0458,0.00694645,0.00042906,0.00042906,0.001,0.5
1985-09-01,Enrgy_excess,-0.019,0.00761548,0.00263822,0.00263822,0.001,0.5
1985-09-01,HiTec_excess,-0.0534,0.00839389,-0.00091197,0.0,0.001,0.5
1985-09-01,Telcm_excess,-0.0468,0.00541619,0.01277575,0.01277575,0.001,0.5
1985-09-01,Shops_excess,-0.0493,0.00708622,0.01827043,0.01827043,0.001,0.5
1985-09-01,Hlth_excess,-0.0452,0.00760739,0.00498116,0.00498116,0.001,0.5
1985-09-01,Utils_excess,-0.0598,0.00591605,0.00677574,0.00677574,0.001,0.5
1985-09-01,Other_excess,-0.0558,0.00614048,0.00490994,0.00490994,0.001,0.5
1985-10-01,NoDur_excess,0.0292,0.00602511,0.00774823,0.00774823,0.001,0.5
1985-10-01,Durbl_excess,0.0033,0.00876879,0.00403474,0.00403474,0.001,0.5
1985-10-01,Manuf_excess,0.0264,0.00687163,-0.00408183,0.0,0.001,0.5
1985-10-01,Enrgy_excess,0.053,0.00757773,-0.0008077,0.0,0.001,0.5
1985-10-01,HiTec_excess,0.0237,0.00830624,-0.00515153,0.0,0.001,0.5
1985-10-01,Telcm_excess,0.0351,0.00534213,0.00874159,0.00874159,0.001,0.5
1985-10-01,Shops_excess,0.0618,0.00700624,0.01533774,0.01533774,0.001,0.5
1985-10-01,Hlth_excess,0.0222,0.00753248,0.00362754,0.00362754,0.001,0.5
1985-10-01,Utils_excess,0.0568,0.00582284,0.00180731,0.00180731,0.001,0.5
1985-10-01,Other_excess,0.0575,0.00605262,-0.00188111,0.0,0.001,0.5
1985-11-01,NoDur_excess,0.0762,0.00605793,0.01157407,0.01157407,0.001,0.5
1985-11-01,Durbl_excess,0.0927,0.00876105,0.00674755,0.00674755,0.001,0.5
1985-11-01,Manuf_excess,0.0733,0.00689929,-0.0010698,0.0,0.001,0.5
1985-11-01,Enrgy_excess,-0.0027,0.00764207,0.00342557,0.00342557,0.001,0.5
1985-11-01,HiTec_excess,0.0805,0.00832805,-0.00425618,0.0,0.001,0.5
1985-11-01,Telcm_excess,0.068,0.00538428,0.01320959,0.01320959,0.001,0.5
1985-11-01,Shops_excess,0.0736,0.00708385,0.01828024,0.01828024,0.001,0.5
1985-11-01,Hlth_excess,0.0895,0.00755326,0.0032543,0.0032543,0.001,0.5
1985-11-01,Utils_excess,0.0349,0.00589504,0.0060582,0.0060582,0.001,0.5
1985-11-01,Other_excess,0.0681,0.0061255,0.0040909,0.0040909,0.001,0.5
1985-12-01,NoDur_excess,0.0481,0.00615714,0.01336694,0.01336694,0.001,0.5
1985-12-01,Durbl_excess,0.0635,0.00887977,0.00848561,0.00848561,0.001,0.5
1985-12-01,Manuf_excess,0.0383,0.00699321,0.00206085,0.00206085,0.001,0.5
1985-12-01,Enrgy_excess,-0.0333,0.00762744,0.0027997,0.0027997,0.001,0.5
1985-12-01,HiTec_excess,0.0762,0.00843013,-0.00108304,0.0,0.001,0.5
1985-12-01,Telcm_excess,0.0538,0.00547284,0.01480485,0.01480485,0.001,0.5
1985-12-01,Shops_excess,0.0389,0.00717793,0.01963046,0.01963046,0.001,0.5
1985-12-01,Hlth_excess,0.0287,0.00766917,0.00527713,0.00527713,0.001,0.5
1985-12-01,Utils_excess,0.0433,0.00593607,0.00756891,0.00756891,0.001,0.5
1985-12-01,Other_excess,0.0382,0.00621315,0.00689951,0.00689951,0.001,0.5
1986-01-01,NoDur_excess,0.0123,0.00621638,0.01461149,0.01461149,0.001,0.5
1986-01-01,Durbl_excess,0.0153,0.00895692,0.00981344,0.00981344,0.001,0.5
1986-01-01,Manuf_excess,0.0106,0.00703743,0.00349718,0.00349718,0.001,0.5
1986-01-01,Enrgy_excess,-0.0736,0.00756963,0.00207698,0.00207698,0.001,0.5
1986-01-01,HiTec_excess,-0.0085,0.00852585,0.00117475,0.00117475,0.001,0.5
1986-01-01,Telcm_excess,-0.0434,0.0055411,0.01651636,0.01651636,0.001,0.5
1986-01-01,Shops_excess,0.0109,0.00722274,0.01910048,0.01910048,0.001,0.5
1986-01-01,Hlth_excess,0.005,0.00769887,0.00518436,0.00518436,0.001,0.5
1986-01-01,Utils_excess,0.0323,0.00598884,0.00941735,0.00941735,0.001,0.5
1986-01-01,Other_excess,0.0298,0.00625833,0.00862639,0.00862639,0.001,0.5
1986-02-01,NoDur_excess,0.103,0.00622496,0.00597706,0.00597706,0.001,0.5
1986-02-01,Durbl_excess,0.1021,0.00896587,-0.00077482,0.0,0.001,0.5
1986-02-01,Manuf_excess,0.0971,0.00704245,-0.00361296,0.0,0.001,0.5
1986-02-01,Enrgy_excess,0.0034,0.00745515,-0.00565159,0.0,0.001,0.5
1986-02-01,HiTec_excess,0.0443,0.00850183,-0.00415497,0.0,0.001,0.5
1986-02-01,Telcm_excess,0.0686,0.00547207,0.00739666,0.00739666,0.001,0.5
1986-02-01,Shops_excess,0.0729,0.00722793,0.01140988,0.01140988,0.001,0.5
1986-02-01,Hlth_excess,0.0554,0.00769506,0.00355976,0.00355976,0.001,0.5
1986-02-01,Utils_excess,0.0606,0.00602595,0.00251583,0.00251583,0.001,0.5
1986-02-01,Other_excess,0.0781,0.00629154,-0.00233891,0.0,0.001,0.5
1986-03-01,NoDur_excess,0.0752,0.00636127,0.02120561,0.02120561,0.001,0.5
1986-03-01,Durbl_excess,0.0724,0.00909704,0.02088486,0.02088486,0.001,0.5
1986-03-01,Manuf_excess,0.0539,0.0071693,0.01461457,0.01461457,0.001,0.5
1986-03-01,Enrgy_excess,0.0035,0.00744944,0.00683245,0.00683245,0.001,0.5
1986-03-01,HiTec_excess,-0.0068,0.00855225,0.00658762,0.00658762,0.001,0.5
1986-03-01,Telcm_excess,0.0358,0.00556099,0.02246379,0.02246379,0.001,0.5
1986-03-01,Shops_excess,0.0796,0.00732042,0.02028777,0.02028777,0.001,0.5
1986-03-01,Hlth_excess,0.1148,0.00776225,0.00628254,0.00628254,0.001,0.5
1986-03-01,Utils_excess,0.0338,0.00610282,0.01603522,0.01603522,0.001,0.5
1986-03-01,Other_excess,0.0516,0.00639268,0.02031139,0.02031139,0.001,0.5
1986-04-01,NoDur_excess,-0.0009,0.00645809,0.01255098,0.01255098,0.001,0.5
1986-04-01,Durbl_excess,-0.0383,0.00918608,0.01491748,0.01491748,0.001,0.5
1986-04-01,Manuf_excess,-0.0213,0.00723502,0.01317438,0.01317438,0.001,0.5
1986-04-01,Enrgy_excess,0.0023,0.00744388,0.00466203,0.00466203,0.001,0.5
1986-04-01,HiTec_excess,0.034,0.00853066,9.938e-05,9.938e-05,0.001,0.5
1986-04-01,Telcm_excess,0.0191,0.00560352,0.01485691,0.01485691,0.001,0.5
1986-04-01,Shops_excess,-0.0012,0.00742208,0.0078388,0.0078388,0.001,0.5
1986-04-01,Hlth_excess,0.0019,0.0079128,0.00629552,0.00629552,0.001,0.5
1986-04-01,Utils_excess,-0.0445,0.00614177,0.00574156,0.00574156,0.001,0.5
1986-04-01,Other_excess,-0.0309,0.00645626,0.01210553,0.01210553,0.001,0.5
1986-05-01,NoDur_excess,0.0838,0.00644775,0.00977804,0.00977804,0.001,0.5
1986-05-01,Durbl_excess,0.0257,0.00911938,0.00631228,0.00631228,0.001,0.5
1986-05-01,Manuf_excess,0.0392,0.00719494,0.00476287,0.00476287,0.001,0.5
1986-05-01,Enrgy_excess,0.0687,0.00743666,-0.00194211,0.0,0.001,0.5
1986-05-01,HiTec_excess,0.0046,0.00856643,0.00506197,0.00506197,0.001,0.5
1986-05-01,Telcm_excess,0.041,0.00562247,0.0084196,0.0084196,0.001,0.5
1986-05-01,Shops_excess,0.0928,0.00740997,0.01683979,0.01683979,0.001,0.5
1986-05-01,Hlth_excess,0.0676,0.00790435,0.0098078,0.0098078,0.001,0.5
1986-05-01,Utils_excess,0.0314,0.00607065,0.00666564,0.00666564,0.001,0.5
1986-05-01,Other_excess,0.0417,0.00640379,0.00444547,0.00444547,0.001,0.5
1986-06-01,NoDur_excess,0.058,0.00655624,0.0048073,0.0048073,0.001,0.5
1986-06-01,Durbl_excess,-0.0169,0.00914264,-0.00497451,0.0,0.001,0.5
1986-06-01,Manuf_excess,-0.0056,0.00723983,-0.00476992,0.0,0.001,0.5
1986-06-01,Enrgy_excess,-0.0257,0.00752258,-0.00861324,0.0,0.001,0.5
1986-06-01,HiTec_excess,-0.0439,0.00856087,-0.0019536,0.0,0.001,0.5
1986-06-01,Telcm_excess,0.0486,0.00567209,0.00347427,0.00347427,0.001,0.5
1986-06-01,Shops_excess,0.0342,0.00752973,0.01526517,0.01526517,0.001,0.5
1986-06-01,Hlth_excess,0.0516,0.00798808,0.00738559,0.00738559,0.001,0.5
1986-06-01,Utils_excess,0.0453,0.00610617,0.00246325,0.00246325,0.001,0.5
1986-06-01,Other_excess,0.0102,0.0064533,-0.00526154,0.0,0.001,0.5
1986-07-01,NoDur_excess,-0.0625,0.00662829,0.00559743,0.00559743,0.001,0.5
1986-07-01,Durbl_excess,-0.0947,0.00910616,0.00144367,0.00144367,0.001,0.5
1986-07-01,Manuf_excess,-0.0803,0.00722185,0.0024182,0.0024182,0.001,0.5
1986-07-01,Enrgy_excess,-0.0564,0.00747605,0.00062378,0.00062378,0.001,0.5
1986-07-01,HiTec_excess,-0.0886,0.00848739,-0.00906857,0.0,0.001,0.5
1986-07-01,Telcm_excess,-0.035,0.00573221,0.0113343,0.0113343,0.001,0.5
1986-07-01,Shops_excess,-0.0991,0.00756709,0.00235612,0.00235612,0.001,0.5
1986-07-01,Hlth_excess,-0.0588,0.00804916,9.807e-05,9.807e-05,0.001,0.5
1986-07-01,Utils_excess,0.0461,0.00616106,-0.0024287,0.0,0.001,0.5
1986-07-01,Other_excess,-0.0695,0.00645854,0.00190194,0.00190194,0.001,0.5
1986-08-01,NoDur_excess,0.0212,0.00653161,0.00949153,0.00949153,0.001,0.5
1986-08-01,Durbl_excess,0.0655,0.00896098,0.00267743,0.00267743,0.001,0.5
1986-08-01,Manuf_excess,0.06,0.00709944,0.00012192,0.00012192,0.001,0.5
1986-08-01,Enrgy_excess,0.1627,0.00738671,-0.00418411,0.0,0.001,0.5
1986-08-01,HiTec_excess,0.0652,0.00835161,0.00053144,0.00053144,0.001,0.5
1986-08-01,Telcm_excess,0.0638,0.00567524,0.00797699,0.00797699,0.001,0.5
1986-08-01,Shops_excess,0.012,0.0074179,0.01489388,0.01489388,0.001,0.5
1986-08-01,Hlth_excess,0.0354,0.00795566,0.00908764,0.00908764,0.001,0.5
1986-08-01,Utils_excess,0.0746,0.00621692,0.00652638,0.00652638,0.001,0.5
1986-08-01,Other_excess,0.0635,0.00635231,0.00085172,0.00085172,0.001,0.5
1986-09-01,NoDur_excess,-0.113,0.00655209,0.00886747,0.00886747,0.001,0.5
1986-09-01,Durbl_excess,-0.0857,0.00903994,0.00631936,0.00631936,0.001,0.5
1986-09-01,Manuf_excess,-0.07,0.00717332,0.00410386,0.00410386,0.001,0.5
1986-09-01,Enrgy_excess,-0.0133,0.00760363,0.00118118,0.00118118,0.001,0.5
1986-09-01,HiTec_excess,-0.0742,0.00843101,-0.0016432,0.0,0.001,0.5
1986-09-01,Telcm_excess,-0.0989,0.00575642,0.01219419,0.01219419,0.001,0.5
1986-09-01,Shops_excess,-0.0891,0.0074243,0.00819542,0.00819542,0.001,0.5
1986-09-01,Hlth_excess,-0.1305,0.00799399,0.00398659,0.00398659,0.001,0.5
1986-09-01,Utils_excess,-0.0956,0.00631243,0.00513288,0.00513288,0.001,0.5
1986-09-01,Other_excess,-0.0928,0.00643212,0.00559848,0.00559848,0.001,0.5
1986-10-01,NoDur_excess,0.084,0.00638536,0.00614683,0.00614683,0.001,0.5
1986-10-01,Durbl_excess,0.0555,0.00890781,-0.0019553,0.0,0.001,0.5
1986-10-01,Manuf_excess,0.0601,0.00706569,-0.00535223,0.0,0.001,0.5
1986-10-01,Enrgy_excess,0.0145,0.00757448,-0.00591566,0.0,0.001,0.5
1986-10-01,HiTec_excess,0.0013,0.00831576,-0.00133204,0.0,0.001,0.5
1986-10-01,Telcm_excess,0.0417,0.00561046,0.00532171,0.00532171,0.001,0.5
1986-10-01,Shops_excess,0.0685,0.00728968,0.01403654,0.01403654,0.001,0.5
1986-10-01,Hlth_excess,0.0752,0.00780084,0.008016,0.008016,0.001,0.5
1986-10-01,Utils_excess,0.0475,0.00617029,0.00564786,0.00564786,0.001,0.5
1986-10-01,Other_excess,0.0374,0.00629372,-0.00431636,0.0,0.001,0.5
1986-11-01,NoDur_excess,0.0033,0.00649345,0.00765426,0.00765426,0.001,0.5
1986-11-01,Durbl_excess,0.0425,0.0089727,0.00473832,0.00473832,0.001,0.5
1986-11-01,Manuf_excess,0.0205,0.00713955,0.00081947,0.00081947,0.001,0.5
1986-11-01,Enrgy_excess,0.0286,0.00758412,-0.00116242,0.0,0.001,0.5
1986-11-01,HiTec_excess,0.0316,0.00830599,-0.00277552,0.0,0.001,0.5
1986-11-01,Telcm_excess,0.0359,0.00566072,0.00987709,0.00987709,0.001,0.5
1986-11-01,Shops_excess,0.0122,0.00737493,0.00901136,0.00901136,0.001,0.5
1986-11-01,Hlth_excess,0.0098,0.00789471,0.0038468,0.0038468,0.001,0.5
1986-11-01,Utils_excess,0.0016,0.00622786,0.00427295,0.00427295,0.001,0.5
1986-11-01,Other_excess,-0.0105,0.00633705,0.00150626,0.00150626,0.001,0.5
1986-12-01,NoDur_excess,-0.0371,0.00648901,0.00842211,0.00842211,0.001,0.5
1986-12-01,Durbl_excess,-0.0306,0.00901933,0.00472099,0.00472099,0.001,0.5
1986-12-01,Manuf_excess,-0.0247,0.00715814,0.00083634,0.00083634,0.001,0.5
1986-12-01,Enrgy_excess,-0.0095,0.00761335,-0.00176677,0.0,0.001,0.5
1986-12-01,HiTec_excess,-0.0416,0.00833839,-0.00100194,0.0,0.001,0.5
1986-12-01,Telcm_excess,-0.042,0.00570278,0.01028506,0.01028506,0.001,0.5
1986-12-01,Shops_excess,-0.0648,0.00738164,0.01058098,0.01058098,0.001,0.5
1986-12-01,Hlth_excess,-0.0171,0.00789736,0.00491207,0.00491207,0.001,0.5
1986-12-01,Utils_excess,-0.0379,0.00622142,0.00584485,0.00584485,0.001,0.5
1986-12-01,Other_excess,-0.0307,0.00631363,0.0016698,0.0016698,0.001,0.5
1987-01-01,NoDur_excess,0.1404,0.00642847,0.00990951,0.00990951,0.001,0.5
1987-01-01,Durbl_excess,0.1824,0.00896431,0.00363569,0.00363569,0.001,0.5
1987-01-01,Manuf_excess,0.1402,0.00711389,0.00127803,0.00127803,0.001,0.5
1987-01-01,Enrgy_excess,0.1373,0.00758958,-0.0031679,0.0,0.001,0.5
1987-01-01,HiTec_excess,0.1598,0.00826903,0.00065967,0.00065967,0.001,0.5
1987-01-01,Telcm_excess,0.0488,0.00563653,0.00984259,0.00984259,0.001,0.5
1987-01-01,Shops_excess,0.113,0.00728139,0.01515394,0.01515394,0.001,0.5
1987-01-01,Hlth_excess,0.1273,0.00786264,0.00851019,0.00851019,0.001,0.5
1987-01-01,Utils_excess,0.0888,0.00616014,0.00748579,0.00748579,0.001,0.5
1987-01-01,Other_excess,0.1075,0.00626222,0.00168487,0.00168487,0.001,0.5
1987-02-01,NoDur_excess,0.0518,0.00661429,0.00633203,0.00633203,0.001,0.5
1987-02-01,Durbl_excess,0.0316,0.00920485,-3.517e-05,0.0,0.001,0.5
1987-02-01,Manuf_excess,0.0435,0.00729847,-0.00179995,0.0,0.001,0.5
1987-02-01,Enrgy_excess,-0.0219,0.00776949,-0.00330401,0.0,0.001,0.5
1987-02-01,HiTec_excess,0.09,0.0084792,-0.00473096,0.0,0.001,0.5
1987-02-01,Telcm_excess,-0.004,0.00569639,0.0091461,0.0091461,0.001,0.5
1987-02-01,Shops_excess,0.0938,0.00742802,0.0093427,0.0093427,0.001,0.5
1987-02-01,Hlth_excess,0.1069,0.00802829,0.00338885,0.00338885,0.001,0.5
1987-02-01,Utils_excess,-0.0258,0.00627476,0.00370064,0.00370064,0.001,0.5
1987-02-01,Other_excess,0.0423,0.00640264,-0.0009796,0.0,0.001,0.5
1987-03-01,NoDur_excess,0.0067,0.00667687,0.00124873,0.00124873,0.001,0.5
1987-03-01,Durbl_excess,0.0396,0.00923587,-0.00356303,0.0,0.001,0.5
1987-03-01,Manuf_excess,0.0293,0.00734861,-0.00274614,0.0,0.001,0.5
1987-03-01,Enrgy_excess,0.1136,0.00772839,-0.00337729,0.0,0.001,0.5
1987-03-01,HiTec_excess,0.0214,0.00859211,-0.00750199,0.0,0.001,0.5
1987-03-01,Telcm_excess,0.0092,0.00568296,0.00609886,0.00609886,0.001,0.5
1987-03-01,Shops_excess,0.0121,0.00754765,0.00076779,0.00076779,0.001,0.5
1987-03-01,Hlth_excess,-0.0032,0.00816524,0.00040404,0.00040404,0.001,0.5
1987-03-01,Utils_excess,-0.0215,0.00623033,-0.0024608,0.0,0.001,0.5
1987-03-01,Other_excess,-0.0083,0.00645235,-0.00490378,0.0,0.001,0.5
1987-04-01,NoDur_excess,-0.0412,0.0066769,0.00277629,0.00277629,0.001,0.5
1987-04-01,Durbl_excess,0.0367,0.00927787,-0.00451651,0.0,0.001,0.5
1987-04-01,Manuf_excess,-0.02,0.00737898,-0.00425151,0.0,0.001,0.5
1987-04-01,Enrgy_excess,-0.0033,0.00787483,-0.00525761,0.0,0.001,0.5
1987-04-01,HiTec_excess,0.0395,0.00860982,-0.00482473,0.0,0.001,0.5
1987-04-01,Telcm_excess,-0.0291,0.00568783,0.00474395,0.00474395,0.001,0.5
1987-04-01,Shops_excess,-0.0314,0.00755394,0.00619176,0.00619176,0.001,0.5
1987-04-01,Hlth_excess,-0.0289,0.00814952,0.00453532,0.00453532,0.001,0.5
1987-04-01,Utils_excess,-0.0477,0.00619198,-0.00058085,0.0,0.001,0.5
1987-04-01,Other_excess,-0.0451,0.00643195,-0.00649209,0.0,0.001,0.5
1987-05-01,NoDur_excess,0.0225,0.00661077,-0.01027727,0.0,0.001,0.5
1987-05-01,Durbl_excess,-0.0167,0.00931575,-0.01552727,0.0,0.001,0.5
1987-05-01,Manuf_excess,-0.0005,0.00734116,-0.01381681,0.0,0.001,0.5
1987-05-01,Enrgy_excess,0.0264,0.00785939,-0.00878778,0.0,0.001,0.5
1987-05-01,HiTec_excess,-0.0009,0.00865249,-0.01763498,0.0,0.001,0.5
1987-05-01,Telcm_excess,0.0291,0.00563978,-0.00363394,0.0,0.001,0.5
1987-05-01,Shops_excess,-0.0043,0.00750014,-0.01301797,0.0,0.001,0.5
1987-05-01,Hlth_excess,0.0087,0.00809834,-0.00527146,0.0,0.001,0.5
1987-05-01,Utils_excess,-0.0223,0.00611754,-0.01444108,0.0,0.001,0.5
1987-05-01,Other_excess,-0.0039,0.00636077,-0.02207701,0.0,0.001,0.5
1987-06-01,NoDur_excess,0.0631,0.00663269,0.00098361,0.00098361,0.001,0.5
1987-06-01,Durbl_excess,0.023,0.00927986,-0.00558025,0.0,0.001,0.5
1987-06-01,Manuf_excess,0.0471,0.00733034,-0.00874111,0.0,0.001,0.5
1987-06-01,Enrgy_excess,0.0535,0.00788497,-0.00738857,0.0,0.001,0.5
1987-06-01,HiTec_excess,-0.005,0.00863931,-0.00935964,0.0,0.001,0.5
1987-06-01,Telcm_excess,0.0647,0.00567214,0.00416974,0.00416974,0.001,0.5
1987-06-01,Shops_excess,0.0578,0.00748386,0.00156704,0.00156704,0.001,0.5
1987-06-01,Hlth_excess,0.043,0.00809917,0.00124295,0.00124295,0.001,0.5
1987-06-01,Utils_excess,0.0292,0.00607834,-0.00431039,0.0,0.001,0.5
1987-06-01,Other_excess,0.0414,0.00634662,-0.01174809,0.0,0.001,0.5
1987-07-01,NoDur_excess,0.0527,0.00671047,0.00539411,0.00539411,0.001,0.5
1987-07-01,Durbl_excess,0.0647,0.00929876,-0.00225596,0.0,0.001,0.5
1987-07-01,Manuf_excess,0.0656,0.00738512,-0.00617073,0.0,0.001,0.5
1987-07-01,Enrgy_excess,0.0273,0.0079478,-0.00678079,0.0,0.001,0.5
1987-07-01,HiTec_excess,0.005,0.00862052,-0.00733615,0.0,0.001,0.5
1987-07-01,Telcm_excess,0.0538,0.00575344,0.00796697,0.00796697,0.001,0.5
1987-07-01,Shops_excess,0.0524,0.00755317,0.00757949,0.00757949,0.001,0.5
1987-07-01,Hlth_excess,0.0533,0.00814725,0.0033033,0.0033033,0.001,0.5
1987-07-01,Utils_excess,-0.0213,0.00611019,-0.00086252,0.0,0.001,0.5
1987-07-01,Other_excess,0.0309,0.0063949,-0.00719041,0.0,0.001,0.5
1987-08-01,NoDur_excess,0.032,0.00677373,0.00164792,0.00164792,0.001,0.5
1987-08-01,Durbl_excess,0.0519,0.00937497,-0.00561342,0.0,0.001,0.5
1987-08-01,Manuf_excess,0.0238,0.0074652,-0.00770521,0.0,0.001,0.5
1987-08-01,Enrgy_excess,0.0146,0.00797442,-0.00772781,0.0,0.001,0.5
1987-08-01,HiTec_excess,0.0699,0.00861554,-0.01004483,0.0,0.001,0.5
1987-08-01,Telcm_excess,0.0461,0.00581953,0.00520069,0.00520069,0.001,0.5
1987-08-01,Shops_excess,0.0286,0.00761486,0.0026871,0.0026871,0.001,0.5
1987-08-01,Hlth_excess,0.0174,0.00820935,0.00242043,0.00242043,0.001,0.5
1987-08-01,Utils_excess,0.0324,0.00607249,-0.00589071,0.0,0.001,0.5
1987-08-01,Other_excess,0.0386,0.00642861,-0.01208203,0.0,0.001,0.5
1987-09-01,NoDur_excess,-0.0322,0.00680838,0.00167031,0.00167031,0.001,0.5
1987-09-01,Durbl_excess,-0.0428,0.00943338,-0.00650504,0.0,0.001,0.5
1987-09-01,Manuf_excess,-0.0016,0.00748764,-0.00875858,0.0,0.001,0.5
1987-09-01,Enrgy_excess,-0.0431,0.00798352,-0.00790675,0.0,0.001,0.5
1987-09-01,HiTec_excess,-0.0313,0.00869973,-0.01043671,0.0,0.001,0.5
1987-09-01,Telcm_excess,0.0289,0.00587486,0.00584883,0.00584883,0.001,0.5
1987-09-01,Shops_excess,-0.0682,0.00764368,0.0028926,0.0028926,0.001,0.5
1987-09-01,Hlth_excess,-0.0302,0.00822198,0.00163512,0.00163512,0.001,0.5
1987-09-01,Utils_excess,-0.0276,0.00610865,-0.00532113,0.0,0.001,0.5
1987-09-01,Other_excess,-0.0225,0.0064728,-0.0119361,0.0,0.001,0.5
1987-10-01,NoDur_excess,-0.2158,0.00675487,-0.00847748,0.0,0.001,0.5
1987-10-01,Durbl_excess,-0.2718,0.00936173,-0.0160371,0.0,0.001,0.5
1987-10-01,Manuf_excess,-0.2793,0.00747517,-0.01451879,0.0,0.001,0.5
1987-10-01,Enrgy_excess,-0.1945,0.00791344,-0.01058718,0.0,0.001,0.5
1987-10-01,HiTec_excess,-0.2642,0.00864486,-0.01936163,0.0,0.001,0.5
1987-10-01,Telcm_excess,-0.1276,0.00590645,0.00058942,0.00058942,0.001,0.5
1987-10-01,Shops_excess,-0.2851,0.00753964,-0.01315679,0.0,0.001,0.5
1987-10-01,Hlth_excess,-0.209,0.00816927,-0.00575607,0.0,0.001,0.5
1987-10-01,Utils_excess,-0.0753,0.00606241,-0.01504358,0.0,0.001,0.5
1987-10-01,Other_excess,-0.2432,0.00643306,-0.02235531,0.0,0.001,0.5
1987-11-01,NoDur_excess,-0.0835,0.00645,0.01056637,0.01056637,0.001,0.5
1987-11-01,Durbl_excess,-0.0868,0.00897658,0.02727882,0.02727882,0.001,0.5
1987-11-01,Manuf_excess,-0.0551,0.00708233,-0.00022643,0.0,0.001,0.5
1987-11-01,Enrgy_excess,-0.1101,0.00763616,0.02921662,0.02921662,0.001,0.5
1987-11-01,HiTec_excess,-0.1022,0.0082711,-0.01249183,0.0,0.001,0.5
1987-11-01,Telcm_excess,-0.0925,0.00572356,0.00407721,0.00407721,0.001,0.5
1987-11-01,Shops_excess,-0.09,0.00713877,-0.00383133,0.0,0.001,0.5
1987-11-01,Hlth_excess,-0.0966,0.00787178,0.0035996,0.0035996,0.001,0.5
1987-11-01,Utils_excess,-0.029,0.00595096,0.01478956,0.01478956,0.001,0.5
1987-11-01,Other_excess,-0.0692,0.0060911,0.00060011,0.00060011,0.001,0.5
1987-12-01,NoDur_excess,0.0717,0.00632695,0.00550324,0.00550324,0.001,0.5
1987-12-01,Durbl_excess,0.0837,0.00884555,0.00333212,0.00333212,0.001,0.5
1987-12-01,Manuf_excess,0.1048,0.00699726,-0.00443246,0.0,0.001,0.5
1987-12-01,Enrgy_excess,0.0636,0.0074751,-0.00560149,0.0,0.001,0.5
1987-12-01,HiTec_excess,0.115,0.00811997,-0.00528044,0.0,0.001,0.5
1987-12-01,Telcm_excess,0.0352,0.00558919,0.00604591,0.00604591,0.001,0.5
1987-12-01,Shops_excess,0.082,0.00700588,0.00401637,0.00401637,0.001,0.5
1987-12-01,Hlth_excess,0.0496,0.00772886,0.00379137,0.00379137,0.001,0.5
1987-12-01,Utils_excess,0.0017,0.00590315,0.00588116,0.00588116,0.001,0.5
1987-12-01,Other_excess,0.05,0.0059881,-0.00596767,0.0,0.001,0.5
1988-01-01,NoDur_excess,0.0275,0.00641626,0.00673766,0.00673766,0.001,0.5
1988-01-01,Durbl_excess,0.0399,0.00894781,0.00489661,0.00489661,0.001,0.5
1988-01-01,Manuf_excess,-0.0001,0.00713087,-0.00254544,0.0,0.001,0.5
1988-01-01,Enrgy_excess,0.0814,0.00755178,-0.00462152,0.0,0.001,0.5
1988-01-01,HiTec_excess,-0.0277,0.00826598,-0.00242333,0.0,0.001,0.5
1988-01-01,Telcm_excess,0.0974,0.00562964,0.00675969,0.00675969,0.001,0.5
1988-01-01,Shops_excess,0.0533,0.00710833,0.00466025,0.00466025,0.001,0.5
1988-01-01,Hlth_excess,0.0608,0.00778607,0.00372505,0.00372505,0.001,0.5
1988-01-01,Utils_excess,0.0948,0.0058974,0.00673241,0.00673241,0.001,0.5
1988-01-01,Other_excess,0.0602,0.00604822,-0.0037792,0.0,0.001,0.5
1988-02-01,NoDur_excess,0.0558,0.00644502,0.00774604,0.00774604,0.001,0.5
1988-02-01,Durbl_excess,0.0599,0.00899004,0.00858016,0.00858016,0.001,0.5
1988-02-01,Manuf_excess,0.073,0.00712101,0.00222157,0.00222157,0.001,0.5
1988-02-01,Enrgy_excess,0.0315,0.00765252,0.00112298,0.00112298,0.001,0.5
1988-02-01,HiTec_excess,0.0702,0.00821692,-0.00324733,0.0,0.001,0.5
1988-02-01,Telcm_excess,0.0078,0.00575484,0.00923444,0.00923444,0.001,0.5
1988-02-01,Shops_excess,0.0981,0.00717135,0.00529324,0.00529324,0.001,0.5
1988-02-01,Hlth_excess,0.0375,0.00785839,0.00140821,0.00140821,0.001,0.5
1988-02-01,Utils_excess,-0.0187,0.00601869,0.00938342,0.00938342,0.001,0.5
1988-02-01,Other_excess,0.0387,0.0061221,0.00362419,0.00362419,0.001,0.5
1988-03-01,NoDur_excess,-0.0196,0.00651226,0.00589166,0.00589166,0.001,0.5
1988-03-01,Durbl_excess,-0.0406,0.0090594,0.00236774,0.00236774,0.001,0.5
1988-03-01,Manuf_excess,-0.0178,0.00721076,-0.00168523,0.0,0.001,0.5
1988-03-01,Enrgy_excess,0.0218,0.00768501,-0.00333745,0.0,0.001,0.5
1988-03-01,HiTec_excess,-0.0513,0.00830136,0.00027603,0.00027603,0.001,0.5
1988-03-01,Telcm_excess,-0.044,0.00575763,0.00861281,0.00861281,0.001,0.5
1988-03-01,Shops_excess,-0.0159,0.00729523,0.0068586,0.0068586,0.001,0.5
1988-03-01,Hlth_excess,-0.0293,0.00789877,0.0047218,0.0047218,0.001,0.5
1988-03-01,Utils_excess,-0.0362,0.00598501,0.00649124,0.00649124,0.001,0.5
1988-03-01,Other_excess,-0.0179,0.00616649,-0.00137212,0.0,0.001,0.5
1988-04-01,NoDur_excess,-0.0063,0.00647673,-0.000632,0.0,0.001,0.5
1988-04-01,Durbl_excess,0.0226,0.00899184,-0.00538696,0.0,0.001,0.5
1988-04-01,Manuf_excess,0.0114,0.00717673,-0.0073535,0.0,0.001,0.5
1988-04-01,Enrgy_excess,0.0416,0.00770422,-0.00494702,0.0,0.001,0.5
1988-04-01,HiTec_excess,0.0216,0.00822027,-0.00643664,0.0,0.001,0.5
1988-04-01,Telcm_excess,0.0028,0.00568993,0.00387145,0.00387145,0.001,0.5
1988-04-01,Shops_excess,0.0114,0.00726367,-0.00168751,0.0,0.001,0.5
1988-04-01,Hlth_excess,-0.0247,0.00784816,0.00119906,0.00119906,0.001,0.5
1988-04-01,Utils_excess,-0.0076,0.00592762,-0.00014942,0.0,0.001,0.5
1988-04-01,Other_excess,-0.0085,0.00613374,-0.00948871,0.0,0.001,0.5
1988-05-01,NoDur_excess,-0.0077,0.00645937,-0.00306462,0.0,0.001,0.5
1988-05-01,Durbl_excess,0.0045,0.00901033,-0.00594617,0.0,0.001,0.5
1988-05-01,Manuf_excess,-0.0092,0.00718247,-0.00757315,0.0,0.001,0.5
1988-05-01,Enrgy_excess,-0.0092,0.00775027,-0.00359155,0.0,0.001,0.5
1988-05-01,HiTec_excess,-0.0185,0.00823845,-0.00884858,0.0,0.001,0.5
1988-05-01,Telcm_excess,0.0183,0.00568601,0.00303248,0.00303248,0.001,0.5
1988-05-01,Shops_excess,-0.0192,0.00726929,-0.00594448,0.0,0.001,0.5
1988-05-01,Hlth_excess,-0.0088,0.00780394,-0.00254903,0.0,0.001,0.5
1988-05-01,Utils_excess,0.0311,0.00590924,-0.0014913,0.0,0.001,0.5
1988-05-01,Other_excess,0.0043,0.00611386,-0.01030025,0.0,0.001,0.5
1988-06-01,NoDur_excess,0.0288,0.00644016,0.00123368,0.00123368,0.001,0.5
1988-06-01,Durbl_excess,0.0734,0.00900421,-0.00171565,0.0,0.001,0.5
1988-06-01,Manuf_excess,0.0708,0.00716024,-0.00451795,0.0,0.001,0.5
1988-06-01,Enrgy_excess,-0.0257,0.00772727,-0.00217038,0.0,0.001,0.5
1988-06-01,HiTec_excess,0.0893,0.00820217,-0.00451361,0.0,0.001,0.5
1988-06-01,Telcm_excess,0.0242,0.00570312,0.00549123,0.00549123,0.001,0.5
1988-06-01,Shops_excess,0.0595,0.00723338,-6.477e-05,0.0,0.001,0.5
1988-06-01,Hlth_excess,0.0229,0.00778141,0.00099165,0.00099165,0.001,0.5
1988-06-01,Utils_excess,0.0274,0.00594342,0.00354862,0.00354862,0.001,0.5
1988-06-01,Other_excess,0.0554,0.0061114,-0.00573496,0.0,0.001,0.5
1988-07-01,NoDur_excess,0.008,0.00647046,0.0099845,0.0099845,0.001,0.5
1988-07-01,Durbl_excess,-0.0041,0.00909146,0.00854287,0.00854287,0.001,0.5
1988-07-01,Manuf_excess,-0.0279,0.00724648,0.00460894,0.00460894,0.001,0.5
1988-07-01,Enrgy_excess,0.0308,0.00768198,0.00155188,0.00155188,0.001,0.5
1988-07-01,HiTec_excess,-0.0542,0.00831206,0.00444517,0.00444517,0.001,0.5
1988-07-01,Telcm_excess,-0.0036,0.00572818,0.01204877,0.01204877,0.001,0.5
1988-07-01,Shops_excess,-0.0144,0.0073042,0.01269241,0.01269241,0.001,0.5
1988-07-01,Hlth_excess,0.0,0.0078019,0.00545165,0.00545165,0.001,0.5
1988-07-01,Utils_excess,-0.0073,0.00597249,0.01240531,0.01240531,0.001,0.5
1988-07-01,Other_excess,-0.0112,0.00617818,0.0072441,0.0072441,0.001,0.5
1988-08-01,NoDur_excess,-0.0093,0.00647253,4.72e-06,4.72e-06,0.001,0.5
1988-08-01,Durbl_excess,-0.0697,0.00907361,-0.00349975,0.0,0.001,0.5
1988-08-01,Manuf_excess,-0.0499,0.00719892,-0.00403226,0.0,0.001,0.5
1988-08-01,Enrgy_excess,-0.0209,0.00771326,-0.00261666,0.0,0.001,0.5
1988-08-01,HiTec_excess,-0.0868,0.00822747,-0.0036902,0.0,0.001,0.5
1988-08-01,Telcm_excess,-0.0349,0.00571556,0.00533898,0.00533898,0.001,0.5
1988-08-01,Shops_excess,-0.0285,0.00727483,-0.00065327,0.0,0.001,0.5
1988-08-01,Hlth_excess,-0.0167,0.00779134,0.0007478,0.0007478,0.001,0.5
1988-08-01,Utils_excess,-0.0071,0.00595453,0.00383846,0.00383846,0.001,0.5
1988-08-01,Other_excess,-0.015,0.00615467,-0.00542371,0.0,0.001,0.5
1988-09-01,NoDur_excess,0.0607,0.00645122,0.00329258,0.00329258,0.001,0.5
1988-09-01,Durbl_excess,0.0304,0.00896716,-0.00090304,0.0,0.001,0.5
1988-09-01,Manuf_excess,0.0288,0.00712176,-0.00147778,0.0,0.001,0.5
1988-09-01,Enrgy_excess,-0.0309,0.00767459,-0.00012755,0.0,0.001,0.5
1988-09-01,HiTec_excess,0.0226,0.00809905,-0.00295759,0.0,0.001,0.5
1988-09-01,Telcm_excess,0.0645,0.00566068,0.0074859,0.0074859,0.001,0.5
1988-09-01,Shops_excess,0.0752,0.00722649,0.00299493,0.00299493,0.001,0.5
1988-09-01,Hlth_excess,0.0314,0.00775824,0.00192464,0.00192464,0.001,0.5
1988-09-01,Utils_excess,0.0205,0.00593689,0.00650067,0.00650067,0.001,0.5
1988-09-01,Other_excess,0.0344,0.00612608,-0.00110672,0.0,0.001,0.5
1988-10-01,NoDur_excess,0.0772,0.00652443,0.00796721,0.00796721,0.001,0.5
1988-10-01,Durbl_excess,0.026,0.00899609,0.00278349,0.00278349,0.001,0.5
1988-10-01,Manuf_excess,0.0015,0.00715101,0.00250531,0.00250531,0.001,0.5
1988-10-01,Enrgy_excess,0.0128,0.00762254,0.00119484,0.00119484,0.001,0.5
1988-10-01,HiTec_excess,-0.007,0.00811862,-0.00010214,0.0,0.001,0.5
1988-10-01,Telcm_excess,0.0236,0.00574008,0.01128057,0.01128057,0.001,0.5
1988-10-01,Shops_excess,0.0078,0.00731822,0.00990986,0.00990986,0.001,0.5
1988-10-01,Hlth_excess,0.0065,0.00779015,0.00366464,0.00366464,0.001,0.5
1988-10-01,Utils_excess,0.019,0.00595655,0.0104624,0.0104624,0.001,0.5
1988-10-01,Other_excess,-0.006,0.00616424,0.00542937,0.00542937,0.001,0.5
1988-11-01,NoDur_excess,-0.0179,0.00661968,0.00950733,0.00950733,0.001,0.5
1988-11-01,Durbl_excess,-0.0145,0.009019,0.00365248,0.00365248,0.001,0.5
1988-11-01,Manuf_excess,-0.0276,0.0071434,0.00351366,0.00351366,0.001,0.5
1988-11-01,Enrgy_excess,-0.0086,0.00762951,0.00220332,0.00220332,0.001,0.5
1988-11-01,HiTec_excess,-0.0362,0.00809825,0.0010972,0.0010972,0.001,0.5
1988-11-01,Telcm_excess,-0.0052,0.00576415,0.01046248,0.01046248,0.001,0.5
1988-11-01,Shops_excess,-0.0327,0.00731887,0.00994273,0.00994273,0.001,0.5
1988-11-01,Hlth_excess,-0.027,0.00778841,0.00517832,0.00517832,0.001,0.5
1988-11-01,Utils_excess,-0.0107,0.00597412,0.01124682,0.01124682,0.001,0.5
1988-11-01,Other_excess,-0.0273,0.00614784,0.00508595,0.00508595,0.001,0.5
1988-12-01,NoDur_excess,0.0264,0.00658668,0.00183519,0.00183519,0.001,0.5
1988-12-01,Durbl_excess,-0.0024,0.00898735,-0.00489754,0.0,0.001,0.5
1988-12-01,Manuf_excess,0.0251,0.00709664,-0.0025018,0.0,0.001,0.5
1988-12-01,Enrgy_excess,0.012,0.00760767,-0.00188625,0.0,0.001,0.5
1988-12-01,HiTec_excess,0.0401,0.00803863,-0.00280899,0.0,0.001,0.5
1988-12-01,Telcm_excess,0.0062,0.00574939,0.00517948,0.00517948,0.001,0.5
1988-12-01,Shops_excess,0.0096,0.00726501,0.0002067,0.0002067,0.001,0.5
1988-12-01,Hlth_excess,0.0113,0.00774159,0.00273649,0.00273649,0.001,0.5
1988-12-01,Utils_excess,0.0041,0.00595168,0.00569168,0.00569168,0.001,0.5
1988-12-01,Other_excess,0.0028,0.00610283,-0.00458488,0.0,0.001,0.5
1989-01-01,NoDur_excess,0.0505,0.00661331,0.00616735,0.00616735,0.001,0.5
1989-01-01,Durbl_excess,0.0686,0.00897204,-0.00044775,0.0,0.001,0.5
1989-01-01,Manuf_excess,0.0691,0.00712083,0.00276487,0.00276487,0.001,0.5
1989-01-01,Enrgy_excess,0.0571,0.00761358,0.00186854,0.00186854,0.001,0.5
1989-01-01,HiTec_excess,0.0656,0.00808172,-0.00033272,0.0,0.001,0.5
1989-01-01,Telcm_excess,0.0781,0.00575,0.00882273,0.00882273,0.001,0.5
1989-01-01,Shops_excess,0.0563,0.00726815,0.00524899,0.00524899,0.001,0.5
1989-01-01,Hlth_excess,0.0626,0.00774637,0.00380872,0.00380872,0.001,0.5
1989-01-01,Utils_excess,0.0212,0.00594919,0.00817233,0.00817233,0.001,0.5
1989-01-01,Other_excess,0.0631,0.00609839,0.00156694,0.00156694,0.001,0.5
1989-02-01,NoDur_excess,-0.0188,0.00667221,0.0088957,0.0088957,0.001,0.5
1989-02-01,Durbl_excess,-0.0341,0.00905208,0.00038713,0.00038713,0.001,0.5
1989-02-01,Manuf_excess,-0.0271,0.00720403,0.00425568,0.00425568,0.001,0.5
1989-02-01,Enrgy_excess,-0.0189,0.00768,0.00166855,0.00166855,0.001,0.5
1989-02-01,HiTec_excess,-0.0435,0.00815893,0.00108515,0.00108515,0.001,0.5
1989-02-01,Telcm_excess,-0.0198,0.00584711,0.01108193,0.01108193,0.001,0.5
1989-02-01,Shops_excess,-0.0248,0.00733396,0.01001289,0.01001289,0.001,0.5
1989-02-01,Hlth_excess,-0.0185,0.00782,0.00540534,0.00540534,0.001,0.5
1989-02-01,Utils_excess,-0.0239,0.00596966,0.01060283,0.01060283,0.001,0.5
1989-02-01,Other_excess,-0.0113,0.0061749,0.0048835,0.0048835,0.001,0.5
1989-03-01,NoDur_excess,0.0503,0.00663807,0.00336406,0.00336406,0.001,0.5
1989-03-01,Durbl_excess,-0.0226,0.00899424,-0.00662916,0.0,0.001,0.5
1989-03-01,Manuf_excess,0.0052,0.00715804,-0.00030648,0.0,0.001,0.5
1989-03-01,Enrgy_excess,0.0322,0.00764437,-0.00070512,0.0,0.001,0.5
1989-03-01,HiTec_excess,-0.06,0.00808968,-0.00341578,0.0,0.001,0.5
1989-03-01,Telcm_excess,0.0462,0.00581273,0.00662608,0.00662608,0.001,0.5
1989-03-01,Shops_excess,0.0196,0.00729088,0.00317204,0.00317204,0.001,0.5
1989-03-01,Hlth_excess,0.0424,0.00778472,0.00368571,0.00368571,0.001,0.5
1989-03-01,Utils_excess,-0.0012,0.00592962,0.00582052,0.00582052,0.001,0.5
1989-03-01,Other_excess,0.029,0.00615147,-0.00235962,0.0,0.001,0.5
1989-04-01,NoDur_excess,0.0513,0.00669652,0.00540738,0.00540738,0.001,0.5
1989-04-01,Durbl_excess,-0.0034,0.00895194,-0.00553746,0.0,0.001,0.5
1989-04-01,Manuf_excess,0.0467,0.00715542,0.00121155,0.00121155,0.001,0.5
1989-04-01,Enrgy_excess,0.0182,0.00767724,0.00200737,0.00200737,0.001,0.5
1989-04-01,HiTec_excess,0.0451,0.00799853,-0.00546548,0.0,0.001,0.5
1989-04-01,Telcm_excess,0.0887,0.0058668,0.0081715,0.0081715,0.001,0.5
1989-04-01,Shops_excess,0.0468,0.00730736,0.00381565,0.00381565,0.001,0.5
1989-04-01,Hlth_excess,0.0476,0.00783106,0.00288947,0.00288947,0.001,0.5
1989-04-01,Utils_excess,0.033,0.00592008,0.00587534,0.00587534,0.001,0.5
1989-04-01,Other_excess,0.0396,0.00618206,0.00108905,0.00108905,0.001,0.5
1989-05-01,NoDur_excess,0.0414,0.00675615,0.01051033,0.01051033,0.001,0.5
1989-05-01,Durbl_excess,0.0107,0.00893543,-0.00255964,0.0,0.001,0.5
1989-05-01,Manuf_excess,0.0289,0.00720829,0.00350534,0.00350534,0.001,0.5
1989-05-01,Enrgy_excess,0.0191,0.00769131,0.00155792,0.00155792,0.001,0.5
1989-05-01,HiTec_excess,0.0159,0.00804813,-0.00125913,0.0,0.001,0.5
1989-05-01,Telcm_excess,0.0513,0.00597754,0.01140786,0.01140786,0.001,0.5
1989-05-01,Shops_excess,0.0449,0.00736016,0.0117017,0.0117017,0.001,0.5
1989-05-01,Hlth_excess,0.0258,0.00788422,0.00686046,0.00686046,0.001,0.5
1989-05-01,Utils_excess,0.0449,0.00595628,0.01036476,0.01036476,0.001,0.5
1989-05-01,Other_excess,0.0345,0.00622674,0.0052522,0.0052522,0.001,0.5
1989-06-01,NoDur_excess,0.0073,0.0068024,0.01434414,0.01434414,0.001,0.5
1989-06-01,Durbl_excess,0.0074,0.00893778,0.00302158,0.00302158,0.001,0.5
1989-06-01,Manuf_excess,-0.0338,0.00723725,0.00851214,0.00851214,0.001,0.5
1989-06-01,Enrgy_excess,-0.0172,0.00770654,0.00491399,0.00491399,0.001,0.5
1989-06-01,HiTec_excess,-0.0388,0.00805861,0.00232344,0.00232344,0.001,0.5
1989-06-01,Telcm_excess,-0.0053,0.00603805,0.0144254,0.0144254,0.001,0.5
1989-06-01,Shops_excess,-0.0284,0.00741028,0.01614347,0.01614347,0.001,0.5
1989-06-01,Hlth_excess,-0.0366,0.00790814,0.00842662,0.00842662,0.001,0.5
1989-06-01,Utils_excess,0.0271,0.00600828,0.01338173,0.01338173,0.001,0.5
1989-06-01,Other_excess,0.0006,0.00626449,0.01127827,0.01127827,0.001,0.5
1989-07-01,NoDur_excess,0.112,0.00680307,0.01366129,0.01366129,0.001,0.5
1989-07-01,Durbl_excess,0.0454,0.00893573,0.00576962,0.00576962,0.001,0.5
1989-07-01,Manuf_excess,0.0692,0.00718253,0.00976309,0.00976309,0.001,0.5
1989-07-01,Enrgy_excess,0.0306,0.00767333,0.00688698,0.00688698,0.001,0.5
1989-07-01,HiTec_excess,0.0225,0.00799613,0.00316401,0.00316401,0.001,0.5
1989-07-01,Telcm_excess,0.0843,0.00602293,0.01392135,0.01392135,0.001,0.5
1989-07-01,Shops_excess,0.0847,0.00736253,0.01270406,0.01270406,0.001,0.5
1989-07-01,Hlth_excess,0.1287,0.0078488,0.00685374,0.00685374,0.001,0.5
1989-07-01,Utils_excess,0.0511,0.0060364,0.01342767,0.01342767,0.001,0.5
1989-07-01,Other_excess,0.0741,0.00625693,0.01233992,0.01233992,0.001,0.5
1989-08-01,NoDur_excess,-0.0272,0.00694314,0.01271574,0.01271574,0.001,0.5
1989-08-01,Durbl_excess,0.0415,0.00898429,0.00203915,0.00203915,0.001,0.5
1989-08-01,Manuf_excess,0.0364,0.00726511,0.00862875,0.00862875,0.001,0.5
1989-08-01,Enrgy_excess,0.0278,0.00770386,0.00482059,0.00482059,0.001,0.5
1989-08-01,HiTec_excess,0.0173,0.00801545,0.00170108,0.00170108,0.001,0.5
1989-08-01,Telcm_excess,0.0006,0.00612716,0.01272915,0.01272915,0.001,0.5
1989-08-01,Shops_excess,0.0187,0.00746551,0.01225321,0.01225321,0.001,0.5
1989-08-01,Hlth_excess,-0.0034,0.00800972,0.00908473,0.00908473,0.001,0.5
1989-08-01,Utils_excess,-0.0154,0.0060964,0.0106715,0.0106715,0.001,0.5
1989-08-01,Other_excess,0.0248,0.00634727,0.00947703,0.00947703,0.001,0.5
1989-09-01,NoDur_excess,-0.0122,0.00689774,0.00665651,0.00665651,0.001,0.5
1989-09-01,Durbl_excess,-0.0531,0.00902753,-0.00535149,0.0,0.001,0.5
1989-09-01,Manuf_excess,-0.0322,0.00730386,0.00246852,0.00246852,0.001,0.5
1989-09-01,Enrgy_excess,0.007,0.00773059,-0.00025026,0.0,0.001,0.5
1989-09-01,HiTec_excess,-0.0338,0.00802779,-0.00218923,0.0,0.001,0.5
1989-09-01,Telcm_excess,0.0338,0.00611981,0.00791463,0.00791463,0.001,0.5
1989-09-01,Shops_excess,-0.03,0.00748045,0.00699264,0.00699264,0.001,0.5
1989-09-01,Hlth_excess,0.0169,0.00799455,0.00778147,0.00778147,0.001,0.5
1989-09-01,Utils_excess,-0.0017,0.00606782,0.00583013,0.00583013,0.001,0.5
1989-09-01,Other_excess,0.0075,0.00637181,0.00026203,0.00026203,0.001,0.5
1989-10-01,NoDur_excess,-0.0313,0.00687238,0.00884427,0.00884427,0.001,0.5
1989-10-01,Durbl_excess,-0.0641,0.00894502,-0.00338743,0.0,0.001,0.5
1989-10-01,Manuf_excess,-0.0502,0.00725139,0.0031014,0.0031014,0.001,0.5
1989-10-01,Enrgy_excess,0.0007,0.00772961,0.00119135,0.00119135,0.001,0.5
1989-10-01,HiTec_excess,-0.0501,0.00797224,-0.00347278,0.0,0.001,0.5
1989-10-01,Telcm_excess,-0.0264,0.00615657,0.01077217,0.01077217,0.001,0.5
1989-10-01,Shops_excess,-0.0471,0.00743068,0.00894832,0.00894832,0.001,0.5
1989-10-01,Hlth_excess,-0.0031,0.00800637,0.00762206,0.00762206,0.001,0.5
1989-10-01,Utils_excess,0.0033,0.0060575,0.00651316,0.00651316,0.001,0.5
1989-10-01,Other_excess,-0.0558,0.00637331,0.00305941,0.00305941,0.001,0.5
1989-11-01,NoDur_excess,0.01,0.00682175,0.00952591,0.00952591,0.001,0.5
1989-11-01,Durbl_excess,-0.0181,0.00884814,-0.00126985,0.0,0.001,0.5
1989-11-01,Manuf_excess,0.0238,0.0071752,0.00468429,0.00468429,0.001,0.5
1989-11-01,Enrgy_excess,0.033,0.00772029,0.00349912,0.00349912,0.001,0.5
1989-11-01,HiTec_excess,-0.0272,0.00789523,-0.0064816,0.0,0.001,0.5
1989-11-01,Telcm_excess,0.0142,0.0061134,0.01050374,0.01050374,0.001,0.5
1989-11-01,Shops_excess,0.0053,0.00735836,0.00764281,0.00764281,0.001,0.5
1989-11-01,Hlth_excess,0.0387,0.00799164,0.0056263,0.0056263,0.001,0.5
1989-11-01,Utils_excess,0.0255,0.00605385,0.0078244,0.0078244,0.001,0.5
1989-11-01,Other_excess,-0.0074,0.00629085,0.00486007,0.00486007,0.001,0.5
1989-12-01,NoDur_excess,0.0078,0.00682596,0.00902753,0.00902753,0.001,0.5
1989-12-01,Durbl_excess,-0.0196,0.00881245,-0.00394426,0.0,0.001,0.5
1989-12-01,Manuf_excess,0.0235,0.00719722,0.00382731,0.00382731,0.001,0.5
1989-12-01,Enrgy_excess,0.0539,0.00775377,0.00244276,0.00244276,0.001,0.5
1989-12-01,HiTec_excess,-0.0166,0.00784874,-0.00426265,0.0,0.001,0.5
1989-12-01,Telcm_excess,0.0524,0.00612411,0.01093384,0.01093384,0.001,0.5
1989-12-01,Shops_excess,0.0061,0.00735563,0.00892538,0.00892538,0.001,0.5
1989-12-01,Hlth_excess,0.0043,0.00803232,0.0086528,0.0086528,0.001,0.5
1989-12-01,Utils_excess,0.0419,0.0060796,0.00713214,0.00713214,0.001,0.5
1989-12-01,Other_excess,-0.0221,0.00627272,0.00261068,0.00261068,0.001,0.5
1990-01-01,NoDur_excess,-0.1004,0.00682725,0.00574214,0.00574214,0.001,0.5
1990-01-01,Durbl_excess,-0.0409,0.00877487,-0.00776687,0.0,0.001,0.5
1990-01-01,Manuf_excess,-0.0688,0.00721878,-0.00031162,0.0,0.001,0.5
1990-01-01,Enrgy_excess,-0.0485,0.00781481,-0.00068836,0.0,0.001,0.5
1990-01-01,HiTec_excess,-0.0204,0.0078164,-0.00630039,0.0,0.001,0.5
1990-01-01,Telcm_excess,-0.1361,0.00618532,0.00910842,0.00910842,0.001,0.5
1990-01-01,Shops_excess,-0.0698,0.00735397,0.00438919,0.00438919,0.001,0.5
1990-01-01,Hlth_excess,-0.0787,0.00802738,0.00619945,0.00619945,0.001,0.5
1990-01-01,Utils_excess,-0.0592,0.00612698,0.00518549,0.00518549,0.001,0.5
1990-01-01,Other_excess,-0.0949,0.00623519,-0.00276627,0.0,0.001,0.5
1990-02-01,NoDur_excess,-0.0112,0.0066856,-0.00268969,0.0,0.001,0.5
1990-02-01,Durbl_excess,0.0448,0.00870925,-0.01970622,0.0,0.001,0.5
1990-02-01,Manuf_excess,0.0199,0.00711836,-0.00961073,0.0,0.001,0.5
1990-02-01,Enrgy_excess,0.0254,0.00774042,-0.0062348,0.0,0.001,0.5
1990-02-01,HiTec_excess,0.0347,0.00777913,-0.0169389,0.0,0.001,0.5
1990-02-01,Telcm_excess,-0.0083,0.00599736,0.00343461,0.00343461,0.001,0.5
1990-02-01,Shops_excess,0.0136,0.00725205,-0.00353608,0.0,0.001,0.5
1990-02-01,Hlth_excess,-0.0265,0.00791281,6.81e-05,6.81e-05,0.001,0.5
1990-02-01,Utils_excess,-0.0036,0.00604069,-0.00130032,0.0,0.001,0.5
1990-02-01,Other_excess,0.0195,0.00610159,-0.01329905,0.0,0.001,0.5
1990-03-01,NoDur_excess,0.0399,0.00666201,0.00224135,0.00224135,0.001,0.5
1990-03-01,Durbl_excess,0.0224,0.00875686,-0.01175075,0.0,0.001,0.5
1990-03-01,Manuf_excess,0.0324,0.00713522,-0.00515553,0.0,0.001,0.5
1990-03-01,Enrgy_excess,-0.0123,0.00776372,-0.00326267,0.0,0.001,0.5
1990-03-01,HiTec_excess,0.0399,0.00781464,-0.01205394,0.0,0.001,0.5
1990-03-01,Telcm_excess,0.0358,0.0059785,0.00690188,0.00690188,0.001,0.5
1990-03-01,Shops_excess,0.0452,0.00726042,0.00087611,0.00087611,0.001,0.5
1990-03-01,Hlth_excess,0.0316,0.00786741,0.00227163,0.00227163,0.001,0.5
1990-03-01,Utils_excess,-0.0139,0.00602797,0.00159201,0.00159201,0.001,0.5
1990-03-01,Other_excess,-0.0102,0.00611926,-0.00846977,0.0,0.001,0.5
1990-04-01,NoDur_excess,-0.0086,0.0067058,0.00341527,0.00341527,0.001,0.5
1990-04-01,Durbl_excess,-0.0477,0.00877484,-0.01059311,0.0,0.001,0.5
1990-04-01,Manuf_excess,-0.0346,0.00716851,-0.00433579,0.0,0.001,0.5
1990-04-01,Enrgy_excess,-0.0427,0.00773729,-0.00270055,0.0,0.001,0.5
1990-04-01,HiTec_excess,-0.0263,0.00785692,-0.0111627,0.0,0.001,0.5
1990-04-01,Telcm_excess,-0.0398,0.00601779,0.00654385,0.00654385,0.001,0.5
1990-04-01,Shops_excess,-0.0277,0.00731041,0.00277337,0.00277337,0.001,0.5
1990-04-01,Hlth_excess,-0.0035,0.00789868,0.00292972,0.00292972,0.001,0.5
1990-04-01,Utils_excess,-0.0621,0.00600171,0.00026945,0.00026945,0.001,0.5
1990-04-01,Other_excess,-0.0411,0.00609776,-0.00769543,0.0,0.001,0.5
1990-05-01,NoDur_excess,0.0841,0.00668566,0.00158642,0.00158642,0.001,0.5
1990-05-01,Durbl_excess,0.0707,0.00870053,-0.01156201,0.0,0.001,0.5
1990-05-01,Manuf_excess,0.0743,0.00711355,-0.00615021,0.0,0.001,0.5
1990-05-01,Enrgy_excess,0.0537,0.00767092,-0.00362223,0.0,0.001,0.5
1990-05-01,HiTec_excess,0.1173,0.00781197,-0.01205484,0.0,0.001,0.5
1990-05-01,Telcm_excess,0.0852,0.0059575,0.00436759,0.00436759,0.001,0.5
1990-05-01,Shops_excess,0.1085,0.00726434,-0.0007267,0.0,0.001,0.5
1990-05-01,Hlth_excess,0.1213,0.00788368,0.00289314,0.00289314,0.001,0.5
1990-05-01,Utils_excess,0.0475,0.00591211,-0.0025654,0.0,0.001,0.5
1990-05-01,Other_excess,0.085,0.00603566,-0.0117203,0.0,0.001,0.5
1990-06-01,NoDur_excess,0.0145,0.00678739,0.01172999,0.01172999,0.001,0.5
1990-06-01,Durbl_excess,-0.0284,0.008782,-0.00073119,0.0,0.001,0.5
1990-06-01,Manuf_excess,-0.0118,0.00720184,0.00081612,0.00081612,0.001,0.5
1990-06-01,Enrgy_excess,-0.0267,0.00773141,-0.00163302,0.0,0.001,0.5
1990-06-01,HiTec_excess,-0.019,0.00795585,-0.0047938,0.0,0.001,0.5
1990-06-01,Telcm_excess,-0.0537,0.00606163,0.01193665,0.01193665,0.001,0.5
1990-06-01,Shops_excess,0.009,0.00739737,0.01176869,0.01176869,0.001,0.5
1990-06-01,Hlth_excess,0.0379,0.00803272,0.00700591,0.00700591,0.001,0.5
1990-06-01,Utils_excess,0.0012,0.00596675,0.00656725,0.00656725,0.001,0.5
1990-06-01,Other_excess,-0.0236,0.00613942,0.00038463,0.00038463,0.001,0.5
1990-07-01,NoDur_excess,-0.0147,0.00679751,0.00597378,0.00597378,0.001,0.5
1990-07-01,Durbl_excess,-0.0413,0.0087332,-0.00837914,0.0,0.001,0.5
1990-07-01,Manuf_excess,-0.005,0.0071769,-0.00371135,0.0,0.001,0.5
1990-07-01,Enrgy_excess,0.0762,0.00768622,-0.00426738,0.0,0.001,0.5
1990-07-01,HiTec_excess,-0.0832,0.00792047,-0.00986664,0.0,0.001,0.5
1990-07-01,Telcm_excess,-0.051,0.0059832,0.00828354,0.00828354,0.001,0.5
1990-07-01,Shops_excess,-0.0482,0.00739948,0.00508769,0.00508769,0.001,0.5
1990-07-01,Hlth_excess,0.0199,0.00807192,0.00353201,0.00353201,0.001,0.5
1990-07-01,Utils_excess,0.0022,0.0059605,0.00178063,0.00178063,0.001,0.5
1990-07-01,Other_excess,-0.0426,0.00610039,-0.0056885,0.0,0.001,0.5
1990-08-01,NoDur_excess,-0.0803,0.00676933,0.00358267,0.00358267,0.001,0.5
1990-08-01,Durbl_excess,-0.149,0.00866763,-0.0105601,0.0,0.001,0.5
1990-08-01,Manuf_excess,-0.1266,0.00716094,-0.00564583,0.0,0.001,0.5
1990-08-01,Enrgy_excess,-0.0196,0.00777602,-0.0048406,0.0,0.001,0.5
1990-08-01,HiTec_excess,-0.127,0.00780105,-0.01087881,0.0,0.001,0.5
1990-08-01,Telcm_excess,-0.1104,0.00590852,0.00637697,0.00637697,0.001,0.5
1990-08-01,Shops_excess,-0.127,0.00732661,0.00157032,0.00157032,0.001,0.5
1990-08-01,Hlth_excess,-0.0731,0.00808742,0.00292152,0.00292152,0.001,0.5
1990-08-01,Utils_excess,-0.073,0.00595557,0.00052632,0.00052632,0.001,0.5
1990-08-01,Other_excess,-0.1196,0.00603657,-0.00889803,0.0,0.001,0.5
1990-09-01,NoDur_excess,-0.0467,0.00665537,-0.00567849,0.0,0.001,0.5
1990-09-01,Durbl_excess,-0.1123,0.00846126,-0.02118347,0.0,0.001,0.5
1990-09-01,Manuf_excess,-0.086,0.00698586,-0.0138342,0.0,0.001,0.5
1990-09-01,Enrgy_excess,-0.0222,0.00774018,-0.00820496,0.0,0.001,0.5
1990-09-01,HiTec_excess,-0.0715,0.00762461,-0.02024205,0.0,0.001,0.5
1990-09-01,Telcm_excess,0.0122,0.00575628,-0.00085349,0.0,0.001,0.5
1990-09-01,Shops_excess,-0.0937,0.00715079,-0.00900533,0.0,0.001,0.5
1990-09-01,Hlth_excess,-0.0492,0.00798115,-0.0023442,0.0,0.001,0.5
1990-09-01,Utils_excess,-0.0012,0.00585223,-0.0069894,0.0,0.001,0.5
1990-09-01,Other_excess,-0.1057,0.00587212,-0.01972926,0.0,0.001,0.5
1990-10-01,NoDur_excess,0.0182,0.00658562,0.00178973,0.00178973,0.001,0.5
1990-10-01,Durbl_excess,-0.0397,0.0083034,-0.01207944,0.0,0.001,0.5
1990-10-01,Manuf_excess,-0.0261,0.00686431,-0.00786076,0.0,0.001,0.5
1990-10-01,Enrgy_excess,-0.0465,0.00770105,-0.00324177,0.0,0.001,0.5
1990-10-01,HiTec_excess,-0.0385,0.00752118,-0.01501373,0.0,0.001,0.5
1990-10-01,Telcm_excess,0.0234,0.00576471,0.00565133,0.00565133,0.001,0.5
1990-10-01,Shops_excess,-0.0372,0.00701895,-0.00136535,0.0,0.001,0.5
1990-10-01,Hlth_excess,0.0078,0.00790641,0.0001902,0.0001902,0.001,0.5
1990-10-01,Utils_excess,0.0654,0.00584301,-0.00113373,0.0,0.001,0.5
1990-10-01,Other_excess,-0.0717,0.00572627,-0.01073919,0.0,0.001,0.5
1990-11-01,NoDur_excess,0.0599,0.00660078,0.00335182,0.00335182,0.001,0.5
1990-11-01,Durbl_excess,0.036,0.00824073,-0.00827214,0.0,0.001,0.5
1990-11-01,Manuf_excess,0.068,0.00682128,-0.00502723,0.0,0.001,0.5
1990-11-01,Enrgy_excess,0.0105,0.00763029,-0.001723,0.0,0.001,0.5
1990-11-01,HiTec_excess,0.1043,0.0074611,-0.01367437,0.0,0.001,0.5
1990-11-01,Telcm_excess,0.0155,0.00578773,0.00592348,0.00592348,0.001,0.5
1990-11-01,Shops_excess,0.0986,0.00696123,-0.0010074,0.0,0.001,0.5
1990-11-01,Hlth_excess,0.0911,0.00790627,0.00122018,0.00122018,0.001,0.5
1990-11-01,Utils_excess,0.0174,0.00592076,0.00091444,0.00091444,0.001,0.5
1990-11-01,Other_excess,0.1006,0.0056252,-0.00898417,0.0,0.001,0.5
1990-12-01,NoDur_excess,0.038,0.00667027,0.00864369,0.00864369,0.001,0.5
1990-12-01,Durbl_excess,-0.0101,0.00827692,-0.00136046,0.0,0.001,0.5
1990-12-01,Manuf_excess,0.0433,0.00690104,0.00042538,0.00042538,0.001,0.5
1990-12-01,Enrgy_excess,-0.0264,0.00763403,9.76e-05,9.76e-05,0.001,0.5
1990-12-01,HiTec_excess,0.0347,0.00758735,-0.00606234,0.0,0.001,0.5
1990-12-01,Telcm_excess,0.0091,0.00580039,0.00936495,0.00936495,0.001,0.5
1990-12-01,Shops_excess,0.027,0.0070807,0.00588528,0.00588528,0.001,0.5
1990-12-01,Hlth_excess,0.0227,0.00801473,0.00555645,0.00555645,0.001,0.5
1990-12-01,Utils_excess,0.0019,0.00593572,0.00485941,0.00485941,0.001,0.5
1990-12-01,Other_excess,0.0489,0.00574902,-0.00176973,0.0,0.001,0.5
1991-01-01,NoDur_excess,0.0458,0.00671107,0.00970634,0.00970634,0.001,0.5
1991-01-01,Durbl_excess,0.0685,0.00825299,-0.00034864,0.0,0.001,0.5
1991-01-01,Manuf_excess,0.0578,0.00694844,0.0013102,0.0013102,0.001,0.5
1991-01-01,Enrgy_excess,-0.0255,0.00758971,-0.00066044,0.0,0.001,0.5
1991-01-01,HiTec_excess,0.1456,0.00762266,-0.00210568,0.0,0.001,0.5
1991-01-01,Telcm_excess,-0.005,0.00580469,0.00995012,0.00995012,0.001,0.5
1991-01-01,Shops_excess,0.0887,0.00710664,0.00871392,0.00871392,0.001,0.5
1991-01-01,Hlth_excess,0.0426,0.00803385,0.00836556,0.00836556,0.001,0.5
1991-01-01,Utils_excess,-0.0189,0.00593047,0.00564414,0.00564414,0.001,0.5
1991-01-01,Other_excess,0.0687,0.00580521,-0.00114181,0.0,0.001,0.5
1991-02-01,NoDur_excess,0.0983,0.0067619,0.00511067,0.00511067,0.001,0.5
1991-02-01,Durbl_excess,0.0979,0.00833134,-0.00511782,0.0,0.001,0.5
1991-02-01,Manuf_excess,0.0536,0.00701456,-0.00282779,0.0,0.001,0.5
1991-02-01,Enrgy_excess,0.0808,0.00754668,-0.00373358,0.0,0.001,0.5
1991-02-01,HiTec_excess,0.0551,0.00780208,-0.00734791,0.0,0.001,0.5
1991-02-01,Telcm_excess,0.0255,0.00579064,0.00737444,0.00737444,0.001,0.5
1991-02-01,Shops_excess,0.0787,0.00721274,0.00395041,0.00395041,0.001,0.5
1991-02-01,Hlth_excess,0.0968,0.0080788,0.00371754,0.00371754,0.001,0.5
1991-02-01,Utils_excess,0.0436,0.00589818,0.00165634,0.00165634,0.001,0.5
1991-02-01,Other_excess,0.0932,0.005887,-0.00503451,0.0,0.001,0.5
1991-03-01,NoDur_excess,0.0438,0.00688078,0.00857146,0.00857146,0.001,0.5
1991-03-01,Durbl_excess,0.0078,0.00844766,-0.00102592,0.0,0.001,0.5
1991-03-01,Manuf_excess,0.0097,0.00707506,-0.00149417,0.0,0.001,0.5
1991-03-01,Enrgy_excess,0.0085,0.00764182,-0.00343762,0.0,0.001,0.5
1991-03-01,HiTec_excess,-0.0016,0.00786351,-0.00312264,0.0,0.001,0.5
1991-03-01,Telcm_excess,0.0186,0.00581623,0.00807952,0.00807952,0.001,0.5
1991-03-01,Shops_excess,0.0816,0.00730558,0.00883996,0.00883996,0.001,0.5
1991-03-01,Hlth_excess,0.058,0.00819403,0.00795754,0.00795754,0.001,0.5
1991-03-01,Utils_excess,0.0128,0.00594714,0.00381794,0.00381794,0.001,0.5
1991-03-01,Other_excess,0.0263,0.00600039,-0.00347747,0.0,0.001,0.5
1991-04-01,NoDur_excess,-0.0152,0.00692866,0.0081449,0.0081449,0.001,0.5
1991-04-01,Durbl_excess,-0.0281,0.00844682,-0.0014973,0.0,0.001,0.5
1991-04-01,Manuf_excess,-0.0003,0.00707847,-0.0021205,0.0,0.001,0.5
1991-04-01,Enrgy_excess,0.0187,0.00764293,-0.00340559,0.0,0.001,0.5
1991-04-01,HiTec_excess,-0.0324,0.00785123,-0.00376064,0.0,0.001,0.5
1991-04-01,Telcm_excess,0.006,0.00583281,0.00782137,0.00782137,0.001,0.5
1991-04-01,Shops_excess,0.0149,0.00740195,0.00859477,0.00859477,0.001,0.5
1991-04-01,Hlth_excess,-0.0174,0.00825863,0.00753622,0.00753622,0.001,0.5
1991-04-01,Utils_excess,-0.0058,0.00595603,0.00242011,0.00242011,0.001,0.5
1991-04-01,Other_excess,0.0081,0.00602672,-0.00391946,0.0,0.001,0.5
1991-05-01,NoDur_excess,0.0314,0.0069,0.00707776,0.00707776,0.001,0.5
1991-05-01,Durbl_excess,0.1441,0.00839948,-0.00192727,0.0,0.001,0.5
1991-05-01,Manuf_excess,0.0713,0.00706891,-0.00274189,0.0,0.001,0.5
1991-05-01,Enrgy_excess,-0.0189,0.00765725,-0.00306866,0.0,0.001,0.5
1991-05-01,HiTec_excess,0.0321,0.00779909,-0.00633924,0.0,0.001,0.5
1991-05-01,Telcm_excess,-0.0193,0.00583303,0.0070298,0.0070298,0.001,0.5
1991-05-01,Shops_excess,0.0725,0.00741166,0.0064385,0.0064385,0.001,0.5
1991-05-01,Hlth_excess,0.04,0.00822539,0.00572928,0.00572928,0.001,0.5
1991-05-01,Utils_excess,-0.0032,0.0059408,0.00062905,0.00062905,0.001,0.5
1991-05-01,Other_excess,0.0451,0.0060294,-0.00501118,0.0,0.001,0.5
1991-06-01,NoDur_excess,-0.0538,0.00693169,0.00394817,0.00394817,0.001,0.5
1991-06-01,Durbl_excess,-0.0491,0.00857503,-0.00535552,0.0,0.001,0.5
1991-06-01,Manuf_excess,-0.0468,0.00715201,-0.00613833,0.0,0.001,0.5
1991-06-01,Enrgy_excess,-0.0408,0.0076229,-0.00594219,0.0,0.001,0.5
1991-06-01,HiTec_excess,-0.0928,0.00783053,-0.0099128,0.0,0.001,0.5
1991-06-01,Telcm_excess,-0.0191,0.00580052,0.0051827,0.0051827,0.001,0.5
1991-06-01,Shops_excess,-0.0473,0.00749586,0.00371818,0.00371818,0.001,0.5
1991-06-01,Hlth_excess,-0.0461,0.00826649,0.00372523,0.00372523,0.001,0.5
1991-06-01,Utils_excess,-0.0279,0.00592898,-0.00277945,0.0,0.001,0.5
1991-06-01,Other_excess,-0.0566,0.00607995,-0.00944913,0.0,0.001,0.5
1991-07-01,NoDur_excess,0.0528,0.00685323,0.00158935,0.00158935,0.001,0.5
1991-07-01,Durbl_excess,-0.0091,0.00850052,-0.00893917,0.0,0.001,0.5
1991-07-01,Manuf_excess,0.0262,0.0070823,-0.00969573,0.0,0.001,0.5
1991-07-01,Enrgy_excess,0.0454,0.00756034,-0.00827134,0.0,0.001,0.5
1991-07-01,HiTec_excess,0.0426,0.00770052,-0.0130812,0.0,0.001,0.5
1991-07-01,Telcm_excess,0.0262,0.00576835,0.00383816,0.00383816,0.001,0.5
1991-07-01,Shops_excess,0.0482,0.00742506,0.00043441,0.00043441,0.001,0.5
1991-07-01,Hlth_excess,0.0802,0.00819625,0.00187005,0.00187005,0.001,0.5
1991-07-01,Utils_excess,0.035,0.00588527,-0.00462878,0.0,0.001,0.5
1991-07-01,Other_excess,0.0425,0.00599897,-0.01370983,0.0,0.001,0.5
1991-08-01,NoDur_excess,0.0502,0.00691252,0.0059114,0.0059114,0.001,0.5
1991-08-01,Durbl_excess,-0.0261,0.00847781,-0.00498081,0.0,0.001,0.5
1991-08-01,Manuf_excess,0.014,0.00710697,-0.00662679,0.0,0.001,0.5
1991-08-01,Enrgy_excess,0.0117,0.00760916,-0.00707459,0.0,0.001,0.5
1991-08-01,HiTec_excess,0.0238,0.00774555,-0.01056866,0.0,0.001,0.5
1991-08-01,Telcm_excess,0.002,0.00579471,0.00592355,0.00592355,0.001,0.5
1991-08-01,Shops_excess,0.0314,0.00747768,0.00562048,0.00562048,0.001,0.5
1991-08-01,Hlth_excess,0.0249,0.00828916,0.00436797,0.00436797,0.001,0.5
1991-08-01,Utils_excess,0.0306,0.00592284,-0.00183189,0.0,0.001,0.5
1991-08-01,Other_excess,0.0275,0.00604606,-0.00948556,0.0,0.001,0.5
1991-09-01,NoDur_excess,-0.037,0.0069683,0.0059747,0.0059747,0.001,0.5
1991-09-01,Durbl_excess,-0.0313,0.00843325,-0.00498393,0.0,0.001,0.5
1991-09-01,Manuf_excess,-0.0277,0.00711585,-0.00600009,0.0,0.001,0.5
1991-09-01,Enrgy_excess,-0.0114,0.00761443,-0.00656808,0.0,0.001,0.5
1991-09-01,HiTec_excess,-0.0194,0.00776624,-0.0120465,0.0,0.001,0.5
1991-09-01,Telcm_excess,-0.0009,0.00578982,0.00580038,0.00580038,0.001,0.5
1991-09-01,Shops_excess,-0.0362,0.00750851,0.00464663,0.00464663,0.001,0.5
1991-09-01,Hlth_excess,-0.0079,0.00831057,0.00267664,0.00267664,0.001,0.5
1991-09-01,Utils_excess,0.0326,0.00595464,-0.00249318,0.0,0.001,0.5
1991-09-01,Other_excess,-0.0113,0.00607371,-0.00844951,0.0,0.001,0.5
1991-10-01,NoDur_excess,-0.0096,0.00691171,0.00425356,0.00425356,0.001,0.5
1991-10-01,Durbl_excess,-0.0241,0.00838211,-0.00798594,0.0,0.001,0.5
1991-10-01,Manuf_excess,0.0106,0.00707104,-0.0084057,0.0,0.001,0.5
1991-10-01,Enrgy_excess,0.0164,0.00758996,-0.00831994,0.0,0.001,0.5
1991-10-01,HiTec_excess,0.0171,0.00773127,-0.01290271,0.0,0.001,0.5
1991-10-01,Telcm_excess,0.0151,0.00578121,0.00570656,0.00570656,0.001,0.5
1991-10-01,Shops_excess,-0.0236,0.00745225,0.00350384,0.00350384,0.001,0.5
1991-10-01,Hlth_excess,0.0611,0.0082897,0.00159573,0.00159573,0.001,0.5
1991-10-01,Utils_excess,0.0083,0.00598893,-0.00272065,0.0,0.001,0.5
1991-10-01,Other_excess,0.0183,0.00605135,-0.01026388,0.0,0.001,0.5
1991-11-01,NoDur_excess,-0.0081,0.00689049,0.00051665,0.00051665,0.001,0.5
1991-11-01,Durbl_excess,-0.0841,0.00834036,-0.0111792,0.0,0.001,0.5
1991-11-01,Manuf_excess,-0.0596,0.00707558,-0.01097239,0.0,0.001,0.5
1991-11-01,Enrgy_excess,-0.0814,0.00760129,-0.01000519,0.0,0.001,0.5
1991-11-01,HiTec_excess,-0.0471,0.00774332,-0.01400425,0.0,0.001,0.5
1991-11-01,Telcm_excess,-0.0514,0.00579319,0.00311281,0.00311281,0.001,0.5
1991-11-01,Shops_excess,-0.0159,0.00741234,-0.00137165,0.0,0.001,0.5
1991-11-01,Hlth_excess,-0.0292,0.00835758,0.00098381,0.00098381,0.001,0.5
1991-11-01,Utils_excess,0.0151,0.0059919,-0.00601789,0.0,0.001,0.5
1991-11-01,Other_excess,-0.058,0.0060671,-0.01510095,0.0,0.001,0.5
1991-12-01,NoDur_excess,0.1439,0.00687125,0.0011216,0.0011216,0.001,0.5
1991-12-01,Durbl_excess,0.0723,0.00822169,-0.01081868,0.0,0.001,0.5
1991-12-01,Manuf_excess,0.112,0.00698999,-0.01218565,0.0,0.001,0.5
1991-12-01,Enrgy_excess,0.0177,0.00748703,-0.01133853,0.0,0.001,0.5
1991-12-01,HiTec_excess,0.0891,0.00767291,-0.01469832,0.0,0.001,0.5
1991-12-01,Telcm_excess,0.0947,0.00571977,0.00287574,0.00287574,0.001,0.5
1991-12-01,Shops_excess,0.1266,0.00738241,-0.00026642,0.0,0.001,0.5
1991-12-01,Hlth_excess,0.1622,0.00830937,0.0006016,0.0006016,0.001,0.5
1991-12-01,Utils_excess,0.0463,0.00600359,-0.00499442,0.0,0.001,0.5
1991-12-01,Other_excess,0.1238,0.00598485,-0.0154073,0.0,0.001,0.5
1992-01-01,NoDur_excess,-0.0346,0.00704692,0.00774282,0.00774282,0.001,0.5
1992-01-01,Durbl_excess,0.1016,0.00830385,-0.0018265,0.0,0.001,0.5
1992-01-01,Manuf_excess,0.0197,0.00712462,-0.00438276,0.0,0.001,0.5
1992-01-01,Enrgy_excess,-0.0447,0.00750013,-0.00816323,0.0,0.001,0.5
1992-01-01,HiTec_excess,0.0609,0.00777731,-0.0100238,0.0,0.001,0.5
1992-01-01,Telcm_excess,-0.0322,0.00583385,0.00676969,0.00676969,0.001,0.5
1992-01-01,Shops_excess,-0.0006,0.00753526,0.00570597,0.00570597,0.001,0.5
1992-01-01,Hlth_excess,-0.0578,0.00850667,0.00355939,0.00355939,0.001,0.5
1992-01-01,Utils_excess,-0.0491,0.00605526,-0.00188624,0.0,0.001,0.5
1992-01-01,Other_excess,0.0165,0.0061359,-0.005784,0.0,0.001,0.5
1992-02-01,NoDur_excess,0.0077,0.0069936,-0.00185563,0.0,0.001,0.5
1992-02-01,Durbl_excess,0.1208,0.0084233,-0.01298,0.0,0.001,0.5
1992-02-01,Manuf_excess,0.0192,0.00714072,-0.01466097,0.0,0.001,0.5
1992-02-01,Enrgy_excess,-0.0082,0.00743329,-0.01530266,0.0,0.001,0.5
1992-02-01,HiTec_excess,0.0353,0.00784533,-0.01361005,0.0,0.001,0.5
1992-02-01,Telcm_excess,-0.0173,0.00578515,0.00085066,0.00085066,0.001,0.5
1992-02-01,Shops_excess,0.0236,0.00752484,-0.00205251,0.0,0.001,0.5
1992-02-01,Hlth_excess,-0.0302,0.00842177,0.00070948,0.00070948,0.001,0.5
1992-02-01,Utils_excess,-0.0152,0.00598464,-0.00884206,0.0,0.001,0.5
1992-02-01,Other_excess,0.0279,0.00614917,-0.01946716,0.0,0.001,0.5
1992-03-01,NoDur_excess,-0.0185,0.0069945,0.00069208,0.00069208,0.001,0.5
1992-03-01,Durbl_excess,0.0046,0.00856701,-0.00663966,0.0,0.001,0.5
1992-03-01,Manuf_excess,-0.015,0.00715614,-0.01151476,0.0,0.001,0.5
1992-03-01,Enrgy_excess,-0.0306,0.0074133,-0.01403143,0.0,0.001,0.5
1992-03-01,HiTec_excess,-0.0541,0.00788043,-0.01253455,0.0,0.001,0.5
1992-03-01,Telcm_excess,-0.0121,0.00575563,0.00268684,0.00268684,0.001,0.5
1992-03-01,Shops_excess,-0.017,0.0075454,0.00017325,0.00017325,0.001,0.5
1992-03-01,Hlth_excess,-0.0587,0.00837238,-0.00053348,0.0,0.001,0.5
1992-03-01,Utils_excess,-0.0087,0.00595754,-0.00735681,0.0,0.001,0.5
1992-03-01,Other_excess,-0.0253,0.00617698,-0.01406598,0.0,0.001,0.5
1992-04-01,NoDur_excess,0.0044,0.00696194,-0.00617519,0.0,0.001,0.5
1992-04-01,Durbl_excess,0.0763,0.00856194,-0.01449828,0.0,0.001,0.5
1992-04-01,Manuf_excess,0.0271,0.00712784,-0.01788592,0.0,0.001,0.5
1992-04-01,Enrgy_excess,0.0914,0.00736475,-0.01786568,0.0,0.001,0.5
1992-04-01,HiTec_excess,-0.0122,0.00780128,-0.0193763,0.0,0.001,0.5
1992-04-01,Telcm_excess,0.0678,0.00573282,-0.00056103,0.0,0.001,0.5
1992-04-01,Shops_excess,-0.0383,0.00751405,-0.00889297,0.0,0.001,0.5
1992-04-01,Hlth_excess,-0.0262,0.00828672,-0.00606888,0.0,0.001,0.5
1992-04-01,Utils_excess,0.0237,0.00593883,-0.01224869,0.0,0.001,0.5
1992-04-01,Other_excess,0.003,0.00613678,-0.02212328,0.0,0.001,0.5
1992-05-01,NoDur_excess,0.0103,0.00695867,-0.00177932,0.0,0.001,0.5
1992-05-01,Durbl_excess,-0.0221,0.00864834,-0.0055369,0.0,0.001,0.5
1992-05-01,Manuf_excess,-0.0089,0.00715332,-0.01270262,0.0,0.001,0.5
1992-05-01,Enrgy_excess,0.0287,0.00747194,-0.0137489,0.0,0.001,0.5
1992-05-01,HiTec_excess,-0.0018,0.00777577,-0.01495768,0.0,0.001,0.5
1992-05-01,Telcm_excess,-0.0289,0.00581199,0.00190124,0.00190124,0.001,0.5
1992-05-01,Shops_excess,-0.0004,0.00745561,-0.00467102,0.0,0.001,0.5
1992-05-01,Hlth_excess,0.0083,0.00824273,-0.00292456,0.0,0.001,0.5
1992-05-01,Utils_excess,0.0226,0.00596148,-0.0082819,0.0,0.001,0.5
1992-05-01,Other_excess,0.0119,0.00613278,-0.01698955,0.0,0.001,0.5
1992-06-01,NoDur_excess,-0.0313,0.00696293,0.00427681,0.00427681,0.001,0.5
1992-06-01,Durbl_excess,0.0186,0.00860917,0.0003145,0.0003145,0.001,0.5
1992-06-01,Manuf_excess,-0.0357,0.00713287,-0.00803561,0.0,0.001,0.5
1992-06-01,Enrgy_excess,-0.0382,0.00749898,-0.01092369,0.0,0.001,0.5
1992-06-01,HiTec_excess,-0.0437,0.00776357,-0.00943557,0.0,0.001,0.5
1992-06-01,Telcm_excess,0.0117,0.00576777,0.0048164,0.0048164,0.001,0.5
1992-06-01,Shops_excess,-0.0224,0.00744561,0.00338884,0.00338884,0.001,0.5
1992-06-01,Hlth_excess,-0.051,0.0082428,0.00089991,0.00089991,0.001,0.5
1992-06-01,Utils_excess,0.0022,0.00598268,-0.00251115,0.0,0.001,0.5
1992-06-01,Other_excess,-0.0038,0.00614013,-0.00926192,0.0,0.001,0.5
1992-07-01,NoDur_excess,0.0436,0.00691425,-0.00168638,0.0,0.001,0.5
1992-07-01,Durbl_excess,-0.0001,0.00862188,-0.00488824,0.0,0.001,0.5
1992-07-01,Manuf_excess,0.026,0.00707837,-0.01229788,0.0,0.001,0.5
1992-07-01,Enrgy_excess,0.0497,0.00744084,-0.01253107,0.0,0.001,0.5
1992-07-01,HiTec_excess,0.0255,0.00769809,-0.01453274,0.0,0.001,0.5
1992-07-01,Telcm_excess,0.0515,0.00577532,0.00251734,0.00251734,0.001,0.5
1992-07-01,Shops_excess,0.0352,0.00740763,-0.00459412,0.0,0.001,0.5
1992-07-01,Hlth_excess,0.0548,0.00816743,-0.0040417,0.0,0.001,0.5
1992-07-01,Utils_excess,0.0642,0.00597786,-0.00633373,0.0,0.001,0.5
1992-07-01,Other_excess,0.0281,0.00612748,-0.01376219,0.0,0.001,0.5
1992-08-01,NoDur_excess,0.0061,0.00696086,0.00275071,0.00275071,0.001,0.5
1992-08-01,Durbl_excess,-0.0987,0.0086108,0.00126743,0.00126743,0.001,0.5
1992-08-01,Manuf_excess,-0.0379,0.00710241,-0.00722715,0.0,0.001,0.5
1992-08-01,Enrgy_excess,0.0229,0.00749454,-0.00891278,0.0,0.001,0.5
1992-08-01,HiTec_excess,-0.0464,0.00772071,-0.0097535,0.0,0.001,0.5
1992-08-01,Telcm_excess,-0.0123,0.00583342,0.00524613,0.00524613,0.001,0.5
1992-08-01,Shops_excess,-0.0076,0.00744295,0.00042364,0.00042364,0.001,0.5
1992-08-01,Hlth_excess,-0.0372,0.00822668,-0.00124856,0.0,0.001,0.5
1992-08-01,Utils_excess,-0.0073,0.00605184,-0.00265613,0.0,0.001,0.5
1992-08-01,Other_excess,-0.0372,0.0061554,-0.00744064,0.0,0.001,0.5
1992-09-01,NoDur_excess,0.008,0.00695977,-0.00033497,0.0,0.001,0.5
1992-09-01,Durbl_excess,-0.0016,0.00847462,-0.00510579,0.0,0.001,0.5
1992-09-01,Manuf_excess,0.0153,0.0070453,-0.01129817,0.0,0.001,0.5
1992-09-01,Enrgy_excess,-0.0013,0.00751409,-0.00986153,0.0,0.001,0.5
1992-09-01,HiTec_excess,0.0307,0.00765203,-0.01159891,0.0,0.001,0.5
1992-09-01,Telcm_excess,0.0165,0.00581041,0.00287692,0.00287692,0.001,0.5
1992-09-01,Shops_excess,0.0382,0.00742386,-0.00236064,0.0,0.001,0.5
1992-09-01,Hlth_excess,-0.0512,0.00816904,-0.00212371,0.0,0.001,0.5
1992-09-01,Utils_excess,0.0057,0.0060349,-0.0044466,0.0,0.001,0.5
1992-09-01,Other_excess,0.0318,0.00610038,-0.01249429,0.0,0.001,0.5
1992-10-01,NoDur_excess,-0.0105,0.00696109,-0.001561,0.0,0.001,0.5
1992-10-01,Durbl_excess,-0.0025,0.00846185,-0.00456052,0.0,0.001,0.5
1992-10-01,Manuf_excess,0.0073,0.00705577,-0.00988796,0.0,0.001,0.5
1992-10-01,Enrgy_excess,-0.0373,0.00750292,-0.00806739,0.0,0.001,0.5
1992-10-01,HiTec_excess,0.0172,0.00768124,-0.01199136,0.0,0.001,0.5
1992-10-01,Telcm_excess,-0.0078,0.00582395,0.00260442,0.00260442,0.001,0.5
1992-10-01,Shops_excess,0.0413,0.00746286,-0.00496663,0.0,0.001,0.5
1992-10-01,Hlth_excess,0.0311,0.00809379,-0.00424186,0.0,0.001,0.5
1992-10-01,Utils_excess,-0.0065,0.00603447,-0.005969,0.0,0.001,0.5
1992-10-01,Other_excess,0.0275,0.00613295,-0.01130997,0.0,0.001,0.5
1992-11-01,NoDur_excess,0.0339,0.00693899,-0.00538793,0.0,0.001,0.5
1992-11-01,Durbl_excess,0.0835,0.00844797,-0.00850166,0.0,0.001,0.5
1992-11-01,Manuf_excess,0.037,0.00705608,-0.01341656,0.0,0.001,0.5
1992-11-01,Enrgy_excess,-0.0294,0.0074462,-0.0106869,0.0,0.001,0.5
1992-11-01,HiTec_excess,0.0635,0.00769329,-0.01278078,0.0,0.001,0.5
1992-11-01,Telcm_excess,0.0365,0.00580671,0.00044997,0.00044997,0.001,0.5
1992-11-01,Shops_excess,0.0685,0.0075057,-0.0080793,0.0,0.001,0.5
1992-11-01,Hlth_excess,0.0461,0.00812291,-0.0048986,0.0,0.001,0.5
1992-11-01,Utils_excess,-0.0046,0.00601861,-0.00858012,0.0,0.001,0.5
1992-11-01,Other_excess,0.0588,0.00616,-0.01548113,0.0,0.001,0.5
1992-12-01,NoDur_excess,-0.0023,0.00697307,0.00218458,0.00218458,0.001,0.5
1992-12-01,Durbl_excess,0.0307,0.00854286,7.522e-05,7.522e-05,0.001,0.5
1992-12-01,Manuf_excess,0.0116,0.00709393,-0.00742619,0.0,0.001,0.5
1992-12-01,Enrgy_excess,0.0171,0.00739962,-0.00913613,0.0,0.001,0.5
1992-12-01,HiTec_excess,-0.0026,0.00776384,-0.00545393,0.0,0.001,0.5
1992-12-01,Telcm_excess,0.0536,0.00584551,0.00465387,0.00465387,0.001,0.5
1992-12-01,Shops_excess,0.0033,0.00758281,0.00144018,0.00144018,0.001,0.5
1992-12-01,Hlth_excess,-0.0163,0.00817092,0.00031258,0.00031258,0.001,0.5
1992-12-01,Utils_excess,0.0243,0.00600518,-0.00268209,0.0,0.001,0.5
1992-12-01,Other_excess,0.0352,0.00622655,-0.00692909,0.0,0.001,0.5
1993-01-01,NoDur_excess,-0.0103,0.00696136,0.00537373,0.00537373,0.001,0.5
1993-01-01,Durbl_excess,0.0935,0.00857083,0.0048501,0.0048501,0.001,0.5
1993-01-01,Manuf_excess,-0.0007,0.00709962,-0.00352797,0.0,0.001,0.5
1993-01-01,Enrgy_excess,0.0255,0.00741187,-0.00663835,0.0,0.001,0.5
1993-01-01,HiTec_excess,0.0457,0.00775076,-0.00217227,0.0,0.001,0.5
1993-01-01,Telcm_excess,0.011,0.00590581,0.00699003,0.00699003,0.001,0.5
1993-01-01,Shops_excess,-0.0014,0.0075774,0.00458419,0.00458419,0.001,0.5
1993-01-01,Hlth_excess,-0.071,0.00814003,0.00197511,0.00197511,0.001,0.5
1993-01-01,Utils_excess,0.0223,0.00602828,0.00038673,0.00038673,0.001,0.5
1993-01-01,Other_excess,0.0313,0.00626313,-0.00184263,0.0,0.001,0.5
1993-02-01,NoDur_excess,-0.0236,0.0069396,0.0014656,0.0014656,0.001,0.5
1993-02-01,Durbl_excess,-0.0052,0.00867793,0.00177777,0.00177777,0.001,0.5
1993-02-01,Manuf_excess,0.0149,0.00708979,-0.00682866,0.0,0.001,0.5
1993-02-01,Enrgy_excess,0.058,0.00743468,-0.00738182,0.0,0.001,0.5
1993-02-01,HiTec_excess,-0.0075,0.00779861,-0.00643533,0.0,0.001,0.5
1993-02-01,Telcm_excess,0.0538,0.00591223,0.00600628,0.00600628,0.001,0.5
1993-02-01,Shops_excess,-0.017,0.00756608,0.00013828,0.00013828,0.001,0.5
1993-02-01,Hlth_excess,-0.0923,0.00804023,-0.00298072,0.0,0.001,0.5
1993-02-01,Utils_excess,0.0601,0.0060488,-0.00240052,0.0,0.001,0.5
1993-02-01,Other_excess,0.0013,0.0062947,-0.00412496,0.0,0.001,0.5
1993-03-01,NoDur_excess,-0.0025,0.00690113,0.00078785,0.00078785,0.001,0.5
1993-03-01,Durbl_excess,0.0515,0.00866045,0.00219179,0.00219179,0.001,0.5
1993-03-01,Manuf_excess,0.0195,0.00709962,-0.0053218,0.0,0.001,0.5
1993-03-01,Enrgy_excess,0.0384,0.00749836,-0.00511058,0.0,0.001,0.5
1993-03-01,HiTec_excess,0.02,0.00777935,-0.00651035,0.0,0.001,0.5
1993-03-01,Telcm_excess,0.031,0.00597254,0.00622634,0.00622634,0.001,0.5
1993-03-01,Shops_excess,0.0253,0.00753514,-0.00142647,0.0,0.001,0.5
1993-03-01,Hlth_excess,0.0048,0.00791385,-0.00413469,0.0,0.001,0.5
1993-03-01,Utils_excess,0.0151,0.00611688,-0.00176559,0.0,0.001,0.5
1993-03-01,Other_excess,0.0355,0.00628841,-0.00379783,0.0,0.001,0.5
1993-04-01,NoDur_excess,-0.0956,0.00688931,-0.00281338,0.0,0.001,0.5
1993-04-01,Durbl_excess,0.022,0.00871434,-0.00345511,0.0,0.001,0.5
1993-04-01,Manuf_excess,-0.002,0.00711522,-0.00927855,0.0,0.001,0.5
1993-04-01,Enrgy_excess,0.0086,0.00753723,-0.00754268,0.0,0.001,0.5
1993-04-01,HiTec_excess,-0.0382,0.00779472,-0.00928751,0.0,0.001,0.5
1993-04-01,Telcm_excess,-0.0312,0.00600403,0.00441495,0.00441495,0.001,0.5
1993-04-01,Shops_excess,-0.0833,0.00755748,-0.00457522,0.0,0.001,0.5
1993-04-01,Hlth_excess,0.0105,0.00790994,-0.00420132,0.0,0.001,0.5
1993-04-01,Utils_excess,-0.0039,0.00612818,-0.00396228,0.0,0.001,0.5
1993-04-01,Other_excess,-0.0352,0.00632516,-0.00999262,0.0,0.001,0.5
1993-05-01,NoDur_excess,0.0245,0.00676055,-0.00382825,0.0,0.001,0.5
1993-05-01,Durbl_excess,0.0088,0.00873103,-0.0019487,0.0,0.001,0.5
1993-05-01,Manuf_excess,0.0212,0.00710377,-0.00876983,0.0,0.001,0.5
1993-05-01,Enrgy_excess,0.016,0.00753857,-0.00727007,0.0,0.001,0.5
1993-05-01,HiTec_excess,0.0852,0.00773693,-0.00892535,0.0,0.001,0.5
1993-05-01,Telcm_excess,0.0394,0.00595729,0.00439528,0.00439528,0.001,0.5
1993-05-01,Shops_excess,0.0565,0.00744334,-0.00518134,0.0,0.001,0.5
1993-05-01,Hlth_excess,0.0338,0.00791319,-0.00409077,0.0,0.001,0.5
1993-05-01,Utils_excess,-0.0026,0.00611558,-0.00343415,0.0,0.001,0.5
1993-05-01,Other_excess,0.0142,0.00627299,-0.00960368,0.0,0.001,0.5
1993-06-01,NoDur_excess,-0.0094,0.00678281,-0.00366828,0.0,0.001,0.5
1993-06-01,Durbl_excess,0.032,0.00873112,-0.00201339,0.0,0.001,0.5
1993-06-01,Manuf_excess,-0.0052,0.00712146,-0.00847584,0.0,0.001,0.5
1993-06-01,Enrgy_excess,-0.0136,0.00754918,-0.00752187,0.0,0.001,0.5
1993-06-01,HiTec_excess,-0.0077,0.00783413,-0.00713909,0.0,0.001,0.5
1993-06-01,Telcm_excess,0.0439,0.00599925,0.00481387,0.00481387,0.001,0.5
1993-06-01,Shops_excess,-0.0314,0.00750489,-0.00530656,0.0,0.001,0.5
1993-06-01,Hlth_excess,-0.0323,0.00794567,-0.00361427,0.0,0.001,0.5
1993-06-01,Utils_excess,0.0294,0.00610464,-0.00395695,0.0,0.001,0.5
1993-06-01,Other_excess,0.0205,0.00628294,-0.01005292,0.0,0.001,0.5
1993-07-01,NoDur_excess,-0.026,0.00676253,-0.00025088,0.0,0.001,0.5
1993-07-01,Durbl_excess,0.0125,0.00876028,0.00237381,0.00237381,0.001,0.5
1993-07-01,Manuf_excess,-0.0035,0.00710602,-0.0045195,0.0,0.001,0.5
1993-07-01,Enrgy_excess,0.0023,0.00752268,-0.00512392,0.0,0.001,0.5
1993-07-01,HiTec_excess,-0.0408,0.00781466,-0.00549906,0.0,0.001,0.5
1993-07-01,Telcm_excess,0.019,0.00604674,0.00759809,0.00759809,0.001,0.5
1993-07-01,Shops_excess,0.0049,0.00745614,-0.00227211,0.0,0.001,0.5
1993-07-01,Hlth_excess,-0.0622,0.00789524,-0.0036251,0.0,0.001,0.5
1993-07-01,Utils_excess,0.017,0.00613383,-0.00074675,0.0,0.001,0.5
1993-07-01,Other_excess,0.0182,0.00630075,-0.00439238,0.0,0.001,0.5
1993-08-01,NoDur_excess,0.0405,0.00672153,-0.00270607,0.0,0.001,0.5
1993-08-01,Durbl_excess,0.0022,0.00876496,-0.00023944,0.0,0.001,0.5
1993-08-01,Manuf_excess,0.0323,0.00709274,-0.00641606,0.0,0.001,0.5
1993-08-01,Enrgy_excess,0.0403,0.00751615,-0.00620136,0.0,0.001,0.5
1993-08-01,HiTec_excess,0.0632,0.00775382,-0.00598342,0.0,0.001,0.5
1993-08-01,Telcm_excess,0.05,0.00606295,0.00597425,0.00597425,0.001,0.5
1993-08-01,Shops_excess,0.0368,0.00745294,-0.00451483,0.0,0.001,0.5
1993-08-01,Hlth_excess,0.0278,0.00780751,-0.00377023,0.0,0.001,0.5
1993-08-01,Utils_excess,0.0345,0.00614743,-0.00194274,0.0,0.001,0.5
1993-08-01,Other_excess,0.0322,0.00631564,-0.00764664,0.0,0.001,0.5
1993-09-01,NoDur_excess,-0.021,0.00676375,-0.00103589,0.0,0.001,0.5
1993-09-01,Durbl_excess,0.0074,0.00875675,0.00053043,0.00053043,0.001,0.5
1993-09-01,Manuf_excess,-0.0215,0.00712425,-0.00435653,0.0,0.001,0.5
1993-09-01,Enrgy_excess,0.0108,0.00755712,-0.00430159,0.0,0.001,0.5
1993-09-01,HiTec_excess,0.0094,0.00782312,-0.00541312,0.0,0.001,0.5
1993-09-01,Telcm_excess,-0.0074,0.00611787,0.00789635,0.00789635,0.001,0.5
1993-09-01,Shops_excess,-0.0064,0.00748962,-0.00260405,0.0,0.001,0.5
1993-09-01,Hlth_excess,0.0058,0.0078325,-0.00446266,0.0,0.001,0.5
1993-09-01,Utils_excess,-0.009,0.00618287,-0.0003897,0.0,0.001,0.5
1993-09-01,Other_excess,0.0152,0.006348,-0.00401798,0.0,0.001,0.5
1993-10-01,NoDur_excess,0.0582,0.00672909,-0.00283126,0.0,0.001,0.5
1993-10-01,Durbl_excess,0.0751,0.00875506,-0.00267029,0.0,0.001,0.5
1993-10-01,Manuf_excess,0.0286,0.00708851,-0.00785075,0.0,0.001,0.5
1993-10-01,Enrgy_excess,-0.0219,0.00756117,-0.00673546,0.0,0.001,0.5
1993-10-01,HiTec_excess,0.0143,0.00782509,-0.00476954,0.0,0.001,0.5
1993-10-01,Telcm_excess,0.022,0.006101,0.00550749,0.00550749,0.001,0.5
1993-10-01,Shops_excess,0.0437,0.00747228,-0.00318011,0.0,0.001,0.5
1993-10-01,Hlth_excess,0.0571,0.00782996,-0.00230496,0.0,0.001,0.5
1993-10-01,Utils_excess,-0.0219,0.00616392,-0.00120264,0.0,0.001,0.5
1993-10-01,Other_excess,-0.0255,0.00635905,-0.00844578,0.0,0.001,0.5
1993-11-01,NoDur_excess,0.0044,0.00679327,-0.00490004,0.0,0.001,0.5
1993-11-01,Durbl_excess,0.0042,0.00883778,-0.00468983,0.0,0.001,0.5
1993-11-01,Manuf_excess,0.0109,0.00711534,-0.00854551,0.0,0.001,0.5
1993-11-01,Enrgy_excess,-0.0624,0.00752444,-0.00649809,0.0,0.001,0.5
1993-11-01,HiTec_excess,-0.0048,0.00783317,-0.00778653,0.0,0.001,0.5
1993-11-01,Telcm_excess,-0.0621,0.00612082,0.00497303,0.00497303,0.001,0.5
1993-11-01,Shops_excess,0.0051,0.00751746,-0.00673658,0.0,0.001,0.5
1993-11-01,Hlth_excess,0.0073,0.0078914,-0.00487549,0.0,0.001,0.5
1993-11-01,Utils_excess,-0.0577,0.00612893,-0.00366898,0.0,0.001,0.5
1993-11-01,Other_excess,-0.0308,0.00631933,-0.00981981,0.0,0.001,0.5
1993-12-01,NoDur_excess,0.0124,0.00679029,-0.0060996,0.0,0.001,0.5
1993-12-01,Durbl_excess,0.0421,0.008832,-0.00605846,0.0,0.001,0.5
1993-12-01,Manuf_excess,0.0353,0.00712005,-0.01078426,0.0,0.001,0.5
1993-12-01,Enrgy_excess,0.0037,0.00743736,-0.00944477,0.0,0.001,0.5
1993-12-01,HiTec_excess,0.0272,0.00781743,-0.00614844,0.0,0.001,0.5
1993-12-01,Telcm_excess,-0.0076,0.00603587,0.00274856,0.00274856,0.001,0.5
1993-12-01,Shops_excess,-0.0211,0.00751445,-0.00802522,0.0,0.001,0.5
1993-12-01,Hlth_excess,0.0209,0.00789066,-0.00287126,0.0,0.001,0.5
1993-12-01,Utils_excess,0.0138,0.00604944,-0.00463298,0.0,0.001,0.5
1993-12-01,Other_excess,0.023,0.0062731,-0.01412935,0.0,0.001,0.5
1994-01-01,NoDur_excess,-0.0066,0.00679726,-0.0007666,0.0,0.001,0.5
1994-01-01,Durbl_excess,0.0692,0.00887338,0.00100892,0.00100892,0.001,0.5
1994-01-01,Manuf_excess,0.046,0.0071551,-0.00629067,0.0,0.001,0.5
1994-01-01,Enrgy_excess,0.0463,0.00743271,-0.00731884,0.0,0.001,0.5
1994-01-01,HiTec_excess,0.0437,0.00784154,-0.00127603,0.0,0.001,0.5
1994-01-01,Telcm_excess,0.0192,0.00601891,0.00597635,0.00597635,0.001,0.5
1994-01-01,Shops_excess,0.0085,0.00747886,-0.00161259,0.0,0.001,0.5
1994-01-01,Hlth_excess,0.0149,0.00790684,-0.00052849,0.0,0.001,0.5
1994-01-01,Utils_excess,-0.0145,0.00605908,0.00064216,0.00064216,0.001,0.5
1994-01-01,Other_excess,0.0411,0.00629391,-0.00704486,0.0,0.001,0.5
1994-02-01,NoDur_excess,-0.0148,0.00678062,-0.00163106,0.0,0.001,0.5
1994-02-01,Durbl_excess,-0.0464,0.00894832,0.00121081,0.00121081,0.001,0.5
1994-02-01,Manuf_excess,-0.0088,0.00720335,-0.00516713,0.0,0.001,0.5
1994-02-01,Enrgy_excess,-0.0317,0.00748099,-0.00550877,0.0,0.001,0.5
1994-02-01,HiTec_excess,0.0151,0.00788609,-0.00326633,0.0,0.001,0.5
1994-02-01,Telcm_excess,-0.0571,0.00603528,0.00663179,0.00663179,0.001,0.5
1994-02-01,Shops_excess,0.0167,0.00748012,-0.00295676,0.0,0.001,0.5
1994-02-01,Hlth_excess,-0.0563,0.00791553,-0.00312159,0.0,0.001,0.5
1994-02-01,Utils_excess,-0.0519,0.00603354,-0.000328,0.0,0.001,0.5
1994-02-01,Other_excess,-0.0406,0.00633714,-0.00507743,0.0,0.001,0.5
1994-03-01,NoDur_excess,-0.0431,0.00675385,-0.00860501,0.0,0.001,0.5
1994-03-01,Durbl_excess,-0.0675,0.00887965,-0.00951222,0.0,0.001,0.5
1994-03-01,Manuf_excess,-0.0468,0.0071835,-0.01330374,0.0,0.001,0.5
1994-03-01,Enrgy_excess,-0.0385,0.00743238,-0.01120362,0.0,0.001,0.5
1994-03-01,HiTec_excess,-0.0407,0.00789504,-0.00793052,0.0,0.001,0.5
1994-03-01,Telcm_excess,-0.0388,0.00595695,0.00090022,0.00090022,0.001,0.5
1994-03-01,Shops_excess,-0.0511,0.00749156,-0.01051189,0.0,0.001,0.5
1994-03-01,Hlth_excess,-0.0702,0.00783586,-0.00398518,0.0,0.001,0.5
1994-03-01,Utils_excess,-0.0421,0.00596166,-0.0061875,0.0,0.001,0.5
1994-03-01,Other_excess,-0.0456,0.00627891,-0.0173991,0.0,0.001,0.5
1994-04-01,NoDur_excess,0.0096,0.00669207,-0.01314354,0.0,0.001,0.5
1994-04-01,Durbl_excess,-0.0086,0.00878501,-0.01323121,0.0,0.001,0.5
1994-04-01,Manuf_excess,-0.0023,0.0071166,-0.01505899,0.0,0.001,0.5
1994-04-01,Enrgy_excess,0.0392,0.00737546,-0.01083599,0.0,0.001,0.5
1994-04-01,HiTec_excess,-0.018,0.00783482,-0.01263194,0.0,0.001,0.5
1994-04-01,Telcm_excess,0.0132,0.00590149,-0.00122865,0.0,0.001,0.5
1994-04-01,Shops_excess,-0.0006,0.00741896,-0.01816788,0.0,0.001,0.5
1994-04-01,Hlth_excess,0.0198,0.00773916,-0.00857838,0.0,0.001,0.5
1994-04-01,Utils_excess,0.0186,0.00590211,-0.01068647,0.0,0.001,0.5
1994-04-01,Other_excess,0.011,0.00621462,-0.02096692,0.0,0.001,0.5
1994-05-01,NoDur_excess,-0.0166,0.00669567,-0.0043575,0.0,0.001,0.5
1994-05-01,Durbl_excess,-0.0295,0.00876349,-0.00411005,0.0,0.001,0.5
1994-05-01,Manuf_excess,0.0173,0.00710495,-0.00905513,0.0,0.001,0.5
1994-05-01,Enrgy_excess,0.0063,0.00741485,-0.00760107,0.0,0.001,0.5
1994-05-01,HiTec_excess,0.0178,0.00780285,-0.00571461,0.0,0.001,0.5
1994-05-01,Telcm_excess,0.0132,0.00591052,0.00314751,0.00314751,0.001,0.5
1994-05-01,Shops_excess,-0.0212,0.00740903,-0.00672219,0.0,0.001,0.5
1994-05-01,Hlth_excess,0.04,0.00775408,-0.00264785,0.0,0.001,0.5
1994-05-01,Utils_excess,-0.0567,0.00591782,-0.00232305,0.0,0.001,0.5
1994-05-01,Other_excess,0.0273,0.00622054,-0.01164629,0.0,0.001,0.5
1994-06-01,NoDur_excess,-0.0221,0.00666687,-0.00398399,0.0,0.001,0.5
1994-06-01,Durbl_excess,-0.0373,0.00871619,-0.00498216,0.0,0.001,0.5
1994-06-01,Manuf_excess,-0.0292,0.00711755,-0.00855101,0.0,0.001,0.5
1994-06-01,Enrgy_excess,-0.0301,0.00741347,-0.00740351,0.0,0.001,0.5
1994-06-01,HiTec_excess,-0.0546,0.0078152,-0.00515694,0.0,0.001,0.5
1994-06-01,Telcm_excess,0.0031,0.00591953,0.00369454,0.00369454,0.001,0.5
1994-06-01,Shops_excess,-0.0294,0.00737367,-0.00680294,0.0,0.001,0.5
1994-06-01,Hlth_excess,-0.0373,0.00779394,-0.00219079,0.0,0.001,0.5
1994-06-01,Utils_excess,-0.0346,0.00584042,-0.0020889,0.0,0.001,0.5
1994-06-01,Other_excess,-0.0292,0.0062466,-0.01066765,0.0,0.001,0.5
1994-07-01,NoDur_excess,0.0264,0.00663136,-0.00508147,0.0,0.001,0.5
1994-07-01,Durbl_excess,0.032,0.00865938,-0.00637814,0.0,0.001,0.5
1994-07-01,Manuf_excess,0.0431,0.00707272,-0.00884361,0.0,0.001,0.5
1994-07-01,Enrgy_excess,0.0297,0.00736716,-0.00661148,0.0,0.001,0.5
1994-07-01,HiTec_excess,0.035,0.00773815,-0.00708033,0.0,0.001,0.5
1994-07-01,Telcm_excess,0.0282,0.00591605,0.00373217,0.00373217,0.001,0.5
1994-07-01,Shops_excess,0.0066,0.00732827,-0.00793436,0.0,0.001,0.5
1994-07-01,Hlth_excess,0.0082,0.00773827,-0.00320658,0.0,0.001,0.5
1994-07-01,Utils_excess,0.0491,0.00579049,-0.00285385,0.0,0.001,0.5
1994-07-01,Other_excess,0.0242,0.00620284,-0.01082991,0.0,0.001,0.5
1994-08-01,NoDur_excess,0.0568,0.00665573,0.00289742,0.00289742,0.001,0.5
1994-08-01,Durbl_excess,-0.0041,0.00868816,0.00205175,0.00205175,0.001,0.5
1994-08-01,Manuf_excess,0.0436,0.00711714,-0.0019029,0.0,0.001,0.5
1994-08-01,Enrgy_excess,-0.0047,0.0073947,-0.00284266,0.0,0.001,0.5
1994-08-01,HiTec_excess,0.0882,0.00777176,-0.00093862,0.0,0.001,0.5
1994-08-01,Telcm_excess,0.0065,0.00594353,0.00850425,0.00850425,0.001,0.5
1994-08-01,Shops_excess,0.0404,0.00732737,0.00201146,0.00201146,0.001,0.5
1994-08-01,Hlth_excess,0.105,0.00773884,0.00018548,0.00018548,0.001,0.5
1994-08-01,Utils_excess,0.0029,0.0058439,0.00432539,0.00432539,0.001,0.5
1994-08-01,Other_excess,0.0311,0.00622503,-0.00063451,0.0,0.001,0.5
1994-09-01,NoDur_excess,-0.0069,0.00671749,-0.002715,0.0,0.001,0.5
1994-09-01,Durbl_excess,-0.0543,0.00867241,-0.00666894,0.0,0.001,0.5
1994-09-01,Manuf_excess,-0.0202,0.00716207,-0.00718693,0.0,0.001,0.5
1994-09-01,Enrgy_excess,-0.0247,0.0073798,-0.0059768,0.0,0.001,0.5
1994-09-01,HiTec_excess,-0.0076,0.00787081,-0.00502291,0.0,0.001,0.5
1994-09-01,Telcm_excess,-0.0152,0.00594421,0.004624,0.004624,0.001,0.5
1994-09-01,Shops_excess,-0.0269,0.0073681,-0.00491127,0.0,0.001,0.5
1994-09-01,Hlth_excess,0.0134,0.00785862,-0.00105963,0.0,0.001,0.5
1994-09-01,Utils_excess,-0.0316,0.00584027,-0.00106031,0.0,0.001,0.5
1994-09-01,Other_excess,-0.0458,0.00625567,-0.0086206,0.0,0.001,0.5
1994-10-01,NoDur_excess,0.0182,0.00670074,-0.00655655,0.0,0.001,0.5
1994-10-01,Durbl_excess,-0.0212,0.00859496,-0.0107617,0.0,0.001,0.5
1994-10-01,Manuf_excess,0.0019,0.00712841,-0.0101652,0.0,0.001,0.5
1994-10-01,Enrgy_excess,0.0702,0.00734034,-0.00733557,0.0,0.001,0.5
1994-10-01,HiTec_excess,0.0669,0.00785178,-0.00732524,0.0,0.001,0.5
1994-10-01,Telcm_excess,-0.0051,0.0059182,0.00208916,0.00208916,0.001,0.5
1994-10-01,Shops_excess,0.0092,0.00732595,-0.01080123,0.0,0.001,0.5
1994-10-01,Hlth_excess,0.0053,0.00786544,-0.00223745,0.0,0.001,0.5
1994-10-01,Utils_excess,0.0121,0.00579422,-0.00428185,0.0,0.001,0.5
1994-10-01,Other_excess,-0.0032,0.00619164,-0.01406493,0.0,0.001,0.5
1994-11-01,NoDur_excess,-0.0204,0.00671486,-0.0015875,0.0,0.001,0.5
1994-11-01,Durbl_excess,-0.0544,0.00855835,-0.00525882,0.0,0.001,0.5
1994-11-01,Manuf_excess,-0.0571,0.00712199,-0.00546482,0.0,0.001,0.5
1994-11-01,Enrgy_excess,-0.0523,0.00741757,-0.00379808,0.0,0.001,0.5
1994-11-01,HiTec_excess,-0.0246,0.00792432,-0.00289661,0.0,0.001,0.5
1994-11-01,Telcm_excess,-0.0579,0.00590467,0.00447442,0.00447442,0.001,0.5
1994-11-01,Shops_excess,-0.0379,0.00732826,-0.00562493,0.0,0.001,0.5
1994-11-01,Hlth_excess,0.0006,0.00786229,8.875e-05,8.875e-05,0.001,0.5
1994-11-01,Utils_excess,-0.0009,0.00580197,-0.00013233,0.0,0.001,0.5
1994-11-01,Other_excess,-0.0555,0.0061801,-0.00788934,0.0,0.001,0.5
1994-12-01,NoDur_excess,0.0089,0.0066816,-0.00036006,0.0,0.001,0.5
1994-12-01,Durbl_excess,0.0344,0.0084811,-0.0054312,0.0,0.001,0.5
1994-12-01,Manuf_excess,0.0356,0.00704319,-0.004742,0.0,0.001,0.5
1994-12-01,Enrgy_excess,-0.0143,0.00734429,-0.00311384,0.0,0.001,0.5
1994-12-01,HiTec_excess,0.0202,0.00788442,-0.00245067,0.0,0.001,0.5
1994-12-01,Telcm_excess,0.0042,0.00582638,0.00498978,0.00498978,0.001,0.5
1994-12-01,Shops_excess,-0.0314,0.00727276,-0.00433325,0.0,0.001,0.5
1994-12-01,Hlth_excess,0.0013,0.00785337,0.00103004,0.00103004,0.001,0.5
1994-12-01,Utils_excess,-0.0009,0.00579374,0.00179922,0.00179922,0.001,0.5
1994-12-01,Other_excess,0.0096,0.00610442,-0.00652336,0.0,0.001,0.5
1995-01-01,NoDur_excess,0.0139,0.00668431,0.00516093,0.00516093,0.001,0.5
1995-01-01,Durbl_excess,-0.0617,0.00851287,-0.00097311,0.0,0.001,0.5
1995-01-01,Manuf_excess,-0.0082,0.00707819,-0.00066185,0.0,0.001,0.5
1995-01-01,Enrgy_excess,-0.0005,0.00731777,-0.00163727,0.0,0.001,0.5
1995-01-01,HiTec_excess,-0.0122,0.00789951,0.00200913,0.00200913,0.001,0.5
1995-01-01,Telcm_excess,0.0374,0.00582439,0.00751901,0.00751901,0.001,0.5
1995-01-01,Shops_excess,0.0117,0.00722537,0.00296752,0.00296752,0.001,0.5
1995-01-01,Hlth_excess,0.0564,0.00784534,0.00563996,0.00563996,0.001,0.5
1995-01-01,Utils_excess,0.058,0.00578554,0.00685483,0.00685483,0.001,0.5
1995-01-01,Other_excess,0.0426,0.0061087,-0.00122545,0.0,0.001,0.5
1995-02-01,NoDur_excess,0.0254,0.00669315,0.00470403,0.00470403,0.001,0.5
1995-02-01,Durbl_excess,0.0472,0.00842693,-0.00357916,0.0,0.001,0.5
1995-02-01,Manuf_excess,0.0514,0.00705949,-0.00122677,0.0,0.001,0.5
1995-02-01,Enrgy_excess,0.041,0.0073082,-0.00145447,0.0,0.001,0.5
1995-02-01,HiTec_excess,0.0626,0.00787491,-0.00016389,0.0,0.001,0.5
1995-02-01,Telcm_excess,0.0111,0.00586304,0.0081305,0.0081305,0.001,0.5
1995-02-01,Shops_excess,0.0226,0.00723084,0.00302447,0.00302447,0.001,0.5
1995-02-01,Hlth_excess,0.0192,0.00790477,0.00444016,0.00444016,0.001,0.5
1995-02-01,Utils_excess,0.0042,0.00584945,0.00688417,0.00688417,0.001,0.5
1995-02-01,Other_excess,0.0446,0.00615337,3.218e-05,3.218e-05,0.001,0.5
1995-03-01,NoDur_excess,0.023,0.00671601,0.00567373,0.00567373,0.001,0.5
1995-03-01,Durbl_excess,0.0097,0.00847433,-0.00311735,0.0,0.001,0.5
1995-03-01,Manuf_excess,0.0305,0.00711369,-0.0003343,0.0,0.001,0.5
1995-03-01,Enrgy_excess,0.0482,0.00734939,-0.00101759,0.0,0.001,0.5
1995-03-01,HiTec_excess,0.0408,0.00794181,0.00112285,0.00112285,0.001,0.5
1995-03-01,Telcm_excess,-0.0022,0.00586944,0.00832422,0.00832422,0.001,0.5
1995-03-01,Shops_excess,0.0316,0.00724963,0.00445315,0.00445315,0.001,0.5
1995-03-01,Hlth_excess,0.0231,0.00791858,0.00539799,0.00539799,0.001,0.5
1995-03-01,Utils_excess,-0.0221,0.00584743,0.00781178,0.00781178,0.001,0.5
1995-03-01,Other_excess,0.0144,0.00620037,0.00129249,0.00129249,0.001,0.5
1995-04-01,NoDur_excess,0.0146,0.0067359,0.00270295,0.00270295,0.001,0.5
1995-04-01,Durbl_excess,0.01,0.00847582,-0.00503972,0.0,0.001,0.5
1995-04-01,Manuf_excess,0.0251,0.00714225,-0.00145455,0.0,0.001,0.5
1995-04-01,Enrgy_excess,0.0178,0.00739927,-0.00027696,0.0,0.001,0.5
1995-04-01,HiTec_excess,0.0779,0.00798193,0.0006,0.0006,0.001,0.5
1995-04-01,Telcm_excess,0.0118,0.00585958,0.00595021,0.00595021,0.001,0.5
1995-04-01,Shops_excess,-0.0216,0.00727937,0.00039822,0.00039822,0.001,0.5
1995-04-01,Hlth_excess,0.0256,0.00793712,0.00428116,0.00428116,0.001,0.5
1995-04-01,Utils_excess,0.0194,0.00581331,0.00415844,0.00415844,0.001,0.5
1995-04-01,Other_excess,0.0133,0.00621038,-0.00134718,0.0,0.001,0.5
1995-05-01,NoDur_excess,0.0421,0.00674549,0.00461563,0.00461563,0.001,0.5
1995-05-01,Durbl_excess,0.0426,0.00847768,-0.00291428,0.0,0.001,0.5
1995-05-01,Manuf_excess,0.0267,0.00716415,0.00031559,0.00031559,0.001,0.5
1995-05-01,Enrgy_excess,0.0354,0.00741195,0.00065292,0.00065292,0.001,0.5
1995-05-01,HiTec_excess,0.0238,0.0080672,0.00301238,0.00301238,0.001,0.5
1995-05-01,Telcm_excess,0.0037,0.00586683,0.00713649,0.00713649,0.001,0.5
1995-05-01,Shops_excess,0.0213,0.00724415,0.00290694,0.00290694,0.001,0.5
1995-05-01,Hlth_excess,0.0109,0.00795866,0.00554143,0.00554143,0.001,0.5
1995-05-01,Utils_excess,0.055,0.00582988,0.00587349,0.00587349,0.001,0.5
1995-05-01,Other_excess,0.0392,0.00621902,0.00118505,0.00118505,0.001,0.5
1995-06-01,NoDur_excess,0.0121,0.00678855,0.01269019,0.01269019,0.001,0.5
1995-06-01,Durbl_excess,0.0028,0.00851924,0.00722294,0.00722294,0.001,0.5
1995-06-01,Manuf_excess,0.0163,0.00718794,0.00890234,0.00890234,0.001,0.5
1995-06-01,Enrgy_excess,-0.0354,0.00744604,0.00564044,0.00564044,0.001,0.5
1995-06-01,HiTec_excess,0.0923,0.00808636,0.00880128,0.00880128,0.001,0.5
1995-06-01,Telcm_excess,0.034,0.00586419,0.01154831,0.01154831,0.001,0.5
1995-06-01,Shops_excess,0.0447,0.00726127,0.01211291,0.01211291,0.001,0.5
1995-06-01,Hlth_excess,0.0401,0.00796224,0.00866076,0.00866076,0.001,0.5
1995-06-01,Utils_excess,-0.0093,0.00588977,0.01304532,0.01304532,0.001,0.5
1995-06-01,Other_excess,0.0175,0.0062592,0.01306533,0.01306533,0.001,0.5
1995-07-01,NoDur_excess,0.007,0.00679501,0.00279439,0.00279439,0.001,0.5
1995-07-01,Durbl_excess,0.0201,0.00851229,-0.00439255,0.0,0.001,0.5
1995-07-01,Manuf_excess,0.0318,0.00719903,0.00120175,0.00120175,0.001,0.5
1995-07-01,Enrgy_excess,0.0184,0.00739392,0.00175083,0.00175083,0.001,0.5
1995-07-01,HiTec_excess,0.0726,0.00818881,0.00386485,0.00386485,0.001,0.5
1995-07-01,Telcm_excess,0.0462,0.00589842,0.00580363,0.00580363,0.001,0.5
1995-07-01,Shops_excess,0.0312,0.00730681,-6.8e-07,0.0,0.001,0.5
1995-07-01,Hlth_excess,0.0502,0.00800134,0.00550561,0.00550561,0.001,0.5
1995-07-01,Utils_excess,-0.0082,0.00587129,0.00403804,0.00403804,0.001,0.5
1995-07-01,Other_excess,0.043,0.00627287,0.00066955,0.00066955,0.001,0.5
1995-08-01,NoDur_excess,0.0017,0.00679526,0.00246397,0.00246397,0.001,0.5
1995-08-01,Durbl_excess,0.0032,0.00852637,-0.0051166,0.0,0.001,0.5
1995-08-01,Manuf_excess,-0.0069,0.00722892,-4.436e-05,0.0,0.001,0.5
1995-08-01,Enrgy_excess,-0.0205,0.00740729,0.000597,0.000597,0.001,0.5
1995-08-01,HiTec_excess,-0.0042,0.00826707,0.00547122,0.00547122,0.001,0.5
1995-08-01,Telcm_excess,0.0391,0.00594739,0.00480732,0.00480732,0.001,0.5
1995-08-01,Shops_excess,-0.0318,0.00733584,0.00032681,0.00032681,0.001,0.5
1995-08-01,Hlth_excess,0.0056,0.00805261,0.00764401,0.00764401,0.001,0.5
1995-08-01,Utils_excess,0.0052,0.00585419,0.00358855,0.00358855,0.001,0.5
1995-08-01,Other_excess,0.0325,0.0063175,-0.00144208,0.0,0.001,0.5
1995-09-01,NoDur_excess,0.063,0.00678908,0.00586148,0.00586148,0.001,0.5
1995-09-01,Durbl_excess,-0.0107,0.0085199,-0.00079663,0.0,0.001,0.5
1995-09-01,Manuf_excess,0.0179,0.00721177,0.00320034,0.00320034,0.001,0.5
1995-09-01,Enrgy_excess,0.0086,0.00737342,0.00203847,0.00203847,0.001,0.5
1995-09-01,HiTec_excess,0.0084,0.00825194,0.00732908,0.00732908,0.001,0.5
1995-09-01,Telcm_excess,0.0532,0.00598762,0.00806146,0.00806146,0.001,0.5
1995-09-01,Shops_excess,0.0246,0.00728835,0.00484109,0.00484109,0.001,0.5
1995-09-01,Hlth_excess,0.0695,0.00804964,0.00741692,0.00741692,0.001,0.5
1995-09-01,Utils_excess,0.0587,0.0058534,0.00657313,0.00657313,0.001,0.5
1995-09-01,Other_excess,0.0404,0.00634927,0.00515317,0.00515317,0.001,0.5
1995-10-01,NoDur_excess,0.0007,0.00685721,0.00563976,0.00563976,0.001,0.5
1995-10-01,Durbl_excess,-0.0537,0.00849661,-0.00137943,0.0,0.001,0.5
1995-10-01,Manuf_excess,-0.0312,0.00722473,0.00335797,0.00335797,0.001,0.5
1995-10-01,Enrgy_excess,-0.0073,0.00737491,0.0022866,0.0022866,0.001,0.5
1995-10-01,HiTec_excess,0.01,0.00825212,0.00709649,0.00709649,0.001,0.5
1995-10-01,Telcm_excess,-0.0032,0.00604485,0.00764463,0.00764463,0.001,0.5
1995-10-01,Shops_excess,-0.0595,0.00730933,0.0040587,0.0040587,0.001,0.5
1995-10-01,Hlth_excess,0.0056,0.00812412,0.0079757,0.0079757,0.001,0.5
1995-10-01,Utils_excess,0.0101,0.00591745,0.00599911,0.00599911,0.001,0.5
1995-10-01,Other_excess,-0.0246,0.00639055,0.00496135,0.00496135,0.001,0.5
1995-11-01,NoDur_excess,0.041,0.00684976,0.00286804,0.00286804,0.001,0.5
1995-11-01,Durbl_excess,0.0508,0.00842131,-0.00457879,0.0,0.001,0.5
1995-11-01,Manuf_excess,0.06,0.00717821,0.00136383,0.00136383,0.001,0.5
1995-11-01,Enrgy_excess,0.0437,0.00735714,0.00138754,0.00138754,0.001,0.5
1995-11-01,HiTec_excess,-0.0086,0.00825424,0.00437302,0.00437302,0.001,0.5
1995-11-01,Telcm_excess,0.0237,0.00603366,0.00672304,0.00672304,0.001,0.5
1995-11-01,Shops_excess,0.0572,0.00722845,-0.00051043,0.0,0.001,0.5
1995-11-01,Hlth_excess,0.0451,0.00812107,0.00465829,0.00465829,0.001,0.5
1995-11-01,Utils_excess,0.0116,0.00592252,0.00388161,0.00388161,0.001,0.5
1995-11-01,Other_excess,0.0569,0.00635303,0.0027496,0.0027496,0.001,0.5
1995-12-01,NoDur_excess,0.0102,0.00689105,0.00734307,0.00734307,0.001,0.5
1995-12-01,Durbl_excess,0.0257,0.00847255,-0.00049656,0.0,0.001,0.5
1995-12-01,Manuf_excess,0.01,0.00724208,0.00344976,0.00344976,0.001,0.5
1995-12-01,Enrgy_excess,0.0531,0.00740109,0.00065131,0.00065131,0.001,0.5
1995-12-01,HiTec_excess,-0.0459,0.00823386,0.00897023,0.00897023,0.001,0.5
1995-12-01,Telcm_excess,0.0363,0.00605502,0.00816022,0.00816022,0.001,0.5
1995-12-01,Shops_excess,-0.0133,0.00728888,0.00597997,0.00597997,0.001,0.5
1995-12-01,Hlth_excess,0.054,0.00816578,0.00924531,0.00924531,0.001,0.5
1995-12-01,Utils_excess,0.0461,0.00592938,0.0080876,0.0080876,0.001,0.5
1995-12-01,Other_excess,0.0056,0.00641415,0.00570242,0.00570242,0.001,0.5
1996-01-01,NoDur_excess,0.0218,0.00689505,0.00655721,0.00655721,0.001,0.5
1996-01-01,Durbl_excess,0.0304,0.00849336,-0.00011725,0.0,0.001,0.5
1996-01-01,Manuf_excess,0.0288,0.00724541,0.00385787,0.00385787,0.001,0.5
1996-01-01,Enrgy_excess,-0.0084,0.00745628,0.00168546,0.00168546,0.001,0.5
1996-01-01,HiTec_excess,0.0158,0.00816848,0.00753035,0.00753035,0.001,0.5
1996-01-01,Telcm_excess,0.0185,0.00609155,0.00793106,0.00793106,0.001,0.5
1996-01-01,Shops_excess,-0.0073,0.00726401,0.00463502,0.00463502,0.001,0.5
1996-01-01,Hlth_excess,0.0562,0.00822114,0.00885372,0.00885372,0.001,0.5
1996-01-01,Utils_excess,0.0143,0.0059779,0.00725304,0.00725304,0.001,0.5
1996-01-01,Other_excess,0.0305,0.00641316,0.00550606,0.00550606,0.001,0.5
1996-02-01,NoDur_excess,0.0283,0.00691303,-0.00153478,0.0,0.001,0.5
1996-02-01,Durbl_excess,0.0164,0.00851978,-0.01045805,0.0,0.001,0.5
1996-02-01,Manuf_excess,0.0051,0.00727141,-0.00331397,0.0,0.001,0.5
1996-02-01,Enrgy_excess,0.0063,0.00743715,-0.0019305,0.0,0.001,0.5
1996-02-01,HiTec_excess,0.0597,0.00817768,-0.00147106,0.0,0.001,0.5
1996-02-01,Telcm_excess,-0.0277,0.00610651,0.00381628,0.00381628,0.001,0.5
1996-02-01,Shops_excess,0.0402,0.00724644,-0.00493439,0.0,0.001,0.5
1996-02-01,Hlth_excess,-0.0151,0.00827901,0.00274578,0.00274578,0.001,0.5
1996-02-01,Utils_excess,-0.0306,0.00598794,0.00026006,0.00026006,0.001,0.5
1996-02-01,Other_excess,0.0175,0.00644222,-0.00315033,0.0,0.001,0.5
1996-03-01,NoDur_excess,-0.0123,0.0069388,-0.00671305,0.0,0.001,0.5
1996-03-01,Durbl_excess,0.0395,0.00852928,-0.01500421,0.0,0.001,0.5
1996-03-01,Manuf_excess,0.0304,0.0072688,-0.00820542,0.0,0.001,0.5
1996-03-01,Enrgy_excess,0.0462,0.00743578,-0.00437188,0.0,0.001,0.5
1996-03-01,HiTec_excess,-0.0372,0.00823976,-0.00353554,0.0,0.001,0.5
1996-03-01,Telcm_excess,-0.024,0.00606578,-0.0001725,0.0,0.001,0.5
1996-03-01,Shops_excess,0.0558,0.00728614,-0.01189992,0.0,0.001,0.5
1996-03-01,Hlth_excess,-0.0018,0.00825084,0.00085237,0.00085237,0.001,0.5
1996-03-01,Utils_excess,-0.0091,0.00594386,-0.00495338,0.0,0.001,0.5
1996-03-01,Other_excess,0.0142,0.00645554,-0.01104251,0.0,0.001,0.5
1996-04-01,NoDur_excess,-0.0029,0.00691564,-0.00315542,0.0,0.001,0.5
1996-04-01,Durbl_excess,0.0314,0.00856655,-0.01018715,0.0,0.001,0.5
1996-04-01,Manuf_excess,0.012,0.00729663,-0.00494203,0.0,0.001,0.5
1996-04-01,Enrgy_excess,0.0299,0.00748243,-0.00280224,0.0,0.001,0.5
1996-04-01,HiTec_excess,0.0922,0.00818508,-0.00266445,0.0,0.001,0.5
1996-04-01,Telcm_excess,0.0242,0.0060296,0.00226411,0.00226411,0.001,0.5
1996-04-01,Shops_excess,0.0381,0.00734452,-0.00633483,0.0,0.001,0.5
1996-04-01,Hlth_excess,-0.0107,0.00823875,0.00158734,0.00158734,0.001,0.5
1996-04-01,Utils_excess,-0.0312,0.00592575,-0.00209174,0.0,0.001,0.5
1996-04-01,Other_excess,-0.0024,0.00646486,-0.00583486,0.0,0.001,0.5
1996-05-01,NoDur_excess,0.0613,0.00690385,-0.00481352,0.0,0.001,0.5
1996-05-01,Durbl_excess,0.0182,0.00859399,-0.00948647,0.0,0.001,0.5
1996-05-01,Manuf_excess,0.0186,0.00730228,-0.00520889,0.0,0.001,0.5
1996-05-01,Enrgy_excess,0.001,0.00750938,-0.00263614,0.0,0.001,0.5
1996-05-01,HiTec_excess,0.0347,0.00828606,-0.0016079,0.0,0.001,0.5
1996-05-01,Telcm_excess,-0.0044,0.00605144,0.00206336,0.00206336,0.001,0.5
1996-05-01,Shops_excess,0.0397,0.00738149,-0.00903166,0.0,0.001,0.5
1996-05-01,Hlth_excess,0.0349,0.00821599,-0.00035662,0.0,0.001,0.5
1996-05-01,Utils_excess,0.009,0.00588113,-0.00407782,0.0,0.001,0.5
1996-05-01,Other_excess,0.0108,0.00645421,-0.00669496,0.0,0.001,0.5
1996-06-01,NoDur_excess,0.028,0.00696915,0.00042888,0.00042888,0.001,0.5
1996-06-01,Durbl_excess,-0.0523,0.00860552,-0.00406853,0.0,0.001,0.5
1996-06-01,Manuf_excess,-0.0083,0.00731585,-0.00261844,0.0,0.001,0.5
1996-06-01,Enrgy_excess,0.0057,0.00750156,-0.00273585,0.0,0.001,0.5
1996-06-01,HiTec_excess,-0.0515,0.00831777,0.00353539,0.00353539,0.001,0.5
1996-06-01,Telcm_excess,0.0015,0.0060389,0.0043719,0.0043719,0.001,0.5
1996-06-01,Shops_excess,-0.0211,0.00742029,-0.00234683,0.0,0.001,0.5
1996-06-01,Hlth_excess,-0.0065,0.00824802,0.00315786,0.00315786,0.001,0.5
1996-06-01,Utils_excess,0.0487,0.00588487,0.00078623,0.00078623,0.001,0.5
1996-06-01,Other_excess,-0.0064,0.00645942,-0.00216832,0.0,0.001,0.5
1996-07-01,NoDur_excess,-0.045,0.00699436,0.00341807,0.00341807,0.001,0.5
1996-07-01,Durbl_excess,-0.0499,0.00853249,-0.00095456,0.0,0.001,0.5
1996-07-01,Manuf_excess,-0.0446,0.00729712,0.00040307,0.00040307,0.001,0.5
1996-07-01,Enrgy_excess,-0.0508,0.0074994,-0.00121382,0.0,0.001,0.5
1996-07-01,HiTec_excess,-0.0785,0.00824604,0.00556579,0.00556579,0.001,0.5
1996-07-01,Telcm_excess,-0.0894,0.00603345,0.00666153,0.00666153,0.001,0.5
1996-07-01,Shops_excess,-0.0807,0.00738609,0.00030534,0.00030534,0.001,0.5
1996-07-01,Hlth_excess,-0.067,0.00823034,0.00435509,0.00435509,0.001,0.5
1996-07-01,Utils_excess,-0.0626,0.00593621,0.00367797,0.00367797,0.001,0.5
1996-07-01,Other_excess,-0.0469,0.006444,0.00206544,0.00206544,0.001,0.5
1996-08-01,NoDur_excess,-0.0122,0.0069321,-0.00147533,0.0,0.001,0.5
1996-08-01,Durbl_excess,0.026,0.00846251,-0.00713169,0.0,0.001,0.5
1996-08-01,Manuf_excess,0.0275,0.00723497,-0.0042569,0.0,0.001,0.5
1996-08-01,Enrgy_excess,0.0253,0.00742958,-0.00353581,0.0,0.001,0.5
1996-08-01,HiTec_excess,0.0399,0.00814216,6.91e-06,6.91e-06,0.001,0.5
1996-08-01,Telcm_excess,-0.0173,0.00591916,0.00298458,0.00298458,0.001,0.5
1996-08-01,Shops_excess,0.0566,0.0072806,-0.00659722,0.0,0.001,0.5
1996-08-01,Hlth_excess,0.039,0.00814024,0.00103841,0.00103841,0.001,0.5
1996-08-01,Utils_excess,0.0248,0.00585413,0.00014218,0.00014218,0.001,0.5
1996-08-01,Other_excess,0.035,0.00638012,-0.00450052,0.0,0.001,0.5
1996-09-01,NoDur_excess,0.0331,0.00690921,-0.00175668,0.0,0.001,0.5
1996-09-01,Durbl_excess,0.0093,0.00848349,-0.00716533,0.0,0.001,0.5
1996-09-01,Manuf_excess,0.057,0.00725921,-0.00492862,0.0,0.001,0.5
1996-09-01,Enrgy_excess,0.0357,0.00745096,-0.00397685,0.0,0.001,0.5
1996-09-01,HiTec_excess,0.1021,0.00818014,0.0011153,0.0011153,0.001,0.5
1996-09-01,Telcm_excess,0.0118,0.00589139,0.00293647,0.00293647,0.001,0.5
1996-09-01,Shops_excess,0.0324,0.00733959,-0.00543003,0.0,0.001,0.5
1996-09-01,Hlth_excess,0.0692,0.00817715,0.00173641,0.00173641,0.001,0.5
1996-09-01,Utils_excess,0.0024,0.00587679,5.219e-05,5.219e-05,0.001,0.5
1996-09-01,Other_excess,0.0465,0.00641435,-0.00507979,0.0,0.001,0.5
1996-10-01,NoDur_excess,0.0113,0.0069405,0.00291708,0.00291708,0.001,0.5
1996-10-01,Durbl_excess,0.028,0.00848447,-0.00209528,0.0,0.001,0.5
1996-10-01,Manuf_excess,0.0122,0.00731864,4.057e-05,4.057e-05,0.001,0.5
1996-10-01,Enrgy_excess,0.0554,0.00748471,-0.00185004,0.0,0.001,0.5
1996-10-01,HiTec_excess,-0.0234,0.00829235,0.00476736,0.00476736,0.001,0.5
1996-10-01,Telcm_excess,-0.0073,0.00589845,0.00652311,0.00652311,0.001,0.5
1996-10-01,Shops_excess,-0.0271,0.00736953,0.00018924,0.00018924,0.001,0.5
1996-10-01,Hlth_excess,-0.0127,0.00825006,0.0031948,0.0031948,0.001,0.5
1996-10-01,Utils_excess,0.0319,0.00587264,0.00344738,0.00344738,0.001,0.5
1996-10-01,Other_excess,0.0352,0.00646225,0.00253488,0.00253488,0.001,0.5
1996-11-01,NoDur_excess,0.0475,0.0069457,0.00553309,0.00553309,0.001,0.5
1996-11-01,Durbl_excess,0.0563,0.00850776,0.00100126,0.00100126,0.001,0.5
1996-11-01,Manuf_excess,0.0567,0.00732446,0.00293019,0.00293019,0.001,0.5
1996-11-01,Enrgy_excess,0.0513,0.00754189,0.00046774,0.00046774,0.001,0.5
1996-11-01,HiTec_excess,0.1152,0.00825453,0.00677249,0.00677249,0.001,0.5
1996-11-01,Telcm_excess,0.0508,0.0058827,0.00795541,0.00795541,0.001,0.5
1996-11-01,Shops_excess,0.027,0.0073284,0.00340283,0.00340283,0.001,0.5
1996-11-01,Hlth_excess,0.062,0.00822506,0.0049882,0.0049882,0.001,0.5
1996-11-01,Utils_excess,0.0219,0.0059037,0.00594563,0.00594563,0.001,0.5
1996-11-01,Other_excess,0.0704,0.00649654,0.00672761,0.00672761,0.001,0.5
1996-12-01,NoDur_excess,0.0004,0.00699404,0.0039769,0.0039769,0.001,0.5
1996-12-01,Durbl_excess,-0.0272,0.00856472,0.00014995,0.00014995,0.001,0.5
1996-12-01,Manuf_excess,-0.0082,0.00738331,0.00373863,0.00373863,0.001,0.5
1996-12-01,Enrgy_excess,0.0033,0.00759404,0.00152474,0.00152474,0.001,0.5
1996-12-01,HiTec_excess,-0.032,0.008382,0.00772744,0.00772744,0.001,0.5
1996-12-01,Telcm_excess,0.0244,0.00593623,0.00692389,0.00692389,0.001,0.5
1996-12-01,Shops_excess,-0.0389,0.00735185,0.00071244,0.00071244,0.001,0.5
1996-12-01,Hlth_excess,-0.0308,0.00828915,0.0048562,0.0048562,0.001,0.5
1996-12-01,Utils_excess,-0.0033,0.00592277,0.00380207,0.00380207,0.001,0.5
1996-12-01,Other_excess,-0.0227,0.00657271,0.00654741,0.00654741,0.001,0.5
1997-01-01,NoDur_excess,0.053,0.00698619,-0.00205597,0.0,0.001,0.5
1997-01-01,Durbl_excess,0.0254,0.00852214,-0.00684089,0.0,0.001,0.5
1997-01-01,Manuf_excess,0.0373,0.00736476,-0.00231984,0.0,0.001,0.5
1997-01-01,Enrgy_excess,0.039,0.00758893,-0.00128196,0.0,0.001,0.5
1997-01-01,HiTec_excess,0.0885,0.00833393,0.00418369,0.00418369,0.001,0.5
1997-01-01,Telcm_excess,0.0184,0.00595821,0.00178395,0.00178395,0.001,0.5
1997-01-01,Shops_excess,-0.0035,0.00729679,-0.00639594,0.0,0.001,0.5
1997-01-01,Hlth_excess,0.0912,0.00824262,0.00349465,0.00349465,0.001,0.5
1997-01-01,Utils_excess,0.0047,0.00591179,-0.00071153,0.0,0.001,0.5
1997-01-01,Other_excess,0.0555,0.00653786,-0.00340067,0.0,0.001,0.5
1997-02-01,NoDur_excess,0.0376,0.0070409,-0.00081383,0.0,0.001,0.5
1997-02-01,Durbl_excess,0.0016,0.00854221,-0.00600432,0.0,0.001,0.5
1997-02-01,Manuf_excess,0.0028,0.00740036,-0.00138288,0.0,0.001,0.5
1997-02-01,Enrgy_excess,-0.0613,0.00762628,-0.00085856,0.0,0.001,0.5
1997-02-01,HiTec_excess,-0.0781,0.00842925,0.00485857,0.00485857,0.001,0.5
1997-02-01,Telcm_excess,0.0218,0.00597301,0.00322785,0.00322785,0.001,0.5
1997-02-01,Shops_excess,0.0277,0.00728395,-0.0050179,0.0,0.001,0.5
1997-02-01,Hlth_excess,0.0054,0.00834126,0.00285199,0.00285199,0.001,0.5
1997-02-01,Utils_excess,-0.0096,0.00591034,-0.00037726,0.0,0.001,0.5
1997-02-01,Other_excess,0.0218,0.00659608,-0.00025805,0.0,0.001,0.5
1997-03-01,NoDur_excess,-0.0567,0.0070772,0.00049825,0.00049825,0.001,0.5
1997-03-01,Durbl_excess,-0.0375,0.00853397,-0.00439577,0.0,0.001,0.5
1997-03-01,Manuf_excess,-0.0407,0.00739489,-0.00014227,0.0,0.001,0.5
1997-03-01,Enrgy_excess,0.048,0.00754442,-0.00074952,0.0,0.001,0.5
1997-03-01,HiTec_excess,-0.0609,0.00832648,0.00403352,0.00403352,0.001,0.5
1997-03-01,Telcm_excess,-0.0826,0.00599181,0.0039833,0.0039833,0.001,0.5
1997-03-01,Shops_excess,-0.0188,0.00730819,-0.00382901,0.0,0.001,0.5
1997-03-01,Hlth_excess,-0.0791,0.00833777,0.00324131,0.00324131,0.001,0.5
1997-03-01,Utils_excess,-0.0322,0.00589192,0.00028944,0.00028944,0.001,0.5
1997-03-01,Other_excess,-0.0625,0.00661413,0.00167826,0.00167826,0.001,0.5
1997-04-01,NoDur_excess,0.0488,0.00700154,-0.00388541,0.0,0.001,0.5
1997-04-01,Durbl_excess,0.0338,0.00847936,-0.008996,0.0,0.001,0.5
1997-04-01,Manuf_excess,0.0494,0.00733784,-0.00357625,0.0,0.001,0.5
1997-04-01,Enrgy_excess,-0.004,0.00759241,-0.00067207,0.0,0.001,0.5
1997-04-01,HiTec_excess,0.0725,0.00824437,-3.21e-05,0.0,0.001,0.5
1997-04-01,Telcm_excess,0.0206,0.00588671,0.0006042,0.0006042,0.001,0.5
1997-04-01,Shops_excess,0.0168,0.00727722,-0.00957212,0.0,0.001,0.5
1997-04-01,Hlth_excess,0.0564,0.00823405,0.00114342,0.00114342,0.001,0.5
1997-04-01,Utils_excess,-0.0182,0.00584674,-0.00367816,0.0,0.001,0.5
1997-04-01,Other_excess,0.0467,0.00653215,-0.00460062,0.0,0.001,0.5
1997-05-01,NoDur_excess,0.0544,0.00705107,0.00437327,0.00437327,0.001,0.5
1997-05-01,Durbl_excess,0.0581,0.00850936,0.00119906,0.00119906,0.001,0.5
1997-05-01,Manuf_excess,0.0733,0.00738768,0.00457083,0.00457083,0.001,0.5
1997-05-01,Enrgy_excess,0.0683,0.00757867,0.00281328,0.00281328,0.001,0.5
1997-05-01,HiTec_excess,0.0969,0.0083205,0.00660287,0.00660287,0.001,0.5
1997-05-01,Telcm_excess,0.0607,0.00590415,0.0055077,0.0055077,0.001,0.5
1997-05-01,Shops_excess,0.0554,0.00728851,-0.00027607,0.0,0.001,0.5
1997-05-01,Hlth_excess,0.0652,0.00829111,0.00528229,0.00528229,0.001,0.5
1997-05-01,Utils_excess,0.0314,0.00581825,0.00251305,0.00251305,0.001,0.5
1997-05-01,Other_excess,0.0554,0.00657974,0.00669515,0.00669515,0.001,0.5
1997-06-01,NoDur_excess,0.0321,0.0071071,0.00708072,0.00708072,0.001,0.5
1997-06-01,Durbl_excess,0.0298,0.00856805,0.00421575,0.00421575,0.001,0.5
1997-06-01,Manuf_excess,0.0483,0.00746568,0.00688034,0.00688034,0.001,0.5
1997-06-01,Enrgy_excess,0.0091,0.00765053,0.00392003,0.00392003,0.001,0.5
1997-06-01,HiTec_excess,0.0106,0.00842533,0.01142561,0.01142561,0.001,0.5
1997-06-01,Telcm_excess,0.0309,0.00596899,0.00651108,0.00651108,0.001,0.5
1997-06-01,Shops_excess,0.0473,0.00734544,0.00444031,0.00444031,0.001,0.5
1997-06-01,Hlth_excess,0.085,0.00835846,0.00895838,0.00895838,0.001,0.5
1997-06-01,Utils_excess,0.0277,0.00584852,0.00413505,0.00413505,0.001,0.5
1997-06-01,Other_excess,0.0483,0.00663751,0.0089705,0.0089705,0.001,0.5
1997-07-01,NoDur_excess,0.0291,0.00713664,0.00686021,0.00686021,0.001,0.5
1997-07-01,Durbl_excess,0.0703,0.00859314,0.00451865,0.00451865,0.001,0.5
1997-07-01,Manuf_excess,0.0675,0.00751395,0.00808085,0.00808085,0.001,0.5
1997-07-01,Enrgy_excess,0.07,0.00765225,0.00461981,0.00461981,0.001,0.5
1997-07-01,HiTec_excess,0.1554,0.0084279,0.01035189,0.01035189,0.001,0.5
1997-07-01,Telcm_excess,0.0182,0.00599846,0.00698192,0.00698192,0.001,0.5
1997-07-01,Shops_excess,0.0737,0.00739267,0.00443732,0.00443732,0.001,0.5
1997-07-01,Hlth_excess,0.0167,0.00844905,0.00849577,0.00849577,0.001,0.5
1997-07-01,Utils_excess,0.024,0.00587435,0.00351019,0.00351019,0.001,0.5
1997-07-01,Other_excess,0.088,0.00668676,0.01061797,0.01061797,0.001,0.5
1997-08-01,NoDur_excess,-0.0682,0.00716257,0.01181799,0.01181799,0.001,0.5
1997-08-01,Durbl_excess,0.0082,0.008666,0.01098743,0.01098743,0.001,0.5
1997-08-01,Manuf_excess,-0.0582,0.00758477,0.01380571,0.01380571,0.001,0.5
1997-08-01,Enrgy_excess,-0.0012,0.00772586,0.00758356,0.00758356,0.001,0.5
1997-08-01,HiTec_excess,-0.018,0.00860142,0.01654684,0.01654684,0.001,0.5
1997-08-01,Telcm_excess,-0.0282,0.00601287,0.01067104,0.01067104,0.001,0.5
1997-08-01,Shops_excess,-0.0293,0.00747096,0.01103012,0.01103012,0.001,0.5
1997-08-01,Hlth_excess,-0.0651,0.0084588,0.01007948,0.01007948,0.001,0.5
1997-08-01,Utils_excess,-0.0157,0.00589575,0.00807281,0.00807281,0.001,0.5
1997-08-01,Other_excess,-0.0513,0.00678276,0.01951232,0.01951232,0.001,0.5
1997-09-01,NoDur_excess,0.051,0.0070737,-0.00179863,0.0,0.001,0.5
1997-09-01,Durbl_excess,0.0475,0.00866545,-0.00603363,0.0,0.001,0.5
1997-09-01,Manuf_excess,0.0295,0.00750719,0.00040917,0.00040917,0.001,0.5
1997-09-01,Enrgy_excess,0.0581,0.00771533,0.0013718,0.0013718,0.001,0.5
1997-09-01,HiTec_excess,0.0299,0.00857005,0.00526804,0.00526804,0.001,0.5
1997-09-01,Telcm_excess,0.0921,0.00597252,0.00077574,0.00077574,0.001,0.5
1997-09-01,Shops_excess,0.0486,0.00742759,-0.0056408,0.0,0.001,0.5
1997-09-01,Hlth_excess,0.0617,0.00837205,0.00430116,0.00430116,0.001,0.5
1997-09-01,Utils_excess,0.0418,0.00587028,-0.00408058,0.0,0.001,0.5
1997-09-01,Other_excess,0.0756,0.00671427,-0.00050701,0.0,0.001,0.5
1997-10-01,NoDur_excess,-0.0357,0.00712544,0.0037694,0.0037694,0.001,0.5
1997-10-01,Durbl_excess,-0.0379,0.00871119,0.00373622,0.00373622,0.001,0.5
1997-10-01,Manuf_excess,-0.0626,0.0075331,0.00670448,0.00670448,0.001,0.5
1997-10-01,Enrgy_excess,-0.0244,0.00777468,0.00562492,0.00562492,0.001,0.5
1997-10-01,HiTec_excess,-0.087,0.00859517,0.009633,0.009633,0.001,0.5
1997-10-01,Telcm_excess,0.0246,0.00607397,0.00581296,0.00581296,0.001,0.5
1997-10-01,Shops_excess,-0.0239,0.00747609,0.00103908,0.00103908,0.001,0.5
1997-10-01,Hlth_excess,-0.0033,0.00843486,0.0046311,0.0046311,0.001,0.5
1997-10-01,Utils_excess,0.0047,0.0059126,0.00137293,0.00137293,0.001,0.5
1997-10-01,Other_excess,-0.0322,0.00679541,0.01025117,0.01025117,0.001,0.5
1997-11-01,NoDur_excess,0.0607,0.00707506,0.00095823,0.00095823,0.001,0.5
1997-11-01,Durbl_excess,-0.0181,0.00865635,0.00086817,0.00086817,0.001,0.5
1997-11-01,Manuf_excess,0.0383,0.00745059,0.00453627,0.00453627,0.001,0.5
1997-11-01,Enrgy_excess,-0.0387,0.00773682,0.00548384,0.00548384,0.001,0.5
1997-11-01,HiTec_excess,0.0105,0.00848271,0.00380866,0.00380866,0.001,0.5
1997-11-01,Telcm_excess,0.1029,0.00609576,0.00235466,0.00235466,0.001,0.5
1997-11-01,Shops_excess,0.0492,0.00743918,-0.00457029,0.0,0.001,0.5
1997-11-01,Hlth_excess,0.0238,0.00842106,0.00290021,0.00290021,0.001,0.5
1997-11-01,Utils_excess,0.0679,0.00591118,-5.55e-05,0.0,0.001,0.5
1997-11-01,Other_excess,0.0254,0.00674953,0.00685404,0.00685404,0.001,0.5
1997-12-01,NoDur_excess,0.0329,0.00713807,0.00380816,0.00380816,0.001,0.5
1997-12-01,Durbl_excess,0.0315,0.00862491,0.00081563,0.00081563,0.001,0.5
1997-12-01,Manuf_excess,-0.0076,0.00748684,0.0051685,0.0051685,0.001,0.5
1997-12-01,Enrgy_excess,-0.0194,0.00768226,0.00318418,0.00318418,0.001,0.5
1997-12-01,HiTec_excess,-0.047,0.00848508,0.0082878,0.0082878,0.001,0.5
1997-12-01,Telcm_excess,0.0368,0.00620952,0.00622869,0.00622869,0.001,0.5
1997-12-01,Shops_excess,-0.0063,0.00748825,0.00106201,0.00106201,0.001,0.5
1997-12-01,Hlth_excess,0.0304,0.00843913,0.00666555,0.00666555,0.001,0.5
1997-12-01,Utils_excess,0.0753,0.00598402,0.0021302,0.0021302,0.001,0.5
1997-12-01,Other_excess,0.0471,0.00677145,0.00759304,0.00759304,0.001,0.5
1998-01-01,NoDur_excess,-0.0316,0.00716831,0.00598171,0.00598171,0.001,0.5
1998-01-01,Durbl_excess,0.0006,0.00865176,0.00294982,0.00294982,0.001,0.5
1998-01-01,Manuf_excess,0.0026,0.00746913,0.00594953,0.00594953,0.001,0.5
1998-01-01,Enrgy_excess,-0.0609,0.00765047,0.00282801,0.00282801,0.001,0.5
1998-01-01,HiTec_excess,0.0482,0.00841995,0.00899615,0.00899615,0.001,0.5
1998-01-01,Telcm_excess,0.0466,0.00624542,0.00782302,0.00782302,0.001,0.5
1998-01-01,Shops_excess,0.0047,0.00747207,0.00403018,0.00403018,0.001,0.5
1998-01-01,Hlth_excess,0.0523,0.00846491,0.00848267,0.00848267,0.001,0.5
1998-01-01,Utils_excess,-0.0481,0.00606538,0.00488538,0.00488538,0.001,0.5
1998-01-01,Other_excess,-0.0239,0.00681878,0.0099811,0.0099811,0.001,0.5
1998-02-01,NoDur_excess,0.0457,0.00712286,0.00266672,0.00266672,0.001,0.5
1998-02-01,Durbl_excess,0.119,0.00864232,-0.00029523,0.0,0.001,0.5
1998-02-01,Manuf_excess,0.067,0.00746342,0.00437602,0.00437602,0.001,0.5
1998-02-01,Enrgy_excess,0.064,0.00757011,0.00169485,0.00169485,0.001,0.5
1998-02-01,HiTec_excess,0.0995,0.00846659,0.00608114,0.00608114,0.001,0.5
1998-02-01,Telcm_excess,0.0202,0.00629273,0.00744347,0.00744347,0.001,0.5
1998-02-01,Shops_excess,0.0999,0.00746882,0.00035025,0.00035025,0.001,0.5
1998-02-01,Hlth_excess,0.0514,0.0085163,0.00595048,0.00595048,0.001,0.5
1998-02-01,Utils_excess,0.0225,0.00600188,0.00110665,0.00110665,0.001,0.5
1998-02-01,Other_excess,0.0781,0.00678277,0.00739963,0.00739963,0.001,0.5
1998-03-01,NoDur_excess,0.0549,0.00716803,0.00250335,0.00250335,0.001,0.5
1998-03-01,Durbl_excess,0.0579,0.00877155,-0.00039217,0.0,0.001,0.5
1998-03-01,Manuf_excess,0.0442,0.00753314,0.00356727,0.00356727,0.001,0.5
1998-03-01,Enrgy_excess,0.0441,0.00763618,0.00096373,0.00096373,0.001,0.5
1998-03-01,HiTec_excess,0.0092,0.00857319,0.00765699,0.00765699,0.001,0.5
1998-03-01,Telcm_excess,0.097,0.00630902,0.00684315,0.00684315,0.001,0.5
1998-03-01,Shops_excess,0.064,0.00757705,0.00202438,0.00202438,0.001,0.5
1998-03-01,Hlth_excess,0.0319,0.00856651,0.00764019,0.00764019,0.001,0.5
1998-03-01,Utils_excess,0.0631,0.00602119,-2.45e-06,0.0,0.001,0.5
1998-03-01,Other_excess,0.0551,0.00686628,0.00657738,0.00657738,0.001,0.5
1998-04-01,NoDur_excess,-0.0367,0.00722386,0.0020702,0.0020702,0.001,0.5
1998-04-01,Durbl_excess,0.0137,0.00882901,0.00208227,0.00208227,0.001,0.5
1998-04-01,Manuf_excess,0.0079,0.00757602,0.00457617,0.00457617,0.001,0.5
1998-04-01,Enrgy_excess,0.0331,0.00767883,0.00170143,0.00170143,0.001,0.5
1998-04-01,HiTec_excess,0.0475,0.00857392,0.00763315,0.00763315,0.001,0.5
1998-04-01,Telcm_excess,-0.0364,0.00641509,0.00862738,0.00862738,0.001,0.5
1998-04-01,Shops_excess,-0.0106,0.00764304,0.00120891,0.00120891,0.001,0.5
1998-04-01,Hlth_excess,0.0148,0.0085938,0.00604797,0.00604797,0.001,0.5
1998-04-01,Utils_excess,-0.0292,0.00608795,-1.737e-05,0.0,0.001,0.5
1998-04-01,Other_excess,0.0158,0.00692269,0.00831455,0.00831455,0.001,0.5
1998-05-01,NoDur_excess,0.007,0.00717255,0.0022238,0.0022238,0.001,0.5
1998-05-01,Durbl_excess,0.0575,0.0088347,0.00293633,0.00293633,0.001,0.5
1998-05-01,Manuf_excess,-0.0289,0.0075764,0.0048496,0.0048496,0.001,0.5
1998-05-01,Enrgy_excess,-0.0467,0.00770853,0.00207284,0.00207284,0.001,0.5
1998-05-01,HiTec_excess,-0.0744,0.00861939,0.00867455,0.00867455,0.001,0.5
1998-05-01,Telcm_excess,-0.0222,0.00636507,0.00787869,0.00787869,0.001,0.5
1998-05-01,Shops_excess,0.0172,0.00762173,0.00188634,0.00188634,0.001,0.5
1998-05-01,Hlth_excess,-0.029,0.00860105,0.00648472,0.00648472,0.001,0.5
1998-05-01,Utils_excess,-0.0149,0.00604673,-0.00022949,0.0,0.001,0.5
1998-05-01,Other_excess,-0.0348,0.00693306,0.00878794,0.00878794,0.001,0.5
1998-06-01,NoDur_excess,0.0373,0.00717235,0.00322862,0.00322862,0.001,0.5
1998-06-01,Durbl_excess,0.0071,0.00889148,0.00475106,0.00475106,0.001,0.5
1998-06-01,Manuf_excess,-0.0115,0.00753384,0.00464271,0.00464271,0.001,0.5
1998-06-01,Enrgy_excess,-0.0165,0.00764504,0.00122233,0.00122233,0.001,0.5
1998-06-01,HiTec_excess,0.0833,0.00852252,0.00746257,0.00746257,0.001,0.5
1998-06-01,Telcm_excess,0.0252,0.00633174,0.00830645,0.00830645,0.001,0.5
1998-06-01,Shops_excess,0.0485,0.00763291,0.00316071,0.00316071,0.001,0.5
1998-06-01,Hlth_excess,0.0579,0.00855718,0.00572589,0.00572589,0.001,0.5
1998-06-01,Utils_excess,0.0259,0.00602229,0.00098928,0.00098928,0.001,0.5
1998-06-01,Other_excess,0.027,0.00688436,0.00897315,0.00897315,0.001,0.5
1998-07-01,NoDur_excess,-0.0454,0.00720746,-4.893e-05,0.0,0.001,0.5
1998-07-01,Durbl_excess,-0.0144,0.00888939,0.00256302,0.00256302,0.001,0.5
1998-07-01,Manuf_excess,-0.0616,0.00751166,0.0027382,0.0027382,0.001,0.5
1998-07-01,Enrgy_excess,-0.0689,0.0076169,0.00020007,0.00020007,0.001,0.5
1998-07-01,HiTec_excess,0.0012,0.00860967,0.0058987,0.0058987,0.001,0.5
1998-07-01,Telcm_excess,0.0342,0.00635373,0.00675479,0.00675479,0.001,0.5
1998-07-01,Shops_excess,-0.0332,0.00768054,-0.00235348,0.0,0.001,0.5
1998-07-01,Hlth_excess,-0.0066,0.00861469,0.00318469,0.00318469,0.001,0.5
1998-07-01,Utils_excess,-0.0581,0.00604545,-0.00195277,0.0,0.001,0.5
1998-07-01,Other_excess,-0.0213,0.00690781,0.00663131,0.00663131,0.001,0.5
1998-08-01,NoDur_excess,-0.1353,0.00714622,-0.00223845,0.0,0.001,0.5
1998-08-01,Durbl_excess,-0.1939,0.00886228,-0.00118232,0.0,0.001,0.5
1998-08-01,Manuf_excess,-0.1474,0.0074312,-0.00115378,0.0,0.001,0.5
1998-08-01,Enrgy_excess,-0.1082,0.00752782,-0.00259168,0.0,0.001,0.5
1998-08-01,HiTec_excess,-0.1811,0.00860105,0.00420367,0.00420367,0.001,0.5
1998-08-01,Telcm_excess,-0.1279,0.00638615,0.00527489,0.00527489,0.001,0.5
1998-08-01,Shops_excess,-0.1463,0.00763295,-0.00440832,0.0,0.001,0.5
1998-08-01,Hlth_excess,-0.128,0.00859697,0.003028,0.003028,0.001,0.5
1998-08-01,Utils_excess,0.0153,0.00597078,-0.00447139,0.0,0.001,0.5
1998-08-01,Other_excess,-0.2186,0.00687497,0.00216735,0.00216735,0.001,0.5
1998-09-01,NoDur_excess,0.008,0.00698058,-0.0071749,0.0,0.001,0.5
1998-09-01,Durbl_excess,0.0034,0.00862651,-0.00517845,0.0,0.001,0.5
1998-09-01,Manuf_excess,0.002,0.00725116,-0.00208726,0.0,0.001,0.5
1998-09-01,Enrgy_excess,0.1249,0.00739326,-0.00125479,0.0,0.001,0.5
1998-09-01,HiTec_excess,0.1469,0.00838047,-0.00454371,0.0,0.001,0.5
1998-09-01,Telcm_excess,0.0981,0.00623,0.00079213,0.00079213,0.001,0.5
1998-09-01,Shops_excess,0.0102,0.00745395,-0.01562649,0.0,0.001,0.5
1998-09-01,Hlth_excess,0.1163,0.00843814,-0.00413832,0.0,0.001,0.5
1998-09-01,Utils_excess,0.0771,0.00598163,-0.0062498,0.0,0.001,0.5
1998-09-01,Other_excess,0.0254,0.00661279,-0.00253779,0.0,0.001,0.5
1998-10-01,NoDur_excess,0.1067,0.00698177,0.00702431,0.00702431,0.001,0.5
1998-10-01,Durbl_excess,0.1031,0.00862044,0.00674011,0.00674011,0.001,0.5
1998-10-01,Manuf_excess,0.1095,0.00724506,0.00434883,0.00434883,0.001,0.5
1998-10-01,Enrgy_excess,0.0084,0.00752973,0.0017994,0.0017994,0.001,0.5
1998-10-01,HiTec_excess,0.0589,0.00854135,0.01042797,0.01042797,0.001,0.5
1998-10-01,Telcm_excess,0.0642,0.0063367,0.00852943,0.00852943,0.001,0.5
1998-10-01,Shops_excess,0.1037,0.00745714,0.0077175,0.0077175,0.001,0.5
1998-10-01,Hlth_excess,0.0351,0.00856341,0.00929609,0.00929609,0.001,0.5
1998-10-01,Utils_excess,-0.0209,0.00606423,0.00797426,0.00797426,0.001,0.5
1998-10-01,Other_excess,0.0802,0.00663461,0.00977672,0.00977672,0.001,0.5
1998-11-01,NoDur_excess,0.061,0.00709745,-0.00414019,0.0,0.001,0.5
1998-11-01,Durbl_excess,0.0493,0.00873005,-0.00218619,0.0,0.001,0.5
1998-11-01,Manuf_excess,0.0321,0.00736369,-0.00153911,0.0,0.001,0.5
1998-11-01,Enrgy_excess,0.003,0.00753074,-0.0010539,0.0,0.001,0.5
1998-11-01,HiTec_excess,0.1135,0.00859977,0.00377688,0.00377688,0.001,0.5
1998-11-01,Telcm_excess,0.0335,0.00640383,0.00343789,0.00343789,0.001,0.5
1998-11-01,Shops_excess,0.0915,0.00756879,-0.00632634,0.0,0.001,0.5
1998-11-01,Hlth_excess,0.0588,0.0085942,0.00244496,0.00244496,0.001,0.5
1998-11-01,Utils_excess,0.0102,0.00603295,-0.00563864,0.0,0.001,0.5
1998-11-01,Other_excess,0.0574,0.00671995,-0.00088036,0.0,0.001,0.5
1998-12-01,NoDur_excess,-0.0005,0.00715991,0.00922794,0.00922794,0.001,0.5
1998-12-01,Durbl_excess,0.0336,0.00877706,0.01098765,0.01098765,0.001,0.5
1998-12-01,Manuf_excess,0.0201,0.00739235,0.00632127,0.00632127,0.001,0.5
1998-12-01,Enrgy_excess,-0.0162,0.00752549,-0.00042566,0.0,0.001,0.5
1998-12-01,HiTec_excess,0.1477,0.00872132,0.01717507,0.01717507,0.001,0.5
1998-12-01,Telcm_excess,0.1401,0.00643523,0.01172739,0.01172739,0.001,0.5
1998-12-01,Shops_excess,0.0884,0.00766605,0.01366932,0.01366932,0.001,0.5
1998-12-01,Hlth_excess,0.0456,0.00865238,0.01177887,0.01177887,0.001,0.5
1998-12-01,Utils_excess,0.0248,0.00603778,0.00620364,0.00620364,0.001,0.5
1998-12-01,Other_excess,0.0301,0.00677868,0.0127499,0.0127499,0.001,0.5
1999-01-01,NoDur_excess,-0.0382,0.00715104,0.00203456,0.00203456,0.001,0.5
1999-01-01,Durbl_excess,0.0455,0.00880579,0.00637035,0.00637035,0.001,0.5
1999-01-01,Manuf_excess,0.0024,0.00740706,0.00364417,0.00364417,0.001,0.5
1999-01-01,Enrgy_excess,-0.0532,0.00749803,-0.00106535,0.0,0.001,0.5
1999-01-01,HiTec_excess,0.1472,0.00888218,0.01544915,0.01544915,0.001,0.5
1999-01-01,Telcm_excess,0.0878,0.00658993,0.01109209,0.01109209,0.001,0.5
1999-01-01,Shops_excess,0.0183,0.00775949,0.00410421,0.00410421,0.001,0.5
1999-01-01,Hlth_excess,-0.0007,0.00869514,0.00783099,0.00783099,0.001,0.5
1999-01-01,Utils_excess,-0.066,0.00605949,-0.0007812,0.0,0.001,0.5
1999-01-01,Other_excess,0.0062,0.00680567,0.00735208,0.00735208,0.001,0.5
1999-02-01,NoDur_excess,-0.0434,0.00709861,0.00195363,0.00195363,0.001,0.5
1999-02-01,Durbl_excess,-0.0485,0.00884821,0.00798109,0.00798109,0.001,0.5
1999-02-01,Manuf_excess,-0.0248,0.00740127,0.00466666,0.00466666,0.001,0.5
1999-02-01,Enrgy_excess,-0.0361,0.00742786,-0.00093132,0.0,0.001,0.5
1999-02-01,HiTec_excess,-0.1192,0.00904208,0.01803631,0.01803631,0.001,0.5
1999-02-01,Telcm_excess,-0.0324,0.00668382,0.01422191,0.01422191,0.001,0.5
1999-02-01,Shops_excess,-0.0169,0.00777168,0.00539461,0.00539461,0.001,0.5
1999-02-01,Hlth_excess,-0.0018,0.00868428,0.00654403,0.00654403,0.001,0.5
1999-02-01,Utils_excess,-0.0398,0.00597618,-0.00214241,0.0,0.001,0.5
1999-02-01,Other_excess,-0.0034,0.00680497,0.00945409,0.00945409,0.001,0.5
1999-03-01,NoDur_excess,-0.0246,0.0070403,-0.00643812,0.0,0.001,0.5
1999-03-01,Durbl_excess,-0.008,0.00878199,-0.00405155,0.0,0.001,0.5
1999-03-01,Manuf_excess,0.0443,0.00736409,-0.00392346,0.0,0.001,0.5
1999-03-01,Enrgy_excess,0.1485,0.0073776,-0.00583683,0.0,0.001,0.5
1999-03-01,HiTec_excess,0.0804,0.008894,0.00782333,0.00782333,0.001,0.5
1999-03-01,Telcm_excess,-0.0111,0.00663868,0.00585708,0.00585708,0.001,0.5
1999-03-01,Shops_excess,0.0227,0.00774319,-0.00600257,0.0,0.001,0.5
1999-03-01,Hlth_excess,0.0208,0.00867217,0.00321915,0.00321915,0.001,0.5
1999-03-01,Utils_excess,-0.0207,0.00592333,-0.01016811,0.0,0.001,0.5
1999-03-01,Other_excess,0.0199,0.00679319,-0.00320254,0.0,0.001,0.5
1999-04-01,NoDur_excess,0.0354,0.00700381,-0.00209901,0.0,0.001,0.5
1999-04-01,Durbl_excess,0.0904,0.00876263,0.00232524,0.00232524,0.001,0.5
1999-04-01,Manuf_excess,0.0908,0.00740669,0.00116831,0.00116831,0.001,0.5
1999-04-01,Enrgy_excess,0.154,0.00754037,-0.00080155,0.0,0.001,0.5
1999-04-01,HiTec_excess,0.0189,0.00897647,0.01216647,0.01216647,0.001,0.5
1999-04-01,Telcm_excess,0.0738,0.00661822,0.00998751,0.00998751,0.001,0.5
1999-04-01,Shops_excess,0.0001,0.00776044,0.00041374,0.00041374,0.001,0.5
1999-04-01,Hlth_excess,-0.059,0.00868616,0.00365555,0.00365555,0.001,0.5
1999-04-01,Utils_excess,0.0698,0.00589262,-0.00595029,0.0,0.001,0.5
1999-04-01,Other_excess,0.0634,0.0068083,0.00473966,0.00473966,0.001,0.5
1999-05-01,NoDur_excess,0.0103,0.00703652,-0.00687175,0.0,0.001,0.5
1999-05-01,Durbl_excess,-0.0481,0.00885668,-0.00094526,0.0,0.001,0.5
1999-05-01,Manuf_excess,-0.0364,0.00750276,-0.00061848,0.0,0.001,0.5
1999-05-01,Enrgy_excess,-0.0344,0.0077091,0.00056666,0.00056666,0.001,0.5
1999-05-01,HiTec_excess,-0.0117,0.0089879,0.00742558,0.00742558,0.001,0.5
1999-05-01,Telcm_excess,0.0032,0.00669562,0.00958775,0.00958775,0.001,0.5
1999-05-01,Shops_excess,-0.0332,0.00775161,-0.00635671,0.0,0.001,0.5
1999-05-01,Hlth_excess,-0.0237,0.00860818,-0.00280136,0.0,0.001,0.5
1999-05-01,Utils_excess,0.0639,0.00596624,-0.00902291,0.0,0.001,0.5
1999-05-01,Other_excess,-0.0423,0.0068735,0.0022947,0.0022947,0.001,0.5
1999-06-01,NoDur_excess,-0.0014,0.00704028,-0.00414692,0.0,0.001,0.5
1999-06-01,Durbl_excess,0.0053,0.00879114,0.001137,0.001137,0.001,0.5
1999-06-01,Manuf_excess,0.0411,0.00745224,0.00026921,0.00026921,0.001,0.5
1999-06-01,Enrgy_excess,-0.0188,0.00766064,0.00067578,0.00067578,0.001,0.5
1999-06-01,HiTec_excess,0.1116,0.0089641,0.01198674,0.01198674,0.001,0.5
1999-06-01,Telcm_excess,0.0548,0.0066916,0.00885434,0.00885434,0.001,0.5
1999-06-01,Shops_excess,0.0767,0.00770449,-0.00474279,0.0,0.001,0.5
1999-06-01,Hlth_excess,0.0403,0.008571,0.00196897,0.00196897,0.001,0.5
1999-06-01,Utils_excess,-0.0489,0.00603291,-0.00533745,0.0,0.001,0.5
1999-06-01,Other_excess,0.0265,0.00681692,0.00158146,0.00158146,0.001,0.5
1999-07-01,NoDur_excess,-0.0282,0.00703057,-0.00418911,0.0,0.001,0.5
1999-07-01,Durbl_excess,-0.0641,0.00878713,0.00259738,0.00259738,0.001,0.5
1999-07-01,Manuf_excess,-0.0154,0.00749092,0.00297107,0.00297107,0.001,0.5
1999-07-01,Enrgy_excess,0.0126,0.00763023,0.00209105,0.00209105,0.001,0.5
1999-07-01,HiTec_excess,-0.0211,0.00908207,0.01463069,0.01463069,0.001,0.5
1999-07-01,Telcm_excess,-0.021,0.0067469,0.01093565,0.01093565,0.001,0.5
1999-07-01,Shops_excess,-0.0538,0.00778379,-0.00378895,0.0,0.001,0.5
1999-07-01,Hlth_excess,-0.0478,0.00860747,0.00231427,0.00231427,0.001,0.5
1999-07-01,Utils_excess,-0.0096,0.00596977,-0.0070718,0.0,0.001,0.5
1999-07-01,Other_excess,-0.0632,0.00683954,0.00397135,0.00397135,0.001,0.5
1999-08-01,NoDur_excess,-0.0498,0.00699013,-0.00428401,0.0,0.001,0.5
1999-08-01,Durbl_excess,0.0021,0.00870344,-7.626e-05,0.0,0.001,0.5
1999-08-01,Manuf_excess,-0.0091,0.00746464,0.00161503,0.00161503,0.001,0.5
1999-08-01,Enrgy_excess,0.0153,0.00763594,0.00190974,0.00190974,0.001,0.5
1999-08-01,HiTec_excess,0.0507,0.00904742,0.01265898,0.01265898,0.001,0.5
1999-08-01,Telcm_excess,-0.0864,0.00671504,0.01028481,0.01028481,0.001,0.5
1999-08-01,Shops_excess,-0.0635,0.00771309,-0.00403486,0.0,0.001,0.5
1999-08-01,Hlth_excess,0.0337,0.00854271,0.00069359,0.00069359,0.001,0.5
1999-08-01,Utils_excess,0.0019,0.00595189,-0.00648511,0.0,0.001,0.5
1999-08-01,Other_excess,-0.0543,0.00675913,0.00244218,0.00244218,0.001,0.5
1999-09-01,NoDur_excess,-0.073,0.006925,-0.00122285,0.0,0.001,0.5
1999-09-01,Durbl_excess,-0.0876,0.00869587,0.00266808,0.00266808,0.001,0.5
1999-09-01,Manuf_excess,-0.0354,0.00744564,0.00298366,0.00298366,0.001,0.5
1999-09-01,Enrgy_excess,-0.0435,0.00764472,0.00248878,0.00248878,0.001,0.5
1999-09-01,HiTec_excess,-0.0049,0.00909518,0.01598438,0.01598438,0.001,0.5
1999-09-01,Telcm_excess,0.0426,0.00660826,0.00962012,0.00962012,0.001,0.5
1999-09-01,Shops_excess,0.0088,0.00763142,-0.00038923,0.0,0.001,0.5
1999-09-01,Hlth_excess,-0.0746,0.00857156,0.00394951,0.00394951,0.001,0.5
1999-09-01,Utils_excess,-0.0467,0.00594725,-0.00299189,0.0,0.001,0.5
1999-09-01,Other_excess,-0.0494,0.00668911,0.00407011,0.00407011,0.001,0.5
1999-10-01,NoDur_excess,0.0621,0.00683345,-0.00108312,0.0,0.001,0.5
1999-10-01,Durbl_excess,0.0421,0.00858557,0.00178164,0.00178164,0.001,0.5
1999-10-01,Manuf_excess,0.0532,0.00739656,0.00272471,0.00272471,0.001,0.5
1999-10-01,Enrgy_excess,-0.0196,0.00758614,0.00198169,0.00198169,0.001,0.5
1999-10-01,HiTec_excess,0.0262,0.00907915,0.01561992,0.01561992,0.001,0.5
1999-10-01,Telcm_excess,0.0791,0.00664948,0.01132984,0.01132984,0.001,0.5
1999-10-01,Shops_excess,0.0282,0.00763276,0.00050933,0.00050933,0.001,0.5
1999-10-01,Hlth_excess,0.1034,0.00847629,0.00204252,0.00204252,0.001,0.5
1999-10-01,Utils_excess,0.0177,0.00588694,-0.00226206,0.0,0.001,0.5
1999-10-01,Other_excess,0.1104,0.00662486,0.00493441,0.00493441,0.001,0.5
1999-11-01,NoDur_excess,-0.0146,0.00689668,0.00090893,0.00090893,0.001,0.5
1999-11-01,Durbl_excess,-0.0256,0.00862391,0.00475552,0.00475552,0.001,0.5
1999-11-01,Manuf_excess,-0.0134,0.00744897,0.00506818,0.00506818,0.001,0.5
1999-11-01,Enrgy_excess,0.0345,0.00755503,0.00211097,0.00211097,0.001,0.5
1999-11-01,HiTec_excess,0.1239,0.00909874,0.01940188,0.01940188,0.001,0.5
1999-11-01,Telcm_excess,0.0425,0.00673238,0.01270765,0.01270765,0.001,0.5
1999-11-01,Shops_excess,0.0379,0.00765629,0.00280489,0.00280489,0.001,0.5
1999-11-01,Hlth_excess,0.0116,0.0085849,0.0058764,0.0058764,0.001,0.5
1999-11-01,Utils_excess,-0.0772,0.00590046,-0.00079657,0.0,0.001,0.5
1999-11-01,Other_excess,-0.0285,0.00674359,0.0082635,0.0082635,0.001,0.5
1999-12-01,NoDur_excess,-0.0308,0.00687211,4.371e-05,4.371e-05,0.001,0.5
1999-12-01,Durbl_excess,0.0231,0.0085848,0.00328516,0.00328516,0.001,0.5
1999-12-01,Manuf_excess,0.0984,0.00742514,0.00457691,0.00457691,0.001,0.5
1999-12-01,Enrgy_excess,0.0019,0.00758583,0.0028854,0.0028854,0.001,0.5
1999-12-01,HiTec_excess,0.2031,0.00922994,0.02260695,0.02260695,0.001,0.5
1999-12-01,Telcm_excess,0.0409,0.00677326,0.0136217,0.0136217,0.001,0.5
1999-12-01,Shops_excess,0.0632,0.00769086,0.00258062,0.00258062,0.001,0.5
1999-12-01,Hlth_excess,-0.0606,0.00858834,0.00622498,0.00622498,0.001,0.5
1999-12-01,Utils_excess,-0.0281,0.00580549,-0.00268666,0.0,0.001,0.5
1999-12-01,Other_excess,0.0096,0.00670331,0.00690077,0.00690077,0.001,0.5
2000-01-01,NoDur_excess,-0.0513,0.00682911,-0.00131335,0.0,0.001,0.5
2000-01-01,Durbl_excess,-0.0174,0.00860137,0.00232752,0.00232752,0.001,0.5
2000-01-01,Manuf_excess,-0.0907,0.007529,0.00567924,0.00567924,0.001,0.5
2000-01-01,Enrgy_excess,0.0087,0.00757934,0.00272996,0.00272996,0.001,0.5
2000-01-01,HiTec_excess,-0.0562,0.00945126,0.02638122,0.02638122,0.001,0.5
2000-01-01,Telcm_excess,-0.0426,0.00681221,0.01324661,0.01324661,0.001,0.5
2000-01-01,Shops_excess,-0.1142,0.00775422,0.00235372,0.00235372,0.001,0.5
2000-01-01,Hlth_excess,0.0722,0.00850936,0.00489616,0.00489616,0.001,0.5
2000-01-01,Utils_excess,0.0513,0.00576678,-0.00441495,0.0,0.001,0.5
2000-01-01,Other_excess,-0.0516,0.00670662,0.00544245,0.00544245,0.001,0.5
2000-02-01,NoDur_excess,-0.067,0.00676283,-0.00817789,0.0,0.001,0.5
2000-02-01,Durbl_excess,-0.0924,0.00857172,-0.00370624,0.0,0.001,0.5
2000-02-01,Manuf_excess,-0.0417,0.00741699,0.00038403,0.00038403,0.001,0.5
2000-02-01,Enrgy_excess,-0.0603,0.00758062,0.00281579,0.00281579,0.001,0.5
2000-02-01,HiTec_excess,0.1761,0.0093764,0.01580694,0.01580694,0.001,0.5
2000-02-01,Telcm_excess,-0.0412,0.00675587,0.00929962,0.00929962,0.001,0.5
2000-02-01,Shops_excess,-0.0438,0.00761517,-0.01295248,0.0,0.001,0.5
2000-02-01,Hlth_excess,-0.0294,0.00858198,-0.00186969,0.0,0.001,0.5
2000-02-01,Utils_excess,-0.075,0.0058187,-0.00752273,0.0,0.001,0.5
2000-02-01,Other_excess,-0.0781,0.00664014,0.00031745,0.00031745,0.001,0.5
2000-03-01,NoDur_excess,0.0696,0.00667882,-0.00718815,0.0,0.001,0.5
2000-03-01,Durbl_excess,0.1042,0.00845672,-0.00631521,0.0,0.001,0.5
2000-03-01,Manuf_excess,0.0705,0.00736105,-0.00089915,0.0,0.001,0.5
2000-03-01,Enrgy_excess,0.1145,0.0075033,0.00053372,0.00053372,0.001,0.5
2000-03-01,HiTec_excess,0.0362,0.00956629,0.02044641,0.02044641,0.001,0.5
2000-03-01,Telcm_excess,0.078,0.00670125,0.00972533,0.00972533,0.001,0.5
2000-03-01,Shops_excess,0.1292,0.00755661,-0.0096033,0.0,0.001,0.5
2000-03-01,Hlth_excess,-0.005,0.00853872,-0.0020422,0.0,0.001,0.5
2000-03-01,Utils_excess,0.0542,0.00572665,-0.00648868,0.0,0.001,0.5
2000-03-01,Other_excess,0.1389,0.00654362,0.00013654,0.00013654,0.001,0.5
2000-04-01,NoDur_excess,-0.0242,0.0067504,-0.00566717,0.0,0.001,0.5
2000-04-01,Durbl_excess,0.0823,0.00856564,-0.00333434,0.0,0.001,0.5
2000-04-01,Manuf_excess,0.01,0.00743288,0.00271768,0.00271768,0.001,0.5
2000-04-01,Enrgy_excess,-0.0277,0.00762503,0.00443354,0.00443354,0.001,0.5
2000-04-01,HiTec_excess,-0.1101,0.00959659,0.02142606,0.02142606,0.001,0.5
2000-04-01,Telcm_excess,-0.0879,0.00678237,0.01232546,0.01232546,0.001,0.5
2000-04-01,Shops_excess,-0.0494,0.00769499,-0.00590436,0.0,0.001,0.5
2000-04-01,Hlth_excess,0.0458,0.00852332,-0.00194776,0.0,0.001,0.5
2000-04-01,Utils_excess,0.0696,0.0057818,-0.00574808,0.0,0.001,0.5
2000-04-01,Other_excess,-0.0329,0.0066942,0.00597531,0.00597531,0.001,0.5
2000-05-01,NoDur_excess,0.066,0.00671523,-0.00304546,0.0,0.001,0.5
2000-05-01,Durbl_excess,-0.1281,0.00864943,0.00181204,0.00181204,0.001,0.5
2000-05-01,Manuf_excess,-0.0222,0.0074358,0.00515637,0.00515637,0.001,0.5
2000-05-01,Enrgy_excess,0.0889,0.00758489,0.00512141,0.00512141,0.001,0.5
2000-05-01,HiTec_excess,-0.1135,0.00946057,0.02446735,0.02446735,0.001,0.5
2000-05-01,Telcm_excess,-0.1047,0.00667477,0.00840575,0.00840575,0.001,0.5
2000-05-01,Shops_excess,-0.0333,0.00763011,-0.00291533,0.0,0.001,0.5
2000-05-01,Hlth_excess,0.0322,0.00856568,0.00612184,0.00612184,0.001,0.5
2000-05-01,Utils_excess,0.0346,0.00585432,-0.00279642,0.0,0.001,0.5
2000-05-01,Other_excess,0.0285,0.0066492,0.00444276,0.00444276,0.001,0.5
2000-06-01,NoDur_excess,0.0178,0.00678252,-0.00419794,0.0,0.001,0.5
2000-06-01,Durbl_excess,-0.0939,0.00849421,-0.0028319,0.0,0.001,0.5
2000-06-01,Manuf_excess,-0.0168,0.00740216,0.00427743,0.00427743,0.001,0.5
2000-06-01,Enrgy_excess,-0.0545,0.00767719,0.00705924,0.00705924,0.001,0.5
2000-06-01,HiTec_excess,0.1223,0.009321,0.02012033,0.02012033,0.001,0.5
2000-06-01,Telcm_excess,0.0359,0.00654835,0.00556934,0.00556934,0.001,0.5
2000-06-01,Shops_excess,-0.0261,0.00758365,-0.00613585,0.0,0.001,0.5
2000-06-01,Hlth_excess,0.1059,0.00859251,0.00509903,0.00509903,0.001,0.5
2000-06-01,Utils_excess,-0.0508,0.00588695,-0.00372507,0.0,0.001,0.5
2000-06-01,Other_excess,-0.0353,0.00667401,0.00434371,0.00434371,0.001,0.5
2000-07-01,NoDur_excess,0.0024,0.00679501,0.00732663,0.00732663,0.001,0.5
2000-07-01,Durbl_excess,0.0425,0.00837812,0.00550184,0.00550184,0.001,0.5
2000-07-01,Manuf_excess,-0.0193,0.00737472,0.00936657,0.00936657,0.001,0.5
2000-07-01,Enrgy_excess,-0.0316,0.00760669,0.00647446,0.00647446,0.001,0.5
2000-07-01,HiTec_excess,-0.0563,0.00944909,0.02868661,0.02868661,0.001,0.5
2000-07-01,Telcm_excess,-0.0722,0.00658163,0.01435785,0.01435785,0.001,0.5
2000-07-01,Shops_excess,-0.017,0.00754546,0.0122716,0.0122716,0.001,0.5
2000-07-01,Hlth_excess,-0.0699,0.00870283,0.01229923,0.01229923,0.001,0.5
2000-07-01,Utils_excess,0.0339,0.00582268,0.00569669,0.00569669,0.001,0.5
2000-07-01,Other_excess,0.0488,0.00662642,0.01552866,0.01552866,0.001,0.5
2000-08-01,NoDur_excess,-0.0258,0.00679003,0.0050985,0.0050985,0.001,0.5
2000-08-01,Durbl_excess,0.0494,0.00841676,0.00327056,0.00327056,0.001,0.5
2000-08-01,Manuf_excess,0.0691,0.00734451,0.00787928,0.00787928,0.001,0.5
2000-08-01,Enrgy_excess,0.0825,0.00756229,0.00631595,0.00631595,0.001,0.5
2000-08-01,HiTec_excess,0.1218,0.00937463,0.02566433,0.02566433,0.001,0.5
2000-08-01,Telcm_excess,-0.0199,0.00649241,0.01035597,0.01035597,0.001,0.5
2000-08-01,Shops_excess,-0.029,0.00751767,0.00757105,0.00757105,0.001,0.5
2000-08-01,Hlth_excess,0.03,0.00861382,0.01115727,0.01115727,0.001,0.5
2000-08-01,Utils_excess,0.1116,0.00585447,0.00426415,0.00426415,0.001,0.5
2000-08-01,Other_excess,0.0874,0.00667418,0.01337322,0.01337322,0.001,0.5
2000-09-01,NoDur_excess,0.0322,0.00675317,0.00288041,0.00288041,0.001,0.5
2000-09-01,Durbl_excess,-0.0467,0.00846312,0.00379645,0.00379645,0.001,0.5
2000-09-01,Manuf_excess,-0.0621,0.00741437,0.00968459,0.00968459,0.001,0.5
2000-09-01,Enrgy_excess,0.0405,0.00764706,0.00819795,0.00819795,0.001,0.5
2000-09-01,HiTec_excess,-0.1524,0.00950181,0.02930718,0.02930718,0.001,0.5
2000-09-01,Telcm_excess,-0.0496,0.00646256,0.00937095,0.00937095,0.001,0.5
2000-09-01,Shops_excess,0.0215,0.00747636,0.00384371,0.00384371,0.001,0.5
2000-09-01,Hlth_excess,0.0316,0.00863801,0.01089256,0.01089256,0.001,0.5
2000-09-01,Utils_excess,0.0829,0.0059741,0.00477209,0.00477209,0.001,0.5
2000-09-01,Other_excess,-0.0026,0.0067655,0.01461105,0.01461105,0.001,0.5
2000-10-01,NoDur_excess,0.0692,0.00678192,0.00399058,0.00399058,0.001,0.5
2000-10-01,Durbl_excess,0.0199,0.00840079,-0.00082813,0.0,0.001,0.5
2000-10-01,Manuf_excess,0.0284,0.00733582,0.00505647,0.00505647,0.001,0.5
2000-10-01,Enrgy_excess,-0.0337,0.00768418,0.00690646,0.00690646,0.001,0.5
2000-10-01,HiTec_excess,-0.0803,0.00931887,0.02359433,0.02359433,0.001,0.5
2000-10-01,Telcm_excess,-0.0073,0.00639921,0.00679296,0.00679296,0.001,0.5
2000-10-01,Shops_excess,-0.0231,0.0074922,0.00845732,0.00845732,0.001,0.5
2000-10-01,Hlth_excess,0.015,0.00866395,0.01185949,0.01185949,0.001,0.5
2000-10-01,Utils_excess,-0.0223,0.00606102,0.00724652,0.00724652,0.001,0.5
2000-10-01,Other_excess,-0.0185,0.00675492,0.01239565,0.01239565,0.001,0.5
2000-11-01,NoDur_excess,0.0219,0.00685237,0.00069835,0.00069835,0.001,0.5
2000-11-01,Durbl_excess,-0.1165,0.00841377,-0.001089,0.0,0.001,0.5
2000-11-01,Manuf_excess,-0.0359,0.00735959,0.0063146,0.0063146,0.001,0.5
2000-11-01,Enrgy_excess,-0.0303,0.00763747,0.00811434,0.00811434,0.001,0.5
2000-11-01,HiTec_excess,-0.2371,0.00921772,0.01840932,0.01840932,0.001,0.5
2000-11-01,Telcm_excess,-0.1704,0.00638375,0.00472567,0.00472567,0.001,0.5
2000-11-01,Shops_excess,-0.0155,0.00745767,-0.00183511,0.0,0.001,0.5
2000-11-01,Hlth_excess,0.0024,0.00867111,0.00889497,0.00889497,0.001,0.5
2000-11-01,Utils_excess,0.0245,0.00602901,0.00334032,0.00334032,0.001,0.5
2000-11-01,Other_excess,-0.0649,0.00672641,0.00986943,0.00986943,0.001,0.5
2000-12-01,NoDur_excess,0.0494,0.00686933,0.00855168,0.00855168,0.001,0.5
2000-12-01,Durbl_excess,-0.0042,0.00827294,0.0028682,0.0028682,0.001,0.5
2000-12-01,Manuf_excess,0.0647,0.00731082,0.00975565,0.00975565,0.001,0.5
2000-12-01,Enrgy_excess,0.07,0.0075947,0.0080051,0.0080051,0.001,0.5
2000-12-01,HiTec_excess,-0.0849,0.00894002,0.01735015,0.01735015,0.001,0.5
2000-12-01,Telcm_excess,-0.0477,0.00618444,0.00730604,0.00730604,0.001,0.5
2000-12-01,Shops_excess,0.0517,0.00743179,0.00908031,0.00908031,0.001,0.5
2000-12-01,Hlth_excess,0.0299,0.00866404,0.01407194,0.01407194,0.001,0.5
2000-12-01,Utils_excess,0.0597,0.00604983,0.01081453,0.01081453,0.001,0.5
2000-12-01,Other_excess,0.0597,0.00664566,0.01480252,0.01480252,0.001,0.5
2001-01-01,NoDur_excess,-0.0272,0.00691723,0.01204105,0.01204105,0.001,0.5
2001-01-01,Durbl_excess,0.1251,0.0082589,0.0061499,0.0061499,0.001,0.5
2001-01-01,Manuf_excess,-0.0152,0.00737545,0.01286703,0.01286703,0.001,0.5
2001-01-01,Enrgy_excess,-0.0397,0.00766498,0.01025373,0.01025373,0.001,0.5
2001-01-01,HiTec_excess,0.1564,0.00883435,0.01732864,0.01732864,0.001,0.5
2001-01-01,Telcm_excess,0.1496,0.00612376,0.00715107,0.00715107,0.001,0.5
2001-01-01,Shops_excess,0.0587,0.00748164,0.01401505,0.01401505,0.001,0.5
2001-01-01,Hlth_excess,-0.0905,0.00868795,0.01727141,0.01727141,0.001,0.5
2001-01-01,Utils_excess,-0.1077,0.00611025,0.01367399,0.01367399,0.001,0.5
2001-01-01,Other_excess,0.0009,0.00670541,0.01799308,0.01799308,0.001,0.5
2001-02-01,NoDur_excess,-0.0024,0.00687885,0.01497809,0.01497809,0.001,0.5
2001-02-01,Durbl_excess,-0.0163,0.00839033,0.01120982,0.01120982,0.001,0.5
2001-02-01,Manuf_excess,-0.0417,0.00735006,0.01173878,0.01173878,0.001,0.5
2001-02-01,Enrgy_excess,-0.0041,0.0076117,0.00766404,0.00766404,0.001,0.5
2001-02-01,HiTec_excess,-0.2645,0.00900034,0.02159069,0.02159069,0.001,0.5
2001-02-01,Telcm_excess,-0.1068,0.00628515,0.01130691,0.01130691,0.001,0.5
2001-02-01,Shops_excess,-0.0571,0.00753926,0.02396713,0.02396713,0.001,0.5
2001-02-01,Hlth_excess,-0.0092,0.00857638,0.01604098,0.01604098,0.001,0.5
2001-02-01,Utils_excess,0.058,0.00598223,0.0125717,0.0125717,0.001,0.5
2001-02-01,Other_excess,-0.0463,0.00669888,0.02006129,0.02006129,0.001,0.5
2001-03-01,NoDur_excess,-0.052,0.00686843,0.0051415,0.0051415,0.001,0.5
2001-03-01,Durbl_excess,-0.0375,0.00836258,0.00329978,0.00329978,0.001,0.5
2001-03-01,Manuf_excess,-0.0647,0.00729494,0.00874094,0.00874094,0.001,0.5
2001-03-01,Enrgy_excess,-0.0052,0.00759854,0.0093865,0.0093865,0.001,0.5
2001-03-01,HiTec_excess,-0.1431,0.00869303,0.00951447,0.00951447,0.001,0.5
2001-03-01,Telcm_excess,-0.0642,0.00615809,0.00610918,0.00610918,0.001,0.5
2001-03-01,Shops_excess,-0.0329,0.00746663,0.00623096,0.00623096,0.001,0.5
2001-03-01,Hlth_excess,-0.0901,0.0085564,0.00979048,0.00979048,0.001,0.5
2001-03-01,Utils_excess,0.0063,0.00604067,0.00528979,0.00528979,0.001,0.5
2001-03-01,Other_excess,-0.0492,0.00663933,0.01153042,0.01153042,0.001,0.5
2001-04-01,NoDur_excess,0.0053,0.00680236,0.00421205,0.00421205,0.001,0.5
2001-04-01,Durbl_excess,0.0831,0.00831111,0.00185789,0.00185789,0.001,0.5
2001-04-01,Manuf_excess,0.0716,0.00721414,0.00648569,0.00648569,0.001,0.5
2001-04-01,Enrgy_excess,0.0963,0.00758418,0.00848539,0.00848539,0.001,0.5
2001-04-01,HiTec_excess,0.1762,0.00852267,0.00695556,0.00695556,0.001,0.5
2001-04-01,Telcm_excess,0.0362,0.00607912,0.00327098,0.00327098,0.001,0.5
2001-04-01,Shops_excess,0.0521,0.00742132,0.00456574,0.00456574,0.001,0.5
2001-04-01,Hlth_excess,0.0386,0.00844568,0.00999818,0.00999818,0.001,0.5
2001-04-01,Utils_excess,0.0502,0.00604097,0.004538,0.004538,0.001,0.5
2001-04-01,Other_excess,0.0569,0.00657666,0.00732972,0.00732972,0.001,0.5
2001-05-01,NoDur_excess,0.0308,0.00680067,0.0026267,0.0026267,0.001,0.5
2001-05-01,Durbl_excess,-0.0188,0.00839496,0.00243169,0.00243169,0.001,0.5
2001-05-01,Manuf_excess,0.0183,0.00728632,0.00498616,0.00498616,0.001,0.5
2001-05-01,Enrgy_excess,-0.0022,0.00768363,0.00797404,0.00797404,0.001,0.5
2001-05-01,HiTec_excess,-0.0352,0.00871065,0.00873472,0.00873472,0.001,0.5
2001-05-01,Telcm_excess,-0.0195,0.00611289,0.00259127,0.00259127,0.001,0.5
2001-05-01,Shops_excess,0.0129,0.00747141,0.00508852,0.00508852,0.001,0.5
2001-05-01,Hlth_excess,0.0245,0.00847948,0.00878339,0.00878339,0.001,0.5
2001-05-01,Utils_excess,0.0015,0.00609047,0.00216926,0.00216926,0.001,0.5
2001-05-01,Other_excess,0.0332,0.00663307,0.005327,0.005327,0.001,0.5
2001-06-01,NoDur_excess,-0.018,0.00682755,0.00563125,0.00563125,0.001,0.5
2001-06-01,Durbl_excess,0.0351,0.0083645,0.00705055,0.00705055,0.001,0.5
2001-06-01,Manuf_excess,-0.0493,0.00729866,0.00715294,0.00715294,0.001,0.5
2001-06-01,Enrgy_excess,-0.0774,0.00767256,0.00719836,0.00719836,0.001,0.5
2001-06-01,HiTec_excess,0.0113,0.00866148,0.00912036,0.00912036,0.001,0.5
2001-06-01,Telcm_excess,-0.0296,0.00608421,0.00686026,0.00686026,0.001,0.5
2001-06-01,Shops_excess,-0.0286,0.00747749,0.00982589,0.00982589,0.001,0.5
2001-06-01,Hlth_excess,-0.0326,0.00849742,0.00819066,0.00819066,0.001,0.5
2001-06-01,Utils_excess,-0.0643,0.00608533,0.0042148,0.0042148,0.001,0.5
2001-06-01,Other_excess,-0.0037,0.00666282,0.01020077,0.01020077,0.001,0.5
2001-07-01,NoDur_excess,-0.0084,0.00679978,0.00217786,0.00217786,0.001,0.5
2001-07-01,Durbl_excess,0.0296,0.00839441,0.00542703,0.00542703,0.001,0.5
2001-07-01,Manuf_excess,0.0023,0.00723535,0.0049182,0.0049182,0.001,0.5
2001-07-01,Enrgy_excess,-0.0253,0.0075774,0.00489169,0.00489169,0.001,0.5
2001-07-01,HiTec_excess,-0.0787,0.00866443,0.00875105,0.00875105,0.001,0.5
2001-07-01,Telcm_excess,-0.0126,0.0060443,0.00588043,0.00588043,0.001,0.5
2001-07-01,Shops_excess,0.0425,0.00743714,0.00440563,0.00440563,0.001,0.5
2001-07-01,Hlth_excess,0.0198,0.00845145,0.00576823,0.00576823,0.001,0.5
2001-07-01,Utils_excess,-0.0414,0.0060066,-1.982e-05,0.0,0.001,0.5
2001-07-01,Other_excess,-0.0247,0.00665123,0.00651352,0.00651352,0.001,0.5
2001-08-01,NoDur_excess,0.0168,0.00678279,0.01037212,0.01037212,0.001,0.5
2001-08-01,Durbl_excess,-0.1036,0.0084181,0.01562575,0.01562575,0.001,0.5
2001-08-01,Manuf_excess,-0.0249,0.00722983,0.00996418,0.00996418,0.001,0.5
2001-08-01,Enrgy_excess,-0.0381,0.00754067,0.00479273,0.00479273,0.001,0.5
2001-08-01,HiTec_excess,-0.1294,0.00856682,0.01281047,0.01281047,0.001,0.5
2001-08-01,Telcm_excess,-0.0895,0.00602346,0.00999913,0.00999913,0.001,0.5
2001-08-01,Shops_excess,-0.0723,0.00747631,0.01575058,0.01575058,0.001,0.5
2001-08-01,Hlth_excess,-0.0341,0.00846413,0.01107195,0.01107195,0.001,0.5
2001-08-01,Utils_excess,0.0022,0.00595363,0.00693027,0.00693027,0.001,0.5
2001-08-01,Other_excess,-0.0551,0.0066162,0.01355857,0.01355857,0.001,0.5
2001-09-01,NoDur_excess,-0.038,0.00679397,0.00345512,0.00345512,0.001,0.5
2001-09-01,Durbl_excess,-0.1755,0.00829308,0.00455628,0.00455628,0.001,0.5
2001-09-01,Manuf_excess,-0.1298,0.00719397,0.00402421,0.00402421,0.001,0.5
2001-09-01,Enrgy_excess,-0.0646,0.00748973,0.00142997,0.00142997,0.001,0.5
2001-09-01,HiTec_excess,-0.1928,0.00841283,0.00407696,0.00407696,0.001,0.5
2001-09-01,Telcm_excess,-0.0263,0.00591685,0.00540068,0.00540068,0.001,0.5
2001-09-01,Shops_excess,-0.0979,0.00738728,0.00612413,0.00612413,0.001,0.5
2001-09-01,Hlth_excess,-0.0091,0.00841663,0.00571006,0.00571006,0.001,0.5
2001-09-01,Utils_excess,-0.0688,0.00594944,-0.00012804,0.0,0.001,0.5
2001-09-01,Other_excess,-0.0815,0.00654732,0.00398458,0.00398458,0.001,0.5
2001-10-01,NoDur_excess,0.0106,0.00674404,-0.00870555,0.0,0.001,0.5
2001-10-01,Durbl_excess,0.0085,0.00808818,-0.00844871,0.0,0.001,0.5
2001-10-01,Manuf_excess,0.0372,0.00704125,-0.0033069,0.0,0.001,0.5
2001-10-01,Enrgy_excess,0.0492,0.00740936,0.00020397,0.00020397,0.001,0.5
2001-10-01,HiTec_excess,0.1548,0.00818852,-0.00798905,0.0,0.001,0.5
2001-10-01,Telcm_excess,-0.0979,0.00588094,-0.00155299,0.0,0.001,0.5
2001-10-01,Shops_excess,0.0135,0.0072699,-0.0117559,0.0,0.001,0.5
2001-10-01,Hlth_excess,0.0104,0.0083971,-0.00294732,0.0,0.001,0.5
2001-10-01,Utils_excess,0.0154,0.00586611,-0.01246628,0.0,0.001,0.5
2001-10-01,Other_excess,-0.012,0.00644916,-0.00804136,0.0,0.001,0.5
2001-11-01,NoDur_excess,0.0241,0.00674833,0.01135336,0.01135336,0.001,0.5
2001-11-01,Durbl_excess,0.1484,0.00808864,0.01576153,0.01576153,0.001,0.5
2001-11-01,Manuf_excess,0.0829,0.00707483,0.00921318,0.00921318,0.001,0.5
2001-11-01,Enrgy_excess,-0.0438,0.0074559,0.00290741,0.00290741,0.001,0.5
2001-11-01,HiTec_excess,0.1572,0.00835178,0.00939225,0.00939225,0.001,0.5
2001-11-01,Telcm_excess,0.0568,0.00576537,0.00896629,0.00896629,0.001,0.5
2001-11-01,Shops_excess,0.0964,0.00727684,0.0168013,0.0168013,0.001,0.5
2001-11-01,Hlth_excess,0.0485,0.00839933,0.01017909,0.01017909,0.001,0.5
2001-11-01,Utils_excess,-0.016,0.00587673,0.00557646,0.00557646,0.001,0.5
2001-11-01,Other_excess,0.0703,0.00642862,0.01130465,0.01130465,0.001,0.5
2001-12-01,NoDur_excess,0.0174,0.00676763,0.0027394,0.0027394,0.001,0.5
2001-12-01,Durbl_excess,-0.0099,0.00824472,0.00433392,0.00433392,0.001,0.5
2001-12-01,Manuf_excess,0.0249,0.00715918,0.0008519,0.0008519,0.001,0.5
2001-12-01,Enrgy_excess,0.0582,0.00739889,-0.00179,0.0,0.001,0.5
2001-12-01,HiTec_excess,-0.0078,0.00851735,0.0061784,0.0061784,0.001,0.5
2001-12-01,Telcm_excess,0.0245,0.00582214,0.00294289,0.00294289,0.001,0.5
2001-12-01,Shops_excess,0.0419,0.00737597,0.00918977,0.00918977,0.001,0.5
2001-12-01,Hlth_excess,-0.0297,0.00844394,0.00829255,0.00829255,0.001,0.5
2001-12-01,Utils_excess,0.0389,0.00585239,-0.00557358,0.0,0.001,0.5
2001-12-01,Other_excess,0.0353,0.00649967,-0.00218432,0.0,0.001,0.5
2002-01-01,NoDur_excess,0.0073,0.00677944,0.00250077,0.00250077,0.001,0.5
2002-01-01,Durbl_excess,0.0271,0.00822456,0.00838274,0.00838274,0.001,0.5
2002-01-01,Manuf_excess,0.0142,0.00717889,0.00384604,0.00384604,0.001,0.5
2002-01-01,Enrgy_excess,-0.0301,0.00745533,-0.00046523,0.0,0.001,0.5
2002-01-01,HiTec_excess,-0.0066,0.00849922,0.00876407,0.00876407,0.001,0.5
2002-01-01,Telcm_excess,-0.0729,0.00584289,0.00514444,0.00514444,0.001,0.5
2002-01-01,Shops_excess,0.0247,0.00741433,0.0078225,0.0078225,0.001,0.5
2002-01-01,Hlth_excess,-0.0255,0.00840156,0.00615754,0.00615754,0.001,0.5
2002-01-01,Utils_excess,-0.0447,0.00588911,-0.00557952,0.0,0.001,0.5
2002-01-01,Other_excess,-0.017,0.00653167,0.00096152,0.00096152,0.001,0.5
2002-02-01,NoDur_excess,0.0411,0.00678002,0.00358876,0.00358876,0.001,0.5
2002-02-01,Durbl_excess,0.0314,0.0082455,0.01028398,0.01028398,0.001,0.5
2002-02-01,Manuf_excess,0.0423,0.00718668,0.00477534,0.00477534,0.001,0.5
2002-02-01,Enrgy_excess,0.0543,0.00741365,-0.00087424,0.0,0.001,0.5
2002-02-01,HiTec_excess,-0.1328,0.00848246,0.00504753,0.00504753,0.001,0.5
2002-02-01,Telcm_excess,-0.0288,0.00575549,0.00550953,0.00550953,0.001,0.5
2002-02-01,Shops_excess,-0.0028,0.00743352,0.00970917,0.00970917,0.001,0.5
2002-02-01,Hlth_excess,-0.0058,0.00836393,0.00309622,0.00309622,0.001,0.5
2002-02-01,Utils_excess,-0.0049,0.00583296,-0.00457242,0.0,0.001,0.5
2002-02-01,Other_excess,-0.0038,0.00650555,0.0041509,0.0041509,0.001,0.5
2002-03-01,NoDur_excess,0.0367,0.00681807,0.00158835,0.00158835,0.001,0.5
2002-03-01,Durbl_excess,0.0676,0.00827118,0.007095,0.007095,0.001,0.5
2002-03-01,Manuf_excess,0.048,0.00722561,0.00344215,0.00344215,0.001,0.5
2002-03-01,Enrgy_excess,0.0756,0.00746563,-0.00081994,0.0,0.001,0.5
2002-03-01,HiTec_excess,0.0637,0.00832583,0.00034721,0.00034721,0.001,0.5
2002-03-01,Telcm_excess,0.0023,0.00571718,0.00364973,0.00364973,0.001,0.5
2002-03-01,Shops_excess,0.0196,0.00742217,0.00594979,0.00594979,0.001,0.5
2002-03-01,Hlth_excess,0.0041,0.00834823,0.00098402,0.00098402,0.001,0.5
2002-03-01,Utils_excess,0.1016,0.00582106,-0.00641747,0.0,0.001,0.5
2002-03-01,Other_excess,0.0511,0.00649412,0.00148341,0.00148341,0.001,0.5
2002-04-01,NoDur_excess,0.0197,0.00685116,-0.00468347,0.0,0.001,0.5
2002-04-01,Durbl_excess,0.0178,0.00833688,0.00056421,0.00056421,0.001,0.5
2002-04-01,Manuf_excess,-0.0166,0.00727076,-0.00100329,0.0,0.001,0.5
2002-04-01,Enrgy_excess,-0.047,0.00754109,0.00031326,0.00031326,0.001,0.5
2002-04-01,HiTec_excess,-0.1205,0.00838715,-0.00178842,0.0,0.001,0.5
2002-04-01,Telcm_excess,-0.1291,0.0057134,-0.00186959,0.0,0.001,0.5
2002-04-01,Shops_excess,-0.0177,0.00743566,-0.00117785,0.0,0.001,0.5
2002-04-01,Hlth_excess,-0.077,0.00834352,-0.00264011,0.0,0.001,0.5
2002-04-01,Utils_excess,-0.0057,0.00592713,-0.01299548,0.0,0.001,0.5
2002-04-01,Other_excess,-0.029,0.00654352,-0.00553648,0.0,0.001,0.5
2002-05-01,NoDur_excess,0.0113,0.00686538,0.00160161,0.00160161,0.001,0.5
2002-05-01,Durbl_excess,-0.0057,0.00834735,0.01224836,0.01224836,0.001,0.5
2002-05-01,Manuf_excess,-0.004,0.00724436,0.00584728,0.00584728,0.001,0.5
2002-05-01,Enrgy_excess,-0.0088,0.00748075,0.00254213,0.00254213,0.001,0.5
2002-05-01,HiTec_excess,-0.0373,0.00824458,0.00064397,0.00064397,0.001,0.5
2002-05-01,Telcm_excess,0.0286,0.00556427,0.00251889,0.00251889,0.001,0.5
2002-05-01,Shops_excess,-0.0158,0.00740785,0.00388989,0.00388989,0.001,0.5
2002-05-01,Hlth_excess,-0.0242,0.00824912,-0.0024827,0.0,0.001,0.5
2002-05-01,Utils_excess,-0.0706,0.00591427,-0.00531259,0.0,0.001,0.5
2002-05-01,Other_excess,-0.0067,0.0065042,0.0054124,0.0054124,0.001,0.5
2002-06-01,NoDur_excess,-0.0618,0.00687028,0.00565802,0.00565802,0.001,0.5
2002-06-01,Durbl_excess,-0.0829,0.00833182,0.01471549,0.01471549,0.001,0.5
2002-06-01,Manuf_excess,-0.0311,0.00723193,0.00595217,0.00595217,0.001,0.5
2002-06-01,Enrgy_excess,-0.0012,0.00746276,0.00136295,0.00136295,0.001,0.5
2002-06-01,HiTec_excess,-0.1228,0.00819425,0.00525242,0.00525242,0.001,0.5
2002-06-01,Telcm_excess,-0.1453,0.00558972,0.00283764,0.00283764,0.001,0.5
2002-06-01,Shops_excess,-0.0523,0.00738221,0.00959845,0.00959845,0.001,0.5
2002-06-01,Hlth_excess,-0.0966,0.00821326,0.00270383,0.00270383,0.001,0.5
2002-06-01,Utils_excess,-0.0594,0.00582972,-0.00232503,0.0,0.001,0.5
2002-06-01,Other_excess,-0.0524,0.00648961,0.0054169,0.0054169,0.001,0.5
2002-07-01,NoDur_excess,-0.0678,0.00679448,-0.00050939,0.0,0.001,0.5
2002-07-01,Durbl_excess,-0.1207,0.00823113,0.00928288,0.00928288,0.001,0.5
2002-07-01,Manuf_excess,-0.0867,0.00718962,0.00370216,0.00370216,0.001,0.5
2002-07-01,Enrgy_excess,-0.1198,0.0074532,0.00152847,0.00152847,0.001,0.5
2002-07-01,HiTec_excess,-0.0985,0.00804967,0.00224615,0.00224615,0.001,0.5
2002-07-01,Telcm_excess,-0.1182,0.00542318,2.606e-05,2.606e-05,0.001,0.5
2002-07-01,Shops_excess,-0.1158,0.00731634,-4.444e-05,0.0,0.001,0.5
2002-07-01,Hlth_excess,-0.0291,0.00809757,-0.00217742,0.0,0.001,0.5
2002-07-01,Utils_excess,-0.1229,0.00575773,-0.00626178,0.0,0.001,0.5
2002-07-01,Other_excess,-0.0652,0.00642461,0.00135211,0.00135211,0.001,0.5
2002-08-01,NoDur_excess,0.0211,0.00671224,-0.00252909,0.0,0.001,0.5
2002-08-01,Durbl_excess,0.0048,0.00808897,0.007042,0.007042,0.001,0.5
2002-08-01,Manuf_excess,-0.0143,0.00708611,0.00321122,0.00321122,0.001,0.5
2002-08-01,Enrgy_excess,0.0049,0.0073129,0.00261371,0.00261371,0.001,0.5
2002-08-01,HiTec_excess,-0.011,0.00793219,-0.00031051,0.0,0.001,0.5
2002-08-01,Telcm_excess,0.0006,0.00528688,-0.00467076,0.0,0.001,0.5
2002-08-01,Shops_excess,0.017,0.0071806,-0.00625968,0.0,0.001,0.5
2002-08-01,Hlth_excess,0.0051,0.00805656,-0.00293066,0.0,0.001,0.5
2002-08-01,Utils_excess,0.0326,0.00561588,-0.0066798,0.0,0.001,0.5
2002-08-01,Other_excess,0.0099,0.00634564,0.00028323,0.00028323,0.001,0.5
2002-09-01,NoDur_excess,-0.0787,0.00672808,0.00791698,0.00791698,0.001,0.5
2002-09-01,Durbl_excess,-0.1104,0.00808535,0.01700232,0.01700232,0.001,0.5
2002-09-01,Manuf_excess,-0.0848,0.00706256,0.00825323,0.00825323,0.001,0.5
2002-09-01,Enrgy_excess,-0.0799,0.00731024,0.00366344,0.00366344,0.001,0.5
2002-09-01,HiTec_excess,-0.1674,0.00791134,0.00437566,0.00437566,0.001,0.5
2002-09-01,Telcm_excess,-0.0999,0.00528172,0.00316325,0.00316325,0.001,0.5
2002-09-01,Shops_excess,-0.0958,0.00719141,0.01076422,0.01076422,0.001,0.5
2002-09-01,Hlth_excess,-0.0603,0.0080533,0.00270475,0.00270475,0.001,0.5
2002-09-01,Utils_excess,-0.1102,0.00564559,0.00364558,0.00364558,0.001,0.5
2002-09-01,Other_excess,-0.1074,0.00634956,0.01148559,0.01148559,0.001,0.5
2002-10-01,NoDur_excess,0.0492,0.0066341,0.00433305,0.00433305,0.001,0.5
2002-10-01,Durbl_excess,-0.0285,0.00795501,0.01319859,0.01319859,0.001,0.5
2002-10-01,Manuf_excess,0.0364,0.0069615,0.00659306,0.00659306,0.001,0.5
2002-10-01,Enrgy_excess,0.03,0.0072143,0.00343261,0.00343261,0.001,0.5
2002-10-01,HiTec_excess,0.1923,0.00771848,0.00450985,0.00450985,0.001,0.5
2002-10-01,Telcm_excess,0.218,0.00516601,0.00201588,0.00201588,0.001,0.5
2002-10-01,Shops_excess,0.0558,0.00707811,0.00514532,0.00514532,0.001,0.5
2002-10-01,Hlth_excess,0.0554,0.00797811,0.00199504,0.00199504,0.001,0.5
2002-10-01,Utils_excess,-0.0075,0.00551815,0.00152685,0.00152685,0.001,0.5
2002-10-01,Other_excess,0.0624,0.00622442,0.00811454,0.00811454,0.001,0.5
2002-11-01,NoDur_excess,-0.0121,0.00668088,-0.0038198,0.0,0.001,0.5
2002-11-01,Durbl_excess,0.1187,0.00791495,0.00094255,0.00094255,0.001,0.5
2002-11-01,Manuf_excess,0.0613,0.00699385,0.00031771,0.00031771,0.001,0.5
2002-11-01,Enrgy_excess,0.029,0.00723934,0.00201599,0.00201599,0.001,0.5
2002-11-01,HiTec_excess,0.1615,0.00792132,-7.787e-05,0.0,0.001,0.5
2002-11-01,Telcm_excess,0.1169,0.00539989,-0.00619371,0.0,0.001,0.5
2002-11-01,Shops_excess,0.0178,0.00713165,-0.00530592,0.0,0.001,0.5
2002-11-01,Hlth_excess,0.0366,0.00803022,-0.00108793,0.0,0.001,0.5
2002-11-01,Utils_excess,0.0146,0.00550385,-0.0078792,0.0,0.001,0.5
2002-11-01,Other_excess,0.0408,0.00628615,-0.00401829,0.0,0.001,0.5
2002-12-01,NoDur_excess,-0.0034,0.00666026,0.00798939,0.00798939,0.001,0.5
2002-12-01,Durbl_excess,-0.0663,0.00803655,0.01595946,0.01595946,0.001,0.5
2002-12-01,Manuf_excess,-0.0392,0.00705346,0.00732834,0.00732834,0.001,0.5
2002-12-01,Enrgy_excess,0.0073,0.00726323,0.00240701,0.00240701,0.001,0.5
2002-12-01,HiTec_excess,-0.1301,0.0080899,0.00889994,0.00889994,0.001,0.5
2002-12-01,Telcm_excess,-0.0962,0.00552228,0.00352171,0.00352171,0.001,0.5
2002-12-01,Shops_excess,-0.071,0.00714336,0.014231,0.014231,0.001,0.5
2002-12-01,Hlth_excess,-0.042,0.00806158,0.0059635,0.0059635,0.001,0.5
2002-12-01,Utils_excess,0.0372,0.00551383,0.00175637,0.00175637,0.001,0.5
2002-12-01,Other_excess,-0.049,0.00632404,0.00817168,0.00817168,0.001,0.5
2003-01-01,NoDur_excess,-0.0403,0.00664923,0.00639086,0.00639086,0.001,0.5
2003-01-01,Durbl_excess,-0.035,0.00795504,0.01655251,0.01655251,0.001,0.5
2003-01-01,Manuf_excess,-0.0417,0.00700274,0.00910114,0.00910114,0.001,0.5
2003-01-01,Enrgy_excess,-0.026,0.00726327,0.00337592,0.00337592,0.001,0.5
2003-01-01,HiTec_excess,-0.0161,0.00793838,0.00927038,0.00927038,0.001,0.5
2003-01-01,Telcm_excess,-0.0421,0.00541075,0.00608005,0.00608005,0.001,0.5
2003-01-01,Shops_excess,-0.0486,0.00705768,0.00861184,0.00861184,0.001,0.5
2003-01-01,Hlth_excess,-0.007,0.00800669,0.00382194,0.00382194,0.001,0.5
2003-01-01,Utils_excess,-0.0331,0.00554857,0.00096212,0.00096212,0.001,0.5
2003-01-01,Other_excess,-0.0248,0.00626338,0.0099922,0.0099922,0.001,0.5
2003-02-01,NoDur_excess,-0.0297,0.00659781,0.00014544,0.00014544,0.001,0.5
2003-02-01,Durbl_excess,-0.0488,0.007908,0.0057832,0.0057832,0.001,0.5
2003-02-01,Manuf_excess,-0.0236,0.0069494,0.00159612,0.00159612,0.001,0.5
2003-02-01,Enrgy_excess,0.0186,0.00722683,0.00126404,0.00126404,0.001,0.5
2003-02-01,HiTec_excess,0.0107,0.00791205,0.0010082,0.0010082,0.001,0.5
2003-02-01,Telcm_excess,-0.0654,0.00535871,-0.00112705,0.0,0.001,0.5
2003-02-01,Shops_excess,-0.013,0.00699671,0.00227378,0.00227378,0.001,0.5
2003-02-01,Hlth_excess,-0.0205,0.00799025,-0.00054284,0.0,0.001,0.5
2003-02-01,Utils_excess,-0.0407,0.00550624,-0.00335251,0.0,0.001,0.5
2003-02-01,Other_excess,-0.0279,0.00622935,0.00047975,0.00047975,0.001,0.5
2003-03-01,NoDur_excess,-0.0272,0.0065581,-0.00061909,0.0,0.001,0.5
2003-03-01,Durbl_excess,-0.0267,0.00784595,0.00580348,0.00580348,0.001,0.5
2003-03-01,Manuf_excess,0.0122,0.00691597,0.00225405,0.00225405,0.001,0.5
2003-03-01,Enrgy_excess,0.014,0.00723928,0.00194627,0.00194627,0.001,0.5
2003-03-01,HiTec_excess,-0.0107,0.0079151,0.00026001,0.00026001,0.001,0.5
2003-03-01,Telcm_excess,-0.0053,0.00528129,0.00138387,0.00138387,0.001,0.5
2003-03-01,Shops_excess,0.0458,0.00697484,0.00073602,0.00073602,0.001,0.5
2003-03-01,Hlth_excess,0.0363,0.00795908,-0.002995,0.0,0.001,0.5
2003-03-01,Utils_excess,0.0421,0.00545569,-0.00355877,0.0,0.001,0.5
2003-03-01,Other_excess,0.0094,0.00619201,0.00343365,0.00343365,0.001,0.5
2003-04-01,NoDur_excess,0.0428,0.0065212,-0.00346042,0.0,0.001,0.5
2003-04-01,Durbl_excess,0.1495,0.0078082,0.00101288,0.00101288,0.001,0.5
2003-04-01,Manuf_excess,0.062,0.00692175,0.0003486,0.0003486,0.001,0.5
2003-04-01,Enrgy_excess,-0.0057,0.00724667,0.00284258,0.00284258,0.001,0.5
2003-04-01,HiTec_excess,0.0908,0.00789475,-0.00039101,0.0,0.001,0.5
2003-04-01,Telcm_excess,0.1116,0.00526973,-0.00337069,0.0,0.001,0.5
2003-04-01,Shops_excess,0.0887,0.00701727,-0.00278065,0.0,0.001,0.5
2003-04-01,Hlth_excess,0.0417,0.00799005,-0.00181973,0.0,0.001,0.5
2003-04-01,Utils_excess,0.0713,0.00549574,-0.00558135,0.0,0.001,0.5
2003-04-01,Other_excess,0.1154,0.00619552,-0.00210753,0.0,0.001,0.5
2003-05-01,NoDur_excess,0.0945,0.00656081,0.00959968,0.00959968,0.001,0.5
2003-05-01,Durbl_excess,0.0277,0.00796288,0.01808289,0.01808289,0.001,0.5
2003-05-01,Manuf_excess,0.0457,0.00698188,0.01004568,0.01004568,0.001,0.5
2003-05-01,Enrgy_excess,0.0857,0.00723253,0.0054589,0.0054589,0.001,0.5
2003-05-01,HiTec_excess,0.0971,0.00798526,0.01252166,0.01252166,0.001,0.5
2003-05-01,Telcm_excess,0.0623,0.00538581,0.00518166,0.00518166,0.001,0.5
2003-05-01,Shops_excess,0.0339,0.00710644,0.01490895,0.01490895,0.001,0.5
2003-05-01,Hlth_excess,0.0385,0.00802686,0.00858029,0.00858029,0.001,0.5
2003-05-01,Utils_excess,0.1007,0.00556758,0.00564543,0.00564543,0.001,0.5
2003-05-01,Other_excess,0.0514,0.00631474,0.01231131,0.01231131,0.001,0.5
2003-06-01,NoDur_excess,0.0156,0.00665671,0.01232454,0.01232454,0.001,0.5
2003-06-01,Durbl_excess,0.0232,0.00798441,0.02256488,0.02256488,0.001,0.5
2003-06-01,Manuf_excess,0.0044,0.0070241,0.01573515,0.01573515,0.001,0.5
2003-06-01,Enrgy_excess,-0.0106,0.0073181,0.01015995,0.01015995,0.001,0.5
2003-06-01,HiTec_excess,0.0025,0.00808244,0.01567089,0.01567089,0.001,0.5
2003-06-01,Telcm_excess,0.0199,0.00544787,0.00915764,0.00915764,0.001,0.5
2003-06-01,Shops_excess,0.0334,0.00713566,0.01668466,0.01668466,0.001,0.5
2003-06-01,Hlth_excess,0.0406,0.00806009,0.01008563,0.01008563,0.001,0.5
2003-06-01,Utils_excess,0.0096,0.00567132,0.00749571,0.00749571,0.001,0.5
2003-06-01,Other_excess,0.0081,0.0063639,0.01980144,0.01980144,0.001,0.5
2003-07-01,NoDur_excess,-0.0176,0.00666645,0.00270307,0.00270307,0.001,0.5
2003-07-01,Durbl_excess,0.066,0.00800098,0.0108515,0.0108515,0.001,0.5
2003-07-01,Manuf_excess,0.049,0.00702124,0.00955308,0.00955308,0.001,0.5
2003-07-01,Enrgy_excess,-0.0269,0.00729858,0.01013979,0.01013979,0.001,0.5
2003-07-01,HiTec_excess,0.0553,0.00807636,0.0106719,0.0106719,0.001,0.5
2003-07-01,Telcm_excess,-0.0178,0.00546362,0.00109288,0.00109288,0.001,0.5
2003-07-01,Shops_excess,0.0322,0.00716427,0.00500151,0.00500151,0.001,0.5
2003-07-01,Hlth_excess,0.0041,0.00809553,0.00602867,0.00602867,0.001,0.5
2003-07-01,Utils_excess,-0.055,0.0056756,-0.00148775,0.0,0.001,0.5
2003-07-01,Other_excess,0.0354,0.0063658,0.00806384,0.00806384,0.001,0.5
2003-08-01,NoDur_excess,0.0022,0.00664004,-0.0093994,0.0,0.001,0.5
2003-08-01,Durbl_excess,0.0796,0.00806409,-0.00138907,0.0,0.001,0.5
2003-08-01,Manuf_excess,0.0402,0.00706692,0.00243672,0.00243672,0.001,0.5
2003-08-01,Enrgy_excess,0.0612,0.00726137,0.00885371,0.00885371,0.001,0.5
2003-08-01,HiTec_excess,0.0599,0.00812775,0.00711695,0.00711695,0.001,0.5
2003-08-01,Telcm_excess,0.0119,0.0054383,-0.00867897,0.0,0.001,0.5
2003-08-01,Shops_excess,0.0666,0.00719151,-0.01051228,0.0,0.001,0.5
2003-08-01,Hlth_excess,-0.0289,0.00809119,0.00058975,0.00058975,0.001,0.5
2003-08-01,Utils_excess,0.0185,0.00560958,-0.01368528,0.0,0.001,0.5
2003-08-01,Other_excess,0.0055,0.00639739,-0.00651637,0.0,0.001,0.5
2003-09-01,NoDur_excess,0.0106,0.00663522,0.00867899,0.00867899,0.001,0.5
2003-09-01,Durbl_excess,-0.0429,0.00814185,0.01959662,0.01959662,0.001,0.5
2003-09-01,Manuf_excess,-0.0382,0.00710293,0.01282629,0.01282629,0.001,0.5
2003-09-01,Enrgy_excess,-0.0226,0.00732,0.01027133,0.01027133,0.001,0.5
2003-09-01,HiTec_excess,-0.0101,0.00818402,0.013361,0.013361,0.001,0.5
2003-09-01,Telcm_excess,-0.056,0.00544533,0.00603292,0.00603292,0.001,0.5
2003-09-01,Shops_excess,-0.0462,0.00725609,0.01367492,0.01367492,0.001,0.5
2003-09-01,Hlth_excess,0.0022,0.00805098,0.00701425,0.00701425,0.001,0.5
2003-09-01,Utils_excess,0.0376,0.00562359,0.00422314,0.00422314,0.001,0.5
2003-09-01,Other_excess,0.0018,0.00639641,0.01610782,0.01610782,0.001,0.5
2003-10-01,NoDur_excess,0.0586,0.00663952,0.01185236,0.01185236,0.001,0.5
2003-10-01,Durbl_excess,0.0724,0.00808643,0.02204275,0.02204275,0.001,0.5
2003-10-01,Manuf_excess,0.0882,0.00705375,0.01415783,0.01415783,0.001,0.5
2003-10-01,Enrgy_excess,0.0158,0.00728751,0.00990066,0.00990066,0.001,0.5
2003-10-01,HiTec_excess,0.0821,0.00816417,0.01480278,0.01480278,0.001,0.5
2003-10-01,Telcm_excess,0.0676,0.00537861,0.00877175,0.00877175,0.001,0.5
2003-10-01,Shops_excess,0.0896,0.00719805,0.01579861,0.01579861,0.001,0.5
2003-10-01,Hlth_excess,0.008,0.00804463,0.00874767,0.00874767,0.001,0.5
2003-10-01,Utils_excess,0.0144,0.00565831,0.00855976,0.00855976,0.001,0.5
2003-10-01,Other_excess,0.0627,0.00639142,0.02092752,0.02092752,0.001,0.5
2003-11-01,NoDur_excess,0.0352,0.00669588,0.0039565,0.0039565,0.001,0.5
2003-11-01,Durbl_excess,0.03,0.00815618,0.01541422,0.01541422,0.001,0.5
2003-11-01,Manuf_excess,0.0201,0.00714176,0.01099854,0.01099854,0.001,0.5
2003-11-01,Enrgy_excess,0.0058,0.00729675,0.01137443,0.01137443,0.001,0.5
2003-11-01,HiTec_excess,0.0179,0.00824436,0.01785881,0.01785881,0.001,0.5
2003-11-01,Telcm_excess,-0.007,0.0054461,0.00172908,0.00172908,0.001,0.5
2003-11-01,Shops_excess,0.0049,0.00728742,0.00654988,0.00654988,0.001,0.5
2003-11-01,Hlth_excess,0.0175,0.00804458,0.0069589,0.0069589,0.001,0.5
2003-11-01,Utils_excess,0.0088,0.00566779,0.00134534,0.00134534,0.001,0.5
2003-11-01,Other_excess,0.0108,0.00645249,0.01025771,0.01025771,0.001,0.5
2003-12-01,NoDur_excess,0.0336,0.00672676,0.01001035,0.01001035,0.001,0.5
2003-12-01,Durbl_excess,0.1182,0.00817985,0.02231001,0.02231001,0.001,0.5
2003-12-01,Manuf_excess,0.0665,0.0071558,0.0147338,0.0147338,0.001,0.5
2003-12-01,Enrgy_excess,0.1352,0.00729512,0.01213495,0.01213495,0.001,0.5
2003-12-01,HiTec_excess,0.0207,0.00825482,0.0227058,0.0227058,0.001,0.5
2003-12-01,Telcm_excess,0.0749,0.00543261,0.00610279,0.00610279,0.001,0.5
2003-12-01,Shops_excess,-0.0221,0.00728483,0.01310155,0.01310155,0.001,0.5
2003-12-01,Hlth_excess,0.0556,0.00805482,0.01073344,0.01073344,0.001,0.5
2003-12-01,Utils_excess,0.0578,0.00567118,0.00754487,0.00754487,0.001,0.5
2003-12-01,Other_excess,0.042,0.0064572,0.01736971,0.01736971,0.001,0.5
2004-01-01,NoDur_excess,-0.0001,0.00675584,0.00999803,0.00999803,0.001,0.5
2004-01-01,Durbl_excess,-0.0083,0.00829892,0.02430355,0.02430355,0.001,0.5
2004-01-01,Manuf_excess,-0.0077,0.00722002,0.0164608,0.0164608,0.001,0.5
2004-01-01,Enrgy_excess,0.0016,0.00743355,0.0149638,0.0149638,0.001,0.5
2004-01-01,HiTec_excess,0.0444,0.00826829,0.02259738,0.02259738,0.001,0.5
2004-01-01,Telcm_excess,0.0158,0.00550779,0.007511,0.007511,0.001,0.5
2004-01-01,Shops_excess,0.0038,0.00725303,0.01205244,0.01205244,0.001,0.5
2004-01-01,Hlth_excess,0.0303,0.00810628,0.01072291,0.01072291,0.001,0.5
2004-01-01,Utils_excess,0.0184,0.0057276,0.00823251,0.00823251,0.001,0.5
2004-01-01,Other_excess,0.0282,0.00649567,0.01982836,0.01982836,0.001,0.5
2004-02-01,NoDur_excess,0.042,0.00674843,0.00707611,0.00707611,0.001,0.5
2004-02-01,Durbl_excess,-0.0006,0.00828097,0.01905502,0.01905502,0.001,0.5
2004-02-01,Manuf_excess,0.0191,0.00720389,0.01326417,0.01326417,0.001,0.5
2004-02-01,Enrgy_excess,0.0448,0.00742724,0.01358834,0.01358834,0.001,0.5
2004-02-01,HiTec_excess,-0.0297,0.00830735,0.01737597,0.01737597,0.001,0.5
2004-02-01,Telcm_excess,-0.0048,0.00551892,0.00628633,0.00628633,0.001,0.5
2004-02-01,Shops_excess,0.0604,0.0072493,0.00908986,0.00908986,0.001,0.5
2004-02-01,Hlth_excess,0.0083,0.00813027,0.00696183,0.00696183,0.001,0.5
2004-02-01,Utils_excess,0.0205,0.0057413,0.00629674,0.00629674,0.001,0.5
2004-02-01,Other_excess,0.0207,0.00651914,0.01808274,0.01808274,0.001,0.5
2004-03-01,NoDur_excess,-0.0018,0.0067865,0.00536936,0.00536936,0.001,0.5
2004-03-01,Durbl_excess,-0.0145,0.00827138,0.01599129,0.01599129,0.001,0.5
2004-03-01,Manuf_excess,-0.0037,0.00721674,0.01184507,0.01184507,0.001,0.5
2004-03-01,Enrgy_excess,-0.0007,0.0074676,0.01337465,0.01337465,0.001,0.5
2004-03-01,HiTec_excess,-0.026,0.00826631,0.01510598,0.01510598,0.001,0.5
2004-03-01,Telcm_excess,-0.0212,0.00550778,0.00559101,0.00559101,0.001,0.5
2004-03-01,Shops_excess,0.0019,0.0073067,0.00655838,0.00655838,0.001,0.5
2004-03-01,Hlth_excess,-0.04,0.00813045,0.00554732,0.00554732,0.001,0.5
2004-03-01,Utils_excess,0.0105,0.00575724,0.00512812,0.00512812,0.001,0.5
2004-03-01,Other_excess,-0.0075,0.00653445,0.01632119,0.01632119,0.001,0.5
2004-04-01,NoDur_excess,0.0133,0.00677724,0.00403744,0.00403744,0.001,0.5
2004-04-01,Durbl_excess,0.0238,0.00824682,0.01509236,0.01509236,0.001,0.5
2004-04-01,Manuf_excess,-0.0025,0.00720496,0.01098024,0.01098024,0.001,0.5
2004-04-01,Enrgy_excess,0.0258,0.00745879,0.01398636,0.01398636,0.001,0.5
2004-04-01,HiTec_excess,-0.0497,0.00822934,0.01393096,0.01393096,0.001,0.5
2004-04-01,Telcm_excess,-0.0051,0.00547896,0.00398765,0.00398765,0.001,0.5
2004-04-01,Shops_excess,-0.028,0.00730086,0.00520315,0.00520315,0.001,0.5
2004-04-01,Hlth_excess,0.0343,0.00807853,0.00394391,0.00394391,0.001,0.5
2004-04-01,Utils_excess,-0.0365,0.00576235,0.00448789,0.00448789,0.001,0.5
2004-04-01,Other_excess,-0.0378,0.00651931,0.01524984,0.01524984,0.001,0.5
2004-05-01,NoDur_excess,-0.0197,0.00678427,-0.00469067,0.0,0.001,0.5
2004-05-01,Durbl_excess,-0.017,0.00826358,0.00757304,0.00757304,0.001,0.5
2004-05-01,Manuf_excess,0.0161,0.0071945,0.0057639,0.0057639,0.001,0.5
2004-05-01,Enrgy_excess,0.0049,0.00747856,0.01478445,0.01478445,0.001,0.5
2004-05-01,HiTec_excess,0.0477,0.00816692,0.0130323,0.0130323,0.001,0.5
2004-05-01,Telcm_excess,-0.0302,0.00546756,-0.00315302,0.0,0.001,0.5
2004-05-01,Shops_excess,0.0024,0.00726282,-0.00623271,0.0,0.001,0.5
2004-05-01,Hlth_excess,-0.0048,0.00810679,0.00145931,0.00145931,0.001,0.5
2004-05-01,Utils_excess,0.012,0.00571681,-0.00404377,0.0,0.001,0.5
2004-05-01,Other_excess,0.0166,0.00647155,0.00228563,0.00228563,0.001,0.5
2004-06-01,NoDur_excess,0.0159,0.00675576,0.00056604,0.00056604,0.001,0.5
2004-06-01,Durbl_excess,0.0526,0.00823638,0.01214477,0.01214477,0.001,0.5
2004-06-01,Manuf_excess,0.0522,0.00720409,0.00845942,0.00845942,0.001,0.5
2004-06-01,Enrgy_excess,0.0538,0.00747578,0.01370383,0.01370383,0.001,0.5
2004-06-01,HiTec_excess,0.0259,0.00820947,0.01360699,0.01360699,0.001,0.5
2004-06-01,Telcm_excess,0.0072,0.00542917,0.00186608,0.00186608,0.001,0.5
2004-06-01,Shops_excess,-0.0005,0.00725759,0.00014006,0.00014006,0.001,0.5
2004-06-01,Hlth_excess,-0.0058,0.0080929,0.00228763,0.00228763,0.001,0.5
2004-06-01,Utils_excess,0.0195,0.00572357,0.00136963,0.00136963,0.001,0.5
2004-06-01,Other_excess,0.0123,0.00648245,0.01042401,0.01042401,0.001,0.5
2004-07-01,NoDur_excess,-0.0607,0.00676559,0.00557626,0.00557626,0.001,0.5
2004-07-01,Durbl_excess,-0.0474,0.00828409,0.0176667,0.0176667,0.001,0.5
2004-07-01,Manuf_excess,-0.0416,0.00725247,0.0124137,0.0124137,0.001,0.5
2004-07-01,Enrgy_excess,0.0322,0.00752559,0.01485552,0.01485552,0.001,0.5
2004-07-01,HiTec_excess,-0.0861,0.00822849,0.01732796,0.01732796,0.001,0.5
2004-07-01,Telcm_excess,-0.011,0.00543108,0.00517927,0.00517927,0.001,0.5
2004-07-01,Shops_excess,-0.0413,0.00724925,0.00588312,0.00588312,0.001,0.5
2004-07-01,Hlth_excess,-0.0603,0.00807796,0.00612663,0.00612663,0.001,0.5
2004-07-01,Utils_excess,0.0096,0.00573839,0.00592853,0.00592853,0.001,0.5
2004-07-01,Other_excess,-0.024,0.00648871,0.01547264,0.01547264,0.001,0.5
2004-08-01,NoDur_excess,0.0068,0.00669313,0.01103992,0.01103992,0.001,0.5
2004-08-01,Durbl_excess,-0.0234,0.00822427,0.0229568,0.0229568,0.001,0.5
2004-08-01,Manuf_excess,0.0123,0.0072,0.01535193,0.01535193,0.001,0.5
2004-08-01,Enrgy_excess,-0.0149,0.00755209,0.01623292,0.01623292,0.001,0.5
2004-08-01,HiTec_excess,-0.0462,0.00812718,0.02141664,0.02141664,0.001,0.5
2004-08-01,Telcm_excess,0.0106,0.00541343,0.00826494,0.00826494,0.001,0.5
2004-08-01,Shops_excess,-0.0131,0.0071971,0.01292308,0.01292308,0.001,0.5
2004-08-01,Hlth_excess,0.0153,0.00800451,0.01122612,0.01122612,0.001,0.5
2004-08-01,Utils_excess,0.0356,0.00574253,0.01152473,0.01152473,0.001,0.5
2004-08-01,Other_excess,0.0177,0.00645596,0.01968521,0.01968521,0.001,0.5
2004-09-01,NoDur_excess,-0.0213,0.00669324,0.01314782,0.01314782,0.001,0.5
2004-09-01,Durbl_excess,0.0219,0.00819034,0.02285267,0.02285267,0.001,0.5
2004-09-01,Manuf_excess,0.0183,0.00720547,0.01602978,0.01602978,0.001,0.5
2004-09-01,Enrgy_excess,0.0871,0.007528,0.0152289,0.0152289,0.001,0.5
2004-09-01,HiTec_excess,0.0335,0.00806888,0.01866272,0.01866272,0.001,0.5
2004-09-01,Telcm_excess,0.0122,0.00541899,0.0102456,0.0102456,0.001,0.5
2004-09-01,Shops_excess,0.025,0.00717532,0.01533558,0.01533558,0.001,0.5
2004-09-01,Hlth_excess,-0.0152,0.00801234,0.01159168,0.01159168,0.001,0.5
2004-09-01,Utils_excess,0.0127,0.00577457,0.01407419,0.01407419,0.001,0.5
2004-09-01,Other_excess,0.0099,0.00646803,0.02261746,0.02261746,0.001,0.5
2004-10-01,NoDur_excess,0.0273,0.00666324,0.00733282,0.00733282,0.001,0.5
2004-10-01,Durbl_excess,-0.0311,0.00820504,0.01613088,0.01613088,0.001,0.5
2004-10-01,Manuf_excess,-0.0156,0.00721736,0.01321577,0.01321577,0.001,0.5
2004-10-01,Enrgy_excess,0.0053,0.00761329,0.01635322,0.01635322,0.001,0.5
2004-10-01,HiTec_excess,0.0503,0.00809614,0.01591,0.01591,0.001,0.5
2004-10-01,Telcm_excess,0.032,0.00542626,0.00605458,0.00605458,0.001,0.5
2004-10-01,Shops_excess,0.0295,0.00719443,0.00894523,0.00894523,0.001,0.5
2004-10-01,Hlth_excess,-0.0254,0.00798746,0.00869707,0.00869707,0.001,0.5
2004-10-01,Utils_excess,0.0413,0.00578199,0.00874927,0.00874927,0.001,0.5
2004-10-01,Other_excess,0.0098,0.0064717,0.01615275,0.01615275,0.001,0.5
2004-11-01,NoDur_excess,0.0446,0.00668533,0.0069926,0.0069926,0.001,0.5
2004-11-01,Durbl_excess,0.0712,0.00816296,0.013527,0.013527,0.001,0.5
2004-11-01,Manuf_excess,0.0708,0.00719293,0.01180907,0.01180907,0.001,0.5
2004-11-01,Enrgy_excess,0.0643,0.00761081,0.01572902,0.01572902,0.001,0.5
2004-11-01,HiTec_excess,0.0558,0.00814133,0.01317392,0.01317392,0.001,0.5
2004-11-01,Telcm_excess,0.0348,0.00545471,0.00579551,0.00579551,0.001,0.5
2004-11-01,Shops_excess,0.0352,0.00721831,0.0088264,0.0088264,0.001,0.5
2004-11-01,Hlth_excess,0.0052,0.00795171,0.0071501,0.0071501,0.001,0.5
2004-11-01,Utils_excess,0.0474,0.00582002,0.00877579,0.00877579,0.001,0.5
2004-11-01,Other_excess,0.0454,0.00647527,0.01584095,0.01584095,0.001,0.5
2004-12-01,NoDur_excess,0.0461,0.00672588,0.00236427,0.00236427,0.001,0.5
2004-12-01,Durbl_excess,0.0472,0.00823037,0.00931104,0.00931104,0.001,0.5
2004-12-01,Manuf_excess,0.0236,0.00726096,0.00931141,0.00931141,0.001,0.5
2004-12-01,Enrgy_excess,-0.0247,0.00767144,0.01508644,0.01508644,0.001,0.5
2004-12-01,HiTec_excess,0.0293,0.0081923,0.01492514,0.01492514,0.001,0.5
2004-12-01,Telcm_excess,0.0402,0.0054861,0.00175045,0.00175045,0.001,0.5
2004-12-01,Shops_excess,0.0334,0.00724824,0.00249368,0.00249368,0.001,0.5
2004-12-01,Hlth_excess,0.055,0.00794877,0.00645595,0.00645595,0.001,0.5
2004-12-01,Utils_excess,0.0232,0.00586449,0.00504092,0.00504092,0.001,0.5
2004-12-01,Other_excess,0.0425,0.0065169,0.0087968,0.0087968,0.001,0.5
2005-01-01,NoDur_excess,0.0007,0.00676795,0.01279422,0.01279422,0.001,0.5
2005-01-01,Durbl_excess,-0.0718,0.00827201,0.02055089,0.02055089,0.001,0.5
2005-01-01,Manuf_excess,-0.0192,0.00727842,0.01560107,0.01560107,0.001,0.5
2005-01-01,Enrgy_excess,0.0287,0.00763686,0.01530775,0.01530775,0.001,0.5
2005-01-01,HiTec_excess,-0.0648,0.00821485,0.02098112,0.02098112,0.001,0.5
2005-01-01,Telcm_excess,-0.044,0.00552318,0.00922732,0.00922732,0.001,0.5
2005-01-01,Shops_excess,-0.0119,0.00727618,0.01498688,0.01498688,0.001,0.5
2005-01-01,Hlth_excess,-0.0424,0.00799904,0.01317841,0.01317841,0.001,0.5
2005-01-01,Utils_excess,0.016,0.00588301,0.01440923,0.01440923,0.001,0.5
2005-01-01,Other_excess,-0.0233,0.00655534,0.02025627,0.02025627,0.001,0.5
2005-02-01,NoDur_excess,0.0057,0.00676147,0.00894737,0.00894737,0.001,0.5
2005-02-01,Durbl_excess,-0.0041,0.00818655,0.01340281,0.01340281,0.001,0.5
2005-02-01,Manuf_excess,0.0391,0.00725016,0.01189081,0.01189081,0.001,0.5
2005-02-01,Enrgy_excess,0.1929,0.00765934,0.01400605,0.01400605,0.001,0.5
2005-02-01,HiTec_excess,-0.0013,0.00813693,0.0138373,0.0138373,0.001,0.5
2005-02-01,Telcm_excess,-0.006,0.00547033,0.00739205,0.00739205,0.001,0.5
2005-02-01,Shops_excess,0.0047,0.00725571,0.01037154,0.01037154,0.001,0.5
2005-02-01,Hlth_excess,0.0228,0.00794525,0.00874692,0.00874692,0.001,0.5
2005-02-01,Utils_excess,0.022,0.00589381,0.01158871,0.01158871,0.001,0.5
2005-02-01,Other_excess,-0.0001,0.00652348,0.01656418,0.01656418,0.001,0.5
2005-03-01,NoDur_excess,-0.0106,0.00676034,0.00036411,0.00036411,0.001,0.5
2005-03-01,Durbl_excess,-0.0821,0.00817345,0.00277234,0.00277234,0.001,0.5
2005-03-01,Manuf_excess,-0.016,0.00728412,0.0062844,0.0062844,0.001,0.5
2005-03-01,Enrgy_excess,-0.0365,0.00785682,0.0139384,0.0139384,0.001,0.5
2005-03-01,HiTec_excess,-0.0275,0.00812687,0.00771706,0.00771706,0.001,0.5
2005-03-01,Telcm_excess,-0.0025,0.0054581,0.00100268,0.00100268,0.001,0.5
2005-03-01,Shops_excess,0.0001,0.00725299,0.00018078,0.00018078,0.001,0.5
2005-03-01,Hlth_excess,-0.0069,0.00796109,0.00347539,0.00347539,0.001,0.5
2005-03-01,Utils_excess,0.004,0.00591098,0.00380204,0.00380204,0.001,0.5
2005-03-01,Other_excess,-0.0257,0.00651642,0.00633358,0.00633358,0.001,0.5
2005-04-01,NoDur_excess,-0.0117,0.00674185,-0.00156626,0.0,0.001,0.5
2005-04-01,Durbl_excess,-0.1126,0.00807732,0.00035616,0.00035616,0.001,0.5
2005-04-01,Manuf_excess,-0.0489,0.00725932,0.00571129,0.00571129,0.001,0.5
2005-04-01,Enrgy_excess,-0.0582,0.00780958,0.01414645,0.01414645,0.001,0.5
2005-04-01,HiTec_excess,-0.0472,0.00808892,0.00552083,0.00552083,0.001,0.5
2005-04-01,Telcm_excess,-0.0221,0.00544963,0.00036401,0.00036401,0.001,0.5
2005-04-01,Shops_excess,-0.0549,0.00724537,-0.00233126,0.0,0.001,0.5
2005-04-01,Hlth_excess,0.0374,0.00794526,0.00162652,0.00162652,0.001,0.5
2005-04-01,Utils_excess,0.0192,0.00590895,0.00164886,0.00164886,0.001,0.5
2005-04-01,Other_excess,-0.018,0.00648211,0.00546273,0.00546273,0.001,0.5
2005-05-01,NoDur_excess,0.0209,0.00672223,0.00804723,0.00804723,0.001,0.5
2005-05-01,Durbl_excess,0.0857,0.00794894,0.00892559,0.00892559,0.001,0.5
2005-05-01,Manuf_excess,0.0267,0.00719957,0.01103491,0.01103491,0.001,0.5
2005-05-01,Enrgy_excess,0.0186,0.00773936,0.01537367,0.01537367,0.001,0.5
2005-05-01,HiTec_excess,0.0797,0.00803011,0.00894285,0.00894285,0.001,0.5
2005-05-01,Telcm_excess,0.0126,0.00542032,0.00679826,0.00679826,0.001,0.5
2005-05-01,Shops_excess,0.0619,0.00717926,0.00937214,0.00937214,0.001,0.5
2005-05-01,Hlth_excess,0.0124,0.0079766,0.00719711,0.00719711,0.001,0.5
2005-05-01,Utils_excess,0.0142,0.00592309,0.01089648,0.01089648,0.001,0.5
2005-05-01,Other_excess,0.03,0.00645606,0.01603733,0.01603733,0.001,0.5
2005-06-01,NoDur_excess,-0.019,0.0067373,0.01353145,0.01353145,0.001,0.5
2005-06-01,Durbl_excess,0.0187,0.00803156,0.0165667,0.0165667,0.001,0.5
2005-06-01,Manuf_excess,-0.0139,0.0072203,0.0160188,0.0160188,0.001,0.5
2005-06-01,Enrgy_excess,0.0553,0.0077509,0.01740855,0.01740855,0.001,0.5
2005-06-01,HiTec_excess,-0.0187,0.00810627,0.01784778,0.01784778,0.001,0.5
2005-06-01,Telcm_excess,-0.0004,0.00542795,0.0092685,0.0092685,0.001,0.5
2005-06-01,Shops_excess,0.0221,0.00723741,0.0164165,0.0164165,0.001,0.5
2005-06-01,Hlth_excess,-0.0081,0.0079813,0.01394535,0.01394535,0.001,0.5
2005-06-01,Utils_excess,0.0533,0.00593188,0.01551561,0.01551561,0.001,0.5
2005-06-01,Other_excess,0.0119,0.00648108,0.02053353,0.02053353,0.001,0.5
2005-07-01,NoDur_excess,0.0247,0.00670998,0.00896029,0.00896029,0.001,0.5
2005-07-01,Durbl_excess,0.0518,0.00804289,0.01136615,0.01136615,0.001,0.5
2005-07-01,Manuf_excess,0.0559,0.00719788,0.01303123,0.01303123,0.001,0.5
2005-07-01,Enrgy_excess,0.0565,0.00780138,0.01690166,0.01690166,0.001,0.5
2005-07-01,HiTec_excess,0.0589,0.00807781,0.01485552,0.01485552,0.001,0.5
2005-07-01,Telcm_excess,0.0289,0.00542176,0.00669088,0.00669088,0.001,0.5
2005-07-01,Shops_excess,0.0559,0.00725318,0.01086203,0.01086203,0.001,0.5
2005-07-01,Hlth_excess,0.0348,0.00796423,0.01126957,0.01126957,0.001,0.5
2005-07-01,Utils_excess,0.0274,0.00598217,0.01237188,0.01237188,0.001,0.5
2005-07-01,Other_excess,0.0217,0.00648684,0.01606844,0.01606844,0.001,0.5
2005-08-01,NoDur_excess,-0.0022,0.00672906,0.00063131,0.00063131,0.001,0.5
2005-08-01,Durbl_excess,-0.0317,0.00808929,0.0008475,0.0008475,0.001,0.5
2005-08-01,Manuf_excess,-0.0166,0.00724952,0.00713279,0.00713279,0.001,0.5
2005-08-01,Enrgy_excess,0.0551,0.00785302,0.01457147,0.01457147,0.001,0.5
2005-08-01,HiTec_excess,-0.0068,0.00813171,0.00889412,0.00889412,0.001,0.5
2005-08-01,Telcm_excess,-0.015,0.00544666,0.00027218,0.00027218,0.001,0.5
2005-08-01,Shops_excess,-0.059,0.00730477,0.00098378,0.00098378,0.001,0.5
2005-08-01,Hlth_excess,-0.0061,0.00799268,0.00586468,0.00586468,0.001,0.5
2005-08-01,Utils_excess,0.0095,0.00600488,0.00484616,0.00484616,0.001,0.5
2005-08-01,Other_excess,-0.0197,0.00650297,0.00605398,0.00605398,0.001,0.5
2005-09-01,NoDur_excess,0.0008,0.0067196,0.00628395,0.00628395,0.001,0.5
2005-09-01,Durbl_excess,-0.0463,0.00804714,0.00651069,0.00651069,0.001,0.5
2005-09-01,Manuf_excess,0.0055,0.00722426,0.01065457,0.01065457,0.001,0.5
2005-09-01,Enrgy_excess,0.0697,0.00790307,0.01594891,0.01594891,0.001,0.5
2005-09-01,HiTec_excess,0.0038,0.00811589,0.00995774,0.00995774,0.001,0.5
2005-09-01,Telcm_excess,-0.0176,0.005425,0.0061779,0.0061779,0.001,0.5
2005-09-01,Shops_excess,-0.0209,0.00723453,0.00721162,0.00721162,0.001,0.5
2005-09-01,Hlth_excess,-0.0222,0.00797775,0.00782945,0.00782945,0.001,0.5
2005-09-01,Utils_excess,0.0409,0.00600858,0.01054103,0.01054103,0.001,0.5
2005-09-01,Other_excess,0.0093,0.00647521,0.01407441,0.01407441,0.001,0.5
2005-10-01,NoDur_excess,-0.0177,0.00671333,-0.00590016,0.0,0.001,0.5
2005-10-01,Durbl_excess,-0.0548,0.00798963,-0.00912613,0.0,0.001,0.5
2005-10-01,Manuf_excess,-0.0266,0.00722243,0.00135625,0.00135625,0.001,0.5
2005-10-01,Enrgy_excess,-0.1043,0.00796847,0.01276604,0.01276604,0.001,0.5
2005-10-01,HiTec_excess,-0.0205,0.00811132,0.00065428,0.00065428,0.001,0.5
2005-10-01,Telcm_excess,-0.033,0.00540063,-0.00307746,0.0,0.001,0.5
2005-10-01,Shops_excess,0.0127,0.00720476,-0.00747599,0.0,0.001,0.5
2005-10-01,Hlth_excess,-0.0353,0.00794582,-0.00077563,0.0,0.001,0.5
2005-10-01,Utils_excess,-0.0712,0.0060455,0.00013973,0.00013973,0.001,0.5
2005-10-01,Other_excess,0.0097,0.0064782,-0.00019659,0.0,0.001,0.5
2005-11-01,NoDur_excess,0.0068,0.00668753,0.00194049,0.00194049,0.001,0.5
2005-11-01,Durbl_excess,0.019,0.00792326,0.00042748,0.00042748,0.001,0.5
2005-11-01,Manuf_excess,0.05,0.00718668,0.00741089,0.00741089,0.001,0.5
2005-11-01,Enrgy_excess,0.007,0.00784979,0.01460336,0.01460336,0.001,0.5
2005-11-01,HiTec_excess,0.0614,0.00808108,0.01057054,0.01057054,0.001,0.5
2005-11-01,Telcm_excess,0.0233,0.00536004,0.00132026,0.00132026,0.001,0.5
2005-11-01,Shops_excess,0.0363,0.00721057,0.00101824,0.00101824,0.001,0.5
2005-11-01,Hlth_excess,0.0128,0.00790011,0.00749515,0.00749515,0.001,0.5
2005-11-01,Utils_excess,-0.0053,0.00596385,0.00598312,0.00598312,0.001,0.5
2005-11-01,Other_excess,0.046,0.00648161,0.00692856,0.00692856,0.001,0.5
2005-12-01,NoDur_excess,-0.0039,0.00668765,0.01418209,0.01418209,0.001,0.5
2005-12-01,Durbl_excess,-0.0097,0.00793495,0.01511388,0.01511388,0.001,0.5
2005-12-01,Manuf_excess,0.0112,0.00723189,0.01624976,0.01624976,0.001,0.5
2005-12-01,Enrgy_excess,0.0012,0.00784889,0.0177155,0.0177155,0.001,0.5
2005-12-01,HiTec_excess,-0.0223,0.00813738,0.02268264,0.02268264,0.001,0.5
2005-12-01,Telcm_excess,-0.0205,0.00537899,0.00903355,0.00903355,0.001,0.5
2005-12-01,Shops_excess,-0.0091,0.00724129,0.01617933,0.01617933,0.001,0.5
2005-12-01,Hlth_excess,0.0208,0.00790528,0.01795802,0.01795802,0.001,0.5
2005-12-01,Utils_excess,0.0092,0.00595195,0.01710022,0.01710022,0.001,0.5
2005-12-01,Other_excess,-0.0013,0.00652334,0.01868529,0.01868529,0.001,0.5
2006-01-01,NoDur_excess,-0.0025,0.00667648,0.01326253,0.01326253,0.001,0.5
2006-01-01,Durbl_excess,0.0544,0.00791635,0.01315062,0.01315062,0.001,0.5
2006-01-01,Manuf_excess,0.0482,0.00723608,0.01583152,0.01583152,0.001,0.5
2006-01-01,Enrgy_excess,0.1219,0.00784188,0.01770914,0.01770914,0.001,0.5
2006-01-01,HiTec_excess,0.0371,0.00810527,0.01882184,0.01882184,0.001,0.5
2006-01-01,Telcm_excess,0.0351,0.00535169,0.00933549,0.00933549,0.001,0.5
2006-01-01,Shops_excess,0.0166,0.00722405,0.01513918,0.01513918,0.001,0.5
2006-01-01,Hlth_excess,0.0184,0.00791888,0.01597646,0.01597646,0.001,0.5
2006-01-01,Utils_excess,0.0268,0.00595538,0.01644509,0.01644509,0.001,0.5
2006-01-01,Other_excess,0.0123,0.00651508,0.01920934,0.01920934,0.001,0.5
2006-02-01,NoDur_excess,0.0081,0.00666681,0.00188432,0.00188432,0.001,0.5
2006-02-01,Durbl_excess,-0.0072,0.00796533,-0.00279389,0.0,0.001,0.5
2006-02-01,Manuf_excess,0.0068,0.00727924,0.00682322,0.00682322,0.001,0.5
2006-02-01,Enrgy_excess,-0.0848,0.00796207,0.01372655,0.01372655,0.001,0.5
2006-02-01,HiTec_excess,-0.0133,0.00813583,0.00572114,0.00572114,0.001,0.5
2006-02-01,Telcm_excess,0.0296,0.00538303,0.00140467,0.00140467,0.001,0.5
2006-02-01,Shops_excess,0.0106,0.00723393,0.00236116,0.00236116,0.001,0.5
2006-02-01,Hlth_excess,0.0071,0.00792993,0.00580798,0.00580798,0.001,0.5
2006-02-01,Utils_excess,-0.0011,0.00597734,0.00581665,0.00581665,0.001,0.5
2006-02-01,Other_excess,0.0065,0.00652118,0.00742194,0.00742194,0.001,0.5
2006-03-01,NoDur_excess,0.0087,0.00666832,0.0062395,0.0062395,0.001,0.5
2006-03-01,Durbl_excess,0.0229,0.00794937,0.00320852,0.00320852,0.001,0.5
2006-03-01,Manuf_excess,0.0264,0.00727874,0.0107856,0.0107856,0.001,0.5
2006-03-01,Enrgy_excess,0.0363,0.00786442,0.01529601,0.01529601,0.001,0.5
2006-03-01,HiTec_excess,0.0251,0.00811326,0.01087609,0.01087609,0.001,0.5
2006-03-01,Telcm_excess,0.0143,0.00540853,0.00587421,0.00587421,0.001,0.5
2006-03-01,Shops_excess,0.0206,0.00723747,0.00638353,0.00638353,0.001,0.5
2006-03-01,Hlth_excess,-0.0138,0.00792905,0.00996968,0.00996968,0.001,0.5
2006-03-01,Utils_excess,-0.0402,0.00596989,0.01037013,0.01037013,0.001,0.5
2006-03-01,Other_excess,0.015,0.00652116,0.01260518,0.01260518,0.001,0.5
2006-04-01,NoDur_excess,0.0069,0.00667045,-0.00088252,0.0,0.001,0.5
2006-04-01,Durbl_excess,-0.0008,0.00796509,-0.0066965,0.0,0.001,0.5
2006-04-01,Manuf_excess,0.0372,0.00729884,0.00404756,0.00404756,0.001,0.5
2006-04-01,Enrgy_excess,0.0416,0.00789432,0.0110479,0.0110479,0.001,0.5
2006-04-01,HiTec_excess,-0.015,0.00813113,0.00582559,0.00582559,0.001,0.5
2006-04-01,Telcm_excess,0.0111,0.00541788,-0.00177527,0.0,0.001,0.5
2006-04-01,Shops_excess,-0.0194,0.00725152,-0.00098352,0.0,0.001,0.5
2006-04-01,Hlth_excess,-0.0222,0.0079062,0.00561338,0.00561338,0.001,0.5
2006-04-01,Utils_excess,0.0146,0.00592135,0.00244223,0.00244223,0.001,0.5
2006-04-01,Other_excess,0.0179,0.00653007,0.00188715,0.00188715,0.001,0.5
2006-05-01,NoDur_excess,0.0063,0.00667069,-0.00025849,0.0,0.001,0.5
2006-05-01,Durbl_excess,0.002,0.00795588,-0.00598578,0.0,0.001,0.5
2006-05-01,Manuf_excess,-0.0378,0.00733025,0.00538894,0.00538894,0.001,0.5
2006-05-01,Enrgy_excess,-0.0389,0.00792973,0.01244599,0.01244599,0.001,0.5
2006-05-01,HiTec_excess,-0.0733,0.00810683,0.00326547,0.00326547,0.001,0.5
2006-05-01,Telcm_excess,-0.0043,0.00542384,-6.419e-05,0.0,0.001,0.5
2006-05-01,Shops_excess,-0.023,0.00722353,-0.0009222,0.0,0.001,0.5
2006-05-01,Hlth_excess,-0.0263,0.00787458,0.00405502,0.00405502,0.001,0.5
2006-05-01,Utils_excess,0.0108,0.00593046,0.00243945,0.00243945,0.001,0.5
2006-05-01,Other_excess,-0.0352,0.00654202,0.00447668,0.00447668,0.001,0.5
2006-06-01,NoDur_excess,-0.001,0.0066703,0.00473436,0.00473436,0.001,0.5
2006-06-01,Durbl_excess,0.0147,0.00794963,0.00025039,0.00025039,0.001,0.5
2006-06-01,Manuf_excess,-0.009,0.0072829,0.00845386,0.00845386,0.001,0.5
2006-06-01,Enrgy_excess,0.0233,0.00788059,0.0140161,0.0140161,0.001,0.5
2006-06-01,HiTec_excess,-0.0183,0.00802141,0.00670224,0.00670224,0.001,0.5
2006-06-01,Telcm_excess,0.0255,0.00541364,0.00361667,0.00361667,0.001,0.5
2006-06-01,Shops_excess,-0.0011,0.00719182,0.00426085,0.00426085,0.001,0.5
2006-06-01,Hlth_excess,-0.0051,0.00783872,0.00791519,0.00791519,0.001,0.5
2006-06-01,Utils_excess,0.0202,0.00593557,0.0074273,0.0074273,0.001,0.5
2006-06-01,Other_excess,-0.0075,0.00649822,0.00913916,0.00913916,0.001,0.5
2006-07-01,NoDur_excess,0.0315,0.00666226,0.00705586,0.00705586,0.001,0.5
2006-07-01,Durbl_excess,-0.0341,0.00795671,0.00372479,0.00372479,0.001,0.5
2006-07-01,Manuf_excess,-0.0405,0.00726583,0.01050086,0.01050086,0.001,0.5
2006-07-01,Enrgy_excess,0.0466,0.00789675,0.01526734,0.01526734,0.001,0.5
2006-07-01,HiTec_excess,-0.0418,0.00799382,0.00958227,0.00958227,0.001,0.5
2006-07-01,Telcm_excess,0.0204,0.0054347,0.00525837,0.00525837,0.001,0.5
2006-07-01,Shops_excess,-0.0469,0.00718312,0.00669242,0.00669242,0.001,0.5
2006-07-01,Hlth_excess,0.0372,0.00782516,0.01040228,0.01040228,0.001,0.5
2006-07-01,Utils_excess,0.0443,0.00595052,0.00988062,0.00988062,0.001,0.5
2006-07-01,Other_excess,-0.0131,0.00648354,0.01138814,0.01138814,0.001,0.5
2006-08-01,NoDur_excess,0.0264,0.00668827,0.01196801,0.01196801,0.001,0.5
2006-08-01,Durbl_excess,0.0195,0.00791267,0.00688804,0.00688804,0.001,0.5
2006-08-01,Manuf_excess,0.0163,0.00721581,0.01184214,0.01184214,0.001,0.5
2006-08-01,Enrgy_excess,-0.0366,0.00793728,0.01542133,0.01542133,0.001,0.5
2006-08-01,HiTec_excess,0.0699,0.00794168,0.0097355,0.0097355,0.001,0.5
2006-08-01,Telcm_excess,0.0186,0.00545037,0.00810691,0.00810691,0.001,0.5
2006-08-01,Shops_excess,0.018,0.00712649,0.01347998,0.01347998,0.001,0.5
2006-08-01,Hlth_excess,0.0191,0.00785592,0.01290182,0.01290182,0.001,0.5
2006-08-01,Utils_excess,0.0186,0.00599068,0.01513894,0.01513894,0.001,0.5
2006-08-01,Other_excess,0.0131,0.00646304,0.01554401,0.01554401,0.001,0.5
2006-09-01,NoDur_excess,-0.0106,0.00670889,0.01652291,0.01652291,0.001,0.5
2006-09-01,Durbl_excess,0.0381,0.00792479,0.01144522,0.01144522,0.001,0.5
2006-09-01,Manuf_excess,0.0148,0.00722531,0.01527225,0.01527225,0.001,0.5
2006-09-01,Enrgy_excess,-0.0422,0.00789069,0.0168894,0.0168894,0.001,0.5
2006-09-01,HiTec_excess,0.0316,0.00800649,0.01304113,0.01304113,0.001,0.5
2006-09-01,Telcm_excess,0.0325,0.00546412,0.01078728,0.01078728,0.001,0.5
2006-09-01,Shops_excess,0.0528,0.00713787,0.01969099,0.01969099,0.001,0.5
2006-09-01,Hlth_excess,0.0112,0.00786768,0.01635034,0.01635034,0.001,0.5
2006-09-01,Utils_excess,-0.0253,0.00600387,0.01896513,0.01896513,0.001,0.5
2006-09-01,Other_excess,0.0283,0.00646998,0.0201905,0.0201905,0.001,0.5
2006-10-01,NoDur_excess,0.024,0.0066908,0.01630498,0.01630498,0.001,0.5
2006-10-01,Durbl_excess,0.0455,0.00795632,0.01402043,0.01402043,0.001,0.5
2006-10-01,Manuf_excess,0.0401,0.00723323,0.01742866,0.01742866,0.001,0.5
2006-10-01,Enrgy_excess,0.0479,0.00783835,0.01859932,0.01859932,0.001,0.5
2006-10-01,HiTec_excess,0.0363,0.00803114,0.01890413,0.01890413,0.001,0.5
2006-10-01,Telcm_excess,0.0479,0.00549237,0.01060196,0.01060196,0.001,0.5
2006-10-01,Shops_excess,0.0351,0.00718558,0.01886846,0.01886846,0.001,0.5
2006-10-01,Hlth_excess,0.0129,0.00787116,0.0195739,0.0195739,0.001,0.5
2006-10-01,Utils_excess,0.0495,0.00597116,0.01817075,0.01817075,0.001,0.5
2006-10-01,Other_excess,0.0254,0.00649279,0.01986238,0.01986238,0.001,0.5
2006-11-01,NoDur_excess,0.0103,0.00670887,0.01603403,0.01603403,0.001,0.5
2006-11-01,Durbl_excess,0.0138,0.00799551,0.01338931,0.01338931,0.001,0.5
2006-11-01,Manuf_excess,0.0312,0.00726754,0.01699519,0.01699519,0.001,0.5
2006-11-01,Enrgy_excess,0.0817,0.00788017,0.01819942,0.01819942,0.001,0.5
2006-11-01,HiTec_excess,0.026,0.00806065,0.01890238,0.01890238,0.001,0.5
2006-11-01,Telcm_excess,0.0021,0.00553664,0.0102487,0.0102487,0.001,0.5
2006-11-01,Shops_excess,-0.0165,0.00721472,0.01872308,0.01872308,0.001,0.5
2006-11-01,Hlth_excess,-0.0035,0.00787641,0.01960891,0.01960891,0.001,0.5
2006-11-01,Utils_excess,0.0264,0.0060166,0.01842112,0.01842112,0.001,0.5
2006-11-01,Other_excess,0.0118,0.00651253,0.0187216,0.0187216,0.001,0.5
2006-12-01,NoDur_excess,0.0162,0.00671262,0.01667854,0.01667854,0.001,0.5
2006-12-01,Durbl_excess,-0.0121,0.00800156,0.01297357,0.01297357,0.001,0.5
2006-12-01,Manuf_excess,0.001,0.00729249,0.01750287,0.01750287,0.001,0.5
2006-12-01,Enrgy_excess,-0.0233,0.00795714,0.01920427,0.01920427,0.001,0.5
2006-12-01,HiTec_excess,-0.0137,0.00807935,0.01624169,0.01624169,0.001,0.5
2006-12-01,Telcm_excess,0.0393,0.00553306,0.01080638,0.01080638,0.001,0.5
2006-12-01,Shops_excess,0.0106,0.00718999,0.01997,0.01997,0.001,0.5
2006-12-01,Hlth_excess,-0.0027,0.00786455,0.0185432,0.0185432,0.001,0.5
2006-12-01,Utils_excess,0.0033,0.00603785,0.01877679,0.01877679,0.001,0.5
2006-12-01,Other_excess,0.0281,0.00651804,0.02031256,0.02031256,0.001,0.5
2007-01-01,NoDur_excess,0.011,0.0067225,0.00553848,0.00553848,0.001,0.5
2007-01-01,Durbl_excess,0.0247,0.00798063,0.00029457,0.00029457,0.001,0.5
2007-01-01,Manuf_excess,0.0272,0.00728594,0.01054354,0.01054354,0.001,0.5
2007-01-01,Enrgy_excess,-0.0177,0.00792458,0.016092,0.016092,0.001,0.5
2007-01-01,HiTec_excess,0.0155,0.00805667,0.00949802,0.00949802,0.001,0.5
2007-01-01,Telcm_excess,0.0229,0.00556823,0.00348275,0.00348275,0.001,0.5
2007-01-01,Shops_excess,0.032,0.00719354,0.00504287,0.00504287,0.001,0.5
2007-01-01,Hlth_excess,0.0307,0.00785354,0.01142275,0.01142275,0.001,0.5
2007-01-01,Utils_excess,0.0004,0.006035,0.00785016,0.00785016,0.001,0.5
2007-01-01,Other_excess,0.0061,0.00654052,0.0086468,0.0086468,0.001,0.5
2007-02-01,NoDur_excess,-0.0187,0.00672695,0.00857677,0.00857677,0.001,0.5
2007-02-01,Durbl_excess,-0.0078,0.00799802,0.00307022,0.00307022,0.001,0.5
2007-02-01,Manuf_excess,0.0033,0.00730666,0.01148279,0.01148279,0.001,0.5
2007-02-01,Enrgy_excess,-0.025,0.00789792,0.01511705,0.01511705,0.001,0.5
2007-02-01,HiTec_excess,-0.0273,0.00806441,0.00917189,0.00917189,0.001,0.5
2007-02-01,Telcm_excess,-0.0316,0.00558626,0.0056605,0.0056605,0.001,0.5
2007-02-01,Shops_excess,-0.0106,0.00721935,0.00972905,0.00972905,0.001,0.5
2007-02-01,Hlth_excess,-0.0323,0.00787732,0.01217093,0.01217093,0.001,0.5
2007-02-01,Utils_excess,0.0378,0.00602914,0.01062336,0.01062336,0.001,0.5
2007-02-01,Other_excess,-0.0267,0.00654006,0.01164697,0.01164697,0.001,0.5
2007-03-01,NoDur_excess,0.0222,0.00670052,0.01156647,0.01156647,0.001,0.5
2007-03-01,Durbl_excess,-0.0153,0.0079816,0.00624188,0.00624188,0.001,0.5
2007-03-01,Manuf_excess,0.0121,0.00730249,0.01354729,0.01354729,0.001,0.5
2007-03-01,Enrgy_excess,0.0547,0.00786372,0.01615899,0.01615899,0.001,0.5
2007-03-01,HiTec_excess,0.0044,0.00802765,0.00831911,0.00831911,0.001,0.5
2007-03-01,Telcm_excess,0.0188,0.00554761,0.00898594,0.00898594,0.001,0.5
2007-03-01,Shops_excess,0.0037,0.00720083,0.01350547,0.01350547,0.001,0.5
2007-03-01,Hlth_excess,-0.0068,0.00783555,0.0125928,0.0125928,0.001,0.5
2007-03-01,Utils_excess,0.039,0.00606216,0.01431449,0.01431449,0.001,0.5
2007-03-01,Other_excess,-0.0069,0.00650551,0.01655036,0.01655036,0.001,0.5
2007-04-01,NoDur_excess,0.0318,0.00671661,-0.001382,0.0,0.001,0.5
2007-04-01,Durbl_excess,0.0577,0.00795742,-0.00868379,0.0,0.001,0.5
2007-04-01,Manuf_excess,0.0397,0.00730748,0.00524583,0.00524583,0.001,0.5
2007-04-01,Enrgy_excess,0.0469,0.00791236,0.01245313,0.01245313,0.001,0.5
2007-04-01,HiTec_excess,0.0441,0.00802388,0.00050512,0.00050512,0.001,0.5
2007-04-01,Telcm_excess,0.013,0.00556137,0.00037462,0.00037462,0.001,0.5
2007-04-01,Shops_excess,0.0184,0.0071972,-0.00384054,0.0,0.001,0.5
2007-04-01,Hlth_excess,0.0634,0.00782035,0.00411141,0.00411141,0.001,0.5
2007-04-01,Utils_excess,0.0348,0.00609637,0.00258423,0.00258423,0.001,0.5
2007-04-01,Other_excess,0.0286,0.00649159,0.00230425,0.00230425,0.001,0.5
2007-05-01,NoDur_excess,0.0247,0.00674263,0.00897696,0.00897696,0.001,0.5
2007-05-01,Durbl_excess,0.0276,0.00800902,0.00277927,0.00277927,0.001,0.5
2007-05-01,Manuf_excess,0.0436,0.00734108,0.01030616,0.01030616,0.001,0.5
2007-05-01,Enrgy_excess,0.0674,0.0079528,0.01358761,0.01358761,0.001,0.5
2007-05-01,HiTec_excess,0.0351,0.00806131,0.00642515,0.00642515,0.001,0.5
2007-05-01,Telcm_excess,0.069,0.00556909,0.00659354,0.00659354,0.001,0.5
2007-05-01,Shops_excess,0.0195,0.00720882,0.01052901,0.01052901,0.001,0.5
2007-05-01,Hlth_excess,0.0073,0.00787801,0.01025319,0.01025319,0.001,0.5
2007-05-01,Utils_excess,0.0078,0.00612614,0.01272222,0.01272222,0.001,0.5
2007-05-01,Other_excess,0.0276,0.00651452,0.01196088,0.01196088,0.001,0.5
2007-06-01,NoDur_excess,-0.0146,0.00676124,0.00315603,0.00315603,0.001,0.5
2007-06-01,Durbl_excess,0.0148,0.00802933,-0.00245101,0.0,0.001,0.5
2007-06-01,Manuf_excess,-0.0108,0.00737865,0.00780479,0.00780479,0.001,0.5
2007-06-01,Enrgy_excess,0.0046,0.0080144,0.0132426,0.0132426,0.001,0.5
2007-06-01,HiTec_excess,0.0013,0.00808933,0.00495259,0.00495259,0.001,0.5
2007-06-01,Telcm_excess,-0.022,0.00563482,0.00253435,0.00253435,0.001,0.5
2007-06-01,Shops_excess,-0.0237,0.00722155,0.00236648,0.00236648,0.001,0.5
2007-06-01,Hlth_excess,-0.0377,0.00787741,0.00743873,0.00743873,0.001,0.5
2007-06-01,Utils_excess,-0.0522,0.00612788,0.00650676,0.00650676,0.001,0.5
2007-06-01,Other_excess,-0.0317,0.00653637,0.00567232,0.00567232,0.001,0.5
2007-07-01,NoDur_excess,-0.0455,0.00673913,0.00497495,0.00497495,0.001,0.5
2007-07-01,Durbl_excess,-0.062,0.00803634,0.0018824,0.0018824,0.001,0.5
2007-07-01,Manuf_excess,-0.0042,0.00735983,0.01039889,0.01039889,0.001,0.5
2007-07-01,Enrgy_excess,-0.015,0.00801087,0.01559193,0.01559193,0.001,0.5
2007-07-01,HiTec_excess,-0.0146,0.0080823,0.00927692,0.00927692,0.001,0.5
2007-07-01,Telcm_excess,-0.0351,0.00560621,0.00394484,0.00394484,0.001,0.5
2007-07-01,Shops_excess,-0.0572,0.00718954,0.00340482,0.00340482,0.001,0.5
2007-07-01,Hlth_excess,-0.0442,0.00783023,0.00997892,0.00997892,0.001,0.5
2007-07-01,Utils_excess,-0.0413,0.00606749,0.00740456,0.00740456,0.001,0.5
2007-07-01,Other_excess,-0.0567,0.00649679,0.00764365,0.00764365,0.001,0.5
2007-08-01,NoDur_excess,0.014,0.00668511,0.00381865,0.00381865,0.001,0.5
2007-08-01,Durbl_excess,-0.0221,0.00796391,0.00146612,0.00146612,0.001,0.5
2007-08-01,Manuf_excess,0.0026,0.00734788,0.01212749,0.01212749,0.001,0.5
2007-08-01,Enrgy_excess,-0.0019,0.00798707,0.01755765,0.01755765,0.001,0.5
2007-08-01,HiTec_excess,0.0247,0.00805884,0.01003688,0.01003688,0.001,0.5
2007-08-01,Telcm_excess,-0.0128,0.00556412,0.00537998,0.00537998,0.001,0.5
2007-08-01,Shops_excess,0.0111,0.00712296,-2.254e-05,0.0,0.001,0.5
2007-08-01,Hlth_excess,0.019,0.00777642,0.0101538,0.0101538,0.001,0.5
2007-08-01,Utils_excess,0.0142,0.00601851,0.00566014,0.00566014,0.001,0.5
2007-08-01,Other_excess,0.0076,0.00643144,0.00813823,0.00813823,0.001,0.5
2007-09-01,NoDur_excess,0.0368,0.00669267,0.01275809,0.01275809,0.001,0.5
2007-09-01,Durbl_excess,0.014,0.00793285,0.01066084,0.01066084,0.001,0.5
2007-09-01,Manuf_excess,0.0511,0.00734298,0.01560545,0.01560545,0.001,0.5
2007-09-01,Enrgy_excess,0.0752,0.00797686,0.01770019,0.01770019,0.001,0.5
2007-09-01,HiTec_excess,0.0385,0.00807603,0.01415274,0.01415274,0.001,0.5
2007-09-01,Telcm_excess,0.0173,0.00554514,0.00801715,0.00801715,0.001,0.5
2007-09-01,Shops_excess,-0.0097,0.00712707,0.01315359,0.01315359,0.001,0.5
2007-09-01,Hlth_excess,0.0322,0.00778802,0.01541249,0.01541249,0.001,0.5
2007-09-01,Utils_excess,0.0316,0.00602696,0.01397334,0.01397334,0.001,0.5
2007-09-01,Other_excess,0.0231,0.00643264,0.01486198,0.01486198,0.001,0.5
2007-10-01,NoDur_excess,0.0186,0.00672374,0.01298183,0.01298183,0.001,0.5
2007-10-01,Durbl_excess,0.0063,0.00793911,0.00941393,0.00941393,0.001,0.5
2007-10-01,Manuf_excess,0.0065,0.00738813,0.01395489,0.01395489,0.001,0.5
2007-10-01,Enrgy_excess,0.0247,0.00804623,0.01533492,0.01533492,0.001,0.5
2007-10-01,HiTec_excess,0.0647,0.00810743,0.01063068,0.01063068,0.001,0.5
2007-10-01,Telcm_excess,-0.025,0.00555728,0.00748934,0.00748934,0.001,0.5
2007-10-01,Shops_excess,0.0085,0.0071097,0.01569284,0.01569284,0.001,0.5
2007-10-01,Hlth_excess,0.0109,0.00781321,0.0134201,0.0134201,0.001,0.5
2007-10-01,Utils_excess,0.0624,0.00605335,0.0133456,0.0133456,0.001,0.5
2007-10-01,Other_excess,-0.0008,0.00644985,0.01392747,0.01392747,0.001,0.5
2007-11-01,NoDur_excess,0.0051,0.00673598,0.00958277,0.00958277,0.001,0.5
2007-11-01,Durbl_excess,-0.093,0.00793742,0.00651165,0.00651165,0.001,0.5
2007-11-01,Manuf_excess,-0.03,0.00738722,0.01336665,0.01336665,0.001,0.5
2007-11-01,Enrgy_excess,-0.0468,0.0080634,0.01582225,0.01582225,0.001,0.5
2007-11-01,HiTec_excess,-0.0785,0.00816577,0.00942169,0.00942169,0.001,0.5
2007-11-01,Telcm_excess,-0.0659,0.00552577,0.00611265,0.00611265,0.001,0.5
2007-11-01,Shops_excess,-0.0407,0.00711113,0.01029279,0.01029279,0.001,0.5
2007-11-01,Hlth_excess,-0.0033,0.00781639,0.01149302,0.01149302,0.001,0.5
2007-11-01,Utils_excess,-0.0105,0.00611144,0.00899495,0.00899495,0.001,0.5
2007-11-01,Other_excess,-0.0632,0.00644237,0.01138289,0.01138289,0.001,0.5
2007-12-01,NoDur_excess,-0.0128,0.00673429,0.0027454,0.0027454,0.001,0.5
2007-12-01,Durbl_excess,-0.0243,0.00783347,0.0011193,0.0011193,0.001,0.5
2007-12-01,Manuf_excess,0.0073,0.00734871,0.01234101,0.01234101,0.001,0.5
2007-12-01,Enrgy_excess,0.0743,0.0080069,0.01754039,0.01754039,0.001,0.5
2007-12-01,HiTec_excess,0.0119,0.00807652,0.00399047,0.00399047,0.001,0.5
2007-12-01,Telcm_excess,-0.0052,0.00545221,0.00287819,0.00287819,0.001,0.5
2007-12-01,Shops_excess,-0.0295,0.00706189,-0.00096491,0.0,0.001,0.5
2007-12-01,Hlth_excess,-0.0422,0.00780494,0.006019,0.006019,0.001,0.5
2007-12-01,Utils_excess,0.0063,0.00609434,0.00105177,0.00105177,0.001,0.5
2007-12-01,Other_excess,-0.0376,0.00637065,0.00791396,0.00791396,0.001,0.5
2008-01-01,NoDur_excess,-0.054,0.0067142,0.01686935,0.01686935,0.001,0.5
2008-01-01,Durbl_excess,-0.0541,0.00780041,0.01580863,0.01580863,0.001,0.5
2008-01-01,Manuf_excess,-0.0764,0.00734866,0.02119264,0.02119264,0.001,0.5
2008-01-01,Enrgy_excess,-0.0932,0.0080751,0.01992922,0.01992922,0.001,0.5
2008-01-01,HiTec_excess,-0.1256,0.00808045,0.01402343,0.01402343,0.001,0.5
2008-01-01,Telcm_excess,-0.0799,0.00544126,0.00735095,0.00735095,0.001,0.5
2008-01-01,Shops_excess,-0.0068,0.00702428,0.02062251,0.02062251,0.001,0.5
2008-01-01,Hlth_excess,-0.0482,0.0077535,0.01769718,0.01769718,0.001,0.5
2008-01-01,Utils_excess,-0.0714,0.00609455,0.01189081,0.01189081,0.001,0.5
2008-01-01,Other_excess,-0.0225,0.00632541,0.01677122,0.01677122,0.001,0.5
2008-02-01,NoDur_excess,-0.0026,0.0066518,0.00854273,0.00854273,0.001,0.5
2008-02-01,Durbl_excess,-0.0613,0.00773679,0.00769897,0.00769897,0.001,0.5
2008-02-01,Manuf_excess,0.0061,0.00726259,0.01704005,0.01704005,0.001,0.5
2008-02-01,Enrgy_excess,0.0681,0.00797102,0.01893679,0.01893679,0.001,0.5
2008-02-01,HiTec_excess,-0.0371,0.00794306,0.00599602,0.00599602,0.001,0.5
2008-02-01,Telcm_excess,-0.0398,0.00535355,0.00359448,0.00359448,0.001,0.5
2008-02-01,Shops_excess,-0.0478,0.00701007,0.00886152,0.00886152,0.001,0.5
2008-02-01,Hlth_excess,-0.0106,0.00769599,0.01011262,0.01011262,0.001,0.5
2008-02-01,Utils_excess,-0.0316,0.0060149,0.00369066,0.00369066,0.001,0.5
2008-02-01,Other_excess,-0.0803,0.00629579,0.01156609,0.01156609,0.001,0.5
2008-03-01,NoDur_excess,0.0101,0.0066423,0.01158377,0.01158377,0.001,0.5
2008-03-01,Durbl_excess,-0.0431,0.00766591,0.01204293,0.01204293,0.001,0.5
2008-03-01,Manuf_excess,-0.0032,0.0072614,0.02005819,0.02005819,0.001,0.5
2008-03-01,Enrgy_excess,-0.0306,0.00803275,0.02102973,0.02102973,0.001,0.5
2008-03-01,HiTec_excess,0.005,0.00789682,0.0090843,0.0090843,0.001,0.5
2008-03-01,Telcm_excess,-0.0022,0.00530719,0.00385366,0.00385366,0.001,0.5
2008-03-01,Shops_excess,0.0168,0.0069538,0.01319754,0.01319754,0.001,0.5
2008-03-01,Hlth_excess,-0.0194,0.00767721,0.01307928,0.01307928,0.001,0.5
2008-03-01,Utils_excess,0.0064,0.00597628,0.00487272,0.00487272,0.001,0.5
2008-03-01,Other_excess,-0.0211,0.00620688,0.01283751,0.01283751,0.001,0.5
2008-04-01,NoDur_excess,-0.0133,0.00664585,0.00755691,0.00755691,0.001,0.5
2008-04-01,Durbl_excess,0.0638,0.00761385,0.00834227,0.00834227,0.001,0.5
2008-04-01,Manuf_excess,0.0489,0.00725067,0.01797278,0.01797278,0.001,0.5
2008-04-01,Enrgy_excess,0.1045,0.00799313,0.0204726,0.0204726,0.001,0.5
2008-04-01,HiTec_excess,0.0626,0.00789385,0.00412226,0.00412226,0.001,0.5
2008-04-01,Telcm_excess,0.0444,0.00529949,0.00141536,0.00141536,0.001,0.5
2008-04-01,Shops_excess,0.0483,0.0069639,0.00762823,0.00762823,0.001,0.5
2008-04-01,Hlth_excess,0.0025,0.00764944,0.00746577,0.00746577,0.001,0.5
2008-04-01,Utils_excess,0.0621,0.00597672,0.00049654,0.00049654,0.001,0.5
2008-04-01,Other_excess,0.0329,0.00617887,0.01002447,0.01002447,0.001,0.5
2008-05-01,NoDur_excess,0.032,0.00662541,0.02080847,0.02080847,0.001,0.5
2008-05-01,Durbl_excess,0.0115,0.00767141,0.02177137,0.02177137,0.001,0.5
2008-05-01,Manuf_excess,0.0312,0.00729334,0.02195778,0.02195778,0.001,0.5
2008-05-01,Enrgy_excess,0.041,0.00809201,0.0180396,0.0180396,0.001,0.5
2008-05-01,HiTec_excess,0.0547,0.0079499,0.00984938,0.00984938,0.001,0.5
2008-05-01,Telcm_excess,0.0461,0.00533955,0.00680835,0.00680835,0.001,0.5
2008-05-01,Shops_excess,0.0101,0.00700625,0.03094777,0.03094777,0.001,0.5
2008-05-01,Hlth_excess,0.0144,0.00764416,0.01638909,0.01638909,0.001,0.5
2008-05-01,Utils_excess,0.0341,0.00603422,0.01291358,0.01291358,0.001,0.5
2008-05-01,Other_excess,-0.0257,0.00620625,0.01958556,0.01958556,0.001,0.5
2008-06-01,NoDur_excess,-0.0751,0.00665138,0.00222953,0.00222953,0.001,0.5
2008-06-01,Durbl_excess,-0.1967,0.00767533,0.00238137,0.00238137,0.001,0.5
2008-06-01,Manuf_excess,-0.0936,0.00731781,0.0128415,0.0128415,0.001,0.5
2008-06-01,Enrgy_excess,0.0265,0.00812569,0.01544026,0.01544026,0.001,0.5
2008-06-01,HiTec_excess,-0.0899,0.00799775,0.00100986,0.00100986,0.001,0.5
2008-06-01,Telcm_excess,-0.1109,0.00538127,-0.00078096,0.0,0.001,0.5
2008-06-01,Shops_excess,-0.0826,0.00700942,0.00344133,0.00344133,0.001,0.5
2008-06-01,Hlth_excess,-0.0318,0.00765107,0.00353392,0.00353392,0.001,0.5
2008-06-01,Utils_excess,-0.0058,0.00606295,-0.00486598,0.0,0.001,0.5
2008-06-01,Other_excess,-0.1493,0.00617359,0.00215106,0.00215106,0.001,0.5
2008-07-01,NoDur_excess,0.0211,0.00656779,0.00133594,0.00133594,0.001,0.5
2008-07-01,Durbl_excess,-0.0081,0.00746636,-0.00102004,0.0,0.001,0.5
2008-07-01,Manuf_excess,-0.0039,0.00721462,0.01184669,0.01184669,0.001,0.5
2008-07-01,Enrgy_excess,-0.1581,0.00814448,0.01692187,0.01692187,0.001,0.5
2008-07-01,HiTec_excess,-0.0072,0.00789765,-0.00223454,0.0,0.001,0.5
2008-07-01,Telcm_excess,-0.0324,0.00526237,-0.00088931,0.0,0.001,0.5
2008-07-01,Shops_excess,0.0099,0.00691779,0.00134938,0.00134938,0.001,0.5
2008-07-01,Hlth_excess,0.066,0.00761074,0.0020996,0.0020996,0.001,0.5
2008-07-01,Utils_excess,-0.0725,0.00605082,-0.00478229,0.0,0.001,0.5
2008-07-01,Other_excess,0.0424,0.00601462,0.00123833,0.00123833,0.001,0.5
2008-08-01,NoDur_excess,0.0159,0.00658264,0.00746256,0.00746256,0.001,0.5
2008-08-01,Durbl_excess,0.0153,0.00745046,0.00610394,0.00610394,0.001,0.5
2008-08-01,Manuf_excess,0.0129,0.00720327,0.01476283,0.01476283,0.001,0.5
2008-08-01,Enrgy_excess,-0.0017,0.00797467,0.01413927,0.01413927,0.001,0.5
2008-08-01,HiTec_excess,0.0227,0.00788223,0.00304766,0.00304766,0.001,0.5
2008-08-01,Telcm_excess,0.0387,0.0052239,0.00013743,0.00013743,0.001,0.5
2008-08-01,Shops_excess,0.0526,0.00692084,0.00969657,0.00969657,0.001,0.5
2008-08-01,Hlth_excess,0.0164,0.00767038,0.00859443,0.00859443,0.001,0.5
2008-08-01,Utils_excess,-0.0059,0.00597058,-0.00117801,0.0,0.001,0.5
2008-08-01,Other_excess,0.0054,0.00605179,0.00549622,0.00549622,0.001,0.5
2008-09-01,NoDur_excess,-0.0311,0.00659214,0.01635764,0.01635764,0.001,0.5
2008-09-01,Durbl_excess,-0.0914,0.00745847,0.01794368,0.01794368,0.001,0.5
2008-09-01,Manuf_excess,-0.1366,0.00720908,0.0217562,0.0217562,0.001,0.5
2008-09-01,Enrgy_excess,-0.1227,0.0079648,0.01685651,0.01685651,0.001,0.5
2008-09-01,HiTec_excess,-0.1262,0.00789735,0.01269209,0.01269209,0.001,0.5
2008-09-01,Telcm_excess,-0.1276,0.00525806,0.00666421,0.00666421,0.001,0.5
2008-09-01,Shops_excess,-0.0591,0.00696745,0.02097145,0.02097145,0.001,0.5
2008-09-01,Hlth_excess,-0.061,0.00767929,0.0166824,0.0166824,0.001,0.5
2008-09-01,Utils_excess,-0.1199,0.00595847,0.00627268,0.00627268,0.001,0.5
2008-09-01,Other_excess,-0.0646,0.00605112,0.01432323,0.01432323,0.001,0.5
2008-10-01,NoDur_excess,-0.1349,0.00655372,-0.02052764,0.0,0.001,0.5
2008-10-01,Durbl_excess,-0.337,0.0073577,-0.01895785,0.0,0.001,0.5
2008-10-01,Manuf_excess,-0.2079,0.00706249,0.00324086,0.00324086,0.001,0.5
2008-10-01,Enrgy_excess,-0.1686,0.0078316,0.01746893,0.01746893,0.001,0.5
2008-10-01,HiTec_excess,-0.1834,0.00776065,-0.00600187,0.0,0.001,0.5
2008-10-01,Telcm_excess,-0.1561,0.00512263,-0.0203143,0.0,0.001,0.5
2008-10-01,Shops_excess,-0.1516,0.0069001,-0.0364894,0.0,0.001,0.5
2008-10-01,Hlth_excess,-0.1111,0.00760928,-0.00497601,0.0,0.001,0.5
2008-10-01,Utils_excess,-0.112,0.00583017,-0.03004745,0.0,0.001,0.5
2008-10-01,Other_excess,-0.198,0.0059791,-0.01935887,0.0,0.001,0.5
2008-11-01,NoDur_excess,-0.044,0.00640967,0.00652656,0.00652656,0.001,0.5
2008-11-01,Durbl_excess,-0.1074,0.00700703,0.00551485,0.00551485,0.001,0.5
2008-11-01,Manuf_excess,-0.0771,0.00684358,0.01391706,0.01391706,0.001,0.5
2008-11-01,Enrgy_excess,0.0011,0.00765193,0.00784759,0.00784759,0.001,0.5
2008-11-01,HiTec_excess,-0.109,0.00756599,-0.00495769,0.0,0.001,0.5
2008-11-01,Telcm_excess,-0.0161,0.00495845,-0.02276787,0.0,0.001,0.5
2008-11-01,Shops_excess,-0.0771,0.0067387,-0.00301692,0.0,0.001,0.5
2008-11-01,Hlth_excess,-0.0736,0.00748839,0.014019,0.014019,0.001,0.5
2008-11-01,Utils_excess,0.0123,0.00571018,-0.00544732,0.0,0.001,0.5
2008-11-01,Other_excess,-0.1239,0.00577138,-0.01008757,0.0,0.001,0.5
2008-12-01,NoDur_excess,0.0087,0.00635839,0.03769421,0.03769421,0.001,0.5
2008-12-01,Durbl_excess,0.0017,0.00689064,0.04320535,0.04320535,0.001,0.5
2008-12-01,Manuf_excess,0.0139,0.00675819,0.03438087,0.03438087,0.001,0.5
2008-12-01,Enrgy_excess,-0.0243,0.00764527,0.01522574,0.01522574,0.001,0.5
2008-12-01,HiTec_excess,0.0217,0.00744741,0.01210699,0.01210699,0.001,0.5
2008-12-01,Telcm_excess,0.0347,0.00493703,0.01227898,0.01227898,0.001,0.5
2008-12-01,Shops_excess,0.0489,0.00665341,0.04142152,0.04142152,0.001,0.5
2008-12-01,Hlth_excess,0.0674,0.0074059,0.0271887,0.0271887,0.001,0.5
2008-12-01,Utils_excess,-0.0204,0.00571689,0.02068976,0.02068976,0.001,0.5
2008-12-01,Other_excess,0.0081,0.00563947,0.02659856,0.02659856,0.001,0.5
2009-01-01,NoDur_excess,-0.0505,0.00636077,0.05742118,0.05742118,0.001,0.5
2009-01-01,Durbl_excess,-0.1269,0.00688537,0.07214938,0.07214938,0.001,0.5
2009-01-01,Manuf_excess,-0.0922,0.00676545,0.04248153,0.04248153,0.001,0.5
2009-01-01,Enrgy_excess,-0.0353,0.0076128,0.0028035,0.0028035,0.001,0.5
2009-01-01,HiTec_excess,-0.032,0.00746189,0.0212778,0.0212778,0.001,0.5
2009-01-01,Telcm_excess,-0.1032,0.00496728,0.031033,0.031033,0.001,0.5
2009-01-01,Shops_excess,-0.0761,0.00669634,0.08207096,0.08207096,0.001,0.5
2009-01-01,Hlth_excess,-0.022,0.00746687,0.03854079,0.03854079,0.001,0.5
2009-01-01,Utils_excess,-0.0084,0.00569035,0.03048611,0.03048611,0.001,0.5
2009-01-01,Other_excess,-0.1766,0.00564197,0.04599583,0.04599583,0.001,0.5
2009-02-01,NoDur_excess,-0.0767,0.00630305,-0.01400041,0.0,0.001,0.5
2009-02-01,Durbl_excess,-0.1215,0.00674954,-0.02889839,0.0,0.001,0.5
2009-02-01,Manuf_excess,-0.1354,0.00666497,-0.01781753,0.0,0.001,0.5
2009-02-01,Enrgy_excess,-0.1252,0.00756924,-0.02504128,0.0,0.001,0.5
2009-02-01,HiTec_excess,-0.0509,0.00742183,-0.03229677,0.0,0.001,0.5
2009-02-01,Telcm_excess,-0.0696,0.00485746,-0.02332551,0.0,0.001,0.5
2009-02-01,Shops_excess,-0.0306,0.00661228,-0.01017153,0.0,0.001,0.5
2009-02-01,Hlth_excess,-0.1083,0.00743695,-0.01252347,0.0,0.001,0.5
2009-02-01,Utils_excess,-0.1253,0.00567604,-0.03730882,0.0,0.001,0.5
2009-02-01,Other_excess,-0.146,0.00545695,-0.04158899,0.0,0.001,0.5
2009-03-01,NoDur_excess,0.0642,0.00621886,-0.01469707,0.0,0.001,0.5
2009-03-01,Durbl_excess,0.1219,0.00661947,-0.03623659,0.0,0.001,0.5
2009-03-01,Manuf_excess,0.0759,0.00652089,-0.02770686,0.0,0.001,0.5
2009-03-01,Enrgy_excess,0.0394,0.00743458,-0.03538703,0.0,0.001,0.5
2009-03-01,HiTec_excess,0.1145,0.00736268,-0.03732661,0.0,0.001,0.5
2009-03-01,Telcm_excess,0.0793,0.00478195,-0.02101602,0.0,0.001,0.5
2009-03-01,Shops_excess,0.0996,0.00657454,-0.00853405,0.0,0.001,0.5
2009-03-01,Hlth_excess,0.0739,0.00731957,-0.01702466,0.0,0.001,0.5
2009-03-01,Utils_excess,0.028,0.0055432,-0.04730749,0.0,0.001,0.5
2009-03-01,Other_excess,0.1305,0.00530335,-0.04460651,0.0,0.001,0.5
2009-04-01,NoDur_excess,0.0496,0.00627761,-0.01549512,0.0,0.001,0.5
2009-04-01,Durbl_excess,0.4431,0.00673627,-0.03245073,0.0,0.001,0.5
2009-04-01,Manuf_excess,0.1705,0.00659119,-0.02328215,0.0,0.001,0.5
2009-04-01,Enrgy_excess,0.0453,0.00746697,-0.03396157,0.0,0.001,0.5
2009-04-01,HiTec_excess,0.1228,0.00747123,-0.03609447,0.0,0.001,0.5
2009-04-01,Telcm_excess,0.0964,0.00485745,-0.02258967,0.0,0.001,0.5
2009-04-01,Shops_excess,0.0953,0.00666879,-0.01114844,0.0,0.001,0.5
2009-04-01,Hlth_excess,-0.0095,0.00738703,-0.01652824,0.0,0.001,0.5
2009-04-01,Utils_excess,0.0208,0.00556596,-0.05145512,0.0,0.001,0.5
2009-04-01,Other_excess,0.1621,0.00543019,-0.03644078,0.0,0.001,0.5
2009-05-01,NoDur_excess,0.0716,0.00632146,0.01381648,0.01381648,0.001,0.5
2009-05-01,Durbl_excess,-0.0322,0.00717794,0.02048192,0.02048192,0.001,0.5
2009-05-01,Manuf_excess,0.055,0.00675709,0.00404674,0.00404674,0.001,0.5
2009-05-01,Enrgy_excess,0.105,0.00750526,-0.02628072,0.0,0.001,0.5
2009-05-01,HiTec_excess,0.0304,0.00758796,-0.00393629,0.0,0.001,0.5
2009-05-01,Telcm_excess,0.0105,0.0049501,-0.00759733,0.0,0.001,0.5
2009-05-01,Shops_excess,-0.0093,0.0067585,0.03106691,0.03106691,0.001,0.5
2009-05-01,Hlth_excess,0.0621,0.00736994,0.00034615,0.00034615,0.001,0.5
2009-05-01,Utils_excess,0.0464,0.00558138,-0.01962351,0.0,0.001,0.5
2009-05-01,Other_excess,0.0716,0.00558877,-0.00648588,0.0,0.001,0.5
2009-06-01,NoDur_excess,0.0064,0.00638746,0.02920743,0.02920743,0.001,0.5
2009-06-01,Durbl_excess,0.0439,0.00713812,0.03010009,0.03010009,0.001,0.5
2009-06-01,Manuf_excess,-0.0174,0.00680586,0.01607448,0.01607448,0.001,0.5
2009-06-01,Enrgy_excess,-0.0479,0.00760384,-0.00977619,0.0,0.001,0.5
2009-06-01,HiTec_excess,0.0452,0.00761102,0.00513413,0.00513413,0.001,0.5
2009-06-01,Telcm_excess,0.0164,0.00495571,0.00071835,0.00071835,0.001,0.5
2009-06-01,Shops_excess,-0.003,0.00674226,0.04271944,0.04271944,0.001,0.5
2009-06-01,Hlth_excess,0.036,0.00742528,0.01195984,0.01195984,0.001,0.5
2009-06-01,Utils_excess,0.0463,0.00562265,-0.00150151,0.0,0.001,0.5
2009-06-01,Other_excess,-0.0201,0.00565551,0.01310491,0.01310491,0.001,0.5
2009-07-01,NoDur_excess,0.073,0.00638747,0.01331615,0.01331615,0.001,0.5
2009-07-01,Durbl_excess,0.1975,0.00717525,0.02132148,0.02132148,0.001,0.5
2009-07-01,Manuf_excess,0.1132,0.00678141,0.00647719,0.00647719,0.001,0.5
2009-07-01,Enrgy_excess,0.0534,0.00754778,-0.01612518,0.0,0.001,0.5
2009-07-01,HiTec_excess,0.0809,0.00764899,0.00015552,0.00015552,0.001,0.5
2009-07-01,Telcm_excess,0.0553,0.00496727,-0.00282255,0.0,0.001,0.5
2009-07-01,Shops_excess,0.0676,0.00673242,0.02407254,0.02407254,0.001,0.5
2009-07-01,Hlth_excess,0.0547,0.00745414,0.00121652,0.00121652,0.001,0.5
2009-07-01,Utils_excess,0.044,0.00566374,-0.01251831,0.0,0.001,0.5
2009-07-01,Other_excess,0.0916,0.00562949,0.00501405,0.00501405,0.001,0.5
2009-08-01,NoDur_excess,0.0073,0.00645469,0.02950018,0.02950018,0.001,0.5
2009-08-01,Durbl_excess,0.0249,0.00736731,0.03966554,0.03966554,0.001,0.5
2009-08-01,Manuf_excess,0.0296,0.0068888,0.02172651,0.02172651,0.001,0.5
2009-08-01,Enrgy_excess,0.0077,0.00759405,-0.00534066,0.0,0.001,0.5
2009-08-01,HiTec_excess,0.0226,0.00772291,0.01843497,0.01843497,0.001,0.5
2009-08-01,Telcm_excess,0.0072,0.00501806,0.0075531,0.0075531,0.001,0.5
2009-08-01,Shops_excess,0.037,0.00679384,0.03921547,0.03921547,0.001,0.5
2009-08-01,Hlth_excess,0.0219,0.00750182,0.0175861,0.0175861,0.001,0.5
2009-08-01,Utils_excess,0.0024,0.00570242,0.00752784,0.00752784,0.001,0.5
2009-08-01,Other_excess,0.0772,0.00571625,0.019331,0.019331,0.001,0.5
2009-09-01,NoDur_excess,0.0422,0.00645554,0.00940048,0.00940048,0.001,0.5
2009-09-01,Durbl_excess,0.0209,0.00738498,0.02296951,0.02296951,0.001,0.5
2009-09-01,Manuf_excess,0.0651,0.00691169,0.01271064,0.01271064,0.001,0.5
2009-09-01,Enrgy_excess,0.0511,0.00759415,-0.00756943,0.0,0.001,0.5
2009-09-01,HiTec_excess,0.0522,0.0077379,0.00757379,0.00757379,0.001,0.5
2009-09-01,Telcm_excess,0.0648,0.00502026,0.00038484,0.00038484,0.001,0.5
2009-09-01,Shops_excess,0.0239,0.00682429,0.01580352,0.01580352,0.001,0.5
2009-09-01,Hlth_excess,0.0217,0.00751633,0.00243084,0.00243084,0.001,0.5
2009-09-01,Utils_excess,0.0223,0.00569909,-0.0114951,0.0,0.001,0.5
2009-09-01,Other_excess,0.0311,0.00578831,0.0125071,0.0125071,0.001,0.5
2009-10-01,NoDur_excess,-0.0062,0.00649154,0.01261764,0.01261764,0.001,0.5
2009-10-01,Durbl_excess,-0.0061,0.00739859,0.02382577,0.02382577,0.001,0.5
2009-10-01,Manuf_excess,-0.0287,0.00697029,0.01528132,0.01528132,0.001,0.5
2009-10-01,Enrgy_excess,0.0248,0.00763797,-0.00286732,0.0,0.001,0.5
2009-10-01,HiTec_excess,-0.015,0.00778268,0.01189559,0.01189559,0.001,0.5
2009-10-01,Telcm_excess,-0.0398,0.00508046,0.00436732,0.00436732,0.001,0.5
2009-10-01,Shops_excess,0.0004,0.00684149,0.01805572,0.01805572,0.001,0.5
2009-10-01,Hlth_excess,-0.0347,0.00753061,0.00577906,0.00577906,0.001,0.5
2009-10-01,Utils_excess,-0.0271,0.00571581,-0.00560011,0.0,0.001,0.5
2009-10-01,Other_excess,-0.0545,0.0058138,0.01429114,0.01429114,0.001,0.5
2009-11-01,NoDur_excess,0.0386,0.00647877,0.00867437,0.00867437,0.001,0.5
2009-11-01,Durbl_excess,0.1037,0.00738501,0.0148145,0.0148145,0.001,0.5
2009-11-01,Manuf_excess,0.0761,0.00693441,0.01023689,0.01023689,0.001,0.5
2009-11-01,Enrgy_excess,0.0322,0.00765523,0.00554011,0.00554011,0.001,0.5
2009-11-01,HiTec_excess,0.0483,0.00775976,0.00925445,0.00925445,0.001,0.5
2009-11-01,Telcm_excess,0.0684,0.00503531,0.0012444,0.0012444,0.001,0.5
2009-11-01,Shops_excess,0.05,0.00683501,0.01234829,0.01234829,0.001,0.5
2009-11-01,Hlth_excess,0.0807,0.00748813,0.00597678,0.00597678,0.001,0.5
2009-11-01,Utils_excess,0.0458,0.0056828,0.0001042,0.0001042,0.001,0.5
2009-11-01,Other_excess,0.0596,0.00575312,0.00637785,0.00637785,0.001,0.5
2009-12-01,NoDur_excess,0.0263,0.00651106,0.00262842,0.00262842,0.001,0.5
2009-12-01,Durbl_excess,0.0564,0.00748181,0.01252315,0.01252315,0.001,0.5
2009-12-01,Manuf_excess,0.0286,0.00700392,0.00909703,0.00909703,0.001,0.5
2009-12-01,Enrgy_excess,-0.0053,0.0076799,0.00931561,0.00931561,0.001,0.5
2009-12-01,HiTec_excess,0.0597,0.0078005,0.00810936,0.00810936,0.001,0.5
2009-12-01,Telcm_excess,0.0641,0.00509899,0.00256704,0.00256704,0.001,0.5
2009-12-01,Shops_excess,0.0194,0.00687839,0.00469798,0.00469798,0.001,0.5
2009-12-01,Hlth_excess,0.0246,0.00756171,0.00280731,0.00280731,0.001,0.5
2009-12-01,Utils_excess,0.0586,0.00572312,-0.00272414,0.0,0.001,0.5
2009-12-01,Other_excess,0.0087,0.00580724,0.006855,0.006855,0.001,0.5
2010-01-01,NoDur_excess,-0.024,0.00653092,0.00713356,0.00713356,0.001,0.5
2010-01-01,Durbl_excess,-0.004,0.00753092,0.00981872,0.00981872,0.001,0.5
2010-01-01,Manuf_excess,-0.0331,0.0070256,0.00747809,0.00747809,0.001,0.5
2010-01-01,Enrgy_excess,-0.0485,0.00766687,0.01267829,0.01267829,0.001,0.5
2010-01-01,HiTec_excess,-0.0781,0.00785261,0.01199264,0.01199264,0.001,0.5
2010-01-01,Telcm_excess,-0.0677,0.00515823,0.00168767,0.00168767,0.001,0.5
2010-01-01,Shops_excess,-0.0183,0.00689096,0.00966184,0.00966184,0.001,0.5
2010-01-01,Hlth_excess,-0.0001,0.00757882,0.00933276,0.00933276,0.001,0.5
2010-01-01,Utils_excess,-0.0445,0.0057762,0.00663579,0.00663579,0.001,0.5
2010-01-01,Other_excess,-0.0053,0.00581014,0.00362451,0.00362451,0.001,0.5
2010-02-01,NoDur_excess,0.0266,0.0065003,0.00196843,0.00196843,0.001,0.5
2010-02-01,Durbl_excess,0.0739,0.00751936,0.01179449,0.01179449,0.001,0.5
2010-02-01,Manuf_excess,0.0521,0.00698536,0.00819174,0.00819174,0.001,0.5
2010-02-01,Enrgy_excess,0.0259,0.00761053,0.0131694,0.0131694,0.001,0.5
2010-02-01,HiTec_excess,0.0479,0.0077664,0.00718958,0.00718958,0.001,0.5
2010-02-01,Telcm_excess,0.0276,0.00508516,0.00399189,0.00399189,0.001,0.5
2010-02-01,Shops_excess,0.0429,0.0068657,0.00336756,0.00336756,0.001,0.5
2010-02-01,Hlth_excess,0.0038,0.00757111,0.00280612,0.00280612,0.001,0.5
2010-02-01,Utils_excess,-0.0042,0.00572578,0.001587,0.001587,0.001,0.5
2010-02-01,Other_excess,0.0361,0.005799,0.00742367,0.00742367,0.001,0.5
2010-03-01,NoDur_excess,0.0579,0.00652044,0.00549712,0.00549712,0.001,0.5
2010-03-01,Durbl_excess,0.0937,0.00758587,0.01325366,0.01325366,0.001,0.5
2010-03-01,Manuf_excess,0.0649,0.00703056,0.0091311,0.0091311,0.001,0.5
2010-03-01,Enrgy_excess,0.0319,0.00762886,0.01431379,0.01431379,0.001,0.5
2010-03-01,HiTec_excess,0.0667,0.00780661,0.00993722,0.00993722,0.001,0.5
2010-03-01,Telcm_excess,0.0762,0.00510772,0.00400413,0.00400413,0.001,0.5
2010-03-01,Shops_excess,0.0624,0.0069018,0.00748895,0.00748895,0.001,0.5
2010-03-01,Hlth_excess,0.0362,0.00756733,0.00701952,0.00701952,0.001,0.5
2010-03-01,Utils_excess,0.0311,0.00571583,0.00599663,0.00599663,0.001,0.5
2010-03-01,Other_excess,0.0809,0.00582936,0.00777669,0.00777669,0.001,0.5
2010-04-01,NoDur_excess,-0.0103,0.00657187,0.0074496,0.0074496,0.001,0.5
2010-04-01,Durbl_excess,0.0726,0.00767207,0.01521923,0.01521923,0.001,0.5
2010-04-01,Manuf_excess,0.0317,0.00708849,0.00882872,0.00882872,0.001,0.5
2010-04-01,Enrgy_excess,0.0407,0.00765315,0.01490149,0.01490149,0.001,0.5
2010-04-01,HiTec_excess,0.0226,0.00786557,0.01051023,0.01051023,0.001,0.5
2010-04-01,Telcm_excess,0.034,0.00517888,0.00496382,0.00496382,0.001,0.5
2010-04-01,Shops_excess,0.0251,0.00695736,0.0100829,0.0100829,0.001,0.5
2010-04-01,Hlth_excess,-0.0219,0.007596,0.0072188,0.0072188,0.001,0.5
2010-04-01,Utils_excess,0.0284,0.00574124,0.0089233,0.0089233,0.001,0.5
2010-04-01,Other_excess,0.018,0.0059045,0.01019248,0.01019248,0.001,0.5
2010-05-01,NoDur_excess,-0.0574,0.006555,0.01084548,0.01084548,0.001,0.5
2010-05-01,Durbl_excess,-0.0908,0.007737,0.02320423,0.02320423,0.001,0.5
2010-05-01,Manuf_excess,-0.0844,0.0071131,0.0137808,0.0137808,0.001,0.5
2010-05-01,Enrgy_excess,-0.1024,0.0076862,0.01783333,0.01783333,0.001,0.5
2010-05-01,HiTec_excess,-0.0777,0.0078803,0.01428695,0.01428695,0.001,0.5
2010-05-01,Telcm_excess,-0.0586,0.0052077,0.00971559,0.00971559,0.001,0.5
2010-05-01,Shops_excess,-0.0542,0.0069755,0.01423113,0.01423113,0.001,0.5
2010-05-01,Hlth_excess,-0.0809,0.0075665,0.00979809,0.00979809,0.001,0.5
2010-05-01,Utils_excess,-0.0631,0.0057639,0.0124295,0.0124295,0.001,0.5
2010-05-01,Other_excess,-0.0876,0.0059166,0.01651336,0.01651336,0.001,0.5
2010-06-01,NoDur_excess,-0.0192,0.00649111,-0.0072725,0.0,0.001,0.5
2010-06-01,Durbl_excess,-0.1069,0.00763856,0.00698886,0.00698886,0.001,0.5
2010-06-01,Manuf_excess,-0.0581,0.00702168,0.00459883,0.00459883,0.001,0.5
2010-06-01,Enrgy_excess,-0.0627,0.00757622,0.01316639,0.01316639,0.001,0.5
2010-06-01,HiTec_excess,-0.0616,0.00779481,0.00304736,0.00304736,0.001,0.5
2010-06-01,Telcm_excess,-0.0385,0.00514396,1.319e-05,1.319e-05,0.001,0.5
2010-06-01,Shops_excess,-0.0912,0.00691439,-0.00933985,0.0,0.001,0.5
2010-06-01,Hlth_excess,-0.0167,0.00747812,-0.00360263,0.0,0.001,0.5
2010-06-01,Utils_excess,-0.0072,0.0056951,-0.00599575,0.0,0.001,0.5
2010-06-01,Other_excess,-0.0651,0.00582318,0.00122816,0.00122816,0.001,0.5
2010-07-01,NoDur_excess,0.0735,0.00646547,0.01577426,0.01577426,0.001,0.5
2010-07-01,Durbl_excess,0.1537,0.00752425,0.02569281,0.02569281,0.001,0.5
2010-07-01,Manuf_excess,0.098,0.00695669,0.01717477,0.01717477,0.001,0.5
2010-07-01,Enrgy_excess,0.0768,0.00750609,0.01934449,0.01934449,0.001,0.5
2010-07-01,HiTec_excess,0.0725,0.00772555,0.0167828,0.0167828,0.001,0.5
2010-07-01,Telcm_excess,0.0958,0.0051004,0.01114536,0.01114536,0.001,0.5
2010-07-01,Shops_excess,0.046,0.00681647,0.02004241,0.02004241,0.001,0.5
2010-07-01,Hlth_excess,0.0213,0.00745399,0.015497,0.015497,0.001,0.5
2010-07-01,Utils_excess,0.068,0.00568224,0.01914605,0.01914605,0.001,0.5
2010-07-01,Other_excess,0.0677,0.0057524,0.01820749,0.01820749,0.001,0.5
2010-08-01,NoDur_excess,-0.0118,0.0065323,0.01096827,0.01096827,0.001,0.5
2010-08-01,Durbl_excess,-0.0959,0.00766999,0.01918571,0.01918571,0.001,0.5
2010-08-01,Manuf_excess,-0.0558,0.00704746,0.01320362,0.01320362,0.001,0.5
2010-08-01,Enrgy_excess,-0.0345,0.00757517,0.0180975,0.0180975,0.001,0.5
2010-08-01,HiTec_excess,-0.0654,0.00779013,0.01362035,0.01362035,0.001,0.5
2010-08-01,Telcm_excess,-0.02,0.00519083,0.00769171,0.00769171,0.001,0.5
2010-08-01,Shops_excess,-0.0398,0.00685553,0.01427828,0.01427828,0.001,0.5
2010-08-01,Hlth_excess,-0.0171,0.0074678,0.01207072,0.01207072,0.001,0.5
2010-08-01,Utils_excess,0.0035,0.00574437,0.01406144,0.01406144,0.001,0.5
2010-08-01,Other_excess,-0.0711,0.00581416,0.01235205,0.01235205,0.001,0.5
2010-09-01,NoDur_excess,0.0614,0.00651404,0.01020203,0.01020203,0.001,0.5
2010-09-01,Durbl_excess,0.1307,0.00756683,0.02114093,0.02114093,0.001,0.5
2010-09-01,Manuf_excess,0.1015,0.00698486,0.01596277,0.01596277,0.001,0.5
2010-09-01,Enrgy_excess,0.0919,0.00753327,0.01910021,0.01910021,0.001,0.5
2010-09-01,HiTec_excess,0.1254,0.00771723,0.01388578,0.01388578,0.001,0.5
2010-09-01,Telcm_excess,0.0787,0.00516574,0.01097967,0.01097967,0.001,0.5
2010-09-01,Shops_excess,0.1214,0.00680906,0.01268277,0.01268277,0.001,0.5
2010-09-01,Hlth_excess,0.0899,0.00744333,0.0102043,0.0102043,0.001,0.5
2010-09-01,Utils_excess,0.0364,0.00574213,0.01213635,0.01213635,0.001,0.5
2010-09-01,Other_excess,0.085,0.00573755,0.01668815,0.01668815,0.001,0.5
2010-10-01,NoDur_excess,0.0439,0.00656866,0.0040986,0.0040986,0.001,0.5
2010-10-01,Durbl_excess,0.0853,0.00768935,0.00950233,0.00950233,0.001,0.5
2010-10-01,Manuf_excess,0.0516,0.00707891,0.00952866,0.00952866,0.001,0.5
2010-10-01,Enrgy_excess,0.0457,0.00761721,0.01735089,0.01735089,0.001,0.5
2010-10-01,HiTec_excess,0.064,0.00783433,0.00937197,0.00937197,0.001,0.5
2010-10-01,Telcm_excess,0.0455,0.00523891,0.00289043,0.00289043,0.001,0.5
2010-10-01,Shops_excess,0.024,0.00692308,0.00594786,0.00594786,0.001,0.5
2010-10-01,Hlth_excess,0.0193,0.00752537,0.00773926,0.00773926,0.001,0.5
2010-10-01,Utils_excess,0.0185,0.00577264,0.00605089,0.00605089,0.001,0.5
2010-10-01,Other_excess,0.0202,0.00581642,0.00585364,0.00585364,0.001,0.5
2010-11-01,NoDur_excess,-0.0008,0.00660577,0.00436292,0.00436292,0.001,0.5
2010-11-01,Durbl_excess,0.0731,0.0077665,0.00953545,0.00953545,0.001,0.5
2010-11-01,Manuf_excess,0.0147,0.00712316,0.00868211,0.00868211,0.001,0.5
2010-11-01,Enrgy_excess,0.055,0.00765507,0.01695622,0.01695622,0.001,0.5
2010-11-01,HiTec_excess,-0.0074,0.00789016,0.00954345,0.00954345,0.001,0.5
2010-11-01,Telcm_excess,-0.019,0.00527893,0.00297389,0.00297389,0.001,0.5
2010-11-01,Shops_excess,0.0417,0.00694006,0.00619844,0.00619844,0.001,0.5
2010-11-01,Hlth_excess,-0.0335,0.00753708,0.00760568,0.00760568,0.001,0.5
2010-11-01,Utils_excess,-0.0137,0.00578529,0.0066807,0.0066807,0.001,0.5
2010-11-01,Other_excess,0.0048,0.00583072,0.00501842,0.00501842,0.001,0.5
2010-12-01,NoDur_excess,0.0434,0.00659841,0.0058058,0.0058058,0.001,0.5
2010-12-01,Durbl_excess,0.0889,0.00783138,0.01380026,0.01380026,0.001,0.5
2010-12-01,Manuf_excess,0.0698,0.00713069,0.00988247,0.00988247,0.001,0.5
2010-12-01,Enrgy_excess,0.094,0.00770209,0.01778209,0.01778209,0.001,0.5
2010-12-01,HiTec_excess,0.0597,0.00787498,0.01077763,0.01077763,0.001,0.5
2010-12-01,Telcm_excess,0.0658,0.00525482,0.00482745,0.00482745,0.001,0.5
2010-12-01,Shops_excess,0.032,0.00697458,0.00779469,0.00779469,0.001,0.5
2010-12-01,Hlth_excess,0.0544,0.00749633,0.00829507,0.00829507,0.001,0.5
2010-12-01,Utils_excess,0.0322,0.00576594,0.00861848,0.00861848,0.001,0.5
2010-12-01,Other_excess,0.0922,0.00582969,0.00714539,0.00714539,0.001,0.5
2011-01-01,NoDur_excess,-0.0238,0.00663492,0.01094423,0.01094423,0.001,0.5
2011-01-01,Durbl_excess,-0.0025,0.00791181,0.01735321,0.01735321,0.001,0.5
2011-01-01,Manuf_excess,0.03,0.00719286,0.01199289,0.01199289,0.001,0.5
2011-01-01,Enrgy_excess,0.0692,0.0077877,0.02015243,0.02015243,0.001,0.5
2011-01-01,HiTec_excess,0.0391,0.00792639,0.01286805,0.01286805,0.001,0.5
2011-01-01,Telcm_excess,0.0004,0.00531488,0.00671706,0.00671706,0.001,0.5
2011-01-01,Shops_excess,-0.0087,0.0069994,0.01458818,0.01458818,0.001,0.5
2011-01-01,Hlth_excess,-0.0073,0.00754286,0.01186948,0.01186948,0.001,0.5
2011-01-01,Utils_excess,0.0217,0.00579216,0.01435578,0.01435578,0.001,0.5
2011-01-01,Other_excess,0.0209,0.00591538,0.01046674,0.01046674,0.001,0.5
2011-02-01,NoDur_excess,0.0471,0.00660476,-0.00053615,0.0,0.001,0.5
2011-02-01,Durbl_excess,-0.0216,0.00790149,0.00803023,0.00803023,0.001,0.5
2011-02-01,Manuf_excess,0.0342,0.00721546,0.00635785,0.00635785,0.001,0.5
2011-02-01,Enrgy_excess,0.0762,0.00784856,0.01720976,0.01720976,0.001,0.5
2011-02-01,HiTec_excess,0.024,0.00795728,0.00630439,0.00630439,0.001,0.5
2011-02-01,Telcm_excess,0.0739,0.00531001,0.00268247,0.00268247,0.001,0.5
2011-02-01,Shops_excess,0.0225,0.00698385,6.395e-05,6.395e-05,0.001,0.5
2011-02-01,Hlth_excess,0.0332,0.00752815,0.00186655,0.00186655,0.001,0.5
2011-02-01,Utils_excess,0.0241,0.00580793,0.00206324,0.00206324,0.001,0.5
2011-02-01,Other_excess,0.0294,0.00593023,0.00377935,0.00377935,0.001,0.5
2011-03-01,NoDur_excess,0.0302,0.00664485,0.00707416,0.00707416,0.001,0.5
2011-03-01,Durbl_excess,0.0186,0.00787228,0.01644152,0.01644152,0.001,0.5
2011-03-01,Manuf_excess,0.0183,0.00724218,0.01205809,0.01205809,0.001,0.5
2011-03-01,Enrgy_excess,0.021,0.00791624,0.02059225,0.02059225,0.001,0.5
2011-03-01,HiTec_excess,-0.0144,0.00797317,0.01076986,0.01076986,0.001,0.5
2011-03-01,Telcm_excess,0.0167,0.00537792,0.00855698,0.00855698,0.001,0.5
2011-03-01,Shops_excess,0.0109,0.00699921,0.00918186,0.00918186,0.001,0.5
2011-03-01,Hlth_excess,0.0225,0.00755356,0.00689461,0.00689461,0.001,0.5
2011-03-01,Utils_excess,0.0091,0.00582604,0.00983056,0.00983056,0.001,0.5
2011-03-01,Other_excess,-0.0111,0.00595347,0.01187805,0.01187805,0.001,0.5
2011-04-01,NoDur_excess,0.0461,0.00666815,-0.00077169,0.0,0.001,0.5
2011-04-01,Durbl_excess,0.0278,0.00788289,0.00751795,0.00751795,0.001,0.5
2011-04-01,Manuf_excess,0.0291,0.00725312,0.00706424,0.00706424,0.001,0.5
2011-04-01,Enrgy_excess,0.0158,0.00792918,0.01867758,0.01867758,0.001,0.5
2011-04-01,HiTec_excess,0.0312,0.00795104,0.00306839,0.00306839,0.001,0.5
2011-04-01,Telcm_excess,0.0326,0.00538912,0.0037208,0.0037208,0.001,0.5
2011-04-01,Shops_excess,0.0451,0.00700307,-0.00086858,0.0,0.001,0.5
2011-04-01,Hlth_excess,0.0625,0.00756835,-0.00036521,0.0,0.001,0.5
2011-04-01,Utils_excess,0.04,0.00582928,0.00155825,0.00155825,0.001,0.5
2011-04-01,Other_excess,0.0106,0.0059366,0.00465805,0.00465805,0.001,0.5
2011-05-01,NoDur_excess,0.0204,0.00670711,0.00952104,0.00952104,0.001,0.5
2011-05-01,Durbl_excess,-0.0358,0.00790257,0.01874419,0.01874419,0.001,0.5
2011-05-01,Manuf_excess,-0.0217,0.0072747,0.01444719,0.01444719,0.001,0.5
2011-05-01,Enrgy_excess,-0.0451,0.00793696,0.02205123,0.02205123,0.001,0.5
2011-05-01,HiTec_excess,-0.0176,0.00797401,0.01139462,0.01139462,0.001,0.5
2011-05-01,Telcm_excess,0.0077,0.00541601,0.01005774,0.01005774,0.001,0.5
2011-05-01,Shops_excess,0.0088,0.00704071,0.01216664,0.01216664,0.001,0.5
2011-05-01,Hlth_excess,0.0199,0.00762263,0.00817576,0.00817576,0.001,0.5
2011-05-01,Utils_excess,0.0132,0.00586304,0.0115785,0.0115785,0.001,0.5
2011-05-01,Other_excess,-0.0264,0.00594121,0.01421853,0.01421853,0.001,0.5
2011-06-01,NoDur_excess,-0.0107,0.00672063,0.00843904,0.00843904,0.001,0.5
2011-06-01,Durbl_excess,-0.0109,0.00785943,0.01805466,0.01805466,0.001,0.5
2011-06-01,Manuf_excess,-0.006,0.0072461,0.01428992,0.01428992,0.001,0.5
2011-06-01,Enrgy_excess,-0.0231,0.0078846,0.02097061,0.02097061,0.001,0.5
2011-06-01,HiTec_excess,-0.0246,0.00794877,0.01145681,0.01145681,0.001,0.5
2011-06-01,Telcm_excess,-0.0138,0.00541826,0.01010202,0.01010202,0.001,0.5
2011-06-01,Shops_excess,-0.0088,0.00704245,0.01035165,0.01035165,0.001,0.5
2011-06-01,Hlth_excess,-0.0187,0.00763475,0.00788112,0.00788112,0.001,0.5
2011-06-01,Utils_excess,-0.0034,0.00587029,0.00988713,0.00988713,0.001,0.5
2011-06-01,Other_excess,-0.0211,0.00590928,0.01369929,0.01369929,0.001,0.5
2011-07-01,NoDur_excess,-0.0042,0.00670345,0.00268031,0.00268031,0.001,0.5
2011-07-01,Durbl_excess,-0.0903,0.00784093,0.00928618,0.00928618,0.001,0.5
2011-07-01,Manuf_excess,-0.048,0.00723304,0.00870379,0.00870379,0.001,0.5
2011-07-01,Enrgy_excess,0.0049,0.00785404,0.01840463,0.01840463,0.001,0.5
2011-07-01,HiTec_excess,-0.0053,0.00791667,0.00916883,0.00916883,0.001,0.5
2011-07-01,Telcm_excess,-0.0498,0.00539931,0.00335434,0.00335434,0.001,0.5
2011-07-01,Shops_excess,-0.0064,0.00702682,0.002553,0.002553,0.001,0.5
2011-07-01,Hlth_excess,-0.0367,0.00760878,0.00596232,0.00596232,0.001,0.5
2011-07-01,Utils_excess,-0.0033,0.00586114,0.00450261,0.00450261,0.001,0.5
2011-07-01,Other_excess,-0.0364,0.00588264,0.00405398,0.00405398,0.001,0.5
2011-08-01,NoDur_excess,-0.0067,0.00669271,0.01607464,0.01607464,0.001,0.5
2011-08-01,Durbl_excess,-0.1224,0.00774424,0.02471128,0.02471128,0.001,0.5
2011-08-01,Manuf_excess,-0.0617,0.00717862,0.01825103,0.01825103,0.001,0.5
2011-08-01,Enrgy_excess,-0.0992,0.00785113,0.02266907,0.02266907,0.001,0.5
2011-08-01,HiTec_excess,-0.0678,0.00790365,0.01684121,0.01684121,0.001,0.5
2011-08-01,Telcm_excess,-0.0505,0.00534493,0.01375153,0.01375153,0.001,0.5
2011-08-01,Shops_excess,-0.0289,0.0070136,0.01972041,0.01972041,0.001,0.5
2011-08-01,Hlth_excess,-0.0314,0.00756512,0.01496873,0.01496873,0.001,0.5
2011-08-01,Utils_excess,0.0019,0.00585212,0.01885818,0.01885818,0.001,0.5
2011-08-01,Other_excess,-0.0817,0.00584099,0.01850795,0.01850795,0.001,0.5
2011-09-01,NoDur_excess,-0.0487,0.00667953,-0.00452212,0.0,0.001,0.5
2011-09-01,Durbl_excess,-0.1385,0.00761614,0.00384324,0.00384324,0.001,0.5
2011-09-01,Manuf_excess,-0.1102,0.00711083,0.0069345,0.0069345,0.001,0.5
2011-09-01,Enrgy_excess,-0.1223,0.00774577,0.0159581,0.0159581,0.001,0.5
2011-09-01,HiTec_excess,-0.0478,0.00782913,-0.00203953,0.0,0.001,0.5
2011-09-01,Telcm_excess,-0.0572,0.00528996,0.00143179,0.00143179,0.001,0.5
2011-09-01,Shops_excess,-0.0389,0.00697825,-0.01001629,0.0,0.001,0.5
2011-09-01,Hlth_excess,-0.0397,0.00752677,-0.00153858,0.0,0.001,0.5
2011-09-01,Utils_excess,-0.0161,0.00584823,-0.00034002,0.0,0.001,0.5
2011-09-01,Other_excess,-0.1109,0.00575482,-0.00186228,0.0,0.001,0.5
2011-10-01,NoDur_excess,0.063,0.00662507,0.01264703,0.01264703,0.001,0.5
2011-10-01,Durbl_excess,0.2307,0.00747247,0.01784928,0.01784928,0.001,0.5
2011-10-01,Manuf_excess,0.1417,0.00699548,0.01518833,0.01518833,0.001,0.5
2011-10-01,Enrgy_excess,0.1625,0.0076179,0.01810213,0.01810213,0.001,0.5
2011-10-01,HiTec_excess,0.118,0.00777443,0.01309016,0.01309016,0.001,0.5
2011-10-01,Telcm_excess,0.0761,0.00522852,0.01176628,0.01176628,0.001,0.5
2011-10-01,Shops_excess,0.0975,0.00693314,0.01527652,0.01527652,0.001,0.5
2011-10-01,Hlth_excess,0.0552,0.00748033,0.01305254,0.01305254,0.001,0.5
2011-10-01,Utils_excess,0.067,0.00582665,0.01809937,0.01809937,0.001,0.5
2011-10-01,Other_excess,0.1358,0.00564012,0.0136921,0.0136921,0.001,0.5
2011-11-01,NoDur_excess,0.0144,0.00668045,0.01529583,0.01529583,0.001,0.5
2011-11-01,Durbl_excess,-0.0868,0.00769175,0.01751699,0.01751699,0.001,0.5
2011-11-01,Manuf_excess,0.0138,0.0071278,0.01524562,0.01524562,0.001,0.5
2011-11-01,Enrgy_excess,0.0215,0.00777004,0.02309752,0.02309752,0.001,0.5
2011-11-01,HiTec_excess,-0.0198,0.00788271,0.01471142,0.01471142,0.001,0.5
2011-11-01,Telcm_excess,0.003,0.00529813,0.00790846,0.00790846,0.001,0.5
2011-11-01,Shops_excess,0.0107,0.0070221,0.01875928,0.01875928,0.001,0.5
2011-11-01,Hlth_excess,0.013,0.00752721,0.0174536,0.0174536,0.001,0.5
2011-11-01,Utils_excess,0.0101,0.00588674,0.0218458,0.0218458,0.001,0.5
2011-11-01,Other_excess,-0.0204,0.00576798,0.00972746,0.00972746,0.001,0.5
2011-12-01,NoDur_excess,0.0189,0.00668803,-0.00996964,0.0,0.001,0.5
2011-12-01,Durbl_excess,-0.0103,0.00759902,-0.00516447,0.0,0.001,0.5
2011-12-01,Manuf_excess,-0.0079,0.00713435,0.00240656,0.00240656,0.001,0.5
2011-12-01,Enrgy_excess,-0.0035,0.00778351,0.01302416,0.01302416,0.001,0.5
2011-12-01,HiTec_excess,-0.0143,0.00785554,0.00138118,0.00138118,0.001,0.5
2011-12-01,Telcm_excess,0.0312,0.00529588,-0.00296567,0.0,0.001,0.5
2011-12-01,Shops_excess,0.009,0.00702571,-0.01312569,0.0,0.001,0.5
2011-12-01,Hlth_excess,0.0347,0.00753258,-0.00276509,0.0,0.001,0.5
2011-12-01,Utils_excess,0.0291,0.00589087,-0.00876078,0.0,0.001,0.5
2011-12-01,Other_excess,0.0147,0.0057423,-0.00667577,0.0,0.001,0.5
2012-01-01,NoDur_excess,0.0039,0.0067,0.02347189,0.02347189,0.001,0.5
2012-01-01,Durbl_excess,0.1366,0.00758147,0.02734641,0.02734641,0.001,0.5
2012-01-01,Manuf_excess,0.0678,0.00711961,0.02385244,0.02385244,0.001,0.5
2012-01-01,Enrgy_excess,0.0101,0.00777245,0.02610539,0.02610539,0.001,0.5
2012-01-01,HiTec_excess,0.0847,0.00783382,0.02188937,0.02188937,0.001,0.5
2012-01-01,Telcm_excess,0.0237,0.00532127,0.0154864,0.0154864,0.001,0.5
2012-01-01,Shops_excess,0.0406,0.00702765,0.03010242,0.03010242,0.001,0.5
2012-01-01,Hlth_excess,0.0343,0.00755922,0.02325523,0.02325523,0.001,0.5
2012-01-01,Utils_excess,-0.0271,0.00591363,0.02716661,0.02716661,0.001,0.5
2012-01-01,Other_excess,0.0723,0.00575108,0.02170833,0.02170833,0.001,0.5
2012-02-01,NoDur_excess,0.0393,0.00669726,0.01440508,0.01440508,0.001,0.5
2012-02-01,Durbl_excess,0.0595,0.00770784,0.01783741,0.01783741,0.001,0.5
2012-02-01,Manuf_excess,0.0389,0.00717904,0.01817134,0.01817134,0.001,0.5
2012-02-01,Enrgy_excess,0.0652,0.00777473,0.02293652,0.02293652,0.001,0.5
2012-02-01,HiTec_excess,0.0663,0.00790911,0.01476179,0.01476179,0.001,0.5
2012-02-01,Telcm_excess,0.0507,0.00533928,0.01048815,0.01048815,0.001,0.5
2012-02-01,Shops_excess,0.0312,0.00706053,0.02014901,0.02014901,0.001,0.5
2012-02-01,Hlth_excess,0.0125,0.00758541,0.01533187,0.01533187,0.001,0.5
2012-02-01,Utils_excess,0.013,0.00588129,0.01686743,0.01686743,0.001,0.5
2012-02-01,Other_excess,0.042,0.00581626,0.01512613,0.01512613,0.001,0.5
2012-03-01,NoDur_excess,0.039,0.00672916,0.01323781,0.01323781,0.001,0.5
2012-03-01,Durbl_excess,0.0138,0.00775851,0.01534852,0.01534852,0.001,0.5
2012-03-01,Manuf_excess,0.0063,0.00721008,0.01676956,0.01676956,0.001,0.5
2012-03-01,Enrgy_excess,-0.0327,0.00783092,0.02312834,0.02312834,0.001,0.5
2012-03-01,HiTec_excess,0.0465,0.00796624,0.01397682,0.01397682,0.001,0.5
2012-03-01,Telcm_excess,0.0238,0.00538366,0.00879694,0.00879694,0.001,0.5
2012-03-01,Shops_excess,0.0466,0.00708415,0.01833322,0.01833322,0.001,0.5
2012-03-01,Hlth_excess,0.0395,0.00759022,0.0142617,0.0142617,0.001,0.5
2012-03-01,Utils_excess,0.0148,0.00588826,0.01513624,0.01513624,0.001,0.5
2012-03-01,Other_excess,0.0491,0.00585166,0.01290705,0.01290705,0.001,0.5
2012-04-01,NoDur_excess,0.0081,0.0067607,0.00096451,0.00096451,0.001,0.5
2012-04-01,Durbl_excess,-0.073,0.00776442,0.00155779,0.00155779,0.001,0.5
2012-04-01,Manuf_excess,-0.0075,0.00720919,0.00763673,0.00763673,0.001,0.5
2012-04-01,Enrgy_excess,-0.0157,0.0077913,0.01732826,0.01732826,0.001,0.5
2012-04-01,HiTec_excess,-0.021,0.00800391,0.00493195,0.00493195,0.001,0.5
2012-04-01,Telcm_excess,0.0169,0.00540166,0.00187044,0.00187044,0.001,0.5
2012-04-01,Shops_excess,0.0095,0.00712278,0.00250861,0.00250861,0.001,0.5
2012-04-01,Hlth_excess,0.006,0.00762141,0.00390162,0.00390162,0.001,0.5
2012-04-01,Utils_excess,0.017,0.00589697,0.00183927,0.00183927,0.001,0.5
2012-04-01,Other_excess,-0.0168,0.00589394,0.00256582,0.00256582,0.001,0.5
2012-05-01,NoDur_excess,-0.0268,0.00676201,0.01036403,0.01036403,0.001,0.5
2012-05-01,Durbl_excess,-0.0783,0.00768555,0.0159417,0.0159417,0.001,0.5
2012-05-01,Manuf_excess,-0.0782,0.00719482,0.01622127,0.01622127,0.001,0.5
2012-05-01,Enrgy_excess,-0.1058,0.00776836,0.01953908,0.01953908,0.001,0.5
2012-05-01,HiTec_excess,-0.0781,0.00797559,0.01332957,0.01332957,0.001,0.5
2012-05-01,Telcm_excess,-0.0078,0.00541289,0.0102124,0.0102124,0.001,0.5
2012-05-01,Shops_excess,-0.0304,0.0071251,0.01404536,0.01404536,0.001,0.5
2012-05-01,Hlth_excess,-0.0325,0.00761982,0.01142216,0.01142216,0.001,0.5
2012-05-01,Utils_excess,-0.0089,0.00590781,0.01077581,0.01077581,0.001,0.5
2012-05-01,Other_excess,-0.0773,0.00587178,0.01424026,0.01424026,0.001,0.5
2012-06-01,NoDur_excess,0.0344,0.00672927,0.01183546,0.01183546,0.001,0.5
2012-06-01,Durbl_excess,-0.0543,0.00760166,0.01847877,0.01847877,0.001,0.5
2012-06-01,Manuf_excess,0.0118,0.00711151,0.01771726,0.01771726,0.001,0.5
2012-06-01,Enrgy_excess,0.0578,0.00765756,0.01877064,0.01877064,0.001,0.5
2012-06-01,HiTec_excess,0.0293,0.00789161,0.0160089,0.0160089,0.001,0.5
2012-06-01,Telcm_excess,0.0702,0.0054,0.01194186,0.01194186,0.001,0.5
2012-06-01,Shops_excess,0.0217,0.00708849,0.01587547,0.01587547,0.001,0.5
2012-06-01,Hlth_excess,0.0684,0.00758068,0.01394985,0.01394985,0.001,0.5
2012-06-01,Utils_excess,0.0342,0.00589337,0.01186779,0.01186779,0.001,0.5
2012-06-01,Other_excess,0.0491,0.00579063,0.01611024,0.01611024,0.001,0.5
2012-07-01,NoDur_excess,0.014,0.00675624,0.01546505,0.01546505,0.001,0.5
2012-07-01,Durbl_excess,-0.0035,0.00754133,0.01552535,0.01552535,0.001,0.5
2012-07-01,Manuf_excess,0.0093,0.00711608,0.01785932,0.01785932,0.001,0.5
2012-07-01,Enrgy_excess,0.0281,0.00770643,0.02220419,0.02220419,0.001,0.5
2012-07-01,HiTec_excess,-0.001,0.00791248,0.01648861,0.01648861,0.001,0.5
2012-07-01,Telcm_excess,0.0415,0.00546316,0.00886989,0.00886989,0.001,0.5
2012-07-01,Shops_excess,0.0122,0.00710273,0.02044543,0.02044543,0.001,0.5
2012-07-01,Hlth_excess,0.0163,0.00763996,0.01804817,0.01804817,0.001,0.5
2012-07-01,Utils_excess,0.035,0.00592096,0.01676987,0.01676987,0.001,0.5
2012-07-01,Other_excess,-0.0123,0.00583285,0.01352833,0.01352833,0.001,0.5
2012-08-01,NoDur_excess,0.0011,0.00676329,0.02901178,0.02901178,0.001,0.5
2012-08-01,Durbl_excess,0.0424,0.00753057,0.03262291,0.03262291,0.001,0.5
2012-08-01,Manuf_excess,0.0324,0.00711821,0.02828537,0.02828537,0.001,0.5
2012-08-01,Enrgy_excess,0.0235,0.00772629,0.0270123,0.0270123,0.001,0.5
2012-08-01,HiTec_excess,0.0479,0.0079038,0.0261199,0.0261199,0.001,0.5
2012-08-01,Telcm_excess,0.0096,0.00549825,0.0189157,0.0189157,0.001,0.5
2012-08-01,Shops_excess,0.0275,0.00710769,0.0382729,0.0382729,0.001,0.5
2012-08-01,Hlth_excess,0.0096,0.00764839,0.0278846,0.0278846,0.001,0.5
2012-08-01,Utils_excess,-0.0347,0.00594927,0.03036078,0.03036078,0.001,0.5
2012-08-01,Other_excess,0.0312,0.00581519,0.02778837,0.02778837,0.001,0.5
2012-09-01,NoDur_excess,0.0093,0.00675778,0.00580907,0.00580907,0.001,0.5
2012-09-01,Durbl_excess,0.0339,0.00756449,0.00531313,0.00531313,0.001,0.5
2012-09-01,Manuf_excess,0.0169,0.0071428,0.01125343,0.01125343,0.001,0.5
2012-09-01,Enrgy_excess,0.038,0.00774163,0.01744561,0.01744561,0.001,0.5
2012-09-01,HiTec_excess,0.012,0.0079427,0.00860992,0.00860992,0.001,0.5
2012-09-01,Telcm_excess,0.0485,0.00550224,0.00601642,0.00601642,0.001,0.5
2012-09-01,Shops_excess,0.0191,0.00712753,0.00929923,0.00929923,0.001,0.5
2012-09-01,Hlth_excess,0.0467,0.00765029,0.0086654,0.0086654,0.001,0.5
2012-09-01,Utils_excess,0.021,0.00590973,0.00614146,0.00614146,0.001,0.5
2012-09-01,Other_excess,0.0382,0.00583988,0.00729889,0.00729889,0.001,0.5
2012-10-01,NoDur_excess,-0.0169,0.00676025,0.00594809,0.00594809,0.001,0.5
2012-10-01,Durbl_excess,0.063,0.00759009,0.00537794,0.00537794,0.001,0.5
2012-10-01,Manuf_excess,-0.0061,0.00715228,0.010894,0.010894,0.001,0.5
2012-10-01,Enrgy_excess,-0.0187,0.00777104,0.01732894,0.01732894,0.001,0.5
2012-10-01,HiTec_excess,-0.0635,0.00794665,0.00875906,0.00875906,0.001,0.5
2012-10-01,Telcm_excess,-0.0244,0.00554402,0.00555335,0.00555335,0.001,0.5
2012-10-01,Shops_excess,-0.0104,0.00713916,0.00929132,0.00929132,0.001,0.5
2012-10-01,Hlth_excess,-0.0193,0.00768824,0.0091946,0.0091946,0.001,0.5
2012-10-01,Utils_excess,0.0108,0.00592439,0.00640063,0.00640063,0.001,0.5
2012-10-01,Other_excess,0.0092,0.00587133,0.00679302,0.00679302,0.001,0.5
2012-11-01,NoDur_excess,0.0319,0.00673728,0.01737106,0.01737106,0.001,0.5
2012-11-01,Durbl_excess,0.0255,0.00764388,0.01981742,0.01981742,0.001,0.5
2012-11-01,Manuf_excess,0.0274,0.00713942,0.01929011,0.01929011,0.001,0.5
2012-11-01,Enrgy_excess,-0.015,0.00774534,0.02151702,0.02151702,0.001,0.5
2012-11-01,HiTec_excess,0.0147,0.00787728,0.01798582,0.01798582,0.001,0.5
2012-11-01,Telcm_excess,0.0005,0.00551495,0.01123259,0.01123259,0.001,0.5
2012-11-01,Shops_excess,0.0146,0.00712214,0.02357945,0.02357945,0.001,0.5
2012-11-01,Hlth_excess,0.015,0.00766204,0.01888046,0.01888046,0.001,0.5
2012-11-01,Utils_excess,-0.038,0.00592913,0.01777857,0.01777857,0.001,0.5
2012-11-01,Other_excess,-0.0039,0.00587456,0.01699062,0.01699062,0.001,0.5
2012-12-01,NoDur_excess,-0.0227,0.00676169,0.00567321,0.00567321,0.001,0.5
2012-12-01,Durbl_excess,0.0759,0.0076612,0.00782705,0.00782705,0.001,0.5
2012-12-01,Manuf_excess,0.0276,0.00715907,0.01145775,0.01145775,0.001,0.5
2012-12-01,Enrgy_excess,0.0132,0.00772328,0.01577091,0.01577091,0.001,0.5
2012-12-01,HiTec_excess,0.0036,0.0078839,0.01205286,0.01205286,0.001,0.5
2012-12-01,Telcm_excess,0.0114,0.00551009,0.00539174,0.00539174,0.001,0.5
2012-12-01,Shops_excess,-0.0113,0.00712939,0.00732986,0.00732986,0.001,0.5
2012-12-01,Hlth_excess,-0.0054,0.00766916,0.01115129,0.01115129,0.001,0.5
2012-12-01,Utils_excess,0.0011,0.00588652,0.00499365,0.00499365,0.001,0.5
2012-12-01,Other_excess,0.0365,0.00586508,0.00701666,0.00701666,0.001,0.5
2013-01-01,NoDur_excess,0.0512,0.00673314,0.01154584,0.01154584,0.001,0.5
2013-01-01,Durbl_excess,0.0336,0.00772733,0.01303077,0.01303077,0.001,0.5
2013-01-01,Manuf_excess,0.0604,0.00717888,0.01467605,0.01467605,0.001,0.5
2013-01-01,Enrgy_excess,0.0747,0.00772859,0.01831574,0.01831574,0.001,0.5
2013-01-01,HiTec_excess,0.0239,0.00787975,0.01485857,0.01485857,0.001,0.5
2013-01-01,Telcm_excess,0.0485,0.00551579,0.00675755,0.00675755,0.001,0.5
2013-01-01,Shops_excess,0.0554,0.00711153,0.01551722,0.01551722,0.001,0.5
2013-01-01,Hlth_excess,0.0808,0.00765649,0.01512619,0.01512619,0.001,0.5
2013-01-01,Utils_excess,0.0505,0.00588188,0.01133007,0.01133007,0.001,0.5
2013-01-01,Other_excess,0.0676,0.00589477,0.01032669,0.01032669,0.001,0.5
2013-02-01,NoDur_excess,0.0317,0.00677619,0.00198898,0.00198898,0.001,0.5
2013-02-01,Durbl_excess,-0.0073,0.00775237,0.00152427,0.00152427,0.001,0.5
2013-02-01,Manuf_excess,0.0128,0.0072304,0.00690245,0.00690245,0.001,0.5
2013-02-01,Enrgy_excess,0.0068,0.00779342,0.01404658,0.01404658,0.001,0.5
2013-02-01,HiTec_excess,0.0068,0.00789526,0.00554576,0.00554576,0.001,0.5
2013-02-01,Telcm_excess,0.0229,0.00555741,0.00182319,0.00182319,0.001,0.5
2013-02-01,Shops_excess,0.0084,0.00715828,0.0032719,0.0032719,0.001,0.5
2013-02-01,Hlth_excess,0.0133,0.0077273,0.00609333,0.00609333,0.001,0.5
2013-02-01,Utils_excess,0.022,0.00592507,0.00226853,0.00226853,0.001,0.5
2013-02-01,Other_excess,0.014,0.0059545,0.00175088,0.00175088,0.001,0.5
2013-03-01,NoDur_excess,0.0506,0.00680029,0.00642668,0.00642668,0.001,0.5
2013-03-01,Durbl_excess,0.0444,0.00773781,0.00819523,0.00819523,0.001,0.5
2013-03-01,Manuf_excess,0.0261,0.00723578,0.01061217,0.01061217,0.001,0.5
2013-03-01,Enrgy_excess,0.0207,0.00779246,0.01479551,0.01479551,0.001,0.5
2013-03-01,HiTec_excess,0.027,0.0078942,0.00638202,0.00638202,0.001,0.5
2013-03-01,Telcm_excess,0.0564,0.00557418,0.00698386,0.00698386,0.001,0.5
2013-03-01,Shops_excess,0.0473,0.00715948,0.00914466,0.00914466,0.001,0.5
2013-03-01,Hlth_excess,0.0652,0.00773269,0.00717402,0.00717402,0.001,0.5
2013-03-01,Utils_excess,0.0569,0.00594062,0.00685299,0.00685299,0.001,0.5
2013-03-01,Other_excess,0.0419,0.00596228,0.00831893,0.00831893,0.001,0.5
2013-04-01,NoDur_excess,0.0374,0.00684261,0.00875678,0.00875678,0.001,0.5
2013-04-01,Durbl_excess,0.0394,0.00777324,0.01084418,0.01084418,0.001,0.5
2013-04-01,Manuf_excess,0.0073,0.00725401,0.01260009,0.01260009,0.001,0.5
2013-04-01,Enrgy_excess,-0.0139,0.00780493,0.01654332,0.01654332,0.001,0.5
2013-04-01,HiTec_excess,0.0038,0.00791266,0.01055884,0.01055884,0.001,0.5
2013-04-01,Telcm_excess,0.0432,0.00562329,0.00664624,0.00664624,0.001,0.5
2013-04-01,Shops_excess,0.0272,0.00719826,0.01180821,0.01180821,0.001,0.5
2013-04-01,Hlth_excess,0.0259,0.00778821,0.01072514,0.01072514,0.001,0.5
2013-04-01,Utils_excess,0.0513,0.00598986,0.00811576,0.00811576,0.001,0.5
2013-04-01,Other_excess,0.0083,0.005997,0.00979668,0.00979668,0.001,0.5
2013-05-01,NoDur_excess,-0.0229,0.0068721,0.01534639,0.01534639,0.001,0.5
2013-05-01,Durbl_excess,0.1004,0.00780376,0.02077896,0.02077896,0.001,0.5
2013-05-01,Manuf_excess,0.0348,0.00725405,0.01836641,0.01836641,0.001,0.5
2013-05-01,Enrgy_excess,0.0303,0.00778398,0.0184645,0.0184645,0.001,0.5
2013-05-01,HiTec_excess,0.0456,0.00790869,0.01650572,0.01650572,0.001,0.5
2013-05-01,Telcm_excess,-0.0176,0.00565956,0.01185318,0.01185318,0.001,0.5
2013-05-01,Shops_excess,0.0223,0.00721757,0.01972484,0.01972484,0.001,0.5
2013-05-01,Hlth_excess,0.0161,0.00780569,0.01629286,0.01629286,0.001,0.5
2013-05-01,Utils_excess,-0.0714,0.00603359,0.01462109,0.01462109,0.001,0.5
2013-05-01,Other_excess,0.0594,0.00599923,0.01725829,0.01725829,0.001,0.5
2013-06-01,NoDur_excess,0.0007,0.00684339,-0.0001139,0.0,0.001,0.5
2013-06-01,Durbl_excess,-0.0045,0.00789306,-0.0021807,0.0,0.001,0.5
2013-06-01,Manuf_excess,-0.0199,0.00728062,0.00437494,0.00437494,0.001,0.5
2013-06-01,Enrgy_excess,-0.0239,0.00780569,0.01304102,0.01304102,0.001,0.5
2013-06-01,HiTec_excess,-0.0292,0.00794503,0.00389847,0.00389847,0.001,0.5
2013-06-01,Telcm_excess,0.0198,0.00563713,-0.00122951,0.0,0.001,0.5
2013-06-01,Shops_excess,-0.0003,0.00723211,-9.743e-05,0.0,0.001,0.5
2013-06-01,Hlth_excess,-0.0138,0.00781369,0.00466871,0.00466871,0.001,0.5
2013-06-01,Utils_excess,0.0082,0.00595892,-1.26e-05,0.0,0.001,0.5
2013-06-01,Other_excess,-0.012,0.00605072,-0.00200665,0.0,0.001,0.5
2013-07-01,NoDur_excess,0.0289,0.00683748,-0.00131052,0.0,0.001,0.5
2013-07-01,Durbl_excess,0.0901,0.00788112,-0.00078963,0.0,0.001,0.5
2013-07-01,Manuf_excess,0.0621,0.00725443,0.00370833,0.00370833,0.001,0.5
2013-07-01,Enrgy_excess,0.0518,0.00777514,0.01113092,0.01113092,0.001,0.5
2013-07-01,HiTec_excess,0.057,0.00790925,0.00284821,0.00284821,0.001,0.5
2013-07-01,Telcm_excess,0.0343,0.00565077,0.00054265,0.00054265,0.001,0.5
2013-07-01,Shops_excess,0.059,0.00722486,-0.00197419,0.0,0.001,0.5
2013-07-01,Hlth_excess,0.0807,0.00779287,0.00275026,0.00275026,0.001,0.5
2013-07-01,Utils_excess,0.0458,0.00596108,-0.0008347,0.0,0.001,0.5
2013-07-01,Other_excess,0.0565,0.00603333,-0.00139822,0.0,0.001,0.5
2013-08-01,NoDur_excess,-0.0391,0.00685871,0.01096596,0.01096596,0.001,0.5
2013-08-01,Durbl_excess,-0.0103,0.00796025,0.01479658,0.01479658,0.001,0.5
2013-08-01,Manuf_excess,-0.0181,0.00730722,0.012488,0.012488,0.001,0.5
2013-08-01,Enrgy_excess,-0.019,0.00781752,0.01529076,0.01529076,0.001,0.5
2013-08-01,HiTec_excess,-0.0021,0.0079565,0.01300838,0.01300838,0.001,0.5
2013-08-01,Telcm_excess,-0.0329,0.00567834,0.00801838,0.00801838,0.001,0.5
2013-08-01,Shops_excess,-0.0426,0.00727469,0.01417099,0.01417099,0.001,0.5
2013-08-01,Hlth_excess,-0.0367,0.00786304,0.01212494,0.01212494,0.001,0.5
2013-08-01,Utils_excess,-0.0443,0.00599942,0.01133752,0.01133752,0.001,0.5
2013-08-01,Other_excess,-0.0368,0.00608191,0.01023357,0.01023357,0.001,0.5
2013-09-01,NoDur_excess,0.02,0.00681452,0.00499255,0.00499255,0.001,0.5
2013-09-01,Durbl_excess,0.0645,0.00794269,0.00903102,0.00903102,0.001,0.5
2013-09-01,Manuf_excess,0.0517,0.00728279,0.00840804,0.00840804,0.001,0.5
2013-09-01,Enrgy_excess,0.0197,0.00779173,0.01266821,0.01266821,0.001,0.5
2013-09-01,HiTec_excess,0.0382,0.00794683,0.00901989,0.00901989,0.001,0.5
2013-09-01,Telcm_excess,0.0428,0.00564125,0.00553261,0.00553261,0.001,0.5
2013-09-01,Shops_excess,0.0449,0.00722673,0.00627274,0.00627274,0.001,0.5
2013-09-01,Hlth_excess,0.0417,0.00782019,0.00740173,0.00740173,0.001,0.5
2013-09-01,Utils_excess,0.0105,0.00595106,0.00556666,0.00556666,0.001,0.5
2013-09-01,Other_excess,0.0383,0.00604067,0.00563489,0.00563489,0.001,0.5
2013-10-01,NoDur_excess,0.0482,0.00682719,0.00575766,0.00575766,0.001,0.5
2013-10-01,Durbl_excess,0.0076,0.00799702,0.01103195,0.01103195,0.001,0.5
2013-10-01,Manuf_excess,0.046,0.00732546,0.00954362,0.00954362,0.001,0.5
2013-10-01,Enrgy_excess,0.0479,0.00780317,0.01280715,0.01280715,0.001,0.5
2013-10-01,HiTec_excess,0.0376,0.00797589,0.00987065,0.00987065,0.001,0.5
2013-10-01,Telcm_excess,0.0585,0.00567695,0.00678097,0.00678097,0.001,0.5
2013-10-01,Shops_excess,0.0512,0.00726292,0.00737807,0.00737807,0.001,0.5
2013-10-01,Hlth_excess,0.0355,0.00785274,0.00783022,0.00783022,0.001,0.5
2013-10-01,Utils_excess,0.0334,0.00595543,0.00597088,0.00597088,0.001,0.5
2013-10-01,Other_excess,0.0383,0.00607166,0.00748192,0.00748192,0.001,0.5
2013-11-01,NoDur_excess,0.0127,0.00686689,0.01293023,0.01293023,0.001,0.5
2013-11-01,Durbl_excess,0.0188,0.00799664,0.01893756,0.01893756,0.001,0.5
2013-11-01,Manuf_excess,0.0297,0.00736257,0.014984,0.014984,0.001,0.5
2013-11-01,Enrgy_excess,0.0087,0.00784165,0.01607431,0.01607431,0.001,0.5
2013-11-01,HiTec_excess,0.0359,0.00800432,0.01576453,0.01576453,0.001,0.5
2013-11-01,Telcm_excess,0.0008,0.00572764,0.00994783,0.00994783,0.001,0.5
2013-11-01,Shops_excess,0.0369,0.00730509,0.01619816,0.01619816,0.001,0.5
2013-11-01,Hlth_excess,0.045,0.00787927,0.01409087,0.01409087,0.001,0.5
2013-11-01,Utils_excess,-0.0181,0.00598177,0.0128001,0.0128001,0.001,0.5
2013-11-01,Other_excess,0.047,0.00610259,0.01333294,0.01333294,0.001,0.5
2013-12-01,NoDur_excess,0.0247,0.00687248,0.00858747,0.00858747,0.001,0.5
2013-12-01,Durbl_excess,0.0124,0.008007,0.01171935,0.01171935,0.001,0.5
2013-12-01,Manuf_excess,0.031,0.00738399,0.01077334,0.01077334,0.001,0.5
2013-12-01,Enrgy_excess,0.0303,0.00784247,0.01438972,0.01438972,0.001,0.5
2013-12-01,HiTec_excess,0.0398,0.00803106,0.01224021,0.01224021,0.001,0.5
2013-12-01,Telcm_excess,0.0398,0.00572291,0.00605139,0.00605139,0.001,0.5
2013-12-01,Shops_excess,0.0025,0.00733346,0.01070687,0.01070687,0.001,0.5
2013-12-01,Hlth_excess,0.0059,0.00791486,0.01107314,0.01107314,0.001,0.5
2013-12-01,Utils_excess,0.0179,0.00595868,0.00862549,0.00862549,0.001,0.5
2013-12-01,Other_excess,0.0315,0.0061418,0.00759725,0.00759725,0.001,0.5
2014-01-01,NoDur_excess,-0.0572,0.00688956,0.01004558,0.01004558,0.001,0.5
2014-01-01,Durbl_excess,-0.0362,0.00801121,0.01321988,0.01321988,0.001,0.5
2014-01-01,Manuf_excess,-0.0428,0.00740661,0.01148341,0.01148341,0.001,0.5
2014-01-01,Enrgy_excess,-0.0689,0.00786398,0.01472981,0.01472981,0.001,0.5
2014-01-01,HiTec_excess,-0.014,0.00806149,0.01239761,0.01239761,0.001,0.5
2014-01-01,Telcm_excess,-0.0381,0.00575556,0.00732224,0.00732224,0.001,0.5
2014-01-01,Shops_excess,-0.0648,0.00732883,0.01241957,0.01241957,0.001,0.5
2014-01-01,Hlth_excess,0.0179,0.00791293,0.01117521,0.01117521,0.001,0.5
2014-01-01,Utils_excess,0.0249,0.00597011,0.01035924,0.01035924,0.001,0.5
2014-01-01,Other_excess,-0.0433,0.00616609,0.0089561,0.0089561,0.001,0.5
2014-02-01,NoDur_excess,0.0346,0.00682823,0.00658592,0.00658592,0.001,0.5
2014-02-01,Durbl_excess,0.0801,0.0079689,0.01402992,0.01402992,0.001,0.5
2014-02-01,Manuf_excess,0.0542,0.00735856,0.01094914,0.01094914,0.001,0.5
2014-02-01,Enrgy_excess,0.0569,0.00779053,0.0123857,0.0123857,0.001,0.5
2014-02-01,HiTec_excess,0.0515,0.00804038,0.00984334,0.00984334,0.001,0.5
2014-02-01,Telcm_excess,0.0256,0.00571359,0.00999767,0.00999767,0.001,0.5
2014-02-01,Shops_excess,0.0533,0.00725981,0.00835954,0.00835954,0.001,0.5
2014-02-01,Hlth_excess,0.0635,0.00792249,0.00717236,0.00717236,0.001,0.5
2014-02-01,Utils_excess,0.0309,0.00598823,0.00722445,0.00722445,0.001,0.5
2014-02-01,Other_excess,0.0345,0.00611876,0.01124807,0.01124807,0.001,0.5
2014-03-01,NoDur_excess,0.0325,0.00685478,0.00813001,0.00813001,0.001,0.5
2014-03-01,Durbl_excess,-0.0113,0.00803786,0.01258012,0.01258012,0.001,0.5
2014-03-01,Manuf_excess,0.0031,0.00740335,0.01046808,0.01046808,0.001,0.5
2014-03-01,Enrgy_excess,0.0243,0.00783748,0.0130771,0.0130771,0.001,0.5
2014-03-01,HiTec_excess,-0.0061,0.00808193,0.01015995,0.01015995,0.001,0.5
2014-03-01,Telcm_excess,0.0015,0.0057326,0.00788343,0.00788343,0.001,0.5
2014-03-01,Shops_excess,-0.0059,0.00730382,0.01039138,0.01039138,0.001,0.5
2014-03-01,Hlth_excess,-0.0247,0.00797562,0.00888415,0.00888415,0.001,0.5
2014-03-01,Utils_excess,0.0268,0.00601205,0.00980607,0.00980607,0.001,0.5
2014-03-01,Other_excess,0.0204,0.00614589,0.00903622,0.00903622,0.001,0.5
2014-04-01,NoDur_excess,0.0149,0.00687927,0.00426902,0.00426902,0.001,0.5
2014-04-01,Durbl_excess,0.0033,0.00801939,0.00892214,0.00892214,0.001,0.5
2014-04-01,Manuf_excess,0.0083,0.00739924,0.00816564,0.00816564,0.001,0.5
2014-04-01,Enrgy_excess,0.0567,0.0078532,0.01231714,0.01231714,0.001,0.5
2014-04-01,HiTec_excess,-0.0105,0.00806839,0.00680308,0.00680308,0.001,0.5
2014-04-01,Telcm_excess,0.0039,0.00572856,0.00602438,0.00602438,0.001,0.5
2014-04-01,Shops_excess,-0.0093,0.00729121,0.00561638,0.00561638,0.001,0.5
2014-04-01,Hlth_excess,-0.0033,0.00794441,0.0048704,0.0048704,0.001,0.5
2014-04-01,Utils_excess,0.0398,0.0060319,0.00555549,0.00555549,0.001,0.5
2014-04-01,Other_excess,-0.0194,0.0061595,0.00699042,0.00699042,0.001,0.5
2014-05-01,NoDur_excess,0.0337,0.00688693,0.00690314,0.00690314,0.001,0.5
2014-05-01,Durbl_excess,0.0069,0.00801489,0.01261144,0.01261144,0.001,0.5
2014-05-01,Manuf_excess,0.0127,0.0074001,0.01053138,0.01053138,0.001,0.5
2014-05-01,Enrgy_excess,0.0088,0.00789981,0.01364786,0.01364786,0.001,0.5
2014-05-01,HiTec_excess,0.0342,0.00805067,0.00984561,0.00984561,0.001,0.5
2014-05-01,Telcm_excess,0.0411,0.00572681,0.00751712,0.00751712,0.001,0.5
2014-05-01,Shops_excess,0.0099,0.00727538,0.00862816,0.00862816,0.001,0.5
2014-05-01,Hlth_excess,0.0185,0.00793368,0.00771641,0.00771641,0.001,0.5
2014-05-01,Utils_excess,0.0001,0.00606412,0.00807133,0.00807133,0.001,0.5
2014-05-01,Other_excess,0.0178,0.00613511,0.00938488,0.00938488,0.001,0.5
2014-06-01,NoDur_excess,0.012,0.00691249,0.00675354,0.00675354,0.001,0.5
2014-06-01,Durbl_excess,0.0445,0.00801382,0.01272916,0.01272916,0.001,0.5
2014-06-01,Manuf_excess,0.0141,0.00740515,0.01094194,0.01094194,0.001,0.5
2014-06-01,Enrgy_excess,0.0412,0.00790067,0.01371383,0.01371383,0.001,0.5
2014-06-01,HiTec_excess,0.0286,0.0080756,0.01013917,0.01013917,0.001,0.5
2014-06-01,Telcm_excess,0.0154,0.00576053,0.00809667,0.00809667,0.001,0.5
2014-06-01,Shops_excess,0.0126,0.00727788,0.00856858,0.00856858,0.001,0.5
2014-06-01,Hlth_excess,0.0287,0.00794376,0.0076296,0.0076296,0.001,0.5
2014-06-01,Utils_excess,0.0543,0.00605844,0.00724551,0.00724551,0.001,0.5
2014-06-01,Other_excess,0.0244,0.00614623,0.01033123,0.01033123,0.001,0.5
2014-07-01,NoDur_excess,-0.0435,0.00691733,0.00661795,0.00661795,0.001,0.5
2014-07-01,Durbl_excess,-0.0471,0.00804857,0.01071457,0.01071457,0.001,0.5
2014-07-01,Manuf_excess,-0.0413,0.00741152,0.01001782,0.01001782,0.001,0.5
2014-07-01,Enrgy_excess,-0.0356,0.00793238,0.01391338,0.01391338,0.001,0.5
2014-07-01,HiTec_excess,0.0015,0.00809514,0.01031842,0.01031842,0.001,0.5
2014-07-01,Telcm_excess,0.008,0.00576971,0.00611682,0.00611682,0.001,0.5
2014-07-01,Shops_excess,-0.0202,0.00728295,0.00826449,0.00826449,0.001,0.5
2014-07-01,Hlth_excess,-0.0034,0.00796352,0.008329,0.008329,0.001,0.5
2014-07-01,Utils_excess,-0.064,0.00610438,0.00757313,0.00757313,0.001,0.5
2014-07-01,Other_excess,-0.0226,0.00616362,0.00820517,0.00820517,0.001,0.5
2014-08-01,NoDur_excess,0.0556,0.00686936,0.00705757,0.00705757,0.001,0.5
2014-08-01,Durbl_excess,0.0507,0.0079961,0.01160653,0.01160653,0.001,0.5
2014-08-01,Manuf_excess,0.0483,0.00736518,0.01097644,0.01097644,0.001,0.5
2014-08-01,Enrgy_excess,0.0232,0.00789096,0.01445661,0.01445661,0.001,0.5
2014-08-01,HiTec_excess,0.0424,0.00808887,0.01152302,0.01152302,0.001,0.5
2014-08-01,Telcm_excess,0.0033,0.00577184,0.00645757,0.00645757,0.001,0.5
2014-08-01,Shops_excess,0.0501,0.0072568,0.00874447,0.00874447,0.001,0.5
2014-08-01,Hlth_excess,0.0554,0.00795271,0.00965731,0.00965731,0.001,0.5
2014-08-01,Utils_excess,0.0531,0.00603768,0.00713532,0.00713532,0.001,0.5
2014-08-01,Other_excess,0.0411,0.00613625,0.00891581,0.00891581,0.001,0.5
2014-09-01,NoDur_excess,-0.0007,0.00691568,0.01411195,0.01411195,0.001,0.5
2014-09-01,Durbl_excess,-0.0938,0.00803669,0.02136888,0.02136888,0.001,0.5
2014-09-01,Manuf_excess,-0.025,0.00740409,0.01715889,0.01715889,0.001,0.5
2014-09-01,Enrgy_excess,-0.0783,0.00790551,0.0171098,0.0171098,0.001,0.5
2014-09-01,HiTec_excess,-0.014,0.00812148,0.01746506,0.01746506,0.001,0.5
2014-09-01,Telcm_excess,-0.0145,0.00576949,0.01143347,0.01143347,0.001,0.5
2014-09-01,Shops_excess,-0.0133,0.00729753,0.01803393,0.01803393,0.001,0.5
2014-09-01,Hlth_excess,-0.0022,0.00799781,0.01515883,0.01515883,0.001,0.5
2014-09-01,Utils_excess,-0.0338,0.00608241,0.01353148,0.01353148,0.001,0.5
2014-09-01,Other_excess,-0.0111,0.00616949,0.01714395,0.01714395,0.001,0.5
2014-10-01,NoDur_excess,0.0269,0.00690845,0.00026725,0.00026725,0.001,0.5
2014-10-01,Durbl_excess,0.0349,0.00793998,0.00219718,0.00219718,0.001,0.5
2014-10-01,Manuf_excess,0.0241,0.00737331,0.00550895,0.00550895,0.001,0.5
2014-10-01,Enrgy_excess,-0.0419,0.00782365,0.01132333,0.01132333,0.001,0.5
2014-10-01,HiTec_excess,0.0158,0.00810047,0.00624853,0.00624853,0.001,0.5
2014-10-01,Telcm_excess,0.013,0.00575024,0.00223208,0.00223208,0.001,0.5
2014-10-01,Shops_excess,0.0271,0.00727797,0.00014276,0.00014276,0.001,0.5
2014-10-01,Hlth_excess,0.0592,0.00798813,0.00468986,0.00468986,0.001,0.5
2014-10-01,Utils_excess,0.0671,0.00604454,0.00085739,0.00085739,0.001,0.5
2014-10-01,Other_excess,0.0341,0.00615309,0.00174847,0.00174847,0.001,0.5
2014-11-01,NoDur_excess,0.0479,0.00692742,0.01028281,0.01028281,0.001,0.5
2014-11-01,Durbl_excess,0.0442,0.00796556,0.01602727,0.01602727,0.001,0.5
2014-11-01,Manuf_excess,0.0228,0.00738918,0.01391059,0.01391059,0.001,0.5
2014-11-01,Enrgy_excess,-0.0957,0.00777647,0.01434365,0.01434365,0.001,0.5
2014-11-01,HiTec_excess,0.0428,0.00810778,0.01416941,0.01416941,0.001,0.5
2014-11-01,Telcm_excess,0.0246,0.00575712,0.00864523,0.00864523,0.001,0.5
2014-11-01,Shops_excess,0.0751,0.00729677,0.01266998,0.01266998,0.001,0.5
2014-11-01,Hlth_excess,0.0252,0.00803672,0.01264927,0.01264927,0.001,0.5
2014-11-01,Utils_excess,0.0026,0.00610247,0.0103369,0.0103369,0.001,0.5
2014-11-01,Other_excess,0.0251,0.0061796,0.01227379,0.01227379,0.001,0.5
2014-12-01,NoDur_excess,-0.0241,0.00696626,0.0107481,0.0107481,0.001,0.5
2014-12-01,Durbl_excess,0.0035,0.00799991,0.01725042,0.01725042,0.001,0.5
2014-12-01,Manuf_excess,-0.0008,0.00740379,0.01475745,0.01475745,0.001,0.5
2014-12-01,Enrgy_excess,0.0054,0.00767839,0.01330571,0.01330571,0.001,0.5
2014-12-01,HiTec_excess,-0.0126,0.00814066,0.01703926,0.01703926,0.001,0.5
2014-12-01,Telcm_excess,-0.0205,0.00577498,0.0095096,0.0095096,0.001,0.5
2014-12-01,Shops_excess,0.016,0.00736104,0.01392001,0.01392001,0.001,0.5
2014-12-01,Hlth_excess,-0.0083,0.00805299,0.01403887,0.01403887,0.001,0.5
2014-12-01,Utils_excess,0.0186,0.00609915,0.00946949,0.00946949,0.001,0.5
2014-12-01,Other_excess,0.0118,0.00619754,0.01374761,0.01374761,0.001,0.5
2015-01-01,NoDur_excess,-0.0056,0.00693684,0.01054429,0.01054429,0.001,0.5
2015-01-01,Durbl_excess,-0.0428,0.00799564,0.01681795,0.01681795,0.001,0.5
2015-01-01,Manuf_excess,-0.0375,0.00739602,0.01469725,0.01469725,0.001,0.5
2015-01-01,Enrgy_excess,-0.0431,0.00767623,0.0133246,0.0133246,0.001,0.5
2015-01-01,HiTec_excess,-0.0346,0.00812102,0.0162286,0.0162286,0.001,0.5
2015-01-01,Telcm_excess,-0.0447,0.00575009,0.00878242,0.00878242,0.001,0.5
2015-01-01,Shops_excess,-0.004,0.00736922,0.01381152,0.01381152,0.001,0.5
2015-01-01,Hlth_excess,0.0158,0.0080375,0.01417286,0.01417286,0.001,0.5
2015-01-01,Utils_excess,0.0124,0.00611098,0.00987088,0.00987088,0.001,0.5
2015-01-01,Other_excess,-0.064,0.00620284,0.01298829,0.01298829,0.001,0.5
2015-02-01,NoDur_excess,0.0513,0.00692498,0.01804388,0.01804388,0.001,0.5
2015-02-01,Durbl_excess,0.0802,0.00794759,0.02664156,0.02664156,0.001,0.5
2015-02-01,Manuf_excess,0.0615,0.00735355,0.02121678,0.02121678,0.001,0.5
2015-02-01,Enrgy_excess,0.0472,0.00762819,0.01611313,0.01611313,0.001,0.5
2015-02-01,HiTec_excess,0.0822,0.00808061,0.02120741,0.02120741,0.001,0.5
2015-02-01,Telcm_excess,0.0892,0.00570237,0.01417974,0.01417974,0.001,0.5
2015-02-01,Shops_excess,0.0567,0.00735847,0.02398947,0.02398947,0.001,0.5
2015-02-01,Hlth_excess,0.04,0.00804484,0.01967826,0.01967826,0.001,0.5
2015-02-01,Utils_excess,-0.0436,0.00611693,0.01663893,0.01663893,0.001,0.5
2015-02-01,Other_excess,0.0724,0.00613642,0.02167031,0.02167031,0.001,0.5
2015-03-01,NoDur_excess,-0.0242,0.00696692,0.00343323,0.00343323,0.001,0.5
2015-03-01,Durbl_excess,-0.0058,0.00801588,0.00216049,0.00216049,0.001,0.5
2015-03-01,Manuf_excess,-0.0205,0.00740473,0.00714087,0.00714087,0.001,0.5
2015-03-01,Enrgy_excess,-0.0249,0.0076656,0.01184354,0.01184354,0.001,0.5
2015-03-01,HiTec_excess,-0.0251,0.00815066,0.00550185,0.00550185,0.001,0.5
2015-03-01,Telcm_excess,-0.0212,0.00578129,0.00116663,0.00116663,0.001,0.5
2015-03-01,Shops_excess,0.0066,0.0074051,0.00548407,0.00548407,0.001,0.5
2015-03-01,Hlth_excess,0.0086,0.00807505,0.00705061,0.00705061,0.001,0.5
2015-03-01,Utils_excess,-0.0031,0.00606994,0.00412497,0.00412497,0.001,0.5
2015-03-01,Other_excess,-0.0061,0.00619905,0.00221091,0.00221091,0.001,0.5
2015-04-01,NoDur_excess,0.0081,0.00693749,0.00530739,0.00530739,0.001,0.5
2015-04-01,Durbl_excess,-0.0071,0.00800283,0.00789055,0.00789055,0.001,0.5
2015-04-01,Manuf_excess,-0.0076,0.00737838,0.01012359,0.01012359,0.001,0.5
2015-04-01,Enrgy_excess,0.0665,0.00763484,0.01173138,0.01173138,0.001,0.5
2015-04-01,HiTec_excess,0.0144,0.00811926,0.00669296,0.00669296,0.001,0.5
2015-04-01,Telcm_excess,0.0363,0.00575581,0.00580449,0.00580449,0.001,0.5
2015-04-01,Shops_excess,-0.0209,0.00740434,0.00807088,0.00807088,0.001,0.5
2015-04-01,Hlth_excess,-0.0155,0.00807554,0.00748271,0.00748271,0.001,0.5
2015-04-01,Utils_excess,0.0028,0.00606128,0.00456552,0.00456552,0.001,0.5
2015-04-01,Other_excess,0.0062,0.00618744,0.00764542,0.00764542,0.001,0.5
2015-05-01,NoDur_excess,0.015,0.00693858,0.00381073,0.00381073,0.001,0.5
2015-05-01,Durbl_excess,0.0099,0.00798858,0.00464226,0.00464226,0.001,0.5
2015-05-01,Manuf_excess,0.0088,0.00736425,0.00819824,0.00819824,0.001,0.5
2015-05-01,Enrgy_excess,-0.0511,0.00769038,0.01120337,0.01120337,0.001,0.5
2015-05-01,HiTec_excess,0.0193,0.00812519,0.00710188,0.00710188,0.001,0.5
2015-05-01,Telcm_excess,0.0033,0.00578462,0.00295135,0.00295135,0.001,0.5
2015-05-01,Shops_excess,0.0107,0.00737764,0.00606339,0.00606339,0.001,0.5
2015-05-01,Hlth_excess,0.0499,0.0080533,0.00777958,0.00777958,0.001,0.5
2015-05-01,Utils_excess,-0.0043,0.00605821,0.00304833,0.00304833,0.001,0.5
2015-05-01,Other_excess,0.0172,0.00618745,0.00416285,0.00416285,0.001,0.5
2015-06-01,NoDur_excess,-0.0153,0.00694618,0.00190765,0.00190765,0.001,0.5
2015-06-01,Durbl_excess,-0.0185,0.00799039,0.00282056,0.00282056,0.001,0.5
2015-06-01,Manuf_excess,-0.0199,0.0073656,0.00681398,0.00681398,0.001,0.5
2015-06-01,Enrgy_excess,-0.0375,0.00763497,0.00991335,0.00991335,0.001,0.5
2015-06-01,HiTec_excess,-0.0359,0.00813572,0.00437158,0.00437158,0.001,0.5
2015-06-01,Telcm_excess,-0.0055,0.00578228,0.00250921,0.00250921,0.001,0.5
2015-06-01,Shops_excess,-0.0061,0.00738077,0.00356635,0.00356635,0.001,0.5
2015-06-01,Hlth_excess,0.0037,0.00809274,0.0052391,0.0052391,0.001,0.5
2015-06-01,Utils_excess,-0.0527,0.00604844,0.00080618,0.00080618,0.001,0.5
2015-06-01,Other_excess,0.0003,0.00619783,0.00309293,0.00309293,0.001,0.5
2015-07-01,NoDur_excess,0.0496,0.00692524,0.0010269,0.0010269,0.001,0.5
2015-07-01,Durbl_excess,-0.0231,0.00796544,0.00142198,0.00142198,0.001,0.5
2015-07-01,Manuf_excess,-0.02,0.00733992,0.00578566,0.00578566,0.001,0.5
2015-07-01,Enrgy_excess,-0.0895,0.00759247,0.00910116,0.00910116,0.001,0.5
2015-07-01,HiTec_excess,0.0221,0.00809426,0.00394884,0.00394884,0.001,0.5
2015-07-01,Telcm_excess,0.0152,0.00577166,0.00110902,0.00110902,0.001,0.5
2015-07-01,Shops_excess,0.0514,0.00736808,0.00232463,0.00232463,0.001,0.5
2015-07-01,Hlth_excess,0.035,0.00808861,0.0051594,0.0051594,0.001,0.5
2015-07-01,Utils_excess,0.0265,0.00599313,-0.00045375,0.0,0.001,0.5
2015-07-01,Other_excess,0.0182,0.00619228,0.00134751,0.00134751,0.001,0.5
2015-08-01,NoDur_excess,-0.041,0.00696538,0.01160029,0.01160029,0.001,0.5
2015-08-01,Durbl_excess,-0.0598,0.00793622,0.01712658,0.01712658,0.001,0.5
2015-08-01,Manuf_excess,-0.0561,0.00731421,0.01520984,0.01520984,0.001,0.5
2015-08-01,Enrgy_excess,-0.0365,0.00750113,0.01244328,0.01244328,0.001,0.5
2015-08-01,HiTec_excess,-0.0583,0.00810743,0.0139082,0.0139082,0.001,0.5
2015-08-01,Telcm_excess,-0.0838,0.00578053,0.00972283,0.00972283,0.001,0.5
2015-08-01,Shops_excess,-0.053,0.0074095,0.01588557,0.01588557,0.001,0.5
2015-08-01,Hlth_excess,-0.0838,0.00811392,0.01299879,0.01299879,0.001,0.5
2015-08-01,Utils_excess,-0.0408,0.00601242,0.00778117,0.00778117,0.001,0.5
2015-08-01,Other_excess,-0.0617,0.00620357,0.01420249,0.01420249,0.001,0.5
2015-09-01,NoDur_excess,-0.0056,0.0069203,0.00622385,0.00622385,0.001,0.5
2015-09-01,Durbl_excess,-0.0345,0.00787256,0.0086597,0.0086597,0.001,0.5
2015-09-01,Manuf_excess,-0.0424,0.00725461,0.01034264,0.01034264,0.001,0.5
2015-09-01,Enrgy_excess,-0.0575,0.00745977,0.01055827,0.01055827,0.001,0.5
2015-09-01,HiTec_excess,-0.0132,0.00804502,0.00847946,0.00847946,0.001,0.5
2015-09-01,Telcm_excess,-0.025,0.00569633,0.00353682,0.00353682,0.001,0.5
2015-09-01,Shops_excess,-0.0206,0.00735273,0.00810253,0.00810253,0.001,0.5
2015-09-01,Hlth_excess,-0.0692,0.00802754,0.00995573,0.00995573,0.001,0.5
2015-09-01,Utils_excess,-0.005,0.00596842,0.0040631,0.0040631,0.001,0.5
2015-09-01,Other_excess,-0.0306,0.00613976,0.00548792,0.00548792,0.001,0.5
2015-10-01,NoDur_excess,0.068,0.00690854,0.01135458,0.01135458,0.001,0.5
2015-10-01,Durbl_excess,0.0696,0.00783277,0.01564797,0.01564797,0.001,0.5
2015-10-01,Manuf_excess,0.0941,0.00720798,0.0147126,0.0147126,0.001,0.5
2015-10-01,Enrgy_excess,0.1217,0.00739878,0.01244086,0.01244086,0.001,0.5
2015-10-01,HiTec_excess,0.1012,0.00802507,0.0131093,0.0131093,0.001,0.5
2015-10-01,Telcm_excess,0.0907,0.00566751,0.00754972,0.00754972,0.001,0.5
2015-10-01,Shops_excess,0.0482,0.00732648,0.01517669,0.01517669,0.001,0.5
2015-10-01,Hlth_excess,0.0751,0.00795502,0.01339967,0.01339967,0.001,0.5
2015-10-01,Utils_excess,0.0209,0.00595812,0.00798926,0.00798926,0.001,0.5
2015-10-01,Other_excess,0.0657,0.00610526,0.01166307,0.01166307,0.001,0.5
2015-11-01,NoDur_excess,-0.0092,0.00696585,0.01142492,0.01142492,0.001,0.5
2015-11-01,Durbl_excess,0.0196,0.00789071,0.01448535,0.01448535,0.001,0.5
2015-11-01,Manuf_excess,0.0041,0.00728949,0.01437025,0.01437025,0.001,0.5
2015-11-01,Enrgy_excess,0.0106,0.007506,0.01228983,0.01228983,0.001,0.5
2015-11-01,HiTec_excess,0.0115,0.00811248,0.01302669,0.01302669,0.001,0.5
2015-11-01,Telcm_excess,-0.0192,0.00574728,0.00718035,0.00718035,0.001,0.5
2015-11-01,Shops_excess,0.011,0.00736482,0.01590439,0.01590439,0.001,0.5
2015-11-01,Hlth_excess,0.0058,0.00801801,0.01336433,0.01336433,0.001,0.5
2015-11-01,Utils_excess,-0.0342,0.00597214,0.00721911,0.00721911,0.001,0.5
2015-11-01,Other_excess,0.0138,0.00616116,0.01138032,0.01138032,0.001,0.5
2015-12-01,NoDur_excess,0.0077,0.0069507,0.01248785,0.01248785,0.001,0.5
2015-12-01,Durbl_excess,-0.0409,0.00790169,0.01573414,0.01573414,0.001,0.5
2015-12-01,Manuf_excess,-0.0255,0.0072865,0.01523112,0.01523112,0.001,0.5
2015-12-01,Enrgy_excess,-0.0961,0.0075089,0.01246533,0.01246533,0.001,0.5
2015-12-01,HiTec_excess,-0.0253,0.00811565,0.01452952,0.01452952,0.001,0.5
2015-12-01,Telcm_excess,-0.0297,0.0057239,0.00741199,0.00741199,0.001,0.5
2015-12-01,Shops_excess,0.0003,0.00736823,0.01741818,0.01741818,0.001,0.5
2015-12-01,Hlth_excess,0.0031,0.00801593,0.01471626,0.01471626,0.001,0.5
2015-12-01,Utils_excess,-0.024,0.00593449,0.00754882,0.00754882,0.001,0.5
2015-12-01,Other_excess,-0.0268,0.00616832,0.0123439,0.0123439,0.001,0.5
2016-01-01,NoDur_excess,0.0016,0.0069514,0.01191582,0.01191582,0.001,0.5
2016-01-01,Durbl_excess,-0.1234,0.00785599,0.01473875,0.01473875,0.001,0.5
2016-01-01,Manuf_excess,-0.0572,0.00725581,0.01490444,0.01490444,0.001,0.5
2016-01-01,Enrgy_excess,-0.0438,0.00741189,0.01158998,0.01158998,0.001,0.5
2016-01-01,HiTec_excess,-0.0597,0.00808436,0.01374604,0.01374604,0.001,0.5
2016-01-01,Telcm_excess,0.0038,0.00569073,0.00650827,0.00650827,0.001,0.5
2016-01-01,Shops_excess,-0.0454,0.00736161,0.01628507,0.01628507,0.001,0.5
2016-01-01,Hlth_excess,-0.1013,0.00801133,0.01467233,0.01467233,0.001,0.5
2016-01-01,Utils_excess,0.0466,0.00590646,0.00648222,0.00648222,0.001,0.5
2016-01-01,Other_excess,-0.0874,0.00613745,0.01113548,0.01113548,0.001,0.5
2016-02-01,NoDur_excess,0.0057,0.0069464,0.003941,0.003941,0.001,0.5
2016-02-01,Durbl_excess,0.0407,0.00773321,0.00792377,0.00792377,0.001,0.5
2016-02-01,Manuf_excess,0.0328,0.00719551,0.01031534,0.01031534,0.001,0.5
2016-02-01,Enrgy_excess,-0.0297,0.00736399,0.00887072,0.00887072,0.001,0.5
2016-02-01,HiTec_excess,-0.009,0.00802095,0.00665882,0.00665882,0.001,0.5
2016-02-01,Telcm_excess,0.0089,0.00568896,0.00577742,0.00577742,0.001,0.5
2016-02-01,Shops_excess,0.0009,0.00731225,0.00557332,0.00557332,0.001,0.5
2016-02-01,Hlth_excess,-0.0099,0.00790907,0.00631248,0.00631248,0.001,0.5
2016-02-01,Utils_excess,0.017,0.00594453,-0.00083392,0.0,0.001,0.5
2016-02-01,Other_excess,-0.0044,0.00604995,0.00698164,0.00698164,0.001,0.5
2016-03-01,NoDur_excess,0.0494,0.00694523,0.01325613,0.01325613,0.001,0.5
2016-03-01,Durbl_excess,0.1063,0.00776402,0.01653331,0.01653331,0.001,0.5
2016-03-01,Manuf_excess,0.0689,0.00721944,0.01677103,0.01677103,0.001,0.5
2016-03-01,Enrgy_excess,0.1087,0.00732935,0.01258619,0.01258619,0.001,0.5
2016-03-01,HiTec_excess,0.0847,0.00800505,0.01316178,0.01316178,0.001,0.5
2016-03-01,Telcm_excess,0.0614,0.00569196,0.00927875,0.00927875,0.001,0.5
2016-03-01,Shops_excess,0.0554,0.00730626,0.01801915,0.01801915,0.001,0.5
2016-03-01,Hlth_excess,0.0393,0.00789243,0.01396001,0.01396001,0.001,0.5
2016-03-01,Utils_excess,0.0782,0.00595486,0.0082979,0.0082979,0.001,0.5
2016-03-01,Other_excess,0.0713,0.00604019,0.01404446,0.01404446,0.001,0.5
2016-04-01,NoDur_excess,0.0026,0.00698487,0.02270042,0.02270042,0.001,0.5
2016-04-01,Durbl_excess,0.0153,0.00785602,0.02485814,0.02485814,0.001,0.5
2016-04-01,Manuf_excess,0.0228,0.00727703,0.02222815,0.02222815,0.001,0.5
2016-04-01,Enrgy_excess,0.0916,0.007424,0.01747884,0.01747884,0.001,0.5
2016-04-01,HiTec_excess,-0.0421,0.00807666,0.01816939,0.01816939,0.001,0.5
2016-04-01,Telcm_excess,0.0068,0.00574398,0.0125062,0.0125062,0.001,0.5
2016-04-01,Shops_excess,-0.0056,0.00735117,0.0310143,0.0310143,0.001,0.5
2016-04-01,Hlth_excess,0.0495,0.00792176,0.02020993,0.02020993,0.001,0.5
2016-04-01,Utils_excess,-0.0081,0.00602232,0.01810569,0.01810569,0.001,0.5
2016-04-01,Other_excess,0.024,0.00610112,0.0212077,0.0212077,0.001,0.5
2016-05-01,NoDur_excess,0.0073,0.00698078,0.01414264,0.01414264,0.001,0.5
2016-05-01,Durbl_excess,-0.011,0.00786297,0.01541077,0.01541077,0.001,0.5
2016-05-01,Manuf_excess,-0.0054,0.00729151,0.01629022,0.01629022,0.001,0.5
2016-05-01,Enrgy_excess,-0.006,0.00750252,0.01466803,0.01466803,0.001,0.5
2016-05-01,HiTec_excess,0.0513,0.00802985,0.0115848,0.0115848,0.001,0.5
2016-05-01,Telcm_excess,0.0016,0.00574496,0.00806287,0.00806287,0.001,0.5
2016-05-01,Shops_excess,0.0095,0.00733909,0.0196986,0.0196986,0.001,0.5
2016-05-01,Hlth_excess,0.0241,0.00796054,0.01421948,0.01421948,0.001,0.5
2016-05-01,Utils_excess,0.0223,0.00600914,0.00964259,0.00964259,0.001,0.5
2016-05-01,Other_excess,0.0119,0.00611782,0.01403576,0.01403576,0.001,0.5
2016-06-01,NoDur_excess,0.0472,0.00698108,0.00855857,0.00855857,0.001,0.5
2016-06-01,Durbl_excess,-0.055,0.00784539,0.00985241,0.00985241,0.001,0.5
2016-06-01,Manuf_excess,0.0089,0.00727968,0.01295563,0.01295563,0.001,0.5
2016-06-01,Enrgy_excess,0.0253,0.00748993,0.01179782,0.01179782,0.001,0.5
2016-06-01,HiTec_excess,-0.0176,0.00807018,0.00863489,0.00863489,0.001,0.5
2016-06-01,Telcm_excess,0.0353,0.0057411,0.00561519,0.00561519,0.001,0.5
2016-06-01,Shops_excess,0.0071,0.0073411,0.01228401,0.01228401,0.001,0.5
2016-06-01,Hlth_excess,-0.0019,0.00797558,0.00989549,0.00989549,0.001,0.5
2016-06-01,Utils_excess,0.0741,0.00602432,0.00372262,0.00372262,0.001,0.5
2016-06-01,Other_excess,-0.0309,0.00612321,0.01003529,0.01003529,0.001,0.5
2016-07-01,NoDur_excess,-0.0008,0.00701853,0.01307965,0.01307965,0.001,0.5
2016-07-01,Durbl_excess,0.0856,0.00778687,0.01698648,0.01698648,0.001,0.5
2016-07-01,Manuf_excess,0.0405,0.00728119,0.01792904,0.01792904,0.001,0.5
2016-07-01,Enrgy_excess,-0.0275,0.00750652,0.01431399,0.01431399,0.001,0.5
2016-07-01,HiTec_excess,0.0751,0.00804628,0.01206611,0.01206611,0.001,0.5
2016-07-01,Telcm_excess,0.0223,0.00576862,0.01029617,0.01029617,0.001,0.5
2016-07-01,Shops_excess,0.0382,0.00734088,0.01741179,0.01741179,0.001,0.5
2016-07-01,Hlth_excess,0.0614,0.00796639,0.01265784,0.01265784,0.001,0.5
2016-07-01,Utils_excess,-0.0027,0.00608771,0.0077927,0.0077927,0.001,0.5
2016-07-01,Other_excess,0.0371,0.00608873,0.01587575,0.01587575,0.001,0.5
2016-08-01,NoDur_excess,-0.0063,0.00701126,0.01892761,0.01892761,0.001,0.5
2016-08-01,Durbl_excess,0.0023,0.00785926,0.02024494,0.02024494,0.001,0.5
2016-08-01,Manuf_excess,0.0138,0.00731209,0.02091232,0.02091232,0.001,0.5
2016-08-01,Enrgy_excess,0.0159,0.00747395,0.01668418,0.01668418,0.001,0.5
2016-08-01,HiTec_excess,0.0177,0.00810865,0.01801156,0.01801156,0.001,0.5
2016-08-01,Telcm_excess,-0.0319,0.005784,0.00994881,0.00994881,0.001,0.5
2016-08-01,Shops_excess,-0.0138,0.00736958,0.02561038,0.02561038,0.001,0.5
2016-08-01,Hlth_excess,-0.0317,0.00801609,0.02021785,0.02021785,0.001,0.5
2016-08-01,Utils_excess,-0.038,0.00607953,0.01325978,0.01325978,0.001,0.5
2016-08-01,Other_excess,0.0327,0.00611758,0.01851392,0.01851392,0.001,0.5
2016-09-01,NoDur_excess,-0.025,0.00699888,0.0133418,0.0133418,0.001,0.5
2016-09-01,Durbl_excess,-0.0156,0.00785409,0.01244369,0.01244369,0.001,0.5
2016-09-01,Manuf_excess,-0.0004,0.00731812,0.01597277,0.01597277,0.001,0.5
2016-09-01,Enrgy_excess,0.0279,0.00748178,0.01421943,0.01421943,0.001,0.5
2016-09-01,HiTec_excess,0.022,0.00811757,0.01281939,0.01281939,0.001,0.5
2016-09-01,Telcm_excess,0.0045,0.00574898,0.00592274,0.00592274,0.001,0.5
2016-09-01,Shops_excess,-0.0064,0.00734991,0.01839122,0.01839122,0.001,0.5
2016-09-01,Hlth_excess,0.0058,0.00797918,0.01519799,0.01519799,0.001,0.5
2016-09-01,Utils_excess,0.0181,0.00603857,0.00839915,0.00839915,0.001,0.5
2016-09-01,Other_excess,-0.0104,0.00614229,0.01272642,0.01272642,0.001,0.5
2016-10-01,NoDur_excess,-0.002,0.00696917,0.00793861,0.00793861,0.001,0.5
2016-10-01,Durbl_excess,-0.0379,0.00783231,0.0065612,0.0065612,0.001,0.5
2016-10-01,Manuf_excess,-0.0257,0.00731096,0.01227016,0.01227016,0.001,0.5
2016-10-01,Enrgy_excess,-0.0298,0.00750074,0.01209397,0.01209397,0.001,0.5
2016-10-01,HiTec_excess,-0.0114,0.00813045,0.00830175,0.00830175,0.001,0.5
2016-10-01,Telcm_excess,-0.0307,0.00574782,0.00329014,0.00329014,0.001,0.5
2016-10-01,Shops_excess,-0.0414,0.00733714,0.01136974,0.01136974,0.001,0.5
2016-10-01,Hlth_excess,-0.0755,0.00797716,0.0107115,0.0107115,0.001,0.5
2016-10-01,Utils_excess,-0.0068,0.00604977,0.00382039,0.00382039,0.001,0.5
2016-10-01,Other_excess,0.0075,0.00612693,0.00770798,0.00770798,0.001,0.5
2016-11-01,NoDur_excess,-0.0388,0.00696085,0.00644427,0.00644427,0.001,0.5
2016-11-01,Durbl_excess,0.0754,0.00778989,0.00348612,0.00348612,0.001,0.5
2016-11-01,Manuf_excess,0.0628,0.00728033,0.00996941,0.00996941,0.001,0.5
2016-11-01,Enrgy_excess,0.0958,0.00746614,0.01063482,0.01063482,0.001,0.5
2016-11-01,HiTec_excess,0.0073,0.00811234,0.00772221,0.00772221,0.001,0.5
2016-11-01,Telcm_excess,0.0653,0.00571401,0.00167218,0.00167218,0.001,0.5
2016-11-01,Shops_excess,0.0427,0.00729193,0.0089848,0.0089848,0.001,0.5
2016-11-01,Hlth_excess,0.0238,0.00789972,0.00940311,0.00940311,0.001,0.5
2016-11-01,Utils_excess,-0.0266,0.00603785,0.00279385,0.00279385,0.001,0.5
2016-11-01,Other_excess,0.1149,0.0061282,0.00542137,0.00542137,0.001,0.5
2016-12-01,NoDur_excess,0.0343,0.00691844,0.00294389,0.00294389,0.001,0.5
2016-12-01,Durbl_excess,0.0395,0.00785255,-0.00137819,0.0,0.001,0.5
2016-12-01,Manuf_excess,0.0046,0.00733179,0.00676066,0.00676066,0.001,0.5
2016-12-01,Enrgy_excess,0.0194,0.00754801,0.00932225,0.00932225,0.001,0.5
2016-12-01,HiTec_excess,0.0089,0.00811158,0.0054083,0.0054083,0.001,0.5
2016-12-01,Telcm_excess,0.0486,0.00576923,-0.00128371,0.0,0.001,0.5
2016-12-01,Shops_excess,-0.0033,0.00732475,0.00482423,0.00482423,0.001,0.5
2016-12-01,Hlth_excess,0.0066,0.00791446,0.00789561,0.00789561,0.001,0.5
2016-12-01,Utils_excess,0.0358,0.0060076,-7.532e-05,0.0,0.001,0.5
2016-12-01,Other_excess,0.0293,0.00622901,0.00114931,0.00114931,0.001,0.5
2017-01-01,NoDur_excess,0.0165,0.0069438,0.01265882,0.01265882,0.001,0.5
2017-01-01,Durbl_excess,0.029,0.00788185,0.01268286,0.01268286,0.001,0.5
2017-01-01,Manuf_excess,0.033,0.00732926,0.0147445,0.0147445,0.001,0.5
2017-01-01,Enrgy_excess,-0.0433,0.00755898,0.01350087,0.01350087,0.001,0.5
2017-01-01,HiTec_excess,0.0456,0.00811231,0.01232769,0.01232769,0.001,0.5
2017-01-01,Telcm_excess,0.0329,0.00580889,0.00699115,0.00699115,0.001,0.5
2017-01-01,Shops_excess,0.0107,0.00731491,0.01684431,0.01684431,0.001,0.5
2017-01-01,Hlth_excess,0.0198,0.00791324,0.01375638,0.01375638,0.001,0.5
2017-01-01,Utils_excess,0.0105,0.00603519,0.00850213,0.00850213,0.001,0.5
2017-01-01,Other_excess,0.0089,0.00625037,0.01265026,0.01265026,0.001,0.5
2017-02-01,NoDur_excess,0.0371,0.00695264,0.00611616,0.00611616,0.001,0.5
2017-02-01,Durbl_excess,0.0068,0.00790139,0.0061222,0.0061222,0.001,0.5
2017-02-01,Manuf_excess,0.0413,0.00735301,0.01006322,0.01006322,0.001,0.5
2017-02-01,Enrgy_excess,-0.025,0.00751193,0.0100774,0.0100774,0.001,0.5
2017-02-01,HiTec_excess,0.048,0.00814699,0.00610209,0.00610209,0.001,0.5
2017-02-01,Telcm_excess,-0.0016,0.00583395,0.00519505,0.00519505,0.001,0.5
2017-02-01,Shops_excess,0.0284,0.00731804,0.00857251,0.00857251,0.001,0.5
2017-02-01,Hlth_excess,0.0693,0.00792424,0.00695057,0.00695057,0.001,0.5
2017-02-01,Utils_excess,0.0381,0.00603932,0.00269706,0.00269706,0.001,0.5
2017-02-01,Other_excess,0.0368,0.00625282,0.00784052,0.00784052,0.001,0.5
2017-03-01,NoDur_excess,0.0085,0.0069805,0.0126521,0.0126521,0.001,0.5
2017-03-01,Durbl_excess,0.0021,0.00790037,0.01362569,0.01362569,0.001,0.5
2017-03-01,Manuf_excess,0.001,0.00738438,0.01483795,0.01483795,0.001,0.5
2017-03-01,Enrgy_excess,-0.0123,0.00748189,0.01251953,0.01251953,0.001,0.5
2017-03-01,HiTec_excess,0.0208,0.00818383,0.01201957,0.01201957,0.001,0.5
2017-03-01,Telcm_excess,0.0085,0.00582708,0.00846629,0.00846629,0.001,0.5
2017-03-01,Shops_excess,0.0076,0.00733752,0.01681046,0.01681046,0.001,0.5
2017-03-01,Hlth_excess,0.0001,0.00798096,0.01283017,0.01283017,0.001,0.5
2017-03-01,Utils_excess,0.0035,0.00606895,0.00899522,0.00899522,0.001,0.5
2017-03-01,Other_excess,-0.0165,0.00628105,0.01367842,0.01367842,0.001,0.5
2017-04-01,NoDur_excess,0.0046,0.0069819,0.00690377,0.00690377,0.001,0.5
2017-04-01,Durbl_excess,0.0164,0.00789501,0.00574107,0.00574107,0.001,0.5
2017-04-01,Manuf_excess,0.0182,0.00737849,0.00987063,0.00987063,0.001,0.5
2017-04-01,Enrgy_excess,-0.0278,0.00746362,0.00929774,0.00929774,0.001,0.5
2017-04-01,HiTec_excess,0.025,0.00819548,0.00851207,0.00851207,0.001,0.5
2017-04-01,Telcm_excess,0.0006,0.00582955,0.00457063,0.00457063,0.001,0.5
2017-04-01,Shops_excess,0.026,0.00733777,0.00896424,0.00896424,0.001,0.5
2017-04-01,Hlth_excess,0.0088,0.00797368,0.00932739,0.00932739,0.001,0.5
2017-04-01,Utils_excess,0.0027,0.00606657,0.00416708,0.00416708,0.001,0.5
2017-04-01,Other_excess,0.0034,0.00626002,0.00703487,0.00703487,0.001,0.5
2017-05-01,NoDur_excess,0.0316,0.0069797,0.01069428,0.01069428,0.001,0.5
2017-05-01,Durbl_excess,-0.0021,0.00790286,0.01081718,0.01081718,0.001,0.5
2017-05-01,Manuf_excess,0.0121,0.00738847,0.0130199,0.0130199,0.001,0.5
2017-05-01,Enrgy_excess,-0.0344,0.00743109,0.01100213,0.01100213,0.001,0.5
2017-05-01,HiTec_excess,0.0405,0.00821098,0.01076678,0.01076678,0.001,0.5
2017-05-01,Telcm_excess,-0.0158,0.00582472,0.00765667,0.00765667,0.001,0.5
2017-05-01,Shops_excess,0.0161,0.00735498,0.01421131,0.01421131,0.001,0.5
2017-05-01,Hlth_excess,-0.0033,0.00797445,0.01159492,0.01159492,0.001,0.5
2017-05-01,Utils_excess,0.0238,0.00606347,0.00783813,0.00783813,0.001,0.5
2017-05-01,Other_excess,-0.0046,0.00625738,0.0114635,0.0114635,0.001,0.5
2017-06-01,NoDur_excess,-0.0118,0.0070024,0.01210237,0.01210237,0.001,0.5
2017-06-01,Durbl_excess,0.0329,0.00789364,0.0122826,0.0122826,0.001,0.5
2017-06-01,Manuf_excess,0.0116,0.00739281,0.01370291,0.01370291,0.001,0.5
2017-06-01,Enrgy_excess,-0.002,0.00739253,0.01095534,0.01095534,0.001,0.5
2017-06-01,HiTec_excess,-0.0209,0.00824074,0.01279215,0.01279215,0.001,0.5
2017-06-01,Telcm_excess,-0.0252,0.00580479,0.00815368,0.00815368,0.001,0.5
2017-06-01,Shops_excess,-0.0194,0.00736304,0.01577938,0.01577938,0.001,0.5
2017-06-01,Hlth_excess,0.0547,0.00796406,0.01314085,0.01314085,0.001,0.5
2017-06-01,Utils_excess,-0.0197,0.00607982,0.00958941,0.00958941,0.001,0.5
2017-06-01,Other_excess,0.0433,0.00624737,0.0122098,0.0122098,0.001,0.5
2017-07-01,NoDur_excess,-0.0013,0.00698508,0.0104032,0.0104032,0.001,0.5
2017-07-01,Durbl_excess,-0.0108,0.00791667,0.00907212,0.00907212,0.001,0.5
2017-07-01,Manuf_excess,0.021,0.00739669,0.01177797,0.01177797,0.001,0.5
2017-07-01,Enrgy_excess,0.0197,0.00738389,0.01016704,0.01016704,0.001,0.5
2017-07-01,HiTec_excess,0.0354,0.0082139,0.01098373,0.01098373,0.001,0.5
2017-07-01,Telcm_excess,0.0526,0.00577624,0.00635537,0.00635537,0.001,0.5
2017-07-01,Shops_excess,0.0013,0.0073384,0.01350836,0.01350836,0.001,0.5
2017-07-01,Hlth_excess,0.0062,0.00800709,0.01244708,0.01244708,0.001,0.5
2017-07-01,Utils_excess,0.0292,0.00605608,0.00852474,0.00852474,0.001,0.5
2017-07-01,Other_excess,0.0137,0.00628149,0.00985825,0.00985825,0.001,0.5
2017-08-01,NoDur_excess,-0.0184,0.00697746,0.0101411,0.0101411,0.001,0.5
2017-08-01,Durbl_excess,-0.0006,0.00789945,0.00835898,0.00835898,0.001,0.5
2017-08-01,Manuf_excess,0.0024,0.0074092,0.01179534,0.01179534,0.001,0.5
2017-08-01,Enrgy_excess,-0.0522,0.00739522,0.00998109,0.00998109,0.001,0.5
2017-08-01,HiTec_excess,0.0291,0.00823891,0.01141212,0.01141212,0.001,0.5
2017-08-01,Telcm_excess,-0.0257,0.00581932,0.00622951,0.00622951,0.001,0.5
2017-08-01,Shops_excess,-0.0169,0.00733284,0.01309137,0.01309137,0.001,0.5
2017-08-01,Hlth_excess,0.025,0.00800543,0.01276043,0.01276043,0.001,0.5
2017-08-01,Utils_excess,0.0209,0.00607737,0.00801559,0.00801559,0.001,0.5
2017-08-01,Other_excess,-0.0066,0.00628832,0.00955044,0.00955044,0.001,0.5
2017-09-01,NoDur_excess,-0.0047,0.00695414,0.00672483,0.00672483,0.001,0.5
2017-09-01,Durbl_excess,0.053,0.00789164,0.00666992,0.00666992,0.001,0.5
2017-09-01,Manuf_excess,0.0385,0.0074046,0.01038248,0.01038248,0.001,0.5
2017-09-01,Enrgy_excess,0.1085,0.00734044,0.00814136,0.00814136,0.001,0.5
2017-09-01,HiTec_excess,0.0051,0.00825809,0.00848217,0.00848217,0.001,0.5
2017-09-01,Telcm_excess,-0.0159,0.00579035,0.00645776,0.00645776,0.001,0.5
2017-09-01,Shops_excess,0.024,0.00731057,0.00887696,0.00887696,0.001,0.5
2017-09-01,Hlth_excess,0.0199,0.00802105,0.00897005,0.00897005,0.001,0.5
2017-09-01,Utils_excess,-0.0204,0.00609099,0.00489096,0.00489096,0.001,0.5
2017-09-01,Other_excess,0.0448,0.00627647,0.00846957,0.00846957,0.001,0.5
2017-10-01,NoDur_excess,-0.0001,0.00694343,0.00643173,0.00643173,0.001,0.5
2017-10-01,Durbl_excess,0.0122,0.00793306,0.0027564,0.0027564,0.001,0.5
2017-10-01,Manuf_excess,0.0267,0.00743315,0.00813224,0.00813224,0.001,0.5
2017-10-01,Enrgy_excess,0.0038,0.00743333,0.00887684,0.00887684,0.001,0.5
2017-10-01,HiTec_excess,0.068,0.00825519,0.00605735,0.00605735,0.001,0.5
2017-10-01,Telcm_excess,-0.0567,0.00577043,0.00384992,0.00384992,0.001,0.5
2017-10-01,Shops_excess,0.026,0.0073259,0.00877979,0.00877979,0.001,0.5
2017-10-01,Hlth_excess,-0.0234,0.00803196,0.00882538,0.00882538,0.001,0.5
2017-10-01,Utils_excess,0.0293,0.00606667,0.00596428,0.00596428,0.001,0.5
2017-10-01,Other_excess,0.0213,0.00631185,0.0056843,0.0056843,0.001,0.5
2017-11-01,NoDur_excess,0.0399,0.00693697,0.00983463,0.00983463,0.001,0.5
2017-11-01,Durbl_excess,-0.0057,0.00793697,0.00832954,0.00832954,0.001,0.5
2017-11-01,Manuf_excess,0.0339,0.00745083,0.01167475,0.01167475,0.001,0.5
2017-11-01,Enrgy_excess,0.0291,0.00743,0.00969606,0.00969606,0.001,0.5
2017-11-01,HiTec_excess,0.0098,0.00831,0.01159605,0.01159605,0.001,0.5
2017-11-01,Telcm_excess,0.0393,0.00571312,0.00584751,0.00584751,0.001,0.5
2017-11-01,Shops_excess,0.0769,0.00734303,0.01298915,0.01298915,0.001,0.5
2017-11-01,Hlth_excess,0.024,0.00800312,0.01261961,0.01261961,0.001,0.5
2017-11-01,Utils_excess,0.0234,0.00608798,0.00820294,0.00820294,0.001,0.5
2017-11-01,Other_excess,0.0384,0.0063256,0.00947676,0.00947676,0.001,0.5
2017-12-01,NoDur_excess,0.0192,0.00696719,0.00698558,0.00698558,0.001,0.5
2017-12-01,Durbl_excess,-0.0081,0.00792447,0.00463341,0.00463341,0.001,0.5
2017-12-01,Manuf_excess,0.0219,0.00747507,0.00949767,0.00949767,0.001,0.5
2017-12-01,Enrgy_excess,0.0491,0.00744986,0.00812617,0.00812617,0.001,0.5
2017-12-01,HiTec_excess,-0.0027,0.00831137,0.0090595,0.0090595,0.001,0.5
2017-12-01,Telcm_excess,0.044,0.0057439,0.00490766,0.00490766,0.001,0.5
2017-12-01,Shops_excess,0.0245,0.00740678,0.00934231,0.00934231,0.001,0.5
2017-12-01,Hlth_excess,-0.0025,0.00801778,0.01026159,0.01026159,0.001,0.5
2017-12-01,Utils_excess,-0.0507,0.00610385,0.00558567,0.00558567,0.001,0.5
2017-12-01,Other_excess,0.0127,0.006355,0.0069518,0.0069518,0.001,0.5
2018-01-01,NoDur_excess,0.0182,0.00697839,0.01470546,0.01470546,0.001,0.5
2018-01-01,Durbl_excess,0.0264,0.0079098,0.01278549,0.01278549,0.001,0.5
2018-01-01,Manuf_excess,0.0398,0.00748828,0.01573252,0.01573252,0.001,0.5
2018-01-01,Enrgy_excess,0.0266,0.007488,0.01245934,0.01245934,0.001,0.5
2018-01-01,HiTec_excess,0.0763,0.00830128,0.01439271,0.01439271,0.001,0.5
2018-01-01,Telcm_excess,0.0304,0.00577894,0.0086311,0.0086311,0.001,0.5
2018-01-01,Shops_excess,0.0927,0.00742244,0.01954342,0.01954342,0.001,0.5
2018-01-01,Hlth_excess,0.0628,0.00800815,0.01642952,0.01642952,0.001,0.5
2018-01-01,Utils_excess,-0.0292,0.00605183,0.01187294,0.01187294,0.001,0.5
2018-01-01,Other_excess,0.058,0.00636081,0.01433224,0.01433224,0.001,0.5
2018-02-01,NoDur_excess,-0.0633,0.00698866,0.00192734,0.00192734,0.001,0.5
2018-02-01,Durbl_excess,-0.0615,0.00792672,-0.00471367,0.0,0.001,0.5
2018-02-01,Manuf_excess,-0.0414,0.00751784,0.00452281,0.00452281,0.001,0.5
2018-02-01,Enrgy_excess,-0.1089,0.00750549,0.00665609,0.00665609,0.001,0.5
2018-02-01,HiTec_excess,-0.0012,0.00836349,0.00173223,0.00173223,0.001,0.5
2018-02-01,Telcm_excess,-0.0716,0.00580146,0.00061056,0.00061056,0.001,0.5
2018-02-01,Shops_excess,-0.0459,0.00750046,0.00341849,0.00341849,0.001,0.5
2018-02-01,Hlth_excess,-0.036,0.00805828,0.00521277,0.00521277,0.001,0.5
2018-02-01,Utils_excess,-0.0465,0.00601958,0.00084556,0.00084556,0.001,0.5
2018-02-01,Other_excess,-0.0343,0.00640805,0.00089,0.00089,0.001,0.5
2018-03-01,NoDur_excess,-0.012,0.00692441,-0.00248403,0.0,0.001,0.5
2018-03-01,Durbl_excess,-0.0569,0.00786325,-0.00961851,0.0,0.001,0.5
2018-03-01,Manuf_excess,-0.0236,0.00747313,0.00124671,0.00124671,0.001,0.5
2018-03-01,Enrgy_excess,0.0295,0.00739909,0.00412986,0.00412986,0.001,0.5
2018-03-01,HiTec_excess,-0.0325,0.00835475,-0.0024223,0.0,0.001,0.5
2018-03-01,Telcm_excess,-0.0265,0.00573071,-0.00259458,0.0,0.001,0.5
2018-03-01,Shops_excess,-0.027,0.00745165,-0.00332818,0.0,0.001,0.5
2018-03-01,Hlth_excess,-0.0251,0.00801801,0.00194041,0.00194041,0.001,0.5
2018-03-01,Utils_excess,0.0305,0.00597157,-0.00238071,0.0,0.001,0.5
2018-03-01,Other_excess,-0.0277,0.00637084,-0.00465531,0.0,0.001,0.5
2018-04-01,NoDur_excess,-0.0409,0.00690712,0.00632845,0.00632845,0.001,0.5
2018-04-01,Durbl_excess,-0.0044,0.00780411,0.00397057,0.00397057,0.001,0.5
2018-04-01,Manuf_excess,-0.0356,0.00744475,0.00973679,0.00973679,0.001,0.5
2018-04-01,Enrgy_excess,0.0979,0.00741927,0.00865836,0.00865836,0.001,0.5
2018-04-01,HiTec_excess,-0.003,0.00831744,0.0067368,0.0067368,0.001,0.5
2018-04-01,Telcm_excess,-0.0245,0.00570128,0.00494879,0.00494879,0.001,0.5
2018-04-01,Shops_excess,0.0364,0.00742018,0.0083985,0.0083985,0.001,0.5
2018-04-01,Hlth_excess,-0.0019,0.00798776,0.00907,0.00907,0.001,0.5
2018-04-01,Utils_excess,0.0264,0.00599397,0.00453367,0.00453367,0.001,0.5
2018-04-01,Other_excess,0.0045,0.00633973,0.00694751,0.00694751,0.001,0.5
2018-05-01,NoDur_excess,-0.0072,0.0068635,0.00133935,0.00133935,0.001,0.5
2018-05-01,Durbl_excess,0.0297,0.00779297,-0.00462967,0.0,0.001,0.5
2018-05-01,Manuf_excess,0.0236,0.00740547,0.00439767,0.00439767,0.001,0.5
2018-05-01,Enrgy_excess,0.0325,0.00750182,0.00688711,0.00688711,0.001,0.5
2018-05-01,HiTec_excess,0.0666,0.00830712,0.00200555,0.00200555,0.001,0.5
2018-05-01,Telcm_excess,-0.0145,0.00567372,0.00055781,0.00055781,0.001,0.5
2018-05-01,Shops_excess,0.0071,0.00744662,0.00259621,0.00259621,0.001,0.5
2018-05-01,Hlth_excess,0.0224,0.00797874,0.005415,0.005415,0.001,0.5
2018-05-01,Utils_excess,0.0013,0.00601259,0.00140749,0.00140749,0.001,0.5
2018-05-01,Other_excess,0.0131,0.00633805,0.00063436,0.00063436,0.001,0.5
2018-06-01,NoDur_excess,0.0419,0.00685068,0.00744505,0.00744505,0.001,0.5
2018-06-01,Durbl_excess,0.0047,0.00781294,0.0046871,0.0046871,0.001,0.5
2018-06-01,Manuf_excess,-0.0112,0.00742024,0.01018779,0.01018779,0.001,0.5
2018-06-01,Enrgy_excess,0.0036,0.00752461,0.00999471,0.00999471,0.001,0.5
2018-06-01,HiTec_excess,-0.0055,0.00836026,0.0077691,0.0077691,0.001,0.5
2018-06-01,Telcm_excess,0.0637,0.00565533,0.00583343,0.00583343,0.001,0.5
2018-06-01,Shops_excess,0.0279,0.00744631,0.01106541,0.01106541,0.001,0.5
2018-06-01,Hlth_excess,0.0133,0.00799189,0.01009476,0.01009476,0.001,0.5
2018-06-01,Utils_excess,0.0243,0.0060083,0.00626474,0.00626474,0.001,0.5
2018-06-01,Other_excess,-0.0108,0.00634421,0.00876823,0.00876823,0.001,0.5
2018-07-01,NoDur_excess,0.0271,0.0068826,0.00307577,0.00307577,0.001,0.5
2018-07-01,Durbl_excess,-0.0132,0.00781011,-0.00127101,0.0,0.001,0.5
2018-07-01,Manuf_excess,0.0506,0.00740328,0.00666767,0.00666767,0.001,0.5
2018-07-01,Enrgy_excess,0.0095,0.00752104,0.00784029,0.00784029,0.001,0.5
2018-07-01,HiTec_excess,0.0239,0.00834763,0.00538411,0.00538411,0.001,0.5
2018-07-01,Telcm_excess,0.0257,0.0057082,0.00303167,0.00303167,0.001,0.5
2018-07-01,Shops_excess,0.0292,0.00746494,0.0050748,0.0050748,0.001,0.5
2018-07-01,Hlth_excess,0.0574,0.00799672,0.00752781,0.00752781,0.001,0.5
2018-07-01,Utils_excess,0.0152,0.00602495,0.00199153,0.00199153,0.001,0.5
2018-07-01,Other_excess,0.0358,0.0063286,0.00386872,0.00386872,0.001,0.5
2018-08-01,NoDur_excess,-0.0132,0.006901,0.0119973,0.0119973,0.001,0.5
2018-08-01,Durbl_excess,-0.007,0.00779099,0.00711681,0.00711681,0.001,0.5
2018-08-01,Manuf_excess,-0.0053,0.00744258,0.01212002,0.01212002,0.001,0.5
2018-08-01,Enrgy_excess,-0.03,0.00752284,0.01123576,0.01123576,0.001,0.5
2018-08-01,HiTec_excess,0.0699,0.00836178,0.01183102,0.01183102,0.001,0.5
2018-08-01,Telcm_excess,0.0273,0.00572639,0.0066186,0.0066186,0.001,0.5
2018-08-01,Shops_excess,0.0783,0.00748471,0.01659453,0.01659453,0.001,0.5
2018-08-01,Hlth_excess,0.0434,0.00804167,0.01507898,0.01507898,0.001,0.5
2018-08-01,Utils_excess,0.0077,0.0060333,0.01094804,0.01094804,0.001,0.5
2018-08-01,Other_excess,0.0224,0.00635541,0.01044512,0.01044512,0.001,0.5
2018-09-01,NoDur_excess,0.0056,0.00688273,0.00692939,0.00692939,0.001,0.5
2018-09-01,Durbl_excess,-0.0384,0.00777755,0.00334855,0.00334855,0.001,0.5
2018-09-01,Manuf_excess,0.011,0.007431,0.00982113,0.00982113,0.001,0.5
2018-09-01,Enrgy_excess,0.0322,0.00748873,0.00911687,0.00911687,0.001,0.5
2018-09-01,HiTec_excess,-0.002,0.00841773,0.00880781,0.00880781,0.001,0.5
2018-09-01,Telcm_excess,0.0164,0.005746,0.00593999,0.00593999,0.001,0.5
2018-09-01,Shops_excess,0.004,0.00754909,0.01051702,0.01051702,0.001,0.5
2018-09-01,Hlth_excess,0.0193,0.00807382,0.01101646,0.01101646,0.001,0.5
2018-09-01,Utils_excess,-0.0072,0.00603482,0.00534592,0.00534592,0.001,0.5
2018-09-01,Other_excess,-0.0165,0.00637,0.00810905,0.00810905,0.001,0.5
2018-10-01,NoDur_excess,-0.0041,0.00688156,0.0101467,0.0101467,0.001,0.5
2018-10-01,Durbl_excess,-0.0318,0.0077356,0.00143962,0.00143962,0.001,0.5
2018-10-01,Manuf_excess,-0.0998,0.00743424,0.00925221,0.00925221,0.001,0.5
2018-10-01,Enrgy_excess,-0.1192,0.00751117,0.010095,0.010095,0.001,0.5
2018-10-01,HiTec_excess,-0.0901,0.00840827,0.00969727,0.00969727,0.001,0.5
2018-10-01,Telcm_excess,-0.006,0.00575568,0.00389159,0.00389159,0.001,0.5
2018-10-01,Shops_excess,-0.0899,0.00754587,0.01512064,0.01512064,0.001,0.5
2018-10-01,Hlth_excess,-0.0898,0.00808401,0.01429421,0.01429421,0.001,0.5
2018-10-01,Utils_excess,-0.0025,0.0060228,0.01012988,0.01012988,0.001,0.5
2018-10-01,Other_excess,-0.0695,0.00634923,0.00683205,0.00683205,0.001,0.5
2018-11-01,NoDur_excess,0.0031,0.0068716,-0.00119206,0.0,0.001,0.5
2018-11-01,Durbl_excess,0.0506,0.00769973,-0.0095107,0.0,0.001,0.5
2018-11-01,Manuf_excess,0.045,0.00733693,0.00143949,0.00143949,0.001,0.5
2018-11-01,Enrgy_excess,-0.0238,0.00739619,0.00482938,0.00482938,0.001,0.5
2018-11-01,HiTec_excess,-0.0176,0.00831887,-0.00047852,0.0,0.001,0.5
2018-11-01,Telcm_excess,0.0234,0.00574501,-0.00082751,0.0,0.001,0.5
2018-11-01,Shops_excess,0.0246,0.00745744,-0.0019796,0.0,0.001,0.5
2018-11-01,Hlth_excess,0.0623,0.00799519,0.00419261,0.00419261,0.001,0.5
2018-11-01,Utils_excess,0.0308,0.00601506,-0.00033184,0.0,0.001,0.5
2018-11-01,Other_excess,0.0266,0.0062804,-0.00403692,0.0,0.001,0.5
2018-12-01,NoDur_excess,-0.115,0.00686818,0.00449736,0.00449736,0.001,0.5
2018-12-01,Durbl_excess,-0.1177,0.00773862,0.00269904,0.00269904,0.001,0.5
2018-12-01,Manuf_excess,-0.0889,0.00737108,0.00983217,0.00983217,0.001,0.5
2018-12-01,Enrgy_excess,-0.1325,0.00736791,0.00814966,0.00814966,0.001,0.5
2018-12-01,HiTec_excess,-0.0841,0.00829538,0.0080533,0.0080533,0.001,0.5
2018-12-01,Telcm_excess,-0.0889,0.00576102,0.00645409,0.00645409,0.001,0.5
2018-12-01,Shops_excess,-0.092,0.00747298,0.00624792,0.00624792,0.001,0.5
2018-12-01,Hlth_excess,-0.0843,0.00804442,0.0105252,0.0105252,0.001,0.5
2018-12-01,Utils_excess,-0.0496,0.00603753,0.00242533,0.00242533,0.001,0.5
2018-12-01,Other_excess,-0.1101,0.00629882,0.00629361,0.00629361,0.001,0.5
2019-01-01,NoDur_excess,0.0708,0.00675779,0.01135357,0.01135357,0.001,0.5
2019-01-01,Durbl_excess,0.1082,0.007625,0.00922013,0.00922013,0.001,0.5
2019-01-01,Manuf_excess,0.0945,0.00728388,0.01358985,0.01358985,0.001,0.5
2019-01-01,Enrgy_excess,0.1013,0.00724121,0.01032433,0.01032433,0.001,0.5
2019-01-01,HiTec_excess,0.0909,0.00821168,0.01172502,0.01172502,0.001,0.5
2019-01-01,Telcm_excess,0.0524,0.00567527,0.00863187,0.00863187,0.001,0.5
2019-01-01,Shops_excess,0.0811,0.00738288,0.01511541,0.01511541,0.001,0.5
2019-01-01,Hlth_excess,0.051,0.00796078,0.0161279,0.0161279,0.001,0.5
2019-01-01,Utils_excess,0.0517,0.00598714,0.01166114,0.01166114,0.001,0.5
2019-01-01,Other_excess,0.0953,0.00619339,0.00988653,0.00988653,0.001,0.5
2019-02-01,NoDur_excess,0.0116,0.00681575,0.01308706,0.01308706,0.001,0.5
2019-02-01,Durbl_excess,0.0356,0.00771602,0.00822756,0.00822756,0.001,0.5
2019-02-01,Manuf_excess,0.0502,0.00736281,0.01283962,0.01283962,0.001,0.5
2019-02-01,Enrgy_excess,0.0229,0.00732633,0.01095335,0.01095335,0.001,0.5
2019-02-01,HiTec_excess,0.0548,0.00828652,0.01133097,0.01133097,0.001,0.5
2019-02-01,Telcm_excess,0.0286,0.00571756,0.00889171,0.00889171,0.001,0.5
2019-02-01,Shops_excess,0.0062,0.00744959,0.01801133,0.01801133,0.001,0.5
2019-02-01,Hlth_excess,0.0312,0.00799973,0.01607341,0.01607341,0.001,0.5
2019-02-01,Utils_excess,0.0337,0.00602851,0.01346418,0.01346418,0.001,0.5
2019-02-01,Other_excess,0.029,0.00627403,0.01115834,0.01115834,0.001,0.5
2019-03-01,NoDur_excess,0.0348,0.00682007,0.00384542,0.00384542,0.001,0.5
2019-03-01,Durbl_excess,-0.0519,0.00774123,-0.00286417,0.0,0.001,0.5
2019-03-01,Manuf_excess,-0.0107,0.00740154,0.00635159,0.00635159,0.001,0.5
2019-03-01,Enrgy_excess,0.0183,0.00734042,0.00665591,0.00665591,0.001,0.5
2019-03-01,HiTec_excess,0.0357,0.00832857,0.00448341,0.00448341,0.001,0.5
2019-03-01,Telcm_excess,0.0041,0.00573825,0.00423055,0.00423055,0.001,0.5
2019-03-01,Shops_excess,0.032,0.00744846,0.00670491,0.00670491,0.001,0.5
2019-03-01,Hlth_excess,0.0032,0.00802071,0.00895288,0.00895288,0.001,0.5
2019-03-01,Utils_excess,0.0314,0.00605353,0.00501759,0.00501759,0.001,0.5
2019-03-01,Other_excess,-0.0155,0.00629458,0.00360377,0.00360377,0.001,0.5
2019-04-01,NoDur_excess,0.0292,0.00684535,0.01374951,0.01374951,0.001,0.5
2019-04-01,Durbl_excess,0.032,0.00768735,0.01093226,0.01093226,0.001,0.5
2019-04-01,Manuf_excess,0.0383,0.00738519,0.01524824,0.01524824,0.001,0.5
2019-04-01,Enrgy_excess,0.0001,0.00735032,0.01236899,0.01236899,0.001,0.5
2019-04-01,HiTec_excess,0.056,0.0083533,0.01204972,0.01204972,0.001,0.5
2019-04-01,Telcm_excess,0.0577,0.00573677,0.01163522,0.01163522,0.001,0.5
2019-04-01,Shops_excess,0.0441,0.00747064,0.01974887,0.01974887,0.001,0.5
2019-04-01,Hlth_excess,-0.0337,0.00801635,0.01541856,0.01541856,0.001,0.5
2019-04-01,Utils_excess,0.0079,0.00607642,0.01308842,0.01308842,0.001,0.5
2019-04-01,Other_excess,0.0646,0.00627489,0.0151272,0.0151272,0.001,0.5
2019-05-01,NoDur_excess,-0.0583,0.00686552,0.00334438,0.00334438,0.001,0.5
2019-05-01,Durbl_excess,-0.1245,0.0077093,-0.00464329,0.0,0.001,0.5
2019-05-01,Manuf_excess,-0.0938,0.00741309,0.00554525,0.00554525,0.001,0.5
2019-05-01,Enrgy_excess,-0.1209,0.00734377,0.00632779,0.00632779,0.001,0.5
2019-05-01,HiTec_excess,-0.0875,0.0083963,0.00371468,0.00371468,0.001,0.5
2019-05-01,Telcm_excess,-0.0321,0.00578366,0.00358755,0.00358755,0.001,0.5
2019-05-01,Shops_excess,-0.0626,0.0075037,0.00620823,0.00620823,0.001,0.5
2019-05-01,Hlth_excess,-0.0361,0.0079787,0.00770872,0.00770872,0.001,0.5
2019-05-01,Utils_excess,-0.0176,0.00607807,0.00446909,0.00446909,0.001,0.5
2019-05-01,Other_excess,-0.0633,0.00632753,0.00311278,0.00311278,0.001,0.5
2019-06-01,NoDur_excess,0.0473,0.00680676,0.0096658,0.0096658,0.001,0.5
2019-06-01,Durbl_excess,0.1294,0.00759008,0.00709225,0.00709225,0.001,0.5
2019-06-01,Manuf_excess,0.0902,0.00732182,0.01312884,0.01312884,0.001,0.5
2019-06-01,Enrgy_excess,0.0865,0.00722813,0.00969622,0.00969622,0.001,0.5
2019-06-01,HiTec_excess,0.0783,0.00830983,0.0109829,0.0109829,0.001,0.5
2019-06-01,Telcm_excess,0.0497,0.0057495,0.00989067,0.00989067,0.001,0.5
2019-06-01,Shops_excess,0.0699,0.00744049,0.01440013,0.01440013,0.001,0.5
2019-06-01,Hlth_excess,0.0664,0.00793895,0.01306565,0.01306565,0.001,0.5
2019-06-01,Utils_excess,0.0346,0.00605672,0.00944231,0.00944231,0.001,0.5
2019-06-01,Other_excess,0.0641,0.00626474,0.0119016,0.0119016,0.001,0.5
2019-07-01,NoDur_excess,0.0141,0.00684324,0.01439663,0.01439663,0.001,0.5
2019-07-01,Durbl_excess,0.0064,0.00769982,0.01011451,0.01011451,0.001,0.5
2019-07-01,Manuf_excess,0.0078,0.00739649,0.01418387,0.01418387,0.001,0.5
2019-07-01,Enrgy_excess,-0.0283,0.00729955,0.01068316,0.01068316,0.001,0.5
2019-07-01,HiTec_excess,0.0344,0.00837288,0.01477846,0.01477846,0.001,0.5
2019-07-01,Telcm_excess,0.0186,0.0057891,0.01047493,0.01047493,0.001,0.5
2019-07-01,Shops_excess,0.0083,0.00749676,0.02037105,0.02037105,0.001,0.5
2019-07-01,Hlth_excess,-0.0235,0.00799162,0.01741015,0.01741015,0.001,0.5
2019-07-01,Utils_excess,-0.012,0.00608243,0.01489931,0.01489931,0.001,0.5
2019-07-01,Other_excess,0.0158,0.00631685,0.01362093,0.01362093,0.001,0.5
2019-08-01,NoDur_excess,-0.0158,0.00684977,0.00662279,0.00662279,0.001,0.5
2019-08-01,Durbl_excess,-0.0484,0.00769865,0.0010954,0.0010954,0.001,0.5
2019-08-01,Manuf_excess,-0.0184,0.00739685,0.00847,0.00847,0.001,0.5
2019-08-01,Enrgy_excess,-0.0867,0.00726751,0.00668353,0.00668353,0.001,0.5
2019-08-01,HiTec_excess,-0.0275,0.00839631,0.0086185,0.0086185,0.001,0.5
2019-08-01,Telcm_excess,0.0013,0.00580063,0.00621538,0.00621538,0.001,0.5
2019-08-01,Shops_excess,-0.0004,0.00749748,0.01047876,0.01047876,0.001,0.5
2019-08-01,Hlth_excess,-0.008,0.00796328,0.01103296,0.01103296,0.001,0.5
2019-08-01,Utils_excess,0.0329,0.00606616,0.00763546,0.00763546,0.001,0.5
2019-08-01,Other_excess,-0.0479,0.00632538,0.00663343,0.00663343,0.001,0.5
2019-09-01,NoDur_excess,0.017,0.00682941,0.01635757,0.01635757,0.001,0.5
2019-09-01,Durbl_excess,0.036,0.0076482,0.01775594,0.01775594,0.001,0.5
2019-09-01,Manuf_excess,0.0366,0.00737365,0.01929383,0.01929383,0.001,0.5
2019-09-01,Enrgy_excess,0.0351,0.007183,0.01290958,0.01290958,0.001,0.5
2019-09-01,HiTec_excess,0.0111,0.00836403,0.01766112,0.01766112,0.001,0.5
2019-09-01,Telcm_excess,0.0108,0.00579658,0.01433574,0.01433574,0.001,0.5
2019-09-01,Shops_excess,0.0065,0.00749038,0.02319833,0.02319833,0.001,0.5
2019-09-01,Hlth_excess,-0.0116,0.00794892,0.01827849,0.01827849,0.001,0.5
2019-09-01,Utils_excess,0.0376,0.00609029,0.01599596,0.01599596,0.001,0.5
2019-09-01,Other_excess,0.0173,0.00627662,0.01846856,0.01846856,0.001,0.5
2019-10-01,NoDur_excess,-0.0007,0.00683854,0.00047375,0.00047375,0.001,0.5
2019-10-01,Durbl_excess,0.0687,0.00767367,-0.00729801,0.0,0.001,0.5
2019-10-01,Manuf_excess,-0.0009,0.00739991,0.00351135,0.00351135,0.001,0.5
2019-10-01,Enrgy_excess,-0.0223,0.00720809,0.00333991,0.00333991,0.001,0.5
2019-10-01,HiTec_excess,0.0313,0.00836649,0.00423157,0.00423157,0.001,0.5
2019-10-01,Telcm_excess,0.0204,0.00580108,0.00164652,0.00164652,0.001,0.5
2019-10-01,Shops_excess,0.0052,0.00748949,0.0026762,0.0026762,0.001,0.5
2019-10-01,Hlth_excess,0.0451,0.00793136,0.00709828,0.00709828,0.001,0.5
2019-10-01,Utils_excess,-0.0154,0.0061186,0.00320543,0.00320543,0.001,0.5
2019-10-01,Other_excess,0.0294,0.00628652,-0.0004061,0.0,0.001,0.5
2019-11-01,NoDur_excess,0.0215,0.00683178,0.00466374,0.00466374,0.001,0.5
2019-11-01,Durbl_excess,0.0279,0.00772846,-0.00055868,0.0,0.001,0.5
2019-11-01,Manuf_excess,0.0314,0.00739246,0.00728356,0.00728356,0.001,0.5
2019-11-01,Enrgy_excess,0.01,0.0071816,0.00597671,0.00597671,0.001,0.5
2019-11-01,HiTec_excess,0.0515,0.00838707,0.00696381,0.00696381,0.001,0.5
2019-11-01,Telcm_excess,0.0235,0.00581418,0.00458194,0.00458194,0.001,0.5
2019-11-01,Shops_excess,0.0199,0.00748743,0.00807541,0.00807541,0.001,0.5
2019-11-01,Hlth_excess,0.0536,0.00796472,0.0096068,0.0096068,0.001,0.5
2019-11-01,Utils_excess,-0.0226,0.00609928,0.00652544,0.00652544,0.001,0.5
2019-11-01,Other_excess,0.0493,0.00630727,0.00444686,0.00444686,0.001,0.5
2019-12-01,NoDur_excess,0.0334,0.00684493,0.00590034,0.00590034,0.001,0.5
2019-12-01,Durbl_excess,0.0526,0.00774655,0.00160837,0.00160837,0.001,0.5
2019-12-01,Manuf_excess,0.012,0.00741399,0.00791828,0.00791828,0.001,0.5
2019-12-01,Enrgy_excess,0.061,0.00718413,0.00583817,0.00583817,0.001,0.5
2019-12-01,HiTec_excess,0.037,0.00842574,0.00958107,0.00958107,0.001,0.5
2019-12-01,Telcm_excess,0.009,0.00583004,0.00547226,0.00547226,0.001,0.5
2019-12-01,Shops_excess,0.0121,0.00749857,0.0094661,0.0094661,0.001,0.5
2019-12-01,Hlth_excess,0.0331,0.00800565,0.01116843,0.01116843,0.001,0.5
2019-12-01,Utils_excess,0.0398,0.00607354,0.00703645,0.00703645,0.001,0.5
2019-12-01,Other_excess,0.0222,0.00634583,0.00581066,0.00581066,0.001,0.5
2020-01-01,NoDur_excess,-0.0056,0.00686873,0.00550656,0.00550656,0.001,0.5
2020-01-01,Durbl_excess,0.0602,0.00778674,-0.00030249,0.0,0.001,0.5
2020-01-01,Manuf_excess,-0.0287,0.0074181,0.00638878,0.00638878,0.001,0.5
2020-01-01,Enrgy_excess,-0.12,0.00723235,0.00524988,0.00524988,0.001,0.5
2020-01-01,HiTec_excess,0.0324,0.00845134,0.00873763,0.00873763,0.001,0.5
2020-01-01,Telcm_excess,-0.0225,0.00583289,0.00398184,0.00398184,0.001,0.5
2020-01-01,Shops_excess,0.0084,0.00750269,0.00846732,0.00846732,0.001,0.5
2020-01-01,Hlth_excess,-0.0212,0.00802814,0.01103592,0.01103592,0.001,0.5
2020-01-01,Utils_excess,0.047,0.00610376,0.00712178,0.00712178,0.001,0.5
2020-01-01,Other_excess,-0.0147,0.00636004,0.00402875,0.00402875,0.001,0.5
2020-02-01,NoDur_excess,-0.0888,0.00685756,0.01048108,0.01048108,0.001,0.5
2020-02-01,Durbl_excess,-0.0737,0.00783366,0.0125349,0.0125349,0.001,0.5
2020-02-01,Manuf_excess,-0.0873,0.00738577,0.01445496,0.01445496,0.001,0.5
2020-02-01,Enrgy_excess,-0.1555,0.00711844,0.00977535,0.00977535,0.001,0.5
2020-02-01,HiTec_excess,-0.0711,0.00847278,0.01257949,0.01257949,0.001,0.5
2020-02-01,Telcm_excess,-0.0634,0.00580752,0.01126633,0.01126633,0.001,0.5
2020-02-01,Shops_excess,-0.0684,0.00750349,0.0159623,0.0159623,0.001,0.5
2020-02-01,Hlth_excess,-0.0549,0.00800197,0.01200592,0.01200592,0.001,0.5
2020-02-01,Utils_excess,-0.1001,0.00614038,0.00992443,0.00992443,0.001,0.5
2020-02-01,Other_excess,-0.0999,0.00634118,0.01421798,0.01421798,0.001,0.5
2020-03-01,NoDur_excess,-0.1099,0.006772,0.00167605,0.00167605,0.001,0.5
2020-03-01,Durbl_excess,-0.2279,0.00776073,0.00280887,0.00280887,0.001,0.5
2020-03-01,Manuf_excess,-0.1703,0.00730107,0.00841345,0.00841345,0.001,0.5
2020-03-01,Enrgy_excess,-0.3459,0.00697299,0.00510088,0.00510088,0.001,0.5
2020-03-01,HiTec_excess,-0.0989,0.00840161,0.00567914,0.00567914,0.001,0.5
2020-03-01,Telcm_excess,-0.1334,0.00574562,0.00509162,0.00509162,0.001,0.5
2020-03-01,Shops_excess,-0.0803,0.0074356,0.00471241,0.00471241,0.001,0.5
2020-03-01,Hlth_excess,-0.0521,0.00794571,0.00650197,0.00650197,0.001,0.5
2020-03-01,Utils_excess,-0.1317,0.00604535,0.00251362,0.00251362,0.001,0.5
2020-03-01,Other_excess,-0.1934,0.00624615,0.00448477,0.00448477,0.001,0.5
2020-04-01,NoDur_excess,0.0775,0.00666774,-0.03224764,0.0,0.001,0.5
2020-04-01,Durbl_excess,0.2549,0.00755013,-0.0406328,0.0,0.001,0.5
2020-04-01,Manuf_excess,0.1086,0.00714236,-0.01735097,0.0,0.001,0.5
2020-04-01,Enrgy_excess,0.3231,0.00665764,-0.00719711,0.0,0.001,0.5
2020-04-01,HiTec_excess,0.1492,0.00830572,-0.04202101,0.0,0.001,0.5
2020-04-01,Telcm_excess,0.0921,0.00562127,-0.034362,0.0,0.001,0.5
2020-04-01,Shops_excess,0.1824,0.00735719,-0.04906653,0.0,0.001,0.5
2020-04-01,Hlth_excess,0.1345,0.00789205,-0.01731572,0.0,0.001,0.5
2020-04-01,Utils_excess,0.0518,0.00592225,-0.01702625,0.0,0.001,0.5
2020-04-01,Other_excess,0.1145,0.00606774,-0.0537926,0.0,0.001,0.5
2020-05-01,NoDur_excess,0.0309,0.00673098,0.01626066,0.01626066,0.001,0.5
2020-05-01,Durbl_excess,0.0712,0.00777098,0.01888745,0.01888745,0.001,0.5
2020-05-01,Manuf_excess,0.0581,0.00723295,0.01803881,0.01803881,0.001,0.5
2020-05-01,Enrgy_excess,0.0055,0.00694018,0.01137297,0.01137297,0.001,0.5
2020-05-01,HiTec_excess,0.0762,0.00843152,0.01905912,0.01905912,0.001,0.5
2020-05-01,Telcm_excess,0.048,0.00569848,0.00784976,0.00784976,0.001,0.5
2020-05-01,Shops_excess,0.0447,0.00751348,0.02336089,0.02336089,0.001,0.5
2020-05-01,Hlth_excess,0.0415,0.00800509,0.01914459,0.01914459,0.001,0.5
2020-05-01,Utils_excess,0.0462,0.00596321,0.01478973,0.01478973,0.001,0.5
2020-05-01,Other_excess,0.0459,0.00616455,0.01242665,0.01242665,0.001,0.5
2020-06-01,NoDur_excess,-0.0015,0.00675254,0.00833661,0.00833661,0.001,0.5
2020-06-01,Durbl_excess,0.1412,0.00782756,0.00857254,0.00857254,0.001,0.5
2020-06-01,Manuf_excess,0.0259,0.00727832,0.01204311,0.01204311,0.001,0.5
2020-06-01,Enrgy_excess,-0.004,0.00693889,0.00384005,0.00384005,0.001,0.5
2020-06-01,HiTec_excess,0.0572,0.00849197,0.01211907,0.01211907,0.001,0.5
2020-06-01,Telcm_excess,-0.0263,0.00573622,0.00446439,0.00446439,0.001,0.5
2020-06-01,Shops_excess,0.0441,0.00754665,0.01436171,0.01436171,0.001,0.5
2020-06-01,Hlth_excess,-0.0145,0.00803497,0.01196385,0.01196385,0.001,0.5
2020-06-01,Utils_excess,-0.0503,0.00599911,0.00717616,0.00717616,0.001,0.5
2020-06-01,Other_excess,0.0049,0.0062,0.00819422,0.00819422,0.001,0.5
2020-07-01,NoDur_excess,0.0586,0.00674519,0.00622022,0.00622022,0.001,0.5
2020-07-01,Durbl_excess,0.1867,0.00794643,0.00831117,0.00831117,0.001,0.5
2020-07-01,Manuf_excess,0.0455,0.00729492,0.01097424,0.01097424,0.001,0.5
2020-07-01,Enrgy_excess,-0.048,0.00692914,0.00556206,0.00556206,0.001,0.5
2020-07-01,HiTec_excess,0.0686,0.00853538,0.00839305,0.00839305,0.001,0.5
2020-07-01,Telcm_excess,0.0505,0.00570766,0.00316011,0.00316011,0.001,0.5
2020-07-01,Shops_excess,0.0942,0.00757923,0.0129686,0.0129686,0.001,0.5
2020-07-01,Hlth_excess,0.0438,0.00801488,0.00843556,0.00843556,0.001,0.5
2020-07-01,Utils_excess,0.0633,0.00594893,0.00405345,0.00405345,0.001,0.5
2020-07-01,Other_excess,0.038,0.00619884,0.00657892,0.00657892,0.001,0.5
2020-08-01,NoDur_excess,0.0444,0.00679136,0.01631047,0.01631047,0.001,0.5
2020-08-01,Durbl_excess,0.4098,0.00810561,0.0217695,0.0217695,0.001,0.5
2020-08-01,Manuf_excess,0.0616,0.00732894,0.01870082,0.01870082,0.001,0.5
2020-08-01,Enrgy_excess,-0.0115,0.00688023,0.00375595,0.00375595,0.001,0.5
2020-08-01,HiTec_excess,0.1061,0.00858887,0.01703907,0.01703907,0.001,0.5
2020-08-01,Telcm_excess,0.0559,0.00574755,0.01020939,0.01020939,0.001,0.5
2020-08-01,Shops_excess,0.0806,0.00765637,0.02569097,0.02569097,0.001,0.5
2020-08-01,Hlth_excess,0.0234,0.00804675,0.0142594,0.0142594,0.001,0.5
2020-08-01,Utils_excess,-0.0226,0.006,0.01285123,0.01285123,0.001,0.5
2020-08-01,Other_excess,0.0678,0.00622716,0.01792953,0.01792953,0.001,0.5
2020-09-01,NoDur_excess,-0.0209,0.00682482,-0.00834719,0.0,0.001,0.5
2020-09-01,Durbl_excess,-0.0905,0.00846299,-0.00703104,0.0,0.001,0.5
2020-09-01,Manuf_excess,-0.0015,0.00737722,-0.00080461,0.0,0.001,0.5
2020-09-01,Enrgy_excess,-0.15,0.00686388,-0.00262645,0.0,0.001,0.5
2020-09-01,HiTec_excess,-0.0525,0.00867562,-0.00040459,0.0,0.001,0.5
2020-09-01,Telcm_excess,-0.0198,0.00579217,-0.00528296,0.0,0.001,0.5
2020-09-01,Shops_excess,-0.0387,0.00772126,-0.00468146,0.0,0.001,0.5
2020-09-01,Hlth_excess,-0.0144,0.00806041,-0.00032816,0.0,0.001,0.5
2020-09-01,Utils_excess,-0.0033,0.00597456,-0.00882621,0.0,0.001,0.5
2020-09-01,Other_excess,-0.0296,0.00628194,-0.00635872,0.0,0.001,0.5
2020-10-01,NoDur_excess,-0.0271,0.00680018,0.0023849,0.0023849,0.001,0.5
2020-10-01,Durbl_excess,-0.0326,0.00837502,0.0092107,0.0092107,0.001,0.5
2020-10-01,Manuf_excess,-0.0077,0.00736933,0.0084584,0.0084584,0.001,0.5
2020-10-01,Enrgy_excess,-0.0447,0.00672444,0.00127037,0.00127037,0.001,0.5
2020-10-01,HiTec_excess,-0.0179,0.00862124,0.00833526,0.00833526,0.001,0.5
2020-10-01,Telcm_excess,-0.039,0.00576942,0.00199039,0.00199039,0.001,0.5
2020-10-01,Shops_excess,-0.027,0.00768,0.00862505,0.00862505,0.001,0.5
2020-10-01,Hlth_excess,-0.0438,0.00804044,0.00677152,0.00677152,0.001,0.5
2020-10-01,Utils_excess,0.0446,0.00596631,0.00026753,0.00026753,0.001,0.5
2020-10-01,Other_excess,-0.0171,0.00625004,0.00388433,0.00388433,0.001,0.5
2020-11-01,NoDur_excess,0.1001,0.00677007,-0.00034777,0.0,0.001,0.5
2020-11-01,Durbl_excess,0.3389,0.00833863,0.0031384,0.0031384,0.001,0.5
2020-11-01,Manuf_excess,0.1395,0.00735595,0.00502649,0.00502649,0.001,0.5
2020-11-01,Enrgy_excess,0.2852,0.00667877,-0.0016448,0.0,0.001,0.5
2020-11-01,HiTec_excess,0.1071,0.00859769,0.0059259,0.0059259,0.001,0.5
2020-11-01,Telcm_excess,0.1446,0.00572966,-0.00110179,0.0,0.001,0.5
2020-11-01,Shops_excess,0.0829,0.0076492,0.00413949,0.00413949,0.001,0.5
2020-11-01,Hlth_excess,0.0982,0.0079944,0.00475998,0.00475998,0.001,0.5
2020-11-01,Utils_excess,0.0265,0.00600062,-0.00071827,0.0,0.001,0.5
2020-11-01,Other_excess,0.1587,0.00622931,-0.00017695,0.0,0.001,0.5
2020-12-01,NoDur_excess,0.049,0.00685288,0.01777328,0.01777328,0.001,0.5
2020-12-01,Durbl_excess,0.1538,0.00863194,0.03032619,0.03032619,0.001,0.5
2020-12-01,Manuf_excess,0.0251,0.0074732,0.01889531,0.01889531,0.001,0.5
2020-12-01,Enrgy_excess,0.0568,0.00692591,0.00428361,0.00428361,0.001,0.5
2020-12-01,HiTec_excess,0.0507,0.00868509,0.02047341,0.02047341,0.001,0.5
2020-12-01,Telcm_excess,0.0511,0.00585288,0.01008163,0.01008163,0.001,0.5
2020-12-01,Shops_excess,0.0137,0.00771597,0.02653046,0.02653046,0.001,0.5
2020-12-01,Hlth_excess,0.047,0.00807445,0.01548442,0.01548442,0.001,0.5
2020-12-01,Utils_excess,0.0061,0.00601881,0.01304794,0.01304794,0.001,0.5
2020-12-01,Other_excess,0.0566,0.0063646,0.01819367,0.01819367,0.001,0.5
2021-01-01,NoDur_excess,-0.0415,0.00689025,0.00374495,0.00374495,0.001,0.5
2021-01-01,Durbl_excess,0.1148,0.00876064,0.01213996,0.01213996,0.001,0.5
2021-01-01,Manuf_excess,-0.0232,0.00748883,0.00798874,0.00798874,0.001,0.5
2021-01-01,Enrgy_excess,0.0505,0.00697012,5.143e-05,5.143e-05,0.001,0.5
2021-01-01,HiTec_excess,0.0056,0.00872234,0.00914415,0.00914415,0.001,0.5
2021-01-01,Telcm_excess,-0.0355,0.005893,0.00238275,0.00238275,0.001,0.5
2021-01-01,Shops_excess,-0.0006,0.00772128,0.00871778,0.00871778,0.001,0.5
2021-01-01,Hlth_excess,0.0342,0.00810895,0.00628767,0.00628767,0.001,0.5
2021-01-01,Utils_excess,-0.0044,0.00601888,0.00076076,0.00076076,0.001,0.5
2021-01-01,Other_excess,-0.0272,0.00640913,0.00551527,0.00551527,0.001,0.5
2021-02-01,NoDur_excess,0.0132,0.00684739,-0.00549024,0.0,0.001,0.5
2021-02-01,Durbl_excess,-0.0808,0.00885456,-0.00112451,0.0,0.001,0.5
2021-02-01,Manuf_excess,0.0553,0.00746165,0.00043842,0.00043842,0.001,0.5
2021-02-01,Enrgy_excess,0.2362,0.00700868,-0.00016529,0.0,0.001,0.5
2021-02-01,HiTec_excess,0.0136,0.00871957,0.0006557,0.0006557,0.001,0.5
2021-02-01,Telcm_excess,0.0426,0.00585633,-0.00297989,0.0,0.001,0.5
2021-02-01,Shops_excess,-0.0165,0.00771391,-0.00271027,0.0,0.001,0.5
2021-02-01,Hlth_excess,-0.0125,0.00813206,0.00029531,0.00029531,0.001,0.5
2021-02-01,Utils_excess,-0.0459,0.00600965,-0.00514882,0.0,0.001,0.5
2021-02-01,Other_excess,0.0979,0.00637936,-0.00385397,0.0,0.001,0.5
2021-03-01,NoDur_excess,0.0728,0.00685301,-0.00414786,0.0,0.001,0.5
2021-03-01,Durbl_excess,0.0087,0.00877522,-0.00297576,0.0,0.001,0.5
2021-03-01,Manuf_excess,0.0771,0.00750398,-0.00037895,0.0,0.001,0.5
2021-03-01,Enrgy_excess,0.0228,0.0072115,0.00198247,0.00198247,0.001,0.5
2021-03-01,HiTec_excess,0.0087,0.00872389,0.00040597,0.00040597,0.001,0.5
2021-03-01,Telcm_excess,0.0163,0.00588885,-0.00277419,0.0,0.001,0.5
2021-03-01,Shops_excess,0.0573,0.00769248,-0.00303965,0.0,0.001,0.5
2021-03-01,Hlth_excess,-0.0009,0.00811381,0.00017422,0.00017422,0.001,0.5
2021-03-01,Utils_excess,0.1039,0.00596372,-0.00289084,0.0,0.001,0.5
2021-03-01,Other_excess,0.0526,0.00646035,-0.00347641,0.0,0.001,0.5
2021-04-01,NoDur_excess,0.0332,0.00691132,-0.00672917,0.0,0.001,0.5
2021-04-01,Durbl_excess,0.044,0.00877515,-0.0063402,0.0,0.001,0.5
2021-04-01,Manuf_excess,0.0244,0.00756552,-0.00193194,0.0,0.001,0.5
2021-04-01,Enrgy_excess,0.0075,0.00722529,0.00200823,0.00200823,0.001,0.5
2021-04-01,HiTec_excess,0.0642,0.00872387,-0.00232898,0.0,0.001,0.5
2021-04-01,Telcm_excess,0.0308,0.00589805,-0.00260942,0.0,0.001,0.5
2021-04-01,Shops_excess,0.0703,0.00773634,-0.00637383,0.0,0.001,0.5
2021-04-01,Hlth_excess,0.0296,0.00810584,-0.00268987,0.0,0.001,0.5
2021-04-01,Utils_excess,0.0398,0.00605031,-0.00413711,0.0,0.001,0.5
2021-04-01,Other_excess,0.057,0.00650115,-0.00531146,0.0,0.001,0.5
2021-05-01,NoDur_excess,0.0197,0.00693454,0.00109665,0.00109665,0.001,0.5
2021-05-01,Durbl_excess,-0.0533,0.00880627,0.00844226,0.00844226,0.001,0.5
2021-05-01,Manuf_excess,0.0277,0.00758039,0.00501757,0.00501757,0.001,0.5
2021-05-01,Enrgy_excess,0.062,0.00722553,0.00351925,0.00351925,0.001,0.5
2021-05-01,HiTec_excess,-0.0089,0.00877288,0.00521773,0.00521773,0.001,0.5
2021-05-01,Telcm_excess,-0.0051,0.00592005,0.00467718,0.00467718,0.001,0.5
2021-05-01,Shops_excess,-0.0215,0.00779161,0.00448259,0.00448259,0.001,0.5
2021-05-01,Hlth_excess,-0.0012,0.00812482,0.0020348,0.0020348,0.001,0.5
2021-05-01,Utils_excess,-0.0116,0.00608012,0.00204521,0.00204521,0.001,0.5
2021-05-01,Other_excess,0.0277,0.00654576,0.00491485,0.00491485,0.001,0.5
2021-06-01,NoDur_excess,-0.0081,0.00694581,-6.756e-05,0.0,0.001,0.5
2021-06-01,Durbl_excess,0.0556,0.00875146,0.00373957,0.00373957,0.001,0.5
2021-06-01,Manuf_excess,-0.0101,0.00759815,0.00344018,0.00344018,0.001,0.5
2021-06-01,Enrgy_excess,0.0553,0.00727387,0.00442023,0.00442023,0.001,0.5
2021-06-01,HiTec_excess,0.0677,0.00875728,0.00354617,0.00354617,0.001,0.5
2021-06-01,Telcm_excess,-0.0001,0.00591033,0.00293271,0.00293271,0.001,0.5
2021-06-01,Shops_excess,0.0293,0.00776575,0.00198299,0.00198299,0.001,0.5
2021-06-01,Hlth_excess,0.0441,0.00811659,0.00155339,0.00155339,0.001,0.5
2021-06-01,Utils_excess,-0.0142,0.00606452,0.00197727,0.00197727,0.001,0.5
2021-06-01,Other_excess,-0.0202,0.00656443,0.00268169,0.00268169,0.001,0.5
2021-07-01,NoDur_excess,0.0023,0.00693254,0.0074631,0.0074631,0.001,0.5
2021-07-01,Durbl_excess,-0.0096,0.00879277,0.01623013,0.01623013,0.001,0.5
2021-07-01,Manuf_excess,0.0133,0.00758254,0.00926894,0.00926894,0.001,0.5
2021-07-01,Enrgy_excess,-0.0866,0.00731623,0.00666499,0.00666499,0.001,0.5
2021-07-01,HiTec_excess,0.036,0.00880926,0.01022664,0.01022664,0.001,0.5
2021-07-01,Telcm_excess,0.0036,0.00590503,0.00848456,0.00848456,0.001,0.5
2021-07-01,Shops_excess,0.0025,0.00778474,0.01178325,0.01178325,0.001,0.5
2021-07-01,Hlth_excess,0.0284,0.00814832,0.00641909,0.00641909,0.001,0.5
2021-07-01,Utils_excess,0.0297,0.00604665,0.00827189,0.00827189,0.001,0.5
2021-07-01,Other_excess,-0.0057,0.00654083,0.01079308,0.01079308,0.001,0.5
2021-08-01,NoDur_excess,-0.0028,0.00692846,0.00246379,0.00246379,0.001,0.5
2021-08-01,Durbl_excess,0.0178,0.00877656,0.00950099,0.00950099,0.001,0.5
2021-08-01,Manuf_excess,0.0055,0.00758758,0.00687371,0.00687371,0.001,0.5
2021-08-01,Enrgy_excess,-0.0116,0.00723348,0.00574985,0.00574985,0.001,0.5
2021-08-01,HiTec_excess,0.0464,0.00883322,0.00873824,0.00873824,0.001,0.5
2021-08-01,Telcm_excess,0.0137,0.005903,0.00578588,0.00578588,0.001,0.5
2021-08-01,Shops_excess,0.0241,0.00778009,0.00620457,0.00620457,0.001,0.5
2021-08-01,Hlth_excess,0.0284,0.00816617,0.00557145,0.00557145,0.001,0.5
2021-08-01,Utils_excess,0.0323,0.00606749,0.00423448,0.00423448,0.001,0.5
2021-08-01,Other_excess,0.027,0.00653004,0.00654396,0.00654396,0.001,0.5
2021-09-01,NoDur_excess,-0.0458,0.00691989,4.618e-05,4.618e-05,0.001,0.5
2021-09-01,Durbl_excess,0.028,0.00878451,0.00378508,0.00378508,0.001,0.5
2021-09-01,Manuf_excess,-0.0579,0.00758574,0.00421222,0.00421222,0.001,0.5
2021-09-01,Enrgy_excess,0.1108,0.0072169,0.0048458,0.0048458,0.001,0.5
2021-09-01,HiTec_excess,-0.0614,0.00886629,0.00735762,0.00735762,0.001,0.5
2021-09-01,Telcm_excess,-0.0558,0.00590986,0.00288126,0.00288126,0.001,0.5
2021-09-01,Shops_excess,-0.0438,0.00779445,0.00242188,0.00242188,0.001,0.5
2021-09-01,Hlth_excess,-0.0602,0.00818398,0.00493097,0.00493097,0.001,0.5
2021-09-01,Utils_excess,-0.0487,0.00609058,0.00314983,0.00314983,0.001,0.5
2021-09-01,Other_excess,-0.0245,0.00654806,0.00304768,0.00304768,0.001,0.5
2021-10-01,NoDur_excess,0.0374,0.00687353,-0.00143783,0.0,0.001,0.5
2021-10-01,Durbl_excess,0.3078,0.00880141,6.886e-05,6.886e-05,0.001,0.5
2021-10-01,Manuf_excess,0.0499,0.00752814,0.00173017,0.00173017,0.001,0.5
2021-10-01,Enrgy_excess,0.1027,0.007308,0.00573864,0.00573864,0.001,0.5
2021-10-01,HiTec_excess,0.0814,0.00880449,0.00487364,0.00487364,0.001,0.5
2021-10-01,Telcm_excess,-0.0424,0.00585558,0.00117851,0.00117851,0.001,0.5
2021-10-01,Shops_excess,0.0515,0.00774908,-0.00028315,0.0,0.001,0.5
2021-10-01,Hlth_excess,0.0223,0.00812383,0.0036427,0.0036427,0.001,0.5
2021-10-01,Utils_excess,0.0511,0.00604239,0.00275867,0.00275867,0.001,0.5
2021-10-01,Other_excess,0.0668,0.00652076,0.00010579,0.00010579,0.001,0.5
2021-11-01,NoDur_excess,-0.0388,0.00690035,0.00320755,0.00320755,0.001,0.5
2021-11-01,Durbl_excess,0.0204,0.00906415,0.01028285,0.01028285,0.001,0.5
2021-11-01,Manuf_excess,-0.007,0.00756538,0.0057389,0.0057389,0.001,0.5
2021-11-01,Enrgy_excess,-0.0541,0.00739183,0.00716803,0.00716803,0.001,0.5
2021-11-01,HiTec_excess,0.0144,0.00886828,0.00740125,0.00740125,0.001,0.5
2021-11-01,Telcm_excess,-0.072,0.00581318,0.00502193,0.00502193,0.001,0.5
2021-11-01,Shops_excess,0.0146,0.00778752,0.00614706,0.00614706,0.001,0.5
2021-11-01,Hlth_excess,-0.0427,0.00813629,0.00466239,0.00466239,0.001,0.5
2021-11-01,Utils_excess,-0.0198,0.00608199,0.00620369,0.00620369,0.001,0.5
2021-11-01,Other_excess,-0.0549,0.00657373,0.00632742,0.00632742,0.001,0.5
2021-12-01,NoDur_excess,0.0807,0.00686023,-0.00033967,0.0,0.001,0.5
2021-12-01,Durbl_excess,-0.0466,0.0090741,0.00677312,0.00677312,0.001,0.5
2021-12-01,Manuf_excess,0.0581,0.00755259,0.00437513,0.00437513,0.001,0.5
2021-12-01,Enrgy_excess,0.0305,0.00733784,0.00723661,0.00723661,0.001,0.5
2021-12-01,HiTec_excess,0.0167,0.00887313,0.00677492,0.00677492,0.001,0.5
2021-12-01,Telcm_excess,0.0395,0.00574486,0.00379586,0.00379586,0.001,0.5
2021-12-01,Shops_excess,0.0152,0.0077935,0.00258651,0.00258651,0.001,0.5
2021-12-01,Hlth_excess,0.0658,0.00809166,0.00389985,0.00389985,0.001,0.5
2021-12-01,Utils_excess,0.0856,0.00605926,0.00301398,0.00301398,0.001,0.5
2021-12-01,Other_excess,0.0494,0.00651975,0.00372584,0.00372584,0.001,0.5
2022-01-01,NoDur_excess,-0.0065,0.006925,-0.00106255,0.0,0.001,0.5
2022-01-01,Durbl_excess,-0.1031,0.00902526,0.00295886,0.00295886,0.001,0.5
2022-01-01,Manuf_excess,-0.0584,0.00759693,0.00304852,0.00304852,0.001,0.5
2022-01-01,Enrgy_excess,0.1742,0.00735816,0.00802052,0.00802052,0.001,0.5
2022-01-01,HiTec_excess,-0.0843,0.00888,0.00569623,0.00569623,0.001,0.5
2022-01-01,Telcm_excess,-0.0193,0.00577447,0.00152741,0.00152741,0.001,0.5
2022-01-01,Shops_excess,-0.0883,0.0078,0.00048796,0.00048796,0.001,0.5
2022-01-01,Hlth_excess,-0.0877,0.00814228,0.00399977,0.00399977,0.001,0.5
2022-01-01,Utils_excess,-0.021,0.00612904,0.00355203,0.00355203,0.001,0.5
2022-01-01,Other_excess,-0.0326,0.00655737,0.00133066,0.00133066,0.001,0.5
2022-02-01,NoDur_excess,-0.0057,0.00691323,-0.00776024,0.0,0.001,0.5
2022-02-01,Durbl_excess,-0.0707,0.00892699,-0.00851226,0.0,0.001,0.5
2022-02-01,Manuf_excess,-0.0123,0.00753909,-0.00282079,0.0,0.001,0.5
2022-02-01,Enrgy_excess,0.0836,0.00750438,0.00817894,0.00817894,0.001,0.5
2022-02-01,HiTec_excess,-0.0452,0.00879833,-0.00271894,0.0,0.001,0.5
2022-02-01,Telcm_excess,0.0029,0.0057525,-0.00201069,0.0,0.001,0.5
2022-02-01,Shops_excess,-0.0155,0.00771578,-0.00818989,0.0,0.001,0.5
2022-02-01,Hlth_excess,-0.0101,0.00805828,-0.00234588,0.0,0.001,0.5
2022-02-01,Utils_excess,-0.0109,0.00610526,-0.00219142,0.0,0.001,0.5
2022-02-01,Other_excess,-0.0172,0.00652305,-0.00527419,0.0,0.001,0.5
2022-03-01,NoDur_excess,0.0044,0.00690219,-0.00512077,0.0,0.001,0.5
2022-03-01,Durbl_excess,0.1502,0.00885727,-0.00545868,0.0,0.001,0.5
2022-03-01,Manuf_excess,0.0091,0.00752172,-0.00074745,0.0,0.001,0.5
2022-03-01,Enrgy_excess,0.0978,0.00757102,0.00956513,0.00956513,0.001,0.5
2022-03-01,HiTec_excess,0.0327,0.00875105,-0.00141325,0.0,0.001,0.5
2022-03-01,Telcm_excess,-0.0243,0.00575,-3.285e-05,0.0,0.001,0.5
2022-03-01,Shops_excess,0.0297,0.00769545,-0.00479028,0.0,0.001,0.5
2022-03-01,Hlth_excess,0.0514,0.00804238,-0.00071736,0.0,0.001,0.5
2022-03-01,Utils_excess,0.0968,0.00609037,-0.00036043,0.0,0.001,0.5
2022-03-01,Other_excess,0.0108,0.00650228,-0.00296245,0.0,0.001,0.5
2022-04-01,NoDur_excess,0.0225,0.0069,-0.00303402,0.0,0.001,0.5
2022-04-01,Durbl_excess,-0.1691,0.00898093,-0.00210231,0.0,0.001,0.5
2022-04-01,Manuf_excess,-0.053,0.0075231,0.00011054,0.00011054,0.001,0.5
2022-04-01,Enrgy_excess,-0.0129,0.00764996,0.01122422,0.01122422,0.001,0.5
2022-04-01,HiTec_excess,-0.1261,0.008772,-0.00217014,0.0,0.001,0.5
2022-04-01,Telcm_excess,-0.1057,0.00572371,-0.00074998,0.0,0.001,0.5
2022-04-01,Shops_excess,-0.0979,0.0077147,-0.00235731,0.0,0.001,0.5
2022-04-01,Hlth_excess,-0.0692,0.00808031,-0.00080279,0.0,0.001,0.5
2022-04-01,Utils_excess,-0.0372,0.00616973,0.00200507,0.00200507,0.001,0.5
2022-04-01,Other_excess,-0.0914,0.00650604,-0.0017596,0.0,0.001,0.5
2022-05-01,NoDur_excess,-0.0166,0.00691364,-0.00776943,0.0,0.001,0.5
2022-05-01,Durbl_excess,-0.0907,0.00882526,-0.01260377,0.0,0.001,0.5
2022-05-01,Manuf_excess,-0.004,0.00747019,-0.0031393,0.0,0.001,0.5
2022-05-01,Enrgy_excess,0.1554,0.00763199,0.01142978,0.01142978,0.001,0.5
2022-05-01,HiTec_excess,-0.0212,0.00865411,-0.00498096,0.0,0.001,0.5
2022-05-01,Telcm_excess,0.0863,0.00562631,-0.00409238,0.0,0.001,0.5
2022-05-01,Shops_excess,-0.0413,0.00762238,-0.00953315,0.0,0.001,0.5
2022-05-01,Hlth_excess,0.0093,0.00801276,-0.00153013,0.0,0.001,0.5
2022-05-01,Utils_excess,0.0477,0.00613182,-0.00346118,0.0,0.001,0.5
2022-05-01,Other_excess,0.0059,0.00642045,-0.00771818,0.0,0.001,0.5
2022-06-01,NoDur_excess,-0.0395,0.0068931,0.00433678,0.00433678,0.001,0.5
2022-06-01,Durbl_excess,-0.119,0.00873834,0.00545362,0.00545362,0.001,0.5
2022-06-01,Manuf_excess,-0.0951,0.00746017,0.00523966,0.00523966,0.001,0.5
2022-06-01,Enrgy_excess,-0.1661,0.00776105,0.0129987,0.0129987,0.001,0.5
2022-06-01,HiTec_excess,-0.0819,0.00862803,0.00273176,0.00273176,0.001,0.5
2022-06-01,Telcm_excess,-0.0669,0.00569677,0.00393003,0.00393003,0.001,0.5
2022-06-01,Shops_excess,-0.0779,0.00757965,0.00570253,0.00570253,0.001,0.5
2022-06-01,Hlth_excess,-0.0208,0.00801389,0.00412283,0.00412283,0.001,0.5
2022-06-01,Utils_excess,-0.066,0.00616812,0.0070015,0.0070015,0.001,0.5
2022-06-01,Other_excess,-0.1002,0.00642,0.00312894,0.00312894,0.001,0.5
2022-07-01,NoDur_excess,0.0405,0.00685262,-0.00644582,0.0,0.001,0.5
2022-07-01,Durbl_excess,0.2757,0.00862688,-0.01278211,0.0,0.001,0.5
2022-07-01,Manuf_excess,0.0825,0.00737068,-0.00345637,0.0,0.001,0.5
2022-07-01,Enrgy_excess,0.1039,0.00760934,0.00960428,0.00960428,0.001,0.5
2022-07-01,HiTec_excess,0.1159,0.00854904,-0.0080071,0.0,0.001,0.5
2022-07-01,Telcm_excess,-0.0011,0.00563342,-0.00171982,0.0,0.001,0.5
2022-07-01,Shops_excess,0.1462,0.00750506,-0.00809415,0.0,0.001,0.5
2022-07-01,Hlth_excess,0.0269,0.00798874,-0.00304487,0.0,0.001,0.5
2022-07-01,Utils_excess,0.0619,0.00610515,-0.0019532,0.0,0.001,0.5
2022-07-01,Other_excess,0.0878,0.00632696,-0.00749278,0.0,0.001,0.5
2022-08-01,NoDur_excess,-0.0201,0.00688195,0.0124896,0.0124896,0.001,0.5
2022-08-01,Durbl_excess,-0.0598,0.00885972,0.01686067,0.01686067,0.001,0.5
2022-08-01,Manuf_excess,-0.0368,0.00743618,0.01134161,0.01134161,0.001,0.5
2022-08-01,Enrgy_excess,0.0316,0.00769329,0.00898162,0.00898162,0.001,0.5
2022-08-01,HiTec_excess,-0.0556,0.00864263,0.01391754,0.01391754,0.001,0.5
2022-08-01,Telcm_excess,-0.0306,0.00562755,0.00887912,0.00887912,0.001,0.5
2022-08-01,Shops_excess,-0.033,0.00762598,0.01634654,0.01634654,0.001,0.5
2022-08-01,Hlth_excess,-0.0523,0.00800523,0.01400413,0.01400413,0.001,0.5
2022-08-01,Utils_excess,-0.0008,0.00615379,0.01285235,0.01285235,0.001,0.5
2022-08-01,Other_excess,-0.0271,0.00639799,0.01105551,0.01105551,0.001,0.5
2022-09-01,NoDur_excess,-0.0856,0.00685845,0.00036835,0.00036835,0.001,0.5
2022-09-01,Durbl_excess,-0.0674,0.00879991,-0.00297334,0.0,0.001,0.5
2022-09-01,Manuf_excess,-0.1173,0.00739765,0.00187899,0.00187899,0.001,0.5
2022-09-01,Enrgy_excess,-0.0944,0.00771411,0.00878361,0.00878361,0.001,0.5
2022-09-01,HiTec_excess,-0.1168,0.00858667,0.00310378,0.00310378,0.001,0.5
2022-09-01,Telcm_excess,-0.1405,0.00559599,0.00088411,0.00088411,0.001,0.5
2022-09-01,Shops_excess,-0.0782,0.00759059,0.00090764,0.00090764,0.001,0.5
2022-09-01,Hlth_excess,-0.0211,0.0079527,0.00670264,0.00670264,0.001,0.5
2022-09-01,Utils_excess,-0.118,0.00614774,0.00384214,0.00384214,0.001,0.5
2022-09-01,Other_excess,-0.0829,0.00636882,-0.0011321,0.0,0.001,0.5
2022-10-01,NoDur_excess,0.0973,0.00677798,-0.00599408,0.0,0.001,0.5
2022-10-01,Durbl_excess,-0.0685,0.00873359,-0.01313871,0.0,0.001,0.5
2022-10-01,Manuf_excess,0.1198,0.00728912,-0.00365283,0.0,0.001,0.5
2022-10-01,Enrgy_excess,0.2323,0.00762524,0.00801386,0.00801386,0.001,0.5
2022-10-01,HiTec_excess,0.0483,0.00847755,-0.00430579,0.0,0.001,0.5
2022-10-01,Telcm_excess,0.1037,0.00546884,-0.00344109,0.0,0.001,0.5
2022-10-01,Shops_excess,0.0412,0.00751593,-0.00714873,0.0,0.001,0.5
2022-10-01,Hlth_excess,0.0855,0.00792742,0.00223096,0.00223096,0.001,0.5
2022-10-01,Utils_excess,0.0322,0.00603969,-0.00166169,0.0,0.001,0.5
2022-10-01,Other_excess,0.1125,0.00629112,-0.0080436,0.0,0.001,0.5
2022-11-01,NoDur_excess,0.0502,0.0068567,0.0034498,0.0034498,0.001,0.5
2022-11-01,Durbl_excess,-0.0837,0.00866643,-0.00156205,0.0,0.001,0.5
2022-11-01,Manuf_excess,0.0873,0.00738696,0.00254984,0.00254984,0.001,0.5
2022-11-01,Enrgy_excess,0.0075,0.00782061,0.00858417,0.00858417,0.001,0.5
2022-11-01,HiTec_excess,0.0508,0.00851217,0.00117246,0.00117246,0.001,0.5
2022-11-01,Telcm_excess,0.0189,0.00555426,0.00184502,0.00184502,0.001,0.5
2022-11-01,Shops_excess,0.035,0.00754522,0.00400561,0.00400561,0.001,0.5
2022-11-01,Hlth_excess,0.0506,0.00799487,0.00690077,0.00690077,0.001,0.5
2022-11-01,Utils_excess,0.0656,0.00606243,0.00471864,0.00471864,0.001,0.5
2022-11-01,Other_excess,0.0561,0.00638348,-0.00024144,0.0,0.001,0.5
2022-12-01,NoDur_excess,-0.0296,0.00689435,0.01701399,0.01701399,0.001,0.5
2022-12-01,Durbl_excess,-0.284,0.00858619,0.01925495,0.01925495,0.001,0.5
2022-12-01,Manuf_excess,-0.0269,0.00745639,0.01309291,0.01309291,0.001,0.5
2022-12-01,Enrgy_excess,-0.0457,0.00782033,0.00809107,0.00809107,0.001,0.5
2022-12-01,HiTec_excess,-0.0828,0.00854891,0.01473563,0.01473563,0.001,0.5
2022-12-01,Telcm_excess,-0.0715,0.00556586,0.00992959,0.00992959,0.001,0.5
2022-12-01,Shops_excess,-0.0826,0.00756907,0.02182128,0.02182128,0.001,0.5
2022-12-01,Hlth_excess,-0.0205,0.00803189,0.01705935,0.01705935,0.001,0.5
2022-12-01,Utils_excess,-0.0145,0.00611416,0.01518641,0.01518641,0.001,0.5
2022-12-01,Other_excess,-0.0569,0.00642667,0.01274884,0.01274884,0.001,0.5
2023-01-01,NoDur_excess,-0.0072,0.00686267,0.00637288,0.00637288,0.001,0.5
2023-01-01,Durbl_excess,0.2869,0.0083322,-0.0007034,0.0,0.001,0.5
2023-01-01,Manuf_excess,0.0557,0.00742656,0.00608231,0.00608231,0.001,0.5
2023-01-01,Enrgy_excess,0.024,0.00777387,0.00613927,0.00613927,0.001,0.5
2023-01-01,HiTec_excess,0.0923,0.00846962,0.00641125,0.00641125,0.001,0.5
2023-01-01,Telcm_excess,0.1321,0.00549896,0.00344544,0.00344544,0.001,0.5
2023-01-01,Shops_excess,0.094,0.0074908,0.00785916,0.00785916,0.001,0.5
2023-01-01,Hlth_excess,-0.014,0.00800712,0.01220055,0.01220055,0.001,0.5
2023-01-01,Utils_excess,-0.0157,0.00609627,0.00637304,0.00637304,0.001,0.5
2023-01-01,Other_excess,0.0717,0.0063717,0.0037584,0.0037584,0.001,0.5
2023-02-01,NoDur_excess,-0.0251,0.00685048,0.0099727,0.0099727,0.001,0.5
2023-02-01,Durbl_excess,0.1064,0.00857381,0.00856772,0.00856772,0.001,0.5
2023-02-01,Manuf_excess,-0.0219,0.00746843,0.00813986,0.00813986,0.001,0.5
2023-02-01,Enrgy_excess,-0.0724,0.00778794,0.00430539,0.00430539,0.001,0.5
2023-02-01,HiTec_excess,-0.0054,0.00854232,0.00623233,0.00623233,0.001,0.5
2023-02-01,Telcm_excess,-0.0684,0.00560876,0.00671326,0.00671326,0.001,0.5
2023-02-01,Shops_excess,-0.0501,0.00756583,0.01420263,0.01420263,0.001,0.5
2023-02-01,Hlth_excess,-0.0463,0.00798803,0.01033177,0.01033177,0.001,0.5
2023-02-01,Utils_excess,-0.0566,0.00607736,0.0092347,0.0092347,0.001,0.5
2023-02-01,Other_excess,-0.0278,0.00642836,0.00840357,0.00840357,0.001,0.5
2023-03-01,NoDur_excess,0.0281,0.00682279,-0.00231586,0.0,0.001,0.5
2023-03-01,Durbl_excess,-0.01,0.00865858,-0.0098582,0.0,0.001,0.5
2023-03-01,Manuf_excess,0.0001,0.00744298,-0.00084441,0.0,0.001,0.5
2023-03-01,Enrgy_excess,-0.0079,0.00771846,0.00420839,0.00420839,0.001,0.5
2023-03-01,HiTec_excess,0.1011,0.00853024,-0.00335203,0.0,0.001,0.5
2023-03-01,Telcm_excess,-0.0046,0.00554463,-0.00105508,0.0,0.001,0.5
2023-03-01,Shops_excess,0.0303,0.00751586,-0.00209474,0.0,0.001,0.5
2023-03-01,Hlth_excess,0.0213,0.00794099,0.0035372,0.0035372,0.001,0.5
2023-03-01,Utils_excess,0.0359,0.00602305,-0.00091833,0.0,0.001,0.5
2023-03-01,Other_excess,-0.0536,0.0063987,-0.00325295,0.0,0.001,0.5
2023-04-01,NoDur_excess,0.0282,0.00684121,0.00785798,0.00785798,0.001,0.5
2023-04-01,Durbl_excess,-0.1561,0.00864242,0.00756902,0.00756902,0.001,0.5
2023-04-01,Manuf_excess,-0.0094,0.00743662,0.00779045,0.00779045,0.001,0.5
2023-04-01,Enrgy_excess,0.0223,0.00770494,0.0049148,0.0049148,0.001,0.5
2023-04-01,HiTec_excess,-0.0011,0.00861039,0.00742454,0.00742454,0.001,0.5
2023-04-01,Telcm_excess,0.0064,0.00553584,0.00552144,0.00552144,0.001,0.5
2023-04-01,Shops_excess,0.0189,0.00753558,0.01175483,0.01175483,0.001,0.5
2023-04-01,Hlth_excess,0.0377,0.00795255,0.01069828,0.01069828,0.001,0.5
2023-04-01,Utils_excess,0.0137,0.00604892,0.00656216,0.00656216,0.001,0.5
2023-04-01,Other_excess,0.0145,0.00634675,0.00675574,0.00675574,0.001,0.5
2023-05-01,NoDur_excess,-0.0578,0.00685969,0.00454217,0.00454217,0.001,0.5
2023-05-01,Durbl_excess,0.1319,0.00849991,-0.0005863,0.0,0.001,0.5
2023-05-01,Manuf_excess,-0.059,0.00742206,0.00402539,0.00402539,0.001,0.5
2023-05-01,Enrgy_excess,-0.0987,0.00771756,0.00341957,0.00341957,0.001,0.5
2023-05-01,HiTec_excess,0.0819,0.00860199,0.00358127,0.00358127,0.001,0.5
2023-05-01,Telcm_excess,-0.0977,0.00553659,0.00279755,0.00279755,0.001,0.5
2023-05-01,Shops_excess,0.0016,0.00754542,0.00694049,0.00694049,0.001,0.5
2023-05-01,Hlth_excess,-0.0402,0.00797829,0.00827566,0.00827566,0.001,0.5
2023-05-01,Utils_excess,-0.0619,0.00605554,0.00442444,0.00442444,0.001,0.5
2023-05-01,Other_excess,-0.032,0.00635381,0.00301889,0.00301889,0.001,0.5
2023-06-01,NoDur_excess,0.0245,0.0068038,0.000912,0.000912,0.001,0.5
2023-06-01,Durbl_excess,0.2426,0.00860657,-0.00445117,0.0,0.001,0.5
2023-06-01,Manuf_excess,0.1028,0.00736465,0.00141682,0.00141682,0.001,0.5
2023-06-01,Enrgy_excess,0.0614,0.00762558,0.00306343,0.00306343,0.001,0.5
2023-06-01,HiTec_excess,0.0551,0.00866534,0.00264951,0.00264951,0.001,0.5
2023-06-01,Telcm_excess,0.0422,0.00544736,-0.00020704,0.0,0.001,0.5
2023-06-01,Shops_excess,0.0743,0.00754028,0.00284366,0.00284366,0.001,0.5
2023-06-01,Hlth_excess,0.0426,0.00793665,0.00684821,0.00684821,0.001,0.5
2023-06-01,Utils_excess,0.0211,0.0059968,0.00181756,0.00181756,0.001,0.5
2023-06-01,Other_excess,0.0704,0.00632066,-0.00063503,0.0,0.001,0.5
2023-07-01,NoDur_excess,0.0185,0.00681908,0.00460307,0.00460307,0.001,0.5
2023-07-01,Durbl_excess,0.0231,0.00880864,0.00233541,0.00233541,0.001,0.5
2023-07-01,Manuf_excess,0.0274,0.00744706,0.00329834,0.00329834,0.001,0.5
2023-07-01,Enrgy_excess,0.0701,0.00767202,0.00272557,0.00272557,0.001,0.5
2023-07-01,HiTec_excess,0.0377,0.00870544,0.00512953,0.00512953,0.001,0.5
2023-07-01,Telcm_excess,0.005,0.0054791,0.00163236,0.00163236,0.001,0.5
2023-07-01,Shops_excess,0.0181,0.00759793,0.00734781,0.00734781,0.001,0.5
2023-07-01,Hlth_excess,-0.0057,0.00796658,0.00820977,0.00820977,0.001,0.5
2023-07-01,Utils_excess,0.0232,0.00600984,0.00472025,0.00472025,0.001,0.5
2023-07-01,Other_excess,0.0493,0.00637599,0.00268952,0.00268952,0.001,0.5
2023-08-01,NoDur_excess,-0.0423,0.00682916,0.00457582,0.00457582,0.001,0.5
2023-08-01,Durbl_excess,-0.048,0.00882097,0.00245206,0.00245206,0.001,0.5
2023-08-01,Manuf_excess,-0.0283,0.00746428,0.00358592,0.00358592,0.001,0.5
2023-08-01,Enrgy_excess,0.0152,0.00772588,0.00286364,0.00286364,0.001,0.5
2023-08-01,HiTec_excess,-0.0209,0.00873046,0.0058461,0.0058461,0.001,0.5
2023-08-01,Telcm_excess,-0.0029,0.00547869,0.00194312,0.00194312,0.001,0.5
2023-08-01,Shops_excess,-0.0084,0.00760699,0.00740283,0.00740283,0.001,0.5
2023-08-01,Hlth_excess,-0.0068,0.00795479,0.00838959,0.00838959,0.001,0.5
2023-08-01,Utils_excess,-0.0581,0.00602468,0.00425521,0.00425521,0.001,0.5
2023-08-01,Other_excess,-0.0382,0.00641303,0.00320555,0.00320555,0.001,0.5
2023-09-01,NoDur_excess,-0.0503,0.00678681,0.00074185,0.00074185,0.001,0.5
2023-09-01,Durbl_excess,-0.0301,0.00877198,-0.00307242,0.0,0.001,0.5
2023-09-01,Manuf_excess,-0.075,0.00743345,0.0009094,0.0009094,0.001,0.5
2023-09-01,Enrgy_excess,0.0271,0.00773233,0.00302826,0.00302826,0.001,0.5
2023-09-01,HiTec_excess,-0.0645,0.00870491,0.00169001,0.00169001,0.001,0.5
2023-09-01,Telcm_excess,-0.0363,0.00547147,0.00034725,0.00034725,0.001,0.5
2023-09-01,Shops_excess,-0.0609,0.00759319,0.00296929,0.00296929,0.001,0.5
2023-09-01,Hlth_excess,-0.0513,0.00794207,0.00531716,0.00531716,0.001,0.5
2023-09-01,Utils_excess,-0.0548,0.0059694,0.00121533,0.00121533,0.001,0.5
2023-09-01,Other_excess,-0.0384,0.00637457,-0.00021149,0.0,0.001,0.5
2023-10-01,NoDur_excess,-0.0416,0.00673764,-0.00130844,0.0,0.001,0.5
2023-10-01,Durbl_excess,-0.1837,0.0087385,-0.00722609,0.0,0.001,0.5
2023-10-01,Manuf_excess,-0.0317,0.00736245,-0.00080732,0.0,0.001,0.5
2023-10-01,Enrgy_excess,-0.0658,0.00774901,0.0035657,0.0035657,0.001,0.5
2023-10-01,HiTec_excess,-0.0224,0.00864186,4.571e-05,4.571e-05,0.001,0.5
2023-10-01,Telcm_excess,-0.006,0.00543549,-0.00100988,0.0,0.001,0.5
2023-10-01,Shops_excess,-0.0007,0.00753419,-0.00022934,0.0,0.001,0.5
2023-10-01,Hlth_excess,-0.0506,0.00789104,0.00453851,0.00453851,0.001,0.5
2023-10-01,Utils_excess,0.0055,0.00591705,-0.00010622,0.0,0.001,0.5
2023-10-01,Other_excess,-0.0316,0.006336,-0.0027408,0.0,0.001,0.5
2023-11-01,NoDur_excess,0.045,0.00669604,0.00030117,0.00030117,0.001,0.5
2023-11-01,Durbl_excess,0.1533,0.00857289,-0.00623251,0.0,0.001,0.5
2023-11-01,Manuf_excess,0.0825,0.00732883,0.00043176,0.00043176,0.001,0.5
2023-11-01,Enrgy_excess,-0.0178,0.00768571,0.00376328,0.00376328,0.001,0.5
2023-11-01,HiTec_excess,0.1162,0.00861515,0.00214502,0.00214502,0.001,0.5
2023-11-01,Telcm_excess,0.0652,0.00542565,0.00081482,0.00081482,0.001,0.5
2023-11-01,Shops_excess,0.0673,0.00752711,0.00175374,0.00175374,0.001,0.5
2023-11-01,Hlth_excess,0.0536,0.00784071,0.00601696,0.00601696,0.001,0.5
2023-11-01,Utils_excess,0.0471,0.0059167,0.00144632,0.00144632,0.001,0.5
2023-11-01,Other_excess,0.1001,0.00630336,-0.0015908,0.0,0.001,0.5
2023-12-01,NoDur_excess,0.0314,0.00672898,0.01640007,0.01640007,0.001,0.5
2023-12-01,Durbl_excess,0.0616,0.00869733,0.01879012,0.01879012,0.001,0.5
2023-12-01,Manuf_excess,0.059,0.00739347,0.01277308,0.01277308,0.001,0.5
2023-12-01,Enrgy_excess,-0.0026,0.0076638,0.00429357,0.00429357,0.001,0.5
2023-12-01,HiTec_excess,0.0419,0.00870765,0.01648743,0.01648743,0.001,0.5
2023-12-01,Telcm_excess,0.0182,0.00547704,0.00938993,0.00938993,0.001,0.5
2023-12-01,Shops_excess,0.0547,0.0075785,0.02256673,0.02256673,0.001,0.5
2023-12-01,Hlth_excess,0.0648,0.00788005,0.01646353,0.01646353,0.001,0.5
2023-12-01,Utils_excess,0.013,0.00595211,0.01341121,0.01341121,0.001,0.5
2023-12-01,Other_excess,0.0619,0.00638401,0.01445297,0.01445297,0.001,0.5
2024-01-01,NoDur_excess,-0.0241,0.00675017,0.01090286,0.01090286,0.001,0.5
2024-01-01,Durbl_excess,-0.184,0.00874278,0.01271709,0.01271709,0.001,0.5
2024-01-01,Manuf_excess,-0.0163,0.0074378,0.00967342,0.00967342,0.001,0.5
2024-01-01,Enrgy_excess,-0.0058,0.00765498,0.00377378,0.00377378,0.001,0.5
2024-01-01,HiTec_excess,0.0264,0.00873617,0.01307169,0.01307169,0.001,0.5
2024-01-01,Telcm_excess,0.041,0.00548797,0.00705778,0.00705778,0.001,0.5
2024-01-01,Shops_excess,0.0077,0.00761899,0.0168493,0.0168493,0.001,0.5
2024-01-01,Hlth_excess,0.0305,0.00792895,0.01382886,0.01382886,0.001,0.5
2024-01-01,Utils_excess,-0.0348,0.00595816,0.00918878,0.00918878,0.001,0.5
2024-01-01,Other_excess,0.0052,0.0064317,0.01085139,0.01085139,0.001,0.5
2024-02-01,NoDur_excess,0.0127,0.00672369,0.00055174,0.00055174,0.001,0.5
2024-02-01,Durbl_excess,0.0679,0.00857734,-0.00407833,0.0,0.001,0.5
2024-02-01,Manuf_excess,0.0491,0.00741742,0.00078277,0.00078277,0.001,0.5
2024-02-01,Enrgy_excess,0.0267,0.00764343,0.00290485,0.00290485,0.001,0.5
2024-02-01,HiTec_excess,0.058,0.00875133,0.00204276,0.00204276,0.001,0.5
2024-02-01,Telcm_excess,-0.0314,0.00551845,0.00077537,0.00077537,0.001,0.5
2024-02-01,Shops_excess,0.0906,0.00761906,0.00363932,0.00363932,0.001,0.5
2024-02-01,Hlth_excess,0.0421,0.00794833,0.00493476,0.00493476,0.001,0.5
2024-02-01,Utils_excess,0.0197,0.00592318,0.00161031,0.00161031,0.001,0.5
2024-02-01,Other_excess,0.0423,0.00643064,0.00044653,0.00044653,0.001,0.5
2024-03-01,NoDur_excess,0.0253,0.00672882,-0.00207589,0.0,0.001,0.5
2024-03-01,Durbl_excess,-0.0602,0.00862822,-0.00775926,0.0,0.001,0.5
2024-03-01,Manuf_excess,0.0405,0.00745317,-0.00138839,0.0,0.001,0.5
2024-03-01,Enrgy_excess,0.0986,0.00765978,0.00304238,0.00304238,0.001,0.5
2024-03-01,HiTec_excess,0.0193,0.00879357,-0.00040975,0.0,0.001,0.5
2024-03-01,Telcm_excess,0.0266,0.00548679,-0.00150457,0.0,0.001,0.5
2024-03-01,Shops_excess,0.0225,0.00769022,0.00046448,0.00046448,0.001,0.5
2024-03-01,Hlth_excess,0.0176,0.00797762,0.00279633,0.00279633,0.001,0.5
2024-03-01,Utils_excess,0.0661,0.00593499,-0.00067527,0.0,0.001,0.5
2024-03-01,Other_excess,0.0406,0.00646141,-0.00221388,0.0,0.001,0.5
2024-04-01,NoDur_excess,-0.0183,0.00674473,0.00265257,0.00265257,0.001,0.5
2024-04-01,Durbl_excess,-0.0142,0.00856924,-0.00068415,0.0,0.001,0.5
2024-04-01,Manuf_excess,-0.044,0.00748149,0.00216642,0.00216642,0.001,0.5
2024-04-01,Enrgy_excess,-0.0111,0.0077377,0.00321023,0.00321023,0.001,0.5
2024-04-01,HiTec_excess,-0.0488,0.00880257,0.00352893,0.00352893,0.001,0.5
2024-04-01,Telcm_excess,-0.07,0.00550488,0.00137591,0.00137591,0.001,0.5
2024-04-01,Shops_excess,-0.052,0.00770291,0.00637994,0.00637994,0.001,0.5
2024-04-01,Hlth_excess,-0.0634,0.00798586,0.00543556,0.00543556,0.001,0.5
2024-04-01,Utils_excess,0.0111,0.00598655,0.00277324,0.00277324,0.001,0.5
2024-04-01,Other_excess,-0.0503,0.00649066,0.00281741,0.00281741,0.001,0.5
2024-05-01,NoDur_excess,0.0052,0.00672329,-0.00232131,0.0,0.001,0.5
2024-05-01,Durbl_excess,-0.0122,0.00854974,-0.00938093,0.0,0.001,0.5
2024-05-01,Manuf_excess,0.0268,0.00743741,-0.00179713,0.0,0.001,0.5
2024-05-01,Enrgy_excess,-0.0089,0.00772158,0.00413769,0.00413769,0.001,0.5
2024-05-01,HiTec_excess,0.0766,0.00875325,-0.00065184,0.0,0.001,0.5
2024-05-01,Telcm_excess,0.033,0.00544024,-0.00211621,0.0,0.001,0.5
2024-05-01,Shops_excess,0.0203,0.0076518,-0.00080044,0.0,0.001,0.5
2024-05-01,Hlth_excess,0.0276,0.00792474,0.00256874,0.00256874,0.001,0.5
2024-05-01,Utils_excess,0.0759,0.00599092,-0.00058802,0.0,0.001,0.5
2024-05-01,Other_excess,0.0282,0.00644204,-0.00309339,0.0,0.001,0.5
2024-06-01,NoDur_excess,-0.0251,0.00672198,0.00521236,0.00521236,0.001,0.5
2024-06-01,Durbl_excess,0.0572,0.00853199,0.00289066,0.00289066,0.001,0.5
2024-06-01,Manuf_excess,-0.0231,0.00745398,0.00471768,0.00471768,0.001,0.5
2024-06-01,Enrgy_excess,-0.0256,0.00770736,0.00410737,0.00410737,0.001,0.5
2024-06-01,HiTec_excess,0.0716,0.00881129,0.00747522,0.00747522,0.001,0.5
2024-06-01,Telcm_excess,-0.0101,0.00546382,0.00313985,0.00313985,0.001,0.5
2024-06-01,Shops_excess,0.0312,0.00766262,0.00947589,0.00947589,0.001,0.5
2024-06-01,Hlth_excess,0.0252,0.00794157,0.00843617,0.00843617,0.001,0.5
2024-06-01,Utils_excess,-0.0457,0.00605073,0.00475213,0.00475213,0.001,0.5
2024-06-01,Other_excess,-0.0054,0.00646065,0.00543866,0.00543866,0.001,0.5
2024-07-01,NoDur_excess,0.0432,0.00669479,0.00277985,0.00277985,0.001,0.5
2024-07-01,Durbl_excess,0.1113,0.00857359,0.00056544,0.00056544,0.001,0.5
2024-07-01,Manuf_excess,0.0298,0.00742786,0.00370657,0.00370657,0.001,0.5
2024-07-01,Enrgy_excess,0.0154,0.00767889,0.00419757,0.00419757,0.001,0.5
2024-07-01,HiTec_excess,-0.022,0.00886496,0.00727008,0.00727008,0.001,0.5
2024-07-01,Telcm_excess,0.034,0.00545051,0.00206322,0.00206322,0.001,0.5
2024-07-01,Shops_excess,0.0009,0.00768274,0.00734013,0.00734013,0.001,0.5
2024-07-01,Hlth_excess,0.0038,0.00795632,0.00797292,0.00797292,0.001,0.5
2024-07-01,Utils_excess,0.0594,0.0060065,0.00261787,0.00261787,0.001,0.5
2024-07-01,Other_excess,0.0575,0.00645051,0.00411818,0.00411818,0.001,0.5
2024-08-01,NoDur_excess,0.0362,0.00672596,0.00546733,0.00546733,0.001,0.5
2024-08-01,Durbl_excess,-0.0561,0.00866132,0.0049454,0.0049454,0.001,0.5
2024-08-01,Manuf_excess,0.0115,0.00744697,0.00523272,0.00523272,0.001,0.5
2024-08-01,Enrgy_excess,-0.034,0.00768548,0.00439042,0.00439042,0.001,0.5
2024-08-01,HiTec_excess,0.0087,0.0088386,0.00846795,0.00846795,0.001,0.5
2024-08-01,Telcm_excess,0.0076,0.00547489,0.00356367,0.00356367,0.001,0.5
2024-08-01,Shops_excess,0.0088,0.00767694,0.01028114,0.01028114,0.001,0.5
2024-08-01,Hlth_excess,0.0593,0.00795278,0.00902379,0.00902379,0.001,0.5
2024-08-01,Utils_excess,0.041,0.00605209,0.00489751,0.00489751,0.001,0.5
2024-08-01,Other_excess,0.0257,0.00649411,0.00609631,0.00609631,0.001,0.5
2024-09-01,NoDur_excess,0.0058,0.00675111,0.00448307,0.00448307,0.001,0.5
2024-09-01,Durbl_excess,0.1387,0.00860606,0.00309893,0.00309893,0.001,0.5
2024-09-01,Manuf_excess,0.021,0.00745043,0.00444736,0.00444736,0.001,0.5
2024-09-01,Enrgy_excess,-0.0355,0.00764991,0.00507874,0.00507874,0.001,0.5
2024-09-01,HiTec_excess,0.0257,0.00883848,0.0078378,0.0078378,0.001,0.5
2024-09-01,Telcm_excess,0.0516,0.00547671,0.00240188,0.00240188,0.001,0.5
2024-09-01,Shops_excess,0.0327,0.0076779,0.00888794,0.00888794,0.001,0.5
2024-09-01,Hlth_excess,-0.0224,0.00799659,0.00889882,0.00889882,0.001,0.5
2024-09-01,Utils_excess,0.0494,0.00608191,0.00472706,0.00472706,0.001,0.5
2024-09-01,Other_excess,0.0028,0.00651049,0.00468047,0.00468047,0.001,0.5
2024-10-01,NoDur_excess,-0.0298,0.0067503,0.00487268,0.00487268,0.001,0.5
2024-10-01,Durbl_excess,-0.0353,0.00871697,0.00515817,0.00515817,0.001,0.5
2024-10-01,Manuf_excess,-0.0441,0.00746198,0.00482153,0.00482153,0.001,0.5
2024-10-01,Enrgy_excess,-0.0093,0.00761313,0.004216,0.004216,0.001,0.5
2024-10-01,HiTec_excess,-0.0061,0.00885286,0.00830641,0.00830641,0.001,0.5
2024-10-01,Telcm_excess,0.0198,0.00551603,0.00309485,0.00309485,0.001,0.5
2024-10-01,Shops_excess,-0.0153,0.00769923,0.00937504,0.00937504,0.001,0.5
2024-10-01,Hlth_excess,-0.0354,0.00797067,0.00842024,0.00842024,0.001,0.5
2024-10-01,Utils_excess,0.003,0.00611884,0.00536102,0.00536102,0.001,0.5
2024-10-01,Other_excess,0.0071,0.00650733,0.0055109,0.0055109,0.001,0.5
2024-11-01,NoDur_excess,0.0113,0.00671917,-0.00111887,0.0,0.001,0.5
2024-11-01,Durbl_excess,0.2931,0.00867947,-0.00545999,0.0,0.001,0.5
2024-11-01,Manuf_excess,0.0595,0.00741806,-0.00026444,0.0,0.001,0.5
2024-11-01,Enrgy_excess,0.0614,0.00759872,0.00450429,0.00450429,0.001,0.5
2024-11-01,HiTec_excess,0.0455,0.00884012,0.00268874,0.00268874,0.001,0.5
2024-11-01,Telcm_excess,0.0878,0.00552819,-0.00053324,0.0,0.001,0.5
2024-11-01,Shops_excess,0.0956,0.00767964,0.00082288,0.00082288,0.001,0.5
2024-11-01,Hlth_excess,-0.0091,0.00793373,0.00401869,0.00401869,0.001,0.5
2024-11-01,Utils_excess,0.0581,0.00611618,0.001234,0.001234,0.001,0.5
2024-11-01,Other_excess,0.0978,0.00650784,-0.00099669,0.0,0.001,0.5
2024-12-01,NoDur_excess,-0.0541,0.00672306,0.00483221,0.00483221,0.001,0.5
2024-12-01,Durbl_excess,0.1064,0.00892153,0.00594719,0.00594719,0.001,0.5
2024-12-01,Manuf_excess,-0.0818,0.00746238,0.00419581,0.00419581,0.001,0.5
2024-12-01,Enrgy_excess,-0.0935,0.00764451,0.00462191,0.00462191,0.001,0.5
2024-12-01,HiTec_excess,0.0106,0.00887132,0.00808669,0.00808669,0.001,0.5
2024-12-01,Telcm_excess,-0.0833,0.00559821,0.00396695,0.00396695,0.001,0.5
2024-12-01,Shops_excess,-0.0224,0.00775447,0.00843579,0.00843579,0.001,0.5
2024-12-01,Hlth_excess,-0.0575,0.00791923,0.00773726,0.00773726,0.001,0.5
2024-12-01,Utils_excess,-0.0815,0.00616043,0.00550359,0.00550359,0.001,0.5
2024-12-01,Other_excess,-0.0745,0.00658553,0.00519969,0.00519969,0.001,0.5
