date,asset,realized,historical_mean,ols4,ols4_restricted
1967-01-01,NoDur_excess,0.0896,0.00672062,0.00401293,0.00401293
1967-01-01,Durbl_excess,0.1135,0.01174958,-0.00334318,0.0
1967-01-01,Manuf_excess,0.1076,0.00930333,0.002568,0.002568
1967-01-01,Enrgy_excess,0.0315,0.00887125,4.38e-05,4.38e-05
1967-01-01,HiTec_excess,0.0988,0.01129917,0.01617948,0.01617948
1967-01-01,Telcm_excess,0.0581,0.00652083,0.00554725,0.00554725
1967-01-01,Shops_excess,0.1137,0.00801271,-0.00227926,0.0
1967-01-01,Hlth_excess,0.0602,0.00960188,0.0086264,0.0086264
1967-01-01,Utils_excess,0.0241,0.00776417,0.01264248,0.01264248
1967-01-01,Other_excess,0.1154,0.00732396,0.00045288,0.00045288
1967-02-01,NoDur_excess,0.0167,0.00689293,0.00447731,0.00447731
1967-02-01,Durbl_excess,-0.0145,0.01196112,-0.00238328,0.0
1967-02-01,Manuf_excess,0.0086,0.00950769,0.00317869,0.00317869
1967-02-01,Enrgy_excess,-0.0046,0.0089183,-0.0006328,0.0
1967-02-01,HiTec_excess,0.0583,0.01148108,0.01502208,0.01502208
1967-02-01,Telcm_excess,0.0177,0.00662807,0.00701896,0.00701896
1967-02-01,Shops_excess,0.0286,0.00823243,-0.00049223,0.0
1967-02-01,Hlth_excess,0.0104,0.00970707,0.00834236,0.00834236
1967-02-01,Utils_excess,-0.0209,0.00779813,0.01166283,0.01166283
1967-02-01,Other_excess,-0.0068,0.00754865,0.00147837,0.00147837
1967-03-01,NoDur_excess,0.0406,0.00691328,0.00551587,0.00551587
1967-03-01,Durbl_excess,0.0345,0.01190622,-0.0002958,0.0
1967-03-01,Manuf_excess,0.054,0.00950581,0.00079544,0.00079544
1967-03-01,Enrgy_excess,0.0323,0.00889025,-0.00102808,0.0
1967-03-01,HiTec_excess,0.0512,0.01157822,0.01299486,0.01299486
1967-03-01,Telcm_excess,0.0257,0.00665104,0.00532044,0.00532044
1967-03-01,Shops_excess,0.0194,0.00827469,0.0010182,0.0010182
1967-03-01,Hlth_excess,0.0747,0.00970851,0.00913562,0.00913562
1967-03-01,Utils_excess,0.0115,0.00773859,0.00744693,0.00744693
1967-03-01,Other_excess,0.0402,0.00751888,0.00040014,0.00040014
1967-04-01,NoDur_excess,0.0428,0.00698302,0.0054703,0.0054703
1967-04-01,Durbl_excess,0.1074,0.011953,0.00010767,0.00010767
1967-04-01,Manuf_excess,0.0343,0.00959793,0.00032308,0.00032308
1967-04-01,Enrgy_excess,0.0135,0.00893872,-0.00101028,0.0
1967-04-01,HiTec_excess,0.0751,0.01166025,0.01111618,0.01111618
1967-04-01,Telcm_excess,-0.001,0.00669048,0.00553306,0.00553306
1967-04-01,Shops_excess,0.0889,0.00829772,0.00162881,0.00162881
1967-04-01,Hlth_excess,0.0413,0.00984306,0.00932784,0.00932784
1967-04-01,Utils_excess,0.0156,0.00774638,0.00599496,0.00599496
1967-04-01,Other_excess,0.0179,0.00758654,0.00021829,0.00021829
1967-05-01,NoDur_excess,-0.0305,0.00705702,0.00686959,0.00686959
1967-05-01,Durbl_excess,-0.0768,0.01215021,0.00453954,0.00453954
1967-05-01,Manuf_excess,-0.04,0.00964897,-0.0038427,0.0
1967-05-01,Enrgy_excess,-0.0279,0.00894814,-0.00202344,0.0
1967-05-01,HiTec_excess,-0.0467,0.01179132,0.00621869,0.00621869
1967-05-01,Telcm_excess,-0.0599,0.00667459,0.00288913,0.00288913
1967-05-01,Shops_excess,-0.049,0.00846426,0.00461511,0.00461511
1967-05-01,Hlth_excess,-0.0562,0.00990806,0.01035816,0.01035816
1967-05-01,Utils_excess,-0.0445,0.0077626,-0.00080821,0.0
1967-05-01,Other_excess,-0.0235,0.00760785,-0.00158019,0.0
1967-06-01,NoDur_excess,0.0248,0.00697959,0.0073118,0.0073118
1967-06-01,Durbl_excess,0.0132,0.0119668,0.00592823,0.00592823
1967-06-01,Manuf_excess,0.0183,0.0095466,-0.00587117,0.0
1967-06-01,Enrgy_excess,0.0201,0.00887216,-0.00157481,0.0
1967-06-01,HiTec_excess,0.0615,0.01167072,0.00383517,0.00383517
1967-06-01,Telcm_excess,0.0246,0.00653732,-0.00017293,0.0
1967-06-01,Shops_excess,0.0351,0.00834577,0.005054,0.005054
1967-06-01,Hlth_excess,0.0514,0.00977175,0.01029881,0.01029881
1967-06-01,Utils_excess,-0.0158,0.00765485,-0.00446923,0.0
1967-06-01,Other_excess,0.0324,0.00754371,-0.00228102,0.0
1967-07-01,NoDur_excess,0.0574,0.00701626,0.00856873,0.00856873
1967-07-01,Durbl_excess,0.108,0.01196934,0.00783981,0.00783981
1967-07-01,Manuf_excess,0.0472,0.00956461,-0.00846845,0.0
1967-07-01,Enrgy_excess,0.0662,0.00889527,-0.00193303,0.0
1967-07-01,HiTec_excess,0.0368,0.01177325,0.00231907,0.00231907
1967-07-01,Telcm_excess,-0.0689,0.00657449,-0.00182349,0.0
1967-07-01,Shops_excess,0.0569,0.00840082,0.00670237,0.00670237
1967-07-01,Hlth_excess,0.0348,0.00985741,0.01198181,0.01198181
1967-07-01,Utils_excess,0.0202,0.00760658,-0.00917968,0.0
1967-07-01,Other_excess,0.0751,0.00759486,-0.00289465,0.0
1967-08-01,NoDur_excess,-0.0113,0.00711971,0.00838382,0.00838382
1967-08-01,Durbl_excess,-0.0017,0.01216653,0.00565782,0.00565782
1967-08-01,Manuf_excess,-0.0071,0.00964189,-0.00418573,0.0
1967-08-01,Enrgy_excess,-0.0179,0.00901294,-0.00108835,0.0
1967-08-01,HiTec_excess,-0.0132,0.01182464,0.00755273,0.00755273
1967-08-01,Telcm_excess,-0.0155,0.00641951,-0.00061825,0.0
1967-08-01,Shops_excess,0.0002,0.00850041,0.00523734,0.00523734
1967-08-01,Hlth_excess,0.0034,0.00990862,0.01140991,0.01140991
1967-08-01,Utils_excess,-0.0096,0.00763244,-0.00228037,0.0
1967-08-01,Other_excess,-0.0056,0.00773347,-0.00027803,0.0
1967-09-01,NoDur_excess,0.0278,0.00708197,0.00851674,0.00851674
1967-09-01,Durbl_excess,0.0466,0.01213811,0.00637546,0.00637546
1967-09-01,Manuf_excess,0.0279,0.00960758,-0.00449522,0.0
1967-09-01,Enrgy_excess,0.0392,0.00895779,-0.00127322,0.0
1967-09-01,HiTec_excess,0.0804,0.01177336,0.00729262,0.00729262
1967-09-01,Telcm_excess,0.009,0.00637459,-0.00164756,0.0
1967-09-01,Shops_excess,0.0213,0.0084834,0.00547237,0.00547237
1967-09-01,Hlth_excess,0.0258,0.00989529,0.01177832,0.01177832
1967-09-01,Utils_excess,-0.0042,0.00759713,-0.00309962,0.0
1967-09-01,Other_excess,0.0095,0.00770615,-0.00029225,0.0
1967-10-01,NoDur_excess,-0.0301,0.00712434,0.00852261,0.00852261
1967-10-01,Durbl_excess,-0.053,0.01220859,0.00606544,0.00606544
1967-10-01,Manuf_excess,-0.0491,0.00964499,-0.00329709,0.0
1967-10-01,Enrgy_excess,-0.0135,0.00901963,-0.00111955,0.0
1967-10-01,HiTec_excess,0.045,0.0119137,0.00948708,0.00948708
1967-10-01,Telcm_excess,-0.0388,0.00637996,-0.00044151,0.0
1967-10-01,Shops_excess,0.0027,0.00850961,0.00518271,0.00518271
1967-10-01,Hlth_excess,-0.0542,0.00992781,0.01163084,0.01163084
1967-10-01,Utils_excess,-0.0576,0.00757301,-0.00201331,0.0
1967-10-01,Other_excess,-0.0543,0.00770982,-2.901e-05,0.0
1967-11-01,NoDur_excess,0.0013,0.00704837,0.00934371,0.00934371
1967-11-01,Durbl_excess,-0.0132,0.01207551,0.0075083,0.0075083
1967-11-01,Manuf_excess,0.0027,0.0095251,-0.00685098,0.0
1967-11-01,Enrgy_excess,0.0042,0.00897367,-0.00090386,0.0
1967-11-01,HiTec_excess,0.0106,0.01198122,0.00968015,0.00968015
1967-11-01,Telcm_excess,-0.0028,0.00628776,-0.00486566,0.0
1967-11-01,Shops_excess,0.0048,0.00849776,0.00644314,0.00644314
1967-11-01,Hlth_excess,0.0097,0.00979694,0.01183368,0.01183368
1967-11-01,Utils_excess,0.0283,0.00744,-0.00731305,0.0
1967-11-01,Other_excess,-0.0068,0.00758327,-0.00203696,0.0
1967-12-01,NoDur_excess,0.028,0.00703666,0.00963438,0.00963438
1967-12-01,Durbl_excess,0.0055,0.01202403,0.00732654,0.00732654
1967-12-01,Manuf_excess,0.0487,0.0095112,-0.0078787,0.0
1967-12-01,Enrgy_excess,0.0274,0.00896395,-0.00085845,0.0
1967-12-01,HiTec_excess,0.018,0.01197841,0.00964394,0.00964394
1967-12-01,Telcm_excess,-0.0021,0.00626925,-0.00634028,0.0
1967-12-01,Shops_excess,0.0312,0.00849022,0.00662812,0.00662812
1967-12-01,Hlth_excess,0.0137,0.00979674,0.0123457,0.0123457
1967-12-01,Utils_excess,0.0296,0.00748248,-0.00773289,0.0
1967-12-01,Other_excess,0.0507,0.00755397,-0.00283308,0.0
1968-01-01,NoDur_excess,-0.0083,0.00707927,0.00912681,0.00912681
1968-01-01,Durbl_excess,-0.0555,0.01201077,0.00456619,0.00456619
1968-01-01,Manuf_excess,-0.0676,0.00959085,-0.00353587,0.0
1968-01-01,Enrgy_excess,-0.013,0.00900142,-0.00074512,0.0
1968-01-01,HiTec_excess,-0.0913,0.01199065,0.01214479,0.01214479
1968-01-01,Telcm_excess,0.0227,0.00625224,-0.00312656,0.0
1968-01-01,Shops_excess,0.0073,0.00853638,0.00574874,0.00574874
1968-01-01,Hlth_excess,-0.0697,0.00980467,0.01140401,0.01140401
1968-01-01,Utils_excess,-0.0022,0.00752744,-0.00228276,0.0
1968-01-01,Other_excess,-0.023,0.00764167,-0.00023871,0.0
1968-02-01,NoDur_excess,-0.031,0.00704807,0.00822476,0.00822476
1968-02-01,Durbl_excess,-0.0273,0.01187383,0.00204101,0.00204101
1968-02-01,Manuf_excess,-0.0466,0.00943428,-0.00351917,0.0
1968-02-01,Enrgy_excess,-0.0307,0.0089568,-0.00010183,0.0
1968-02-01,HiTec_excess,-0.0497,0.01178114,0.01141291,0.01141291
1968-02-01,Telcm_excess,-0.0281,0.0062856,-0.0014481,0.0
1968-02-01,Shops_excess,-0.0124,0.00853387,0.00493164,0.00493164
1968-02-01,Hlth_excess,-0.0464,0.00964341,0.00936537,0.00936537
1968-02-01,Utils_excess,-0.0188,0.00750771,0.00047622,0.00047622
1968-02-01,Other_excess,-0.0383,0.00757951,-0.00027797,0.0
1968-03-01,NoDur_excess,0.0026,0.00697105,0.00804965,0.00804965
1968-03-01,Durbl_excess,0.0027,0.01179453,0.00274824,0.00274824
1968-03-01,Manuf_excess,0.0046,0.00932085,-0.00467426,0.0
1968-03-01,Enrgy_excess,0.0036,0.00887652,-9.05e-05,0.0
1968-03-01,HiTec_excess,0.0386,0.01165668,0.01013701,0.01013701
1968-03-01,Telcm_excess,-0.015,0.00621599,-0.00309603,0.0
1968-03-01,Shops_excess,0.0248,0.0084915,0.00525123,0.00525123
1968-03-01,Hlth_excess,-0.0027,0.00952996,0.00867118,0.00867118
1968-03-01,Utils_excess,-0.0432,0.00745445,-0.00083692,0.0
1968-03-01,Other_excess,-0.0065,0.00748664,-0.00089363,0.0
1968-04-01,NoDur_excess,0.1054,0.00696222,0.00835334,0.00835334
1968-04-01,Durbl_excess,0.1126,0.01177616,0.00302563,0.00302563
1968-04-01,Manuf_excess,0.1022,0.00931131,-0.00506966,0.0
1968-04-01,Enrgy_excess,0.0522,0.00886586,-0.00031546,0.0
1968-04-01,HiTec_excess,0.1201,0.01171111,0.01097962,0.01097962
1968-04-01,Telcm_excess,0.0178,0.00617313,-0.00421138,0.0
1968-04-01,Shops_excess,0.1179,0.00852444,0.00594352,0.00594352
1968-04-01,Hlth_excess,0.1147,0.00950525,0.00856669,0.00856669
1968-04-01,Utils_excess,0.0199,0.00735212,-0.00270463,0.0
1968-04-01,Other_excess,0.1151,0.00745838,-0.00121137,0.0
1968-05-01,NoDur_excess,0.0455,0.00716069,0.00897437,0.00897437
1968-05-01,Durbl_excess,-0.0079,0.01197944,0.00197415,0.00197415
1968-05-01,Manuf_excess,0.0271,0.00949859,-0.00078006,0.0
1968-05-01,Enrgy_excess,0.0079,0.00895323,-0.00077055,0.0
1968-05-01,HiTec_excess,0.0338,0.01192964,0.01494834,0.01494834
1968-05-01,Telcm_excess,-0.0118,0.00619657,-0.00020939,0.0
1968-05-01,Shops_excess,0.0298,0.00874496,0.00631391,0.00631391
1968-05-01,Hlth_excess,0.029,0.00971734,0.00988157,0.00988157
1968-05-01,Utils_excess,-0.0001,0.00737742,0.00179605,0.00179605
1968-05-01,Other_excess,0.0578,0.0076754,0.00163887,0.00163887
1968-06-01,NoDur_excess,0.0057,0.00723783,0.00917313,0.00917313
1968-06-01,Durbl_excess,-0.0185,0.01193944,-8.4e-06,0.0
1968-06-01,Manuf_excess,-0.0065,0.009534,0.00083988,0.00083988
1968-06-01,Enrgy_excess,0.0141,0.00895111,-0.0009955,0.0
1968-06-01,HiTec_excess,-0.0246,0.01197364,0.01716287,0.01716287
1968-06-01,Telcm_excess,0.0375,0.00616036,0.00074108,0.00074108
1968-06-01,Shops_excess,0.0008,0.00878732,0.00550664,0.00550664
1968-06-01,Hlth_excess,0.018,0.00975614,0.01002125,0.01002125
1968-06-01,Utils_excess,0.0802,0.00736237,0.00418004,0.00418004
1968-06-01,Other_excess,0.026,0.00777626,0.0029129,0.0029129
1968-07-01,NoDur_excess,-0.0417,0.00723474,0.00851337,0.00851337
1968-07-01,Durbl_excess,-0.034,0.01187831,-0.0007419,0.0
1968-07-01,Manuf_excess,-0.0445,0.00950181,0.00130739,0.00130739
1968-07-01,Enrgy_excess,0.048,0.00896145,-0.0008294,0.0
1968-07-01,HiTec_excess,-0.0599,0.0119002,0.01618423,0.01618423
1968-07-01,Telcm_excess,-0.0068,0.00622329,0.00249737,0.00249737
1968-07-01,Shops_excess,-0.0564,0.00877129,0.00496883,0.00496883
1968-07-01,Hlth_excess,-0.046,0.00977269,0.00972736,0.00972736
1968-07-01,Utils_excess,-0.003,0.00750863,0.00649426,0.00649426
1968-07-01,Other_excess,-0.0349,0.00781285,0.003423,0.003423
1968-08-01,NoDur_excess,0.0232,0.00713667,0.00733272,0.00733272
1968-08-01,Durbl_excess,0.0083,0.01178637,-0.00117951,0.0
1968-08-01,Manuf_excess,0.0292,0.00939359,0.00084855,0.00084855
1968-08-01,Enrgy_excess,0.0088,0.00903968,0.00054182,0.00054182
1968-08-01,HiTec_excess,0.0012,0.01175631,0.01464446,0.01464446
1968-08-01,Telcm_excess,0.0087,0.00619719,0.00260125,0.00260125
1968-08-01,Shops_excess,0.0184,0.00864068,0.00384009,0.00384009
1968-08-01,Hlth_excess,0.0026,0.00966092,0.00869079,0.00869079
1968-08-01,Utils_excess,-0.0129,0.00748758,0.00667941,0.00667941
1968-08-01,Other_excess,0.022,0.00772725,0.00274315,0.00274315
1968-09-01,NoDur_excess,0.0444,0.0071688,0.00802916,0.00802916
1968-09-01,Durbl_excess,0.0621,0.0117794,0.00050921,0.00050921
1968-09-01,Manuf_excess,0.0412,0.0094332,0.00055718,0.00055718
1968-09-01,Enrgy_excess,0.0308,0.0090392,0.00067104,0.00067104
1968-09-01,HiTec_excess,0.0251,0.0117352,0.01291344,0.01291344
1968-09-01,Telcm_excess,0.0254,0.0062022,0.00200217,0.00200217
1968-09-01,Shops_excess,0.0741,0.0086602,0.00515583,0.00515583
1968-09-01,Hlth_excess,0.0041,0.0096468,0.00870696,0.00870696
1968-09-01,Utils_excess,-0.0017,0.0074468,0.00437371,0.00437371
1968-09-01,Other_excess,0.0901,0.0077558,0.00305796,0.00305796
1968-10-01,NoDur_excess,0.0043,0.00724311,0.0086191,0.0086191
1968-10-01,Durbl_excess,0.0423,0.01187984,0.00115199,0.00115199
1968-10-01,Manuf_excess,0.0049,0.00949661,0.00059952,0.00059952
1968-10-01,Enrgy_excess,0.0215,0.00908263,0.00045483,0.00045483
1968-10-01,HiTec_excess,-0.0534,0.01176188,0.0126255,0.0126255
1968-10-01,Telcm_excess,0.0273,0.00624052,0.00225738,0.00225738
1968-10-01,Shops_excess,0.0025,0.00879082,0.00623596,0.00623596
1968-10-01,Hlth_excess,-0.0048,0.00963573,0.0084576,0.0084576
1968-10-01,Utils_excess,0.0005,0.00742854,0.00366409,0.00366409
1968-10-01,Other_excess,0.0065,0.00792016,0.00415222,0.00415222
1968-11-01,NoDur_excess,0.0425,0.00723725,0.00894554,0.00894554
1968-11-01,Durbl_excess,-0.0056,0.01194044,0.00177459,0.00177459
1968-11-01,Manuf_excess,0.0535,0.00948745,-0.00012071,0.0
1968-11-01,Enrgy_excess,0.0526,0.00910737,0.00088114,0.00088114
1968-11-01,HiTec_excess,0.0819,0.01163207,0.01149838,0.01149838
1968-11-01,Telcm_excess,0.0497,0.00628247,0.00171016,0.00171016
1968-11-01,Shops_excess,0.0472,0.00877829,0.00640854,0.00640854
1968-11-01,Hlth_excess,0.077,0.00960697,0.00850423,0.00850423
1968-11-01,Utils_excess,0.0839,0.00741474,0.00287226,0.00287226
1968-11-01,Other_excess,0.0729,0.00791733,0.00396409,0.00396409
1968-12-01,NoDur_excess,-0.0145,0.00730736,0.01022283,0.01022283
1968-12-01,Durbl_excess,-0.0489,0.01190557,0.00244228,0.00244228
1968-12-01,Manuf_excess,-0.0375,0.00957495,-0.0002672,0.0
1968-12-01,Enrgy_excess,-0.0296,0.00919384,0.00114823,0.00114823
1968-12-01,HiTec_excess,-0.0577,0.01177177,0.01159374,0.01159374
1968-12-01,Telcm_excess,-0.071,0.00636879,0.00179748,0.00179748
1968-12-01,Shops_excess,-0.0456,0.00885467,0.00805949,0.00805949
1968-12-01,Hlth_excess,-0.0145,0.00974095,0.00981882,0.00981882
1968-12-01,Utils_excess,-0.0335,0.0075668,0.00230728,0.00230728
1968-12-01,Other_excess,-0.0411,0.00804652,0.00519682,0.00519682
1969-01-01,NoDur_excess,-0.0172,0.00726409,0.01137121,0.01137121
1969-01-01,Durbl_excess,-0.0225,0.01178492,0.00220152,0.00220152
1969-01-01,Manuf_excess,-0.0098,0.00948155,-0.00124463,0.0
1969-01-01,Enrgy_excess,-0.0167,0.00911687,0.00173168,0.00173168
1969-01-01,HiTec_excess,-0.0521,0.01163393,0.01207846,0.01207846
1969-01-01,Telcm_excess,0.0064,0.00621528,-0.0018698,0.0
1969-01-01,Shops_excess,-0.015,0.00874663,0.00769139,0.00769139
1969-01-01,Hlth_excess,-0.0076,0.00969286,0.01072125,0.01072125
1969-01-01,Utils_excess,0.0191,0.00748532,0.00123731,0.00123731
1969-01-01,Other_excess,0.0025,0.00794901,0.00497004,0.00497004
1969-02-01,NoDur_excess,-0.0708,0.00721564,0.01151166,0.01151166
1969-02-01,Durbl_excess,-0.0404,0.01171703,0.00225811,0.00225811
1969-02-01,Manuf_excess,-0.0619,0.00944337,-0.0024378,0.0
1969-02-01,Enrgy_excess,-0.0541,0.00906574,0.00170081,0.00170081
1969-02-01,HiTec_excess,-0.0408,0.01150772,0.01010727,0.01010727
1969-02-01,Telcm_excess,-0.038,0.00621564,-0.0033313,0.0
1969-02-01,Shops_excess,-0.0461,0.0086996,0.0078331,0.0078331
1969-02-01,Hlth_excess,-0.0563,0.00965861,0.01088922,0.01088922
1969-02-01,Utils_excess,-0.0568,0.00750832,0.00034221,0.00034221
1969-02-01,Other_excess,-0.0887,0.00793822,0.0049469,0.0049469
1969-03-01,NoDur_excess,0.0025,0.00706146,0.00958575,0.00958575
1969-03-01,Durbl_excess,0.0464,0.01161403,0.00197691,0.00197691
1969-03-01,Manuf_excess,0.0219,0.00930237,-0.00472645,0.0
1969-03-01,Enrgy_excess,0.069,0.00894091,0.00116148,0.00116148
1969-03-01,HiTec_excess,0.0498,0.01140435,0.00861355,0.00861355
1969-03-01,Telcm_excess,-0.0088,0.00612826,-0.00595133,0.0
1969-03-01,Shops_excess,0.0461,0.0085913,0.00680666,0.00680666
1969-03-01,Hlth_excess,0.0289,0.00952826,0.00950586,0.00950586
1969-03-01,Utils_excess,-0.0175,0.00738123,-0.00227085,0.0
1969-03-01,Other_excess,0.0028,0.00774723,0.00206435,0.00206435
1969-04-01,NoDur_excess,0.0052,0.00705247,0.00924432,0.00924432
1969-04-01,Durbl_excess,0.0069,0.01168264,0.00357176,0.00357176
1969-04-01,Manuf_excess,0.0077,0.00932722,-0.00451055,0.0
1969-04-01,Enrgy_excess,-0.0089,0.00905937,0.00281432,0.00281432
1969-04-01,HiTec_excess,0.0333,0.01148008,0.00873301,0.00873301
1969-04-01,Telcm_excess,0.0715,0.00609882,-0.00606016,0.0
1969-04-01,Shops_excess,0.0341,0.00866529,0.00835294,0.00835294
1969-04-01,Hlth_excess,0.0445,0.00956647,0.00984411,0.00984411
1969-04-01,Utils_excess,0.0081,0.00733215,-0.00381695,0.0
1969-04-01,Other_excess,0.013,0.00773748,0.00178584,0.00178584
1969-05-01,NoDur_excess,0.0073,0.00704882,0.00766645,0.00766645
1969-05-01,Durbl_excess,-0.0035,0.01167323,0.0003931,0.0003931
1969-05-01,Manuf_excess,-0.0134,0.00932402,-0.00190205,0.0
1969-05-01,Enrgy_excess,0.0352,0.00902402,0.00154924,0.00154924
1969-05-01,HiTec_excess,-0.0208,0.01152303,0.01179375,0.01179375
1969-05-01,Telcm_excess,0.0059,0.00622756,-0.000522,0.0
1969-05-01,Shops_excess,0.0,0.00871535,0.00655315,0.00655315
1969-05-01,Hlth_excess,0.012,0.00963524,0.00985904,0.00985904
1969-05-01,Utils_excess,-0.0046,0.00733366,0.00132982,0.00132982
1969-05-01,Other_excess,-0.0168,0.00774783,0.00232435,0.00232435
1969-06-01,NoDur_excess,-0.0788,0.00704931,0.00960119,0.00960119
1969-06-01,Durbl_excess,-0.065,0.01164342,0.00465067,0.00465067
1969-06-01,Manuf_excess,-0.0743,0.00927937,-0.00510637,0.0
1969-06-01,Enrgy_excess,-0.1047,0.00907544,0.00322595,0.00322595
1969-06-01,HiTec_excess,-0.0067,0.01145953,0.00778259,0.00778259
1969-06-01,Telcm_excess,-0.0451,0.00622692,-0.00416913,0.0
1969-06-01,Shops_excess,-0.0602,0.00869823,0.00987527,0.00987527
1969-06-01,Hlth_excess,-0.0555,0.00963988,0.01122938,0.01122938
1969-06-01,Utils_excess,-0.0625,0.00731022,-0.00526219,0.0
1969-06-01,Other_excess,-0.1103,0.00769961,0.00167538,0.00167538
1969-07-01,NoDur_excess,-0.0738,0.00688098,0.00647901,0.00647901
1969-07-01,Durbl_excess,-0.075,0.01149314,0.00041076,0.00041076
1969-07-01,Manuf_excess,-0.0598,0.00911549,-0.00430183,0.0
1969-07-01,Enrgy_excess,-0.1017,0.00885235,0.00063231,0.00063231
1969-07-01,HiTec_excess,-0.0596,0.01142392,0.01192397,0.01192397
1969-07-01,Telcm_excess,-0.0503,0.00612627,-0.00371908,0.0
1969-07-01,Shops_excess,-0.0898,0.00856314,0.00569112,0.00569112
1969-07-01,Hlth_excess,-0.0326,0.00951216,0.00936676,0.00936676
1969-07-01,Utils_excess,-0.0351,0.00717333,-0.00182296,0.0
1969-07-01,Other_excess,-0.0966,0.00746824,-0.00076764,0.0
1969-08-01,NoDur_excess,0.0445,0.00672309,0.00418468,0.00418468
1969-08-01,Durbl_excess,0.0223,0.01132387,-0.00360205,0.0
1969-08-01,Manuf_excess,0.0369,0.00898063,-0.00259004,0.0
1969-08-01,Enrgy_excess,0.0612,0.00863601,-0.00133237,0.0
1969-08-01,HiTec_excess,0.0653,0.01128493,0.01510616,0.01510616
1969-08-01,Telcm_excess,0.0115,0.00601585,-0.00337223,0.0
1969-08-01,Shops_excess,0.0763,0.00837065,0.00109969,0.00109969
1969-08-01,Hlth_excess,0.0881,0.00942975,0.00869202,0.00869202
1969-08-01,Utils_excess,-0.0179,0.00709061,0.00270914,0.00270914
1969-08-01,Other_excess,0.0848,0.00726458,-0.00204356,0.0
1969-09-01,NoDur_excess,-0.0029,0.00679687,0.00540254,0.00540254
1969-09-01,Durbl_excess,-0.0068,0.01134531,-0.00246606,0.0
1969-09-01,Manuf_excess,-0.0269,0.00903516,-0.00158103,0.0
1969-09-01,Enrgy_excess,-0.1025,0.00873867,-0.00033953,0.0
1969-09-01,HiTec_excess,-0.0042,0.01139043,0.01579476,0.01579476
1969-09-01,Telcm_excess,-0.0462,0.00602656,-0.00257891,0.0
1969-09-01,Shops_excess,-0.0128,0.00850332,0.00361251,0.00361251
1969-09-01,Hlth_excess,0.0147,0.0095834,0.0107282,0.0107282
1969-09-01,Utils_excess,-0.0477,0.0070418,0.00131375,0.00131375
1969-09-01,Other_excess,-0.0125,0.00741602,0.00061756,0.00061756
1969-10-01,NoDur_excess,0.0772,0.00677797,0.00624208,0.00624208
1969-10-01,Durbl_excess,0.0326,0.01130994,0.00057146,0.00057146
1969-10-01,Manuf_excess,0.0608,0.00896511,-0.00599121,0.0
1969-10-01,Enrgy_excess,-0.0163,0.00852183,-0.00349853,0.0
1969-10-01,HiTec_excess,0.0519,0.01136004,0.0124704,0.0124704
1969-10-01,Telcm_excess,0.029,0.00592476,-0.00880557,0.0
1969-10-01,Shops_excess,0.0611,0.00846179,0.00559249,0.00559249
1969-10-01,Hlth_excess,0.0838,0.00959337,0.01212327,0.01212327
1969-10-01,Utils_excess,0.077,0.00693509,-0.007026,0.0
1969-10-01,Other_excess,0.074,0.00737719,-0.00107519,0.0
1969-11-01,NoDur_excess,-0.0288,0.00691498,0.00793533,0.00793533
1969-11-01,Durbl_excess,-0.05,0.01135136,-0.00032292,0.0
1969-11-01,Manuf_excess,-0.0394,0.00906595,-0.00217894,0.0
1969-11-01,Enrgy_excess,-0.0508,0.00847354,-0.00431769,0.0
1969-11-01,HiTec_excess,-0.0231,0.01143891,0.0145468,0.0145468
1969-11-01,Telcm_excess,0.0064,0.00596965,-0.00468992,0.0
1969-11-01,Shops_excess,-0.0461,0.0085642,0.0061626,0.0061626
1969-11-01,Hlth_excess,-0.002,0.00973774,0.01361491,0.01361491
1969-11-01,Utils_excess,-0.058,0.0070714,-0.00082737,0.0
1969-11-01,Other_excess,-0.0608,0.00750681,0.00191988,0.00191988
1969-12-01,NoDur_excess,-0.0258,0.00684563,0.00753849,0.00753849
1969-12-01,Durbl_excess,-0.0408,0.01123223,-0.00086858,0.0
1969-12-01,Manuf_excess,-0.0207,0.00897184,-0.00402136,0.0
1969-12-01,Enrgy_excess,-0.0365,0.00835845,-0.00567546,0.0
1969-12-01,HiTec_excess,-0.0138,0.01137184,0.01375747,0.01375747
1969-12-01,Telcm_excess,-0.0615,0.00597049,-0.00624723,0.0
1969-12-01,Shops_excess,-0.0364,0.00845806,0.00529451,0.00529451
1969-12-01,Hlth_excess,0.0366,0.00971495,0.01424904,0.01424904
1969-12-01,Utils_excess,-0.0127,0.00694505,-0.00423005,0.0
1969-12-01,Other_excess,-0.044,0.00737417,-9.361e-05,0.0
1970-01-01,NoDur_excess,-0.0485,0.00678236,0.00625226,0.00625226
1970-01-01,Durbl_excess,-0.0885,0.0111314,-0.00427756,0.0
1970-01-01,Manuf_excess,-0.079,0.00891434,-0.00277432,0.0
1970-01-01,Enrgy_excess,-0.1206,0.00827151,-0.00687511,0.0
1970-01-01,HiTec_excess,-0.0967,0.01132306,0.01637522,0.01637522
1970-01-01,Telcm_excess,-0.0317,0.00583973,-0.00724435,0.0
1970-01-01,Shops_excess,-0.0669,0.00837112,0.00229456,0.00229456
1970-01-01,Hlth_excess,-0.0772,0.00976705,0.01546955,0.01546955
1970-01-01,Utils_excess,-0.0484,0.00690698,-0.00106866,0.0
1970-01-01,Other_excess,-0.0945,0.00727461,-0.00090176,0.0
1970-02-01,NoDur_excess,0.0408,0.00667544,0.00494269,0.00494269
1970-02-01,Durbl_excess,0.0498,0.01093868,-0.00591624,0.0
1970-02-01,Manuf_excess,0.0457,0.00874429,-0.00540826,0.0
1970-02-01,Enrgy_excess,0.0477,0.00802224,-0.01018319,0.0
1970-02-01,HiTec_excess,0.0233,0.01111412,0.01302813,0.01302813
1970-02-01,Telcm_excess,0.0735,0.00576712,-0.00983079,0.0
1970-02-01,Shops_excess,0.0496,0.00822553,0.00037042,0.00037042
1970-02-01,Hlth_excess,0.0498,0.00959884,0.01317334,0.01317334
1970-02-01,Utils_excess,0.0776,0.0068,-0.00354927,0.0
1970-02-01,Other_excess,0.0886,0.00707776,-0.00410489,0.0
1970-03-01,NoDur_excess,-0.0135,0.00674131,0.00569456,0.00569456
1970-03-01,Durbl_excess,0.043,0.01101371,-0.00338608,0.0
1970-03-01,Manuf_excess,-0.0086,0.00881564,-0.00366143,0.0
1970-03-01,Enrgy_excess,-0.0102,0.00809884,-0.00713319,0.0
1970-03-01,HiTec_excess,-0.0315,0.01113764,0.01117696,0.01117696
1970-03-01,Telcm_excess,0.0172,0.00589788,-0.0050172,0.0
1970-03-01,Shops_excess,-0.0229,0.00830541,0.00265751,0.00265751
1970-03-01,Hlth_excess,-0.0566,0.00967645,0.01316473,0.01316473
1970-03-01,Utils_excess,0.0234,0.00693668,-0.00063502,0.0
1970-03-01,Other_excess,-0.0237,0.00723514,-0.00077561,0.0
1970-04-01,NoDur_excess,-0.1064,0.00670231,0.00573272,0.00573272
1970-04-01,Durbl_excess,-0.0936,0.01107534,0.00113013,0.00113013
1970-04-01,Manuf_excess,-0.0948,0.00878208,-0.00733697,0.0
1970-04-01,Enrgy_excess,-0.0967,0.00806358,-0.00736959,0.0
1970-04-01,HiTec_excess,-0.1485,0.01105549,0.00506779,0.00506779
1970-04-01,Telcm_excess,-0.0929,0.00591965,-0.00771037,0.0
1970-04-01,Shops_excess,-0.1162,0.00824528,0.00436314,0.00436314
1970-04-01,Hlth_excess,-0.1061,0.00954875,0.01155389,0.01155389
1970-04-01,Utils_excess,-0.0857,0.0069684,-0.00628034,0.0
1970-04-01,Other_excess,-0.1432,0.00717553,-0.00292883,0.0
1970-05-01,NoDur_excess,-0.0798,0.00648481,0.00294814,0.00294814
1970-05-01,Durbl_excess,-0.07,0.01087404,0.00246575,0.00246575
1970-05-01,Manuf_excess,-0.0804,0.00858288,-0.01372399,0.0
1970-05-01,Enrgy_excess,0.0213,0.00786212,-0.01061596,0.0
1970-05-01,HiTec_excess,-0.1009,0.01074865,-0.0042709,0.0
1970-05-01,Telcm_excess,-0.0424,0.00572962,-0.016298,0.0
1970-05-01,Shops_excess,-0.1,0.00800596,0.00261428,0.00261428
1970-05-01,Hlth_excess,-0.083,0.00932635,0.00880951,0.00880951
1970-05-01,Utils_excess,-0.0588,0.00679019,-0.016173,0.0
1970-05-01,Other_excess,-0.087,0.00688635,-0.00924928,0.0
1970-06-01,NoDur_excess,-0.0206,0.00631919,-0.00158428,0.0
1970-06-01,Durbl_excess,-0.0473,0.01071881,-0.00014674,0.0
1970-06-01,Manuf_excess,-0.054,0.00841209,-0.02052478,0.0
1970-06-01,Enrgy_excess,-0.0302,0.00788791,-0.00981065,0.0
1970-06-01,HiTec_excess,-0.1231,0.01053436,-0.01232388,0.0
1970-06-01,Telcm_excess,-0.0907,0.00563724,-0.02238494,0.0
1970-06-01,Shops_excess,-0.0456,0.00779866,-0.00280056,0.0
1970-06-01,Hlth_excess,-0.0109,0.00914914,0.00424015,0.00424015
1970-06-01,Utils_excess,-0.0529,0.0066643,-0.02327077,0.0
1970-06-01,Other_excess,-0.0743,0.00670614,-0.01558807,0.0
1970-07-01,NoDur_excess,0.0616,0.00626762,-0.00222501,0.0
1970-07-01,Durbl_excess,0.1008,0.01060766,-0.00302962,0.0
1970-07-01,Manuf_excess,0.0458,0.00829253,-0.01995161,0.0
1970-07-01,Enrgy_excess,0.1224,0.00781494,-0.00898883,0.0
1970-07-01,HiTec_excess,0.0182,0.01027835,-0.01578146,0.0
1970-07-01,Telcm_excess,0.0974,0.00545268,-0.02475081,0.0
1970-07-01,Shops_excess,0.0986,0.00769636,-0.00532057,0.0
1970-07-01,Hlth_excess,0.0164,0.00911073,0.00407339,0.00407339
1970-07-01,Utils_excess,0.0819,0.00655019,-0.02135858,0.0
1970-07-01,Other_excess,0.075,0.00655096,-0.0175009,0.0
1970-08-01,NoDur_excess,0.0093,0.00637342,0.00144683,0.00144683
1970-08-01,Durbl_excess,0.0775,0.01078011,0.00219119,0.00219119
1970-08-01,Manuf_excess,0.0412,0.00836424,-0.01364015,0.0
1970-08-01,Enrgy_excess,0.0606,0.00803403,-0.00285868,0.0
1970-08-01,HiTec_excess,0.075,0.0102935,-0.01112476,0.0
1970-08-01,Telcm_excess,0.0191,0.00562849,-0.01451864,0.0
1970-08-01,Shops_excess,0.0478,0.00787017,0.00047032,0.00047032
1970-08-01,Hlth_excess,0.0129,0.00912467,0.00467843,0.00467843
1970-08-01,Utils_excess,0.0416,0.00669426,-0.01304035,0.0
1970-08-01,Other_excess,0.0457,0.00668184,-0.01040011,0.0
1970-09-01,NoDur_excess,0.0498,0.00637901,0.00219842,0.00219842
1970-09-01,Durbl_excess,0.0215,0.01090744,0.00606123,0.00606123
1970-09-01,Manuf_excess,0.0343,0.00842691,-0.00978243,0.0
1970-09-01,Enrgy_excess,0.0266,0.00813435,-0.00163085,0.0
1970-09-01,HiTec_excess,0.0964,0.01041698,-0.00683153,0.0
1970-09-01,Telcm_excess,-0.0142,0.0056542,-0.01135447,0.0
1970-09-01,Shops_excess,0.0741,0.00794637,0.00278404,0.00278404
1970-09-01,Hlth_excess,0.0749,0.00913187,0.00491698,0.00491698
1970-09-01,Utils_excess,-0.0106,0.00676088,-0.01035914,0.0
1970-09-01,Other_excess,0.0705,0.0067563,-0.00670232,0.0
1970-10-01,NoDur_excess,0.0024,0.00646171,0.00380006,0.00380006
1970-10-01,Durbl_excess,-0.0246,0.01092762,0.0067032,0.0067032
1970-10-01,Manuf_excess,-0.0361,0.00847619,-0.00835784,0.0
1970-10-01,Enrgy_excess,0.0249,0.00816952,-0.00087857,0.0
1970-10-01,HiTec_excess,-0.0394,0.01058076,-0.00391636,0.0
1970-10-01,Telcm_excess,-0.0421,0.00561638,-0.01077546,0.0
1970-10-01,Shops_excess,-0.0215,0.00807238,0.00560944,0.00560944
1970-10-01,Hlth_excess,-0.0036,0.00925714,0.00709177,0.00709177
1970-10-01,Utils_excess,-0.0129,0.00672781,-0.01076548,0.0
1970-10-01,Other_excess,-0.0635,0.00687771,-0.00398508,0.0
1970-11-01,NoDur_excess,0.0427,0.00645399,0.00392335,0.00392335
1970-11-01,Durbl_excess,0.0652,0.01086008,0.00764563,0.00764563
1970-11-01,Manuf_excess,0.0346,0.00839144,-0.01149354,0.0
1970-11-01,Enrgy_excess,0.0449,0.00820133,0.0004093,0.0004093
1970-11-01,HiTec_excess,0.036,0.01048574,-0.00852621,0.0
1970-11-01,Telcm_excess,0.057,0.00552567,-0.01414186,0.0
1970-11-01,Shops_excess,0.0642,0.00801616,0.00601545,0.00601545
1970-11-01,Hlth_excess,0.0262,0.0092327,0.00663854,0.00663854
1970-11-01,Utils_excess,0.0895,0.00669049,-0.01468314,0.0
1970-11-01,Other_excess,0.0339,0.00674392,-0.00704434,0.0
1970-12-01,NoDur_excess,0.0708,0.00652277,0.00508152,0.00508152
1970-12-01,Durbl_excess,0.0575,0.01096319,0.00871674,0.00871674
1970-12-01,Manuf_excess,0.0759,0.00844118,-0.00717038,0.0
1970-12-01,Enrgy_excess,0.0183,0.00827097,0.0012929,0.0012929
1970-12-01,HiTec_excess,0.0398,0.01053416,-0.00463753,0.0
1970-12-01,Telcm_excess,0.0643,0.00562334,-0.00761598,0.0
1970-12-01,Shops_excess,0.0499,0.00812277,0.00771375,0.00771375
1970-12-01,Hlth_excess,0.0494,0.0092649,0.00698141,0.00698141
1970-12-01,Utils_excess,0.0676,0.00684763,-0.00818838,0.0
1970-12-01,Other_excess,0.0795,0.00679545,-0.00375289,0.0
1971-01-01,NoDur_excess,0.0444,0.00664451,0.00701316,0.00701316
1971-01-01,Durbl_excess,0.0349,0.01105133,0.01223825,0.01223825
1971-01-01,Manuf_excess,0.0553,0.00856894,-0.00699256,0.0
1971-01-01,Enrgy_excess,-0.0005,0.00828996,0.00099558,0.00099558
1971-01-01,HiTec_excess,0.0501,0.01058958,-0.00761974,0.0
1971-01-01,Telcm_excess,0.0939,0.00573447,-0.00663729,0.0
1971-01-01,Shops_excess,0.0791,0.00820189,0.01057161,0.01057161
1971-01-01,Hlth_excess,0.045,0.00934091,0.0075083,0.0075083
1971-01-01,Utils_excess,0.0255,0.00696269,-0.0103757,0.0
1971-01-01,Other_excess,0.0743,0.00693314,-0.00230458,0.0
1971-02-01,NoDur_excess,0.0344,0.00671588,0.00737104,0.00737104
1971-02-01,Durbl_excess,0.0191,0.01109641,0.01162097,0.01162097
1971-02-01,Manuf_excess,0.0091,0.00865728,-0.00503467,0.0
1971-02-01,Enrgy_excess,0.0448,0.00827335,0.0004709,0.0004709
1971-02-01,HiTec_excess,0.0247,0.01066427,-0.00588087,0.0
1971-02-01,Telcm_excess,-0.0562,0.00590113,-0.00239886,0.0
1971-02-01,Shops_excess,0.0331,0.00833592,0.01190453,0.01190453
1971-02-01,Hlth_excess,0.0106,0.00940832,0.00792868,0.00792868
1971-02-01,Utils_excess,-0.0293,0.00699773,-0.00877202,0.0
1971-02-01,Other_excess,0.0202,0.00706049,-0.00022158,0.0
1971-03-01,NoDur_excess,0.0415,0.00676811,0.00932329,0.00932329
1971-03-01,Durbl_excess,0.0314,0.01111151,0.01707227,0.01707227
1971-03-01,Manuf_excess,0.0378,0.00865811,-0.00906165,0.0
1971-03-01,Enrgy_excess,0.0246,0.00834226,0.00316601,0.00316601
1971-03-01,HiTec_excess,0.0775,0.01069075,-0.01294862,0.0
1971-03-01,Telcm_excess,0.0041,0.00578396,-0.00749614,0.0
1971-03-01,Shops_excess,0.0651,0.00838264,0.01685356,0.01685356
1971-03-01,Hlth_excess,0.0337,0.00941057,0.00811851,0.00811851
1971-03-01,Utils_excess,0.0211,0.00692925,-0.01738683,0.0
1971-03-01,Other_excess,0.0571,0.00708528,-0.00127659,0.0
1971-04-01,NoDur_excess,0.0185,0.00683352,0.00961454,0.00961454
1971-04-01,Durbl_excess,0.0821,0.01114972,0.01581911,0.01581911
1971-04-01,Manuf_excess,0.04,0.00871299,-0.00655701,0.0
1971-04-01,Enrgy_excess,0.0403,0.00837288,0.00312589,0.00312589
1971-04-01,HiTec_excess,0.0203,0.01081657,-0.00864043,0.0
1971-04-01,Telcm_excess,0.0053,0.00578079,-0.00507784,0.0
1971-04-01,Shops_excess,0.0469,0.00848945,0.01741483,0.01741483
1971-04-01,Hlth_excess,0.0397,0.00945631,0.00840365,0.00840365
1971-04-01,Utils_excess,-0.0383,0.00695593,-0.01435126,0.0
1971-04-01,Other_excess,0.0408,0.00717947,0.00097547,0.00097547
1971-05-01,NoDur_excess,-0.033,0.00685545,0.0095072,0.0095072
1971-05-01,Durbl_excess,-0.0457,0.01128308,0.01614132,0.01614132
1971-05-01,Manuf_excess,-0.0255,0.0087718,-0.00601596,0.0
1971-05-01,Enrgy_excess,-0.0506,0.00843289,0.00315043,0.00315043
1971-05-01,HiTec_excess,-0.0647,0.0108344,-0.0078465,0.0
1971-05-01,Telcm_excess,-0.0545,0.00577989,-0.00512476,0.0
1971-05-01,Shops_excess,-0.0208,0.00856165,0.01748343,0.01748343
1971-05-01,Hlth_excess,-0.024,0.00951316,0.00911956,0.00911956
1971-05-01,Utils_excess,-0.04,0.00687086,-0.01499881,0.0
1971-05-01,Other_excess,-0.0489,0.00724267,0.00140669,0.00140669
1971-06-01,NoDur_excess,-0.0052,0.00678068,0.00812199,0.00812199
1971-06-01,Durbl_excess,-0.0103,0.01117617,0.01346224,0.01346224
1971-06-01,Manuf_excess,0.0,0.0087075,-0.0065849,0.0
1971-06-01,Enrgy_excess,0.0066,0.00832214,0.0021303,0.0021303
1971-06-01,HiTec_excess,-0.0255,0.01069268,-0.00855078,0.0
1971-06-01,Telcm_excess,0.0067,0.00566679,-0.00725834,0.0
1971-06-01,Shops_excess,-0.0007,0.00850657,0.01561942,0.01561942
1971-06-01,Hlth_excess,0.0165,0.00945028,0.00841346,0.00841346
1971-06-01,Utils_excess,0.0395,0.00678293,-0.01466157,0.0
1971-06-01,Other_excess,-0.0143,0.00713734,-0.00041712,0.0
1971-07-01,NoDur_excess,-0.0254,0.00675824,0.00730341,0.00730341
1971-07-01,Durbl_excess,-0.0595,0.01113596,0.0104122,0.0104122
1971-07-01,Manuf_excess,-0.0528,0.0086912,-0.00568386,0.0
1971-07-01,Enrgy_excess,-0.0254,0.00831891,0.00125099,0.00125099
1971-07-01,HiTec_excess,-0.0898,0.01062491,-0.00666377,0.0
1971-07-01,Telcm_excess,-0.0401,0.00566873,-0.00614496,0.0
1971-07-01,Shops_excess,-0.0385,0.00848933,0.01328169,0.01328169
1971-07-01,Hlth_excess,-0.0265,0.00946348,0.00855146,0.00855146
1971-07-01,Utils_excess,-0.0254,0.00684419,-0.01056609,0.0
1971-07-01,Other_excess,-0.0425,0.00709719,-0.00083138,0.0
1971-08-01,NoDur_excess,0.0263,0.00669813,0.00608883,0.00608883
1971-08-01,Durbl_excess,0.1013,0.01100393,0.00601305,0.00601305
1971-08-01,Manuf_excess,0.0592,0.00857626,-0.00470708,0.0
1971-08-01,Enrgy_excess,-0.0169,0.00825589,0.0002179,0.0002179
1971-08-01,HiTec_excess,0.052,0.0104372,-0.00392637,0.0
1971-08-01,Telcm_excess,-0.0081,0.00558318,-0.00540297,0.0
1971-08-01,Shops_excess,0.0573,0.0084015,0.00942349,0.00942349
1971-08-01,Hlth_excess,0.0281,0.00939626,0.00790863,0.00790863
1971-08-01,Utils_excess,-0.028,0.00678393,-0.00622037,0.0
1971-08-01,Other_excess,0.0656,0.00700449,-0.00117416,0.0
1971-09-01,NoDur_excess,-0.0044,0.0067347,0.00610355,0.00610355
1971-09-01,Durbl_excess,-0.0044,0.01117239,0.0074478,0.0074478
1971-09-01,Manuf_excess,-0.0069,0.00867071,-0.0027335,0.0
1971-09-01,Enrgy_excess,-0.0201,0.00820896,-0.00066004,0.0
1971-09-01,HiTec_excess,-0.0192,0.01051474,-0.00246771,0.0
1971-09-01,Telcm_excess,-0.0014,0.00555765,-0.00346351,0.0
1971-09-01,Shops_excess,0.0036,0.00849272,0.01000715,0.01000715
1971-09-01,Hlth_excess,0.0029,0.00943116,0.00775546,0.00775546
1971-09-01,Utils_excess,-0.0188,0.00671903,-0.00593216,0.0
1971-09-01,Other_excess,-0.008,0.00711381,0.00054151,0.00054151
1971-10-01,NoDur_excess,-0.047,0.00671397,0.0060245,0.0060245
1971-10-01,Durbl_excess,-0.0558,0.01114339,0.00790801,0.00790801
1971-10-01,Manuf_excess,-0.0641,0.00864171,-0.00284434,0.0
1971-10-01,Enrgy_excess,-0.0466,0.00815624,-0.00050676,0.0
1971-10-01,HiTec_excess,-0.0472,0.0104594,-0.00320968,0.0
1971-10-01,Telcm_excess,-0.0211,0.00554469,-0.00344402,0.0
1971-10-01,Shops_excess,-0.0382,0.00848361,0.01035757,0.01035757
1971-10-01,Hlth_excess,-0.0287,0.00941899,0.00769689,0.00769689
1971-10-01,Utils_excess,0.0168,0.00667151,-0.0066061,0.0
1971-10-01,Other_excess,-0.0457,0.00708566,0.00047996,0.00047996
1971-11-01,NoDur_excess,-0.0071,0.00661413,0.00556736,0.00556736
1971-11-01,Durbl_excess,-0.0004,0.01101896,0.00823596,0.00823596
1971-11-01,Manuf_excess,-0.0135,0.00850651,-0.00384631,0.0
1971-11-01,Enrgy_excess,-0.0031,0.00805446,7.09e-05,7.09e-05
1971-11-01,HiTec_excess,0.014,0.01035223,-0.0043655,0.0
1971-11-01,Telcm_excess,0.0002,0.00549517,-0.00447663,0.0
1971-11-01,Shops_excess,-0.0013,0.00839684,0.01042395,0.01042395
1971-11-01,Hlth_excess,0.0022,0.00934814,0.0075192,0.0075192
1971-11-01,Utils_excess,-0.0157,0.00669033,-0.00692338,0.0
1971-11-01,Other_excess,-0.0055,0.00698755,-0.00012481,0.0
1971-12-01,NoDur_excess,0.1017,0.00658868,0.00579352,0.00579352
1971-12-01,Durbl_excess,0.0577,0.01099777,0.01010254,0.01010254
1971-12-01,Manuf_excess,0.095,0.00846568,-0.00500334,0.0
1971-12-01,Enrgy_excess,0.0847,0.00803377,0.00046915,0.00046915
1971-12-01,HiTec_excess,0.109,0.010359,-0.00648524,0.0
1971-12-01,Telcm_excess,0.07,0.00548534,-0.00576275,0.0
1971-12-01,Shops_excess,0.098,0.00837885,0.01185958,0.01185958
1971-12-01,Hlth_excess,0.0754,0.00933488,0.00756603,0.00756603
1971-12-01,Utils_excess,0.0774,0.00664879,-0.00966839,0.0
1971-12-01,Other_excess,0.0777,0.00696438,-0.00038966,0.0
1972-01-01,NoDur_excess,0.0221,0.00676481,0.00718333,0.00718333
1972-01-01,Durbl_excess,0.0294,0.01108426,0.01057957,0.01057957
1972-01-01,Manuf_excess,0.0293,0.00862593,-0.00440807,0.0
1972-01-01,Enrgy_excess,-0.0013,0.00817574,0.00060166,0.00060166
1972-01-01,HiTec_excess,0.0806,0.01054167,-0.00657089,0.0
1972-01-01,Telcm_excess,0.0065,0.00560481,-0.00401349,0.0
1972-01-01,Shops_excess,0.0014,0.00854481,0.01381674,0.01381674
1972-01-01,Hlth_excess,0.0231,0.00945722,0.0080757,0.0080757
1972-01-01,Utils_excess,-0.0059,0.00677981,-0.00988209,0.0
1972-01-01,Other_excess,0.0304,0.00709537,0.00040654,0.00040654
1972-02-01,NoDur_excess,0.044,0.00679316,0.00848919,0.00848919
1972-02-01,Durbl_excess,0.0059,0.01111811,0.01481647,0.01481647
1972-02-01,Manuf_excess,0.0474,0.00866414,-0.00633602,0.0
1972-02-01,Enrgy_excess,0.0236,0.00815823,0.00186353,0.00186353
1972-02-01,HiTec_excess,0.0164,0.01067116,-0.01005383,0.0
1972-02-01,Telcm_excess,-0.0009,0.00560647,-0.00664158,0.0
1972-02-01,Shops_excess,0.0541,0.00853161,0.01721038,0.01721038
1972-02-01,Hlth_excess,0.0688,0.00948244,0.00873789,0.00873789
1972-02-01,Utils_excess,-0.0275,0.00675638,-0.01562603,0.0
1972-02-01,Other_excess,0.02,0.00713845,0.00030013,0.00030013
1972-03-01,NoDur_excess,-0.0019,0.00686181,0.00951181,0.00951181
1972-03-01,Durbl_excess,0.0396,0.01110849,0.01458697,0.01458697
1972-03-01,Manuf_excess,0.0222,0.00873561,-0.00554256,0.0
1972-03-01,Enrgy_excess,-0.0573,0.00818672,0.00248079,0.00248079
1972-03-01,HiTec_excess,0.0083,0.01068173,-0.01059202,0.0
1972-03-01,Telcm_excess,-0.0059,0.00559446,-0.00680977,0.0
1972-03-01,Shops_excess,0.0171,0.00861568,0.01881127,0.01881127
1972-03-01,Hlth_excess,0.0019,0.00959188,0.01045986,0.01045986
1972-03-01,Utils_excess,-0.0043,0.00669317,-0.01724017,0.0
1972-03-01,Other_excess,0.0204,0.00716218,0.00040799,0.00040799
1972-04-01,NoDur_excess,0.0161,0.00684567,0.00851869,0.00851869
1972-04-01,Durbl_excess,-0.0082,0.01116096,0.01298997,0.01298997
1972-04-01,Manuf_excess,0.0168,0.00876041,-0.00406254,0.0
1972-04-01,Enrgy_excess,-0.0098,0.00806611,-0.00044791,0.0
1972-04-01,HiTec_excess,0.0047,0.01067735,-0.00779472,0.0
1972-04-01,Telcm_excess,-0.0134,0.0055733,-0.00577489,0.0
1972-04-01,Shops_excess,-0.0085,0.00863131,0.01671955,0.01671955
1972-04-01,Hlth_excess,0.0079,0.00957772,0.00980187,0.00980187
1972-04-01,Utils_excess,-0.0311,0.00667293,-0.01420335,0.0
1972-04-01,Other_excess,0.0153,0.00718656,0.00097088,0.00097088
1972-05-01,NoDur_excess,0.0011,0.00686268,0.00872603,0.00872603
1972-05-01,Durbl_excess,-0.0132,0.01112537,0.01246685,0.01246685
1972-05-01,Manuf_excess,0.016,0.00877518,-0.00401399,0.0
1972-05-01,Enrgy_excess,0.0339,0.00803327,-0.00062157,0.0
1972-05-01,HiTec_excess,0.0344,0.01066636,-0.00809078,0.0
1972-05-01,Telcm_excess,0.0087,0.00553842,-0.00645121,0.0
1972-05-01,Shops_excess,0.0149,0.00859982,0.01628821,0.01628821
1972-05-01,Hlth_excess,0.0322,0.00957463,0.00978444,0.00978444
1972-05-01,Utils_excess,-0.0048,0.00660349,-0.01528379,0.0
1972-05-01,Other_excess,-0.0091,0.00720147,0.00104098,0.00104098
1972-06-01,NoDur_excess,-0.0144,0.00685211,0.0078305,0.0078305
1972-06-01,Durbl_excess,-0.0318,0.01108073,0.01021806,0.01021806
1972-06-01,Manuf_excess,-0.0254,0.00878844,-0.00314804,0.0
1972-06-01,Enrgy_excess,-0.0121,0.00808073,-0.00032823,0.0
1972-06-01,HiTec_excess,-0.0282,0.01070991,-0.00594494,0.0
1972-06-01,Telcm_excess,-0.0304,0.00554422,-0.00460747,0.0
1972-06-01,Shops_excess,-0.0451,0.00861138,0.01489912,0.01489912
1972-06-01,Hlth_excess,0.0222,0.00961615,0.00973798,0.00973798
1972-06-01,Utils_excess,-0.0184,0.00658257,-0.01323605,0.0
1972-06-01,Other_excess,-0.048,0.00717156,0.00069588,0.00069588
1972-07-01,NoDur_excess,-0.0189,0.00681319,0.00750072,0.00750072
1972-07-01,Durbl_excess,-0.0244,0.0110022,0.00931822,0.00931822
1972-07-01,Manuf_excess,0.0017,0.00872582,-0.00323869,0.0
1972-07-01,Enrgy_excess,-0.0136,0.00804377,-0.00043318,0.0
1972-07-01,HiTec_excess,0.0065,0.01063864,-0.00561666,0.0
1972-07-01,Telcm_excess,0.0044,0.00547839,-0.00533196,0.0
1972-07-01,Shops_excess,-0.0277,0.008513,0.01339611,0.01339611
1972-07-01,Hlth_excess,0.0282,0.00963919,0.01022863,0.01022863
1972-07-01,Utils_excess,-0.0027,0.00653681,-0.01268164,0.0
1972-07-01,Other_excess,-0.0326,0.00707051,-0.00012891,0.0
1972-08-01,NoDur_excess,-0.004,0.00676618,0.00652585,0.00652585
1972-08-01,Durbl_excess,0.0349,0.01093748,0.00747362,0.00747362
1972-08-01,Manuf_excess,0.02,0.00871298,-0.00228253,0.0
1972-08-01,Enrgy_excess,0.1216,0.0080042,-0.00115462,0.0
1972-08-01,HiTec_excess,0.0256,0.01063108,-0.00370595,0.0
1972-08-01,Telcm_excess,0.0486,0.00547642,-0.00356952,0.0
1972-08-01,Shops_excess,-0.0072,0.0084468,0.01137089,0.01137089
1972-08-01,Hlth_excess,0.0075,0.00967313,0.01004133,0.01004133
1972-08-01,Utils_excess,0.0568,0.00651993,-0.01022463,0.0
1972-08-01,Other_excess,0.0333,0.00699799,-0.00035544,0.0
1972-09-01,NoDur_excess,-0.0296,0.00674653,0.00603948,0.00603948
1972-09-01,Durbl_excess,-0.0123,0.0109812,0.00711996,0.00711996
1972-09-01,Manuf_excess,-0.0156,0.00873358,-0.00235116,0.0
1972-09-01,Enrgy_excess,-0.0058,0.0082115,0.00016138,0.00016138
1972-09-01,HiTec_excess,-0.0149,0.01065839,-0.00359465,0.0
1972-09-01,Telcm_excess,0.0397,0.00555511,-0.00244851,0.0
1972-09-01,Shops_excess,-0.0084,0.00841825,0.01071663,0.01071663
1972-09-01,Hlth_excess,-0.0078,0.00966916,0.00966139,0.00966139
1972-09-01,Utils_excess,-0.0014,0.00661168,-0.0092471,0.0
1972-09-01,Other_excess,-0.0206,0.00704599,-0.00016107,0.0
1972-10-01,NoDur_excess,-0.0041,0.00668033,0.00475613,0.00475613
1972-10-01,Durbl_excess,-0.0284,0.0109388,0.00380461,0.00380461
1972-10-01,Manuf_excess,0.0074,0.00868925,-0.00282273,0.0
1972-10-01,Enrgy_excess,0.027,0.00818597,-0.00075546,0.0
1972-10-01,HiTec_excess,-0.0374,0.01061184,-0.00189732,0.0
1972-10-01,Telcm_excess,0.019,0.0056173,-0.0016031,0.0
1972-10-01,Shops_excess,0.0049,0.00838761,0.00830404,0.00830404
1972-10-01,Hlth_excess,0.0111,0.00963734,0.0089413,0.0089413
1972-10-01,Utils_excess,0.0637,0.00659709,-0.0065399,0.0
1972-10-01,Other_excess,0.0073,0.00699563,-0.00116155,0.0
1972-11-01,NoDur_excess,0.0651,0.00666073,0.0041754,0.0041754
1972-11-01,Durbl_excess,0.0757,0.01086727,0.0019168,0.0019168
1972-11-01,Manuf_excess,0.0383,0.00868691,-0.00223314,0.0
1972-11-01,Enrgy_excess,0.0583,0.00822018,-0.00098065,0.0
1972-11-01,HiTec_excess,0.0216,0.01052455,-0.00093149,0.0
1972-11-01,Telcm_excess,0.0669,0.00564164,-0.00020935,0.0
1972-11-01,Shops_excess,0.0564,0.00838127,0.00703848,0.00703848
1972-11-01,Hlth_excess,-0.0093,0.00964,0.00841472,0.00841472
1972-11-01,Utils_excess,0.0603,0.00670091,-0.00367895,0.0
1972-11-01,Other_excess,0.0477,0.00699618,-0.00096037,0.0
1972-12-01,NoDur_excess,0.0016,0.00676679,0.00415559,0.00415559
1972-12-01,Durbl_excess,0.0127,0.01098494,0.00089741,0.00089741
1972-12-01,Manuf_excess,0.0055,0.00874065,-0.0015456,0.0
1972-12-01,Enrgy_excess,0.0068,0.00831107,-0.00171356,0.0
1972-12-01,HiTec_excess,0.0161,0.01054465,0.00030175,0.00030175
1972-12-01,Telcm_excess,0.0108,0.00575281,0.00204981,0.00204981
1972-12-01,Shops_excess,0.0136,0.00846842,0.00625165,0.00625165
1972-12-01,Hlth_excess,0.0337,0.00960563,0.00737112,0.00737112
1972-12-01,Utils_excess,-0.0191,0.00679819,-0.00143253,0.0
1972-12-01,Other_excess,-0.011,0.00707005,-0.00046539,0.0
1973-01-01,NoDur_excess,-0.052,0.00675743,0.00420699,0.00420699
1973-01-01,Durbl_excess,-0.0714,0.01098804,0.0007549,0.0007549
1973-01-01,Manuf_excess,-0.0414,0.00873478,-0.00195377,0.0
1973-01-01,Enrgy_excess,0.0459,0.00830833,-0.00174272,0.0
1973-01-01,HiTec_excess,0.0152,0.01055471,0.00016754,0.00016754
1973-01-01,Telcm_excess,-0.0256,0.00576196,0.00139391,0.00139391
1973-01-01,Shops_excess,-0.0453,0.00847772,0.00632744,0.00632744
1973-01-01,Hlth_excess,-0.0163,0.00964928,0.00783694,0.00783694
1973-01-01,Utils_excess,-0.0471,0.00675127,-0.00198253,0.0
1973-01-01,Other_excess,-0.0789,0.00703732,-0.00092665,0.0
1973-02-01,NoDur_excess,-0.0478,0.00665118,0.00511155,0.00511155
1973-02-01,Durbl_excess,-0.0627,0.01083906,0.00374019,0.00374019
1973-02-01,Manuf_excess,-0.0268,0.00864412,-0.00507184,0.0
1973-02-01,Enrgy_excess,-0.0779,0.00837631,0.00138464,0.00138464
1973-02-01,HiTec_excess,-0.0341,0.01056311,-0.00457932,0.0
1973-02-01,Telcm_excess,-0.0505,0.00570524,-0.00426363,0.0
1973-02-01,Shops_excess,-0.0686,0.00838047,0.00943547,0.00943547
1973-02-01,Hlth_excess,-0.0112,0.00960235,0.00978037,0.00978037
1973-02-01,Utils_excess,-0.0239,0.00665389,-0.00903568,0.0
1973-02-01,Other_excess,-0.0647,0.00688192,-0.00323941,0.0
1973-03-01,NoDur_excess,-0.0146,0.00655289,0.00414273,0.00414273
1973-03-01,Durbl_excess,-0.0328,0.01070632,0.0023077,0.0023077
1973-03-01,Manuf_excess,-0.0066,0.00858014,-0.00502569,0.0
1973-03-01,Enrgy_excess,0.0259,0.00822058,0.00015352,0.00015352
1973-03-01,HiTec_excess,-0.0166,0.01048249,-0.00405336,0.0
1973-03-01,Telcm_excess,0.0007,0.00560379,-0.00548367,0.0
1973-03-01,Shops_excess,-0.061,0.00824152,0.00746654,0.00746654
1973-03-01,Hlth_excess,0.0032,0.0095648,0.00959559,0.00959559
1973-03-01,Utils_excess,-0.0261,0.00659874,-0.00830757,0.0
1973-03-01,Other_excess,-0.0072,0.00675271,-0.00427229,0.0
1973-04-01,NoDur_excess,-0.0677,0.00651477,0.00323734,0.00323734
1973-04-01,Durbl_excess,-0.0571,0.01062793,-0.00091175,0.0
1973-04-01,Manuf_excess,-0.0492,0.00855279,-0.00437781,0.0
1973-04-01,Enrgy_excess,-0.015,0.00825243,-0.00044844,0.0
1973-04-01,HiTec_excess,-0.0718,0.01043369,-0.00157037,0.0
1973-04-01,Telcm_excess,0.0036,0.00559495,-0.00407347,0.0
1973-04-01,Shops_excess,-0.0904,0.00811676,0.0041438,0.0041438
1973-04-01,Hlth_excess,-0.0601,0.00955333,0.00886796,0.00886796
1973-04-01,Utils_excess,-0.0112,0.00653982,-0.00533892,0.0
1973-04-01,Other_excess,-0.0827,0.00672757,-0.00413866,0.0
1973-05-01,NoDur_excess,-0.0264,0.00638129,0.00238363,0.00238363
1973-05-01,Durbl_excess,-0.0474,0.01050612,-0.00143709,0.0
1973-05-01,Manuf_excess,-0.0166,0.00844892,-0.00399102,0.0
1973-05-01,Enrgy_excess,-0.0407,0.00821061,-0.00026692,0.0
1973-05-01,HiTec_excess,-0.0312,0.01028579,-0.00102989,0.0
1973-05-01,Telcm_excess,-0.0135,0.00559137,-0.00369902,0.0
1973-05-01,Shops_excess,-0.0274,0.00793957,0.00236571,0.00236571
1973-05-01,Hlth_excess,0.0055,0.00942806,0.00798421,0.00798421
1973-05-01,Utils_excess,-0.0016,0.00650791,-0.00393367,0.0
1973-05-01,Other_excess,-0.055,0.00656673,-0.0046483,0.0
1973-06-01,NoDur_excess,-0.0395,0.00632244,0.00201713,0.00201713
1973-06-01,Durbl_excess,-0.0305,0.01040215,-0.00170412,0.0
1973-06-01,Manuf_excess,-0.0086,0.00840395,-0.00482044,0.0
1973-06-01,Enrgy_excess,0.0108,0.0081228,-0.00016888,0.0
1973-06-01,HiTec_excess,-0.0057,0.01021131,-0.00245543,0.0
1973-06-01,Telcm_excess,-0.0083,0.00555709,-0.00529593,0.0
1973-06-01,Shops_excess,-0.0627,0.00787612,0.00216559,0.00216559
1973-06-01,Hlth_excess,-0.005,0.00942101,0.00839909,0.00839909
1973-06-01,Utils_excess,-0.0301,0.00649336,-0.00503113,0.0
1973-06-01,Other_excess,-0.0074,0.00645619,-0.00607457,0.0
1973-07-01,NoDur_excess,0.0679,0.00624032,0.00069688,0.00069688
1973-07-01,Durbl_excess,0.0662,0.01032885,-0.00566152,0.0
1973-07-01,Manuf_excess,0.0601,0.00837348,-0.00393535,0.0
1973-07-01,Enrgy_excess,-0.0034,0.0081276,-0.00145927,0.0
1973-07-01,HiTec_excess,0.0431,0.0101828,0.00151168,0.00151168
1973-07-01,Telcm_excess,-0.0096,0.00553226,-0.00392034,0.0
1973-07-01,Shops_excess,0.105,0.00774964,-0.00160757,0.0
1973-07-01,Hlth_excess,0.0623,0.00939516,0.00754828,0.00754828
1973-07-01,Utils_excess,-0.0304,0.00642778,-0.00083021,0.0
1973-07-01,Other_excess,0.0889,0.00643136,-0.00578473,0.0
1973-08-01,NoDur_excess,-0.0401,0.00635063,0.00154173,0.00154173
1973-08-01,Durbl_excess,-0.0464,0.0104288,-0.0062969,0.0
1973-08-01,Manuf_excess,-0.0216,0.00846601,-0.00343134,0.0
1973-08-01,Enrgy_excess,-0.0452,0.00810698,-0.00292089,0.0
1973-08-01,HiTec_excess,-0.044,0.01024168,0.00249394,0.00249394
1973-08-01,Telcm_excess,-0.0459,0.00550519,-0.00480517,0.0
1973-08-01,Shops_excess,-0.0485,0.00792361,-0.0008452,0.0
1973-08-01,Hlth_excess,-0.076,0.0094898,0.00849809,0.00849809
1973-08-01,Utils_excess,-0.028,0.0063619,-0.00124828,0.0
1973-08-01,Other_excess,-0.03,0.00657889,-0.00482558,0.0
1973-09-01,NoDur_excess,0.0522,0.00626768,0.00030649,0.00030649
1973-09-01,Durbl_excess,0.0714,0.01032732,-0.01076865,0.0
1973-09-01,Manuf_excess,0.0388,0.00841232,-0.00100107,0.0
1973-09-01,Enrgy_excess,0.0853,0.00801179,-0.00545636,0.0
1973-09-01,HiTec_excess,-0.0351,0.01014482,0.00847286,0.00847286
1973-09-01,Telcm_excess,0.0696,0.00541339,-0.00212444,0.0
1973-09-01,Shops_excess,0.0649,0.00782286,-0.00483841,0.0
1973-09-01,Hlth_excess,0.001,0.00933714,0.00564789,0.00564789
1973-09-01,Utils_excess,0.0723,0.00630054,0.00613863,0.00613863
1973-09-01,Other_excess,0.0656,0.00651357,-0.00354628,0.0
1973-10-01,NoDur_excess,-0.029,0.00634955,0.0017546,0.0017546
1973-10-01,Durbl_excess,-0.05,0.01043619,-0.00819368,0.0
1973-10-01,Manuf_excess,-0.002,0.00846649,0.00092693,0.00092693
1973-10-01,Enrgy_excess,0.0452,0.00814955,-0.00387934,0.0
1973-10-01,HiTec_excess,0.0325,0.01006417,0.00795783,0.00795783
1973-10-01,Telcm_excess,-0.0621,0.00552781,0.00165656,0.00165656
1973-10-01,Shops_excess,-0.043,0.0079246,-0.00269594,0.0
1973-10-01,Hlth_excess,0.0118,0.00932228,0.00518503,0.00518503
1973-10-01,Utils_excess,-0.0406,0.00641818,0.00849596,0.00849596
1973-10-01,Other_excess,-0.0166,0.00661889,-0.00087007,0.0
1973-11-01,NoDur_excess,-0.1488,0.00628665,0.00143319,0.00143319
1973-11-01,Durbl_excess,-0.1687,0.01032865,-0.00540364,0.0
1973-11-01,Manuf_excess,-0.1483,0.00844786,-0.00138662,0.0
1973-11-01,Enrgy_excess,-0.0678,0.00821548,-0.00061008,0.0
1973-11-01,HiTec_excess,-0.1201,0.01010409,0.00304651,0.00304651
1973-11-01,Telcm_excess,-0.0489,0.00540747,-0.00265434,0.0
1973-11-01,Shops_excess,-0.1946,0.00783399,-0.00073177,0.0
1973-11-01,Hlth_excess,-0.0832,0.00932669,0.00634701,0.00634701
1973-11-01,Utils_excess,-0.122,0.00633452,0.00108703,0.00108703
1973-11-01,Other_excess,-0.1406,0.00657758,-0.00270145,0.0
1973-12-01,NoDur_excess,-0.0221,0.00601119,-0.00062562,0.0
1973-12-01,Durbl_excess,-0.044,0.01001066,-0.00769261,0.0
1973-12-01,Manuf_excess,0.0065,0.00816945,-0.00298294,0.0
1973-12-01,Enrgy_excess,0.0799,0.00808046,0.00054763,0.00054763
1973-12-01,HiTec_excess,-0.0496,0.00987282,0.00299228,0.00299228
1973-12-01,Telcm_excess,0.0353,0.00531101,-0.00549201,0.0
1973-12-01,Shops_excess,-0.0085,0.00747442,-0.00454743,0.0
1973-12-01,Hlth_excess,-0.0512,0.00916234,0.00574962,0.00574962
1973-12-01,Utils_excess,0.0279,0.00610657,0.00056737,0.00056737
1973-12-01,Other_excess,0.0181,0.00631616,-0.00458274,0.0
1974-01-01,NoDur_excess,0.0173,0.00596135,-0.0006566,0.0
1974-01-01,Durbl_excess,0.0547,0.00991489,-0.00597989,0.0
1974-01-01,Manuf_excess,-0.0022,0.00816649,-0.00362512,0.0
1974-01-01,Enrgy_excess,-0.0809,0.0082078,0.0029482,0.0029482
1974-01-01,HiTec_excess,0.0062,0.00976738,-0.00110386,0.0
1974-01-01,Telcm_excess,0.0146,0.00536418,-0.00624532,0.0
1974-01-01,Shops_excess,0.0606,0.0074461,-0.00289631,0.0
1974-01-01,Hlth_excess,-0.0319,0.00905532,0.00519374,0.00519374
1974-01-01,Utils_excess,0.0392,0.00614521,-0.00261888,0.0
1974-01-01,Other_excess,0.0055,0.00633706,-0.00456556,0.0
1974-02-01,NoDur_excess,-0.0043,0.00598142,-0.00071148,0.0
1974-02-01,Durbl_excess,-0.0165,0.00999416,-0.00588877,0.0
1974-02-01,Manuf_excess,-0.0055,0.00814814,-0.00447345,0.0
1974-02-01,Enrgy_excess,-0.0213,0.00805009,0.00148182,0.00148182
1974-02-01,HiTec_excess,-0.0118,0.00976106,-0.00127031,0.0
1974-02-01,Telcm_excess,0.0413,0.00538053,-0.00689801,0.0
1974-02-01,Shops_excess,0.0023,0.00754018,-0.00232524,0.0
1974-02-01,Hlth_excess,-0.018,0.00898283,0.00425872,0.00425872
1974-02-01,Utils_excess,-0.0029,0.00620372,-0.00172728,0.0
1974-02-01,Other_excess,0.0043,0.00633558,-0.00521378,0.0
1974-03-01,NoDur_excess,-0.0246,0.00596325,-6.459e-05,0.0
1974-03-01,Durbl_excess,-0.0066,0.00994735,-0.00237868,0.0
1974-03-01,Manuf_excess,-0.0134,0.00812403,-0.00547276,0.0
1974-03-01,Enrgy_excess,-0.038,0.00799823,0.00232947,0.00232947
1974-03-01,HiTec_excess,-0.0329,0.00972297,-0.00533764,0.0
1974-03-01,Telcm_excess,-0.0514,0.00544399,-0.00792485,0.0
1974-03-01,Shops_excess,-0.0368,0.00753092,0.00039941,0.00039941
1974-03-01,Hlth_excess,0.0065,0.00893516,0.00476203,0.00476203
1974-03-01,Utils_excess,-0.0422,0.00618763,-0.00663661,0.0
1974-03-01,Other_excess,-0.0419,0.00633198,-0.00546514,0.0
1974-04-01,NoDur_excess,-0.0442,0.00590935,-0.00136587,0.0
1974-04-01,Durbl_excess,-0.0482,0.00991817,-0.00474319,0.0
1974-04-01,Manuf_excess,-0.0279,0.00808607,-0.00606435,0.0
1974-04-01,Enrgy_excess,-0.0706,0.00791711,0.00107941,0.00107941
1974-04-01,HiTec_excess,-0.0439,0.0096478,-0.00513658,0.0
1974-04-01,Telcm_excess,-0.0607,0.00534374,-0.00992838,0.0
1974-04-01,Shops_excess,-0.0271,0.00745273,-0.00235696,0.0
1974-04-01,Hlth_excess,-0.0223,0.00893086,0.00425545,0.00425545
1974-04-01,Utils_excess,-0.1298,0.00610229,-0.00609215,0.0
1974-04-01,Other_excess,-0.0708,0.00624691,-0.00700381,0.0
1974-05-01,NoDur_excess,-0.0366,0.00582113,-0.00277287,0.0
1974-05-01,Durbl_excess,-0.0031,0.00981585,-0.00564088,0.0
1974-05-01,Manuf_excess,-0.0329,0.00802271,-0.00712553,0.0
1974-05-01,Enrgy_excess,-0.0829,0.00777887,-0.00053049,0.0
1974-05-01,HiTec_excess,-0.0497,0.00955352,-0.00718931,0.0
1974-05-01,Telcm_excess,-0.023,0.00522746,-0.01337484,0.0
1974-05-01,Shops_excess,0.0044,0.0073919,-0.00322785,0.0
1974-05-01,Hlth_excess,-0.0087,0.00887588,0.00359173,0.00359173
1974-05-01,Utils_excess,-0.0568,0.00586303,-0.01112313,0.0
1974-05-01,Other_excess,-0.0924,0.00611127,-0.00946106,0.0
1974-06-01,NoDur_excess,-0.0117,0.00574657,-0.00350334,0.0
1974-06-01,Durbl_excess,-0.0324,0.00979315,-0.00437516,0.0
1974-06-01,Manuf_excess,-0.0102,0.00795079,-0.00721474,0.0
1974-06-01,Enrgy_excess,-0.0091,0.00761951,-0.00260982,0.0
1974-06-01,HiTec_excess,-0.0353,0.00944938,-0.00802666,0.0
1974-06-01,Telcm_excess,-0.0033,0.00517786,-0.01373945,0.0
1974-06-01,Shops_excess,-0.0333,0.00738664,-0.00246094,0.0
1974-06-01,Hlth_excess,-0.0222,0.00884499,0.00354423,0.00354423
1974-06-01,Utils_excess,-0.0682,0.0057529,-0.01238902,0.0
1974-06-01,Other_excess,-0.0616,0.00593814,-0.01165806,0.0
1974-07-01,NoDur_excess,-0.1086,0.00571596,-0.00317831,0.0
1974-07-01,Durbl_excess,-0.1261,0.00971912,-0.00287272,0.0
1974-07-01,Manuf_excess,-0.0787,0.00791895,-0.00698405,0.0
1974-07-01,Enrgy_excess,-0.0122,0.00759018,-0.00210827,0.0
1974-07-01,HiTec_excess,-0.0893,0.00937088,-0.0100948,0.0
1974-07-01,Telcm_excess,-0.0833,0.00516298,-0.01405691,0.0
1974-07-01,Shops_excess,-0.1353,0.00731526,-0.00207223,0.0
1974-07-01,Hlth_excess,-0.1484,0.00879053,0.00328165,0.00328165
1974-07-01,Utils_excess,0.0004,0.00562316,-0.01620797,0.0
1974-07-01,Other_excess,-0.0733,0.00581965,-0.0129904,0.0
1974-08-01,NoDur_excess,-0.108,0.00551576,-0.00670421,0.0
1974-08-01,Durbl_excess,-0.0731,0.00948126,-0.00413473,0.0
1974-08-01,Manuf_excess,-0.1076,0.00776725,-0.01031707,0.0
1974-08-01,Enrgy_excess,-0.0925,0.00755552,-0.00052718,0.0
1974-08-01,HiTec_excess,-0.0553,0.00919807,-0.01594653,0.0
1974-08-01,Telcm_excess,-0.0063,0.00500806,-0.01981645,0.0
1974-08-01,Shops_excess,-0.1368,0.0070655,-0.00529397,0.0
1974-08-01,Hlth_excess,-0.0866,0.00851524,-0.00148677,0.0
1974-08-01,Utils_excess,-0.0929,0.00561401,-0.0197878,0.0
1974-08-01,Other_excess,-0.1124,0.00568109,-0.01623727,0.0
1974-09-01,NoDur_excess,-0.1287,0.00531731,-0.01212255,0.0
1974-09-01,Durbl_excess,-0.1379,0.00933689,-0.01105553,0.0
1974-09-01,Manuf_excess,-0.1368,0.00756556,-0.01314646,0.0
1974-09-01,Enrgy_excess,-0.0878,0.00738059,-0.00483351,0.0
1974-09-01,HiTec_excess,-0.1764,0.00908531,-0.01308465,0.0
1974-09-01,Telcm_excess,-0.0462,0.00498829,-0.01922153,0.0
1974-09-01,Shops_excess,-0.1308,0.00681399,-0.01469041,0.0
1974-09-01,Hlth_excess,-0.1637,0.00834895,-0.00645297,0.0
1974-09-01,Utils_excess,-0.0213,0.00544178,-0.0176102,0.0
1974-09-01,Other_excess,-0.1044,0.00547465,-0.0202755,0.0
1974-10-01,NoDur_excess,0.1519,0.00508342,-0.01652241,0.0
1974-10-01,Durbl_excess,0.0399,0.00907993,-0.01110678,0.0
1974-10-01,Manuf_excess,0.1555,0.00731361,-0.01804241,0.0
1974-10-01,Enrgy_excess,0.2027,0.00721449,-0.00576283,0.0
1974-10-01,HiTec_excess,0.142,0.00876161,-0.02253688,0.0
1974-10-01,Telcm_excess,0.1034,0.00489895,-0.02259335,0.0
1974-10-01,Shops_excess,0.0949,0.00657382,-0.01749042,0.0
1974-10-01,Hlth_excess,0.2908,0.00804869,-0.01271528,0.0
1974-10-01,Utils_excess,0.1251,0.00539511,-0.02128436,0.0
1974-10-01,Other_excess,0.1967,0.0052829,-0.02348549,0.0
1974-11-01,NoDur_excess,-0.044,0.0053392,-0.00643391,0.0
1974-11-01,Durbl_excess,-0.0533,0.00913362,-0.00666613,0.0
1974-11-01,Manuf_excess,-0.0644,0.00757178,-0.00711879,0.0
1974-11-01,Enrgy_excess,-0.0483,0.00755505,0.00237463,0.00237463
1974-11-01,HiTec_excess,-0.0548,0.00899373,-0.01154931,0.0
1974-11-01,Telcm_excess,-0.0361,0.00507056,-0.01213377,0.0
1974-11-01,Shops_excess,-0.0629,0.0067277,-0.00925339,0.0
1974-11-01,Hlth_excess,-0.0177,0.00854129,0.002345,0.002345
1974-11-01,Utils_excess,-0.0069,0.00560366,-0.01188492,0.0
1974-11-01,Other_excess,-0.0335,0.00561638,-0.00996856,0.0
1974-12-01,NoDur_excess,-0.0121,0.00525339,-0.00541585,0.0
1974-12-01,Durbl_excess,-0.0479,0.00902504,-0.00508288,0.0
1974-12-01,Manuf_excess,-0.0514,0.00744661,-0.00369082,0.0
1974-12-01,Enrgy_excess,0.0014,0.00745791,0.00142991,0.00142991
1974-12-01,HiTec_excess,-0.0594,0.00888278,-0.00670952,0.0
1974-12-01,Telcm_excess,0.0087,0.00499896,-0.00937785,0.0
1974-12-01,Shops_excess,-0.0406,0.00660661,-0.00939323,0.0
1974-12-01,Hlth_excess,-0.0402,0.00849565,0.00243689,0.00243689
1974-12-01,Utils_excess,-0.0153,0.00558191,-0.00644278,0.0
1974-12-01,Other_excess,-0.0501,0.00554835,-0.00614029,0.0
1975-01-01,NoDur_excess,0.1815,0.00522326,-0.00508273,0.0
1975-01-01,Durbl_excess,0.2094,0.00892622,-0.00463515,0.0
1975-01-01,Manuf_excess,0.1393,0.00734444,-0.00459637,0.0
1975-01-01,Enrgy_excess,0.0618,0.0074474,0.00224571,0.00224571
1975-01-01,HiTec_excess,0.1471,0.00876424,-0.00838598,0.0
1975-01-01,Telcm_excess,0.1051,0.00500538,-0.00903149,0.0
1975-01-01,Shops_excess,0.2539,0.00652465,-0.00925189,0.0
1975-01-01,Hlth_excess,-0.0133,0.00841111,0.00182454,0.00182454
1975-01-01,Utils_excess,0.1825,0.00554566,-0.00734763,0.0
1975-01-01,Other_excess,0.1735,0.00545174,-0.00687345,0.0
1975-02-01,NoDur_excess,0.0361,0.00552877,3.106e-05,3.106e-05
1975-02-01,Durbl_excess,0.0456,0.00927366,0.00522803,0.00522803
1975-02-01,Manuf_excess,0.0759,0.00757314,-0.00326689,0.0
1975-02-01,Enrgy_excess,0.0184,0.00754159,0.00299083,0.00299083
1975-02-01,HiTec_excess,0.1274,0.00900399,-0.01175945,0.0
1975-02-01,Telcm_excess,0.0472,0.00517886,-0.00829066,0.0
1975-02-01,Shops_excess,0.0474,0.00695338,0.00074307,0.00074307
1975-02-01,Hlth_excess,0.1564,0.00837348,0.00207484,0.00207484
1975-02-01,Utils_excess,0.0045,0.00585234,-0.01144243,0.0
1975-02-01,Other_excess,0.0244,0.00574298,-0.00363533,0.0
1975-03-01,NoDur_excess,0.0675,0.00558166,0.00162861,0.00162861
1975-03-01,Durbl_excess,0.0621,0.00933651,0.00920355,0.00920355
1975-03-01,Manuf_excess,0.0464,0.00769135,-0.0015354,0.0
1975-03-01,Enrgy_excess,-0.0273,0.00756038,0.00360227,0.00360227
1975-03-01,HiTec_excess,0.0058,0.00920882,-0.01030508,0.0
1975-03-01,Telcm_excess,-0.0129,0.00525156,-0.00718921,0.0
1975-03-01,Shops_excess,0.1035,0.00702336,0.004332,0.004332
1975-03-01,Hlth_excess,0.0088,0.00862958,0.00786,0.00786
1975-03-01,Utils_excess,-0.0174,0.00585,-0.01503109,0.0
1975-03-01,Other_excess,0.0373,0.00577526,-0.00309922,0.0
1975-04-01,NoDur_excess,0.0258,0.0056886,0.00308993,0.00308993
1975-04-01,Durbl_excess,0.0364,0.00942763,0.01070452,0.01070452
1975-04-01,Manuf_excess,0.0912,0.0077582,-0.00297214,0.0
1975-04-01,Enrgy_excess,0.0681,0.00750017,0.00240767,0.00240767
1975-04-01,HiTec_excess,0.0513,0.00920294,-0.01457779,0.0
1975-04-01,Telcm_excess,-0.014,0.00522021,-0.01033483,0.0
1975-04-01,Shops_excess,0.0215,0.00718998,0.00792853,0.00792853
1975-04-01,Hlth_excess,0.0021,0.00862988,0.0080848,0.0080848
1975-04-01,Utils_excess,-0.0207,0.00580984,-0.02006326,0.0
1975-04-01,Other_excess,0.0282,0.00582971,-0.00443956,0.0
1975-05-01,NoDur_excess,0.0478,0.00572328,0.00324248,0.00324248
1975-05-01,Durbl_excess,0.0216,0.00947414,0.01061112,0.01061112
1975-05-01,Manuf_excess,0.0236,0.00790207,-0.0011094,0.0
1975-05-01,Enrgy_excess,0.1163,0.00760466,0.00463953,0.00463953
1975-05-01,HiTec_excess,0.0548,0.00927552,-0.01487559,0.0
1975-05-01,Telcm_excess,0.0311,0.00518707,-0.01229558,0.0
1975-05-01,Shops_excess,0.0357,0.00721466,0.00815914,0.00815914
1975-05-01,Hlth_excess,0.0609,0.00861862,0.00751932,0.00751932
1975-05-01,Utils_excess,0.081,0.00576414,-0.02327737,0.0
1975-05-01,Other_excess,0.0528,0.00586828,-0.00517144,0.0
1975-06-01,NoDur_excess,0.0487,0.0057957,0.00597094,0.00597094
1975-06-01,Durbl_excess,0.0983,0.00949501,0.01269541,0.01269541
1975-06-01,Manuf_excess,0.0313,0.00792909,0.00095299,0.00095299
1975-06-01,Enrgy_excess,0.0609,0.00779174,0.00955069,0.00955069
1975-06-01,HiTec_excess,0.019,0.00935387,-0.01119011,0.0
1975-06-01,Telcm_excess,0.0364,0.00523167,-0.00913984,0.0
1975-06-01,Shops_excess,0.0704,0.00726368,0.01063879,0.01063879
1975-06-01,Hlth_excess,0.0055,0.00870861,0.01040028,0.01040028
1975-06-01,Utils_excess,0.1033,0.00589363,-0.01858058,0.0
1975-06-01,Other_excess,0.0554,0.00594905,-0.00142324,0.0
1975-07-01,NoDur_excess,-0.0586,0.00586942,0.00719649,0.00719649
1975-07-01,Durbl_excess,-0.025,0.00964759,0.01447673,0.01447673
1975-07-01,Manuf_excess,-0.0639,0.00796924,0.00268473,0.00268473
1975-07-01,Enrgy_excess,-0.0473,0.00788299,0.00976254,0.00976254
1975-07-01,HiTec_excess,-0.099,0.00937045,-0.00792109,0.0
1975-07-01,Telcm_excess,-0.0469,0.00528522,-0.00541179,0.0
1975-07-01,Shops_excess,-0.0795,0.00737216,0.01184946,0.01184946
1975-07-01,Hlth_excess,-0.1251,0.00870309,0.00927515,0.00927515
1975-07-01,Utils_excess,-0.0528,0.006061,-0.01107097,0.0
1975-07-01,Other_excess,-0.0661,0.00603402,0.00134635,0.00134635
1975-08-01,NoDur_excess,-0.0361,0.00575883,0.00401309,0.00401309
1975-08-01,Durbl_excess,-0.0396,0.00958816,0.00996632,0.00996632
1975-08-01,Manuf_excess,-0.0126,0.00784597,0.00011303,0.00011303
1975-08-01,Enrgy_excess,-0.0136,0.00778834,0.00775919,0.00775919
1975-08-01,HiTec_excess,-0.0344,0.00918456,-0.00940552,0.0
1975-08-01,Telcm_excess,-0.0402,0.00519571,-0.00725247,0.0
1975-08-01,Shops_excess,-0.0081,0.00722316,0.00624304,0.00624304
1975-08-01,Hlth_excess,-0.038,0.00847358,0.00397486,0.00397486
1975-08-01,Utils_excess,-0.0171,0.00596003,-0.00979436,0.0
1975-08-01,Other_excess,-0.0562,0.00591029,-0.00158964,0.0
1975-09-01,NoDur_excess,-0.0297,0.00568716,0.00238095,0.00238095
1975-09-01,Durbl_excess,-0.0298,0.00950394,0.0073852,0.0073852
1975-09-01,Manuf_excess,-0.0635,0.00781096,-0.00078081,0.0
1975-09-01,Enrgy_excess,-0.017,0.00775171,0.00720344,0.00720344
1975-09-01,HiTec_excess,-0.0138,0.00910993,-0.0103581,0.0
1975-09-01,Telcm_excess,-0.018,0.00511798,-0.00887847,0.0
1975-09-01,Shops_excess,-0.0407,0.00719692,0.00498567,0.00498567
1975-09-01,Hlth_excess,-0.0705,0.00839401,0.00235384,0.00235384
1975-09-01,Utils_excess,-0.0151,0.00592055,-0.00973488,0.0
1975-09-01,Other_excess,-0.0685,0.00580394,-0.0038439,0.0
1975-10-01,NoDur_excess,0.1002,0.00562667,0.00163348,0.00163348
1975-10-01,Durbl_excess,0.0835,0.00943675,0.00751207,0.00751207
1975-10-01,Manuf_excess,0.0515,0.00768906,-0.00291126,0.0
1975-10-01,Enrgy_excess,-0.019,0.0077094,0.00758528,0.00758528
1975-10-01,HiTec_excess,0.0784,0.00907077,-0.01165962,0.0
1975-10-01,Telcm_excess,0.0626,0.00507846,-0.01033564,0.0
1975-10-01,Shops_excess,0.0936,0.00711504,0.00420301,0.00420301
1975-10-01,Hlth_excess,0.1011,0.00825915,0.00012052,0.00012052
1975-10-01,Utils_excess,0.0599,0.00588462,-0.01111713,0.0
1975-10-01,Other_excess,0.0335,0.00567692,-0.00611441,0.0
1975-11-01,NoDur_excess,0.0368,0.00578805,0.0051549,0.0051549
1975-11-01,Durbl_excess,0.0286,0.00956314,0.0103617,0.0103617
1975-11-01,Manuf_excess,0.0256,0.00776382,-1.26e-06,0.0
1975-11-01,Enrgy_excess,-0.0205,0.00766382,0.00559293,0.00559293
1975-11-01,HiTec_excess,0.0465,0.00918908,-0.0071549,0.0
1975-11-01,Telcm_excess,0.0387,0.00517662,-0.00584592,0.0
1975-11-01,Shops_excess,0.0425,0.00726263,0.00765639,0.00765639
1975-11-01,Hlth_excess,0.0472,0.00841758,0.00388526,0.00388526
1975-11-01,Utils_excess,0.0275,0.00597679,-0.00793861,0.0
1975-11-01,Other_excess,0.0317,0.0057244,-0.00345217,0.0
1975-12-01,NoDur_excess,-0.0197,0.00584089,0.00692708,0.00692708
1975-12-01,Durbl_excess,-0.0093,0.00959557,0.01392472,0.01392472
1975-12-01,Manuf_excess,-0.0184,0.00779421,-0.00011179,0.0
1975-12-01,Enrgy_excess,-0.0039,0.00761584,0.00575538,0.00575538
1975-12-01,HiTec_excess,-0.0174,0.00925264,-0.00876398,0.0
1975-12-01,Telcm_excess,-0.006,0.00523373,-0.00588651,0.0
1975-12-01,Shops_excess,-0.0352,0.00732266,0.01105624,0.01105624
1975-12-01,Hlth_excess,-0.0684,0.00848365,0.00569739,0.00569739
1975-12-01,Utils_excess,0.0087,0.00601346,-0.01061367,0.0
1975-12-01,Other_excess,-0.0074,0.00576865,-0.00314088,0.0
1976-01-01,NoDur_excess,0.1047,0.00579745,0.00581564,0.00581564
1976-01-01,Durbl_excess,0.1517,0.00956344,0.01214101,0.01214101
1976-01-01,Manuf_excess,0.1638,0.00774966,0.00018275,0.00018275
1976-01-01,Enrgy_excess,0.0801,0.00759626,0.00519438,0.00519438
1976-01-01,HiTec_excess,0.1782,0.00920731,-0.00694957,0.0
1976-01-01,Telcm_excess,0.0902,0.00521463,-0.0047203,0.0
1976-01-01,Shops_excess,0.0852,0.00725034,0.00873468,0.00873468
1976-01-01,Hlth_excess,0.0727,0.00835289,0.00338919,0.00338919
1976-01-01,Utils_excess,0.0784,0.00601803,-0.0079201,0.0
1976-01-01,Other_excess,0.1246,0.00574626,-0.00241206,0.0
1976-02-01,NoDur_excess,-0.0143,0.00596537,0.00882823,0.00882823
1976-02-01,Durbl_excess,0.0353,0.00980475,0.01749742,0.01749742
1976-02-01,Manuf_excess,0.0139,0.0080146,0.00386817,0.00386817
1976-02-01,Enrgy_excess,-0.035,0.00771935,0.00635028,0.00635028
1976-02-01,HiTec_excess,0.0081,0.00949423,-0.00422748,0.0
1976-02-01,Telcm_excess,0.032,0.00535891,-0.00188728,0.0
1976-02-01,Shops_excess,0.0434,0.00738268,0.01248626,0.01248626
1976-02-01,Hlth_excess,-0.069,0.00846214,0.0053904,0.0053904
1976-02-01,Utils_excess,-0.0389,0.00614092,-0.00859324,0.0
1976-02-01,Other_excess,0.0284,0.00594805,0.00065406,0.00065406
1976-03-01,NoDur_excess,0.0032,0.00593102,0.00796781,0.00796781
1976-03-01,Durbl_excess,0.0314,0.00984797,0.01767952,0.01767952
1976-03-01,Manuf_excess,0.0073,0.00802458,0.00361404,0.00361404
1976-03-01,Enrgy_excess,0.0682,0.00764695,0.00549906,0.00549906
1976-03-01,HiTec_excess,0.0253,0.00949186,-0.00426673,0.0
1976-03-01,Telcm_excess,0.0017,0.00540407,-0.00138038,0.0
1976-03-01,Shops_excess,0.0304,0.00744373,0.01323364,0.01323364
1976-03-01,Hlth_excess,0.0614,0.00833085,0.00311513,0.00311513
1976-03-01,Utils_excess,0.0105,0.00606458,-0.00969363,0.0
1976-03-01,Other_excess,0.016,0.0059861,0.00095544,0.00095544
1976-04-01,NoDur_excess,-0.0208,0.0059264,0.00703283,0.00703283
1976-04-01,Durbl_excess,0.0143,0.00988443,0.01593084,0.01593084
1976-04-01,Manuf_excess,-0.0184,0.00802335,0.00295279,0.00295279
1976-04-01,Enrgy_excess,0.0172,0.00774941,0.00635001,0.00635001
1976-04-01,HiTec_excess,-0.0383,0.00951861,-0.00337584,0.0
1976-04-01,Telcm_excess,0.013,0.0053978,-0.00110047,0.0
1976-04-01,Shops_excess,-0.0509,0.00748257,0.01247508,0.01247508
1976-04-01,Hlth_excess,-0.0473,0.00842064,0.00445475,0.00445475
1976-04-01,Utils_excess,0.0021,0.00607208,-0.00853845,0.0
1976-04-01,Other_excess,-0.0198,0.00600305,0.00070664,0.00070664
1976-05-01,NoDur_excess,-0.0254,0.00588125,0.00662502,0.00662502
1976-05-01,Durbl_excess,-0.035,0.00989189,0.01707569,0.01707569
1976-05-01,Manuf_excess,-0.0159,0.00797872,0.00221719,0.00221719
1976-05-01,Enrgy_excess,0.0516,0.00776537,0.0076064,0.0076064
1976-05-01,HiTec_excess,0.0012,0.00943784,-0.00497747,0.0
1976-05-01,Telcm_excess,-0.0327,0.00541064,-0.00128066,0.0
1976-05-01,Shops_excess,-0.0614,0.00738395,0.01156083,0.01156083
1976-05-01,Hlth_excess,-0.0319,0.00832652,0.00328612,0.00328612
1976-05-01,Utils_excess,-0.0184,0.00606537,-0.00911194,0.0
1976-05-01,Other_excess,-0.0208,0.00595946,3.125e-05,3.125e-05
1976-06-01,NoDur_excess,0.0321,0.0058285,0.00499431,0.00499431
1976-06-01,Durbl_excess,0.0381,0.00981619,0.01404144,0.01404144
1976-06-01,Manuf_excess,0.0327,0.00793845,-9e-07,0.0
1976-06-01,Enrgy_excess,0.0466,0.00783929,0.00944793,0.00944793
1976-06-01,HiTec_excess,0.0778,0.00942395,-0.00610167,0.0
1976-06-01,Telcm_excess,0.0316,0.00534637,-0.00366529,0.0
1976-06-01,Shops_excess,0.0104,0.00726796,0.00842747,0.00842747
1976-06-01,Hlth_excess,0.0324,0.00825868,0.00169874,0.00169874
1976-06-01,Utils_excess,0.0383,0.00602411,-0.00993467,0.0
1976-06-01,Other_excess,0.0493,0.00591433,-0.00227518,0.0
1976-07-01,NoDur_excess,0.0101,0.00587273,0.00501679,0.00501679
1976-07-01,Durbl_excess,-0.0154,0.0098638,0.01217903,0.01217903
1976-07-01,Manuf_excess,-0.0232,0.00798013,0.00065944,0.00065944
1976-07-01,Enrgy_excess,-0.0109,0.00790455,0.00873565,0.00873565
1976-07-01,HiTec_excess,-0.0267,0.00953906,-0.00296987,0.0
1976-07-01,Telcm_excess,0.0078,0.00539057,-0.00193272,0.0
1976-07-01,Shops_excess,-0.0271,0.00727323,0.00713599,0.00713599
1976-07-01,Hlth_excess,-0.0085,0.00829933,0.0022947,0.0022947
1976-07-01,Utils_excess,0.0235,0.00607845,-0.00725967,0.0
1976-07-01,Other_excess,-0.0052,0.00598737,-0.00107138,0.0
1976-08-01,NoDur_excess,-0.0076,0.00587983,0.00553182,0.00553182
1976-08-01,Durbl_excess,-0.0188,0.00982134,0.01267125,0.01267125
1976-08-01,Manuf_excess,-0.0212,0.00792773,0.0002574,0.0002574
1976-08-01,Enrgy_excess,-0.0131,0.00787294,0.00911262,0.00911262
1976-08-01,HiTec_excess,-0.0127,0.00947815,-0.00371638,0.0
1976-08-01,Telcm_excess,0.0432,0.00539462,-0.00188098,0.0
1976-08-01,Shops_excess,0.0244,0.00721546,0.00693212,0.00693212
1976-08-01,Hlth_excess,0.0175,0.00827109,0.00229439,0.00229439
1976-08-01,Utils_excess,0.0255,0.00610773,-0.00691324,0.0
1976-08-01,Other_excess,-0.0158,0.00596857,-0.00092845,0.0
1976-09-01,NoDur_excess,0.0115,0.00585721,0.00511104,0.00511104
1976-09-01,Durbl_excess,0.0405,0.00977332,0.0115544,0.0115544
1976-09-01,Manuf_excess,0.0066,0.00787886,-0.00033212,0.0
1976-09-01,Enrgy_excess,0.0548,0.00783775,0.00875115,0.00875115
1976-09-01,HiTec_excess,0.0247,0.00944094,-0.00368372,0.0
1976-09-01,Telcm_excess,0.0116,0.00545805,-0.00075836,0.0
1976-09-01,Shops_excess,0.0001,0.0072443,0.00723721,0.00723721
1976-09-01,Hlth_excess,0.0319,0.00828658,0.00286428,0.00286428
1976-09-01,Utils_excess,0.0364,0.00614027,-0.00570714,0.0
1976-09-01,Other_excess,0.0048,0.00593205,-0.00135207,0.0
1976-10-01,NoDur_excess,-0.0203,0.00586667,0.00479012,0.00479012
1976-10-01,Durbl_excess,-0.0157,0.00982479,0.01118607,0.01118607
1976-10-01,Manuf_excess,-0.0369,0.00787672,-0.00116327,0.0
1976-10-01,Enrgy_excess,-0.0283,0.00791642,0.0097931,0.0097931
1976-10-01,HiTec_excess,-0.0491,0.0094665,-0.00364951,0.0
1976-10-01,Telcm_excess,0.0088,0.00546834,-0.00081653,0.0
1976-10-01,Shops_excess,-0.0132,0.00723233,0.00659518,0.00659518
1976-10-01,Hlth_excess,-0.0415,0.00832613,0.00345128,0.00345128
1976-10-01,Utils_excess,-0.0122,0.00619095,-0.00499794,0.0
1976-10-01,Other_excess,-0.0084,0.00593015,-0.00206254,0.0
1976-11-01,NoDur_excess,0.0134,0.00582291,0.00460107,0.00460107
1976-11-01,Durbl_excess,-0.0111,0.00978211,0.01177675,0.01177675
1976-11-01,Manuf_excess,-0.0077,0.00780184,-0.001877,0.0
1976-11-01,Enrgy_excess,0.0043,0.00785585,0.01022731,0.01022731
1976-11-01,HiTec_excess,0.0122,0.00936856,-0.00480514,0.0
1976-11-01,Telcm_excess,0.0275,0.00547391,-0.00095066,0.0
1976-11-01,Shops_excess,0.0445,0.00719816,0.0067101,0.0067101
1976-11-01,Hlth_excess,-0.1016,0.00824281,0.0027262,0.0027262
1976-11-01,Utils_excess,0.0275,0.0061602,-0.00530147,0.0
1976-11-01,Other_excess,0.0159,0.00590619,-0.00200869,0.0
1976-12-01,NoDur_excess,0.0481,0.00583556,0.00497297,0.00497297
1976-12-01,Durbl_excess,0.0927,0.00974725,0.01119866,0.01119866
1976-12-01,Manuf_excess,0.0541,0.00777596,-0.00117824,0.0
1976-12-01,Enrgy_excess,0.0593,0.00784992,0.01016043,0.01016043
1976-12-01,HiTec_excess,0.0347,0.00937329,-0.00317478,0.0
1976-12-01,Telcm_excess,0.0305,0.00551068,0.00013567,0.00013567
1976-12-01,Shops_excess,0.0193,0.00726043,0.00766342,0.00766342
1976-12-01,Hlth_excess,0.0589,0.00805943,0.00069142,0.00069142
1976-12-01,Utils_excess,0.061,0.00619583,-0.00347339,0.0
1976-12-01,Other_excess,0.0798,0.00592287,-0.00090508,0.0
1977-01-01,NoDur_excess,-0.0444,0.005906,0.00628837,0.00628837
1977-01-01,Durbl_excess,-0.0455,0.0098855,0.0139954,0.0139954
1977-01-01,Manuf_excess,-0.0632,0.00785317,0.00106246,0.00106246
1977-01-01,Enrgy_excess,-0.0007,0.00793567,0.01053433,0.01053433
1977-01-01,HiTec_excess,-0.0422,0.0094155,-0.00176022,0.0
1977-01-01,Telcm_excess,-0.0024,0.00555233,0.0017854,0.0017854
1977-01-01,Shops_excess,-0.0749,0.0072805,0.00878137,0.00878137
1977-01-01,Hlth_excess,-0.0919,0.00814417,0.00251335,0.00251335
1977-01-01,Utils_excess,0.0048,0.00628717,-0.00228363,0.0
1977-01-01,Other_excess,-0.0452,0.006046,0.00181841,0.00181841
1977-02-01,NoDur_excess,-0.0174,0.0058223,0.005791,0.005791
1977-02-01,Durbl_excess,-0.0383,0.00979334,0.01433596,0.01433596
1977-02-01,Manuf_excess,-0.0098,0.00773494,-0.00040453,0.0
1977-02-01,Enrgy_excess,-0.0336,0.0079213,0.01227112,0.01227112
1977-02-01,HiTec_excess,-0.0096,0.00932962,-0.00312615,0.0
1977-02-01,Telcm_excess,0.0063,0.0055391,0.00082973,0.00082973
1977-02-01,Shops_excess,-0.0219,0.00714376,0.00746912,0.00746912
1977-02-01,Hlth_excess,-0.0056,0.0079777,0.00018444,0.00018444
1977-02-01,Utils_excess,-0.0377,0.00628469,-0.00224067,0.0
1977-02-01,Other_excess,-0.0208,0.00596073,0.00090838,0.00090838
1977-03-01,NoDur_excess,-0.0178,0.00578372,0.00540597,0.00540597
1977-03-01,Durbl_excess,-0.0373,0.00971346,0.01361453,0.01361453
1977-03-01,Manuf_excess,-0.0065,0.00770581,-0.00074133,0.0
1977-03-01,Enrgy_excess,-0.0245,0.00785233,0.01210006,0.01210006
1977-03-01,HiTec_excess,-0.0041,0.00929817,-0.00344955,0.0
1977-03-01,Telcm_excess,-0.0142,0.00554037,0.00056607,0.00056607
1977-03-01,Shops_excess,-0.0313,0.00709551,0.00686098,0.00686098
1977-03-01,Hlth_excess,-0.0217,0.00795515,-6.519e-05,0.0
1977-03-01,Utils_excess,-0.002,0.00621163,-0.0030783,0.0
1977-03-01,Other_excess,-0.0047,0.00591628,0.00035633,0.00035633
1977-04-01,NoDur_excess,0.0014,0.00574461,0.00491427,0.00491427
1977-04-01,Durbl_excess,0.0278,0.00963549,0.01263296,0.01263296
1977-04-01,Manuf_excess,0.0011,0.00768226,-0.00094873,0.0
1977-04-01,Enrgy_excess,0.0214,0.00779867,0.01187666,0.01187666
1977-04-01,HiTec_excess,-0.0383,0.00927595,-0.00348006,0.0
1977-04-01,Telcm_excess,0.0028,0.00550763,-7.37e-05,0.0
1977-04-01,Shops_excess,-0.0382,0.00703184,0.00597951,0.00597951
1977-04-01,Hlth_excess,-0.056,0.00790597,-0.00054249,0.0
1977-04-01,Utils_excess,0.0156,0.00619801,-0.00297179,0.0
1977-04-01,Other_excess,0.0175,0.00589867,0.00022766,0.00022766
1977-05-01,NoDur_excess,-0.0131,0.00573742,0.00501127,0.00501127
1977-05-01,Durbl_excess,-0.009,0.00966556,0.01356225,0.01356225
1977-05-01,Manuf_excess,-0.0335,0.00767136,-0.00068764,0.0
1977-05-01,Enrgy_excess,-0.008,0.00782119,0.01252663,0.01252663
1977-05-01,HiTec_excess,-0.0189,0.00919719,-0.00431696,0.0
1977-05-01,Telcm_excess,0.0106,0.00550315,-1.219e-05,0.0
1977-05-01,Shops_excess,-0.0315,0.00695695,0.00503892,0.00503892
1977-05-01,Hlth_excess,-0.0226,0.00780017,-0.00193372,0.0
1977-05-01,Utils_excess,0.013,0.00621358,-0.00244638,0.0
1977-05-01,Other_excess,-0.0126,0.00591788,0.00091429,0.00091429
1977-06-01,NoDur_excess,0.0413,0.00570628,0.00405407,0.00405407
1977-06-01,Durbl_excess,0.0389,0.00963471,0.01080336,0.01080336
1977-06-01,Manuf_excess,0.03,0.00760331,-0.00137108,0.0
1977-06-01,Enrgy_excess,0.0569,0.00779504,0.01150699,0.01150699
1977-06-01,HiTec_excess,0.0737,0.00915074,-0.00335212,0.0
1977-06-01,Telcm_excess,0.0154,0.00551157,-2.559e-05,0.0
1977-06-01,Shops_excess,0.0569,0.00689339,0.00286422,0.00286422
1977-06-01,Hlth_excess,0.0863,0.00774992,-0.00217476,0.0
1977-06-01,Utils_excess,0.0531,0.00622479,-0.00039485,0.0
1977-06-01,Other_excess,0.0494,0.00588727,0.00020427,0.00020427
1977-07-01,NoDur_excess,0.0076,0.00576502,0.00449987,0.00449987
1977-07-01,Durbl_excess,-0.0285,0.009683,0.01019505,0.01019505
1977-07-01,Manuf_excess,-0.0404,0.00764026,-0.00074918,0.0
1977-07-01,Enrgy_excess,-0.0222,0.00787607,0.01138671,0.01138671
1977-07-01,HiTec_excess,-0.0058,0.00925726,-0.00139558,0.0
1977-07-01,Telcm_excess,-0.0127,0.00552789,0.00056565,0.00056565
1977-07-01,Shops_excess,-0.0064,0.00697591,0.00365981,0.00365981
1977-07-01,Hlth_excess,-0.0265,0.00787954,-0.00010844,0.0
1977-07-01,Utils_excess,0.0045,0.00630215,0.00092428,0.00092428
1977-07-01,Other_excess,-0.0081,0.00595908,0.00099447,0.00099447
1977-08-01,NoDur_excess,-0.0033,0.00576804,0.00455635,0.00455635
1977-08-01,Durbl_excess,-0.0129,0.0096201,0.00936625,0.00936625
1977-08-01,Manuf_excess,-0.0171,0.00756112,-0.00170786,0.0
1977-08-01,Enrgy_excess,-0.0628,0.00782652,0.01122503,0.01122503
1977-08-01,HiTec_excess,0.0006,0.00923245,-0.00151744,0.0
1977-08-01,Telcm_excess,-0.0272,0.00549786,-6.687e-05,0.0
1977-08-01,Shops_excess,0.0419,0.00695387,0.00317582,0.00317582
1977-08-01,Hlth_excess,0.034,0.0078229,-0.00084361,0.0
1977-08-01,Utils_excess,-0.0369,0.00629918,0.00127032,0.00127032
1977-08-01,Other_excess,-0.0162,0.00593591,0.00069264,0.00069264
1977-09-01,NoDur_excess,-0.0016,0.00575312,0.00389359,0.00389359
1977-09-01,Durbl_excess,0.0112,0.00958306,0.0069173,0.0069173
1977-09-01,Manuf_excess,-0.0136,0.00752056,-0.00184283,0.0
1977-09-01,Enrgy_excess,0.0031,0.00771036,0.00935448,0.00935448
1977-09-01,HiTec_excess,-0.0221,0.00921826,-0.00030195,0.0
1977-09-01,Telcm_excess,0.0305,0.00544408,-0.00082629,0.0
1977-09-01,Shops_excess,-0.0113,0.00701135,0.00280899,0.00280899
1977-09-01,Hlth_excess,-0.0132,0.00786595,0.00015114,0.00015114
1977-09-01,Utils_excess,0.0158,0.00622812,0.00195475,0.00195475
1977-09-01,Other_excess,-0.0053,0.00589951,-2.919e-05,0.0
1977-10-01,NoDur_excess,-0.0384,0.00574105,0.00361124,0.00361124
1977-10-01,Durbl_excess,-0.0495,0.00958571,0.0061441,0.0061441
1977-10-01,Manuf_excess,-0.0512,0.00748588,-0.00179765,0.0
1977-10-01,Enrgy_excess,-0.0404,0.00770279,0.00883195,0.00883195
1977-10-01,HiTec_excess,-0.0371,0.00916683,-0.0001059,0.0
1977-10-01,Telcm_excess,-0.0554,0.00548522,-0.00031914,0.0
1977-10-01,Shops_excess,-0.0367,0.00698128,0.00194905,0.00194905
1977-10-01,Hlth_excess,-0.0224,0.00783136,-0.0001721,0.0
1977-10-01,Utils_excess,-0.0364,0.00624384,0.00290891,0.00290891
1977-10-01,Other_excess,-0.049,0.00588112,-0.00018194,0.0
1977-11-01,NoDur_excess,0.0409,0.00566869,0.00280758,0.00280758
1977-11-01,Durbl_excess,0.0137,0.00948885,0.00467063,0.00467063
1977-11-01,Manuf_excess,0.0383,0.00738967,-0.00264659,0.0
1977-11-01,Enrgy_excess,0.0297,0.00762393,0.00851914,0.00851914
1977-11-01,HiTec_excess,0.0478,0.00909098,-0.00025113,0.0
1977-11-01,Telcm_excess,0.0166,0.00538541,-0.0018657,0.0
1977-11-01,Shops_excess,0.0505,0.00690967,0.0006253,0.0006253
1977-11-01,Hlth_excess,0.0559,0.0077818,-0.00070967,0.0
1977-11-01,Utils_excess,0.0379,0.00617393,0.00315137,0.00315137
1977-11-01,Other_excess,0.0599,0.00579115,-0.00115367,0.0
1977-12-01,NoDur_excess,-0.0048,0.00572635,0.00354601,0.00354601
1977-12-01,Durbl_excess,-0.0124,0.00949574,0.00490769,0.00490769
1977-12-01,Manuf_excess,0.0025,0.00744026,-0.00178304,0.0
1977-12-01,Enrgy_excess,0.014,0.00766007,0.00870869,0.00870869
1977-12-01,HiTec_excess,0.0189,0.00915434,0.00064296,0.00064296
1977-12-01,Telcm_excess,0.0166,0.00540376,-0.00132867,0.0
1977-12-01,Shops_excess,-0.0172,0.00698101,0.00169936,0.00169936
1977-12-01,Hlth_excess,0.0013,0.00786056,0.0004188,0.0004188
1977-12-01,Utils_excess,-0.0082,0.00622586,0.00366258,0.00366258
1977-12-01,Other_excess,0.0013,0.00587971,7.197e-05,7.197e-05
1978-01-01,NoDur_excess,-0.0579,0.00570915,0.00349426,0.00349426
1978-01-01,Durbl_excess,-0.0731,0.00945997,0.00535002,0.00535002
1978-01-01,Manuf_excess,-0.0652,0.00743219,-0.00272894,0.0
1978-01-01,Enrgy_excess,-0.0742,0.00767042,0.00966016,0.00966016
1978-01-01,HiTec_excess,-0.0523,0.00917026,-0.00032942,0.0
1978-01-01,Telcm_excess,-0.0465,0.00542206,-0.00160459,0.0
1978-01-01,Shops_excess,-0.0733,0.0069415,0.00160152,0.00160152
1978-01-01,Hlth_excess,-0.0238,0.00784984,-0.00010107,0.0
1978-01-01,Utils_excess,-0.0503,0.00620229,0.00251573,0.00251573
1978-01-01,Other_excess,-0.0578,0.00587222,-0.00024493,0.0
1978-02-01,NoDur_excess,-0.0035,0.00560538,0.00208665,0.00208665
1978-02-01,Durbl_excess,-0.0008,0.00932529,0.00297472,0.00297472
1978-02-01,Manuf_excess,-0.0309,0.0073137,-0.00389993,0.0
1978-02-01,Enrgy_excess,-0.0155,0.00753687,0.00849476,0.00849476
1978-02-01,HiTec_excess,-0.0393,0.00906998,-0.0005958,0.0
1978-02-01,Telcm_excess,0.037,0.00533736,-0.00322079,0.0
1978-02-01,Shops_excess,-0.009,0.0068106,-0.00079397,0.0
1978-02-01,Hlth_excess,-0.0348,0.00779821,-0.00057701,0.0
1978-02-01,Utils_excess,-0.0088,0.00611011,0.00261055,0.00261055
1978-02-01,Other_excess,-0.0062,0.00576835,-0.00151083,0.0
1978-03-01,NoDur_excess,0.0364,0.00559055,0.00207645,0.00207645
1978-03-01,Durbl_excess,0.0557,0.00930879,0.00326915,0.00326915
1978-03-01,Manuf_excess,0.0337,0.00725147,-0.00465384,0.0
1978-03-01,Enrgy_excess,0.0152,0.00749935,0.00858877,0.00858877
1978-03-01,HiTec_excess,-0.0114,0.00899121,-0.00157242,0.0
1978-03-01,Telcm_excess,0.0209,0.00538893,-0.0025763,0.0
1978-03-01,Shops_excess,0.0232,0.00678485,-0.00096845,0.0
1978-03-01,Hlth_excess,0.0364,0.00772883,-0.00142835,0.0
1978-03-01,Utils_excess,0.0195,0.00608583,0.00244726,0.00244726
1978-03-01,Other_excess,0.0493,0.00574886,-0.00155278,0.0
1978-04-01,NoDur_excess,0.0638,0.00564065,0.00313677,0.00313677
1978-04-01,Durbl_excess,0.0909,0.00938423,0.00554576,0.00554576
1978-04-01,Manuf_excess,0.1084,0.00729447,-0.00402127,0.0
1978-04-01,Enrgy_excess,0.0616,0.00751187,0.00896271,0.00896271
1978-04-01,HiTec_excess,0.1275,0.00895805,-0.00267366,0.0
1978-04-01,Telcm_excess,0.0239,0.00541415,-0.00197713,0.0
1978-04-01,Shops_excess,0.1029,0.00681154,0.00016107,0.00016107
1978-04-01,Hlth_excess,0.087,0.00777545,-0.00068907,0.0
1978-04-01,Utils_excess,-0.0036,0.00610764,0.00199196,0.00199196
1978-04-01,Other_excess,0.0882,0.00581967,-0.00020341,0.0
1978-05-01,NoDur_excess,0.0372,0.00573506,0.00421342,0.00421342
1978-05-01,Durbl_excess,-0.0033,0.00951656,0.00692236,0.00692236
1978-05-01,Manuf_excess,0.0359,0.0074586,-0.00199653,0.0
1978-05-01,Enrgy_excess,0.0035,0.00759968,0.00907473,0.00907473
1978-05-01,HiTec_excess,0.0116,0.00915049,-0.00043472,0.0
1978-05-01,Telcm_excess,-0.009,0.00544416,-0.00111207,0.0
1978-05-01,Shops_excess,0.0075,0.00696753,0.00256087,0.00256087
1978-05-01,Hlth_excess,0.0466,0.00790406,0.00099085,0.00099085
1978-05-01,Utils_excess,0.002,0.00609188,0.00082079,0.00082079
1978-05-01,Other_excess,0.0209,0.00595341,0.00132827,0.00132827
1978-06-01,NoDur_excess,-0.008,0.00578606,0.0050649,0.0050649
1978-06-01,Durbl_excess,-0.0331,0.00949579,0.00683275,0.00683275
1978-06-01,Manuf_excess,-0.0201,0.0075047,-0.0010729,0.0
1978-06-01,Enrgy_excess,-0.0428,0.00759303,0.00891769,0.00891769
1978-06-01,HiTec_excess,-0.009,0.00915446,-0.00023576,0.0
1978-06-01,Telcm_excess,-0.0208,0.00542075,-0.00135567,0.0
1978-06-01,Shops_excess,-0.0251,0.0069684,0.00266754,0.00266754
1978-06-01,Hlth_excess,0.006,0.00796677,0.00192149,0.00192149
1978-06-01,Utils_excess,0.0029,0.00608525,0.00077495,0.00077495
1978-06-01,Other_excess,-0.0089,0.00597763,0.00186919,0.00186919
1978-07-01,NoDur_excess,0.0294,0.00576375,0.00469745,0.00469745
1978-07-01,Durbl_excess,0.0417,0.00942686,0.00532411,0.00532411
1978-07-01,Manuf_excess,0.0728,0.00746003,-0.0011993,0.0
1978-07-01,Enrgy_excess,0.0278,0.00751149,0.00755546,0.00755546
1978-07-01,HiTec_excess,0.0802,0.00912508,0.00017403,0.00017403
1978-07-01,Telcm_excess,0.0087,0.00537832,-0.00194646,0.0
1978-07-01,Shops_excess,0.0457,0.0069165,0.00150863,0.00150863
1978-07-01,Hlth_excess,0.0831,0.00796359,0.00197643,0.00197643
1978-07-01,Utils_excess,0.0226,0.0060801,0.00156732,0.00156732
1978-07-01,Other_excess,0.0608,0.00595356,0.00168946,0.00168946
1978-08-01,NoDur_excess,0.0355,0.00580194,0.0041709,0.0041709
1978-08-01,Durbl_excess,0.0241,0.009479,0.00326847,0.00326847
1978-08-01,Manuf_excess,0.0338,0.00756559,-0.00053074,0.0
1978-08-01,Enrgy_excess,0.0457,0.00754426,0.0065809,0.0065809
1978-08-01,HiTec_excess,0.0546,0.0092399,0.00178183,0.00178183
1978-08-01,Telcm_excess,0.0297,0.00538368,-0.00179625,0.0
1978-08-01,Shops_excess,0.0514,0.00697916,0.00106603,0.00106603
1978-08-01,Hlth_excess,0.0041,0.00808498,0.00335015,0.00335015
1978-08-01,Utils_excess,-0.0011,0.00610679,0.00236962,0.00236962
1978-08-01,Other_excess,0.0597,0.00604216,0.00168923,0.00168923
1978-09-01,NoDur_excess,-0.0102,0.00584984,0.00451672,0.00451672
1978-09-01,Durbl_excess,-0.0113,0.00950258,0.00288786,0.00288786
1978-09-01,Manuf_excess,-0.0274,0.0076079,0.00056377,0.00056377
1978-09-01,Enrgy_excess,0.0414,0.00760581,0.00659692,0.00659692
1978-09-01,HiTec_excess,-0.048,0.00931306,0.0034758,0.0034758
1978-09-01,Telcm_excess,0.006,0.0054229,-0.00072447,0.0
1978-09-01,Shops_excess,-0.0326,0.00705081,0.0016883,0.0016883
1978-09-01,Hlth_excess,-0.0333,0.00807855,0.00330358,0.00330358
1978-09-01,Utils_excess,-0.0087,0.00609516,0.00292257,0.00292257
1978-09-01,Other_excess,-0.0207,0.00612871,0.00275696,0.00275696
1978-10-01,NoDur_excess,-0.1226,0.00582399,0.00327567,0.00327567
1978-10-01,Durbl_excess,-0.1186,0.00946908,-0.00067558,0.0
1978-10-01,Manuf_excess,-0.1204,0.00755153,-0.00032504,0.0
1978-10-01,Enrgy_excess,-0.1129,0.00766023,0.00605068,0.00605068
1978-10-01,HiTec_excess,-0.1144,0.00922077,0.00335011,0.00335011
1978-10-01,Telcm_excess,-0.0518,0.00542383,-0.00101088,0.0
1978-10-01,Shops_excess,-0.1486,0.00698696,-0.00099768,0.0
1978-10-01,Hlth_excess,-0.1352,0.00801192,0.00219087,0.00219087
1978-10-01,Utils_excess,-0.0778,0.00607134,0.00423903,0.00423903
1978-10-01,Other_excess,-0.1479,0.00608551,0.00132773,0.00132773
1978-11-01,NoDur_excess,0.0149,0.00561752,0.00142583,0.00142583
1978-11-01,Durbl_excess,-0.0002,0.00926318,-0.00157835,0.0
1978-11-01,Manuf_excess,0.0217,0.00734582,-0.00235141,0.0
1978-11-01,Enrgy_excess,0.0548,0.0074664,0.00552306,0.00552306
1978-11-01,HiTec_excess,0.0438,0.00902203,0.00128685,0.00128685
1978-11-01,Telcm_excess,0.0232,0.00533183,-0.00280592,0.0
1978-11-01,Shops_excess,0.0193,0.00673682,-0.00364661,0.0
1978-11-01,Hlth_excess,0.0448,0.00778167,-0.00033908,0.0
1978-11-01,Utils_excess,0.023,0.0059365,0.00280755,0.00280755
1978-11-01,Other_excess,0.0181,0.00583794,-0.00087012,0.0
1978-12-01,NoDur_excess,0.009,0.00563242,0.00075174,0.00075174
1978-12-01,Durbl_excess,-0.014,0.00924799,-0.00484294,0.0
1978-12-01,Manuf_excess,0.0063,0.00736886,-0.00111942,0.0
1978-12-01,Enrgy_excess,0.0204,0.00754238,0.00462154,0.00462154
1978-12-01,HiTec_excess,0.0562,0.00907785,0.00410514,0.00410514
1978-12-01,Telcm_excess,-0.0068,0.00536051,-0.00176083,0.0
1978-12-01,Shops_excess,-0.0144,0.00675698,-0.00501459,0.0
1978-12-01,Hlth_excess,0.0264,0.00784109,0.00050886,0.00050886
1978-12-01,Utils_excess,-0.0203,0.00596388,0.00552158,0.00552158
1978-12-01,Other_excess,0.0051,0.00585762,-0.00108049,0.0
1979-01-01,NoDur_excess,0.0341,0.00563782,0.00031131,0.00031131
1979-01-01,Durbl_excess,0.0429,0.00921074,-0.00685938,0.0
1979-01-01,Manuf_excess,0.0574,0.00736715,-0.00155222,0.0
1979-01-01,Enrgy_excess,0.0232,0.00756298,0.0040998,0.0040998
1979-01-01,HiTec_excess,0.0353,0.00915337,0.00520928,0.00520928
1979-01-01,Telcm_excess,0.0289,0.00534103,-0.00215177,0.0
1979-01-01,Shops_excess,0.0496,0.00672308,-0.00638735,0.0
1979-01-01,Hlth_excess,0.0065,0.00787083,0.00058158,0.00058158
1979-01-01,Utils_excess,0.056,0.00592179,0.00513191,0.00513191
1979-01-01,Other_excess,0.0526,0.00585641,-0.0017106,0.0
1979-02-01,NoDur_excess,-0.0422,0.00568336,0.00062412,0.00062412
1979-02-01,Durbl_excess,-0.0433,0.00926464,-0.00724549,0.0
1979-02-01,Manuf_excess,-0.0522,0.0074472,0.0003646,0.0003646
1979-02-01,Enrgy_excess,-0.0012,0.007588,0.00307982,0.00307982
1979-02-01,HiTec_excess,-0.0405,0.0091952,0.00683188,0.00683188
1979-02-01,Telcm_excess,-0.0138,0.00537872,-0.00088996,0.0
1979-02-01,Shops_excess,-0.0515,0.00679168,-0.00583892,0.0
1979-02-01,Hlth_excess,-0.0525,0.00786864,0.00056041,0.00056041
1979-02-01,Utils_excess,-0.0237,0.00600192,0.00744106,0.00744106
1979-02-01,Other_excess,-0.0394,0.0059312,-0.00067948,0.0
1979-03-01,NoDur_excess,0.0334,0.00560687,1.45e-05,1.45e-05
1979-03-01,Durbl_excess,0.0579,0.00918067,-0.00695355,0.0
1979-03-01,Manuf_excess,0.0653,0.00735192,-0.00112757,0.0
1979-03-01,Enrgy_excess,0.0847,0.00757396,0.00431653,0.00431653
1979-03-01,HiTec_excess,0.068,0.00911581,0.00525507,0.00525507
1979-03-01,Telcm_excess,-0.0065,0.00534808,-0.001738,0.0
1979-03-01,Shops_excess,0.0531,0.00669856,-0.0065142,0.0
1979-03-01,Hlth_excess,0.0423,0.0077722,-0.00067701,0.0
1979-03-01,Utils_excess,0.0151,0.00595447,0.00613315,0.00613315
1979-03-01,Other_excess,0.0735,0.00585879,-0.00127021,0.0
1979-04-01,NoDur_excess,-0.006,0.0056512,0.0003618,0.0003618
1979-04-01,Durbl_excess,0.0213,0.00925837,-0.00658938,0.0
1979-04-01,Manuf_excess,-0.0126,0.00744434,0.00051466,0.00051466
1979-04-01,Enrgy_excess,0.0353,0.00769697,0.00493645,0.00493645
1979-04-01,HiTec_excess,-0.0047,0.00920973,0.00696584,0.00696584
1979-04-01,Telcm_excess,-0.0295,0.00532919,-0.00147014,0.0
1979-04-01,Shops_excess,0.0008,0.00677257,-0.00561274,0.0
1979-04-01,Hlth_excess,-0.0037,0.00782727,9.29e-05,9.29e-05
1979-04-01,Utils_excess,-0.0355,0.00596906,0.00667391,0.00667391
1979-04-01,Other_excess,0.0069,0.00596667,0.00014092,0.00014092
1979-05-01,NoDur_excess,-0.026,0.00563264,0.00061005,0.00061005
1979-05-01,Durbl_excess,-0.0151,0.00927755,-0.00473586,0.0
1979-05-01,Manuf_excess,-0.0311,0.00741242,0.00029283,0.00029283
1979-05-01,Enrgy_excess,-0.0328,0.00774092,0.00614053,0.00614053
1979-05-01,HiTec_excess,-0.028,0.00918758,0.00629838,0.00629838
1979-05-01,Telcm_excess,-0.0073,0.00527373,-0.00220944,0.0
1979-05-01,Shops_excess,-0.0326,0.00676306,-0.00490286,0.0
1979-05-01,Hlth_excess,-0.0346,0.00780892,-8.08e-05,0.0
1979-05-01,Utils_excess,0.0062,0.00590303,0.00505117,0.00505117
1979-05-01,Other_excess,-0.011,0.00596815,0.00072732,0.00072732
1979-06-01,NoDur_excess,0.0251,0.00558235,-0.00014013,0.0
1979-06-01,Durbl_excess,0.0219,0.00923879,-0.00569996,0.0
1979-06-01,Manuf_excess,0.0268,0.00735119,0.00039992,0.00039992
1979-06-01,Enrgy_excess,0.0846,0.00767647,0.00524325,0.00524325
1979-06-01,HiTec_excess,-0.0031,0.00912846,0.00695071,0.00695071
1979-06-01,Telcm_excess,0.0112,0.00525374,-0.00222477,0.0
1979-06-01,Shops_excess,0.0199,0.00670048,-0.00606144,0.0
1979-06-01,Hlth_excess,0.0402,0.00774149,-0.00054862,0.0
1979-06-01,Utils_excess,0.0416,0.0059035,0.00652749,0.00652749
1979-06-01,Other_excess,0.0619,0.00594118,0.00070853,0.00070853
1979-07-01,NoDur_excess,0.0126,0.00561333,0.00114229,0.00114229
1979-07-01,Durbl_excess,0.0129,0.00925889,-0.0030926,0.0
1979-07-01,Manuf_excess,0.0125,0.00738206,0.00175615,0.00175615
1979-07-01,Enrgy_excess,0.0081,0.00779857,0.0070971,0.0070971
1979-07-01,HiTec_excess,-0.0226,0.00910905,0.00662837,0.00662837
1979-07-01,Telcm_excess,-0.0088,0.00526317,-0.00112942,0.0
1979-07-01,Shops_excess,0.0049,0.00672143,-0.00404679,0.0
1979-07-01,Hlth_excess,-0.0062,0.00779302,0.00088135,0.00088135
1979-07-01,Utils_excess,0.013,0.00596016,0.0068316,0.0068316
1979-07-01,Other_excess,0.0254,0.00603,0.00282004,0.00282004
1979-08-01,NoDur_excess,0.0679,0.00562441,0.00128142,0.00128142
1979-08-01,Durbl_excess,0.0395,0.00926466,-0.00298618,0.0
1979-08-01,Manuf_excess,0.0694,0.00739017,0.00172249,0.00172249
1979-08-01,Enrgy_excess,0.0716,0.00779905,0.00711665,0.00711665
1979-08-01,HiTec_excess,0.0514,0.0090588,0.00576183,0.00576183
1979-08-01,Telcm_excess,0.0075,0.00524089,-0.00150353,0.0
1979-08-01,Shops_excess,0.0811,0.00671854,-0.00410346,0.0
1979-08-01,Hlth_excess,0.0781,0.00777084,0.00047407,0.00047407
1979-08-01,Utils_excess,0.0128,0.00597132,0.00679164,0.00679164
1979-08-01,Other_excess,0.0501,0.0060607,0.00318852,0.00318852
1979-09-01,NoDur_excess,-0.027,0.00572294,0.00212961,0.00212961
1979-09-01,Durbl_excess,-0.0044,0.0093125,-0.00348331,0.0
1979-09-01,Manuf_excess,-0.0152,0.00748829,0.00266557,0.00266557
1979-09-01,Enrgy_excess,0.0509,0.0079,0.00726772,0.00726772
1979-09-01,HiTec_excess,-0.0258,0.00912579,0.00638092,0.00638092
1979-09-01,Telcm_excess,-0.0321,0.00524446,-0.00124618,0.0
1979-09-01,Shops_excess,-0.0158,0.00683623,-0.00306036,0.0
1979-09-01,Hlth_excess,-0.0138,0.00788212,0.00156832,0.00156832
1979-09-01,Utils_excess,-0.0302,0.00598212,0.00685992,0.00685992
1979-09-01,Other_excess,-0.0149,0.00613038,0.00352763,0.00352763
1979-10-01,NoDur_excess,-0.0853,0.00567125,0.0006841,0.0006841
1979-10-01,Durbl_excess,-0.1015,0.00929084,-0.00616756,0.0
1979-10-01,Manuf_excess,-0.0972,0.00745245,0.00217374,0.00217374
1979-10-01,Enrgy_excess,-0.0342,0.00796793,0.00758501,0.00758501
1979-10-01,HiTec_excess,-0.0861,0.00907062,0.00638583,0.00638583
1979-10-01,Telcm_excess,-0.0594,0.00518547,-0.00234122,0.0
1979-10-01,Shops_excess,-0.0976,0.00680047,-0.00500275,0.0
1979-10-01,Hlth_excess,-0.0521,0.00784787,0.00083363,0.00083363
1979-10-01,Utils_excess,-0.067,0.00592496,0.00730332,0.00730332
1979-10-01,Other_excess,-0.1102,0.00609716,0.00259713,0.00259713
1979-11-01,NoDur_excess,0.0417,0.00552776,-0.00201768,0.0
1979-11-01,Durbl_excess,-0.0319,0.00911609,-0.01000438,0.0
1979-11-01,Manuf_excess,0.0373,0.00728738,-0.00030342,0.0
1979-11-01,Enrgy_excess,0.0793,0.00790142,0.00734603,0.00734603
1979-11-01,HiTec_excess,0.0719,0.0089205,0.00415189,0.00415189
1979-11-01,Telcm_excess,0.0307,0.0050836,-0.0053024,0.0
1979-11-01,Shops_excess,0.0284,0.0066358,-0.00917643,0.0
1979-11-01,Hlth_excess,0.078,0.00775331,-0.0016224,0.0
1979-11-01,Utils_excess,0.0679,0.00580994,0.00586064,0.00586064
1979-11-01,Other_excess,0.0604,0.00591372,-6.809e-05,0.0
1979-12-01,NoDur_excess,0.0242,0.00558472,-0.00117549,0.0
1979-12-01,Durbl_excess,0.0231,0.0090515,-0.01280521,0.0
1979-12-01,Manuf_excess,0.0351,0.00733465,0.00081774,0.00081774
1979-12-01,Enrgy_excess,0.0154,0.00801386,0.0086865,0.0086865
1979-12-01,HiTec_excess,0.0084,0.00901969,0.00697964,0.00697964
1979-12-01,Telcm_excess,-0.0247,0.00512394,-0.00376153,0.0
1979-12-01,Shops_excess,0.0212,0.00667008,-0.00876869,0.0
1979-12-01,Hlth_excess,0.0113,0.00786394,0.00115558,0.00115558
1979-12-01,Utils_excess,-0.0196,0.00590772,0.00883719,0.00883719
1979-12-01,Other_excess,0.0317,0.00599953,0.00131593,0.00131593
1980-01-01,NoDur_excess,0.0231,0.00561399,-0.00047593,0.0
1980-01-01,Durbl_excess,0.0831,0.00907358,-0.01230829,0.0
1980-01-01,Manuf_excess,0.0626,0.0073783,0.00244808,0.00244808
1980-01-01,Enrgy_excess,0.1325,0.00802547,0.00834824,0.00834824
1980-01-01,HiTec_excess,0.0655,0.00901871,0.00757008,0.00757008
1980-01-01,Telcm_excess,-0.0287,0.00507704,-0.00434557,0.0
1980-01-01,Shops_excess,0.0051,0.00669292,-0.00814992,0.0
1980-01-01,Hlth_excess,-0.0209,0.00786934,0.00144269,0.00144269
1980-01-01,Utils_excess,0.0075,0.00586761,0.00839995,0.00839995
1980-01-01,Other_excess,0.0474,0.00603994,0.00242921,0.00242921
1980-02-01,NoDur_excess,-0.0575,0.00564144,0.00092311,0.00092311
1980-02-01,Durbl_excess,-0.0724,0.0091898,-0.00616563,0.0
1980-02-01,Manuf_excess,-0.0339,0.00746499,0.00217684,0.00217684
1980-02-01,Enrgy_excess,0.1211,0.00822088,0.01305453,0.01305453
1980-02-01,HiTec_excess,-0.0448,0.00910738,0.00546177,0.00546177
1980-02-01,Telcm_excess,-0.0229,0.00502402,-0.00589237,0.0
1980-02-01,Shops_excess,-0.0575,0.00669042,-0.00635667,0.0
1980-02-01,Hlth_excess,-0.0553,0.00782418,-0.00078947,0.0
1980-02-01,Utils_excess,-0.0431,0.00587017,0.00418448,0.00418448
1980-02-01,Other_excess,-0.0426,0.00610487,0.00366743,0.00366743
1980-03-01,NoDur_excess,-0.0938,0.00554248,-0.00178875,0.0
1980-03-01,Durbl_excess,-0.1001,0.00906191,-0.01047058,0.0
1980-03-01,Manuf_excess,-0.1298,0.00740016,-0.00054972,0.0
1980-03-01,Enrgy_excess,-0.1912,0.00839781,0.0173916,0.0173916
1980-03-01,HiTec_excess,-0.1388,0.00902288,0.00262677,0.00262677
1980-03-01,Telcm_excess,-0.0387,0.00498025,-0.00796215,0.0
1980-03-01,Shops_excess,-0.1084,0.00658981,-0.00962954,0.0
1980-03-01,Hlth_excess,-0.0406,0.00772524,-0.00361287,0.0
1980-03-01,Utils_excess,-0.0781,0.00579342,0.00193581,0.00193581
1980-03-01,Other_excess,-0.1354,0.00602853,0.00124752,0.00124752
1980-04-01,NoDur_excess,0.0514,0.00538701,-0.00733161,0.0
1980-04-01,Durbl_excess,-0.0301,0.00889108,-0.02005041,0.0
1980-04-01,Manuf_excess,0.0195,0.00718545,-0.00296238,0.0
1980-04-01,Enrgy_excess,0.056,0.00808545,0.01067785,0.01067785
1980-04-01,HiTec_excess,-0.0054,0.00879155,0.00152705,0.00152705
1980-04-01,Telcm_excess,0.0607,0.00491189,-0.01080674,0.0
1980-04-01,Shops_excess,0.0324,0.00640986,-0.01833635,0.0
1980-04-01,Hlth_excess,0.0303,0.00764961,-0.00571586,0.0
1980-04-01,Utils_excess,0.1078,0.00566213,0.00331765,0.00331765
1980-04-01,Other_excess,0.0487,0.0058072,-0.00378617,0.0
1980-05-01,NoDur_excess,0.0714,0.00545891,-0.00089381,0.0
1980-05-01,Durbl_excess,0.0356,0.00883016,-0.01292713,0.0
1980-05-01,Manuf_excess,0.0544,0.00720469,0.00458345,0.00458345
1980-05-01,Enrgy_excess,0.0332,0.00816031,0.01204358,0.01204358
1980-05-01,HiTec_excess,0.04,0.00876937,0.00607847,0.00607847
1980-05-01,Telcm_excess,0.0419,0.00499906,-0.00247253,0.0
1980-05-01,Shops_excess,0.0987,0.00645047,-0.01024856,0.0
1980-05-01,Hlth_excess,0.0616,0.007685,-0.00084362,0.0
1980-05-01,Utils_excess,0.0379,0.00582172,0.01143097,0.01143097
1980-05-01,Other_excess,0.0728,0.00587422,0.00343518,0.00343518
1980-06-01,NoDur_excess,0.0238,0.00556178,0.00629583,0.00629583
1980-06-01,Durbl_excess,0.0218,0.00887192,0.00886145,0.00886145
1980-06-01,Manuf_excess,0.0173,0.00727832,0.00496695,0.00496695
1980-06-01,Enrgy_excess,0.0523,0.00819938,0.01436471,0.01436471
1980-06-01,HiTec_excess,0.0242,0.0088181,0.00124048,0.00124048
1980-06-01,Telcm_excess,-0.0118,0.00505663,-0.00017483,0.0
1980-06-01,Shops_excess,0.0181,0.00659438,0.00388037,0.00388037
1980-06-01,Hlth_excess,-0.0039,0.00776911,0.00200282,0.00200282
1980-06-01,Utils_excess,0.0394,0.00587176,0.00069828,0.00069828
1980-06-01,Other_excess,0.0448,0.00597863,0.0083342,0.0083342
1980-07-01,NoDur_excess,0.0721,0.00559019,0.00766782,0.00766782
1980-07-01,Durbl_excess,0.1122,0.00889206,0.01458316,0.01458316
1980-07-01,Manuf_excess,0.103,0.00729393,0.00457002,0.00457002
1980-07-01,Enrgy_excess,0.0148,0.00826807,0.01537573,0.01537573
1980-07-01,HiTec_excess,0.1495,0.00884206,2.837e-05,2.837e-05
1980-07-01,Telcm_excess,0.0047,0.00503037,-0.00029211,0.0
1980-07-01,Shops_excess,0.1029,0.00661231,0.00676924,0.00676924
1980-07-01,Hlth_excess,0.0835,0.00775093,0.0019701,0.0019701
1980-07-01,Utils_excess,-0.0065,0.00592399,-0.00177361,0.0
1980-07-01,Other_excess,0.0631,0.0060391,0.0094104,0.0094104
1980-08-01,NoDur_excess,0.0083,0.00569362,0.00674188,0.00674188
1980-08-01,Durbl_excess,0.0089,0.00905272,0.01079066,0.01079066
1980-08-01,Manuf_excess,0.0094,0.00744277,0.00221534,0.00221534
1980-08-01,Enrgy_excess,0.0302,0.00827823,0.01431122,0.01431122
1980-08-01,HiTec_excess,0.0302,0.00906081,0.00038226,0.00038226
1980-08-01,Telcm_excess,0.0566,0.00502986,-0.00247528,0.0
1980-08-01,Shops_excess,0.0116,0.00676205,0.00561748,0.00561748
1980-08-01,Hlth_excess,-0.0037,0.00786874,0.00212482,0.00212482
1980-08-01,Utils_excess,-0.0181,0.00590467,-0.003528,0.0
1980-08-01,Other_excess,0.0206,0.00612784,0.00694301,0.00694301
1980-09-01,NoDur_excess,-0.0055,0.00569767,0.00588465,0.00588465
1980-09-01,Durbl_excess,0.0018,0.00905248,0.00746817,0.00746817
1980-09-01,Manuf_excess,0.0208,0.00744581,0.00120661,0.00120661
1980-09-01,Enrgy_excess,0.0578,0.00831227,0.01485039,0.01485039
1980-09-01,HiTec_excess,0.0124,0.00909363,0.0004147,0.0004147
1980-09-01,Telcm_excess,-0.0237,0.00510994,-0.00178573,0.0
1980-09-01,Shops_excess,0.0053,0.00676957,0.00392925,0.00392925
1980-09-01,Hlth_excess,0.0287,0.00785078,0.00106864,0.00106864
1980-09-01,Utils_excess,-0.0063,0.00586739,-0.00366561,0.0
1980-09-01,Other_excess,0.0307,0.00615031,0.00642235,0.00642235
1980-10-01,NoDur_excess,-0.0066,0.00568031,0.00491582,0.00491582
1980-10-01,Durbl_excess,-0.0267,0.00904124,0.00397313,0.00397313
1980-10-01,Manuf_excess,-0.0053,0.00746651,0.00205689,0.00205689
1980-10-01,Enrgy_excess,0.0681,0.00838899,0.01531176,0.01531176
1980-10-01,HiTec_excess,0.0101,0.00909876,0.0011465,0.0011465
1980-10-01,Telcm_excess,-0.0416,0.00506527,-0.00237812,0.0
1980-10-01,Shops_excess,-0.021,0.00676729,0.00230393,0.00230393
1980-10-01,Hlth_excess,-0.0219,0.0078831,0.0012235,0.0012235
1980-10-01,Utils_excess,0.0097,0.00584853,-0.00206263,0.0
1980-10-01,Other_excess,0.0061,0.00618837,0.00693387,0.00693387
1980-11-01,NoDur_excess,-0.0003,0.0056613,0.00398995,0.00398995
1980-11-01,Durbl_excess,0.0393,0.00898591,-0.00067933,0.0
1980-11-01,Manuf_excess,0.0745,0.00744675,0.0026583,0.0026583
1980-11-01,Enrgy_excess,0.2334,0.00848142,0.01591567,0.01591567
1980-11-01,HiTec_excess,0.0887,0.00910031,0.00228181,0.00228181
1980-11-01,Telcm_excess,-0.0142,0.00499303,-0.00321139,0.0
1980-11-01,Shops_excess,0.0162,0.0067243,-0.00019741,0.0
1980-11-01,Hlth_excess,0.0792,0.007837,3.966e-05,3.966e-05
1980-11-01,Utils_excess,0.0643,0.00585449,0.00071797,0.00071797
1980-11-01,Other_excess,0.0671,0.00618824,0.00697639,0.00697639
1980-12-01,NoDur_excess,-0.0031,0.00565209,0.00011497,0.00011497
1980-12-01,Durbl_excess,-0.0239,0.00903277,-0.01258711,0.0
1980-12-01,Manuf_excess,-0.0338,0.00755039,0.00217318,0.00217318
1980-12-01,Enrgy_excess,-0.119,0.00882906,0.01779339,0.01779339
1980-12-01,HiTec_excess,-0.0245,0.00922334,0.00443168,0.00443168
1980-12-01,Telcm_excess,-0.0009,0.00496337,-0.00384928,0.0
1980-12-01,Shops_excess,-0.027,0.00673895,-0.00622973,0.0
1980-12-01,Hlth_excess,0.033,0.0079473,0.00061887,0.00061887
1980-12-01,Utils_excess,-0.0323,0.00594482,0.00712216,0.00712216
1980-12-01,Other_excess,-0.0127,0.00628238,0.00458231,0.00458231
1981-01-01,NoDur_excess,0.0099,0.00563858,-0.00109764,0.0
1981-01-01,Durbl_excess,-0.0328,0.00898194,-0.02058744,0.0
1981-01-01,Manuf_excess,-0.03,0.00748657,0.00337358,0.00337358
1981-01-01,Enrgy_excess,-0.112,0.00863179,0.01092631,0.01092631
1981-01-01,HiTec_excess,-0.0911,0.0091713,0.00699303,0.00699303
1981-01-01,Telcm_excess,0.0451,0.00495432,-0.00263196,0.0
1981-01-01,Shops_excess,-0.006,0.00668688,-0.01057539,0.0
1981-01-01,Hlth_excess,-0.0266,0.00798596,0.0024703,0.0024703
1981-01-01,Utils_excess,-0.036,0.0058858,0.01278372,0.01278372
1981-01-01,Other_excess,-0.044,0.00625309,0.00414052,0.00414052
1981-02-01,NoDur_excess,0.0141,0.00564515,0.00131624,0.00131624
1981-02-01,Durbl_excess,0.0538,0.00891757,-0.01613451,0.0
1981-02-01,Manuf_excess,0.0331,0.00742881,0.00386692,0.00386692
1981-02-01,Enrgy_excess,-0.0138,0.00844592,0.00639345,0.00639345
1981-02-01,HiTec_excess,-0.006,0.0090168,0.00286525,0.00286525
1981-02-01,Telcm_excess,0.0106,0.00501618,0.00044153,0.00044153
1981-02-01,Shops_excess,0.0161,0.00666733,-0.00770494,0.0
1981-02-01,Hlth_excess,0.0073,0.00793267,0.00173858,0.00173858
1981-02-01,Utils_excess,-0.0234,0.00582126,0.0095645,0.0095645
1981-02-01,Other_excess,0.006,0.00617565,0.00406646,0.00406646
1981-03-01,NoDur_excess,0.0573,0.00565815,0.00189206,0.00189206
1981-03-01,Durbl_excess,0.0577,0.00898662,-0.01059279,0.0
1981-03-01,Manuf_excess,0.0484,0.00746831,0.00328694,0.00328694
1981-03-01,Enrgy_excess,-0.0326,0.00841169,0.00848121,0.00848121
1981-03-01,HiTec_excess,0.0377,0.00899369,0.00077137,0.00077137
1981-03-01,Telcm_excess,-0.0004,0.00502477,-0.00101354,0.0
1981-03-01,Shops_excess,0.1163,0.00668185,-0.00582264,0.0
1981-03-01,Hlth_excess,0.0466,0.00793169,0.00137618,0.00137618
1981-03-01,Utils_excess,0.0179,0.00577631,0.00463002,0.00463002
1981-03-01,Other_excess,0.0782,0.00617538,0.00408936,0.00408936
1981-04-01,NoDur_excess,0.0007,0.00573748,0.00459998,0.00459998
1981-04-01,Durbl_excess,0.0079,0.00906144,-0.00354637,0.0
1981-04-01,Manuf_excess,-0.021,0.00753118,0.00480856,0.00480856
1981-04-01,Enrgy_excess,-0.0888,0.00834869,0.00875855,0.00875855
1981-04-01,HiTec_excess,-0.0091,0.00903779,0.0020434,0.0020434
1981-04-01,Telcm_excess,0.0512,0.00501644,-0.00101972,0.0
1981-04-01,Shops_excess,0.0181,0.00685023,0.00074302,0.00074302
1981-04-01,Hlth_excess,0.0195,0.00799109,0.00315996,0.00315996
1981-04-01,Utils_excess,-0.0377,0.00579493,0.00285658,0.00285658
1981-04-01,Other_excess,-0.0075,0.00628602,0.00744917,0.00744917
1981-05-01,NoDur_excess,0.015,0.00572975,0.00381768,0.00381768
1981-05-01,Durbl_excess,0.0173,0.00905966,-0.00358411,0.0
1981-05-01,Manuf_excess,-0.0156,0.00748742,0.00152822,0.00152822
1981-05-01,Enrgy_excess,-0.051,0.00819969,0.00929536,0.00929536
1981-05-01,HiTec_excess,0.0311,0.00900997,-4.616e-05,0.0
1981-05-01,Telcm_excess,0.0606,0.00508727,-0.00201332,0.0
1981-05-01,Shops_excess,0.0171,0.00686748,0.00043551,0.00043551
1981-05-01,Hlth_excess,0.0231,0.00800874,0.00289713,0.00289713
1981-05-01,Utils_excess,0.0069,0.00572822,-0.00066826,0.0
1981-05-01,Other_excess,0.0165,0.00626488,0.00625223,0.00625223
1981-06-01,NoDur_excess,-0.0153,0.00574395,0.00196117,0.00196117
1981-06-01,Durbl_excess,-0.0565,0.00907228,-0.01612995,0.0
1981-06-01,Manuf_excess,-0.026,0.00745207,0.00173473,0.00173473
1981-06-01,Enrgy_excess,0.0336,0.00810904,-0.00195162,0.0
1981-06-01,HiTec_excess,-0.0809,0.0090438,0.00214187,0.00214187
1981-06-01,Telcm_excess,-0.0326,0.00517228,0.00236111,0.00236111
1981-06-01,Shops_excess,-0.0278,0.00688315,-0.00433342,0.0
1981-06-01,Hlth_excess,-0.0695,0.00803185,0.00385698,0.00385698
1981-06-01,Utils_excess,0.0211,0.00573002,0.00733433,0.00733433
1981-06-01,Other_excess,-0.0271,0.00628055,0.00366543,0.00366543
1981-07-01,NoDur_excess,-0.02,0.00571177,0.00398618,0.00398618
1981-07-01,Durbl_excess,-0.0415,0.00897202,-0.00707362,0.0
1981-07-01,Manuf_excess,-0.041,0.00740092,0.00286713,0.00286713
1981-07-01,Enrgy_excess,0.067,0.00814801,0.0047703,0.0047703
1981-07-01,HiTec_excess,-0.0503,0.00890627,-0.00031982,0.0
1981-07-01,Telcm_excess,-0.009,0.00511453,0.00084643,0.00084643
1981-07-01,Shops_excess,-0.0464,0.00683012,-0.00037923,0.0
1981-07-01,Hlth_excess,-0.0514,0.0079133,0.00155503,0.00155503
1981-07-01,Utils_excess,0.0156,0.00575352,0.00404775,0.00404775
1981-07-01,Other_excess,-0.0397,0.00622951,0.00625693,0.00625693
1981-08-01,NoDur_excess,-0.0621,0.00567252,0.00265466,0.00265466
1981-08-01,Durbl_excess,-0.0921,0.00889496,-0.00838588,0.0
1981-08-01,Manuf_excess,-0.082,0.00732702,-0.00068908,0.0
1981-08-01,Enrgy_excess,-0.0762,0.00823786,0.00894162,0.00894162
1981-08-01,HiTec_excess,-0.0859,0.00881588,-0.00324214,0.0
1981-08-01,Telcm_excess,-0.0205,0.00509298,-0.00120284,0.0
1981-08-01,Shops_excess,-0.0689,0.00674885,-0.00243644,0.0
1981-08-01,Hlth_excess,-0.0903,0.00782275,-0.00062252,0.0
1981-08-01,Utils_excess,-0.0213,0.00576855,0.00230268,0.00230268
1981-08-01,Other_excess,-0.068,0.00615939,0.00409923,0.00409923
1981-09-01,NoDur_excess,-0.0341,0.00556921,1.91e-06,1.91e-06
1981-09-01,Durbl_excess,-0.042,0.00874101,-0.01209079,0.0
1981-09-01,Manuf_excess,-0.0841,0.00719085,-0.0053493,0.0
1981-09-01,Enrgy_excess,-0.1354,0.00810915,0.00931254,0.00931254
1981-09-01,HiTec_excess,-0.0515,0.00867149,-0.00693397,0.0
1981-09-01,Telcm_excess,0.016,0.00505396,-0.0040199,0.0
1981-09-01,Shops_excess,-0.0487,0.00663354,-0.00560366,0.0
1981-09-01,Hlth_excess,-0.0253,0.00767317,-0.00376628,0.0
1981-09-01,Utils_excess,-0.0678,0.00572729,0.0003144,0.0003144
1981-09-01,Other_excess,-0.0653,0.00604634,0.00126272,0.00126272
1981-10-01,NoDur_excess,0.062,0.00550883,0.00023238,0.00023238
1981-10-01,Durbl_excess,-0.0536,0.00866377,-0.0073063,0.0
1981-10-01,Manuf_excess,0.0249,0.0070519,-0.00753538,0.0
1981-10-01,Enrgy_excess,0.0839,0.00789072,0.00890992,0.00890992
1981-10-01,HiTec_excess,0.04,0.00857991,-0.00758847,0.0
1981-10-01,Telcm_excess,0.0481,0.00507062,-0.00437538,0.0
1981-10-01,Shops_excess,0.0555,0.00654932,-0.00463558,0.0
1981-10-01,Hlth_excess,0.0675,0.00762298,-0.00341747,0.0
1981-10-01,Utils_excess,0.0368,0.00561537,-0.0046094,0.0
1981-10-01,Other_excess,0.0594,0.00593775,0.00108818,0.00108818
1981-11-01,NoDur_excess,0.0159,0.00559468,0.00357801,0.00357801
1981-11-01,Durbl_excess,0.0379,0.00856915,-0.00553717,0.0
1981-11-01,Manuf_excess,0.036,0.00707903,-0.00355453,0.0
1981-11-01,Enrgy_excess,0.0578,0.00800623,0.01055306,0.01055306
1981-11-01,HiTec_excess,0.0043,0.00862766,-0.00391735,0.0
1981-11-01,Telcm_excess,0.0163,0.00513602,-0.00069055,0.0
1981-11-01,Shops_excess,0.0,0.00662371,-0.00043528,0.0
1981-11-01,Hlth_excess,0.0287,0.00771398,0.00010248,0.00010248
1981-11-01,Utils_excess,0.0488,0.00566277,-0.00209362,0.0
1981-11-01,Other_excess,0.0398,0.006019,0.00459733,0.00459733
1981-12-01,NoDur_excess,-0.0268,0.00561032,0.00673876,0.00673876
1981-12-01,Durbl_excess,-0.004,0.00861366,0.00537337,0.00537337
1981-12-01,Manuf_excess,-0.0253,0.00712291,0.00287488,0.00287488
1981-12-01,Enrgy_excess,-0.0728,0.00808179,0.01280326,0.01280326
1981-12-01,HiTec_excess,-0.0089,0.00862109,0.00050768,0.00050768
1981-12-01,Telcm_excess,-0.0232,0.00515296,0.00223014,0.00223014
1981-12-01,Shops_excess,-0.0279,0.00661366,0.00472449,0.00472449
1981-12-01,Hlth_excess,-0.0161,0.00774583,0.00330506,0.00330506
1981-12-01,Utils_excess,-0.0322,0.00572822,-0.000424,0.0
1981-12-01,Other_excess,-0.0466,0.00607026,0.00928966,0.00928966
1982-01-01,NoDur_excess,-0.0172,0.00556121,0.00742752,0.00742752
1982-01-01,Durbl_excess,0.0036,0.00859455,0.01023548,0.01023548
1982-01-01,Manuf_excess,-0.041,0.00707379,0.00237058,0.00237058
1982-01-01,Enrgy_excess,-0.0927,0.00795924,0.01481819,0.01481819
1982-01-01,HiTec_excess,0.019,0.00859455,0.0001727,0.0001727
1982-01-01,Telcm_excess,-0.0013,0.00511,0.00078065,0.00078065
1982-01-01,Shops_excess,-0.0067,0.00656136,0.0062421,0.0062421
1982-01-01,Hlth_excess,0.0064,0.0077097,0.00337825,0.00337825
1982-01-01,Utils_excess,-0.0147,0.00567076,-0.00435005,0.0
1982-01-01,Other_excess,-0.0398,0.00599045,0.01022632,0.01022632
1982-02-01,NoDur_excess,-0.0286,0.00552678,0.00465638,0.00465638
1982-02-01,Durbl_excess,-0.0297,0.00858699,0.0038233,0.0038233
1982-02-01,Manuf_excess,-0.0654,0.00700106,-0.00266102,0.0
1982-02-01,Enrgy_excess,-0.1212,0.00780696,0.01088462,0.01088462
1982-02-01,HiTec_excess,-0.0624,0.00861029,-0.0016804,0.0
1982-02-01,Telcm_excess,-0.0661,0.0051003,-0.00105333,0.0
1982-02-01,Shops_excess,-0.0233,0.0065413,0.0024346,0.0024346
1982-02-01,Hlth_excess,-0.0266,0.00770772,0.00215514,0.00215514
1982-02-01,Utils_excess,-0.0126,0.00563994,-0.00480495,0.0
1982-02-01,Other_excess,-0.0484,0.00592118,0.00592615,0.00592615
1982-03-01,NoDur_excess,0.0149,0.00547523,0.00291937,0.00291937
1982-03-01,Durbl_excess,0.0253,0.00852915,-0.00231892,0.0
1982-03-01,Manuf_excess,-0.0275,0.00689169,-0.00413951,0.0
1982-03-01,Enrgy_excess,-0.0439,0.00761208,0.00523927,0.00523927
1982-03-01,HiTec_excess,-0.0454,0.00850302,-0.0036469,0.0
1982-03-01,Telcm_excess,0.0107,0.00499275,-0.00264,0.0
1982-03-01,Shops_excess,0.033,0.00649622,-0.00065172,0.0
1982-03-01,Hlth_excess,-0.0354,0.00765589,0.00076528,0.00076528
1982-03-01,Utils_excess,0.0068,0.00561239,-0.0014173,0.0
1982-03-01,Other_excess,-0.0224,0.00583912,0.00352232,0.00352232
1982-04-01,NoDur_excess,0.0555,0.00548944,0.00497512,0.00497512
1982-04-01,Durbl_excess,0.0331,0.00855445,0.00386675,0.00386675
1982-04-01,Manuf_excess,0.0212,0.00683982,-0.00233602,0.0
1982-04-01,Enrgy_excess,0.0318,0.00753439,0.00499877,0.00499877
1982-04-01,HiTec_excess,0.0631,0.00842172,-0.00314308,0.0
1982-04-01,Telcm_excess,-0.0249,0.00500136,-0.00140409,0.0
1982-04-01,Shops_excess,0.0418,0.0065362,0.00309054,0.00309054
1982-04-01,Hlth_excess,0.0626,0.00759095,0.00077952,0.00077952
1982-04-01,Utils_excess,0.0272,0.00561418,-0.00173189,0.0
1982-04-01,Other_excess,0.0251,0.00579653,0.00517723,0.00517723
1982-05-01,NoDur_excess,-0.0435,0.00556476,0.00612571,0.00612571
1982-05-01,Durbl_excess,-0.0301,0.00859142,0.00334813,0.00334813
1982-05-01,Manuf_excess,-0.0581,0.00686145,-0.00094453,0.0
1982-05-01,Enrgy_excess,0.0128,0.00757093,0.00435263,0.00435263
1982-05-01,HiTec_excess,-0.0651,0.00850407,-0.00112568,0.0
1982-05-01,Telcm_excess,-0.0086,0.00495633,-0.00106433,0.0
1982-05-01,Shops_excess,-0.0379,0.00658931,0.00368313,0.00368313
1982-05-01,Hlth_excess,-0.0411,0.0076738,0.0022333,0.0022333
1982-05-01,Utils_excess,-0.016,0.00564669,0.00020323,0.00020323
1982-05-01,Other_excess,-0.0665,0.0058256,0.00551432,0.00551432
1982-06-01,NoDur_excess,0.007,0.00549098,0.00604492,0.00604492
1982-06-01,Durbl_excess,0.0171,0.00853323,0.00664177,0.00664177
1982-06-01,Manuf_excess,-0.0353,0.00676376,-0.00159686,0.0
1982-06-01,Enrgy_excess,-0.0722,0.0075788,0.00674671,0.00674671
1982-06-01,HiTec_excess,-0.0334,0.00839338,-0.00171274,0.0
1982-06-01,Telcm_excess,-0.0341,0.00493594,-0.00169902,0.0
1982-06-01,Shops_excess,0.0169,0.00652241,0.00458881,0.00458881
1982-06-01,Hlth_excess,-0.0171,0.00760045,0.0021513,0.0021513
1982-06-01,Utils_excess,-0.0317,0.00561414,-0.00129767,0.0
1982-06-01,Other_excess,-0.0338,0.00571684,0.00519719,0.00519719
1982-07-01,NoDur_excess,-0.015,0.00549324,0.00536834,0.00536834
1982-07-01,Durbl_excess,-0.0138,0.0085461,0.0055897,0.0055897
1982-07-01,Manuf_excess,-0.0338,0.0067006,-0.00488984,0.0
1982-07-01,Enrgy_excess,-0.0916,0.00745901,0.00542163,0.00542163
1982-07-01,HiTec_excess,0.0046,0.00833063,-0.00386399,0.0
1982-07-01,Telcm_excess,0.0015,0.00487733,-0.00424973,0.0
1982-07-01,Shops_excess,-0.0083,0.00653799,0.00398064,0.00398064
1982-07-01,Hlth_excess,-0.0027,0.00756336,0.00126959,0.00126959
1982-07-01,Utils_excess,-0.0364,0.00555811,-0.00333793,0.0
1982-07-01,Other_excess,-0.0408,0.00565751,0.00290567,0.00290567
1982-08-01,NoDur_excess,0.084,0.00546252,0.00603649,0.00603649
1982-08-01,Durbl_excess,0.131,0.00851259,0.0091962,0.0091962
1982-08-01,Manuf_excess,0.132,0.00663988,-0.00369154,0.0
1982-08-01,Enrgy_excess,0.0929,0.00731049,0.00440648,0.00440648
1982-08-01,HiTec_excess,0.121,0.00832504,-0.001639,0.0
1982-08-01,Telcm_excess,0.1009,0.00487226,-0.00355104,0.0
1982-08-01,Shops_excess,0.1184,0.00651574,0.00574354,0.00574354
1982-08-01,Hlth_excess,0.1168,0.00754798,0.00251161,0.00251161
1982-08-01,Utils_excess,0.1132,0.0054952,-0.00429992,0.0
1982-08-01,Other_excess,0.106,0.00558786,0.00344227,0.00344227
1982-09-01,NoDur_excess,0.0463,0.00558009,0.01079541,0.01079541
1982-09-01,Durbl_excess,-0.0126,0.00869596,0.02308422,0.02308422
1982-09-01,Manuf_excess,-0.0155,0.00682754,0.00388005,0.00388005
1982-09-01,Enrgy_excess,0.0134,0.00743862,0.0081919,0.0081919
1982-09-01,HiTec_excess,0.0066,0.00849371,0.00474819,0.00474819
1982-09-01,Telcm_excess,0.0049,0.00501602,0.00131201,0.00131201
1982-09-01,Shops_excess,0.0426,0.00668323,0.01432093,0.01432093
1982-09-01,Hlth_excess,0.0085,0.00771153,0.00766551,0.00766551
1982-09-01,Utils_excess,0.0056,0.00565644,-0.00358239,0.0
1982-09-01,Other_excess,0.0369,0.00573817,0.0097395,0.0097395
1982-10-01,NoDur_excess,0.0987,0.00564096,0.01245181,0.01245181
1982-10-01,Durbl_excess,0.1593,0.00866413,0.02349753,0.02349753
1982-10-01,Manuf_excess,0.1247,0.00679417,0.00497565,0.00497565
1982-10-01,Enrgy_excess,0.0491,0.00744753,0.00883254,0.00883254
1982-10-01,HiTec_excess,0.164,0.00849088,0.00608802,0.00608802
1982-10-01,Telcm_excess,0.0753,0.00501584,0.00227035,0.00227035
1982-10-01,Shops_excess,0.1628,0.00673692,0.01603649,0.01603649
1982-10-01,Hlth_excess,0.0763,0.00771271,0.0082775,0.0082775
1982-10-01,Utils_excess,0.0414,0.00565635,-0.00255722,0.0
1982-10-01,Other_excess,0.1509,0.00578475,0.01160457,0.01160457
1982-11-01,NoDur_excess,0.046,0.00577985,0.01311849,0.01311849
1982-11-01,Durbl_excess,0.0762,0.00888896,0.02348255,0.02348255
1982-11-01,Manuf_excess,0.0516,0.00697015,0.00753327,0.00753327
1982-11-01,Enrgy_excess,-0.0521,0.0075097,0.00752737,0.00752737
1982-11-01,HiTec_excess,0.1006,0.00872299,0.00918095,0.00918095
1982-11-01,Telcm_excess,0.0537,0.00512075,0.00483678,0.00483678
1982-11-01,Shops_excess,0.1056,0.00696985,0.01778691,0.01778691
1982-11-01,Hlth_excess,0.0454,0.00781507,0.00887383,0.00887383
1982-11-01,Utils_excess,-0.0051,0.0057097,-0.00093135,0.0
1982-11-01,Other_excess,0.0694,0.00600134,0.0134826,0.0134826
1982-12-01,NoDur_excess,0.003,0.00583979,0.01311321,0.01311321
1982-12-01,Durbl_excess,0.0236,0.00898927,0.02272878,0.02272878
1982-12-01,Manuf_excess,0.0006,0.00703666,0.00769134,0.00769134
1982-12-01,Enrgy_excess,0.0486,0.00742086,0.00497666,0.00497666
1982-12-01,HiTec_excess,0.0198,0.00885991,0.0101082,0.0101082
1982-12-01,Telcm_excess,-0.019,0.00519314,0.00587175,0.00587175
1982-12-01,Shops_excess,-0.0274,0.00711684,0.0185921,0.0185921
1982-12-01,Hlth_excess,-0.0009,0.00787109,0.00886749,0.00886749
1982-12-01,Utils_excess,0.0367,0.00569359,-0.00110643,0.0
1982-12-01,Other_excess,-0.0203,0.00609583,0.01371764,0.01371764
1983-01-01,NoDur_excess,-0.017,0.00583557,0.01173197,0.01173197
1983-01-01,Durbl_excess,0.0448,0.00901101,0.02010836,0.02010836
1983-01-01,Manuf_excess,0.0434,0.00702708,0.00597293,0.00597293
1983-01-01,Enrgy_excess,0.0295,0.00748214,0.00595065,0.00595065
1983-01-01,HiTec_excess,0.0769,0.00887619,0.00939358,0.00939358
1983-01-01,Telcm_excess,0.1175,0.00515714,0.00460244,0.00460244
1983-01-01,Shops_excess,0.0057,0.00706548,0.01602872,0.01602872
1983-01-01,Hlth_excess,0.0073,0.00785804,0.0083063,0.0083063
1983-01-01,Utils_excess,0.0298,0.00573973,-0.00038436,0.0
1983-01-01,Other_excess,0.0216,0.00605655,0.0114698,0.0114698
1983-02-01,NoDur_excess,0.0314,0.00580163,0.01094493,0.01094493
1983-02-01,Durbl_excess,0.0302,0.00906419,0.02043801,0.02043801
1983-02-01,Manuf_excess,0.0344,0.00708113,0.00540896,0.00540896
1983-02-01,Enrgy_excess,-0.0121,0.00751486,0.00639737,0.00639737
1983-02-01,HiTec_excess,0.0299,0.00897727,0.01023087,0.01023087
1983-02-01,Telcm_excess,-0.0099,0.00532407,0.00616955,0.00616955
1983-02-01,Shops_excess,0.0729,0.00706345,0.01589642,0.01589642
1983-02-01,Hlth_excess,0.0221,0.00785721,0.00821772,0.00821772
1983-02-01,Utils_excess,0.0097,0.00577548,-0.00094305,0.0
1983-02-01,Other_excess,0.0394,0.00607964,0.01106175,0.01106175
1983-03-01,NoDur_excess,0.0689,0.00583961,0.0093758,0.0093758
1983-03-01,Durbl_excess,-0.0178,0.00909555,0.01524224,0.01524224
1983-03-01,Manuf_excess,0.0147,0.00712166,0.00442973,0.00442973
1983-03-01,Enrgy_excess,0.053,0.00748576,0.00486022,0.00486022
1983-03-01,HiTec_excess,0.0003,0.00900831,0.00858381,0.00858381
1983-03-01,Telcm_excess,0.0001,0.00530148,0.00517622,0.00517622
1983-03-01,Shops_excess,0.0788,0.00716113,0.01348851,0.01348851
1983-03-01,Hlth_excess,0.0391,0.00787834,0.00725472,0.00725472
1983-03-01,Utils_excess,-0.0038,0.00578131,0.0003742,0.0003742
1983-03-01,Other_excess,0.0432,0.00612908,0.00915806,0.00915806
1983-04-01,NoDur_excess,0.0549,0.00593304,0.00969847,0.00969847
1983-04-01,Durbl_excess,0.1017,0.0090557,0.01370215,0.01370215
1983-04-01,Manuf_excess,0.0563,0.00713289,0.00353284,0.00353284
1983-04-01,Enrgy_excess,0.0865,0.00755319,0.00477874,0.00477874
1983-04-01,HiTec_excess,0.0678,0.00899541,0.00770107,0.00770107
1983-04-01,Telcm_excess,0.0443,0.00529378,0.00486756,0.00486756
1983-04-01,Shops_excess,0.0787,0.00726726,0.01385178,0.01385178
1983-04-01,Hlth_excess,0.0434,0.00792459,0.00720403,0.00720403
1983-04-01,Utils_excess,0.0407,0.00576711,-0.0002662,0.0
1983-04-01,Other_excess,0.0763,0.006184,0.0088475,0.0088475
1983-05-01,NoDur_excess,-0.0164,0.00600547,0.0090547,0.0090547
1983-05-01,Durbl_excess,-0.0277,0.00919275,0.01245433,0.01245433
1983-05-01,Manuf_excess,0.0132,0.00720562,0.00305282,0.00305282
1983-05-01,Enrgy_excess,0.0064,0.00766997,0.00438476,0.00438476
1983-05-01,HiTec_excess,0.0211,0.0090824,0.00718178,0.00718178
1983-05-01,Telcm_excess,-0.02,0.00535148,0.00527767,0.00527767
1983-05-01,Shops_excess,-0.0022,0.00737293,0.01309042,0.01309042
1983-05-01,Hlth_excess,-0.0344,0.00797707,0.00675314,0.00675314
1983-05-01,Utils_excess,0.0185,0.00581879,-8.607e-05,0.0
1983-05-01,Other_excess,0.0168,0.00628772,0.00813535,0.00813535
1983-06-01,NoDur_excess,0.0252,0.00597238,0.0097151,0.0097151
1983-06-01,Durbl_excess,0.0965,0.00913826,0.01439266,0.01439266
1983-06-01,Manuf_excess,0.0091,0.00721448,0.00259393,0.00259393
1983-06-01,Enrgy_excess,0.0576,0.00766809,0.0060517,0.0060517
1983-06-01,HiTec_excess,0.0546,0.00910015,0.0082879,0.0082879
1983-06-01,Telcm_excess,-0.0049,0.00531403,0.00447341,0.00447341
1983-06-01,Shops_excess,0.0544,0.00735879,0.01500293,0.01500293
1983-06-01,Hlth_excess,0.0625,0.00791448,0.00711987,0.00711987
1983-06-01,Utils_excess,-0.0122,0.00583752,-0.0012215,0.0
1983-06-01,Other_excess,0.0101,0.00630325,0.00917489,0.00917489
1983-07-01,NoDur_excess,-0.034,0.00600074,0.0086237,0.0086237
1983-07-01,Durbl_excess,-0.0464,0.00926711,0.01206262,0.01206262
1983-07-01,Manuf_excess,-0.0332,0.00721726,0.00146323,0.00146323
1983-07-01,Enrgy_excess,-0.0301,0.00774174,0.00489493,0.00489493
1983-07-01,HiTec_excess,-0.061,0.00916726,0.00719161,0.00719161
1983-07-01,Telcm_excess,-0.0591,0.00529897,0.00413693,0.00413693
1983-07-01,Shops_excess,-0.0402,0.00742817,0.01330598,0.01330598
1983-07-01,Hlth_excess,-0.0642,0.00799499,0.00670342,0.00670342
1983-07-01,Utils_excess,0.0028,0.00581091,-0.0010957,0.0
1983-07-01,Other_excess,-0.0438,0.00630885,0.00744105,0.00744105
1983-08-01,NoDur_excess,-0.0004,0.00594183,0.0082688,0.0082688
1983-08-01,Durbl_excess,-0.0313,0.00918513,0.01187182,0.01187182
1983-08-01,Manuf_excess,-0.0016,0.00715773,-0.00114455,0.0
1983-08-01,Enrgy_excess,0.0611,0.00768601,0.00657415,0.00657415
1983-08-01,HiTec_excess,-0.0187,0.00906392,0.00645354,0.00645354
1983-08-01,Telcm_excess,0.0144,0.00520412,0.001586,0.001586
1983-08-01,Shops_excess,-0.0549,0.00735803,0.01358911,0.01358911
1983-08-01,Hlth_excess,-0.0177,0.00788866,0.00638563,0.00638563
1983-08-01,Utils_excess,0.0076,0.00580648,-0.00248245,0.0
1983-08-01,Other_excess,-0.0167,0.00623505,0.00651039,0.00651039
1983-09-01,NoDur_excess,0.039,0.0059325,0.00745597,0.00745597
1983-09-01,Durbl_excess,0.0363,0.00912559,0.00926327,0.00926327
1983-09-01,Manuf_excess,0.0152,0.00714485,-0.0022079,0.0
1983-09-01,Enrgy_excess,-0.0536,0.00776456,0.00736803,0.00736803
1983-09-01,HiTec_excess,0.014,0.00902309,0.00511033,0.00511033
1983-09-01,Telcm_excess,0.015,0.00521765,0.00142821,0.00142821
1983-09-01,Shops_excess,0.0143,0.00726647,0.01115027,0.01115027
1983-09-01,Hlth_excess,0.0054,0.00785103,0.00543382,0.00543382
1983-09-01,Utils_excess,0.039,0.00580912,-0.0024069,0.0
1983-09-01,Other_excess,0.0084,0.00620132,0.00509715,0.00509715
1983-10-01,NoDur_excess,-0.0097,0.00598106,0.00782176,0.00782176
1983-10-01,Durbl_excess,-0.0072,0.00916549,0.0093839,0.0093839
1983-10-01,Manuf_excess,-0.0305,0.00715668,-0.00120447,0.0
1983-10-01,Enrgy_excess,-0.0281,0.00767445,0.00567702,0.00567702
1983-10-01,HiTec_excess,-0.0771,0.0090304,0.00531409,0.00531409
1983-10-01,Telcm_excess,-0.0595,0.00523201,0.0020981,0.0020981
1983-10-01,Shops_excess,-0.0253,0.0072768,0.01069204,0.01069204
1983-10-01,Hlth_excess,-0.0294,0.00784743,0.00537374,0.00537374
1983-10-01,Utils_excess,0.0229,0.00585786,-0.00095824,0.0
1983-10-01,Other_excess,-0.0483,0.00620455,0.00508787,0.00508787
1983-11-01,NoDur_excess,0.016,0.00595806,0.00903451,0.00903451
1983-11-01,Durbl_excess,0.0353,0.0091415,0.01312418,0.01312418
1983-11-01,Manuf_excess,0.0578,0.00710147,-0.00087468,0.0
1983-11-01,Enrgy_excess,-0.0115,0.00762199,0.00679036,0.00679036
1983-11-01,HiTec_excess,0.0163,0.00890411,0.00533799,0.00533799
1983-11-01,Telcm_excess,0.0247,0.0051371,0.00097889,0.00097889
1983-11-01,Shops_excess,0.0374,0.00722903,0.01260609,0.01260609
1983-11-01,Hlth_excess,-0.0373,0.00779282,0.0058006,0.0058006
1983-11-01,Utils_excess,-0.0234,0.00588284,-0.00122188,0.0
1983-11-01,Other_excess,0.0402,0.00612463,0.00574364,0.00574364
1983-12-01,NoDur_excess,-0.012,0.00597277,0.00858786,0.00858786
1983-12-01,Durbl_excess,0.0019,0.0091798,0.01207855,0.01207855
1983-12-01,Manuf_excess,-0.0184,0.0071757,3.892e-05,3.892e-05
1983-12-01,Enrgy_excess,0.0137,0.007594,0.00566691,0.00566691
1983-12-01,HiTec_excess,-0.0037,0.00891493,0.00498312,0.00498312
1983-12-01,Telcm_excess,-0.0226,0.00516574,0.00152755,0.00152755
1983-12-01,Shops_excess,-0.0545,0.00727321,0.01218497,0.01218497
1983-12-01,Hlth_excess,-0.0436,0.00772679,0.00444208,0.00444208
1983-12-01,Utils_excess,-0.0437,0.00583997,-0.00151575,0.0
1983-12-01,Other_excess,-0.016,0.00617452,0.00585047,0.00585047
1984-01-01,NoDur_excess,-0.0147,0.00594649,0.00817322,0.00817322
1984-01-01,Durbl_excess,-0.0614,0.00916915,0.01160623,0.01160623
1984-01-01,Manuf_excess,-0.0425,0.0071383,-0.00060309,0.0
1984-01-01,Enrgy_excess,0.0909,0.00760292,0.00591929,0.00591929
1984-01-01,HiTec_excess,-0.0696,0.00889649,0.00465558,0.00465558
1984-01-01,Telcm_excess,0.0334,0.00512515,0.00081622,0.00081622
1984-01-01,Shops_excess,-0.0661,0.00718289,0.01073355,0.01073355
1984-01-01,Hlth_excess,-0.0133,0.00765175,0.00338651,0.00338651
1984-01-01,Utils_excess,0.0068,0.00576754,-0.00237216,0.0
1984-01-01,Other_excess,-0.0239,0.00614211,0.00532677,0.00532677
1984-02-01,NoDur_excess,-0.0636,0.00591635,0.00842496,0.00842496
1984-02-01,Durbl_excess,-0.068,0.00906613,0.01170395,0.01170395
1984-02-01,Manuf_excess,-0.073,0.00706584,0.00032212,0.00032212
1984-02-01,Enrgy_excess,0.0325,0.00772453,0.00735214,0.00735214
1984-02-01,HiTec_excess,-0.0664,0.0087819,0.0041021,0.0041021
1984-02-01,Telcm_excess,-0.0439,0.00516642,0.00239493,0.00239493
1984-02-01,Shops_excess,-0.0516,0.00707591,0.01016344,0.01016344
1984-02-01,Hlth_excess,-0.0274,0.00762117,0.00349094,0.00349094
1984-02-01,Utils_excess,-0.0405,0.00576905,-0.00147488,0.0
1984-02-01,Other_excess,-0.0564,0.00609825,0.00597833,0.00597833
1984-03-01,NoDur_excess,0.009,0.00581501,0.0079159,0.0079159
1984-03-01,Durbl_excess,-0.0036,0.00895379,0.01186451,0.01186451
1984-03-01,Manuf_excess,0.0256,0.00694913,-0.00047495,0.0
1984-03-01,Enrgy_excess,-0.0046,0.00776064,0.00889078,0.00889078
1984-03-01,HiTec_excess,0.0106,0.0086723,0.00343579,0.00343579
1984-03-01,Telcm_excess,-0.0503,0.0050949,0.00147898,0.00147898
1984-03-01,Shops_excess,0.0048,0.00699038,0.0100121,0.0100121
1984-03-01,Hlth_excess,-0.014,0.00757012,0.00329695,0.00329695
1984-03-01,Utils_excess,-0.0104,0.0057016,-0.0021691,0.0
1984-03-01,Other_excess,0.0172,0.00600714,0.00577847,0.00577847
1984-04-01,NoDur_excess,-0.0024,0.00581965,0.00741329,0.00741329
1984-04-01,Durbl_excess,0.0051,0.00893552,0.01007854,0.01007854
1984-04-01,Manuf_excess,-0.0094,0.00697627,-0.00118978,0.0
1984-04-01,Enrgy_excess,0.0317,0.00774265,0.00824641,0.00824641
1984-04-01,HiTec_excess,-0.0124,0.00867511,0.00263471,0.00263471
1984-04-01,Telcm_excess,0.0139,0.00501426,-7.778e-05,0.0
1984-04-01,Shops_excess,-0.0047,0.00698719,0.00910543,0.00910543
1984-04-01,Hlth_excess,0.0151,0.00753872,0.00238244,0.00238244
1984-04-01,Utils_excess,-0.0131,0.00567817,-0.0027463,0.0
1984-04-01,Other_excess,-0.0284,0.00602344,0.00513217,0.00513217
1984-05-01,NoDur_excess,-0.0319,0.0058077,0.00758031,0.00758031
1984-05-01,Durbl_excess,-0.0657,0.00892994,0.01083749,0.01083749
1984-05-01,Manuf_excess,-0.0659,0.00695247,-0.00119863,0.0
1984-05-01,Enrgy_excess,-0.059,0.00777747,0.00882075,0.00882075
1984-05-01,HiTec_excess,-0.0638,0.00864448,0.00240925,0.00240925
1984-05-01,Telcm_excess,-0.0435,0.00502718,0.0002577,0.0002577
1984-05-01,Shops_excess,-0.0596,0.0069702,0.00939238,0.00939238
1984-05-01,Hlth_excess,-0.0724,0.00754971,0.00259227,0.00259227
1984-05-01,Utils_excess,-0.0161,0.00565087,-0.00330002,0.0
1984-05-01,Other_excess,-0.0766,0.0059734,0.00482959,0.00482959
1984-06-01,NoDur_excess,0.0557,0.00575298,0.00806203,0.00806203
1984-06-01,Durbl_excess,0.0136,0.00882163,0.01276995,0.01276995
1984-06-01,Manuf_excess,0.0244,0.00684673,-0.00280939,0.0
1984-06-01,Enrgy_excess,-0.0275,0.00768055,0.01029314,0.01029314
1984-06-01,HiTec_excess,0.0104,0.00853933,0.00155694,0.00155694
1984-06-01,Telcm_excess,0.1146,0.00495675,-0.00185764,0.0
1984-06-01,Shops_excess,0.0665,0.00687358,0.00978519,0.00978519
1984-06-01,Hlth_excess,0.0311,0.00743367,0.0012072,0.0012072
1984-06-01,Utils_excess,-0.0031,0.0056193,-0.00502916,0.0
1984-06-01,Other_excess,0.0147,0.00585356,0.00412614,0.00412614
1984-07-01,NoDur_excess,-0.0239,0.00582536,0.00941733,0.00941733
1984-07-01,Durbl_excess,0.0171,0.00882855,0.01242735,0.01242735
1984-07-01,Manuf_excess,-0.0229,0.00687217,-0.00186132,0.0
1984-07-01,Enrgy_excess,-0.0829,0.00762957,0.00859489,0.00859489
1984-07-01,HiTec_excess,-0.0327,0.00854203,0.00174978,0.00174978
1984-07-01,Telcm_excess,0.0199,0.00511565,0.00197614,0.00197614
1984-07-01,Shops_excess,-0.007,0.00696,0.01138062,0.01138062
1984-07-01,Hlth_excess,-0.0459,0.00746797,0.00205914,0.00205914
1984-07-01,Utils_excess,-0.0083,0.00560667,-0.00480115,0.0
1984-07-01,Other_excess,-0.0269,0.00586638,0.0043919,0.0043919
1984-08-01,NoDur_excess,0.0786,0.00578234,0.00788511,0.00788511
1984-08-01,Durbl_excess,0.0917,0.00884052,0.0099874,0.0099874
1984-08-01,Manuf_excess,0.1107,0.00682909,-0.0007966,0.0
1984-08-01,Enrgy_excess,0.1318,0.00749855,0.00471546,0.00471546
1984-08-01,HiTec_excess,0.1313,0.00848234,0.00139892,0.00139892
1984-08-01,Telcm_excess,0.0589,0.00513705,0.00302946,0.00302946
1984-08-01,Shops_excess,0.0903,0.0069398,0.00938481,0.00938481
1984-08-01,Hlth_excess,0.0961,0.00739074,0.00124616,0.00124616
1984-08-01,Utils_excess,0.0695,0.00558654,-0.00207629,0.0
1984-08-01,Other_excess,0.1026,0.00581896,0.00394793,0.00394793
1984-09-01,NoDur_excess,0.004,0.00588757,0.00746954,0.00746954
1984-09-01,Durbl_excess,-0.0106,0.00896026,0.00752651,0.00752651
1984-09-01,Manuf_excess,-0.0343,0.00697919,-0.00010512,0.0
1984-09-01,Enrgy_excess,0.0139,0.00767818,0.00379155,0.00379155
1984-09-01,HiTec_excess,-0.048,0.00865983,0.00193268,0.00193268
1984-09-01,Telcm_excess,0.0206,0.00521474,0.00405808,0.00405808
1984-09-01,Shops_excess,-0.008,0.00706026,0.00861387,0.00861387
1984-09-01,Hlth_excess,-0.0528,0.00751893,0.00170932,0.00170932
1984-09-01,Utils_excess,0.04,0.0056789,-0.00081395,0.0
1984-09-01,Other_excess,0.0132,0.00595882,0.00391169,0.00391169
1984-10-01,NoDur_excess,0.0038,0.00588485,0.00694332,0.00694332
1984-10-01,Durbl_excess,0.0115,0.00893203,0.00607746,0.00607746
1984-10-01,Manuf_excess,-0.0041,0.00691962,-0.00068751,0.0
1984-10-01,Enrgy_excess,-0.0535,0.00768716,0.00382603,0.00382603
1984-10-01,HiTec_excess,-0.0155,0.00857807,0.00116715,0.00116715
1984-10-01,Telcm_excess,-0.018,0.00523694,0.00406577,0.00406577
1984-10-01,Shops_excess,-0.0169,0.00703853,0.00757928,0.00757928
1984-10-01,Hlth_excess,0.0066,0.00743189,0.00106557,0.00106557
1984-10-01,Utils_excess,0.0235,0.00572843,0.00029735,0.00029735
1984-10-01,Other_excess,-0.0023,0.00596926,0.00365549,0.00365549
1984-11-01,NoDur_excess,-0.0035,0.00588184,0.0060641,0.0060641
1984-11-01,Durbl_excess,-0.0376,0.00893573,0.00469046,0.00469046
1984-11-01,Manuf_excess,-0.0208,0.00690375,-0.00184973,0.0
1984-11-01,Enrgy_excess,-0.0172,0.00759899,0.00424382,0.00424382
1984-11-01,HiTec_excess,-0.0453,0.00854337,0.00074819,0.00074819
1984-11-01,Telcm_excess,-0.0097,0.00520346,0.00295764,0.00295764
1984-11-01,Shops_excess,-0.0364,0.00700403,0.0061414,0.0061414
1984-11-01,Hlth_excess,-0.0081,0.00743069,0.00138274,0.00138274
1984-11-01,Utils_excess,0.0233,0.00575403,0.00054361,0.00054361
1984-11-01,Other_excess,-0.0107,0.00595735,0.00244144,0.00244144
1984-12-01,NoDur_excess,0.018,0.00586835,0.00760277,0.00760277
1984-12-01,Durbl_excess,0.0397,0.00886878,0.00938163,0.00938163
1984-12-01,Manuf_excess,0.0152,0.00686388,-0.00114578,0.0
1984-12-01,Enrgy_excess,-0.0121,0.00756331,0.00694296,0.00694296
1984-12-01,HiTec_excess,0.019,0.0084659,0.00180475,0.00180475
1984-12-01,Telcm_excess,0.0448,0.00518201,0.00306299,0.00306299
1984-12-01,Shops_excess,0.0012,0.00694158,0.00844264,0.00844264
1984-12-01,Hlth_excess,0.0207,0.00740835,0.00228039,0.00228039
1984-12-01,Utils_excess,0.0201,0.00577928,-0.00042123,0.0
1984-12-01,Other_excess,0.0306,0.00593338,0.0038316,0.0038316
1985-01-01,NoDur_excess,0.0419,0.00588578,0.00877482,0.00877482
1985-01-01,Durbl_excess,0.0919,0.00891307,0.01303631,0.01303631
1985-01-01,Manuf_excess,0.0782,0.00687586,5.6e-05,5.6e-05
1985-01-01,Enrgy_excess,0.0589,0.00753506,0.00735159,0.00735159
1985-01-01,HiTec_excess,0.1191,0.00848103,0.00298605,0.00298605
1985-01-01,Telcm_excess,0.0521,0.00523894,0.00438554,0.00438554
1985-01-01,Shops_excess,0.1248,0.00693333,0.01008695,0.01008695
1985-01-01,Hlth_excess,0.0766,0.00742744,0.00300229,0.00300229
1985-01-01,Utils_excess,0.0175,0.00579986,-0.00080112,0.0
1985-01-01,Other_excess,0.0916,0.00596882,0.00538643,0.00538643
1985-02-01,NoDur_excess,0.0449,0.00593745,0.00840532,0.00840532
1985-02-01,Durbl_excess,-0.0215,0.00903214,0.0127888,0.0127888
1985-02-01,Manuf_excess,0.0075,0.00697819,0.00069336,0.00069336
1985-02-01,Enrgy_excess,0.033,0.00760875,0.0071582,0.0071582
1985-02-01,HiTec_excess,-0.019,0.00863974,0.00442294,0.00442294
1985-02-01,Telcm_excess,0.0211,0.00530617,0.00517593,0.00517593
1985-02-01,Shops_excess,0.0152,0.00710244,0.01119469,0.01119469
1985-02-01,Hlth_excess,0.0302,0.00752669,0.00392309,0.00392309
1985-02-01,Utils_excess,0.0079,0.00581664,-0.00087536,0.0
1985-02-01,Other_excess,0.0152,0.00609168,0.00584031,0.00584031
1985-03-01,NoDur_excess,0.0402,0.00599327,0.00933906,0.00933906
1985-03-01,Durbl_excess,-0.0585,0.0089884,0.01238052,0.01238052
1985-03-01,Manuf_excess,-0.0338,0.00697894,-0.00027068,0.0
1985-03-01,Enrgy_excess,0.0083,0.00764513,0.00788661,0.00788661
1985-03-01,HiTec_excess,-0.0664,0.00860014,0.0033454,0.0033454
1985-03-01,Telcm_excess,0.0486,0.0053288,0.00530131,0.00530131
1985-03-01,Shops_excess,-0.0123,0.00711404,0.01165142,0.01165142
1985-03-01,Hlth_excess,0.0245,0.00755917,0.00400529,0.00400529
1985-03-01,Utils_excess,0.0551,0.00581963,-0.00163063,0.0
1985-03-01,Other_excess,-0.0078,0.00610473,0.00579808,0.00579808
1985-04-01,NoDur_excess,-0.0285,0.0060422,0.00911193,0.00911193
1985-04-01,Durbl_excess,-0.0417,0.00889185,0.00879844,0.00879844
1985-04-01,Manuf_excess,-0.0221,0.0069206,-0.0010957,0.0
1985-04-01,Enrgy_excess,0.0308,0.00764607,0.00695879,0.00695879
1985-04-01,HiTec_excess,-0.0436,0.00849285,0.00152135,0.00152135
1985-04-01,Telcm_excess,0.0018,0.0053907,0.00580908,0.00580908
1985-04-01,Shops_excess,-0.0068,0.00708627,0.00975359,0.00975359
1985-04-01,Hlth_excess,-0.0249,0.0075834,0.00409099,0.00409099
1985-04-01,Utils_excess,0.0088,0.00589013,0.0003232,0.0003232
1985-04-01,Other_excess,0.0072,0.00608484,0.00484188,0.00484188
1985-05-01,NoDur_excess,0.0732,0.00599286,0.0096553,0.0096553
1985-05-01,Durbl_excess,0.0524,0.00881957,0.01114288,0.01114288
1985-05-01,Manuf_excess,0.0543,0.00687914,0.00023703,0.00023703
1985-05-01,Enrgy_excess,-0.0004,0.00767914,0.00831118,0.00831118
1985-05-01,HiTec_excess,0.0218,0.00841843,0.00213747,0.00213747
1985-05-01,Telcm_excess,0.0597,0.00538557,0.00654462,0.00654462
1985-05-01,Shops_excess,0.0894,0.00706643,0.01136346,0.01136346
1985-05-01,Hlth_excess,0.0871,0.007537,0.00441216,0.00441216
1985-05-01,Utils_excess,0.0472,0.00589429,0.00046948,0.00046948
1985-05-01,Other_excess,0.0564,0.00608643,0.00648476,0.00648476
1985-06-01,NoDur_excess,0.0221,0.00608873,0.00955243,0.00955243
1985-06-01,Durbl_excess,0.0094,0.00888174,0.01066383,0.01066383
1985-06-01,Manuf_excess,0.0096,0.00694679,0.00194634,0.00194634
1985-06-01,Enrgy_excess,-0.0119,0.00766762,0.00625305,0.00625305
1985-06-01,HiTec_excess,-0.0125,0.00843752,0.00285816,0.00285816
1985-06-01,Telcm_excess,0.0355,0.00546305,0.00737107,0.00737107
1985-06-01,Shops_excess,0.0105,0.00718388,0.01142828,0.01142828
1985-06-01,Hlth_excess,0.0172,0.0076505,0.00538727,0.00538727
1985-06-01,Utils_excess,0.0307,0.00595321,0.00162184,0.00162184
1985-06-01,Other_excess,0.0231,0.0061582,0.00671162,0.00671162
1985-07-01,NoDur_excess,-0.0324,0.00611154,0.01067371,0.01067371
1985-07-01,Durbl_excess,0.0192,0.00888248,0.01311886,0.01311886
1985-07-01,Manuf_excess,0.0279,0.00695057,0.00288814,0.00288814
1985-07-01,Enrgy_excess,-0.0121,0.00763974,0.00693795,0.00693795
1985-07-01,HiTec_excess,0.0379,0.00840769,0.00344541,0.00344541
1985-07-01,Telcm_excess,-0.0519,0.00550584,0.00838941,0.00838941
1985-07-01,Shops_excess,-0.0461,0.0071886,0.01301763,0.01301763
1985-07-01,Hlth_excess,-0.0109,0.0076641,0.00620512,0.00620512
1985-07-01,Utils_excess,-0.0527,0.00598846,0.00164332,0.00164332
1985-07-01,Other_excess,-0.0078,0.00618234,0.00796512,0.00796512
1985-08-01,NoDur_excess,0.0015,0.00605676,0.01062036,0.01062036
1985-08-01,Durbl_excess,-0.0358,0.00889716,0.01405454,0.01405454
1985-08-01,Manuf_excess,-0.0169,0.00698037,0.00324027,0.00324027
1985-08-01,Enrgy_excess,0.0103,0.00761166,0.00715557,0.00715557
1985-08-01,HiTec_excess,-0.0308,0.00844964,0.00392305,0.00392305
1985-08-01,Telcm_excess,-0.0002,0.00542418,0.0077465,0.0077465
1985-08-01,Shops_excess,-0.0116,0.0071128,0.01287528,0.01287528
1985-08-01,Hlth_excess,-0.0137,0.0076377,0.00614438,0.00614438
1985-08-01,Utils_excess,0.0137,0.00590498,0.00067279,0.00067279
1985-08-01,Other_excess,-0.0093,0.00616245,0.00817622,0.00817622
1985-09-01,NoDur_excess,-0.0117,0.00605028,0.01004171,0.01004171
1985-09-01,Durbl_excess,-0.0369,0.00883366,0.01233826,0.01233826
1985-09-01,Manuf_excess,-0.0458,0.00694645,0.00292953,0.00292953
1985-09-01,Enrgy_excess,-0.019,0.00761548,0.00703639,0.00703639
1985-09-01,HiTec_excess,-0.0534,0.00839389,0.00344095,0.00344095
1985-09-01,Telcm_excess,-0.0468,0.00541619,0.00730797,0.00730797
1985-09-01,Shops_excess,-0.0493,0.00708622,0.01178806,0.01178806
1985-09-01,Hlth_excess,-0.0452,0.00760739,0.00575561,0.00575561
1985-09-01,Utils_excess,-0.0598,0.00591605,0.00135086,0.00135086
1985-09-01,Other_excess,-0.0558,0.00614048,0.00758953,0.00758953
1985-10-01,NoDur_excess,0.0292,0.00602511,0.01037106,0.01037106
1985-10-01,Durbl_excess,0.0033,0.00876879,0.01270005,0.01270005
1985-10-01,Manuf_excess,0.0264,0.00687163,0.00260862,0.00260862
1985-10-01,Enrgy_excess,0.053,0.00757773,0.00786438,0.00786438
1985-10-01,HiTec_excess,0.0237,0.00830624,0.00310494,0.00310494
1985-10-01,Telcm_excess,0.0351,0.00534213,0.00659948,0.00659948
1985-10-01,Shops_excess,0.0618,0.00700624,0.01161897,0.01161897
1985-10-01,Hlth_excess,0.0222,0.00753248,0.00557754,0.00557754
1985-10-01,Utils_excess,0.0568,0.00582284,0.00072167,0.00072167
1985-10-01,Other_excess,0.0575,0.00605262,0.00736505,0.00736505
1985-11-01,NoDur_excess,0.0762,0.00605793,0.00938904,0.00938904
1985-11-01,Durbl_excess,0.0927,0.00876105,0.01018151,0.01018151
1985-11-01,Manuf_excess,0.0733,0.00689929,0.00198187,0.00198187
1985-11-01,Enrgy_excess,-0.0027,0.00764207,0.00716082,0.00716082
1985-11-01,HiTec_excess,0.0805,0.00832805,0.00261022,0.00261022
1985-11-01,Telcm_excess,0.068,0.00538428,0.00656262,0.00656262
1985-11-01,Shops_excess,0.0736,0.00708385,0.01074945,0.01074945
1985-11-01,Hlth_excess,0.0895,0.00755326,0.00512644,0.00512644
1985-11-01,Utils_excess,0.0349,0.00589504,0.0014388,0.0014388
1985-11-01,Other_excess,0.0681,0.0061255,0.00670175,0.00670175
1985-12-01,NoDur_excess,0.0481,0.00615714,0.0087883,0.0087883
1985-12-01,Durbl_excess,0.0635,0.00887977,0.00901328,0.00901328
1985-12-01,Manuf_excess,0.0383,0.00699321,0.00233141,0.00233141
1985-12-01,Enrgy_excess,-0.0333,0.00762744,0.0047811,0.0047811
1985-12-01,HiTec_excess,0.0762,0.00843013,0.00283059,0.00283059
1985-12-01,Telcm_excess,0.0538,0.00547284,0.00705072,0.00705072
1985-12-01,Shops_excess,0.0389,0.00717793,0.00993299,0.00993299
1985-12-01,Hlth_excess,0.0287,0.00766917,0.00509418,0.00509418
1985-12-01,Utils_excess,0.0433,0.00593607,0.00167976,0.00167976
1985-12-01,Other_excess,0.0382,0.00621315,0.00614981,0.00614981
1986-01-01,NoDur_excess,0.0123,0.00621638,0.00775081,0.00775081
1986-01-01,Durbl_excess,0.0153,0.00895692,0.00734386,0.00734386
1986-01-01,Manuf_excess,0.0106,0.00703743,0.00202151,0.00202151
1986-01-01,Enrgy_excess,-0.0736,0.00756963,0.00306686,0.00306686
1986-01-01,HiTec_excess,-0.0085,0.00852585,0.002877,0.002877
1986-01-01,Telcm_excess,-0.0434,0.0055411,0.0069879,0.0069879
1986-01-01,Shops_excess,0.0109,0.00722274,0.00859408,0.00859408
1986-01-01,Hlth_excess,0.005,0.00769887,0.00458597,0.00458597
1986-01-01,Utils_excess,0.0323,0.00598884,0.00198067,0.00198067
1986-01-01,Other_excess,0.0298,0.00625833,0.00512179,0.00512179
1986-02-01,NoDur_excess,0.103,0.00622496,0.00785393,0.00785393
1986-02-01,Durbl_excess,0.1021,0.00896587,0.00747723,0.00747723
1986-02-01,Manuf_excess,0.0971,0.00704245,0.00201881,0.00201881
1986-02-01,Enrgy_excess,0.0034,0.00745515,0.0027478,0.0027478
1986-02-01,HiTec_excess,0.0443,0.00850183,0.00280723,0.00280723
1986-02-01,Telcm_excess,0.0686,0.00547207,0.00663929,0.00663929
1986-02-01,Shops_excess,0.0729,0.00722793,0.00868269,0.00868269
1986-02-01,Hlth_excess,0.0554,0.00769506,0.00466857,0.00466857
1986-02-01,Utils_excess,0.0606,0.00602595,0.00216274,0.00216274
1986-02-01,Other_excess,0.0781,0.00629154,0.00531402,0.00531402
1986-03-01,NoDur_excess,0.0752,0.00636127,0.00511553,0.00511553
1986-03-01,Durbl_excess,0.0724,0.00909704,0.00281268,0.00281268
1986-03-01,Manuf_excess,0.0539,0.0071693,0.00136637,0.00136637
1986-03-01,Enrgy_excess,0.0035,0.00744944,-0.00030838,0.0
1986-03-01,HiTec_excess,-0.0068,0.00855225,0.00182863,0.00182863
1986-03-01,Telcm_excess,0.0358,0.00556099,0.00583344,0.00583344
1986-03-01,Shops_excess,0.0796,0.00732042,0.00516495,0.00516495
1986-03-01,Hlth_excess,0.1148,0.00776225,0.00320679,0.00320679
1986-03-01,Utils_excess,0.0338,0.00610282,0.00270494,0.00270494
1986-03-01,Other_excess,0.0516,0.00639268,0.00281128,0.00281128
1986-04-01,NoDur_excess,-0.0009,0.00645809,0.00443494,0.00443494
1986-04-01,Durbl_excess,-0.0383,0.00918608,0.00237447,0.00237447
1986-04-01,Manuf_excess,-0.0213,0.00723502,0.0017693,0.0017693
1986-04-01,Enrgy_excess,0.0023,0.00744388,-0.00135027,0.0
1986-04-01,HiTec_excess,0.034,0.00853066,0.00187362,0.00187362
1986-04-01,Telcm_excess,0.0191,0.00560352,0.00589312,0.00589312
1986-04-01,Shops_excess,-0.0012,0.00742208,0.00467978,0.00467978
1986-04-01,Hlth_excess,0.0019,0.0079128,0.00330789,0.00330789
1986-04-01,Utils_excess,-0.0445,0.00614177,0.00268886,0.00268886
1986-04-01,Other_excess,-0.0309,0.00645626,0.00234851,0.00234851
1986-05-01,NoDur_excess,0.0838,0.00644775,0.00594158,0.00594158
1986-05-01,Durbl_excess,0.0257,0.00911938,0.00508246,0.00508246
1986-05-01,Manuf_excess,0.0392,0.00719494,0.00241767,0.00241767
1986-05-01,Enrgy_excess,0.0687,0.00743666,0.00048797,0.00048797
1986-05-01,HiTec_excess,0.0046,0.00856643,0.00291105,0.00291105
1986-05-01,Telcm_excess,0.041,0.00562247,0.00656151,0.00656151
1986-05-01,Shops_excess,0.0928,0.00740997,0.00662678,0.00662678
1986-05-01,Hlth_excess,0.0676,0.00790435,0.00441512,0.00441512
1986-05-01,Utils_excess,0.0314,0.00607065,0.00230336,0.00230336
1986-05-01,Other_excess,0.0417,0.00640379,0.0035993,0.0035993
1986-06-01,NoDur_excess,0.058,0.00655624,0.00692112,0.00692112
1986-06-01,Durbl_excess,-0.0169,0.00914264,0.00545681,0.00545681
1986-06-01,Manuf_excess,-0.0056,0.00723983,0.0013352,0.0013352
1986-06-01,Enrgy_excess,-0.0257,0.00752258,0.00093935,0.00093935
1986-06-01,HiTec_excess,-0.0439,0.00856087,0.00194207,0.00194207
1986-06-01,Telcm_excess,0.0486,0.00567209,0.00700786,0.00700786
1986-06-01,Shops_excess,0.0342,0.00752973,0.00771464,0.00771464
1986-06-01,Hlth_excess,0.0516,0.00798808,0.00472217,0.00472217
1986-06-01,Utils_excess,0.0453,0.00610617,0.00141084,0.00141084
1986-06-01,Other_excess,0.0102,0.0064533,0.00356969,0.00356969
1986-07-01,NoDur_excess,-0.0625,0.00662829,0.00545709,0.00545709
1986-07-01,Durbl_excess,-0.0947,0.00910616,0.00256511,0.00256511
1986-07-01,Manuf_excess,-0.0803,0.00722185,0.00067503,0.00067503
1986-07-01,Enrgy_excess,-0.0564,0.00747605,-0.00042324,0.0
1986-07-01,HiTec_excess,-0.0886,0.00848739,0.00119837,0.00119837
1986-07-01,Telcm_excess,-0.035,0.00573221,0.00645394,0.00645394
1986-07-01,Shops_excess,-0.0991,0.00756709,0.00573577,0.00573577
1986-07-01,Hlth_excess,-0.0588,0.00804916,0.00411345,0.00411345
1986-07-01,Utils_excess,0.0461,0.00616106,0.00192113,0.00192113
1986-07-01,Other_excess,-0.0695,0.00645854,0.00213755,0.00213755
1986-08-01,NoDur_excess,0.0212,0.00653161,0.00730657,0.00730657
1986-08-01,Durbl_excess,0.0655,0.00896098,0.0062904,0.0062904
1986-08-01,Manuf_excess,0.06,0.00709944,0.00229557,0.00229557
1986-08-01,Enrgy_excess,0.1627,0.00738671,0.001648,0.001648
1986-08-01,HiTec_excess,0.0652,0.00835161,0.00256169,0.00256169
1986-08-01,Telcm_excess,0.0638,0.00567524,0.00710415,0.00710415
1986-08-01,Shops_excess,0.012,0.0074179,0.0079405,0.0079405
1986-08-01,Hlth_excess,0.0354,0.00795566,0.00535949,0.00535949
1986-08-01,Utils_excess,0.0746,0.00621692,0.002639,0.002639
1986-08-01,Other_excess,0.0635,0.00635231,0.00426156,0.00426156
1986-09-01,NoDur_excess,-0.113,0.00655209,0.00676875,0.00676875
1986-09-01,Durbl_excess,-0.0857,0.00903994,0.00645076,0.00645076
1986-09-01,Manuf_excess,-0.07,0.00717332,0.0029905,0.0029905
1986-09-01,Enrgy_excess,-0.0133,0.00760363,0.0008435,0.0008435
1986-09-01,HiTec_excess,-0.0742,0.00843101,0.00288925,0.00288925
1986-09-01,Telcm_excess,-0.0989,0.00575642,0.00769291,0.00769291
1986-09-01,Shops_excess,-0.0891,0.0074243,0.00768547,0.00768547
1986-09-01,Hlth_excess,-0.1305,0.00799399,0.00500844,0.00500844
1986-09-01,Utils_excess,-0.0956,0.00631243,0.00260748,0.00260748
1986-09-01,Other_excess,-0.0928,0.00643212,0.0042146,0.0042146
1986-10-01,NoDur_excess,0.084,0.00638536,0.00907147,0.00907147
1986-10-01,Durbl_excess,0.0555,0.00890781,0.01071402,0.01071402
1986-10-01,Manuf_excess,0.0601,0.00706569,0.00404239,0.00404239
1986-10-01,Enrgy_excess,0.0145,0.00757448,0.00467871,0.00467871
1986-10-01,HiTec_excess,0.0013,0.00831576,0.00410067,0.00410067
1986-10-01,Telcm_excess,0.0417,0.00561046,0.00796593,0.00796593
1986-10-01,Shops_excess,0.0685,0.00728968,0.01048397,0.01048397
1986-10-01,Hlth_excess,0.0752,0.00780084,0.00638533,0.00638533
1986-10-01,Utils_excess,0.0475,0.00617029,0.00259697,0.00259697
1986-10-01,Other_excess,0.0374,0.00629372,0.00649555,0.00649555
1986-11-01,NoDur_excess,0.0033,0.00649345,0.0087366,0.0087366
1986-11-01,Durbl_excess,0.0425,0.0089727,0.00985348,0.00985348
1986-11-01,Manuf_excess,0.0205,0.00713955,0.00405377,0.00405377
1986-11-01,Enrgy_excess,0.0286,0.00758412,0.00328711,0.00328711
1986-11-01,HiTec_excess,0.0316,0.00830599,0.0035487,0.0035487
1986-11-01,Telcm_excess,0.0359,0.00566072,0.00813284,0.00813284
1986-11-01,Shops_excess,0.0122,0.00737493,0.01006498,0.01006498
1986-11-01,Hlth_excess,0.0098,0.00789471,0.00617693,0.00617693
1986-11-01,Utils_excess,0.0016,0.00622786,0.00251715,0.00251715
1986-11-01,Other_excess,-0.0105,0.00633705,0.00587118,0.00587118
1986-12-01,NoDur_excess,-0.0371,0.00648901,0.00746612,0.00746612
1986-12-01,Durbl_excess,-0.0306,0.00901933,0.00794526,0.00794526
1986-12-01,Manuf_excess,-0.0247,0.00715814,0.003435,0.003435
1986-12-01,Enrgy_excess,-0.0095,0.00761335,0.00224862,0.00224862
1986-12-01,HiTec_excess,-0.0416,0.00833839,0.00311935,0.00311935
1986-12-01,Telcm_excess,-0.042,0.00570278,0.00777738,0.00777738
1986-12-01,Shops_excess,-0.0648,0.00738164,0.00859057,0.00859057
1986-12-01,Hlth_excess,-0.0171,0.00789736,0.00541203,0.00541203
1986-12-01,Utils_excess,-0.0379,0.00622142,0.00244239,0.00244239
1986-12-01,Other_excess,-0.0307,0.00631363,0.00461674,0.00461674
1987-01-01,NoDur_excess,0.1404,0.00642847,0.0075089,0.0075089
1987-01-01,Durbl_excess,0.1824,0.00896431,0.00822497,0.00822497
1987-01-01,Manuf_excess,0.1402,0.00711389,0.00382749,0.00382749
1987-01-01,Enrgy_excess,0.1373,0.00758958,0.00240624,0.00240624
1987-01-01,HiTec_excess,0.1598,0.00826903,0.00327753,0.00327753
1987-01-01,Telcm_excess,0.0488,0.00563653,0.00754374,0.00754374
1987-01-01,Shops_excess,0.113,0.00728139,0.00846798,0.00846798
1987-01-01,Hlth_excess,0.1273,0.00786264,0.00542958,0.00542958
1987-01-01,Utils_excess,0.0888,0.00616014,0.00258857,0.00258857
1987-01-01,Other_excess,0.1075,0.00626222,0.00493431,0.00493431
1987-02-01,NoDur_excess,0.0518,0.00661429,0.00684829,0.00684829
1987-02-01,Durbl_excess,0.0316,0.00920485,0.00666016,0.00666016
1987-02-01,Manuf_excess,0.0435,0.00729847,0.00264228,0.00264228
1987-02-01,Enrgy_excess,-0.0219,0.00776949,0.00098915,0.00098915
1987-02-01,HiTec_excess,0.09,0.0084792,0.00231616,0.00231616
1987-02-01,Telcm_excess,-0.004,0.00569639,0.0076169,0.0076169
1987-02-01,Shops_excess,0.0938,0.00742802,0.00757577,0.00757577
1987-02-01,Hlth_excess,0.1069,0.00802829,0.00491328,0.00491328
1987-02-01,Utils_excess,-0.0258,0.00627476,0.00174243,0.00174243
1987-02-01,Other_excess,0.0423,0.00640264,0.00344905,0.00344905
1987-03-01,NoDur_excess,0.0067,0.00667687,0.00580301,0.00580301
1987-03-01,Durbl_excess,0.0396,0.00923587,0.0042366,0.0042366
1987-03-01,Manuf_excess,0.0293,0.00734861,0.00156023,0.00156023
1987-03-01,Enrgy_excess,0.1136,0.00772839,-0.00035951,0.0
1987-03-01,HiTec_excess,0.0214,0.00859211,0.00179622,0.00179622
1987-03-01,Telcm_excess,0.0092,0.00568296,0.00694627,0.00694627
1987-03-01,Shops_excess,0.0121,0.00754765,0.0064737,0.0064737
1987-03-01,Hlth_excess,-0.0032,0.00816524,0.00468638,0.00468638
1987-03-01,Utils_excess,-0.0215,0.00623033,0.00124551,0.00124551
1987-03-01,Other_excess,-0.0083,0.00645235,0.00217861,0.00217861
1987-04-01,NoDur_excess,-0.0412,0.0066769,0.00649734,0.00649734
1987-04-01,Durbl_excess,0.0367,0.00927787,0.00540117,0.00540117
1987-04-01,Manuf_excess,-0.02,0.00737898,0.00172649,0.00172649
1987-04-01,Enrgy_excess,-0.0033,0.00787483,0.0005694,0.0005694
1987-04-01,HiTec_excess,0.0395,0.00860982,0.00181048,0.00181048
1987-04-01,Telcm_excess,-0.0291,0.00568783,0.00737812,0.00737812
1987-04-01,Shops_excess,-0.0314,0.00755394,0.00734305,0.00734305
1987-04-01,Hlth_excess,-0.0289,0.00814952,0.00491063,0.00491063
1987-04-01,Utils_excess,-0.0477,0.00619198,0.00071049,0.00071049
1987-04-01,Other_excess,-0.0451,0.00643195,0.0024463,0.0024463
1987-05-01,NoDur_excess,0.0225,0.00661077,0.00785375,0.00785375
1987-05-01,Durbl_excess,-0.0167,0.00931575,0.00808671,0.00808671
1987-05-01,Manuf_excess,-0.0005,0.00734116,0.00204183,0.00204183
1987-05-01,Enrgy_excess,0.0264,0.00785939,0.00210739,0.00210739
1987-05-01,HiTec_excess,-0.0009,0.00865249,0.00252516,0.00252516
1987-05-01,Telcm_excess,0.0291,0.00563978,0.00774419,0.00774419
1987-05-01,Shops_excess,-0.0043,0.00750014,0.00894081,0.00894081
1987-05-01,Hlth_excess,0.0087,0.00809834,0.00563644,0.00563644
1987-05-01,Utils_excess,-0.0223,0.00611754,0.00023716,0.00023716
1987-05-01,Other_excess,-0.0039,0.00636077,0.00336553,0.00336553
1987-06-01,NoDur_excess,0.0631,0.00663269,0.00852606,0.00852606
1987-06-01,Durbl_excess,0.023,0.00927986,0.00861974,0.00861974
1987-06-01,Manuf_excess,0.0471,0.00733034,0.0021595,0.0021595
1987-06-01,Enrgy_excess,0.0535,0.00788497,0.00274529,0.00274529
1987-06-01,HiTec_excess,-0.005,0.00863931,0.00259981,0.00259981
1987-06-01,Telcm_excess,0.0647,0.00567214,0.00818051,0.00818051
1987-06-01,Shops_excess,0.0578,0.00748386,0.00941109,0.00941109
1987-06-01,Hlth_excess,0.043,0.00809917,0.00593965,0.00593965
1987-06-01,Utils_excess,0.0292,0.00607834,-7.394e-05,0.0
1987-06-01,Other_excess,0.0414,0.00634662,0.00367116,0.00367116
1987-07-01,NoDur_excess,0.0527,0.00671047,0.00868892,0.00868892
1987-07-01,Durbl_excess,0.0647,0.00929876,0.00814685,0.00814685
1987-07-01,Manuf_excess,0.0656,0.00738512,0.00224025,0.00224025
1987-07-01,Enrgy_excess,0.0273,0.0079478,0.00243468,0.00243468
1987-07-01,HiTec_excess,0.005,0.00862052,0.00207987,0.00207987
1987-07-01,Telcm_excess,0.0538,0.00575344,0.00878765,0.00878765
1987-07-01,Shops_excess,0.0524,0.00755317,0.00953991,0.00953991
1987-07-01,Hlth_excess,0.0533,0.00814725,0.00592199,0.00592199
1987-07-01,Utils_excess,-0.0213,0.00611019,-0.00018921,0.0
1987-07-01,Other_excess,0.0309,0.0063949,0.00352454,0.00352454
1987-08-01,NoDur_excess,0.032,0.00677373,0.00968936,0.00968936
1987-08-01,Durbl_excess,0.0519,0.00937497,0.00937609,0.00937609
1987-08-01,Manuf_excess,0.0238,0.0074652,0.00279333,0.00279333
1987-08-01,Enrgy_excess,0.0146,0.00797442,0.00259257,0.00259257
1987-08-01,HiTec_excess,0.0699,0.00861554,0.00178967,0.00178967
1987-08-01,Telcm_excess,0.0461,0.00581953,0.00976545,0.00976545
1987-08-01,Shops_excess,0.0286,0.00761486,0.01064384,0.01064384
1987-08-01,Hlth_excess,0.0174,0.00820935,0.00654345,0.00654345
1987-08-01,Utils_excess,0.0324,0.00607249,-0.00103574,0.0
1987-08-01,Other_excess,0.0386,0.00642861,0.00388271,0.00388271
1987-09-01,NoDur_excess,-0.0322,0.00680838,0.00953117,0.00953117
1987-09-01,Durbl_excess,-0.0428,0.00943338,0.00850744,0.00850744
1987-09-01,Manuf_excess,-0.0016,0.00748764,0.00201283,0.00201283
1987-09-01,Enrgy_excess,-0.0431,0.00798352,0.00199798,0.00199798
1987-09-01,HiTec_excess,-0.0313,0.00869973,0.00168596,0.00168596
1987-09-01,Telcm_excess,0.0289,0.00587486,0.010052,0.010052
1987-09-01,Shops_excess,-0.0682,0.00764368,0.01017629,0.01017629
1987-09-01,Hlth_excess,-0.0302,0.00822198,0.00615072,0.00615072
1987-09-01,Utils_excess,-0.0276,0.00610865,-0.0010055,0.0
1987-09-01,Other_excess,-0.0225,0.0064728,0.00347696,0.00347696
1987-10-01,NoDur_excess,-0.2158,0.00675487,0.00992731,0.00992731
1987-10-01,Durbl_excess,-0.2718,0.00936173,0.00876976,0.00876976
1987-10-01,Manuf_excess,-0.2793,0.00747517,0.00217125,0.00217125
1987-10-01,Enrgy_excess,-0.1945,0.00791344,0.00217884,0.00217884
1987-10-01,HiTec_excess,-0.2642,0.00864486,0.00133683,0.00133683
1987-10-01,Telcm_excess,-0.1276,0.00590645,0.0106004,0.0106004
1987-10-01,Shops_excess,-0.2851,0.00753964,0.00997863,0.00997863
1987-10-01,Hlth_excess,-0.209,0.00816927,0.00607826,0.00607826
1987-10-01,Utils_excess,-0.0753,0.00606241,-0.00120034,0.0
1987-10-01,Other_excess,-0.2432,0.00643306,0.00385657,0.00385657
1987-11-01,NoDur_excess,-0.0835,0.00645,0.00818703,0.00818703
1987-11-01,Durbl_excess,-0.0868,0.00897658,0.00754262,0.00754262
1987-11-01,Manuf_excess,-0.0551,0.00708233,0.00127047,0.00127047
1987-11-01,Enrgy_excess,-0.1101,0.00763616,0.00395724,0.00395724
1987-11-01,HiTec_excess,-0.1022,0.0082711,0.0012285,0.0012285
1987-11-01,Telcm_excess,-0.0925,0.00572356,0.00784979,0.00784979
1987-11-01,Shops_excess,-0.09,0.00713877,0.00742506,0.00742506
1987-11-01,Hlth_excess,-0.0966,0.00787178,0.00538164,0.00538164
1987-11-01,Utils_excess,-0.029,0.00595096,0.00107086,0.00107086
1987-11-01,Other_excess,-0.0692,0.0060911,0.00348698,0.00348698
1987-12-01,NoDur_excess,0.0717,0.00632695,0.00961382,0.00961382
1987-12-01,Durbl_excess,0.0837,0.00884555,0.01127568,0.01127568
1987-12-01,Manuf_excess,0.1048,0.00699726,0.00331779,0.00331779
1987-12-01,Enrgy_excess,0.0636,0.0074751,0.00562698,0.00562698
1987-12-01,HiTec_excess,0.115,0.00811997,0.00251138,0.00251138
1987-12-01,Telcm_excess,0.0352,0.00558919,0.00776987,0.00776987
1987-12-01,Shops_excess,0.082,0.00700588,0.00927313,0.00927313
1987-12-01,Hlth_excess,0.0496,0.00772886,0.00618507,0.00618507
1987-12-01,Utils_excess,0.0017,0.00590315,0.00172777,0.00172777
1987-12-01,Other_excess,0.05,0.0059881,0.00562996,0.00562996
1988-01-01,NoDur_excess,0.0275,0.00641626,0.00910022,0.00910022
1988-01-01,Durbl_excess,0.0399,0.00894781,0.00993999,0.00993999
1988-01-01,Manuf_excess,-0.0001,0.00713087,0.00314251,0.00314251
1988-01-01,Enrgy_excess,0.0814,0.00755178,0.00467712,0.00467712
1988-01-01,HiTec_excess,-0.0277,0.00826598,0.0025505,0.0025505
1988-01-01,Telcm_excess,0.0974,0.00562964,0.00778175,0.00778175
1988-01-01,Shops_excess,0.0533,0.00710833,0.00872775,0.00872775
1988-01-01,Hlth_excess,0.0608,0.00778607,0.0057382,0.0057382
1988-01-01,Utils_excess,0.0948,0.0058974,0.00107127,0.00107127
1988-01-01,Other_excess,0.0602,0.00604822,0.00465685,0.00465685
1988-02-01,NoDur_excess,0.0558,0.00644502,0.00728716,0.00728716
1988-02-01,Durbl_excess,0.0599,0.00899004,0.00702547,0.00702547
1988-02-01,Manuf_excess,0.073,0.00712101,0.00222242,0.00222242
1988-02-01,Enrgy_excess,0.0315,0.00765252,0.00353144,0.00353144
1988-02-01,HiTec_excess,0.0702,0.00821692,0.00178216,0.00178216
1988-02-01,Telcm_excess,0.0078,0.00575484,0.00764919,0.00764919
1988-02-01,Shops_excess,0.0981,0.00717135,0.00702549,0.00702549
1988-02-01,Hlth_excess,0.0375,0.00785839,0.00521142,0.00521142
1988-02-01,Utils_excess,-0.0187,0.00601869,0.00193893,0.00193893
1988-02-01,Other_excess,0.0387,0.0061221,0.00352384,0.00352384
1988-03-01,NoDur_excess,-0.0196,0.00651226,0.00768991,0.00768991
1988-03-01,Durbl_excess,-0.0406,0.0090594,0.00779646,0.00779646
1988-03-01,Manuf_excess,-0.0178,0.00721076,0.00267592,0.00267592
1988-03-01,Enrgy_excess,0.0218,0.00768501,0.00334041,0.00334041
1988-03-01,HiTec_excess,-0.0513,0.00830136,0.00202854,0.00202854
1988-03-01,Telcm_excess,-0.044,0.00575763,0.00799974,0.00799974
1988-03-01,Shops_excess,-0.0159,0.00729523,0.0078308,0.0078308
1988-03-01,Hlth_excess,-0.0293,0.00789877,0.00532323,0.00532323
1988-03-01,Utils_excess,-0.0362,0.00598501,0.00134792,0.00134792
1988-03-01,Other_excess,-0.0179,0.00616649,0.0036879,0.0036879
1988-04-01,NoDur_excess,-0.0063,0.00647673,0.00882204,0.00882204
1988-04-01,Durbl_excess,0.0226,0.00899184,0.00938301,0.00938301
1988-04-01,Manuf_excess,0.0114,0.00717673,0.0030846,0.0030846
1988-04-01,Enrgy_excess,0.0416,0.00770422,0.00498621,0.00498621
1988-04-01,HiTec_excess,0.0216,0.00822027,0.00202578,0.00202578
1988-04-01,Telcm_excess,0.0028,0.00568993,0.0081011,0.0081011
1988-04-01,Shops_excess,0.0114,0.00726367,0.00903039,0.00903039
1988-04-01,Hlth_excess,-0.0247,0.00784816,0.00584239,0.00584239
1988-04-01,Utils_excess,-0.0076,0.00592762,0.00124889,0.00124889
1988-04-01,Other_excess,-0.0085,0.00613374,0.00465458,0.00465458
1988-05-01,NoDur_excess,-0.0077,0.00645937,0.00900296,0.00900296
1988-05-01,Durbl_excess,0.0045,0.00901033,0.00983917,0.00983917
1988-05-01,Manuf_excess,-0.0092,0.00718247,0.00323913,0.00323913
1988-05-01,Enrgy_excess,-0.0092,0.00775027,0.00525246,0.00525246
1988-05-01,HiTec_excess,-0.0185,0.00823845,0.00209011,0.00209011
1988-05-01,Telcm_excess,0.0183,0.00568601,0.00823251,0.00823251
1988-05-01,Shops_excess,-0.0192,0.00726929,0.00935829,0.00935829
1988-05-01,Hlth_excess,-0.0088,0.00780394,0.00555006,0.00555006
1988-05-01,Utils_excess,0.0311,0.00590924,0.00110267,0.00110267
1988-05-01,Other_excess,0.0043,0.00611386,0.00476067,0.00476067
1988-06-01,NoDur_excess,0.0288,0.00644016,0.00847442,0.00847442
1988-06-01,Durbl_excess,0.0734,0.00900421,0.00844501,0.00844501
1988-06-01,Manuf_excess,0.0708,0.00716024,0.00224621,0.00224621
1988-06-01,Enrgy_excess,-0.0257,0.00772727,0.0049488,0.0049488
1988-06-01,HiTec_excess,0.0893,0.00820217,0.00123353,0.00123353
1988-06-01,Telcm_excess,0.0242,0.00570312,0.00793605,0.00793605
1988-06-01,Shops_excess,0.0595,0.00723338,0.00839851,0.00839851
1988-06-01,Hlth_excess,0.0229,0.00778141,0.00510741,0.00510741
1988-06-01,Utils_excess,0.0274,0.00594342,0.00140585,0.00140585
1988-06-01,Other_excess,0.0554,0.0061114,0.00414803,0.00414803
1988-07-01,NoDur_excess,0.008,0.00647046,0.00707766,0.00707766
1988-07-01,Durbl_excess,-0.0041,0.00909146,0.00612634,0.00612634
1988-07-01,Manuf_excess,-0.0279,0.00724648,0.00173066,0.00173066
1988-07-01,Enrgy_excess,0.0308,0.00768198,0.00299598,0.00299598
1988-07-01,HiTec_excess,-0.0542,0.00831206,0.00118478,0.00118478
1988-07-01,Telcm_excess,-0.0036,0.00572818,0.00733178,0.00733178
1988-07-01,Shops_excess,-0.0144,0.0073042,0.00698323,0.00698323
1988-07-01,Hlth_excess,0.0,0.0078019,0.00433637,0.00433637
1988-07-01,Utils_excess,-0.0073,0.00597249,0.00150195,0.00150195
1988-07-01,Other_excess,-0.0112,0.00617818,0.00307668,0.00307668
1988-08-01,NoDur_excess,-0.0093,0.00647253,0.00734277,0.00734277
1988-08-01,Durbl_excess,-0.0697,0.00907361,0.00613442,0.00613442
1988-08-01,Manuf_excess,-0.0499,0.00719892,0.00147228,0.00147228
1988-08-01,Enrgy_excess,-0.0209,0.00771326,0.00331393,0.00331393
1988-08-01,HiTec_excess,-0.0868,0.00822747,0.0006835,0.0006835
1988-08-01,Telcm_excess,-0.0349,0.00571556,0.00728893,0.00728893
1988-08-01,Shops_excess,-0.0285,0.00727483,0.00700385,0.00700385
1988-08-01,Hlth_excess,-0.0167,0.00779134,0.00431092,0.00431092
1988-08-01,Utils_excess,-0.0071,0.00595453,0.00152937,0.00152937
1988-08-01,Other_excess,-0.015,0.00615467,0.00314898,0.00314898
1988-09-01,NoDur_excess,0.0607,0.00645122,0.00692807,0.00692807
1988-09-01,Durbl_excess,0.0304,0.00896716,0.00453262,0.00453262
1988-09-01,Manuf_excess,0.0288,0.00712176,0.00082886,0.00082886
1988-09-01,Enrgy_excess,-0.0309,0.00767459,0.00341951,0.00341951
1988-09-01,HiTec_excess,0.0226,0.00809905,0.00013727,0.00013727
1988-09-01,Telcm_excess,0.0645,0.00566068,0.0064486,0.0064486
1988-09-01,Shops_excess,0.0752,0.00722649,0.00616072,0.00616072
1988-09-01,Hlth_excess,0.0314,0.00775824,0.00417257,0.00417257
1988-09-01,Utils_excess,0.0205,0.00593689,0.00210287,0.00210287
1988-09-01,Other_excess,0.0344,0.00612608,0.00286698,0.00286698
1988-10-01,NoDur_excess,0.0772,0.00652443,0.00569612,0.00569612
1988-10-01,Durbl_excess,0.026,0.00899609,0.00191767,0.00191767
1988-10-01,Manuf_excess,0.0015,0.00715101,-0.00011012,0.0
1988-10-01,Enrgy_excess,0.0128,0.00762254,0.00169594,0.00169594
1988-10-01,HiTec_excess,-0.007,0.00811862,-0.00046328,0.0
1988-10-01,Telcm_excess,0.0236,0.00574008,0.0060558,0.0060558
1988-10-01,Shops_excess,0.0078,0.00731822,0.00474563,0.00474563
1988-10-01,Hlth_excess,0.0065,0.00779015,0.00345111,0.00345111
1988-10-01,Utils_excess,0.019,0.00595655,0.00206784,0.00206784
1988-10-01,Other_excess,-0.006,0.00616424,0.00155054,0.00155054
1988-11-01,NoDur_excess,-0.0179,0.00661968,0.00452314,0.00452314
1988-11-01,Durbl_excess,-0.0145,0.009019,-0.00098714,0.0
1988-11-01,Manuf_excess,-0.0276,0.0071434,-0.00166457,0.0
1988-11-01,Enrgy_excess,-0.0086,0.00762951,0.00096158,0.00096158
1988-11-01,HiTec_excess,-0.0362,0.00809825,-0.00142774,0.0
1988-11-01,Telcm_excess,-0.0052,0.00576415,0.00522198,0.00522198
1988-11-01,Shops_excess,-0.0327,0.00731887,0.00285384,0.00285384
1988-11-01,Hlth_excess,-0.027,0.00778841,0.00277872,0.00277872
1988-11-01,Utils_excess,-0.0107,0.00597412,0.00207108,0.00207108
1988-11-01,Other_excess,-0.0273,0.00614784,-0.00012451,0.0
1988-12-01,NoDur_excess,0.0264,0.00658668,0.00489825,0.00489825
1988-12-01,Durbl_excess,-0.0024,0.00898735,-0.0005077,0.0
1988-12-01,Manuf_excess,0.0251,0.00709664,-0.00127625,0.0
1988-12-01,Enrgy_excess,0.012,0.00760767,0.0009432,0.0009432
1988-12-01,HiTec_excess,0.0401,0.00803863,-0.00131699,0.0
1988-12-01,Telcm_excess,0.0062,0.00574939,0.00530371,0.00530371
1988-12-01,Shops_excess,0.0096,0.00726501,0.00315167,0.00315167
1988-12-01,Hlth_excess,0.0113,0.00774159,0.00272881,0.00272881
1988-12-01,Utils_excess,0.0041,0.00595168,0.00235354,0.00235354
1988-12-01,Other_excess,0.0028,0.00610283,0.0003743,0.0003743
1989-01-01,NoDur_excess,0.0505,0.00661331,0.00421319,0.00421319
1989-01-01,Durbl_excess,0.0686,0.00897204,-0.00201095,0.0
1989-01-01,Manuf_excess,0.0691,0.00712083,-0.00161519,0.0
1989-01-01,Enrgy_excess,0.0571,0.00761358,4.564e-05,4.564e-05
1989-01-01,HiTec_excess,0.0656,0.00808172,-0.00146775,0.0
1989-01-01,Telcm_excess,0.0781,0.00575,0.00489408,0.00489408
1989-01-01,Shops_excess,0.0563,0.00726815,0.00224503,0.00224503
1989-01-01,Hlth_excess,0.0626,0.00774637,0.00225255,0.00225255
1989-01-01,Utils_excess,0.0212,0.00594919,0.00244112,0.00244112
1989-01-01,Other_excess,0.0631,0.00609839,-0.00025726,0.0
1989-02-01,NoDur_excess,-0.0188,0.00667221,0.0028829,0.0028829
1989-02-01,Durbl_excess,-0.0341,0.00905208,-0.00456379,0.0
1989-02-01,Manuf_excess,-0.0271,0.00720403,-0.00282204,0.0
1989-02-01,Enrgy_excess,-0.0189,0.00768,-0.00151908,0.0
1989-02-01,HiTec_excess,-0.0435,0.00815893,-0.00244008,0.0
1989-02-01,Telcm_excess,-0.0198,0.00584711,0.00464039,0.00464039
1989-02-01,Shops_excess,-0.0248,0.00733396,0.00067985,0.00067985
1989-02-01,Hlth_excess,-0.0185,0.00782,0.00142851,0.00142851
1989-02-01,Utils_excess,-0.0239,0.00596966,0.00193133,0.00193133
1989-02-01,Other_excess,-0.0113,0.0061749,-0.00175592,0.0
1989-03-01,NoDur_excess,0.0503,0.00663807,0.00322065,0.00322065
1989-03-01,Durbl_excess,-0.0226,0.00899424,-0.00455274,0.0
1989-03-01,Manuf_excess,0.0052,0.00715804,-0.00301861,0.0
1989-03-01,Enrgy_excess,0.0322,0.00764437,-0.00084657,0.0
1989-03-01,HiTec_excess,-0.06,0.00808968,-0.00264106,0.0
1989-03-01,Telcm_excess,0.0462,0.00581273,0.00444964,0.00444964
1989-03-01,Shops_excess,0.0196,0.00729088,0.00080734,0.00080734
1989-03-01,Hlth_excess,0.0424,0.00778472,0.0015833,0.0015833
1989-03-01,Utils_excess,-0.0012,0.00592962,0.00215491,0.00215491
1989-03-01,Other_excess,0.029,0.00615147,-0.00148108,0.0
1989-04-01,NoDur_excess,0.0513,0.00669652,0.00228246,0.00228246
1989-04-01,Durbl_excess,-0.0034,0.00895194,-0.00714863,0.0
1989-04-01,Manuf_excess,0.0467,0.00715542,-0.0042601,0.0
1989-04-01,Enrgy_excess,0.0182,0.00767724,-0.0015597,0.0
1989-04-01,HiTec_excess,0.0451,0.00799853,-0.00378843,0.0
1989-04-01,Telcm_excess,0.0887,0.0058668,0.00393889,0.00393889
1989-04-01,Shops_excess,0.0468,0.00730736,-0.00063042,0.0
1989-04-01,Hlth_excess,0.0476,0.00783106,0.0011026,0.0011026
1989-04-01,Utils_excess,0.033,0.00592008,0.00207376,0.00207376
1989-04-01,Other_excess,0.0396,0.00618206,-0.00263081,0.0
1989-05-01,NoDur_excess,0.0414,0.00675615,0.00217172,0.00217172
1989-05-01,Durbl_excess,0.0107,0.00893543,-0.00761053,0.0
1989-05-01,Manuf_excess,0.0289,0.00720829,-0.00447699,0.0
1989-05-01,Enrgy_excess,0.0191,0.00769131,-0.00191258,0.0
1989-05-01,HiTec_excess,0.0159,0.00804813,-0.00398854,0.0
1989-05-01,Telcm_excess,0.0513,0.00597754,0.00436974,0.00436974
1989-05-01,Shops_excess,0.0449,0.00736016,-0.00073715,0.0
1989-05-01,Hlth_excess,0.0258,0.00788422,0.00106778,0.00106778
1989-05-01,Utils_excess,0.0449,0.00595628,0.00177608,0.00177608
1989-05-01,Other_excess,0.0345,0.00622674,-0.00297634,0.0
1989-06-01,NoDur_excess,0.0073,0.0068024,0.00179544,0.00179544
1989-06-01,Durbl_excess,0.0074,0.00893778,-0.0078609,0.0
1989-06-01,Manuf_excess,-0.0338,0.00723725,-0.00413996,0.0
1989-06-01,Enrgy_excess,-0.0172,0.00770654,-0.00250529,0.0
1989-06-01,HiTec_excess,-0.0388,0.00805861,-0.00368548,0.0
1989-06-01,Telcm_excess,-0.0053,0.00603805,0.0045069,0.0045069
1989-06-01,Shops_excess,-0.0284,0.00741028,-0.00091006,0.0
1989-06-01,Hlth_excess,-0.0366,0.00790814,0.00097441,0.00097441
1989-06-01,Utils_excess,0.0271,0.00600828,0.00188073,0.00188073
1989-06-01,Other_excess,0.0006,0.00626449,-0.00308322,0.0
1989-07-01,NoDur_excess,0.112,0.00680307,0.00129297,0.00129297
1989-07-01,Durbl_excess,0.0454,0.00893573,-0.00798854,0.0
1989-07-01,Manuf_excess,0.0692,0.00718253,-0.00378574,0.0
1989-07-01,Enrgy_excess,0.0306,0.00767333,-0.00256604,0.0
1989-07-01,HiTec_excess,0.0225,0.00799613,-0.00308252,0.0
1989-07-01,Telcm_excess,0.0843,0.00602293,0.00409993,0.00409993
1989-07-01,Shops_excess,0.0847,0.00736253,-0.00141634,0.0
1989-07-01,Hlth_excess,0.1287,0.0078488,0.00092373,0.00092373
1989-07-01,Utils_excess,0.0511,0.0060364,0.0024514,0.0024514
1989-07-01,Other_excess,0.0741,0.00625693,-0.00302985,0.0
1989-08-01,NoDur_excess,-0.0272,0.00694314,0.00130605,0.00130605
1989-08-01,Durbl_excess,0.0415,0.00898429,-0.00822508,0.0
1989-08-01,Manuf_excess,0.0364,0.00726511,-0.00388644,0.0
1989-08-01,Enrgy_excess,0.0278,0.00770386,-0.00353826,0.0
1989-08-01,HiTec_excess,0.0173,0.00801545,-0.00356381,0.0
1989-08-01,Telcm_excess,0.0006,0.00612716,0.00469956,0.00469956
1989-08-01,Shops_excess,0.0187,0.00746551,-0.00139594,0.0
1989-08-01,Hlth_excess,-0.0034,0.00800972,0.00105394,0.00105394
1989-08-01,Utils_excess,-0.0154,0.0060964,0.0018711,0.0018711
1989-08-01,Other_excess,0.0248,0.00634727,-0.00341727,0.0
1989-09-01,NoDur_excess,-0.0122,0.00689774,0.00199803,0.00199803
1989-09-01,Durbl_excess,-0.0531,0.00902753,-0.00676289,0.0
1989-09-01,Manuf_excess,-0.0322,0.00730386,-0.00356018,0.0
1989-09-01,Enrgy_excess,0.007,0.00773059,-0.0028224,0.0
1989-09-01,HiTec_excess,-0.0338,0.00802779,-0.00360744,0.0
1989-09-01,Telcm_excess,0.0338,0.00611981,0.00514657,0.00514657
1989-09-01,Shops_excess,-0.03,0.00748045,-0.00041303,0.0
1989-09-01,Hlth_excess,0.0169,0.00799455,0.00125266,0.00125266
1989-09-01,Utils_excess,-0.0017,0.00606782,0.00150859,0.00150859
1989-09-01,Other_excess,0.0075,0.00637181,-0.00278355,0.0
1989-10-01,NoDur_excess,-0.0313,0.00687238,0.00251354,0.00251354
1989-10-01,Durbl_excess,-0.0641,0.00894502,-0.00587687,0.0
1989-10-01,Manuf_excess,-0.0502,0.00725139,-0.00327642,0.0
1989-10-01,Enrgy_excess,0.0007,0.00772961,-0.00198891,0.0
1989-10-01,HiTec_excess,-0.0501,0.00797224,-0.00336895,0.0
1989-10-01,Telcm_excess,-0.0264,0.00615657,0.00547848,0.00547848
1989-10-01,Shops_excess,-0.0471,0.00743068,0.00012867,0.00012867
1989-10-01,Hlth_excess,-0.0031,0.00800637,0.00172261,0.00172261
1989-10-01,Utils_excess,0.0033,0.0060575,0.00160003,0.00160003
1989-10-01,Other_excess,-0.0558,0.00637331,-0.00217045,0.0
1989-11-01,NoDur_excess,0.01,0.00682175,0.00200798,0.00200798
1989-11-01,Durbl_excess,-0.0181,0.00884814,-0.00647143,0.0
1989-11-01,Manuf_excess,0.0238,0.0071752,-0.00319048,0.0
1989-11-01,Enrgy_excess,0.033,0.00772029,-0.00164626,0.0
1989-11-01,HiTec_excess,-0.0272,0.00789523,-0.00295442,0.0
1989-11-01,Telcm_excess,0.0142,0.0061134,0.00491595,0.00491595
1989-11-01,Shops_excess,0.0053,0.00735836,-0.00042272,0.0
1989-11-01,Hlth_excess,0.0387,0.00799164,0.00190129,0.00190129
1989-11-01,Utils_excess,0.0255,0.00605385,0.00217615,0.00217615
1989-11-01,Other_excess,-0.0074,0.00629085,-0.00233279,0.0
1989-12-01,NoDur_excess,0.0078,0.00682596,0.0018919,0.0018919
1989-12-01,Durbl_excess,-0.0196,0.00881245,-0.00675324,0.0
1989-12-01,Manuf_excess,0.0235,0.00719722,-0.00310542,0.0
1989-12-01,Enrgy_excess,0.0539,0.00775377,-0.00180012,0.0
1989-12-01,HiTec_excess,-0.0166,0.00784874,-0.00312245,0.0
1989-12-01,Telcm_excess,0.0524,0.00612411,0.00493947,0.00493947
1989-12-01,Shops_excess,0.0061,0.00735563,-0.00054908,0.0
1989-12-01,Hlth_excess,0.0043,0.00803232,0.00193812,0.00193812
1989-12-01,Utils_excess,0.0419,0.0060796,0.0022418,0.0022418
1989-12-01,Other_excess,-0.0221,0.00627272,-0.00246275,0.0
1990-01-01,NoDur_excess,-0.1004,0.00682725,0.00222371,0.00222371
1990-01-01,Durbl_excess,-0.0409,0.00877487,-0.00613913,0.0
1990-01-01,Manuf_excess,-0.0688,0.00721878,-0.00274996,0.0
1990-01-01,Enrgy_excess,-0.0485,0.00781481,-0.00156827,0.0
1990-01-01,HiTec_excess,-0.0204,0.0078164,-0.0031332,0.0
1990-01-01,Telcm_excess,-0.1361,0.00618532,0.00542526,0.00542526
1990-01-01,Shops_excess,-0.0698,0.00735397,-0.00010172,0.0
1990-01-01,Hlth_excess,-0.0787,0.00802738,0.00200328,0.00200328
1990-01-01,Utils_excess,-0.0592,0.00612698,0.002227,0.002227
1990-01-01,Other_excess,-0.0949,0.00623519,-0.00230231,0.0
1990-02-01,NoDur_excess,-0.0112,0.0066856,0.00371821,0.00371821
1990-02-01,Durbl_excess,0.0448,0.00870925,-0.00327502,0.0
1990-02-01,Manuf_excess,0.0199,0.00711836,-0.00178252,0.0
1990-02-01,Enrgy_excess,0.0254,0.00774042,0.00047411,0.00047411
1990-02-01,HiTec_excess,0.0347,0.00777913,-0.00211422,0.0
1990-02-01,Telcm_excess,-0.0083,0.00599736,0.00536915,0.00536915
1990-02-01,Shops_excess,0.0136,0.00725205,0.00163106,0.00163106
1990-02-01,Hlth_excess,-0.0265,0.00791281,0.00279822,0.00279822
1990-02-01,Utils_excess,-0.0036,0.00604069,0.00259755,0.00259755
1990-02-01,Other_excess,0.0195,0.00610159,-0.00077329,0.0
1990-03-01,NoDur_excess,0.0399,0.00666201,0.00364242,0.00364242
1990-03-01,Durbl_excess,0.0224,0.00875686,-0.00338643,0.0
1990-03-01,Manuf_excess,0.0324,0.00713522,-0.00196733,0.0
1990-03-01,Enrgy_excess,-0.0123,0.00776372,0.00054742,0.00054742
1990-03-01,HiTec_excess,0.0399,0.00781464,-0.00222282,0.0
1990-03-01,Telcm_excess,0.0358,0.0059785,0.00527633,0.00527633
1990-03-01,Shops_excess,0.0452,0.00726042,0.00155693,0.00155693
1990-03-01,Hlth_excess,0.0316,0.00786741,0.00261658,0.00261658
1990-03-01,Utils_excess,-0.0139,0.00602797,0.00253324,0.00253324
1990-03-01,Other_excess,-0.0102,0.00611926,-0.00084592,0.0
1990-04-01,NoDur_excess,-0.0086,0.0067058,0.00341502,0.00341502
1990-04-01,Durbl_excess,-0.0477,0.00877484,-0.00436482,0.0
1990-04-01,Manuf_excess,-0.0346,0.00716851,-0.00263785,0.0
1990-04-01,Enrgy_excess,-0.0427,0.00773729,0.00015512,0.00015512
1990-04-01,HiTec_excess,-0.0263,0.00785692,-0.00276384,0.0
1990-04-01,Telcm_excess,-0.0398,0.00601779,0.00520942,0.00520942
1990-04-01,Shops_excess,-0.0277,0.00731041,0.00114495,0.00114495
1990-04-01,Hlth_excess,-0.0035,0.00789868,0.00239524,0.00239524
1990-04-01,Utils_excess,-0.0621,0.00600171,0.002243,0.002243
1990-04-01,Other_excess,-0.0411,0.00609776,-0.00153409,0.0
1990-05-01,NoDur_excess,0.0841,0.00668566,0.00488267,0.00488267
1990-05-01,Durbl_excess,0.0707,0.00870053,-0.00196959,0.0
1990-05-01,Manuf_excess,0.0743,0.00711355,-0.00181326,0.0
1990-05-01,Enrgy_excess,0.0537,0.00767092,0.00151031,0.00151031
1990-05-01,HiTec_excess,0.1173,0.00781197,-0.00213656,0.0
1990-05-01,Telcm_excess,0.0852,0.0059575,0.00563792,0.00563792
1990-05-01,Shops_excess,0.1085,0.00726434,0.00271583,0.00271583
1990-05-01,Hlth_excess,0.1213,0.00788368,0.00318094,0.00318094
1990-05-01,Utils_excess,0.0475,0.00591211,0.00216805,0.00216805
1990-05-01,Other_excess,0.085,0.00603566,-0.00028256,0.0
1990-06-01,NoDur_excess,0.0145,0.00678739,0.00370559,0.00370559
1990-06-01,Durbl_excess,-0.0284,0.008782,-0.00369772,0.0
1990-06-01,Manuf_excess,-0.0118,0.00720184,-0.00218683,0.0
1990-06-01,Enrgy_excess,-0.0267,0.00773141,-0.00044347,0.0
1990-06-01,HiTec_excess,-0.019,0.00795585,-0.00243079,0.0
1990-06-01,Telcm_excess,-0.0537,0.00606163,0.00571579,0.00571579
1990-06-01,Shops_excess,0.009,0.00739737,0.00171037,0.00171037
1990-06-01,Hlth_excess,0.0379,0.00803272,0.00266363,0.00266363
1990-06-01,Utils_excess,0.0012,0.00596675,0.00170497,0.00170497
1990-06-01,Other_excess,-0.0236,0.00613942,-0.0013376,0.0
1990-07-01,NoDur_excess,-0.0147,0.00679751,0.00350764,0.00350764
1990-07-01,Durbl_excess,-0.0413,0.0087332,-0.00404368,0.0
1990-07-01,Manuf_excess,-0.005,0.0071769,-0.00203931,0.0
1990-07-01,Enrgy_excess,0.0762,0.00768622,-0.00049998,0.0
1990-07-01,HiTec_excess,-0.0832,0.00792047,-0.00218449,0.0
1990-07-01,Telcm_excess,-0.051,0.0059832,0.00524848,0.00524848
1990-07-01,Shops_excess,-0.0482,0.00739948,0.00150095,0.00150095
1990-07-01,Hlth_excess,0.0199,0.00807192,0.00284409,0.00284409
1990-07-01,Utils_excess,0.0022,0.0059605,0.00203161,0.00203161
1990-07-01,Other_excess,-0.0426,0.00610039,-0.0013892,0.0
1990-08-01,NoDur_excess,-0.0803,0.00676933,0.00368123,0.00368123
1990-08-01,Durbl_excess,-0.149,0.00866763,-0.00362268,0.0
1990-08-01,Manuf_excess,-0.1266,0.00716094,-0.00175823,0.0
1990-08-01,Enrgy_excess,-0.0196,0.00777602,0.00014972,0.00014972
1990-08-01,HiTec_excess,-0.127,0.00780105,-0.00219043,0.0
1990-08-01,Telcm_excess,-0.1104,0.00590852,0.00512319,0.00512319
1990-08-01,Shops_excess,-0.127,0.00732661,0.00163159,0.00163159
1990-08-01,Hlth_excess,-0.0731,0.00808742,0.00311852,0.00311852
1990-08-01,Utils_excess,-0.073,0.00595557,0.00213192,0.00213192
1990-08-01,Other_excess,-0.1196,0.00603657,-0.00123087,0.0
1990-09-01,NoDur_excess,-0.0467,0.00665537,0.0063937,0.0063937
1990-09-01,Durbl_excess,-0.1123,0.00846126,0.00097648,0.00097648
1990-09-01,Manuf_excess,-0.086,0.00698586,7.609e-05,7.609e-05
1990-09-01,Enrgy_excess,-0.0222,0.00774018,0.00329062,0.00329062
1990-09-01,HiTec_excess,-0.0715,0.00762461,-0.00067114,0.0
1990-09-01,Telcm_excess,0.0122,0.00575628,0.00581918,0.00581918
1990-09-01,Shops_excess,-0.0937,0.00715079,0.00454402,0.00454402
1990-09-01,Hlth_excess,-0.0492,0.00798115,0.00465041,0.00465041
1990-09-01,Utils_excess,-0.0012,0.00585223,0.00271079,0.00271079
1990-09-01,Other_excess,-0.1057,0.00587212,0.0014699,0.0014699
1990-10-01,NoDur_excess,0.0182,0.00658562,0.00696886,0.00696886
1990-10-01,Durbl_excess,-0.0397,0.0083034,0.00222103,0.00222103
1990-10-01,Manuf_excess,-0.0261,0.00686431,0.00097035,0.00097035
1990-10-01,Enrgy_excess,-0.0465,0.00770105,0.00426037,0.00426037
1990-10-01,HiTec_excess,-0.0385,0.00752118,0.0002624,0.0002624
1990-10-01,Telcm_excess,0.0234,0.00576471,0.00603043,0.00603043
1990-10-01,Shops_excess,-0.0372,0.00701895,0.00514445,0.00514445
1990-10-01,Hlth_excess,0.0078,0.00790641,0.00512251,0.00512251
1990-10-01,Utils_excess,0.0654,0.00584301,0.00340973,0.00340973
1990-10-01,Other_excess,-0.0717,0.00572627,0.00230514,0.00230514
1990-11-01,NoDur_excess,0.0599,0.00660078,0.00745194,0.00745194
1990-11-01,Durbl_excess,0.036,0.00824073,0.00349267,0.00349267
1990-11-01,Manuf_excess,0.068,0.00682128,0.00194939,0.00194939
1990-11-01,Enrgy_excess,0.0105,0.00763029,0.00433013,0.00433013
1990-11-01,HiTec_excess,0.1043,0.0074611,0.00099346,0.00099346
1990-11-01,Telcm_excess,0.0155,0.00578773,0.00638964,0.00638964
1990-11-01,Shops_excess,0.0986,0.00696123,0.00574556,0.00574556
1990-11-01,Hlth_excess,0.0911,0.00790627,0.00547611,0.00547611
1990-11-01,Utils_excess,0.0174,0.00592076,0.00387262,0.00387262
1990-11-01,Other_excess,0.1006,0.0056252,0.00288192,0.00288192
1990-12-01,NoDur_excess,0.038,0.00667027,0.00659139,0.00659139
1990-12-01,Durbl_excess,-0.0101,0.00827692,0.00254208,0.00254208
1990-12-01,Manuf_excess,0.0433,0.00690104,0.0020237,0.0020237
1990-12-01,Enrgy_excess,-0.0264,0.00763403,0.0028953,0.0028953
1990-12-01,HiTec_excess,0.0347,0.00758735,0.00106214,0.00106214
1990-12-01,Telcm_excess,0.0091,0.00580039,0.00623703,0.00623703
1990-12-01,Shops_excess,0.027,0.0070807,0.00519166,0.00519166
1990-12-01,Hlth_excess,0.0227,0.00801473,0.00512567,0.00512567
1990-12-01,Utils_excess,0.0019,0.00593572,0.00350242,0.00350242
1990-12-01,Other_excess,0.0489,0.00574902,0.00245213,0.00245213
1991-01-01,NoDur_excess,0.0458,0.00671107,0.00701082,0.00701082
1991-01-01,Durbl_excess,0.0685,0.00825299,0.00367323,0.00367323
1991-01-01,Manuf_excess,0.0578,0.00694844,0.00273508,0.00273508
1991-01-01,Enrgy_excess,-0.0255,0.00758971,0.00286669,0.00286669
1991-01-01,HiTec_excess,0.1456,0.00762266,0.00155306,0.00155306
1991-01-01,Telcm_excess,-0.005,0.00580469,0.00662103,0.00662103
1991-01-01,Shops_excess,0.0887,0.00710664,0.0058705,0.0058705
1991-01-01,Hlth_excess,0.0426,0.00803385,0.00535599,0.00535599
1991-01-01,Utils_excess,-0.0189,0.00593047,0.0032751,0.0032751
1991-01-01,Other_excess,0.0687,0.00580521,0.00300647,0.00300647
1991-02-01,NoDur_excess,0.0983,0.0067619,0.00781505,0.00781505
1991-02-01,Durbl_excess,0.0979,0.00833134,0.00573835,0.00573835
1991-02-01,Manuf_excess,0.0536,0.00701456,0.00350216,0.00350216
1991-02-01,Enrgy_excess,0.0808,0.00754668,0.00296933,0.00296933
1991-02-01,HiTec_excess,0.0551,0.00780208,0.00231042,0.00231042
1991-02-01,Telcm_excess,0.0255,0.00579064,0.0072868,0.0072868
1991-02-01,Shops_excess,0.0787,0.00721274,0.0072021,0.0072021
1991-02-01,Hlth_excess,0.0968,0.0080788,0.00575782,0.00575782
1991-02-01,Utils_excess,0.0436,0.00589818,0.0026054,0.0026054
1991-02-01,Other_excess,0.0932,0.005887,0.00372318,0.00372318
1991-03-01,NoDur_excess,0.0438,0.00688078,0.00794974,0.00794974
1991-03-01,Durbl_excess,0.0078,0.00844766,0.00549328,0.00549328
1991-03-01,Manuf_excess,0.0097,0.00707506,0.00260611,0.00260611
1991-03-01,Enrgy_excess,0.0085,0.00764182,0.0029253,0.0029253
1991-03-01,HiTec_excess,-0.0016,0.00786351,0.00151357,0.00151357
1991-03-01,Telcm_excess,0.0186,0.00581623,0.0075004,0.0075004
1991-03-01,Shops_excess,0.0816,0.00730558,0.00717071,0.00717071
1991-03-01,Hlth_excess,0.058,0.00819403,0.00582845,0.00582845
1991-03-01,Utils_excess,0.0128,0.00594714,0.00184825,0.00184825
1991-03-01,Other_excess,0.0263,0.00600039,0.00313969,0.00313969
1991-04-01,NoDur_excess,-0.0152,0.00692866,0.00790639,0.00790639
1991-04-01,Durbl_excess,-0.0281,0.00844682,0.00490003,0.00490003
1991-04-01,Manuf_excess,-0.0003,0.00707847,0.00205233,0.00205233
1991-04-01,Enrgy_excess,0.0187,0.00764293,0.00276002,0.00276002
1991-04-01,HiTec_excess,-0.0324,0.00785123,0.00099888,0.00099888
1991-04-01,Telcm_excess,0.006,0.00583281,0.00749233,0.00749233
1991-04-01,Shops_excess,0.0149,0.00740195,0.00721188,0.00721188
1991-04-01,Hlth_excess,-0.0174,0.00825863,0.0059091,0.0059091
1991-04-01,Utils_excess,-0.0058,0.00595603,0.00160425,0.00160425
1991-04-01,Other_excess,0.0081,0.00602672,0.00274914,0.00274914
1991-05-01,NoDur_excess,0.0314,0.0069,0.00804397,0.00804397
1991-05-01,Durbl_excess,0.1441,0.00839948,0.00525668,0.00525668
1991-05-01,Manuf_excess,0.0713,0.00706891,0.00206827,0.00206827
1991-05-01,Enrgy_excess,-0.0189,0.00765725,0.00339626,0.00339626
1991-05-01,HiTec_excess,0.0321,0.00779909,0.00096292,0.00096292
1991-05-01,Telcm_excess,-0.0193,0.00583303,0.00760116,0.00760116
1991-05-01,Shops_excess,0.0725,0.00741166,0.00757596,0.00757596
1991-05-01,Hlth_excess,0.04,0.00822539,0.00604897,0.00604897
1991-05-01,Utils_excess,-0.0032,0.0059408,0.00150731,0.00150731
1991-05-01,Other_excess,0.0451,0.0060294,0.00292339,0.00292339
1991-06-01,NoDur_excess,-0.0538,0.00693169,0.00833899,0.00833899
1991-06-01,Durbl_excess,-0.0491,0.00857503,0.00626393,0.00626393
1991-06-01,Manuf_excess,-0.0468,0.00715201,0.00208718,0.00208718
1991-06-01,Enrgy_excess,-0.0408,0.0076229,0.00320548,0.00320548
1991-06-01,HiTec_excess,-0.0928,0.00783053,0.00068682,0.00068682
1991-06-01,Telcm_excess,-0.0191,0.00580052,0.00767447,0.00767447
1991-06-01,Shops_excess,-0.0473,0.00749586,0.00817402,0.00817402
1991-06-01,Hlth_excess,-0.0461,0.00826649,0.00623572,0.00623572
1991-06-01,Utils_excess,-0.0279,0.00592898,0.00092737,0.00092737
1991-06-01,Other_excess,-0.0566,0.00607995,0.00291415,0.00291415
1991-07-01,NoDur_excess,0.0528,0.00685323,0.00840157,0.00840157
1991-07-01,Durbl_excess,-0.0091,0.00850052,0.00637023,0.00637023
1991-07-01,Manuf_excess,0.0262,0.0070823,0.0019895,0.0019895
1991-07-01,Enrgy_excess,0.0454,0.00756034,0.00387554,0.00387554
1991-07-01,HiTec_excess,0.0426,0.00770052,0.00044087,0.00044087
1991-07-01,Telcm_excess,0.0262,0.00576835,0.00743096,0.00743096
1991-07-01,Shops_excess,0.0482,0.00742506,0.00816747,0.00816747
1991-07-01,Hlth_excess,0.0802,0.00819625,0.00629301,0.00629301
1991-07-01,Utils_excess,0.035,0.00588527,0.00126357,0.00126357
1991-07-01,Other_excess,0.0425,0.00599897,0.00304723,0.00304723
1991-08-01,NoDur_excess,0.0502,0.00691252,0.00791352,0.00791352
1991-08-01,Durbl_excess,-0.0261,0.00847781,0.00478141,0.00478141
1991-08-01,Manuf_excess,0.014,0.00710697,0.00126037,0.00126037
1991-08-01,Enrgy_excess,0.0117,0.00760916,0.00331131,0.00331131
1991-08-01,HiTec_excess,0.0238,0.00774555,-6.213e-05,0.0
1991-08-01,Telcm_excess,0.002,0.00579471,0.00730174,0.00730174
1991-08-01,Shops_excess,0.0314,0.00747768,0.00751498,0.00751498
1991-08-01,Hlth_excess,0.0249,0.00828916,0.00627425,0.00627425
1991-08-01,Utils_excess,0.0306,0.00592284,0.00105376,0.00105376
1991-08-01,Other_excess,0.0275,0.00604606,0.00229998,0.00229998
1991-09-01,NoDur_excess,-0.037,0.0069683,0.007797,0.007797
1991-09-01,Durbl_excess,-0.0313,0.00843325,0.00442387,0.00442387
1991-09-01,Manuf_excess,-0.0277,0.00711585,0.00140493,0.00140493
1991-09-01,Enrgy_excess,-0.0114,0.00761443,0.00309377,0.00309377
1991-09-01,HiTec_excess,-0.0194,0.00776624,0.00022361,0.00022361
1991-09-01,Telcm_excess,-0.0009,0.00578982,0.00719278,0.00719278
1991-09-01,Shops_excess,-0.0362,0.00750851,0.00739851,0.00739851
1991-09-01,Hlth_excess,-0.0079,0.00831057,0.00627066,0.00627066
1991-09-01,Utils_excess,0.0326,0.00595464,0.00113985,0.00113985
1991-09-01,Other_excess,-0.0113,0.00607371,0.00224621,0.00224621
1991-10-01,NoDur_excess,-0.0096,0.00691171,0.0072213,0.0072213
1991-10-01,Durbl_excess,-0.0241,0.00838211,0.00407725,0.00407725
1991-10-01,Manuf_excess,0.0106,0.00707104,0.00144451,0.00144451
1991-10-01,Enrgy_excess,0.0164,0.00758996,0.00322322,0.00322322
1991-10-01,HiTec_excess,0.0171,0.00773127,0.00054368,0.00054368
1991-10-01,Telcm_excess,0.0151,0.00578121,0.00690934,0.00690934
1991-10-01,Shops_excess,-0.0236,0.00745225,0.00684466,0.00684466
1991-10-01,Hlth_excess,0.0611,0.0082897,0.00622197,0.00622197
1991-10-01,Utils_excess,0.0083,0.00598893,0.00167978,0.00167978
1991-10-01,Other_excess,0.0183,0.00605135,0.00220646,0.00220646
1991-11-01,NoDur_excess,-0.0081,0.00689049,0.00764968,0.00764968
1991-11-01,Durbl_excess,-0.0841,0.00834036,0.00512706,0.00512706
1991-11-01,Manuf_excess,-0.0596,0.00707558,0.00200457,0.00200457
1991-11-01,Enrgy_excess,-0.0814,0.00760129,0.0035042,0.0035042
1991-11-01,HiTec_excess,-0.0471,0.00774332,0.00091465,0.00091465
1991-11-01,Telcm_excess,-0.0514,0.00579319,0.00736421,0.00736421
1991-11-01,Shops_excess,-0.0159,0.00741234,0.00744311,0.00744311
1991-11-01,Hlth_excess,-0.0292,0.00835758,0.00682687,0.00682687
1991-11-01,Utils_excess,0.0151,0.0059919,0.00152682,0.00152682
1991-11-01,Other_excess,-0.058,0.0060671,0.0028047,0.0028047
1991-12-01,NoDur_excess,0.1439,0.00687125,0.00896804,0.00896804
1991-12-01,Durbl_excess,0.0723,0.00822169,0.00746301,0.00746301
1991-12-01,Manuf_excess,0.112,0.00698999,0.00307129,0.00307129
1991-12-01,Enrgy_excess,0.0177,0.00748703,0.00456953,0.00456953
1991-12-01,HiTec_excess,0.0891,0.00767291,0.00194099,0.00194099
1991-12-01,Telcm_excess,0.0947,0.00571977,0.00757268,0.00757268
1991-12-01,Shops_excess,0.1266,0.00738241,0.00910276,0.00910276
1991-12-01,Hlth_excess,0.1622,0.00830937,0.00767677,0.00767677
1991-12-01,Utils_excess,0.0463,0.00600359,0.00206532,0.00206532
1991-12-01,Other_excess,0.1238,0.00598485,0.00407263,0.00407263
1992-01-01,NoDur_excess,-0.0346,0.00704692,0.00848672,0.00848672
1992-01-01,Durbl_excess,0.1016,0.00830385,0.00629412,0.00629412
1992-01-01,Manuf_excess,0.0197,0.00712462,0.0029292,0.0029292
1992-01-01,Enrgy_excess,-0.0447,0.00750013,0.00280359,0.00280359
1992-01-01,HiTec_excess,0.0609,0.00777731,0.00161307,0.00161307
1992-01-01,Telcm_excess,-0.0322,0.00583385,0.0080663,0.0080663
1992-01-01,Shops_excess,-0.0006,0.00753526,0.00867961,0.00867961
1992-01-01,Hlth_excess,-0.0578,0.00850667,0.00790696,0.00790696
1992-01-01,Utils_excess,-0.0491,0.00605526,0.0012451,0.0012451
1992-01-01,Other_excess,0.0165,0.0061359,0.0033398,0.0033398
1992-02-01,NoDur_excess,0.0077,0.0069936,0.01033902,0.01033902
1992-02-01,Durbl_excess,0.1208,0.0084233,0.01042551,0.01042551
1992-02-01,Manuf_excess,0.0192,0.00714072,0.00431889,0.00431889
1992-02-01,Enrgy_excess,-0.0082,0.00743329,0.00402551,0.00402551
1992-02-01,HiTec_excess,0.0353,0.00784533,0.00301583,0.00301583
1992-02-01,Telcm_excess,-0.0173,0.00578515,0.00871413,0.00871413
1992-02-01,Shops_excess,0.0236,0.00752484,0.01111532,0.01111532
1992-02-01,Hlth_excess,-0.0302,0.00842177,0.00877192,0.00877192
1992-02-01,Utils_excess,-0.0152,0.00598464,0.0009603,0.0009603
1992-02-01,Other_excess,0.0279,0.00614917,0.00535312,0.00535312
1992-03-01,NoDur_excess,-0.0185,0.0069945,0.01019916,0.01019916
1992-03-01,Durbl_excess,0.0046,0.00856701,0.01146693,0.01146693
1992-03-01,Manuf_excess,-0.015,0.00715614,0.00439078,0.00439078
1992-03-01,Enrgy_excess,-0.0306,0.0074133,0.00369494,0.00369494
1992-03-01,HiTec_excess,-0.0541,0.00788043,0.00325742,0.00325742
1992-03-01,Telcm_excess,-0.0121,0.00575563,0.00839925,0.00839925
1992-03-01,Shops_excess,-0.017,0.0075454,0.0111305,0.0111305
1992-03-01,Hlth_excess,-0.0587,0.00837238,0.00822347,0.00822347
1992-03-01,Utils_excess,-0.0087,0.00595754,0.00070997,0.00070997
1992-03-01,Other_excess,-0.0253,0.00617698,0.00547791,0.00547791
1992-04-01,NoDur_excess,0.0044,0.00696194,0.01011133,0.01011133
1992-04-01,Durbl_excess,0.0763,0.00856194,0.0112821,0.0112821
1992-04-01,Manuf_excess,0.0271,0.00712784,0.00406155,0.00406155
1992-04-01,Enrgy_excess,0.0914,0.00736475,0.0037231,0.0037231
1992-04-01,HiTec_excess,-0.0122,0.00780128,0.002595,0.002595
1992-04-01,Telcm_excess,0.0678,0.00573282,0.0080961,0.0080961
1992-04-01,Shops_excess,-0.0383,0.00751405,0.01087994,0.01087994
1992-04-01,Hlth_excess,-0.0262,0.00828672,0.00762854,0.00762854
1992-04-01,Utils_excess,0.0237,0.00593883,0.00086928,0.00086928
1992-04-01,Other_excess,0.003,0.00613678,0.00527369,0.00527369
1992-05-01,NoDur_excess,0.0103,0.00695867,0.01061202,0.01061202
1992-05-01,Durbl_excess,-0.0221,0.00864834,0.01332371,0.01332371
1992-05-01,Manuf_excess,-0.0089,0.00715332,0.00459939,0.00459939
1992-05-01,Enrgy_excess,0.0287,0.00747194,0.00485725,0.00485725
1992-05-01,HiTec_excess,-0.0018,0.00777577,0.00247406,0.00247406
1992-05-01,Telcm_excess,-0.0289,0.00581199,0.00920402,0.00920402
1992-05-01,Shops_excess,-0.0004,0.00745561,0.01109489,0.01109489
1992-05-01,Hlth_excess,0.0083,0.00824273,0.00745721,0.00745721
1992-05-01,Utils_excess,0.0226,0.00596148,0.000733,0.000733
1992-05-01,Other_excess,0.0119,0.00613278,0.00562258,0.00562258
1992-06-01,NoDur_excess,-0.0313,0.00696293,0.01021471,0.01021471
1992-06-01,Durbl_excess,0.0186,0.00860917,0.01237383,0.01237383
1992-06-01,Manuf_excess,-0.0357,0.00713287,0.00426581,0.00426581
1992-06-01,Enrgy_excess,-0.0382,0.00749898,0.00510249,0.00510249
1992-06-01,HiTec_excess,-0.0437,0.00776357,0.00243614,0.00243614
1992-06-01,Telcm_excess,0.0117,0.00576777,0.00851391,0.00851391
1992-06-01,Shops_excess,-0.0224,0.00744561,0.01055325,0.01055325
1992-06-01,Hlth_excess,-0.051,0.0082428,0.00737701,0.00737701
1992-06-01,Utils_excess,0.0022,0.00598268,0.00104113,0.00104113
1992-06-01,Other_excess,-0.0038,0.00614013,0.00540841,0.00540841
1992-07-01,NoDur_excess,0.0436,0.00691425,0.0093329,0.0093329
1992-07-01,Durbl_excess,-0.0001,0.00862188,0.0117492,0.0117492
1992-07-01,Manuf_excess,0.026,0.00707837,0.0036499,0.0036499
1992-07-01,Enrgy_excess,0.0497,0.00744084,0.00463596,0.00463596
1992-07-01,HiTec_excess,0.0255,0.00769809,0.00197832,0.00197832
1992-07-01,Telcm_excess,0.0515,0.00577532,0.00827186,0.00827186
1992-07-01,Shops_excess,0.0352,0.00740763,0.0096986,0.0096986
1992-07-01,Hlth_excess,0.0548,0.00816743,0.00663065,0.00663065
1992-07-01,Utils_excess,0.0642,0.00597786,0.00128978,0.00128978
1992-07-01,Other_excess,0.0281,0.00612748,0.00505669,0.00505669
1992-08-01,NoDur_excess,0.0061,0.00696086,0.00924027,0.00924027
1992-08-01,Durbl_excess,-0.0987,0.0086108,0.01147786,0.01147786
1992-08-01,Manuf_excess,-0.0379,0.00710241,0.00368784,0.00368784
1992-08-01,Enrgy_excess,0.0229,0.00749454,0.00486197,0.00486197
1992-08-01,HiTec_excess,-0.0464,0.00772071,0.00213575,0.00213575
1992-08-01,Telcm_excess,-0.0123,0.00583342,0.00871926,0.00871926
1992-08-01,Shops_excess,-0.0076,0.00744295,0.00966485,0.00966485
1992-08-01,Hlth_excess,-0.0372,0.00822668,0.00699813,0.00699813
1992-08-01,Utils_excess,-0.0073,0.00605184,0.00161753,0.00161753
1992-08-01,Other_excess,-0.0372,0.0061554,0.0048618,0.0048618
1992-09-01,NoDur_excess,0.008,0.00695977,0.0094719,0.0094719
1992-09-01,Durbl_excess,-0.0016,0.00847462,0.01053064,0.01053064
1992-09-01,Manuf_excess,0.0153,0.0070453,0.00329976,0.00329976
1992-09-01,Enrgy_excess,-0.0013,0.00751409,0.00580768,0.00580768
1992-09-01,HiTec_excess,0.0307,0.00765203,0.00183648,0.00183648
1992-09-01,Telcm_excess,0.0165,0.00581041,0.00843761,0.00843761
1992-09-01,Shops_excess,0.0382,0.00742386,0.00967731,0.00967731
1992-09-01,Hlth_excess,-0.0512,0.00816904,0.00678463,0.00678463
1992-09-01,Utils_excess,0.0057,0.0060349,0.00181953,0.00181953
1992-09-01,Other_excess,0.0318,0.00610038,0.0046536,0.0046536
1992-10-01,NoDur_excess,-0.0105,0.00696109,0.00950023,0.00950023
1992-10-01,Durbl_excess,-0.0025,0.00846185,0.01081848,0.01081848
1992-10-01,Manuf_excess,0.0073,0.00705577,0.00365539,0.00365539
1992-10-01,Enrgy_excess,-0.0373,0.00750292,0.00582496,0.00582496
1992-10-01,HiTec_excess,0.0172,0.00768124,0.00238369,0.00238369
1992-10-01,Telcm_excess,-0.0078,0.00582395,0.0086301,0.0086301
1992-10-01,Shops_excess,0.0413,0.00746286,0.01019981,0.01019981
1992-10-01,Hlth_excess,0.0311,0.00809379,0.0061551,0.0061551
1992-10-01,Utils_excess,-0.0065,0.00603447,0.00180851,0.00180851
1992-10-01,Other_excess,0.0275,0.00613295,0.00510625,0.00510625
1992-11-01,NoDur_excess,0.0339,0.00693899,0.01049954,0.01049954
1992-11-01,Durbl_excess,0.0835,0.00844797,0.01304375,0.01304375
1992-11-01,Manuf_excess,0.037,0.00705608,0.0048548,0.0048548
1992-11-01,Enrgy_excess,-0.0294,0.0074462,0.00563172,0.00563172
1992-11-01,HiTec_excess,0.0635,0.00769329,0.00314683,0.00314683
1992-11-01,Telcm_excess,0.0365,0.00580671,0.00920131,0.00920131
1992-11-01,Shops_excess,0.0685,0.0075057,0.0122009,0.0122009
1992-11-01,Hlth_excess,0.0461,0.00812291,0.00686073,0.00686073
1992-11-01,Utils_excess,-0.0046,0.00601861,0.00167273,0.00167273
1992-11-01,Other_excess,0.0588,0.00616,0.00670948,0.00670948
1992-12-01,NoDur_excess,-0.0023,0.00697307,0.01010043,0.01010043
1992-12-01,Durbl_excess,0.0307,0.00854286,0.01245649,0.01245649
1992-12-01,Manuf_excess,0.0116,0.00709393,0.00450164,0.00450164
1992-12-01,Enrgy_excess,0.0171,0.00739962,0.00414256,0.00414256
1992-12-01,HiTec_excess,-0.0026,0.00776384,0.00314816,0.00314816
1992-12-01,Telcm_excess,0.0536,0.00584551,0.00931115,0.00931115
1992-12-01,Shops_excess,0.0033,0.00758281,0.01203291,0.01203291
1992-12-01,Hlth_excess,-0.0163,0.00817092,0.0068261,0.0068261
1992-12-01,Utils_excess,0.0243,0.00600518,0.00122461,0.00122461
1992-12-01,Other_excess,0.0352,0.00622655,0.00647724,0.00647724
1993-01-01,NoDur_excess,-0.0103,0.00696136,0.00897212,0.00897212
1993-01-01,Durbl_excess,0.0935,0.00857083,0.01094806,0.01094806
1993-01-01,Manuf_excess,-0.0007,0.00709962,0.00387976,0.00387976
1993-01-01,Enrgy_excess,0.0255,0.00741187,0.00367011,0.00367011
1993-01-01,HiTec_excess,0.0457,0.00775076,0.00259604,0.00259604
1993-01-01,Telcm_excess,0.011,0.00590581,0.00933472,0.00933472
1993-01-01,Shops_excess,-0.0014,0.0075774,0.0107119,0.0107119
1993-01-01,Hlth_excess,-0.071,0.00814003,0.0061116,0.0061116
1993-01-01,Utils_excess,0.0223,0.00602828,0.00138833,0.00138833
1993-01-01,Other_excess,0.0313,0.00626313,0.00579877,0.00579877
1993-02-01,NoDur_excess,-0.0236,0.0069396,0.00904735,0.00904735
1993-02-01,Durbl_excess,-0.0052,0.00867793,0.01251646,0.01251646
1993-02-01,Manuf_excess,0.0149,0.00708979,0.0038772,0.0038772
1993-02-01,Enrgy_excess,0.058,0.00743468,0.00432101,0.00432101
1993-02-01,HiTec_excess,-0.0075,0.00779861,0.0031929,0.0031929
1993-02-01,Telcm_excess,0.0538,0.00591223,0.00955269,0.00955269
1993-02-01,Shops_excess,-0.017,0.00756608,0.01099478,0.01099478
1993-02-01,Hlth_excess,-0.0923,0.00804023,0.00537985,0.00537985
1993-02-01,Utils_excess,0.0601,0.0060488,0.00160359,0.00160359
1993-02-01,Other_excess,0.0013,0.0062947,0.00637496,0.00637496
1993-03-01,NoDur_excess,-0.0025,0.00690113,0.00785788,0.00785788
1993-03-01,Durbl_excess,0.0515,0.00866045,0.01090079,0.01090079
1993-03-01,Manuf_excess,0.0195,0.00709962,0.00335692,0.00335692
1993-03-01,Enrgy_excess,0.0384,0.00749836,0.00464689,0.00464689
1993-03-01,HiTec_excess,0.02,0.00777935,0.00270645,0.00270645
1993-03-01,Telcm_excess,0.031,0.00597254,0.0096145,0.0096145
1993-03-01,Shops_excess,0.0253,0.00753514,0.00968818,0.00968818
1993-03-01,Hlth_excess,0.0048,0.00791385,0.00397926,0.00397926
1993-03-01,Utils_excess,0.0151,0.00611688,0.00220004,0.00220004
1993-03-01,Other_excess,0.0355,0.00628841,0.0054439,0.0054439
1993-04-01,NoDur_excess,-0.0956,0.00688931,0.00739282,0.00739282
1993-04-01,Durbl_excess,0.022,0.00871434,0.01048407,0.01048407
1993-04-01,Manuf_excess,-0.002,0.00711522,0.00280086,0.00280086
1993-04-01,Enrgy_excess,0.0086,0.00753723,0.00488557,0.00488557
1993-04-01,HiTec_excess,-0.0382,0.00779472,0.00233919,0.00233919
1993-04-01,Telcm_excess,-0.0312,0.00600403,0.00971132,0.00971132
1993-04-01,Shops_excess,-0.0833,0.00755748,0.00937735,0.00937735
1993-04-01,Hlth_excess,0.0105,0.00790994,0.00369589,0.00369589
1993-04-01,Utils_excess,-0.0039,0.00612818,0.00219034,0.00219034
1993-04-01,Other_excess,-0.0352,0.00632516,0.00522914,0.00522914
1993-05-01,NoDur_excess,0.0245,0.00676055,0.00685716,0.00685716
1993-05-01,Durbl_excess,0.0088,0.00873103,0.01212654,0.01212654
1993-05-01,Manuf_excess,0.0212,0.00710377,0.0037761,0.0037761
1993-05-01,Enrgy_excess,0.016,0.00753857,0.00545627,0.00545627
1993-05-01,HiTec_excess,0.0852,0.00773693,0.00270621,0.00270621
1993-05-01,Telcm_excess,0.0394,0.00595729,0.00953008,0.00953008
1993-05-01,Shops_excess,0.0565,0.00744334,0.00918124,0.00918124
1993-05-01,Hlth_excess,0.0338,0.00791319,0.00424119,0.00424119
1993-05-01,Utils_excess,-0.0026,0.00611558,0.00242343,0.00242343
1993-05-01,Other_excess,0.0142,0.00627299,0.00571237,0.00571237
1993-06-01,NoDur_excess,-0.0094,0.00678281,0.00690458,0.00690458
1993-06-01,Durbl_excess,0.032,0.00873112,0.01188552,0.01188552
1993-06-01,Manuf_excess,-0.0052,0.00712146,0.00403201,0.00403201
1993-06-01,Enrgy_excess,-0.0136,0.00754918,0.00485256,0.00485256
1993-06-01,HiTec_excess,-0.0077,0.00783413,0.00346716,0.00346716
1993-06-01,Telcm_excess,0.0439,0.00599925,0.00989922,0.00989922
1993-06-01,Shops_excess,-0.0314,0.00750489,0.00959057,0.00959057
1993-06-01,Hlth_excess,-0.0323,0.00794567,0.00437384,0.00437384
1993-06-01,Utils_excess,0.0294,0.00610464,0.00208967,0.00208967
1993-06-01,Other_excess,0.0205,0.00628294,0.00561614,0.00561614
1993-07-01,NoDur_excess,-0.026,0.00676253,0.0056861,0.0056861
1993-07-01,Durbl_excess,0.0125,0.00876028,0.0097584,0.0097584
1993-07-01,Manuf_excess,-0.0035,0.00710602,0.00309911,0.00309911
1993-07-01,Enrgy_excess,0.0023,0.00752268,0.00392286,0.00392286
1993-07-01,HiTec_excess,-0.0408,0.00781466,0.00281893,0.00281893
1993-07-01,Telcm_excess,0.019,0.00604674,0.00939834,0.00939834
1993-07-01,Shops_excess,0.0049,0.00745614,0.0077171,0.0077171
1993-07-01,Hlth_excess,-0.0622,0.00789524,0.0037472,0.0037472
1993-07-01,Utils_excess,0.017,0.00613383,0.00224583,0.00224583
1993-07-01,Other_excess,0.0182,0.00630075,0.00448304,0.00448304
1993-08-01,NoDur_excess,0.0405,0.00672153,0.00531265,0.00531265
1993-08-01,Durbl_excess,0.0022,0.00876496,0.00962076,0.00962076
1993-08-01,Manuf_excess,0.0323,0.00709274,0.00312834,0.00312834
1993-08-01,Enrgy_excess,0.0403,0.00751615,0.0038506,0.0038506
1993-08-01,HiTec_excess,0.0632,0.00775382,0.00256598,0.00256598
1993-08-01,Telcm_excess,0.05,0.00606295,0.00934522,0.00934522
1993-08-01,Shops_excess,0.0368,0.00745294,0.00756693,0.00756693
1993-08-01,Hlth_excess,0.0278,0.00780751,0.00325401,0.00325401
1993-08-01,Utils_excess,0.0345,0.00614743,0.00239783,0.00239783
1993-08-01,Other_excess,0.0322,0.00631564,0.00452053,0.00452053
1993-09-01,NoDur_excess,-0.021,0.00676375,0.00451594,0.00451594
1993-09-01,Durbl_excess,0.0074,0.00875675,0.00762954,0.00762954
1993-09-01,Manuf_excess,-0.0215,0.00712425,0.00256298,0.00256298
1993-09-01,Enrgy_excess,0.0108,0.00755712,0.00300932,0.00300932
1993-09-01,HiTec_excess,0.0094,0.00782312,0.00238727,0.00238727
1993-09-01,Telcm_excess,-0.0074,0.00611787,0.009093,0.009093
1993-09-01,Shops_excess,-0.0064,0.00748962,0.00652417,0.00652417
1993-09-01,Hlth_excess,0.0058,0.0078325,0.00299391,0.00299391
1993-09-01,Utils_excess,-0.009,0.00618287,0.00217667,0.00217667
1993-09-01,Other_excess,0.0152,0.006348,0.00344716,0.00344716
1993-10-01,NoDur_excess,0.0582,0.00672909,0.004481,0.004481
1993-10-01,Durbl_excess,0.0751,0.00875506,0.00791578,0.00791578
1993-10-01,Manuf_excess,0.0286,0.00708851,0.00235219,0.00235219
1993-10-01,Enrgy_excess,-0.0219,0.00756117,0.00356821,0.00356821
1993-10-01,HiTec_excess,0.0143,0.00782509,0.0025355,0.0025355
1993-10-01,Telcm_excess,0.022,0.006101,0.00905547,0.00905547
1993-10-01,Shops_excess,0.0437,0.00747228,0.00660401,0.00660401
1993-10-01,Hlth_excess,0.0571,0.00782996,0.00310487,0.00310487
1993-10-01,Utils_excess,-0.0219,0.00616392,0.00226432,0.00226432
1993-10-01,Other_excess,-0.0255,0.00635905,0.00373715,0.00373715
1993-11-01,NoDur_excess,0.0044,0.00679327,0.00438305,0.00438305
1993-11-01,Durbl_excess,0.0042,0.00883778,0.00733183,0.00733183
1993-11-01,Manuf_excess,0.0109,0.00711534,0.00194209,0.00194209
1993-11-01,Enrgy_excess,-0.0624,0.00752444,0.00287069,0.00287069
1993-11-01,HiTec_excess,-0.0048,0.00783317,0.00210535,0.00210535
1993-11-01,Telcm_excess,-0.0621,0.00612082,0.00889563,0.00889563
1993-11-01,Shops_excess,0.0051,0.00751746,0.00622608,0.00622608
1993-11-01,Hlth_excess,0.0073,0.0078914,0.00321691,0.00321691
1993-11-01,Utils_excess,-0.0577,0.00612893,0.00185254,0.00185254
1993-11-01,Other_excess,-0.0308,0.00631933,0.00282739,0.00282739
1993-12-01,NoDur_excess,0.0124,0.00679029,0.00523601,0.00523601
1993-12-01,Durbl_excess,0.0421,0.008832,0.00889479,0.00889479
1993-12-01,Manuf_excess,0.0353,0.00712005,0.00279513,0.00279513
1993-12-01,Enrgy_excess,0.0037,0.00743736,0.00282206,0.00282206
1993-12-01,HiTec_excess,0.0272,0.00781743,0.00254116,0.00254116
1993-12-01,Telcm_excess,-0.0076,0.00603587,0.00887234,0.00887234
1993-12-01,Shops_excess,-0.0211,0.00751445,0.00726958,0.00726958
1993-12-01,Hlth_excess,0.0209,0.00789066,0.0035366,0.0035366
1993-12-01,Utils_excess,0.0138,0.00604944,0.00159908,0.00159908
1993-12-01,Other_excess,0.023,0.0062731,0.00357335,0.00357335
1994-01-01,NoDur_excess,-0.0066,0.00679726,0.00542589,0.00542589
1994-01-01,Durbl_excess,0.0692,0.00887338,0.00958729,0.00958729
1994-01-01,Manuf_excess,0.046,0.0071551,0.00323551,0.00323551
1994-01-01,Enrgy_excess,0.0463,0.00743271,0.00276612,0.00276612
1994-01-01,HiTec_excess,0.0437,0.00784154,0.00280732,0.00280732
1994-01-01,Telcm_excess,0.0192,0.00601891,0.00892102,0.00892102
1994-01-01,Shops_excess,0.0085,0.00747886,0.00728846,0.00728846
1994-01-01,Hlth_excess,0.0149,0.00790684,0.00365631,0.00365631
1994-01-01,Utils_excess,-0.0145,0.00605908,0.00161806,0.00161806
1994-01-01,Other_excess,0.0411,0.00629391,0.00390843,0.00390843
1994-02-01,NoDur_excess,-0.0148,0.00678062,0.00473056,0.00473056
1994-02-01,Durbl_excess,-0.0464,0.00894832,0.00914891,0.00914891
1994-02-01,Manuf_excess,-0.0088,0.00720335,0.00307452,0.00307452
1994-02-01,Enrgy_excess,-0.0317,0.00748099,0.00251525,0.00251525
1994-02-01,HiTec_excess,0.0151,0.00788609,0.0027074,0.0027074
1994-02-01,Telcm_excess,-0.0571,0.00603528,0.00880129,0.00880129
1994-02-01,Shops_excess,0.0167,0.00748012,0.00665692,0.00665692
1994-02-01,Hlth_excess,-0.0563,0.00791553,0.00341026,0.00341026
1994-02-01,Utils_excess,-0.0519,0.00603354,0.00115988,0.00115988
1994-02-01,Other_excess,-0.0406,0.00633714,0.00351092,0.00351092
1994-03-01,NoDur_excess,-0.0431,0.00675385,0.00530091,0.00530091
1994-03-01,Durbl_excess,-0.0675,0.00887965,0.0093929,0.0093929
1994-03-01,Manuf_excess,-0.0468,0.0071835,0.0030778,0.0030778
1994-03-01,Enrgy_excess,-0.0385,0.00743238,0.00307574,0.00307574
1994-03-01,HiTec_excess,-0.0407,0.00789504,0.00290649,0.00290649
1994-03-01,Telcm_excess,-0.0388,0.00595695,0.00849264,0.00849264
1994-03-01,Shops_excess,-0.0511,0.00749156,0.00736339,0.00736339
1994-03-01,Hlth_excess,-0.0702,0.00783586,0.00319384,0.00319384
1994-03-01,Utils_excess,-0.0421,0.00596166,0.00112981,0.00112981
1994-03-01,Other_excess,-0.0456,0.00627891,0.00381463,0.00381463
1994-04-01,NoDur_excess,0.0096,0.00669207,0.00582856,0.00582856
1994-04-01,Durbl_excess,-0.0086,0.00878501,0.00981451,0.00981451
1994-04-01,Manuf_excess,-0.0023,0.0071166,0.00305077,0.00305077
1994-04-01,Enrgy_excess,0.0392,0.00737546,0.00385305,0.00385305
1994-04-01,HiTec_excess,-0.018,0.00783482,0.00293035,0.00293035
1994-04-01,Telcm_excess,0.0132,0.00590149,0.00834656,0.00834656
1994-04-01,Shops_excess,-0.0006,0.00741896,0.00773005,0.00773005
1994-04-01,Hlth_excess,0.0198,0.00773916,0.0030413,0.0030413
1994-04-01,Utils_excess,0.0186,0.00590211,0.00134656,0.00134656
1994-04-01,Other_excess,0.011,0.00621462,0.00435157,0.00435157
1994-05-01,NoDur_excess,-0.0166,0.00669567,0.00585247,0.00585247
1994-05-01,Durbl_excess,-0.0295,0.00876349,0.00933501,0.00933501
1994-05-01,Manuf_excess,0.0173,0.00710495,0.00270363,0.00270363
1994-05-01,Enrgy_excess,0.0063,0.00741485,0.00395155,0.00395155
1994-05-01,HiTec_excess,0.0178,0.00780285,0.00238832,0.00238832
1994-05-01,Telcm_excess,0.0132,0.00591052,0.00840543,0.00840543
1994-05-01,Shops_excess,-0.0212,0.00740903,0.00755568,0.00755568
1994-05-01,Hlth_excess,0.04,0.00775408,0.00301487,0.00301487
1994-05-01,Utils_excess,-0.0567,0.00591782,0.00138929,0.00138929
1994-05-01,Other_excess,0.0273,0.00622054,0.00425123,0.00425123
1994-06-01,NoDur_excess,-0.0221,0.00666687,0.00500135,0.00500135
1994-06-01,Durbl_excess,-0.0373,0.00871619,0.00682366,0.00682366
1994-06-01,Manuf_excess,-0.0292,0.00711755,0.00179799,0.00179799
1994-06-01,Enrgy_excess,-0.0301,0.00741347,0.00304133,0.00304133
1994-06-01,HiTec_excess,-0.0546,0.0078152,0.00154864,0.00154864
1994-06-01,Telcm_excess,0.0031,0.00591953,0.00793027,0.00793027
1994-06-01,Shops_excess,-0.0294,0.00737367,0.00619259,0.00619259
1994-06-01,Hlth_excess,-0.0373,0.00779394,0.00295407,0.00295407
1994-06-01,Utils_excess,-0.0346,0.00584042,0.00072941,0.00072941
1994-06-01,Other_excess,-0.0292,0.0062466,0.00333367,0.00333367
1994-07-01,NoDur_excess,0.0264,0.00663136,0.00555973,0.00555973
1994-07-01,Durbl_excess,0.032,0.00865938,0.00791008,0.00791008
1994-07-01,Manuf_excess,0.0431,0.00707272,0.00234142,0.00234142
1994-07-01,Enrgy_excess,0.0297,0.00736716,0.00354011,0.00354011
1994-07-01,HiTec_excess,0.035,0.00773815,0.00176575,0.00176575
1994-07-01,Telcm_excess,0.0282,0.00591605,0.00822862,0.00822862
1994-07-01,Shops_excess,0.0066,0.00732827,0.00682937,0.00682937
1994-07-01,Hlth_excess,0.0082,0.00773827,0.00307415,0.00307415
1994-07-01,Utils_excess,0.0491,0.00579049,0.00081057,0.00081057
1994-07-01,Other_excess,0.0242,0.00620284,0.00405479,0.00405479
1994-08-01,NoDur_excess,0.0568,0.00665573,0.00451259,0.00451259
1994-08-01,Durbl_excess,-0.0041,0.00868816,0.00546241,0.00546241
1994-08-01,Manuf_excess,0.0436,0.00711714,0.00157691,0.00157691
1994-08-01,Enrgy_excess,-0.0047,0.0073947,0.00233393,0.00233393
1994-08-01,HiTec_excess,0.0882,0.00777176,0.00110787,0.00110787
1994-08-01,Telcm_excess,0.0065,0.00594353,0.00763948,0.00763948
1994-08-01,Shops_excess,0.0404,0.00732737,0.00527114,0.00527114
1994-08-01,Hlth_excess,0.105,0.00773884,0.00262087,0.00262087
1994-08-01,Utils_excess,0.0029,0.0058439,0.00083813,0.00083813
1994-08-01,Other_excess,0.0311,0.00622503,0.00260823,0.00260823
1994-09-01,NoDur_excess,-0.0069,0.00671749,0.00447802,0.00447802
1994-09-01,Durbl_excess,-0.0543,0.00867241,0.00455651,0.00455651
1994-09-01,Manuf_excess,-0.0202,0.00716207,0.00121099,0.00121099
1994-09-01,Enrgy_excess,-0.0247,0.0073798,0.00156873,0.00156873
1994-09-01,HiTec_excess,-0.0076,0.00787081,0.00095721,0.00095721
1994-09-01,Telcm_excess,-0.0152,0.00594421,0.00759463,0.00759463
1994-09-01,Shops_excess,-0.0269,0.0073681,0.00502878,0.00502878
1994-09-01,Hlth_excess,0.0134,0.00785862,0.00281394,0.00281394
1994-09-01,Utils_excess,-0.0316,0.00584027,0.0004253,0.0004253
1994-09-01,Other_excess,-0.0458,0.00625567,0.00219443,0.00219443
1994-10-01,NoDur_excess,0.0182,0.00670074,0.00523038,0.00523038
1994-10-01,Durbl_excess,-0.0212,0.00859496,0.00530333,0.00530333
1994-10-01,Manuf_excess,0.0019,0.00712841,0.00144611,0.00144611
1994-10-01,Enrgy_excess,0.0702,0.00734034,0.00229865,0.00229865
1994-10-01,HiTec_excess,0.0669,0.00785178,0.00122294,0.00122294
1994-10-01,Telcm_excess,-0.0051,0.0059182,0.00779831,0.00779831
1994-10-01,Shops_excess,0.0092,0.00732595,0.00564457,0.00564457
1994-10-01,Hlth_excess,0.0053,0.00786544,0.00322075,0.00322075
1994-10-01,Utils_excess,0.0121,0.00579422,0.00053587,0.00053587
1994-10-01,Other_excess,-0.0032,0.00619164,0.00275129,0.00275129
1994-11-01,NoDur_excess,-0.0204,0.00671486,0.00473304,0.00473304
1994-11-01,Durbl_excess,-0.0544,0.00855835,0.00340472,0.00340472
1994-11-01,Manuf_excess,-0.0571,0.00712199,0.0005802,0.0005802
1994-11-01,Enrgy_excess,-0.0523,0.00741757,0.00196312,0.00196312
1994-11-01,HiTec_excess,-0.0246,0.00792432,0.0008551,0.0008551
1994-11-01,Telcm_excess,-0.0579,0.00590467,0.00731165,0.00731165
1994-11-01,Shops_excess,-0.0379,0.00732826,0.00476811,0.00476811
1994-11-01,Hlth_excess,0.0006,0.00786229,0.00284331,0.00284331
1994-11-01,Utils_excess,-0.0009,0.00580197,0.0004262,0.0004262
1994-11-01,Other_excess,-0.0555,0.0061801,0.0017678,0.0017678
1994-12-01,NoDur_excess,0.0089,0.0066816,0.0044403,0.0044403
1994-12-01,Durbl_excess,0.0344,0.0084811,0.00196788,0.00196788
1994-12-01,Manuf_excess,0.0356,0.00704319,-2.276e-05,0.0
1994-12-01,Enrgy_excess,-0.0143,0.00734429,0.00172895,0.00172895
1994-12-01,HiTec_excess,0.0202,0.00788442,0.00056498,0.00056498
1994-12-01,Telcm_excess,0.0042,0.00582638,0.00641133,0.00641133
1994-12-01,Shops_excess,-0.0314,0.00727276,0.00402008,0.00402008
1994-12-01,Hlth_excess,0.0013,0.00785337,0.00306398,0.00306398
1994-12-01,Utils_excess,-0.0009,0.00579374,0.00095434,0.00095434
1994-12-01,Other_excess,0.0096,0.00610442,0.00112647,0.00112647
1995-01-01,NoDur_excess,0.0139,0.00668431,0.00363747,0.00363747
1995-01-01,Durbl_excess,-0.0617,0.00851287,1.895e-05,1.895e-05
1995-01-01,Manuf_excess,-0.0082,0.00707819,-0.00073645,0.0
1995-01-01,Enrgy_excess,-0.0005,0.00731777,0.00072905,0.00072905
1995-01-01,HiTec_excess,-0.0122,0.00789951,-0.00016984,0.0
1995-01-01,Telcm_excess,0.0374,0.00582439,0.00581974,0.00581974
1995-01-01,Shops_excess,0.0117,0.00722537,0.00266826,0.00266826
1995-01-01,Hlth_excess,0.0564,0.00784534,0.00270523,0.00270523
1995-01-01,Utils_excess,0.058,0.00578554,0.00085732,0.00085732
1995-01-01,Other_excess,0.0426,0.0061087,2.698e-05,2.698e-05
1995-02-01,NoDur_excess,0.0254,0.00669315,0.00276432,0.00276432
1995-02-01,Durbl_excess,0.0472,0.00842693,-0.00212837,0.0
1995-02-01,Manuf_excess,0.0514,0.00705949,-0.00164405,0.0
1995-02-01,Enrgy_excess,0.041,0.0073082,-0.00024189,0.0
1995-02-01,HiTec_excess,0.0626,0.00787491,-0.00100374,0.0
1995-02-01,Telcm_excess,0.0111,0.00586304,0.00547239,0.00547239
1995-02-01,Shops_excess,0.0226,0.00723084,0.00157981,0.00157981
1995-02-01,Hlth_excess,0.0192,0.00790477,0.00249626,0.00249626
1995-02-01,Utils_excess,0.0042,0.00584945,0.0008199,0.0008199
1995-02-01,Other_excess,0.0446,0.00615337,-0.00095185,0.0
1995-03-01,NoDur_excess,0.023,0.00671601,0.00182024,0.00182024
1995-03-01,Durbl_excess,0.0097,0.00847433,-0.00388979,0.0
1995-03-01,Manuf_excess,0.0305,0.00711369,-0.0023958,0.0
1995-03-01,Enrgy_excess,0.0482,0.00734939,-0.00118179,0.0
1995-03-01,HiTec_excess,0.0408,0.00794181,-0.00160804,0.0
1995-03-01,Telcm_excess,-0.0022,0.00586944,0.00500861,0.00500861
1995-03-01,Shops_excess,0.0316,0.00724963,0.00044008,0.00044008
1995-03-01,Hlth_excess,0.0231,0.00791858,0.00200948,0.00200948
1995-03-01,Utils_excess,-0.0221,0.00584743,0.00040532,0.00040532
1995-03-01,Other_excess,0.0144,0.00620037,-0.00206423,0.0
1995-04-01,NoDur_excess,0.0146,0.0067359,0.00161385,0.00161385
1995-04-01,Durbl_excess,0.01,0.00847582,-0.00423002,0.0
1995-04-01,Manuf_excess,0.0251,0.00714225,-0.00254431,0.0
1995-04-01,Enrgy_excess,0.0178,0.00739927,-0.0014265,0.0
1995-04-01,HiTec_excess,0.0779,0.00798193,-0.00172968,0.0
1995-04-01,Telcm_excess,0.0118,0.00585958,0.00495955,0.00495955
1995-04-01,Shops_excess,-0.0216,0.00727937,0.00028798,0.00028798
1995-04-01,Hlth_excess,0.0256,0.00793712,0.00182885,0.00182885
1995-04-01,Utils_excess,0.0194,0.00581331,-6.89e-06,0.0
1995-04-01,Other_excess,0.0133,0.00621038,-0.00236156,0.0
1995-05-01,NoDur_excess,0.0421,0.00674549,0.00134179,0.00134179
1995-05-01,Durbl_excess,0.0426,0.00847768,-0.004567,0.0
1995-05-01,Manuf_excess,0.0267,0.00716415,-0.00265954,0.0
1995-05-01,Enrgy_excess,0.0354,0.00741195,-0.00173949,0.0
1995-05-01,HiTec_excess,0.0238,0.0080672,-0.00158866,0.0
1995-05-01,Telcm_excess,0.0037,0.00586683,0.00493011,0.00493011
1995-05-01,Shops_excess,0.0213,0.00724415,-0.0001235,0.0
1995-05-01,Hlth_excess,0.0109,0.00795866,0.0017131,0.0017131
1995-05-01,Utils_excess,0.055,0.00582988,-0.00018006,0.0
1995-05-01,Other_excess,0.0392,0.00621902,-0.0026597,0.0
1995-06-01,NoDur_excess,0.0121,0.00678855,-0.00037663,0.0
1995-06-01,Durbl_excess,0.0028,0.00851924,-0.00784256,0.0
1995-06-01,Manuf_excess,0.0163,0.00718794,-0.00393659,0.0
1995-06-01,Enrgy_excess,-0.0354,0.00744604,-0.00326349,0.0
1995-06-01,HiTec_excess,0.0923,0.00808636,-0.00263367,0.0
1995-06-01,Telcm_excess,0.034,0.00586419,0.00383355,0.00383355
1995-06-01,Shops_excess,0.0447,0.00726127,-0.00224224,0.0
1995-06-01,Hlth_excess,0.0401,0.00796224,0.00106192,0.00106192
1995-06-01,Utils_excess,-0.0093,0.00588977,-0.00030656,0.0
1995-06-01,Other_excess,0.0175,0.0062592,-0.00470117,0.0
1995-07-01,NoDur_excess,0.007,0.00679501,-0.00013368,0.0
1995-07-01,Durbl_excess,0.0201,0.00851229,-0.00692587,0.0
1995-07-01,Manuf_excess,0.0318,0.00719903,-0.00337791,0.0
1995-07-01,Enrgy_excess,0.0184,0.00739392,-0.00346885,0.0
1995-07-01,HiTec_excess,0.0726,0.00818881,-0.0018209,0.0
1995-07-01,Telcm_excess,0.0462,0.00589842,0.00426456,0.00426456
1995-07-01,Shops_excess,0.0312,0.00730681,-0.0015897,0.0
1995-07-01,Hlth_excess,0.0502,0.00800134,0.00128152,0.00128152
1995-07-01,Utils_excess,-0.0082,0.00587129,-0.00051864,0.0
1995-07-01,Other_excess,0.043,0.00627287,-0.00423859,0.0
1995-08-01,NoDur_excess,0.0017,0.00679526,0.00027979,0.00027979
1995-08-01,Durbl_excess,0.0032,0.00852637,-0.00585243,0.0
1995-08-01,Manuf_excess,-0.0069,0.00722892,-0.00289942,0.0
1995-08-01,Enrgy_excess,-0.0205,0.00740729,-0.00341638,0.0
1995-08-01,HiTec_excess,-0.0042,0.00826707,-0.00130329,0.0
1995-08-01,Telcm_excess,0.0391,0.00594739,0.00492407,0.00492407
1995-08-01,Shops_excess,-0.0318,0.00733584,-0.00087208,0.0
1995-08-01,Hlth_excess,0.0056,0.00805261,0.00146241,0.00146241
1995-08-01,Utils_excess,0.0052,0.00585419,-0.00084234,0.0
1995-08-01,Other_excess,0.0325,0.0063175,-0.00355472,0.0
1995-09-01,NoDur_excess,0.063,0.00678908,-2.103e-05,0.0
1995-09-01,Durbl_excess,-0.0107,0.0085199,-0.00637071,0.0
1995-09-01,Manuf_excess,0.0179,0.00721177,-0.00310061,0.0
1995-09-01,Enrgy_excess,0.0086,0.00737342,-0.00363055,0.0
1995-09-01,HiTec_excess,0.0084,0.00825194,-0.00140982,0.0
1995-09-01,Telcm_excess,0.0532,0.00598762,0.00487505,0.00487505
1995-09-01,Shops_excess,0.0246,0.00728835,-0.00141004,0.0
1995-09-01,Hlth_excess,0.0695,0.00804964,0.00146526,0.00146526
1995-09-01,Utils_excess,0.0587,0.0058534,-0.00074993,0.0
1995-09-01,Other_excess,0.0404,0.00634927,-0.00368343,0.0
1995-10-01,NoDur_excess,0.0007,0.00685721,-3.734e-05,0.0
1995-10-01,Durbl_excess,-0.0537,0.00849661,-0.00677903,0.0
1995-10-01,Manuf_excess,-0.0312,0.00722473,-0.00324005,0.0
1995-10-01,Enrgy_excess,-0.0073,0.00737491,-0.00409912,0.0
1995-10-01,HiTec_excess,0.01,0.00825212,-0.00158033,0.0
1995-10-01,Telcm_excess,-0.0032,0.00604485,0.00516099,0.00516099
1995-10-01,Shops_excess,-0.0595,0.00730933,-0.00158765,0.0
1995-10-01,Hlth_excess,0.0056,0.00812412,0.00157513,0.00157513
1995-10-01,Utils_excess,0.0101,0.00591745,-0.00078694,0.0
1995-10-01,Other_excess,-0.0246,0.00639055,-0.00382706,0.0
1995-11-01,NoDur_excess,0.041,0.00684976,-0.00037299,0.0
1995-11-01,Durbl_excess,0.0508,0.00842131,-0.00767759,0.0
1995-11-01,Manuf_excess,0.06,0.00717821,-0.00350962,0.0
1995-11-01,Enrgy_excess,0.0437,0.00735714,-0.00431493,0.0
1995-11-01,HiTec_excess,-0.0086,0.00825424,-0.00156456,0.0
1995-11-01,Telcm_excess,0.0237,0.00603366,0.0048224,0.0048224
1995-11-01,Shops_excess,0.0572,0.00722845,-0.00232264,0.0
1995-11-01,Hlth_excess,0.0451,0.00812107,0.00160818,0.00160818
1995-11-01,Utils_excess,0.0116,0.00592252,-0.00061818,0.0
1995-11-01,Other_excess,0.0569,0.00635303,-0.0042995,0.0
1995-12-01,NoDur_excess,0.0102,0.00689105,-0.00090559,0.0
1995-12-01,Durbl_excess,0.0257,0.00847255,-0.00881159,0.0
1995-12-01,Manuf_excess,0.01,0.00724208,-0.00374492,0.0
1995-12-01,Enrgy_excess,0.0531,0.00740109,-0.0051606,0.0
1995-12-01,HiTec_excess,-0.0459,0.00823386,-0.00224596,0.0
1995-12-01,Telcm_excess,0.0363,0.00605502,0.00465036,0.00465036
1995-12-01,Shops_excess,-0.0133,0.00728888,-0.00287051,0.0
1995-12-01,Hlth_excess,0.054,0.00816578,0.00145657,0.00145657
1995-12-01,Utils_excess,0.0461,0.00592938,-0.00093821,0.0
1995-12-01,Other_excess,0.0056,0.00641415,-0.00489628,0.0
1996-01-01,NoDur_excess,0.0218,0.00689505,-0.00094017,0.0
1996-01-01,Durbl_excess,0.0304,0.00849336,-0.0083183,0.0
1996-01-01,Manuf_excess,0.0288,0.00724541,-0.00346561,0.0
1996-01-01,Enrgy_excess,-0.0084,0.00745628,-0.00481965,0.0
1996-01-01,HiTec_excess,0.0158,0.00816848,-0.00236491,0.0
1996-01-01,Telcm_excess,0.0185,0.00609155,0.00493459,0.00493459
1996-01-01,Shops_excess,-0.0073,0.00726401,-0.00292269,0.0
1996-01-01,Hlth_excess,0.0562,0.00822114,0.00183375,0.00183375
1996-01-01,Utils_excess,0.0143,0.0059779,-0.00071189,0.0
1996-01-01,Other_excess,0.0305,0.00641316,-0.00480608,0.0
1996-02-01,NoDur_excess,0.0283,0.00691303,-0.00062604,0.0
1996-02-01,Durbl_excess,0.0164,0.00851978,-0.00746686,0.0
1996-02-01,Manuf_excess,0.0051,0.00727141,-0.00310121,0.0
1996-02-01,Enrgy_excess,0.0063,0.00743715,-0.00487107,0.0
1996-02-01,HiTec_excess,0.0597,0.00817768,-0.00214666,0.0
1996-02-01,Telcm_excess,-0.0277,0.00610651,0.00532715,0.00532715
1996-02-01,Shops_excess,0.0402,0.00724644,-0.00269286,0.0
1996-02-01,Hlth_excess,-0.0151,0.00827901,0.00216477,0.00216477
1996-02-01,Utils_excess,-0.0306,0.00598794,-0.00084223,0.0
1996-02-01,Other_excess,0.0175,0.00644222,-0.00433344,0.0
1996-03-01,NoDur_excess,-0.0123,0.0069388,0.00092433,0.00092433
1996-03-01,Durbl_excess,0.0395,0.00852928,-0.00451496,0.0
1996-03-01,Manuf_excess,0.0304,0.0072688,-0.00208877,0.0
1996-03-01,Enrgy_excess,0.0462,0.00743578,-0.00360785,0.0
1996-03-01,HiTec_excess,-0.0372,0.00823976,-0.00087475,0.0
1996-03-01,Telcm_excess,-0.024,0.00606578,0.00599598,0.00599598
1996-03-01,Shops_excess,0.0558,0.00728614,-0.00070455,0.0
1996-03-01,Hlth_excess,-0.0018,0.00825084,0.00233217,0.00233217
1996-03-01,Utils_excess,-0.0091,0.00594386,-0.00104216,0.0
1996-03-01,Other_excess,0.0142,0.00645554,-0.00257462,0.0
1996-04-01,NoDur_excess,-0.0029,0.00691564,0.00123196,0.00123196
1996-04-01,Durbl_excess,0.0314,0.00856655,-0.00362872,0.0
1996-04-01,Manuf_excess,0.012,0.00729663,-0.0016348,0.0
1996-04-01,Enrgy_excess,0.0299,0.00748243,-0.00319178,0.0
1996-04-01,HiTec_excess,0.0922,0.00818508,-0.00107203,0.0
1996-04-01,Telcm_excess,0.0242,0.0060296,0.00603649,0.00603649
1996-04-01,Shops_excess,0.0381,0.00734452,0.00012544,0.00012544
1996-04-01,Hlth_excess,-0.0107,0.00823875,0.00233943,0.00233943
1996-04-01,Utils_excess,-0.0312,0.00592575,-0.0011117,0.0
1996-04-01,Other_excess,-0.0024,0.00646486,-0.00206699,0.0
1996-05-01,NoDur_excess,0.0613,0.00690385,0.00163842,0.00163842
1996-05-01,Durbl_excess,0.0182,0.00859399,-0.00250235,0.0
1996-05-01,Manuf_excess,0.0186,0.00730228,-0.0012569,0.0
1996-05-01,Enrgy_excess,0.001,0.00750938,-0.00275604,0.0
1996-05-01,HiTec_excess,0.0347,0.00828606,-0.00023729,0.0
1996-05-01,Telcm_excess,-0.0044,0.00605144,0.00652164,0.00652164
1996-05-01,Shops_excess,0.0397,0.00738149,0.00094242,0.00094242
1996-05-01,Hlth_excess,0.0349,0.00821599,0.00227458,0.00227458
1996-05-01,Utils_excess,0.009,0.00588113,-0.00142485,0.0
1996-05-01,Other_excess,0.0108,0.00645421,-0.00157925,0.0
1996-06-01,NoDur_excess,0.028,0.00696915,0.00201003,0.00201003
1996-06-01,Durbl_excess,-0.0523,0.00860552,-0.00258989,0.0
1996-06-01,Manuf_excess,-0.0083,0.00731585,-0.00133837,0.0
1996-06-01,Enrgy_excess,0.0057,0.00750156,-0.00300425,0.0
1996-06-01,HiTec_excess,-0.0515,0.00831777,-0.00022936,0.0
1996-06-01,Telcm_excess,0.0015,0.0060389,0.00649379,0.00649379
1996-06-01,Shops_excess,-0.0211,0.00742029,0.00111716,0.00111716
1996-06-01,Hlth_excess,-0.0065,0.00824802,0.00235025,0.00235025
1996-06-01,Utils_excess,0.0487,0.00588487,-0.00155512,0.0
1996-06-01,Other_excess,-0.0064,0.00645942,-0.00165566,0.0
1996-07-01,NoDur_excess,-0.045,0.00699436,0.00181442,0.00181442
1996-07-01,Durbl_excess,-0.0499,0.00853249,-0.00380837,0.0
1996-07-01,Manuf_excess,-0.0446,0.00729712,-0.0016728,0.0
1996-07-01,Enrgy_excess,-0.0508,0.0074994,-0.00329163,0.0
1996-07-01,HiTec_excess,-0.0785,0.00824604,-0.00086721,0.0
1996-07-01,Telcm_excess,-0.0894,0.00603345,0.00617544,0.00617544
1996-07-01,Shops_excess,-0.0807,0.00738609,0.00044987,0.00044987
1996-07-01,Hlth_excess,-0.067,0.00823034,0.00220044,0.00220044
1996-07-01,Utils_excess,-0.0626,0.00593621,-0.00116411,0.0
1996-07-01,Other_excess,-0.0469,0.006444,-0.00216347,0.0
1996-08-01,NoDur_excess,-0.0122,0.0069321,0.0019254,0.0019254
1996-08-01,Durbl_excess,0.026,0.00846251,-0.00346434,0.0
1996-08-01,Manuf_excess,0.0275,0.00723497,-0.00152914,0.0
1996-08-01,Enrgy_excess,0.0253,0.00742958,-0.00277154,0.0
1996-08-01,HiTec_excess,0.0399,0.00814216,-0.00092846,0.0
1996-08-01,Telcm_excess,-0.0173,0.00591916,0.00547061,0.00547061
1996-08-01,Shops_excess,0.0566,0.0072806,0.00033765,0.00033765
1996-08-01,Hlth_excess,0.039,0.00814024,0.00212702,0.00212702
1996-08-01,Utils_excess,0.0248,0.00585413,-0.00101754,0.0
1996-08-01,Other_excess,0.035,0.00638012,-0.00189538,0.0
1996-09-01,NoDur_excess,0.0331,0.00690921,0.00240267,0.00240267
1996-09-01,Durbl_excess,0.0093,0.00848349,-0.00198737,0.0
1996-09-01,Manuf_excess,0.057,0.00725921,-0.00084433,0.0
1996-09-01,Enrgy_excess,0.0357,0.00745096,-0.00226106,0.0
1996-09-01,HiTec_excess,0.1021,0.00818014,-0.00030651,0.0
1996-09-01,Telcm_excess,0.0118,0.00589139,0.00576365,0.00576365
1996-09-01,Shops_excess,0.0324,0.00733959,0.00145587,0.00145587
1996-09-01,Hlth_excess,0.0692,0.00817715,0.00245441,0.00245441
1996-09-01,Utils_excess,0.0024,0.00587679,-0.00094202,0.0
1996-09-01,Other_excess,0.0465,0.00641435,-0.00096172,0.0
1996-10-01,NoDur_excess,0.0113,0.0069405,0.00162508,0.00162508
1996-10-01,Durbl_excess,0.028,0.00848447,-0.00379771,0.0
1996-10-01,Manuf_excess,0.0122,0.00731864,-0.00135709,0.0
1996-10-01,Enrgy_excess,0.0554,0.00748471,-0.00313221,0.0
1996-10-01,HiTec_excess,-0.0234,0.00829235,-0.00041929,0.0
1996-10-01,Telcm_excess,-0.0073,0.00589845,0.00536628,0.00536628
1996-10-01,Shops_excess,-0.0271,0.00736953,0.00049325,0.00049325
1996-10-01,Hlth_excess,-0.0127,0.00825006,0.00242505,0.00242505
1996-10-01,Utils_excess,0.0319,0.00587264,-0.00139473,0.0
1996-10-01,Other_excess,0.0352,0.00646225,-0.00186304,0.0
1996-11-01,NoDur_excess,0.0475,0.0069457,0.00097283,0.00097283
1996-11-01,Durbl_excess,0.0563,0.00850776,-0.00469721,0.0
1996-11-01,Manuf_excess,0.0567,0.00732446,-0.00168181,0.0
1996-11-01,Enrgy_excess,0.0513,0.00754189,-0.00333503,0.0
1996-11-01,HiTec_excess,0.1152,0.00825453,-0.00091184,0.0
1996-11-01,Telcm_excess,0.0508,0.0058827,0.00492062,0.00492062
1996-11-01,Shops_excess,0.027,0.0073284,-0.00049022,0.0
1996-11-01,Hlth_excess,0.062,0.00822506,0.00209777,0.00209777
1996-11-01,Utils_excess,0.0219,0.0059037,-0.00136241,0.0
1996-11-01,Other_excess,0.0704,0.00649654,-0.00236585,0.0
1996-12-01,NoDur_excess,0.0004,0.00699404,0.00018072,0.00018072
1996-12-01,Durbl_excess,-0.0272,0.00856472,-0.0063243,0.0
1996-12-01,Manuf_excess,-0.0082,0.00738331,-0.00214376,0.0
1996-12-01,Enrgy_excess,0.0033,0.00759404,-0.00446727,0.0
1996-12-01,HiTec_excess,-0.032,0.008382,-0.00091045,0.0
1996-12-01,Telcm_excess,0.0244,0.00593623,0.0048359,0.0048359
1996-12-01,Shops_excess,-0.0389,0.00735185,-0.00162248,0.0
1996-12-01,Hlth_excess,-0.0308,0.00828915,0.00197065,0.00197065
1996-12-01,Utils_excess,-0.0033,0.00592277,-0.00185587,0.0
1996-12-01,Other_excess,-0.0227,0.00657271,-0.00318487,0.0
1997-01-01,NoDur_excess,0.053,0.00698619,0.00125901,0.00125901
1997-01-01,Durbl_excess,0.0254,0.00852214,-0.00432875,0.0
1997-01-01,Manuf_excess,0.0373,0.00736476,-0.00131051,0.0
1997-01-01,Enrgy_excess,0.039,0.00758893,-0.00324487,0.0
1997-01-01,HiTec_excess,0.0885,0.00833393,-0.0003865,0.0
1997-01-01,Telcm_excess,0.0184,0.00595821,0.00559254,0.00559254
1997-01-01,Shops_excess,-0.0035,0.00729679,-0.00061294,0.0
1997-01-01,Hlth_excess,0.0912,0.00824262,0.0020876,0.0020876
1997-01-01,Utils_excess,0.0047,0.00591179,-0.00157577,0.0
1997-01-01,Other_excess,0.0555,0.00653786,-0.00203783,0.0
1997-02-01,NoDur_excess,0.0376,0.0070409,0.00137091,0.00137091
1997-02-01,Durbl_excess,0.0016,0.00854221,-0.0049159,0.0
1997-02-01,Manuf_excess,0.0028,0.00740036,-0.00156256,0.0
1997-02-01,Enrgy_excess,-0.0613,0.00762628,-0.003709,0.0
1997-02-01,HiTec_excess,-0.0781,0.00842925,-0.0002496,0.0
1997-02-01,Telcm_excess,0.0218,0.00597301,0.0057341,0.0057341
1997-02-01,Shops_excess,0.0277,0.00728395,-0.00114207,0.0
1997-02-01,Hlth_excess,0.0054,0.00834126,0.00241528,0.00241528
1997-02-01,Utils_excess,-0.0096,0.00591034,-0.00209576,0.0
1997-02-01,Other_excess,0.0218,0.00659608,-0.00209324,0.0
1997-03-01,NoDur_excess,-0.0567,0.0070772,0.00172753,0.00172753
1997-03-01,Durbl_excess,-0.0375,0.00853397,-0.00485154,0.0
1997-03-01,Manuf_excess,-0.0407,0.00739489,-0.00163475,0.0
1997-03-01,Enrgy_excess,0.048,0.00754442,-0.0041237,0.0
1997-03-01,HiTec_excess,-0.0609,0.00832648,-0.00101806,0.0
1997-03-01,Telcm_excess,-0.0826,0.00599181,0.00590396,0.00590396
1997-03-01,Shops_excess,-0.0188,0.00730819,-0.00087061,0.0
1997-03-01,Hlth_excess,-0.0791,0.00833777,0.0024137,0.0024137
1997-03-01,Utils_excess,-0.0322,0.00589192,-0.0021898,0.0
1997-03-01,Other_excess,-0.0625,0.00661413,-0.00187265,0.0
1997-04-01,NoDur_excess,0.0488,0.00700154,0.00191201,0.00191201
1997-04-01,Durbl_excess,0.0338,0.00847936,-0.00407686,0.0
1997-04-01,Manuf_excess,0.0494,0.00733784,-0.00156233,0.0
1997-04-01,Enrgy_excess,-0.004,0.00759241,-0.00276568,0.0
1997-04-01,HiTec_excess,0.0725,0.00824437,-0.00114046,0.0
1997-04-01,Telcm_excess,0.0206,0.00588671,0.00533462,0.00533462
1997-04-01,Shops_excess,0.0168,0.00727722,-0.00024165,0.0
1997-04-01,Hlth_excess,0.0564,0.00823405,0.00201298,0.00201298
1997-04-01,Utils_excess,-0.0182,0.00584674,-0.0019825,0.0
1997-04-01,Other_excess,0.0467,0.00653215,-0.00164382,0.0
1997-05-01,NoDur_excess,0.0544,0.00705107,0.00144687,0.00144687
1997-05-01,Durbl_excess,0.0581,0.00850936,-0.00541099,0.0
1997-05-01,Manuf_excess,0.0733,0.00738768,-0.00192118,0.0
1997-05-01,Enrgy_excess,0.0683,0.00757867,-0.00389859,0.0
1997-05-01,HiTec_excess,0.0969,0.0083205,-0.00128695,0.0
1997-05-01,Telcm_excess,0.0607,0.00590415,0.00512641,0.00512641
1997-05-01,Shops_excess,0.0554,0.00728851,-0.0011737,0.0
1997-05-01,Hlth_excess,0.0652,0.00829111,0.00198011,0.00198011
1997-05-01,Utils_excess,0.0314,0.00581825,-0.00269889,0.0
1997-05-01,Other_excess,0.0554,0.00657974,-0.00231212,0.0
1997-06-01,NoDur_excess,0.0321,0.0071071,0.00174679,0.00174679
1997-06-01,Durbl_excess,0.0298,0.00856805,-0.00497794,0.0
1997-06-01,Manuf_excess,0.0483,0.00746568,-0.00130672,0.0
1997-06-01,Enrgy_excess,0.0091,0.00765053,-0.00383516,0.0
1997-06-01,HiTec_excess,0.0106,0.00842533,-0.0005493,0.0
1997-06-01,Telcm_excess,0.0309,0.00596899,0.00576492,0.00576492
1997-06-01,Shops_excess,0.0473,0.00734544,-0.00084445,0.0
1997-06-01,Hlth_excess,0.085,0.00835846,0.00232105,0.00232105
1997-06-01,Utils_excess,0.0277,0.00584852,-0.00293438,0.0
1997-06-01,Other_excess,0.0483,0.00663751,-0.00198962,0.0
1997-07-01,NoDur_excess,0.0291,0.00713664,0.00174446,0.00174446
1997-07-01,Durbl_excess,0.0703,0.00859314,-0.00502602,0.0
1997-07-01,Manuf_excess,0.0675,0.00751395,-0.00095852,0.0
1997-07-01,Enrgy_excess,0.07,0.00765225,-0.00419665,0.0
1997-07-01,HiTec_excess,0.1554,0.0084279,-0.00061238,0.0
1997-07-01,Telcm_excess,0.0182,0.00599846,0.00601414,0.00601414
1997-07-01,Shops_excess,0.0737,0.00739267,-0.00068173,0.0
1997-07-01,Hlth_excess,0.0167,0.00844905,0.00301026,0.00301026
1997-07-01,Utils_excess,0.024,0.00587435,-0.00300438,0.0
1997-07-01,Other_excess,0.088,0.00668676,-0.00180137,0.0
1997-08-01,NoDur_excess,-0.0682,0.00716257,0.00032734,0.00032734
1997-08-01,Durbl_excess,0.0082,0.008666,-0.00761155,0.0
1997-08-01,Manuf_excess,-0.0582,0.00758477,-0.00150418,0.0
1997-08-01,Enrgy_excess,-0.0012,0.00772586,-0.00537038,0.0
1997-08-01,HiTec_excess,-0.018,0.00860142,-3.964e-05,0.0
1997-08-01,Telcm_excess,-0.0282,0.00601287,0.00532708,0.00532708
1997-08-01,Shops_excess,-0.0293,0.00747096,-0.00196645,0.0
1997-08-01,Hlth_excess,-0.0651,0.0084588,0.0025045,0.0025045
1997-08-01,Utils_excess,-0.0157,0.00589575,-0.00340468,0.0
1997-08-01,Other_excess,-0.0513,0.00678276,-0.00284982,0.0
1997-09-01,NoDur_excess,0.051,0.0070737,0.00038834,0.00038834
1997-09-01,Durbl_excess,0.0475,0.00866545,-0.00591035,0.0
1997-09-01,Manuf_excess,0.0295,0.00750719,-0.00170446,0.0
1997-09-01,Enrgy_excess,0.0581,0.00771533,-0.00413746,0.0
1997-09-01,HiTec_excess,0.0299,0.00857005,0.00018765,0.00018765
1997-09-01,Telcm_excess,0.0921,0.00597252,0.00521152,0.00521152
1997-09-01,Shops_excess,0.0486,0.00742759,-0.00129133,0.0
1997-09-01,Hlth_excess,0.0617,0.00837205,0.00203234,0.00203234
1997-09-01,Utils_excess,0.0418,0.00587028,-0.0029625,0.0
1997-09-01,Other_excess,0.0756,0.00671427,-0.00247146,0.0
1997-10-01,NoDur_excess,-0.0357,0.00712544,0.00039143,0.00039143
1997-10-01,Durbl_excess,-0.0379,0.00871119,-0.00603104,0.0
1997-10-01,Manuf_excess,-0.0626,0.0075331,-0.00172879,0.0
1997-10-01,Enrgy_excess,-0.0244,0.00777468,-0.00393861,0.0
1997-10-01,HiTec_excess,-0.087,0.00859517,0.0003165,0.0003165
1997-10-01,Telcm_excess,0.0246,0.00607397,0.00609258,0.00609258
1997-10-01,Shops_excess,-0.0239,0.00747609,-0.00130062,0.0
1997-10-01,Hlth_excess,-0.0033,0.00843486,0.00245248,0.00245248
1997-10-01,Utils_excess,0.0047,0.0059126,-0.00289051,0.0
1997-10-01,Other_excess,-0.0322,0.00679541,-0.00213642,0.0
1997-11-01,NoDur_excess,0.0607,0.00707506,-0.0003751,0.0
1997-11-01,Durbl_excess,-0.0181,0.00865635,-0.00704399,0.0
1997-11-01,Manuf_excess,0.0383,0.00745059,-0.0025564,0.0
1997-11-01,Enrgy_excess,-0.0387,0.00773682,-0.00418015,0.0
1997-11-01,HiTec_excess,0.0105,0.00848271,-0.00077383,0.0
1997-11-01,Telcm_excess,0.1029,0.00609576,0.00591417,0.00591417
1997-11-01,Shops_excess,0.0492,0.00743918,-0.0019702,0.0
1997-11-01,Hlth_excess,0.0238,0.00842106,0.00246893,0.00246893
1997-11-01,Utils_excess,0.0679,0.00591118,-0.00244882,0.0
1997-11-01,Other_excess,0.0254,0.00674953,-0.00285893,0.0
1997-12-01,NoDur_excess,0.0329,0.00713807,-0.00046688,0.0
1997-12-01,Durbl_excess,0.0315,0.00862491,-0.00898478,0.0
1997-12-01,Manuf_excess,-0.0076,0.00748684,-0.00294813,0.0
1997-12-01,Enrgy_excess,-0.0194,0.00768226,-0.00560034,0.0
1997-12-01,HiTec_excess,-0.047,0.00848508,-0.00144915,0.0
1997-12-01,Telcm_excess,0.0368,0.00620952,0.0067513,0.0067513
1997-12-01,Shops_excess,-0.0063,0.00748825,-0.00241796,0.0
1997-12-01,Hlth_excess,0.0304,0.00843913,0.00230799,0.00230799
1997-12-01,Utils_excess,0.0753,0.00598402,-0.00198336,0.0
1997-12-01,Other_excess,0.0471,0.00677145,-0.00357553,0.0
1998-01-01,NoDur_excess,-0.0316,0.00716831,-0.000371,0.0
1998-01-01,Durbl_excess,0.0006,0.00865176,-0.00909764,0.0
1998-01-01,Manuf_excess,0.0026,0.00746913,-0.00323394,0.0
1998-01-01,Enrgy_excess,-0.0609,0.00765047,-0.00617773,0.0
1998-01-01,HiTec_excess,0.0482,0.00841995,-0.00225721,0.0
1998-01-01,Telcm_excess,0.0466,0.00624542,0.00701446,0.00701446
1998-01-01,Shops_excess,0.0047,0.00747207,-0.0028587,0.0
1998-01-01,Hlth_excess,0.0523,0.00846491,0.00255857,0.00255857
1998-01-01,Utils_excess,-0.0481,0.00606538,-0.0010724,0.0
1998-01-01,Other_excess,-0.0239,0.00681878,-0.00330242,0.0
1998-02-01,NoDur_excess,0.0457,0.00712286,-0.00081798,0.0
1998-02-01,Durbl_excess,0.119,0.00864232,-0.00876858,0.0
1998-02-01,Manuf_excess,0.067,0.00746342,-0.00297501,0.0
1998-02-01,Enrgy_excess,0.064,0.00757011,-0.00695439,0.0
1998-02-01,HiTec_excess,0.0995,0.00846659,-0.00142946,0.0
1998-02-01,Telcm_excess,0.0202,0.00629273,0.00760493,0.00760493
1998-02-01,Shops_excess,0.0999,0.00746882,-0.00270358,0.0
1998-02-01,Hlth_excess,0.0514,0.0085163,0.00326771,0.00326771
1998-02-01,Utils_excess,0.0225,0.00600188,-0.00171876,0.0
1998-02-01,Other_excess,0.0781,0.00678277,-0.00350425,0.0
1998-03-01,NoDur_excess,0.0549,0.00716803,-0.00038311,0.0
1998-03-01,Durbl_excess,0.0579,0.00877155,-0.00743347,0.0
1998-03-01,Manuf_excess,0.0442,0.00753314,-0.00231421,0.0
1998-03-01,Enrgy_excess,0.0441,0.00763618,-0.00678614,0.0
1998-03-01,HiTec_excess,0.0092,0.00857319,-0.00040493,0.0
1998-03-01,Telcm_excess,0.097,0.00630902,0.00809005,0.00809005
1998-03-01,Shops_excess,0.064,0.00757705,-0.00151354,0.0
1998-03-01,Hlth_excess,0.0319,0.00856651,0.0037048,0.0037048
1998-03-01,Utils_excess,0.0631,0.00602119,-0.00188623,0.0
1998-03-01,Other_excess,0.0551,0.00686628,-0.00263238,0.0
1998-04-01,NoDur_excess,-0.0367,0.00722386,0.0004941,0.0004941
1998-04-01,Durbl_excess,0.0137,0.00882901,-0.00618862,0.0
1998-04-01,Manuf_excess,0.0079,0.00757602,-0.00150061,0.0
1998-04-01,Enrgy_excess,0.0331,0.00767883,-0.00641064,0.0
1998-04-01,HiTec_excess,0.0475,0.00857392,-0.00023732,0.0
1998-04-01,Telcm_excess,-0.0364,0.00641509,0.00981309,0.00981309
1998-04-01,Shops_excess,-0.0106,0.00764304,-0.00036761,0.0
1998-04-01,Hlth_excess,0.0148,0.0085938,0.00409234,0.00409234
1998-04-01,Utils_excess,-0.0292,0.00608795,-0.00120575,0.0
1998-04-01,Other_excess,0.0158,0.00692269,-0.00163192,0.0
1998-05-01,NoDur_excess,0.007,0.00717255,0.00020381,0.00020381
1998-05-01,Durbl_excess,0.0575,0.0088347,-0.00508999,0.0
1998-05-01,Manuf_excess,-0.0289,0.0075764,-0.00091867,0.0
1998-05-01,Enrgy_excess,-0.0467,0.00770853,-0.00562162,0.0
1998-05-01,HiTec_excess,-0.0744,0.00861939,0.00085162,0.00085162
1998-05-01,Telcm_excess,-0.0222,0.00636507,0.00931559,0.00931559
1998-05-01,Shops_excess,0.0172,0.00762173,-8.262e-05,0.0
1998-05-01,Hlth_excess,-0.029,0.00860105,0.00439419,0.00439419
1998-05-01,Utils_excess,-0.0149,0.00604673,-0.00164601,0.0
1998-05-01,Other_excess,-0.0348,0.00693306,-0.00091374,0.0
1998-06-01,NoDur_excess,0.0373,0.00717235,-1.52e-05,0.0
1998-06-01,Durbl_excess,0.0071,0.00889148,-0.00489569,0.0
1998-06-01,Manuf_excess,-0.0115,0.00753384,-0.00169925,0.0
1998-06-01,Enrgy_excess,-0.0165,0.00764504,-0.00624486,0.0
1998-06-01,HiTec_excess,0.0833,0.00852252,-0.00054111,0.0
1998-06-01,Telcm_excess,0.0252,0.00633174,0.0084291,0.0084291
1998-06-01,Shops_excess,0.0485,0.00763291,-0.00028753,0.0
1998-06-01,Hlth_excess,0.0579,0.00855718,0.00381625,0.00381625
1998-06-01,Utils_excess,0.0259,0.00602229,-0.0016794,0.0
1998-06-01,Other_excess,0.027,0.00688436,-0.00189033,0.0
1998-07-01,NoDur_excess,-0.0454,0.00720746,9.381e-05,9.381e-05
1998-07-01,Durbl_excess,-0.0144,0.00888939,-0.00544324,0.0
1998-07-01,Manuf_excess,-0.0616,0.00751166,-0.00219323,0.0
1998-07-01,Enrgy_excess,-0.0689,0.0076169,-0.00699092,0.0
1998-07-01,HiTec_excess,0.0012,0.00860967,0.00046727,0.00046727
1998-07-01,Telcm_excess,0.0342,0.00635373,0.00863096,0.00863096
1998-07-01,Shops_excess,-0.0332,0.00768054,-4.87e-06,0.0
1998-07-01,Hlth_excess,-0.0066,0.00861469,0.00451476,0.00451476
1998-07-01,Utils_excess,-0.0581,0.00604545,-0.00146168,0.0
1998-07-01,Other_excess,-0.0213,0.00690781,-0.00193103,0.0
1998-08-01,NoDur_excess,-0.1353,0.00714622,-0.00035542,0.0
1998-08-01,Durbl_excess,-0.1939,0.00886228,-0.0051088,0.0
1998-08-01,Manuf_excess,-0.1474,0.0074312,-0.00290775,0.0
1998-08-01,Enrgy_excess,-0.1082,0.00752782,-0.00759944,0.0
1998-08-01,HiTec_excess,-0.1811,0.00860105,0.00064977,0.00064977
1998-08-01,Telcm_excess,-0.1279,0.00638615,0.00908221,0.00908221
1998-08-01,Shops_excess,-0.1463,0.00763295,-0.00024561,0.0
1998-08-01,Hlth_excess,-0.128,0.00859697,0.00440838,0.00440838
1998-08-01,Utils_excess,0.0153,0.00597078,-0.00225471,0.0
1998-08-01,Other_excess,-0.2186,0.00687497,-0.00194109,0.0
1998-09-01,NoDur_excess,0.008,0.00698058,-0.00201871,0.0
1998-09-01,Durbl_excess,0.0034,0.00862651,-0.00762299,0.0
1998-09-01,Manuf_excess,0.002,0.00725116,-0.00424925,0.0
1998-09-01,Enrgy_excess,0.1249,0.00739326,-0.00729358,0.0
1998-09-01,HiTec_excess,0.1469,0.00838047,-0.00125726,0.0
1998-09-01,Telcm_excess,0.0981,0.00623,0.00621204,0.00621204
1998-09-01,Shops_excess,0.0102,0.00745395,-0.00227378,0.0
1998-09-01,Hlth_excess,0.1163,0.00843814,0.00303215,0.00303215
1998-09-01,Utils_excess,0.0771,0.00598163,-0.00077144,0.0
1998-09-01,Other_excess,0.0254,0.00661279,-0.00472024,0.0
1998-10-01,NoDur_excess,0.1067,0.00698177,-0.00218719,0.0
1998-10-01,Durbl_excess,0.1031,0.00862044,-0.00705545,0.0
1998-10-01,Manuf_excess,0.1095,0.00724506,-0.00394331,0.0
1998-10-01,Enrgy_excess,0.0084,0.00752973,-0.00638256,0.0
1998-10-01,HiTec_excess,0.0589,0.00854135,0.00081596,0.00081596
1998-10-01,Telcm_excess,0.0642,0.0063367,0.00767112,0.00767112
1998-10-01,Shops_excess,0.1037,0.00745714,-0.00203694,0.0
1998-10-01,Hlth_excess,0.0351,0.00856341,0.00443287,0.00443287
1998-10-01,Utils_excess,-0.0209,0.00606423,-0.00012835,0.0
1998-10-01,Other_excess,0.0802,0.00663461,-0.00438484,0.0
1998-11-01,NoDur_excess,0.061,0.00709745,0.0009436,0.0009436
1998-11-01,Durbl_excess,0.0493,0.00873005,-0.00095075,0.0
1998-11-01,Manuf_excess,0.0321,0.00736369,-0.00032401,0.0
1998-11-01,Enrgy_excess,0.003,0.00753074,-0.00545497,0.0
1998-11-01,HiTec_excess,0.1135,0.00859977,0.00331619,0.00331619
1998-11-01,Telcm_excess,0.0335,0.00640383,0.01012844,0.01012844
1998-11-01,Shops_excess,0.0915,0.00756879,0.00196554,0.00196554
1998-11-01,Hlth_excess,0.0588,0.0085942,0.00537284,0.00537284
1998-11-01,Utils_excess,0.0102,0.00603295,-0.0008758,0.0
1998-11-01,Other_excess,0.0574,0.00671995,-0.00082044,0.0
1998-12-01,NoDur_excess,-0.0005,0.00715991,0.00105843,0.00105843
1998-12-01,Durbl_excess,0.0336,0.00877706,-0.0020667,0.0
1998-12-01,Manuf_excess,0.0201,0.00739235,-0.00061314,0.0
1998-12-01,Enrgy_excess,-0.0162,0.00752549,-0.00716663,0.0
1998-12-01,HiTec_excess,0.1477,0.00872132,0.00429,0.00429
1998-12-01,Telcm_excess,0.1401,0.00643523,0.01048383,0.01048383
1998-12-01,Shops_excess,0.0884,0.00766605,0.00244171,0.00244171
1998-12-01,Hlth_excess,0.0456,0.00865238,0.00598592,0.00598592
1998-12-01,Utils_excess,0.0248,0.00603778,-0.00098289,0.0
1998-12-01,Other_excess,0.0301,0.00677868,-0.00105011,0.0
1999-01-01,NoDur_excess,-0.0382,0.00715104,0.00124978,0.00124978
1999-01-01,Durbl_excess,0.0455,0.00880579,-0.00072208,0.0
1999-01-01,Manuf_excess,0.0024,0.00740706,7.862e-05,7.862e-05
1999-01-01,Enrgy_excess,-0.0532,0.00749803,-0.00790619,0.0
1999-01-01,HiTec_excess,0.1472,0.00888218,0.0072256,0.0072256
1999-01-01,Telcm_excess,0.0878,0.00658993,0.01345953,0.01345953
1999-01-01,Shops_excess,0.0183,0.00775949,0.00451971,0.00451971
1999-01-01,Hlth_excess,-0.0007,0.00869514,0.00681009,0.00681009
1999-01-01,Utils_excess,-0.066,0.00605949,-0.00081159,0.0
1999-01-01,Other_excess,0.0062,0.00680567,-0.000157,0.0
1999-02-01,NoDur_excess,-0.0434,0.00709861,0.00041459,0.00041459
1999-02-01,Durbl_excess,-0.0485,0.00884821,0.00038093,0.00038093
1999-02-01,Manuf_excess,-0.0248,0.00740127,0.00022348,0.00022348
1999-02-01,Enrgy_excess,-0.0361,0.00742786,-0.00926631,0.0
1999-02-01,HiTec_excess,-0.1192,0.00904208,0.01026974,0.01026974
1999-02-01,Telcm_excess,-0.0324,0.00668382,0.01531421,0.01531421
1999-02-01,Shops_excess,-0.0169,0.00777168,0.00497433,0.00497433
1999-02-01,Hlth_excess,-0.0018,0.00868428,0.00673255,0.00673255
1999-02-01,Utils_excess,-0.0398,0.00597618,-0.00228239,0.0
1999-02-01,Other_excess,-0.0034,0.00680497,2.77e-06,2.77e-06
1999-03-01,NoDur_excess,-0.0246,0.0070403,0.00048143,0.00048143
1999-03-01,Durbl_excess,-0.008,0.00878199,0.00043474,0.00043474
1999-03-01,Manuf_excess,0.0443,0.00736409,1.71e-05,1.71e-05
1999-03-01,Enrgy_excess,0.1485,0.0073776,-0.00860486,0.0
1999-03-01,HiTec_excess,0.0804,0.008894,0.00741327,0.00741327
1999-03-01,Telcm_excess,-0.0111,0.00663868,0.01420779,0.01420779
1999-03-01,Shops_excess,0.0227,0.00774319,0.00509614,0.00509614
1999-03-01,Hlth_excess,0.0208,0.00867217,0.00648887,0.00648887
1999-03-01,Utils_excess,-0.0207,0.00592333,-0.00281634,0.0
1999-03-01,Other_excess,0.0199,0.00679319,0.0006996,0.0006996
1999-04-01,NoDur_excess,0.0354,0.00700381,-0.00025484,0.0
1999-04-01,Durbl_excess,0.0904,0.00876263,-0.00034935,0.0
1999-04-01,Manuf_excess,0.0908,0.00740669,0.00025046,0.00025046
1999-04-01,Enrgy_excess,0.154,0.00754037,-0.00616086,0.0
1999-04-01,HiTec_excess,0.0189,0.00897647,0.00835923,0.00835923
1999-04-01,Telcm_excess,0.0738,0.00661822,0.01378947,0.01378947
1999-04-01,Shops_excess,0.0001,0.00776044,0.00504202,0.00504202
1999-04-01,Hlth_excess,-0.059,0.00868616,0.00653406,0.00653406
1999-04-01,Utils_excess,0.0698,0.00589262,-0.00341182,0.0
1999-04-01,Other_excess,0.0634,0.0068083,0.00063097,0.00063097
1999-05-01,NoDur_excess,0.0103,0.00703652,0.00029203,0.00029203
1999-05-01,Durbl_excess,-0.0481,0.00885668,0.00132186,0.00132186
1999-05-01,Manuf_excess,-0.0364,0.00750276,0.00166496,0.00166496
1999-05-01,Enrgy_excess,-0.0344,0.0077091,-0.00339099,0.0
1999-05-01,HiTec_excess,-0.0117,0.0089879,0.00855805,0.00855805
1999-05-01,Telcm_excess,0.0032,0.00669562,0.0150616,0.0150616
1999-05-01,Shops_excess,-0.0332,0.00775161,0.00496836,0.00496836
1999-05-01,Hlth_excess,-0.0237,0.00860818,0.00528615,0.00528615
1999-05-01,Utils_excess,0.0639,0.00596624,-0.00242891,0.0
1999-05-01,Other_excess,-0.0423,0.0068735,0.00170366,0.00170366
1999-06-01,NoDur_excess,-0.0014,0.00704028,0.00051233,0.00051233
1999-06-01,Durbl_excess,0.0053,0.00879114,-0.00014837,0.0
1999-06-01,Manuf_excess,0.0411,0.00745224,0.00056497,0.00056497
1999-06-01,Enrgy_excess,-0.0188,0.00766064,-0.00384505,0.0
1999-06-01,HiTec_excess,0.1116,0.0089641,0.00762059,0.00762059
1999-06-01,Telcm_excess,0.0548,0.0066916,0.0144513,0.0144513
1999-06-01,Shops_excess,0.0767,0.00770449,0.0039846,0.0039846
1999-06-01,Hlth_excess,0.0403,0.008571,0.00464818,0.00464818
1999-06-01,Utils_excess,-0.0489,0.00603291,-0.00118624,0.0
1999-06-01,Other_excess,0.0265,0.00681692,0.00068503,0.00068503
1999-07-01,NoDur_excess,-0.0282,0.00703057,0.00033686,0.00033686
1999-07-01,Durbl_excess,-0.0641,0.00878713,-0.00023271,0.0
1999-07-01,Manuf_excess,-0.0154,0.00749092,0.00103858,0.00103858
1999-07-01,Enrgy_excess,0.0126,0.00763023,-0.00458588,0.0
1999-07-01,HiTec_excess,-0.0211,0.00908207,0.00934513,0.00934513
1999-07-01,Telcm_excess,-0.021,0.0067469,0.01556991,0.01556991
1999-07-01,Shops_excess,-0.0538,0.00778379,0.00520469,0.00520469
1999-07-01,Hlth_excess,-0.0478,0.00860747,0.00508793,0.00508793
1999-07-01,Utils_excess,-0.0096,0.00596977,-0.00232129,0.0
1999-07-01,Other_excess,-0.0632,0.00683954,0.00099743,0.00099743
1999-08-01,NoDur_excess,-0.0498,0.00699013,0.00026236,0.00026236
1999-08-01,Durbl_excess,0.0021,0.00870344,-0.00083761,0.0
1999-08-01,Manuf_excess,-0.0091,0.00746464,0.0008929,0.0008929
1999-08-01,Enrgy_excess,0.0153,0.00763594,-0.00373051,0.0
1999-08-01,HiTec_excess,0.0507,0.00904742,0.0086804,0.0086804
1999-08-01,Telcm_excess,-0.0864,0.00671504,0.01467867,0.01467867
1999-08-01,Shops_excess,-0.0635,0.00771309,0.00438916,0.00438916
1999-08-01,Hlth_excess,0.0337,0.00854271,0.00426255,0.00426255
1999-08-01,Utils_excess,0.0019,0.00595189,-0.00223581,0.0
1999-08-01,Other_excess,-0.0543,0.00675913,0.00022933,0.00022933
1999-09-01,NoDur_excess,-0.073,0.006925,-0.0005886,0.0
1999-09-01,Durbl_excess,-0.0876,0.00869587,-0.00131606,0.0
1999-09-01,Manuf_excess,-0.0354,0.00744564,0.00043849,0.00043849
1999-09-01,Enrgy_excess,-0.0435,0.00764472,-0.00355668,0.0
1999-09-01,HiTec_excess,-0.0049,0.00909518,0.00897334,0.00897334
1999-09-01,Telcm_excess,0.0426,0.00660826,0.0129057,0.0129057
1999-09-01,Shops_excess,0.0088,0.00763142,0.00307387,0.00307387
1999-09-01,Hlth_excess,-0.0746,0.00857156,0.00463557,0.00463557
1999-09-01,Utils_excess,-0.0467,0.00594725,-0.00212761,0.0
1999-09-01,Other_excess,-0.0494,0.00668911,-0.00085429,0.0
1999-10-01,NoDur_excess,0.0621,0.00683345,-0.00128588,0.0
1999-10-01,Durbl_excess,0.0421,0.00858557,-0.0018375,0.0
1999-10-01,Manuf_excess,0.0532,0.00739656,0.00042953,0.00042953
1999-10-01,Enrgy_excess,-0.0196,0.00758614,-0.0037907,0.0
1999-10-01,HiTec_excess,0.0262,0.00907915,0.00904724,0.00904724
1999-10-01,Telcm_excess,0.0791,0.00664948,0.01333755,0.01333755
1999-10-01,Shops_excess,0.0282,0.00763276,0.00358307,0.00358307
1999-10-01,Hlth_excess,0.1034,0.00847629,0.00367263,0.00367263
1999-10-01,Utils_excess,0.0177,0.00588694,-0.00253247,0.0
1999-10-01,Other_excess,0.1104,0.00662486,-0.00109297,0.0
1999-11-01,NoDur_excess,-0.0146,0.00689668,-0.00093236,0.0
1999-11-01,Durbl_excess,-0.0256,0.00862391,-0.0021443,0.0
1999-11-01,Manuf_excess,-0.0134,0.00744897,0.00075257,0.00075257
1999-11-01,Enrgy_excess,0.0345,0.00755503,-0.00492721,0.0
1999-11-01,HiTec_excess,0.1239,0.00909874,0.00922862,0.00922862
1999-11-01,Telcm_excess,0.0425,0.00673238,0.01465893,0.01465893
1999-11-01,Shops_excess,0.0379,0.00765629,0.00357022,0.00357022
1999-11-01,Hlth_excess,0.0116,0.0085849,0.00489862,0.00489862
1999-11-01,Utils_excess,-0.0772,0.00590046,-0.00265646,0.0
1999-11-01,Other_excess,-0.0285,0.00674359,-2.691e-05,0.0
1999-12-01,NoDur_excess,-0.0308,0.00687211,-0.00152439,0.0
1999-12-01,Durbl_excess,0.0231,0.0085848,-0.00360916,0.0
1999-12-01,Manuf_excess,0.0984,0.00742514,-0.00012234,0.0
1999-12-01,Enrgy_excess,0.0019,0.00758583,-0.00476873,0.0
1999-12-01,HiTec_excess,0.2031,0.00922994,0.01053453,0.01053453
1999-12-01,Telcm_excess,0.0409,0.00677326,0.0149801,0.0149801
1999-12-01,Shops_excess,0.0632,0.00769086,0.0035689,0.0035689
1999-12-01,Hlth_excess,-0.0606,0.00858834,0.00476841,0.00476841
1999-12-01,Utils_excess,-0.0281,0.00580549,-0.00400514,0.0
1999-12-01,Other_excess,0.0096,0.00670331,-0.00106453,0.0
2000-01-01,NoDur_excess,-0.0513,0.00682911,-0.00255594,0.0
2000-01-01,Durbl_excess,-0.0174,0.00860137,-0.00464815,0.0
2000-01-01,Manuf_excess,-0.0907,0.007529,0.00032618,0.00032618
2000-01-01,Enrgy_excess,0.0087,0.00757934,-0.00520014,0.0
2000-01-01,HiTec_excess,-0.0562,0.00945126,0.01286632,0.01286632
2000-01-01,Telcm_excess,-0.0426,0.00681221,0.0153577,0.0153577
2000-01-01,Shops_excess,-0.1142,0.00775422,0.00373846,0.00373846
2000-01-01,Hlth_excess,0.0722,0.00850936,0.00326555,0.00326555
2000-01-01,Utils_excess,0.0513,0.00576678,-0.00489722,0.0
2000-01-01,Other_excess,-0.0516,0.00670662,-0.00175026,0.0
2000-02-01,NoDur_excess,-0.067,0.00676283,-0.00374003,0.0
2000-02-01,Durbl_excess,-0.0924,0.00857172,-0.00641654,0.0
2000-02-01,Manuf_excess,-0.0417,0.00741699,-0.00196538,0.0
2000-02-01,Enrgy_excess,-0.0603,0.00758062,-0.00497172,0.0
2000-02-01,HiTec_excess,0.1761,0.0093764,0.01066089,0.01066089
2000-02-01,Telcm_excess,-0.0412,0.00675587,0.01345718,0.01345718
2000-02-01,Shops_excess,-0.0438,0.00761517,0.00083481,0.00083481
2000-02-01,Hlth_excess,-0.0294,0.00858198,0.00420254,0.00420254
2000-02-01,Utils_excess,-0.075,0.0058187,-0.00361495,0.0
2000-02-01,Other_excess,-0.0781,0.00664014,-0.00337026,0.0
2000-03-01,NoDur_excess,0.0696,0.00667882,-0.00522178,0.0
2000-03-01,Durbl_excess,0.1042,0.00845672,-0.00893044,0.0
2000-03-01,Manuf_excess,0.0705,0.00736105,-0.00288358,0.0
2000-03-01,Enrgy_excess,0.1145,0.0075033,-0.00631799,0.0
2000-03-01,HiTec_excess,0.0362,0.00956629,0.01277203,0.01277203
2000-03-01,Telcm_excess,0.078,0.00670125,0.01230215,0.01230215
2000-03-01,Shops_excess,0.1292,0.00755661,-0.0004698,0.0
2000-03-01,Hlth_excess,-0.005,0.00853872,0.00368547,0.00368547
2000-03-01,Utils_excess,0.0542,0.00572665,-0.00444591,0.0
2000-03-01,Other_excess,0.1389,0.00654362,-0.00512969,0.0
2000-04-01,NoDur_excess,-0.0242,0.0067504,-0.00550339,0.0
2000-04-01,Durbl_excess,0.0823,0.00856564,-0.00890167,0.0
2000-04-01,Manuf_excess,0.01,0.00743288,-0.00225822,0.0
2000-04-01,Enrgy_excess,-0.0277,0.00762503,-0.00597758,0.0
2000-04-01,HiTec_excess,-0.1101,0.00959659,0.01405252,0.01405252
2000-04-01,Telcm_excess,-0.0879,0.00678237,0.01385013,0.01385013
2000-04-01,Shops_excess,-0.0494,0.00769499,0.00078972,0.00078972
2000-04-01,Hlth_excess,0.0458,0.00852332,0.00331328,0.00331328
2000-04-01,Utils_excess,0.0696,0.0057818,-0.00424292,0.0
2000-04-01,Other_excess,-0.0329,0.0066942,-0.00404865,0.0
2000-05-01,NoDur_excess,0.066,0.00671523,-0.00510796,0.0
2000-05-01,Durbl_excess,-0.1281,0.00864943,-0.00600137,0.0
2000-05-01,Manuf_excess,-0.0222,0.0074358,-0.00132695,0.0
2000-05-01,Enrgy_excess,0.0889,0.00758489,-0.00585681,0.0
2000-05-01,HiTec_excess,-0.1135,0.00946057,0.0121453,0.0121453
2000-05-01,Telcm_excess,-0.1047,0.00667477,0.0122159,0.0122159
2000-05-01,Shops_excess,-0.0333,0.00763011,0.00065852,0.00065852
2000-05-01,Hlth_excess,0.0322,0.00856568,0.00430307,0.00430307
2000-05-01,Utils_excess,0.0346,0.00585432,-0.00271568,0.0
2000-05-01,Other_excess,0.0285,0.0066492,-0.00374787,0.0
2000-06-01,NoDur_excess,0.0178,0.00678252,-0.00339956,0.0
2000-06-01,Durbl_excess,-0.0939,0.00849421,-0.00702222,0.0
2000-06-01,Manuf_excess,-0.0168,0.00740216,-0.00089242,0.0
2000-06-01,Enrgy_excess,-0.0545,0.00767719,-0.00416218,0.0
2000-06-01,HiTec_excess,0.1223,0.009321,0.01052125,0.01052125
2000-06-01,Telcm_excess,0.0359,0.00654835,0.01052047,0.01052047
2000-06-01,Shops_excess,-0.0261,0.00758365,0.00079996,0.00079996
2000-06-01,Hlth_excess,0.1059,0.00859251,0.00503966,0.00503966
2000-06-01,Utils_excess,-0.0508,0.00588695,-0.00187,0.0
2000-06-01,Other_excess,-0.0353,0.00667401,-0.00252806,0.0
2000-07-01,NoDur_excess,0.0024,0.00679501,-0.00367704,0.0
2000-07-01,Durbl_excess,0.0425,0.00837812,-0.00958605,0.0
2000-07-01,Manuf_excess,-0.0193,0.00737472,-0.00182028,0.0
2000-07-01,Enrgy_excess,-0.0316,0.00760669,-0.00528402,0.0
2000-07-01,HiTec_excess,-0.0563,0.00944909,0.01212783,0.01212783
2000-07-01,Telcm_excess,-0.0722,0.00658163,0.01072,0.01072
2000-07-01,Shops_excess,-0.017,0.00754546,-0.00036881,0.0
2000-07-01,Hlth_excess,-0.0699,0.00870283,0.00655045,0.00655045
2000-07-01,Utils_excess,0.0339,0.00582268,-0.0028867,0.0
2000-07-01,Other_excess,0.0488,0.00662642,-0.0037955,0.0
2000-08-01,NoDur_excess,-0.0258,0.00679003,-0.00453232,0.0
2000-08-01,Durbl_excess,0.0494,0.00841676,-0.01126943,0.0
2000-08-01,Manuf_excess,0.0691,0.00734451,-0.00349276,0.0
2000-08-01,Enrgy_excess,0.0825,0.00756229,-0.00638255,0.0
2000-08-01,HiTec_excess,0.1218,0.00937463,0.00972899,0.00972899
2000-08-01,Telcm_excess,-0.0199,0.00649241,0.00852339,0.00852339
2000-08-01,Shops_excess,-0.029,0.00751767,-0.00213523,0.0
2000-08-01,Hlth_excess,0.03,0.00861382,0.00487041,0.00487041
2000-08-01,Utils_excess,0.1116,0.00585447,-0.00223134,0.0
2000-08-01,Other_excess,0.0874,0.00667418,-0.00433938,0.0
2000-09-01,NoDur_excess,0.0322,0.00675317,-0.00590058,0.0
2000-09-01,Durbl_excess,-0.0467,0.00846312,-0.0118266,0.0
2000-09-01,Manuf_excess,-0.0621,0.00741437,-0.00287123,0.0
2000-09-01,Enrgy_excess,0.0405,0.00764706,-0.00584188,0.0
2000-09-01,HiTec_excess,-0.1524,0.00950181,0.0118199,0.0118199
2000-09-01,Telcm_excess,-0.0496,0.00646256,0.007936,0.007936
2000-09-01,Shops_excess,0.0215,0.00747636,-0.00348262,0.0
2000-09-01,Hlth_excess,0.0316,0.00863801,0.00516368,0.00516368
2000-09-01,Utils_excess,0.0829,0.0059741,-0.00054985,0.0
2000-09-01,Other_excess,-0.0026,0.0067655,-0.00361669,0.0
2000-10-01,NoDur_excess,0.0692,0.00678192,-0.00429488,0.0
2000-10-01,Durbl_excess,0.0199,0.00840079,-0.01092336,0.0
2000-10-01,Manuf_excess,0.0284,0.00733582,-0.0032923,0.0
2000-10-01,Enrgy_excess,-0.0337,0.00768418,-0.00425653,0.0
2000-10-01,HiTec_excess,-0.0803,0.00931887,0.00886966,0.00886966
2000-10-01,Telcm_excess,-0.0073,0.00639921,0.0071182,0.0071182
2000-10-01,Shops_excess,-0.0231,0.0074922,-0.00212732,0.0
2000-10-01,Hlth_excess,0.015,0.00866395,0.00578905,0.00578905
2000-10-01,Utils_excess,-0.0223,0.00606102,0.00110545,0.00110545
2000-10-01,Other_excess,-0.0185,0.00675492,-0.0027761,0.0
2000-11-01,NoDur_excess,0.0219,0.00685237,-0.0032803,0.0
2000-11-01,Durbl_excess,-0.1165,0.00841377,-0.01088801,0.0
2000-11-01,Manuf_excess,-0.0359,0.00735959,-0.00278211,0.0
2000-11-01,Enrgy_excess,-0.0303,0.00763747,-0.00503198,0.0
2000-11-01,HiTec_excess,-0.2371,0.00921772,0.00733492,0.00733492
2000-11-01,Telcm_excess,-0.1704,0.00638375,0.00667686,0.00667686
2000-11-01,Shops_excess,-0.0155,0.00745767,-0.0027349,0.0
2000-11-01,Hlth_excess,0.0024,0.00867111,0.00603146,0.00603146
2000-11-01,Utils_excess,0.0245,0.00602901,0.00090385,0.00090385
2000-11-01,Other_excess,-0.0649,0.00672641,-0.00324202,0.0
2000-12-01,NoDur_excess,0.0494,0.00686933,-0.00286107,0.0
2000-12-01,Durbl_excess,-0.0042,0.00827294,-0.01303526,0.0
2000-12-01,Manuf_excess,0.0647,0.00731082,-0.00328368,0.0
2000-12-01,Enrgy_excess,0.07,0.0075947,-0.00523906,0.0
2000-12-01,HiTec_excess,-0.0849,0.00894002,0.00275368,0.00275368
2000-12-01,Telcm_excess,-0.0477,0.00618444,0.00308897,0.00308897
2000-12-01,Shops_excess,0.0517,0.00743179,-0.00320297,0.0
2000-12-01,Hlth_excess,0.0299,0.00866404,0.00608213,0.00608213
2000-12-01,Utils_excess,0.0597,0.00604983,0.00184722,0.00184722
2000-12-01,Other_excess,0.0597,0.00664566,-0.00447409,0.0
2001-01-01,NoDur_excess,-0.0272,0.00691723,-0.00179178,0.0
2001-01-01,Durbl_excess,0.1251,0.0082589,-0.01169222,0.0
2001-01-01,Manuf_excess,-0.0152,0.00737545,-0.0016001,0.0
2001-01-01,Enrgy_excess,-0.0397,0.00766498,-0.00350391,0.0
2001-01-01,HiTec_excess,0.1564,0.00883435,0.00208246,0.00208246
2001-01-01,Telcm_excess,0.1496,0.00612376,0.00260805,0.00260805
2001-01-01,Shops_excess,0.0587,0.00748164,-0.00176934,0.0
2001-01-01,Hlth_excess,-0.0905,0.00868795,0.0066295,0.0066295
2001-01-01,Utils_excess,-0.1077,0.00611025,0.00270509,0.00270509
2001-01-01,Other_excess,0.0009,0.00670541,-0.00289144,0.0
2001-02-01,NoDur_excess,-0.0024,0.00687885,-0.00142881,0.0
2001-02-01,Durbl_excess,-0.0163,0.00839033,-0.00680152,0.0
2001-02-01,Manuf_excess,-0.0417,0.00735006,-0.00067689,0.0
2001-02-01,Enrgy_excess,-0.0041,0.0076117,-0.00317896,0.0
2001-02-01,HiTec_excess,-0.2645,0.00900034,0.00604957,0.00604957
2001-02-01,Telcm_excess,-0.1068,0.00628515,0.00597392,0.00597392
2001-02-01,Shops_excess,-0.0571,0.00753926,0.00057202,0.00057202
2001-02-01,Hlth_excess,-0.0092,0.00857638,0.00536688,0.00536688
2001-02-01,Utils_excess,0.058,0.00598223,0.00054631,0.00054631
2001-02-01,Other_excess,-0.0463,0.00669888,-0.00149258,0.0
2001-03-01,NoDur_excess,-0.052,0.00686843,-0.00086632,0.0
2001-03-01,Durbl_excess,-0.0375,0.00836258,-0.00560977,0.0
2001-03-01,Manuf_excess,-0.0647,0.00729494,-0.00058514,0.0
2001-03-01,Enrgy_excess,-0.0052,0.00759854,-0.00220107,0.0
2001-03-01,HiTec_excess,-0.1431,0.00869303,0.00278198,0.00278198
2001-03-01,Telcm_excess,-0.0642,0.00615809,0.00450505,0.00450505
2001-03-01,Shops_excess,-0.0329,0.00746663,0.00032328,0.00032328
2001-03-01,Hlth_excess,-0.0901,0.0085564,0.00543051,0.00543051
2001-03-01,Utils_excess,0.0063,0.00604067,0.00169656,0.00169656
2001-03-01,Other_excess,-0.0492,0.00663933,-0.00145816,0.0
2001-04-01,NoDur_excess,0.0053,0.00680236,2.692e-05,2.692e-05
2001-04-01,Durbl_excess,0.0831,0.00831111,-0.0022772,0.0
2001-04-01,Manuf_excess,0.0716,0.00721414,0.00057328,0.00057328
2001-04-01,Enrgy_excess,0.0963,0.00758418,-0.00078161,0.0
2001-04-01,HiTec_excess,0.1762,0.00852267,0.00296873,0.00296873
2001-04-01,Telcm_excess,0.0362,0.00607912,0.00478266,0.00478266
2001-04-01,Shops_excess,0.0521,0.00742132,0.00195179,0.00195179
2001-04-01,Hlth_excess,0.0386,0.00844568,0.00492344,0.00492344
2001-04-01,Utils_excess,0.0502,0.00604097,0.00187025,0.00187025
2001-04-01,Other_excess,0.0569,0.00657666,2.024e-05,2.024e-05
2001-05-01,NoDur_excess,0.0308,0.00680067,0.00123163,0.00123163
2001-05-01,Durbl_excess,-0.0188,0.00839496,0.00219064,0.00219064
2001-05-01,Manuf_excess,0.0183,0.00728632,0.00280763,0.00280763
2001-05-01,Enrgy_excess,-0.0022,0.00768363,0.00113683,0.00113683
2001-05-01,HiTec_excess,-0.0352,0.00871065,0.00678566,0.00678566
2001-05-01,Telcm_excess,-0.0195,0.00611289,0.00667347,0.00667347
2001-05-01,Shops_excess,0.0129,0.00747141,0.004477,0.004477
2001-05-01,Hlth_excess,0.0245,0.00847948,0.00558108,0.00558108
2001-05-01,Utils_excess,0.0015,0.00609047,0.00172294,0.00172294
2001-05-01,Other_excess,0.0332,0.00663307,0.00249081,0.00249081
2001-06-01,NoDur_excess,-0.018,0.00682755,0.00167228,0.00167228
2001-06-01,Durbl_excess,0.0351,0.0083645,0.00241931,0.00241931
2001-06-01,Manuf_excess,-0.0493,0.00729866,0.00300832,0.00300832
2001-06-01,Enrgy_excess,-0.0774,0.00767256,0.00141587,0.00141587
2001-06-01,HiTec_excess,0.0113,0.00866148,0.00665692,0.00665692
2001-06-01,Telcm_excess,-0.0296,0.00608421,0.00666949,0.00666949
2001-06-01,Shops_excess,-0.0286,0.00747749,0.00474421,0.00474421
2001-06-01,Hlth_excess,-0.0326,0.00849742,0.00579025,0.00579025
2001-06-01,Utils_excess,-0.0643,0.00608533,0.00145762,0.00145762
2001-06-01,Other_excess,-0.0037,0.00666282,0.00302992,0.00302992
2001-07-01,NoDur_excess,-0.0084,0.00679978,0.00169761,0.00169761
2001-07-01,Durbl_excess,0.0296,0.00839441,0.00349972,0.00349972
2001-07-01,Manuf_excess,0.0023,0.00723535,0.00275444,0.00275444
2001-07-01,Enrgy_excess,-0.0253,0.0075774,0.00080007,0.00080007
2001-07-01,HiTec_excess,-0.0787,0.00866443,0.00709609,0.00709609
2001-07-01,Telcm_excess,-0.0126,0.0060443,0.00641001,0.00641001
2001-07-01,Shops_excess,0.0425,0.00743714,0.00469103,0.00469103
2001-07-01,Hlth_excess,0.0198,0.00845145,0.00547393,0.00547393
2001-07-01,Utils_excess,-0.0414,0.0060066,0.00072657,0.00072657
2001-07-01,Other_excess,-0.0247,0.00665123,0.00331054,0.00331054
2001-08-01,NoDur_excess,0.0168,0.00678279,0.00121845,0.00121845
2001-08-01,Durbl_excess,-0.1036,0.0084181,0.00316196,0.00316196
2001-08-01,Manuf_excess,-0.0249,0.00722983,0.00270185,0.00270185
2001-08-01,Enrgy_excess,-0.0381,0.00754067,0.00029164,0.00029164
2001-08-01,HiTec_excess,-0.1294,0.00856682,0.00583637,0.00583637
2001-08-01,Telcm_excess,-0.0895,0.00602346,0.00573526,0.00573526
2001-08-01,Shops_excess,-0.0723,0.00747631,0.0047432,0.0047432
2001-08-01,Hlth_excess,-0.0341,0.00846413,0.00568743,0.00568743
2001-08-01,Utils_excess,0.0022,0.00595363,0.00055016,0.00055016
2001-08-01,Other_excess,-0.0551,0.0066162,0.00262937,0.00262937
2001-09-01,NoDur_excess,-0.038,0.00679397,0.00165757,0.00165757
2001-09-01,Durbl_excess,-0.1755,0.00829308,0.00249485,0.00249485
2001-09-01,Manuf_excess,-0.1298,0.00719397,0.00274932,0.00274932
2001-09-01,Enrgy_excess,-0.0646,0.00748973,0.0004709,0.0004709
2001-09-01,HiTec_excess,-0.1928,0.00841283,0.00474373,0.00474373
2001-09-01,Telcm_excess,-0.0263,0.00591685,0.00474938,0.00474938
2001-09-01,Shops_excess,-0.0979,0.00738728,0.00408669,0.00408669
2001-09-01,Hlth_excess,-0.0091,0.00841663,0.00546821,0.00546821
2001-09-01,Utils_excess,-0.0688,0.00594944,0.00087756,0.00087756
2001-09-01,Other_excess,-0.0815,0.00654732,0.00227212,0.00227212
2001-10-01,NoDur_excess,0.0106,0.00674404,0.00288363,0.00288363
2001-10-01,Durbl_excess,0.0085,0.00808818,0.00495253,0.00495253
2001-10-01,Manuf_excess,0.0372,0.00704125,0.00355813,0.00355813
2001-10-01,Enrgy_excess,0.0492,0.00740936,0.00173541,0.00173541
2001-10-01,HiTec_excess,0.1548,0.00818852,0.00518844,0.00518844
2001-10-01,Telcm_excess,-0.0979,0.00588094,0.00574635,0.00574635
2001-10-01,Shops_excess,0.0135,0.0072699,0.00526251,0.00526251
2001-10-01,Hlth_excess,0.0104,0.0083971,0.00609005,0.00609005
2001-10-01,Utils_excess,0.0154,0.00586611,0.00032108,0.00032108
2001-10-01,Other_excess,-0.012,0.00644916,0.00368535,0.00368535
2001-11-01,NoDur_excess,0.0241,0.00674833,0.00301389,0.00301389
2001-11-01,Durbl_excess,0.1484,0.00808864,0.00609517,0.00609517
2001-11-01,Manuf_excess,0.0829,0.00707483,0.00455966,0.00455966
2001-11-01,Enrgy_excess,-0.0438,0.0074559,0.00254288,0.00254288
2001-11-01,HiTec_excess,0.1572,0.00835178,0.00739905,0.00739905
2001-11-01,Telcm_excess,0.0568,0.00576537,0.00486969,0.00486969
2001-11-01,Shops_excess,0.0964,0.00727684,0.00579254,0.00579254
2001-11-01,Hlth_excess,0.0485,0.00839933,0.00636436,0.00636436
2001-11-01,Utils_excess,-0.016,0.00587673,0.00042254,0.00042254
2001-11-01,Other_excess,0.0703,0.00642862,0.00398898,0.00398898
2001-12-01,NoDur_excess,0.0174,0.00676763,0.00409975,0.00409975
2001-12-01,Durbl_excess,-0.0099,0.00824472,0.00990713,0.00990713
2001-12-01,Manuf_excess,0.0249,0.00715918,0.00609119,0.00609119
2001-12-01,Enrgy_excess,0.0582,0.00739889,0.00241921,0.00241921
2001-12-01,HiTec_excess,-0.0078,0.00851735,0.01015649,0.01015649
2001-12-01,Telcm_excess,0.0245,0.00582214,0.00642723,0.00642723
2001-12-01,Shops_excess,0.0419,0.00737597,0.00808073,0.00808073
2001-12-01,Hlth_excess,-0.0297,0.00844394,0.00686894,0.00686894
2001-12-01,Utils_excess,0.0389,0.00585239,-0.00060335,0.0
2001-12-01,Other_excess,0.0353,0.00649967,0.00586055,0.00586055
2002-01-01,NoDur_excess,0.0073,0.00677944,0.00632975,0.00632975
2002-01-01,Durbl_excess,0.0271,0.00822456,0.01473197,0.01473197
2002-01-01,Manuf_excess,0.0142,0.00717889,0.00956123,0.00956123
2002-01-01,Enrgy_excess,-0.0301,0.00745533,0.00391858,0.00391858
2002-01-01,HiTec_excess,-0.0066,0.00849922,0.01219017,0.01219017
2002-01-01,Telcm_excess,-0.0729,0.00584289,0.00781119,0.00781119
2002-01-01,Shops_excess,0.0247,0.00741433,0.01169233,0.01169233
2002-01-01,Hlth_excess,-0.0255,0.00840156,0.00733445,0.00733445
2002-01-01,Utils_excess,-0.0447,0.00588911,0.00018225,0.00018225
2002-01-01,Other_excess,-0.017,0.00653167,0.00925856,0.00925856
2002-02-01,NoDur_excess,0.0411,0.00678002,0.00649754,0.00649754
2002-02-01,Durbl_excess,0.0314,0.0082455,0.01532297,0.01532297
2002-02-01,Manuf_excess,0.0423,0.00718668,0.0099429,0.0099429
2002-02-01,Enrgy_excess,0.0543,0.00741365,0.00355258,0.00355258
2002-02-01,HiTec_excess,-0.1328,0.00848246,0.01211178,0.01211178
2002-02-01,Telcm_excess,-0.0288,0.00575549,0.00662612,0.00662612
2002-02-01,Shops_excess,-0.0028,0.00743352,0.0121078,0.0121078
2002-02-01,Hlth_excess,-0.0058,0.00836393,0.00696478,0.00696478
2002-02-01,Utils_excess,-0.0049,0.00583296,-0.00036188,0.0
2002-02-01,Other_excess,-0.0038,0.00650555,0.00909269,0.00909269
2002-03-01,NoDur_excess,0.0367,0.00681807,0.00706469,0.00706469
2002-03-01,Durbl_excess,0.0676,0.00827118,0.01560132,0.01560132
2002-03-01,Manuf_excess,0.048,0.00722561,0.01060407,0.01060407
2002-03-01,Enrgy_excess,0.0756,0.00746563,0.00431014,0.00431014
2002-03-01,HiTec_excess,0.0637,0.00832583,0.00996835,0.00996835
2002-03-01,Telcm_excess,0.0023,0.00571718,0.00603206,0.00603206
2002-03-01,Shops_excess,0.0196,0.00742217,0.01192854,0.01192854
2002-03-01,Hlth_excess,0.0041,0.00834823,0.0068963,0.0068963
2002-03-01,Utils_excess,0.1016,0.00582106,-0.00018371,0.0
2002-03-01,Other_excess,0.0511,0.00649412,0.00898113,0.00898113
2002-04-01,NoDur_excess,0.0197,0.00685116,0.00776389,0.00776389
2002-04-01,Durbl_excess,0.0178,0.00833688,0.01661942,0.01661942
2002-04-01,Manuf_excess,-0.0166,0.00727076,0.01092419,0.01092419
2002-04-01,Enrgy_excess,-0.047,0.00754109,0.00535351,0.00535351
2002-04-01,HiTec_excess,-0.1205,0.00838715,0.01070475,0.01070475
2002-04-01,Telcm_excess,-0.1291,0.0057134,0.00631183,0.00631183
2002-04-01,Shops_excess,-0.0177,0.00743566,0.01227223,0.01227223
2002-04-01,Hlth_excess,-0.077,0.00834352,0.00661319,0.00661319
2002-04-01,Utils_excess,-0.0057,0.00592713,0.00079716,0.00079716
2002-04-01,Other_excess,-0.029,0.00654352,0.00972443,0.00972443
2002-05-01,NoDur_excess,0.0113,0.00686538,0.007703,0.007703
2002-05-01,Durbl_excess,-0.0057,0.00834735,0.01615624,0.01615624
2002-05-01,Manuf_excess,-0.004,0.00724436,0.01038419,0.01038419
2002-05-01,Enrgy_excess,-0.0088,0.00748075,0.00488037,0.00488037
2002-05-01,HiTec_excess,-0.0373,0.00824458,0.00887505,0.00887505
2002-05-01,Telcm_excess,0.0286,0.00556427,0.00425871,0.00425871
2002-05-01,Shops_excess,-0.0158,0.00740785,0.01145057,0.01145057
2002-05-01,Hlth_excess,-0.0242,0.00824912,0.00560235,0.00560235
2002-05-01,Utils_excess,-0.0706,0.00591427,0.00109196,0.00109196
2002-05-01,Other_excess,-0.0067,0.0065042,0.00891416,0.00891416
2002-06-01,NoDur_excess,-0.0618,0.00687028,0.00807202,0.00807202
2002-06-01,Durbl_excess,-0.0829,0.00833182,0.01652752,0.01652752
2002-06-01,Manuf_excess,-0.0311,0.00723193,0.01065338,0.01065338
2002-06-01,Enrgy_excess,-0.0012,0.00746276,0.00486001,0.00486001
2002-06-01,HiTec_excess,-0.1228,0.00819425,0.00854073,0.00854073
2002-06-01,Telcm_excess,-0.1453,0.00558972,0.00471453,0.00471453
2002-06-01,Shops_excess,-0.0523,0.00738221,0.01150599,0.01150599
2002-06-01,Hlth_excess,-0.0966,0.00821326,0.00537393,0.00537393
2002-06-01,Utils_excess,-0.0594,0.00582972,0.00029297,0.00029297
2002-06-01,Other_excess,-0.0524,0.00648961,0.00912404,0.00912404
2002-07-01,NoDur_excess,-0.0678,0.00679448,0.0073135,0.0073135
2002-07-01,Durbl_excess,-0.1207,0.00823113,0.01536299,0.01536299
2002-07-01,Manuf_excess,-0.0867,0.00718962,0.01023645,0.01023645
2002-07-01,Enrgy_excess,-0.1198,0.0074532,0.0053066,0.0053066
2002-07-01,HiTec_excess,-0.0985,0.00804967,0.00731637,0.00731637
2002-07-01,Telcm_excess,-0.1182,0.00542318,0.00309726,0.00309726
2002-07-01,Shops_excess,-0.1158,0.00731634,0.01071866,0.01071866
2002-07-01,Hlth_excess,-0.0291,0.00809757,0.00445448,0.00445448
2002-07-01,Utils_excess,-0.1229,0.00575773,-2.51e-06,0.0
2002-07-01,Other_excess,-0.0652,0.00642461,0.0084885,0.0084885
2002-08-01,NoDur_excess,0.0211,0.00671224,0.00665778,0.00665778
2002-08-01,Durbl_excess,0.0048,0.00808897,0.01417107,0.01417107
2002-08-01,Manuf_excess,-0.0143,0.00708611,0.00957837,0.00957837
2002-08-01,Enrgy_excess,0.0049,0.0073129,0.00439696,0.00439696
2002-08-01,HiTec_excess,-0.011,0.00793219,0.00670768,0.00670768
2002-08-01,Telcm_excess,0.0006,0.00528688,0.00203034,0.00203034
2002-08-01,Shops_excess,0.017,0.0071806,0.00950945,0.00950945
2002-08-01,Hlth_excess,0.0051,0.00805656,0.00459614,0.00459614
2002-08-01,Utils_excess,0.0326,0.00561588,-0.00068977,0.0
2002-08-01,Other_excess,0.0099,0.00634564,0.00795672,0.00795672
2002-09-01,NoDur_excess,-0.0787,0.00672808,0.00571946,0.00571946
2002-09-01,Durbl_excess,-0.1104,0.00808535,0.0119484,0.0119484
2002-09-01,Manuf_excess,-0.0848,0.00706256,0.00815497,0.00815497
2002-09-01,Enrgy_excess,-0.0799,0.00731024,0.00403005,0.00403005
2002-09-01,HiTec_excess,-0.1674,0.00791134,0.00592667,0.00592667
2002-09-01,Telcm_excess,-0.0999,0.00528172,0.00161497,0.00161497
2002-09-01,Shops_excess,-0.0958,0.00719141,0.0082627,0.0082627
2002-09-01,Hlth_excess,-0.0603,0.0080533,0.00442425,0.00442425
2002-09-01,Utils_excess,-0.1102,0.00564559,-0.00031511,0.0
2002-09-01,Other_excess,-0.1074,0.00634956,0.00670191,0.00670191
2002-10-01,NoDur_excess,0.0492,0.0066341,0.00519195,0.00519195
2002-10-01,Durbl_excess,-0.0285,0.00795501,0.0111242,0.0111242
2002-10-01,Manuf_excess,0.0364,0.0069615,0.0078318,0.0078318
2002-10-01,Enrgy_excess,0.03,0.0072143,0.00403475,0.00403475
2002-10-01,HiTec_excess,0.1923,0.00771848,0.00528466,0.00528466
2002-10-01,Telcm_excess,0.218,0.00516601,0.00123452,0.00123452
2002-10-01,Shops_excess,0.0558,0.00707811,0.00755086,0.00755086
2002-10-01,Hlth_excess,0.0554,0.00797811,0.00461194,0.00461194
2002-10-01,Utils_excess,-0.0075,0.00551815,-0.00021704,0.0
2002-10-01,Other_excess,0.0624,0.00622442,0.00603333,0.00603333
2002-11-01,NoDur_excess,-0.0121,0.00668088,0.0061369,0.0061369
2002-11-01,Durbl_excess,0.1187,0.00791495,0.01245403,0.01245403
2002-11-01,Manuf_excess,0.0613,0.00699385,0.00890711,0.00890711
2002-11-01,Enrgy_excess,0.029,0.00723934,0.00392069,0.00392069
2002-11-01,HiTec_excess,0.1615,0.00792132,0.00667217,0.00667217
2002-11-01,Telcm_excess,0.1169,0.00539989,0.00271869,0.00271869
2002-11-01,Shops_excess,0.0178,0.00713165,0.00886756,0.00886756
2002-11-01,Hlth_excess,0.0366,0.00803022,0.00470414,0.00470414
2002-11-01,Utils_excess,0.0146,0.00550385,-0.00097353,0.0
2002-11-01,Other_excess,0.0408,0.00628615,0.0072841,0.0072841
2002-12-01,NoDur_excess,-0.0034,0.00666026,0.0061429,0.0061429
2002-12-01,Durbl_excess,-0.0663,0.00803655,0.01427451,0.01427451
2002-12-01,Manuf_excess,-0.0392,0.00705346,0.00944676,0.00944676
2002-12-01,Enrgy_excess,0.0073,0.00726323,0.00433182,0.00433182
2002-12-01,HiTec_excess,-0.1301,0.0080899,0.00830469,0.00830469
2002-12-01,Telcm_excess,-0.0962,0.00552228,0.00391265,0.00391265
2002-12-01,Shops_excess,-0.071,0.00714336,0.00924367,0.00924367
2002-12-01,Hlth_excess,-0.042,0.00806158,0.00462303,0.00462303
2002-12-01,Utils_excess,0.0372,0.00551383,-0.00166512,0.0
2002-12-01,Other_excess,-0.049,0.00632404,0.00784864,0.00784864
2003-01-01,NoDur_excess,-0.0403,0.00664923,0.00562741,0.00562741
2003-01-01,Durbl_excess,-0.035,0.00795504,0.01252171,0.01252171
2003-01-01,Manuf_excess,-0.0417,0.00700274,0.00861414,0.00861414
2003-01-01,Enrgy_excess,-0.026,0.00726327,0.0046569,0.0046569
2003-01-01,HiTec_excess,-0.0161,0.00793838,0.00704091,0.00704091
2003-01-01,Telcm_excess,-0.0421,0.00541075,0.00287996,0.00287996
2003-01-01,Shops_excess,-0.0486,0.00705768,0.00789492,0.00789492
2003-01-01,Hlth_excess,-0.007,0.00800669,0.0045234,0.0045234
2003-01-01,Utils_excess,-0.0331,0.00554857,-0.00058105,0.0
2003-01-01,Other_excess,-0.0248,0.00626338,0.0068098,0.0068098
2003-02-01,NoDur_excess,-0.0297,0.00659781,0.00546089,0.00546089
2003-02-01,Durbl_excess,-0.0488,0.007908,0.01237024,0.01237024
2003-02-01,Manuf_excess,-0.0236,0.0069494,0.0081628,0.0081628
2003-02-01,Enrgy_excess,0.0186,0.00722683,0.00476113,0.00476113
2003-02-01,HiTec_excess,0.0107,0.00791205,0.00705736,0.00705736
2003-02-01,Telcm_excess,-0.0654,0.00535871,0.00276978,0.00276978
2003-02-01,Shops_excess,-0.013,0.00699671,0.00755383,0.00755383
2003-02-01,Hlth_excess,-0.0205,0.00799025,0.00448376,0.00448376
2003-02-01,Utils_excess,-0.0407,0.00550624,-0.00083314,0.0
2003-02-01,Other_excess,-0.0279,0.00622935,0.00669905,0.00669905
2003-03-01,NoDur_excess,-0.0272,0.0065581,0.00470117,0.00470117
2003-03-01,Durbl_excess,-0.0267,0.00784595,0.01083718,0.01083718
2003-03-01,Manuf_excess,0.0122,0.00691597,0.00741713,0.00741713
2003-03-01,Enrgy_excess,0.014,0.00723928,0.00482599,0.00482599
2003-03-01,HiTec_excess,-0.0107,0.0079151,0.00691905,0.00691905
2003-03-01,Telcm_excess,-0.0053,0.00528129,0.00209548,0.00209548
2003-03-01,Shops_excess,0.0458,0.00697484,0.0068016,0.0068016
2003-03-01,Hlth_excess,0.0363,0.00795908,0.00437476,0.00437476
2003-03-01,Utils_excess,0.0421,0.00545569,-0.00085512,0.0
2003-03-01,Other_excess,0.0094,0.00619201,0.0058535,0.0058535
2003-04-01,NoDur_excess,0.0428,0.0065212,0.00456819,0.00456819
2003-04-01,Durbl_excess,0.1495,0.0078082,0.01072448,0.01072448
2003-04-01,Manuf_excess,0.062,0.00692175,0.00735267,0.00735267
2003-04-01,Enrgy_excess,-0.0057,0.00724667,0.00500976,0.00500976
2003-04-01,HiTec_excess,0.0908,0.00789475,0.00679178,0.00679178
2003-04-01,Telcm_excess,0.1116,0.00526973,0.00213357,0.00213357
2003-04-01,Shops_excess,0.0887,0.00701727,0.00716253,0.00716253
2003-04-01,Hlth_excess,0.0417,0.00799005,0.00448121,0.00448121
2003-04-01,Utils_excess,0.0713,0.00549574,-0.00077827,0.0
2003-04-01,Other_excess,0.1154,0.00619552,0.00593978,0.00593978
2003-05-01,NoDur_excess,0.0945,0.00656081,0.00443907,0.00443907
2003-05-01,Durbl_excess,0.0277,0.00796288,0.01133438,0.01133438
2003-05-01,Manuf_excess,0.0457,0.00698188,0.0075853,0.0075853
2003-05-01,Enrgy_excess,0.0857,0.00723253,0.0042161,0.0042161
2003-05-01,HiTec_excess,0.0971,0.00798526,0.00692644,0.00692644
2003-05-01,Telcm_excess,0.0623,0.00538581,0.00250585,0.00250585
2003-05-01,Shops_excess,0.0339,0.00710644,0.0075062,0.0075062
2003-05-01,Hlth_excess,0.0385,0.00802686,0.00443568,0.00443568
2003-05-01,Utils_excess,0.1007,0.00556758,-0.00060941,0.0
2003-05-01,Other_excess,0.0514,0.00631474,0.0064555,0.0064555
2003-06-01,NoDur_excess,0.0156,0.00665671,0.00435254,0.00435254
2003-06-01,Durbl_excess,0.0232,0.00798441,0.01025681,0.01025681
2003-06-01,Manuf_excess,0.0044,0.0070241,0.00759344,0.00759344
2003-06-01,Enrgy_excess,-0.0106,0.0073181,0.00419953,0.00419953
2003-06-01,HiTec_excess,0.0025,0.00808244,0.00719382,0.00719382
2003-06-01,Telcm_excess,0.0199,0.00544787,0.00233747,0.00233747
2003-06-01,Shops_excess,0.0334,0.00713566,0.00698039,0.00698039
2003-06-01,Hlth_excess,0.0406,0.00806009,0.00464478,0.00464478
2003-06-01,Utils_excess,0.0096,0.00567132,0.00033571,0.00033571
2003-06-01,Other_excess,0.0081,0.0063639,0.00607641,0.00607641
2003-07-01,NoDur_excess,-0.0176,0.00666645,0.0050728,0.0050728
2003-07-01,Durbl_excess,0.066,0.00800098,0.01189304,0.01189304
2003-07-01,Manuf_excess,0.049,0.00702124,0.00830757,0.00830757
2003-07-01,Enrgy_excess,-0.0269,0.00729858,0.00439343,0.00439343
2003-07-01,HiTec_excess,0.0553,0.00807636,0.00767216,0.00767216
2003-07-01,Telcm_excess,-0.0178,0.00546362,0.0027629,0.0027629
2003-07-01,Shops_excess,0.0322,0.00716427,0.00804854,0.00804854
2003-07-01,Hlth_excess,0.0041,0.00809553,0.00497758,0.00497758
2003-07-01,Utils_excess,-0.055,0.0056756,0.00019598,0.00019598
2003-07-01,Other_excess,0.0354,0.0063658,0.00692451,0.00692451
2003-08-01,NoDur_excess,0.0022,0.00664004,0.00618549,0.00618549
2003-08-01,Durbl_excess,0.0796,0.00806409,0.01464012,0.01464012
2003-08-01,Manuf_excess,0.0402,0.00706692,0.00913728,0.00913728
2003-08-01,Enrgy_excess,0.0612,0.00726137,0.00483706,0.00483706
2003-08-01,HiTec_excess,0.0599,0.00812775,0.00869837,0.00869837
2003-08-01,Telcm_excess,0.0119,0.0054383,0.00345805,0.00345805
2003-08-01,Shops_excess,0.0666,0.00719151,0.00958194,0.00958194
2003-08-01,Hlth_excess,-0.0289,0.00809119,0.00463791,0.00463791
2003-08-01,Utils_excess,0.0185,0.00560958,-0.00118807,0.0
2003-08-01,Other_excess,0.0055,0.00639739,0.00847336,0.00847336
2003-09-01,NoDur_excess,0.0106,0.00663522,0.00583531,0.00583531
2003-09-01,Durbl_excess,-0.0429,0.00814185,0.01475301,0.01475301
2003-09-01,Manuf_excess,-0.0382,0.00710293,0.0092348,0.0092348
2003-09-01,Enrgy_excess,-0.0226,0.00732,0.00522913,0.00522913
2003-09-01,HiTec_excess,-0.0101,0.00818402,0.00901754,0.00901754
2003-09-01,Telcm_excess,-0.056,0.00544533,0.00335307,0.00335307
2003-09-01,Shops_excess,-0.0462,0.00725609,0.00988325,0.00988325
2003-09-01,Hlth_excess,0.0022,0.00805098,0.0042212,0.0042212
2003-09-01,Utils_excess,0.0376,0.00562359,-0.00090469,0.0
2003-09-01,Other_excess,0.0018,0.00639641,0.00808708,0.00808708
2003-10-01,NoDur_excess,0.0586,0.00663952,0.00509381,0.00509381
2003-10-01,Durbl_excess,0.0724,0.00808643,0.01252369,0.01252369
2003-10-01,Manuf_excess,0.0882,0.00705375,0.00806516,0.00806516
2003-10-01,Enrgy_excess,0.0158,0.00728751,0.00468245,0.00468245
2003-10-01,HiTec_excess,0.0821,0.00816417,0.00840304,0.00840304
2003-10-01,Telcm_excess,0.0676,0.00537861,0.00238226,0.00238226
2003-10-01,Shops_excess,0.0896,0.00719805,0.00830876,0.00830876
2003-10-01,Hlth_excess,0.008,0.00804463,0.00432889,0.00432889
2003-10-01,Utils_excess,0.0144,0.00565831,-0.00012506,0.0
2003-10-01,Other_excess,0.0627,0.00639142,0.00710637,0.00710637
2003-11-01,NoDur_excess,0.0352,0.00669588,0.00582776,0.00582776
2003-11-01,Durbl_excess,0.03,0.00815618,0.01351362,0.01351362
2003-11-01,Manuf_excess,0.0201,0.00714176,0.00879118,0.00879118
2003-11-01,Enrgy_excess,0.0058,0.00729675,0.00476111,0.00476111
2003-11-01,HiTec_excess,0.0179,0.00824436,0.00910468,0.00910468
2003-11-01,Telcm_excess,-0.007,0.0054461,0.00309416,0.00309416
2003-11-01,Shops_excess,0.0049,0.00728742,0.00933823,0.00933823
2003-11-01,Hlth_excess,0.0175,0.00804458,0.004053,0.004053
2003-11-01,Utils_excess,0.0088,0.00566779,-0.00043343,0.0
2003-11-01,Other_excess,0.0108,0.00645249,0.00784014,0.00784014
2003-12-01,NoDur_excess,0.0336,0.00672676,0.00612779,0.00612779
2003-12-01,Durbl_excess,0.1182,0.00817985,0.01359017,0.01359017
2003-12-01,Manuf_excess,0.0665,0.0071558,0.00882594,0.00882594
2003-12-01,Enrgy_excess,0.1352,0.00729512,0.00482696,0.00482696
2003-12-01,HiTec_excess,0.0207,0.00825482,0.00918594,0.00918594
2003-12-01,Telcm_excess,0.0749,0.00543261,0.00302551,0.00302551
2003-12-01,Shops_excess,-0.0221,0.00728483,0.00923378,0.00923378
2003-12-01,Hlth_excess,0.0556,0.00805482,0.00420662,0.00420662
2003-12-01,Utils_excess,0.0578,0.00567118,-0.00030958,0.0
2003-12-01,Other_excess,0.042,0.0064572,0.0078218,0.0078218
2004-01-01,NoDur_excess,-0.0001,0.00675584,0.00604362,0.00604362
2004-01-01,Durbl_excess,-0.0083,0.00829892,0.01407351,0.01407351
2004-01-01,Manuf_excess,-0.0077,0.00722002,0.00908514,0.00908514
2004-01-01,Enrgy_excess,0.0016,0.00743355,0.00587263,0.00587263
2004-01-01,HiTec_excess,0.0444,0.00826829,0.00899895,0.00899895
2004-01-01,Telcm_excess,0.0158,0.00550779,0.00352134,0.00352134
2004-01-01,Shops_excess,0.0038,0.00725303,0.00852137,0.00852137
2004-01-01,Hlth_excess,0.0303,0.00810628,0.00456066,0.00456066
2004-01-01,Utils_excess,0.0184,0.0057276,0.00013024,0.00013024
2004-01-01,Other_excess,0.0282,0.00649567,0.00778165,0.00778165
2004-02-01,NoDur_excess,0.042,0.00674843,0.00551511,0.00551511
2004-02-01,Durbl_excess,-0.0006,0.00828097,0.01287914,0.01287914
2004-02-01,Manuf_excess,0.0191,0.00720389,0.008336,0.008336
2004-02-01,Enrgy_excess,0.0448,0.00742724,0.00564944,0.00564944
2004-02-01,HiTec_excess,-0.0297,0.00830735,0.00904065,0.00904065
2004-02-01,Telcm_excess,-0.0048,0.00551892,0.003463,0.003463
2004-02-01,Shops_excess,0.0604,0.0072493,0.00788982,0.00788982
2004-02-01,Hlth_excess,0.0083,0.00813027,0.00471764,0.00471764
2004-02-01,Utils_excess,0.0205,0.0057413,0.00028424,0.00028424
2004-02-01,Other_excess,0.0207,0.00651914,0.00741611,0.00741611
2004-03-01,NoDur_excess,-0.0018,0.0067865,0.00509331,0.00509331
2004-03-01,Durbl_excess,-0.0145,0.00827138,0.01096425,0.01096425
2004-03-01,Manuf_excess,-0.0037,0.00721674,0.00739792,0.00739792
2004-03-01,Enrgy_excess,-0.0007,0.0074676,0.00568924,0.00568924
2004-03-01,HiTec_excess,-0.026,0.00826631,0.00800724,0.00800724
2004-03-01,Telcm_excess,-0.0212,0.00550778,0.00307331,0.00307331
2004-03-01,Shops_excess,0.0019,0.0073067,0.00737881,0.00737881
2004-03-01,Hlth_excess,-0.04,0.00813045,0.00457477,0.00457477
2004-03-01,Utils_excess,0.0105,0.00575724,0.00047044,0.00047044
2004-03-01,Other_excess,-0.0075,0.00653445,0.00651103,0.00651103
2004-04-01,NoDur_excess,0.0133,0.00677724,0.00500559,0.00500559
2004-04-01,Durbl_excess,0.0238,0.00824682,0.01065783,0.01065783
2004-04-01,Manuf_excess,-0.0025,0.00720496,0.00733793,0.00733793
2004-04-01,Enrgy_excess,0.0258,0.00745879,0.00571718,0.00571718
2004-04-01,HiTec_excess,-0.0497,0.00822934,0.00777453,0.00777453
2004-04-01,Telcm_excess,-0.0051,0.00547896,0.00288341,0.00288341
2004-04-01,Shops_excess,-0.028,0.00730086,0.0072943,0.0072943
2004-04-01,Hlth_excess,0.0343,0.00807853,0.00431197,0.00431197
2004-04-01,Utils_excess,-0.0365,0.00576235,0.00076227,0.00076227
2004-04-01,Other_excess,-0.0378,0.00651931,0.00635934,0.00635934
2004-05-01,NoDur_excess,-0.0197,0.00678427,0.0061926,0.0061926
2004-05-01,Durbl_excess,-0.017,0.00826358,0.0125493,0.0125493
2004-05-01,Manuf_excess,0.0161,0.0071945,0.00776962,0.00776962
2004-05-01,Enrgy_excess,0.0049,0.00747856,0.00677284,0.00677284
2004-05-01,HiTec_excess,0.0477,0.00816692,0.00787317,0.00787317
2004-05-01,Telcm_excess,-0.0302,0.00546756,0.00357061,0.00357061
2004-05-01,Shops_excess,0.0024,0.00726282,0.00800386,0.00800386
2004-05-01,Hlth_excess,-0.0048,0.00810679,0.00455862,0.00455862
2004-05-01,Utils_excess,0.012,0.00571681,0.00019391,0.00019391
2004-05-01,Other_excess,0.0166,0.00647155,0.00699824,0.00699824
2004-06-01,NoDur_excess,0.0159,0.00675576,0.00588146,0.00588146
2004-06-01,Durbl_excess,0.0526,0.00823638,0.01197043,0.01197043
2004-06-01,Manuf_excess,0.0522,0.00720409,0.00764807,0.00764807
2004-06-01,Enrgy_excess,0.0538,0.00747578,0.0066713,0.0066713
2004-06-01,HiTec_excess,0.0259,0.00820947,0.00811588,0.00811588
2004-06-01,Telcm_excess,0.0072,0.00542917,0.00321954,0.00321954
2004-06-01,Shops_excess,-0.0005,0.00725759,0.00781967,0.00781967
2004-06-01,Hlth_excess,-0.0058,0.0080929,0.00439459,0.00439459
2004-06-01,Utils_excess,0.0195,0.00572357,0.00027152,0.00027152
2004-06-01,Other_excess,0.0123,0.00648245,0.00696248,0.00696248
2004-07-01,NoDur_excess,-0.0607,0.00676559,0.00557016,0.00557016
2004-07-01,Durbl_excess,-0.0474,0.00828409,0.01132577,0.01132577
2004-07-01,Manuf_excess,-0.0416,0.00725247,0.00771885,0.00771885
2004-07-01,Enrgy_excess,0.0322,0.00752559,0.00651194,0.00651194
2004-07-01,HiTec_excess,-0.0861,0.00822849,0.00774099,0.00774099
2004-07-01,Telcm_excess,-0.011,0.00543108,0.002952,0.002952
2004-07-01,Shops_excess,-0.0413,0.00724925,0.00726981,0.00726981
2004-07-01,Hlth_excess,-0.0603,0.00807796,0.00429119,0.00429119
2004-07-01,Utils_excess,0.0096,0.00573839,0.00059817,0.00059817
2004-07-01,Other_excess,-0.024,0.00648871,0.00650636,0.00650636
2004-08-01,NoDur_excess,0.0068,0.00669313,0.00504602,0.00504602
2004-08-01,Durbl_excess,-0.0234,0.00822427,0.01078625,0.01078625
2004-08-01,Manuf_excess,0.0123,0.0072,0.0073919,0.0073919
2004-08-01,Enrgy_excess,-0.0149,0.00755209,0.0068238,0.0068238
2004-08-01,HiTec_excess,-0.0462,0.00812718,0.00707223,0.00707223
2004-08-01,Telcm_excess,0.0106,0.00541343,0.00293969,0.00293969
2004-08-01,Shops_excess,-0.0131,0.0071971,0.00689371,0.00689371
2004-08-01,Hlth_excess,0.0153,0.00800451,0.0039935,0.0039935
2004-08-01,Utils_excess,0.0356,0.00574253,0.00098557,0.00098557
2004-08-01,Other_excess,0.0177,0.00645596,0.00629027,0.00629027
2004-09-01,NoDur_excess,-0.0213,0.00669324,0.0043372,0.0043372
2004-09-01,Durbl_excess,0.0219,0.00819034,0.00894798,0.00894798
2004-09-01,Manuf_excess,0.0183,0.00720547,0.00680476,0.00680476
2004-09-01,Enrgy_excess,0.0871,0.007528,0.0060006,0.0060006
2004-09-01,HiTec_excess,0.0335,0.00806888,0.00614322,0.00614322
2004-09-01,Telcm_excess,0.0122,0.00541899,0.00259508,0.00259508
2004-09-01,Shops_excess,0.025,0.00717532,0.00593324,0.00593324
2004-09-01,Hlth_excess,-0.0152,0.00801234,0.00418526,0.00418526
2004-09-01,Utils_excess,0.0127,0.00577457,0.00148289,0.00148289
2004-09-01,Other_excess,0.0099,0.00646803,0.0055222,0.0055222
2004-10-01,NoDur_excess,0.0273,0.00666324,0.00380931,0.00380931
2004-10-01,Durbl_excess,-0.0311,0.00820504,0.0080706,0.0080706
2004-10-01,Manuf_excess,-0.0156,0.00721736,0.00642761,0.00642761
2004-10-01,Enrgy_excess,0.0053,0.00761329,0.00611943,0.00611943
2004-10-01,HiTec_excess,0.0503,0.00809614,0.00592208,0.00592208
2004-10-01,Telcm_excess,0.032,0.00542626,0.00245612,0.00245612
2004-10-01,Shops_excess,0.0295,0.00719443,0.00559778,0.00559778
2004-10-01,Hlth_excess,-0.0254,0.00798746,0.0040443,0.0040443
2004-10-01,Utils_excess,0.0413,0.00578199,0.00162305,0.00162305
2004-10-01,Other_excess,0.0098,0.0064717,0.0050493,0.0050493
2004-11-01,NoDur_excess,0.0446,0.00668533,0.0033396,0.0033396
2004-11-01,Durbl_excess,0.0712,0.00816296,0.00637173,0.00637173
2004-11-01,Manuf_excess,0.0708,0.00719293,0.00547742,0.00547742
2004-11-01,Enrgy_excess,0.0643,0.00761081,0.00564204,0.00564204
2004-11-01,HiTec_excess,0.0558,0.00814133,0.00561992,0.00561992
2004-11-01,Telcm_excess,0.0348,0.00545471,0.00234604,0.00234604
2004-11-01,Shops_excess,0.0352,0.00721831,0.00494504,0.00494504
2004-11-01,Hlth_excess,0.0052,0.00795171,0.00372607,0.00372607
2004-11-01,Utils_excess,0.0474,0.00582002,0.00183504,0.00183504
2004-11-01,Other_excess,0.0454,0.00647527,0.0042532,0.0042532
2004-12-01,NoDur_excess,0.0461,0.00672588,0.00319091,0.00319091
2004-12-01,Durbl_excess,0.0472,0.00823037,0.00538426,0.00538426
2004-12-01,Manuf_excess,0.0236,0.00726096,0.0049726,0.0049726
2004-12-01,Enrgy_excess,-0.0247,0.00767144,0.00540587,0.00540587
2004-12-01,HiTec_excess,0.0293,0.0081923,0.00508356,0.00508356
2004-12-01,Telcm_excess,0.0402,0.0054861,0.00231163,0.00231163
2004-12-01,Shops_excess,0.0334,0.00724824,0.00445438,0.00445438
2004-12-01,Hlth_excess,0.055,0.00794877,0.0033772,0.0033772
2004-12-01,Utils_excess,0.0232,0.00586449,0.00186905,0.00186905
2004-12-01,Other_excess,0.0425,0.0065169,0.00378617,0.00378617
2005-01-01,NoDur_excess,0.0007,0.00676795,0.00278159,0.00278159
2005-01-01,Durbl_excess,-0.0718,0.00827201,0.00426079,0.00426079
2005-01-01,Manuf_excess,-0.0192,0.00727842,0.00446564,0.00446564
2005-01-01,Enrgy_excess,0.0287,0.00763686,0.00452338,0.00452338
2005-01-01,HiTec_excess,-0.0648,0.00821485,0.00461052,0.00461052
2005-01-01,Telcm_excess,-0.044,0.00552318,0.00208877,0.00208877
2005-01-01,Shops_excess,-0.0119,0.00727618,0.00388907,0.00388907
2005-01-01,Hlth_excess,-0.0424,0.00799904,0.00358844,0.00358844
2005-01-01,Utils_excess,0.016,0.00588301,0.00197336,0.00197336
2005-01-01,Other_excess,-0.0233,0.00655534,0.00323536,0.00323536
2005-02-01,NoDur_excess,0.0057,0.00676147,0.00231021,0.00231021
2005-02-01,Durbl_excess,-0.0041,0.00818655,0.00265953,0.00265953
2005-02-01,Manuf_excess,0.0391,0.00725016,0.00379732,0.00379732
2005-02-01,Enrgy_excess,0.1929,0.00765934,0.00433547,0.00433547
2005-02-01,HiTec_excess,-0.0013,0.00813693,0.00390823,0.00390823
2005-02-01,Telcm_excess,-0.006,0.00547033,0.00165045,0.00165045
2005-02-01,Shops_excess,0.0047,0.00725571,0.00319715,0.00319715
2005-02-01,Hlth_excess,0.0228,0.00794525,0.00351399,0.00351399
2005-02-01,Utils_excess,0.022,0.00589381,0.0022874,0.0022874
2005-02-01,Other_excess,-0.0001,0.00652348,0.00245344,0.00245344
2005-03-01,NoDur_excess,-0.0106,0.00676034,0.00210137,0.00210137
2005-03-01,Durbl_excess,-0.0821,0.00817345,0.00174761,0.00174761
2005-03-01,Manuf_excess,-0.016,0.00728412,0.00341952,0.00341952
2005-03-01,Enrgy_excess,-0.0365,0.00785682,0.00502642,0.00502642
2005-03-01,HiTec_excess,-0.0275,0.00812687,0.00340236,0.00340236
2005-03-01,Telcm_excess,-0.0025,0.0054581,0.0015129,0.0015129
2005-03-01,Shops_excess,0.0001,0.00725299,0.00278579,0.00278579
2005-03-01,Hlth_excess,-0.0069,0.00796109,0.00346831,0.00346831
2005-03-01,Utils_excess,0.004,0.00591098,0.00230743,0.00230743
2005-03-01,Other_excess,-0.0257,0.00651642,0.00199526,0.00199526
2005-04-01,NoDur_excess,-0.0117,0.00674185,0.00216045,0.00216045
2005-04-01,Durbl_excess,-0.1126,0.00807732,0.00122997,0.00122997
2005-04-01,Manuf_excess,-0.0489,0.00725932,0.00331007,0.00331007
2005-04-01,Enrgy_excess,-0.0582,0.00780958,0.00468674,0.00468674
2005-04-01,HiTec_excess,-0.0472,0.00808892,0.0032123,0.0032123
2005-04-01,Telcm_excess,-0.0221,0.00544963,0.00158876,0.00158876
2005-04-01,Shops_excess,-0.0549,0.00724537,0.00282691,0.00282691
2005-04-01,Hlth_excess,0.0374,0.00794526,0.00358374,0.00358374
2005-04-01,Utils_excess,0.0192,0.00590895,0.0024698,0.0024698
2005-04-01,Other_excess,-0.018,0.00648211,0.00188572,0.00188572
2005-05-01,NoDur_excess,0.0209,0.00672223,0.00185717,0.00185717
2005-05-01,Durbl_excess,0.0857,0.00794894,0.00031972,0.00031972
2005-05-01,Manuf_excess,0.0267,0.00719957,0.00309022,0.00309022
2005-05-01,Enrgy_excess,0.0186,0.00773936,0.00412725,0.00412725
2005-05-01,HiTec_excess,0.0797,0.00803011,0.003007,0.003007
2005-05-01,Telcm_excess,0.0126,0.00542032,0.00133258,0.00133258
2005-05-01,Shops_excess,0.0619,0.00717926,0.00236933,0.00236933
2005-05-01,Hlth_excess,0.0124,0.0079766,0.00405786,0.00405786
2005-05-01,Utils_excess,0.0142,0.00592309,0.00283692,0.00283692
2005-05-01,Other_excess,0.03,0.00645606,0.00158846,0.00158846
2005-06-01,NoDur_excess,-0.019,0.0067373,0.00178816,0.00178816
2005-06-01,Durbl_excess,0.0187,0.00803156,0.0006552,0.0006552
2005-06-01,Manuf_excess,-0.0139,0.0072203,0.00350953,0.00350953
2005-06-01,Enrgy_excess,0.0553,0.0077509,0.00372282,0.00372282
2005-06-01,HiTec_excess,-0.0187,0.00810627,0.00329324,0.00329324
2005-06-01,Telcm_excess,-0.0004,0.00542795,0.00107533,0.00107533
2005-06-01,Shops_excess,0.0221,0.00723741,0.00268684,0.00268684
2005-06-01,Hlth_excess,-0.0081,0.0079813,0.00425812,0.00425812
2005-06-01,Utils_excess,0.0533,0.00593188,0.00303871,0.00303871
2005-06-01,Other_excess,0.0119,0.00648108,0.00170363,0.00170363
2005-07-01,NoDur_excess,0.0247,0.00670998,0.00143307,0.00143307
2005-07-01,Durbl_excess,0.0518,0.00804289,0.00018043,0.00018043
2005-07-01,Manuf_excess,0.0559,0.00719788,0.00324201,0.00324201
2005-07-01,Enrgy_excess,0.0565,0.00780138,0.00364242,0.00364242
2005-07-01,HiTec_excess,0.0589,0.00807781,0.00297039,0.00297039
2005-07-01,Telcm_excess,0.0289,0.00542176,0.00090149,0.00090149
2005-07-01,Shops_excess,0.0559,0.00725318,0.00252983,0.00252983
2005-07-01,Hlth_excess,0.0348,0.00796423,0.00431543,0.00431543
2005-07-01,Utils_excess,0.0274,0.00598217,0.00344953,0.00344953
2005-07-01,Other_excess,0.0217,0.00648684,0.00146284,0.00146284
2005-08-01,NoDur_excess,-0.0022,0.00672906,0.00150344,0.00150344
2005-08-01,Durbl_excess,-0.0317,0.00808929,-0.00010963,0.0
2005-08-01,Manuf_excess,-0.0166,0.00724952,0.00311984,0.00311984
2005-08-01,Enrgy_excess,0.0551,0.00785302,0.00359462,0.00359462
2005-08-01,HiTec_excess,-0.0068,0.00813171,0.00277553,0.00277553
2005-08-01,Telcm_excess,-0.015,0.00544666,0.00097556,0.00097556
2005-08-01,Shops_excess,-0.059,0.00730477,0.00261152,0.00261152
2005-08-01,Hlth_excess,-0.0061,0.00799268,0.00423446,0.00423446
2005-08-01,Utils_excess,0.0095,0.00600488,0.00340076,0.00340076
2005-08-01,Other_excess,-0.0197,0.00650297,0.00132425,0.00132425
2005-09-01,NoDur_excess,0.0008,0.0067196,0.00070838,0.00070838
2005-09-01,Durbl_excess,-0.0463,0.00804714,-0.00208838,0.0
2005-09-01,Manuf_excess,0.0055,0.00722426,0.00216177,0.00216177
2005-09-01,Enrgy_excess,0.0697,0.00790307,0.00318076,0.00318076
2005-09-01,HiTec_excess,0.0038,0.00811589,0.00210213,0.00210213
2005-09-01,Telcm_excess,-0.0176,0.005425,0.0005028,0.0005028
2005-09-01,Shops_excess,-0.0209,0.00723453,0.00131128,0.00131128
2005-09-01,Hlth_excess,-0.0222,0.00797775,0.0042813,0.0042813
2005-09-01,Utils_excess,0.0409,0.00600858,0.00361975,0.00361975
2005-09-01,Other_excess,0.0093,0.00647521,0.0002025,0.0002025
2005-10-01,NoDur_excess,-0.0177,0.00671333,0.00144582,0.00144582
2005-10-01,Durbl_excess,-0.0548,0.00798963,-0.0009589,0.0
2005-10-01,Manuf_excess,-0.0266,0.00722243,0.00280095,0.00280095
2005-10-01,Enrgy_excess,-0.1043,0.00796847,0.00404909,0.00404909
2005-10-01,HiTec_excess,-0.0205,0.00811132,0.00253796,0.00253796
2005-10-01,Telcm_excess,-0.033,0.00540063,0.00079714,0.00079714
2005-10-01,Shops_excess,0.0127,0.00720476,0.0019843,0.0019843
2005-10-01,Hlth_excess,-0.0353,0.00794582,0.00409437,0.00409437
2005-10-01,Utils_excess,-0.0712,0.0060455,0.0037249,0.0037249
2005-10-01,Other_excess,0.0097,0.0064782,0.00108293,0.00108293
2005-11-01,NoDur_excess,0.0068,0.00668753,0.0015482,0.0015482
2005-11-01,Durbl_excess,0.019,0.00792326,-0.0013179,0.0
2005-11-01,Manuf_excess,0.05,0.00718668,0.00261274,0.00261274
2005-11-01,Enrgy_excess,0.007,0.00784979,0.00327783,0.00327783
2005-11-01,HiTec_excess,0.0614,0.00808108,0.00229611,0.00229611
2005-11-01,Telcm_excess,0.0233,0.00536004,0.00074396,0.00074396
2005-11-01,Shops_excess,0.0363,0.00721057,0.00213884,0.00213884
2005-11-01,Hlth_excess,0.0128,0.00790011,0.00400696,0.00400696
2005-11-01,Utils_excess,-0.0053,0.00596385,0.00342674,0.00342674
2005-11-01,Other_excess,0.046,0.00648161,0.00119436,0.00119436
2005-12-01,NoDur_excess,-0.0039,0.00668765,0.0011844,0.0011844
2005-12-01,Durbl_excess,-0.0097,0.00793495,-0.00216585,0.0
2005-12-01,Manuf_excess,0.0112,0.00723189,0.00245114,0.00245114
2005-12-01,Enrgy_excess,0.0012,0.00784889,0.00277581,0.00277581
2005-12-01,HiTec_excess,-0.0223,0.00813738,0.00211878,0.00211878
2005-12-01,Telcm_excess,-0.0205,0.00537899,0.00054934,0.00054934
2005-12-01,Shops_excess,-0.0091,0.00724129,0.00187265,0.00187265
2005-12-01,Hlth_excess,0.0208,0.00790528,0.00393835,0.00393835
2005-12-01,Utils_excess,0.0092,0.00595195,0.0033513,0.0033513
2005-12-01,Other_excess,-0.0013,0.00652334,0.0009498,0.0009498
2006-01-01,NoDur_excess,-0.0025,0.00667648,0.00075799,0.00075799
2006-01-01,Durbl_excess,0.0544,0.00791635,-0.00297306,0.0
2006-01-01,Manuf_excess,0.0482,0.00723608,0.00217019,0.00217019
2006-01-01,Enrgy_excess,0.1219,0.00784188,0.00253416,0.00253416
2006-01-01,HiTec_excess,0.0371,0.00810527,0.00180046,0.00180046
2006-01-01,Telcm_excess,0.0351,0.00535169,0.00024153,0.00024153
2006-01-01,Shops_excess,0.0166,0.00722405,0.00136766,0.00136766
2006-01-01,Hlth_excess,0.0184,0.00791888,0.00411714,0.00411714
2006-01-01,Utils_excess,0.0268,0.00595538,0.00349439,0.00349439
2006-01-01,Other_excess,0.0123,0.00651508,0.00049113,0.00049113
2006-02-01,NoDur_excess,0.0081,0.00666681,0.000327,0.000327
2006-02-01,Durbl_excess,-0.0072,0.00796533,-0.00397124,0.0
2006-02-01,Manuf_excess,0.0068,0.00727924,0.00174298,0.00174298
2006-02-01,Enrgy_excess,-0.0848,0.00796207,0.0026095,0.0026095
2006-02-01,HiTec_excess,-0.0133,0.00813583,0.00127007,0.00127007
2006-02-01,Telcm_excess,0.0296,0.00538303,0.00017715,0.00017715
2006-02-01,Shops_excess,0.0106,0.00723393,0.0008493,0.0008493
2006-02-01,Hlth_excess,0.0071,0.00792993,0.00403785,0.00403785
2006-02-01,Utils_excess,-0.0011,0.00597734,0.00357608,0.00357608
2006-02-01,Other_excess,0.0065,0.00652118,-9.871e-05,0.0
2006-03-01,NoDur_excess,0.0087,0.00666832,-0.00030586,0.0
2006-03-01,Durbl_excess,0.0229,0.00794937,-0.00560204,0.0
2006-03-01,Manuf_excess,0.0264,0.00727874,0.00100467,0.00100467
2006-03-01,Enrgy_excess,0.0363,0.00786442,0.0014177,0.0014177
2006-03-01,HiTec_excess,0.0251,0.00811326,0.00058307,0.00058307
2006-03-01,Telcm_excess,0.0143,0.00540853,3.759e-05,3.759e-05
2006-03-01,Shops_excess,0.0206,0.00723747,6.732e-05,6.732e-05
2006-03-01,Hlth_excess,-0.0138,0.00792905,0.00407295,0.00407295
2006-03-01,Utils_excess,-0.0402,0.00596989,0.00364603,0.00364603
2006-03-01,Other_excess,0.015,0.00652116,-0.00093388,0.0
2006-04-01,NoDur_excess,0.0069,0.00667045,0.00043828,0.00043828
2006-04-01,Durbl_excess,-0.0008,0.00796509,-0.00446877,0.0
2006-04-01,Manuf_excess,0.0372,0.00729884,0.00132031,0.00132031
2006-04-01,Enrgy_excess,0.0416,0.00789432,0.00207393,0.00207393
2006-04-01,HiTec_excess,-0.015,0.00813113,0.00087931,0.00087931
2006-04-01,Telcm_excess,0.0111,0.00541788,0.00055693,0.00055693
2006-04-01,Shops_excess,-0.0194,0.00725152,0.00075321,0.00075321
2006-04-01,Hlth_excess,-0.0222,0.0079062,0.0037424,0.0037424
2006-04-01,Utils_excess,0.0146,0.00592135,0.00309892,0.00309892
2006-04-01,Other_excess,0.0179,0.00653007,-0.00026755,0.0
2006-05-01,NoDur_excess,0.0063,0.00667069,0.00066565,0.00066565
2006-05-01,Durbl_excess,0.002,0.00795588,-0.00438159,0.0
2006-05-01,Manuf_excess,-0.0378,0.00733025,0.0013554,0.0013554
2006-05-01,Enrgy_excess,-0.0389,0.00792973,0.0023704,0.0023704
2006-05-01,HiTec_excess,-0.0733,0.00810683,0.00067588,0.00067588
2006-05-01,Telcm_excess,-0.0043,0.00542384,0.00076016,0.00076016
2006-05-01,Shops_excess,-0.023,0.00722353,0.00069485,0.00069485
2006-05-01,Hlth_excess,-0.0263,0.00787458,0.00345322,0.00345322
2006-05-01,Utils_excess,0.0108,0.00593046,0.0030341,0.0030341
2006-05-01,Other_excess,-0.0352,0.00654202,-0.00010739,0.0
2006-06-01,NoDur_excess,-0.001,0.0066703,0.00063721,0.00063721
2006-06-01,Durbl_excess,0.0147,0.00794963,-0.00477837,0.0
2006-06-01,Manuf_excess,-0.009,0.0072829,0.00081277,0.00081277
2006-06-01,Enrgy_excess,0.0233,0.00788059,0.00209903,0.00209903
2006-06-01,HiTec_excess,-0.0183,0.00802141,0.00020763,0.00020763
2006-06-01,Telcm_excess,0.0255,0.00541364,0.00083378,0.00083378
2006-06-01,Shops_excess,-0.0011,0.00719182,0.00034658,0.00034658
2006-06-01,Hlth_excess,-0.0051,0.00783872,0.00342711,0.00342711
2006-06-01,Utils_excess,0.0202,0.00593557,0.00318731,0.00318731
2006-06-01,Other_excess,-0.0075,0.00649822,-0.00052753,0.0
2006-07-01,NoDur_excess,0.0315,0.00666226,0.00076297,0.00076297
2006-07-01,Durbl_excess,-0.0341,0.00795671,-0.00436389,0.0
2006-07-01,Manuf_excess,-0.0405,0.00726583,0.00112051,0.00112051
2006-07-01,Enrgy_excess,0.0466,0.00789675,0.00212839,0.00212839
2006-07-01,HiTec_excess,-0.0418,0.00799382,0.00022667,0.00022667
2006-07-01,Telcm_excess,0.0204,0.0054347,0.00096143,0.00096143
2006-07-01,Shops_excess,-0.0469,0.00718312,0.00057493,0.00057493
2006-07-01,Hlth_excess,0.0372,0.00782516,0.00354162,0.00354162
2006-07-01,Utils_excess,0.0443,0.00595052,0.00341837,0.00341837
2006-07-01,Other_excess,-0.0131,0.00648354,-0.0003394,0.0
2006-08-01,NoDur_excess,0.0264,0.00668827,0.00051957,0.00051957
2006-08-01,Durbl_excess,0.0195,0.00791267,-0.00550055,0.0
2006-08-01,Manuf_excess,0.0163,0.00721581,0.00051143,0.00051143
2006-08-01,Enrgy_excess,-0.0366,0.00793728,0.00192733,0.00192733
2006-08-01,HiTec_excess,0.0699,0.00794168,-0.00040943,0.0
2006-08-01,Telcm_excess,0.0186,0.00545037,0.00083499,0.00083499
2006-08-01,Shops_excess,0.018,0.00712649,-0.0001847,0.0
2006-08-01,Hlth_excess,0.0191,0.00785592,0.00376756,0.00376756
2006-08-01,Utils_excess,0.0186,0.00599068,0.00375964,0.00375964
2006-08-01,Other_excess,0.0131,0.00646304,-0.00092493,0.0
2006-09-01,NoDur_excess,-0.0106,0.00670889,0.00021077,0.00021077
2006-09-01,Durbl_excess,0.0381,0.00792479,-0.00619714,0.0
2006-09-01,Manuf_excess,0.0148,0.00722531,0.00029231,0.00029231
2006-09-01,Enrgy_excess,-0.0422,0.00789069,0.00135126,0.00135126
2006-09-01,HiTec_excess,0.0316,0.00800649,-0.00028174,0.0
2006-09-01,Telcm_excess,0.0325,0.00546412,0.00066701,0.00066701
2006-09-01,Shops_excess,0.0528,0.00713787,-0.00057129,0.0
2006-09-01,Hlth_excess,0.0112,0.00786768,0.00384694,0.00384694
2006-09-01,Utils_excess,-0.0253,0.00600387,0.00391872,0.00391872
2006-09-01,Other_excess,0.0283,0.00646998,-0.00133389,0.0
2006-10-01,NoDur_excess,0.024,0.0066908,0.00011339,0.00011339
2006-10-01,Durbl_excess,0.0455,0.00795632,-0.00562899,0.0
2006-10-01,Manuf_excess,0.0401,0.00723323,0.00060054,0.00060054
2006-10-01,Enrgy_excess,0.0479,0.00783835,0.0011554,0.0011554
2006-10-01,HiTec_excess,0.0363,0.00803114,8.389e-05,8.389e-05
2006-10-01,Telcm_excess,0.0479,0.00549237,0.00083362,0.00083362
2006-10-01,Shops_excess,0.0351,0.00718558,-0.00011282,0.0
2006-10-01,Hlth_excess,0.0129,0.00787116,0.00388622,0.00388622
2006-10-01,Utils_excess,0.0495,0.00597116,0.0037068,0.0037068
2006-10-01,Other_excess,0.0254,0.00649279,-0.00102229,0.0
2006-11-01,NoDur_excess,0.0103,0.00670887,-6.495e-05,0.0
2006-11-01,Durbl_excess,0.0138,0.00799551,-0.00608697,0.0
2006-11-01,Manuf_excess,0.0312,0.00726754,0.00047851,0.00047851
2006-11-01,Enrgy_excess,0.0817,0.00788017,0.00111042,0.00111042
2006-11-01,HiTec_excess,0.026,0.00806065,-7.328e-05,0.0
2006-11-01,Telcm_excess,0.0021,0.00553664,0.0009647,0.0009647
2006-11-01,Shops_excess,-0.0165,0.00721472,-0.00028647,0.0
2006-11-01,Hlth_excess,-0.0035,0.00787641,0.00382419,0.00382419
2006-11-01,Utils_excess,0.0264,0.0060166,0.00399065,0.00399065
2006-11-01,Other_excess,0.0118,0.00651253,-0.00127739,0.0
2006-12-01,NoDur_excess,0.0162,0.00671262,-0.00041687,0.0
2006-12-01,Durbl_excess,-0.0121,0.00800156,-0.00680736,0.0
2006-12-01,Manuf_excess,0.001,0.00729249,0.00027167,0.00027167
2006-12-01,Enrgy_excess,-0.0233,0.00795714,0.00146788,0.00146788
2006-12-01,HiTec_excess,-0.0137,0.00807935,-0.00017336,0.0
2006-12-01,Telcm_excess,0.0393,0.00553306,0.00078303,0.00078303
2006-12-01,Shops_excess,0.0106,0.00718999,-0.00091983,0.0
2006-12-01,Hlth_excess,-0.0027,0.00786455,0.00371444,0.00371444
2006-12-01,Utils_excess,0.0033,0.00603785,0.00417843,0.00417843
2006-12-01,Other_excess,0.0281,0.00651804,-0.00168993,0.0
2007-01-01,NoDur_excess,0.011,0.0067225,0.00035291,0.00035291
2007-01-01,Durbl_excess,0.0247,0.00798063,-0.00549828,0.0
2007-01-01,Manuf_excess,0.0272,0.00728594,0.00088202,0.00088202
2007-01-01,Enrgy_excess,-0.0177,0.00792458,0.00173593,0.00173593
2007-01-01,HiTec_excess,0.0155,0.00805667,0.00016397,0.00016397
2007-01-01,Telcm_excess,0.0229,0.00556823,0.00135307,0.00135307
2007-01-01,Shops_excess,0.032,0.00719354,-7.251e-05,0.0
2007-01-01,Hlth_excess,0.0307,0.00785354,0.00365641,0.00365641
2007-01-01,Utils_excess,0.0004,0.006035,0.00404763,0.00404763
2007-01-01,Other_excess,0.0061,0.00654052,-0.00070033,0.0
2007-02-01,NoDur_excess,-0.0187,0.00672695,0.00052899,0.00052899
2007-02-01,Durbl_excess,-0.0078,0.00799802,-0.00525762,0.0
2007-02-01,Manuf_excess,0.0033,0.00730666,0.0011195,0.0011195
2007-02-01,Enrgy_excess,-0.025,0.00789792,0.00146853,0.00146853
2007-02-01,HiTec_excess,-0.0273,0.00806441,0.00016749,0.00016749
2007-02-01,Telcm_excess,-0.0316,0.00558626,0.00151937,0.00151937
2007-02-01,Shops_excess,-0.0106,0.00721935,0.00024015,0.00024015
2007-02-01,Hlth_excess,-0.0323,0.00787732,0.00382606,0.00382606
2007-02-01,Utils_excess,0.0378,0.00602914,0.00402136,0.00402136
2007-02-01,Other_excess,-0.0267,0.00654006,-0.00057902,0.0
2007-03-01,NoDur_excess,0.0222,0.00670052,-0.00014576,0.0
2007-03-01,Durbl_excess,-0.0153,0.0079816,-0.00642051,0.0
2007-03-01,Manuf_excess,0.0121,0.00730249,0.00058032,0.00058032
2007-03-01,Enrgy_excess,0.0547,0.00786372,0.00098309,0.00098309
2007-03-01,HiTec_excess,0.0044,0.00802765,-0.00028047,0.0
2007-03-01,Telcm_excess,0.0188,0.00554761,0.00112906,0.00112906
2007-03-01,Shops_excess,0.0037,0.00720083,-0.00050064,0.0
2007-03-01,Hlth_excess,-0.0068,0.00783555,0.00370033,0.00370033
2007-03-01,Utils_excess,0.039,0.00606216,0.00445027,0.00445027
2007-03-01,Other_excess,-0.0069,0.00650551,-0.00143464,0.0
2007-04-01,NoDur_excess,0.0318,0.00671661,0.00067968,0.00067968
2007-04-01,Durbl_excess,0.0577,0.00795742,-0.00498689,0.0
2007-04-01,Manuf_excess,0.0397,0.00730748,0.00148218,0.00148218
2007-04-01,Enrgy_excess,0.0469,0.00791236,0.00180692,0.00180692
2007-04-01,HiTec_excess,0.0441,0.00802388,0.00028455,0.00028455
2007-04-01,Telcm_excess,0.013,0.00556137,0.00151036,0.00151036
2007-04-01,Shops_excess,0.0184,0.0071972,0.00038195,0.00038195
2007-04-01,Hlth_excess,0.0634,0.00782035,0.00370563,0.00370563
2007-04-01,Utils_excess,0.0348,0.00609637,0.00467173,0.00467173
2007-04-01,Other_excess,0.0286,0.00649159,-0.00061091,0.0
2007-05-01,NoDur_excess,0.0247,0.00674263,0.00062534,0.00062534
2007-05-01,Durbl_excess,0.0276,0.00800902,-0.00499921,0.0
2007-05-01,Manuf_excess,0.0436,0.00734108,0.00146117,0.00146117
2007-05-01,Enrgy_excess,0.0674,0.0079528,0.00202579,0.00202579
2007-05-01,HiTec_excess,0.0351,0.00806131,0.00035043,0.00035043
2007-05-01,Telcm_excess,0.069,0.00556909,0.00142553,0.00142553
2007-05-01,Shops_excess,0.0195,0.00720882,0.00020832,0.00020832
2007-05-01,Hlth_excess,0.0073,0.00787801,0.00390536,0.00390536
2007-05-01,Utils_excess,0.0078,0.00612614,0.00473456,0.00473456
2007-05-01,Other_excess,0.0276,0.00651452,-0.00069905,0.0
2007-06-01,NoDur_excess,-0.0146,0.00676124,0.00123557,0.00123557
2007-06-01,Durbl_excess,0.0148,0.00802933,-0.00372779,0.0
2007-06-01,Manuf_excess,-0.0108,0.00737865,0.00214681,0.00214681
2007-06-01,Enrgy_excess,0.0046,0.0080144,0.0028469,0.0028469
2007-06-01,HiTec_excess,0.0013,0.00808933,0.00087078,0.00087078
2007-06-01,Telcm_excess,-0.022,0.00563482,0.0020286,0.0020286
2007-06-01,Shops_excess,-0.0237,0.00722155,0.00089541,0.00089541
2007-06-01,Hlth_excess,-0.0377,0.00787741,0.00376931,0.00376931
2007-06-01,Utils_excess,-0.0522,0.00612788,0.00449671,0.00449671
2007-06-01,Other_excess,-0.0317,0.00653637,6.772e-05,6.772e-05
2007-07-01,NoDur_excess,-0.0455,0.00673913,0.00155969,0.00155969
2007-07-01,Durbl_excess,-0.062,0.00803634,-0.00268814,0.0
2007-07-01,Manuf_excess,-0.0042,0.00735983,0.00239844,0.00239844
2007-07-01,Enrgy_excess,-0.015,0.00801087,0.00326796,0.00326796
2007-07-01,HiTec_excess,-0.0146,0.0080823,0.00130838,0.00130838
2007-07-01,Telcm_excess,-0.0351,0.00560621,0.00210241,0.00210241
2007-07-01,Shops_excess,-0.0572,0.00718954,0.00123231,0.00123231
2007-07-01,Hlth_excess,-0.0442,0.00783023,0.00362171,0.00362171
2007-07-01,Utils_excess,-0.0413,0.00606749,0.00409116,0.00409116
2007-07-01,Other_excess,-0.0567,0.00649679,0.00037801,0.00037801
2007-08-01,NoDur_excess,0.014,0.00668511,0.00087848,0.00087848
2007-08-01,Durbl_excess,-0.0221,0.00796391,-0.00411934,0.0
2007-08-01,Manuf_excess,0.0026,0.00734788,0.00194894,0.00194894
2007-08-01,Enrgy_excess,-0.0019,0.00798707,0.00277132,0.00277132
2007-08-01,HiTec_excess,0.0247,0.00805884,0.00095763,0.00095763
2007-08-01,Telcm_excess,-0.0128,0.00556412,0.00180704,0.00180704
2007-08-01,Shops_excess,0.0111,0.00712296,0.00033864,0.00033864
2007-08-01,Hlth_excess,0.019,0.00777642,0.00359769,0.00359769
2007-08-01,Utils_excess,0.0142,0.00601851,0.00415815,0.00415815
2007-08-01,Other_excess,0.0076,0.00643144,-0.00053353,0.0
2007-09-01,NoDur_excess,0.0368,0.00669267,0.00140306,0.00140306
2007-09-01,Durbl_excess,0.014,0.00793285,-0.00243763,0.0
2007-09-01,Manuf_excess,0.0511,0.00734298,0.00269806,0.00269806
2007-09-01,Enrgy_excess,0.0752,0.00797686,0.00369299,0.00369299
2007-09-01,HiTec_excess,0.0385,0.00807603,0.00202245,0.00202245
2007-09-01,Telcm_excess,0.0173,0.00554514,0.00193049,0.00193049
2007-09-01,Shops_excess,-0.0097,0.00712707,0.00117322,0.00117322
2007-09-01,Hlth_excess,0.0322,0.00778802,0.00373697,0.00373697
2007-09-01,Utils_excess,0.0316,0.00602696,0.00404314,0.00404314
2007-09-01,Other_excess,0.0231,0.00643264,0.00036493,0.00036493
2007-10-01,NoDur_excess,0.0186,0.00672374,0.00190782,0.00190782
2007-10-01,Durbl_excess,0.0063,0.00793911,-0.00121194,0.0
2007-10-01,Manuf_excess,0.0065,0.00738813,0.00343682,0.00343682
2007-10-01,Enrgy_excess,0.0247,0.00804623,0.0045187,0.0045187
2007-10-01,HiTec_excess,0.0647,0.00810743,0.00263502,0.00263502
2007-10-01,Telcm_excess,-0.025,0.00555728,0.00210028,0.00210028
2007-10-01,Shops_excess,0.0085,0.0071097,0.00166223,0.00166223
2007-10-01,Hlth_excess,0.0109,0.00781321,0.00377729,0.00377729
2007-10-01,Utils_excess,0.0624,0.00605335,0.00398514,0.00398514
2007-10-01,Other_excess,-0.0008,0.00644985,0.00105129,0.00105129
2007-11-01,NoDur_excess,0.0051,0.00673598,0.00170259,0.00170259
2007-11-01,Durbl_excess,-0.093,0.00793742,-0.00176138,0.0
2007-11-01,Manuf_excess,-0.03,0.00738722,0.00316219,0.00316219
2007-11-01,Enrgy_excess,-0.0468,0.0080634,0.00446251,0.00446251
2007-11-01,HiTec_excess,-0.0785,0.00816577,0.00272917,0.00272917
2007-11-01,Telcm_excess,-0.0659,0.00552577,0.00185237,0.00185237
2007-11-01,Shops_excess,-0.0407,0.00711113,0.001346,0.001346
2007-11-01,Hlth_excess,-0.0033,0.00781639,0.00376087,0.00376087
2007-11-01,Utils_excess,-0.0105,0.00611144,0.0042669,0.0042669
2007-11-01,Other_excess,-0.0632,0.00644237,0.00069518,0.00069518
2007-12-01,NoDur_excess,-0.0128,0.00673429,0.00271903,0.00271903
2007-12-01,Durbl_excess,-0.0243,0.00783347,0.00105392,0.00105392
2007-12-01,Manuf_excess,0.0073,0.00734871,0.00497326,0.00497326
2007-12-01,Enrgy_excess,0.0743,0.0080069,0.00543215,0.00543215
2007-12-01,HiTec_excess,0.0119,0.00807652,0.00409351,0.00409351
2007-12-01,Telcm_excess,-0.0052,0.00545221,0.00203373,0.00203373
2007-12-01,Shops_excess,-0.0295,0.00706189,0.00278897,0.00278897
2007-12-01,Hlth_excess,-0.0422,0.00780494,0.00438363,0.00438363
2007-12-01,Utils_excess,0.0063,0.00609434,0.0045344,0.0045344
2007-12-01,Other_excess,-0.0376,0.00637065,0.00210982,0.00210982
2008-01-01,NoDur_excess,-0.054,0.0067142,0.00385144,0.00385144
2008-01-01,Durbl_excess,-0.0541,0.00780041,0.00400366,0.00400366
2008-01-01,Manuf_excess,-0.0764,0.00734866,0.0068429,0.0068429
2008-01-01,Enrgy_excess,-0.0932,0.0080751,0.00657788,0.00657788
2008-01-01,HiTec_excess,-0.1256,0.00808045,0.00540167,0.00540167
2008-01-01,Telcm_excess,-0.0799,0.00544126,0.00247794,0.00247794
2008-01-01,Shops_excess,-0.0068,0.00702428,0.00435774,0.00435774
2008-01-01,Hlth_excess,-0.0482,0.0077535,0.00457718,0.00457718
2008-01-01,Utils_excess,-0.0714,0.00609455,0.00471772,0.00471772
2008-01-01,Other_excess,-0.0225,0.00632541,0.00367562,0.00367562
2008-02-01,NoDur_excess,-0.0026,0.0066518,0.00418002,0.00418002
2008-02-01,Durbl_excess,-0.0613,0.00773679,0.00536593,0.00536593
2008-02-01,Manuf_excess,0.0061,0.00726259,0.00735203,0.00735203
2008-02-01,Enrgy_excess,0.0681,0.00797102,0.00678775,0.00678775
2008-02-01,HiTec_excess,-0.0371,0.00794306,0.00579808,0.00579808
2008-02-01,Telcm_excess,-0.0398,0.00535355,0.00252995,0.00252995
2008-02-01,Shops_excess,-0.0478,0.00701007,0.00515524,0.00515524
2008-02-01,Hlth_excess,-0.0106,0.00769599,0.00486823,0.00486823
2008-02-01,Utils_excess,-0.0316,0.0060149,0.00464776,0.00464776
2008-02-01,Other_excess,-0.0803,0.00629579,0.00444475,0.00444475
2008-03-01,NoDur_excess,0.0101,0.0066423,0.00552623,0.00552623
2008-03-01,Durbl_excess,-0.0431,0.00766591,0.00892019,0.00892019
2008-03-01,Manuf_excess,-0.0032,0.0072614,0.00923281,0.00923281
2008-03-01,Enrgy_excess,-0.0306,0.00803275,0.00844447,0.00844447
2008-03-01,HiTec_excess,0.005,0.00789682,0.00739574,0.00739574
2008-03-01,Telcm_excess,-0.0022,0.00530719,0.00308281,0.00308281
2008-03-01,Shops_excess,0.0168,0.0069538,0.00693557,0.00693557
2008-03-01,Hlth_excess,-0.0194,0.00767721,0.00526825,0.00526825
2008-03-01,Utils_excess,0.0064,0.00597628,0.00451859,0.00451859
2008-03-01,Other_excess,-0.0211,0.00620688,0.00618921,0.00618921
2008-04-01,NoDur_excess,-0.0133,0.00664585,0.00701492,0.00701492
2008-04-01,Durbl_excess,0.0638,0.00761385,0.01314476,0.01314476
2008-04-01,Manuf_excess,0.0489,0.00725067,0.01143774,0.01143774
2008-04-01,Enrgy_excess,0.1045,0.00799313,0.00994914,0.00994914
2008-04-01,HiTec_excess,0.0626,0.00789385,0.00939128,0.00939128
2008-04-01,Telcm_excess,0.0444,0.00529949,0.00374026,0.00374026
2008-04-01,Shops_excess,0.0483,0.0069639,0.00922921,0.00922921
2008-04-01,Hlth_excess,0.0025,0.00764944,0.0055337,0.0055337
2008-04-01,Utils_excess,0.0621,0.00597672,0.00443903,0.00443903
2008-04-01,Other_excess,0.0329,0.00617887,0.00844167,0.00844167
2008-05-01,NoDur_excess,0.032,0.00662541,0.00725116,0.00725116
2008-05-01,Durbl_excess,0.0115,0.00767141,0.01402083,0.01402083
2008-05-01,Manuf_excess,0.0312,0.00729334,0.01190762,0.01190762
2008-05-01,Enrgy_excess,0.041,0.00809201,0.01048151,0.01048151
2008-05-01,HiTec_excess,0.0547,0.0079499,0.00962254,0.00962254
2008-05-01,Telcm_excess,0.0461,0.00533955,0.00396925,0.00396925
2008-05-01,Shops_excess,0.0101,0.00700625,0.00982796,0.00982796
2008-05-01,Hlth_excess,0.0144,0.00764416,0.00527651,0.00527651
2008-05-01,Utils_excess,0.0341,0.00603422,0.00449522,0.00449522
2008-05-01,Other_excess,-0.0257,0.00620625,0.00894737,0.00894737
2008-06-01,NoDur_excess,-0.0751,0.00665138,0.00681835,0.00681835
2008-06-01,Durbl_excess,-0.1967,0.00767533,0.01205564,0.01205564
2008-06-01,Manuf_excess,-0.0936,0.00731781,0.01087652,0.01087652
2008-06-01,Enrgy_excess,0.0265,0.00812569,0.00986647,0.00986647
2008-06-01,HiTec_excess,-0.0899,0.00799775,0.00887235,0.00887235
2008-06-01,Telcm_excess,-0.1109,0.00538127,0.00393522,0.00393522
2008-06-01,Shops_excess,-0.0826,0.00700942,0.00885976,0.00885976
2008-06-01,Hlth_excess,-0.0318,0.00765107,0.00510431,0.00510431
2008-06-01,Utils_excess,-0.0058,0.00606295,0.00457528,0.00457528
2008-06-01,Other_excess,-0.1493,0.00617359,0.00776463,0.00776463
2008-07-01,NoDur_excess,0.0211,0.00656779,0.00654589,0.00654589
2008-07-01,Durbl_excess,-0.0081,0.00746636,0.01113723,0.01113723
2008-07-01,Manuf_excess,-0.0039,0.00721462,0.01047603,0.01047603
2008-07-01,Enrgy_excess,-0.1581,0.00814448,0.00990302,0.00990302
2008-07-01,HiTec_excess,-0.0072,0.00789765,0.00874703,0.00874703
2008-07-01,Telcm_excess,-0.0324,0.00526237,0.00367487,0.00367487
2008-07-01,Shops_excess,0.0099,0.00691779,0.00848634,0.00848634
2008-07-01,Hlth_excess,0.066,0.00761074,0.0055277,0.0055277
2008-07-01,Utils_excess,-0.0725,0.00605082,0.00494632,0.00494632
2008-07-01,Other_excess,0.0424,0.00601462,0.007157,0.007157
2008-08-01,NoDur_excess,0.0159,0.00658264,0.00737099,0.00737099
2008-08-01,Durbl_excess,0.0153,0.00745046,0.01305462,0.01305462
2008-08-01,Manuf_excess,0.0129,0.00720327,0.0115493,0.0115493
2008-08-01,Enrgy_excess,-0.0017,0.00797467,0.00988386,0.00988386
2008-08-01,HiTec_excess,0.0227,0.00788223,0.00953549,0.00953549
2008-08-01,Telcm_excess,0.0387,0.0052239,0.00385467,0.00385467
2008-08-01,Shops_excess,0.0526,0.00692084,0.00959862,0.00959862
2008-08-01,Hlth_excess,0.0164,0.00767038,0.00598574,0.00598574
2008-08-01,Utils_excess,-0.0059,0.00597058,0.0047021,0.0047021
2008-08-01,Other_excess,0.0054,0.00605179,0.0083953,0.0083953
2008-09-01,NoDur_excess,-0.0311,0.00659214,0.00703498,0.00703498
2008-09-01,Durbl_excess,-0.0914,0.00745847,0.0122508,0.0122508
2008-09-01,Manuf_excess,-0.1366,0.00720908,0.01133215,0.01133215
2008-09-01,Enrgy_excess,-0.1227,0.0079648,0.00951137,0.00951137
2008-09-01,HiTec_excess,-0.1262,0.00789735,0.00928256,0.00928256
2008-09-01,Telcm_excess,-0.1276,0.00525806,0.00376392,0.00376392
2008-09-01,Shops_excess,-0.0591,0.00696745,0.00933272,0.00933272
2008-09-01,Hlth_excess,-0.061,0.00767929,0.00600001,0.00600001
2008-09-01,Utils_excess,-0.1199,0.00595847,0.00476386,0.00476386
2008-09-01,Other_excess,-0.0646,0.00605112,0.00791737,0.00791737
2008-10-01,NoDur_excess,-0.1349,0.00655372,0.00851144,0.00851144
2008-10-01,Durbl_excess,-0.337,0.0073577,0.01616448,0.01616448
2008-10-01,Manuf_excess,-0.2079,0.00706249,0.01300444,0.01300444
2008-10-01,Enrgy_excess,-0.1686,0.0078316,0.01049948,0.01049948
2008-10-01,HiTec_excess,-0.1834,0.00776065,0.01089243,0.01089243
2008-10-01,Telcm_excess,-0.1561,0.00512263,0.00414176,0.00414176
2008-10-01,Shops_excess,-0.1516,0.0069001,0.01138646,0.01138646
2008-10-01,Hlth_excess,-0.1111,0.00760928,0.0065803,0.0065803
2008-10-01,Utils_excess,-0.112,0.00583017,0.00455427,0.00455427
2008-10-01,Other_excess,-0.198,0.0059791,0.01001963,0.01001963
2008-11-01,NoDur_excess,-0.044,0.00640967,0.01261542,0.01261542
2008-11-01,Durbl_excess,-0.1074,0.00700703,0.02553369,0.02553369
2008-11-01,Manuf_excess,-0.0771,0.00684358,0.01886096,0.01886096
2008-11-01,Enrgy_excess,0.0011,0.00765193,0.01212261,0.01212261
2008-11-01,HiTec_excess,-0.109,0.00756599,0.01454135,0.01454135
2008-11-01,Telcm_excess,-0.0161,0.00495845,0.005154,0.005154
2008-11-01,Shops_excess,-0.0771,0.0067387,0.01722433,0.01722433
2008-11-01,Hlth_excess,-0.0736,0.00748839,0.00800544,0.00800544
2008-11-01,Utils_excess,0.0123,0.00571018,0.00493174,0.00493174
2008-11-01,Other_excess,-0.1239,0.00577138,0.01544836,0.01544836
2008-12-01,NoDur_excess,0.0087,0.00635839,0.01275799,0.01275799
2008-12-01,Durbl_excess,0.0017,0.00689064,0.02715016,0.02715016
2008-12-01,Manuf_excess,0.0139,0.00675819,0.02091314,0.02091314
2008-12-01,Enrgy_excess,-0.0243,0.00764527,0.01263228,0.01263228
2008-12-01,HiTec_excess,0.0217,0.00744741,0.01513546,0.01513546
2008-12-01,Telcm_excess,0.0347,0.00493703,0.00491273,0.00491273
2008-12-01,Shops_excess,0.0489,0.00665341,0.01786424,0.01786424
2008-12-01,Hlth_excess,0.0674,0.0074059,0.00834075,0.00834075
2008-12-01,Utils_excess,-0.0204,0.00571689,0.00612914,0.00612914
2008-12-01,Other_excess,0.0081,0.00563947,0.01554851,0.01554851
2009-01-01,NoDur_excess,-0.0505,0.00636077,0.0125515,0.0125515
2009-01-01,Durbl_excess,-0.1269,0.00688537,0.02720975,0.02720975
2009-01-01,Manuf_excess,-0.0922,0.00676545,0.02205311,0.02205311
2009-01-01,Enrgy_excess,-0.0353,0.0076128,0.01193376,0.01193376
2009-01-01,HiTec_excess,-0.032,0.00746189,0.01557352,0.01557352
2009-01-01,Telcm_excess,-0.1032,0.00496728,0.00486949,0.00486949
2009-01-01,Shops_excess,-0.0761,0.00669634,0.01853878,0.01853878
2009-01-01,Hlth_excess,-0.022,0.00746687,0.0094972,0.0094972
2009-01-01,Utils_excess,-0.0084,0.00569035,0.00628363,0.00628363
2009-01-01,Other_excess,-0.1766,0.00564197,0.01553487,0.01553487
2009-02-01,NoDur_excess,-0.0767,0.00630305,0.01258632,0.01258632
2009-02-01,Durbl_excess,-0.1215,0.00674954,0.02622993,0.02622993
2009-02-01,Manuf_excess,-0.1354,0.00666497,0.01978532,0.01978532
2009-02-01,Enrgy_excess,-0.1252,0.00756924,0.01209252,0.01209252
2009-02-01,HiTec_excess,-0.0509,0.00742183,0.01528955,0.01528955
2009-02-01,Telcm_excess,-0.0696,0.00485746,0.00437797,0.00437797
2009-02-01,Shops_excess,-0.0306,0.00661228,0.01781405,0.01781405
2009-02-01,Hlth_excess,-0.1083,0.00743695,0.0090032,0.0090032
2009-02-01,Utils_excess,-0.1253,0.00567604,0.00567212,0.00567212
2009-02-01,Other_excess,-0.146,0.00545695,0.01373363,0.01373363
2009-03-01,NoDur_excess,0.0642,0.00621886,0.01152671,0.01152671
2009-03-01,Durbl_excess,0.1219,0.00661947,0.02403786,0.02403786
2009-03-01,Manuf_excess,0.0759,0.00652089,0.01730556,0.01730556
2009-03-01,Enrgy_excess,0.0394,0.00743458,0.01099527,0.01099527
2009-03-01,HiTec_excess,0.1145,0.00736268,0.01478406,0.01478406
2009-03-01,Telcm_excess,0.0793,0.00478195,0.00437844,0.00437844
2009-03-01,Shops_excess,0.0996,0.00657454,0.01676461,0.01676461
2009-03-01,Hlth_excess,0.0739,0.00731957,0.00822912,0.00822912
2009-03-01,Utils_excess,0.028,0.0055432,0.00464922,0.00464922
2009-03-01,Other_excess,0.1305,0.00530335,0.01213173,0.01213173
2009-04-01,NoDur_excess,0.0496,0.00627761,0.01103256,0.01103256
2009-04-01,Durbl_excess,0.4431,0.00673627,0.02330852,0.02330852
2009-04-01,Manuf_excess,0.1705,0.00659119,0.0175095,0.0175095
2009-04-01,Enrgy_excess,0.0453,0.00746697,0.01042102,0.01042102
2009-04-01,HiTec_excess,0.1228,0.00747123,0.01493417,0.01493417
2009-04-01,Telcm_excess,0.0964,0.00485745,0.00401663,0.00401663
2009-04-01,Shops_excess,0.0953,0.00666879,0.01665634,0.01665634
2009-04-01,Hlth_excess,-0.0095,0.00738703,0.00833314,0.00833314
2009-04-01,Utils_excess,0.0208,0.00556596,0.00467059,0.00467059
2009-04-01,Other_excess,0.1621,0.00543019,0.01192229,0.01192229
2009-05-01,NoDur_excess,0.0716,0.00632146,0.01188029,0.01188029
2009-05-01,Durbl_excess,-0.0322,0.00717794,0.0286381,0.0286381
2009-05-01,Manuf_excess,0.055,0.00675709,0.0192925,0.0192925
2009-05-01,Enrgy_excess,0.105,0.00750526,0.01062135,0.01062135
2009-05-01,HiTec_excess,0.0304,0.00758796,0.01570623,0.01570623
2009-05-01,Telcm_excess,0.0105,0.0049501,0.00472265,0.00472265
2009-05-01,Shops_excess,-0.0093,0.0067585,0.0181754,0.0181754
2009-05-01,Hlth_excess,0.0621,0.00736994,0.00728224,0.00728224
2009-05-01,Utils_excess,0.0464,0.00558138,0.00394379,0.00394379
2009-05-01,Other_excess,0.0716,0.00558877,0.0138101,0.0138101
2009-06-01,NoDur_excess,0.0064,0.00638746,0.01130488,0.01130488
2009-06-01,Durbl_excess,0.0439,0.00713812,0.02458038,0.02458038
2009-06-01,Manuf_excess,-0.0174,0.00680586,0.01723553,0.01723553
2009-06-01,Enrgy_excess,-0.0479,0.00760384,0.0114311,0.0114311
2009-06-01,HiTec_excess,0.0452,0.00761102,0.01434743,0.01434743
2009-06-01,Telcm_excess,0.0164,0.00495571,0.00452208,0.00452208
2009-06-01,Shops_excess,-0.003,0.00674226,0.01590743,0.01590743
2009-06-01,Hlth_excess,0.036,0.00742528,0.00709591,0.00709591
2009-06-01,Utils_excess,0.0463,0.00562265,0.00388875,0.00388875
2009-06-01,Other_excess,-0.0201,0.00565551,0.01292876,0.01292876
2009-07-01,NoDur_excess,0.073,0.00638747,0.00953725,0.00953725
2009-07-01,Durbl_excess,0.1975,0.00717525,0.02036944,0.02036944
2009-07-01,Manuf_excess,0.1132,0.00678141,0.01395158,0.01395158
2009-07-01,Enrgy_excess,0.0534,0.00754778,0.01081205,0.01081205
2009-07-01,HiTec_excess,0.0809,0.00764899,0.01300713,0.01300713
2009-07-01,Telcm_excess,0.0553,0.00496727,0.00447538,0.00447538
2009-07-01,Shops_excess,0.0676,0.00673242,0.01317089,0.01317089
2009-07-01,Hlth_excess,0.0547,0.00745414,0.0067765,0.0067765
2009-07-01,Utils_excess,0.044,0.00566374,0.00397633,0.00397633
2009-07-01,Other_excess,0.0916,0.00562949,0.01072796,0.01072796
2009-08-01,NoDur_excess,0.0073,0.00645469,0.0088891,0.0088891
2009-08-01,Durbl_excess,0.0249,0.00736731,0.0190744,0.0190744
2009-08-01,Manuf_excess,0.0296,0.0068888,0.01311118,0.01311118
2009-08-01,Enrgy_excess,0.0077,0.00759405,0.01057064,0.01057064
2009-08-01,HiTec_excess,0.0226,0.00772291,0.01220898,0.01220898
2009-08-01,Telcm_excess,0.0072,0.00501806,0.00420106,0.00420106
2009-08-01,Shops_excess,0.037,0.00679384,0.01213744,0.01213744
2009-08-01,Hlth_excess,0.0219,0.00750182,0.00630346,0.00630346
2009-08-01,Utils_excess,0.0024,0.00570242,0.00374216,0.00374216
2009-08-01,Other_excess,0.0772,0.00571625,0.00991978,0.00991978
2009-09-01,NoDur_excess,0.0422,0.00645554,0.00742215,0.00742215
2009-09-01,Durbl_excess,0.0209,0.00738498,0.01571031,0.01571031
2009-09-01,Manuf_excess,0.0651,0.00691169,0.01115259,0.01115259
2009-09-01,Enrgy_excess,0.0511,0.00759415,0.01015257,0.01015257
2009-09-01,HiTec_excess,0.0522,0.0077379,0.01091279,0.01091279
2009-09-01,Telcm_excess,0.0648,0.00502026,0.00372927,0.00372927
2009-09-01,Shops_excess,0.0239,0.00682429,0.01030131,0.01030131
2009-09-01,Hlth_excess,0.0217,0.00751633,0.00578764,0.00578764
2009-09-01,Utils_excess,0.0223,0.00569909,0.00344628,0.00344628
2009-09-01,Other_excess,0.0311,0.00578831,0.00861176,0.00861176
2009-10-01,NoDur_excess,-0.0062,0.00649154,0.00680871,0.00680871
2009-10-01,Durbl_excess,-0.0061,0.00739859,0.01404152,0.01404152
2009-10-01,Manuf_excess,-0.0287,0.00697029,0.0105049,0.0105049
2009-10-01,Enrgy_excess,0.0248,0.00763797,0.01005073,0.01005073
2009-10-01,HiTec_excess,-0.015,0.00778268,0.01037956,0.01037956
2009-10-01,Telcm_excess,-0.0398,0.00508046,0.00362865,0.00362865
2009-10-01,Shops_excess,0.0004,0.00684149,0.00936786,0.00936786
2009-10-01,Hlth_excess,-0.0347,0.00753061,0.00542288,0.00542288
2009-10-01,Utils_excess,-0.0271,0.00571581,0.00330664,0.00330664
2009-10-01,Other_excess,-0.0545,0.0058138,0.00777493,0.00777493
2009-11-01,NoDur_excess,0.0386,0.00647877,0.00697777,0.00697777
2009-11-01,Durbl_excess,0.1037,0.00738501,0.01435632,0.01435632
2009-11-01,Manuf_excess,0.0761,0.00693441,0.01031746,0.01031746
2009-11-01,Enrgy_excess,0.0322,0.00765523,0.01035876,0.01035876
2009-11-01,HiTec_excess,0.0483,0.00775976,0.01034327,0.01034327
2009-11-01,Telcm_excess,0.0684,0.00503531,0.00356012,0.00356012
2009-11-01,Shops_excess,0.05,0.00683501,0.00957011,0.00957011
2009-11-01,Hlth_excess,0.0807,0.00748813,0.0051323,0.0051323
2009-11-01,Utils_excess,0.0458,0.0056828,0.00299387,0.00299387
2009-11-01,Other_excess,0.0596,0.00575312,0.00771913,0.00771913
2009-12-01,NoDur_excess,0.0263,0.00651106,0.00652339,0.00652339
2009-12-01,Durbl_excess,0.0564,0.00748181,0.01369658,0.01369658
2009-12-01,Manuf_excess,0.0286,0.00700392,0.01021954,0.01021954
2009-12-01,Enrgy_excess,-0.0053,0.0076799,0.00999693,0.00999693
2009-12-01,HiTec_excess,0.0597,0.0078005,0.00990822,0.00990822
2009-12-01,Telcm_excess,0.0641,0.00509899,0.00337473,0.00337473
2009-12-01,Shops_excess,0.0194,0.00687839,0.00910336,0.00910336
2009-12-01,Hlth_excess,0.0246,0.00756171,0.00512489,0.00512489
2009-12-01,Utils_excess,0.0586,0.00572312,0.00300878,0.00300878
2009-12-01,Other_excess,0.0087,0.00580724,0.00719983,0.00719983
2010-01-01,NoDur_excess,-0.024,0.00653092,0.00728609,0.00728609
2010-01-01,Durbl_excess,-0.004,0.00753092,0.0150339,0.0150339
2010-01-01,Manuf_excess,-0.0331,0.0070256,0.01052268,0.01052268
2010-01-01,Enrgy_excess,-0.0485,0.00766687,0.01014309,0.01014309
2010-01-01,HiTec_excess,-0.0781,0.00785261,0.01028613,0.01028613
2010-01-01,Telcm_excess,-0.0677,0.00515823,0.00406945,0.00406945
2010-01-01,Shops_excess,-0.0183,0.00689096,0.00983968,0.00983968
2010-01-01,Hlth_excess,-0.0001,0.00757882,0.00495011,0.00495011
2010-01-01,Utils_excess,-0.0445,0.0057762,0.00294421,0.00294421
2010-01-01,Other_excess,-0.0053,0.00581014,0.00784438,0.00784438
2010-02-01,NoDur_excess,0.0266,0.0065003,0.00658955,0.00658955
2010-02-01,Durbl_excess,0.0739,0.00751936,0.01381874,0.01381874
2010-02-01,Manuf_excess,0.0521,0.00698536,0.00960354,0.00960354
2010-02-01,Enrgy_excess,0.0259,0.00761053,0.00969713,0.00969713
2010-02-01,HiTec_excess,0.0479,0.0077664,0.00940705,0.00940705
2010-02-01,Telcm_excess,0.0276,0.00508516,0.00350975,0.00350975
2010-02-01,Shops_excess,0.0429,0.0068657,0.00899116,0.00899116
2010-02-01,Hlth_excess,0.0038,0.00757111,0.00501773,0.00501773
2010-02-01,Utils_excess,-0.0042,0.00572578,0.00274695,0.00274695
2010-02-01,Other_excess,0.0361,0.005799,0.00727977,0.00727977
2010-03-01,NoDur_excess,0.0579,0.00652044,0.00647504,0.00647504
2010-03-01,Durbl_excess,0.0937,0.00758587,0.01366764,0.01366764
2010-03-01,Manuf_excess,0.0649,0.00703056,0.0096425,0.0096425
2010-03-01,Enrgy_excess,0.0319,0.00762886,0.00953959,0.00953959
2010-03-01,HiTec_excess,0.0667,0.00780661,0.00931815,0.00931815
2010-03-01,Telcm_excess,0.0762,0.00510772,0.00343326,0.00343326
2010-03-01,Shops_excess,0.0624,0.0069018,0.00891818,0.00891818
2010-03-01,Hlth_excess,0.0362,0.00756733,0.00477403,0.00477403
2010-03-01,Utils_excess,0.0311,0.00571583,0.00256819,0.00256819
2010-03-01,Other_excess,0.0809,0.00582936,0.00710856,0.00710856
2010-04-01,NoDur_excess,-0.0103,0.00657187,0.00677597,0.00677597
2010-04-01,Durbl_excess,0.0726,0.00767207,0.01403296,0.01403296
2010-04-01,Manuf_excess,0.0317,0.00708849,0.00986848,0.00986848
2010-04-01,Enrgy_excess,0.0407,0.00765315,0.00942697,0.00942697
2010-04-01,HiTec_excess,0.0226,0.00786557,0.00932434,0.00932434
2010-04-01,Telcm_excess,0.034,0.00517888,0.00372811,0.00372811
2010-04-01,Shops_excess,0.0251,0.00695736,0.00921201,0.00921201
2010-04-01,Hlth_excess,-0.0219,0.007596,0.00459009,0.00459009
2010-04-01,Utils_excess,0.0284,0.00574124,0.00243975,0.00243975
2010-04-01,Other_excess,0.018,0.0059045,0.00743978,0.00743978
2010-05-01,NoDur_excess,-0.0574,0.006555,0.00610179,0.00610179
2010-05-01,Durbl_excess,-0.0908,0.007737,0.013369,0.013369
2010-05-01,Manuf_excess,-0.0844,0.0071131,0.00956917,0.00956917
2010-05-01,Enrgy_excess,-0.1024,0.0076862,0.00940819,0.00940819
2010-05-01,HiTec_excess,-0.0777,0.0078803,0.00905655,0.00905655
2010-05-01,Telcm_excess,-0.0586,0.0052077,0.00365267,0.00365267
2010-05-01,Shops_excess,-0.0542,0.0069755,0.00867991,0.00867991
2010-05-01,Hlth_excess,-0.0809,0.0075665,0.00428711,0.00428711
2010-05-01,Utils_excess,-0.0631,0.0057639,0.00267848,0.00267848
2010-05-01,Other_excess,-0.0876,0.0059166,0.00687489,0.00687489
2010-06-01,NoDur_excess,-0.0192,0.00649111,0.00593822,0.00593822
2010-06-01,Durbl_excess,-0.1069,0.00763856,0.01337656,0.01337656
2010-06-01,Manuf_excess,-0.0581,0.00702168,0.00964753,0.00964753
2010-06-01,Enrgy_excess,-0.0627,0.00757622,0.00886931,0.00886931
2010-06-01,HiTec_excess,-0.0616,0.00779481,0.00919282,0.00919282
2010-06-01,Telcm_excess,-0.0385,0.00514396,0.00340115,0.00340115
2010-06-01,Shops_excess,-0.0912,0.00691439,0.00865678,0.00865678
2010-06-01,Hlth_excess,-0.0167,0.00747812,0.0043969,0.0043969
2010-06-01,Utils_excess,-0.0072,0.0056951,0.00278892,0.00278892
2010-06-01,Other_excess,-0.0651,0.00582318,0.00663723,0.00663723
2010-07-01,NoDur_excess,0.0735,0.00646547,0.00631681,0.00631681
2010-07-01,Durbl_excess,0.1537,0.00752425,0.01420896,0.01420896
2010-07-01,Manuf_excess,0.098,0.00695669,0.01056859,0.01056859
2010-07-01,Enrgy_excess,0.0768,0.00750609,0.00864242,0.00864242
2010-07-01,HiTec_excess,0.0725,0.00772555,0.00972362,0.00972362
2010-07-01,Telcm_excess,0.0958,0.0051004,0.00322954,0.00322954
2010-07-01,Shops_excess,0.046,0.00681647,0.00895065,0.00895065
2010-07-01,Hlth_excess,0.0213,0.00745399,0.00492172,0.00492172
2010-07-01,Utils_excess,0.068,0.00568224,0.00323613,0.00323613
2010-07-01,Other_excess,0.0677,0.0057524,0.0069132,0.0069132
2010-08-01,NoDur_excess,-0.0118,0.0065323,0.00613924,0.00613924
2010-08-01,Durbl_excess,-0.0959,0.00766999,0.01375488,0.01375488
2010-08-01,Manuf_excess,-0.0558,0.00704746,0.01037786,0.01037786
2010-08-01,Enrgy_excess,-0.0345,0.00757517,0.0085931,0.0085931
2010-08-01,HiTec_excess,-0.0654,0.00779013,0.00936504,0.00936504
2010-08-01,Telcm_excess,-0.02,0.00519083,0.00332839,0.00332839
2010-08-01,Shops_excess,-0.0398,0.00685553,0.00846314,0.00846314
2010-08-01,Hlth_excess,-0.0171,0.0074678,0.00455317,0.00455317
2010-08-01,Utils_excess,0.0035,0.00574437,0.00331535,0.00331535
2010-08-01,Other_excess,-0.0711,0.00581416,0.00651079,0.00651079
2010-09-01,NoDur_excess,0.0614,0.00651404,0.0051818,0.0051818
2010-09-01,Durbl_excess,0.1307,0.00756683,0.01136768,0.01136768
2010-09-01,Manuf_excess,0.1015,0.00698486,0.00930926,0.00930926
2010-09-01,Enrgy_excess,0.0919,0.00753327,0.00832376,0.00832376
2010-09-01,HiTec_excess,0.1254,0.00771723,0.00878963,0.00878963
2010-09-01,Telcm_excess,0.0787,0.00516574,0.00298063,0.00298063
2010-09-01,Shops_excess,0.1214,0.00680906,0.00717547,0.00717547
2010-09-01,Hlth_excess,0.0899,0.00744333,0.00479228,0.00479228
2010-09-01,Utils_excess,0.0364,0.00574213,0.00373789,0.00373789
2010-09-01,Other_excess,0.085,0.00573755,0.00525549,0.00525549
2010-10-01,NoDur_excess,0.0439,0.00656866,0.00516334,0.00516334
2010-10-01,Durbl_excess,0.0853,0.00768935,0.01131143,0.01131143
2010-10-01,Manuf_excess,0.0516,0.00707891,0.00929604,0.00929604
2010-10-01,Enrgy_excess,0.0457,0.00761721,0.00837052,0.00837052
2010-10-01,HiTec_excess,0.064,0.00783433,0.00872591,0.00872591
2010-10-01,Telcm_excess,0.0455,0.00523891,0.00303021,0.00303021
2010-10-01,Shops_excess,0.024,0.00692308,0.00733615,0.00733615
2010-10-01,Hlth_excess,0.0193,0.00752537,0.00461867,0.00461867
2010-10-01,Utils_excess,0.0185,0.00577264,0.00348795,0.00348795
2010-10-01,Other_excess,0.0202,0.00581642,0.0051663,0.0051663
2010-11-01,NoDur_excess,-0.0008,0.00660577,0.00545289,0.00545289
2010-11-01,Durbl_excess,0.0731,0.0077665,0.01171934,0.01171934
2010-11-01,Manuf_excess,0.0147,0.00712316,0.00921789,0.00921789
2010-11-01,Enrgy_excess,0.055,0.00765507,0.00860903,0.00860903
2010-11-01,HiTec_excess,-0.0074,0.00789016,0.0087791,0.0087791
2010-11-01,Telcm_excess,-0.019,0.00527893,0.00337631,0.00337631
2010-11-01,Shops_excess,0.0417,0.00694006,0.0074244,0.0074244
2010-11-01,Hlth_excess,-0.0335,0.00753708,0.00438389,0.00438389
2010-11-01,Utils_excess,-0.0137,0.00578529,0.00326326,0.00326326
2010-11-01,Other_excess,0.0048,0.00583072,0.00529378,0.00529378
2010-12-01,NoDur_excess,0.0434,0.00659841,0.00569492,0.00569492
2010-12-01,Durbl_excess,0.0889,0.00783138,0.01257889,0.01257889
2010-12-01,Manuf_excess,0.0698,0.00713069,0.009428,0.009428
2010-12-01,Enrgy_excess,0.094,0.00770209,0.00898945,0.00898945
2010-12-01,HiTec_excess,0.0597,0.00787498,0.00884012,0.00884012
2010-12-01,Telcm_excess,0.0658,0.00525482,0.00342913,0.00342913
2010-12-01,Shops_excess,0.032,0.00697458,0.00792127,0.00792127
2010-12-01,Hlth_excess,0.0544,0.00749633,0.00420588,0.00420588
2010-12-01,Utils_excess,0.0322,0.00576594,0.00313793,0.00313793
2010-12-01,Other_excess,0.0922,0.00582969,0.00560414,0.00560414
2011-01-01,NoDur_excess,-0.0238,0.00663492,0.00628572,0.00628572
2011-01-01,Durbl_excess,-0.0025,0.00791181,0.01377657,0.01377657
2011-01-01,Manuf_excess,0.03,0.00719286,0.00997132,0.00997132
2011-01-01,Enrgy_excess,0.0692,0.0077877,0.00946046,0.00946046
2011-01-01,HiTec_excess,0.0391,0.00792639,0.00901892,0.00901892
2011-01-01,Telcm_excess,0.0004,0.00531488,0.00385677,0.00385677
2011-01-01,Shops_excess,-0.0087,0.0069994,0.00848485,0.00848485
2011-01-01,Hlth_excess,-0.0073,0.00754286,0.00410147,0.00410147
2011-01-01,Utils_excess,0.0217,0.00579216,0.00292911,0.00292911
2011-01-01,Other_excess,0.0209,0.00591538,0.00640599,0.00640599
2011-02-01,NoDur_excess,0.0471,0.00660476,0.00624631,0.00624631
2011-02-01,Durbl_excess,-0.0216,0.00790149,0.01390532,0.01390532
2011-02-01,Manuf_excess,0.0342,0.00721546,0.01006211,0.01006211
2011-02-01,Enrgy_excess,0.0762,0.00784856,0.00993384,0.00993384
2011-02-01,HiTec_excess,0.024,0.00795728,0.00916986,0.00916986
2011-02-01,Telcm_excess,0.0739,0.00531001,0.00396071,0.00396071
2011-02-01,Shops_excess,0.0225,0.00698385,0.00850588,0.00850588
2011-02-01,Hlth_excess,0.0332,0.00752815,0.00389289,0.00389289
2011-02-01,Utils_excess,0.0241,0.00580793,0.00290663,0.00290663
2011-02-01,Other_excess,0.0294,0.00593023,0.00666127,0.00666127
2011-03-01,NoDur_excess,0.0302,0.00664485,0.00603395,0.00603395
2011-03-01,Durbl_excess,0.0186,0.00787228,0.01254403,0.01254403
2011-03-01,Manuf_excess,0.0183,0.00724218,0.00955446,0.00955446
2011-03-01,Enrgy_excess,0.021,0.00791624,0.01026546,0.01026546
2011-03-01,HiTec_excess,-0.0144,0.00797317,0.00882402,0.00882402
2011-03-01,Telcm_excess,0.0167,0.00537792,0.0042731,0.0042731
2011-03-01,Shops_excess,0.0109,0.00699921,0.00794327,0.00794327
2011-03-01,Hlth_excess,0.0225,0.00755356,0.00387769,0.00387769
2011-03-01,Utils_excess,0.0091,0.00582604,0.0029447,0.0029447
2011-03-01,Other_excess,-0.0111,0.00595347,0.0062481,0.0062481
2011-04-01,NoDur_excess,0.0461,0.00666815,0.0062783,0.0062783
2011-04-01,Durbl_excess,0.0278,0.00788289,0.0127258,0.0127258
2011-04-01,Manuf_excess,0.0291,0.00725312,0.00961293,0.00961293
2011-04-01,Enrgy_excess,0.0158,0.00792918,0.01047319,0.01047319
2011-04-01,HiTec_excess,0.0312,0.00795104,0.00874865,0.00874865
2011-04-01,Telcm_excess,0.0326,0.00538912,0.00448163,0.00448163
2011-04-01,Shops_excess,0.0451,0.00700307,0.00803206,0.00803206
2011-04-01,Hlth_excess,0.0625,0.00756835,0.00405471,0.00405471
2011-04-01,Utils_excess,0.04,0.00582928,0.0029946,0.0029946
2011-04-01,Other_excess,0.0106,0.0059366,0.00624838,0.00624838
2011-05-01,NoDur_excess,0.0204,0.00670711,0.00620893,0.00620893
2011-05-01,Durbl_excess,-0.0358,0.00790257,0.01218026,0.01218026
2011-05-01,Manuf_excess,-0.0217,0.0072747,0.00945168,0.00945168
2011-05-01,Enrgy_excess,-0.0451,0.00793696,0.01038759,0.01038759
2011-05-01,HiTec_excess,-0.0176,0.00797401,0.00868586,0.00868586
2011-05-01,Telcm_excess,0.0077,0.00541601,0.00448381,0.00448381
2011-05-01,Shops_excess,0.0088,0.00704071,0.00789265,0.00789265
2011-05-01,Hlth_excess,0.0199,0.00762263,0.0043652,0.0043652
2011-05-01,Utils_excess,0.0132,0.00586304,0.00323386,0.00323386
2011-05-01,Other_excess,-0.0264,0.00594121,0.0058887,0.0058887
2011-06-01,NoDur_excess,-0.0107,0.00672063,0.00589502,0.00589502
2011-06-01,Durbl_excess,-0.0109,0.00785943,0.01111579,0.01111579
2011-06-01,Manuf_excess,-0.006,0.0072461,0.00895183,0.00895183
2011-06-01,Enrgy_excess,-0.0231,0.0078846,0.00992556,0.00992556
2011-06-01,HiTec_excess,-0.0246,0.00794877,0.00845164,0.00845164
2011-06-01,Telcm_excess,-0.0138,0.00541826,0.00433988,0.00433988
2011-06-01,Shops_excess,-0.0088,0.00704245,0.00744722,0.00744722
2011-06-01,Hlth_excess,-0.0187,0.00763475,0.00460925,0.00460925
2011-06-01,Utils_excess,-0.0034,0.00587029,0.00347389,0.00347389
2011-06-01,Other_excess,-0.0211,0.00590928,0.00530181,0.00530181
2011-07-01,NoDur_excess,-0.0042,0.00670345,0.00611112,0.00611112
2011-07-01,Durbl_excess,-0.0903,0.00784093,0.01144356,0.01144356
2011-07-01,Manuf_excess,-0.048,0.00723304,0.00887858,0.00887858
2011-07-01,Enrgy_excess,0.0049,0.00785404,0.01001268,0.01001268
2011-07-01,HiTec_excess,-0.0053,0.00791667,0.00844239,0.00844239
2011-07-01,Telcm_excess,-0.0498,0.00539931,0.00459503,0.00459503
2011-07-01,Shops_excess,-0.0064,0.00702682,0.00762901,0.00762901
2011-07-01,Hlth_excess,-0.0367,0.00760878,0.00458845,0.00458845
2011-07-01,Utils_excess,-0.0033,0.00586114,0.00343827,0.00343827
2011-07-01,Other_excess,-0.0364,0.00588264,0.00553445,0.00553445
2011-08-01,NoDur_excess,-0.0067,0.00669271,0.00581692,0.00581692
2011-08-01,Durbl_excess,-0.1224,0.00774424,0.01062876,0.01062876
2011-08-01,Manuf_excess,-0.0617,0.00717862,0.00870587,0.00870587
2011-08-01,Enrgy_excess,-0.0992,0.00785113,0.00987577,0.00987577
2011-08-01,HiTec_excess,-0.0678,0.00790365,0.0085586,0.0085586
2011-08-01,Telcm_excess,-0.0505,0.00534493,0.00405307,0.00405307
2011-08-01,Shops_excess,-0.0289,0.0070136,0.00740379,0.00740379
2011-08-01,Hlth_excess,-0.0314,0.00756512,0.00460522,0.00460522
2011-08-01,Utils_excess,0.0019,0.00585212,0.00366941,0.00366941
2011-08-01,Other_excess,-0.0817,0.00584099,0.00513619,0.00513619
2011-09-01,NoDur_excess,-0.0487,0.00667953,0.00538657,0.00538657
2011-09-01,Durbl_excess,-0.1385,0.00761614,0.00993083,0.00993083
2011-09-01,Manuf_excess,-0.1102,0.00711083,0.00891414,0.00891414
2011-09-01,Enrgy_excess,-0.1223,0.00774577,0.00919014,0.00919014
2011-09-01,HiTec_excess,-0.0478,0.00782913,0.00871197,0.00871197
2011-09-01,Telcm_excess,-0.0572,0.00528996,0.00345478,0.00345478
2011-09-01,Shops_excess,-0.0389,0.00697825,0.00708701,0.00708701
2011-09-01,Hlth_excess,-0.0397,0.00752677,0.0050545,0.0050545
2011-09-01,Utils_excess,-0.0161,0.00584823,0.00423481,0.00423481
2011-09-01,Other_excess,-0.1109,0.00575482,0.00458455,0.00458455
2011-10-01,NoDur_excess,0.063,0.00662507,0.00518595,0.00518595
2011-10-01,Durbl_excess,0.2307,0.00747247,0.01010246,0.01010246
2011-10-01,Manuf_excess,0.1417,0.00699548,0.00935164,0.00935164
2011-10-01,Enrgy_excess,0.1625,0.0076179,0.00876553,0.00876553
2011-10-01,HiTec_excess,0.118,0.00777443,0.00932531,0.00932531
2011-10-01,Telcm_excess,0.0761,0.00522852,0.00314775,0.00314775
2011-10-01,Shops_excess,0.0975,0.00693314,0.00722224,0.00722224
2011-10-01,Hlth_excess,0.0552,0.00748033,0.00563224,0.00563224
2011-10-01,Utils_excess,0.067,0.00582665,0.00474546,0.00474546
2011-10-01,Other_excess,0.1358,0.00564012,0.00448578,0.00448578
2011-11-01,NoDur_excess,0.0144,0.00668045,0.00601142,0.00601142
2011-11-01,Durbl_excess,-0.0868,0.00769175,0.01229768,0.01229768
2011-11-01,Manuf_excess,0.0138,0.0071278,0.010698,0.010698
2011-11-01,Enrgy_excess,0.0215,0.00777004,0.00917726,0.00917726
2011-11-01,HiTec_excess,-0.0198,0.00788271,0.0098,0.0098
2011-11-01,Telcm_excess,0.003,0.00529813,0.00331228,0.00331228
2011-11-01,Shops_excess,0.0107,0.0070221,0.00839911,0.00839911
2011-11-01,Hlth_excess,0.013,0.00752721,0.00544734,0.00544734
2011-11-01,Utils_excess,0.0101,0.00588674,0.00469366,0.00469366
2011-11-01,Other_excess,-0.0204,0.00576798,0.00541326,0.00541326
2011-12-01,NoDur_excess,0.0189,0.00668803,0.0055248,0.0055248
2011-12-01,Durbl_excess,-0.0103,0.00759902,0.01072343,0.01072343
2011-12-01,Manuf_excess,-0.0079,0.00713435,0.01009532,0.01009532
2011-12-01,Enrgy_excess,-0.0035,0.00778351,0.00918867,0.00918867
2011-12-01,HiTec_excess,-0.0143,0.00785554,0.00941921,0.00941921
2011-12-01,Telcm_excess,0.0312,0.00529588,0.00320376,0.00320376
2011-12-01,Shops_excess,0.009,0.00702571,0.00773479,0.00773479
2011-12-01,Hlth_excess,0.0347,0.00753258,0.00553344,0.00553344
2011-12-01,Utils_excess,0.0291,0.00589087,0.00480603,0.00480603
2011-12-01,Other_excess,0.0147,0.0057423,0.00479574,0.00479574
2012-01-01,NoDur_excess,0.0039,0.0067,0.00543076,0.00543076
2012-01-01,Durbl_excess,0.1366,0.00758147,0.01053413,0.01053413
2012-01-01,Manuf_excess,0.0678,0.00711961,0.01015359,0.01015359
2012-01-01,Enrgy_excess,0.0101,0.00777245,0.00905598,0.00905598
2012-01-01,HiTec_excess,0.0847,0.00783382,0.00939195,0.00939195
2012-01-01,Telcm_excess,0.0237,0.00532127,0.00318283,0.00318283
2012-01-01,Shops_excess,0.0406,0.00702765,0.00764787,0.00764787
2012-01-01,Hlth_excess,0.0343,0.00755922,0.00578164,0.00578164
2012-01-01,Utils_excess,-0.0271,0.00591363,0.00504207,0.00504207
2012-01-01,Other_excess,0.0723,0.00575108,0.00473812,0.00473812
2012-02-01,NoDur_excess,0.0393,0.00669726,0.00530096,0.00530096
2012-02-01,Durbl_excess,0.0595,0.00770784,0.01097062,0.01097062
2012-02-01,Manuf_excess,0.0389,0.00717904,0.01049733,0.01049733
2012-02-01,Enrgy_excess,0.0652,0.00777473,0.00885231,0.00885231
2012-02-01,HiTec_excess,0.0663,0.00790911,0.00959964,0.00959964
2012-02-01,Telcm_excess,0.0507,0.00533928,0.00305411,0.00305411
2012-02-01,Shops_excess,0.0312,0.00706053,0.00771929,0.00771929
2012-02-01,Hlth_excess,0.0125,0.00758541,0.00579364,0.00579364
2012-02-01,Utils_excess,0.013,0.00588129,0.00484778,0.00484778
2012-02-01,Other_excess,0.042,0.00581626,0.00485945,0.00485945
2012-03-01,NoDur_excess,0.039,0.00672916,0.00541066,0.00541066
2012-03-01,Durbl_excess,0.0138,0.00775851,0.01068854,0.01068854
2012-03-01,Manuf_excess,0.0063,0.00721008,0.01012793,0.01012793
2012-03-01,Enrgy_excess,-0.0327,0.00783092,0.00902637,0.00902637
2012-03-01,HiTec_excess,0.0465,0.00796624,0.00945038,0.00945038
2012-03-01,Telcm_excess,0.0238,0.00538366,0.00330805,0.00330805
2012-03-01,Shops_excess,0.0466,0.00708415,0.00760864,0.00760864
2012-03-01,Hlth_excess,0.0395,0.00759022,0.00552182,0.00552182
2012-03-01,Utils_excess,0.0148,0.00588826,0.00465832,0.00465832
2012-03-01,Other_excess,0.0491,0.00585166,0.00481719,0.00481719
2012-04-01,NoDur_excess,0.0081,0.0067607,0.00580372,0.00580372
2012-04-01,Durbl_excess,-0.073,0.00776442,0.01090268,0.01090268
2012-04-01,Manuf_excess,-0.0075,0.00720919,0.00998261,0.00998261
2012-04-01,Enrgy_excess,-0.0157,0.0077913,0.00890526,0.00890526
2012-04-01,HiTec_excess,-0.021,0.00800391,0.00950464,0.00950464
2012-04-01,Telcm_excess,0.0169,0.00540166,0.00356831,0.00356831
2012-04-01,Shops_excess,0.0095,0.00712278,0.00796557,0.00796557
2012-04-01,Hlth_excess,0.006,0.00762141,0.00548021,0.00548021
2012-04-01,Utils_excess,0.017,0.00589697,0.00450846,0.00450846
2012-04-01,Other_excess,-0.0168,0.00589394,0.00516722,0.00516722
2012-05-01,NoDur_excess,-0.0268,0.00676201,0.00535893,0.00535893
2012-05-01,Durbl_excess,-0.0783,0.00768555,0.00980887,0.00980887
2012-05-01,Manuf_excess,-0.0782,0.00719482,0.00971427,0.00971427
2012-05-01,Enrgy_excess,-0.1058,0.00776836,0.00867794,0.00867794
2012-05-01,HiTec_excess,-0.0781,0.00797559,0.00931461,0.00931461
2012-05-01,Telcm_excess,-0.0078,0.00541289,0.00341009,0.00341009
2012-05-01,Shops_excess,-0.0304,0.0071251,0.0075016,0.0075016
2012-05-01,Hlth_excess,-0.0325,0.00761982,0.00563286,0.00563286
2012-05-01,Utils_excess,-0.0089,0.00590781,0.00474918,0.00474918
2012-05-01,Other_excess,-0.0773,0.00587178,0.0046824,0.0046824
2012-06-01,NoDur_excess,0.0344,0.00672927,0.00481609,0.00481609
2012-06-01,Durbl_excess,-0.0543,0.00760166,0.00909833,0.00909833
2012-06-01,Manuf_excess,0.0118,0.00711151,0.0094784,0.0094784
2012-06-01,Enrgy_excess,0.0578,0.00765756,0.00821286,0.00821286
2012-06-01,HiTec_excess,0.0293,0.00789161,0.00930011,0.00930011
2012-06-01,Telcm_excess,0.0702,0.0054,0.00322672,0.00322672
2012-06-01,Shops_excess,0.0217,0.00708849,0.00701137,0.00701137
2012-06-01,Hlth_excess,0.0684,0.00758068,0.00601847,0.00601847
2012-06-01,Utils_excess,0.0342,0.00589337,0.00516005,0.00516005
2012-06-01,Other_excess,0.0491,0.00579063,0.00418747,0.00418747
2012-07-01,NoDur_excess,0.014,0.00675624,0.00534556,0.00534556
2012-07-01,Durbl_excess,-0.0035,0.00754133,0.0096277,0.0096277
2012-07-01,Manuf_excess,0.0093,0.00711608,0.00999467,0.00999467
2012-07-01,Enrgy_excess,0.0281,0.00770643,0.0084067,0.0084067
2012-07-01,HiTec_excess,-0.001,0.00791248,0.00955089,0.00955089
2012-07-01,Telcm_excess,0.0415,0.00546316,0.003582,0.003582
2012-07-01,Shops_excess,0.0122,0.00710273,0.00760574,0.00760574
2012-07-01,Hlth_excess,0.0163,0.00763996,0.00623847,0.00623847
2012-07-01,Utils_excess,0.035,0.00592096,0.00521059,0.00521059
2012-07-01,Other_excess,-0.0123,0.00583285,0.00474029,0.00474029
2012-08-01,NoDur_excess,0.0011,0.00676329,0.00533635,0.00533635
2012-08-01,Durbl_excess,0.0424,0.00753057,0.00967575,0.00967575
2012-08-01,Manuf_excess,0.0324,0.00711821,0.01029443,0.01029443
2012-08-01,Enrgy_excess,0.0235,0.00772629,0.00840993,0.00840993
2012-08-01,HiTec_excess,0.0479,0.0079038,0.00964614,0.00964614
2012-08-01,Telcm_excess,0.0096,0.00549825,0.0036464,0.0036464
2012-08-01,Shops_excess,0.0275,0.00710769,0.0076799,0.0076799
2012-08-01,Hlth_excess,0.0096,0.00764839,0.00643135,0.00643135
2012-08-01,Utils_excess,-0.0347,0.00594927,0.00549597,0.00549597
2012-08-01,Other_excess,0.0312,0.00581519,0.00465407,0.00465407
2012-09-01,NoDur_excess,0.0093,0.00675778,0.00530305,0.00530305
2012-09-01,Durbl_excess,0.0339,0.00756449,0.00972172,0.00972172
2012-09-01,Manuf_excess,0.0169,0.0071428,0.01024537,0.01024537
2012-09-01,Enrgy_excess,0.038,0.00774163,0.00849976,0.00849976
2012-09-01,HiTec_excess,0.012,0.0079427,0.00974274,0.00974274
2012-09-01,Telcm_excess,0.0485,0.00550224,0.00370429,0.00370429
2012-09-01,Shops_excess,0.0191,0.00712753,0.0077209,0.0077209
2012-09-01,Hlth_excess,0.0467,0.00765029,0.00636245,0.00636245
2012-09-01,Utils_excess,0.021,0.00590973,0.00521307,0.00521307
2012-09-01,Other_excess,0.0382,0.00583988,0.00474772,0.00474772
2012-10-01,NoDur_excess,-0.0169,0.00676025,0.00525271,0.00525271
2012-10-01,Durbl_excess,0.063,0.00759009,0.00948675,0.00948675
2012-10-01,Manuf_excess,-0.0061,0.00715228,0.00991086,0.00991086
2012-10-01,Enrgy_excess,-0.0187,0.00777104,0.00863625,0.00863625
2012-10-01,HiTec_excess,-0.0635,0.00794665,0.0095102,0.0095102
2012-10-01,Telcm_excess,-0.0244,0.00554402,0.00394987,0.00394987
2012-10-01,Shops_excess,-0.0104,0.00713916,0.00759018,0.00759018
2012-10-01,Hlth_excess,-0.0193,0.00768824,0.00639451,0.00639451
2012-10-01,Utils_excess,0.0108,0.00592439,0.00516839,0.00516839
2012-10-01,Other_excess,0.0092,0.00587133,0.00476484,0.00476484
2012-11-01,NoDur_excess,0.0319,0.00673728,0.00472391,0.00472391
2012-11-01,Durbl_excess,0.0255,0.00764388,0.00856485,0.00856485
2012-11-01,Manuf_excess,0.0274,0.00713942,0.00886613,0.00886613
2012-11-01,Enrgy_excess,-0.015,0.00774534,0.00865266,0.00865266
2012-11-01,HiTec_excess,0.0147,0.00787728,0.00884906,0.00884906
2012-11-01,Telcm_excess,0.0005,0.00551495,0.00387191,0.00387191
2012-11-01,Shops_excess,0.0146,0.00712214,0.00678151,0.00678151
2012-11-01,Hlth_excess,0.015,0.00766204,0.00620862,0.00620862
2012-11-01,Utils_excess,-0.038,0.00592913,0.00516889,0.00516889
2012-11-01,Other_excess,-0.0039,0.00587456,0.00434133,0.00434133
2012-12-01,NoDur_excess,-0.0227,0.00676169,0.0044587,0.0044587
2012-12-01,Durbl_excess,0.0759,0.0076612,0.00783843,0.00783843
2012-12-01,Manuf_excess,0.0276,0.00715907,0.00845537,0.00845537
2012-12-01,Enrgy_excess,0.0132,0.00772328,0.00855393,0.00855393
2012-12-01,HiTec_excess,0.0036,0.0078839,0.00868517,0.00868517
2012-12-01,Telcm_excess,0.0114,0.00551009,0.00377492,0.00377492
2012-12-01,Shops_excess,-0.0113,0.00712939,0.00631582,0.00631582
2012-12-01,Hlth_excess,-0.0054,0.00766916,0.00623836,0.00623836
2012-12-01,Utils_excess,0.0011,0.00588652,0.00503985,0.00503985
2012-12-01,Other_excess,0.0365,0.00586508,0.0039466,0.0039466
2013-01-01,NoDur_excess,0.0512,0.00673314,0.00467108,0.00467108
2013-01-01,Durbl_excess,0.0336,0.00772733,0.0085723,0.0085723
2013-01-01,Manuf_excess,0.0604,0.00717888,0.00859742,0.00859742
2013-01-01,Enrgy_excess,0.0747,0.00772859,0.00876885,0.00876885
2013-01-01,HiTec_excess,0.0239,0.00787975,0.00880168,0.00880168
2013-01-01,Telcm_excess,0.0485,0.00551579,0.00402707,0.00402707
2013-01-01,Shops_excess,0.0554,0.00711153,0.00655109,0.00655109
2013-01-01,Hlth_excess,0.0808,0.00765649,0.00618443,0.00618443
2013-01-01,Utils_excess,0.0505,0.00588188,0.00496612,0.00496612
2013-01-01,Other_excess,0.0676,0.00589477,0.00437944,0.00437944
2013-02-01,NoDur_excess,0.0317,0.00677619,0.00531481,0.00531481
2013-02-01,Durbl_excess,-0.0073,0.00775237,0.00916083,0.00916083
2013-02-01,Manuf_excess,0.0128,0.0072304,0.00869154,0.00869154
2013-02-01,Enrgy_excess,0.0068,0.00779342,0.00908751,0.00908751
2013-02-01,HiTec_excess,0.0068,0.00789526,0.008675,0.008675
2013-02-01,Telcm_excess,0.0229,0.00555741,0.00442882,0.00442882
2013-02-01,Shops_excess,0.0084,0.00715828,0.00712601,0.00712601
2013-02-01,Hlth_excess,0.0133,0.0077273,0.00607476,0.00607476
2013-02-01,Utils_excess,0.022,0.00592507,0.00477874,0.00477874
2013-02-01,Other_excess,0.014,0.0059545,0.00488923,0.00488923
2013-03-01,NoDur_excess,0.0506,0.00680029,0.00530846,0.00530846
2013-03-01,Durbl_excess,0.0444,0.00773781,0.0089312,0.0089312
2013-03-01,Manuf_excess,0.0261,0.00723578,0.00869856,0.00869856
2013-03-01,Enrgy_excess,0.0207,0.00779246,0.00898988,0.00898988
2013-03-01,HiTec_excess,0.027,0.0078942,0.00861931,0.00861931
2013-03-01,Telcm_excess,0.0564,0.00557418,0.00441469,0.00441469
2013-03-01,Shops_excess,0.0473,0.00715948,0.00703048,0.00703048
2013-03-01,Hlth_excess,0.0652,0.00773269,0.00612204,0.00612204
2013-03-01,Utils_excess,0.0569,0.00594062,0.00487715,0.00487715
2013-03-01,Other_excess,0.0419,0.00596228,0.00481914,0.00481914
2013-04-01,NoDur_excess,0.0374,0.00684261,0.00533489,0.00533489
2013-04-01,Durbl_excess,0.0394,0.00777324,0.00868587,0.00868587
2013-04-01,Manuf_excess,0.0073,0.00725401,0.00853433,0.00853433
2013-04-01,Enrgy_excess,-0.0139,0.00780493,0.00892261,0.00892261
2013-04-01,HiTec_excess,0.0038,0.00791266,0.00844565,0.00844565
2013-04-01,Telcm_excess,0.0432,0.00562329,0.00451533,0.00451533
2013-04-01,Shops_excess,0.0272,0.00719826,0.00698283,0.00698283
2013-04-01,Hlth_excess,0.0259,0.00778821,0.00616972,0.00616972
2013-04-01,Utils_excess,0.0513,0.00598986,0.00496546,0.00496546
2013-04-01,Other_excess,0.0083,0.005997,0.0047298,0.0047298
2013-05-01,NoDur_excess,-0.0229,0.0068721,0.00490694,0.00490694
2013-05-01,Durbl_excess,0.1004,0.00780376,0.00780027,0.00780027
2013-05-01,Manuf_excess,0.0348,0.00725405,0.00808998,0.00808998
2013-05-01,Enrgy_excess,0.0303,0.00778398,0.00867845,0.00867845
2013-05-01,HiTec_excess,0.0456,0.00790869,0.0081552,0.0081552
2013-05-01,Telcm_excess,-0.0176,0.00565956,0.00440658,0.00440658
2013-05-01,Shops_excess,0.0223,0.00721757,0.00643076,0.00643076
2013-05-01,Hlth_excess,0.0161,0.00780569,0.00620514,0.00620514
2013-05-01,Utils_excess,-0.0714,0.00603359,0.00518793,0.00518793
2013-05-01,Other_excess,0.0594,0.00599923,0.00418935,0.00418935
2013-06-01,NoDur_excess,0.0007,0.00684339,0.00553814,0.00553814
2013-06-01,Durbl_excess,-0.0045,0.00789306,0.0092718,0.0092718
2013-06-01,Manuf_excess,-0.0199,0.00728062,0.00842761,0.00842761
2013-06-01,Enrgy_excess,-0.0239,0.00780569,0.00904081,0.00904081
2013-06-01,HiTec_excess,-0.0292,0.00794503,0.0084662,0.0084662
2013-06-01,Telcm_excess,0.0198,0.00563713,0.00474192,0.00474192
2013-06-01,Shops_excess,-0.0003,0.00723211,0.00722632,0.00722632
2013-06-01,Hlth_excess,-0.0138,0.00781369,0.00608128,0.00608128
2013-06-01,Utils_excess,0.0082,0.00595892,0.00466558,0.00466558
2013-06-01,Other_excess,-0.012,0.00605072,0.00505111,0.00505111
2013-07-01,NoDur_excess,0.0289,0.00683748,0.00620892,0.00620892
2013-07-01,Durbl_excess,0.0901,0.00788112,0.01058617,0.01058617
2013-07-01,Manuf_excess,0.0621,0.00725443,0.00896028,0.00896028
2013-07-01,Enrgy_excess,0.0518,0.00777514,0.00918874,0.00918874
2013-07-01,HiTec_excess,0.057,0.00790925,0.00881199,0.00881199
2013-07-01,Telcm_excess,0.0343,0.00565077,0.00515528,0.00515528
2013-07-01,Shops_excess,0.059,0.00722486,0.00801739,0.00801739
2013-07-01,Hlth_excess,0.0807,0.00779287,0.00617791,0.00617791
2013-07-01,Utils_excess,0.0458,0.00596108,0.00471956,0.00471956
2013-07-01,Other_excess,0.0565,0.00603333,0.00574765,0.00574765
2013-08-01,NoDur_excess,-0.0391,0.00685871,0.00658332,0.00658332
2013-08-01,Durbl_excess,-0.0103,0.00796025,0.01143075,0.01143075
2013-08-01,Manuf_excess,-0.0181,0.00730722,0.00944804,0.00944804
2013-08-01,Enrgy_excess,-0.019,0.00781752,0.00931302,0.00931302
2013-08-01,HiTec_excess,-0.0021,0.0079565,0.00899844,0.00899844
2013-08-01,Telcm_excess,-0.0329,0.00567834,0.00532403,0.00532403
2013-08-01,Shops_excess,-0.0426,0.00727469,0.00858002,0.00858002
2013-08-01,Hlth_excess,-0.0367,0.00786304,0.00634588,0.00634588
2013-08-01,Utils_excess,-0.0443,0.00599942,0.00475322,0.00475322
2013-08-01,Other_excess,-0.0368,0.00608191,0.00616253,0.00616253
2013-09-01,NoDur_excess,0.02,0.00681452,0.00640756,0.00640756
2013-09-01,Durbl_excess,0.0645,0.00794269,0.01122618,0.01122618
2013-09-01,Manuf_excess,0.0517,0.00728279,0.00906237,0.00906237
2013-09-01,Enrgy_excess,0.0197,0.00779173,0.00941249,0.00941249
2013-09-01,HiTec_excess,0.0382,0.00794683,0.00903455,0.00903455
2013-09-01,Telcm_excess,0.0428,0.00564125,0.00533017,0.00533017
2013-09-01,Shops_excess,0.0449,0.00722673,0.00827434,0.00827434
2013-09-01,Hlth_excess,0.0417,0.00782019,0.00624314,0.00624314
2013-09-01,Utils_excess,0.0105,0.00595106,0.00458832,0.00458832
2013-09-01,Other_excess,0.0383,0.00604067,0.00604292,0.00604292
2013-10-01,NoDur_excess,0.0482,0.00682719,0.00624763,0.00624763
2013-10-01,Durbl_excess,0.0076,0.00799702,0.01096148,0.01096148
2013-10-01,Manuf_excess,0.046,0.00732546,0.00894686,0.00894686
2013-10-01,Enrgy_excess,0.0479,0.00780317,0.00936776,0.00936776
2013-10-01,HiTec_excess,0.0376,0.00797589,0.00892593,0.00892593
2013-10-01,Telcm_excess,0.0585,0.00567695,0.00539469,0.00539469
2013-10-01,Shops_excess,0.0512,0.00726292,0.00814697,0.00814697
2013-10-01,Hlth_excess,0.0355,0.00785274,0.0062605,0.0062605
2013-10-01,Utils_excess,0.0334,0.00595543,0.00453742,0.00453742
2013-10-01,Other_excess,0.0383,0.00607166,0.0059052,0.0059052
2013-11-01,NoDur_excess,0.0127,0.00686689,0.00596596,0.00596596
2013-11-01,Durbl_excess,0.0188,0.00799664,0.00990781,0.00990781
2013-11-01,Manuf_excess,0.0297,0.00736257,0.0085965,0.0085965
2013-11-01,Enrgy_excess,0.0087,0.00784165,0.00924274,0.00924274
2013-11-01,HiTec_excess,0.0359,0.00800432,0.00855571,0.00855571
2013-11-01,Telcm_excess,0.0008,0.00572764,0.00535583,0.00535583
2013-11-01,Shops_excess,0.0369,0.00730509,0.00775431,0.00775431
2013-11-01,Hlth_excess,0.045,0.00787927,0.00615085,0.00615085
2013-11-01,Utils_excess,-0.0181,0.00598177,0.00455423,0.00455423
2013-11-01,Other_excess,0.047,0.00610259,0.0054555,0.0054555
2013-12-01,NoDur_excess,0.0247,0.00687248,0.00613321,0.00613321
2013-12-01,Durbl_excess,0.0124,0.008007,0.00998681,0.00998681
2013-12-01,Manuf_excess,0.031,0.00738399,0.00857107,0.00857107
2013-12-01,Enrgy_excess,0.0303,0.00784247,0.00922279,0.00922279
2013-12-01,HiTec_excess,0.0398,0.00803106,0.00852393,0.00852393
2013-12-01,Telcm_excess,0.0398,0.00572291,0.00541495,0.00541495
2013-12-01,Shops_excess,0.0025,0.00733346,0.00797172,0.00797172
2013-12-01,Hlth_excess,0.0059,0.00791486,0.0061527,0.0061527
2013-12-01,Utils_excess,0.0179,0.00595868,0.00429139,0.00429139
2013-12-01,Other_excess,0.0315,0.0061418,0.00568202,0.00568202
2014-01-01,NoDur_excess,-0.0572,0.00688956,0.00648833,0.00648833
2014-01-01,Durbl_excess,-0.0362,0.00801121,0.0103912,0.0103912
2014-01-01,Manuf_excess,-0.0428,0.00740661,0.0088008,0.0088008
2014-01-01,Enrgy_excess,-0.0689,0.00786398,0.00936347,0.00936347
2014-01-01,HiTec_excess,-0.014,0.00806149,0.00868672,0.00868672
2014-01-01,Telcm_excess,-0.0381,0.00575556,0.00570743,0.00570743
2014-01-01,Shops_excess,-0.0648,0.00732883,0.0082235,0.0082235
2014-01-01,Hlth_excess,0.0179,0.00791293,0.00605302,0.00605302
2014-01-01,Utils_excess,0.0249,0.00597011,0.00424039,0.00424039
2014-01-01,Other_excess,-0.0433,0.00616609,0.00601886,0.00601886
2014-02-01,NoDur_excess,0.0346,0.00682823,0.00560565,0.00560565
2014-02-01,Durbl_excess,0.0801,0.0079689,0.00928648,0.00928648
2014-02-01,Manuf_excess,0.0542,0.00735856,0.0082066,0.0082066
2014-02-01,Enrgy_excess,0.0569,0.00779053,0.00899138,0.00899138
2014-02-01,HiTec_excess,0.0515,0.00804038,0.00858695,0.00858695
2014-02-01,Telcm_excess,0.0256,0.00571359,0.00528169,0.00528169
2014-02-01,Shops_excess,0.0533,0.00725981,0.00724008,0.00724008
2014-02-01,Hlth_excess,0.0635,0.00792249,0.00633874,0.00633874
2014-02-01,Utils_excess,0.0309,0.00598823,0.00459871,0.00459871
2014-02-01,Other_excess,0.0345,0.00611876,0.00533977,0.00533977
2014-03-01,NoDur_excess,0.0325,0.00685478,0.00540274,0.00540274
2014-03-01,Durbl_excess,-0.0113,0.00803786,0.00884067,0.00884067
2014-03-01,Manuf_excess,0.0031,0.00740335,0.00800328,0.00800328
2014-03-01,Enrgy_excess,0.0243,0.00783748,0.00900673,0.00900673
2014-03-01,HiTec_excess,-0.0061,0.00808193,0.00840285,0.00840285
2014-03-01,Telcm_excess,0.0015,0.0057326,0.00519021,0.00519021
2014-03-01,Shops_excess,-0.0059,0.00730382,0.00701964,0.00701964
2014-03-01,Hlth_excess,-0.0247,0.00797562,0.00640162,0.00640162
2014-03-01,Utils_excess,0.0268,0.00601205,0.004614,0.004614
2014-03-01,Other_excess,0.0204,0.00614589,0.00503841,0.00503841
2014-04-01,NoDur_excess,0.0149,0.00687927,0.00559398,0.00559398
2014-04-01,Durbl_excess,0.0033,0.00801939,0.00894436,0.00894436
2014-04-01,Manuf_excess,0.0083,0.00739924,0.00812961,0.00812961
2014-04-01,Enrgy_excess,0.0567,0.0078532,0.00909596,0.00909596
2014-04-01,HiTec_excess,-0.0105,0.00806839,0.0084307,0.0084307
2014-04-01,Telcm_excess,0.0039,0.00572856,0.00518548,0.00518548
2014-04-01,Shops_excess,-0.0093,0.00729121,0.00706826,0.00706826
2014-04-01,Hlth_excess,-0.0033,0.00794441,0.00631184,0.00631184
2014-04-01,Utils_excess,0.0398,0.0060319,0.00475158,0.00475158
2014-04-01,Other_excess,-0.0194,0.0061595,0.00520251,0.00520251
2014-05-01,NoDur_excess,0.0337,0.00688693,0.00543397,0.00543397
2014-05-01,Durbl_excess,0.0069,0.00801489,0.00859008,0.00859008
2014-05-01,Manuf_excess,0.0127,0.0074001,0.00799926,0.00799926
2014-05-01,Enrgy_excess,0.0088,0.00789981,0.00928232,0.00928232
2014-05-01,HiTec_excess,0.0342,0.00805067,0.00829405,0.00829405
2014-05-01,Telcm_excess,0.0411,0.00572681,0.00509086,0.00509086
2014-05-01,Shops_excess,0.0099,0.00727538,0.00677589,0.00677589
2014-05-01,Hlth_excess,0.0185,0.00793368,0.00628886,0.00628886
2014-05-01,Utils_excess,0.0001,0.00606412,0.00495139,0.00495139
2014-05-01,Other_excess,0.0178,0.00613511,0.00491054,0.00491054
2014-06-01,NoDur_excess,0.012,0.00691249,0.00504571,0.00504571
2014-06-01,Durbl_excess,0.0445,0.00801382,0.00757545,0.00757545
2014-06-01,Manuf_excess,0.0141,0.00740515,0.00754489,0.00754489
2014-06-01,Enrgy_excess,0.0412,0.00790067,0.00909326,0.00909326
2014-06-01,HiTec_excess,0.0286,0.0080756,0.0080752,0.0080752
2014-06-01,Telcm_excess,0.0154,0.00576053,0.00499852,0.00499852
2014-06-01,Shops_excess,0.0126,0.00727788,0.00618032,0.00618032
2014-06-01,Hlth_excess,0.0287,0.00794376,0.00624951,0.00624951
2014-06-01,Utils_excess,0.0543,0.00605844,0.00492955,0.00492955
2014-06-01,Other_excess,0.0244,0.00614623,0.00441683,0.00441683
2014-07-01,NoDur_excess,-0.0435,0.00691733,0.004963,0.004963
2014-07-01,Durbl_excess,-0.0471,0.00804857,0.00737651,0.00737651
2014-07-01,Manuf_excess,-0.0413,0.00741152,0.00730748,0.00730748
2014-07-01,Enrgy_excess,-0.0356,0.00793238,0.0091939,0.0091939
2014-07-01,HiTec_excess,0.0015,0.00809514,0.00798547,0.00798547
2014-07-01,Telcm_excess,0.008,0.00576971,0.00501879,0.00501879
2014-07-01,Shops_excess,-0.0202,0.00728295,0.00601113,0.00601113
2014-07-01,Hlth_excess,-0.0034,0.00796352,0.00624767,0.00624767
2014-07-01,Utils_excess,-0.064,0.00610438,0.00508983,0.00508983
2014-07-01,Other_excess,-0.0226,0.00616362,0.0043343,0.0043343
2014-08-01,NoDur_excess,0.0556,0.00686936,0.00486413,0.00486413
2014-08-01,Durbl_excess,0.0507,0.0079961,0.00746564,0.00746564
2014-08-01,Manuf_excess,0.0483,0.00736518,0.00728486,0.00728486
2014-08-01,Enrgy_excess,0.0232,0.00789096,0.00911269,0.00911269
2014-08-01,HiTec_excess,0.0424,0.00808887,0.00818099,0.00818099
2014-08-01,Telcm_excess,0.0033,0.00577184,0.00511186,0.00511186
2014-08-01,Shops_excess,0.0501,0.0072568,0.00606514,0.00606514
2014-08-01,Hlth_excess,0.0554,0.00795271,0.00635065,0.00635065
2014-08-01,Utils_excess,0.0531,0.00603768,0.00487024,0.00487024
2014-08-01,Other_excess,0.0411,0.00613625,0.00441119,0.00441119
2014-09-01,NoDur_excess,-0.0007,0.00691568,0.00466445,0.00466445
2014-09-01,Durbl_excess,-0.0938,0.00803669,0.00702551,0.00702551
2014-09-01,Manuf_excess,-0.025,0.00740409,0.00736271,0.00736271
2014-09-01,Enrgy_excess,-0.0783,0.00790551,0.00889233,0.00889233
2014-09-01,HiTec_excess,-0.014,0.00812148,0.0080912,0.0080912
2014-09-01,Telcm_excess,-0.0145,0.00576949,0.00477879,0.00477879
2014-09-01,Shops_excess,-0.0133,0.00729753,0.00586917,0.00586917
2014-09-01,Hlth_excess,-0.0022,0.00799781,0.00649645,0.00649645
2014-09-01,Utils_excess,-0.0338,0.00608241,0.00509241,0.00509241
2014-09-01,Other_excess,-0.0111,0.00616949,0.00413158,0.00413158
2014-10-01,NoDur_excess,0.0269,0.00690845,0.00521382,0.00521382
2014-10-01,Durbl_excess,0.0349,0.00793998,0.00782623,0.00782623
2014-10-01,Manuf_excess,0.0241,0.00737331,0.0078496,0.0078496
2014-10-01,Enrgy_excess,-0.0419,0.00782365,0.00878437,0.00878437
2014-10-01,HiTec_excess,0.0158,0.00810047,0.00848072,0.00848072
2014-10-01,Telcm_excess,0.013,0.00575024,0.00498427,0.00498427
2014-10-01,Shops_excess,0.0271,0.00727797,0.00650242,0.00650242
2014-10-01,Hlth_excess,0.0592,0.00798813,0.00665168,0.00665168
2014-10-01,Utils_excess,0.0671,0.00604454,0.00499601,0.00499601
2014-10-01,Other_excess,0.0341,0.00615309,0.00473374,0.00473374
2014-11-01,NoDur_excess,0.0479,0.00692742,0.00512954,0.00512954
2014-11-01,Durbl_excess,0.0442,0.00796556,0.00785454,0.00785454
2014-11-01,Manuf_excess,0.0228,0.00738918,0.00810336,0.00810336
2014-11-01,Enrgy_excess,-0.0957,0.00777647,0.00841283,0.00841283
2014-11-01,HiTec_excess,0.0428,0.00810778,0.00849165,0.00849165
2014-11-01,Telcm_excess,0.0246,0.00575712,0.00481194,0.00481194
2014-11-01,Shops_excess,0.0751,0.00729677,0.0065146,0.0065146
2014-11-01,Hlth_excess,0.0252,0.00803672,0.00688761,0.00688761
2014-11-01,Utils_excess,0.0026,0.00610247,0.00529449,0.00529449
2014-11-01,Other_excess,0.0251,0.0061796,0.00470718,0.00470718
2014-12-01,NoDur_excess,-0.0241,0.00696626,0.00517474,0.00517474
2014-12-01,Durbl_excess,0.0035,0.00799991,0.0080461,0.0080461
2014-12-01,Manuf_excess,-0.0008,0.00740379,0.00844221,0.00844221
2014-12-01,Enrgy_excess,0.0054,0.00767839,0.00783607,0.00783607
2014-12-01,HiTec_excess,-0.0126,0.00814066,0.00864941,0.00864941
2014-12-01,Telcm_excess,-0.0205,0.00577498,0.00469095,0.00469095
2014-12-01,Shops_excess,0.016,0.00736104,0.00679022,0.00679022
2014-12-01,Hlth_excess,-0.0083,0.00805299,0.0069959,0.0069959
2014-12-01,Utils_excess,0.0186,0.00609915,0.00533459,0.00533459
2014-12-01,Other_excess,0.0118,0.00619754,0.00469771,0.00469771
2015-01-01,NoDur_excess,-0.0056,0.00693684,0.00497142,0.00497142
2015-01-01,Durbl_excess,-0.0428,0.00799564,0.00815619,0.00815619
2015-01-01,Manuf_excess,-0.0375,0.00739602,0.00868124,0.00868124
2015-01-01,Enrgy_excess,-0.0431,0.00767623,0.00779088,0.00779088
2015-01-01,HiTec_excess,-0.0346,0.00812102,0.00870873,0.00870873
2015-01-01,Telcm_excess,-0.0447,0.00575009,0.00447007,0.00447007
2015-01-01,Shops_excess,-0.004,0.00736922,0.00685511,0.00685511
2015-01-01,Hlth_excess,0.0158,0.0080375,0.00707282,0.00707282
2015-01-01,Utils_excess,0.0124,0.00611098,0.00550802,0.00550802
2015-01-01,Other_excess,-0.064,0.00620284,0.00472911,0.00472911
2015-02-01,NoDur_excess,0.0513,0.00692498,0.00435831,0.00435831
2015-02-01,Durbl_excess,0.0802,0.00794759,0.00732872,0.00732872
2015-02-01,Manuf_excess,0.0615,0.00735355,0.00848964,0.00848964
2015-02-01,Enrgy_excess,0.0472,0.00762819,0.00753296,0.00753296
2015-02-01,HiTec_excess,0.0822,0.00808061,0.00862335,0.00862335
2015-02-01,Telcm_excess,0.0892,0.00570237,0.00395222,0.00395222
2015-02-01,Shops_excess,0.0567,0.00735847,0.00631845,0.00631845
2015-02-01,Hlth_excess,0.04,0.00804484,0.00736802,0.00736802
2015-02-01,Utils_excess,-0.0436,0.00611693,0.00580937,0.00580937
2015-02-01,Other_excess,0.0724,0.00613642,0.00406084,0.00406084
2015-03-01,NoDur_excess,-0.0242,0.00696692,0.00485632,0.00485632
2015-03-01,Durbl_excess,-0.0058,0.00801588,0.00771086,0.00771086
2015-03-01,Manuf_excess,-0.0205,0.00740473,0.00841993,0.00841993
2015-03-01,Enrgy_excess,-0.0249,0.0076656,0.00769351,0.00769351
2015-03-01,HiTec_excess,-0.0251,0.00815066,0.00867694,0.00867694
2015-03-01,Telcm_excess,-0.0212,0.00578129,0.00451599,0.00451599
2015-03-01,Shops_excess,0.0066,0.0074051,0.00668657,0.00668657
2015-03-01,Hlth_excess,0.0086,0.00807505,0.00720409,0.00720409
2015-03-01,Utils_excess,-0.0031,0.00606994,0.00534475,0.00534475
2015-03-01,Other_excess,-0.0061,0.00619905,0.00445561,0.00445561
2015-04-01,NoDur_excess,0.0081,0.00693749,0.00468958,0.00468958
2015-04-01,Durbl_excess,-0.0071,0.00800283,0.00765726,0.00765726
2015-04-01,Manuf_excess,-0.0076,0.00737838,0.00833835,0.00833835
2015-04-01,Enrgy_excess,0.0665,0.00763484,0.00765493,0.00765493
2015-04-01,HiTec_excess,0.0144,0.00811926,0.00866822,0.00866822
2015-04-01,Telcm_excess,0.0363,0.00575581,0.00442173,0.00442173
2015-04-01,Shops_excess,-0.0209,0.00740434,0.00664353,0.00664353
2015-04-01,Hlth_excess,-0.0155,0.00807554,0.00733687,0.00733687
2015-04-01,Utils_excess,0.0028,0.00606128,0.00541543,0.00541543
2015-04-01,Other_excess,0.0062,0.00618744,0.00443781,0.00443781
2015-05-01,NoDur_excess,0.015,0.00693858,0.00522446,0.00522446
2015-05-01,Durbl_excess,0.0099,0.00798858,0.00860036,0.00860036
2015-05-01,Manuf_excess,0.0088,0.00736425,0.00874209,0.00874209
2015-05-01,Enrgy_excess,-0.0511,0.00769038,0.00803479,0.00803479
2015-05-01,HiTec_excess,0.0193,0.00812519,0.00897773,0.00897773
2015-05-01,Telcm_excess,0.0033,0.00578462,0.00478392,0.00478392
2015-05-01,Shops_excess,0.0107,0.00737764,0.00715371,0.00715371
2015-05-01,Hlth_excess,0.0499,0.0080533,0.00729552,0.00729552
2015-05-01,Utils_excess,-0.0043,0.00605821,0.00537401,0.00537401
2015-05-01,Other_excess,0.0172,0.00618745,0.00497772,0.00497772
2015-06-01,NoDur_excess,-0.0153,0.00694618,0.00535149,0.00535149
2015-06-01,Durbl_excess,-0.0185,0.00799039,0.0085887,0.0085887
2015-06-01,Manuf_excess,-0.0199,0.0073656,0.00858952,0.00858952
2015-06-01,Enrgy_excess,-0.0375,0.00763497,0.00785953,0.00785953
2015-06-01,HiTec_excess,-0.0359,0.00813572,0.00895313,0.00895313
2015-06-01,Telcm_excess,-0.0055,0.00578228,0.00487495,0.00487495
2015-06-01,Shops_excess,-0.0061,0.00738077,0.00718557,0.00718557
2015-06-01,Hlth_excess,0.0037,0.00809274,0.00738319,0.00738319
2015-06-01,Utils_excess,-0.0527,0.00604844,0.00527544,0.00527544
2015-06-01,Other_excess,0.0003,0.00619783,0.00506438,0.00506438
2015-07-01,NoDur_excess,0.0496,0.00692524,0.0058868,0.0058868
2015-07-01,Durbl_excess,-0.0231,0.00796544,0.00962419,0.00962419
2015-07-01,Manuf_excess,-0.02,0.00733992,0.00893874,0.00893874
2015-07-01,Enrgy_excess,-0.0895,0.00759247,0.00801133,0.00801133
2015-07-01,HiTec_excess,0.0221,0.00809426,0.0092087,0.0092087
2015-07-01,Telcm_excess,0.0152,0.00577166,0.00519419,0.00519419
2015-07-01,Shops_excess,0.0514,0.00736808,0.00781163,0.00781163
2015-07-01,Hlth_excess,0.035,0.00808861,0.00750494,0.00750494
2015-07-01,Utils_excess,0.0265,0.00599313,0.00509779,0.00509779
2015-07-01,Other_excess,0.0182,0.00619228,0.00571519,0.00571519
2015-08-01,NoDur_excess,-0.041,0.00696538,0.00587119,0.00587119
2015-08-01,Durbl_excess,-0.0598,0.00793622,0.00949914,0.00949914
2015-08-01,Manuf_excess,-0.0561,0.00731421,0.00912082,0.00912082
2015-08-01,Enrgy_excess,-0.0365,0.00750113,0.00746963,0.00746963
2015-08-01,HiTec_excess,-0.0583,0.00810743,0.00927927,0.00927927
2015-08-01,Telcm_excess,-0.0838,0.00578053,0.00500477,0.00500477
2015-08-01,Shops_excess,-0.053,0.0074095,0.00793625,0.00793625
2015-08-01,Hlth_excess,-0.0838,0.00811392,0.00766951,0.00766951
2015-08-01,Utils_excess,-0.0408,0.00601242,0.00523001,0.00523001
2015-08-01,Other_excess,-0.0617,0.00620357,0.00563666,0.00563666
2015-09-01,NoDur_excess,-0.0056,0.0069203,0.00619401,0.00619401
2015-09-01,Durbl_excess,-0.0345,0.00787256,0.01049937,0.01049937
2015-09-01,Manuf_excess,-0.0424,0.00725461,0.00961507,0.00961507
2015-09-01,Enrgy_excess,-0.0575,0.00745977,0.0077141,0.0077141
2015-09-01,HiTec_excess,-0.0132,0.00804502,0.0097077,0.0097077
2015-09-01,Telcm_excess,-0.025,0.00569633,0.00496002,0.00496002
2015-09-01,Shops_excess,-0.0206,0.00735273,0.00837069,0.00837069
2015-09-01,Hlth_excess,-0.0692,0.00802754,0.00772525,0.00772525
2015-09-01,Utils_excess,-0.005,0.00596842,0.00531178,0.00531178
2015-09-01,Other_excess,-0.0306,0.00613976,0.00609493,0.00609493
2015-10-01,NoDur_excess,0.068,0.00690854,0.00648826,0.00648826
2015-10-01,Durbl_excess,0.0696,0.00783277,0.0114163,0.0114163
2015-10-01,Manuf_excess,0.0941,0.00720798,0.01017488,0.01017488
2015-10-01,Enrgy_excess,0.1217,0.00739878,0.00772739,0.00772739
2015-10-01,HiTec_excess,0.1012,0.00802507,0.01018836,0.01018836
2015-10-01,Telcm_excess,0.0907,0.00566751,0.00498267,0.00498267
2015-10-01,Shops_excess,0.0482,0.00732648,0.00882685,0.00882685
2015-10-01,Hlth_excess,0.0751,0.00795502,0.00775751,0.00775751
2015-10-01,Utils_excess,0.0209,0.00595812,0.00545193,0.00545193
2015-10-01,Other_excess,0.0657,0.00610526,0.00648646,0.00648646
2015-11-01,NoDur_excess,-0.0092,0.00696585,0.00686292,0.00686292
2015-11-01,Durbl_excess,0.0196,0.00789071,0.01193403,0.01193403
2015-11-01,Manuf_excess,0.0041,0.00728949,0.01078552,0.01078552
2015-11-01,Enrgy_excess,0.0106,0.007506,0.00778207,0.00778207
2015-11-01,HiTec_excess,0.0115,0.00811248,0.01034736,0.01034736
2015-11-01,Telcm_excess,-0.0192,0.00574728,0.00514939,0.00514939
2015-11-01,Shops_excess,0.011,0.00736482,0.00923816,0.00923816
2015-11-01,Hlth_excess,0.0058,0.00801801,0.00777246,0.00777246
2015-11-01,Utils_excess,-0.0342,0.00597214,0.00529967,0.00529967
2015-11-01,Other_excess,0.0138,0.00616116,0.00671597,0.00671597
2015-12-01,NoDur_excess,0.0077,0.0069507,0.00678576,0.00678576
2015-12-01,Durbl_excess,-0.0409,0.00790169,0.01184432,0.01184432
2015-12-01,Manuf_excess,-0.0255,0.0072865,0.01069163,0.01069163
2015-12-01,Enrgy_excess,-0.0961,0.0075089,0.00773153,0.00773153
2015-12-01,HiTec_excess,-0.0253,0.00811565,0.01026163,0.01026163
2015-12-01,Telcm_excess,-0.0297,0.0057239,0.00502801,0.00502801
2015-12-01,Shops_excess,0.0003,0.00736823,0.00919514,0.00919514
2015-12-01,Hlth_excess,0.0031,0.00801593,0.00774921,0.00774921
2015-12-01,Utils_excess,-0.024,0.00593449,0.00513703,0.00513703
2015-12-01,Other_excess,-0.0268,0.00616832,0.00670339,0.00670339
2016-01-01,NoDur_excess,0.0016,0.0069514,0.00699466,0.00699466
2016-01-01,Durbl_excess,-0.1234,0.00785599,0.01212313,0.01212313
2016-01-01,Manuf_excess,-0.0572,0.00725581,0.01090578,0.01090578
2016-01-01,Enrgy_excess,-0.0438,0.00741189,0.00734547,0.00734547
2016-01-01,HiTec_excess,-0.0597,0.00808436,0.0103161,0.0103161
2016-01-01,Telcm_excess,0.0038,0.00569073,0.00493323,0.00493323
2016-01-01,Shops_excess,-0.0454,0.00736161,0.00944234,0.00944234
2016-01-01,Hlth_excess,-0.1013,0.00801133,0.00787227,0.00787227
2016-01-01,Utils_excess,0.0466,0.00590646,0.00510815,0.00510815
2016-01-01,Other_excess,-0.0874,0.00613745,0.00682549,0.00682549
2016-02-01,NoDur_excess,0.0057,0.0069464,0.00644443,0.00644443
2016-02-01,Durbl_excess,0.0407,0.00773321,0.01080631,0.01080631
2016-02-01,Manuf_excess,0.0328,0.00719551,0.0103697,0.0103697
2016-02-01,Enrgy_excess,-0.0297,0.00736399,0.00722338,0.00722338
2016-02-01,HiTec_excess,-0.009,0.00802095,0.01005868,0.01005868
2016-02-01,Telcm_excess,0.0089,0.00568896,0.00475083,0.00475083
2016-02-01,Shops_excess,0.0009,0.00731225,0.00865087,0.00865087
2016-02-01,Hlth_excess,-0.0099,0.00790907,0.00765375,0.00765375
2016-02-01,Utils_excess,0.017,0.00594453,0.00553127,0.00553127
2016-02-01,Other_excess,-0.0044,0.00604995,0.0060666,0.0060666
2016-03-01,NoDur_excess,0.0494,0.00694523,0.00585036,0.00585036
2016-03-01,Durbl_excess,0.1063,0.00776402,0.00976714,0.00976714
2016-03-01,Manuf_excess,0.0689,0.00721944,0.00990834,0.00990834
2016-03-01,Enrgy_excess,0.1087,0.00732935,0.00691653,0.00691653
2016-03-01,HiTec_excess,0.0847,0.00800505,0.00964523,0.00964523
2016-03-01,Telcm_excess,0.0614,0.00569196,0.00450684,0.00450684
2016-03-01,Shops_excess,0.0554,0.00730626,0.00790539,0.00790539
2016-03-01,Hlth_excess,0.0393,0.00789243,0.00754804,0.00754804
2016-03-01,Utils_excess,0.0782,0.00595486,0.00562689,0.00562689
2016-03-01,Other_excess,0.0713,0.00604019,0.00542545,0.00542545
2016-04-01,NoDur_excess,0.0026,0.00698487,0.005658,0.005658
2016-04-01,Durbl_excess,0.0153,0.00785602,0.00917656,0.00917656
2016-04-01,Manuf_excess,0.0228,0.00727703,0.00957741,0.00957741
2016-04-01,Enrgy_excess,0.0916,0.007424,0.00696767,0.00696767
2016-04-01,HiTec_excess,-0.0421,0.00807666,0.00939031,0.00939031
2016-04-01,Telcm_excess,0.0068,0.00574398,0.004507,0.004507
2016-04-01,Shops_excess,-0.0056,0.00735117,0.00759494,0.00759494
2016-04-01,Hlth_excess,0.0495,0.00792176,0.00733356,0.00733356
2016-04-01,Utils_excess,-0.0081,0.00602232,0.00570435,0.00570435
2016-04-01,Other_excess,0.024,0.00610112,0.00513066,0.00513066
2016-05-01,NoDur_excess,0.0073,0.00698078,0.0054556,0.0054556
2016-05-01,Durbl_excess,-0.011,0.00786297,0.00862651,0.00862651
2016-05-01,Manuf_excess,-0.0054,0.00729151,0.00910648,0.00910648
2016-05-01,Enrgy_excess,-0.006,0.00750252,0.00738226,0.00738226
2016-05-01,HiTec_excess,0.0513,0.00802985,0.0090041,0.0090041
2016-05-01,Telcm_excess,0.0016,0.00574496,0.00455504,0.00455504
2016-05-01,Shops_excess,0.0095,0.00733909,0.00720948,0.00720948
2016-05-01,Hlth_excess,0.0241,0.00796054,0.00742136,0.00742136
2016-05-01,Utils_excess,0.0223,0.00600914,0.00557991,0.00557991
2016-05-01,Other_excess,0.0119,0.00611782,0.0049919,0.0049919
2016-06-01,NoDur_excess,0.0472,0.00698108,0.00489473,0.00489473
2016-06-01,Durbl_excess,-0.055,0.00784539,0.00718511,0.00718511
2016-06-01,Manuf_excess,0.0089,0.00727968,0.0082147,0.0082147
2016-06-01,Enrgy_excess,0.0253,0.00748993,0.00713988,0.00713988
2016-06-01,HiTec_excess,-0.0176,0.00807018,0.00863416,0.00863416
2016-06-01,Telcm_excess,0.0353,0.0057411,0.00433836,0.00433836
2016-06-01,Shops_excess,0.0071,0.0073411,0.00643212,0.00643212
2016-06-01,Hlth_excess,-0.0019,0.00797558,0.00729298,0.00729298
2016-06-01,Utils_excess,0.0741,0.00602432,0.00555886,0.00555886
2016-06-01,Other_excess,-0.0309,0.00612321,0.0043509,0.0043509
2016-07-01,NoDur_excess,-0.0008,0.00701853,0.00434872,0.00434872
2016-07-01,Durbl_excess,0.0856,0.00778687,0.00586279,0.00586279
2016-07-01,Manuf_excess,0.0405,0.00728119,0.00791916,0.00791916
2016-07-01,Enrgy_excess,-0.0275,0.00750652,0.00700338,0.00700338
2016-07-01,HiTec_excess,0.0751,0.00804628,0.0083046,0.0083046
2016-07-01,Telcm_excess,0.0223,0.00576862,0.0040631,0.0040631
2016-07-01,Shops_excess,0.0382,0.00734088,0.00571301,0.00571301
2016-07-01,Hlth_excess,0.0614,0.00796639,0.00730642,0.00730642
2016-07-01,Utils_excess,-0.0027,0.00608771,0.00595337,0.00595337
2016-07-01,Other_excess,0.0371,0.00608873,0.00356808,0.00356808
2016-08-01,NoDur_excess,-0.0063,0.00701126,0.00384296,0.00384296
2016-08-01,Durbl_excess,0.0023,0.00785926,0.00501322,0.00501322
2016-08-01,Manuf_excess,0.0138,0.00731209,0.00738803,0.00738803
2016-08-01,Enrgy_excess,0.0159,0.00747395,0.0065826,0.0065826
2016-08-01,HiTec_excess,0.0177,0.00810865,0.00805444,0.00805444
2016-08-01,Telcm_excess,-0.0319,0.005784,0.00390237,0.00390237
2016-08-01,Shops_excess,-0.0138,0.00736958,0.00519474,0.00519474
2016-08-01,Hlth_excess,-0.0317,0.00801609,0.00729474,0.00729474
2016-08-01,Utils_excess,-0.038,0.00607953,0.00580179,0.00580179
2016-08-01,Other_excess,0.0327,0.00611758,0.00308718,0.00308718
2016-09-01,NoDur_excess,-0.025,0.00699888,0.00396062,0.00396062
2016-09-01,Durbl_excess,-0.0156,0.00785409,0.00522047,0.00522047
2016-09-01,Manuf_excess,-0.0004,0.00731812,0.00742278,0.00742278
2016-09-01,Enrgy_excess,0.0279,0.00748178,0.00670984,0.00670984
2016-09-01,HiTec_excess,0.022,0.00811757,0.00814721,0.00814721
2016-09-01,Telcm_excess,0.0045,0.00574898,0.00387058,0.00387058
2016-09-01,Shops_excess,-0.0064,0.00734991,0.00526016,0.00526016
2016-09-01,Hlth_excess,0.0058,0.00797918,0.00712947,0.00712947
2016-09-01,Utils_excess,0.0181,0.00603857,0.00559101,0.00559101
2016-09-01,Other_excess,-0.0104,0.00614229,0.00336383,0.00336383
2016-10-01,NoDur_excess,-0.002,0.00696917,0.00400966,0.00400966
2016-10-01,Durbl_excess,-0.0379,0.00783231,0.0053738,0.0053738
2016-10-01,Manuf_excess,-0.0257,0.00731096,0.00741206,0.00741206
2016-10-01,Enrgy_excess,-0.0298,0.00750074,0.00688651,0.00688651
2016-10-01,HiTec_excess,-0.0114,0.00813045,0.00826577,0.00826577
2016-10-01,Telcm_excess,-0.0307,0.00574782,0.00399209,0.00399209
2016-10-01,Shops_excess,-0.0414,0.00733714,0.00536541,0.00536541
2016-10-01,Hlth_excess,-0.0755,0.00797716,0.00712813,0.00712813
2016-10-01,Utils_excess,-0.0068,0.00604977,0.005615,0.005615
2016-10-01,Other_excess,0.0075,0.00612693,0.00346866,0.00346866
2016-11-01,NoDur_excess,-0.0388,0.00696085,0.00436332,0.00436332
2016-11-01,Durbl_excess,0.0754,0.00778989,0.00576248,0.00576248
2016-11-01,Manuf_excess,0.0628,0.00728033,0.00736538,0.00736538
2016-11-01,Enrgy_excess,0.0958,0.00746614,0.00697309,0.00697309
2016-11-01,HiTec_excess,0.0073,0.00811234,0.00835385,0.00835385
2016-11-01,Telcm_excess,0.0653,0.00571401,0.00414081,0.00414081
2016-11-01,Shops_excess,0.0427,0.00729193,0.00554683,0.00554683
2016-11-01,Hlth_excess,0.0238,0.00789972,0.00689297,0.00689297
2016-11-01,Utils_excess,-0.0266,0.00603785,0.00555133,0.00555133
2016-11-01,Other_excess,0.1149,0.0061282,0.00386007,0.00386007
2016-12-01,NoDur_excess,0.0343,0.00691844,0.00471288,0.00471288
2016-12-01,Durbl_excess,0.0395,0.00785255,0.00637275,0.00637275
2016-12-01,Manuf_excess,0.0046,0.00733179,0.00745008,0.00745008
2016-12-01,Enrgy_excess,0.0194,0.00754801,0.00717988,0.00717988
2016-12-01,HiTec_excess,0.0089,0.00811158,0.00814505,0.00814505
2016-12-01,Telcm_excess,0.0486,0.00576923,0.00456542,0.00456542
2016-12-01,Shops_excess,-0.0033,0.00732475,0.00604705,0.00604705
2016-12-01,Hlth_excess,0.0066,0.00791446,0.00671542,0.00671542
2016-12-01,Utils_excess,0.0358,0.0060076,0.00520662,0.00520662
2016-12-01,Other_excess,0.0293,0.00622901,0.00447723,0.00447723
2017-01-01,NoDur_excess,0.0165,0.0069438,0.00452099,0.00452099
2017-01-01,Durbl_excess,0.029,0.00788185,0.00567001,0.00567001
2017-01-01,Manuf_excess,0.033,0.00732926,0.00691646,0.00691646
2017-01-01,Enrgy_excess,-0.0433,0.00755898,0.00705648,0.00705648
2017-01-01,HiTec_excess,0.0456,0.00811231,0.00776871,0.00776871
2017-01-01,Telcm_excess,0.0329,0.00580889,0.00458933,0.00458933
2017-01-01,Shops_excess,0.0107,0.00731491,0.00558643,0.00558643
2017-01-01,Hlth_excess,0.0198,0.00791324,0.00655196,0.00655196
2017-01-01,Utils_excess,0.0105,0.00603519,0.0052074,0.0052074
2017-01-01,Other_excess,0.0089,0.00625037,0.00416734,0.00416734
2017-02-01,NoDur_excess,0.0371,0.00695264,0.00453618,0.00453618
2017-02-01,Durbl_excess,0.0068,0.00790139,0.00557248,0.00557248
2017-02-01,Manuf_excess,0.0413,0.00735301,0.00683874,0.00683874
2017-02-01,Enrgy_excess,-0.025,0.00751193,0.00684892,0.00684892
2017-02-01,HiTec_excess,0.048,0.00814699,0.0077562,0.0077562
2017-02-01,Telcm_excess,-0.0016,0.00583395,0.00467397,0.00467397
2017-02-01,Shops_excess,0.0284,0.00731804,0.00553148,0.00553148
2017-02-01,Hlth_excess,0.0693,0.00792424,0.00650268,0.00650268
2017-02-01,Utils_excess,0.0381,0.00603932,0.00515459,0.00515459
2017-02-01,Other_excess,0.0368,0.00625282,0.00410261,0.00410261
2017-03-01,NoDur_excess,0.0085,0.0069805,0.00421993,0.00421993
2017-03-01,Durbl_excess,0.0021,0.00790037,0.00465201,0.00465201
2017-03-01,Manuf_excess,0.001,0.00738438,0.00648855,0.00648855
2017-03-01,Enrgy_excess,-0.0123,0.00748189,0.00648608,0.00648608
2017-03-01,HiTec_excess,0.0208,0.00818383,0.00747538,0.00747538
2017-03-01,Telcm_excess,0.0085,0.00582708,0.00442768,0.00442768
2017-03-01,Shops_excess,0.0076,0.00733752,0.0050807,0.0050807
2017-03-01,Hlth_excess,0.0001,0.00798096,0.00650487,0.00650487
2017-03-01,Utils_excess,0.0035,0.00606895,0.00516845,0.00516845
2017-03-01,Other_excess,-0.0165,0.00628105,0.00370344,0.00370344
2017-04-01,NoDur_excess,0.0046,0.0069819,0.00389236,0.00389236
2017-04-01,Durbl_excess,0.0164,0.00789501,0.00374281,0.00374281
2017-04-01,Manuf_excess,0.0182,0.00737849,0.00601,0.00601
2017-04-01,Enrgy_excess,-0.0278,0.00746362,0.00617645,0.00617645
2017-04-01,HiTec_excess,0.025,0.00819548,0.00709831,0.00709831
2017-04-01,Telcm_excess,0.0006,0.00582955,0.00424373,0.00424373
2017-04-01,Shops_excess,0.026,0.00733777,0.00459819,0.00459819
2017-04-01,Hlth_excess,0.0088,0.00797368,0.00637989,0.00637989
2017-04-01,Utils_excess,0.0027,0.00606657,0.00514463,0.00514463
2017-04-01,Other_excess,0.0034,0.00626002,0.00320261,0.00320261
2017-05-01,NoDur_excess,0.0316,0.0069797,0.00369871,0.00369871
2017-05-01,Durbl_excess,-0.0021,0.00790286,0.00346225,0.00346225
2017-05-01,Manuf_excess,0.0121,0.00738847,0.0060032,0.0060032
2017-05-01,Enrgy_excess,-0.0344,0.00743109,0.00593144,0.00593144
2017-05-01,HiTec_excess,0.0405,0.00821098,0.00704071,0.00704071
2017-05-01,Telcm_excess,-0.0158,0.00582472,0.00408499,0.00408499
2017-05-01,Shops_excess,0.0161,0.00735498,0.00446879,0.00446879
2017-05-01,Hlth_excess,-0.0033,0.00797445,0.00637213,0.00637213
2017-05-01,Utils_excess,0.0238,0.00606347,0.00516534,0.00516534
2017-05-01,Other_excess,-0.0046,0.00625738,0.00301046,0.00301046
2017-06-01,NoDur_excess,-0.0118,0.0070024,0.00345179,0.00345179
2017-06-01,Durbl_excess,0.0329,0.00789364,0.00276206,0.00276206
2017-06-01,Manuf_excess,0.0116,0.00739281,0.00576362,0.00576362
2017-06-01,Enrgy_excess,-0.002,0.00739253,0.00559393,0.00559393
2017-06-01,HiTec_excess,-0.0209,0.00824074,0.00688666,0.00688666
2017-06-01,Telcm_excess,-0.0252,0.00580479,0.00381243,0.00381243
2017-06-01,Shops_excess,-0.0194,0.00736304,0.00410725,0.00410725
2017-06-01,Hlth_excess,0.0547,0.00796406,0.00627267,0.00627267
2017-06-01,Utils_excess,-0.0197,0.00607982,0.00523351,0.00523351
2017-06-01,Other_excess,0.0433,0.00624737,0.00261714,0.00261714
2017-07-01,NoDur_excess,-0.0013,0.00698508,0.00325812,0.00325812
2017-07-01,Durbl_excess,-0.0108,0.00791667,0.00248237,0.00248237
2017-07-01,Manuf_excess,0.021,0.00739669,0.00558412,0.00558412
2017-07-01,Enrgy_excess,0.0197,0.00738389,0.00546233,0.00546233
2017-07-01,HiTec_excess,0.0354,0.0082139,0.00661078,0.00661078
2017-07-01,Telcm_excess,0.0526,0.00577624,0.00363277,0.00363277
2017-07-01,Shops_excess,0.0013,0.0073384,0.00382125,0.00382125
2017-07-01,Hlth_excess,0.0062,0.00800709,0.00638717,0.00638717
2017-07-01,Utils_excess,0.0292,0.00605608,0.00513676,0.00513676
2017-07-01,Other_excess,0.0137,0.00628149,0.0025704,0.0025704
2017-08-01,NoDur_excess,-0.0184,0.00697746,0.0031146,0.0031146
2017-08-01,Durbl_excess,-0.0006,0.00789945,0.00204975,0.00204975
2017-08-01,Manuf_excess,0.0024,0.0074092,0.00544446,0.00544446
2017-08-01,Enrgy_excess,-0.0522,0.00739522,0.00533667,0.00533667
2017-08-01,HiTec_excess,0.0291,0.00823891,0.006472,0.006472
2017-08-01,Telcm_excess,-0.0257,0.00581932,0.00369657,0.00369657
2017-08-01,Shops_excess,-0.0169,0.00733284,0.00362074,0.00362074
2017-08-01,Hlth_excess,0.025,0.00800543,0.00628196,0.00628196
2017-08-01,Utils_excess,0.0209,0.00607737,0.00516526,0.00516526
2017-08-01,Other_excess,-0.0066,0.00628832,0.00240637,0.00240637
2017-09-01,NoDur_excess,-0.0047,0.00695414,0.00277374,0.00277374
2017-09-01,Durbl_excess,0.053,0.00789164,0.00172744,0.00172744
2017-09-01,Manuf_excess,0.0385,0.0074046,0.00537761,0.00537761
2017-09-01,Enrgy_excess,0.1085,0.00734044,0.00513327,0.00513327
2017-09-01,HiTec_excess,0.0051,0.00825809,0.00657302,0.00657302
2017-09-01,Telcm_excess,-0.0159,0.00579035,0.00347686,0.00347686
2017-09-01,Shops_excess,0.024,0.00731057,0.00330395,0.00330395
2017-09-01,Hlth_excess,0.0199,0.00802105,0.00641055,0.00641055
2017-09-01,Utils_excess,-0.0204,0.00609099,0.00529972,0.00529972
2017-09-01,Other_excess,0.0448,0.00627647,0.00219186,0.00219186
2017-10-01,NoDur_excess,-0.0001,0.00694343,0.00295012,0.00295012
2017-10-01,Durbl_excess,0.0122,0.00793306,0.00210371,0.00210371
2017-10-01,Manuf_excess,0.0267,0.00743315,0.00547979,0.00547979
2017-10-01,Enrgy_excess,0.0038,0.00743333,0.00549133,0.00549133
2017-10-01,HiTec_excess,0.068,0.00825519,0.00651424,0.00651424
2017-10-01,Telcm_excess,-0.0567,0.00577043,0.0035075,0.0035075
2017-10-01,Shops_excess,0.026,0.0073259,0.0035492,0.0035492
2017-10-01,Hlth_excess,-0.0234,0.00803196,0.00636966,0.00636966
2017-10-01,Utils_excess,0.0293,0.00606667,0.00511388,0.00511388
2017-10-01,Other_excess,0.0213,0.00631185,0.00246028,0.00246028
2017-11-01,NoDur_excess,0.0399,0.00693697,0.00298118,0.00298118
2017-11-01,Durbl_excess,-0.0057,0.00793697,0.00221832,0.00221832
2017-11-01,Manuf_excess,0.0339,0.00745083,0.00567132,0.00567132
2017-11-01,Enrgy_excess,0.0291,0.00743,0.00536427,0.00536427
2017-11-01,HiTec_excess,0.0098,0.00831,0.00667753,0.00667753
2017-11-01,Telcm_excess,0.0393,0.00571312,0.00324375,0.00324375
2017-11-01,Shops_excess,0.0769,0.00734303,0.00369734,0.00369734
2017-11-01,Hlth_excess,0.024,0.00800312,0.00621111,0.00621111
2017-11-01,Utils_excess,0.0234,0.00608798,0.00516413,0.00516413
2017-11-01,Other_excess,0.0384,0.0063256,0.00253662,0.00253662
2017-12-01,NoDur_excess,0.0192,0.00696719,0.00276914,0.00276914
2017-12-01,Durbl_excess,-0.0081,0.00792447,0.00136804,0.00136804
2017-12-01,Manuf_excess,0.0219,0.00747507,0.00537548,0.00537548
2017-12-01,Enrgy_excess,0.0491,0.00744986,0.00523466,0.00523466
2017-12-01,HiTec_excess,-0.0027,0.00831137,0.00633457,0.00633457
2017-12-01,Telcm_excess,0.044,0.0057439,0.00317624,0.00317624
2017-12-01,Shops_excess,0.0245,0.00740678,0.00349881,0.00349881
2017-12-01,Hlth_excess,-0.0025,0.00801778,0.00618715,0.00618715
2017-12-01,Utils_excess,-0.0507,0.00610385,0.00521988,0.00521988
2017-12-01,Other_excess,0.0127,0.006355,0.00225962,0.00225962
2018-01-01,NoDur_excess,0.0182,0.00697839,0.00249121,0.00249121
2018-01-01,Durbl_excess,0.0264,0.0079098,0.00058859,0.00058859
2018-01-01,Manuf_excess,0.0398,0.00748828,0.00516895,0.00516895
2018-01-01,Enrgy_excess,0.0266,0.007488,0.00508791,0.00508791
2018-01-01,HiTec_excess,0.0763,0.00830128,0.00593863,0.00593863
2018-01-01,Telcm_excess,0.0304,0.00577894,0.00307392,0.00307392
2018-01-01,Shops_excess,0.0927,0.00742244,0.00318174,0.00318174
2018-01-01,Hlth_excess,0.0628,0.00800815,0.00599347,0.00599347
2018-01-01,Utils_excess,-0.0292,0.00605183,0.00494831,0.00494831
2018-01-01,Other_excess,0.058,0.00636081,0.00189064,0.00189064
2018-02-01,NoDur_excess,-0.0633,0.00698866,0.00276914,0.00276914
2018-02-01,Durbl_excess,-0.0615,0.00792672,0.00068141,0.00068141
2018-02-01,Manuf_excess,-0.0414,0.00751784,0.00515532,0.00515532
2018-02-01,Enrgy_excess,-0.1089,0.00750549,0.00492797,0.00492797
2018-02-01,HiTec_excess,-0.0012,0.00836349,0.00589212,0.00589212
2018-02-01,Telcm_excess,-0.0716,0.00580146,0.00321878,0.00321878
2018-02-01,Shops_excess,-0.0459,0.00750046,0.00366051,0.00366051
2018-02-01,Hlth_excess,-0.036,0.00805828,0.00593419,0.00593419
2018-02-01,Utils_excess,-0.0465,0.00601958,0.00458261,0.00458261
2018-02-01,Other_excess,-0.0343,0.00640805,0.00210638,0.00210638
2018-03-01,NoDur_excess,-0.012,0.00692441,0.00266758,0.00266758
2018-03-01,Durbl_excess,-0.0569,0.00786325,0.00055316,0.00055316
2018-03-01,Manuf_excess,-0.0236,0.00747313,0.00487425,0.00487425
2018-03-01,Enrgy_excess,0.0295,0.00739909,0.00464347,0.00464347
2018-03-01,HiTec_excess,-0.0325,0.00835475,0.00587863,0.00587863
2018-03-01,Telcm_excess,-0.0265,0.00573071,0.00307955,0.00307955
2018-03-01,Shops_excess,-0.027,0.00745165,0.00351471,0.00351471
2018-03-01,Hlth_excess,-0.0251,0.00801801,0.00587325,0.00587325
2018-03-01,Utils_excess,0.0305,0.00597157,0.00446943,0.00446943
2018-03-01,Other_excess,-0.0277,0.00637084,0.0020838,0.0020838
2018-04-01,NoDur_excess,-0.0409,0.00690712,0.00244504,0.00244504
2018-04-01,Durbl_excess,-0.0044,0.00780411,0.00025906,0.00025906
2018-04-01,Manuf_excess,-0.0356,0.00744475,0.00495446,0.00495446
2018-04-01,Enrgy_excess,0.0979,0.00741927,0.00471403,0.00471403
2018-04-01,HiTec_excess,-0.003,0.00831744,0.00583889,0.00583889
2018-04-01,Telcm_excess,-0.0245,0.00570128,0.00283768,0.00283768
2018-04-01,Shops_excess,0.0364,0.00742018,0.00330752,0.00330752
2018-04-01,Hlth_excess,-0.0019,0.00798776,0.00594137,0.00594137
2018-04-01,Utils_excess,0.0264,0.00599397,0.00472382,0.00472382
2018-04-01,Other_excess,0.0045,0.00633973,0.00192773,0.00192773
2018-05-01,NoDur_excess,-0.0072,0.0068635,0.00261338,0.00261338
2018-05-01,Durbl_excess,0.0297,0.00779297,0.0007976,0.0007976
2018-05-01,Manuf_excess,0.0236,0.00740547,0.00506086,0.00506086
2018-05-01,Enrgy_excess,0.0325,0.00750182,0.00509308,0.00509308
2018-05-01,HiTec_excess,0.0666,0.00830712,0.00591462,0.00591462
2018-05-01,Telcm_excess,-0.0145,0.00567372,0.00287282,0.00287282
2018-05-01,Shops_excess,0.0071,0.00744662,0.00377485,0.00377485
2018-05-01,Hlth_excess,0.0224,0.00797874,0.005933,0.005933
2018-05-01,Utils_excess,0.0013,0.00601259,0.00479112,0.00479112
2018-05-01,Other_excess,0.0131,0.00633805,0.00222169,0.00222169
2018-06-01,NoDur_excess,0.0419,0.00685068,0.00216164,0.00216164
2018-06-01,Durbl_excess,0.0047,0.00781294,9.687e-05,9.687e-05
2018-06-01,Manuf_excess,-0.0112,0.00742024,0.00484987,0.00484987
2018-06-01,Enrgy_excess,0.0036,0.00752461,0.00493761,0.00493761
2018-06-01,HiTec_excess,-0.0055,0.00836026,0.00582431,0.00582431
2018-06-01,Telcm_excess,0.0637,0.00565533,0.00252592,0.00252592
2018-06-01,Shops_excess,0.0279,0.00744631,0.00335212,0.00335212
2018-06-01,Hlth_excess,0.0133,0.00799189,0.00589127,0.00589127
2018-06-01,Utils_excess,0.0243,0.0060083,0.00475692,0.00475692
2018-06-01,Other_excess,-0.0108,0.00634421,0.00183783,0.00183783
2018-07-01,NoDur_excess,0.0271,0.0068826,0.00240031,0.00240031
2018-07-01,Durbl_excess,-0.0132,0.00781011,0.00029939,0.00029939
2018-07-01,Manuf_excess,0.0506,0.00740328,0.0049283,0.0049283
2018-07-01,Enrgy_excess,0.0095,0.00752104,0.00491954,0.00491954
2018-07-01,HiTec_excess,0.0239,0.00834763,0.00582501,0.00582501
2018-07-01,Telcm_excess,0.0257,0.0057082,0.00277221,0.00277221
2018-07-01,Shops_excess,0.0292,0.00746494,0.00356529,0.00356529
2018-07-01,Hlth_excess,0.0574,0.00799672,0.00594129,0.00594129
2018-07-01,Utils_excess,0.0152,0.00602495,0.00484664,0.00484664
2018-07-01,Other_excess,0.0358,0.0063286,0.00187458,0.00187458
2018-08-01,NoDur_excess,-0.0132,0.006901,0.00263354,0.00263354
2018-08-01,Durbl_excess,-0.007,0.00779099,0.00038803,0.00038803
2018-08-01,Manuf_excess,-0.0053,0.00744258,0.0052143,0.0052143
2018-08-01,Enrgy_excess,-0.03,0.00752284,0.00478394,0.00478394
2018-08-01,HiTec_excess,0.0699,0.00836178,0.00579624,0.00579624
2018-08-01,Telcm_excess,0.0273,0.00572639,0.00284489,0.00284489
2018-08-01,Shops_excess,0.0783,0.00748471,0.00382132,0.00382132
2018-08-01,Hlth_excess,0.0434,0.00804167,0.00603226,0.00603226
2018-08-01,Utils_excess,0.0077,0.0060333,0.00479515,0.00479515
2018-08-01,Other_excess,0.0224,0.00635541,0.00206263,0.00206263
2018-09-01,NoDur_excess,0.0056,0.00688273,0.00211806,0.00211806
2018-09-01,Durbl_excess,-0.0384,0.00777755,-0.00060771,0.0
2018-09-01,Manuf_excess,0.011,0.007431,0.00474767,0.00474767
2018-09-01,Enrgy_excess,0.0322,0.00748873,0.00437506,0.00437506
2018-09-01,HiTec_excess,-0.002,0.00841773,0.00569523,0.00569523
2018-09-01,Telcm_excess,0.0164,0.005746,0.00268917,0.00268917
2018-09-01,Shops_excess,0.004,0.00754909,0.00362781,0.00362781
2018-09-01,Hlth_excess,0.0193,0.00807382,0.00605451,0.00605451
2018-09-01,Utils_excess,-0.0072,0.00603482,0.00475351,0.00475351
2018-09-01,Other_excess,-0.0165,0.00637,0.00165812,0.00165812
2018-10-01,NoDur_excess,-0.0041,0.00688156,0.00275869,0.00275869
2018-10-01,Durbl_excess,-0.0318,0.0077356,7.583e-05,7.583e-05
2018-10-01,Manuf_excess,-0.0998,0.00743424,0.00493406,0.00493406
2018-10-01,Enrgy_excess,-0.1192,0.00751117,0.00458095,0.00458095
2018-10-01,HiTec_excess,-0.0901,0.00840827,0.00568222,0.00568222
2018-10-01,Telcm_excess,-0.006,0.00575568,0.0030598,0.0030598
2018-10-01,Shops_excess,-0.0899,0.00754587,0.00412783,0.00412783
2018-10-01,Hlth_excess,-0.0898,0.00808401,0.00602201,0.00602201
2018-10-01,Utils_excess,-0.0025,0.0060228,0.00459627,0.00459627
2018-10-01,Other_excess,-0.0695,0.00634923,0.00202919,0.00202919
2018-11-01,NoDur_excess,0.0031,0.0068716,0.00324876,0.00324876
2018-11-01,Durbl_excess,0.0506,0.00769973,0.00098831,0.00098831
2018-11-01,Manuf_excess,0.045,0.00733693,0.00494137,0.00494137
2018-11-01,Enrgy_excess,-0.0238,0.00739619,0.00455565,0.00455565
2018-11-01,HiTec_excess,-0.0176,0.00831887,0.00575682,0.00575682
2018-11-01,Telcm_excess,0.0234,0.00574501,0.00337011,0.00337011
2018-11-01,Shops_excess,0.0246,0.00745744,0.00425889,0.00425889
2018-11-01,Hlth_excess,0.0623,0.00799519,0.00597803,0.00597803
2018-11-01,Utils_excess,0.0308,0.00601506,0.00476694,0.00476694
2018-11-01,Other_excess,0.0266,0.0062804,0.00235107,0.00235107
2018-12-01,NoDur_excess,-0.115,0.00686818,0.00262063,0.00262063
2018-12-01,Durbl_excess,-0.1177,0.00773862,0.00021341,0.00021341
2018-12-01,Manuf_excess,-0.0889,0.00737108,0.00496015,0.00496015
2018-12-01,Enrgy_excess,-0.1325,0.00736791,0.00413342,0.00413342
2018-12-01,HiTec_excess,-0.0841,0.00829538,0.0054842,0.0054842
2018-12-01,Telcm_excess,-0.0889,0.00576102,0.00303177,0.00303177
2018-12-01,Shops_excess,-0.092,0.00747298,0.0038204,0.0038204
2018-12-01,Hlth_excess,-0.0843,0.00804442,0.00619846,0.00619846
2018-12-01,Utils_excess,-0.0496,0.00603753,0.00494873,0.00494873
2018-12-01,Other_excess,-0.1101,0.00629882,0.00190771,0.00190771
2019-01-01,NoDur_excess,0.0708,0.00675779,0.00214559,0.00214559
2019-01-01,Durbl_excess,0.1082,0.007625,0.00042498,0.00042498
2019-01-01,Manuf_excess,0.0945,0.00728388,0.00521959,0.00521959
2019-01-01,Enrgy_excess,0.1013,0.00724121,0.0040034,0.0040034
2019-01-01,HiTec_excess,0.0909,0.00821168,0.0058121,0.0058121
2019-01-01,Telcm_excess,0.0524,0.00567527,0.00271415,0.00271415
2019-01-01,Shops_excess,0.0811,0.00738288,0.00365009,0.00365009
2019-01-01,Hlth_excess,0.051,0.00796078,0.00640739,0.00640739
2019-01-01,Utils_excess,0.0517,0.00598714,0.00516489,0.00516489
2019-01-01,Other_excess,0.0953,0.00619339,0.00181229,0.00181229
2019-02-01,NoDur_excess,0.0116,0.00681575,0.00215359,0.00215359
2019-02-01,Durbl_excess,0.0356,0.00771602,0.00042199,0.00042199
2019-02-01,Manuf_excess,0.0502,0.00736281,0.00563311,0.00563311
2019-02-01,Enrgy_excess,0.0229,0.00732633,0.0039617,0.0039617
2019-02-01,HiTec_excess,0.0548,0.00828652,0.00590647,0.00590647
2019-02-01,Telcm_excess,0.0286,0.00571756,0.00262112,0.00262112
2019-02-01,Shops_excess,0.0062,0.00744959,0.00384332,0.00384332
2019-02-01,Hlth_excess,0.0312,0.00799973,0.00638413,0.00638413
2019-02-01,Utils_excess,0.0337,0.00602851,0.00524717,0.00524717
2019-02-01,Other_excess,0.029,0.00627403,0.00190122,0.00190122
2019-03-01,NoDur_excess,0.0348,0.00682007,0.0019474,0.0019474
2019-03-01,Durbl_excess,-0.0519,0.00774123,2.691e-05,2.691e-05
2019-03-01,Manuf_excess,-0.0107,0.00740154,0.00559302,0.00559302
2019-03-01,Enrgy_excess,0.0183,0.00734042,0.00387799,0.00387799
2019-03-01,HiTec_excess,0.0357,0.00832857,0.0059228,0.0059228
2019-03-01,Telcm_excess,0.0041,0.00573825,0.00262335,0.00262335
2019-03-01,Shops_excess,0.032,0.00744846,0.00354925,0.00354925
2019-03-01,Hlth_excess,0.0032,0.00802071,0.00639618,0.00639618
2019-03-01,Utils_excess,0.0314,0.00605353,0.00534164,0.00534164
2019-03-01,Other_excess,-0.0155,0.00629458,0.00174611,0.00174611
2019-04-01,NoDur_excess,0.0292,0.00684535,0.0016335,0.0016335
2019-04-01,Durbl_excess,0.032,0.00768735,-0.00136549,0.0
2019-04-01,Manuf_excess,0.0383,0.00738519,0.00491695,0.00491695
2019-04-01,Enrgy_excess,0.0001,0.00735032,0.00379228,0.00379228
2019-04-01,HiTec_excess,0.056,0.0083533,0.00573833,0.00573833
2019-04-01,Telcm_excess,0.0577,0.00573677,0.0024186,0.0024186
2019-04-01,Shops_excess,0.0441,0.00747064,0.00309581,0.00309581
2019-04-01,Hlth_excess,-0.0337,0.00801635,0.0062599,0.0062599
2019-04-01,Utils_excess,0.0079,0.00607642,0.00545886,0.00545886
2019-04-01,Other_excess,0.0646,0.00627489,0.00110605,0.00110605
2019-05-01,NoDur_excess,-0.0583,0.00686552,0.00147304,0.00147304
2019-05-01,Durbl_excess,-0.1245,0.0077093,-0.00193048,0.0
2019-05-01,Manuf_excess,-0.0938,0.00741309,0.00470135,0.00470135
2019-05-01,Enrgy_excess,-0.1209,0.00734377,0.0035551,0.0035551
2019-05-01,HiTec_excess,-0.0875,0.0083963,0.00571184,0.00571184
2019-05-01,Telcm_excess,-0.0321,0.00578366,0.00258496,0.00258496
2019-05-01,Shops_excess,-0.0626,0.0075037,0.00294448,0.00294448
2019-05-01,Hlth_excess,-0.0361,0.0079787,0.00583707,0.00583707
2019-05-01,Utils_excess,-0.0176,0.00607807,0.00536919,0.00536919
2019-05-01,Other_excess,-0.0633,0.00632753,0.00109159,0.00109159
2019-06-01,NoDur_excess,0.0473,0.00680676,0.00108231,0.00108231
2019-06-01,Durbl_excess,0.1294,0.00759008,-0.00248709,0.0
2019-06-01,Manuf_excess,0.0902,0.00732182,0.00414801,0.00414801
2019-06-01,Enrgy_excess,0.0865,0.00722813,0.00324567,0.00324567
2019-06-01,HiTec_excess,0.0783,0.00830983,0.00548545,0.00548545
2019-06-01,Telcm_excess,0.0497,0.0057495,0.00250092,0.00250092
2019-06-01,Shops_excess,0.0699,0.00744049,0.00248876,0.00248876
2019-06-01,Hlth_excess,0.0664,0.00793895,0.00592065,0.00592065
2019-06-01,Utils_excess,0.0346,0.00605672,0.0054617,0.0054617
2019-06-01,Other_excess,0.0641,0.00626474,0.00084196,0.00084196
2019-07-01,NoDur_excess,0.0141,0.00684324,0.00105183,0.00105183
2019-07-01,Durbl_excess,0.0064,0.00769982,-0.00194037,0.0
2019-07-01,Manuf_excess,0.0078,0.00739649,0.00490313,0.00490313
2019-07-01,Enrgy_excess,-0.0283,0.00729955,0.00340186,0.00340186
2019-07-01,HiTec_excess,0.0344,0.00837288,0.00598121,0.00598121
2019-07-01,Telcm_excess,0.0186,0.0057891,0.00254082,0.00254082
2019-07-01,Shops_excess,0.0083,0.00749676,0.0028566,0.0028566
2019-07-01,Hlth_excess,-0.0235,0.00799162,0.0061784,0.0061784
2019-07-01,Utils_excess,-0.012,0.00608243,0.00563513,0.00563513
2019-07-01,Other_excess,0.0158,0.00631685,0.00103328,0.00103328
2019-08-01,NoDur_excess,-0.0158,0.00684977,0.00107834,0.00107834
2019-08-01,Durbl_excess,-0.0484,0.00769865,-0.00203062,0.0
2019-08-01,Manuf_excess,-0.0184,0.00739685,0.00477031,0.00477031
2019-08-01,Enrgy_excess,-0.0867,0.00726751,0.00321897,0.00321897
2019-08-01,HiTec_excess,-0.0275,0.00839631,0.00612296,0.00612296
2019-08-01,Telcm_excess,0.0013,0.00580063,0.0026498,0.0026498
2019-08-01,Shops_excess,-0.0004,0.00749748,0.00278781,0.00278781
2019-08-01,Hlth_excess,-0.008,0.00796328,0.00593649,0.00593649
2019-08-01,Utils_excess,0.0329,0.00606616,0.00547222,0.00547222
2019-08-01,Other_excess,-0.0479,0.00632538,0.00105676,0.00105676
2019-09-01,NoDur_excess,0.017,0.00682941,0.00026435,0.00026435
2019-09-01,Durbl_excess,0.036,0.0076482,-0.00336378,0.0
2019-09-01,Manuf_excess,0.0366,0.00737365,0.00421463,0.00421463
2019-09-01,Enrgy_excess,0.0351,0.007183,0.00266355,0.00266355
2019-09-01,HiTec_excess,0.0111,0.00836403,0.00591667,0.00591667
2019-09-01,Telcm_excess,0.0108,0.00579658,0.00243038,0.00243038
2019-09-01,Shops_excess,0.0065,0.00749038,0.00208484,0.00208484
2019-09-01,Hlth_excess,-0.0116,0.00794892,0.00597666,0.00597666
2019-09-01,Utils_excess,0.0376,0.00609029,0.00583822,0.00583822
2019-09-01,Other_excess,0.0173,0.00627662,0.00022622,0.00022622
2019-10-01,NoDur_excess,-0.0007,0.00683854,0.00054278,0.00054278
2019-10-01,Durbl_excess,0.0687,0.00767367,-0.00280708,0.0
2019-10-01,Manuf_excess,-0.0009,0.00739991,0.0045092,0.0045092
2019-10-01,Enrgy_excess,-0.0223,0.00720809,0.00296934,0.00296934
2019-10-01,HiTec_excess,0.0313,0.00836649,0.00599022,0.00599022
2019-10-01,Telcm_excess,0.0204,0.00580108,0.00256188,0.00256188
2019-10-01,Shops_excess,0.0052,0.00748949,0.00226798,0.00226798
2019-10-01,Hlth_excess,0.0451,0.00793136,0.00582438,0.00582438
2019-10-01,Utils_excess,-0.0154,0.0061186,0.00599905,0.00599905
2019-10-01,Other_excess,0.0294,0.00628652,0.00047759,0.00047759
2019-11-01,NoDur_excess,0.0215,0.00683178,0.00098398,0.00098398
2019-11-01,Durbl_excess,0.0279,0.00772846,-0.00123801,0.0
2019-11-01,Manuf_excess,0.0314,0.00739246,0.0050024,0.0050024
2019-11-01,Enrgy_excess,0.01,0.0071816,0.00307266,0.00307266
2019-11-01,HiTec_excess,0.0515,0.00838707,0.00657786,0.00657786
2019-11-01,Telcm_excess,0.0235,0.00581418,0.00289207,0.00289207
2019-11-01,Shops_excess,0.0199,0.00748743,0.00288083,0.00288083
2019-11-01,Hlth_excess,0.0536,0.00796472,0.00616923,0.00616923
2019-11-01,Utils_excess,-0.0226,0.00609928,0.00581713,0.00581713
2019-11-01,Other_excess,0.0493,0.00630727,0.00118215,0.00118215
2019-12-01,NoDur_excess,0.0334,0.00684493,0.00128134,0.00128134
2019-12-01,Durbl_excess,0.0526,0.00774655,-0.00083023,0.0
2019-12-01,Manuf_excess,0.012,0.00741399,0.00516268,0.00516268
2019-12-01,Enrgy_excess,0.061,0.00718413,0.00316832,0.00316832
2019-12-01,HiTec_excess,0.037,0.00842574,0.00681934,0.00681934
2019-12-01,Telcm_excess,0.009,0.00583004,0.00308341,0.00308341
2019-12-01,Shops_excess,0.0121,0.00749857,0.00313488,0.00313488
2019-12-01,Hlth_excess,0.0331,0.00800565,0.00635241,0.00635241
2019-12-01,Utils_excess,0.0398,0.00607354,0.00550529,0.00550529
2019-12-01,Other_excess,0.0222,0.00634583,0.00157302,0.00157302
2020-01-01,NoDur_excess,-0.0056,0.00686873,0.00144478,0.00144478
2020-01-01,Durbl_excess,0.0602,0.00778674,-0.0006753,0.0
2020-01-01,Manuf_excess,-0.0287,0.0074181,0.00509289,0.00509289
2020-01-01,Enrgy_excess,-0.12,0.00723235,0.00339077,0.00339077
2020-01-01,HiTec_excess,0.0324,0.00845134,0.00684806,0.00684806
2020-01-01,Telcm_excess,-0.0225,0.00583289,0.00307939,0.00307939
2020-01-01,Shops_excess,0.0084,0.00750269,0.00313687,0.00313687
2020-01-01,Hlth_excess,-0.0212,0.00802814,0.0063921,0.0063921
2020-01-01,Utils_excess,0.047,0.00610376,0.00561956,0.00561956
2020-01-01,Other_excess,-0.0147,0.00636004,0.00160322,0.00160322
2020-02-01,NoDur_excess,-0.0888,0.00685756,0.00118532,0.00118532
2020-02-01,Durbl_excess,-0.0737,0.00783366,-0.00069049,0.0
2020-02-01,Manuf_excess,-0.0873,0.00738577,0.00470997,0.00470997
2020-02-01,Enrgy_excess,-0.1555,0.00711844,0.00268299,0.00268299
2020-02-01,HiTec_excess,-0.0711,0.00847278,0.00695624,0.00695624
2020-02-01,Telcm_excess,-0.0634,0.00580752,0.00286656,0.00286656
2020-02-01,Shops_excess,-0.0684,0.00750349,0.00292073,0.00292073
2020-02-01,Hlth_excess,-0.0549,0.00800197,0.00626205,0.00626205
2020-02-01,Utils_excess,-0.1001,0.00614038,0.00590519,0.00590519
2020-02-01,Other_excess,-0.0999,0.00634118,0.00133139,0.00133139
2020-03-01,NoDur_excess,-0.1099,0.006772,0.00055746,0.00055746
2020-03-01,Durbl_excess,-0.2279,0.00776073,-0.00087057,0.0
2020-03-01,Manuf_excess,-0.1703,0.00730107,0.00439522,0.00439522
2020-03-01,Enrgy_excess,-0.3459,0.00697299,0.00220222,0.00220222
2020-03-01,HiTec_excess,-0.0989,0.00840161,0.00700029,0.00700029
2020-03-01,Telcm_excess,-0.1334,0.00574562,0.00256819,0.00256819
2020-03-01,Shops_excess,-0.0803,0.0074356,0.00246158,0.00246158
2020-03-01,Hlth_excess,-0.0521,0.00794571,0.00636929,0.00636929
2020-03-01,Utils_excess,-0.1317,0.00604535,0.00564457,0.00564457
2020-03-01,Other_excess,-0.1934,0.00624615,0.00091462,0.00091462
2020-04-01,NoDur_excess,0.0775,0.00666774,0.00267592,0.00267592
2020-04-01,Durbl_excess,0.2549,0.00755013,0.00570552,0.00570552
2020-04-01,Manuf_excess,0.1086,0.00714236,0.00804672,0.00804672
2020-04-01,Enrgy_excess,0.3231,0.00665764,0.00272844,0.00272844
2020-04-01,HiTec_excess,0.1492,0.00830572,0.01041968,0.01041968
2020-04-01,Telcm_excess,0.0921,0.00562127,0.00328592,0.00328592
2020-04-01,Shops_excess,0.1824,0.00735719,0.00604942,0.00604942
2020-04-01,Hlth_excess,0.1345,0.00789205,0.0077236,0.0077236
2020-04-01,Utils_excess,0.0518,0.00592225,0.00575224,0.00575224
2020-04-01,Other_excess,0.1145,0.00606774,0.00367889,0.00367889
2020-05-01,NoDur_excess,0.0309,0.00673098,0.00367504,0.00367504
2020-05-01,Durbl_excess,0.0712,0.00777098,0.00924318,0.00924318
2020-05-01,Manuf_excess,0.0581,0.00723295,0.01025385,0.01025385
2020-05-01,Enrgy_excess,0.0055,0.00694018,0.00362302,0.00362302
2020-05-01,HiTec_excess,0.0762,0.00843152,0.01200596,0.01200596
2020-05-01,Telcm_excess,0.048,0.00569848,0.00368402,0.00368402
2020-05-01,Shops_excess,0.0447,0.00751348,0.00854661,0.00854661
2020-05-01,Hlth_excess,0.0415,0.00800509,0.00841754,0.00841754
2020-05-01,Utils_excess,0.0462,0.00596321,0.00588399,0.00588399
2020-05-01,Other_excess,0.0459,0.00616455,0.00499452,0.00499452
2020-06-01,NoDur_excess,-0.0015,0.00675254,0.00306729,0.00306729
2020-06-01,Durbl_excess,0.1412,0.00782756,0.00756509,0.00756509
2020-06-01,Manuf_excess,0.0259,0.00727832,0.00926706,0.00926706
2020-06-01,Enrgy_excess,-0.004,0.00693889,0.00332107,0.00332107
2020-06-01,HiTec_excess,0.0572,0.00849197,0.01157778,0.01157778
2020-06-01,Telcm_excess,-0.0263,0.00573622,0.0037221,0.0037221
2020-06-01,Shops_excess,0.0441,0.00754665,0.00760468,0.00760468
2020-06-01,Hlth_excess,-0.0145,0.00803497,0.00825638,0.00825638
2020-06-01,Utils_excess,-0.0503,0.00599911,0.00597117,0.00597117
2020-06-01,Other_excess,0.0049,0.0062,0.00428419,0.00428419
2020-07-01,NoDur_excess,0.0586,0.00674519,0.00230805,0.00230805
2020-07-01,Durbl_excess,0.1867,0.00794643,0.00649141,0.00649141
2020-07-01,Manuf_excess,0.0455,0.00729492,0.0080488,0.0080488
2020-07-01,Enrgy_excess,-0.048,0.00692914,0.00314205,0.00314205
2020-07-01,HiTec_excess,0.0686,0.00853538,0.01097985,0.01097985
2020-07-01,Telcm_excess,0.0505,0.00570766,0.0032345,0.0032345
2020-07-01,Shops_excess,0.0942,0.00757923,0.006679,0.006679
2020-07-01,Hlth_excess,0.0438,0.00801488,0.00772189,0.00772189
2020-07-01,Utils_excess,0.0633,0.00594893,0.00535388,0.00535388
2020-07-01,Other_excess,0.038,0.00619884,0.00335543,0.00335543
2020-08-01,NoDur_excess,0.0444,0.00679136,0.00223192,0.00223192
2020-08-01,Durbl_excess,0.4098,0.00810561,0.00688397,0.00688397
2020-08-01,Manuf_excess,0.0616,0.00732894,0.00787508,0.00787508
2020-08-01,Enrgy_excess,-0.0115,0.00688023,0.00224414,0.00224414
2020-08-01,HiTec_excess,0.1061,0.00858887,0.01103066,0.01103066
2020-08-01,Telcm_excess,0.0559,0.00574755,0.00327218,0.00327218
2020-08-01,Shops_excess,0.0806,0.00765637,0.00687005,0.00687005
2020-08-01,Hlth_excess,0.0234,0.00804675,0.00771438,0.00771438
2020-08-01,Utils_excess,-0.0226,0.006,0.0055791,0.0055791
2020-08-01,Other_excess,0.0678,0.00622716,0.00305032,0.00305032
2020-09-01,NoDur_excess,-0.0209,0.00682482,0.00192367,0.00192367
2020-09-01,Durbl_excess,-0.0905,0.00846299,0.00813176,0.00813176
2020-09-01,Manuf_excess,-0.0015,0.00737722,0.0072654,0.0072654
2020-09-01,Enrgy_excess,-0.15,0.00686388,0.00166821,0.00166821
2020-09-01,HiTec_excess,-0.0525,0.00867562,0.0108886,0.0108886
2020-09-01,Telcm_excess,-0.0198,0.00579217,0.00333018,0.00333018
2020-09-01,Shops_excess,-0.0387,0.00772126,0.0065495,0.0065495
2020-09-01,Hlth_excess,-0.0144,0.00806041,0.00735557,0.00735557
2020-09-01,Utils_excess,-0.0033,0.00597456,0.00507399,0.00507399
2020-09-01,Other_excess,-0.0296,0.00628194,0.00268188,0.00268188
2020-10-01,NoDur_excess,-0.0271,0.00680018,0.00201638,0.00201638
2020-10-01,Durbl_excess,-0.0326,0.00837502,0.00794013,0.00794013
2020-10-01,Manuf_excess,-0.0077,0.00736933,0.00750349,0.00750349
2020-10-01,Enrgy_excess,-0.0447,0.00672444,0.00091489,0.00091489
2020-10-01,HiTec_excess,-0.0179,0.00862124,0.01069254,0.01069254
2020-10-01,Telcm_excess,-0.039,0.00576942,0.00331875,0.00331875
2020-10-01,Shops_excess,-0.027,0.00768,0.0064912,0.0064912
2020-10-01,Hlth_excess,-0.0438,0.00804044,0.00737644,0.00737644
2020-10-01,Utils_excess,0.0446,0.00596631,0.00513294,0.00513294
2020-10-01,Other_excess,-0.0171,0.00625004,0.0027781,0.0027781
2020-11-01,NoDur_excess,0.1001,0.00677007,0.0022433,0.0022433
2020-11-01,Durbl_excess,0.3389,0.00833863,0.00838004,0.00838004
2020-11-01,Manuf_excess,0.1395,0.00735595,0.0078015,0.0078015
2020-11-01,Enrgy_excess,0.2852,0.00667877,0.00101003,0.00101003
2020-11-01,HiTec_excess,0.1071,0.00859769,0.01075675,0.01075675
2020-11-01,Telcm_excess,0.1446,0.00572966,0.00325289,0.00325289
2020-11-01,Shops_excess,0.0829,0.0076492,0.00668182,0.00668182
2020-11-01,Hlth_excess,0.0982,0.0079944,0.00716992,0.00716992
2020-11-01,Utils_excess,0.0265,0.00600062,0.0054708,0.0054708
2020-11-01,Other_excess,0.1587,0.00622931,0.00310169,0.00310169
2020-12-01,NoDur_excess,0.049,0.00685288,0.00237383,0.00237383
2020-12-01,Durbl_excess,0.1538,0.00863194,0.00916788,0.00916788
2020-12-01,Manuf_excess,0.0251,0.0074732,0.00782929,0.00782929
2020-12-01,Enrgy_excess,0.0568,0.00692591,0.00210023,0.00210023
2020-12-01,HiTec_excess,0.0507,0.00868509,0.01055586,0.01055586
2020-12-01,Telcm_excess,0.0511,0.00585288,0.00382302,0.00382302
2020-12-01,Shops_excess,0.0137,0.00771597,0.00653955,0.00653955
2020-12-01,Hlth_excess,0.047,0.00807445,0.00718372,0.00718372
2020-12-01,Utils_excess,0.0061,0.00601881,0.00522437,0.00522437
2020-12-01,Other_excess,0.0566,0.0063646,0.0033323,0.0033323
2021-01-01,NoDur_excess,-0.0415,0.00689025,0.00233321,0.00233321
2021-01-01,Durbl_excess,0.1148,0.00876064,0.00902599,0.00902599
2021-01-01,Manuf_excess,-0.0232,0.00748883,0.00728997,0.00728997
2021-01-01,Enrgy_excess,0.0505,0.00697012,0.00221915,0.00221915
2021-01-01,HiTec_excess,0.0056,0.00872234,0.01026562,0.01026562
2021-01-01,Telcm_excess,-0.0355,0.005893,0.00394883,0.00394883
2021-01-01,Shops_excess,-0.0006,0.00772128,0.0060459,0.0060459
2021-01-01,Hlth_excess,0.0342,0.00810895,0.00714804,0.00714804
2021-01-01,Utils_excess,-0.0044,0.00601888,0.00504091,0.00504091
2021-01-01,Other_excess,-0.0272,0.00640913,0.00317585,0.00317585
2021-02-01,NoDur_excess,0.0132,0.00684739,0.00199088,0.00199088
2021-02-01,Durbl_excess,-0.0808,0.00885456,0.00880973,0.00880973
2021-02-01,Manuf_excess,0.0553,0.00746165,0.00662035,0.00662035
2021-02-01,Enrgy_excess,0.2362,0.00700868,0.00275414,0.00275414
2021-02-01,HiTec_excess,0.0136,0.00871957,0.00983702,0.00983702
2021-02-01,Telcm_excess,0.0426,0.00585633,0.00368397,0.00368397
2021-02-01,Shops_excess,-0.0165,0.00771391,0.00565362,0.00565362
2021-02-01,Hlth_excess,-0.0125,0.00813206,0.00716675,0.00716675
2021-02-01,Utils_excess,-0.0459,0.00600965,0.00490118,0.00490118
2021-02-01,Other_excess,0.0979,0.00637936,0.00278834,0.00278834
2021-03-01,NoDur_excess,0.0728,0.00685301,0.0020941,0.0020941
2021-03-01,Durbl_excess,0.0087,0.00877522,0.00772605,0.00772605
2021-03-01,Manuf_excess,0.0771,0.00750398,0.00657114,0.00657114
2021-03-01,Enrgy_excess,0.0228,0.0072115,0.0041107,0.0041107
2021-03-01,HiTec_excess,0.0087,0.00872389,0.00947073,0.00947073
2021-03-01,Telcm_excess,0.0163,0.00588885,0.00389086,0.00389086
2021-03-01,Shops_excess,0.0573,0.00769248,0.00536726,0.00536726
2021-03-01,Hlth_excess,-0.0009,0.00811381,0.00680102,0.00680102
2021-03-01,Utils_excess,0.1039,0.00596372,0.00444321,0.00444321
2021-03-01,Other_excess,0.0526,0.00646035,0.00319729,0.00319729
2021-04-01,NoDur_excess,0.0332,0.00691132,0.00284233,0.00284233
2021-04-01,Durbl_excess,0.044,0.00877515,0.0076177,0.0076177
2021-04-01,Manuf_excess,0.0244,0.00756552,0.00685581,0.00685581
2021-04-01,Enrgy_excess,0.0075,0.00722529,0.00421704,0.00421704
2021-04-01,HiTec_excess,0.0642,0.00872387,0.00909194,0.00909194
2021-04-01,Telcm_excess,0.0308,0.00589805,0.00403683,0.00403683
2021-04-01,Shops_excess,0.0703,0.00773634,0.00582614,0.00582614
2021-04-01,Hlth_excess,0.0296,0.00810584,0.00643866,0.00643866
2021-04-01,Utils_excess,0.0398,0.00605031,0.00474864,0.00474864
2021-04-01,Other_excess,0.057,0.00650115,0.00356762,0.00356762
2021-05-01,NoDur_excess,0.0197,0.00693454,0.00291593,0.00291593
2021-05-01,Durbl_excess,-0.0533,0.00880627,0.00762726,0.00762726
2021-05-01,Manuf_excess,0.0277,0.00758039,0.00681929,0.00681929
2021-05-01,Enrgy_excess,0.062,0.00722553,0.00395281,0.00395281
2021-05-01,HiTec_excess,-0.0089,0.00877288,0.00917339,0.00917339
2021-05-01,Telcm_excess,-0.0051,0.00592005,0.00408561,0.00408561
2021-05-01,Shops_excess,-0.0215,0.00779161,0.00609807,0.00609807
2021-05-01,Hlth_excess,-0.0012,0.00812482,0.0063568,0.0063568
2021-05-01,Utils_excess,-0.0116,0.00608012,0.00479227,0.00479227
2021-05-01,Other_excess,0.0277,0.00654576,0.00368682,0.00368682
2021-06-01,NoDur_excess,-0.0081,0.00694581,0.00283865,0.00283865
2021-06-01,Durbl_excess,0.0556,0.00875146,0.00686723,0.00686723
2021-06-01,Manuf_excess,-0.0101,0.00759815,0.00669662,0.00669662
2021-06-01,Enrgy_excess,0.0553,0.00727387,0.00421846,0.00421846
2021-06-01,HiTec_excess,0.0677,0.00875728,0.00891682,0.00891682
2021-06-01,Telcm_excess,-0.0001,0.00591033,0.00396285,0.00396285
2021-06-01,Shops_excess,0.0293,0.00776575,0.00571241,0.00571241
2021-06-01,Hlth_excess,0.0441,0.00811659,0.00625614,0.00625614
2021-06-01,Utils_excess,-0.0142,0.00606452,0.00467279,0.00467279
2021-06-01,Other_excess,-0.0202,0.00656443,0.00362478,0.00362478
2021-07-01,NoDur_excess,0.0023,0.00693254,0.00250005,0.00250005
2021-07-01,Durbl_excess,-0.0096,0.00879277,0.0068115,0.0068115
2021-07-01,Manuf_excess,0.0133,0.00758254,0.00641316,0.00641316
2021-07-01,Enrgy_excess,-0.0866,0.00731623,0.00426582,0.00426582
2021-07-01,HiTec_excess,0.036,0.00880926,0.00913496,0.00913496
2021-07-01,Telcm_excess,0.0036,0.00590503,0.00380375,0.00380375
2021-07-01,Shops_excess,0.0025,0.00778474,0.00560694,0.00560694
2021-07-01,Hlth_excess,0.0284,0.00814832,0.00640524,0.00640524
2021-07-01,Utils_excess,0.0297,0.00604665,0.00453357,0.00453357
2021-07-01,Other_excess,-0.0057,0.00654083,0.00323123,0.00323123
2021-08-01,NoDur_excess,-0.0028,0.00692846,0.00219684,0.00219684
2021-08-01,Durbl_excess,0.0178,0.00877656,0.00665735,0.00665735
2021-08-01,Manuf_excess,0.0055,0.00758758,0.00642799,0.00642799
2021-08-01,Enrgy_excess,-0.0116,0.00723348,0.0034707,0.0034707
2021-08-01,HiTec_excess,0.0464,0.00883322,0.00937531,0.00937531
2021-08-01,Telcm_excess,0.0137,0.005903,0.00366866,0.00366866
2021-08-01,Shops_excess,0.0241,0.00778009,0.00543268,0.00543268
2021-08-01,Hlth_excess,0.0284,0.00816617,0.00657722,0.00657722
2021-08-01,Utils_excess,0.0323,0.00606749,0.00471659,0.00471659
2021-08-01,Other_excess,0.027,0.00653004,0.00297982,0.00297982
2021-09-01,NoDur_excess,-0.0458,0.00691989,0.0021064,0.0021064
2021-09-01,Durbl_excess,0.028,0.00878451,0.00679148,0.00679148
2021-09-01,Manuf_excess,-0.0579,0.00758574,0.00645278,0.00645278
2021-09-01,Enrgy_excess,0.1108,0.0072169,0.0032166,0.0032166
2021-09-01,HiTec_excess,-0.0614,0.00886629,0.0096197,0.0096197
2021-09-01,Telcm_excess,-0.0558,0.00590986,0.00368491,0.00368491
2021-09-01,Shops_excess,-0.0438,0.00779445,0.00556322,0.00556322
2021-09-01,Hlth_excess,-0.0602,0.00818398,0.00667976,0.00667976
2021-09-01,Utils_excess,-0.0487,0.00609058,0.00486215,0.00486215
2021-09-01,Other_excess,-0.0245,0.00654806,0.00308534,0.00308534
2021-10-01,NoDur_excess,0.0374,0.00687353,0.00216522,0.00216522
2021-10-01,Durbl_excess,0.3078,0.00880141,0.00738405,0.00738405
2021-10-01,Manuf_excess,0.0499,0.00752814,0.00633614,0.00633614
2021-10-01,Enrgy_excess,0.1027,0.007308,0.00434221,0.00434221
2021-10-01,HiTec_excess,0.0814,0.00880449,0.00940771,0.00940771
2021-10-01,Telcm_excess,-0.0424,0.00585558,0.00352384,0.00352384
2021-10-01,Shops_excess,0.0515,0.00774908,0.00554622,0.00554622
2021-10-01,Hlth_excess,0.0223,0.00812383,0.00645319,0.00645319
2021-10-01,Utils_excess,0.0511,0.00604239,0.00465222,0.00465222
2021-10-01,Other_excess,0.0668,0.00652076,0.00329461,0.00329461
2021-11-01,NoDur_excess,-0.0388,0.00690035,0.00240315,0.00240315
2021-11-01,Durbl_excess,0.0204,0.00906415,0.00870792,0.00870792
2021-11-01,Manuf_excess,-0.007,0.00756538,0.0062969,0.0062969
2021-11-01,Enrgy_excess,-0.0541,0.00739183,0.00468253,0.00468253
2021-11-01,HiTec_excess,0.0144,0.00886828,0.00938133,0.00938133
2021-11-01,Telcm_excess,-0.072,0.00581318,0.0031808,0.0031808
2021-11-01,Shops_excess,0.0146,0.00778752,0.00571924,0.00571924
2021-11-01,Hlth_excess,-0.0427,0.00813629,0.00619734,0.00619734
2021-11-01,Utils_excess,-0.0198,0.00608199,0.00467682,0.00467682
2021-11-01,Other_excess,-0.0549,0.00657373,0.0034848,0.0034848
2021-12-01,NoDur_excess,0.0807,0.00686023,0.00214198,0.00214198
2021-12-01,Durbl_excess,-0.0466,0.0090741,0.00871935,0.00871935
2021-12-01,Manuf_excess,0.0581,0.00755259,0.00620358,0.00620358
2021-12-01,Enrgy_excess,0.0305,0.00733784,0.00440035,0.00440035
2021-12-01,HiTec_excess,0.0167,0.00887313,0.00943922,0.00943922
2021-12-01,Telcm_excess,0.0395,0.00574486,0.0027539,0.0027539
2021-12-01,Shops_excess,0.0152,0.0077935,0.00573483,0.00573483
2021-12-01,Hlth_excess,0.0658,0.00809166,0.00596094,0.00596094
2021-12-01,Utils_excess,0.0856,0.00605926,0.00457172,0.00457172
2021-12-01,Other_excess,0.0494,0.00651975,0.00314046,0.00314046
2022-01-01,NoDur_excess,-0.0065,0.006925,0.00230789,0.00230789
2022-01-01,Durbl_excess,-0.1031,0.00902526,0.00809386,0.00809386
2022-01-01,Manuf_excess,-0.0584,0.00759693,0.00628965,0.00628965
2022-01-01,Enrgy_excess,0.1742,0.00735816,0.00426144,0.00426144
2022-01-01,HiTec_excess,-0.0843,0.00888,0.00933357,0.00933357
2022-01-01,Telcm_excess,-0.0193,0.00577447,0.00277687,0.00277687
2022-01-01,Shops_excess,-0.0883,0.0078,0.00555025,0.00555025
2022-01-01,Hlth_excess,-0.0877,0.00814228,0.00618587,0.00618587
2022-01-01,Utils_excess,-0.021,0.00612904,0.00498276,0.00498276
2022-01-01,Other_excess,-0.0326,0.00655737,0.00311797,0.00311797
2022-02-01,NoDur_excess,-0.0057,0.00691323,0.00274232,0.00274232
2022-02-01,Durbl_excess,-0.0707,0.00892699,0.00758277,0.00758277
2022-02-01,Manuf_excess,-0.0123,0.00753909,0.00606271,0.00606271
2022-02-01,Enrgy_excess,0.0836,0.00750438,0.00565332,0.00565332
2022-02-01,HiTec_excess,-0.0452,0.00879833,0.00878573,0.00878573
2022-02-01,Telcm_excess,0.0029,0.0057525,0.00295737,0.00295737
2022-02-01,Shops_excess,-0.0155,0.00771578,0.00528085,0.00528085
2022-02-01,Hlth_excess,-0.0101,0.00805828,0.0057531,0.0057531
2022-02-01,Utils_excess,-0.0109,0.00610526,0.00487082,0.00487082
2022-02-01,Other_excess,-0.0172,0.00652305,0.00328607,0.00328607
2022-03-01,NoDur_excess,0.0044,0.00690219,0.00302129,0.00302129
2022-03-01,Durbl_excess,0.1502,0.00885727,0.00762612,0.00762612
2022-03-01,Manuf_excess,0.0091,0.00752172,0.00624523,0.00624523
2022-03-01,Enrgy_excess,0.0978,0.00757102,0.0061226,0.0061226
2022-03-01,HiTec_excess,0.0327,0.00875105,0.008625,0.008625
2022-03-01,Telcm_excess,-0.0243,0.00575,0.00312203,0.00312203
2022-03-01,Shops_excess,0.0297,0.00769545,0.00548513,0.00548513
2022-03-01,Hlth_excess,0.0514,0.00804238,0.00581059,0.00581059
2022-03-01,Utils_excess,0.0968,0.00609037,0.00486357,0.00486357
2022-03-01,Other_excess,0.0108,0.00650228,0.00347712,0.00347712
2022-04-01,NoDur_excess,0.0225,0.0069,0.00353283,0.00353283
2022-04-01,Durbl_excess,-0.1691,0.00898093,0.0094068,0.0094068
2022-04-01,Manuf_excess,-0.053,0.0075231,0.00682401,0.00682401
2022-04-01,Enrgy_excess,-0.0129,0.00764996,0.00648444,0.00648444
2022-04-01,HiTec_excess,-0.1261,0.008772,0.00891664,0.00891664
2022-04-01,Telcm_excess,-0.1057,0.00572371,0.00310603,0.00310603
2022-04-01,Shops_excess,-0.0979,0.0077147,0.00624932,0.00624932
2022-04-01,Hlth_excess,-0.0692,0.00808031,0.0059922,0.0059922
2022-04-01,Utils_excess,-0.0372,0.00616973,0.0052671,0.0052671
2022-04-01,Other_excess,-0.0914,0.00650604,0.00395854,0.00395854
2022-05-01,NoDur_excess,-0.0166,0.00691364,0.0045063,0.0045063
2022-05-01,Durbl_excess,-0.0907,0.00882526,0.00885215,0.00885215
2022-05-01,Manuf_excess,-0.004,0.00747019,0.00683376,0.00683376
2022-05-01,Enrgy_excess,0.1554,0.00763199,0.00668649,0.00668649
2022-05-01,HiTec_excess,-0.0212,0.00865411,0.00824397,0.00824397
2022-05-01,Telcm_excess,0.0863,0.00562631,0.00315144,0.00315144
2022-05-01,Shops_excess,-0.0413,0.00762238,0.00633433,0.00633433
2022-05-01,Hlth_excess,0.0093,0.00801276,0.00582436,0.00582436
2022-05-01,Utils_excess,0.0477,0.00613182,0.00507305,0.00507305
2022-05-01,Other_excess,0.0059,0.00642045,0.00417433,0.00417433
2022-06-01,NoDur_excess,-0.0395,0.0068931,0.00462931,0.00462931
2022-06-01,Durbl_excess,-0.119,0.00873834,0.00885156,0.00885156
2022-06-01,Manuf_excess,-0.0951,0.00746017,0.00700129,0.00700129
2022-06-01,Enrgy_excess,-0.1661,0.00776105,0.00713058,0.00713058
2022-06-01,HiTec_excess,-0.0819,0.00862803,0.00814721,0.00814721
2022-06-01,Telcm_excess,-0.0669,0.00569677,0.00352863,0.00352863
2022-06-01,Shops_excess,-0.0779,0.00757965,0.00638418,0.00638418
2022-06-01,Hlth_excess,-0.0208,0.00801389,0.00586528,0.00586528
2022-06-01,Utils_excess,-0.066,0.00616812,0.00525697,0.00525697
2022-06-01,Other_excess,-0.1002,0.00642,0.00434186,0.00434186
2022-07-01,NoDur_excess,0.0405,0.00685262,0.00446102,0.00446102
2022-07-01,Durbl_excess,0.2757,0.00862688,0.0079754,0.0079754
2022-07-01,Manuf_excess,0.0825,0.00737068,0.00643443,0.00643443
2022-07-01,Enrgy_excess,0.1039,0.00760934,0.00627617,0.00627617
2022-07-01,HiTec_excess,0.1159,0.00854904,0.00767178,0.00767178
2022-07-01,Telcm_excess,-0.0011,0.00563342,0.00336003,0.00336003
2022-07-01,Shops_excess,0.1462,0.00750506,0.00592282,0.00592282
2022-07-01,Hlth_excess,0.0269,0.00798874,0.00599458,0.00599458
2022-07-01,Utils_excess,0.0619,0.00610515,0.00512968,0.00512968
2022-07-01,Other_excess,0.0878,0.00632696,0.00390737,0.00390737
2022-08-01,NoDur_excess,-0.0201,0.00688195,0.00320397,0.00320397
2022-08-01,Durbl_excess,-0.0598,0.00885972,0.00746911,0.00746911
2022-08-01,Manuf_excess,-0.0368,0.00743618,0.00564139,0.00564139
2022-08-01,Enrgy_excess,0.0316,0.00769329,0.00516384,0.00516384
2022-08-01,HiTec_excess,-0.0556,0.00864263,0.00711097,0.00711097
2022-08-01,Telcm_excess,-0.0306,0.00562755,0.00230647,0.00230647
2022-08-01,Shops_excess,-0.033,0.00762598,0.00512849,0.00512849
2022-08-01,Hlth_excess,-0.0523,0.00800523,0.00562963,0.00562963
2022-08-01,Utils_excess,-0.0008,0.00615379,0.00527544,0.00527544
2022-08-01,Other_excess,-0.0271,0.00639799,0.00269596,0.00269596
2022-09-01,NoDur_excess,-0.0856,0.00685845,0.00237813,0.00237813
2022-09-01,Durbl_excess,-0.0674,0.00879991,0.00552622,0.00552622
2022-09-01,Manuf_excess,-0.1173,0.00739765,0.00453084,0.00453084
2022-09-01,Enrgy_excess,-0.0944,0.00771411,0.00489149,0.00489149
2022-09-01,HiTec_excess,-0.1168,0.00858667,0.00621143,0.00621143
2022-09-01,Telcm_excess,-0.1405,0.00559599,0.00186189,0.00186189
2022-09-01,Shops_excess,-0.0782,0.00759059,0.00399607,0.00399607
2022-09-01,Hlth_excess,-0.0211,0.0079527,0.00530217,0.00530217
2022-09-01,Utils_excess,-0.118,0.00614774,0.00529812,0.00529812
2022-09-01,Other_excess,-0.0829,0.00636882,0.00177931,0.00177931
2022-10-01,NoDur_excess,0.0973,0.00677798,0.002505,0.002505
2022-10-01,Durbl_excess,-0.0685,0.00873359,0.00486293,0.00486293
2022-10-01,Manuf_excess,0.1198,0.00728912,0.00387545,0.00387545
2022-10-01,Enrgy_excess,0.2323,0.00762524,0.00437469,0.00437469
2022-10-01,HiTec_excess,0.0483,0.00847755,0.0053565,0.0053565
2022-10-01,Telcm_excess,0.1037,0.00546884,0.00159277,0.00159277
2022-10-01,Shops_excess,0.0412,0.00751593,0.00380674,0.00380674
2022-10-01,Hlth_excess,0.0855,0.00792742,0.00534747,0.00534747
2022-10-01,Utils_excess,0.0322,0.00603969,0.0046806,0.0046806
2022-10-01,Other_excess,0.1125,0.00629112,0.0017004,0.0017004
2022-11-01,NoDur_excess,0.0502,0.0068567,0.00269071,0.00269071
2022-11-01,Durbl_excess,-0.0837,0.00866643,0.0033666,0.0033666
2022-11-01,Manuf_excess,0.0873,0.00738696,0.00362089,0.00362089
2022-11-01,Enrgy_excess,0.0075,0.00782061,0.00453005,0.00453005
2022-11-01,HiTec_excess,0.0508,0.00851217,0.00441676,0.00441676
2022-11-01,Telcm_excess,0.0189,0.00555426,0.00164359,0.00164359
2022-11-01,Shops_excess,0.035,0.00754522,0.00346216,0.00346216
2022-11-01,Hlth_excess,0.0506,0.00799487,0.00512038,0.00512038
2022-11-01,Utils_excess,0.0656,0.00606243,0.00443967,0.00443967
2022-11-01,Other_excess,0.0561,0.00638348,0.00151706,0.00151706
2022-12-01,NoDur_excess,-0.0296,0.00689435,0.00205048,0.00205048
2022-12-01,Durbl_excess,-0.284,0.00858619,0.00132747,0.00132747
2022-12-01,Manuf_excess,-0.0269,0.00745639,0.00318503,0.00318503
2022-12-01,Enrgy_excess,-0.0457,0.00782033,0.00380163,0.00380163
2022-12-01,HiTec_excess,-0.0828,0.00854891,0.0038367,0.0038367
2022-12-01,Telcm_excess,-0.0715,0.00556586,0.00106661,0.00106661
2022-12-01,Shops_excess,-0.0826,0.00756907,0.00261957,0.00261957
2022-12-01,Hlth_excess,-0.0205,0.00803189,0.00506808,0.00506808
2022-12-01,Utils_excess,-0.0145,0.00611416,0.00464942,0.00464942
2022-12-01,Other_excess,-0.0569,0.00642667,0.00080132,0.00080132
2023-01-01,NoDur_excess,-0.0072,0.00686267,0.00142935,0.00142935
2023-01-01,Durbl_excess,0.2869,0.0083322,-0.00101845,0.0
2023-01-01,Manuf_excess,0.0557,0.00742656,0.00288438,0.00288438
2023-01-01,Enrgy_excess,0.024,0.00777387,0.00348929,0.00348929
2023-01-01,HiTec_excess,0.0923,0.00846962,0.00343695,0.00343695
2023-01-01,Telcm_excess,0.1321,0.00549896,0.00046291,0.00046291
2023-01-01,Shops_excess,0.094,0.0074908,0.0016731,0.0016731
2023-01-01,Hlth_excess,-0.014,0.00800712,0.00522154,0.00522154
2023-01-01,Utils_excess,-0.0157,0.00609627,0.00475466,0.00475466
2023-01-01,Other_excess,0.0717,0.0063717,0.00021819,0.00021819
2023-02-01,NoDur_excess,-0.0251,0.00685048,0.00040777,0.00040777
2023-02-01,Durbl_excess,0.1064,0.00857381,-0.00067371,0.0
2023-02-01,Manuf_excess,-0.0219,0.00746843,0.0022493,0.0022493
2023-02-01,Enrgy_excess,-0.0724,0.00778794,0.0029647,0.0029647
2023-02-01,HiTec_excess,-0.0054,0.00854232,0.00321373,0.00321373
2023-02-01,Telcm_excess,-0.0684,0.00560876,0.00087411,0.00087411
2023-02-01,Shops_excess,-0.0501,0.00756583,0.00126402,0.00126402
2023-02-01,Hlth_excess,-0.0463,0.00798803,0.00467723,0.00467723
2023-02-01,Utils_excess,-0.0566,0.00607736,0.00441084,0.00441084
2023-02-01,Other_excess,-0.0278,0.00642836,-0.00030731,0.0
2023-03-01,NoDur_excess,0.0281,0.00682279,0.00024674,0.00024674
2023-03-01,Durbl_excess,-0.01,0.00865858,-0.00035556,0.0
2023-03-01,Manuf_excess,0.0001,0.00744298,0.0016878,0.0016878
2023-03-01,Enrgy_excess,-0.0079,0.00771846,0.00231155,0.00231155
2023-03-01,HiTec_excess,0.1011,0.00853024,0.00288419,0.00288419
2023-03-01,Telcm_excess,-0.0046,0.00554463,0.00040538,0.00040538
2023-03-01,Shops_excess,0.0303,0.00751586,0.00064824,0.00064824
2023-03-01,Hlth_excess,0.0213,0.00794099,0.00422459,0.00422459
2023-03-01,Utils_excess,0.0359,0.00602305,0.00387724,0.00387724
2023-03-01,Other_excess,-0.0536,0.0063987,-0.00064493,0.0
2023-04-01,NoDur_excess,0.0282,0.00684121,0.00042516,0.00042516
2023-04-01,Durbl_excess,-0.1561,0.00864242,-7.1e-06,0.0
2023-04-01,Manuf_excess,-0.0094,0.00743662,0.00189319,0.00189319
2023-04-01,Enrgy_excess,0.0223,0.00770494,0.00206363,0.00206363
2023-04-01,HiTec_excess,-0.0011,0.00861039,0.0037789,0.0037789
2023-04-01,Telcm_excess,0.0064,0.00553584,0.00020107,0.00020107
2023-04-01,Shops_excess,0.0189,0.00753558,0.0009873,0.0009873
2023-04-01,Hlth_excess,0.0377,0.00795255,0.00430398,0.00430398
2023-04-01,Utils_excess,0.0137,0.00604892,0.00409262,0.00409262
2023-04-01,Other_excess,0.0145,0.00634675,-0.00107069,0.0
2023-05-01,NoDur_excess,-0.0578,0.00685969,-0.00018183,0.0
2023-05-01,Durbl_excess,0.1319,0.00849991,-0.00285155,0.0
2023-05-01,Manuf_excess,-0.059,0.00742206,0.00099336,0.00099336
2023-05-01,Enrgy_excess,-0.0987,0.00771756,0.00173143,0.00173143
2023-05-01,HiTec_excess,0.0819,0.00860199,0.00326443,0.00326443
2023-05-01,Telcm_excess,-0.0977,0.00553659,-0.00024523,0.0
2023-05-01,Shops_excess,0.0016,0.00754542,0.00020496,0.00020496
2023-05-01,Hlth_excess,-0.0402,0.00797829,0.00444757,0.00444757
2023-05-01,Utils_excess,-0.0619,0.00605554,0.00412323,0.00412323
2023-05-01,Other_excess,-0.032,0.00635381,-0.00181799,0.0
2023-06-01,NoDur_excess,0.0245,0.0068038,-0.00083954,0.0
2023-06-01,Durbl_excess,0.2426,0.00860657,-0.00162805,0.0
2023-06-01,Manuf_excess,0.1028,0.00736465,0.00024056,0.00024056
2023-06-01,Enrgy_excess,0.0614,0.00762558,0.00041262,0.00041262
2023-06-01,HiTec_excess,0.0551,0.00866534,0.00391883,0.00391883
2023-06-01,Telcm_excess,0.0422,0.00544736,-0.00137441,0.0
2023-06-01,Shops_excess,0.0743,0.00754028,0.00013298,0.00013298
2023-06-01,Hlth_excess,0.0426,0.00793665,0.00390108,0.00390108
2023-06-01,Utils_excess,0.0211,0.0059968,0.00337105,0.00337105
2023-06-01,Other_excess,0.0704,0.00632066,-0.00226839,0.0
2023-07-01,NoDur_excess,0.0185,0.00681908,-0.0004972,0.0
2023-07-01,Durbl_excess,0.0231,0.00880864,0.00075517,0.00075517
2023-07-01,Manuf_excess,0.0274,0.00744706,0.00117058,0.00117058
2023-07-01,Enrgy_excess,0.0701,0.00767202,0.00087777,0.00087777
2023-07-01,HiTec_excess,0.0377,0.00870544,0.00407477,0.00407477
2023-07-01,Telcm_excess,0.005,0.0054791,-0.00099317,0.0
2023-07-01,Shops_excess,0.0181,0.00759793,0.00090579,0.00090579
2023-07-01,Hlth_excess,-0.0057,0.00796658,0.00399922,0.00399922
2023-07-01,Utils_excess,0.0232,0.00600984,0.00336119,0.00336119
2023-07-01,Other_excess,0.0493,0.00637599,-0.00161525,0.0
2023-08-01,NoDur_excess,-0.0423,0.00682916,-0.00035127,0.0
2023-08-01,Durbl_excess,-0.048,0.00882097,0.00048715,0.00048715
2023-08-01,Manuf_excess,-0.0283,0.00746428,0.00114543,0.00114543
2023-08-01,Enrgy_excess,0.0152,0.00772588,0.00141241,0.00141241
2023-08-01,HiTec_excess,-0.0209,0.00873046,0.00404229,0.00404229
2023-08-01,Telcm_excess,-0.0029,0.00547869,-0.00101019,0.0
2023-08-01,Shops_excess,-0.0084,0.00760699,0.00090065,0.00090065
2023-08-01,Hlth_excess,-0.0068,0.00795479,0.00367978,0.00367978
2023-08-01,Utils_excess,-0.0581,0.00602468,0.00344083,0.00344083
2023-08-01,Other_excess,-0.0382,0.00641303,-0.00129492,0.0
2023-09-01,NoDur_excess,-0.0503,0.00678681,-0.00038947,0.0
2023-09-01,Durbl_excess,-0.0301,0.00877198,-7.774e-05,0.0
2023-09-01,Manuf_excess,-0.075,0.00743345,0.00087834,0.00087834
2023-09-01,Enrgy_excess,0.0271,0.00773233,0.00165234,0.00165234
2023-09-01,HiTec_excess,-0.0645,0.00870491,0.00361289,0.00361289
2023-09-01,Telcm_excess,-0.0363,0.00547147,-0.00073639,0.0
2023-09-01,Shops_excess,-0.0609,0.00759319,0.00099475,0.00099475
2023-09-01,Hlth_excess,-0.0513,0.00794207,0.0035877,0.0035877
2023-09-01,Utils_excess,-0.0548,0.0059694,0.00284287,0.00284287
2023-09-01,Other_excess,-0.0384,0.00637457,-0.00145024,0.0
2023-10-01,NoDur_excess,-0.0416,0.00673764,-0.00045435,0.0
2023-10-01,Durbl_excess,-0.1837,0.0087385,-0.00049243,0.0
2023-10-01,Manuf_excess,-0.0317,0.00736245,0.00025172,0.00025172
2023-10-01,Enrgy_excess,-0.0658,0.00774901,0.00208715,0.00208715
2023-10-01,HiTec_excess,-0.0224,0.00864186,0.0029598,0.0029598
2023-10-01,Telcm_excess,-0.006,0.00543549,-0.0006614,0.0
2023-10-01,Shops_excess,-0.0007,0.00753419,0.00059463,0.00059463
2023-10-01,Hlth_excess,-0.0506,0.00789104,0.00328122,0.00328122
2023-10-01,Utils_excess,0.0055,0.00591705,0.00250027,0.00250027
2023-10-01,Other_excess,-0.0316,0.006336,-0.00151547,0.0
2023-11-01,NoDur_excess,0.045,0.00669604,1.42e-05,1.42e-05
2023-11-01,Durbl_excess,0.1533,0.00857289,-0.00167419,0.0
2023-11-01,Manuf_excess,0.0825,0.00732883,0.00026022,0.00026022
2023-11-01,Enrgy_excess,-0.0178,0.00768571,0.00180338,0.00180338
2023-11-01,HiTec_excess,0.1162,0.00861515,0.00263459,0.00263459
2023-11-01,Telcm_excess,0.0652,0.00542565,-0.00016458,0.0
2023-11-01,Shops_excess,0.0673,0.00752711,0.00104684,0.00104684
2023-11-01,Hlth_excess,0.0536,0.00784071,0.00298538,0.00298538
2023-11-01,Utils_excess,0.0471,0.0059167,0.00264058,0.00264058
2023-11-01,Other_excess,0.1001,0.00630336,-0.00124348,0.0
2023-12-01,NoDur_excess,0.0314,0.00672898,-0.00041124,0.0
2023-12-01,Durbl_excess,0.0616,0.00869733,-0.00111933,0.0
2023-12-01,Manuf_excess,0.059,0.00739347,0.00040208,0.00040208
2023-12-01,Enrgy_excess,-0.0026,0.0076638,0.00130753,0.00130753
2023-12-01,HiTec_excess,0.0419,0.00870765,0.00321585,0.00321585
2023-12-01,Telcm_excess,0.0182,0.00547704,-0.00031182,0.0
2023-12-01,Shops_excess,0.0547,0.0075785,0.00099155,0.00099155
2023-12-01,Hlth_excess,0.0648,0.00788005,0.0029521,0.0029521
2023-12-01,Utils_excess,0.013,0.00595211,0.00267887,0.00267887
2023-12-01,Other_excess,0.0619,0.00638401,-0.00117135,0.0
2024-01-01,NoDur_excess,-0.0241,0.00675017,-0.00139275,0.0
2024-01-01,Durbl_excess,-0.184,0.00874278,-0.00197401,0.0
2024-01-01,Manuf_excess,-0.0163,0.0074378,-1.88e-05,0.0
2024-01-01,Enrgy_excess,-0.0058,0.00765498,0.00086621,0.00086621
2024-01-01,HiTec_excess,0.0264,0.00873617,0.00327638,0.00327638
2024-01-01,Telcm_excess,0.041,0.00548797,-0.0008447,0.0
2024-01-01,Shops_excess,0.0077,0.00761899,0.00033549,0.00033549
2024-01-01,Hlth_excess,0.0305,0.00792895,0.00321429,0.00321429
2024-01-01,Utils_excess,-0.0348,0.00595816,0.00262202,0.00262202
2024-01-01,Other_excess,0.0052,0.0064317,-0.00166601,0.0
2024-02-01,NoDur_excess,0.0127,0.00672369,-0.00180469,0.0
2024-02-01,Durbl_excess,0.0679,0.00857734,-0.00444334,0.0
2024-02-01,Manuf_excess,0.0491,0.00741742,-0.00065423,0.0
2024-02-01,Enrgy_excess,0.0267,0.00764343,0.00073346,0.00073346
2024-02-01,HiTec_excess,0.058,0.00875133,0.00306328,0.00306328
2024-02-01,Telcm_excess,-0.0314,0.00551845,-0.00054927,0.0
2024-02-01,Shops_excess,0.0906,0.00761906,-2.734e-05,0.0
2024-02-01,Hlth_excess,0.0421,0.00794833,0.00330367,0.00330367
2024-02-01,Utils_excess,0.0197,0.00592318,0.00224559,0.00224559
2024-02-01,Other_excess,0.0423,0.00643064,-0.00196951,0.0
2024-03-01,NoDur_excess,0.0253,0.00672882,-0.0018314,0.0
2024-03-01,Durbl_excess,-0.0602,0.00862822,-0.00472424,0.0
2024-03-01,Manuf_excess,0.0405,0.00745317,-0.00077181,0.0
2024-03-01,Enrgy_excess,0.0986,0.00765978,0.00073419,0.00073419
2024-03-01,HiTec_excess,0.0193,0.00879357,0.00291696,0.00291696
2024-03-01,Telcm_excess,0.0266,0.00548679,-0.00094041,0.0
2024-03-01,Shops_excess,0.0225,0.00769022,0.000339,0.000339
2024-03-01,Hlth_excess,0.0176,0.00797762,0.00329556,0.00329556
2024-03-01,Utils_excess,0.0661,0.00593499,0.00222377,0.00222377
2024-03-01,Other_excess,0.0406,0.00646141,-0.00200264,0.0
2024-04-01,NoDur_excess,-0.0183,0.00674473,-0.00170226,0.0
2024-04-01,Durbl_excess,-0.0142,0.00856924,-0.00531925,0.0
2024-04-01,Manuf_excess,-0.044,0.00748149,-0.00052812,0.0
2024-04-01,Enrgy_excess,-0.0111,0.0077377,0.00142377,0.00142377
2024-04-01,HiTec_excess,-0.0488,0.00880257,0.00294185,0.00294185
2024-04-01,Telcm_excess,-0.07,0.00550488,-0.0008254,0.0
2024-04-01,Shops_excess,-0.052,0.00770291,0.00045542,0.00045542
2024-04-01,Hlth_excess,-0.0634,0.00798586,0.00328965,0.00328965
2024-04-01,Utils_excess,0.0111,0.00598655,0.00265737,0.00265737
2024-04-01,Other_excess,-0.0503,0.00649066,-0.00176507,0.0
2024-05-01,NoDur_excess,0.0052,0.00672329,-0.00118429,0.0
2024-05-01,Durbl_excess,-0.0122,0.00854974,-0.00513504,0.0
2024-05-01,Manuf_excess,0.0268,0.00743741,-0.00073528,0.0
2024-05-01,Enrgy_excess,-0.0089,0.00772158,0.00157258,0.00157258
2024-05-01,HiTec_excess,0.0766,0.00875325,0.00237442,0.00237442
2024-05-01,Telcm_excess,0.033,0.00544024,-0.00088538,0.0
2024-05-01,Shops_excess,0.0203,0.0076518,0.00029792,0.00029792
2024-05-01,Hlth_excess,0.0276,0.00792474,0.00287792,0.00287792
2024-05-01,Utils_excess,0.0759,0.00599092,0.00284022,0.00284022
2024-05-01,Other_excess,0.0282,0.00644204,-0.00180958,0.0
2024-06-01,NoDur_excess,-0.0251,0.00672198,-0.00145526,0.0
2024-06-01,Durbl_excess,0.0572,0.00853199,-0.00565605,0.0
2024-06-01,Manuf_excess,-0.0231,0.00745398,-0.00082794,0.0
2024-06-01,Enrgy_excess,-0.0256,0.00770736,0.00129554,0.00129554
2024-06-01,HiTec_excess,0.0716,0.00881129,0.0026857,0.0026857
2024-06-01,Telcm_excess,-0.0101,0.00546382,-0.00090624,0.0
2024-06-01,Shops_excess,0.0312,0.00766262,0.00016873,0.00016873
2024-06-01,Hlth_excess,0.0252,0.00794157,0.00284601,0.00284601
2024-06-01,Utils_excess,-0.0457,0.00605073,0.00322696,0.00322696
2024-06-01,Other_excess,-0.0054,0.00646065,-0.00191071,0.0
2024-07-01,NoDur_excess,0.0432,0.00669479,-0.00202719,0.0
2024-07-01,Durbl_excess,0.1113,0.00857359,-0.00550432,0.0
2024-07-01,Manuf_excess,0.0298,0.00742786,-0.0011764,0.0
2024-07-01,Enrgy_excess,0.0154,0.00767889,0.00093896,0.00093896
2024-07-01,HiTec_excess,-0.022,0.00886496,0.00321371,0.00321371
2024-07-01,Telcm_excess,0.034,0.00545051,-0.00125078,0.0
2024-07-01,Shops_excess,0.0009,0.00768274,0.00016609,0.00016609
2024-07-01,Hlth_excess,0.0038,0.00795632,0.00291533,0.00291533
2024-07-01,Utils_excess,0.0594,0.0060065,0.00280869,0.00280869
2024-07-01,Other_excess,0.0575,0.00645051,-0.00219817,0.0
2024-08-01,NoDur_excess,0.0362,0.00672596,-0.00162875,0.0
2024-08-01,Durbl_excess,-0.0561,0.00866132,-0.0042367,0.0
2024-08-01,Manuf_excess,0.0115,0.00744697,-0.00073645,0.0
2024-08-01,Enrgy_excess,-0.034,0.00768548,0.00109568,0.00109568
2024-08-01,HiTec_excess,0.0087,0.0088386,0.00320739,0.00320739
2024-08-01,Telcm_excess,0.0076,0.00547489,-0.0009808,0.0
2024-08-01,Shops_excess,0.0088,0.00767694,0.00033337,0.00033337
2024-08-01,Hlth_excess,0.0593,0.00795278,0.00296371,0.00296371
2024-08-01,Utils_excess,0.041,0.00605209,0.00326945,0.00326945
2024-08-01,Other_excess,0.0257,0.00649411,-0.00160043,0.0
2024-09-01,NoDur_excess,0.0058,0.00675111,-0.00170981,0.0
2024-09-01,Durbl_excess,0.1387,0.00860606,-0.00440408,0.0
2024-09-01,Manuf_excess,0.021,0.00745043,-0.00049851,0.0
2024-09-01,Enrgy_excess,-0.0355,0.00764991,0.00083426,0.00083426
2024-09-01,HiTec_excess,0.0257,0.00883848,0.00370195,0.00370195
2024-09-01,Telcm_excess,0.0516,0.00547671,-0.0011568,0.0
2024-09-01,Shops_excess,0.0327,0.0076779,0.00036117,0.00036117
2024-09-01,Hlth_excess,-0.0224,0.00799659,0.00352763,0.00352763
2024-09-01,Utils_excess,0.0494,0.00608191,0.00364897,0.00364897
2024-09-01,Other_excess,0.0028,0.00651049,-0.00141719,0.0
2024-10-01,NoDur_excess,-0.0298,0.0067503,-0.00136834,0.0
2024-10-01,Durbl_excess,-0.0353,0.00871697,-0.00235013,0.0
2024-10-01,Manuf_excess,-0.0441,0.00746198,0.00015576,0.00015576
2024-10-01,Enrgy_excess,-0.0093,0.00761313,0.00088268,0.00088268
2024-10-01,HiTec_excess,-0.0061,0.00885286,0.00426621,0.00426621
2024-10-01,Telcm_excess,0.0198,0.00551603,-0.00054917,0.0
2024-10-01,Shops_excess,-0.0153,0.00769923,0.00102472,0.00102472
2024-10-01,Hlth_excess,-0.0354,0.00797067,0.00340453,0.00340453
2024-10-01,Utils_excess,0.003,0.00611884,0.00409607,0.00409607
2024-10-01,Other_excess,0.0071,0.00650733,-0.00103139,0.0
2024-11-01,NoDur_excess,0.0113,0.00671917,-0.00078349,0.0
2024-11-01,Durbl_excess,0.2931,0.00867947,-0.00255268,0.0
2024-11-01,Manuf_excess,0.0595,0.00741806,-7.405e-05,0.0
2024-11-01,Enrgy_excess,0.0614,0.00759872,0.00129541,0.00129541
2024-11-01,HiTec_excess,0.0455,0.00884012,0.00377395,0.00377395
2024-11-01,Telcm_excess,0.0878,0.00552819,0.0001031,0.0001031
2024-11-01,Shops_excess,0.0956,0.00767964,0.00115654,0.00115654
2024-11-01,Hlth_excess,-0.0091,0.00793373,0.00308301,0.00308301
2024-11-01,Utils_excess,0.0581,0.00611618,0.00398798,0.00398798
2024-11-01,Other_excess,0.0978,0.00650784,-0.00067663,0.0
2024-12-01,NoDur_excess,-0.0541,0.00672306,-0.00041883,0.0
2024-12-01,Durbl_excess,0.1064,0.00892153,-0.00105701,0.0
2024-12-01,Manuf_excess,-0.0818,0.00746238,0.00011195,0.00011195
2024-12-01,Enrgy_excess,-0.0935,0.00764451,0.00167421,0.00167421
2024-12-01,HiTec_excess,0.0106,0.00887132,0.00350587,0.00350587
2024-12-01,Telcm_excess,-0.0833,0.00559821,0.00071058,0.00071058
2024-12-01,Shops_excess,-0.0224,0.00775447,0.00172144,0.00172144
2024-12-01,Hlth_excess,-0.0575,0.00791923,0.00271969,0.00271969
2024-12-01,Utils_excess,-0.0815,0.00616043,0.00411087,0.00411087
2024-12-01,Other_excess,-0.0745,0.00658553,-0.00015417,0.0
