date,asset,realized,historical_mean,ols,ols_restricted
1967-01-01,NoDur_excess,0.0896,0.00672062,0.00776104,0.00776104
1967-01-01,Durbl_excess,0.1135,0.01174958,-0.00543914,0.0
1967-01-01,Manuf_excess,0.1076,0.00930333,0.00685561,0.00685561
1967-01-01,Enrgy_excess,0.0315,0.00887125,0.01124695,0.01124695
1967-01-01,HiTec_excess,0.0988,0.01129917,0.02366507,0.02366507
1967-01-01,Telcm_excess,0.0581,0.00652083,0.01546543,0.01546543
1967-01-01,Shops_excess,0.1137,0.00801271,-7.056e-05,0.0
1967-01-01,Hlth_excess,0.0602,0.00960188,0.00802769,0.00802769
1967-01-01,Utils_excess,0.0241,0.00776417,0.02128533,0.02128533
1967-01-01,Other_excess,0.1154,0.00732396,0.01333575,0.01333575
1967-02-01,NoDur_excess,0.0167,0.00689293,0.02524352,0.02524352
1967-02-01,Durbl_excess,-0.0145,0.01196112,0.01160263,0.01160263
1967-02-01,Manuf_excess,0.0086,0.00950769,0.01048202,0.01048202
1967-02-01,Enrgy_excess,-0.0046,0.0089183,0.00482526,0.00482526
1967-02-01,HiTec_excess,0.0583,0.01148108,0.04278466,0.04278466
1967-02-01,Telcm_excess,0.0177,0.00662807,0.03332294,0.03332294
1967-02-01,Shops_excess,0.0286,0.00823243,0.03438647,0.03438647
1967-02-01,Hlth_excess,0.0104,0.00970707,0.0223325,0.0223325
1967-02-01,Utils_excess,-0.0209,0.00779813,0.05112676,0.05112676
1967-02-01,Other_excess,-0.0068,0.00754865,0.02611709,0.02611709
1967-03-01,NoDur_excess,0.0406,0.00691328,0.0088948,0.0088948
1967-03-01,Durbl_excess,0.0345,0.01190622,0.01569248,0.01569248
1967-03-01,Manuf_excess,0.054,0.00950581,0.01897973,0.01897973
1967-03-01,Enrgy_excess,0.0323,0.00889025,0.01013613,0.01013613
1967-03-01,HiTec_excess,0.0512,0.01157822,0.02504429,0.02504429
1967-03-01,Telcm_excess,0.0257,0.00665104,0.00585875,0.00585875
1967-03-01,Shops_excess,0.0194,0.00827469,0.00691139,0.00691139
1967-03-01,Hlth_excess,0.0747,0.00970851,0.01733241,0.01733241
1967-03-01,Utils_excess,0.0115,0.00773859,0.00932762,0.00932762
1967-03-01,Other_excess,0.0402,0.00751888,0.01481306,0.01481306
1967-04-01,NoDur_excess,0.0428,0.00698302,0.00886483,0.00886483
1967-04-01,Durbl_excess,0.1074,0.011953,0.00186273,0.00186273
1967-04-01,Manuf_excess,0.0343,0.00959793,0.00600155,0.00600155
1967-04-01,Enrgy_excess,0.0135,0.00893872,0.00674415,0.00674415
1967-04-01,HiTec_excess,0.0751,0.01166025,0.01898049,0.01898049
1967-04-01,Telcm_excess,-0.001,0.00669048,0.01296879,0.01296879
1967-04-01,Shops_excess,0.0889,0.00829772,0.00525275,0.00525275
1967-04-01,Hlth_excess,0.0413,0.00984306,0.01017561,0.01017561
1967-04-01,Utils_excess,0.0156,0.00774638,0.01192913,0.01192913
1967-04-01,Other_excess,0.0179,0.00758654,0.01156479,0.01156479
1967-05-01,NoDur_excess,-0.0305,0.00705702,0.0109451,0.0109451
1967-05-01,Durbl_excess,-0.0768,0.01215021,0.01659981,0.01659981
1967-05-01,Manuf_excess,-0.04,0.00964897,0.00571122,0.00571122
1967-05-01,Enrgy_excess,-0.0279,0.00894814,0.00095805,0.00095805
1967-05-01,HiTec_excess,-0.0467,0.01179132,0.01856834,0.01856834
1967-05-01,Telcm_excess,-0.0599,0.00667459,0.00808366,0.00808366
1967-05-01,Shops_excess,-0.049,0.00846426,0.01347082,0.01347082
1967-05-01,Hlth_excess,-0.0562,0.00990806,0.0185913,0.0185913
1967-05-01,Utils_excess,-0.0445,0.0077626,0.00931284,0.00931284
1967-05-01,Other_excess,-0.0235,0.00760785,0.00901435,0.00901435
1967-06-01,NoDur_excess,0.0248,0.00697959,-0.00506842,0.0
1967-06-01,Durbl_excess,0.0132,0.0119668,0.00147873,0.00147873
1967-06-01,Manuf_excess,0.0183,0.0095466,-0.00377398,0.0
1967-06-01,Enrgy_excess,0.0201,0.00887216,0.00183838,0.00183838
1967-06-01,HiTec_excess,0.0615,0.01167072,-0.00606217,0.0
1967-06-01,Telcm_excess,0.0246,0.00653732,-0.00949052,0.0
1967-06-01,Shops_excess,0.0351,0.00834577,-0.0153391,0.0
1967-06-01,Hlth_excess,0.0514,0.00977175,0.00337417,0.00337417
1967-06-01,Utils_excess,-0.0158,0.00765485,-0.02177631,0.0
1967-06-01,Other_excess,0.0324,0.00754371,-0.006058,0.0
1967-07-01,NoDur_excess,0.0574,0.00701626,0.00059084,0.00059084
1967-07-01,Durbl_excess,0.108,0.01196934,0.00788492,0.00788492
1967-07-01,Manuf_excess,0.0472,0.00956461,-0.00770789,0.0
1967-07-01,Enrgy_excess,0.0662,0.00889527,-0.0048399,0.0
1967-07-01,HiTec_excess,0.0368,0.01177325,-0.00050589,0.0
1967-07-01,Telcm_excess,-0.0689,0.00657449,-0.00652745,0.0
1967-07-01,Shops_excess,0.0569,0.00840082,-0.00230211,0.0
1967-07-01,Hlth_excess,0.0348,0.00985741,0.01080478,0.01080478
1967-07-01,Utils_excess,0.0202,0.00760658,-0.01496185,0.0
1967-07-01,Other_excess,0.0751,0.00759486,-0.00552143,0.0
1967-08-01,NoDur_excess,-0.0113,0.00711971,0.00413099,0.00413099
1967-08-01,Durbl_excess,-0.0017,0.01216653,-0.00054628,0.0
1967-08-01,Manuf_excess,-0.0071,0.00964189,-0.00783353,0.0
1967-08-01,Enrgy_excess,-0.0179,0.00901294,-0.00263088,0.0
1967-08-01,HiTec_excess,-0.0132,0.01182464,0.00595106,0.00595106
1967-08-01,Telcm_excess,-0.0155,0.00641951,0.00193467,0.00193467
1967-08-01,Shops_excess,0.0002,0.00850041,0.00199374,0.00199374
1967-08-01,Hlth_excess,0.0034,0.00990862,0.00706373,0.00706373
1967-08-01,Utils_excess,-0.0096,0.00763244,-0.00323906,0.0
1967-08-01,Other_excess,-0.0056,0.00773347,-0.00093948,0.0
1967-09-01,NoDur_excess,0.0278,0.00708197,0.00505095,0.00505095
1967-09-01,Durbl_excess,0.0466,0.01213811,0.00325053,0.00325053
1967-09-01,Manuf_excess,0.0279,0.00960758,-0.00659298,0.0
1967-09-01,Enrgy_excess,0.0392,0.00895779,-0.00410467,0.0
1967-09-01,HiTec_excess,0.0804,0.01177336,0.0075583,0.0075583
1967-09-01,Telcm_excess,0.009,0.00637459,0.00015845,0.00015845
1967-09-01,Shops_excess,0.0213,0.0084834,0.0053124,0.0053124
1967-09-01,Hlth_excess,0.0258,0.00989529,0.00968214,0.00968214
1967-09-01,Utils_excess,-0.0042,0.00759713,-0.00214111,0.0
1967-09-01,Other_excess,0.0095,0.00770615,-0.00034021,0.0
1967-10-01,NoDur_excess,-0.0301,0.00712434,0.00739889,0.00739889
1967-10-01,Durbl_excess,-0.053,0.01220859,0.00244787,0.00244787
1967-10-01,Manuf_excess,-0.0491,0.00964499,-0.00671463,0.0
1967-10-01,Enrgy_excess,-0.0135,0.00901963,-0.00433798,0.0
1967-10-01,HiTec_excess,0.045,0.0119137,0.01231394,0.01231394
1967-10-01,Telcm_excess,-0.0388,0.00637996,0.00534528,0.00534528
1967-10-01,Shops_excess,0.0027,0.00850961,0.00881745,0.00881745
1967-10-01,Hlth_excess,-0.0542,0.00992781,0.00993414,0.00993414
1967-10-01,Utils_excess,-0.0576,0.00757301,0.00361531,0.00361531
1967-10-01,Other_excess,-0.0543,0.00770982,0.00134033,0.00134033
1967-11-01,NoDur_excess,0.0013,0.00704837,0.00296434,0.00296434
1967-11-01,Durbl_excess,-0.0132,0.01207551,0.01070211,0.01070211
1967-11-01,Manuf_excess,0.0027,0.0095251,-0.0015507,0.0
1967-11-01,Enrgy_excess,0.0042,0.00897367,-0.00104916,0.0
1967-11-01,HiTec_excess,0.0106,0.01198122,0.00899771,0.00899771
1967-11-01,Telcm_excess,-0.0028,0.00628776,-0.01193453,0.0
1967-11-01,Shops_excess,0.0048,0.00849776,0.00217143,0.00217143
1967-11-01,Hlth_excess,0.0097,0.00979694,0.01215072,0.01215072
1967-11-01,Utils_excess,0.0283,0.00744,-0.0147017,0.0
1967-11-01,Other_excess,-0.0068,0.00758327,-0.00208431,0.0
1967-12-01,NoDur_excess,0.028,0.00703666,-0.00301145,0.0
1967-12-01,Durbl_excess,0.0055,0.01202403,0.00060571,0.00060571
1967-12-01,Manuf_excess,0.0487,0.0095112,-0.00905045,0.0
1967-12-01,Enrgy_excess,0.0274,0.00896395,-0.00198891,0.0
1967-12-01,HiTec_excess,0.018,0.01197841,-0.00059056,0.0
1967-12-01,Telcm_excess,-0.0021,0.00626925,-0.01621812,0.0
1967-12-01,Shops_excess,0.0312,0.00849022,-0.00879056,0.0
1967-12-01,Hlth_excess,0.0137,0.00979674,0.00538794,0.00538794
1967-12-01,Utils_excess,0.0296,0.00748248,-0.02354523,0.0
1967-12-01,Other_excess,0.0507,0.00755397,-0.01005732,0.0
1968-01-01,NoDur_excess,-0.0083,0.00707927,0.00425344,0.00425344
1968-01-01,Durbl_excess,-0.0555,0.01201077,-0.00721865,0.0
1968-01-01,Manuf_excess,-0.0676,0.00959085,-0.01308111,0.0
1968-01-01,Enrgy_excess,-0.013,0.00900142,-0.0055983,0.0
1968-01-01,HiTec_excess,-0.0913,0.01199065,0.00962238,0.00962238
1968-01-01,Telcm_excess,0.0227,0.00625224,0.00224872,0.00224872
1968-01-01,Shops_excess,0.0073,0.00853638,-0.00011992,0.0
1968-01-01,Hlth_excess,-0.0697,0.00980467,0.00410957,0.00410957
1968-01-01,Utils_excess,-0.0022,0.00752744,-0.00221977,0.0
1968-01-01,Other_excess,-0.023,0.00764167,-0.00251422,0.0
1968-02-01,NoDur_excess,-0.031,0.00704807,0.00796474,0.00796474
1968-02-01,Durbl_excess,-0.0273,0.01187383,-0.01262281,0.0
1968-02-01,Manuf_excess,-0.0466,0.00943428,-0.01841604,0.0
1968-02-01,Enrgy_excess,-0.0307,0.0089568,-0.00725692,0.0
1968-02-01,HiTec_excess,-0.0497,0.01178114,0.01210448,0.01210448
1968-02-01,Telcm_excess,-0.0281,0.0062856,0.01244975,0.01244975
1968-02-01,Shops_excess,-0.0124,0.00853387,0.00869334,0.00869334
1968-02-01,Hlth_excess,-0.0464,0.00964341,0.00102528,0.00102528
1968-02-01,Utils_excess,-0.0188,0.00750771,0.01005545,0.01005545
1968-02-01,Other_excess,-0.0383,0.00757951,-0.00094458,0.0
1968-03-01,NoDur_excess,0.0026,0.00697105,0.00663403,0.00663403
1968-03-01,Durbl_excess,0.0027,0.01179453,-0.00014378,0.0
1968-03-01,Manuf_excess,0.0046,0.00932085,-0.00653048,0.0
1968-03-01,Enrgy_excess,0.0036,0.00887652,-0.00181328,0.0
1968-03-01,HiTec_excess,0.0386,0.01165668,0.01228776,0.01228776
1968-03-01,Telcm_excess,-0.015,0.00621599,0.00059044,0.00059044
1968-03-01,Shops_excess,0.0248,0.0084915,0.00717269,0.00717269
1968-03-01,Hlth_excess,-0.0027,0.00952996,0.00665223,0.00665223
1968-03-01,Utils_excess,-0.0432,0.00745445,0.00230579,0.00230579
1968-03-01,Other_excess,-0.0065,0.00748664,0.00092836,0.00092836
1968-04-01,NoDur_excess,0.1054,0.00696222,0.00468119,0.00468119
1968-04-01,Durbl_excess,0.1126,0.01177616,0.00532786,0.00532786
1968-04-01,Manuf_excess,0.1022,0.00931131,0.0012898,0.0012898
1968-04-01,Enrgy_excess,0.0522,0.00886586,0.00290499,0.00290499
1968-04-01,HiTec_excess,0.1201,0.01171111,0.01267987,0.01267987
1968-04-01,Telcm_excess,0.0178,0.00617313,-0.00766515,0.0
1968-04-01,Shops_excess,0.1179,0.00852444,0.00166702,0.00166702
1968-04-01,Hlth_excess,0.1147,0.00950525,0.0091056,0.0091056
1968-04-01,Utils_excess,0.0199,0.00735212,-0.0070783,0.0
1968-04-01,Other_excess,0.1151,0.00745838,0.00243994,0.00243994
1968-05-01,NoDur_excess,0.0455,0.00716069,0.00343197,0.00343197
1968-05-01,Durbl_excess,-0.0079,0.01197944,-0.0060426,0.0
1968-05-01,Manuf_excess,0.0271,0.00949859,-0.00356528,0.0
1968-05-01,Enrgy_excess,0.0079,0.00895323,0.00204762,0.00204762
1968-05-01,HiTec_excess,0.0338,0.01192964,0.01039081,0.01039081
1968-05-01,Telcm_excess,-0.0118,0.00619657,0.00141644,0.00141644
1968-05-01,Shops_excess,0.0298,0.00874496,4.035e-05,4.035e-05
1968-05-01,Hlth_excess,0.029,0.00971734,0.00209315,0.00209315
1968-05-01,Utils_excess,-0.0001,0.00737742,-0.00371893,0.0
1968-05-01,Other_excess,0.0578,0.0076754,0.00146475,0.00146475
1968-06-01,NoDur_excess,0.0057,0.00723783,0.01170355,0.01170355
1968-06-01,Durbl_excess,-0.0185,0.01193944,0.00236608,0.00236608
1968-06-01,Manuf_excess,-0.0065,0.009534,0.00709473,0.00709473
1968-06-01,Enrgy_excess,0.0141,0.00895111,0.00460519,0.00460519
1968-06-01,HiTec_excess,-0.0246,0.01197364,0.02489754,0.02489754
1968-06-01,Telcm_excess,0.0375,0.00616036,0.00606047,0.00606047
1968-06-01,Shops_excess,0.0008,0.00878732,0.01144824,0.01144824
1968-06-01,Hlth_excess,0.018,0.00975614,0.0111246,0.0111246
1968-06-01,Utils_excess,0.0802,0.00736237,0.00792278,0.00792278
1968-06-01,Other_excess,0.026,0.00777626,0.01277735,0.01277735
1968-07-01,NoDur_excess,-0.0417,0.00723474,0.00869351,0.00869351
1968-07-01,Durbl_excess,-0.034,0.01187831,-0.0050807,0.0
1968-07-01,Manuf_excess,-0.0445,0.00950181,0.00250444,0.00250444
1968-07-01,Enrgy_excess,0.048,0.00896145,0.00408243,0.00408243
1968-07-01,HiTec_excess,-0.0599,0.0119002,0.01969618,0.01969618
1968-07-01,Telcm_excess,-0.0068,0.00622329,0.0093117,0.0093117
1968-07-01,Shops_excess,-0.0564,0.00877129,0.006258,0.006258
1968-07-01,Hlth_excess,-0.046,0.00977269,0.00581454,0.00581454
1968-07-01,Utils_excess,-0.003,0.00750863,0.00847287,0.00847287
1968-07-01,Other_excess,-0.0349,0.00781285,0.01165457,0.01165457
1968-08-01,NoDur_excess,0.0232,0.00713667,0.0112777,0.0112777
1968-08-01,Durbl_excess,0.0083,0.01178637,-0.00664328,0.0
1968-08-01,Manuf_excess,0.0292,0.00939359,-0.00483373,0.0
1968-08-01,Enrgy_excess,0.0088,0.00903968,0.00112995,0.00112995
1968-08-01,HiTec_excess,0.0012,0.01175631,0.02106213,0.02106213
1968-08-01,Telcm_excess,0.0087,0.00619719,0.01686017,0.01686017
1968-08-01,Shops_excess,0.0184,0.00864068,0.01382109,0.01382109
1968-08-01,Hlth_excess,0.0026,0.00966092,0.00473217,0.00473217
1968-08-01,Utils_excess,-0.0129,0.00748758,0.0204167,0.0204167
1968-08-01,Other_excess,0.022,0.00772725,0.01011264,0.01011264
1968-09-01,NoDur_excess,0.0444,0.0071688,0.01692119,0.01692119
1968-09-01,Durbl_excess,0.0621,0.0117794,0.00713786,0.00713786
1968-09-01,Manuf_excess,0.0412,0.0094332,0.00413444,0.00413444
1968-09-01,Enrgy_excess,0.0308,0.0090392,0.00209787,0.00209787
1968-09-01,HiTec_excess,0.0251,0.0117352,0.02825424,0.02825424
1968-09-01,Telcm_excess,0.0254,0.0062022,0.01535801,0.01535801
1968-09-01,Shops_excess,0.0741,0.0086602,0.02144465,0.02144465
1968-09-01,Hlth_excess,0.0041,0.0096468,0.0140911,0.0140911
1968-09-01,Utils_excess,-0.0017,0.0074468,0.02305374,0.02305374
1968-09-01,Other_excess,0.0901,0.0077558,0.01617398,0.01617398
1968-10-01,NoDur_excess,0.0043,0.00724311,0.01245262,0.01245262
1968-10-01,Durbl_excess,0.0423,0.01187984,0.00944857,0.00944857
1968-10-01,Manuf_excess,0.0049,0.00949661,0.01099939,0.01099939
1968-10-01,Enrgy_excess,0.0215,0.00908263,0.00688286,0.00688286
1968-10-01,HiTec_excess,-0.0534,0.01176188,0.02360202,0.02360202
1968-10-01,Telcm_excess,0.0273,0.00624052,0.00616977,0.00616977
1968-10-01,Shops_excess,0.0025,0.00879082,0.01172791,0.01172791
1968-10-01,Hlth_excess,-0.0048,0.00963573,0.01382901,0.01382901
1968-10-01,Utils_excess,0.0005,0.00742854,0.00919606,0.00919606
1968-10-01,Other_excess,0.0065,0.00792016,0.01668608,0.01668608
1968-11-01,NoDur_excess,0.0425,0.00723725,0.00742768,0.00742768
1968-11-01,Durbl_excess,-0.0056,0.01194044,0.00546535,0.00546535
1968-11-01,Manuf_excess,0.0535,0.00948745,0.00890677,0.00890677
1968-11-01,Enrgy_excess,0.0526,0.00910737,0.0069133,0.0069133
1968-11-01,HiTec_excess,0.0819,0.01163207,0.01600921,0.01600921
1968-11-01,Telcm_excess,0.0497,0.00628247,0.00014885,0.00014885
1968-11-01,Shops_excess,0.0472,0.00877829,0.00335932,0.00335932
1968-11-01,Hlth_excess,0.077,0.00960697,0.01026991,0.01026991
1968-11-01,Utils_excess,0.0839,0.00741474,-0.00055062,0.0
1968-11-01,Other_excess,0.0729,0.00791733,0.01206849,0.01206849
1968-12-01,NoDur_excess,-0.0145,0.00730736,0.01147892,0.01147892
1968-12-01,Durbl_excess,-0.0489,0.01190557,0.0123214,0.0123214
1968-12-01,Manuf_excess,-0.0375,0.00957495,0.01303062,0.01303062
1968-12-01,Enrgy_excess,-0.0296,0.00919384,0.00779709,0.00779709
1968-12-01,HiTec_excess,-0.0577,0.01177177,0.02140349,0.02140349
1968-12-01,Telcm_excess,-0.071,0.00636879,0.0008494,0.0008494
1968-12-01,Shops_excess,-0.0456,0.00885467,0.00831465,0.00831465
1968-12-01,Hlth_excess,-0.0145,0.00974095,0.01703076,0.01703076
1968-12-01,Utils_excess,-0.0335,0.0075668,0.00340106,0.00340106
1968-12-01,Other_excess,-0.0411,0.00804652,0.01653138,0.01653138
1969-01-01,NoDur_excess,-0.0172,0.00726409,0.0134077,0.0134077
1969-01-01,Durbl_excess,-0.0225,0.01178492,0.01168008,0.01168008
1969-01-01,Manuf_excess,-0.0098,0.00948155,0.00984444,0.00984444
1969-01-01,Enrgy_excess,-0.0167,0.00911687,0.00461102,0.00461102
1969-01-01,HiTec_excess,-0.0521,0.01163393,0.02242988,0.02242988
1969-01-01,Telcm_excess,0.0064,0.00621528,-0.00307041,0.0
1969-01-01,Shops_excess,-0.015,0.00874663,0.00830513,0.00830513
1969-01-01,Hlth_excess,-0.0076,0.00969286,0.01885979,0.01885979
1969-01-01,Utils_excess,0.0191,0.00748532,0.00453858,0.00453858
1969-01-01,Other_excess,0.0025,0.00794901,0.01539952,0.01539952
1969-02-01,NoDur_excess,-0.0708,0.00721564,0.01681393,0.01681393
1969-02-01,Durbl_excess,-0.0404,0.01171703,0.00446489,0.00446489
1969-02-01,Manuf_excess,-0.0619,0.00944337,-0.00723602,0.0
1969-02-01,Enrgy_excess,-0.0541,0.00906574,-0.00712295,0.0
1969-02-01,HiTec_excess,-0.0408,0.01150772,0.02046174,0.02046174
1969-02-01,Telcm_excess,-0.038,0.00621564,0.0076097,0.0076097
1969-02-01,Shops_excess,-0.0461,0.0086996,0.01872239,0.01872239
1969-02-01,Hlth_excess,-0.0563,0.00965861,0.0142854,0.0142854
1969-02-01,Utils_excess,-0.0568,0.00750832,0.01838579,0.01838579
1969-02-01,Other_excess,-0.0887,0.00793822,0.01099173,0.01099173
1969-03-01,NoDur_excess,0.0025,0.00706146,-0.00203179,0.0
1969-03-01,Durbl_excess,0.0464,0.01161403,-0.01256069,0.0
1969-03-01,Manuf_excess,0.0219,0.00930237,-0.01206852,0.0
1969-03-01,Enrgy_excess,0.069,0.00894091,-0.00205304,0.0
1969-03-01,HiTec_excess,0.0498,0.01140435,-0.00378029,0.0
1969-03-01,Telcm_excess,-0.0088,0.00612826,-0.01243888,0.0
1969-03-01,Shops_excess,0.0461,0.0085913,-0.01679936,0.0
1969-03-01,Hlth_excess,0.0289,0.00952826,-0.00015498,0.0
1969-03-01,Utils_excess,-0.0175,0.00738123,-0.01677966,0.0
1969-03-01,Other_excess,0.0028,0.00774723,-0.0036785,0.0
1969-04-01,NoDur_excess,0.0052,0.00705247,-4.535e-05,0.0
1969-04-01,Durbl_excess,0.0069,0.01168264,-0.00565416,0.0
1969-04-01,Manuf_excess,0.0077,0.00932722,-0.00555023,0.0
1969-04-01,Enrgy_excess,-0.0089,0.00905937,0.00549071,0.00549071
1969-04-01,HiTec_excess,0.0333,0.01148008,0.00156239,0.00156239
1969-04-01,Telcm_excess,0.0715,0.00609882,-0.01186699,0.0
1969-04-01,Shops_excess,0.0341,0.00866529,-0.01281714,0.0
1969-04-01,Hlth_excess,0.0445,0.00956647,0.00340249,0.00340249
1969-04-01,Utils_excess,0.0081,0.00733215,-0.01713427,0.0
1969-04-01,Other_excess,0.013,0.00773748,0.00205567,0.00205567
1969-05-01,NoDur_excess,0.0073,0.00704882,0.00764186,0.00764186
1969-05-01,Durbl_excess,-0.0035,0.01167323,-0.01211019,0.0
1969-05-01,Manuf_excess,-0.0134,0.00932402,-0.01521649,0.0
1969-05-01,Enrgy_excess,0.0352,0.00902402,-0.0019824,0.0
1969-05-01,HiTec_excess,-0.0208,0.01152303,0.01107161,0.01107161
1969-05-01,Telcm_excess,0.0059,0.00622756,0.01211833,0.01211833
1969-05-01,Shops_excess,0.0,0.00871535,0.00271145,0.00271145
1969-05-01,Hlth_excess,0.012,0.00963524,0.00032982,0.00032982
1969-05-01,Utils_excess,-0.0046,0.00733366,0.00739914,0.00739914
1969-05-01,Other_excess,-0.0168,0.00774783,0.00476936,0.00476936
1969-06-01,NoDur_excess,-0.0788,0.00704931,0.01352949,0.01352949
1969-06-01,Durbl_excess,-0.065,0.01164342,0.01683334,0.01683334
1969-06-01,Manuf_excess,-0.0743,0.00927937,0.00468873,0.00468873
1969-06-01,Enrgy_excess,-0.1047,0.00907544,0.00148398,0.00148398
1969-06-01,HiTec_excess,-0.0067,0.01145953,0.02099027,0.02099027
1969-06-01,Telcm_excess,-0.0451,0.00622692,-0.00338604,0.0
1969-06-01,Shops_excess,-0.0602,0.00869823,0.01250564,0.01250564
1969-06-01,Hlth_excess,-0.0555,0.00963988,0.0218035,0.0218035
1969-06-01,Utils_excess,-0.0625,0.00731022,0.004152,0.004152
1969-06-01,Other_excess,-0.1103,0.00769961,0.01284541,0.01284541
1969-07-01,NoDur_excess,-0.0738,0.00688098,0.00413122,0.00413122
1969-07-01,Durbl_excess,-0.075,0.01149314,-0.00688649,0.0
1969-07-01,Manuf_excess,-0.0598,0.00911549,-0.00742277,0.0
1969-07-01,Enrgy_excess,-0.1017,0.00885235,0.003918,0.003918
1969-07-01,HiTec_excess,-0.0596,0.01142392,0.00995695,0.00995695
1969-07-01,Telcm_excess,-0.0503,0.00612627,0.00069803,0.00069803
1969-07-01,Shops_excess,-0.0898,0.00856314,-0.00506424,0.0
1969-07-01,Hlth_excess,-0.0326,0.00951216,0.00461448,0.00461448
1969-07-01,Utils_excess,-0.0351,0.00717333,-0.00484256,0.0
1969-07-01,Other_excess,-0.0966,0.00746824,0.00376973,0.00376973
1969-08-01,NoDur_excess,0.0445,0.00672309,0.00736192,0.00736192
1969-08-01,Durbl_excess,0.0223,0.01132387,-0.00090039,0.0
1969-08-01,Manuf_excess,0.0369,0.00898063,0.00332411,0.00332411
1969-08-01,Enrgy_excess,0.0612,0.00863601,0.00537554,0.00537554
1969-08-01,HiTec_excess,0.0653,0.01128493,0.02241708,0.02241708
1969-08-01,Telcm_excess,0.0115,0.00601585,0.00202482,0.00202482
1969-08-01,Shops_excess,0.0763,0.00837065,-0.00128021,0.0
1969-08-01,Hlth_excess,0.0881,0.00942975,0.01064931,0.01064931
1969-08-01,Utils_excess,-0.0179,0.00709061,0.00599002,0.00599002
1969-08-01,Other_excess,0.0848,0.00726458,0.00986187,0.00986187
1969-09-01,NoDur_excess,-0.0029,0.00679687,0.01093819,0.01093819
1969-09-01,Durbl_excess,-0.0068,0.01134531,0.0044374,0.0044374
1969-09-01,Manuf_excess,-0.0269,0.00903516,0.00741295,0.00741295
1969-09-01,Enrgy_excess,-0.1025,0.00873867,0.00492194,0.00492194
1969-09-01,HiTec_excess,-0.0042,0.01139043,0.02936382,0.02936382
1969-09-01,Telcm_excess,-0.0462,0.00602656,0.00465703,0.00465703
1969-09-01,Shops_excess,-0.0128,0.00850332,0.00737418,0.00737418
1969-09-01,Hlth_excess,0.0147,0.0095834,0.01657812,0.01657812
1969-09-01,Utils_excess,-0.0477,0.0070418,0.00941269,0.00941269
1969-09-01,Other_excess,-0.0125,0.00741602,0.01664127,0.01664127
1969-10-01,NoDur_excess,0.0772,0.00677797,0.0116339,0.0116339
1969-10-01,Durbl_excess,0.0326,0.01130994,0.01546871,0.01546871
1969-10-01,Manuf_excess,0.0608,0.00896511,0.00697447,0.00697447
1969-10-01,Enrgy_excess,-0.0163,0.00852183,-0.00551835,0.0
1969-10-01,HiTec_excess,0.0519,0.01136004,0.03114261,0.03114261
1969-10-01,Telcm_excess,0.029,0.00592476,-0.00708294,0.0
1969-10-01,Shops_excess,0.0611,0.00846179,0.01161915,0.01161915
1969-10-01,Hlth_excess,0.0838,0.00959337,0.02423139,0.02423139
1969-10-01,Utils_excess,0.077,0.00693509,0.00353915,0.00353915
1969-10-01,Other_excess,0.074,0.00737719,0.0133945,0.0133945
1969-11-01,NoDur_excess,-0.0288,0.00691498,0.00325519,0.00325519
1969-11-01,Durbl_excess,-0.05,0.01135136,-0.01296692,0.0
1969-11-01,Manuf_excess,-0.0394,0.00906595,-0.01083323,0.0
1969-11-01,Enrgy_excess,-0.0508,0.00847354,-0.00324167,0.0
1969-11-01,HiTec_excess,-0.0231,0.01143891,0.00932867,0.00932867
1969-11-01,Telcm_excess,0.0064,0.00596965,0.00108839,0.00108839
1969-11-01,Shops_excess,-0.0461,0.0085642,-0.00690359,0.0
1969-11-01,Hlth_excess,-0.002,0.00973774,0.00541284,0.00541284
1969-11-01,Utils_excess,-0.058,0.0070714,-0.00547604,0.0
1969-11-01,Other_excess,-0.0608,0.00750681,0.00392196,0.00392196
1969-12-01,NoDur_excess,-0.0258,0.00684563,0.00209734,0.00209734
1969-12-01,Durbl_excess,-0.0408,0.01123223,0.00191784,0.00191784
1969-12-01,Manuf_excess,-0.0207,0.00897184,0.01109123,0.01109123
1969-12-01,Enrgy_excess,-0.0365,0.00835845,0.00155228,0.00155228
1969-12-01,HiTec_excess,-0.0138,0.01137184,0.01579204,0.01579204
1969-12-01,Telcm_excess,-0.0615,0.00597049,-0.01532014,0.0
1969-12-01,Shops_excess,-0.0364,0.00845806,-0.01210939,0.0
1969-12-01,Hlth_excess,0.0366,0.00971495,0.01915781,0.01915781
1969-12-01,Utils_excess,-0.0127,0.00694505,-0.01891232,0.0
1969-12-01,Other_excess,-0.044,0.00737417,0.00903575,0.00903575
1970-01-01,NoDur_excess,-0.0485,0.00678236,0.00537753,0.00537753
1970-01-01,Durbl_excess,-0.0885,0.0111314,-0.00519372,0.0
1970-01-01,Manuf_excess,-0.079,0.00891434,0.00295275,0.00295275
1970-01-01,Enrgy_excess,-0.1206,0.00827151,-0.00367688,0.0
1970-01-01,HiTec_excess,-0.0967,0.01132306,0.020127,0.020127
1970-01-01,Telcm_excess,-0.0317,0.00583973,-0.00658203,0.0
1970-01-01,Shops_excess,-0.0669,0.00837112,-0.00034111,0.0
1970-01-01,Hlth_excess,-0.0772,0.00976705,0.01666823,0.01666823
1970-01-01,Utils_excess,-0.0484,0.00690698,-0.00389313,0.0
1970-01-01,Other_excess,-0.0945,0.00727461,0.00660146,0.00660146
1970-02-01,NoDur_excess,0.0408,0.00667544,0.01096005,0.01096005
1970-02-01,Durbl_excess,0.0498,0.01093868,-0.00570477,0.0
1970-02-01,Manuf_excess,0.0457,0.00874429,-0.00718397,0.0
1970-02-01,Enrgy_excess,0.0477,0.00802224,-0.01365085,0.0
1970-02-01,HiTec_excess,0.0233,0.01111412,0.02226103,0.02226103
1970-02-01,Telcm_excess,0.0735,0.00576712,0.0011839,0.0011839
1970-02-01,Shops_excess,0.0496,0.00822553,0.01143209,0.01143209
1970-02-01,Hlth_excess,0.0498,0.00959884,0.01407306,0.01407306
1970-02-01,Utils_excess,0.0776,0.0068,0.00827541,0.00827541
1970-02-01,Other_excess,0.0886,0.00707776,0.00426479,0.00426479
1970-03-01,NoDur_excess,-0.0135,0.00674131,0.00188265,0.00188265
1970-03-01,Durbl_excess,0.043,0.01101371,-0.0233571,0.0
1970-03-01,Manuf_excess,-0.0086,0.00881564,-0.02307168,0.0
1970-03-01,Enrgy_excess,-0.0102,0.00809884,-0.01009485,0.0
1970-03-01,HiTec_excess,-0.0315,0.01113764,0.00120212,0.00120212
1970-03-01,Telcm_excess,0.0172,0.00589788,0.00801243,0.00801243
1970-03-01,Shops_excess,-0.0229,0.00830541,-0.00342525,0.0
1970-03-01,Hlth_excess,-0.0566,0.00967645,-0.00162806,0.0
1970-03-01,Utils_excess,0.0234,0.00693668,-0.00254485,0.0
1970-03-01,Other_excess,-0.0237,0.00723514,-0.00497572,0.0
1970-04-01,NoDur_excess,-0.1064,0.00670231,0.00340432,0.00340432
1970-04-01,Durbl_excess,-0.0936,0.01107534,-0.00379255,0.0
1970-04-01,Manuf_excess,-0.0948,0.00878208,-0.01023023,0.0
1970-04-01,Enrgy_excess,-0.0967,0.00806358,-0.01169289,0.0
1970-04-01,HiTec_excess,-0.1485,0.01105549,0.00410159,0.00410159
1970-04-01,Telcm_excess,-0.0929,0.00591965,-0.00702646,0.0
1970-04-01,Shops_excess,-0.1162,0.00824528,-0.00036784,0.0
1970-04-01,Hlth_excess,-0.1061,0.00954875,0.00980827,0.00980827
1970-04-01,Utils_excess,-0.0857,0.0069684,-0.00771916,0.0
1970-04-01,Other_excess,-0.1432,0.00717553,-0.00274072,0.0
1970-05-01,NoDur_excess,-0.0798,0.00648481,-0.00446885,0.0
1970-05-01,Durbl_excess,-0.07,0.01087404,-0.00540269,0.0
1970-05-01,Manuf_excess,-0.0804,0.00858288,-0.01861456,0.0
1970-05-01,Enrgy_excess,0.0213,0.00786212,-0.02342467,0.0
1970-05-01,HiTec_excess,-0.1009,0.01074865,-0.00769225,0.0
1970-05-01,Telcm_excess,-0.0424,0.00572962,-0.0231502,0.0
1970-05-01,Shops_excess,-0.1,0.00800596,-0.00706262,0.0
1970-05-01,Hlth_excess,-0.083,0.00932635,0.00842666,0.00842666
1970-05-01,Utils_excess,-0.0588,0.00679019,-0.0207797,0.0
1970-05-01,Other_excess,-0.087,0.00688635,-0.01502874,0.0
1970-06-01,NoDur_excess,-0.0206,0.00631919,-0.00628333,0.0
1970-06-01,Durbl_excess,-0.0473,0.01071881,-0.00247281,0.0
1970-06-01,Manuf_excess,-0.054,0.00841209,-0.02985674,0.0
1970-06-01,Enrgy_excess,-0.0302,0.00788791,-0.02216977,0.0
1970-06-01,HiTec_excess,-0.1231,0.01053436,-0.01649184,0.0
1970-06-01,Telcm_excess,-0.0907,0.00563724,-0.02779492,0.0
1970-06-01,Shops_excess,-0.0456,0.00779866,-0.00763248,0.0
1970-06-01,Hlth_excess,-0.0109,0.00914914,0.00413448,0.00413448
1970-06-01,Utils_excess,-0.0529,0.0066643,-0.01953738,0.0
1970-06-01,Other_excess,-0.0743,0.00670614,-0.02626884,0.0
1970-07-01,NoDur_excess,0.0616,0.00626762,-0.02560737,0.0
1970-07-01,Durbl_excess,0.1008,0.01060766,-0.03660491,0.0
1970-07-01,Manuf_excess,0.0458,0.00829253,-0.04832,0.0
1970-07-01,Enrgy_excess,0.1224,0.00781494,-0.0202915,0.0
1970-07-01,HiTec_excess,0.0182,0.01027835,-0.04924678,0.0
1970-07-01,Telcm_excess,0.0974,0.00545268,-0.03162769,0.0
1970-07-01,Shops_excess,0.0986,0.00769636,-0.04448441,0.0
1970-07-01,Hlth_excess,0.0164,0.00911073,-0.02155599,0.0
1970-07-01,Utils_excess,0.0819,0.00655019,-0.05078462,0.0
1970-07-01,Other_excess,0.075,0.00655096,-0.04493368,0.0
1970-08-01,NoDur_excess,0.0093,0.00637342,0.00069857,0.00069857
1970-08-01,Durbl_excess,0.0775,0.01078011,-0.01429896,0.0
1970-08-01,Manuf_excess,0.0412,0.00836424,-0.04459809,0.0
1970-08-01,Enrgy_excess,0.0606,0.00803403,-0.02291128,0.0
1970-08-01,HiTec_excess,0.075,0.0102935,-0.01911152,0.0
1970-08-01,Telcm_excess,0.0191,0.00562849,0.00626797,0.00626797
1970-08-01,Shops_excess,0.0478,0.00787017,0.00511829,0.00511829
1970-08-01,Hlth_excess,0.0129,0.00912467,-0.01163141,0.0
1970-08-01,Utils_excess,0.0416,0.00669426,0.00371992,0.00371992
1970-08-01,Other_excess,0.0457,0.00668184,-0.02063743,0.0
1970-09-01,NoDur_excess,0.0498,0.00637901,-0.00039294,0.0
1970-09-01,Durbl_excess,0.0215,0.01090744,0.00012922,0.00012922
1970-09-01,Manuf_excess,0.0343,0.00842691,-0.02072204,0.0
1970-09-01,Enrgy_excess,0.0266,0.00813435,-0.01275793,0.0
1970-09-01,HiTec_excess,0.0964,0.01041698,-0.00769638,0.0
1970-09-01,Telcm_excess,-0.0142,0.0056542,-0.00503864,0.0
1970-09-01,Shops_excess,0.0741,0.00794637,0.00040787,0.00040787
1970-09-01,Hlth_excess,0.0749,0.00913187,0.00084558,0.00084558
1970-09-01,Utils_excess,-0.0106,0.00676088,-0.00325741,0.0
1970-09-01,Other_excess,0.0705,0.0067563,-0.00990231,0.0
1970-10-01,NoDur_excess,0.0024,0.00646171,-0.00338073,0.0
1970-10-01,Durbl_excess,-0.0246,0.01092762,-0.00566355,0.0
1970-10-01,Manuf_excess,-0.0361,0.00847619,-0.02194002,0.0
1970-10-01,Enrgy_excess,0.0249,0.00816952,-0.00762432,0.0
1970-10-01,HiTec_excess,-0.0394,0.01058076,-0.01126222,0.0
1970-10-01,Telcm_excess,-0.0421,0.00561638,-0.00292577,0.0
1970-10-01,Shops_excess,-0.0215,0.00807238,-0.004706,0.0
1970-10-01,Hlth_excess,-0.0036,0.00925714,-0.00385266,0.0
1970-10-01,Utils_excess,-0.0129,0.00672781,-0.01139099,0.0
1970-10-01,Other_excess,-0.0635,0.00687771,-0.00856189,0.0
1970-11-01,NoDur_excess,0.0427,0.00645399,-0.00613162,0.0
1970-11-01,Durbl_excess,0.0652,0.01086008,-0.00564858,0.0
1970-11-01,Manuf_excess,0.0346,0.00839144,-0.02279693,0.0
1970-11-01,Enrgy_excess,0.0449,0.00820133,-0.01153624,0.0
1970-11-01,HiTec_excess,0.036,0.01048574,-0.01759164,0.0
1970-11-01,Telcm_excess,0.057,0.00552567,-0.01706023,0.0
1970-11-01,Shops_excess,0.0642,0.00801616,-0.00907355,0.0
1970-11-01,Hlth_excess,0.0262,0.0092327,0.00013921,0.00013921
1970-11-01,Utils_excess,0.0895,0.00669049,-0.02066543,0.0
1970-11-01,Other_excess,0.0339,0.00674392,-0.01590694,0.0
1970-12-01,NoDur_excess,0.0708,0.00652277,2.738e-05,2.738e-05
1970-12-01,Durbl_excess,0.0575,0.01096319,-0.0071627,0.0
1970-12-01,Manuf_excess,0.0759,0.00844118,-0.03245282,0.0
1970-12-01,Enrgy_excess,0.0183,0.00827097,-0.00143585,0.0
1970-12-01,HiTec_excess,0.0398,0.01053416,-0.01496856,0.0
1970-12-01,Telcm_excess,0.0643,0.00562334,0.01567371,0.01567371
1970-12-01,Shops_excess,0.0499,0.00812277,0.0022694,0.0022694
1970-12-01,Hlth_excess,0.0494,0.0092649,-0.0144709,0.0
1970-12-01,Utils_excess,0.0676,0.00684763,-0.00010391,0.0
1970-12-01,Other_excess,0.0795,0.00679545,-0.01048422,0.0
1971-01-01,NoDur_excess,0.0444,0.00664451,0.00958401,0.00958401
1971-01-01,Durbl_excess,0.0349,0.01105133,0.00754424,0.00754424
1971-01-01,Manuf_excess,0.0553,0.00856894,-0.02260228,0.0
1971-01-01,Enrgy_excess,-0.0005,0.00828996,-0.01828569,0.0
1971-01-01,HiTec_excess,0.0501,0.01058958,-0.00013373,0.0
1971-01-01,Telcm_excess,0.0939,0.00573447,0.00855345,0.00855345
1971-01-01,Shops_excess,0.0791,0.00820189,0.02106649,0.02106649
1971-01-01,Hlth_excess,0.045,0.00934091,0.00470462,0.00470462
1971-01-01,Utils_excess,0.0255,0.00696269,0.01277181,0.01277181
1971-01-01,Other_excess,0.0743,0.00693314,-0.00199653,0.0
1971-02-01,NoDur_excess,0.0344,0.00671588,0.01215427,0.01215427
1971-02-01,Durbl_excess,0.0191,0.01109641,0.00857571,0.00857571
1971-02-01,Manuf_excess,0.0091,0.00865728,-0.01739335,0.0
1971-02-01,Enrgy_excess,0.0448,0.00827335,-0.00471869,0.0
1971-02-01,HiTec_excess,0.0247,0.01066427,-0.0030828,0.0
1971-02-01,Telcm_excess,-0.0562,0.00590113,0.02292302,0.02292302
1971-02-01,Shops_excess,0.0331,0.00833592,0.01831292,0.01831292
1971-02-01,Hlth_excess,0.0106,0.00940832,0.0003734,0.0003734
1971-02-01,Utils_excess,-0.0293,0.00699773,0.01127569,0.01127569
1971-02-01,Other_excess,0.0202,0.00706049,0.00345824,0.00345824
1971-03-01,NoDur_excess,0.0415,0.00676811,-0.01112633,0.0
1971-03-01,Durbl_excess,0.0314,0.01111151,-0.00040066,0.0
1971-03-01,Manuf_excess,0.0378,0.00865811,-0.02166241,0.0
1971-03-01,Enrgy_excess,0.0246,0.00834226,-0.00808742,0.0
1971-03-01,HiTec_excess,0.0775,0.01069075,-0.03453918,0.0
1971-03-01,Telcm_excess,0.0041,0.00578396,-0.02346778,0.0
1971-03-01,Shops_excess,0.0651,0.00838264,-0.01735124,0.0
1971-03-01,Hlth_excess,0.0337,0.00941057,-0.00031209,0.0
1971-03-01,Utils_excess,0.0211,0.00692925,-0.03814726,0.0
1971-03-01,Other_excess,0.0571,0.00708528,-0.02124907,0.0
1971-04-01,NoDur_excess,0.0185,0.00683352,0.00573791,0.00573791
1971-04-01,Durbl_excess,0.0821,0.01114972,0.00799988,0.00799988
1971-04-01,Manuf_excess,0.04,0.00871299,-0.01726655,0.0
1971-04-01,Enrgy_excess,0.0403,0.00837288,0.00479375,0.00479375
1971-04-01,HiTec_excess,0.0203,0.01081657,-0.01667436,0.0
1971-04-01,Telcm_excess,0.0053,0.00578079,0.00574524,0.00574524
1971-04-01,Shops_excess,0.0469,0.00848945,0.0047335,0.0047335
1971-04-01,Hlth_excess,0.0397,0.00945631,-0.00240336,0.0
1971-04-01,Utils_excess,-0.0383,0.00695593,-0.01230928,0.0
1971-04-01,Other_excess,0.0408,0.00717947,-0.00204587,0.0
1971-05-01,NoDur_excess,-0.033,0.00685545,0.00136151,0.00136151
1971-05-01,Durbl_excess,-0.0457,0.01128308,0.01085019,0.01085019
1971-05-01,Manuf_excess,-0.0255,0.0087718,-0.00982023,0.0
1971-05-01,Enrgy_excess,-0.0506,0.00843289,-0.00605005,0.0
1971-05-01,HiTec_excess,-0.0647,0.0108344,-0.01164068,0.0
1971-05-01,Telcm_excess,-0.0545,0.00577989,-0.01298699,0.0
1971-05-01,Shops_excess,-0.0208,0.00856165,0.00314683,0.00314683
1971-05-01,Hlth_excess,-0.024,0.00951316,0.01007421,0.01007421
1971-05-01,Utils_excess,-0.04,0.00687086,-0.01935603,0.0
1971-05-01,Other_excess,-0.0489,0.00724267,-0.00460518,0.0
1971-06-01,NoDur_excess,-0.0052,0.00678068,-0.00230107,0.0
1971-06-01,Durbl_excess,-0.0103,0.01117617,0.00407809,0.00407809
1971-06-01,Manuf_excess,0.0,0.0087075,-0.01242659,0.0
1971-06-01,Enrgy_excess,0.0066,0.00832214,-0.00198953,0.0
1971-06-01,HiTec_excess,-0.0255,0.01069268,-0.01878445,0.0
1971-06-01,Telcm_excess,0.0067,0.00566679,-0.01351365,0.0
1971-06-01,Shops_excess,-0.0007,0.00850657,-0.00372659,0.0
1971-06-01,Hlth_excess,0.0165,0.00945028,0.00316124,0.00316124
1971-06-01,Utils_excess,0.0395,0.00678293,-0.02462053,0.0
1971-06-01,Other_excess,-0.0143,0.00713734,-0.00844678,0.0
1971-07-01,NoDur_excess,-0.0254,0.00675824,0.00735372,0.00735372
1971-07-01,Durbl_excess,-0.0595,0.01113596,0.00839667,0.00839667
1971-07-01,Manuf_excess,-0.0528,0.0086912,-0.0109296,0.0
1971-07-01,Enrgy_excess,-0.0254,0.00831891,-0.00815039,0.0
1971-07-01,HiTec_excess,-0.0898,0.01062491,-0.00257558,0.0
1971-07-01,Telcm_excess,-0.0401,0.00566873,-0.00070208,0.0
1971-07-01,Shops_excess,-0.0385,0.00848933,0.01586991,0.01586991
1971-07-01,Hlth_excess,-0.0265,0.00946348,0.00862077,0.00862077
1971-07-01,Utils_excess,-0.0254,0.00684419,-0.00083282,0.0
1971-07-01,Other_excess,-0.0425,0.00709719,0.0006191,0.0006191
1971-08-01,NoDur_excess,0.0263,0.00669813,0.00615011,0.00615011
1971-08-01,Durbl_excess,0.1013,0.01100393,0.0072139,0.0072139
1971-08-01,Manuf_excess,0.0592,0.00857626,-0.00164717,0.0
1971-08-01,Enrgy_excess,-0.0169,0.00825589,0.00243541,0.00243541
1971-08-01,HiTec_excess,0.052,0.0104372,-0.00126388,0.0
1971-08-01,Telcm_excess,-0.0081,0.00558318,-0.00318047,0.0
1971-08-01,Shops_excess,0.0573,0.0084015,0.00673746,0.00673746
1971-08-01,Hlth_excess,0.0281,0.00939626,0.0090855,0.0090855
1971-08-01,Utils_excess,-0.028,0.00678393,-0.00494632,0.0
1971-08-01,Other_excess,0.0656,0.00700449,0.00350441,0.00350441
1971-09-01,NoDur_excess,-0.0044,0.0067347,0.0184815,0.0184815
1971-09-01,Durbl_excess,-0.0044,0.01117239,0.01723505,0.01723505
1971-09-01,Manuf_excess,-0.0069,0.00867071,-0.0036792,0.0
1971-09-01,Enrgy_excess,-0.0201,0.00820896,0.0058247,0.0058247
1971-09-01,HiTec_excess,-0.0192,0.01051474,0.00984688,0.00984688
1971-09-01,Telcm_excess,-0.0014,0.00555765,0.02086266,0.02086266
1971-09-01,Shops_excess,0.0036,0.00849272,0.02674675,0.02674675
1971-09-01,Hlth_excess,0.0029,0.00943116,0.00709908,0.00709908
1971-09-01,Utils_excess,-0.0188,0.00671903,0.01666287,0.01666287
1971-09-01,Other_excess,-0.008,0.00711381,0.01493916,0.01493916
1971-10-01,NoDur_excess,-0.047,0.00671397,0.00550917,0.00550917
1971-10-01,Durbl_excess,-0.0558,0.01114339,0.01273292,0.01273292
1971-10-01,Manuf_excess,-0.0641,0.00864171,0.00566311,0.00566311
1971-10-01,Enrgy_excess,-0.0466,0.00815624,0.01015755,0.01015755
1971-10-01,HiTec_excess,-0.0472,0.0104594,-0.00134958,0.0
1971-10-01,Telcm_excess,-0.0211,0.00554469,-0.00259257,0.0
1971-10-01,Shops_excess,-0.0382,0.00848361,0.00120014,0.00120014
1971-10-01,Hlth_excess,-0.0287,0.00941899,0.00966522,0.00966522
1971-10-01,Utils_excess,0.0168,0.00667151,-0.00990417,0.0
1971-10-01,Other_excess,-0.0457,0.00708566,0.00772204,0.00772204
1971-11-01,NoDur_excess,-0.0071,0.00661413,0.01561326,0.01561326
1971-11-01,Durbl_excess,-0.0004,0.01101896,0.0188321,0.0188321
1971-11-01,Manuf_excess,-0.0135,0.00850651,0.00088401,0.00088401
1971-11-01,Enrgy_excess,-0.0031,0.00805446,0.00392226,0.00392226
1971-11-01,HiTec_excess,0.014,0.01035223,0.00947333,0.00947333
1971-11-01,Telcm_excess,0.0002,0.00549517,0.0108024,0.0108024
1971-11-01,Shops_excess,-0.0013,0.00839684,0.02173092,0.02173092
1971-11-01,Hlth_excess,0.0022,0.00934814,0.0125504,0.0125504
1971-11-01,Utils_excess,-0.0157,0.00669033,0.01100524,0.01100524
1971-11-01,Other_excess,-0.0055,0.00698755,0.01481293,0.01481293
1971-12-01,NoDur_excess,0.1017,0.00658868,0.01202895,0.01202895
1971-12-01,Durbl_excess,0.0577,0.01099777,0.02175348,0.02175348
1971-12-01,Manuf_excess,0.095,0.00846568,0.00261784,0.00261784
1971-12-01,Enrgy_excess,0.0847,0.00803377,0.0041083,0.0041083
1971-12-01,HiTec_excess,0.109,0.010359,0.00546483,0.00546483
1971-12-01,Telcm_excess,0.07,0.00548534,0.00014717,0.00014717
1971-12-01,Shops_excess,0.098,0.00837885,0.01543722,0.01543722
1971-12-01,Hlth_excess,0.0754,0.00933488,0.01582718,0.01582718
1971-12-01,Utils_excess,0.0774,0.00664879,0.00314046,0.00314046
1971-12-01,Other_excess,0.0777,0.00696438,0.01126168,0.01126168
1972-01-01,NoDur_excess,0.0221,0.00676481,0.01519477,0.01519477
1972-01-01,Durbl_excess,0.0294,0.01108426,0.02087086,0.02087086
1972-01-01,Manuf_excess,0.0293,0.00862593,-0.00034806,0.0
1972-01-01,Enrgy_excess,-0.0013,0.00817574,0.00204686,0.00204686
1972-01-01,HiTec_excess,0.0806,0.01054167,0.00761752,0.00761752
1972-01-01,Telcm_excess,0.0065,0.00560481,0.00970301,0.00970301
1972-01-01,Shops_excess,0.0014,0.00854481,0.02125987,0.02125987
1972-01-01,Hlth_excess,0.0231,0.00945722,0.01410184,0.01410184
1972-01-01,Utils_excess,-0.0059,0.00677981,0.0097466,0.0097466
1972-01-01,Other_excess,0.0304,0.00709537,0.01440964,0.01440964
1972-02-01,NoDur_excess,0.044,0.00679316,0.0094643,0.0094643
1972-02-01,Durbl_excess,0.0059,0.01111811,0.02092506,0.02092506
1972-02-01,Manuf_excess,0.0474,0.00866414,-0.00409685,0.0
1972-02-01,Enrgy_excess,0.0236,0.00815823,0.000901,0.000901
1972-02-01,HiTec_excess,0.0164,0.01067116,-0.00390404,0.0
1972-02-01,Telcm_excess,-0.0009,0.00560647,-0.0041602,0.0
1972-02-01,Shops_excess,0.0541,0.00853161,0.01143555,0.01143555
1972-02-01,Hlth_excess,0.0688,0.00948244,0.01422058,0.01422058
1972-02-01,Utils_excess,-0.0275,0.00675638,-0.00659409,0.0
1972-02-01,Other_excess,0.02,0.00713845,0.0048268,0.0048268
1972-03-01,NoDur_excess,-0.0019,0.00686181,0.0087645,0.0087645
1972-03-01,Durbl_excess,0.0396,0.01110849,0.01556777,0.01556777
1972-03-01,Manuf_excess,0.0222,0.00873561,-0.00827962,0.0
1972-03-01,Enrgy_excess,-0.0573,0.00818672,0.00065388,0.00065388
1972-03-01,HiTec_excess,0.0083,0.01068173,-0.00828035,0.0
1972-03-01,Telcm_excess,-0.0059,0.00559446,-0.00066895,0.0
1972-03-01,Shops_excess,0.0171,0.00861568,0.01225856,0.01225856
1972-03-01,Hlth_excess,0.0019,0.00959188,0.01066853,0.01066853
1972-03-01,Utils_excess,-0.0043,0.00669317,-0.00912986,0.0
1972-03-01,Other_excess,0.0204,0.00716218,0.00251839,0.00251839
1972-04-01,NoDur_excess,0.0161,0.00684567,0.01350222,0.01350222
1972-04-01,Durbl_excess,-0.0082,0.01116096,0.02279497,0.02279497
1972-04-01,Manuf_excess,0.0168,0.00876041,0.00255818,0.00255818
1972-04-01,Enrgy_excess,-0.0098,0.00806611,0.00081428,0.00081428
1972-04-01,HiTec_excess,0.0047,0.01067735,0.00389298,0.00389298
1972-04-01,Telcm_excess,-0.0134,0.0055733,-0.0001053,0.0
1972-04-01,Shops_excess,-0.0085,0.00863131,0.01759968,0.01759968
1972-04-01,Hlth_excess,0.0079,0.00957772,0.01783284,0.01783284
1972-04-01,Utils_excess,-0.0311,0.00667293,-0.00130984,0.0
1972-04-01,Other_excess,0.0153,0.00718656,0.01144888,0.01144888
1972-05-01,NoDur_excess,0.0011,0.00686268,0.01156365,0.01156365
1972-05-01,Durbl_excess,-0.0132,0.01112537,0.01961836,0.01961836
1972-05-01,Manuf_excess,0.016,0.00877518,0.00071999,0.00071999
1972-05-01,Enrgy_excess,0.0339,0.00803327,0.00166751,0.00166751
1972-05-01,HiTec_excess,0.0344,0.01066636,-0.00040091,0.0
1972-05-01,Telcm_excess,0.0087,0.00553842,-0.00129662,0.0
1972-05-01,Shops_excess,0.0149,0.00859982,0.0133187,0.0133187
1972-05-01,Hlth_excess,0.0322,0.00957463,0.01481624,0.01481624
1972-05-01,Utils_excess,-0.0048,0.00660349,-0.00597039,0.0
1972-05-01,Other_excess,-0.0091,0.00720147,0.00890796,0.00890796
1972-06-01,NoDur_excess,-0.0144,0.00685211,0.01321648,0.01321648
1972-06-01,Durbl_excess,-0.0318,0.01108073,0.02028062,0.02028062
1972-06-01,Manuf_excess,-0.0254,0.00878844,0.00378457,0.00378457
1972-06-01,Enrgy_excess,-0.0121,0.00808073,0.00886356,0.00886356
1972-06-01,HiTec_excess,-0.0282,0.01070991,0.00352132,0.00352132
1972-06-01,Telcm_excess,-0.0304,0.00554422,0.00615949,0.00615949
1972-06-01,Shops_excess,-0.0451,0.00861138,0.01446086,0.01446086
1972-06-01,Hlth_excess,0.0222,0.00961615,0.01355702,0.01355702
1972-06-01,Utils_excess,-0.0184,0.00658257,-0.00201354,0.0
1972-06-01,Other_excess,-0.048,0.00717156,0.01273241,0.01273241
1972-07-01,NoDur_excess,-0.0189,0.00681319,0.01231113,0.01231113
1972-07-01,Durbl_excess,-0.0244,0.0110022,0.02067189,0.02067189
1972-07-01,Manuf_excess,0.0017,0.00872582,0.00846718,0.00846718
1972-07-01,Enrgy_excess,-0.0136,0.00804377,0.0058384,0.0058384
1972-07-01,HiTec_excess,0.0065,0.01063864,0.00699179,0.00699179
1972-07-01,Telcm_excess,0.0044,0.00547839,-0.00177876,0.0
1972-07-01,Shops_excess,-0.0277,0.008513,0.01144293,0.01144293
1972-07-01,Hlth_excess,0.0282,0.00963919,0.02004638,0.02004638
1972-07-01,Utils_excess,-0.0027,0.00653681,-0.002679,0.0
1972-07-01,Other_excess,-0.0326,0.00707051,0.01296028,0.01296028
1972-08-01,NoDur_excess,-0.004,0.00676618,0.01098565,0.01098565
1972-08-01,Durbl_excess,0.0349,0.01093748,0.01859674,0.01859674
1972-08-01,Manuf_excess,0.02,0.00871298,0.01080419,0.01080419
1972-08-01,Enrgy_excess,0.1216,0.0080042,0.01216577,0.01216577
1972-08-01,HiTec_excess,0.0256,0.01063108,0.00775196,0.00775196
1972-08-01,Telcm_excess,0.0486,0.00547642,0.00462853,0.00462853
1972-08-01,Shops_excess,-0.0072,0.0084468,0.00725727,0.00725727
1972-08-01,Hlth_excess,0.0075,0.00967313,0.01652404,0.01652404
1972-08-01,Utils_excess,0.0568,0.00651993,-0.00142797,0.0
1972-08-01,Other_excess,0.0333,0.00699799,0.01554934,0.01554934
1972-09-01,NoDur_excess,-0.0296,0.00674653,0.01504985,0.01504985
1972-09-01,Durbl_excess,-0.0123,0.0109812,0.02266789,0.02266789
1972-09-01,Manuf_excess,-0.0156,0.00873358,0.01124363,0.01124363
1972-09-01,Enrgy_excess,-0.0058,0.0082115,0.00968591,0.00968591
1972-09-01,HiTec_excess,-0.0149,0.01065839,0.01450575,0.01450575
1972-09-01,Telcm_excess,0.0397,0.00555511,0.00778609,0.00778609
1972-09-01,Shops_excess,-0.0084,0.00841825,0.01584474,0.01584474
1972-09-01,Hlth_excess,-0.0078,0.00966916,0.02058657,0.02058657
1972-09-01,Utils_excess,-0.0014,0.00661168,0.00769644,0.00769644
1972-09-01,Other_excess,-0.0206,0.00704599,0.01820239,0.01820239
1972-10-01,NoDur_excess,-0.0041,0.00668033,0.01563057,0.01563057
1972-10-01,Durbl_excess,-0.0284,0.0109388,0.02129603,0.02129603
1972-10-01,Manuf_excess,0.0074,0.00868925,0.01320403,0.01320403
1972-10-01,Enrgy_excess,0.027,0.00818597,0.00845318,0.00845318
1972-10-01,HiTec_excess,-0.0374,0.01061184,0.01857077,0.01857077
1972-10-01,Telcm_excess,0.019,0.0056173,0.00738209,0.00738209
1972-10-01,Shops_excess,0.0049,0.00838761,0.01713451,0.01713451
1972-10-01,Hlth_excess,0.0111,0.00963734,0.02220781,0.02220781
1972-10-01,Utils_excess,0.0637,0.00659709,0.01074128,0.01074128
1972-10-01,Other_excess,0.0073,0.00699563,0.01897524,0.01897524
1972-11-01,NoDur_excess,0.0651,0.00666073,0.01287393,0.01287393
1972-11-01,Durbl_excess,0.0757,0.01086727,0.01780029,0.01780029
1972-11-01,Manuf_excess,0.0383,0.00868691,0.01428683,0.01428683
1972-11-01,Enrgy_excess,0.0583,0.00822018,0.01701477,0.01701477
1972-11-01,HiTec_excess,0.0216,0.01052455,0.01507491,0.01507491
1972-11-01,Telcm_excess,0.0669,0.00564164,0.01173964,0.01173964
1972-11-01,Shops_excess,0.0564,0.00838127,0.01057694,0.01057694
1972-11-01,Hlth_excess,-0.0093,0.00964,0.01662298,0.01662298
1972-11-01,Utils_excess,0.0603,0.00670091,0.00956052,0.00956052
1972-11-01,Other_excess,0.0477,0.00699618,0.01995431,0.01995431
1972-12-01,NoDur_excess,0.0016,0.00676679,0.01946887,0.01946887
1972-12-01,Durbl_excess,0.0127,0.01098494,0.02235666,0.02235666
1972-12-01,Manuf_excess,0.0055,0.00874065,0.01605588,0.01605588
1972-12-01,Enrgy_excess,0.0068,0.00831107,0.01492358,0.01492358
1972-12-01,HiTec_excess,0.0161,0.01054465,0.02383711,0.02383711
1972-12-01,Telcm_excess,0.0108,0.00575281,0.02063986,0.02063986
1972-12-01,Shops_excess,0.0136,0.00846842,0.02102614,0.02102614
1972-12-01,Hlth_excess,0.0337,0.00960563,0.01855428,0.01855428
1972-12-01,Utils_excess,-0.0191,0.00679819,0.02146309,0.02146309
1972-12-01,Other_excess,-0.011,0.00707005,0.02577864,0.02577864
1973-01-01,NoDur_excess,-0.052,0.00675743,0.01775714,0.01775714
1973-01-01,Durbl_excess,-0.0714,0.01098804,0.02168558,0.02168558
1973-01-01,Manuf_excess,-0.0414,0.00873478,0.0177838,0.0177838
1973-01-01,Enrgy_excess,0.0459,0.00830833,0.00703918,0.00703918
1973-01-01,HiTec_excess,0.0152,0.01055471,0.02542462,0.02542462
1973-01-01,Telcm_excess,-0.0256,0.00576196,0.01025479,0.01025479
1973-01-01,Shops_excess,-0.0453,0.00847772,0.02026071,0.02026071
1973-01-01,Hlth_excess,-0.0163,0.00964928,0.02507059,0.02507059
1973-01-01,Utils_excess,-0.0471,0.00675127,0.01906793,0.01906793
1973-01-01,Other_excess,-0.0789,0.00703732,0.02307368,0.02307368
1973-02-01,NoDur_excess,-0.0478,0.00665118,0.00963069,0.00963069
1973-02-01,Durbl_excess,-0.0627,0.01083906,0.01251352,0.01251352
1973-02-01,Manuf_excess,-0.0268,0.00864412,0.00200042,0.00200042
1973-02-01,Enrgy_excess,-0.0779,0.00837631,-0.00020967,0.0
1973-02-01,HiTec_excess,-0.0341,0.01056311,0.0089966,0.0089966
1973-02-01,Telcm_excess,-0.0505,0.00570524,-0.00236312,0.0
1973-02-01,Shops_excess,-0.0686,0.00838047,0.01379547,0.01379547
1973-02-01,Hlth_excess,-0.0112,0.00960235,0.0203007,0.0203007
1973-02-01,Utils_excess,-0.0239,0.00665389,0.00424013,0.00424013
1973-02-01,Other_excess,-0.0647,0.00688192,0.00504619,0.00504619
1973-03-01,NoDur_excess,-0.0146,0.00655289,0.00542425,0.00542425
1973-03-01,Durbl_excess,-0.0328,0.01070632,0.00833099,0.00833099
1973-03-01,Manuf_excess,-0.0066,0.00858014,0.00128335,0.00128335
1973-03-01,Enrgy_excess,0.0259,0.00822058,0.00633273,0.00633273
1973-03-01,HiTec_excess,-0.0166,0.01048249,0.00320936,0.00320936
1973-03-01,Telcm_excess,0.0007,0.00560379,-0.00011277,0.0
1973-03-01,Shops_excess,-0.061,0.00824152,0.00469876,0.00469876
1973-03-01,Hlth_excess,0.0032,0.0095648,0.01314165,0.01314165
1973-03-01,Utils_excess,-0.0261,0.00659874,0.00010727,0.00010727
1973-03-01,Other_excess,-0.0072,0.00675271,0.00406496,0.00406496
1973-04-01,NoDur_excess,-0.0677,0.00651477,0.00920497,0.00920497
1973-04-01,Durbl_excess,-0.0571,0.01062793,0.01170062,0.01170062
1973-04-01,Manuf_excess,-0.0492,0.00855279,0.01009992,0.01009992
1973-04-01,Enrgy_excess,-0.015,0.00825243,0.01430713,0.01430713
1973-04-01,HiTec_excess,-0.0718,0.01043369,0.01234315,0.01234315
1973-04-01,Telcm_excess,0.0036,0.00559495,0.00538011,0.00538011
1973-04-01,Shops_excess,-0.0904,0.00811676,0.00554146,0.00554146
1973-04-01,Hlth_excess,-0.0601,0.00955333,0.01565952,0.01565952
1973-04-01,Utils_excess,-0.0112,0.00653982,0.00640958,0.00640958
1973-04-01,Other_excess,-0.0827,0.00672757,0.01391459,0.01391459
1973-05-01,NoDur_excess,-0.0264,0.00638129,0.01118985,0.01118985
1973-05-01,Durbl_excess,-0.0474,0.01050612,0.01483505,0.01483505
1973-05-01,Manuf_excess,-0.0166,0.00844892,0.0131766,0.0131766
1973-05-01,Enrgy_excess,-0.0407,0.00821061,0.01485044,0.01485044
1973-05-01,HiTec_excess,-0.0312,0.01028579,0.017858,0.017858
1973-05-01,Telcm_excess,-0.0135,0.00559137,0.00800506,0.00800506
1973-05-01,Shops_excess,-0.0274,0.00793957,0.00764518,0.00764518
1973-05-01,Hlth_excess,0.0055,0.00942806,0.01787379,0.01787379
1973-05-01,Utils_excess,-0.0016,0.00650791,0.01255476,0.01255476
1973-05-01,Other_excess,-0.055,0.00656673,0.01694335,0.01694335
1973-06-01,NoDur_excess,-0.0395,0.00632244,0.00846364,0.00846364
1973-06-01,Durbl_excess,-0.0305,0.01040215,0.01323954,0.01323954
1973-06-01,Manuf_excess,-0.0086,0.00840395,0.01140199,0.01140199
1973-06-01,Enrgy_excess,0.0108,0.0081228,0.012152,0.012152
1973-06-01,HiTec_excess,-0.0057,0.01021131,0.01405133,0.01405133
1973-06-01,Telcm_excess,-0.0083,0.00555709,0.00093468,0.00093468
1973-06-01,Shops_excess,-0.0627,0.00787612,0.00449079,0.00449079
1973-06-01,Hlth_excess,-0.005,0.00942101,0.0191413,0.0191413
1973-06-01,Utils_excess,-0.0301,0.00649336,0.00915728,0.00915728
1973-06-01,Other_excess,-0.0074,0.00645619,0.01121171,0.01121171
1973-07-01,NoDur_excess,0.0679,0.00624032,0.00929092,0.00929092
1973-07-01,Durbl_excess,0.0662,0.01032885,0.0125382,0.0125382
1973-07-01,Manuf_excess,0.0601,0.00837348,0.0179184,0.0179184
1973-07-01,Enrgy_excess,-0.0034,0.0081276,0.01720007,0.01720007
1973-07-01,HiTec_excess,0.0431,0.0101828,0.02109008,0.02109008
1973-07-01,Telcm_excess,-0.0096,0.00553226,0.0043468,0.0043468
1973-07-01,Shops_excess,0.105,0.00774964,0.00261144,0.00261144
1973-07-01,Hlth_excess,0.0623,0.00939516,0.01951058,0.01951058
1973-07-01,Utils_excess,-0.0304,0.00642778,0.0128395,0.0128395
1973-07-01,Other_excess,0.0889,0.00643136,0.01766777,0.01766777
1973-08-01,NoDur_excess,-0.0401,0.00635063,0.00500693,0.00500693
1973-08-01,Durbl_excess,-0.0464,0.0104288,0.01046408,0.01046408
1973-08-01,Manuf_excess,-0.0216,0.00846601,0.02282558,0.02282558
1973-08-01,Enrgy_excess,-0.0452,0.00810698,0.01167894,0.01167894
1973-08-01,HiTec_excess,-0.044,0.01024168,0.01945085,0.01945085
1973-08-01,Telcm_excess,-0.0459,0.00550519,-0.01242314,0.0
1973-08-01,Shops_excess,-0.0485,0.00792361,-0.00372329,0.0
1973-08-01,Hlth_excess,-0.076,0.0094898,0.02591649,0.02591649
1973-08-01,Utils_excess,-0.028,0.0063619,0.00231238,0.00231238
1973-08-01,Other_excess,-0.03,0.00657889,0.01392929,0.01392929
1973-09-01,NoDur_excess,0.0522,0.00626768,0.01568393,0.01568393
1973-09-01,Durbl_excess,0.0714,0.01032732,0.00958234,0.00958234
1973-09-01,Manuf_excess,0.0388,0.00841232,0.02192913,0.02192913
1973-09-01,Enrgy_excess,0.0853,0.00801179,0.02081,0.02081
1973-09-01,HiTec_excess,-0.0351,0.01014482,0.03532208,0.03532208
1973-09-01,Telcm_excess,0.0696,0.00541339,0.02580088,0.02580088
1973-09-01,Shops_excess,0.0649,0.00782286,0.01276738,0.01276738
1973-09-01,Hlth_excess,0.001,0.00933714,0.0127813,0.0127813
1973-09-01,Utils_excess,0.0723,0.00630054,0.02953724,0.02953724
1973-09-01,Other_excess,0.0656,0.00651357,0.03361514,0.03361514
1973-10-01,NoDur_excess,-0.029,0.00634955,0.02801827,0.02801827
1973-10-01,Durbl_excess,-0.05,0.01043619,0.02793041,0.02793041
1973-10-01,Manuf_excess,-0.002,0.00846649,0.03217648,0.03217648
1973-10-01,Enrgy_excess,0.0452,0.00814955,0.02573311,0.02573311
1973-10-01,HiTec_excess,0.0325,0.01006417,0.04638718,0.04638718
1973-10-01,Telcm_excess,-0.0621,0.00552781,0.03276923,0.03276923
1973-10-01,Shops_excess,-0.043,0.0079246,0.02806867,0.02806867
1973-10-01,Hlth_excess,0.0118,0.00932228,0.02404605,0.02404605
1973-10-01,Utils_excess,-0.0406,0.00641818,0.04442106,0.04442106
1973-10-01,Other_excess,-0.0166,0.00661889,0.04428475,0.04428475
1973-11-01,NoDur_excess,-0.1488,0.00628665,0.0064101,0.0064101
1973-11-01,Durbl_excess,-0.1687,0.01032865,0.01095653,0.01095653
1973-11-01,Manuf_excess,-0.1483,0.00844786,0.02064256,0.02064256
1973-11-01,Enrgy_excess,-0.0678,0.00821548,0.02446615,0.02446615
1973-11-01,HiTec_excess,-0.1201,0.01010409,0.01633127,0.01633127
1973-11-01,Telcm_excess,-0.0489,0.00540747,0.00691168,0.00691168
1973-11-01,Shops_excess,-0.1946,0.00783399,-0.00228577,0.0
1973-11-01,Hlth_excess,-0.0832,0.00932669,0.01285252,0.01285252
1973-11-01,Utils_excess,-0.122,0.00633452,0.0095246,0.0095246
1973-11-01,Other_excess,-0.1406,0.00657758,0.02094361,0.02094361
1973-12-01,NoDur_excess,-0.0221,0.00601119,0.01639281,0.01639281
1973-12-01,Durbl_excess,-0.044,0.01001066,0.01918343,0.01918343
1973-12-01,Manuf_excess,0.0065,0.00816945,0.02236006,0.02236006
1973-12-01,Enrgy_excess,0.0799,0.00808046,0.01760914,0.01760914
1973-12-01,HiTec_excess,-0.0496,0.00987282,0.03385668,0.03385668
1973-12-01,Telcm_excess,0.0353,0.00531101,0.00742813,0.00742813
1973-12-01,Shops_excess,-0.0085,0.00747442,0.01533155,0.01533155
1973-12-01,Hlth_excess,-0.0512,0.00916234,0.02403437,0.02403437
1973-12-01,Utils_excess,0.0279,0.00610657,0.02674406,0.02674406
1973-12-01,Other_excess,0.0181,0.00631616,0.02627374,0.02627374
1974-01-01,NoDur_excess,0.0173,0.00596135,0.00400912,0.00400912
1974-01-01,Durbl_excess,0.0547,0.00991489,0.01075911,0.01075911
1974-01-01,Manuf_excess,-0.0022,0.00816649,0.01429619,0.01429619
1974-01-01,Enrgy_excess,-0.0809,0.0082078,0.02063398,0.02063398
1974-01-01,HiTec_excess,0.0062,0.00976738,0.01219708,0.01219708
1974-01-01,Telcm_excess,0.0146,0.00536418,-0.00240823,0.0
1974-01-01,Shops_excess,0.0606,0.0074461,0.00260299,0.00260299
1974-01-01,Hlth_excess,-0.0319,0.00905532,0.01307941,0.01307941
1974-01-01,Utils_excess,0.0392,0.00614521,0.00737961,0.00737961
1974-01-01,Other_excess,0.0055,0.00633706,0.01263538,0.01263538
1974-02-01,NoDur_excess,-0.0043,0.00598142,0.00219566,0.00219566
1974-02-01,Durbl_excess,-0.0165,0.00999416,0.00553592,0.00553592
1974-02-01,Manuf_excess,-0.0055,0.00814814,0.0082032,0.0082032
1974-02-01,Enrgy_excess,-0.0213,0.00805009,0.01354618,0.01354618
1974-02-01,HiTec_excess,-0.0118,0.00976106,0.00815654,0.00815654
1974-02-01,Telcm_excess,0.0413,0.00538053,-0.00320825,0.0
1974-02-01,Shops_excess,0.0023,0.00754018,0.0038049,0.0038049
1974-02-01,Hlth_excess,-0.018,0.00898283,0.00834715,0.00834715
1974-02-01,Utils_excess,-0.0029,0.00620372,0.00574985,0.00574985
1974-02-01,Other_excess,0.0043,0.00633558,0.00795517,0.00795517
1974-03-01,NoDur_excess,-0.0246,0.00596325,-0.00360044,0.0
1974-03-01,Durbl_excess,-0.0066,0.00994735,-0.00137364,0.0
1974-03-01,Manuf_excess,-0.0134,0.00812403,-0.00292248,0.0
1974-03-01,Enrgy_excess,-0.038,0.00799823,0.00712426,0.00712426
1974-03-01,HiTec_excess,-0.0329,0.00972297,-0.0044139,0.0
1974-03-01,Telcm_excess,-0.0514,0.00544399,-0.00344571,0.0
1974-03-01,Shops_excess,-0.0368,0.00753092,-0.00042154,0.0
1974-03-01,Hlth_excess,0.0065,0.00893516,0.00154079,0.00154079
1974-03-01,Utils_excess,-0.0422,0.00618763,-0.00274189,0.0
1974-03-01,Other_excess,-0.0419,0.00633198,-0.00063765,0.0
1974-04-01,NoDur_excess,-0.0442,0.00590935,-0.00703082,0.0
1974-04-01,Durbl_excess,-0.0482,0.00991817,-0.00283942,0.0
1974-04-01,Manuf_excess,-0.0279,0.00808607,0.00405012,0.00405012
1974-04-01,Enrgy_excess,-0.0706,0.00791711,0.00617053,0.00617053
1974-04-01,HiTec_excess,-0.0439,0.0096478,-0.0037901,0.0
1974-04-01,Telcm_excess,-0.0607,0.00534374,-0.01634857,0.0
1974-04-01,Shops_excess,-0.0271,0.00745273,-0.00832489,0.0
1974-04-01,Hlth_excess,-0.0223,0.00893086,0.00492239,0.00492239
1974-04-01,Utils_excess,-0.1298,0.00610229,-0.0102112,0.0
1974-04-01,Other_excess,-0.0708,0.00624691,-0.00125988,0.0
1974-05-01,NoDur_excess,-0.0366,0.00582113,-0.00731063,0.0
1974-05-01,Durbl_excess,-0.0031,0.00981585,-0.00187674,0.0
1974-05-01,Manuf_excess,-0.0329,0.00802271,0.00204232,0.00204232
1974-05-01,Enrgy_excess,-0.0829,0.00777887,0.00308129,0.00308129
1974-05-01,HiTec_excess,-0.0497,0.00955352,-0.00595141,0.0
1974-05-01,Telcm_excess,-0.023,0.00522746,-0.02200602,0.0
1974-05-01,Shops_excess,0.0044,0.0073919,-0.00860623,0.0
1974-05-01,Hlth_excess,-0.0087,0.00887588,0.00624924,0.00624924
1974-05-01,Utils_excess,-0.0568,0.00586303,-0.01701775,0.0
1974-05-01,Other_excess,-0.0924,0.00611127,-0.00706027,0.0
1974-06-01,NoDur_excess,-0.0117,0.00574657,-0.00282281,0.0
1974-06-01,Durbl_excess,-0.0324,0.00979315,-2.591e-05,0.0
1974-06-01,Manuf_excess,-0.0102,0.00795079,-0.00310567,0.0
1974-06-01,Enrgy_excess,-0.0091,0.00761951,0.00675698,0.00675698
1974-06-01,HiTec_excess,-0.0353,0.00944938,-0.00470438,0.0
1974-06-01,Telcm_excess,-0.0033,0.00517786,-0.00456119,0.0
1974-06-01,Shops_excess,-0.0333,0.00738664,0.00156909,0.00156909
1974-06-01,Hlth_excess,-0.0222,0.00884499,0.00103943,0.00103943
1974-06-01,Utils_excess,-0.0682,0.0057529,-0.00635635,0.0
1974-06-01,Other_excess,-0.0616,0.00593814,-0.00287805,0.0
1974-07-01,NoDur_excess,-0.1086,0.00571596,-0.01322803,0.0
1974-07-01,Durbl_excess,-0.1261,0.00971912,-0.00354491,0.0
1974-07-01,Manuf_excess,-0.0787,0.00791895,-0.00181204,0.0
1974-07-01,Enrgy_excess,-0.0122,0.00759018,0.00576966,0.00576966
1974-07-01,HiTec_excess,-0.0893,0.00937088,-0.01692314,0.0
1974-07-01,Telcm_excess,-0.0833,0.00516298,-0.01935047,0.0
1974-07-01,Shops_excess,-0.1353,0.00731526,-0.01732814,0.0
1974-07-01,Hlth_excess,-0.1484,0.00879053,-0.00096654,0.0
1974-07-01,Utils_excess,0.0004,0.00562316,-0.02722984,0.0
1974-07-01,Other_excess,-0.0733,0.00581965,-0.01403923,0.0
1974-08-01,NoDur_excess,-0.108,0.00551576,-0.01723199,0.0
1974-08-01,Durbl_excess,-0.0731,0.00948126,-0.00697037,0.0
1974-08-01,Manuf_excess,-0.1076,0.00776725,-0.01125991,0.0
1974-08-01,Enrgy_excess,-0.0925,0.00755552,0.00243185,0.00243185
1974-08-01,HiTec_excess,-0.0553,0.00919807,-0.02472077,0.0
1974-08-01,Telcm_excess,-0.0063,0.00500806,-0.02587799,0.0
1974-08-01,Shops_excess,-0.1368,0.0070655,-0.01893529,0.0
1974-08-01,Hlth_excess,-0.0866,0.00851524,-0.00810624,0.0
1974-08-01,Utils_excess,-0.0929,0.00561401,-0.02654578,0.0
1974-08-01,Other_excess,-0.1124,0.00568109,-0.02256335,0.0
1974-09-01,NoDur_excess,-0.1287,0.00531731,-0.01710926,0.0
1974-09-01,Durbl_excess,-0.1379,0.00933689,-0.00861619,0.0
1974-09-01,Manuf_excess,-0.1368,0.00756556,-0.00540433,0.0
1974-09-01,Enrgy_excess,-0.0878,0.00738059,-0.00035511,0.0
1974-09-01,HiTec_excess,-0.1764,0.00908531,-0.01243432,0.0
1974-09-01,Telcm_excess,-0.0462,0.00498829,-0.02398021,0.0
1974-09-01,Shops_excess,-0.1308,0.00681399,-0.01879846,0.0
1974-09-01,Hlth_excess,-0.1637,0.00834895,-0.00743909,0.0
1974-09-01,Utils_excess,-0.0213,0.00544178,-0.02124329,0.0
1974-09-01,Other_excess,-0.1044,0.00547465,-0.01662176,0.0
1974-10-01,NoDur_excess,0.1519,0.00508342,-0.01096249,0.0
1974-10-01,Durbl_excess,0.0399,0.00907993,0.00121272,0.00121272
1974-10-01,Manuf_excess,0.1555,0.00731361,-0.01018207,0.0
1974-10-01,Enrgy_excess,0.2027,0.00721449,0.01201327,0.01201327
1974-10-01,HiTec_excess,0.142,0.00876161,-0.01509171,0.0
1974-10-01,Telcm_excess,0.1034,0.00489895,-0.00855989,0.0
1974-10-01,Shops_excess,0.0949,0.00657382,-0.01107052,0.0
1974-10-01,Hlth_excess,0.2908,0.00804869,-0.01272276,0.0
1974-10-01,Utils_excess,0.1251,0.00539511,-0.00904726,0.0
1974-10-01,Other_excess,0.1967,0.0052829,-0.01016171,0.0
1974-11-01,NoDur_excess,-0.044,0.0053392,0.03012825,0.03012825
1974-11-01,Durbl_excess,-0.0533,0.00913362,0.02967415,0.02967415
1974-11-01,Manuf_excess,-0.0644,0.00757178,0.01293305,0.01293305
1974-11-01,Enrgy_excess,-0.0483,0.00755505,0.03540312,0.03540312
1974-11-01,HiTec_excess,-0.0548,0.00899373,0.02851789,0.02851789
1974-11-01,Telcm_excess,-0.0361,0.00507056,0.03503605,0.03503605
1974-11-01,Shops_excess,-0.0629,0.0067277,0.03960759,0.03960759
1974-11-01,Hlth_excess,-0.0177,0.00854129,0.0259239,0.0259239
1974-11-01,Utils_excess,-0.0069,0.00560366,0.0414773,0.0414773
1974-11-01,Other_excess,-0.0335,0.00561638,0.03320904,0.03320904
1974-12-01,NoDur_excess,-0.0121,0.00525339,0.00822374,0.00822374
1974-12-01,Durbl_excess,-0.0479,0.00902504,0.01931305,0.01931305
1974-12-01,Manuf_excess,-0.0514,0.00744661,0.02536482,0.02536482
1974-12-01,Enrgy_excess,0.0014,0.00745791,0.03191616,0.03191616
1974-12-01,HiTec_excess,-0.0594,0.00888278,0.02203788,0.02203788
1974-12-01,Telcm_excess,0.0087,0.00499896,0.01356146,0.01356146
1974-12-01,Shops_excess,-0.0406,0.00660661,0.0005712,0.0005712
1974-12-01,Hlth_excess,-0.0402,0.00849565,0.01641039,0.01641039
1974-12-01,Utils_excess,-0.0153,0.00558191,0.01769787,0.01769787
1974-12-01,Other_excess,-0.0501,0.00554835,0.03280607,0.03280607
1975-01-01,NoDur_excess,0.1815,0.00522326,0.00162274,0.00162274
1975-01-01,Durbl_excess,0.2094,0.00892622,0.0141568,0.0141568
1975-01-01,Manuf_excess,0.1393,0.00734444,0.02132685,0.02132685
1975-01-01,Enrgy_excess,0.0618,0.0074474,0.02799643,0.02799643
1975-01-01,HiTec_excess,0.1471,0.00876424,0.01293455,0.01293455
1975-01-01,Telcm_excess,0.1051,0.00500538,0.00570074,0.00570074
1975-01-01,Shops_excess,0.2539,0.00652465,-0.00886014,0.0
1975-01-01,Hlth_excess,-0.0133,0.00841111,0.01124366,0.01124366
1975-01-01,Utils_excess,0.1825,0.00554566,0.0080051,0.0080051
1975-01-01,Other_excess,0.1735,0.00545174,0.02361122,0.02361122
1975-02-01,NoDur_excess,0.0361,0.00552877,0.01809518,0.01809518
1975-02-01,Durbl_excess,0.0456,0.00927366,0.02187608,0.02187608
1975-02-01,Manuf_excess,0.0759,0.00757314,0.00393822,0.00393822
1975-02-01,Enrgy_excess,0.0184,0.00754159,0.0100656,0.0100656
1975-02-01,HiTec_excess,0.1274,0.00900399,0.0171819,0.0171819
1975-02-01,Telcm_excess,0.0472,0.00517886,0.0240313,0.0240313
1975-02-01,Shops_excess,0.0474,0.00695338,0.02542824,0.02542824
1975-02-01,Hlth_excess,0.1564,0.00837348,0.01710182,0.01710182
1975-02-01,Utils_excess,0.0045,0.00585234,0.0305339,0.0305339
1975-02-01,Other_excess,0.0244,0.00574298,0.02364918,0.02364918
1975-03-01,NoDur_excess,0.0675,0.00558166,-0.00093568,0.0
1975-03-01,Durbl_excess,0.0621,0.00933651,0.00881638,0.00881638
1975-03-01,Manuf_excess,0.0464,0.00769135,-0.00045305,0.0
1975-03-01,Enrgy_excess,-0.0273,0.00756038,0.00321952,0.00321952
1975-03-01,HiTec_excess,0.0058,0.00920882,-0.00104254,0.0
1975-03-01,Telcm_excess,-0.0129,0.00525156,0.00763689,0.00763689
1975-03-01,Shops_excess,0.1035,0.00702336,-0.00087675,0.0
1975-03-01,Hlth_excess,0.0088,0.00862958,0.00924228,0.00924228
1975-03-01,Utils_excess,-0.0174,0.00585,0.00037109,0.00037109
1975-03-01,Other_excess,0.0373,0.00577526,0.00479991,0.00479991
1975-04-01,NoDur_excess,0.0258,0.0056886,-0.00597216,0.0
1975-04-01,Durbl_excess,0.0364,0.00942763,0.00751464,0.00751464
1975-04-01,Manuf_excess,0.0912,0.0077582,-0.00312817,0.0
1975-04-01,Enrgy_excess,0.0681,0.00750017,-0.00847096,0.0
1975-04-01,HiTec_excess,0.0513,0.00920294,-0.01324295,0.0
1975-04-01,Telcm_excess,-0.014,0.00522021,-0.01405071,0.0
1975-04-01,Shops_excess,0.0215,0.00718998,-0.0062756,0.0
1975-04-01,Hlth_excess,0.0021,0.00862988,0.00620753,0.00620753
1975-04-01,Utils_excess,-0.0207,0.00580984,-0.01714771,0.0
1975-04-01,Other_excess,0.0282,0.00582971,-0.00767021,0.0
1975-05-01,NoDur_excess,0.0478,0.00572328,-0.00643463,0.0
1975-05-01,Durbl_excess,0.0216,0.00947414,-1.965e-05,0.0
1975-05-01,Manuf_excess,0.0236,0.00790207,-0.01179684,0.0
1975-05-01,Enrgy_excess,0.1163,0.00760466,-0.01271828,0.0
1975-05-01,HiTec_excess,0.0548,0.00927552,-0.01893541,0.0
1975-05-01,Telcm_excess,0.0311,0.00518707,-0.01476672,0.0
1975-05-01,Shops_excess,0.0357,0.00721466,-0.00403805,0.0
1975-05-01,Hlth_excess,0.0609,0.00861862,0.00372905,0.00372905
1975-05-01,Utils_excess,0.081,0.00576414,-0.02172288,0.0
1975-05-01,Other_excess,0.0528,0.00586828,-0.01765503,0.0
1975-06-01,NoDur_excess,0.0487,0.0057957,-0.00156843,0.0
1975-06-01,Durbl_excess,0.0983,0.00949501,0.00236313,0.00236313
1975-06-01,Manuf_excess,0.0313,0.00792909,-0.00926384,0.0
1975-06-01,Enrgy_excess,0.0609,0.00779174,0.00355026,0.00355026
1975-06-01,HiTec_excess,0.019,0.00935387,-0.01657139,0.0
1975-06-01,Telcm_excess,0.0364,0.00523167,-0.0025412,0.0
1975-06-01,Shops_excess,0.0704,0.00726368,-0.00371434,0.0
1975-06-01,Hlth_excess,0.0055,0.00870861,0.00401725,0.00401725
1975-06-01,Utils_excess,0.1033,0.00589363,-0.01522433,0.0
1975-06-01,Other_excess,0.0554,0.00594905,-0.00874815,0.0
1975-07-01,NoDur_excess,-0.0586,0.00586942,0.00576123,0.00576123
1975-07-01,Durbl_excess,-0.025,0.00964759,0.00772387,0.00772387
1975-07-01,Manuf_excess,-0.0639,0.00796924,-0.00606301,0.0
1975-07-01,Enrgy_excess,-0.0473,0.00788299,0.00566951,0.00566951
1975-07-01,HiTec_excess,-0.099,0.00937045,-0.00684856,0.0
1975-07-01,Telcm_excess,-0.0469,0.00528522,0.00922148,0.00922148
1975-07-01,Shops_excess,-0.0795,0.00737216,0.0078801,0.0078801
1975-07-01,Hlth_excess,-0.1251,0.00870309,0.0071192,0.0071192
1975-07-01,Utils_excess,-0.0528,0.006061,0.00084061,0.00084061
1975-07-01,Other_excess,-0.0661,0.00603402,0.00081573,0.00081573
1975-08-01,NoDur_excess,-0.0361,0.00575883,-0.00598805,0.0
1975-08-01,Durbl_excess,-0.0396,0.00958816,-0.00313965,0.0
1975-08-01,Manuf_excess,-0.0126,0.00784597,-0.00854614,0.0
1975-08-01,Enrgy_excess,-0.0136,0.00778834,-0.00403712,0.0
1975-08-01,HiTec_excess,-0.0344,0.00918456,-0.01561484,0.0
1975-08-01,Telcm_excess,-0.0402,0.00519571,-0.00750792,0.0
1975-08-01,Shops_excess,-0.0081,0.00722316,-0.00612708,0.0
1975-08-01,Hlth_excess,-0.038,0.00847358,-0.00420809,0.0
1975-08-01,Utils_excess,-0.0171,0.00596003,-0.01094929,0.0
1975-08-01,Other_excess,-0.0562,0.00591029,-0.00919497,0.0
1975-09-01,NoDur_excess,-0.0297,0.00568716,-0.00793718,0.0
1975-09-01,Durbl_excess,-0.0298,0.00950394,-0.00201095,0.0
1975-09-01,Manuf_excess,-0.0635,0.00781096,-0.00804419,0.0
1975-09-01,Enrgy_excess,-0.017,0.00775171,-0.00214453,0.0
1975-09-01,HiTec_excess,-0.0138,0.00910993,-0.01887993,0.0
1975-09-01,Telcm_excess,-0.018,0.00511798,-0.01561365,0.0
1975-09-01,Shops_excess,-0.0407,0.00719692,-0.01013184,0.0
1975-09-01,Hlth_excess,-0.0705,0.00839401,-0.00546836,0.0
1975-09-01,Utils_excess,-0.0151,0.00592055,-0.01553343,0.0
1975-09-01,Other_excess,-0.0685,0.00580394,-0.01537412,0.0
1975-10-01,NoDur_excess,0.1002,0.00562667,-0.00920764,0.0
1975-10-01,Durbl_excess,0.0835,0.00943675,-0.00501825,0.0
1975-10-01,Manuf_excess,0.0515,0.00768906,-0.01289509,0.0
1975-10-01,Enrgy_excess,-0.019,0.0077094,-0.00445015,0.0
1975-10-01,HiTec_excess,0.0784,0.00907077,-0.02099495,0.0
1975-10-01,Telcm_excess,0.0626,0.00507846,-0.01617655,0.0
1975-10-01,Shops_excess,0.0936,0.00711504,-0.01069665,0.0
1975-10-01,Hlth_excess,0.1011,0.00825915,-0.00859651,0.0
1975-10-01,Utils_excess,0.0599,0.00588462,-0.01667555,0.0
1975-10-01,Other_excess,0.0335,0.00567692,-0.0188954,0.0
1975-11-01,NoDur_excess,0.0368,0.00578805,0.01252221,0.01252221
1975-11-01,Durbl_excess,0.0286,0.00956314,0.01055699,0.01055699
1975-11-01,Manuf_excess,0.0256,0.00776382,-0.00677497,0.0
1975-11-01,Enrgy_excess,-0.0205,0.00766382,0.00680828,0.00680828
1975-11-01,HiTec_excess,0.0465,0.00918908,-0.00015021,0.0
1975-11-01,Telcm_excess,0.0387,0.00517662,0.01604585,0.01604585
1975-11-01,Shops_excess,0.0425,0.00726263,0.01494353,0.01494353
1975-11-01,Hlth_excess,0.0472,0.00841758,0.00688349,0.00688349
1975-11-01,Utils_excess,0.0275,0.00597679,0.01092455,0.01092455
1975-11-01,Other_excess,0.0317,0.0057244,0.00277779,0.00277779
1975-12-01,NoDur_excess,-0.0197,0.00584089,-0.0051148,0.0
1975-12-01,Durbl_excess,-0.0093,0.00959557,-0.000328,0.0
1975-12-01,Manuf_excess,-0.0184,0.00779421,-0.01140617,0.0
1975-12-01,Enrgy_excess,-0.0039,0.00761584,-0.00921866,0.0
1975-12-01,HiTec_excess,-0.0174,0.00925264,-0.01711195,0.0
1975-12-01,Telcm_excess,-0.006,0.00523373,-0.00935668,0.0
1975-12-01,Shops_excess,-0.0352,0.00732266,-0.00442867,0.0
1975-12-01,Hlth_excess,-0.0684,0.00848365,-0.00359715,0.0
1975-12-01,Utils_excess,0.0087,0.00601346,-0.01331501,0.0
1975-12-01,Other_excess,-0.0074,0.00576865,-0.01628077,0.0
1976-01-01,NoDur_excess,0.1047,0.00579745,0.01208528,0.01208528
1976-01-01,Durbl_excess,0.1517,0.00956344,0.01351106,0.01351106
1976-01-01,Manuf_excess,0.1638,0.00774966,-0.00414135,0.0
1976-01-01,Enrgy_excess,0.0801,0.00759626,0.00488543,0.00488543
1976-01-01,HiTec_excess,0.1782,0.00920731,0.0014165,0.0014165
1976-01-01,Telcm_excess,0.0902,0.00521463,0.01427985,0.01427985
1976-01-01,Shops_excess,0.0852,0.00725034,0.01411846,0.01411846
1976-01-01,Hlth_excess,0.0727,0.00835289,0.00700937,0.00700937
1976-01-01,Utils_excess,0.0784,0.00601803,0.0099062,0.0099062
1976-01-01,Other_excess,0.1246,0.00574626,0.00347848,0.00347848
1976-02-01,NoDur_excess,-0.0143,0.00596537,0.00719159,0.00719159
1976-02-01,Durbl_excess,0.0353,0.00980475,0.01529297,0.01529297
1976-02-01,Manuf_excess,0.0139,0.0080146,-0.00207443,0.0
1976-02-01,Enrgy_excess,-0.035,0.00771935,-0.00193444,0.0
1976-02-01,HiTec_excess,0.0081,0.00949423,0.00025816,0.00025816
1976-02-01,Telcm_excess,0.032,0.00535891,0.00652848,0.00652848
1976-02-01,Shops_excess,0.0434,0.00738268,0.00934686,0.00934686
1976-02-01,Hlth_excess,-0.069,0.00846214,0.00531714,0.00531714
1976-02-01,Utils_excess,-0.0389,0.00614092,0.00366873,0.00366873
1976-02-01,Other_excess,0.0284,0.00594805,-0.0028078,0.0
1976-03-01,NoDur_excess,0.0032,0.00593102,0.00088671,0.00088671
1976-03-01,Durbl_excess,0.0314,0.00984797,0.01140424,0.01140424
1976-03-01,Manuf_excess,0.0073,0.00802458,-0.00405201,0.0
1976-03-01,Enrgy_excess,0.0682,0.00764695,-0.00379727,0.0
1976-03-01,HiTec_excess,0.0253,0.00949186,-0.00625726,0.0
1976-03-01,Telcm_excess,0.0017,0.00540407,0.00223496,0.00223496
1976-03-01,Shops_excess,0.0304,0.00744373,0.00316495,0.00316495
1976-03-01,Hlth_excess,0.0614,0.00833085,-0.00316334,0.0
1976-03-01,Utils_excess,0.0105,0.00606458,-0.00470241,0.0
1976-03-01,Other_excess,0.016,0.0059861,-0.00658725,0.0
1976-04-01,NoDur_excess,-0.0208,0.0059264,0.00805212,0.00805212
1976-04-01,Durbl_excess,0.0143,0.00988443,0.01978878,0.01978878
1976-04-01,Manuf_excess,-0.0184,0.00802335,0.00335581,0.00335581
1976-04-01,Enrgy_excess,0.0172,0.00774941,0.0063435,0.0063435
1976-04-01,HiTec_excess,-0.0383,0.00951861,0.00412062,0.00412062
1976-04-01,Telcm_excess,0.013,0.0053978,0.00893975,0.00893975
1976-04-01,Shops_excess,-0.0509,0.00748257,0.01226393,0.01226393
1976-04-01,Hlth_excess,-0.0473,0.00842064,0.00560157,0.00560157
1976-04-01,Utils_excess,0.0021,0.00607208,0.00372104,0.00372104
1976-04-01,Other_excess,-0.0198,0.00600305,0.00387953,0.00387953
1976-05-01,NoDur_excess,-0.0254,0.00588125,-0.00019797,0.0
1976-05-01,Durbl_excess,-0.035,0.00989189,0.01398191,0.01398191
1976-05-01,Manuf_excess,-0.0159,0.00797872,-0.00174857,0.0
1976-05-01,Enrgy_excess,0.0516,0.00776537,0.00266875,0.00266875
1976-05-01,HiTec_excess,0.0012,0.00943784,-0.00620214,0.0
1976-05-01,Telcm_excess,-0.0327,0.00541064,0.00016047,0.00016047
1976-05-01,Shops_excess,-0.0614,0.00738395,0.00198112,0.00198112
1976-05-01,Hlth_excess,-0.0319,0.00832652,-0.00192934,0.0
1976-05-01,Utils_excess,-0.0184,0.00606537,-0.00526798,0.0
1976-05-01,Other_excess,-0.0208,0.00595946,-0.0052509,0.0
1976-06-01,NoDur_excess,0.0321,0.0058285,-0.0071084,0.0
1976-06-01,Durbl_excess,0.0381,0.00981619,0.0032881,0.0032881
1976-06-01,Manuf_excess,0.0327,0.00793845,-0.0098199,0.0
1976-06-01,Enrgy_excess,0.0466,0.00783929,-0.00225367,0.0
1976-06-01,HiTec_excess,0.0778,0.00942395,-0.01459153,0.0
1976-06-01,Telcm_excess,0.0316,0.00534637,-0.00990052,0.0
1976-06-01,Shops_excess,0.0104,0.00726796,-0.00521617,0.0
1976-06-01,Hlth_excess,0.0324,0.00825868,-0.00694995,0.0
1976-06-01,Utils_excess,0.0383,0.00602411,-0.0133685,0.0
1976-06-01,Other_excess,0.0493,0.00591433,-0.01586214,0.0
1976-07-01,NoDur_excess,0.0101,0.00587273,0.00267381,0.00267381
1976-07-01,Durbl_excess,-0.0154,0.0098638,0.01142132,0.01142132
1976-07-01,Manuf_excess,-0.0232,0.00798013,-0.00271551,0.0
1976-07-01,Enrgy_excess,-0.0109,0.00790455,0.00919805,0.00919805
1976-07-01,HiTec_excess,-0.0267,0.00953906,-0.0023243,0.0
1976-07-01,Telcm_excess,0.0078,0.00539057,0.00547858,0.00547858
1976-07-01,Shops_excess,-0.0271,0.00727323,0.00147539,0.00147539
1976-07-01,Hlth_excess,-0.0085,0.00829933,-0.00120672,0.0
1976-07-01,Utils_excess,0.0235,0.00607845,-0.00046969,0.0
1976-07-01,Other_excess,-0.0052,0.00598737,-0.00237484,0.0
1976-08-01,NoDur_excess,-0.0076,0.00587983,0.00442386,0.00442386
1976-08-01,Durbl_excess,-0.0188,0.00982134,0.0120172,0.0120172
1976-08-01,Manuf_excess,-0.0212,0.00792773,-0.00288083,0.0
1976-08-01,Enrgy_excess,-0.0131,0.00787294,0.00578297,0.00578297
1976-08-01,HiTec_excess,-0.0127,0.00947815,-0.00018746,0.0
1976-08-01,Telcm_excess,0.0432,0.00539462,0.00478596,0.00478596
1976-08-01,Shops_excess,0.0244,0.00721546,0.0045029,0.0045029
1976-08-01,Hlth_excess,0.0175,0.00827109,0.00171828,0.00171828
1976-08-01,Utils_excess,0.0255,0.00610773,0.00198775,0.00198775
1976-08-01,Other_excess,-0.0158,0.00596857,-0.00177612,0.0
1976-09-01,NoDur_excess,0.0115,0.00585721,0.00663196,0.00663196
1976-09-01,Durbl_excess,0.0405,0.00977332,0.01337183,0.01337183
1976-09-01,Manuf_excess,0.0066,0.00787886,-0.00214759,0.0
1976-09-01,Enrgy_excess,0.0548,0.00783775,0.00954286,0.00954286
1976-09-01,HiTec_excess,0.0247,0.00944094,0.00098324,0.00098324
1976-09-01,Telcm_excess,0.0116,0.00545805,0.00970313,0.00970313
1976-09-01,Shops_excess,0.0001,0.0072443,0.00653713,0.00653713
1976-09-01,Hlth_excess,0.0319,0.00828658,0.00334405,0.00334405
1976-09-01,Utils_excess,0.0364,0.00614027,0.00528741,0.00528741
1976-09-01,Other_excess,0.0048,0.00593205,0.00067955,0.00067955
1976-10-01,NoDur_excess,-0.0203,0.00586667,0.00572204,0.00572204
1976-10-01,Durbl_excess,-0.0157,0.00982479,0.01336114,0.01336114
1976-10-01,Manuf_excess,-0.0369,0.00787672,-0.00319763,0.0
1976-10-01,Enrgy_excess,-0.0283,0.00791642,0.0099316,0.0099316
1976-10-01,HiTec_excess,-0.0491,0.0094665,-0.00016348,0.0
1976-10-01,Telcm_excess,0.0088,0.00546834,0.00577976,0.00577976
1976-10-01,Shops_excess,-0.0132,0.00723233,0.00466548,0.00466548
1976-10-01,Hlth_excess,-0.0415,0.00832613,0.00457423,0.00457423
1976-10-01,Utils_excess,-0.0122,0.00619095,0.00391213,0.00391213
1976-10-01,Other_excess,-0.0084,0.00593015,-0.00236489,0.0
1976-11-01,NoDur_excess,0.0134,0.00582291,0.00068967,0.00068967
1976-11-01,Durbl_excess,-0.0111,0.00978211,0.00903106,0.00903106
1976-11-01,Manuf_excess,-0.0077,0.00780184,-0.00726054,0.0
1976-11-01,Enrgy_excess,0.0043,0.00785585,0.00760201,0.00760201
1976-11-01,HiTec_excess,0.0122,0.00936856,-0.00782427,0.0
1976-11-01,Telcm_excess,0.0275,0.00547391,0.00026569,0.00026569
1976-11-01,Shops_excess,0.0445,0.00719816,-0.00150956,0.0
1976-11-01,Hlth_excess,-0.1016,0.00824281,-0.00051364,0.0
1976-11-01,Utils_excess,0.0275,0.0061602,-0.00250252,0.0
1976-11-01,Other_excess,0.0159,0.00590619,-0.00796085,0.0
1976-12-01,NoDur_excess,0.0481,0.00583556,0.01202655,0.01202655
1976-12-01,Durbl_excess,0.0927,0.00974725,0.01887508,0.01887508
1976-12-01,Manuf_excess,0.0541,0.00777596,-0.00023209,0.0
1976-12-01,Enrgy_excess,0.0593,0.00784992,0.01609349,0.01609349
1976-12-01,HiTec_excess,0.0347,0.00937329,0.00504917,0.00504917
1976-12-01,Telcm_excess,0.0305,0.00551068,0.01376853,0.01376853
1976-12-01,Shops_excess,0.0193,0.00726043,0.01101764,0.01101764
1976-12-01,Hlth_excess,0.0589,0.00805943,0.00499189,0.00499189
1976-12-01,Utils_excess,0.061,0.00619583,0.01105191,0.01105191
1976-12-01,Other_excess,0.0798,0.00592287,0.00513426,0.00513426
1977-01-01,NoDur_excess,-0.0444,0.005906,0.01326135,0.01326135
1977-01-01,Durbl_excess,-0.0455,0.0098855,0.0216899,0.0216899
1977-01-01,Manuf_excess,-0.0632,0.00785317,0.00308434,0.00308434
1977-01-01,Enrgy_excess,-0.0007,0.00793567,0.01587666,0.01587666
1977-01-01,HiTec_excess,-0.0422,0.0094155,0.00890983,0.00890983
1977-01-01,Telcm_excess,-0.0024,0.00555233,0.01820195,0.01820195
1977-01-01,Shops_excess,-0.0749,0.0072805,0.01244427,0.01244427
1977-01-01,Hlth_excess,-0.0919,0.00814417,0.00708477,0.00708477
1977-01-01,Utils_excess,0.0048,0.00628717,0.01558522,0.01558522
1977-01-01,Other_excess,-0.0452,0.006046,0.01057777,0.01057777
1977-02-01,NoDur_excess,-0.0174,0.0058223,-0.00693694,0.0
1977-02-01,Durbl_excess,-0.0383,0.00979334,0.0045304,0.0045304
1977-02-01,Manuf_excess,-0.0098,0.00773494,-0.00651202,0.0
1977-02-01,Enrgy_excess,-0.0336,0.0079213,-0.00137333,0.0
1977-02-01,HiTec_excess,-0.0096,0.00932962,-0.00992866,0.0
1977-02-01,Telcm_excess,0.0063,0.0055391,-0.01305612,0.0
1977-02-01,Shops_excess,-0.0219,0.00714376,-0.00857587,0.0
1977-02-01,Hlth_excess,-0.0056,0.0079777,-0.0060725,0.0
1977-02-01,Utils_excess,-0.0377,0.00628469,-0.00859577,0.0
1977-02-01,Other_excess,-0.0208,0.00596073,-0.01308928,0.0
1977-03-01,NoDur_excess,-0.0178,0.00578372,-0.00601741,0.0
1977-03-01,Durbl_excess,-0.0373,0.00971346,-0.00010147,0.0
1977-03-01,Manuf_excess,-0.0065,0.00770581,-0.01262973,0.0
1977-03-01,Enrgy_excess,-0.0245,0.00785233,0.0008501,0.0008501
1977-03-01,HiTec_excess,-0.0041,0.00929817,-0.01426282,0.0
1977-03-01,Telcm_excess,-0.0142,0.00554037,-0.00356878,0.0
1977-03-01,Shops_excess,-0.0313,0.00709551,-0.00826219,0.0
1977-03-01,Hlth_excess,-0.0217,0.00795515,-0.01010835,0.0
1977-03-01,Utils_excess,-0.002,0.00621163,-0.00775572,0.0
1977-03-01,Other_excess,-0.0047,0.00591628,-0.01333037,0.0
1977-04-01,NoDur_excess,0.0014,0.00574461,-0.00029537,0.0
1977-04-01,Durbl_excess,0.0278,0.00963549,0.00551725,0.00551725
1977-04-01,Manuf_excess,0.0011,0.00768226,-0.00964913,0.0
1977-04-01,Enrgy_excess,0.0214,0.00779867,0.00594248,0.00594248
1977-04-01,HiTec_excess,-0.0383,0.00927595,-0.00931101,0.0
1977-04-01,Telcm_excess,0.0028,0.00550763,0.00056234,0.00056234
1977-04-01,Shops_excess,-0.0382,0.00703184,-0.00376922,0.0
1977-04-01,Hlth_excess,-0.056,0.00790597,-0.00600137,0.0
1977-04-01,Utils_excess,0.0156,0.00619801,-0.00239955,0.0
1977-04-01,Other_excess,0.0175,0.00589867,-0.00819605,0.0
1977-05-01,NoDur_excess,-0.0131,0.00573742,-0.00212941,0.0
1977-05-01,Durbl_excess,-0.009,0.00966556,0.00360731,0.00360731
1977-05-01,Manuf_excess,-0.0335,0.00767136,-0.01188182,0.0
1977-05-01,Enrgy_excess,-0.008,0.00782119,0.00422958,0.00422958
1977-05-01,HiTec_excess,-0.0189,0.00919719,-0.01261158,0.0
1977-05-01,Telcm_excess,0.0106,0.00550315,-0.00024346,0.0
1977-05-01,Shops_excess,-0.0315,0.00695695,-0.00629867,0.0
1977-05-01,Hlth_excess,-0.0226,0.00780017,-0.0092043,0.0
1977-05-01,Utils_excess,0.013,0.00621358,-0.00320487,0.0
1977-05-01,Other_excess,-0.0126,0.00591788,-0.01005103,0.0
1977-06-01,NoDur_excess,0.0413,0.00570628,0.00178956,0.00178956
1977-06-01,Durbl_excess,0.0389,0.00963471,0.00697592,0.00697592
1977-06-01,Manuf_excess,0.03,0.00760331,-0.00742042,0.0
1977-06-01,Enrgy_excess,0.0569,0.00779504,0.00814501,0.00814501
1977-06-01,HiTec_excess,0.0737,0.00915074,-0.00656663,0.0
1977-06-01,Telcm_excess,0.0154,0.00551157,0.00178899,0.00178899
1977-06-01,Shops_excess,0.0569,0.00689339,-0.00425199,0.0
1977-06-01,Hlth_excess,0.0863,0.00774992,-0.00531785,0.0
1977-06-01,Utils_excess,0.0531,0.00622479,0.00163729,0.00163729
1977-06-01,Other_excess,0.0494,0.00588727,-0.00499523,0.0
1977-07-01,NoDur_excess,0.0076,0.00576502,0.00426383,0.00426383
1977-07-01,Durbl_excess,-0.0285,0.009683,0.00807334,0.00807334
1977-07-01,Manuf_excess,-0.0404,0.00764026,-0.00518188,0.0
1977-07-01,Enrgy_excess,-0.0222,0.00787607,0.00997469,0.00997469
1977-07-01,HiTec_excess,-0.0058,0.00925726,-0.00202453,0.0
1977-07-01,Telcm_excess,-0.0127,0.00552789,0.00567962,0.00567962
1977-07-01,Shops_excess,-0.0064,0.00697591,0.00012362,0.00012362
1977-07-01,Hlth_excess,-0.0265,0.00787954,-0.00177603,0.0
1977-07-01,Utils_excess,0.0045,0.00630215,0.00570113,0.00570113
1977-07-01,Other_excess,-0.0081,0.00595908,-0.00068672,0.0
1977-08-01,NoDur_excess,-0.0033,0.00576804,0.00163132,0.00163132
1977-08-01,Durbl_excess,-0.0129,0.0096201,0.00548572,0.00548572
1977-08-01,Manuf_excess,-0.0171,0.00756112,-0.0058055,0.0
1977-08-01,Enrgy_excess,-0.0628,0.00782652,0.00494448,0.00494448
1977-08-01,HiTec_excess,0.0006,0.00923245,-0.00328307,0.0
1977-08-01,Telcm_excess,-0.0272,0.00549786,-0.00293086,0.0
1977-08-01,Shops_excess,0.0419,0.00695387,-0.00222603,0.0
1977-08-01,Hlth_excess,0.034,0.0078229,-0.00185079,0.0
1977-08-01,Utils_excess,-0.0369,0.00629918,0.0011749,0.0011749
1977-08-01,Other_excess,-0.0162,0.00593591,-0.00489639,0.0
1977-09-01,NoDur_excess,-0.0016,0.00575312,0.00758273,0.00758273
1977-09-01,Durbl_excess,0.0112,0.00958306,0.01040639,0.01040639
1977-09-01,Manuf_excess,-0.0136,0.00752056,-0.0012897,0.0
1977-09-01,Enrgy_excess,0.0031,0.00771036,0.01316106,0.01316106
1977-09-01,HiTec_excess,-0.0221,0.00921826,0.00214617,0.00214617
1977-09-01,Telcm_excess,0.0305,0.00544408,0.00380511,0.00380511
1977-09-01,Shops_excess,-0.0113,0.00701135,0.00230046,0.00230046
1977-09-01,Hlth_excess,-0.0132,0.00786595,0.00182744,0.00182744
1977-09-01,Utils_excess,0.0158,0.00622812,0.00676106,0.00676106
1977-09-01,Other_excess,-0.0053,0.00589951,0.0025804,0.0025804
1977-10-01,NoDur_excess,-0.0384,0.00574105,0.0049804,0.0049804
1977-10-01,Durbl_excess,-0.0495,0.00958571,0.00823481,0.00823481
1977-10-01,Manuf_excess,-0.0512,0.00748588,0.00035936,0.00035936
1977-10-01,Enrgy_excess,-0.0404,0.00770279,0.00852802,0.00852802
1977-10-01,HiTec_excess,-0.0371,0.00916683,0.00270434,0.00270434
1977-10-01,Telcm_excess,-0.0554,0.00548522,-0.00161439,0.0
1977-10-01,Shops_excess,-0.0367,0.00698128,0.00104409,0.00104409
1977-10-01,Hlth_excess,-0.0224,0.00783136,0.00232418,0.00232418
1977-10-01,Utils_excess,-0.0364,0.00624384,0.00425359,0.00425359
1977-10-01,Other_excess,-0.049,0.00588112,0.00086813,0.00086813
1977-11-01,NoDur_excess,0.0409,0.00566869,0.00350844,0.00350844
1977-11-01,Durbl_excess,0.0137,0.00948885,0.00493009,0.00493009
1977-11-01,Manuf_excess,0.0383,0.00738967,-0.00221637,0.0
1977-11-01,Enrgy_excess,0.0297,0.00762393,0.00521694,0.00521694
1977-11-01,HiTec_excess,0.0478,0.00909098,0.00120219,0.00120219
1977-11-01,Telcm_excess,0.0166,0.00538541,-0.00549775,0.0
1977-11-01,Shops_excess,0.0505,0.00690967,0.00046583,0.00046583
1977-11-01,Hlth_excess,0.0559,0.0077818,0.00206791,0.00206791
1977-11-01,Utils_excess,0.0379,0.00617393,0.00239693,0.00239693
1977-11-01,Other_excess,0.0599,0.00579115,-0.00254567,0.0
1977-12-01,NoDur_excess,-0.0048,0.00572635,0.00414759,0.00414759
1977-12-01,Durbl_excess,-0.0124,0.00949574,0.00478094,0.00478094
1977-12-01,Manuf_excess,0.0025,0.00744026,-0.00309589,0.0
1977-12-01,Enrgy_excess,0.014,0.00766007,0.00927088,0.00927088
1977-12-01,HiTec_excess,0.0189,0.00915434,-0.00073629,0.0
1977-12-01,Telcm_excess,0.0166,0.00540376,-0.00120176,0.0
1977-12-01,Shops_excess,-0.0172,0.00698101,0.00022285,0.00022285
1977-12-01,Hlth_excess,0.0013,0.00786056,0.00024056,0.00024056
1977-12-01,Utils_excess,-0.0082,0.00622586,0.00328155,0.00328155
1977-12-01,Other_excess,0.0013,0.00587971,-0.00106464,0.0
1978-01-01,NoDur_excess,-0.0579,0.00570915,-0.00151162,0.0
1978-01-01,Durbl_excess,-0.0731,0.00945997,-0.00183926,0.0
1978-01-01,Manuf_excess,-0.0652,0.00743219,-0.00933919,0.0
1978-01-01,Enrgy_excess,-0.0742,0.00767042,-0.00047588,0.0
1978-01-01,HiTec_excess,-0.0523,0.00917026,-0.00692884,0.0
1978-01-01,Telcm_excess,-0.0465,0.00542206,-0.01150544,0.0
1978-01-01,Shops_excess,-0.0733,0.0069415,-0.00373777,0.0
1978-01-01,Hlth_excess,-0.0238,0.00784984,-0.0017814,0.0
1978-01-01,Utils_excess,-0.0503,0.00620229,-0.00545896,0.0
1978-01-01,Other_excess,-0.0578,0.00587222,-0.01128539,0.0
1978-02-01,NoDur_excess,-0.0035,0.00560538,-0.00297813,0.0
1978-02-01,Durbl_excess,-0.0008,0.00932529,-0.00487051,0.0
1978-02-01,Manuf_excess,-0.0309,0.0073137,-0.01008901,0.0
1978-02-01,Enrgy_excess,-0.0155,0.00753687,0.00183029,0.00183029
1978-02-01,HiTec_excess,-0.0393,0.00906998,-0.00981493,0.0
1978-02-01,Telcm_excess,0.037,0.00533736,-0.01242518,0.0
1978-02-01,Shops_excess,-0.009,0.0068106,-0.00721726,0.0
1978-02-01,Hlth_excess,-0.0348,0.00779821,-0.00422428,0.0
1978-02-01,Utils_excess,-0.0088,0.00611011,-0.00794354,0.0
1978-02-01,Other_excess,-0.0062,0.00576835,-0.01134026,0.0
1978-03-01,NoDur_excess,0.0364,0.00559055,0.00188793,0.00188793
1978-03-01,Durbl_excess,0.0557,0.00930879,-0.00146397,0.0
1978-03-01,Manuf_excess,0.0337,0.00725147,-0.00994321,0.0
1978-03-01,Enrgy_excess,0.0152,0.00749935,0.00357327,0.00357327
1978-03-01,HiTec_excess,-0.0114,0.00899121,-0.0066888,0.0
1978-03-01,Telcm_excess,0.0209,0.00538893,-0.00639419,0.0
1978-03-01,Shops_excess,0.0232,0.00678485,-0.00169447,0.0
1978-03-01,Hlth_excess,0.0364,0.00772883,-0.00151364,0.0
1978-03-01,Utils_excess,0.0195,0.00608583,-0.00304682,0.0
1978-03-01,Other_excess,0.0493,0.00574886,-0.00730714,0.0
1978-04-01,NoDur_excess,0.0638,0.00564065,0.00360355,0.00360355
1978-04-01,Durbl_excess,0.0909,0.00938423,0.00177975,0.00177975
1978-04-01,Manuf_excess,0.1084,0.00729447,-0.00752151,0.0
1978-04-01,Enrgy_excess,0.0616,0.00751187,0.00507102,0.00507102
1978-04-01,HiTec_excess,0.1275,0.00895805,-0.00700672,0.0
1978-04-01,Telcm_excess,0.0239,0.00541415,-0.00585402,0.0
1978-04-01,Shops_excess,0.1029,0.00681154,0.00026673,0.00026673
1978-04-01,Hlth_excess,0.087,0.00777545,-7.61e-06,0.0
1978-04-01,Utils_excess,-0.0036,0.00610764,-0.00356387,0.0
1978-04-01,Other_excess,0.0882,0.00581967,-0.00416741,0.0
1978-05-01,NoDur_excess,0.0372,0.00573506,-0.00369291,0.0
1978-05-01,Durbl_excess,-0.0033,0.00951656,-0.00484737,0.0
1978-05-01,Manuf_excess,0.0359,0.0074586,-0.01380048,0.0
1978-05-01,Enrgy_excess,0.0035,0.00759968,0.00063302,0.00063302
1978-05-01,HiTec_excess,0.0116,0.00915049,-0.01549144,0.0
1978-05-01,Telcm_excess,-0.009,0.00544416,-0.01036561,0.0
1978-05-01,Shops_excess,0.0075,0.00696753,-0.00632488,0.0
1978-05-01,Hlth_excess,0.0466,0.00790406,-0.00656052,0.0
1978-05-01,Utils_excess,0.002,0.00609188,-0.01218651,0.0
1978-05-01,Other_excess,0.0209,0.00595341,-0.01386998,0.0
1978-06-01,NoDur_excess,-0.008,0.00578606,-0.00745896,0.0
1978-06-01,Durbl_excess,-0.0331,0.00949579,-0.01000701,0.0
1978-06-01,Manuf_excess,-0.0201,0.0075047,-0.01564775,0.0
1978-06-01,Enrgy_excess,-0.0428,0.00759303,-0.00266657,0.0
1978-06-01,HiTec_excess,-0.009,0.00915446,-0.02026152,0.0
1978-06-01,Telcm_excess,-0.0208,0.00542075,-0.01445585,0.0
1978-06-01,Shops_excess,-0.0251,0.0069684,-0.01031147,0.0
1978-06-01,Hlth_excess,0.006,0.00796677,-0.00980491,0.0
1978-06-01,Utils_excess,0.0029,0.00608525,-0.01762329,0.0
1978-06-01,Other_excess,-0.0089,0.00597763,-0.01781435,0.0
1978-07-01,NoDur_excess,0.0294,0.00576375,-0.00298565,0.0
1978-07-01,Durbl_excess,0.0417,0.00942686,-0.00850932,0.0
1978-07-01,Manuf_excess,0.0728,0.00746003,-0.01379382,0.0
1978-07-01,Enrgy_excess,0.0278,0.00751149,-0.00418571,0.0
1978-07-01,HiTec_excess,0.0802,0.00912508,-0.01343577,0.0
1978-07-01,Telcm_excess,0.0087,0.00537832,-0.0096055,0.0
1978-07-01,Shops_excess,0.0457,0.0069165,-0.00352158,0.0
1978-07-01,Hlth_excess,0.0831,0.00796359,-0.00488885,0.0
1978-07-01,Utils_excess,0.0226,0.0060801,-0.0104076,0.0
1978-07-01,Other_excess,0.0608,0.00595356,-0.01264485,0.0
1978-08-01,NoDur_excess,0.0355,0.00580194,-0.00121716,0.0
1978-08-01,Durbl_excess,0.0241,0.009479,-0.00732247,0.0
1978-08-01,Manuf_excess,0.0338,0.00756559,-0.01281865,0.0
1978-08-01,Enrgy_excess,0.0457,0.00754426,0.00040997,0.00040997
1978-08-01,HiTec_excess,0.0546,0.0092399,-0.01218125,0.0
1978-08-01,Telcm_excess,0.0297,0.00538368,-0.00604018,0.0
1978-08-01,Shops_excess,0.0514,0.00697916,-0.00305703,0.0
1978-08-01,Hlth_excess,0.0041,0.00808498,-0.00397634,0.0
1978-08-01,Utils_excess,-0.0011,0.00610679,-0.00833297,0.0
1978-08-01,Other_excess,0.0597,0.00604216,-0.01112305,0.0
1978-09-01,NoDur_excess,-0.0102,0.00584984,0.00734733,0.00734733
1978-09-01,Durbl_excess,-0.0113,0.00950258,0.00131444,0.00131444
1978-09-01,Manuf_excess,-0.0274,0.0076079,-0.00598482,0.0
1978-09-01,Enrgy_excess,0.0414,0.00760581,0.00524179,0.00524179
1978-09-01,HiTec_excess,-0.048,0.00931306,0.00034416,0.00034416
1978-09-01,Telcm_excess,0.006,0.0054229,0.00320703,0.00320703
1978-09-01,Shops_excess,-0.0326,0.00705081,0.0083936,0.0083936
1978-09-01,Hlth_excess,-0.0333,0.00807855,0.0033632,0.0033632
1978-09-01,Utils_excess,-0.0087,0.00609516,0.00257436,0.00257436
1978-09-01,Other_excess,-0.0207,0.00612871,-0.00055845,0.0
1978-10-01,NoDur_excess,-0.1226,0.00582399,-0.00188396,0.0
1978-10-01,Durbl_excess,-0.1186,0.00946908,-0.00924725,0.0
1978-10-01,Manuf_excess,-0.1204,0.00755153,-0.00717817,0.0
1978-10-01,Enrgy_excess,-0.1129,0.00766023,-0.00208637,0.0
1978-10-01,HiTec_excess,-0.1144,0.00922077,-0.00587656,0.0
1978-10-01,Telcm_excess,-0.0518,0.00542383,-0.009553,0.0
1978-10-01,Shops_excess,-0.1486,0.00698696,-0.00149352,0.0
1978-10-01,Hlth_excess,-0.1352,0.00801192,-0.00134007,0.0
1978-10-01,Utils_excess,-0.0778,0.00607134,-0.0072648,0.0
1978-10-01,Other_excess,-0.1479,0.00608551,-0.00845552,0.0
1978-11-01,NoDur_excess,0.0149,0.00561752,-0.00853187,0.0
1978-11-01,Durbl_excess,-0.0002,0.00926318,-0.01357369,0.0
1978-11-01,Manuf_excess,0.0217,0.00734582,-0.01034766,0.0
1978-11-01,Enrgy_excess,0.0548,0.0074664,-0.00412267,0.0
1978-11-01,HiTec_excess,0.0438,0.00902203,-0.01365345,0.0
1978-11-01,Telcm_excess,0.0232,0.00533183,-0.0182815,0.0
1978-11-01,Shops_excess,0.0193,0.00673682,-0.01136297,0.0
1978-11-01,Hlth_excess,0.0448,0.00778167,-0.0073841,0.0
1978-11-01,Utils_excess,0.023,0.0059365,-0.01555484,0.0
1978-11-01,Other_excess,0.0181,0.00583794,-0.01560908,0.0
1978-12-01,NoDur_excess,0.009,0.00563242,0.00649361,0.00649361
1978-12-01,Durbl_excess,-0.014,0.00924799,0.00122953,0.00122953
1978-12-01,Manuf_excess,0.0063,0.00736886,0.00184027,0.00184027
1978-12-01,Enrgy_excess,0.0204,0.00754238,0.01228051,0.01228051
1978-12-01,HiTec_excess,0.0562,0.00907785,0.0054529,0.0054529
1978-12-01,Telcm_excess,-0.0068,0.00536051,0.00153085,0.00153085
1978-12-01,Shops_excess,-0.0144,0.00675698,0.00315383,0.00315383
1978-12-01,Hlth_excess,0.0264,0.00784109,0.00340758,0.00340758
1978-12-01,Utils_excess,-0.0203,0.00596388,0.00585765,0.00585765
1978-12-01,Other_excess,0.0051,0.00585762,0.00357588,0.00357588
1979-01-01,NoDur_excess,0.0341,0.00563782,-0.00017986,0.0
1979-01-01,Durbl_excess,0.0429,0.00921074,-0.00650989,0.0
1979-01-01,Manuf_excess,0.0574,0.00736715,0.00114148,0.00114148
1979-01-01,Enrgy_excess,0.0232,0.00756298,0.00324681,0.00324681
1979-01-01,HiTec_excess,0.0353,0.00915337,0.0042366,0.0042366
1979-01-01,Telcm_excess,0.0289,0.00534103,-0.00914656,0.0
1979-01-01,Shops_excess,0.0496,0.00672308,-0.00306676,0.0
1979-01-01,Hlth_excess,0.0065,0.00787083,0.0021676,0.0021676
1979-01-01,Utils_excess,0.056,0.00592179,-0.00203807,0.0
1979-01-01,Other_excess,0.0526,0.00585641,-0.00254214,0.0
1979-02-01,NoDur_excess,-0.0422,0.00568336,0.0060521,0.0060521
1979-02-01,Durbl_excess,-0.0433,0.00926464,-0.0034275,0.0
1979-02-01,Manuf_excess,-0.0522,0.0074472,0.00403586,0.00403586
1979-02-01,Enrgy_excess,-0.0012,0.007588,0.00941739,0.00941739
1979-02-01,HiTec_excess,-0.0405,0.0091952,0.01124097,0.01124097
1979-02-01,Telcm_excess,-0.0138,0.00537872,0.00712383,0.00712383
1979-02-01,Shops_excess,-0.0515,0.00679168,0.00400537,0.00400537
1979-02-01,Hlth_excess,-0.0525,0.00786864,0.00243724,0.00243724
1979-02-01,Utils_excess,-0.0237,0.00600192,0.01080903,0.01080903
1979-02-01,Other_excess,-0.0394,0.0059312,0.00782472,0.00782472
1979-03-01,NoDur_excess,0.0334,0.00560687,-0.00530411,0.0
1979-03-01,Durbl_excess,0.0579,0.00918067,-0.01332681,0.0
1979-03-01,Manuf_excess,0.0653,0.00735192,-0.00171615,0.0
1979-03-01,Enrgy_excess,0.0847,0.00757396,0.0006676,0.0006676
1979-03-01,HiTec_excess,0.068,0.00911581,-6.749e-05,0.0
1979-03-01,Telcm_excess,-0.0065,0.00534808,-0.00798937,0.0
1979-03-01,Shops_excess,0.0531,0.00669856,-0.00738432,0.0
1979-03-01,Hlth_excess,0.0423,0.0077722,-0.00473435,0.0
1979-03-01,Utils_excess,0.0151,0.00595447,-0.00327753,0.0
1979-03-01,Other_excess,0.0735,0.00585879,-0.00424857,0.0
1979-04-01,NoDur_excess,-0.006,0.0056512,0.00490424,0.00490424
1979-04-01,Durbl_excess,0.0213,0.00925837,-0.00190854,0.0
1979-04-01,Manuf_excess,-0.0126,0.00744434,0.00675748,0.00675748
1979-04-01,Enrgy_excess,0.0353,0.00769697,0.01251104,0.01251104
1979-04-01,HiTec_excess,-0.0047,0.00920973,0.01217441,0.01217441
1979-04-01,Telcm_excess,-0.0295,0.00532919,0.00497237,0.00497237
1979-04-01,Shops_excess,0.0008,0.00677257,0.00286635,0.00286635
1979-04-01,Hlth_excess,-0.0037,0.00782727,0.00184204,0.00184204
1979-04-01,Utils_excess,-0.0355,0.00596906,0.00940905,0.00940905
1979-04-01,Other_excess,0.0069,0.00596667,0.01008536,0.01008536
1979-05-01,NoDur_excess,-0.026,0.00563264,-2.007e-05,0.0
1979-05-01,Durbl_excess,-0.0151,0.00927755,-0.00523642,0.0
1979-05-01,Manuf_excess,-0.0311,0.00741242,0.00453914,0.00453914
1979-05-01,Enrgy_excess,-0.0328,0.00774092,0.00609508,0.00609508
1979-05-01,HiTec_excess,-0.028,0.00918758,0.00874809,0.00874809
1979-05-01,Telcm_excess,-0.0073,0.00527373,-0.00305101,0.0
1979-05-01,Shops_excess,-0.0326,0.00676306,-0.00022204,0.0
1979-05-01,Hlth_excess,-0.0346,0.00780892,0.00030285,0.00030285
1979-05-01,Utils_excess,0.0062,0.00590303,0.00300047,0.00300047
1979-05-01,Other_excess,-0.011,0.00596815,0.00513283,0.00513283
1979-06-01,NoDur_excess,0.0251,0.00558235,0.00868166,0.00868166
1979-06-01,Durbl_excess,0.0219,0.00923879,0.00335933,0.00335933
1979-06-01,Manuf_excess,0.0268,0.00735119,0.01017285,0.01017285
1979-06-01,Enrgy_excess,0.0846,0.00767647,0.01865127,0.01865127
1979-06-01,HiTec_excess,-0.0031,0.00912846,0.01689829,0.01689829
1979-06-01,Telcm_excess,0.0112,0.00525374,0.01115589,0.01115589
1979-06-01,Shops_excess,0.0199,0.00670048,0.00567732,0.00567732
1979-06-01,Hlth_excess,0.0402,0.00774149,0.0031388,0.0031388
1979-06-01,Utils_excess,0.0416,0.0059035,0.01509979,0.01509979
1979-06-01,Other_excess,0.0619,0.00594118,0.01799728,0.01799728
1979-07-01,NoDur_excess,0.0126,0.00561333,0.0121217,0.0121217
1979-07-01,Durbl_excess,0.0129,0.00925889,0.00940434,0.00940434
1979-07-01,Manuf_excess,0.0125,0.00738206,0.0140275,0.0140275
1979-07-01,Enrgy_excess,0.0081,0.00779857,0.02342612,0.02342612
1979-07-01,HiTec_excess,-0.0226,0.00910905,0.02035581,0.02035581
1979-07-01,Telcm_excess,-0.0088,0.00526317,0.01563289,0.01563289
1979-07-01,Shops_excess,0.0049,0.00672143,0.00942379,0.00942379
1979-07-01,Hlth_excess,-0.0062,0.00779302,0.00639153,0.00639153
1979-07-01,Utils_excess,0.013,0.00596016,0.02014651,0.02014651
1979-07-01,Other_excess,0.0254,0.00603,0.02406182,0.02406182
1979-08-01,NoDur_excess,0.0679,0.00562441,0.00406886,0.00406886
1979-08-01,Durbl_excess,0.0395,0.00926466,0.0024255,0.0024255
1979-08-01,Manuf_excess,0.0694,0.00739017,0.01178806,0.01178806
1979-08-01,Enrgy_excess,0.0716,0.00779905,0.01183214,0.01183214
1979-08-01,HiTec_excess,0.0514,0.0090588,0.01463932,0.01463932
1979-08-01,Telcm_excess,0.0075,0.00524089,0.00162732,0.00162732
1979-08-01,Shops_excess,0.0811,0.00671854,0.00361405,0.00361405
1979-08-01,Hlth_excess,0.0781,0.00777084,0.0039565,0.0039565
1979-08-01,Utils_excess,0.0128,0.00597132,0.01070025,0.01070025
1979-08-01,Other_excess,0.0501,0.0060607,0.01485279,0.01485279
1979-09-01,NoDur_excess,-0.027,0.00572294,0.00505987,0.00505987
1979-09-01,Durbl_excess,-0.0044,0.0093125,0.00149323,0.00149323
1979-09-01,Manuf_excess,-0.0152,0.00748829,0.01116785,0.01116785
1979-09-01,Enrgy_excess,0.0509,0.0079,0.01154939,0.01154939
1979-09-01,HiTec_excess,-0.0258,0.00912579,0.01494541,0.01494541
1979-09-01,Telcm_excess,-0.0321,0.00524446,0.0031543,0.0031543
1979-09-01,Shops_excess,-0.0158,0.00683623,0.0046996,0.0046996
1979-09-01,Hlth_excess,-0.0138,0.00788212,0.0046455,0.0046455
1979-09-01,Utils_excess,-0.0302,0.00598212,0.01168279,0.01168279
1979-09-01,Other_excess,-0.0149,0.00613038,0.01422211,0.01422211
1979-10-01,NoDur_excess,-0.0853,0.00567125,-0.0015763,0.0
1979-10-01,Durbl_excess,-0.1015,0.00929084,-0.00445698,0.0
1979-10-01,Manuf_excess,-0.0972,0.00745245,0.0107176,0.0107176
1979-10-01,Enrgy_excess,-0.0342,0.00796793,0.01177027,0.01177027
1979-10-01,HiTec_excess,-0.0861,0.00907062,0.00929308,0.00929308
1979-10-01,Telcm_excess,-0.0594,0.00518547,-0.0049815,0.0
1979-10-01,Shops_excess,-0.0976,0.00680047,-0.00344563,0.0
1979-10-01,Hlth_excess,-0.0521,0.00784787,-0.00021065,0.0
1979-10-01,Utils_excess,-0.067,0.00592496,0.00414302,0.00414302
1979-10-01,Other_excess,-0.1102,0.00609716,0.00928243,0.00928243
1979-11-01,NoDur_excess,0.0417,0.00552776,-0.02212116,0.0
1979-11-01,Durbl_excess,-0.0319,0.00911609,-0.02266128,0.0
1979-11-01,Manuf_excess,0.0373,0.00728738,0.00448116,0.00448116
1979-11-01,Enrgy_excess,0.0793,0.00790142,-0.00725527,0.0
1979-11-01,HiTec_excess,0.0719,0.0089205,-0.00545097,0.0
1979-11-01,Telcm_excess,0.0307,0.0050836,-0.03784654,0.0
1979-11-01,Shops_excess,0.0284,0.0066358,-0.02476395,0.0
1979-11-01,Hlth_excess,0.078,0.00775331,-0.00871624,0.0
1979-11-01,Utils_excess,0.0679,0.00580994,-0.02087002,0.0
1979-11-01,Other_excess,0.0604,0.00591372,-0.01407995,0.0
1979-12-01,NoDur_excess,0.0242,0.00558472,0.00812354,0.00812354
1979-12-01,Durbl_excess,0.0231,0.0090515,-0.00160236,0.0
1979-12-01,Manuf_excess,0.0351,0.00733465,0.01046469,0.01046469
1979-12-01,Enrgy_excess,0.0154,0.00801386,0.02253898,0.02253898
1979-12-01,HiTec_excess,0.0084,0.00901969,0.01625687,0.01625687
1979-12-01,Telcm_excess,-0.0247,0.00512394,0.00966664,0.00966664
1979-12-01,Shops_excess,0.0212,0.00667008,0.00445968,0.00445968
1979-12-01,Hlth_excess,0.0113,0.00786394,0.0041346,0.0041346
1979-12-01,Utils_excess,-0.0196,0.00590772,0.01697722,0.01697722
1979-12-01,Other_excess,0.0317,0.00599953,0.01856021,0.01856021
1980-01-01,NoDur_excess,0.0231,0.00561399,7e-06,7e-06
1980-01-01,Durbl_excess,0.0831,0.00907358,-0.01012952,0.0
1980-01-01,Manuf_excess,0.0626,0.0073783,0.01107698,0.01107698
1980-01-01,Enrgy_excess,0.1325,0.00802547,0.01684291,0.01684291
1980-01-01,HiTec_excess,0.0655,0.00901871,0.01102124,0.01102124
1980-01-01,Telcm_excess,-0.0287,0.00507704,-0.0017513,0.0
1980-01-01,Shops_excess,0.0051,0.00669292,-0.00494595,0.0
1980-01-01,Hlth_excess,-0.0209,0.00786934,-0.00010299,0.0
1980-01-01,Utils_excess,0.0075,0.00586761,0.00661165,0.00661165
1980-01-01,Other_excess,0.0474,0.00603994,0.01277941,0.01277941
1980-02-01,NoDur_excess,-0.0575,0.00564144,-0.02129024,0.0
1980-02-01,Durbl_excess,-0.0724,0.0091898,-0.03255718,0.0
1980-02-01,Manuf_excess,-0.0339,0.00746499,-0.00770632,0.0
1980-02-01,Enrgy_excess,0.1211,0.00822088,-0.00808847,0.0
1980-02-01,HiTec_excess,-0.0448,0.00910738,-0.01002501,0.0
1980-02-01,Telcm_excess,-0.0229,0.00502402,-0.03120483,0.0
1980-02-01,Shops_excess,-0.0575,0.00669042,-0.02234217,0.0
1980-02-01,Hlth_excess,-0.0553,0.00782418,-0.01075201,0.0
1980-02-01,Utils_excess,-0.0431,0.00587017,-0.01887763,0.0
1980-02-01,Other_excess,-0.0426,0.00610487,-0.01823897,0.0
1980-03-01,NoDur_excess,-0.0938,0.00554248,-0.03104476,0.0
1980-03-01,Durbl_excess,-0.1001,0.00906191,-0.04450857,0.0
1980-03-01,Manuf_excess,-0.1298,0.00740016,-0.01955704,0.0
1980-03-01,Enrgy_excess,-0.1912,0.00839781,0.0025936,0.0025936
1980-03-01,HiTec_excess,-0.1388,0.00902288,-0.02882045,0.0
1980-03-01,Telcm_excess,-0.0387,0.00498025,-0.03640926,0.0
1980-03-01,Shops_excess,-0.1084,0.00658981,-0.03824704,0.0
1980-03-01,Hlth_excess,-0.0406,0.00772524,-0.02609886,0.0
1980-03-01,Utils_excess,-0.0781,0.00579342,-0.03305106,0.0
1980-03-01,Other_excess,-0.1354,0.00602853,-0.03114624,0.0
1980-04-01,NoDur_excess,0.0514,0.00538701,-0.01477287,0.0
1980-04-01,Durbl_excess,-0.0301,0.00889108,-0.03414065,0.0
1980-04-01,Manuf_excess,0.0195,0.00718545,-0.01327793,0.0
1980-04-01,Enrgy_excess,0.056,0.00808545,-0.00281483,0.0
1980-04-01,HiTec_excess,-0.0054,0.00879155,-0.00554842,0.0
1980-04-01,Telcm_excess,0.0607,0.00491189,-0.01577619,0.0
1980-04-01,Shops_excess,0.0324,0.00640986,-0.01345008,0.0
1980-04-01,Hlth_excess,0.0303,0.00764961,-0.00916096,0.0
1980-04-01,Utils_excess,0.1078,0.00566213,-0.00461881,0.0
1980-04-01,Other_excess,0.0487,0.0058072,-0.0135882,0.0
1980-05-01,NoDur_excess,0.0714,0.00545891,0.03578926,0.03578926
1980-05-01,Durbl_excess,0.0356,0.00883016,0.02521018,0.02521018
1980-05-01,Manuf_excess,0.0544,0.00720469,0.02152027,0.02152027
1980-05-01,Enrgy_excess,0.0332,0.00816031,0.04594348,0.04594348
1980-05-01,HiTec_excess,0.04,0.00876937,0.03720935,0.03720935
1980-05-01,Telcm_excess,0.0419,0.00499906,0.05513588,0.05513588
1980-05-01,Shops_excess,0.0987,0.00645047,0.02989988,0.02989988
1980-05-01,Hlth_excess,0.0616,0.007685,0.0055547,0.0055547
1980-05-01,Utils_excess,0.0379,0.00582172,0.05583034,0.05583034
1980-05-01,Other_excess,0.0728,0.00587422,0.05308996,0.05308996
1980-06-01,NoDur_excess,0.0238,0.00556178,0.01134974,0.01134974
1980-06-01,Durbl_excess,0.0218,0.00887192,0.00786003,0.00786003
1980-06-01,Manuf_excess,0.0173,0.00727832,-0.00159207,0.0
1980-06-01,Enrgy_excess,0.0523,0.00819938,0.00845556,0.00845556
1980-06-01,HiTec_excess,0.0242,0.0088181,0.00674753,0.00674753
1980-06-01,Telcm_excess,-0.0118,0.00505663,0.01946094,0.01946094
1980-06-01,Shops_excess,0.0181,0.00659438,0.01387363,0.01387363
1980-06-01,Hlth_excess,-0.0039,0.00776911,0.00034249,0.00034249
1980-06-01,Utils_excess,0.0394,0.00587176,0.01740971,0.01740971
1980-06-01,Other_excess,0.0448,0.00597863,0.01365913,0.01365913
1980-07-01,NoDur_excess,0.0721,0.00559019,0.0004821,0.0004821
1980-07-01,Durbl_excess,0.1122,0.00889206,0.00209778,0.00209778
1980-07-01,Manuf_excess,0.103,0.00729393,-0.01050799,0.0
1980-07-01,Enrgy_excess,0.0148,0.00826807,0.00497234,0.00497234
1980-07-01,HiTec_excess,0.1495,0.00884206,-0.00841494,0.0
1980-07-01,Telcm_excess,0.0047,0.00503037,0.00860936,0.00860936
1980-07-01,Shops_excess,0.1029,0.00661231,-0.00116871,0.0
1980-07-01,Hlth_excess,0.0835,0.00775093,-0.01071925,0.0
1980-07-01,Utils_excess,-0.0065,0.00592399,0.00265384,0.00265384
1980-07-01,Other_excess,0.0631,0.0060391,0.00099007,0.00099007
1980-08-01,NoDur_excess,0.0083,0.00569362,-0.02265044,0.0
1980-08-01,Durbl_excess,0.0089,0.00905272,-0.02419901,0.0
1980-08-01,Manuf_excess,0.0094,0.00744277,-0.02952084,0.0
1980-08-01,Enrgy_excess,0.0302,0.00827823,-0.01984623,0.0
1980-08-01,HiTec_excess,0.0302,0.00906081,-0.02718312,0.0
1980-08-01,Telcm_excess,0.0566,0.00502986,-0.02580563,0.0
1980-08-01,Shops_excess,0.0116,0.00676205,-0.02550982,0.0
1980-08-01,Hlth_excess,-0.0037,0.00786874,-0.01702424,0.0
1980-08-01,Utils_excess,-0.0181,0.00590467,-0.02504407,0.0
1980-08-01,Other_excess,0.0206,0.00612784,-0.03645208,0.0
1980-09-01,NoDur_excess,-0.0055,0.00569767,-0.03052889,0.0
1980-09-01,Durbl_excess,0.0018,0.00905248,-0.03815632,0.0
1980-09-01,Manuf_excess,0.0208,0.00744581,-0.0388014,0.0
1980-09-01,Enrgy_excess,0.0578,0.00831227,-0.02268657,0.0
1980-09-01,HiTec_excess,0.0124,0.00909363,-0.0394579,0.0
1980-09-01,Telcm_excess,-0.0237,0.00510994,-0.02763197,0.0
1980-09-01,Shops_excess,0.0053,0.00676957,-0.03448796,0.0
1980-09-01,Hlth_excess,0.0287,0.00785078,-0.02697121,0.0
1980-09-01,Utils_excess,-0.0063,0.00586739,-0.03590414,0.0
1980-09-01,Other_excess,0.0307,0.00615031,-0.04548332,0.0
1980-10-01,NoDur_excess,-0.0066,0.00568031,-0.02347466,0.0
1980-10-01,Durbl_excess,-0.0267,0.00904124,-0.03416491,0.0
1980-10-01,Manuf_excess,-0.0053,0.00746651,-0.03262675,0.0
1980-10-01,Enrgy_excess,0.0681,0.00838899,-0.01639778,0.0
1980-10-01,HiTec_excess,0.0101,0.00909876,-0.03142622,0.0
1980-10-01,Telcm_excess,-0.0416,0.00506527,-0.02082645,0.0
1980-10-01,Shops_excess,-0.021,0.00676729,-0.02605544,0.0
1980-10-01,Hlth_excess,-0.0219,0.0078831,-0.021411,0.0
1980-10-01,Utils_excess,0.0097,0.00584853,-0.02650698,0.0
1980-10-01,Other_excess,0.0061,0.00618837,-0.03496645,0.0
1980-11-01,NoDur_excess,-0.0003,0.0056613,-0.01881422,0.0
1980-11-01,Durbl_excess,0.0393,0.00898591,-0.03395245,0.0
1980-11-01,Manuf_excess,0.0745,0.00744675,-0.02606141,0.0
1980-11-01,Enrgy_excess,0.2334,0.00848142,-0.0120091,0.0
1980-11-01,HiTec_excess,0.0887,0.00910031,-0.02179402,0.0
1980-11-01,Telcm_excess,-0.0142,0.00499303,-0.01653512,0.0
1980-11-01,Shops_excess,0.0162,0.0067243,-0.01994835,0.0
1980-11-01,Hlth_excess,0.0792,0.007837,-0.01786953,0.0
1980-11-01,Utils_excess,0.0643,0.00585449,-0.01689467,0.0
1980-11-01,Other_excess,0.0671,0.00618824,-0.02560277,0.0
1980-12-01,NoDur_excess,-0.0031,0.00565209,-0.0130258,0.0
1980-12-01,Durbl_excess,-0.0239,0.00903277,-0.03275182,0.0
1980-12-01,Manuf_excess,-0.0338,0.00755039,-0.01714424,0.0
1980-12-01,Enrgy_excess,-0.119,0.00882906,0.00380718,0.00380718
1980-12-01,HiTec_excess,-0.0245,0.00922334,-0.01439231,0.0
1980-12-01,Telcm_excess,-0.0009,0.00496337,-0.01052598,0.0
1980-12-01,Shops_excess,-0.027,0.00673895,-0.01617535,0.0
1980-12-01,Hlth_excess,0.033,0.0079473,-0.01340247,0.0
1980-12-01,Utils_excess,-0.0323,0.00594482,-0.00737812,0.0
1980-12-01,Other_excess,-0.0127,0.00628238,-0.01563473,0.0
1981-01-01,NoDur_excess,0.0099,0.00563858,0.00190586,0.00190586
1981-01-01,Durbl_excess,-0.0328,0.00898194,-0.02128239,0.0
1981-01-01,Manuf_excess,-0.03,0.00748657,0.0022,0.0022
1981-01-01,Enrgy_excess,-0.112,0.00863179,0.01097545,0.01097545
1981-01-01,HiTec_excess,-0.0911,0.0091713,0.00716964,0.00716964
1981-01-01,Telcm_excess,0.0451,0.00495432,0.00556071,0.00556071
1981-01-01,Shops_excess,-0.006,0.00668688,-0.00285009,0.0
1981-01-01,Hlth_excess,-0.0266,0.00798596,-0.00040654,0.0
1981-01-01,Utils_excess,-0.036,0.0058858,0.0139389,0.0139389
1981-01-01,Other_excess,-0.044,0.00625309,0.00920804,0.00920804
1981-02-01,NoDur_excess,0.0141,0.00564515,-0.00707301,0.0
1981-02-01,Durbl_excess,0.0538,0.00891757,-0.02880256,0.0
1981-02-01,Manuf_excess,0.0331,0.00742881,-0.00144899,0.0
1981-02-01,Enrgy_excess,-0.0138,0.00844592,-0.00192924,0.0
1981-02-01,HiTec_excess,-0.006,0.0090168,0.00010375,0.00010375
1981-02-01,Telcm_excess,0.0106,0.00501618,-0.00150994,0.0
1981-02-01,Shops_excess,0.0161,0.00666733,-0.01187576,0.0
1981-02-01,Hlth_excess,0.0073,0.00793267,-0.00405325,0.0
1981-02-01,Utils_excess,-0.0234,0.00582126,0.00495888,0.00495888
1981-02-01,Other_excess,0.006,0.00617565,-0.00059891,0.0
1981-03-01,NoDur_excess,0.0573,0.00565815,-0.01927466,0.0
1981-03-01,Durbl_excess,0.0577,0.00898662,-0.04185738,0.0
1981-03-01,Manuf_excess,0.0484,0.00746831,-0.01935676,0.0
1981-03-01,Enrgy_excess,-0.0326,0.00841169,-0.01615924,0.0
1981-03-01,HiTec_excess,0.0377,0.00899369,-0.01737677,0.0
1981-03-01,Telcm_excess,-0.0004,0.00502477,-0.015101,0.0
1981-03-01,Shops_excess,0.1163,0.00668185,-0.02068957,0.0
1981-03-01,Hlth_excess,0.0466,0.00793169,-0.01139903,0.0
1981-03-01,Utils_excess,0.0179,0.00577631,-0.01201553,0.0
1981-03-01,Other_excess,0.0782,0.00617538,-0.02259668,0.0
1981-04-01,NoDur_excess,0.0007,0.00573748,0.00204766,0.00204766
1981-04-01,Durbl_excess,0.0079,0.00906144,-0.01427727,0.0
1981-04-01,Manuf_excess,-0.021,0.00753118,-0.01034748,0.0
1981-04-01,Enrgy_excess,-0.0888,0.00834869,-0.00380359,0.0
1981-04-01,HiTec_excess,-0.0091,0.00903779,-0.00895772,0.0
1981-04-01,Telcm_excess,0.0512,0.00501644,0.00325154,0.00325154
1981-04-01,Shops_excess,0.0181,0.00685023,6.41e-05,6.41e-05
1981-04-01,Hlth_excess,0.0195,0.00799109,-0.00547131,0.0
1981-04-01,Utils_excess,-0.0377,0.00579493,-0.0018803,0.0
1981-04-01,Other_excess,-0.0075,0.00628602,-0.0032215,0.0
1981-05-01,NoDur_excess,0.015,0.00572975,-0.03667975,0.0
1981-05-01,Durbl_excess,0.0173,0.00905966,-0.05127573,0.0
1981-05-01,Manuf_excess,-0.0156,0.00748742,-0.03424991,0.0
1981-05-01,Enrgy_excess,-0.051,0.00819969,-0.02052894,0.0
1981-05-01,HiTec_excess,0.0311,0.00900997,-0.04376002,0.0
1981-05-01,Telcm_excess,0.0606,0.00508727,-0.03748697,0.0
1981-05-01,Shops_excess,0.0171,0.00686748,-0.04415143,0.0
1981-05-01,Hlth_excess,0.0231,0.00800874,-0.02699633,0.0
1981-05-01,Utils_excess,0.0069,0.00572822,-0.04431781,0.0
1981-05-01,Other_excess,0.0165,0.00626488,-0.04492351,0.0
1981-06-01,NoDur_excess,-0.0153,0.00574395,0.01380473,0.01380473
1981-06-01,Durbl_excess,-0.0565,0.00907228,-0.01408307,0.0
1981-06-01,Manuf_excess,-0.026,0.00745207,-0.00397282,0.0
1981-06-01,Enrgy_excess,0.0336,0.00810904,-0.00699966,0.0
1981-06-01,HiTec_excess,-0.0809,0.0090438,0.00023769,0.00023769
1981-06-01,Telcm_excess,-0.0326,0.00517228,0.01572338,0.01572338
1981-06-01,Shops_excess,-0.0278,0.00688315,0.01454866,0.01454866
1981-06-01,Hlth_excess,-0.0695,0.00803185,0.00462505,0.00462505
1981-06-01,Utils_excess,0.0211,0.00573002,0.00914878,0.00914878
1981-06-01,Other_excess,-0.0271,0.00628055,0.00773031,0.00773031
1981-07-01,NoDur_excess,-0.02,0.00571177,-0.00315791,0.0
1981-07-01,Durbl_excess,-0.0415,0.00897202,-0.02387524,0.0
1981-07-01,Manuf_excess,-0.041,0.00740092,-0.01121574,0.0
1981-07-01,Enrgy_excess,0.067,0.00814801,-0.01385825,0.0
1981-07-01,HiTec_excess,-0.0503,0.00890627,-0.0072258,0.0
1981-07-01,Telcm_excess,-0.009,0.00511453,-0.00248315,0.0
1981-07-01,Shops_excess,-0.0464,0.00683012,0.00053191,0.00053191
1981-07-01,Hlth_excess,-0.0514,0.0079133,-0.00243905,0.0
1981-07-01,Utils_excess,0.0156,0.00575352,-0.00123992,0.0
1981-07-01,Other_excess,-0.0397,0.00622951,-0.00625191,0.0
1981-08-01,NoDur_excess,-0.0621,0.00567252,-0.02181048,0.0
1981-08-01,Durbl_excess,-0.0921,0.00889496,-0.0421777,0.0
1981-08-01,Manuf_excess,-0.082,0.00732702,-0.02790182,0.0
1981-08-01,Enrgy_excess,-0.0762,0.00823786,-0.01695015,0.0
1981-08-01,HiTec_excess,-0.0859,0.00881588,-0.03117188,0.0
1981-08-01,Telcm_excess,-0.0205,0.00509298,-0.02020933,0.0
1981-08-01,Shops_excess,-0.0689,0.00674885,-0.02445261,0.0
1981-08-01,Hlth_excess,-0.0903,0.00782275,-0.01832083,0.0
1981-08-01,Utils_excess,-0.0213,0.00576855,-0.02499214,0.0
1981-08-01,Other_excess,-0.068,0.00615939,-0.02943977,0.0
1981-09-01,NoDur_excess,-0.0341,0.00556921,-0.02377348,0.0
1981-09-01,Durbl_excess,-0.042,0.00874101,-0.04794412,0.0
1981-09-01,Manuf_excess,-0.0841,0.00719085,-0.03858673,0.0
1981-09-01,Enrgy_excess,-0.1354,0.00810915,-0.02159762,0.0
1981-09-01,HiTec_excess,-0.0515,0.00867149,-0.03979931,0.0
1981-09-01,Telcm_excess,0.016,0.00505396,-0.02730017,0.0
1981-09-01,Shops_excess,-0.0487,0.00663354,-0.02632353,0.0
1981-09-01,Hlth_excess,-0.0253,0.00767317,-0.02068694,0.0
1981-09-01,Utils_excess,-0.0678,0.00572729,-0.03047999,0.0
1981-09-01,Other_excess,-0.0653,0.00604634,-0.039753,0.0
1981-10-01,NoDur_excess,0.062,0.00550883,-0.02769956,0.0
1981-10-01,Durbl_excess,-0.0536,0.00866377,-0.04955266,0.0
1981-10-01,Manuf_excess,0.0249,0.0070519,-0.05160765,0.0
1981-10-01,Enrgy_excess,0.0839,0.00789072,-0.02811134,0.0
1981-10-01,HiTec_excess,0.04,0.00857991,-0.05286257,0.0
1981-10-01,Telcm_excess,0.0481,0.00507062,-0.02763189,0.0
1981-10-01,Shops_excess,0.0555,0.00654932,-0.03168357,0.0
1981-10-01,Hlth_excess,0.0675,0.00762298,-0.02843173,0.0
1981-10-01,Utils_excess,0.0368,0.00561537,-0.04215672,0.0
1981-10-01,Other_excess,0.0594,0.00593775,-0.05019294,0.0
1981-11-01,NoDur_excess,0.0159,0.00559468,0.00383872,0.00383872
1981-11-01,Durbl_excess,0.0379,0.00856915,-0.01610875,0.0
1981-11-01,Manuf_excess,0.036,0.00707903,-0.02642881,0.0
1981-11-01,Enrgy_excess,0.0578,0.00800623,-0.00110391,0.0
1981-11-01,HiTec_excess,0.0043,0.00862766,-0.0277707,0.0
1981-11-01,Telcm_excess,0.0163,0.00513602,0.00279369,0.00279369
1981-11-01,Shops_excess,0.0,0.00662371,-0.00206452,0.0
1981-11-01,Hlth_excess,0.0287,0.00771398,-0.01332372,0.0
1981-11-01,Utils_excess,0.0488,0.00566277,-0.01494386,0.0
1981-11-01,Other_excess,0.0398,0.006019,-0.0144285,0.0
1981-12-01,NoDur_excess,-0.0268,0.00561032,0.03000071,0.03000071
1981-12-01,Durbl_excess,-0.004,0.00861366,0.02062437,0.02062437
1981-12-01,Manuf_excess,-0.0253,0.00712291,-0.00083418,0.0
1981-12-01,Enrgy_excess,-0.0728,0.00808179,0.01862978,0.01862978
1981-12-01,HiTec_excess,-0.0089,0.00862109,0.0014378,0.0014378
1981-12-01,Telcm_excess,-0.0232,0.00515296,0.03166533,0.03166533
1981-12-01,Shops_excess,-0.0279,0.00661366,0.02886607,0.02886607
1981-12-01,Hlth_excess,-0.0161,0.00774583,0.00396187,0.00396187
1981-12-01,Utils_excess,-0.0322,0.00572822,0.0207111,0.0207111
1981-12-01,Other_excess,-0.0466,0.00607026,0.02138792,0.02138792
1982-01-01,NoDur_excess,-0.0172,0.00556121,-0.01894608,0.0
1982-01-01,Durbl_excess,0.0036,0.00859455,-0.02527616,0.0
1982-01-01,Manuf_excess,-0.041,0.00707379,-0.02614292,0.0
1982-01-01,Enrgy_excess,-0.0927,0.00795924,-0.01625143,0.0
1982-01-01,HiTec_excess,0.019,0.00859455,-0.02023805,0.0
1982-01-01,Telcm_excess,-0.0013,0.00511,-0.01822823,0.0
1982-01-01,Shops_excess,-0.0067,0.00656136,-0.01718563,0.0
1982-01-01,Hlth_excess,0.0064,0.0077097,-0.0107394,0.0
1982-01-01,Utils_excess,-0.0147,0.00567076,-0.02493748,0.0
1982-01-01,Other_excess,-0.0398,0.00599045,-0.02508073,0.0
1982-02-01,NoDur_excess,-0.0286,0.00552678,-0.01932551,0.0
1982-02-01,Durbl_excess,-0.0297,0.00858699,-0.03016729,0.0
1982-02-01,Manuf_excess,-0.0654,0.00700106,-0.03957467,0.0
1982-02-01,Enrgy_excess,-0.1212,0.00780696,-0.01993849,0.0
1982-02-01,HiTec_excess,-0.0624,0.00861029,-0.03777596,0.0
1982-02-01,Telcm_excess,-0.0661,0.0051003,-0.01766961,0.0
1982-02-01,Shops_excess,-0.0233,0.0065413,-0.02289525,0.0
1982-02-01,Hlth_excess,-0.0266,0.00770772,-0.01950859,0.0
1982-02-01,Utils_excess,-0.0126,0.00563994,-0.03355106,0.0
1982-02-01,Other_excess,-0.0484,0.00592118,-0.03729892,0.0
1982-03-01,NoDur_excess,0.0149,0.00547523,-0.00166522,0.0
1982-03-01,Durbl_excess,0.0253,0.00852915,-0.01921766,0.0
1982-03-01,Manuf_excess,-0.0275,0.00689169,-0.02798045,0.0
1982-03-01,Enrgy_excess,-0.0439,0.00761208,-0.01839322,0.0
1982-03-01,HiTec_excess,-0.0454,0.00850302,-0.02065495,0.0
1982-03-01,Telcm_excess,0.0107,0.00499275,-0.00702645,0.0
1982-03-01,Shops_excess,0.033,0.00649622,0.00169688,0.00169688
1982-03-01,Hlth_excess,-0.0354,0.00765589,-0.00532117,0.0
1982-03-01,Utils_excess,0.0068,0.00561239,-0.01100906,0.0
1982-03-01,Other_excess,-0.0224,0.00583912,-0.01917122,0.0
1982-04-01,NoDur_excess,0.0555,0.00548944,0.00569011,0.00569011
1982-04-01,Durbl_excess,0.0331,0.00855445,-0.00336151,0.0
1982-04-01,Manuf_excess,0.0212,0.00683982,-0.01746579,0.0
1982-04-01,Enrgy_excess,0.0318,0.00753439,-0.01237613,0.0
1982-04-01,HiTec_excess,0.0631,0.00842172,-0.01132585,0.0
1982-04-01,Telcm_excess,-0.0249,0.00500136,-0.00163133,0.0
1982-04-01,Shops_excess,0.0418,0.0065362,0.00940445,0.00940445
1982-04-01,Hlth_excess,0.0626,0.00759095,-0.00125163,0.0
1982-04-01,Utils_excess,0.0272,0.00561418,-0.00492071,0.0
1982-04-01,Other_excess,0.0251,0.00579653,-0.00830077,0.0
1982-05-01,NoDur_excess,-0.0435,0.00556476,0.00498074,0.00498074
1982-05-01,Durbl_excess,-0.0301,0.00859142,-0.00550202,0.0
1982-05-01,Manuf_excess,-0.0581,0.00686145,-0.01485657,0.0
1982-05-01,Enrgy_excess,0.0128,0.00757093,-0.00929325,0.0
1982-05-01,HiTec_excess,-0.0651,0.00850407,-0.01227644,0.0
1982-05-01,Telcm_excess,-0.0086,0.00495633,-0.0001165,0.0
1982-05-01,Shops_excess,-0.0379,0.00658931,0.00660956,0.00660956
1982-05-01,Hlth_excess,-0.0411,0.0076738,-0.00400311,0.0
1982-05-01,Utils_excess,-0.016,0.00564669,-0.00557287,0.0
1982-05-01,Other_excess,-0.0665,0.0058256,-0.00580176,0.0
1982-06-01,NoDur_excess,0.007,0.00549098,-1.632e-05,0.0
1982-06-01,Durbl_excess,0.0171,0.00853323,-0.01156957,0.0
1982-06-01,Manuf_excess,-0.0353,0.00676376,-0.02137886,0.0
1982-06-01,Enrgy_excess,-0.0722,0.0075788,-0.01422399,0.0
1982-06-01,HiTec_excess,-0.0334,0.00839338,-0.01526897,0.0
1982-06-01,Telcm_excess,-0.0341,0.00493594,-0.00415137,0.0
1982-06-01,Shops_excess,0.0169,0.00652241,0.00716415,0.00716415
1982-06-01,Hlth_excess,-0.0171,0.00760045,-0.0048417,0.0
1982-06-01,Utils_excess,-0.0317,0.00561414,-0.00899239,0.0
1982-06-01,Other_excess,-0.0338,0.00571684,-0.01195867,0.0
1982-07-01,NoDur_excess,-0.015,0.00549324,-0.02711162,0.0
1982-07-01,Durbl_excess,-0.0138,0.0085461,-0.03763898,0.0
1982-07-01,Manuf_excess,-0.0338,0.0067006,-0.04107352,0.0
1982-07-01,Enrgy_excess,-0.0916,0.00745901,-0.02507836,0.0
1982-07-01,HiTec_excess,0.0046,0.00833063,-0.04706614,0.0
1982-07-01,Telcm_excess,0.0015,0.00487733,-0.02825926,0.0
1982-07-01,Shops_excess,-0.0083,0.00653799,-0.03074615,0.0
1982-07-01,Hlth_excess,-0.0027,0.00756336,-0.02653222,0.0
1982-07-01,Utils_excess,-0.0364,0.00555811,-0.04392737,0.0
1982-07-01,Other_excess,-0.0408,0.00565751,-0.04115766,0.0
1982-08-01,NoDur_excess,0.084,0.00546252,0.00324704,0.00324704
1982-08-01,Durbl_excess,0.131,0.00851259,-0.00523542,0.0
1982-08-01,Manuf_excess,0.132,0.00663988,-0.02811452,0.0
1982-08-01,Enrgy_excess,0.0929,0.00731049,-0.01682153,0.0
1982-08-01,HiTec_excess,0.121,0.00832504,-0.0229281,0.0
1982-08-01,Telcm_excess,0.1009,0.00487226,-0.00490473,0.0
1982-08-01,Shops_excess,0.1184,0.00651574,0.00994836,0.00994836
1982-08-01,Hlth_excess,0.1168,0.00754798,-0.00743633,0.0
1982-08-01,Utils_excess,0.1132,0.0054952,-0.01460301,0.0
1982-08-01,Other_excess,0.106,0.00558786,-0.018373,0.0
1982-09-01,NoDur_excess,0.0463,0.00558009,0.01336324,0.01336324
1982-09-01,Durbl_excess,-0.0126,0.00869596,0.02021552,0.02021552
1982-09-01,Manuf_excess,-0.0155,0.00682754,-0.01457857,0.0
1982-09-01,Enrgy_excess,0.0134,0.00743862,-0.00544397,0.0
1982-09-01,HiTec_excess,0.0066,0.00849371,-0.00788226,0.0
1982-09-01,Telcm_excess,0.0049,0.00501602,0.00980609,0.00980609
1982-09-01,Shops_excess,0.0426,0.00668323,0.02118595,0.02118595
1982-09-01,Hlth_excess,0.0085,0.00771153,0.00225338,0.00225338
1982-09-01,Utils_excess,0.0056,0.00565644,0.0024805,0.0024805
1982-09-01,Other_excess,0.0369,0.00573817,-0.00598407,0.0
1982-10-01,NoDur_excess,0.0987,0.00564096,0.01449534,0.01449534
1982-10-01,Durbl_excess,0.1593,0.00866413,0.01816683,0.01816683
1982-10-01,Manuf_excess,0.1247,0.00679417,-0.00872098,0.0
1982-10-01,Enrgy_excess,0.0491,0.00744753,-0.00356612,0.0
1982-10-01,HiTec_excess,0.164,0.00849088,-0.00103419,0.0
1982-10-01,Telcm_excess,0.0753,0.00501584,0.01030572,0.01030572
1982-10-01,Shops_excess,0.1628,0.00673692,0.02040155,0.02040155
1982-10-01,Hlth_excess,0.0763,0.00771271,0.00307374,0.00307374
1982-10-01,Utils_excess,0.0414,0.00565635,0.00196143,0.00196143
1982-10-01,Other_excess,0.1509,0.00578475,0.00264831,0.00264831
1982-11-01,NoDur_excess,0.046,0.00577985,0.02032383,0.02032383
1982-11-01,Durbl_excess,0.0762,0.00888896,0.02548808,0.02548808
1982-11-01,Manuf_excess,0.0516,0.00697015,-0.00119526,0.0
1982-11-01,Enrgy_excess,-0.0521,0.0075097,0.0001701,0.0001701
1982-11-01,HiTec_excess,0.1006,0.00872299,0.00834411,0.00834411
1982-11-01,Telcm_excess,0.0537,0.00512075,0.01603954,0.01603954
1982-11-01,Shops_excess,0.1056,0.00696985,0.0300282,0.0300282
1982-11-01,Hlth_excess,0.0454,0.00781507,0.0085676,0.0085676
1982-11-01,Utils_excess,-0.0051,0.0057097,0.01020943,0.01020943
1982-11-01,Other_excess,0.0694,0.00600134,0.0104351,0.0104351
1982-12-01,NoDur_excess,0.003,0.00583979,0.00794297,0.00794297
1982-12-01,Durbl_excess,0.0236,0.00898927,0.01285067,0.01285067
1982-12-01,Manuf_excess,0.0006,0.00703666,-0.00800328,0.0
1982-12-01,Enrgy_excess,0.0486,0.00742086,-0.01449739,0.0
1982-12-01,HiTec_excess,0.0198,0.00885991,0.00529791,0.00529791
1982-12-01,Telcm_excess,-0.019,0.00519314,0.00362188,0.00362188
1982-12-01,Shops_excess,-0.0274,0.00711684,0.02054395,0.02054395
1982-12-01,Hlth_excess,-0.0009,0.00787109,0.00669748,0.00669748
1982-12-01,Utils_excess,0.0367,0.00569359,-0.00148495,0.0
1982-12-01,Other_excess,-0.0203,0.00609583,-0.00244662,0.0
1983-01-01,NoDur_excess,-0.017,0.00583557,0.00228804,0.00228804
1983-01-01,Durbl_excess,0.0448,0.00901101,0.00770491,0.00770491
1983-01-01,Manuf_excess,0.0434,0.00702708,-0.01144568,0.0
1983-01-01,Enrgy_excess,0.0295,0.00748214,-0.01115724,0.0
1983-01-01,HiTec_excess,0.0769,0.00887619,-0.00563299,0.0
1983-01-01,Telcm_excess,0.1175,0.00515714,-0.00067835,0.0
1983-01-01,Shops_excess,0.0057,0.00706548,0.00579432,0.00579432
1983-01-01,Hlth_excess,0.0073,0.00785804,-0.00195732,0.0
1983-01-01,Utils_excess,0.0298,0.00573973,-0.01267273,0.0
1983-01-01,Other_excess,0.0216,0.00605655,-0.00894958,0.0
1983-02-01,NoDur_excess,0.0314,0.00580163,-0.00684553,0.0
1983-02-01,Durbl_excess,0.0302,0.00906419,-0.00664724,0.0
1983-02-01,Manuf_excess,0.0344,0.00708113,-0.02272771,0.0
1983-02-01,Enrgy_excess,-0.0121,0.00751486,-0.02318622,0.0
1983-02-01,HiTec_excess,0.0299,0.00897727,-0.00996749,0.0
1983-02-01,Telcm_excess,-0.0099,0.00532407,-0.00782874,0.0
1983-02-01,Shops_excess,0.0729,0.00706345,0.00399538,0.00399538
1983-02-01,Hlth_excess,0.0221,0.00785721,-0.00241551,0.0
1983-02-01,Utils_excess,0.0097,0.00577548,-0.01676293,0.0
1983-02-01,Other_excess,0.0394,0.00607964,-0.02173245,0.0
1983-03-01,NoDur_excess,0.0689,0.00583961,0.00612149,0.00612149
1983-03-01,Durbl_excess,-0.0178,0.00909555,0.00568591,0.00568591
1983-03-01,Manuf_excess,0.0147,0.00712166,-0.01239107,0.0
1983-03-01,Enrgy_excess,0.053,0.00748576,-0.01130729,0.0
1983-03-01,HiTec_excess,0.0003,0.00900831,-0.00516151,0.0
1983-03-01,Telcm_excess,0.0001,0.00530148,0.00632703,0.00632703
1983-03-01,Shops_excess,0.0788,0.00716113,0.01525316,0.01525316
1983-03-01,Hlth_excess,0.0391,0.00787834,-0.00053041,0.0
1983-03-01,Utils_excess,-0.0038,0.00578131,-0.00804573,0.0
1983-03-01,Other_excess,0.0432,0.00612908,-0.00742837,0.0
1983-04-01,NoDur_excess,0.0549,0.00593304,-0.00530082,0.0
1983-04-01,Durbl_excess,0.1017,0.0090557,-0.01309304,0.0
1983-04-01,Manuf_excess,0.0563,0.00713289,-0.02664868,0.0
1983-04-01,Enrgy_excess,0.0865,0.00755319,-0.02726173,0.0
1983-04-01,HiTec_excess,0.0678,0.00899541,-0.01392095,0.0
1983-04-01,Telcm_excess,0.0443,0.00529378,-0.00649797,0.0
1983-04-01,Shops_excess,0.0787,0.00726726,0.00694669,0.00694669
1983-04-01,Hlth_excess,0.0434,0.00792459,-0.00379322,0.0
1983-04-01,Utils_excess,0.0407,0.00576711,-0.01633244,0.0
1983-04-01,Other_excess,0.0763,0.006184,-0.02475502,0.0
1983-05-01,NoDur_excess,-0.0164,0.00600547,0.00354121,0.00354121
1983-05-01,Durbl_excess,-0.0277,0.00919275,-0.0068679,0.0
1983-05-01,Manuf_excess,0.0132,0.00720562,-0.02280965,0.0
1983-05-01,Enrgy_excess,0.0064,0.00766997,-0.02061722,0.0
1983-05-01,HiTec_excess,0.0211,0.0090824,-0.01118674,0.0
1983-05-01,Telcm_excess,-0.02,0.00535148,0.00538833,0.00538833
1983-05-01,Shops_excess,-0.0022,0.00737293,0.01858142,0.01858142
1983-05-01,Hlth_excess,-0.0344,0.00797707,-0.00277346,0.0
1983-05-01,Utils_excess,0.0185,0.00581879,-0.0082139,0.0
1983-05-01,Other_excess,0.0168,0.00628772,-0.01501941,0.0
1983-06-01,NoDur_excess,0.0252,0.00597238,-0.02404316,0.0
1983-06-01,Durbl_excess,0.0965,0.00913826,-0.03252478,0.0
1983-06-01,Manuf_excess,0.0091,0.00721448,-0.04175616,0.0
1983-06-01,Enrgy_excess,0.0576,0.00766809,-0.03591247,0.0
1983-06-01,HiTec_excess,0.0546,0.00910015,-0.03279854,0.0
1983-06-01,Telcm_excess,-0.0049,0.00531403,-0.02018677,0.0
1983-06-01,Shops_excess,0.0544,0.00735879,-0.01531571,0.0
1983-06-01,Hlth_excess,0.0625,0.00791448,-0.01797313,0.0
1983-06-01,Utils_excess,-0.0122,0.00583752,-0.03562228,0.0
1983-06-01,Other_excess,0.0101,0.00630325,-0.04386538,0.0
1983-07-01,NoDur_excess,-0.034,0.00600074,-0.01424762,0.0
1983-07-01,Durbl_excess,-0.0464,0.00926711,-0.02045696,0.0
1983-07-01,Manuf_excess,-0.0332,0.00721726,-0.03357202,0.0
1983-07-01,Enrgy_excess,-0.0301,0.00774174,-0.02613223,0.0
1983-07-01,HiTec_excess,-0.061,0.00916726,-0.02536619,0.0
1983-07-01,Telcm_excess,-0.0591,0.00529897,-0.01132693,0.0
1983-07-01,Shops_excess,-0.0402,0.00742817,-0.00780631,0.0
1983-07-01,Hlth_excess,-0.0642,0.00799499,-0.01296784,0.0
1983-07-01,Utils_excess,0.0028,0.00581091,-0.02782294,0.0
1983-07-01,Other_excess,-0.0438,0.00630885,-0.03357594,0.0
1983-08-01,NoDur_excess,-0.0004,0.00594183,-0.02962421,0.0
1983-08-01,Durbl_excess,-0.0313,0.00918513,-0.03882193,0.0
1983-08-01,Manuf_excess,-0.0016,0.00715773,-0.05227815,0.0
1983-08-01,Enrgy_excess,0.0611,0.00768601,-0.03914823,0.0
1983-08-01,HiTec_excess,-0.0187,0.00906392,-0.04169794,0.0
1983-08-01,Telcm_excess,0.0144,0.00520412,-0.03096111,0.0
1983-08-01,Shops_excess,-0.0549,0.00735803,-0.02420703,0.0
1983-08-01,Hlth_excess,-0.0177,0.00788866,-0.02015812,0.0
1983-08-01,Utils_excess,0.0076,0.00580648,-0.043204,0.0
1983-08-01,Other_excess,-0.0167,0.00623505,-0.05708185,0.0
1983-09-01,NoDur_excess,0.039,0.0059325,-0.01525041,0.0
1983-09-01,Durbl_excess,0.0363,0.00912559,-0.02806051,0.0
1983-09-01,Manuf_excess,0.0152,0.00714485,-0.04419274,0.0
1983-09-01,Enrgy_excess,-0.0536,0.00776456,-0.02858983,0.0
1983-09-01,HiTec_excess,0.014,0.00902309,-0.03341177,0.0
1983-09-01,Telcm_excess,0.015,0.00521765,-0.01755852,0.0
1983-09-01,Shops_excess,0.0143,0.00726647,-0.00896268,0.0
1983-09-01,Hlth_excess,0.0054,0.00785103,-0.01494006,0.0
1983-09-01,Utils_excess,0.039,0.00580912,-0.03051069,0.0
1983-09-01,Other_excess,0.0084,0.00620132,-0.0441041,0.0
1983-10-01,NoDur_excess,-0.0097,0.00598106,-0.00540143,0.0
1983-10-01,Durbl_excess,-0.0072,0.00916549,-0.01692485,0.0
1983-10-01,Manuf_excess,-0.0305,0.00715668,-0.03392361,0.0
1983-10-01,Enrgy_excess,-0.0281,0.00767445,-0.02199849,0.0
1983-10-01,HiTec_excess,-0.0771,0.0090304,-0.02664044,0.0
1983-10-01,Telcm_excess,-0.0595,0.00523201,-0.00540147,0.0
1983-10-01,Shops_excess,-0.0253,0.0072768,-0.00209903,0.0
1983-10-01,Hlth_excess,-0.0294,0.00784743,-0.01355887,0.0
1983-10-01,Utils_excess,0.0229,0.00585786,-0.02027827,0.0
1983-10-01,Other_excess,-0.0483,0.00620455,-0.03045669,0.0
1983-11-01,NoDur_excess,0.016,0.00595806,-0.01334289,0.0
1983-11-01,Durbl_excess,0.0353,0.0091415,-0.02246527,0.0
1983-11-01,Manuf_excess,0.0578,0.00710147,-0.04013516,0.0
1983-11-01,Enrgy_excess,-0.0115,0.00762199,-0.02998853,0.0
1983-11-01,HiTec_excess,0.0163,0.00890411,-0.02869709,0.0
1983-11-01,Telcm_excess,0.0247,0.0051371,-0.01788181,0.0
1983-11-01,Shops_excess,0.0374,0.00722903,-0.00864175,0.0
1983-11-01,Hlth_excess,-0.0373,0.00779282,-0.01273425,0.0
1983-11-01,Utils_excess,-0.0234,0.00588284,-0.02369203,0.0
1983-11-01,Other_excess,0.0402,0.00612463,-0.04089614,0.0
1983-12-01,NoDur_excess,-0.012,0.00597277,-0.00956048,0.0
1983-12-01,Durbl_excess,0.0019,0.0091798,-0.01727369,0.0
1983-12-01,Manuf_excess,-0.0184,0.0071757,-0.03410536,0.0
1983-12-01,Enrgy_excess,0.0137,0.007594,-0.02634616,0.0
1983-12-01,HiTec_excess,-0.0037,0.00891493,-0.02699752,0.0
1983-12-01,Telcm_excess,-0.0226,0.00516574,-0.01159818,0.0
1983-12-01,Shops_excess,-0.0545,0.00727321,-0.00640819,0.0
1983-12-01,Hlth_excess,-0.0436,0.00772679,-0.01504064,0.0
1983-12-01,Utils_excess,-0.0437,0.00583997,-0.02122192,0.0
1983-12-01,Other_excess,-0.016,0.00617452,-0.03449977,0.0
1984-01-01,NoDur_excess,-0.0147,0.00594649,-0.01276518,0.0
1984-01-01,Durbl_excess,-0.0614,0.00916915,-0.02001237,0.0
1984-01-01,Manuf_excess,-0.0425,0.0071383,-0.03567579,0.0
1984-01-01,Enrgy_excess,0.0909,0.00760292,-0.02775463,0.0
1984-01-01,HiTec_excess,-0.0696,0.00889649,-0.02644299,0.0
1984-01-01,Telcm_excess,0.0334,0.00512515,-0.01602135,0.0
1984-01-01,Shops_excess,-0.0661,0.00718289,-0.01087505,0.0
1984-01-01,Hlth_excess,-0.0133,0.00765175,-0.01567203,0.0
1984-01-01,Utils_excess,0.0068,0.00576754,-0.02413794,0.0
1984-01-01,Other_excess,-0.0239,0.00614211,-0.03741045,0.0
1984-02-01,NoDur_excess,-0.0636,0.00591635,-0.00567069,0.0
1984-02-01,Durbl_excess,-0.068,0.00906613,-0.01353457,0.0
1984-02-01,Manuf_excess,-0.073,0.00706584,-0.02821129,0.0
1984-02-01,Enrgy_excess,0.0325,0.00772453,-0.01836966,0.0
1984-02-01,HiTec_excess,-0.0664,0.0087819,-0.02082712,0.0
1984-02-01,Telcm_excess,-0.0439,0.00516642,-0.00420479,0.0
1984-02-01,Shops_excess,-0.0516,0.00707591,-0.00462689,0.0
1984-02-01,Hlth_excess,-0.0274,0.00762117,-0.01359263,0.0
1984-02-01,Utils_excess,-0.0405,0.00576905,-0.01373388,0.0
1984-02-01,Other_excess,-0.0564,0.00609825,-0.0246567,0.0
1984-03-01,NoDur_excess,0.009,0.00581501,-0.0170338,0.0
1984-03-01,Durbl_excess,-0.0036,0.00895379,-0.02129119,0.0
1984-03-01,Manuf_excess,0.0256,0.00694913,-0.03327655,0.0
1984-03-01,Enrgy_excess,-0.0046,0.00776064,-0.01918555,0.0
1984-03-01,HiTec_excess,0.0106,0.0086723,-0.02705747,0.0
1984-03-01,Telcm_excess,-0.0503,0.0050949,-0.01496218,0.0
1984-03-01,Shops_excess,0.0048,0.00699038,-0.01807202,0.0
1984-03-01,Hlth_excess,-0.014,0.00757012,-0.01709435,0.0
1984-03-01,Utils_excess,-0.0104,0.0057016,-0.02319498,0.0
1984-03-01,Other_excess,0.0172,0.00600714,-0.03426505,0.0
1984-04-01,NoDur_excess,-0.0024,0.00581965,-0.01739054,0.0
1984-04-01,Durbl_excess,0.0051,0.00893552,-0.02147877,0.0
1984-04-01,Manuf_excess,-0.0094,0.00697627,-0.03250707,0.0
1984-04-01,Enrgy_excess,0.0317,0.00774265,-0.01858719,0.0
1984-04-01,HiTec_excess,-0.0124,0.00867511,-0.02774141,0.0
1984-04-01,Telcm_excess,0.0139,0.00501426,-0.01782874,0.0
1984-04-01,Shops_excess,-0.0047,0.00698719,-0.02019697,0.0
1984-04-01,Hlth_excess,0.0151,0.00753872,-0.0180935,0.0
1984-04-01,Utils_excess,-0.0131,0.00567817,-0.0251529,0.0
1984-04-01,Other_excess,-0.0284,0.00602344,-0.03488294,0.0
1984-05-01,NoDur_excess,-0.0319,0.0058077,-0.01422264,0.0
1984-05-01,Durbl_excess,-0.0657,0.00892994,-0.01965692,0.0
1984-05-01,Manuf_excess,-0.0659,0.00695247,-0.03203079,0.0
1984-05-01,Enrgy_excess,-0.059,0.00777747,-0.01814717,0.0
1984-05-01,HiTec_excess,-0.0638,0.00864448,-0.02531311,0.0
1984-05-01,Telcm_excess,-0.0435,0.00502718,-0.0136929,0.0
1984-05-01,Shops_excess,-0.0596,0.0069702,-0.01359901,0.0
1984-05-01,Hlth_excess,-0.0724,0.00754971,-0.01613946,0.0
1984-05-01,Utils_excess,-0.0161,0.00565087,-0.02122913,0.0
1984-05-01,Other_excess,-0.0766,0.0059734,-0.03220963,0.0
1984-06-01,NoDur_excess,0.0557,0.00575298,-0.02526993,0.0
1984-06-01,Durbl_excess,0.0136,0.00882163,-0.02967699,0.0
1984-06-01,Manuf_excess,0.0244,0.00684673,-0.04254402,0.0
1984-06-01,Enrgy_excess,-0.0275,0.00768055,-0.02507694,0.0
1984-06-01,HiTec_excess,0.0104,0.00853933,-0.03532668,0.0
1984-06-01,Telcm_excess,0.1146,0.00495675,-0.0271475,0.0
1984-06-01,Shops_excess,0.0665,0.00687358,-0.02794647,0.0
1984-06-01,Hlth_excess,0.0311,0.00743367,-0.0229881,0.0
1984-06-01,Utils_excess,-0.0031,0.0056193,-0.03356675,0.0
1984-06-01,Other_excess,0.0147,0.00585356,-0.04772802,0.0
1984-07-01,NoDur_excess,-0.0239,0.00582536,-0.00497159,0.0
1984-07-01,Durbl_excess,0.0171,0.00882855,-0.01075463,0.0
1984-07-01,Manuf_excess,-0.0229,0.00687217,-0.02973822,0.0
1984-07-01,Enrgy_excess,-0.0829,0.00762957,-0.0151765,0.0
1984-07-01,HiTec_excess,-0.0327,0.00854203,-0.0233893,0.0
1984-07-01,Telcm_excess,0.0199,0.00511565,-0.00614214,0.0
1984-07-01,Shops_excess,-0.007,0.00696,-5.068e-05,0.0
1984-07-01,Hlth_excess,-0.0459,0.00746797,-0.01426371,0.0
1984-07-01,Utils_excess,-0.0083,0.00560667,-0.01691356,0.0
1984-07-01,Other_excess,-0.0269,0.00586638,-0.02843293,0.0
1984-08-01,NoDur_excess,0.0786,0.00578234,0.00397889,0.00397889
1984-08-01,Durbl_excess,0.0917,0.00884052,0.00118363,0.00118363
1984-08-01,Manuf_excess,0.1107,0.00682909,-0.0171772,0.0
1984-08-01,Enrgy_excess,0.1318,0.00749855,-0.0086951,0.0
1984-08-01,HiTec_excess,0.1313,0.00848234,-0.0144976,0.0
1984-08-01,Telcm_excess,0.0589,0.00513705,0.00694587,0.00694587
1984-08-01,Shops_excess,0.0903,0.0069398,0.00942696,0.00942696
1984-08-01,Hlth_excess,0.0961,0.00739074,-0.0124284,0.0
1984-08-01,Utils_excess,0.0695,0.00558654,-0.00430054,0.0
1984-08-01,Other_excess,0.1026,0.00581896,-0.0114502,0.0
1984-09-01,NoDur_excess,0.004,0.00588757,0.00063709,0.00063709
1984-09-01,Durbl_excess,-0.0106,0.00896026,-0.00250291,0.0
1984-09-01,Manuf_excess,-0.0343,0.00697919,-0.01437565,0.0
1984-09-01,Enrgy_excess,0.0139,0.00767818,-0.00853589,0.0
1984-09-01,HiTec_excess,-0.048,0.00865983,-0.00957706,0.0
1984-09-01,Telcm_excess,0.0206,0.00521474,0.00407586,0.00407586
1984-09-01,Shops_excess,-0.008,0.00706026,0.00788477,0.00788477
1984-09-01,Hlth_excess,-0.0528,0.00751893,-0.00790805,0.0
1984-09-01,Utils_excess,0.04,0.0056789,-0.00262456,0.0
1984-09-01,Other_excess,0.0132,0.00595882,-0.01255852,0.0
1984-10-01,NoDur_excess,0.0038,0.00588485,0.00100514,0.00100514
1984-10-01,Durbl_excess,0.0115,0.00893203,-0.00303322,0.0
1984-10-01,Manuf_excess,-0.0041,0.00691962,-0.01312409,0.0
1984-10-01,Enrgy_excess,-0.0535,0.00768716,-0.00603643,0.0
1984-10-01,HiTec_excess,-0.0155,0.00857807,-0.01060047,0.0
1984-10-01,Telcm_excess,-0.018,0.00523694,0.00574897,0.00574897
1984-10-01,Shops_excess,-0.0169,0.00703853,0.00783218,0.00783218
1984-10-01,Hlth_excess,0.0066,0.00743189,-0.00984499,0.0
1984-10-01,Utils_excess,0.0235,0.00572843,-0.00193256,0.0
1984-10-01,Other_excess,-0.0023,0.00596926,-0.00928246,0.0
1984-11-01,NoDur_excess,-0.0035,0.00588184,0.00938128,0.00938128
1984-11-01,Durbl_excess,-0.0376,0.00893573,0.0052457,0.0052457
1984-11-01,Manuf_excess,-0.0208,0.00690375,-0.00906836,0.0
1984-11-01,Enrgy_excess,-0.0172,0.00759899,-0.00095143,0.0
1984-11-01,HiTec_excess,-0.0453,0.00854337,-0.00608098,0.0
1984-11-01,Telcm_excess,-0.0097,0.00520346,0.0080944,0.0080944
1984-11-01,Shops_excess,-0.0364,0.00700403,0.01728858,0.01728858
1984-11-01,Hlth_excess,-0.0081,0.00743069,-0.00345174,0.0
1984-11-01,Utils_excess,0.0233,0.00575403,0.00513059,0.00513059
1984-11-01,Other_excess,-0.0107,0.00595735,-0.00346541,0.0
1984-12-01,NoDur_excess,0.018,0.00586835,0.00318053,0.00318053
1984-12-01,Durbl_excess,0.0397,0.00886878,0.00174134,0.00174134
1984-12-01,Manuf_excess,0.0152,0.00686388,-0.01369098,0.0
1984-12-01,Enrgy_excess,-0.0121,0.00756331,-0.00501769,0.0
1984-12-01,HiTec_excess,0.019,0.0084659,-0.00990229,0.0
1984-12-01,Telcm_excess,0.0448,0.00518201,-0.00024971,0.0
1984-12-01,Shops_excess,0.0012,0.00694158,0.01091946,0.01091946
1984-12-01,Hlth_excess,0.0207,0.00740835,-0.00385935,0.0
1984-12-01,Utils_excess,0.0201,0.00577928,-0.00237997,0.0
1984-12-01,Other_excess,0.0306,0.00593338,-0.01209409,0.0
1985-01-01,NoDur_excess,0.0419,0.00588578,0.00099964,0.00099964
1985-01-01,Durbl_excess,0.0919,0.00891307,0.00367361,0.00367361
1985-01-01,Manuf_excess,0.0782,0.00687586,-0.01338951,0.0
1985-01-01,Enrgy_excess,0.0589,0.00753506,-0.00534663,0.0
1985-01-01,HiTec_excess,0.1191,0.00848103,-0.01108844,0.0
1985-01-01,Telcm_excess,0.0521,0.00523894,0.00047274,0.00047274
1985-01-01,Shops_excess,0.1248,0.00693333,0.00725814,0.00725814
1985-01-01,Hlth_excess,0.0766,0.00742744,-0.00555808,0.0
1985-01-01,Utils_excess,0.0175,0.00579986,-0.0051908,0.0
1985-01-01,Other_excess,0.0916,0.00596882,-0.01254247,0.0
1985-02-01,NoDur_excess,0.0449,0.00593745,0.00476207,0.00476207
1985-02-01,Durbl_excess,-0.0215,0.00903214,0.00924456,0.00924456
1985-02-01,Manuf_excess,0.0075,0.00697819,-0.00809748,0.0
1985-02-01,Enrgy_excess,0.033,0.00760875,0.00065643,0.00065643
1985-02-01,HiTec_excess,-0.019,0.00863974,-0.00697736,0.0
1985-02-01,Telcm_excess,0.0211,0.00530617,0.00590332,0.00590332
1985-02-01,Shops_excess,0.0152,0.00710244,0.01367649,0.01367649
1985-02-01,Hlth_excess,0.0302,0.00752669,-0.00334901,0.0
1985-02-01,Utils_excess,0.0079,0.00581664,-0.0024253,0.0
1985-02-01,Other_excess,0.0152,0.00609168,-0.00532263,0.0
1985-03-01,NoDur_excess,0.0402,0.00599327,-0.01389462,0.0
1985-03-01,Durbl_excess,-0.0585,0.0089884,-0.01619116,0.0
1985-03-01,Manuf_excess,-0.0338,0.00697894,-0.02574136,0.0
1985-03-01,Enrgy_excess,0.0083,0.00764513,-0.01633586,0.0
1985-03-01,HiTec_excess,-0.0664,0.00860014,-0.02373599,0.0
1985-03-01,Telcm_excess,0.0486,0.0053288,-0.0112034,0.0
1985-03-01,Shops_excess,-0.0123,0.00711404,-0.00649964,0.0
1985-03-01,Hlth_excess,0.0245,0.00755917,-0.01176527,0.0
1985-03-01,Utils_excess,0.0551,0.00581963,-0.02302573,0.0
1985-03-01,Other_excess,-0.0078,0.00610473,-0.02964574,0.0
1985-04-01,NoDur_excess,-0.0285,0.0060422,0.00170509,0.00170509
1985-04-01,Durbl_excess,-0.0417,0.00889185,-0.00312997,0.0
1985-04-01,Manuf_excess,-0.0221,0.0069206,-0.01430273,0.0
1985-04-01,Enrgy_excess,0.0308,0.00764607,-0.0016556,0.0
1985-04-01,HiTec_excess,-0.0436,0.00849285,-0.01834003,0.0
1985-04-01,Telcm_excess,0.0018,0.0053907,0.00304346,0.00304346
1985-04-01,Shops_excess,-0.0068,0.00708627,0.00382907,0.00382907
1985-04-01,Hlth_excess,-0.0249,0.0075834,-0.00671055,0.0
1985-04-01,Utils_excess,0.0088,0.00589013,-0.00877796,0.0
1985-04-01,Other_excess,0.0072,0.00608484,-0.01206152,0.0
1985-05-01,NoDur_excess,0.0732,0.00599286,0.0054159,0.0054159
1985-05-01,Durbl_excess,0.0524,0.00881957,0.00034937,0.00034937
1985-05-01,Manuf_excess,0.0543,0.00687914,-0.01198676,0.0
1985-05-01,Enrgy_excess,-0.0004,0.00767914,-0.00148177,0.0
1985-05-01,HiTec_excess,0.0218,0.00841843,-0.01199868,0.0
1985-05-01,Telcm_excess,0.0597,0.00538557,0.00642132,0.00642132
1985-05-01,Shops_excess,0.0894,0.00706643,0.01245743,0.01245743
1985-05-01,Hlth_excess,0.0871,0.007537,-0.00276883,0.0
1985-05-01,Utils_excess,0.0472,0.00589429,-0.00219265,0.0
1985-05-01,Other_excess,0.0564,0.00608643,-0.00616741,0.0
1985-06-01,NoDur_excess,0.0221,0.00608873,0.02079167,0.02079167
1985-06-01,Durbl_excess,0.0094,0.00888174,0.01870072,0.01870072
1985-06-01,Manuf_excess,0.0096,0.00694679,0.00429435,0.00429435
1985-06-01,Enrgy_excess,-0.0119,0.00766762,0.01059116,0.01059116
1985-06-01,HiTec_excess,-0.0125,0.00843752,0.00139063,0.00139063
1985-06-01,Telcm_excess,0.0355,0.00546305,0.0212826,0.0212826
1985-06-01,Shops_excess,0.0105,0.00718388,0.0292,0.0292
1985-06-01,Hlth_excess,0.0172,0.0076505,0.00572423,0.00572423
1985-06-01,Utils_excess,0.0307,0.00595321,0.01380478,0.01380478
1985-06-01,Other_excess,0.0231,0.0061582,0.01483301,0.01483301
1985-07-01,NoDur_excess,-0.0324,0.00611154,0.00346457,0.00346457
1985-07-01,Durbl_excess,0.0192,0.00888248,0.00260315,0.00260315
1985-07-01,Manuf_excess,0.0279,0.00695057,-0.00637639,0.0
1985-07-01,Enrgy_excess,-0.0121,0.00763974,-0.00088097,0.0
1985-07-01,HiTec_excess,0.0379,0.00840769,-0.01035482,0.0
1985-07-01,Telcm_excess,-0.0519,0.00550584,0.0075369,0.0075369
1985-07-01,Shops_excess,-0.0461,0.0071886,0.00874303,0.00874303
1985-07-01,Hlth_excess,-0.0109,0.0076641,-0.00136884,0.0
1985-07-01,Utils_excess,-0.0527,0.00598846,-0.00327416,0.0
1985-07-01,Other_excess,-0.0078,0.00618234,-0.00382906,0.0
1985-08-01,NoDur_excess,0.0015,0.00605676,-0.00179947,0.0
1985-08-01,Durbl_excess,-0.0358,0.00889716,-0.00306602,0.0
1985-08-01,Manuf_excess,-0.0169,0.00698037,-0.01123491,0.0
1985-08-01,Enrgy_excess,0.0103,0.00761166,-0.00770029,0.0
1985-08-01,HiTec_excess,-0.0308,0.00844964,-0.01207461,0.0
1985-08-01,Telcm_excess,-0.0002,0.00542418,0.00099455,0.00099455
1985-08-01,Shops_excess,-0.0116,0.0071128,0.00413217,0.00413217
1985-08-01,Hlth_excess,-0.0137,0.0076377,-0.00237343,0.0
1985-08-01,Utils_excess,0.0137,0.00590498,-0.00886599,0.0
1985-08-01,Other_excess,-0.0093,0.00616245,-0.01155045,0.0
1985-09-01,NoDur_excess,-0.0117,0.00605028,0.00714515,0.00714515
1985-09-01,Durbl_excess,-0.0369,0.00883366,0.00452728,0.00452728
1985-09-01,Manuf_excess,-0.0458,0.00694645,-0.00515042,0.0
1985-09-01,Enrgy_excess,-0.019,0.00761548,-0.00106855,0.0
1985-09-01,HiTec_excess,-0.0534,0.00839389,-0.00730055,0.0
1985-09-01,Telcm_excess,-0.0468,0.00541619,0.00841721,0.00841721
1985-09-01,Shops_excess,-0.0493,0.00708622,0.01303264,0.01303264
1985-09-01,Hlth_excess,-0.0452,0.00760739,0.00083214,0.00083214
1985-09-01,Utils_excess,-0.0598,0.00591605,0.00010809,0.00010809
1985-09-01,Other_excess,-0.0558,0.00614048,-0.00147403,0.0
1985-10-01,NoDur_excess,0.0292,0.00602511,0.00188501,0.00188501
1985-10-01,Durbl_excess,0.0033,0.00876879,-0.00295989,0.0
1985-10-01,Manuf_excess,0.0264,0.00687163,-0.01128893,0.0
1985-10-01,Enrgy_excess,0.053,0.00757773,-0.00591343,0.0
1985-10-01,HiTec_excess,0.0237,0.00830624,-0.01320777,0.0
1985-10-01,Telcm_excess,0.0351,0.00534213,0.00191163,0.00191163
1985-10-01,Shops_excess,0.0618,0.00700624,0.00838838,0.00838838
1985-10-01,Hlth_excess,0.0222,0.00753248,-0.00200147,0.0
1985-10-01,Utils_excess,0.0568,0.00582284,-0.00637009,0.0
1985-10-01,Other_excess,0.0575,0.00605262,-0.00993426,0.0
1985-11-01,NoDur_excess,0.0762,0.00605793,0.00627473,0.00627473
1985-11-01,Durbl_excess,0.0927,0.00876105,9.1e-06,9.1e-06
1985-11-01,Manuf_excess,0.0733,0.00689929,-0.00790113,0.0
1985-11-01,Enrgy_excess,-0.0027,0.00764207,-0.00096686,0.0
1985-11-01,HiTec_excess,0.0805,0.00832805,-0.01208665,0.0
1985-11-01,Telcm_excess,0.068,0.00538428,0.00694851,0.00694851
1985-11-01,Shops_excess,0.0736,0.00708385,0.01203535,0.01203535
1985-11-01,Hlth_excess,0.0895,0.00755326,-0.00170229,0.0
1985-11-01,Utils_excess,0.0349,0.00589504,-0.00162894,0.0
1985-11-01,Other_excess,0.0681,0.0061255,-0.00372993,0.0
1985-12-01,NoDur_excess,0.0481,0.00615714,0.00885375,0.00885375
1985-12-01,Durbl_excess,0.0635,0.00887977,0.0035016,0.0035016
1985-12-01,Manuf_excess,0.0383,0.00699321,-0.00325206,0.0
1985-12-01,Enrgy_excess,-0.0333,0.00762744,-0.00108457,0.0
1985-12-01,HiTec_excess,0.0762,0.00843013,-0.00727511,0.0
1985-12-01,Telcm_excess,0.0538,0.00547284,0.01074579,0.01074579
1985-12-01,Shops_excess,0.0389,0.00717793,0.01489658,0.01489658
1985-12-01,Hlth_excess,0.0287,0.00766917,0.00111867,0.00111867
1985-12-01,Utils_excess,0.0433,0.00593607,0.00177973,0.00177973
1985-12-01,Other_excess,0.0382,0.00621315,0.00071305,0.00071305
1986-01-01,NoDur_excess,0.0123,0.00621638,0.01087331,0.01087331
1986-01-01,Durbl_excess,0.0153,0.00895692,0.00595173,0.00595173
1986-01-01,Manuf_excess,0.0106,0.00703743,-0.00080878,0.0
1986-01-01,Enrgy_excess,-0.0736,0.00756963,-0.00107333,0.0
1986-01-01,HiTec_excess,-0.0085,0.00852585,-0.00394596,0.0
1986-01-01,Telcm_excess,-0.0434,0.0055411,0.01362375,0.01362375
1986-01-01,Shops_excess,0.0109,0.00722274,0.01532939,0.01532939
1986-01-01,Hlth_excess,0.005,0.00769887,0.00176459,0.00176459
1986-01-01,Utils_excess,0.0323,0.00598884,0.00484744,0.00484744
1986-01-01,Other_excess,0.0298,0.00625833,0.0035095,0.0035095
1986-02-01,NoDur_excess,0.103,0.00622496,0.00093939,0.00093939
1986-02-01,Durbl_excess,0.1021,0.00896587,-0.00547464,0.0
1986-02-01,Manuf_excess,0.0971,0.00704245,-0.00879602,0.0
1986-02-01,Enrgy_excess,0.0034,0.00745515,-0.01007349,0.0
1986-02-01,HiTec_excess,0.0443,0.00850183,-0.01025824,0.0
1986-02-01,Telcm_excess,0.0686,0.00547207,0.00302819,0.00302819
1986-02-01,Shops_excess,0.0729,0.00722793,0.00644437,0.00644437
1986-02-01,Hlth_excess,0.0554,0.00769506,-0.00111166,0.0
1986-02-01,Utils_excess,0.0606,0.00602595,-0.00295974,0.0
1986-02-01,Other_excess,0.0781,0.00629154,-0.00842899,0.0
1986-03-01,NoDur_excess,0.0752,0.00636127,0.01929511,0.01929511
1986-03-01,Durbl_excess,0.0724,0.00909704,0.01889432,0.01889432
1986-03-01,Manuf_excess,0.0539,0.0071693,0.01250002,0.01250002
1986-03-01,Enrgy_excess,0.0035,0.00744944,0.00658357,0.00658357
1986-03-01,HiTec_excess,-0.0068,0.00855225,0.00376183,0.00376183
1986-03-01,Telcm_excess,0.0358,0.00556099,0.02120668,0.02120668
1986-03-01,Shops_excess,0.0796,0.00732042,0.01854755,0.01854755
1986-03-01,Hlth_excess,0.1148,0.00776225,0.00460036,0.00460036
1986-03-01,Utils_excess,0.0338,0.00610282,0.01436078,0.01436078
1986-03-01,Other_excess,0.0516,0.00639268,0.01753671,0.01753671
1986-04-01,NoDur_excess,-0.0009,0.00645809,0.00984733,0.00984733
1986-04-01,Durbl_excess,-0.0383,0.00918608,0.01313929,0.01313929
1986-04-01,Manuf_excess,-0.0213,0.00723502,0.01140666,0.01140666
1986-04-01,Enrgy_excess,0.0023,0.00744388,0.00492651,0.00492651
1986-04-01,HiTec_excess,0.034,0.00853066,-0.00215732,0.0
1986-04-01,Telcm_excess,0.0191,0.00560352,0.01394539,0.01394539
1986-04-01,Shops_excess,-0.0012,0.00742208,0.0057326,0.0057326
1986-04-01,Hlth_excess,0.0019,0.0079128,0.00375397,0.00375397
1986-04-01,Utils_excess,-0.0445,0.00614177,0.00441316,0.00441316
1986-04-01,Other_excess,-0.0309,0.00645626,0.00988986,0.00988986
1986-05-01,NoDur_excess,0.0838,0.00644775,0.00772267,0.00772267
1986-05-01,Durbl_excess,0.0257,0.00911938,0.0054029,0.0054029
1986-05-01,Manuf_excess,0.0392,0.00719494,0.00374551,0.00374551
1986-05-01,Enrgy_excess,0.0687,0.00743666,-0.00372028,0.0
1986-05-01,HiTec_excess,0.0046,0.00856643,0.0030863,0.0030863
1986-05-01,Telcm_excess,0.041,0.00562247,0.00812563,0.00812563
1986-05-01,Shops_excess,0.0928,0.00740997,0.01512014,0.01512014
1986-05-01,Hlth_excess,0.0676,0.00790435,0.00807739,0.00807739
1986-05-01,Utils_excess,0.0314,0.00607065,0.00599324,0.00599324
1986-05-01,Other_excess,0.0417,0.00640379,0.00252955,0.00252955
1986-06-01,NoDur_excess,0.058,0.00655624,0.0015583,0.0015583
1986-06-01,Durbl_excess,-0.0169,0.00914264,-0.0077656,0.0
1986-06-01,Manuf_excess,-0.0056,0.00723983,-0.00802428,0.0
1986-06-01,Enrgy_excess,-0.0257,0.00752258,-0.01290794,0.0
1986-06-01,HiTec_excess,-0.0439,0.00856087,-0.0060262,0.0
1986-06-01,Telcm_excess,0.0486,0.00567209,0.00175067,0.00175067
1986-06-01,Shops_excess,0.0342,0.00752973,0.01214417,0.01214417
1986-06-01,Hlth_excess,0.0516,0.00798808,0.00408779,0.00408779
1986-06-01,Utils_excess,0.0453,0.00610617,-0.0008361,0.0
1986-06-01,Other_excess,0.0102,0.0064533,-0.00926201,0.0
1986-07-01,NoDur_excess,-0.0625,0.00662829,0.00140577,0.00140577
1986-07-01,Durbl_excess,-0.0947,0.00910616,-0.00257606,0.0
1986-07-01,Manuf_excess,-0.0803,0.00722185,-0.0020218,0.0
1986-07-01,Enrgy_excess,-0.0564,0.00747605,-0.00134465,0.0
1986-07-01,HiTec_excess,-0.0886,0.00848739,-0.01441233,0.0
1986-07-01,Telcm_excess,-0.035,0.00573221,0.00833073,0.00833073
1986-07-01,Shops_excess,-0.0991,0.00756709,-0.00197506,0.0
1986-07-01,Hlth_excess,-0.0588,0.00804916,-0.00422612,0.0
1986-07-01,Utils_excess,0.0461,0.00616106,-0.00691697,0.0
1986-07-01,Other_excess,-0.0695,0.00645854,-0.00334771,0.0
1986-08-01,NoDur_excess,0.0212,0.00653161,0.00749198,0.00749198
1986-08-01,Durbl_excess,0.0655,0.00896098,0.0011336,0.0011336
1986-08-01,Manuf_excess,0.06,0.00709944,-0.00184925,0.0
1986-08-01,Enrgy_excess,0.1627,0.00738671,-0.00620317,0.0
1986-08-01,HiTec_excess,0.0652,0.00835161,-0.00237405,0.0
1986-08-01,Telcm_excess,0.0638,0.00567524,0.00710695,0.00710695
1986-08-01,Shops_excess,0.012,0.0074179,0.01260068,0.01260068
1986-08-01,Hlth_excess,0.0354,0.00795566,0.00714546,0.00714546
1986-08-01,Utils_excess,0.0746,0.00621692,0.00470918,0.00470918
1986-08-01,Other_excess,0.0635,0.00635231,-0.00200049,0.0
1986-09-01,NoDur_excess,-0.113,0.00655209,0.00707602,0.00707602
1986-09-01,Durbl_excess,-0.0857,0.00903994,0.00578942,0.00578942
1986-09-01,Manuf_excess,-0.07,0.00717332,0.00320092,0.00320092
1986-09-01,Enrgy_excess,-0.0133,0.00760363,-5.88e-06,0.0
1986-09-01,HiTec_excess,-0.0742,0.00843101,-0.00297961,0.0
1986-09-01,Telcm_excess,-0.0989,0.00575642,0.01299468,0.01299468
1986-09-01,Shops_excess,-0.0891,0.0074243,0.00676265,0.00676265
1986-09-01,Hlth_excess,-0.1305,0.00799399,0.00207639,0.00207639
1986-09-01,Utils_excess,-0.0956,0.00631243,0.00465249,0.00465249
1986-09-01,Other_excess,-0.0928,0.00643212,0.00430597,0.00430597
1986-10-01,NoDur_excess,0.084,0.00638536,0.00340511,0.00340511
1986-10-01,Durbl_excess,0.0555,0.00890781,-0.00324923,0.0
1986-10-01,Manuf_excess,0.0601,0.00706569,-0.00739717,0.0
1986-10-01,Enrgy_excess,0.0145,0.00757448,-0.00841987,0.0
1986-10-01,HiTec_excess,0.0013,0.00831576,-0.00481613,0.0
1986-10-01,Telcm_excess,0.0417,0.00561046,0.00407009,0.00407009
1986-10-01,Shops_excess,0.0685,0.00728968,0.01098391,0.01098391
1986-10-01,Hlth_excess,0.0752,0.00780084,0.00559138,0.00559138
1986-10-01,Utils_excess,0.0475,0.00617029,0.00308368,0.00308368
1986-10-01,Other_excess,0.0374,0.00629372,-0.00770434,0.0
1986-11-01,NoDur_excess,0.0033,0.00649345,0.00550338,0.00550338
1986-11-01,Durbl_excess,0.0425,0.0089727,0.00313779,0.00313779
1986-11-01,Manuf_excess,0.0205,0.00713955,-0.00157782,0.0
1986-11-01,Enrgy_excess,0.0286,0.00758412,-0.00320506,0.0
1986-11-01,HiTec_excess,0.0316,0.00830599,-0.00562806,0.0
1986-11-01,Telcm_excess,0.0359,0.00566072,0.00928449,0.00928449
1986-11-01,Shops_excess,0.0122,0.00737493,0.0066286,0.0066286
1986-11-01,Hlth_excess,0.0098,0.00789471,0.00137807,0.00137807
1986-11-01,Utils_excess,0.0016,0.00622786,0.00156596,0.00156596
1986-11-01,Other_excess,-0.0105,0.00633705,-0.00129335,0.0
1986-12-01,NoDur_excess,-0.0371,0.00648901,0.00681165,0.00681165
1986-12-01,Durbl_excess,-0.0306,0.00901933,0.00385813,0.00385813
1986-12-01,Manuf_excess,-0.0247,0.00715814,-0.00059348,0.0
1986-12-01,Enrgy_excess,-0.0095,0.00761335,-0.00331006,0.0
1986-12-01,HiTec_excess,-0.0416,0.00833839,-0.00295693,0.0
1986-12-01,Telcm_excess,-0.042,0.00570278,0.01034643,0.01034643
1986-12-01,Shops_excess,-0.0648,0.00738164,0.00891758,0.00891758
1986-12-01,Hlth_excess,-0.0171,0.00789736,0.00315938,0.00315938
1986-12-01,Utils_excess,-0.0379,0.00622142,0.00435504,0.00435504
1986-12-01,Other_excess,-0.0307,0.00631363,-0.00022892,0.0
1987-01-01,NoDur_excess,0.1404,0.00642847,0.00780256,0.00780256
1987-01-01,Durbl_excess,0.1824,0.00896431,0.0025326,0.0025326
1987-01-01,Manuf_excess,0.1402,0.00711389,-0.00020214,0.0
1987-01-01,Enrgy_excess,0.1373,0.00758958,-0.00563681,0.0
1987-01-01,HiTec_excess,0.1598,0.00826903,-0.00109961,0.0
1987-01-01,Telcm_excess,0.0488,0.00563653,0.00992746,0.00992746
1987-01-01,Shops_excess,0.113,0.00728139,0.01362517,0.01362517
1987-01-01,Hlth_excess,0.1273,0.00786264,0.00629974,0.00629974
1987-01-01,Utils_excess,0.0888,0.00616014,0.00612228,0.00612228
1987-01-01,Other_excess,0.1075,0.00626222,-4.796e-05,0.0
1987-02-01,NoDur_excess,0.0518,0.00661429,0.00432096,0.00432096
1987-02-01,Durbl_excess,0.0316,0.00920485,-0.00085242,0.0
1987-02-01,Manuf_excess,0.0435,0.00729847,-0.00308354,0.0
1987-02-01,Enrgy_excess,-0.0219,0.00776949,-0.00532182,0.0
1987-02-01,HiTec_excess,0.09,0.0084792,-0.0069181,0.0
1987-02-01,Telcm_excess,-0.004,0.00569639,0.00913247,0.00913247
1987-02-01,Shops_excess,0.0938,0.00742802,0.00729653,0.00729653
1987-02-01,Hlth_excess,0.1069,0.00802829,0.00118539,0.00118539
1987-02-01,Utils_excess,-0.0258,0.00627476,0.00281569,0.00281569
1987-02-01,Other_excess,0.0423,0.00640264,-0.00306439,0.0
1987-03-01,NoDur_excess,0.0067,0.00667687,-0.00138196,0.0
1987-03-01,Durbl_excess,0.0396,0.00923587,-0.005307,0.0
1987-03-01,Manuf_excess,0.0293,0.00734861,-0.00491342,0.0
1987-03-01,Enrgy_excess,0.1136,0.00772839,-0.00587667,0.0
1987-03-01,HiTec_excess,0.0214,0.00859211,-0.01027721,0.0
1987-03-01,Telcm_excess,0.0092,0.00568296,0.0052075,0.0052075
1987-03-01,Shops_excess,0.0121,0.00754765,-0.00192625,0.0
1987-03-01,Hlth_excess,-0.0032,0.00816524,-0.0025477,0.0
1987-03-01,Utils_excess,-0.0215,0.00623033,-0.00441495,0.0
1987-03-01,Other_excess,-0.0083,0.00645235,-0.00759557,0.0
1987-04-01,NoDur_excess,-0.0412,0.0066769,0.00077144,0.00077144
1987-04-01,Durbl_excess,0.0367,0.00927787,-0.00535001,0.0
1987-04-01,Manuf_excess,-0.02,0.00737898,-0.00559939,0.0
1987-04-01,Enrgy_excess,-0.0033,0.00787483,-0.00751379,0.0
1987-04-01,HiTec_excess,0.0395,0.00860982,-0.00690941,0.0
1987-04-01,Telcm_excess,-0.0291,0.00568783,0.00457953,0.00457953
1987-04-01,Shops_excess,-0.0314,0.00755394,0.00395574,0.00395574
1987-04-01,Hlth_excess,-0.0289,0.00814952,0.00219859,0.00219859
1987-04-01,Utils_excess,-0.0477,0.00619198,-0.0019465,0.0
1987-04-01,Other_excess,-0.0451,0.00643195,-0.00847855,0.0
1987-05-01,NoDur_excess,0.0225,0.00661077,-0.01550804,0.0
1987-05-01,Durbl_excess,-0.0167,0.00931575,-0.01965401,0.0
1987-05-01,Manuf_excess,-0.0005,0.00734116,-0.01907339,0.0
1987-05-01,Enrgy_excess,0.0264,0.00785939,-0.01295903,0.0
1987-05-01,HiTec_excess,-0.0009,0.00865249,-0.02436658,0.0
1987-05-01,Telcm_excess,0.0291,0.00563978,-0.00789952,0.0
1987-05-01,Shops_excess,-0.0043,0.00750014,-0.01939785,0.0
1987-05-01,Hlth_excess,0.0087,0.00809834,-0.01070911,0.0
1987-05-01,Utils_excess,-0.0223,0.00611754,-0.02064523,0.0
1987-05-01,Other_excess,-0.0039,0.00636077,-0.02864141,0.0
1987-06-01,NoDur_excess,0.0631,0.00663269,-0.00202439,0.0
1987-06-01,Durbl_excess,0.023,0.00927986,-0.00886342,0.0
1987-06-01,Manuf_excess,0.0471,0.00733034,-0.01316995,0.0
1987-06-01,Enrgy_excess,0.0535,0.00788497,-0.01070863,0.0
1987-06-01,HiTec_excess,-0.005,0.00863931,-0.01472715,0.0
1987-06-01,Telcm_excess,0.0647,0.00567214,0.00127425,0.00127425
1987-06-01,Shops_excess,0.0578,0.00748386,-0.00286409,0.0
1987-06-01,Hlth_excess,0.043,0.00809917,-0.00239341,0.0
1987-06-01,Utils_excess,0.0292,0.00607834,-0.00970916,0.0
1987-06-01,Other_excess,0.0414,0.00634662,-0.01699093,0.0
1987-07-01,NoDur_excess,0.0527,0.00671047,0.0031359,0.0031359
1987-07-01,Durbl_excess,0.0647,0.00929876,-0.00535867,0.0
1987-07-01,Manuf_excess,0.0656,0.00738512,-0.01031971,0.0
1987-07-01,Enrgy_excess,0.0273,0.0079478,-0.01016161,0.0
1987-07-01,HiTec_excess,0.005,0.00862052,-0.01196162,0.0
1987-07-01,Telcm_excess,0.0538,0.00575344,0.0059096,0.0059096
1987-07-01,Shops_excess,0.0524,0.00755317,0.00410525,0.00410525
1987-07-01,Hlth_excess,0.0533,0.00814725,9.075e-05,9.075e-05
1987-07-01,Utils_excess,-0.0213,0.00611019,-0.00572592,0.0
1987-07-01,Other_excess,0.0309,0.0063949,-0.0117343,0.0
1987-08-01,NoDur_excess,0.032,0.00677373,-0.00112648,0.0
1987-08-01,Durbl_excess,0.0519,0.00937497,-0.00876723,0.0
1987-08-01,Manuf_excess,0.0238,0.0074652,-0.01204239,0.0
1987-08-01,Enrgy_excess,0.0146,0.00797442,-0.01137701,0.0
1987-08-01,HiTec_excess,0.0699,0.00861554,-0.01488264,0.0
1987-08-01,Telcm_excess,0.0461,0.00581953,0.00335367,0.00335367
1987-08-01,Shops_excess,0.0286,0.00761486,-0.00141221,0.0
1987-08-01,Hlth_excess,0.0174,0.00820935,-0.00145003,0.0
1987-08-01,Utils_excess,0.0324,0.00607249,-0.01120333,0.0
1987-08-01,Other_excess,0.0386,0.00642861,-0.01683012,0.0
1987-09-01,NoDur_excess,-0.0322,0.00680838,-0.0010388,0.0
1987-09-01,Durbl_excess,-0.0428,0.00943338,-0.00944221,0.0
1987-09-01,Manuf_excess,-0.0016,0.00748764,-0.01287511,0.0
1987-09-01,Enrgy_excess,-0.0431,0.00798352,-0.01135599,0.0
1987-09-01,HiTec_excess,-0.0313,0.00869973,-0.01552802,0.0
1987-09-01,Telcm_excess,0.0289,0.00587486,0.00404389,0.00404389
1987-09-01,Shops_excess,-0.0682,0.00764368,-0.00137401,0.0
1987-09-01,Hlth_excess,-0.0302,0.00822198,-0.0019936,0.0
1987-09-01,Utils_excess,-0.0276,0.00610865,-0.01020196,0.0
1987-09-01,Other_excess,-0.0225,0.0064728,-0.01683671,0.0
1987-10-01,NoDur_excess,-0.2158,0.00675487,-0.01305084,0.0
1987-10-01,Durbl_excess,-0.2718,0.00936173,-0.02064087,0.0
1987-10-01,Manuf_excess,-0.2793,0.00747517,-0.02058257,0.0
1987-10-01,Enrgy_excess,-0.1945,0.00791344,-0.01499761,0.0
1987-10-01,HiTec_excess,-0.2642,0.00864486,-0.02662466,0.0
1987-10-01,Telcm_excess,-0.1276,0.00590645,-0.00290778,0.0
1987-10-01,Shops_excess,-0.2851,0.00753964,-0.0197886,0.0
1987-10-01,Hlth_excess,-0.209,0.00816927,-0.01144016,0.0
1987-10-01,Utils_excess,-0.0753,0.00606241,-0.02230798,0.0
1987-10-01,Other_excess,-0.2432,0.00643306,-0.02939332,0.0
1987-11-01,NoDur_excess,-0.0835,0.00645,0.01121279,0.01121279
1987-11-01,Durbl_excess,-0.0868,0.00897658,0.03796628,0.03796628
1987-11-01,Manuf_excess,-0.0551,0.00708233,0.00889136,0.00889136
1987-11-01,Enrgy_excess,-0.1101,0.00763616,0.05160014,0.05160014
1987-11-01,HiTec_excess,-0.1022,0.0082711,-0.02840251,0.0
1987-11-01,Telcm_excess,-0.0925,0.00572356,-0.00611295,0.0
1987-11-01,Shops_excess,-0.09,0.00713877,-0.0196871,0.0
1987-11-01,Hlth_excess,-0.0966,0.00787178,0.01385577,0.01385577
1987-11-01,Utils_excess,-0.029,0.00595096,0.02181334,0.02181334
1987-11-01,Other_excess,-0.0692,0.0060911,-0.01488713,0.0
1987-12-01,NoDur_excess,0.0717,0.00632695,0.00258682,0.00258682
1987-12-01,Durbl_excess,0.0837,0.00884555,-9.082e-05,0.0
1987-12-01,Manuf_excess,0.1048,0.00699726,-0.00837019,0.0
1987-12-01,Enrgy_excess,0.0636,0.0074751,-0.00759563,0.0
1987-12-01,HiTec_excess,0.115,0.00811997,-0.00936645,0.0
1987-12-01,Telcm_excess,0.0352,0.00558919,0.0032719,0.0032719
1987-12-01,Shops_excess,0.082,0.00700588,-0.00025005,0.0
1987-12-01,Hlth_excess,0.0496,0.00772886,0.00020723,0.00020723
1987-12-01,Utils_excess,0.0017,0.00590315,0.0016707,0.0016707
1987-12-01,Other_excess,0.05,0.0059881,-0.01004884,0.0
1988-01-01,NoDur_excess,0.0275,0.00641626,0.00493944,0.00493944
1988-01-01,Durbl_excess,0.0399,0.00894781,0.00349714,0.00349714
1988-01-01,Manuf_excess,-0.0001,0.00713087,-0.00455338,0.0
1988-01-01,Enrgy_excess,0.0814,0.00755178,-0.00519068,0.0
1988-01-01,HiTec_excess,-0.0277,0.00826598,-0.00509011,0.0
1988-01-01,Telcm_excess,0.0974,0.00562964,0.00549243,0.00549243
1988-01-01,Shops_excess,0.0533,0.00710833,0.00183148,0.00183148
1988-01-01,Hlth_excess,0.0608,0.00778607,0.00150111,0.00150111
1988-01-01,Utils_excess,0.0948,0.0058974,0.00401344,0.00401344
1988-01-01,Other_excess,0.0602,0.00604822,-0.00644791,0.0
1988-02-01,NoDur_excess,0.0558,0.00644502,0.00678309,0.00678309
1988-02-01,Durbl_excess,0.0599,0.00899004,0.00877322,0.00877322
1988-02-01,Manuf_excess,0.073,0.00712101,0.0016538,0.0016538
1988-02-01,Enrgy_excess,0.0315,0.00765252,0.00224376,0.00224376
1988-02-01,HiTec_excess,0.0702,0.00821692,-0.00469307,0.0
1988-02-01,Telcm_excess,0.0078,0.00575484,0.00953899,0.00953899
1988-02-01,Shops_excess,0.0981,0.00717135,0.00342045,0.00342045
1988-02-01,Hlth_excess,0.0375,0.00785839,0.00053067,0.00053067
1988-02-01,Utils_excess,-0.0187,0.00601869,0.00902594,0.00902594
1988-02-01,Other_excess,0.0387,0.0061221,0.00218409,0.00218409
1988-03-01,NoDur_excess,-0.0196,0.00651226,0.00552509,0.00552509
1988-03-01,Durbl_excess,-0.0406,0.0090594,0.00337571,0.00337571
1988-03-01,Manuf_excess,-0.0178,0.00721076,-0.00131088,0.0
1988-03-01,Enrgy_excess,0.0218,0.00768501,-0.00335958,0.0
1988-03-01,HiTec_excess,-0.0513,0.00830136,0.00040987,0.00040987
1988-03-01,Telcm_excess,-0.044,0.00575763,0.01033901,0.01033901
1988-03-01,Shops_excess,-0.0159,0.00729523,0.00633407,0.00633407
1988-03-01,Hlth_excess,-0.0293,0.00789877,0.00373148,0.00373148
1988-03-01,Utils_excess,-0.0362,0.00598501,0.00617619,0.00617619
1988-03-01,Other_excess,-0.0179,0.00616649,-0.00124042,0.0
1988-04-01,NoDur_excess,-0.0063,0.00647673,-0.00278971,0.0
1988-04-01,Durbl_excess,0.0226,0.00899184,-0.00627699,0.0
1988-04-01,Manuf_excess,0.0114,0.00717673,-0.00892977,0.0
1988-04-01,Enrgy_excess,0.0416,0.00770422,-0.00673796,0.0
1988-04-01,HiTec_excess,0.0216,0.00822027,-0.00826719,0.0
1988-04-01,Telcm_excess,0.0028,0.00568993,0.00368272,0.00368272
1988-04-01,Shops_excess,0.0114,0.00726367,-0.00402567,0.0
1988-04-01,Hlth_excess,-0.0247,0.00784816,-0.00172168,0.0
1988-04-01,Utils_excess,-0.0076,0.00592762,-0.0027271,0.0
1988-04-01,Other_excess,-0.0085,0.00613374,-0.0113195,0.0
1988-05-01,NoDur_excess,-0.0077,0.00645937,-0.00543454,0.0
1988-05-01,Durbl_excess,0.0045,0.00901033,-0.00614318,0.0
1988-05-01,Manuf_excess,-0.0092,0.00718247,-0.00867696,0.0
1988-05-01,Enrgy_excess,-0.0092,0.00775027,-0.00489857,0.0
1988-05-01,HiTec_excess,-0.0185,0.00823845,-0.0104711,0.0
1988-05-01,Telcm_excess,0.0183,0.00568601,0.00308584,0.00308584
1988-05-01,Shops_excess,-0.0192,0.00726929,-0.0085097,0.0
1988-05-01,Hlth_excess,-0.0088,0.00780394,-0.00574364,0.0
1988-05-01,Utils_excess,0.0311,0.00590924,-0.00358711,0.0
1988-05-01,Other_excess,0.0043,0.00611386,-0.01192556,0.0
1988-06-01,NoDur_excess,0.0288,0.00644016,-0.0003438,0.0
1988-06-01,Durbl_excess,0.0734,0.00900421,-0.00136248,0.0
1988-06-01,Manuf_excess,0.0708,0.00716024,-0.0050691,0.0
1988-06-01,Enrgy_excess,-0.0257,0.00772727,-0.00275782,0.0
1988-06-01,HiTec_excess,0.0893,0.00820217,-0.0055453,0.0
1988-06-01,Telcm_excess,0.0242,0.00570312,0.0062974,0.0062974
1988-06-01,Shops_excess,0.0595,0.00723338,-0.00199509,0.0
1988-06-01,Hlth_excess,0.0229,0.00778141,-0.0012516,0.0
1988-06-01,Utils_excess,0.0274,0.00594342,0.00216793,0.00216793
1988-06-01,Other_excess,0.0554,0.0061114,-0.00676754,0.0
1988-07-01,NoDur_excess,0.008,0.00647046,0.01068944,0.01068944
1988-07-01,Durbl_excess,-0.0041,0.00909146,0.01129423,0.01129423
1988-07-01,Manuf_excess,-0.0279,0.00724648,0.00668832,0.00668832
1988-07-01,Enrgy_excess,0.0308,0.00768198,0.00319575,0.00319575
1988-07-01,HiTec_excess,-0.0542,0.00831206,0.00597865,0.00597865
1988-07-01,Telcm_excess,-0.0036,0.00572818,0.0151611,0.0151611
1988-07-01,Shops_excess,-0.0144,0.0073042,0.01326241,0.01326241
1988-07-01,Hlth_excess,0.0,0.0078019,0.0056032,0.0056032
1988-07-01,Utils_excess,-0.0073,0.00597249,0.01410485,0.01410485
1988-07-01,Other_excess,-0.0112,0.00617818,0.00877476,0.00877476
1988-08-01,NoDur_excess,-0.0093,0.00647253,-0.00111831,0.0
1988-08-01,Durbl_excess,-0.0697,0.00907361,-0.00224072,0.0
1988-08-01,Manuf_excess,-0.0499,0.00719892,-0.00352566,0.0
1988-08-01,Enrgy_excess,-0.0209,0.00771326,-0.00285398,0.0
1988-08-01,HiTec_excess,-0.0868,0.00822747,-0.00365089,0.0
1988-08-01,Telcm_excess,-0.0349,0.00571556,0.0069045,0.0069045
1988-08-01,Shops_excess,-0.0285,0.00727483,-0.00183005,0.0
1988-08-01,Hlth_excess,-0.0167,0.00779134,-0.00113203,0.0
1988-08-01,Utils_excess,-0.0071,0.00595453,0.0038884,0.0038884
1988-08-01,Other_excess,-0.015,0.00615467,-0.00538879,0.0
1988-09-01,NoDur_excess,0.0607,0.00645122,0.0022275,0.0022275
1988-09-01,Durbl_excess,0.0304,0.00896716,-0.00042683,0.0
1988-09-01,Manuf_excess,0.0288,0.00712176,-0.00156766,0.0
1988-09-01,Enrgy_excess,-0.0309,0.00767459,-0.0006389,0.0
1988-09-01,HiTec_excess,0.0226,0.00809905,-0.00343305,0.0
1988-09-01,Telcm_excess,0.0645,0.00566068,0.00817776,0.00817776
1988-09-01,Shops_excess,0.0752,0.00722649,0.00174217,0.00174217
1988-09-01,Hlth_excess,0.0314,0.00775824,0.00021655,0.00021655
1988-09-01,Utils_excess,0.0205,0.00593689,0.00617583,0.00617583
1988-09-01,Other_excess,0.0344,0.00612608,-0.00158231,0.0
1988-10-01,NoDur_excess,0.0772,0.00652443,0.00789034,0.00789034
1988-10-01,Durbl_excess,0.026,0.00899609,0.00400364,0.00400364
1988-10-01,Manuf_excess,0.0015,0.00715101,0.0034675,0.0034675
1988-10-01,Enrgy_excess,0.0128,0.00762254,0.00147806,0.00147806
1988-10-01,HiTec_excess,-0.007,0.00811862,0.00047682,0.00047682
1988-10-01,Telcm_excess,0.0236,0.00574008,0.01328064,0.01328064
1988-10-01,Shops_excess,0.0078,0.00731822,0.01006762,0.01006762
1988-10-01,Hlth_excess,0.0065,0.00779015,0.00296301,0.00296301
1988-10-01,Utils_excess,0.019,0.00595655,0.01158218,0.01158218
1988-10-01,Other_excess,-0.006,0.00616424,0.0060083,0.0060083
1988-11-01,NoDur_excess,-0.0179,0.00661968,0.00943361,0.00943361
1988-11-01,Durbl_excess,-0.0145,0.009019,0.00446747,0.00446747
1988-11-01,Manuf_excess,-0.0276,0.0071434,0.0041683,0.0041683
1988-11-01,Enrgy_excess,-0.0086,0.00762951,0.00282974,0.00282974
1988-11-01,HiTec_excess,-0.0362,0.00809825,0.00122692,0.00122692
1988-11-01,Telcm_excess,-0.0052,0.00576415,0.01192202,0.01192202
1988-11-01,Shops_excess,-0.0327,0.00731887,0.00979186,0.00979186
1988-11-01,Hlth_excess,-0.027,0.00778841,0.00490493,0.00490493
1988-11-01,Utils_excess,-0.0107,0.00597412,0.01235677,0.01235677
1988-11-01,Other_excess,-0.0273,0.00614784,0.00521485,0.00521485
1988-12-01,NoDur_excess,0.0264,0.00658668,0.00076406,0.00076406
1988-12-01,Durbl_excess,-0.0024,0.00898735,-0.00457882,0.0
1988-12-01,Manuf_excess,0.0251,0.00709664,-0.00231068,0.0
1988-12-01,Enrgy_excess,0.012,0.00760767,-0.0023888,0.0
1988-12-01,HiTec_excess,0.0401,0.00803863,-0.00303309,0.0
1988-12-01,Telcm_excess,0.0062,0.00574939,0.00609242,0.00609242
1988-12-01,Shops_excess,0.0096,0.00726501,-0.00084223,0.0
1988-12-01,Hlth_excess,0.0113,0.00774159,0.00123128,0.00123128
1988-12-01,Utils_excess,0.0041,0.00595168,0.00635849,0.00635849
1988-12-01,Other_excess,0.0028,0.00610283,-0.00481431,0.0
1989-01-01,NoDur_excess,0.0505,0.00661331,0.00537245,0.00537245
1989-01-01,Durbl_excess,0.0686,0.00897204,-0.0002601,0.0
1989-01-01,Manuf_excess,0.0691,0.00712083,0.0031501,0.0031501
1989-01-01,Enrgy_excess,0.0571,0.00761358,0.00136495,0.00136495
1989-01-01,HiTec_excess,0.0656,0.00808172,-0.00029967,0.0
1989-01-01,Telcm_excess,0.0781,0.00575,0.00998325,0.00998325
1989-01-01,Shops_excess,0.0563,0.00726815,0.00482385,0.00482385
1989-01-01,Hlth_excess,0.0626,0.00774637,0.00259378,0.00259378
1989-01-01,Utils_excess,0.0212,0.00594919,0.00937477,0.00937477
1989-01-01,Other_excess,0.0631,0.00609839,0.00159362,0.00159362
1989-02-01,NoDur_excess,-0.0188,0.00667221,0.00865875,0.00865875
1989-02-01,Durbl_excess,-0.0341,0.00905208,0.00121922,0.00121922
1989-02-01,Manuf_excess,-0.0271,0.00720403,0.00549155,0.00549155
1989-02-01,Enrgy_excess,-0.0189,0.00768,0.00194744,0.00194744
1989-02-01,HiTec_excess,-0.0435,0.00815893,0.00186373,0.00186373
1989-02-01,Telcm_excess,-0.0198,0.00584711,0.01355621,0.01355621
1989-02-01,Shops_excess,-0.0248,0.00733396,0.01053801,0.01053801
1989-02-01,Hlth_excess,-0.0185,0.00782,0.00490086,0.00490086
1989-02-01,Utils_excess,-0.0239,0.00596966,0.0129436,0.0129436
1989-02-01,Other_excess,-0.0113,0.0061749,0.00565525,0.00565525
1989-03-01,NoDur_excess,0.0503,0.00663807,0.00163529,0.00163529
1989-03-01,Durbl_excess,-0.0226,0.00899424,-0.00746976,0.0
1989-03-01,Manuf_excess,0.0052,0.00715804,-0.00083057,0.0
1989-03-01,Enrgy_excess,0.0322,0.00764437,-0.00191547,0.0
1989-03-01,HiTec_excess,-0.06,0.00808968,-0.00446591,0.0
1989-03-01,Telcm_excess,0.0462,0.00581273,0.00712778,0.00712778
1989-03-01,Shops_excess,0.0196,0.00729088,0.00198436,0.00198436
1989-03-01,Hlth_excess,0.0424,0.00778472,0.00166338,0.00166338
1989-03-01,Utils_excess,-0.0012,0.00592962,0.00639295,0.00639295
1989-03-01,Other_excess,0.029,0.00615147,-0.00341597,0.0
1989-04-01,NoDur_excess,0.0513,0.00669652,0.00380038,0.00380038
1989-04-01,Durbl_excess,-0.0034,0.00895194,-0.00673406,0.0
1989-04-01,Manuf_excess,0.0467,0.00715542,0.00042408,0.00042408
1989-04-01,Enrgy_excess,0.0182,0.00767724,0.00098465,0.00098465
1989-04-01,HiTec_excess,0.0451,0.00799853,-0.00680052,0.0
1989-04-01,Telcm_excess,0.0887,0.0058668,0.00856562,0.00856562
1989-04-01,Shops_excess,0.0468,0.00730736,0.00267057,0.00267057
1989-04-01,Hlth_excess,0.0476,0.00783106,0.00130933,0.00130933
1989-04-01,Utils_excess,0.033,0.00592008,0.0062771,0.0062771
1989-04-01,Other_excess,0.0396,0.00618206,-0.00024572,0.0
1989-05-01,NoDur_excess,0.0414,0.00675615,0.00983243,0.00983243
1989-05-01,Durbl_excess,0.0107,0.00893543,-0.00305134,0.0
1989-05-01,Manuf_excess,0.0289,0.00720829,0.0034866,0.0034866
1989-05-01,Enrgy_excess,0.0191,0.00769131,0.00134784,0.00134784
1989-05-01,HiTec_excess,0.0159,0.00804813,-0.00182805,0.0
1989-05-01,Telcm_excess,0.0513,0.00597754,0.01330501,0.01330501
1989-05-01,Shops_excess,0.0449,0.00736016,0.01154494,0.01154494
1989-05-01,Hlth_excess,0.0258,0.00788422,0.00632963,0.00632963
1989-05-01,Utils_excess,0.0449,0.00595628,0.01153294,0.01153294
1989-05-01,Other_excess,0.0345,0.00622674,0.00468355,0.00468355
1989-06-01,NoDur_excess,0.0073,0.0068024,0.01466704,0.01466704
1989-06-01,Durbl_excess,0.0074,0.00893778,0.00365785,0.00365785
1989-06-01,Manuf_excess,-0.0338,0.00723725,0.00980931,0.00980931
1989-06-01,Enrgy_excess,-0.0172,0.00770654,0.00579462,0.00579462
1989-06-01,HiTec_excess,-0.0388,0.00805861,0.00308152,0.00308152
1989-06-01,Telcm_excess,-0.0053,0.00603805,0.01782575,0.01782575
1989-06-01,Shops_excess,-0.0284,0.00741028,0.01713207,0.01713207
1989-06-01,Hlth_excess,-0.0366,0.00790814,0.00902948,0.00902948
1989-06-01,Utils_excess,0.0271,0.00600828,0.01604105,0.01604105
1989-06-01,Other_excess,0.0006,0.00626449,0.01203723,0.01203723
1989-07-01,NoDur_excess,0.112,0.00680307,0.01440131,0.01440131
1989-07-01,Durbl_excess,0.0454,0.00893573,0.00709837,0.00709837
1989-07-01,Manuf_excess,0.0692,0.00718253,0.01182352,0.01182352
1989-07-01,Enrgy_excess,0.0306,0.00767333,0.00840389,0.00840389
1989-07-01,HiTec_excess,0.0225,0.00799613,0.00473756,0.00473756
1989-07-01,Telcm_excess,0.0843,0.00602293,0.01747654,0.01747654
1989-07-01,Shops_excess,0.0847,0.00736253,0.01401931,0.01401931
1989-07-01,Hlth_excess,0.1287,0.0078488,0.00792302,0.00792302
1989-07-01,Utils_excess,0.0511,0.0060364,0.01704673,0.01704673
1989-07-01,Other_excess,0.0741,0.00625693,0.01391511,0.01391511
1989-08-01,NoDur_excess,-0.0272,0.00694314,0.01337592,0.01337592
1989-08-01,Durbl_excess,0.0415,0.00898429,0.00329274,0.00329274
1989-08-01,Manuf_excess,0.0364,0.00726511,0.01059475,0.01059475
1989-08-01,Enrgy_excess,0.0278,0.00770386,0.00593793,0.00593793
1989-08-01,HiTec_excess,0.0173,0.00801545,0.00320009,0.00320009
1989-08-01,Telcm_excess,0.0006,0.00612716,0.01690821,0.01690821
1989-08-01,Shops_excess,0.0187,0.00746551,0.01341763,0.01341763
1989-08-01,Hlth_excess,-0.0034,0.00800972,0.01022603,0.01022603
1989-08-01,Utils_excess,-0.0154,0.0060964,0.01447031,0.01447031
1989-08-01,Other_excess,0.0248,0.00634727,0.01097849,0.01097849
1989-09-01,NoDur_excess,-0.0122,0.00689774,0.00573022,0.00573022
1989-09-01,Durbl_excess,-0.0531,0.00902753,-0.00553305,0.0
1989-09-01,Manuf_excess,-0.0322,0.00730386,0.00268426,0.00268426
1989-09-01,Enrgy_excess,0.007,0.00773059,-0.00060823,0.0
1989-09-01,HiTec_excess,-0.0338,0.00802779,-0.00251995,0.0
1989-09-01,Telcm_excess,0.0338,0.00611981,0.01037466,0.01037466
1989-09-01,Shops_excess,-0.03,0.00748045,0.00661001,0.00661001
1989-09-01,Hlth_excess,0.0169,0.00799455,0.00718783,0.00718783
1989-09-01,Utils_excess,-0.0017,0.00606782,0.00747615,0.00747615
1989-09-01,Other_excess,0.0075,0.00637181,-6.796e-05,0.0
1989-10-01,NoDur_excess,-0.0313,0.00687238,0.00752125,0.00752125
1989-10-01,Durbl_excess,-0.0641,0.00894502,-0.0049151,0.0
1989-10-01,Manuf_excess,-0.0502,0.00725139,0.00191477,0.00191477
1989-10-01,Enrgy_excess,0.0007,0.00772961,-0.0001853,0.0
1989-10-01,HiTec_excess,-0.0501,0.00797224,-0.00501239,0.0
1989-10-01,Telcm_excess,-0.0264,0.00615657,0.01240461,0.01240461
1989-10-01,Shops_excess,-0.0471,0.00743068,0.00808947,0.00808947
1989-10-01,Hlth_excess,-0.0031,0.00800637,0.00647315,0.00647315
1989-10-01,Utils_excess,0.0033,0.0060575,0.00649449,0.00649449
1989-10-01,Other_excess,-0.0558,0.00637331,0.00152513,0.00152513
1989-11-01,NoDur_excess,0.01,0.00682175,0.00761317,0.00761317
1989-11-01,Durbl_excess,-0.0181,0.00884814,-0.00318392,0.0
1989-11-01,Manuf_excess,0.0238,0.0071752,0.00315915,0.00315915
1989-11-01,Enrgy_excess,0.033,0.00772029,0.00287355,0.00287355
1989-11-01,HiTec_excess,-0.0272,0.00789523,-0.00905624,0.0
1989-11-01,Telcm_excess,0.0142,0.0061134,0.01088121,0.01088121
1989-11-01,Shops_excess,0.0053,0.00735836,0.00590787,0.00590787
1989-11-01,Hlth_excess,0.0387,0.00799164,0.0043749,0.0043749
1989-11-01,Utils_excess,0.0255,0.00605385,0.00781796,0.00781796
1989-11-01,Other_excess,-0.0074,0.00629085,0.00229388,0.00229388
1989-12-01,NoDur_excess,0.0078,0.00682596,0.00735568,0.00735568
1989-12-01,Durbl_excess,-0.0196,0.00881245,-0.00640221,0.0
1989-12-01,Manuf_excess,0.0235,0.00719722,0.00194773,0.00194773
1989-12-01,Enrgy_excess,0.0539,0.00775377,0.00051674,0.00051674
1989-12-01,HiTec_excess,-0.0166,0.00784874,-0.00646209,0.0
1989-12-01,Telcm_excess,0.0524,0.00612411,0.01161951,0.01161951
1989-12-01,Shops_excess,0.0061,0.00735563,0.00776825,0.00776825
1989-12-01,Hlth_excess,0.0043,0.00803232,0.0074192,0.0074192
1989-12-01,Utils_excess,0.0419,0.0060796,0.00676771,0.00676771
1989-12-01,Other_excess,-0.0221,0.00627272,0.00041746,0.00041746
1990-01-01,NoDur_excess,-0.1004,0.00682725,0.00392573,0.00392573
1990-01-01,Durbl_excess,-0.0409,0.00877487,-0.01007192,0.0
1990-01-01,Manuf_excess,-0.0688,0.00721878,-0.00221041,0.0
1990-01-01,Enrgy_excess,-0.0485,0.00781481,-0.00278021,0.0
1990-01-01,HiTec_excess,-0.0204,0.0078164,-0.0084389,0.0
1990-01-01,Telcm_excess,-0.1361,0.00618532,0.00987688,0.00987688
1990-01-01,Shops_excess,-0.0698,0.00735397,0.00303985,0.00303985
1990-01-01,Hlth_excess,-0.0787,0.00802738,0.00459868,0.00459868
1990-01-01,Utils_excess,-0.0592,0.00612698,0.00472158,0.00472158
1990-01-01,Other_excess,-0.0949,0.00623519,-0.00490127,0.0
1990-02-01,NoDur_excess,-0.0112,0.0066856,-0.00743171,0.0
1990-02-01,Durbl_excess,0.0448,0.00870925,-0.02520506,0.0
1990-02-01,Manuf_excess,0.0199,0.00711836,-0.01498162,0.0
1990-02-01,Enrgy_excess,0.0254,0.00774042,-0.01125632,0.0
1990-02-01,HiTec_excess,0.0347,0.00777913,-0.0228594,0.0
1990-02-01,Telcm_excess,-0.0083,0.00599736,0.0004156,0.0004156
1990-02-01,Shops_excess,0.0136,0.00725205,-0.00777989,0.0
1990-02-01,Hlth_excess,-0.0265,0.00791281,-0.00511919,0.0
1990-02-01,Utils_excess,-0.0036,0.00604069,-0.00569705,0.0
1990-02-01,Other_excess,0.0195,0.00610159,-0.01921587,0.0
1990-03-01,NoDur_excess,0.0399,0.00666201,-0.00200332,0.0
1990-03-01,Durbl_excess,0.0224,0.00875686,-0.01758598,0.0
1990-03-01,Manuf_excess,0.0324,0.00713522,-0.01099942,0.0
1990-03-01,Enrgy_excess,-0.0123,0.00776372,-0.00847337,0.0
1990-03-01,HiTec_excess,0.0399,0.00781464,-0.01812209,0.0
1990-03-01,Telcm_excess,0.0358,0.0059785,0.0035244,0.0035244
1990-03-01,Shops_excess,0.0452,0.00726042,-0.00302709,0.0
1990-03-01,Hlth_excess,0.0316,0.00786741,-0.00234712,0.0
1990-03-01,Utils_excess,-0.0139,0.00602797,-0.00350931,0.0
1990-03-01,Other_excess,-0.0102,0.00611926,-0.01453425,0.0
1990-04-01,NoDur_excess,-0.0086,0.0067058,-0.00089329,0.0
1990-04-01,Durbl_excess,-0.0477,0.00877484,-0.01707592,0.0
1990-04-01,Manuf_excess,-0.0346,0.00716851,-0.01086481,0.0
1990-04-01,Enrgy_excess,-0.0427,0.00773729,-0.00807427,0.0
1990-04-01,HiTec_excess,-0.0263,0.00785692,-0.01790229,0.0
1990-04-01,Telcm_excess,-0.0398,0.00601779,0.00211151,0.00211151
1990-04-01,Shops_excess,-0.0277,0.00731041,-0.00141524,0.0
1990-04-01,Hlth_excess,-0.0035,0.00789868,-0.00143464,0.0
1990-04-01,Utils_excess,-0.0621,0.00600171,-0.00563644,0.0
1990-04-01,Other_excess,-0.0411,0.00609776,-0.01443168,0.0
1990-05-01,NoDur_excess,0.0841,0.00668566,-0.00352503,0.0
1990-05-01,Durbl_excess,0.0707,0.00870053,-0.01908589,0.0
1990-05-01,Manuf_excess,0.0743,0.00711355,-0.01403963,0.0
1990-05-01,Enrgy_excess,0.0537,0.00767092,-0.00998137,0.0
1990-05-01,HiTec_excess,0.1173,0.00781197,-0.02014988,0.0
1990-05-01,Telcm_excess,0.0852,0.0059575,-0.00134617,0.0
1990-05-01,Shops_excess,0.1085,0.00726434,-0.00609647,0.0
1990-05-01,Hlth_excess,0.1213,0.00788368,-0.00246145,0.0
1990-05-01,Utils_excess,0.0475,0.00591211,-0.01016805,0.0
1990-05-01,Other_excess,0.085,0.00603566,-0.01981325,0.0
1990-06-01,NoDur_excess,0.0145,0.00678739,0.00934867,0.00934867
1990-06-01,Durbl_excess,-0.0284,0.008782,-0.00544976,0.0
1990-06-01,Manuf_excess,-0.0118,0.00720184,-0.00400711,0.0
1990-06-01,Enrgy_excess,-0.0267,0.00773141,-0.00526233,0.0
1990-06-01,HiTec_excess,-0.019,0.00795585,-0.00974446,0.0
1990-06-01,Telcm_excess,-0.0537,0.00606163,0.00920156,0.00920156
1990-06-01,Shops_excess,0.009,0.00739737,0.00940971,0.00940971
1990-06-01,Hlth_excess,0.0379,0.00803272,0.00476191,0.00476191
1990-06-01,Utils_excess,0.0012,0.00596675,0.00223475,0.00223475
1990-06-01,Other_excess,-0.0236,0.00613942,-0.00456279,0.0
1990-07-01,NoDur_excess,-0.0147,0.00679751,0.00249062,0.00249062
1990-07-01,Durbl_excess,-0.0413,0.0087332,-0.01419256,0.0
1990-07-01,Manuf_excess,-0.005,0.0071769,-0.00954196,0.0
1990-07-01,Enrgy_excess,0.0762,0.00768622,-0.00923094,0.0
1990-07-01,HiTec_excess,-0.0832,0.00792047,-0.01578911,0.0
1990-07-01,Telcm_excess,-0.051,0.0059832,0.00443019,0.00443019
1990-07-01,Shops_excess,-0.0482,0.00739948,0.00187938,0.00187938
1990-07-01,Hlth_excess,0.0199,0.00807192,8.002e-05,8.002e-05
1990-07-01,Utils_excess,0.0022,0.0059605,-0.00346985,0.0
1990-07-01,Other_excess,-0.0426,0.00610039,-0.01160897,0.0
1990-08-01,NoDur_excess,-0.0803,0.00676933,-4.078e-05,0.0
1990-08-01,Durbl_excess,-0.149,0.00866763,-0.01622131,0.0
1990-08-01,Manuf_excess,-0.1266,0.00716094,-0.01139687,0.0
1990-08-01,Enrgy_excess,-0.0196,0.00777602,-0.00976426,0.0
1990-08-01,HiTec_excess,-0.127,0.00780105,-0.01670693,0.0
1990-08-01,Telcm_excess,-0.1104,0.00590852,0.00234986,0.00234986
1990-08-01,Shops_excess,-0.127,0.00732661,-0.00191629,0.0
1990-08-01,Hlth_excess,-0.0731,0.00808742,-0.0006776,0.0
1990-08-01,Utils_excess,-0.073,0.00595557,-0.00475696,0.0
1990-08-01,Other_excess,-0.1196,0.00603657,-0.01472439,0.0
1990-09-01,NoDur_excess,-0.0467,0.00665537,-0.01206308,0.0
1990-09-01,Durbl_excess,-0.1123,0.00846126,-0.02890171,0.0
1990-09-01,Manuf_excess,-0.086,0.00698586,-0.02204966,0.0
1990-09-01,Enrgy_excess,-0.0222,0.00774018,-0.01475391,0.0
1990-09-01,HiTec_excess,-0.0715,0.00762461,-0.02930733,0.0
1990-09-01,Telcm_excess,0.0122,0.00575628,-0.00782329,0.0
1990-09-01,Shops_excess,-0.0937,0.00715079,-0.01571036,0.0
1990-09-01,Hlth_excess,-0.0492,0.00798115,-0.00917028,0.0
1990-09-01,Utils_excess,-0.0012,0.00585223,-0.01498413,0.0
1990-09-01,Other_excess,-0.1057,0.00587212,-0.0287923,0.0
1990-10-01,NoDur_excess,0.0182,0.00658562,-0.00330404,0.0
1990-10-01,Durbl_excess,-0.0397,0.0083034,-0.0192839,0.0
1990-10-01,Manuf_excess,-0.0261,0.00686431,-0.01554968,0.0
1990-10-01,Enrgy_excess,-0.0465,0.00770105,-0.00979079,0.0
1990-10-01,HiTec_excess,-0.0385,0.00752118,-0.02281484,0.0
1990-10-01,Telcm_excess,0.0234,0.00576471,-5.4e-05,0.0
1990-10-01,Shops_excess,-0.0372,0.00701895,-0.00676143,0.0
1990-10-01,Hlth_excess,0.0078,0.00790641,-0.00558411,0.0
1990-10-01,Utils_excess,0.0654,0.00584301,-0.00884393,0.0
1990-10-01,Other_excess,-0.0717,0.00572627,-0.01853768,0.0
1990-11-01,NoDur_excess,0.0599,0.00660078,-0.00125294,0.0
1990-11-01,Durbl_excess,0.036,0.00824073,-0.01454398,0.0
1990-11-01,Manuf_excess,0.068,0.00682128,-0.01170733,0.0
1990-11-01,Enrgy_excess,0.0105,0.00763029,-0.00710879,0.0
1990-11-01,HiTec_excess,0.1043,0.0074611,-0.02075214,0.0
1990-11-01,Telcm_excess,0.0155,0.00578773,0.00100225,0.00100225
1990-11-01,Shops_excess,0.0986,0.00696123,-0.00613693,0.0
1990-11-01,Hlth_excess,0.0911,0.00790627,-0.0039844,0.0
1990-11-01,Utils_excess,0.0174,0.00592076,-0.00563142,0.0
1990-11-01,Other_excess,0.1006,0.0056252,-0.0160602,0.0
1990-12-01,NoDur_excess,0.038,0.00667027,0.00601253,0.00601253
1990-12-01,Durbl_excess,-0.0101,0.00827692,-0.00551174,0.0
1990-12-01,Manuf_excess,0.0433,0.00690104,-0.00395554,0.0
1990-12-01,Enrgy_excess,-0.0264,0.00763403,-0.00386588,0.0
1990-12-01,HiTec_excess,0.0347,0.00758735,-0.01046726,0.0
1990-12-01,Telcm_excess,0.0091,0.00580039,0.00669468,0.00669468
1990-12-01,Shops_excess,0.027,0.0070807,0.00323016,0.00323016
1990-12-01,Hlth_excess,0.0227,0.00801473,0.00246543,0.00246543
1990-12-01,Utils_excess,0.0019,0.00593572,0.00070323,0.00070323
1990-12-01,Other_excess,0.0489,0.00574902,-0.00617374,0.0
1991-01-01,NoDur_excess,0.0458,0.00671107,0.00780557,0.00780557
1991-01-01,Durbl_excess,0.0685,0.00825299,-0.00367885,0.0
1991-01-01,Manuf_excess,0.0578,0.00694844,-0.0022377,0.0
1991-01-01,Enrgy_excess,-0.0255,0.00758971,-0.00435336,0.0
1991-01-01,HiTec_excess,0.1456,0.00762266,-0.00541603,0.0
1991-01-01,Telcm_excess,-0.005,0.00580469,0.00831627,0.00831627
1991-01-01,Shops_excess,0.0887,0.00710664,0.00694505,0.00694505
1991-01-01,Hlth_excess,0.0426,0.00803385,0.00579293,0.00579293
1991-01-01,Utils_excess,-0.0189,0.00593047,0.00220492,0.00220492
1991-01-01,Other_excess,0.0687,0.00580521,-0.00445288,0.0
1991-02-01,NoDur_excess,0.0983,0.0067619,0.00270384,0.00270384
1991-02-01,Durbl_excess,0.0979,0.00833134,-0.00823872,0.0
1991-02-01,Manuf_excess,0.0536,0.00701456,-0.00633695,0.0
1991-02-01,Enrgy_excess,0.0808,0.00754668,-0.00733044,0.0
1991-02-01,HiTec_excess,0.0551,0.00780208,-0.01096891,0.0
1991-02-01,Telcm_excess,0.0255,0.00579064,0.00563253,0.00563253
1991-02-01,Shops_excess,0.0787,0.00721274,0.00162711,0.00162711
1991-02-01,Hlth_excess,0.0968,0.0080788,0.00019637,0.00019637
1991-02-01,Utils_excess,0.0436,0.00589818,-0.00198059,0.0
1991-02-01,Other_excess,0.0932,0.005887,-0.00865595,0.0
1991-03-01,NoDur_excess,0.0438,0.00688078,0.00697646,0.00697646
1991-03-01,Durbl_excess,0.0078,0.00844766,-0.00382277,0.0
1991-03-01,Manuf_excess,0.0097,0.00707506,-0.00487158,0.0
1991-03-01,Enrgy_excess,0.0085,0.00764182,-0.0063146,0.0
1991-03-01,HiTec_excess,-0.0016,0.00786351,-0.00660294,0.0
1991-03-01,Telcm_excess,0.0186,0.00581623,0.00647514,0.00647514
1991-03-01,Shops_excess,0.0816,0.00730558,0.00671431,0.00671431
1991-03-01,Hlth_excess,0.058,0.00819403,0.00544487,0.00544487
1991-03-01,Utils_excess,0.0128,0.00594714,0.0002078,0.0002078
1991-03-01,Other_excess,0.0263,0.00600039,-0.00695797,0.0
1991-04-01,NoDur_excess,-0.0152,0.00692866,0.00649653,0.00649653
1991-04-01,Durbl_excess,-0.0281,0.00844682,-0.00476949,0.0
1991-04-01,Manuf_excess,-0.0003,0.00707847,-0.00606576,0.0
1991-04-01,Enrgy_excess,0.0187,0.00764293,-0.00670128,0.0
1991-04-01,HiTec_excess,-0.0324,0.00785123,-0.0076699,0.0
1991-04-01,Telcm_excess,0.006,0.00583281,0.00566991,0.00566991
1991-04-01,Shops_excess,0.0149,0.00740195,0.00621856,0.00621856
1991-04-01,Hlth_excess,-0.0174,0.00825863,0.00500886,0.00500886
1991-04-01,Utils_excess,-0.0058,0.00595603,-0.00191802,0.0
1991-04-01,Other_excess,0.0081,0.00602672,-0.00782794,0.0
1991-05-01,NoDur_excess,0.0314,0.0069,0.00472355,0.00472355
1991-05-01,Durbl_excess,0.1441,0.00839948,-0.00627986,0.0
1991-05-01,Manuf_excess,0.0713,0.00706891,-0.00795156,0.0
1991-05-01,Enrgy_excess,-0.0189,0.00765725,-0.00698239,0.0
1991-05-01,HiTec_excess,0.0321,0.00779909,-0.01162477,0.0
1991-05-01,Telcm_excess,-0.0193,0.00583303,0.00361003,0.00361003
1991-05-01,Shops_excess,0.0725,0.00741166,0.00307121,0.00307121
1991-05-01,Hlth_excess,0.04,0.00822539,0.0025606,0.0025606
1991-05-01,Utils_excess,-0.0032,0.0059408,-0.00515212,0.0
1991-05-01,Other_excess,0.0451,0.0060294,-0.01029347,0.0
1991-06-01,NoDur_excess,-0.0538,0.00693169,0.00093528,0.00093528
1991-06-01,Durbl_excess,-0.0491,0.00857503,-0.01086946,0.0
1991-06-01,Manuf_excess,-0.0468,0.00715201,-0.01268101,0.0
1991-06-01,Enrgy_excess,-0.0408,0.0076229,-0.0110196,0.0
1991-06-01,HiTec_excess,-0.0928,0.00783053,-0.01649167,0.0
1991-06-01,Telcm_excess,-0.0191,0.00580052,0.00060812,0.00060812
1991-06-01,Shops_excess,-0.0473,0.00749586,-0.00050932,0.0
1991-06-01,Hlth_excess,-0.0461,0.00826649,-0.00027132,0.0
1991-06-01,Utils_excess,-0.0279,0.00592898,-0.01010035,0.0
1991-06-01,Other_excess,-0.0566,0.00607995,-0.01602403,0.0
1991-07-01,NoDur_excess,0.0528,0.00685323,-0.00264814,0.0
1991-07-01,Durbl_excess,-0.0091,0.00850052,-0.01614402,0.0
1991-07-01,Manuf_excess,0.0262,0.0070823,-0.01807692,0.0
1991-07-01,Enrgy_excess,0.0454,0.00756034,-0.01491181,0.0
1991-07-01,HiTec_excess,0.0426,0.00770052,-0.02141115,0.0
1991-07-01,Telcm_excess,0.0262,0.00576835,-0.00251094,0.0
1991-07-01,Shops_excess,0.0482,0.00742506,-0.00494492,0.0
1991-07-01,Hlth_excess,0.0802,0.00819625,-0.00328911,0.0
1991-07-01,Utils_excess,0.035,0.00588527,-0.01393464,0.0
1991-07-01,Other_excess,0.0425,0.00599897,-0.0220335,0.0
1991-08-01,NoDur_excess,0.0502,0.00691252,0.00243809,0.00243809
1991-08-01,Durbl_excess,-0.0261,0.00847781,-0.01230411,0.0
1991-08-01,Manuf_excess,0.014,0.00710697,-0.01509153,0.0
1991-08-01,Enrgy_excess,0.0117,0.00760916,-0.01325704,0.0
1991-08-01,HiTec_excess,0.0238,0.00774555,-0.01896332,0.0
1991-08-01,Telcm_excess,0.002,0.00579471,-0.00045021,0.0
1991-08-01,Shops_excess,0.0314,0.00747768,0.00066893,0.00066893
1991-08-01,Hlth_excess,0.0249,0.00828916,0.00041688,0.00041688
1991-08-01,Utils_excess,0.0306,0.00592284,-0.01112429,0.0
1991-08-01,Other_excess,0.0275,0.00604606,-0.01787273,0.0
1991-09-01,NoDur_excess,-0.037,0.0069683,0.00250772,0.00250772
1991-09-01,Durbl_excess,-0.0313,0.00843325,-0.01251322,0.0
1991-09-01,Manuf_excess,-0.0277,0.00711585,-0.0146427,0.0
1991-09-01,Enrgy_excess,-0.0114,0.00761443,-0.01269908,0.0
1991-09-01,HiTec_excess,-0.0194,0.00776624,-0.02070226,0.0
1991-09-01,Telcm_excess,-0.0009,0.00578982,-0.00096262,0.0
1991-09-01,Shops_excess,-0.0362,0.00750851,-0.00037922,0.0
1991-09-01,Hlth_excess,-0.0079,0.00831057,-0.0012521,0.0
1991-09-01,Utils_excess,0.0326,0.00595464,-0.01192153,0.0
1991-09-01,Other_excess,-0.0113,0.00607371,-0.0170962,0.0
1991-10-01,NoDur_excess,-0.0096,0.00691171,0.00038944,0.00038944
1991-10-01,Durbl_excess,-0.0241,0.00838211,-0.01624277,0.0
1991-10-01,Manuf_excess,0.0106,0.00707104,-0.01770601,0.0
1991-10-01,Enrgy_excess,0.0164,0.00758996,-0.0154883,0.0
1991-10-01,HiTec_excess,0.0171,0.00773127,-0.02192003,0.0
1991-10-01,Telcm_excess,0.0151,0.00578121,-0.00154784,0.0
1991-10-01,Shops_excess,-0.0236,0.00745225,-0.00170097,0.0
1991-10-01,Hlth_excess,0.0611,0.0082897,-0.00268589,0.0
1991-10-01,Utils_excess,0.0083,0.00598893,-0.01281295,0.0
1991-10-01,Other_excess,0.0183,0.00605135,-0.01927255,0.0
1991-11-01,NoDur_excess,-0.0081,0.00689049,-0.00398224,0.0
1991-11-01,Durbl_excess,-0.0841,0.00834036,-0.01974516,0.0
1991-11-01,Manuf_excess,-0.0596,0.00707558,-0.02069851,0.0
1991-11-01,Enrgy_excess,-0.0814,0.00760129,-0.01740214,0.0
1991-11-01,HiTec_excess,-0.0471,0.00774332,-0.02351737,0.0
1991-11-01,Telcm_excess,-0.0514,0.00579319,-0.00452041,0.0
1991-11-01,Shops_excess,-0.0159,0.00741234,-0.00740605,0.0
1991-11-01,Hlth_excess,-0.0292,0.00835758,-0.00348738,0.0
1991-11-01,Utils_excess,0.0151,0.0059919,-0.01665978,0.0
1991-11-01,Other_excess,-0.058,0.0060671,-0.02460677,0.0
1991-12-01,NoDur_excess,0.1439,0.00687125,-0.00351579,0.0
1991-12-01,Durbl_excess,0.0723,0.00822169,-0.01990609,0.0
1991-12-01,Manuf_excess,0.112,0.00698999,-0.02246662,0.0
1991-12-01,Enrgy_excess,0.0177,0.00748703,-0.01922629,0.0
1991-12-01,HiTec_excess,0.0891,0.00767291,-0.02483562,0.0
1991-12-01,Telcm_excess,0.0947,0.00571977,-0.00577024,0.0
1991-12-01,Shops_excess,0.1266,0.00738241,-0.00670609,0.0
1991-12-01,Hlth_excess,0.1622,0.00830937,-0.00425559,0.0
1991-12-01,Utils_excess,0.0463,0.00600359,-0.0164038,0.0
1991-12-01,Other_excess,0.1238,0.00598485,-0.02553651,0.0
1992-01-01,NoDur_excess,-0.0346,0.00704692,0.00523759,0.00523759
1992-01-01,Durbl_excess,0.1016,0.00830385,-0.00919473,0.0
1992-01-01,Manuf_excess,0.0197,0.00712462,-0.01303406,0.0
1992-01-01,Enrgy_excess,-0.0447,0.00750013,-0.01424028,0.0
1992-01-01,HiTec_excess,0.0609,0.00777731,-0.01850417,0.0
1992-01-01,Telcm_excess,-0.0322,0.00583385,0.00012597,0.00012597
1992-01-01,Shops_excess,-0.0006,0.00753526,0.0012764,0.0012764
1992-01-01,Hlth_excess,-0.0578,0.00850667,0.00154093,0.00154093
1992-01-01,Utils_excess,-0.0491,0.00605526,-0.0115703,0.0
1992-01-01,Other_excess,0.0165,0.0061359,-0.01424986,0.0
1992-02-01,NoDur_excess,0.0077,0.0069936,-0.00585927,0.0
1992-02-01,Durbl_excess,0.1208,0.0084233,-0.0215356,0.0
1992-02-01,Manuf_excess,0.0192,0.00714072,-0.02482314,0.0
1992-02-01,Enrgy_excess,-0.0082,0.00743329,-0.02342634,0.0
1992-02-01,HiTec_excess,0.0353,0.00784533,-0.02350938,0.0
1992-02-01,Telcm_excess,-0.0173,0.00578515,-0.00683743,0.0
1992-02-01,Shops_excess,0.0236,0.00752484,-0.00799228,0.0
1992-02-01,Hlth_excess,-0.0302,0.00842177,-0.00347495,0.0
1992-02-01,Utils_excess,-0.0152,0.00598464,-0.02052783,0.0
1992-02-01,Other_excess,0.0279,0.00614917,-0.02936121,0.0
1992-03-01,NoDur_excess,-0.0185,0.0069945,-0.00282588,0.0
1992-03-01,Durbl_excess,0.0046,0.00856701,-0.01479741,0.0
1992-03-01,Manuf_excess,-0.015,0.00715614,-0.02129047,0.0
1992-03-01,Enrgy_excess,-0.0306,0.0074133,-0.02176994,0.0
1992-03-01,HiTec_excess,-0.0541,0.00788043,-0.02203714,0.0
1992-03-01,Telcm_excess,-0.0121,0.00575563,-0.00480413,0.0
1992-03-01,Shops_excess,-0.017,0.0075454,-0.00497581,0.0
1992-03-01,Hlth_excess,-0.0587,0.00837238,-0.00462393,0.0
1992-03-01,Utils_excess,-0.0087,0.00595754,-0.01872458,0.0
1992-03-01,Other_excess,-0.0253,0.00617698,-0.02356185,0.0
1992-04-01,NoDur_excess,0.0044,0.00696194,-0.0109438,0.0
1992-04-01,Durbl_excess,0.0763,0.00856194,-0.02401555,0.0
1992-04-01,Manuf_excess,0.0271,0.00712784,-0.02914266,0.0
1992-04-01,Enrgy_excess,0.0914,0.00736475,-0.02726211,0.0
1992-04-01,HiTec_excess,-0.0122,0.00780128,-0.03030789,0.0
1992-04-01,Telcm_excess,0.0678,0.00573282,-0.00948524,0.0
1992-04-01,Shops_excess,-0.0383,0.00751405,-0.01549336,0.0
1992-04-01,Hlth_excess,-0.0262,0.00828672,-0.01227409,0.0
1992-04-01,Utils_excess,0.0237,0.00593883,-0.02521232,0.0
1992-04-01,Other_excess,0.003,0.00613678,-0.0330445,0.0
1992-05-01,NoDur_excess,0.0103,0.00695867,-0.00545727,0.0
1992-05-01,Durbl_excess,-0.0221,0.00864834,-0.01342417,0.0
1992-05-01,Manuf_excess,-0.0089,0.00715332,-0.02243129,0.0
1992-05-01,Enrgy_excess,0.0287,0.00747194,-0.02067085,0.0
1992-05-01,HiTec_excess,-0.0018,0.00777577,-0.02459617,0.0
1992-05-01,Telcm_excess,-0.0289,0.00581199,-0.00514674,0.0
1992-05-01,Shops_excess,-0.0004,0.00745561,-0.01077972,0.0
1992-05-01,Hlth_excess,0.0083,0.00824273,-0.00823227,0.0
1992-05-01,Utils_excess,0.0226,0.00596148,-0.01952548,0.0
1992-05-01,Other_excess,0.0119,0.00613278,-0.02661383,0.0
1992-06-01,NoDur_excess,-0.0313,0.00696293,0.00198932,0.00198932
1992-06-01,Durbl_excess,0.0186,0.00860917,-0.00622457,0.0
1992-06-01,Manuf_excess,-0.0357,0.00713287,-0.01629537,0.0
1992-06-01,Enrgy_excess,-0.0382,0.00749898,-0.01635776,0.0
1992-06-01,HiTec_excess,-0.0437,0.00776357,-0.01749694,0.0
1992-06-01,Telcm_excess,0.0117,0.00576777,-0.00092397,0.0
1992-06-01,Shops_excess,-0.0224,0.00744561,-0.00120796,0.0
1992-06-01,Hlth_excess,-0.051,0.0082428,-0.00274875,0.0
1992-06-01,Utils_excess,0.0022,0.00598268,-0.01199265,0.0
1992-06-01,Other_excess,-0.0038,0.00614013,-0.01730687,0.0
1992-07-01,NoDur_excess,0.0436,0.00691425,-0.00482051,0.0
1992-07-01,Durbl_excess,-0.0001,0.00862188,-0.01174231,0.0
1992-07-01,Manuf_excess,0.026,0.00707837,-0.02083858,0.0
1992-07-01,Enrgy_excess,0.0497,0.00744084,-0.018649,0.0
1992-07-01,HiTec_excess,0.0255,0.00769809,-0.0228778,0.0
1992-07-01,Telcm_excess,0.0515,0.00577532,-0.00355903,0.0
1992-07-01,Shops_excess,0.0352,0.00740763,-0.00987495,0.0
1992-07-01,Hlth_excess,0.0548,0.00816743,-0.00912586,0.0
1992-07-01,Utils_excess,0.0642,0.00597786,-0.01603867,0.0
1992-07-01,Other_excess,0.0281,0.00612748,-0.02208674,0.0
1992-08-01,NoDur_excess,0.0061,0.00696086,0.00089545,0.00089545
1992-08-01,Durbl_excess,-0.0987,0.0086108,-0.00392933,0.0
1992-08-01,Manuf_excess,-0.0379,0.00710241,-0.01405762,0.0
1992-08-01,Enrgy_excess,0.0229,0.00749454,-0.01295282,0.0
1992-08-01,HiTec_excess,-0.0464,0.00772071,-0.01645708,0.0
1992-08-01,Telcm_excess,-0.0123,0.00583342,0.00064787,0.00064787
1992-08-01,Shops_excess,-0.0076,0.00744295,-0.00363688,0.0
1992-08-01,Hlth_excess,-0.0372,0.00822668,-0.00429845,0.0
1992-08-01,Utils_excess,-0.0073,0.00605184,-0.01000695,0.0
1992-08-01,Other_excess,-0.0372,0.0061554,-0.01412327,0.0
1992-09-01,NoDur_excess,0.008,0.00695977,-0.00254913,0.0
1992-09-01,Durbl_excess,-0.0016,0.00847462,-0.01063312,0.0
1992-09-01,Manuf_excess,0.0153,0.0070453,-0.01848037,0.0
1992-09-01,Enrgy_excess,-0.0013,0.00751409,-0.01423557,0.0
1992-09-01,HiTec_excess,0.0307,0.00765203,-0.01863538,0.0
1992-09-01,Telcm_excess,0.0165,0.00581041,-0.00206391,0.0
1992-09-01,Shops_excess,0.0382,0.00742386,-0.00683357,0.0
1992-09-01,Hlth_excess,-0.0512,0.00816904,-0.00601879,0.0
1992-09-01,Utils_excess,0.0057,0.0060349,-0.01220843,0.0
1992-09-01,Other_excess,0.0318,0.00610038,-0.01951023,0.0
1992-10-01,NoDur_excess,-0.0105,0.00696109,-0.00380779,0.0
1992-10-01,Durbl_excess,-0.0025,0.00846185,-0.00965037,0.0
1992-10-01,Manuf_excess,0.0073,0.00705577,-0.0166429,0.0
1992-10-01,Enrgy_excess,-0.0373,0.00750292,-0.01196212,0.0
1992-10-01,HiTec_excess,0.0172,0.00768124,-0.01868518,0.0
1992-10-01,Telcm_excess,-0.0078,0.00582395,-0.00201959,0.0
1992-10-01,Shops_excess,0.0413,0.00746286,-0.00918381,0.0
1992-10-01,Hlth_excess,0.0311,0.00809379,-0.00879837,0.0
1992-10-01,Utils_excess,-0.0065,0.00603447,-0.01319069,0.0
1992-10-01,Other_excess,0.0275,0.00613295,-0.01798293,0.0
1992-11-01,NoDur_excess,0.0339,0.00693899,-0.00769992,0.0
1992-11-01,Durbl_excess,0.0835,0.00844797,-0.01255118,0.0
1992-11-01,Manuf_excess,0.037,0.00705608,-0.01921511,0.0
1992-11-01,Enrgy_excess,-0.0294,0.0074462,-0.01474261,0.0
1992-11-01,HiTec_excess,0.0635,0.00769329,-0.01849778,0.0
1992-11-01,Telcm_excess,0.0365,0.00580671,-0.00318338,0.0
1992-11-01,Shops_excess,0.0685,0.0075057,-0.01151538,0.0
1992-11-01,Hlth_excess,0.0461,0.00812291,-0.00953522,0.0
1992-11-01,Utils_excess,-0.0046,0.00601861,-0.01493975,0.0
1992-11-01,Other_excess,0.0588,0.00616,-0.02117903,0.0
1992-12-01,NoDur_excess,-0.0023,0.00697307,0.00133773,0.00133773
1992-12-01,Durbl_excess,0.0307,0.00854286,-0.00238827,0.0
1992-12-01,Manuf_excess,0.0116,0.00709393,-0.0114601,0.0
1992-12-01,Enrgy_excess,0.0171,0.00739962,-0.01161655,0.0
1992-12-01,HiTec_excess,-0.0026,0.00776384,-0.00935982,0.0
1992-12-01,Telcm_excess,0.0536,0.00584551,0.00255382,0.00255382
1992-12-01,Shops_excess,0.0033,0.00758281,0.00036535,0.00036535
1992-12-01,Hlth_excess,-0.0163,0.00817092,-0.00198571,0.0
1992-12-01,Utils_excess,0.0243,0.00600518,-0.00719921,0.0
1992-12-01,Other_excess,0.0352,0.00622655,-0.01081869,0.0
1993-01-01,NoDur_excess,-0.0103,0.00696136,0.00528757,0.00528757
1993-01-01,Durbl_excess,0.0935,0.00857083,0.00337352,0.00337352
1993-01-01,Manuf_excess,-0.0007,0.00709962,-0.00642645,0.0
1993-01-01,Enrgy_excess,0.0255,0.00741187,-0.00787053,0.0
1993-01-01,HiTec_excess,0.0457,0.00775076,-0.004949,0.0
1993-01-01,Telcm_excess,0.011,0.00590581,0.00570187,0.00570187
1993-01-01,Shops_excess,-0.0014,0.0075774,0.00421344,0.00421344
1993-01-01,Hlth_excess,-0.071,0.00814003,0.00061574,0.00061574
1993-01-01,Utils_excess,0.0223,0.00602828,-0.00273933,0.0
1993-01-01,Other_excess,0.0313,0.00626313,-0.00459835,0.0
1993-02-01,NoDur_excess,-0.0236,0.0069396,0.00080085,0.00080085
1993-02-01,Durbl_excess,-0.0052,0.00867793,-0.00026754,0.0
1993-02-01,Manuf_excess,0.0149,0.00708979,-0.01040931,0.0
1993-02-01,Enrgy_excess,0.058,0.00743468,-0.00933586,0.0
1993-02-01,HiTec_excess,-0.0075,0.00779861,-0.00990764,0.0
1993-02-01,Telcm_excess,0.0538,0.00591223,0.00420674,0.00420674
1993-02-01,Shops_excess,-0.017,0.00756608,-0.00073396,0.0
1993-02-01,Hlth_excess,-0.0923,0.00804023,-0.00580725,0.0
1993-02-01,Utils_excess,0.0601,0.0060488,-0.00603312,0.0
1993-02-01,Other_excess,0.0013,0.0062947,-0.00727377,0.0
1993-03-01,NoDur_excess,-0.0025,0.00690113,-2.467e-05,0.0
1993-03-01,Durbl_excess,0.0515,0.00866045,0.00014078,0.00014078
1993-03-01,Manuf_excess,0.0195,0.00709962,-0.00880401,0.0
1993-03-01,Enrgy_excess,0.0384,0.00749836,-0.00643973,0.0
1993-03-01,HiTec_excess,0.02,0.00777935,-0.01003027,0.0
1993-03-01,Telcm_excess,0.031,0.00597254,0.00425419,0.00425419
1993-03-01,Shops_excess,0.0253,0.00753514,-0.00261123,0.0
1993-03-01,Hlth_excess,0.0048,0.00791385,-0.00731559,0.0
1993-03-01,Utils_excess,0.0151,0.00611688,-0.00493741,0.0
1993-03-01,Other_excess,0.0355,0.00628841,-0.00695402,0.0
1993-04-01,NoDur_excess,-0.0956,0.00688931,-0.00447551,0.0
1993-04-01,Durbl_excess,0.022,0.00871434,-0.00654698,0.0
1993-04-01,Manuf_excess,-0.002,0.00711522,-0.01378907,0.0
1993-04-01,Enrgy_excess,0.0086,0.00753723,-0.00980845,0.0
1993-04-01,HiTec_excess,-0.0382,0.00779472,-0.01391616,0.0
1993-04-01,Telcm_excess,-0.0312,0.00600403,0.00172582,0.00172582
1993-04-01,Shops_excess,-0.0833,0.00755748,-0.00656736,0.0
1993-04-01,Hlth_excess,0.0105,0.00790994,-0.00825352,0.0
1993-04-01,Utils_excess,-0.0039,0.00612818,-0.00795398,0.0
1993-04-01,Other_excess,-0.0352,0.00632516,-0.01388742,0.0
1993-05-01,NoDur_excess,0.0245,0.00676055,-0.00539439,0.0
1993-05-01,Durbl_excess,0.0088,0.00873103,-0.00464331,0.0
1993-05-01,Manuf_excess,0.0212,0.00710377,-0.01290388,0.0
1993-05-01,Enrgy_excess,0.016,0.00753857,-0.00955547,0.0
1993-05-01,HiTec_excess,0.0852,0.00773693,-0.0131153,0.0
1993-05-01,Telcm_excess,0.0394,0.00595729,0.00217246,0.00217246
1993-05-01,Shops_excess,0.0565,0.00744334,-0.00751864,0.0
1993-05-01,Hlth_excess,0.0338,0.00791319,-0.00809265,0.0
1993-05-01,Utils_excess,-0.0026,0.00611558,-0.00710118,0.0
1993-05-01,Other_excess,0.0142,0.00627299,-0.01329335,0.0
1993-06-01,NoDur_excess,-0.0094,0.00678281,-0.00501647,0.0
1993-06-01,Durbl_excess,0.032,0.00873112,-0.00412475,0.0
1993-06-01,Manuf_excess,-0.0052,0.00712146,-0.01194828,0.0
1993-06-01,Enrgy_excess,-0.0136,0.00754918,-0.00966713,0.0
1993-06-01,HiTec_excess,-0.0077,0.00783413,-0.0105849,0.0
1993-06-01,Telcm_excess,0.0439,0.00599925,0.00315699,0.00315699
1993-06-01,Shops_excess,-0.0314,0.00750489,-0.0067532,0.0
1993-06-01,Hlth_excess,-0.0323,0.00794567,-0.00716278,0.0
1993-06-01,Utils_excess,0.0294,0.00610464,-0.00707104,0.0
1993-06-01,Other_excess,0.0205,0.00628294,-0.01282046,0.0
1993-07-01,NoDur_excess,-0.026,0.00676253,-0.00120023,0.0
1993-07-01,Durbl_excess,0.0125,0.00876028,0.00022702,0.00022702
1993-07-01,Manuf_excess,-0.0035,0.00710602,-0.0078306,0.0
1993-07-01,Enrgy_excess,0.0023,0.00752268,-0.00681184,0.0
1993-07-01,HiTec_excess,-0.0408,0.00781466,-0.00873098,0.0
1993-07-01,Telcm_excess,0.019,0.00604674,0.00594956,0.00594956
1993-07-01,Shops_excess,0.0049,0.00745614,-0.0034639,0.0
1993-07-01,Hlth_excess,-0.0622,0.00789524,-0.00646459,0.0
1993-07-01,Utils_excess,0.017,0.00613383,-0.00366418,0.0
1993-07-01,Other_excess,0.0182,0.00630075,-0.0068259,0.0
1993-08-01,NoDur_excess,0.0405,0.00672153,-0.00376697,0.0
1993-08-01,Durbl_excess,0.0022,0.00876496,-0.00193762,0.0
1993-08-01,Manuf_excess,0.0323,0.00709274,-0.00921603,0.0
1993-08-01,Enrgy_excess,0.0403,0.00751615,-0.00779309,0.0
1993-08-01,HiTec_excess,0.0632,0.00775382,-0.00872447,0.0
1993-08-01,Telcm_excess,0.05,0.00606295,0.00469603,0.00469603
1993-08-01,Shops_excess,0.0368,0.00745294,-0.00575358,0.0
1993-08-01,Hlth_excess,0.0278,0.00780751,-0.00671443,0.0
1993-08-01,Utils_excess,0.0345,0.00614743,-0.00437852,0.0
1993-08-01,Other_excess,0.0322,0.00631564,-0.00949975,0.0
1993-09-01,NoDur_excess,-0.021,0.00676375,-0.00156731,0.0
1993-09-01,Durbl_excess,0.0074,0.00875675,-0.0002856,0.0
1993-09-01,Manuf_excess,-0.0215,0.00712425,-0.00606825,0.0
1993-09-01,Enrgy_excess,0.0108,0.00755712,-0.00525641,0.0
1993-09-01,HiTec_excess,0.0094,0.00782312,-0.00702442,0.0
1993-09-01,Telcm_excess,-0.0074,0.00611787,0.00745488,0.00745488
1993-09-01,Shops_excess,-0.0064,0.00748962,-0.00308783,0.0
1993-09-01,Hlth_excess,0.0058,0.0078325,-0.00663132,0.0
1993-09-01,Utils_excess,-0.009,0.00618287,-0.00181782,0.0
1993-09-01,Other_excess,0.0152,0.006348,-0.00475312,0.0
1993-10-01,NoDur_excess,0.0582,0.00672909,-0.00349716,0.0
1993-10-01,Durbl_excess,0.0751,0.00875506,-0.00340184,0.0
1993-10-01,Manuf_excess,0.0286,0.00708851,-0.00953214,0.0
1993-10-01,Enrgy_excess,-0.0219,0.00756117,-0.007704,0.0
1993-10-01,HiTec_excess,0.0143,0.00782509,-0.00643022,0.0
1993-10-01,Telcm_excess,0.022,0.006101,0.0050033,0.0050033
1993-10-01,Shops_excess,0.0437,0.00747228,-0.00389583,0.0
1993-10-01,Hlth_excess,0.0571,0.00782996,-0.00461756,0.0
1993-10-01,Utils_excess,-0.0219,0.00616392,-0.00257815,0.0
1993-10-01,Other_excess,-0.0255,0.00635905,-0.00916745,0.0
1993-11-01,NoDur_excess,0.0044,0.00679327,-0.00594954,0.0
1993-11-01,Durbl_excess,0.0042,0.00883778,-0.00563866,0.0
1993-11-01,Manuf_excess,0.0109,0.00711534,-0.01039788,0.0
1993-11-01,Enrgy_excess,-0.0624,0.00752444,-0.00770433,0.0
1993-11-01,HiTec_excess,-0.0048,0.00783317,-0.00963272,0.0
1993-11-01,Telcm_excess,-0.0621,0.00612082,0.00428611,0.00428611
1993-11-01,Shops_excess,0.0051,0.00751746,-0.0078033,0.0
1993-11-01,Hlth_excess,0.0073,0.0078914,-0.00746129,0.0
1993-11-01,Utils_excess,-0.0577,0.00612893,-0.00523084,0.0
1993-11-01,Other_excess,-0.0308,0.00631933,-0.01076937,0.0
1993-12-01,NoDur_excess,0.0124,0.00679029,-0.00693787,0.0
1993-12-01,Durbl_excess,0.0421,0.008832,-0.00603534,0.0
1993-12-01,Manuf_excess,0.0353,0.00712005,-0.01177078,0.0
1993-12-01,Enrgy_excess,0.0037,0.00743736,-0.01033221,0.0
1993-12-01,HiTec_excess,0.0272,0.00781743,-0.00715032,0.0
1993-12-01,Telcm_excess,-0.0076,0.00603587,0.00284294,0.00284294
1993-12-01,Shops_excess,-0.0211,0.00751445,-0.00896519,0.0
1993-12-01,Hlth_excess,0.0209,0.00789066,-0.00545735,0.0
1993-12-01,Utils_excess,0.0138,0.00604944,-0.00542764,0.0
1993-12-01,Other_excess,0.023,0.0062731,-0.01419664,0.0
1994-01-01,NoDur_excess,-0.0066,0.00679726,-0.00023457,0.0
1994-01-01,Durbl_excess,0.0692,0.00887338,0.00270158,0.00270158
1994-01-01,Manuf_excess,0.046,0.0071551,-0.00559778,0.0
1994-01-01,Enrgy_excess,0.0463,0.00743271,-0.00680526,0.0
1994-01-01,HiTec_excess,0.0437,0.00784154,-0.00055047,0.0
1994-01-01,Telcm_excess,0.0192,0.00601891,0.00762288,0.00762288
1994-01-01,Shops_excess,0.0085,0.00747886,-0.00124071,0.0
1994-01-01,Hlth_excess,0.0149,0.00790684,-0.00162278,0.0
1994-01-01,Utils_excess,-0.0145,0.00605908,0.0014663,0.0014663
1994-01-01,Other_excess,0.0411,0.00629391,-0.00533742,0.0
1994-02-01,NoDur_excess,-0.0148,0.00678062,-0.00121053,0.0
1994-02-01,Durbl_excess,-0.0464,0.00894832,0.00291995,0.00291995
1994-02-01,Manuf_excess,-0.0088,0.00720335,-0.00437719,0.0
1994-02-01,Enrgy_excess,-0.0317,0.00748099,-0.00492928,0.0
1994-02-01,HiTec_excess,0.0151,0.00788609,-0.00248246,0.0
1994-02-01,Telcm_excess,-0.0571,0.00603528,0.00832116,0.00832116
1994-02-01,Shops_excess,0.0167,0.00748012,-0.00263509,0.0
1994-02-01,Hlth_excess,-0.0563,0.00791553,-0.00421705,0.0
1994-02-01,Utils_excess,-0.0519,0.00603354,0.00059804,0.00059804
1994-02-01,Other_excess,-0.0406,0.00633714,-0.00338274,0.0
1994-03-01,NoDur_excess,-0.0431,0.00675385,-0.00976402,0.0
1994-03-01,Durbl_excess,-0.0675,0.00887965,-0.00951764,0.0
1994-03-01,Manuf_excess,-0.0468,0.0071835,-0.01436961,0.0
1994-03-01,Enrgy_excess,-0.0385,0.00743238,-0.01238267,0.0
1994-03-01,HiTec_excess,-0.0407,0.00789504,-0.00913301,0.0
1994-03-01,Telcm_excess,-0.0388,0.00595695,0.00090205,0.00090205
1994-03-01,Shops_excess,-0.0511,0.00749156,-0.01182341,0.0
1994-03-01,Hlth_excess,-0.0702,0.00783586,-0.00717643,0.0
1994-03-01,Utils_excess,-0.0421,0.00596166,-0.00701658,0.0
1994-03-01,Other_excess,-0.0456,0.00627891,-0.01752905,0.0
1994-04-01,NoDur_excess,0.0096,0.00669207,-0.01556563,0.0
1994-04-01,Durbl_excess,-0.0086,0.00878501,-0.01518516,0.0
1994-04-01,Manuf_excess,-0.0023,0.0071166,-0.01824835,0.0
1994-04-01,Enrgy_excess,0.0392,0.00737546,-0.01343237,0.0
1994-04-01,HiTec_excess,-0.018,0.00783482,-0.01596898,0.0
1994-04-01,Telcm_excess,0.0132,0.00590149,-0.00288646,0.0
1994-04-01,Shops_excess,-0.0006,0.00741896,-0.02083318,0.0
1994-04-01,Hlth_excess,0.0198,0.00773916,-0.01351856,0.0
1994-04-01,Utils_excess,0.0186,0.00590211,-0.0134945,0.0
1994-04-01,Other_excess,0.011,0.00621462,-0.02305047,0.0
1994-05-01,NoDur_excess,-0.0166,0.00669567,-0.00507811,0.0
1994-05-01,Durbl_excess,-0.0295,0.00876349,-0.00419474,0.0
1994-05-01,Manuf_excess,0.0173,0.00710495,-0.01030708,0.0
1994-05-01,Enrgy_excess,0.0063,0.00741485,-0.00810987,0.0
1994-05-01,HiTec_excess,0.0178,0.00780285,-0.00720725,0.0
1994-05-01,Telcm_excess,0.0132,0.00591052,0.00319847,0.00319847
1994-05-01,Shops_excess,-0.0212,0.00740903,-0.00785783,0.0
1994-05-01,Hlth_excess,0.04,0.00775408,-0.00555018,0.0
1994-05-01,Utils_excess,-0.0567,0.00591782,-0.00308469,0.0
1994-05-01,Other_excess,0.0273,0.00622054,-0.0119357,0.0
1994-06-01,NoDur_excess,-0.0221,0.00666687,-0.00453627,0.0
1994-06-01,Durbl_excess,-0.0373,0.00871619,-0.00475999,0.0
1994-06-01,Manuf_excess,-0.0292,0.00711755,-0.00936484,0.0
1994-06-01,Enrgy_excess,-0.0301,0.00741347,-0.00770979,0.0
1994-06-01,HiTec_excess,-0.0546,0.0078152,-0.00615336,0.0
1994-06-01,Telcm_excess,0.0031,0.00591953,0.00410046,0.00410046
1994-06-01,Shops_excess,-0.0294,0.00737367,-0.00773983,0.0
1994-06-01,Hlth_excess,-0.0373,0.00779394,-0.0044686,0.0
1994-06-01,Utils_excess,-0.0346,0.00584042,-0.00264094,0.0
1994-06-01,Other_excess,-0.0292,0.0062466,-0.01059425,0.0
1994-07-01,NoDur_excess,0.0264,0.00663136,-0.00575808,0.0
1994-07-01,Durbl_excess,0.032,0.00865938,-0.00607109,0.0
1994-07-01,Manuf_excess,0.0431,0.00707272,-0.00959047,0.0
1994-07-01,Enrgy_excess,0.0297,0.00736716,-0.00722526,0.0
1994-07-01,HiTec_excess,0.035,0.00773815,-0.00803024,0.0
1994-07-01,Telcm_excess,0.0282,0.00591605,0.0043628,0.0043628
1994-07-01,Shops_excess,0.0066,0.00732827,-0.00899777,0.0
1994-07-01,Hlth_excess,0.0082,0.00773827,-0.00605245,0.0
1994-07-01,Utils_excess,0.0491,0.00579049,-0.00355071,0.0
1994-07-01,Other_excess,0.0242,0.00620284,-0.01068335,0.0
1994-08-01,NoDur_excess,0.0568,0.00665573,0.00383915,0.00383915
1994-08-01,Durbl_excess,-0.0041,0.00868816,0.00423407,0.00423407
1994-08-01,Manuf_excess,0.0436,0.00711714,-0.00049872,0.0
1994-08-01,Enrgy_excess,-0.0047,0.0073947,-0.00166603,0.0
1994-08-01,HiTec_excess,0.0882,0.00777176,0.00032004,0.00032004
1994-08-01,Telcm_excess,0.0065,0.00594353,0.01098027,0.01098027
1994-08-01,Shops_excess,0.0404,0.00732737,0.00260076,0.00260076
1994-08-01,Hlth_excess,0.105,0.00773884,-0.00043814,0.0
1994-08-01,Utils_excess,0.0029,0.0058439,0.00608193,0.00608193
1994-08-01,Other_excess,0.0311,0.00622503,0.0014328,0.0014328
1994-09-01,NoDur_excess,-0.0069,0.00671749,-0.00269361,0.0
1994-09-01,Durbl_excess,-0.0543,0.00867241,-0.00481333,0.0
1994-09-01,Manuf_excess,-0.0202,0.00716207,-0.00606063,0.0
1994-09-01,Enrgy_excess,-0.0247,0.0073798,-0.00552565,0.0
1994-09-01,HiTec_excess,-0.0076,0.00787081,-0.00412867,0.0
1994-09-01,Telcm_excess,-0.0152,0.00594421,0.00664878,0.00664878
1994-09-01,Shops_excess,-0.0269,0.0073681,-0.00518499,0.0
1994-09-01,Hlth_excess,0.0134,0.00785862,-0.00239259,0.0
1994-09-01,Utils_excess,-0.0316,0.00584027,0.00034659,0.00034659
1994-09-01,Other_excess,-0.0458,0.00625567,-0.00694151,0.0
1994-10-01,NoDur_excess,0.0182,0.00670074,-0.00729074,0.0
1994-10-01,Durbl_excess,-0.0212,0.00859496,-0.00966398,0.0
1994-10-01,Manuf_excess,0.0019,0.00712841,-0.00995472,0.0
1994-10-01,Enrgy_excess,0.0702,0.00734034,-0.00745565,0.0
1994-10-01,HiTec_excess,0.0669,0.00785178,-0.00742171,0.0
1994-10-01,Telcm_excess,-0.0051,0.0059182,0.00330538,0.00330538
1994-10-01,Shops_excess,0.0092,0.00732595,-0.01199152,0.0
1994-10-01,Hlth_excess,0.0053,0.00786544,-0.00448564,0.0
1994-10-01,Utils_excess,0.0121,0.00579422,-0.00390031,0.0
1994-10-01,Other_excess,-0.0032,0.00619164,-0.01319273,0.0
1994-11-01,NoDur_excess,-0.0204,0.00671486,-0.00146508,0.0
1994-11-01,Durbl_excess,-0.0544,0.00855835,-0.00312328,0.0
1994-11-01,Manuf_excess,-0.0571,0.00712199,-0.00406644,0.0
1994-11-01,Enrgy_excess,-0.0523,0.00741757,-0.00246508,0.0
1994-11-01,HiTec_excess,-0.0246,0.00792432,-0.00183889,0.0
1994-11-01,Telcm_excess,-0.0579,0.00590467,0.00655219,0.00655219
1994-11-01,Shops_excess,-0.0379,0.00732826,-0.00604448,0.0
1994-11-01,Hlth_excess,0.0006,0.00786229,-0.00095597,0.0
1994-11-01,Utils_excess,-0.0009,0.00580197,0.00158285,0.00158285
1994-11-01,Other_excess,-0.0555,0.0061801,-0.0060259,0.0
1994-12-01,NoDur_excess,0.0089,0.0066816,-0.00016889,0.0
1994-12-01,Durbl_excess,0.0344,0.0084811,-0.00339411,0.0
1994-12-01,Manuf_excess,0.0356,0.00704319,-0.00330725,0.0
1994-12-01,Enrgy_excess,-0.0143,0.00734429,-0.00194968,0.0
1994-12-01,HiTec_excess,0.0202,0.00788442,-0.00133637,0.0
1994-12-01,Telcm_excess,0.0042,0.00582638,0.00695928,0.00695928
1994-12-01,Shops_excess,-0.0314,0.00727276,-0.00472158,0.0
1994-12-01,Hlth_excess,0.0013,0.00785337,0.00019093,0.00019093
1994-12-01,Utils_excess,-0.0009,0.00579374,0.00362356,0.00362356
1994-12-01,Other_excess,0.0096,0.00610442,-0.00471174,0.0
1995-01-01,NoDur_excess,0.0139,0.00668431,0.00630578,0.00630578
1995-01-01,Durbl_excess,-0.0617,0.00851287,0.00215989,0.00215989
1995-01-01,Manuf_excess,-0.0082,0.00707819,0.0021227,0.0021227
1995-01-01,Enrgy_excess,-0.0005,0.00731777,0.00052832,0.00052832
1995-01-01,HiTec_excess,-0.0122,0.00789951,0.00446426,0.00446426
1995-01-01,Telcm_excess,0.0374,0.00582439,0.01057707,0.01057707
1995-01-01,Shops_excess,0.0117,0.00722537,0.00343172,0.00343172
1995-01-01,Hlth_excess,0.0564,0.00784534,0.00613766,0.00613766
1995-01-01,Utils_excess,0.058,0.00578554,0.01004167,0.01004167
1995-01-01,Other_excess,0.0426,0.0061087,0.00165817,0.00165817
1995-02-01,NoDur_excess,0.0254,0.00669315,0.00590663,0.00590663
1995-02-01,Durbl_excess,0.0472,0.00842693,-0.00017934,0.0
1995-02-01,Manuf_excess,0.0514,0.00705949,0.0020107,0.0020107
1995-02-01,Enrgy_excess,0.041,0.0073082,0.0006572,0.0006572
1995-02-01,HiTec_excess,0.0626,0.00787491,0.00277509,0.00277509
1995-02-01,Telcm_excess,0.0111,0.00586304,0.01163091,0.01163091
1995-02-01,Shops_excess,0.0226,0.00723084,0.00370311,0.00370311
1995-02-01,Hlth_excess,0.0192,0.00790477,0.00513215,0.00513215
1995-02-01,Utils_excess,0.0042,0.00584945,0.01065401,0.01065401
1995-02-01,Other_excess,0.0446,0.00615337,0.00323908,0.00323908
1995-03-01,NoDur_excess,0.023,0.00671601,0.00726952,0.00726952
1995-03-01,Durbl_excess,0.0097,0.00847433,0.00114601,0.00114601
1995-03-01,Manuf_excess,0.0305,0.00711369,0.00394595,0.00394595
1995-03-01,Enrgy_excess,0.0482,0.00734939,0.00186263,0.00186263
1995-03-01,HiTec_excess,0.0408,0.00794181,0.00504564,0.00504564
1995-03-01,Telcm_excess,-0.0022,0.00586944,0.01246538,0.01246538
1995-03-01,Shops_excess,0.0316,0.00724963,0.00555572,0.00555572
1995-03-01,Hlth_excess,0.0231,0.00791858,0.00672983,0.00672983
1995-03-01,Utils_excess,-0.0221,0.00584743,0.01253338,0.01253338
1995-03-01,Other_excess,0.0144,0.00620037,0.00531495,0.00531495
1995-04-01,NoDur_excess,0.0146,0.0067359,0.00417822,0.00417822
1995-04-01,Durbl_excess,0.01,0.00847582,-0.00018776,0.0
1995-04-01,Manuf_excess,0.0251,0.00714225,0.00341978,0.00341978
1995-04-01,Enrgy_excess,0.0178,0.00739927,0.00315444,0.00315444
1995-04-01,HiTec_excess,0.0779,0.00798193,0.00509526,0.00509526
1995-04-01,Telcm_excess,0.0118,0.00585958,0.01007233,0.01007233
1995-04-01,Shops_excess,-0.0216,0.00727937,0.00140886,0.00140886
1995-04-01,Hlth_excess,0.0256,0.00793712,0.00559966,0.00559966
1995-04-01,Utils_excess,0.0194,0.00581331,0.00913473,0.00913473
1995-04-01,Other_excess,0.0133,0.00621038,0.00324934,0.00324934
1995-05-01,NoDur_excess,0.0421,0.00674549,0.00667029,0.00667029
1995-05-01,Durbl_excess,0.0426,0.00847768,0.00274602,0.00274602
1995-05-01,Manuf_excess,0.0267,0.00716415,0.00604777,0.00604777
1995-05-01,Enrgy_excess,0.0354,0.00741195,0.0047225,0.0047225
1995-05-01,HiTec_excess,0.0238,0.0080672,0.00836803,0.00836803
1995-05-01,Telcm_excess,0.0037,0.00586683,0.01200125,0.01200125
1995-05-01,Shops_excess,0.0213,0.00724415,0.00437684,0.00437684
1995-05-01,Hlth_excess,0.0109,0.00795866,0.00752455,0.00752455
1995-05-01,Utils_excess,0.055,0.00582988,0.01170214,0.01170214
1995-05-01,Other_excess,0.0392,0.00621902,0.0065929,0.0065929
1995-06-01,NoDur_excess,0.0121,0.00678855,0.01626804,0.01626804
1995-06-01,Durbl_excess,0.0028,0.00851924,0.01461187,0.01461187
1995-06-01,Manuf_excess,0.0163,0.00718794,0.0167329,0.0167329
1995-06-01,Enrgy_excess,-0.0354,0.00744604,0.01202079,0.01202079
1995-06-01,HiTec_excess,0.0923,0.00808636,0.01609479,0.01609479
1995-06-01,Telcm_excess,0.034,0.00586419,0.01781084,0.01781084
1995-06-01,Shops_excess,0.0447,0.00726127,0.01501787,0.01501787
1995-06-01,Hlth_excess,0.0401,0.00796224,0.01274765,0.01274765
1995-06-01,Utils_excess,-0.0093,0.00588977,0.0210947,0.0210947
1995-06-01,Other_excess,0.0175,0.0062592,0.02011814,0.02011814
1995-07-01,NoDur_excess,0.007,0.00679501,0.00505176,0.00505176
1995-07-01,Durbl_excess,0.0201,0.00851229,0.0025408,0.0025408
1995-07-01,Manuf_excess,0.0318,0.00719903,0.00855021,0.00855021
1995-07-01,Enrgy_excess,0.0184,0.00739392,0.00680828,0.00680828
1995-07-01,HiTec_excess,0.0726,0.00818881,0.01073968,0.01073968
1995-07-01,Telcm_excess,0.0462,0.00589842,0.01160736,0.01160736
1995-07-01,Shops_excess,0.0312,0.00730681,0.00180017,0.00180017
1995-07-01,Hlth_excess,0.0502,0.00800134,0.00807178,0.00807178
1995-07-01,Utils_excess,-0.0082,0.00587129,0.01136946,0.01136946
1995-07-01,Other_excess,0.043,0.00627287,0.00729166,0.00729166
1995-08-01,NoDur_excess,0.0017,0.00679526,0.00494432,0.00494432
1995-08-01,Durbl_excess,0.0032,0.00852637,0.00239722,0.00239722
1995-08-01,Manuf_excess,-0.0069,0.00722892,0.00782994,0.00782994
1995-08-01,Enrgy_excess,-0.0205,0.00740729,0.00588859,0.00588859
1995-08-01,HiTec_excess,-0.0042,0.00826707,0.01284455,0.01284455
1995-08-01,Telcm_excess,0.0391,0.00594739,0.01140295,0.01140295
1995-08-01,Shops_excess,-0.0318,0.00733584,0.00248339,0.00248339
1995-08-01,Hlth_excess,0.0056,0.00805261,0.01058292,0.01058292
1995-08-01,Utils_excess,0.0052,0.00585419,0.01130892,0.01130892
1995-08-01,Other_excess,0.0325,0.0063175,0.00573044,0.00573044
1995-09-01,NoDur_excess,0.063,0.00678908,0.00892503,0.00892503
1995-09-01,Durbl_excess,-0.0107,0.0085199,0.00698466,0.00698466
1995-09-01,Manuf_excess,0.0179,0.00721177,0.01135787,0.01135787
1995-09-01,Enrgy_excess,0.0086,0.00737342,0.00757855,0.00757855
1995-09-01,HiTec_excess,0.0084,0.00825194,0.01511258,0.01511258
1995-09-01,Telcm_excess,0.0532,0.00598762,0.01536097,0.01536097
1995-09-01,Shops_excess,0.0246,0.00728835,0.00744788,0.00744788
1995-09-01,Hlth_excess,0.0695,0.00804964,0.01094362,0.01094362
1995-09-01,Utils_excess,0.0587,0.0058534,0.01457044,0.01457044
1995-09-01,Other_excess,0.0404,0.00634927,0.01267512,0.01267512
1995-10-01,NoDur_excess,0.0007,0.00685721,0.00898557,0.00898557
1995-10-01,Durbl_excess,-0.0537,0.00849661,0.00663685,0.00663685
1995-10-01,Manuf_excess,-0.0312,0.00722473,0.01180108,0.01180108
1995-10-01,Enrgy_excess,-0.0073,0.00737491,0.00810247,0.00810247
1995-10-01,HiTec_excess,0.01,0.00825212,0.01511448,0.01511448
1995-10-01,Telcm_excess,-0.0032,0.00604485,0.0154667,0.0154667
1995-10-01,Shops_excess,-0.0595,0.00730933,0.00673939,0.00673939
1995-10-01,Hlth_excess,0.0056,0.00812412,0.01191013,0.01191013
1995-10-01,Utils_excess,0.0101,0.00591745,0.01445561,0.01445561
1995-10-01,Other_excess,-0.0246,0.00639055,0.01269418,0.01269418
1995-11-01,NoDur_excess,0.041,0.00684976,0.00562207,0.00562207
1995-11-01,Durbl_excess,0.0508,0.00842131,0.00275612,0.00275612
1995-11-01,Manuf_excess,0.06,0.00717821,0.0091524,0.0091524
1995-11-01,Enrgy_excess,0.0437,0.00735714,0.00658796,0.00658796
1995-11-01,HiTec_excess,-0.0086,0.00825424,0.01181552,0.01181552
1995-11-01,Telcm_excess,0.0237,0.00603366,0.01378451,0.01378451
1995-11-01,Shops_excess,0.0572,0.00722845,0.00131204,0.00131204
1995-11-01,Hlth_excess,0.0451,0.00812107,0.00797524,0.00797524
1995-11-01,Utils_excess,0.0116,0.00592252,0.01167047,0.01167047
1995-11-01,Other_excess,0.0569,0.00635303,0.00985806,0.00985806
1995-12-01,NoDur_excess,0.0102,0.00689105,0.0113666,0.0113666
1995-12-01,Durbl_excess,0.0257,0.00847255,0.00810096,0.00810096
1995-12-01,Manuf_excess,0.01,0.00724208,0.0126483,0.0126483
1995-12-01,Enrgy_excess,0.0531,0.00740109,0.00697178,0.00697178
1995-12-01,HiTec_excess,-0.0459,0.00823386,0.01782028,0.01782028
1995-12-01,Telcm_excess,0.0363,0.00605502,0.01639204,0.01639204
1995-12-01,Shops_excess,-0.0133,0.00728888,0.00917261,0.00917261
1995-12-01,Hlth_excess,0.054,0.00816578,0.0142152,0.0142152
1995-12-01,Utils_excess,0.0461,0.00592938,0.01717403,0.01717403
1995-12-01,Other_excess,0.0056,0.00641415,0.01408146,0.01408146
1996-01-01,NoDur_excess,0.0218,0.00689505,0.01035538,0.01035538
1996-01-01,Durbl_excess,0.0304,0.00849336,0.00824859,0.00824859
1996-01-01,Manuf_excess,0.0288,0.00724541,0.01282727,0.01282727
1996-01-01,Enrgy_excess,-0.0084,0.00745628,0.00813207,0.00813207
1996-01-01,HiTec_excess,0.0158,0.00816848,0.0160678,0.0160678
1996-01-01,Telcm_excess,0.0185,0.00609155,0.01610789,0.01610789
1996-01-01,Shops_excess,-0.0073,0.00726401,0.00748539,0.00748539
1996-01-01,Hlth_excess,0.0562,0.00822114,0.01390533,0.01390533
1996-01-01,Utils_excess,0.0143,0.0059779,0.01623729,0.01623729
1996-01-01,Other_excess,0.0305,0.00641316,0.01363024,0.01363024
1996-02-01,NoDur_excess,0.0283,0.00691303,0.00090322,0.00090322
1996-02-01,Durbl_excess,0.0164,0.00851978,-0.00334403,0.0
1996-02-01,Manuf_excess,0.0051,0.00727141,0.00436576,0.00436576
1996-02-01,Enrgy_excess,0.0063,0.00743715,0.00278795,0.00278795
1996-02-01,HiTec_excess,0.0597,0.00817768,0.00567757,0.00567757
1996-02-01,Telcm_excess,-0.0277,0.00610651,0.01098721,0.01098721
1996-02-01,Shops_excess,0.0402,0.00724644,-0.00347262,0.0
1996-02-01,Hlth_excess,-0.0151,0.00827901,0.00624247,0.00624247
1996-02-01,Utils_excess,-0.0306,0.00598794,0.00803049,0.00803049
1996-02-01,Other_excess,0.0175,0.00644222,0.00364202,0.00364202
1996-03-01,NoDur_excess,-0.0123,0.0069388,-0.0049386,0.0
1996-03-01,Durbl_excess,0.0395,0.00852928,-0.00872013,0.0
1996-03-01,Manuf_excess,0.0304,0.0072688,-0.0017084,0.0
1996-03-01,Enrgy_excess,0.0462,0.00743578,-0.00046362,0.0
1996-03-01,HiTec_excess,-0.0372,0.00823976,0.00245113,0.00245113
1996-03-01,Telcm_excess,-0.024,0.00606578,0.00576976,0.00576976
1996-03-01,Shops_excess,0.0558,0.00728614,-0.01112602,0.0
1996-03-01,Hlth_excess,-0.0018,0.00825084,0.00292592,0.00292592
1996-03-01,Utils_excess,-0.0091,0.00594386,0.00147445,0.00147445
1996-03-01,Other_excess,0.0142,0.00645554,-0.00511892,0.0
1996-04-01,NoDur_excess,-0.0029,0.00691564,-0.00106614,0.0
1996-04-01,Durbl_excess,0.0314,0.00856655,-0.00378628,0.0
1996-04-01,Manuf_excess,0.012,0.00729663,0.00162777,0.00162777
1996-04-01,Enrgy_excess,0.0299,0.00748243,0.00150398,0.00150398
1996-04-01,HiTec_excess,0.0922,0.00818508,0.00333691,0.00333691
1996-04-01,Telcm_excess,0.0242,0.0060296,0.00809264,0.00809264
1996-04-01,Shops_excess,0.0381,0.00734452,-0.00471848,0.0
1996-04-01,Hlth_excess,-0.0107,0.00823875,0.00388136,0.00388136
1996-04-01,Utils_excess,-0.0312,0.00592575,0.00440565,0.00440565
1996-04-01,Other_excess,-0.0024,0.00646486,0.00014968,0.00014968
1996-05-01,NoDur_excess,0.0613,0.00690385,-0.00270892,0.0
1996-05-01,Durbl_excess,0.0182,0.00859399,-0.00300786,0.0
1996-05-01,Manuf_excess,0.0186,0.00730228,0.00122626,0.00122626
1996-05-01,Enrgy_excess,0.001,0.00750938,0.00176054,0.00176054
1996-05-01,HiTec_excess,0.0347,0.00828606,0.00441513,0.00441513
1996-05-01,Telcm_excess,-0.0044,0.00605144,0.00805143,0.00805143
1996-05-01,Shops_excess,0.0397,0.00738149,-0.00716157,0.0
1996-05-01,Hlth_excess,0.0349,0.00821599,0.00165919,0.00165919
1996-05-01,Utils_excess,0.009,0.00588113,0.00203554,0.00203554
1996-05-01,Other_excess,0.0108,0.00645421,-0.00054533,0.0
1996-06-01,NoDur_excess,0.028,0.00696915,0.00409756,0.00409756
1996-06-01,Durbl_excess,-0.0523,0.00860552,0.0036518,0.0036518
1996-06-01,Manuf_excess,-0.0083,0.00731585,0.0050393,0.0050393
1996-06-01,Enrgy_excess,0.0057,0.00750156,0.00284631,0.00284631
1996-06-01,HiTec_excess,-0.0515,0.00831777,0.01076885,0.01076885
1996-06-01,Telcm_excess,0.0015,0.0060389,0.01125754,0.01125754
1996-06-01,Shops_excess,-0.0211,0.00742029,0.00090686,0.00090686
1996-06-01,Hlth_excess,-0.0065,0.00824802,0.00673193,0.00673193
1996-06-01,Utils_excess,0.0487,0.00588487,0.00809599,0.00809599
1996-06-01,Other_excess,-0.0064,0.00645942,0.00520349,0.00520349
1996-07-01,NoDur_excess,-0.045,0.00699436,0.00779728,0.00779728
1996-07-01,Durbl_excess,-0.0499,0.00853249,0.00715785,0.00715785
1996-07-01,Manuf_excess,-0.0446,0.00729712,0.00851303,0.00851303
1996-07-01,Enrgy_excess,-0.0508,0.0074994,0.0048355,0.0048355
1996-07-01,HiTec_excess,-0.0785,0.00824604,0.01340535,0.01340535
1996-07-01,Telcm_excess,-0.0894,0.00603345,0.01396485,0.01396485
1996-07-01,Shops_excess,-0.0807,0.00738609,0.00399076,0.00399076
1996-07-01,Hlth_excess,-0.067,0.00823034,0.00853403,0.00853403
1996-07-01,Utils_excess,-0.0626,0.00593621,0.01157545,0.01157545
1996-07-01,Other_excess,-0.0469,0.006444,0.0099675,0.0099675
1996-08-01,NoDur_excess,-0.0122,0.0069321,0.00134036,0.00134036
1996-08-01,Durbl_excess,0.026,0.00846251,-0.00022797,0.0
1996-08-01,Manuf_excess,0.0275,0.00723497,0.00267817,0.00267817
1996-08-01,Enrgy_excess,0.0253,0.00742958,0.00150289,0.00150289
1996-08-01,HiTec_excess,0.0399,0.00814216,0.00634603,0.00634603
1996-08-01,Telcm_excess,-0.0173,0.00591916,0.00828604,0.00828604
1996-08-01,Shops_excess,0.0566,0.0072806,-0.00470967,0.0
1996-08-01,Hlth_excess,0.039,0.00814024,0.00339489,0.00339489
1996-08-01,Utils_excess,0.0248,0.00585413,0.00678045,0.00678045
1996-08-01,Other_excess,0.035,0.00638012,0.0019662,0.0019662
1996-09-01,NoDur_excess,0.0331,0.00690921,0.00126921,0.00126921
1996-09-01,Durbl_excess,0.0093,0.00848349,-3.109e-05,0.0
1996-09-01,Manuf_excess,0.057,0.00725921,0.00208127,0.00208127
1996-09-01,Enrgy_excess,0.0357,0.00745096,0.00081952,0.00081952
1996-09-01,HiTec_excess,0.1021,0.00818014,0.00773746,0.00773746
1996-09-01,Telcm_excess,0.0118,0.00589139,0.00839403,0.00839403
1996-09-01,Shops_excess,0.0324,0.00733959,-0.0028369,0.0
1996-09-01,Hlth_excess,0.0692,0.00817715,0.00431469,0.00431469
1996-09-01,Utils_excess,0.0024,0.00587679,0.00680348,0.00680348
1996-09-01,Other_excess,0.0465,0.00641435,0.00175586,0.00175586
1996-10-01,NoDur_excess,0.0113,0.0069405,0.00695056,0.00695056
1996-10-01,Durbl_excess,0.028,0.00848447,0.00575513,0.00575513
1996-10-01,Manuf_excess,0.0122,0.00731864,0.00791035,0.00791035
1996-10-01,Enrgy_excess,0.0554,0.00748471,0.00391846,0.00391846
1996-10-01,HiTec_excess,-0.0234,0.00829235,0.01232595,0.01232595
1996-10-01,Telcm_excess,-0.0073,0.00589845,0.01273276,0.01273276
1996-10-01,Shops_excess,-0.0271,0.00736953,0.00385398,0.00385398
1996-10-01,Hlth_excess,-0.0127,0.00825006,0.00726754,0.00726754
1996-10-01,Utils_excess,0.0319,0.00587264,0.01099439,0.01099439
1996-10-01,Other_excess,0.0352,0.00646225,0.01014866,0.01014866
1996-11-01,NoDur_excess,0.0475,0.0069457,0.0103016,0.0103016
1996-11-01,Durbl_excess,0.0563,0.00850776,0.00977576,0.00977576
1996-11-01,Manuf_excess,0.0567,0.00732446,0.01188708,0.01188708
1996-11-01,Enrgy_excess,0.0513,0.00754189,0.00728087,0.00728087
1996-11-01,HiTec_excess,0.1152,0.00825453,0.01538633,0.01538633
1996-11-01,Telcm_excess,0.0508,0.0058827,0.01482242,0.01482242
1996-11-01,Shops_excess,0.027,0.0073284,0.00756676,0.00756676
1996-11-01,Hlth_excess,0.062,0.00822506,0.0099049,0.0099049
1996-11-01,Utils_excess,0.0219,0.0059037,0.01462967,0.01462967
1996-11-01,Other_excess,0.0704,0.00649654,0.01525696,0.01525696
1996-12-01,NoDur_excess,0.0004,0.00699404,0.00917325,0.00917325
1996-12-01,Durbl_excess,-0.0272,0.00856472,0.00963324,0.00963324
1996-12-01,Manuf_excess,-0.0082,0.00738331,0.01360213,0.01360213
1996-12-01,Enrgy_excess,0.0033,0.00759404,0.00920338,0.00920338
1996-12-01,HiTec_excess,-0.032,0.008382,0.0172037,0.0172037
1996-12-01,Telcm_excess,0.0244,0.00593623,0.01451998,0.01451998
1996-12-01,Shops_excess,-0.0389,0.00735185,0.00512522,0.00512522
1996-12-01,Hlth_excess,-0.0308,0.00828915,0.01061727,0.01061727
1996-12-01,Utils_excess,-0.0033,0.00592277,0.013285,0.013285
1996-12-01,Other_excess,-0.0227,0.00657271,0.01575745,0.01575745
1997-01-01,NoDur_excess,0.053,0.00698619,0.00230958,0.00230958
1997-01-01,Durbl_excess,0.0254,0.00852214,0.00223122,0.00223122
1997-01-01,Manuf_excess,0.0373,0.00736476,0.00698211,0.00698211
1997-01-01,Enrgy_excess,0.039,0.00758893,0.00591717,0.00591717
1997-01-01,HiTec_excess,0.0885,0.00833393,0.01286697,0.01286697
1997-01-01,Telcm_excess,0.0184,0.00595821,0.00897218,0.00897218
1997-01-01,Shops_excess,-0.0035,0.00729679,-0.00327716,0.0
1997-01-01,Hlth_excess,0.0912,0.00824262,0.00786233,0.00786233
1997-01-01,Utils_excess,0.0047,0.00591179,0.00819085,0.00819085
1997-01-01,Other_excess,0.0555,0.00653786,0.00522361,0.00522361
1997-02-01,NoDur_excess,0.0376,0.0070409,0.00438044,0.00438044
1997-02-01,Durbl_excess,0.0016,0.00854221,0.00340001,0.00340001
1997-02-01,Manuf_excess,0.0028,0.00740036,0.00824611,0.00824611
1997-02-01,Enrgy_excess,-0.0613,0.00762628,0.00664427,0.00664427
1997-02-01,HiTec_excess,-0.0781,0.00842925,0.01391647,0.01391647
1997-02-01,Telcm_excess,0.0218,0.00597301,0.01088299,0.01088299
1997-02-01,Shops_excess,0.0277,0.00728395,-0.00153068,0.0
1997-02-01,Hlth_excess,0.0054,0.00834126,0.00832252,0.00832252
1997-02-01,Utils_excess,-0.0096,0.00591034,0.00878167,0.00878167
1997-02-01,Other_excess,0.0218,0.00659608,0.0087301,0.0087301
1997-03-01,NoDur_excess,-0.0567,0.0070772,0.00602767,0.00602767
1997-03-01,Durbl_excess,-0.0375,0.00853397,0.00489919,0.00489919
1997-03-01,Manuf_excess,-0.0407,0.00739489,0.00934822,0.00934822
1997-03-01,Enrgy_excess,0.048,0.00754442,0.00659974,0.00659974
1997-03-01,HiTec_excess,-0.0609,0.00832648,0.01288883,0.01288883
1997-03-01,Telcm_excess,-0.0826,0.00599181,0.01173726,0.01173726
1997-03-01,Shops_excess,-0.0188,0.00730819,-5.657e-05,0.0
1997-03-01,Hlth_excess,-0.0791,0.00833777,0.00872233,0.00872233
1997-03-01,Utils_excess,-0.0322,0.00589192,0.0092845,0.0092845
1997-03-01,Other_excess,-0.0625,0.00661413,0.0105113,0.0105113
1997-04-01,NoDur_excess,0.0488,0.00700154,-8.737e-05,0.0
1997-04-01,Durbl_excess,0.0338,0.00847936,-0.00099272,0.0
1997-04-01,Manuf_excess,0.0494,0.00733784,0.00451969,0.00451969
1997-04-01,Enrgy_excess,-0.004,0.00759241,0.00587172,0.00587172
1997-04-01,HiTec_excess,0.0725,0.00824437,0.00734554,0.00734554
1997-04-01,Telcm_excess,0.0206,0.00588671,0.00607534,0.00607534
1997-04-01,Shops_excess,0.0168,0.00727722,-0.00712325,0.0
1997-04-01,Hlth_excess,0.0564,0.00823405,0.00449909,0.00449909
1997-04-01,Utils_excess,-0.0182,0.00584674,0.00385572,0.00385572
1997-04-01,Other_excess,0.0467,0.00653215,0.00286763,0.00286763
1997-05-01,NoDur_excess,0.0544,0.00705107,0.00988152,0.00988152
1997-05-01,Durbl_excess,0.0581,0.00850936,0.01058744,0.01058744
1997-05-01,Manuf_excess,0.0733,0.00738768,0.01425757,0.01425757
1997-05-01,Enrgy_excess,0.0683,0.00757867,0.0111972,0.0111972
1997-05-01,HiTec_excess,0.0969,0.0083205,0.01530263,0.01530263
1997-05-01,Telcm_excess,0.0607,0.00590415,0.012221,0.012221
1997-05-01,Shops_excess,0.0554,0.00728851,0.0035806,0.0035806
1997-05-01,Hlth_excess,0.0652,0.00829111,0.01088632,0.01088632
1997-05-01,Utils_excess,0.0314,0.00581825,0.01146754,0.01146754
1997-05-01,Other_excess,0.0554,0.00657974,0.01536814,0.01536814
1997-06-01,NoDur_excess,0.0321,0.0071071,0.01396607,0.01396607
1997-06-01,Durbl_excess,0.0298,0.00856805,0.01464357,0.01464357
1997-06-01,Manuf_excess,0.0483,0.00746568,0.01762366,0.01762366
1997-06-01,Enrgy_excess,0.0091,0.00765053,0.01304374,0.01304374
1997-06-01,HiTec_excess,0.0106,0.00842533,0.02130722,0.02130722
1997-06-01,Telcm_excess,0.0309,0.00596899,0.01472151,0.01472151
1997-06-01,Shops_excess,0.0473,0.00734544,0.00967189,0.00967189
1997-06-01,Hlth_excess,0.085,0.00835846,0.01612274,0.01612274
1997-06-01,Utils_excess,0.0277,0.00584852,0.01409388,0.01409388
1997-06-01,Other_excess,0.0483,0.00663751,0.01877096,0.01877096
1997-07-01,NoDur_excess,0.0291,0.00713664,0.013987,0.013987
1997-07-01,Durbl_excess,0.0703,0.00859314,0.01502919,0.01502919
1997-07-01,Manuf_excess,0.0675,0.00751395,0.01896092,0.01896092
1997-07-01,Enrgy_excess,0.07,0.00765225,0.01382087,0.01382087
1997-07-01,HiTec_excess,0.1554,0.0084279,0.02033873,0.02033873
1997-07-01,Telcm_excess,0.0182,0.00599846,0.01548026,0.01548026
1997-07-01,Shops_excess,0.0737,0.00739267,0.01010764,0.01010764
1997-07-01,Hlth_excess,0.0167,0.00844905,0.01621979,0.01621979
1997-07-01,Utils_excess,0.024,0.00587435,0.01361846,0.01361846
1997-07-01,Other_excess,0.088,0.00668676,0.02049283,0.02049283
1997-08-01,NoDur_excess,-0.0682,0.00716257,0.02041308,0.02041308
1997-08-01,Durbl_excess,0.0082,0.008666,0.02289,0.02289
1997-08-01,Manuf_excess,-0.0582,0.00758477,0.02638909,0.02638909
1997-08-01,Enrgy_excess,-0.0012,0.00772586,0.01838851,0.01838851
1997-08-01,HiTec_excess,-0.018,0.00860142,0.02825272,0.02825272
1997-08-01,Telcm_excess,-0.0282,0.00601287,0.02032954,0.02032954
1997-08-01,Shops_excess,-0.0293,0.00747096,0.01864885,0.01864885
1997-08-01,Hlth_excess,-0.0651,0.0084588,0.01963756,0.01963756
1997-08-01,Utils_excess,-0.0157,0.00589575,0.01974559,0.01974559
1997-08-01,Other_excess,-0.0513,0.00678276,0.03078977,0.03078977
1997-09-01,NoDur_excess,0.051,0.0070737,0.00292985,0.00292985
1997-09-01,Durbl_excess,0.0475,0.00866545,0.00297096,0.00297096
1997-09-01,Manuf_excess,0.0295,0.00750719,0.00985771,0.00985771
1997-09-01,Enrgy_excess,0.0581,0.00771533,0.00922205,0.00922205
1997-09-01,HiTec_excess,0.0299,0.00857005,0.01375148,0.01375148
1997-09-01,Telcm_excess,0.0921,0.00597252,0.00727346,0.00727346
1997-09-01,Shops_excess,0.0486,0.00742759,-0.00137795,0.0
1997-09-01,Hlth_excess,0.0617,0.00837205,0.00979014,0.00979014
1997-09-01,Utils_excess,0.0418,0.00587028,0.00450428,0.00450428
1997-09-01,Other_excess,0.0756,0.00671427,0.00774449,0.00774449
1997-10-01,NoDur_excess,-0.0357,0.00712544,0.01017034,0.01017034
1997-10-01,Durbl_excess,-0.0379,0.00871119,0.01384417,0.01384417
1997-10-01,Manuf_excess,-0.0626,0.0075331,0.01725087,0.01725087
1997-10-01,Enrgy_excess,-0.0244,0.00777468,0.01499849,0.01499849
1997-10-01,HiTec_excess,-0.087,0.00859517,0.01917565,0.01917565
1997-10-01,Telcm_excess,0.0246,0.00607397,0.0142006,0.0142006
1997-10-01,Shops_excess,-0.0239,0.00747609,0.00692882,0.00692882
1997-10-01,Hlth_excess,-0.0033,0.00843486,0.01205743,0.01205743
1997-10-01,Utils_excess,0.0047,0.0059126,0.01116994,0.01116994
1997-10-01,Other_excess,-0.0322,0.00679541,0.01955199,0.01955199
1997-11-01,NoDur_excess,0.0607,0.00707506,0.00534932,0.00534932
1997-11-01,Durbl_excess,-0.0181,0.00865635,0.01036729,0.01036729
1997-11-01,Manuf_excess,0.0383,0.00745059,0.0146793,0.0146793
1997-11-01,Enrgy_excess,-0.0387,0.00773682,0.01545772,0.01545772
1997-11-01,HiTec_excess,0.0105,0.00848271,0.0115832,0.0115832
1997-11-01,Telcm_excess,0.1029,0.00609576,0.00932075,0.00932075
1997-11-01,Shops_excess,0.0492,0.00743918,-0.00072159,0.0
1997-11-01,Hlth_excess,0.0238,0.00842106,0.00926524,0.00926524
1997-11-01,Utils_excess,0.0679,0.00591118,0.00946902,0.00946902
1997-11-01,Other_excess,0.0254,0.00674953,0.01439881,0.01439881
1997-12-01,NoDur_excess,0.0329,0.00713807,0.00997414,0.00997414
1997-12-01,Durbl_excess,0.0315,0.00862491,0.01025531,0.01025531
1997-12-01,Manuf_excess,-0.0076,0.00748684,0.01532073,0.01532073
1997-12-01,Enrgy_excess,-0.0194,0.00768226,0.01195919,0.01195919
1997-12-01,HiTec_excess,-0.047,0.00848508,0.01746149,0.01746149
1997-12-01,Telcm_excess,0.0368,0.00620952,0.01477891,0.01477891
1997-12-01,Shops_excess,-0.0063,0.00748825,0.00683043,0.00683043
1997-12-01,Hlth_excess,0.0304,0.00843913,0.01412066,0.01412066
1997-12-01,Utils_excess,0.0753,0.00598402,0.01193921,0.01193921
1997-12-01,Other_excess,0.0471,0.00677145,0.01639642,0.01639642
1998-01-01,NoDur_excess,-0.0316,0.00716831,0.0127296,0.0127296
1998-01-01,Durbl_excess,0.0006,0.00865176,0.01259106,0.01259106
1998-01-01,Manuf_excess,0.0026,0.00746913,0.01628942,0.01628942
1998-01-01,Enrgy_excess,-0.0609,0.00765047,0.01162497,0.01162497
1998-01-01,HiTec_excess,0.0482,0.00841995,0.01843644,0.01843644
1998-01-01,Telcm_excess,0.0466,0.00624542,0.01658302,0.01658302
1998-01-01,Shops_excess,0.0047,0.00747207,0.01005258,0.01005258
1998-01-01,Hlth_excess,0.0523,0.00846491,0.01645791,0.01645791
1998-01-01,Utils_excess,-0.0481,0.00606538,0.01520153,0.01520153
1998-01-01,Other_excess,-0.0239,0.00681878,0.0190722,0.0190722
1998-02-01,NoDur_excess,0.0457,0.00712286,0.0083549,0.0083549
1998-02-01,Durbl_excess,0.119,0.00864232,0.00871274,0.00871274
1998-02-01,Manuf_excess,0.067,0.00746342,0.01409257,0.01409257
1998-02-01,Enrgy_excess,0.064,0.00757011,0.00963114,0.00963114
1998-02-01,HiTec_excess,0.0995,0.00846659,0.01495217,0.01495217
1998-02-01,Telcm_excess,0.0202,0.00629273,0.01568521,0.01568521
1998-02-01,Shops_excess,0.0999,0.00746882,0.0057555,0.0057555
1998-02-01,Hlth_excess,0.0514,0.0085163,0.0133128,0.0133128
1998-02-01,Utils_excess,0.0225,0.00600188,0.01060435,0.01060435
1998-02-01,Other_excess,0.0781,0.00678277,0.0158472,0.0158472
1998-03-01,NoDur_excess,0.0549,0.00716803,0.00894333,0.00894333
1998-03-01,Durbl_excess,0.0579,0.00877155,0.00894622,0.00894622
1998-03-01,Manuf_excess,0.0442,0.00753314,0.01363522,0.01363522
1998-03-01,Enrgy_excess,0.0441,0.00763618,0.00890895,0.00890895
1998-03-01,HiTec_excess,0.0092,0.00857319,0.01726063,0.01726063
1998-03-01,Telcm_excess,0.097,0.00630902,0.01547376,0.01547376
1998-03-01,Shops_excess,0.064,0.00757705,0.00885486,0.00885486
1998-03-01,Hlth_excess,0.0319,0.00856651,0.01551888,0.01551888
1998-03-01,Utils_excess,0.0631,0.00602119,0.00971814,0.00971814
1998-03-01,Other_excess,0.0551,0.00686628,0.01556098,0.01556098
1998-04-01,NoDur_excess,-0.0367,0.00722386,0.00959316,0.00959316
1998-04-01,Durbl_excess,0.0137,0.00882901,0.0120723,0.0120723
1998-04-01,Manuf_excess,0.0079,0.00757602,0.0152084,0.0152084
1998-04-01,Enrgy_excess,0.0331,0.00767883,0.01046126,0.01046126
1998-04-01,HiTec_excess,0.0475,0.00857392,0.01786535,0.01786535
1998-04-01,Telcm_excess,-0.0364,0.00641509,0.01747688,0.01747688
1998-04-01,Shops_excess,-0.0106,0.00764304,0.00931485,0.00931485
1998-04-01,Hlth_excess,0.0148,0.0085938,0.01456016,0.01456016
1998-04-01,Utils_excess,-0.0292,0.00608795,0.010236,0.010236
1998-04-01,Other_excess,0.0158,0.00692269,0.01799054,0.01799054
1998-05-01,NoDur_excess,0.007,0.00717255,0.00919376,0.00919376
1998-05-01,Durbl_excess,0.0575,0.0088347,0.01288996,0.01288996
1998-05-01,Manuf_excess,-0.0289,0.0075764,0.01541997,0.01541997
1998-05-01,Enrgy_excess,-0.0467,0.00770853,0.01087663,0.01087663
1998-05-01,HiTec_excess,-0.0744,0.00861939,0.01880986,0.01880986
1998-05-01,Telcm_excess,-0.0222,0.00636507,0.01667135,0.01667135
1998-05-01,Shops_excess,0.0172,0.00762173,0.00972613,0.00972613
1998-05-01,Hlth_excess,-0.029,0.00860105,0.01490831,0.01490831
1998-05-01,Utils_excess,-0.0149,0.00604673,0.00988706,0.00988706
1998-05-01,Other_excess,-0.0348,0.00693306,0.01836898,0.01836898
1998-06-01,NoDur_excess,0.0373,0.00717235,0.00998248,0.00998248
1998-06-01,Durbl_excess,0.0071,0.00889148,0.01413582,0.01413582
1998-06-01,Manuf_excess,-0.0115,0.00753384,0.01462776,0.01462776
1998-06-01,Enrgy_excess,-0.0165,0.00764504,0.0093717,0.0093717
1998-06-01,HiTec_excess,0.0833,0.00852252,0.01710145,0.01710145
1998-06-01,Telcm_excess,0.0252,0.00633174,0.01666577,0.01666577
1998-06-01,Shops_excess,0.0485,0.00763291,0.01087506,0.01087506
1998-06-01,Hlth_excess,0.0579,0.00855718,0.01372704,0.01372704
1998-06-01,Utils_excess,0.0259,0.00602229,0.01043029,0.01043029
1998-06-01,Other_excess,0.027,0.00688436,0.01812428,0.01812428
1998-07-01,NoDur_excess,-0.0454,0.00720746,0.00648176,0.00648176
1998-07-01,Durbl_excess,-0.0144,0.00888939,0.01163481,0.01163481
1998-07-01,Manuf_excess,-0.0616,0.00751166,0.01243166,0.01243166
1998-07-01,Enrgy_excess,-0.0689,0.0076169,0.00834763,0.00834763
1998-07-01,HiTec_excess,0.0012,0.00860967,0.01513181,0.01513181
1998-07-01,Telcm_excess,0.0342,0.00635373,0.0143467,0.0143467
1998-07-01,Shops_excess,-0.0332,0.00768054,0.00535188,0.00535188
1998-07-01,Hlth_excess,-0.0066,0.00861469,0.01098512,0.01098512
1998-07-01,Utils_excess,-0.0581,0.00604545,0.00716869,0.00716869
1998-07-01,Other_excess,-0.0213,0.00690781,0.01528594,0.01528594
1998-08-01,NoDur_excess,-0.1353,0.00714622,0.00320385,0.00320385
1998-08-01,Durbl_excess,-0.1939,0.00886228,0.00728062,0.00728062
1998-08-01,Manuf_excess,-0.1474,0.0074312,0.0077944,0.0077944
1998-08-01,Enrgy_excess,-0.1082,0.00752782,0.00460972,0.00460972
1998-08-01,HiTec_excess,-0.1811,0.00860105,0.01274304,0.01274304
1998-08-01,Telcm_excess,-0.1279,0.00638615,0.01235152,0.01235152
1998-08-01,Shops_excess,-0.1463,0.00763295,0.00225755,0.00225755
1998-08-01,Hlth_excess,-0.128,0.00859697,0.01010488,0.01010488
1998-08-01,Utils_excess,0.0153,0.00597078,0.00372094,0.00372094
1998-08-01,Other_excess,-0.2186,0.00687497,0.01018339,0.01018339
1998-09-01,NoDur_excess,0.008,0.00698058,-0.00583694,0.0
1998-09-01,Durbl_excess,0.0034,0.00862651,0.0009679,0.0009679
1998-09-01,Manuf_excess,0.002,0.00725116,0.0045324,0.0045324
1998-09-01,Enrgy_excess,0.1249,0.00739326,0.00528613,0.00528613
1998-09-01,HiTec_excess,0.1469,0.00838047,0.00019625,0.00019625
1998-09-01,Telcm_excess,0.0981,0.00623,0.00481909,0.00481909
1998-09-01,Shops_excess,0.0102,0.00745395,-0.01377349,0.0
1998-09-01,Hlth_excess,0.1163,0.00843814,-0.00023162,0.0
1998-09-01,Utils_excess,0.0771,0.00598163,0.00046235,0.00046235
1998-09-01,Other_excess,0.0254,0.00661279,0.00195593,0.00195593
1998-10-01,NoDur_excess,0.1067,0.00698177,0.0117522,0.0117522
1998-10-01,Durbl_excess,0.1031,0.00862044,0.01647578,0.01647578
1998-10-01,Manuf_excess,0.1095,0.00724506,0.01468428,0.01468428
1998-10-01,Enrgy_excess,0.0084,0.00752973,0.01112224,0.01112224
1998-10-01,HiTec_excess,0.0589,0.00854135,0.01900746,0.01900746
1998-10-01,Telcm_excess,0.0642,0.0063367,0.01590663,0.01590663
1998-10-01,Shops_excess,0.1037,0.00745714,0.01309872,0.01309872
1998-10-01,Hlth_excess,0.0351,0.00856341,0.01795637,0.01795637
1998-10-01,Utils_excess,-0.0209,0.00606423,0.0188346,0.0188346
1998-10-01,Other_excess,0.0802,0.00663461,0.01776315,0.01776315
1998-11-01,NoDur_excess,0.061,0.00709745,0.00095187,0.00095187
1998-11-01,Durbl_excess,0.0493,0.00873005,0.00704312,0.00704312
1998-11-01,Manuf_excess,0.0321,0.00736369,0.00813472,0.00813472
1998-11-01,Enrgy_excess,0.003,0.00753074,0.00656514,0.00656514
1998-11-01,HiTec_excess,0.1135,0.00859977,0.01242874,0.01242874
1998-11-01,Telcm_excess,0.0335,0.00640383,0.01105209,0.01105209
1998-11-01,Shops_excess,0.0915,0.00756879,-0.00012896,0.0
1998-11-01,Hlth_excess,0.0588,0.0085942,0.00942444,0.00942444
1998-11-01,Utils_excess,0.0102,0.00603295,0.00362708,0.00362708
1998-11-01,Other_excess,0.0574,0.00671995,0.00738584,0.00738584
1998-12-01,NoDur_excess,-0.0005,0.00715991,0.01829847,0.01829847
1998-12-01,Durbl_excess,0.0336,0.00877706,0.02274174,0.02274174
1998-12-01,Manuf_excess,0.0201,0.00739235,0.01873751,0.01873751
1998-12-01,Enrgy_excess,-0.0162,0.00752549,0.00815126,0.00815126
1998-12-01,HiTec_excess,0.1477,0.00872132,0.02969006,0.02969006
1998-12-01,Telcm_excess,0.1401,0.00643523,0.02251899,0.02251899
1998-12-01,Shops_excess,0.0884,0.00766605,0.02462326,0.02462326
1998-12-01,Hlth_excess,0.0456,0.00865238,0.02241771,0.02241771
1998-12-01,Utils_excess,0.0248,0.00603778,0.01810893,0.01810893
1998-12-01,Other_excess,0.0301,0.00677868,0.02449807,0.02449807
1999-01-01,NoDur_excess,-0.0382,0.00715104,0.00982089,0.00982089
1999-01-01,Durbl_excess,0.0455,0.00880579,0.01740207,0.01740207
1999-01-01,Manuf_excess,0.0024,0.00740706,0.01531376,0.01531376
1999-01-01,Enrgy_excess,-0.0532,0.00749803,0.007407,0.007407
1999-01-01,HiTec_excess,0.1472,0.00888218,0.02693312,0.02693312
1999-01-01,Telcm_excess,0.0878,0.00658993,0.02087393,0.02087393
1999-01-01,Shops_excess,0.0183,0.00775949,0.01448241,0.01448241
1999-01-01,Hlth_excess,-0.0007,0.00869514,0.01755516,0.01755516
1999-01-01,Utils_excess,-0.066,0.00605949,0.01035758,0.01035758
1999-01-01,Other_excess,0.0062,0.00680567,0.01814536,0.01814536
1999-02-01,NoDur_excess,-0.0434,0.00709861,0.00911055,0.00911055
1999-02-01,Durbl_excess,-0.0485,0.00884821,0.01899329,0.01899329
1999-02-01,Manuf_excess,-0.0248,0.00740127,0.01635261,0.01635261
1999-02-01,Enrgy_excess,-0.0361,0.00742786,0.00707458,0.00707458
1999-02-01,HiTec_excess,-0.1192,0.00904208,0.02959768,0.02959768
1999-02-01,Telcm_excess,-0.0324,0.00668382,0.0241763,0.0241763
1999-02-01,Shops_excess,-0.0169,0.00777168,0.01588331,0.01588331
1999-02-01,Hlth_excess,-0.0018,0.00868428,0.0161459,0.0161459
1999-02-01,Utils_excess,-0.0398,0.00597618,0.00848132,0.00848132
1999-02-01,Other_excess,-0.0034,0.00680497,0.02026239,0.02026239
1999-03-01,NoDur_excess,-0.0246,0.0070403,-0.00185468,0.0
1999-03-01,Durbl_excess,-0.008,0.00878199,0.00506353,0.00506353
1999-03-01,Manuf_excess,0.0443,0.00736409,0.00557409,0.00557409
1999-03-01,Enrgy_excess,0.1485,0.0073776,0.00038702,0.00038702
1999-03-01,HiTec_excess,0.0804,0.008894,0.01700585,0.01700585
1999-03-01,Telcm_excess,-0.0111,0.00663868,0.01386189,0.01386189
1999-03-01,Shops_excess,0.0227,0.00774319,0.00216622,0.00216622
1999-03-01,Hlth_excess,0.0208,0.00867217,0.01045993,0.01045993
1999-03-01,Utils_excess,-0.0207,0.00592333,-0.00193418,0.0
1999-03-01,Other_excess,0.0199,0.00679319,0.00552532,0.00552532
1999-04-01,NoDur_excess,0.0354,0.00700381,0.00299857,0.00299857
1999-04-01,Durbl_excess,0.0904,0.00876263,0.01183176,0.01183176
1999-04-01,Manuf_excess,0.0908,0.00740669,0.01103612,0.01103612
1999-04-01,Enrgy_excess,0.154,0.00754037,0.00688419,0.00688419
1999-04-01,HiTec_excess,0.0189,0.00897647,0.0217465,0.0217465
1999-04-01,Telcm_excess,0.0738,0.00661822,0.01814504,0.01814504
1999-04-01,Shops_excess,0.0001,0.00776044,0.00920991,0.00920991
1999-04-01,Hlth_excess,-0.059,0.00868616,0.01161181,0.01161181
1999-04-01,Utils_excess,0.0698,0.00589262,0.00241675,0.00241675
1999-04-01,Other_excess,0.0634,0.0068083,0.013925,0.013925
1999-05-01,NoDur_excess,0.0103,0.00703652,-0.00187847,0.0
1999-05-01,Durbl_excess,-0.0481,0.00885668,0.00814921,0.00814921
1999-05-01,Manuf_excess,-0.0364,0.00750276,0.00871872,0.00871872
1999-05-01,Enrgy_excess,-0.0344,0.0077091,0.00854426,0.00854426
1999-05-01,HiTec_excess,-0.0117,0.0089879,0.01653106,0.01653106
1999-05-01,Telcm_excess,0.0032,0.00669562,0.01745823,0.01745823
1999-05-01,Shops_excess,-0.0332,0.00775161,0.00200858,0.00200858
1999-05-01,Hlth_excess,-0.0237,0.00860818,0.00391144,0.00391144
1999-05-01,Utils_excess,0.0639,0.00596624,-0.00070118,0.0
1999-05-01,Other_excess,-0.0423,0.0068735,0.01113205,0.01113205
1999-06-01,NoDur_excess,-0.0014,0.00704028,0.00141756,0.00141756
1999-06-01,Durbl_excess,0.0053,0.00879114,0.01062478,0.01062478
1999-06-01,Manuf_excess,0.0411,0.00745224,0.00994758,0.00994758
1999-06-01,Enrgy_excess,-0.0188,0.00766064,0.00913877,0.00913877
1999-06-01,HiTec_excess,0.1116,0.0089641,0.02122934,0.02122934
1999-06-01,Telcm_excess,0.0548,0.0066916,0.0168093,0.0168093
1999-06-01,Shops_excess,0.0767,0.00770449,0.00366178,0.00366178
1999-06-01,Hlth_excess,0.0403,0.008571,0.00912876,0.00912876
1999-06-01,Utils_excess,-0.0489,0.00603291,0.00372729,0.00372729
1999-06-01,Other_excess,0.0265,0.00681692,0.01062475,0.01062475
1999-07-01,NoDur_excess,-0.0282,0.00703057,0.00142244,0.00142244
1999-07-01,Durbl_excess,-0.0641,0.00878713,0.01205874,0.01205874
1999-07-01,Manuf_excess,-0.0154,0.00749092,0.012612,0.012612
1999-07-01,Enrgy_excess,0.0126,0.00763023,0.01080348,0.01080348
1999-07-01,HiTec_excess,-0.0211,0.00908207,0.02401101,0.02401101
1999-07-01,Telcm_excess,-0.021,0.0067469,0.01901209,0.01901209
1999-07-01,Shops_excess,-0.0538,0.00778379,0.00499031,0.00499031
1999-07-01,Hlth_excess,-0.0478,0.00860747,0.00971127,0.00971127
1999-07-01,Utils_excess,-0.0096,0.00596977,0.00168535,0.00168535
1999-07-01,Other_excess,-0.0632,0.00683954,0.01314492,0.01314492
1999-08-01,NoDur_excess,-0.0498,0.00699013,0.00095585,0.00095585
1999-08-01,Durbl_excess,0.0021,0.00870344,0.00913342,0.00913342
1999-08-01,Manuf_excess,-0.0091,0.00746464,0.01093889,0.01093889
1999-08-01,Enrgy_excess,0.0153,0.00763594,0.00999221,0.00999221
1999-08-01,HiTec_excess,0.0507,0.00904742,0.02185818,0.02185818
1999-08-01,Telcm_excess,-0.0864,0.00671504,0.01844331,0.01844331
1999-08-01,Shops_excess,-0.0635,0.00771309,0.00442428,0.00442428
1999-08-01,Hlth_excess,0.0337,0.00854271,0.00738146,0.00738146
1999-08-01,Utils_excess,0.0019,0.00595189,0.00205882,0.00205882
1999-08-01,Other_excess,-0.0543,0.00675913,0.01149449,0.01149449
1999-09-01,NoDur_excess,-0.073,0.006925,0.00391155,0.00391155
1999-09-01,Durbl_excess,-0.0876,0.00869587,0.01251707,0.01251707
1999-09-01,Manuf_excess,-0.0354,0.00744564,0.01301733,0.01301733
1999-09-01,Enrgy_excess,-0.0435,0.00764472,0.01098601,0.01098601
1999-09-01,HiTec_excess,-0.0049,0.00909518,0.02554276,0.02554276
1999-09-01,Telcm_excess,0.0426,0.00660826,0.0181436,0.0181436
1999-09-01,Shops_excess,0.0088,0.00763142,0.0081564,0.0081564
1999-09-01,Hlth_excess,-0.0746,0.00857156,0.01155144,0.01155144
1999-09-01,Utils_excess,-0.0467,0.00594725,0.00637505,0.00637505
1999-09-01,Other_excess,-0.0494,0.00668911,0.01343883,0.01343883
1999-10-01,NoDur_excess,0.0621,0.00683345,0.00351712,0.00351712
1999-10-01,Durbl_excess,0.0421,0.00858557,0.01202148,0.01202148
1999-10-01,Manuf_excess,0.0532,0.00739656,0.01316955,0.01316955
1999-10-01,Enrgy_excess,-0.0196,0.00758614,0.01041893,0.01041893
1999-10-01,HiTec_excess,0.0262,0.00907915,0.02566886,0.02566886
1999-10-01,Telcm_excess,0.0791,0.00664948,0.02054419,0.02054419
1999-10-01,Shops_excess,0.0282,0.00763276,0.00948317,0.00948317
1999-10-01,Hlth_excess,0.1034,0.00847629,0.00931765,0.00931765
1999-10-01,Utils_excess,0.0177,0.00588694,0.00732224,0.00732224
1999-10-01,Other_excess,0.1104,0.00662486,0.01478184,0.01478184
1999-11-01,NoDur_excess,-0.0146,0.00689668,0.00689026,0.00689026
1999-11-01,Durbl_excess,-0.0256,0.00862391,0.0164345,0.0164345
1999-11-01,Manuf_excess,-0.0134,0.00744897,0.01707696,0.01707696
1999-11-01,Enrgy_excess,0.0345,0.00755503,0.01193368,0.01193368
1999-11-01,HiTec_excess,0.1239,0.00909874,0.03044496,0.03044496
1999-11-01,Telcm_excess,0.0425,0.00673238,0.02264526,0.02264526
1999-11-01,Shops_excess,0.0379,0.00765629,0.01272151,0.01272151
1999-11-01,Hlth_excess,0.0116,0.0085849,0.01518766,0.01518766
1999-11-01,Utils_excess,-0.0772,0.00590046,0.01030595,0.01030595
1999-11-01,Other_excess,-0.0285,0.00674359,0.01904796,0.01904796
1999-12-01,NoDur_excess,-0.0308,0.00687211,0.00602024,0.00602024
1999-12-01,Durbl_excess,0.0231,0.0085848,0.01457002,0.01457002
1999-12-01,Manuf_excess,0.0984,0.00742514,0.0161272,0.0161272
1999-12-01,Enrgy_excess,0.0019,0.00758583,0.01232618,0.01232618
1999-12-01,HiTec_excess,0.2031,0.00922994,0.03411692,0.03411692
1999-12-01,Telcm_excess,0.0409,0.00677326,0.02392816,0.02392816
1999-12-01,Shops_excess,0.0632,0.00769086,0.01309651,0.01309651
1999-12-01,Hlth_excess,-0.0606,0.00858834,0.01543265,0.01543265
1999-12-01,Utils_excess,-0.0281,0.00580549,0.00733337,0.00733337
1999-12-01,Other_excess,0.0096,0.00670331,0.01809244,0.01809244
2000-01-01,NoDur_excess,-0.0513,0.00682911,0.00400273,0.00400273
2000-01-01,Durbl_excess,-0.0174,0.00860137,0.01341323,0.01341323
2000-01-01,Manuf_excess,-0.0907,0.007529,0.01697234,0.01697234
2000-01-01,Enrgy_excess,0.0087,0.00757934,0.01228045,0.01228045
2000-01-01,HiTec_excess,-0.0562,0.00945126,0.03750319,0.03750319
2000-01-01,Telcm_excess,-0.0426,0.00681221,0.023036,0.023036
2000-01-01,Shops_excess,-0.1142,0.00775422,0.01283009,0.01283009
2000-01-01,Hlth_excess,0.0722,0.00850936,0.01351892,0.01351892
2000-01-01,Utils_excess,0.0513,0.00576678,0.00507493,0.00507493
2000-01-01,Other_excess,-0.0516,0.00670662,0.01631391,0.01631391
2000-02-01,NoDur_excess,-0.067,0.00676283,-0.00567699,0.0
2000-02-01,Durbl_excess,-0.0924,0.00857172,0.0057808,0.0057808
2000-02-01,Manuf_excess,-0.0417,0.00741699,0.01014907,0.01014907
2000-02-01,Enrgy_excess,-0.0603,0.00758062,0.01263348,0.01263348
2000-02-01,HiTec_excess,0.1761,0.0093764,0.02427864,0.02427864
2000-02-01,Telcm_excess,-0.0412,0.00675587,0.01663795,0.01663795
2000-02-01,Shops_excess,-0.0438,0.00761517,-0.00562959,0.0
2000-02-01,Hlth_excess,-0.0294,0.00858198,0.00536315,0.00536315
2000-02-01,Utils_excess,-0.075,0.0058187,0.00086825,0.00086825
2000-02-01,Other_excess,-0.0781,0.00664014,0.00863862,0.00863862
2000-03-01,NoDur_excess,0.0696,0.00667882,-0.00472979,0.0
2000-03-01,Durbl_excess,0.1042,0.00845672,0.00355164,0.00355164
2000-03-01,Manuf_excess,0.0705,0.00736105,0.00945608,0.00945608
2000-03-01,Enrgy_excess,0.1145,0.0075033,0.00943735,0.00943735
2000-03-01,HiTec_excess,0.0362,0.00956629,0.03025305,0.03025305
2000-03-01,Telcm_excess,0.078,0.00670125,0.01821734,0.01821734
2000-03-01,Shops_excess,0.1292,0.00755661,-0.00158961,0.0
2000-03-01,Hlth_excess,-0.005,0.00853872,0.00563557,0.00563557
2000-03-01,Utils_excess,0.0542,0.00572665,0.00203385,0.00203385
2000-03-01,Other_excess,0.1389,0.00654362,0.00950862,0.00950862
2000-04-01,NoDur_excess,-0.0242,0.0067504,-0.00246682,0.0
2000-04-01,Durbl_excess,0.0823,0.00856564,0.00721502,0.00721502
2000-04-01,Manuf_excess,0.01,0.00743288,0.01416745,0.01416745
2000-04-01,Enrgy_excess,-0.0277,0.00762503,0.01484392,0.01484392
2000-04-01,HiTec_excess,-0.1101,0.00959659,0.03143146,0.03143146
2000-04-01,Telcm_excess,-0.0879,0.00678237,0.02093856,0.02093856
2000-04-01,Shops_excess,-0.0494,0.00769499,0.00312161,0.00312161
2000-04-01,Hlth_excess,0.0458,0.00852332,0.00634443,0.00634443
2000-04-01,Utils_excess,0.0696,0.0057818,0.00418449,0.00418449
2000-04-01,Other_excess,-0.0329,0.0066942,0.01527794,0.01527794
2000-05-01,NoDur_excess,0.066,0.00671523,0.00018258,0.00018258
2000-05-01,Durbl_excess,-0.1281,0.00864943,0.01317639,0.01317639
2000-05-01,Manuf_excess,-0.0222,0.0074358,0.01726264,0.01726264
2000-05-01,Enrgy_excess,0.0889,0.00758489,0.01588258,0.01588258
2000-05-01,HiTec_excess,-0.1135,0.00946057,0.03476361,0.03476361
2000-05-01,Telcm_excess,-0.1047,0.00667477,0.01739224,0.01739224
2000-05-01,Shops_excess,-0.0333,0.00763011,0.00602294,0.00602294
2000-05-01,Hlth_excess,0.0322,0.00856568,0.01561427,0.01561427
2000-05-01,Utils_excess,0.0346,0.00585432,0.00864292,0.00864292
2000-05-01,Other_excess,0.0285,0.0066492,0.01407824,0.01407824
2000-06-01,NoDur_excess,0.0178,0.00678252,0.00014493,0.00014493
2000-06-01,Durbl_excess,-0.0939,0.00849421,0.00770039,0.00770039
2000-06-01,Manuf_excess,-0.0168,0.00740216,0.01567918,0.01567918
2000-06-01,Enrgy_excess,-0.0545,0.00767719,0.01734025,0.01734025
2000-06-01,HiTec_excess,0.1223,0.009321,0.0306741,0.0306741
2000-06-01,Telcm_excess,0.0359,0.00654835,0.01502296,0.01502296
2000-06-01,Shops_excess,-0.0261,0.00758365,0.0027453,0.0027453
2000-06-01,Hlth_excess,0.1059,0.00859251,0.01411127,0.01411127
2000-06-01,Utils_excess,-0.0508,0.00588695,0.0073454,0.0073454
2000-06-01,Other_excess,-0.0353,0.00667401,0.0142014,0.0142014
2000-07-01,NoDur_excess,0.0024,0.00679501,0.01448954,0.01448954
2000-07-01,Durbl_excess,0.0425,0.00837812,0.01795485,0.01795485
2000-07-01,Manuf_excess,-0.0193,0.00737472,0.02271448,0.02271448
2000-07-01,Enrgy_excess,-0.0316,0.00760669,0.01663566,0.01663566
2000-07-01,HiTec_excess,-0.0563,0.00944909,0.04184778,0.04184778
2000-07-01,Telcm_excess,-0.0722,0.00658163,0.02606507,0.02606507
2000-07-01,Shops_excess,-0.017,0.00754546,0.02356104,0.02356104
2000-07-01,Hlth_excess,-0.0699,0.00870283,0.02448272,0.02448272
2000-07-01,Utils_excess,0.0339,0.00582268,0.01828639,0.01828639
2000-07-01,Other_excess,0.0488,0.00662642,0.02780676,0.02780676
2000-08-01,NoDur_excess,-0.0258,0.00679003,0.01115016,0.01115016
2000-08-01,Durbl_excess,0.0494,0.00841676,0.01440022,0.01440022
2000-08-01,Manuf_excess,0.0691,0.00734451,0.01992317,0.01992317
2000-08-01,Enrgy_excess,0.0825,0.00756229,0.01579058,0.01579058
2000-08-01,HiTec_excess,0.1218,0.00937463,0.03753417,0.03753417
2000-08-01,Telcm_excess,-0.0199,0.00649241,0.02069246,0.02069246
2000-08-01,Shops_excess,-0.029,0.00751767,0.01713002,0.01713002
2000-08-01,Hlth_excess,0.03,0.00861382,0.02178267,0.02178267
2000-08-01,Utils_excess,0.1116,0.00585447,0.01586971,0.01586971
2000-08-01,Other_excess,0.0874,0.00667418,0.02429759,0.02429759
2000-09-01,NoDur_excess,0.0322,0.00675317,0.0084924,0.0084924
2000-09-01,Durbl_excess,-0.0467,0.00846312,0.01499208,0.01499208
2000-09-01,Manuf_excess,-0.0621,0.00741437,0.02183747,0.02183747
2000-09-01,Enrgy_excess,0.0405,0.00764706,0.01859838,0.01859838
2000-09-01,HiTec_excess,-0.1524,0.00950181,0.04160768,0.04160768
2000-09-01,Telcm_excess,-0.0496,0.00646256,0.01970186,0.01970186
2000-09-01,Shops_excess,0.0215,0.00747636,0.01307056,0.01307056
2000-09-01,Hlth_excess,0.0316,0.00863801,0.02177289,0.02177289
2000-09-01,Utils_excess,0.0829,0.0059741,0.01663327,0.01663327
2000-09-01,Other_excess,-0.0026,0.0067655,0.02586464,0.02586464
2000-10-01,NoDur_excess,0.0692,0.00678192,0.01026754,0.01026754
2000-10-01,Durbl_excess,0.0199,0.00840079,0.01083441,0.01083441
2000-10-01,Manuf_excess,0.0284,0.00733582,0.01759463,0.01759463
2000-10-01,Enrgy_excess,-0.0337,0.00768418,0.01647907,0.01647907
2000-10-01,HiTec_excess,-0.0803,0.00931887,0.03602094,0.03602094
2000-10-01,Telcm_excess,-0.0073,0.00639921,0.01780303,0.01780303
2000-10-01,Shops_excess,-0.0231,0.0074922,0.01812532,0.01812532
2000-10-01,Hlth_excess,0.015,0.00866395,0.0230899,0.0230899
2000-10-01,Utils_excess,-0.0223,0.00606102,0.01998333,0.01998333
2000-10-01,Other_excess,-0.0185,0.00675492,0.02391969,0.02391969
2000-11-01,NoDur_excess,0.0219,0.00685237,0.00595598,0.00595598
2000-11-01,Durbl_excess,-0.1165,0.00841377,0.00876588,0.00876588
2000-11-01,Manuf_excess,-0.0359,0.00735959,0.01733937,0.01733937
2000-11-01,Enrgy_excess,-0.0303,0.00763747,0.01801124,0.01801124
2000-11-01,HiTec_excess,-0.2371,0.00921772,0.02795752,0.02795752
2000-11-01,Telcm_excess,-0.1704,0.00638375,0.01307161,0.01307161
2000-11-01,Shops_excess,-0.0155,0.00745767,0.00500076,0.00500076
2000-11-01,Hlth_excess,0.0024,0.00867111,0.01854069,0.01854069
2000-11-01,Utils_excess,0.0245,0.00602901,0.01443695,0.01443695
2000-11-01,Other_excess,-0.0649,0.00672641,0.01896061,0.01896061
2000-12-01,NoDur_excess,0.0494,0.00686933,0.01498131,0.01498131
2000-12-01,Durbl_excess,-0.0042,0.00827294,0.01290646,0.01290646
2000-12-01,Manuf_excess,0.0647,0.00731082,0.02080534,0.02080534
2000-12-01,Enrgy_excess,0.07,0.0075947,0.01693878,0.01693878
2000-12-01,HiTec_excess,-0.0849,0.00894002,0.02715606,0.02715606
2000-12-01,Telcm_excess,-0.0477,0.00618444,0.01445685,0.01445685
2000-12-01,Shops_excess,0.0517,0.00743179,0.01664953,0.01664953
2000-12-01,Hlth_excess,0.0299,0.00866404,0.02430702,0.02430702
2000-12-01,Utils_excess,0.0597,0.00604983,0.02241481,0.02241481
2000-12-01,Other_excess,0.0597,0.00664566,0.0245858,0.0245858
2001-01-01,NoDur_excess,-0.0272,0.00691723,0.01895323,0.01895323
2001-01-01,Durbl_excess,0.1251,0.0082589,0.01631275,0.01631275
2001-01-01,Manuf_excess,-0.0152,0.00737545,0.02442888,0.02442888
2001-01-01,Enrgy_excess,-0.0397,0.00766498,0.0197746,0.0197746
2001-01-01,HiTec_excess,0.1564,0.00883435,0.02688843,0.02688843
2001-01-01,Telcm_excess,0.1496,0.00612376,0.01350469,0.01350469
2001-01-01,Shops_excess,0.0587,0.00748164,0.02190066,0.02190066
2001-01-01,Hlth_excess,-0.0905,0.00868795,0.0279101,0.0279101
2001-01-01,Utils_excess,-0.1077,0.00611025,0.02561892,0.02561892
2001-01-01,Other_excess,0.0009,0.00670541,0.02754176,0.02754176
2001-02-01,NoDur_excess,-0.0024,0.00687885,0.0225335,0.0225335
2001-02-01,Durbl_excess,-0.0163,0.00839033,0.02256149,0.02256149
2001-02-01,Manuf_excess,-0.0417,0.00735006,0.02416231,0.02416231
2001-02-01,Enrgy_excess,-0.0041,0.0076117,0.01608522,0.01608522
2001-02-01,HiTec_excess,-0.2645,0.00900034,0.03224229,0.03224229
2001-02-01,Telcm_excess,-0.1068,0.00628515,0.02024624,0.02024624
2001-02-01,Shops_excess,-0.0571,0.00753926,0.03351858,0.03351858
2001-02-01,Hlth_excess,-0.0092,0.00857638,0.0266349,0.0266349
2001-02-01,Utils_excess,0.058,0.00598223,0.02520919,0.02520919
2001-02-01,Other_excess,-0.0463,0.00669888,0.03069338,0.03069338
2001-03-01,NoDur_excess,-0.052,0.00686843,0.00971467,0.00971467
2001-03-01,Durbl_excess,-0.0375,0.00836258,0.0110536,0.0110536
2001-03-01,Manuf_excess,-0.0647,0.00729494,0.01702882,0.01702882
2001-03-01,Enrgy_excess,-0.0052,0.00759854,0.01638104,0.01638104
2001-03-01,HiTec_excess,-0.1431,0.00869303,0.01705655,0.01705655
2001-03-01,Telcm_excess,-0.0642,0.00615809,0.01133914,0.01133914
2001-03-01,Shops_excess,-0.0329,0.00746663,0.01193875,0.01193875
2001-03-01,Hlth_excess,-0.0901,0.0085564,0.01653423,0.01653423
2001-03-01,Utils_excess,0.0063,0.00604067,0.01401334,0.01401334
2001-03-01,Other_excess,-0.0492,0.00663933,0.01906555,0.01906555
2001-04-01,NoDur_excess,0.0053,0.00680236,0.00768766,0.00768766
2001-04-01,Durbl_excess,0.0831,0.00831111,0.00941346,0.00941346
2001-04-01,Manuf_excess,0.0716,0.00721414,0.0145755,0.0145755
2001-04-01,Enrgy_excess,0.0963,0.00758418,0.01544624,0.01544624
2001-04-01,HiTec_excess,0.1762,0.00852267,0.01347305,0.01347305
2001-04-01,Telcm_excess,0.0362,0.00607912,0.00737284,0.00737284
2001-04-01,Shops_excess,0.0521,0.00742132,0.00888211,0.00888211
2001-04-01,Hlth_excess,0.0386,0.00844568,0.0157848,0.0157848
2001-04-01,Utils_excess,0.0502,0.00604097,0.01343345,0.01343345
2001-04-01,Other_excess,0.0569,0.00657666,0.01384292,0.01384292
2001-05-01,NoDur_excess,0.0308,0.00680067,0.00608875,0.00608875
2001-05-01,Durbl_excess,-0.0188,0.00839496,0.01015005,0.01015005
2001-05-01,Manuf_excess,0.0183,0.00728632,0.01305262,0.01305262
2001-05-01,Enrgy_excess,-0.0022,0.00768363,0.0144656,0.0144656
2001-05-01,HiTec_excess,-0.0352,0.00871065,0.01524592,0.01524592
2001-05-01,Telcm_excess,-0.0195,0.00611289,0.00659767,0.00659767
2001-05-01,Shops_excess,0.0129,0.00747141,0.00974915,0.00974915
2001-05-01,Hlth_excess,0.0245,0.00847948,0.01432088,0.01432088
2001-05-01,Utils_excess,0.0015,0.00609047,0.01041267,0.01041267
2001-05-01,Other_excess,0.0332,0.00663307,0.01182802,0.01182802
2001-06-01,NoDur_excess,-0.018,0.00682755,0.00972318,0.00972318
2001-06-01,Durbl_excess,0.0351,0.0083645,0.01393362,0.01393362
2001-06-01,Manuf_excess,-0.0493,0.00729866,0.01405631,0.01405631
2001-06-01,Enrgy_excess,-0.0774,0.00767256,0.01255123,0.01255123
2001-06-01,HiTec_excess,0.0113,0.00866148,0.01580665,0.01580665
2001-06-01,Telcm_excess,-0.0296,0.00608421,0.01096933,0.01096933
2001-06-01,Shops_excess,-0.0286,0.00747749,0.01512798,0.01512798
2001-06-01,Hlth_excess,-0.0326,0.00849742,0.01338886,0.01338886
2001-06-01,Utils_excess,-0.0643,0.00608533,0.01093566,0.01093566
2001-06-01,Other_excess,-0.0037,0.00666282,0.01688411,0.01688411
2001-07-01,NoDur_excess,-0.0084,0.00679978,0.00515398,0.00515398
2001-07-01,Durbl_excess,0.0296,0.00839441,0.0107939,0.0107939
2001-07-01,Manuf_excess,0.0023,0.00723535,0.01014174,0.01014174
2001-07-01,Enrgy_excess,-0.0253,0.0075774,0.00946167,0.00946167
2001-07-01,HiTec_excess,-0.0787,0.00866443,0.01420632,0.01420632
2001-07-01,Telcm_excess,-0.0126,0.0060443,0.00862292,0.00862292
2001-07-01,Shops_excess,0.0425,0.00743714,0.00851063,0.00851063
2001-07-01,Hlth_excess,0.0198,0.00845145,0.00952931,0.00952931
2001-07-01,Utils_excess,-0.0414,0.0060066,0.00474552,0.00474552
2001-07-01,Other_excess,-0.0247,0.00665123,0.01196402,0.01196402
2001-08-01,NoDur_excess,0.0168,0.00678279,0.01408053,0.01408053
2001-08-01,Durbl_excess,-0.1036,0.0084181,0.0213627,0.0213627
2001-08-01,Manuf_excess,-0.0249,0.00722983,0.01571143,0.01571143
2001-08-01,Enrgy_excess,-0.0381,0.00754067,0.00972067,0.00972067
2001-08-01,HiTec_excess,-0.1294,0.00856682,0.01846916,0.01846916
2001-08-01,Telcm_excess,-0.0895,0.00602346,0.01308481,0.01308481
2001-08-01,Shops_excess,-0.0723,0.00747631,0.02057998,0.02057998
2001-08-01,Hlth_excess,-0.0341,0.00846413,0.0160287,0.0160287
2001-08-01,Utils_excess,0.0022,0.00595363,0.01222249,0.01222249
2001-08-01,Other_excess,-0.0551,0.0066162,0.01921867,0.01921867
2001-09-01,NoDur_excess,-0.038,0.00679397,0.00475096,0.00475096
2001-09-01,Durbl_excess,-0.1755,0.00829308,0.00707587,0.00707587
2001-09-01,Manuf_excess,-0.1298,0.00719397,0.00650015,0.00650015
2001-09-01,Enrgy_excess,-0.0646,0.00748973,0.00373208,0.00373208
2001-09-01,HiTec_excess,-0.1928,0.00841283,0.00667391,0.00667391
2001-09-01,Telcm_excess,-0.0263,0.00591685,0.00622421,0.00622421
2001-09-01,Shops_excess,-0.0979,0.00738728,0.00801827,0.00801827
2001-09-01,Hlth_excess,-0.0091,0.00841663,0.00761436,0.00761436
2001-09-01,Utils_excess,-0.0688,0.00594944,0.00204878,0.00204878
2001-09-01,Other_excess,-0.0815,0.00654732,0.00658292,0.00658292
2001-10-01,NoDur_excess,0.0106,0.00674404,-0.01129645,0.0
2001-10-01,Durbl_excess,0.0085,0.00808818,-0.009795,0.0
2001-10-01,Manuf_excess,0.0372,0.00704125,-0.00463658,0.0
2001-10-01,Enrgy_excess,0.0492,0.00740936,0.0009179,0.0009179
2001-10-01,HiTec_excess,0.1548,0.00818852,-0.01022565,0.0
2001-10-01,Telcm_excess,-0.0979,0.00588094,-0.00449143,0.0
2001-10-01,Shops_excess,0.0135,0.0072699,-0.0145159,0.0
2001-10-01,Hlth_excess,0.0104,0.0083971,-0.00533421,0.0
2001-10-01,Utils_excess,0.0154,0.00586611,-0.01417731,0.0
2001-10-01,Other_excess,-0.012,0.00644916,-0.01027836,0.0
2001-11-01,NoDur_excess,0.0241,0.00674833,0.01346107,0.01346107
2001-11-01,Durbl_excess,0.1484,0.00808864,0.01850066,0.01850066
2001-11-01,Manuf_excess,0.0829,0.00707483,0.01178337,0.01178337
2001-11-01,Enrgy_excess,-0.0438,0.0074559,0.00522133,0.00522133
2001-11-01,HiTec_excess,0.1572,0.00835178,0.01208059,0.01208059
2001-11-01,Telcm_excess,0.0568,0.00576537,0.01028716,0.01028716
2001-11-01,Shops_excess,0.0964,0.00727684,0.01893956,0.01893956
2001-11-01,Hlth_excess,0.0485,0.00839933,0.01265289,0.01265289
2001-11-01,Utils_excess,-0.016,0.00587673,0.00742056,0.00742056
2001-11-01,Other_excess,0.0703,0.00642862,0.0139988,0.0139988
2001-12-01,NoDur_excess,0.0174,0.00676763,0.003385,0.003385
2001-12-01,Durbl_excess,-0.0099,0.00824472,0.00560752,0.00560752
2001-12-01,Manuf_excess,0.0249,0.00715918,0.0018113,0.0018113
2001-12-01,Enrgy_excess,0.0582,0.00739889,-0.00198527,0.0
2001-12-01,HiTec_excess,-0.0078,0.00851735,0.00752832,0.00752832
2001-12-01,Telcm_excess,0.0245,0.00582214,0.00275464,0.00275464
2001-12-01,Shops_excess,0.0419,0.00737597,0.01026493,0.01026493
2001-12-01,Hlth_excess,-0.0297,0.00844394,0.0088312,0.0088312
2001-12-01,Utils_excess,0.0389,0.00585239,-0.00575457,0.0
2001-12-01,Other_excess,0.0353,0.00649967,-0.00083471,0.0
2002-01-01,NoDur_excess,0.0073,0.00677944,0.00381115,0.00381115
2002-01-01,Durbl_excess,0.0271,0.00822456,0.0105301,0.0105301
2002-01-01,Manuf_excess,0.0142,0.00717889,0.00549022,0.00549022
2002-01-01,Enrgy_excess,-0.0301,0.00745533,0.00019781,0.00019781
2002-01-01,HiTec_excess,-0.0066,0.00849922,0.01153635,0.01153635
2002-01-01,Telcm_excess,-0.0729,0.00584289,0.00592207,0.00592207
2002-01-01,Shops_excess,0.0247,0.00741433,0.01016087,0.01016087
2002-01-01,Hlth_excess,-0.0255,0.00840156,0.00651777,0.00651777
2002-01-01,Utils_excess,-0.0447,0.00588911,-0.00514692,0.0
2002-01-01,Other_excess,-0.017,0.00653167,0.00373155,0.00373155
2002-02-01,NoDur_excess,0.0411,0.00678002,0.00485403,0.00485403
2002-02-01,Durbl_excess,0.0314,0.0082455,0.01226994,0.01226994
2002-02-01,Manuf_excess,0.0423,0.00718668,0.00631723,0.00631723
2002-02-01,Enrgy_excess,0.0543,0.00741365,-0.00073331,0.0
2002-02-01,HiTec_excess,-0.1328,0.00848246,0.00759601,0.00759601
2002-02-01,Telcm_excess,-0.0288,0.00575549,0.00652508,0.00652508
2002-02-01,Shops_excess,-0.0028,0.00743352,0.01206406,0.01206406
2002-02-01,Hlth_excess,-0.0058,0.00836393,0.00304141,0.00304141
2002-02-01,Utils_excess,-0.0049,0.00583296,-0.00413592,0.0
2002-02-01,Other_excess,-0.0038,0.00650555,0.00670128,0.00670128
2002-03-01,NoDur_excess,0.0367,0.00681807,0.00233309,0.00233309
2002-03-01,Durbl_excess,0.0676,0.00827118,0.00859652,0.00859652
2002-03-01,Manuf_excess,0.048,0.00722561,0.00460121,0.00460121
2002-03-01,Enrgy_excess,0.0756,0.00746563,-0.00103813,0.0
2002-03-01,HiTec_excess,0.0637,0.00832583,0.00237657,0.00237657
2002-03-01,Telcm_excess,0.0023,0.00571718,0.00434515,0.00434515
2002-03-01,Shops_excess,0.0196,0.00742217,0.00771013,0.00771013
2002-03-01,Hlth_excess,0.0041,0.00834823,0.00024481,0.00024481
2002-03-01,Utils_excess,0.1016,0.00582106,-0.00622232,0.0
2002-03-01,Other_excess,0.0511,0.00649412,0.00351478,0.00351478
2002-04-01,NoDur_excess,0.0197,0.00685116,-0.00444707,0.0
2002-04-01,Durbl_excess,0.0178,0.00833688,0.00197404,0.00197404
2002-04-01,Manuf_excess,-0.0166,0.00727076,7.016e-05,7.016e-05
2002-04-01,Enrgy_excess,-0.047,0.00754109,0.00045658,0.00045658
2002-04-01,HiTec_excess,-0.1205,0.00838715,0.00016212,0.00016212
2002-04-01,Telcm_excess,-0.1291,0.0057134,-0.00281906,0.0
2002-04-01,Shops_excess,-0.0177,0.00743566,0.000327,0.000327
2002-04-01,Hlth_excess,-0.077,0.00834352,-0.00385542,0.0
2002-04-01,Utils_excess,-0.0057,0.00592713,-0.01367791,0.0
2002-04-01,Other_excess,-0.029,0.00654352,-0.00358663,0.0
2002-05-01,NoDur_excess,0.0113,0.00686538,0.00285239,0.00285239
2002-05-01,Durbl_excess,-0.0057,0.00834735,0.01444828,0.01444828
2002-05-01,Manuf_excess,-0.004,0.00724436,0.00767156,0.00767156
2002-05-01,Enrgy_excess,-0.0088,0.00748075,0.00426246,0.00426246
2002-05-01,HiTec_excess,-0.0373,0.00824458,0.0033294,0.0033294
2002-05-01,Telcm_excess,0.0286,0.00556427,0.00237313,0.00237313
2002-05-01,Shops_excess,-0.0158,0.00740785,0.00609899,0.00609899
2002-05-01,Hlth_excess,-0.0242,0.00824912,-0.0029981,0.0
2002-05-01,Utils_excess,-0.0706,0.00591427,-0.00514242,0.0
2002-05-01,Other_excess,-0.0067,0.0065042,0.00810296,0.00810296
2002-06-01,NoDur_excess,-0.0618,0.00687028,0.00841069,0.00841069
2002-06-01,Durbl_excess,-0.0829,0.00833182,0.01912956,0.01912956
2002-06-01,Manuf_excess,-0.0311,0.00723193,0.01008785,0.01008785
2002-06-01,Enrgy_excess,-0.0012,0.00746276,0.00409979,0.00409979
2002-06-01,HiTec_excess,-0.1228,0.00819425,0.00983254,0.00983254
2002-06-01,Telcm_excess,-0.1453,0.00558972,0.00381723,0.00381723
2002-06-01,Shops_excess,-0.0523,0.00738221,0.01308775,0.01308775
2002-06-01,Hlth_excess,-0.0966,0.00821326,0.00420059,0.00420059
2002-06-01,Utils_excess,-0.0594,0.00582972,-9.753e-05,0.0
2002-06-01,Other_excess,-0.0524,0.00648961,0.00999982,0.00999982
2002-07-01,NoDur_excess,-0.0678,0.00679448,0.00116891,0.00116891
2002-07-01,Durbl_excess,-0.1207,0.00823113,0.01273148,0.01273148
2002-07-01,Manuf_excess,-0.0867,0.00718962,0.00673516,0.00673516
2002-07-01,Enrgy_excess,-0.1198,0.0074532,0.00447762,0.00447762
2002-07-01,HiTec_excess,-0.0985,0.00804967,0.00595258,0.00595258
2002-07-01,Telcm_excess,-0.1182,0.00542318,-8.966e-05,0.0
2002-07-01,Shops_excess,-0.1158,0.00731634,0.00210301,0.00210301
2002-07-01,Hlth_excess,-0.0291,0.00809757,-0.00221698,0.0
2002-07-01,Utils_excess,-0.1229,0.00575773,-0.00532976,0.0
2002-07-01,Other_excess,-0.0652,0.00642461,0.00505964,0.00505964
2002-08-01,NoDur_excess,0.0211,0.00671224,-0.00232046,0.0
2002-08-01,Durbl_excess,0.0048,0.00808897,0.01097136,0.01097136
2002-08-01,Manuf_excess,-0.0143,0.00708611,0.00722855,0.00722855
2002-08-01,Enrgy_excess,0.0049,0.0073129,0.00788418,0.00788418
2002-08-01,HiTec_excess,-0.011,0.00793219,0.0015181,0.0015181
2002-08-01,Telcm_excess,0.0006,0.00528688,-0.00677669,0.0
2002-08-01,Shops_excess,0.017,0.0071806,-0.0068811,0.0
2002-08-01,Hlth_excess,0.0051,0.00805656,-0.00251812,0.0
2002-08-01,Utils_excess,0.0326,0.00561588,-0.00472029,0.0
2002-08-01,Other_excess,0.0099,0.00634564,0.00211264,0.00211264
2002-09-01,NoDur_excess,-0.0787,0.00672808,0.01104474,0.01104474
2002-09-01,Durbl_excess,-0.1104,0.00808535,0.02294736,0.02294736
2002-09-01,Manuf_excess,-0.0848,0.00706256,0.01405864,0.01405864
2002-09-01,Enrgy_excess,-0.0799,0.00731024,0.00879671,0.00879671
2002-09-01,HiTec_excess,-0.1674,0.00791134,0.00928913,0.00928913
2002-09-01,Telcm_excess,-0.0999,0.00528172,0.00409448,0.00409448
2002-09-01,Shops_excess,-0.0958,0.00719141,0.01351279,0.01351279
2002-09-01,Hlth_excess,-0.0603,0.0080533,0.00577531,0.00577531
2002-09-01,Utils_excess,-0.1102,0.00564559,0.00780409,0.00780409
2002-09-01,Other_excess,-0.1074,0.00634956,0.0164065,0.0164065
2002-10-01,NoDur_excess,0.0492,0.0066341,0.0073572,0.0073572
2002-10-01,Durbl_excess,-0.0285,0.00795501,0.01935523,0.01935523
2002-10-01,Manuf_excess,0.0364,0.0069615,0.01246578,0.01246578
2002-10-01,Enrgy_excess,0.03,0.0072143,0.00885536,0.00885536
2002-10-01,HiTec_excess,0.1923,0.00771848,0.01019652,0.01019652
2002-10-01,Telcm_excess,0.218,0.00516601,0.00301518,0.00301518
2002-10-01,Shops_excess,0.0558,0.00707811,0.00796539,0.00796539
2002-10-01,Hlth_excess,0.0554,0.00797811,0.00484157,0.00484157
2002-10-01,Utils_excess,-0.0075,0.00551815,0.00570845,0.00570845
2002-10-01,Other_excess,0.0624,0.00622442,0.01380594,0.01380594
2002-11-01,NoDur_excess,-0.0121,0.00668088,-0.00285016,0.0
2002-11-01,Durbl_excess,0.1187,0.00791495,0.00550817,0.00550817
2002-11-01,Manuf_excess,0.0613,0.00699385,0.0048765,0.0048765
2002-11-01,Enrgy_excess,0.029,0.00723934,0.00641175,0.00641175
2002-11-01,HiTec_excess,0.1615,0.00792132,0.00343076,0.00343076
2002-11-01,Telcm_excess,0.1169,0.00539989,-0.00666987,0.0
2002-11-01,Shops_excess,0.0178,0.00713165,-0.00469036,0.0
2002-11-01,Hlth_excess,0.0366,0.00803022,-8.442e-05,0.0
2002-11-01,Utils_excess,0.0146,0.00550385,-0.0047662,0.0
2002-11-01,Other_excess,0.0408,0.00628615,-0.00051388,0.0
2002-12-01,NoDur_excess,-0.0034,0.00666026,0.01198656,0.01198656
2002-12-01,Durbl_excess,-0.0663,0.00803655,0.02254038,0.02254038
2002-12-01,Manuf_excess,-0.0392,0.00705346,0.01340982,0.01340982
2002-12-01,Enrgy_excess,0.0073,0.00726323,0.00614737,0.00614737
2002-12-01,HiTec_excess,-0.1301,0.0080899,0.01551056,0.01551056
2002-12-01,Telcm_excess,-0.0962,0.00552228,0.00646544,0.00646544
2002-12-01,Shops_excess,-0.071,0.00714336,0.01830219,0.01830219
2002-12-01,Hlth_excess,-0.042,0.00806158,0.00923781,0.00923781
2002-12-01,Utils_excess,0.0372,0.00551383,0.00567548,0.00567548
2002-12-01,Other_excess,-0.049,0.00632404,0.01478171,0.01478171
2003-01-01,NoDur_excess,-0.0403,0.00664923,0.00952489,0.00952489
2003-01-01,Durbl_excess,-0.035,0.00795504,0.02137192,0.02137192
2003-01-01,Manuf_excess,-0.0417,0.00700274,0.01322905,0.01322905
2003-01-01,Enrgy_excess,-0.026,0.00726327,0.00739789,0.00739789
2003-01-01,HiTec_excess,-0.0161,0.00793838,0.01455031,0.01455031
2003-01-01,Telcm_excess,-0.0421,0.00541075,0.00787888,0.00787888
2003-01-01,Shops_excess,-0.0486,0.00705768,0.01150719,0.01150719
2003-01-01,Hlth_excess,-0.007,0.00800669,0.00579826,0.00579826
2003-01-01,Utils_excess,-0.0331,0.00554857,0.00293784,0.00293784
2003-01-01,Other_excess,-0.0248,0.00626338,0.01527406,0.01527406
2003-02-01,NoDur_excess,-0.0297,0.00659781,0.00198834,0.00198834
2003-02-01,Durbl_excess,-0.0488,0.007908,0.01004443,0.01004443
2003-02-01,Manuf_excess,-0.0236,0.0069494,0.00526955,0.00526955
2003-02-01,Enrgy_excess,0.0186,0.00722683,0.00389182,0.00389182
2003-02-01,HiTec_excess,0.0107,0.00791205,0.00505199,0.00505199
2003-02-01,Telcm_excess,-0.0654,0.00535871,-0.00034766,0.0
2003-02-01,Shops_excess,-0.013,0.00699671,0.00359895,0.00359895
2003-02-01,Hlth_excess,-0.0205,0.00799025,0.00043721,0.00043721
2003-02-01,Utils_excess,-0.0407,0.00550624,-0.00152519,0.0
2003-02-01,Other_excess,-0.0279,0.00622935,0.004523,0.004523
2003-03-01,NoDur_excess,-0.0272,0.0065581,0.00135349,0.00135349
2003-03-01,Durbl_excess,-0.0267,0.00784595,0.00976296,0.00976296
2003-03-01,Manuf_excess,0.0122,0.00691597,0.00554779,0.00554779
2003-03-01,Enrgy_excess,0.014,0.00723928,0.00455407,0.00455407
2003-03-01,HiTec_excess,-0.0107,0.0079151,0.00452886,0.00452886
2003-03-01,Telcm_excess,-0.0053,0.00528129,0.00248777,0.00248777
2003-03-01,Shops_excess,0.0458,0.00697484,0.00243762,0.00243762
2003-03-01,Hlth_excess,0.0363,0.00795908,-0.00230169,0.0
2003-03-01,Utils_excess,0.0421,0.00545569,-0.00212766,0.0
2003-03-01,Other_excess,0.0094,0.00619201,0.00770364,0.00770364
2003-04-01,NoDur_excess,0.0428,0.0065212,-0.00263514,0.0
2003-04-01,Durbl_excess,0.1495,0.0078082,0.00455048,0.00455048
2003-04-01,Manuf_excess,0.062,0.00692175,0.00337905,0.00337905
2003-04-01,Enrgy_excess,-0.0057,0.00724667,0.00554793,0.00554793
2003-04-01,HiTec_excess,0.0908,0.00789475,0.00256817,0.00256817
2003-04-01,Telcm_excess,0.1116,0.00526973,-0.00329114,0.0
2003-04-01,Shops_excess,0.0887,0.00701727,-0.0024148,0.0
2003-04-01,Hlth_excess,0.0417,0.00799005,-0.00145554,0.0
2003-04-01,Utils_excess,0.0713,0.00549574,-0.00403324,0.0
2003-04-01,Other_excess,0.1154,0.00619552,0.00084828,0.00084828
2003-05-01,NoDur_excess,0.0945,0.00656081,0.0141214,0.0141214
2003-05-01,Durbl_excess,0.0277,0.00796288,0.02549298,0.02549298
2003-05-01,Manuf_excess,0.0457,0.00698188,0.01693521,0.01693521
2003-05-01,Enrgy_excess,0.0857,0.00723253,0.01078365,0.01078365
2003-05-01,HiTec_excess,0.0971,0.00798526,0.02005031,0.02005031
2003-05-01,Telcm_excess,0.0623,0.00538581,0.00863408,0.00863408
2003-05-01,Shops_excess,0.0339,0.00710644,0.01959276,0.01959276
2003-05-01,Hlth_excess,0.0385,0.00802686,0.01303801,0.01303801
2003-05-01,Utils_excess,0.1007,0.00556758,0.01088171,0.01088171
2003-05-01,Other_excess,0.0514,0.00631474,0.01983931,0.01983931
2003-06-01,NoDur_excess,0.0156,0.00665671,0.01755161,0.01755161
2003-06-01,Durbl_excess,0.0232,0.00798441,0.03035103,0.03035103
2003-06-01,Manuf_excess,0.0044,0.0070241,0.02320009,0.02320009
2003-06-01,Enrgy_excess,-0.0106,0.0073181,0.01669406,0.01669406
2003-06-01,HiTec_excess,0.0025,0.00808244,0.02385923,0.02385923
2003-06-01,Telcm_excess,0.0199,0.00544787,0.01347263,0.01347263
2003-06-01,Shops_excess,0.0334,0.00713566,0.02213499,0.02213499
2003-06-01,Hlth_excess,0.0406,0.00806009,0.01528777,0.01528777
2003-06-01,Utils_excess,0.0096,0.00567132,0.0138894,0.0138894
2003-06-01,Other_excess,0.0081,0.0063639,0.02799008,0.02799008
2003-07-01,NoDur_excess,-0.0176,0.00666645,0.00641984,0.00641984
2003-07-01,Durbl_excess,0.066,0.00800098,0.01771501,0.01771501
2003-07-01,Manuf_excess,0.049,0.00702124,0.01601833,0.01601833
2003-07-01,Enrgy_excess,-0.0269,0.00729858,0.01537271,0.01537271
2003-07-01,HiTec_excess,0.0553,0.00807636,0.01794731,0.01794731
2003-07-01,Telcm_excess,-0.0178,0.00546362,0.00443717,0.00443717
2003-07-01,Shops_excess,0.0322,0.00716427,0.00910702,0.00910702
2003-07-01,Hlth_excess,0.0041,0.00809553,0.00939937,0.00939937
2003-07-01,Utils_excess,-0.055,0.0056756,0.00414232,0.00414232
2003-07-01,Other_excess,0.0354,0.0063658,0.01533129,0.01533129
2003-08-01,NoDur_excess,0.0022,0.00664004,-0.0081775,0.0
2003-08-01,Durbl_excess,0.0796,0.00806409,0.00346255,0.00346255
2003-08-01,Manuf_excess,0.0402,0.00706692,0.00656424,0.00656424
2003-08-01,Enrgy_excess,0.0612,0.00726137,0.01243098,0.01243098
2003-08-01,HiTec_excess,0.0599,0.00812775,0.0121289,0.0121289
2003-08-01,Telcm_excess,0.0119,0.0054383,-0.00773495,0.0
2003-08-01,Shops_excess,0.0666,0.00719151,-0.00893196,0.0
2003-08-01,Hlth_excess,-0.0289,0.00809119,0.00090279,0.00090279
2003-08-01,Utils_excess,0.0185,0.00560958,-0.011064,0.0
2003-08-01,Other_excess,0.0055,0.00639739,-0.00152289,0.0
2003-09-01,NoDur_excess,0.0106,0.00663522,0.01413581,0.01413581
2003-09-01,Durbl_excess,-0.0429,0.00814185,0.02825763,0.02825763
2003-09-01,Manuf_excess,-0.0382,0.00710293,0.02092158,0.02092158
2003-09-01,Enrgy_excess,-0.0226,0.00732,0.01632576,0.01632576
2003-09-01,HiTec_excess,-0.0101,0.00818402,0.02245787,0.02245787
2003-09-01,Telcm_excess,-0.056,0.00544533,0.01114176,0.01114176
2003-09-01,Shops_excess,-0.0462,0.00725609,0.02014295,0.02014295
2003-09-01,Hlth_excess,0.0022,0.00805098,0.0115102,0.0115102
2003-09-01,Utils_excess,0.0376,0.00562359,0.01093725,0.01093725
2003-09-01,Other_excess,0.0018,0.00639641,0.02519918,0.02519918
2003-10-01,NoDur_excess,0.0586,0.00663952,0.01812616,0.01812616
2003-10-01,Durbl_excess,0.0724,0.00808643,0.0317377,0.0317377
2003-10-01,Manuf_excess,0.0882,0.00705375,0.02332421,0.02332421
2003-10-01,Enrgy_excess,0.0158,0.00728751,0.01727315,0.01727315
2003-10-01,HiTec_excess,0.0821,0.00816417,0.02473433,0.02473433
2003-10-01,Telcm_excess,0.0676,0.00537861,0.01410281,0.01410281
2003-10-01,Shops_excess,0.0896,0.00719805,0.02259871,0.02259871
2003-10-01,Hlth_excess,0.008,0.00804463,0.01457253,0.01457253
2003-10-01,Utils_excess,0.0144,0.00565831,0.01671353,0.01671353
2003-10-01,Other_excess,0.0627,0.00639142,0.03085664,0.03085664
2003-11-01,NoDur_excess,0.0352,0.00669588,0.00956423,0.00956423
2003-11-01,Durbl_excess,0.03,0.00815618,0.0249972,0.0249972
2003-11-01,Manuf_excess,0.0201,0.00714176,0.02006044,0.02006044
2003-11-01,Enrgy_excess,0.0058,0.00729675,0.01887257,0.01887257
2003-11-01,HiTec_excess,0.0179,0.00824436,0.02765329,0.02765329
2003-11-01,Telcm_excess,-0.007,0.0054461,0.0063396,0.0063396
2003-11-01,Shops_excess,0.0049,0.00728742,0.01309111,0.01309111
2003-11-01,Hlth_excess,0.0175,0.00804458,0.01187733,0.01187733
2003-11-01,Utils_excess,0.0088,0.00566779,0.00915175,0.00915175
2003-11-01,Other_excess,0.0108,0.00645249,0.02003605,0.02003605
2003-12-01,NoDur_excess,0.0336,0.00672676,0.01777528,0.01777528
2003-12-01,Durbl_excess,0.1182,0.00817985,0.03412725,0.03412725
2003-12-01,Manuf_excess,0.0665,0.0071558,0.02602925,0.02602925
2003-12-01,Enrgy_excess,0.1352,0.00729512,0.02130114,0.02130114
2003-12-01,HiTec_excess,0.0207,0.00825482,0.03480074,0.03480074
2003-12-01,Telcm_excess,0.0749,0.00543261,0.01234222,0.01234222
2003-12-01,Shops_excess,-0.0221,0.00728483,0.02159844,0.02159844
2003-12-01,Hlth_excess,0.0556,0.00805482,0.01782665,0.01782665
2003-12-01,Utils_excess,0.0578,0.00567118,0.01751753,0.01751753
2003-12-01,Other_excess,0.042,0.0064572,0.02944972,0.02944972
2004-01-01,NoDur_excess,-0.0001,0.00675584,0.01824212,0.01824212
2004-01-01,Durbl_excess,-0.0083,0.00829892,0.03663379,0.03663379
2004-01-01,Manuf_excess,-0.0077,0.00722002,0.02841448,0.02841448
2004-01-01,Enrgy_excess,0.0016,0.00743355,0.02526146,0.02526146
2004-01-01,HiTec_excess,0.0444,0.00826829,0.0351577,0.0351577
2004-01-01,Telcm_excess,0.0158,0.00550779,0.01486848,0.01486848
2004-01-01,Shops_excess,0.0038,0.00725303,0.02038588,0.02038588
2004-01-01,Hlth_excess,0.0303,0.00810628,0.01847876,0.01847876
2004-01-01,Utils_excess,0.0184,0.0057276,0.01924108,0.01924108
2004-01-01,Other_excess,0.0282,0.00649567,0.0323752,0.0323752
2004-02-01,NoDur_excess,0.042,0.00674843,0.01438235,0.01438235
2004-02-01,Durbl_excess,-0.0006,0.00828097,0.03042423,0.03042423
2004-02-01,Manuf_excess,0.0191,0.00720389,0.02425645,0.02425645
2004-02-01,Enrgy_excess,0.0448,0.00742724,0.02279287,0.02279287
2004-02-01,HiTec_excess,-0.0297,0.00830735,0.02888524,0.02888524
2004-02-01,Telcm_excess,-0.0048,0.00551892,0.01315059,0.01315059
2004-02-01,Shops_excess,0.0604,0.0072493,0.01649438,0.01649438
2004-02-01,Hlth_excess,0.0083,0.00813027,0.014014,0.014014
2004-02-01,Utils_excess,0.0205,0.0057413,0.01665996,0.01665996
2004-02-01,Other_excess,0.0207,0.00651914,0.02958066,0.02958066
2004-03-01,NoDur_excess,-0.0018,0.0067865,0.0123681,0.0123681
2004-03-01,Durbl_excess,-0.0145,0.00827138,0.02657554,0.02657554
2004-03-01,Manuf_excess,-0.0037,0.00721674,0.02208744,0.02208744
2004-03-01,Enrgy_excess,-0.0007,0.0074676,0.0224599,0.0224599
2004-03-01,HiTec_excess,-0.026,0.00826631,0.025812,0.025812
2004-03-01,Telcm_excess,-0.0212,0.00550778,0.01158913,0.01158913
2004-03-01,Shops_excess,0.0019,0.0073067,0.0138884,0.0138884
2004-03-01,Hlth_excess,-0.04,0.00813045,0.01213989,0.01213989
2004-03-01,Utils_excess,0.0105,0.00575724,0.01476696,0.01476696
2004-03-01,Other_excess,-0.0075,0.00653445,0.0270204,0.0270204
2004-04-01,NoDur_excess,0.0133,0.00677724,0.01105334,0.01105334
2004-04-01,Durbl_excess,0.0238,0.00824682,0.02621691,0.02621691
2004-04-01,Manuf_excess,-0.0025,0.00720496,0.02180512,0.02180512
2004-04-01,Enrgy_excess,0.0258,0.00745879,0.02369297,0.02369297
2004-04-01,HiTec_excess,-0.0497,0.00822934,0.02490101,0.02490101
2004-04-01,Telcm_excess,-0.0051,0.00547896,0.00908392,0.00908392
2004-04-01,Shops_excess,-0.028,0.00730086,0.01248314,0.01248314
2004-04-01,Hlth_excess,0.0343,0.00807853,0.01050028,0.01050028
2004-04-01,Utils_excess,-0.0365,0.00576235,0.01437502,0.01437502
2004-04-01,Other_excess,-0.0378,0.00651931,0.02621405,0.02621405
2004-05-01,NoDur_excess,-0.0197,0.00678427,0.00066908,0.00066908
2004-05-01,Durbl_excess,-0.017,0.00826358,0.01703145,0.01703145
2004-05-01,Manuf_excess,0.0161,0.0071945,0.01471178,0.01471178
2004-05-01,Enrgy_excess,0.0049,0.00747856,0.02342727,0.02342727
2004-05-01,HiTec_excess,0.0477,0.00816692,0.0223544,0.0223544
2004-05-01,Telcm_excess,-0.0302,0.00546756,0.00013379,0.00013379
2004-05-01,Shops_excess,0.0024,0.00726282,-0.00122104,0.0
2004-05-01,Hlth_excess,-0.0048,0.00810679,0.00605494,0.00605494
2004-05-01,Utils_excess,0.012,0.00571681,0.00355489,0.00355489
2004-05-01,Other_excess,0.0166,0.00647155,0.01159277,0.01159277
2004-06-01,NoDur_excess,0.0159,0.00675576,0.00693328,0.00693328
2004-06-01,Durbl_excess,0.0526,0.00823638,0.02257173,0.02257173
2004-06-01,Manuf_excess,0.0522,0.00720409,0.01840558,0.01840558
2004-06-01,Enrgy_excess,0.0538,0.00747578,0.02288723,0.02288723
2004-06-01,HiTec_excess,0.0259,0.00820947,0.02396947,0.02396947
2004-06-01,Telcm_excess,0.0072,0.00542917,0.00600885,0.00600885
2004-06-01,Shops_excess,-0.0005,0.00725759,0.00645871,0.00645871
2004-06-01,Hlth_excess,-0.0058,0.0080929,0.00789452,0.00789452
2004-06-01,Utils_excess,0.0195,0.00572357,0.0100177,0.0100177
2004-06-01,Other_excess,0.0123,0.00648245,0.02077617,0.02077617
2004-07-01,NoDur_excess,-0.0607,0.00676559,0.01307508,0.01307508
2004-07-01,Durbl_excess,-0.0474,0.00828409,0.02904905,0.02904905
2004-07-01,Manuf_excess,-0.0416,0.00725247,0.02350803,0.02350803
2004-07-01,Enrgy_excess,0.0322,0.00752559,0.0249753,0.0249753
2004-07-01,HiTec_excess,-0.0861,0.00822849,0.02875675,0.02875675
2004-07-01,Telcm_excess,-0.011,0.00543108,0.01039339,0.01039339
2004-07-01,Shops_excess,-0.0413,0.00724925,0.01324675,0.01324675
2004-07-01,Hlth_excess,-0.0603,0.00807796,0.01297569,0.01297569
2004-07-01,Utils_excess,0.0096,0.00573839,0.01588929,0.01588929
2004-07-01,Other_excess,-0.024,0.00648871,0.02689255,0.02689255
2004-08-01,NoDur_excess,0.0068,0.00669313,0.01893066,0.01893066
2004-08-01,Durbl_excess,-0.0234,0.00822427,0.03539669,0.03539669
2004-08-01,Manuf_excess,0.0123,0.0072,0.02741865,0.02741865
2004-08-01,Enrgy_excess,-0.0149,0.00755209,0.02716818,0.02716818
2004-08-01,HiTec_excess,-0.0462,0.00812718,0.0339032,0.0339032
2004-08-01,Telcm_excess,0.0106,0.00541343,0.01430861,0.01430861
2004-08-01,Shops_excess,-0.0131,0.0071971,0.02072182,0.02072182
2004-08-01,Hlth_excess,0.0153,0.00800451,0.01887256,0.01887256
2004-08-01,Utils_excess,0.0356,0.00574253,0.02262256,0.02262256
2004-08-01,Other_excess,0.0177,0.00645596,0.03216841,0.03216841
2004-09-01,NoDur_excess,-0.0213,0.00669324,0.02110621,0.02110621
2004-09-01,Durbl_excess,0.0219,0.00819034,0.03531291,0.03531291
2004-09-01,Manuf_excess,0.0183,0.00720547,0.02825428,0.02825428
2004-09-01,Enrgy_excess,0.0871,0.007528,0.0259227,0.0259227
2004-09-01,HiTec_excess,0.0335,0.00806888,0.03106288,0.03106288
2004-09-01,Telcm_excess,0.0122,0.00541899,0.01661141,0.01661141
2004-09-01,Shops_excess,0.025,0.00717532,0.02300719,0.02300719
2004-09-01,Hlth_excess,-0.0152,0.00801234,0.01976341,0.01976341
2004-09-01,Utils_excess,0.0127,0.00577457,0.02569917,0.02569917
2004-09-01,Other_excess,0.0099,0.00646803,0.03502277,0.03502277
2004-10-01,NoDur_excess,0.0273,0.00666324,0.01340667,0.01340667
2004-10-01,Durbl_excess,-0.0311,0.00820504,0.02676486,0.02676486
2004-10-01,Manuf_excess,-0.0156,0.00721736,0.02365701,0.02365701
2004-10-01,Enrgy_excess,0.0053,0.00761329,0.02576071,0.02576071
2004-10-01,HiTec_excess,0.0503,0.00809614,0.02663666,0.02663666
2004-10-01,Telcm_excess,0.032,0.00542626,0.01125384,0.01125384
2004-10-01,Shops_excess,0.0295,0.00719443,0.01530309,0.01530309
2004-10-01,Hlth_excess,-0.0254,0.00798746,0.01492789,0.01492789
2004-10-01,Utils_excess,0.0413,0.00578199,0.01883806,0.01883806
2004-10-01,Other_excess,0.0098,0.0064717,0.02687933,0.02687933
2004-11-01,NoDur_excess,0.0446,0.00668533,0.01273227,0.01273227
2004-11-01,Durbl_excess,0.0712,0.00816296,0.02350696,0.02350696
2004-11-01,Manuf_excess,0.0708,0.00719293,0.02167845,0.02167845
2004-11-01,Enrgy_excess,0.0643,0.00761081,0.02450022,0.02450022
2004-11-01,HiTec_excess,0.0558,0.00814133,0.0230697,0.0230697
2004-11-01,Telcm_excess,0.0348,0.00545471,0.01079439,0.01079439
2004-11-01,Shops_excess,0.0352,0.00721831,0.01484064,0.01484064
2004-11-01,Hlth_excess,0.0052,0.00795171,0.01275319,0.01275319
2004-11-01,Utils_excess,0.0474,0.00582002,0.01840899,0.01840899
2004-11-01,Other_excess,0.0454,0.00647527,0.02573577,0.02573577
2004-12-01,NoDur_excess,0.0461,0.00672588,0.00741726,0.00741726
2004-12-01,Durbl_excess,0.0472,0.00823037,0.01839025,0.01839025
2004-12-01,Manuf_excess,0.0236,0.00726096,0.01825538,0.01825538
2004-12-01,Enrgy_excess,-0.0247,0.00767144,0.02360332,0.02360332
2004-12-01,HiTec_excess,0.0293,0.0081923,0.02396328,0.02396328
2004-12-01,Telcm_excess,0.0402,0.0054861,0.0057054,0.0057054
2004-12-01,Shops_excess,0.0334,0.00724824,0.00770969,0.00770969
2004-12-01,Hlth_excess,0.055,0.00794877,0.01118824,0.01118824
2004-12-01,Utils_excess,0.0232,0.00586449,0.01347655,0.01347655
2004-12-01,Other_excess,0.0425,0.0065169,0.01782749,0.01782749
2005-01-01,NoDur_excess,0.0007,0.00676795,0.02035576,0.02035576
2005-01-01,Durbl_excess,-0.0718,0.00827201,0.03170137,0.03170137
2005-01-01,Manuf_excess,-0.0192,0.00727842,0.02667154,0.02667154
2005-01-01,Enrgy_excess,0.0287,0.00763686,0.0254561,0.0254561
2005-01-01,HiTec_excess,-0.0648,0.00821485,0.03216752,0.03216752
2005-01-01,Telcm_excess,-0.044,0.00552318,0.01526492,0.01526492
2005-01-01,Shops_excess,-0.0119,0.00727618,0.02265139,0.02265139
2005-01-01,Hlth_excess,-0.0424,0.00799904,0.02110842,0.02110842
2005-01-01,Utils_excess,0.016,0.00588301,0.02476006,0.02476006
2005-01-01,Other_excess,-0.0233,0.00655534,0.03144312,0.03144312
2005-02-01,NoDur_excess,0.0057,0.00676147,0.0152536,0.0152536
2005-02-01,Durbl_excess,-0.0041,0.00818655,0.02316995,0.02316995
2005-02-01,Manuf_excess,0.0391,0.00725016,0.02165791,0.02165791
2005-02-01,Enrgy_excess,0.1929,0.00765934,0.02278358,0.02278358
2005-02-01,HiTec_excess,-0.0013,0.00813693,0.02361691,0.02361691
2005-02-01,Telcm_excess,-0.006,0.00547033,0.01231047,0.01231047
2005-02-01,Shops_excess,0.0047,0.00725571,0.01674039,0.01674039
2005-02-01,Hlth_excess,0.0228,0.00794525,0.01493218,0.01493218
2005-02-01,Utils_excess,0.022,0.00589381,0.02100902,0.02100902
2005-02-01,Other_excess,-0.0001,0.00652348,0.02634725,0.02634725
2005-03-01,NoDur_excess,-0.0106,0.00676034,0.00440331,0.00440331
2005-03-01,Durbl_excess,-0.0821,0.00817345,0.01016762,0.01016762
2005-03-01,Manuf_excess,-0.016,0.00728412,0.01371025,0.01371025
2005-03-01,Enrgy_excess,-0.0365,0.00785682,0.02084312,0.02084312
2005-03-01,HiTec_excess,-0.0275,0.00812687,0.01505558,0.01505558
2005-03-01,Telcm_excess,-0.0025,0.0054581,0.00401346,0.00401346
2005-03-01,Shops_excess,0.0001,0.00725299,0.00429026,0.00429026
2005-03-01,Hlth_excess,-0.0069,0.00796109,0.00741629,0.00741629
2005-03-01,Utils_excess,0.004,0.00591098,0.01116516,0.01116516
2005-03-01,Other_excess,-0.0257,0.00651642,0.01367098,0.01367098
2005-04-01,NoDur_excess,-0.0117,0.00674185,0.00187576,0.00187576
2005-04-01,Durbl_excess,-0.1126,0.00807732,0.00715812,0.00715812
2005-04-01,Manuf_excess,-0.0489,0.00725932,0.01255447,0.01255447
2005-04-01,Enrgy_excess,-0.0582,0.00780958,0.02066441,0.02066441
2005-04-01,HiTec_excess,-0.0472,0.00808892,0.01231401,0.01231401
2005-04-01,Telcm_excess,-0.0221,0.00544963,0.00268832,0.00268832
2005-04-01,Shops_excess,-0.0549,0.00724537,0.00128208,0.00128208
2005-04-01,Hlth_excess,0.0374,0.00794526,0.00488545,0.00488545
2005-04-01,Utils_excess,0.0192,0.00590895,0.00830894,0.00830894
2005-04-01,Other_excess,-0.018,0.00648211,0.01225484,0.01225484
2005-05-01,NoDur_excess,0.0209,0.00672223,0.01335971,0.01335971
2005-05-01,Durbl_excess,0.0857,0.00794894,0.01774338,0.01774338
2005-05-01,Manuf_excess,0.0267,0.00719957,0.02001018,0.02001018
2005-05-01,Enrgy_excess,0.0186,0.00773936,0.02333491,0.02333491
2005-05-01,HiTec_excess,0.0797,0.00803011,0.01760072,0.01760072
2005-05-01,Telcm_excess,0.0126,0.00542032,0.01084077,0.01084077
2005-05-01,Shops_excess,0.0619,0.00717926,0.01460635,0.01460635
2005-05-01,Hlth_excess,0.0124,0.0079766,0.01319904,0.01319904
2005-05-01,Utils_excess,0.0142,0.00592309,0.01979465,0.01979465
2005-05-01,Other_excess,0.03,0.00645606,0.02470232,0.02470232
2005-06-01,NoDur_excess,-0.019,0.0067373,0.02036924,0.02036924
2005-06-01,Durbl_excess,0.0187,0.00803156,0.02693798,0.02693798
2005-06-01,Manuf_excess,-0.0139,0.0072203,0.02657288,0.02657288
2005-06-01,Enrgy_excess,0.0553,0.0077509,0.02660465,0.02660465
2005-06-01,HiTec_excess,-0.0187,0.00810627,0.02842983,0.02842983
2005-06-01,Telcm_excess,-0.0004,0.00542795,0.01465114,0.01465114
2005-06-01,Shops_excess,0.0221,0.00723741,0.0236253,0.0236253
2005-06-01,Hlth_excess,-0.0081,0.0079813,0.021734,0.021734
2005-06-01,Utils_excess,0.0533,0.00593188,0.02596422,0.02596422
2005-06-01,Other_excess,0.0119,0.00648108,0.031118,0.031118
2005-07-01,NoDur_excess,0.0247,0.00670998,0.01468616,0.01468616
2005-07-01,Durbl_excess,0.0518,0.00804289,0.02086725,0.02086725
2005-07-01,Manuf_excess,0.0559,0.00719788,0.02270999,0.02270999
2005-07-01,Enrgy_excess,0.0565,0.00780138,0.02535733,0.02535733
2005-07-01,HiTec_excess,0.0589,0.00807781,0.02469716,0.02469716
2005-07-01,Telcm_excess,0.0289,0.00542176,0.01136285,0.01136285
2005-07-01,Shops_excess,0.0559,0.00725318,0.01738572,0.01738572
2005-07-01,Hlth_excess,0.0348,0.00796423,0.01788817,0.01788817
2005-07-01,Utils_excess,0.0274,0.00598217,0.02215152,0.02215152
2005-07-01,Other_excess,0.0217,0.00648684,0.02591214,0.02591214
2005-08-01,NoDur_excess,-0.0022,0.00672906,0.00455783,0.00455783
2005-08-01,Durbl_excess,-0.0317,0.00808929,0.00844946,0.00844946
2005-08-01,Manuf_excess,-0.0166,0.00724952,0.01497744,0.01497744
2005-08-01,Enrgy_excess,0.0551,0.00785302,0.02126431,0.02126431
2005-08-01,HiTec_excess,-0.0068,0.00813171,0.01676255,0.01676255
2005-08-01,Telcm_excess,-0.015,0.00544666,0.00360526,0.00360526
2005-08-01,Shops_excess,-0.059,0.00730477,0.0059722,0.0059722
2005-08-01,Hlth_excess,-0.0061,0.00799268,0.01053048,0.01053048
2005-08-01,Utils_excess,0.0095,0.00600488,0.01299483,0.01299483
2005-08-01,Other_excess,-0.0197,0.00650297,0.01391786,0.01391786
2005-09-01,NoDur_excess,0.0008,0.0067196,0.01119823,0.01119823
2005-09-01,Durbl_excess,-0.0463,0.00804714,0.0148955,0.0148955
2005-09-01,Manuf_excess,0.0055,0.00722426,0.01932476,0.01932476
2005-09-01,Enrgy_excess,0.0697,0.00790307,0.02367236,0.02367236
2005-09-01,HiTec_excess,0.0038,0.00811589,0.01864064,0.01864064
2005-09-01,Telcm_excess,-0.0176,0.005425,0.01036054,0.01036054
2005-09-01,Shops_excess,-0.0209,0.00723453,0.01277547,0.01277547
2005-09-01,Hlth_excess,-0.0222,0.00797775,0.01374626,0.01374626
2005-09-01,Utils_excess,0.0409,0.00600858,0.01957927,0.01957927
2005-09-01,Other_excess,0.0093,0.00647521,0.02275776,0.02275776
2005-10-01,NoDur_excess,-0.0177,0.00671333,-0.00342531,0.0
2005-10-01,Durbl_excess,-0.0548,0.00798963,-0.00305,0.0
2005-10-01,Manuf_excess,-0.0266,0.00722243,0.00766471,0.00766471
2005-10-01,Enrgy_excess,-0.1043,0.00796847,0.01825401,0.01825401
2005-10-01,HiTec_excess,-0.0205,0.00811132,0.0070069,0.0070069
2005-10-01,Telcm_excess,-0.033,0.00540063,-0.00088801,0.0
2005-10-01,Shops_excess,0.0127,0.00720476,-0.00449624,0.0
2005-10-01,Hlth_excess,-0.0353,0.00794582,0.00170289,0.00170289
2005-10-01,Utils_excess,-0.0712,0.0060455,0.00717579,0.00717579
2005-10-01,Other_excess,0.0097,0.0064782,0.00615062,0.00615062
2005-11-01,NoDur_excess,0.0068,0.00668753,0.00565108,0.00565108
2005-11-01,Durbl_excess,0.019,0.00792326,0.00804144,0.00804144
2005-11-01,Manuf_excess,0.05,0.00718668,0.01524684,0.01524684
2005-11-01,Enrgy_excess,0.007,0.00784979,0.02135672,0.02135672
2005-11-01,HiTec_excess,0.0614,0.00808108,0.01821322,0.01821322
2005-11-01,Telcm_excess,0.0233,0.00536004,0.00411075,0.00411075
2005-11-01,Shops_excess,0.0363,0.00721057,0.00530977,0.00530977
2005-11-01,Hlth_excess,0.0128,0.00790011,0.01166985,0.01166985
2005-11-01,Utils_excess,-0.0053,0.00596385,0.01434584,0.01434584
2005-11-01,Other_excess,0.046,0.00648161,0.01456698,0.01456698
2005-12-01,NoDur_excess,-0.0039,0.00668765,0.02066677,0.02066677
2005-12-01,Durbl_excess,-0.0097,0.00793495,0.02540105,0.02540105
2005-12-01,Manuf_excess,0.0112,0.00723189,0.02679416,0.02679416
2005-12-01,Enrgy_excess,0.0012,0.00784889,0.0269153,0.0269153
2005-12-01,HiTec_excess,-0.0223,0.00813738,0.03333528,0.03333528
2005-12-01,Telcm_excess,-0.0205,0.00537899,0.01421545,0.01421545
2005-12-01,Shops_excess,-0.0091,0.00724129,0.02356736,0.02356736
2005-12-01,Hlth_excess,0.0208,0.00790528,0.02546783,0.02546783
2005-12-01,Utils_excess,0.0092,0.00595195,0.0277739,0.0277739
2005-12-01,Other_excess,-0.0013,0.00652334,0.02933564,0.02933564
2006-01-01,NoDur_excess,-0.0025,0.00667648,0.01915531,0.01915531
2006-01-01,Durbl_excess,0.0544,0.00791635,0.02274128,0.02274128
2006-01-01,Manuf_excess,0.0482,0.00723608,0.02572087,0.02572087
2006-01-01,Enrgy_excess,0.1219,0.00784188,0.02619602,0.02619602
2006-01-01,HiTec_excess,0.0371,0.00810527,0.0287926,0.0287926
2006-01-01,Telcm_excess,0.0351,0.00535169,0.01413279,0.01413279
2006-01-01,Shops_excess,0.0166,0.00722405,0.02190047,0.02190047
2006-01-01,Hlth_excess,0.0184,0.00791888,0.02305792,0.02305792
2006-01-01,Utils_excess,0.0268,0.00595538,0.02669859,0.02669859
2006-01-01,Other_excess,0.0123,0.00651508,0.02918143,0.02918143
2006-02-01,NoDur_excess,0.0081,0.00666681,0.00484922,0.00484922
2006-02-01,Durbl_excess,-0.0072,0.00796533,0.0038184,0.0038184
2006-02-01,Manuf_excess,0.0068,0.00727924,0.01391677,0.01391677
2006-02-01,Enrgy_excess,-0.0848,0.00796207,0.01945396,0.01945396
2006-02-01,HiTec_excess,-0.0133,0.00813583,0.01254903,0.01254903
2006-02-01,Telcm_excess,0.0296,0.00538303,0.00447354,0.00447354
2006-02-01,Shops_excess,0.0106,0.00723393,0.00641334,0.00641334
2006-02-01,Hlth_excess,0.0071,0.00792993,0.0097646,0.0097646
2006-02-01,Utils_excess,-0.0011,0.00597734,0.01380816,0.01380816
2006-02-01,Other_excess,0.0065,0.00652118,0.01424808,0.01424808
2006-03-01,NoDur_excess,0.0087,0.00666832,0.01011674,0.01011674
2006-03-01,Durbl_excess,0.0229,0.00794937,0.01058747,0.01058747
2006-03-01,Manuf_excess,0.0264,0.00727874,0.01866347,0.01866347
2006-03-01,Enrgy_excess,0.0363,0.00786442,0.02162524,0.02162524
2006-03-01,HiTec_excess,0.0251,0.00811326,0.01857518,0.01857518
2006-03-01,Telcm_excess,0.0143,0.00540853,0.00972784,0.00972784
2006-03-01,Shops_excess,0.0206,0.00723747,0.01136998,0.01136998
2006-03-01,Hlth_excess,-0.0138,0.00792905,0.01523412,0.01523412
2006-03-01,Utils_excess,-0.0402,0.00596989,0.01894099,0.01894099
2006-03-01,Other_excess,0.015,0.00652116,0.02030448,0.02030448
2006-04-01,NoDur_excess,0.0069,0.00667045,0.00148531,0.00148531
2006-04-01,Durbl_excess,-0.0008,0.00796509,-0.00073205,0.0
2006-04-01,Manuf_excess,0.0372,0.00729884,0.01048255,0.01048255
2006-04-01,Enrgy_excess,0.0416,0.00789432,0.01573408,0.01573408
2006-04-01,HiTec_excess,-0.015,0.00813113,0.01197962,0.01197962
2006-04-01,Telcm_excess,0.0111,0.00541788,0.00077193,0.00077193
2006-04-01,Shops_excess,-0.0194,0.00725152,0.00250566,0.00250566
2006-04-01,Hlth_excess,-0.0222,0.0079062,0.00874431,0.00874431
2006-04-01,Utils_excess,0.0146,0.00592135,0.00956616,0.00956616
2006-04-01,Other_excess,0.0179,0.00653007,0.00803625,0.00803625
2006-05-01,NoDur_excess,0.0063,0.00667069,0.00168511,0.00168511
2006-05-01,Durbl_excess,0.002,0.00795588,-0.000939,0.0
2006-05-01,Manuf_excess,-0.0378,0.00733025,0.0109299,0.0109299
2006-05-01,Enrgy_excess,-0.0389,0.00792973,0.01663423,0.01663423
2006-05-01,HiTec_excess,-0.0733,0.00810683,0.00842031,0.00842031
2006-05-01,Telcm_excess,-0.0043,0.00542384,0.00237599,0.00237599
2006-05-01,Shops_excess,-0.023,0.00722353,0.00182453,0.00182453
2006-05-01,Hlth_excess,-0.0263,0.00787458,0.00635117,0.00635117
2006-05-01,Utils_excess,0.0108,0.00593046,0.00873559,0.00873559
2006-05-01,Other_excess,-0.0352,0.00654202,0.00963008,0.00963008
2006-06-01,NoDur_excess,-0.001,0.0066703,0.00742919,0.00742919
2006-06-01,Durbl_excess,0.0147,0.00794963,0.00597569,0.00597569
2006-06-01,Manuf_excess,-0.009,0.0072829,0.01460712,0.01460712
2006-06-01,Enrgy_excess,0.0233,0.00788059,0.01899591,0.01899591
2006-06-01,HiTec_excess,-0.0183,0.00802141,0.01230875,0.01230875
2006-06-01,Telcm_excess,0.0255,0.00541364,0.00654687,0.00654687
2006-06-01,Shops_excess,-0.0011,0.00719182,0.00745178,0.00745178
2006-06-01,Hlth_excess,-0.0051,0.00783872,0.01118238,0.01118238
2006-06-01,Utils_excess,0.0202,0.00593557,0.0143421,0.0143421
2006-06-01,Other_excess,-0.0075,0.00649822,0.01474751,0.01474751
2006-07-01,NoDur_excess,0.0315,0.00666226,0.01023778,0.01023778
2006-07-01,Durbl_excess,-0.0341,0.00795671,0.01014275,0.01014275
2006-07-01,Manuf_excess,-0.0405,0.00726583,0.01734996,0.01734996
2006-07-01,Enrgy_excess,0.0466,0.00789675,0.02098983,0.02098983
2006-07-01,HiTec_excess,-0.0418,0.00799382,0.01581036,0.01581036
2006-07-01,Telcm_excess,0.0204,0.0054347,0.00877927,0.00877927
2006-07-01,Shops_excess,-0.0469,0.00718312,0.01036947,0.01036947
2006-07-01,Hlth_excess,0.0372,0.00782516,0.01425838,0.01425838
2006-07-01,Utils_excess,0.0443,0.00595052,0.01753009,0.01753009
2006-07-01,Other_excess,-0.0131,0.00648354,0.01761829,0.01761829
2006-08-01,NoDur_excess,0.0264,0.00668827,0.01637748,0.01637748
2006-08-01,Durbl_excess,0.0195,0.00791267,0.01429726,0.01429726
2006-08-01,Manuf_excess,0.0163,0.00721581,0.01963151,0.01963151
2006-08-01,Enrgy_excess,-0.0366,0.00793728,0.02169091,0.02169091
2006-08-01,HiTec_excess,0.0699,0.00794168,0.01712182,0.01712182
2006-08-01,Telcm_excess,0.0186,0.00545037,0.01298377,0.01298377
2006-08-01,Shops_excess,0.018,0.00712649,0.01806467,0.01806467
2006-08-01,Hlth_excess,0.0191,0.00785592,0.01821638,0.01821638
2006-08-01,Utils_excess,0.0186,0.00599068,0.0240067,0.0240067
2006-08-01,Other_excess,0.0131,0.00646304,0.02293647,0.02293647
2006-09-01,NoDur_excess,-0.0106,0.00670889,0.02174953,0.02174953
2006-09-01,Durbl_excess,0.0381,0.00792479,0.01936858,0.01936858
2006-09-01,Manuf_excess,0.0148,0.00722531,0.0236253,0.0236253
2006-09-01,Enrgy_excess,-0.0422,0.00789069,0.02318753,0.02318753
2006-09-01,HiTec_excess,0.0316,0.00800649,0.02115613,0.02115613
2006-09-01,Telcm_excess,0.0325,0.00546412,0.01659645,0.01659645
2006-09-01,Shops_excess,0.0528,0.00713787,0.02516062,0.02516062
2006-09-01,Hlth_excess,0.0112,0.00786768,0.02269692,0.02269692
2006-09-01,Utils_excess,-0.0253,0.00600387,0.02849672,0.02849672
2006-09-01,Other_excess,0.0283,0.00646998,0.02831082,0.02831082
2006-10-01,NoDur_excess,0.024,0.0066908,0.0214334,0.0214334
2006-10-01,Durbl_excess,0.0455,0.00795632,0.02219557,0.02219557
2006-10-01,Manuf_excess,0.0401,0.00723323,0.02600079,0.02600079
2006-10-01,Enrgy_excess,0.0479,0.00783835,0.02531733,0.02531733
2006-10-01,HiTec_excess,0.0363,0.00803114,0.02727447,0.02727447
2006-10-01,Telcm_excess,0.0479,0.00549237,0.01626898,0.01626898
2006-10-01,Shops_excess,0.0351,0.00718558,0.0245708,0.0245708
2006-10-01,Hlth_excess,0.0129,0.00787116,0.02610277,0.02610277
2006-10-01,Utils_excess,0.0495,0.00597116,0.02767699,0.02767699
2006-10-01,Other_excess,0.0254,0.00649279,0.0282337,0.0282337
2006-11-01,NoDur_excess,0.0103,0.00670887,0.02103558,0.02103558
2006-11-01,Durbl_excess,0.0138,0.00799551,0.02138139,0.02138139
2006-11-01,Manuf_excess,0.0312,0.00726754,0.02549552,0.02549552
2006-11-01,Enrgy_excess,0.0817,0.00788017,0.02480727,0.02480727
2006-11-01,HiTec_excess,0.026,0.00806065,0.02709552,0.02709552
2006-11-01,Telcm_excess,0.0021,0.00553664,0.01599629,0.01599629
2006-11-01,Shops_excess,-0.0165,0.00721472,0.02441272,0.02441272
2006-11-01,Hlth_excess,-0.0035,0.00787641,0.02604286,0.02604286
2006-11-01,Utils_excess,0.0264,0.0060166,0.02778547,0.02778547
2006-11-01,Other_excess,0.0118,0.00651253,0.02691476,0.02691476
2006-12-01,NoDur_excess,0.0162,0.00671262,0.02128289,0.02128289
2006-12-01,Durbl_excess,-0.0121,0.00800156,0.02030551,0.02030551
2006-12-01,Manuf_excess,0.001,0.00729249,0.02548096,0.02548096
2006-12-01,Enrgy_excess,-0.0233,0.00795714,0.02547985,0.02547985
2006-12-01,HiTec_excess,-0.0137,0.00807935,0.02368298,0.02368298
2006-12-01,Telcm_excess,0.0393,0.00553306,0.01638357,0.01638357
2006-12-01,Shops_excess,0.0106,0.00718999,0.02501314,0.02501314
2006-12-01,Hlth_excess,-0.0027,0.00786455,0.02455581,0.02455581
2006-12-01,Utils_excess,0.0033,0.00603785,0.02779909,0.02779909
2006-12-01,Other_excess,0.0281,0.00651804,0.02775579,0.02775579
2007-01-01,NoDur_excess,0.011,0.0067225,0.0078056,0.0078056
2007-01-01,Durbl_excess,0.0247,0.00798063,0.00526787,0.00526787
2007-01-01,Manuf_excess,0.0272,0.00728594,0.01597916,0.01597916
2007-01-01,Enrgy_excess,-0.0177,0.00792458,0.02010686,0.02010686
2007-01-01,HiTec_excess,0.0155,0.00805667,0.01464377,0.01464377
2007-01-01,Telcm_excess,0.0229,0.00556823,0.00733997,0.00733997
2007-01-01,Shops_excess,0.032,0.00719354,0.00769523,0.00769523
2007-01-01,Hlth_excess,0.0307,0.00785354,0.0140998,0.0140998
2007-01-01,Utils_excess,0.0004,0.006035,0.01455904,0.01455904
2007-01-01,Other_excess,0.0061,0.00654052,0.01378979,0.01378979
2007-02-01,NoDur_excess,-0.0187,0.00672695,0.01153005,0.01153005
2007-02-01,Durbl_excess,-0.0078,0.00799802,0.00863989,0.00863989
2007-02-01,Manuf_excess,0.0033,0.00730666,0.01758757,0.01758757
2007-02-01,Enrgy_excess,-0.025,0.00789792,0.01910446,0.01910446
2007-02-01,HiTec_excess,-0.0273,0.00806441,0.01492548,0.01492548
2007-02-01,Telcm_excess,-0.0316,0.00558626,0.010379,0.010379
2007-02-01,Shops_excess,-0.0106,0.00721935,0.01324987,0.01324987
2007-02-01,Hlth_excess,-0.0323,0.00787732,0.01567191,0.01567191
2007-02-01,Utils_excess,0.0378,0.00602914,0.01798979,0.01798979
2007-02-01,Other_excess,-0.0267,0.00654006,0.01740029,0.01740029
2007-03-01,NoDur_excess,0.0222,0.00670052,0.01468226,0.01468226
2007-03-01,Durbl_excess,-0.0153,0.0079816,0.0119639,0.0119639
2007-03-01,Manuf_excess,0.0121,0.00730249,0.01987075,0.01987075
2007-03-01,Enrgy_excess,0.0547,0.00786372,0.02030871,0.02030871
2007-03-01,HiTec_excess,0.0044,0.00802765,0.01396607,0.01396607
2007-03-01,Telcm_excess,0.0188,0.00554761,0.01370668,0.01370668
2007-03-01,Shops_excess,0.0037,0.00720083,0.01710606,0.01710606
2007-03-01,Hlth_excess,-0.0068,0.00783555,0.01638998,0.01638998
2007-03-01,Utils_excess,0.039,0.00606216,0.02207144,0.02207144
2007-03-01,Other_excess,-0.0069,0.00650551,0.02220138,0.02220138
2007-04-01,NoDur_excess,0.0318,0.00671661,-0.00083342,0.0
2007-04-01,Durbl_excess,0.0577,0.00795742,-0.00551591,0.0
2007-04-01,Manuf_excess,0.0397,0.00730748,0.00892768,0.00892768
2007-04-01,Enrgy_excess,0.0469,0.00791236,0.01447902,0.01447902
2007-04-01,HiTec_excess,0.0441,0.00802388,0.00365512,0.00365512
2007-04-01,Telcm_excess,0.013,0.00556137,0.00320311,0.00320311
2007-04-01,Shops_excess,0.0184,0.0071972,-0.00285264,0.0
2007-04-01,Hlth_excess,0.0634,0.00782035,0.00422779,0.00422779
2007-04-01,Utils_excess,0.0348,0.00609637,0.00804186,0.00804186
2007-04-01,Other_excess,0.0286,0.00649159,0.00545054,0.00545054
2007-05-01,NoDur_excess,0.0247,0.00674263,0.01217094,0.01217094
2007-05-01,Durbl_excess,0.0276,0.00800902,0.00834801,0.00834801
2007-05-01,Manuf_excess,0.0436,0.00734108,0.01649021,0.01649021
2007-05-01,Enrgy_excess,0.0674,0.0079528,0.01744812,0.01744812
2007-05-01,HiTec_excess,0.0351,0.00806131,0.01215884,0.01215884
2007-05-01,Telcm_excess,0.069,0.00556909,0.0115449,0.0115449
2007-05-01,Shops_excess,0.0195,0.00720882,0.0141418,0.0141418
2007-05-01,Hlth_excess,0.0073,0.00787801,0.01370349,0.01370349
2007-05-01,Utils_excess,0.0078,0.00612614,0.02029013,0.02029013
2007-05-01,Other_excess,0.0276,0.00651452,0.01769578,0.01769578
2007-06-01,NoDur_excess,-0.0146,0.00676124,0.00507351,0.00507351
2007-06-01,Durbl_excess,0.0148,0.00802933,0.00180208,0.00180208
2007-06-01,Manuf_excess,-0.0108,0.00737865,0.01265672,0.01265672
2007-06-01,Enrgy_excess,0.0046,0.0080144,0.01654532,0.01654532
2007-06-01,HiTec_excess,0.0013,0.00808933,0.00932274,0.00932274
2007-06-01,Telcm_excess,-0.022,0.00563482,0.006607,0.006607
2007-06-01,Shops_excess,-0.0237,0.00722155,0.00459918,0.00459918
2007-06-01,Hlth_excess,-0.0377,0.00787741,0.00916414,0.00916414
2007-06-01,Utils_excess,-0.0522,0.00612788,0.01261229,0.01261229
2007-06-01,Other_excess,-0.0317,0.00653637,0.01003846,0.01003846
2007-07-01,NoDur_excess,-0.0455,0.00673913,0.0069993,0.0069993
2007-07-01,Durbl_excess,-0.062,0.00803634,0.00642554,0.00642554
2007-07-01,Manuf_excess,-0.0042,0.00735983,0.01540659,0.01540659
2007-07-01,Enrgy_excess,-0.015,0.00801087,0.01965984,0.01965984
2007-07-01,HiTec_excess,-0.0146,0.0080823,0.01372948,0.01372948
2007-07-01,Telcm_excess,-0.0351,0.00560621,0.00779559,0.00779559
2007-07-01,Shops_excess,-0.0572,0.00718954,0.00555332,0.00555332
2007-07-01,Hlth_excess,-0.0442,0.00783023,0.01167442,0.01167442
2007-07-01,Utils_excess,-0.0413,0.00606749,0.01352618,0.01352618
2007-07-01,Other_excess,-0.0567,0.00649679,0.01209015,0.01209015
2007-08-01,NoDur_excess,0.014,0.00668511,0.0045554,0.0045554
2007-08-01,Durbl_excess,-0.0221,0.00796391,0.00446652,0.00446652
2007-08-01,Manuf_excess,0.0026,0.00734788,0.01566531,0.01566531
2007-08-01,Enrgy_excess,-0.0019,0.00798707,0.0210163,0.0210163
2007-08-01,HiTec_excess,0.0247,0.00805884,0.01280748,0.01280748
2007-08-01,Telcm_excess,-0.0128,0.00556412,0.00789263,0.00789263
2007-08-01,Shops_excess,0.0111,0.00712296,0.00075522,0.00075522
2007-08-01,Hlth_excess,0.019,0.00777642,0.01089237,0.01089237
2007-08-01,Utils_excess,0.0142,0.00601851,0.010412,0.010412
2007-08-01,Other_excess,0.0076,0.00643144,0.01090106,0.01090106
2007-09-01,NoDur_excess,0.0368,0.00669267,0.01529334,0.01529334
2007-09-01,Durbl_excess,0.014,0.00793285,0.01587645,0.01587645
2007-09-01,Manuf_excess,0.0511,0.00734298,0.02137662,0.02137662
2007-09-01,Enrgy_excess,0.0752,0.00797686,0.02287878,0.02287878
2007-09-01,HiTec_excess,0.0385,0.00807603,0.01841411,0.01841411
2007-09-01,Telcm_excess,0.0173,0.00554514,0.0115737,0.0115737
2007-09-01,Shops_excess,-0.0097,0.00712707,0.01540508,0.01540508
2007-09-01,Hlth_excess,0.0322,0.00778802,0.01865773,0.01865773
2007-09-01,Utils_excess,0.0316,0.00602696,0.02076571,0.02076571
2007-09-01,Other_excess,0.0231,0.00643264,0.01912018,0.01912018
2007-10-01,NoDur_excess,0.0186,0.00672374,0.01584355,0.01584355
2007-10-01,Durbl_excess,0.0063,0.00793911,0.014213,0.014213
2007-10-01,Manuf_excess,0.0065,0.00738813,0.01922503,0.01922503
2007-10-01,Enrgy_excess,0.0247,0.00804623,0.01918744,0.01918744
2007-10-01,HiTec_excess,0.0647,0.00810743,0.0151952,0.0151952
2007-10-01,Telcm_excess,-0.025,0.00555728,0.01169382,0.01169382
2007-10-01,Shops_excess,0.0085,0.0071097,0.01845045,0.01845045
2007-10-01,Hlth_excess,0.0109,0.00781321,0.01632087,0.01632087
2007-10-01,Utils_excess,0.0624,0.00605335,0.01960761,0.01960761
2007-10-01,Other_excess,-0.0008,0.00644985,0.01849086,0.01849086
2007-11-01,NoDur_excess,0.0051,0.00673598,0.01080377,0.01080377
2007-11-01,Durbl_excess,-0.093,0.00793742,0.00900678,0.00900678
2007-11-01,Manuf_excess,-0.03,0.00738722,0.01631023,0.01631023
2007-11-01,Enrgy_excess,-0.0468,0.0080634,0.01822685,0.01822685
2007-11-01,HiTec_excess,-0.0785,0.00816577,0.01176704,0.01176704
2007-11-01,Telcm_excess,-0.0659,0.00552577,0.00844197,0.00844197
2007-11-01,Shops_excess,-0.0407,0.00711113,0.01144518,0.01144518
2007-11-01,Hlth_excess,-0.0033,0.00781639,0.01302671,0.01302671
2007-11-01,Utils_excess,-0.0105,0.00611144,0.01290139,0.01290139
2007-11-01,Other_excess,-0.0632,0.00644237,0.01372567,0.01372567
2007-12-01,NoDur_excess,-0.0128,0.00673429,0.00151075,0.00151075
2007-12-01,Durbl_excess,-0.0243,0.00783347,0.00104819,0.00104819
2007-12-01,Manuf_excess,0.0073,0.00734871,0.01273127,0.01273127
2007-12-01,Enrgy_excess,0.0743,0.0080069,0.01842869,0.01842869
2007-12-01,HiTec_excess,0.0119,0.00807652,0.00308277,0.00308277
2007-12-01,Telcm_excess,-0.0052,0.00545221,0.00289825,0.00289825
2007-12-01,Shops_excess,-0.0295,0.00706189,-0.00250524,0.0
2007-12-01,Hlth_excess,-0.0422,0.00780494,0.00508265,0.00508265
2007-12-01,Utils_excess,0.0063,0.00609434,0.00280724,0.00280724
2007-12-01,Other_excess,-0.0376,0.00637065,0.00700236,0.00700236
2008-01-01,NoDur_excess,-0.054,0.0067142,0.01812528,0.01812528
2008-01-01,Durbl_excess,-0.0541,0.00780041,0.01740515,0.01740515
2008-01-01,Manuf_excess,-0.0764,0.00734866,0.02316753,0.02316753
2008-01-01,Enrgy_excess,-0.0932,0.0080751,0.02099281,0.02099281
2008-01-01,HiTec_excess,-0.1256,0.00808045,0.01555416,0.01555416
2008-01-01,Telcm_excess,-0.0799,0.00544126,0.01027474,0.01027474
2008-01-01,Shops_excess,-0.0068,0.00702428,0.02192519,0.02192519
2008-01-01,Hlth_excess,-0.0482,0.0077535,0.0191186,0.0191186
2008-01-01,Utils_excess,-0.0714,0.00609455,0.01537974,0.01537974
2008-01-01,Other_excess,-0.0225,0.00632541,0.01829958,0.01829958
2008-02-01,NoDur_excess,-0.0026,0.0066518,0.00742332,0.00742332
2008-02-01,Durbl_excess,-0.0613,0.00773679,0.00675658,0.00675658
2008-02-01,Manuf_excess,0.0061,0.00726259,0.01641292,0.01641292
2008-02-01,Enrgy_excess,0.0681,0.00797102,0.01850494,0.01850494
2008-02-01,HiTec_excess,-0.0371,0.00794306,0.00453707,0.00453707
2008-02-01,Telcm_excess,-0.0398,0.00535355,0.00441793,0.00441793
2008-02-01,Shops_excess,-0.0478,0.00701007,0.00778665,0.00778665
2008-02-01,Hlth_excess,-0.0106,0.00769599,0.0090307,0.0090307
2008-02-01,Utils_excess,-0.0316,0.0060149,0.00491033,0.00491033
2008-02-01,Other_excess,-0.0803,0.00629579,0.01010451,0.01010451
2008-03-01,NoDur_excess,0.0101,0.0066423,0.01110532,0.01110532
2008-03-01,Durbl_excess,-0.0431,0.00766591,0.01136994,0.01136994
2008-03-01,Manuf_excess,-0.0032,0.0072614,0.01954366,0.01954366
2008-03-01,Enrgy_excess,-0.0306,0.00803275,0.02047515,0.02047515
2008-03-01,HiTec_excess,0.005,0.00789682,0.00825177,0.00825177
2008-03-01,Telcm_excess,-0.0022,0.00530719,0.00542677,0.00542677
2008-03-01,Shops_excess,0.0168,0.0069538,0.01291068,0.01291068
2008-03-01,Hlth_excess,-0.0194,0.00767721,0.01215075,0.01215075
2008-03-01,Utils_excess,0.0064,0.00597628,0.00606599,0.00606599
2008-03-01,Other_excess,-0.0211,0.00620688,0.01200071,0.01200071
2008-04-01,NoDur_excess,-0.0133,0.00664585,0.00592865,0.00592865
2008-04-01,Durbl_excess,0.0638,0.00761385,0.00666708,0.00666708
2008-04-01,Manuf_excess,0.0489,0.00725067,0.01651093,0.01651093
2008-04-01,Enrgy_excess,0.1045,0.00799313,0.01931422,0.01931422
2008-04-01,HiTec_excess,0.0626,0.00789385,0.00171615,0.00171615
2008-04-01,Telcm_excess,0.0444,0.00529949,0.00211773,0.00211773
2008-04-01,Shops_excess,0.0483,0.0069639,0.00606086,0.00606086
2008-04-01,Hlth_excess,0.0025,0.00764944,0.00493278,0.00493278
2008-04-01,Utils_excess,0.0621,0.00597672,0.00094267,0.00094267
2008-04-01,Other_excess,0.0329,0.00617887,0.00761319,0.00761319
2008-05-01,NoDur_excess,0.032,0.00662541,0.02244402,0.02244402
2008-05-01,Durbl_excess,0.0115,0.00767141,0.02300808,0.02300808
2008-05-01,Manuf_excess,0.0312,0.00729334,0.02325791,0.02325791
2008-05-01,Enrgy_excess,0.041,0.00809201,0.0165002,0.0165002
2008-05-01,HiTec_excess,0.0547,0.0079499,0.01101147,0.01101147
2008-05-01,Telcm_excess,0.0461,0.00533955,0.01091909,0.01091909
2008-05-01,Shops_excess,0.0101,0.00700625,0.03292763,0.03292763
2008-05-01,Hlth_excess,0.0144,0.00764416,0.01710111,0.01710111
2008-05-01,Utils_excess,0.0341,0.00603422,0.01617756,0.01617756
2008-05-01,Other_excess,-0.0257,0.00620625,0.02074935,0.02074935
2008-06-01,NoDur_excess,-0.0751,0.00665138,-0.00066032,0.0
2008-06-01,Durbl_excess,-0.1967,0.00767533,-0.00174644,0.0
2008-06-01,Manuf_excess,-0.0936,0.00731781,0.00864172,0.00864172
2008-06-01,Enrgy_excess,0.0265,0.00812569,0.0116178,0.0116178
2008-06-01,HiTec_excess,-0.0899,0.00799775,-0.00277247,0.0
2008-06-01,Telcm_excess,-0.1109,0.00538127,-0.00103295,0.0
2008-06-01,Shops_excess,-0.0826,0.00700942,0.00108092,0.00108092
2008-06-01,Hlth_excess,-0.0318,0.00765107,-0.00063213,0.0
2008-06-01,Utils_excess,-0.0058,0.00606295,-0.00727058,0.0
2008-06-01,Other_excess,-0.1493,0.00617359,-0.00163813,0.0
2008-07-01,NoDur_excess,0.0211,0.00656779,-0.00260477,0.0
2008-07-01,Durbl_excess,-0.0081,0.00746636,-0.00647343,0.0
2008-07-01,Manuf_excess,-0.0039,0.00721462,0.00643217,0.00643217
2008-07-01,Enrgy_excess,-0.1581,0.00814448,0.01262011,0.01262011
2008-07-01,HiTec_excess,-0.0072,0.00789765,-0.00765432,0.0
2008-07-01,Telcm_excess,-0.0324,0.00526237,-0.00219226,0.0
2008-07-01,Shops_excess,0.0099,0.00691779,-0.00201651,0.0
2008-07-01,Hlth_excess,0.066,0.00761074,-0.00247458,0.0
2008-07-01,Utils_excess,-0.0725,0.00605082,-0.00818866,0.0
2008-07-01,Other_excess,0.0424,0.00601462,-0.00418746,0.0
2008-08-01,NoDur_excess,0.0159,0.00658264,0.00477973,0.00477973
2008-08-01,Durbl_excess,0.0153,0.00745046,0.00205793,0.00205793
2008-08-01,Manuf_excess,0.0129,0.00720327,0.01077523,0.01077523
2008-08-01,Enrgy_excess,-0.0017,0.00797467,0.0099929,0.0099929
2008-08-01,HiTec_excess,0.0227,0.00788223,-0.00116876,0.0
2008-08-01,Telcm_excess,0.0387,0.0052239,-0.00031968,0.0
2008-08-01,Shops_excess,0.0526,0.00692084,0.00742127,0.00742127
2008-08-01,Hlth_excess,0.0164,0.00767038,0.00562586,0.00562586
2008-08-01,Utils_excess,-0.0059,0.00597058,-0.0035031,0.0
2008-08-01,Other_excess,0.0054,0.00605179,0.00127544,0.00127544
2008-09-01,NoDur_excess,-0.0311,0.00659214,0.01546228,0.01546228
2008-09-01,Durbl_excess,-0.0914,0.00745847,0.01533277,0.01533277
2008-09-01,Manuf_excess,-0.1366,0.00720908,0.01916836,0.01916836
2008-09-01,Enrgy_excess,-0.1227,0.0079648,0.01433584,0.01433584
2008-09-01,HiTec_excess,-0.1262,0.00789735,0.01022998,0.01022998
2008-09-01,Telcm_excess,-0.1276,0.00525806,0.00758903,0.00758903
2008-09-01,Shops_excess,-0.0591,0.00696745,0.02049541,0.02049541
2008-09-01,Hlth_excess,-0.061,0.00767929,0.01600953,0.01600953
2008-09-01,Utils_excess,-0.1199,0.00595847,0.00500569,0.00500569
2008-09-01,Other_excess,-0.0646,0.00605112,0.01185937,0.01185937
2008-10-01,NoDur_excess,-0.1349,0.00655372,-0.03142437,0.0
2008-10-01,Durbl_excess,-0.337,0.0073577,-0.02875255,0.0
2008-10-01,Manuf_excess,-0.2079,0.00706249,-0.00588316,0.0
2008-10-01,Enrgy_excess,-0.1686,0.0078316,0.01117084,0.01117084
2008-10-01,HiTec_excess,-0.1834,0.00776065,-0.02016741,0.0
2008-10-01,Telcm_excess,-0.1561,0.00512263,-0.0305137,0.0
2008-10-01,Shops_excess,-0.1516,0.0069001,-0.04850427,0.0
2008-10-01,Hlth_excess,-0.1111,0.00760928,-0.01405888,0.0
2008-10-01,Utils_excess,-0.112,0.00583017,-0.03817381,0.0
2008-10-01,Other_excess,-0.198,0.0059791,-0.03354552,0.0
2008-11-01,NoDur_excess,-0.044,0.00640967,-0.00434798,0.0
2008-11-01,Durbl_excess,-0.1074,0.00700703,-0.00863515,0.0
2008-11-01,Manuf_excess,-0.0771,0.00684358,0.00469522,0.00469522
2008-11-01,Enrgy_excess,0.0011,0.00765193,0.01007771,0.01007771
2008-11-01,HiTec_excess,-0.109,0.00756599,-0.01909646,0.0
2008-11-01,Telcm_excess,-0.0161,0.00495845,-0.03240711,0.0
2008-11-01,Shops_excess,-0.0771,0.0067387,-0.01482031,0.0
2008-11-01,Hlth_excess,-0.0736,0.00748839,0.00760254,0.00760254
2008-11-01,Utils_excess,0.0123,0.00571018,-0.00557911,0.0
2008-11-01,Other_excess,-0.1239,0.00577138,-0.02423637,0.0
2008-12-01,NoDur_excess,0.0087,0.00635839,0.03517823,0.03517823
2008-12-01,Durbl_excess,0.0017,0.00689064,0.03751227,0.03751227
2008-12-01,Manuf_excess,0.0139,0.00675819,0.02877196,0.02877196
2008-12-01,Enrgy_excess,-0.0243,0.00764527,0.01648414,0.01648414
2008-12-01,HiTec_excess,0.0217,0.00744741,0.0063919,0.0063919
2008-12-01,Telcm_excess,0.0347,0.00493703,0.0116656,0.0116656
2008-12-01,Shops_excess,0.0489,0.00665341,0.03903207,0.03903207
2008-12-01,Hlth_excess,0.0674,0.0074059,0.02704372,0.02704372
2008-12-01,Utils_excess,-0.0204,0.00571689,0.02247867,0.02247867
2008-12-01,Other_excess,0.0081,0.00563947,0.02089545,0.02089545
2009-01-01,NoDur_excess,-0.0505,0.00636077,0.05662405,0.05662405
2009-01-01,Durbl_excess,-0.1269,0.00688537,0.06718152,0.06718152
2009-01-01,Manuf_excess,-0.0922,0.00676545,0.03824993,0.03824993
2009-01-01,Enrgy_excess,-0.0353,0.0076128,-0.00082166,0.0
2009-01-01,HiTec_excess,-0.032,0.00746189,0.01625864,0.01625864
2009-01-01,Telcm_excess,-0.1032,0.00496728,0.03302531,0.03302531
2009-01-01,Shops_excess,-0.0761,0.00669634,0.08271856,0.08271856
2009-01-01,Hlth_excess,-0.022,0.00746687,0.04063875,0.04063875
2009-01-01,Utils_excess,-0.0084,0.00569035,0.02837248,0.02837248
2009-01-01,Other_excess,-0.1766,0.00564197,0.04100615,0.04100615
2009-02-01,NoDur_excess,-0.0767,0.00630305,-0.03131632,0.0
2009-02-01,Durbl_excess,-0.1215,0.00674954,-0.04934301,0.0
2009-02-01,Manuf_excess,-0.1354,0.00666497,-0.03812423,0.0
2009-02-01,Enrgy_excess,-0.1252,0.00756924,-0.04668989,0.0
2009-02-01,HiTec_excess,-0.0509,0.00742183,-0.05273146,0.0
2009-02-01,Telcm_excess,-0.0696,0.00485746,-0.03718808,0.0
2009-02-01,Shops_excess,-0.0306,0.00661228,-0.0266268,0.0
2009-02-01,Hlth_excess,-0.1083,0.00743695,-0.02789969,0.0
2009-02-01,Utils_excess,-0.1253,0.00567604,-0.05743994,0.0
2009-02-01,Other_excess,-0.146,0.00545695,-0.06204754,0.0
2009-03-01,NoDur_excess,0.0642,0.00621886,-0.03517097,0.0
2009-03-01,Durbl_excess,0.1219,0.00661947,-0.05882716,0.0
2009-03-01,Manuf_excess,0.0759,0.00652089,-0.0502373,0.0
2009-03-01,Enrgy_excess,0.0394,0.00743458,-0.05864152,0.0
2009-03-01,HiTec_excess,0.1145,0.00736268,-0.0600393,0.0
2009-03-01,Telcm_excess,0.0793,0.00478195,-0.03816116,0.0
2009-03-01,Shops_excess,0.0996,0.00657454,-0.02696228,0.0
2009-03-01,Hlth_excess,0.0739,0.00731957,-0.03495261,0.0
2009-03-01,Utils_excess,0.028,0.0055432,-0.07080935,0.0
2009-03-01,Other_excess,0.1305,0.00530335,-0.06722109,0.0
2009-04-01,NoDur_excess,0.0496,0.00627761,-0.03575502,0.0
2009-04-01,Durbl_excess,0.4431,0.00673627,-0.05887233,0.0
2009-04-01,Manuf_excess,0.1705,0.00659119,-0.04960706,0.0
2009-04-01,Enrgy_excess,0.0453,0.00746697,-0.05779071,0.0
2009-04-01,HiTec_excess,0.1228,0.00747123,-0.06250873,0.0
2009-04-01,Telcm_excess,0.0964,0.00485745,-0.03905561,0.0
2009-04-01,Shops_excess,0.0953,0.00666879,-0.02760319,0.0
2009-04-01,Hlth_excess,-0.0095,0.00738703,-0.03133777,0.0
2009-04-01,Utils_excess,0.0208,0.00556596,-0.07708429,0.0
2009-04-01,Other_excess,0.1621,0.00543019,-0.06288548,0.0
2009-05-01,NoDur_excess,0.0716,0.00632146,0.00441315,0.00441315
2009-05-01,Durbl_excess,-0.0322,0.00717794,0.01858083,0.01858083
2009-05-01,Manuf_excess,0.055,0.00675709,-0.01229669,0.0
2009-05-01,Enrgy_excess,0.105,0.00750526,-0.04303016,0.0
2009-05-01,HiTec_excess,0.0304,0.00758796,-0.02057751,0.0
2009-05-01,Telcm_excess,0.0105,0.0049501,-0.00993491,0.0
2009-05-01,Shops_excess,-0.0093,0.0067585,0.03089426,0.03089426
2009-05-01,Hlth_excess,0.0621,0.00736994,-0.00740221,0.0
2009-05-01,Utils_excess,0.0464,0.00558138,-0.03744201,0.0
2009-05-01,Other_excess,0.0716,0.00558877,-0.0231389,0.0
2009-06-01,NoDur_excess,0.0064,0.00638746,0.02451947,0.02451947
2009-06-01,Durbl_excess,0.0439,0.00713812,0.02718203,0.02718203
2009-06-01,Manuf_excess,-0.0174,0.00680586,0.00290671,0.00290671
2009-06-01,Enrgy_excess,-0.0479,0.00760384,-0.02083613,0.0
2009-06-01,HiTec_excess,0.0452,0.00761102,-0.00825794,0.0
2009-06-01,Telcm_excess,0.0164,0.00495571,0.00100464,0.00100464
2009-06-01,Shops_excess,-0.003,0.00674226,0.04197907,0.04197907
2009-06-01,Hlth_excess,0.036,0.00742528,0.00983258,0.00983258
2009-06-01,Utils_excess,0.0463,0.00562265,-0.01554509,0.0
2009-06-01,Other_excess,-0.0201,0.00565551,-0.00027547,0.0
2009-07-01,NoDur_excess,0.073,0.00638747,0.00558638,0.00558638
2009-07-01,Durbl_excess,0.1975,0.00717525,0.01684054,0.01684054
2009-07-01,Manuf_excess,0.1132,0.00678141,-0.00930865,0.0
2009-07-01,Enrgy_excess,0.0534,0.00754778,-0.02941821,0.0
2009-07-01,HiTec_excess,0.0809,0.00764899,-0.01564868,0.0
2009-07-01,Telcm_excess,0.0553,0.00496727,-0.00476804,0.0
2009-07-01,Shops_excess,0.0676,0.00673242,0.01784306,0.01784306
2009-07-01,Hlth_excess,0.0547,0.00745414,-0.00262647,0.0
2009-07-01,Utils_excess,0.044,0.00566374,-0.0288875,0.0
2009-07-01,Other_excess,0.0916,0.00562949,-0.01079923,0.0
2009-08-01,NoDur_excess,0.0073,0.00645469,0.02757425,0.02757425
2009-08-01,Durbl_excess,0.0249,0.00736731,0.04457241,0.04457241
2009-08-01,Manuf_excess,0.0296,0.0068888,0.01217506,0.01217506
2009-08-01,Enrgy_excess,0.0077,0.00759405,-0.01092314,0.0
2009-08-01,HiTec_excess,0.0226,0.00772291,0.00889624,0.00889624
2009-08-01,Telcm_excess,0.0072,0.00501806,0.00859527,0.00859527
2009-08-01,Shops_excess,0.037,0.00679384,0.03945917,0.03945917
2009-08-01,Hlth_excess,0.0219,0.00750182,0.01941039,0.01941039
2009-08-01,Utils_excess,0.0024,0.00570242,-0.00154489,0.0
2009-08-01,Other_excess,0.0772,0.00571625,0.00979329,0.00979329
2009-09-01,NoDur_excess,0.0422,0.00645554,0.00442375,0.00442375
2009-09-01,Durbl_excess,0.0209,0.00738498,0.02513969,0.02513969
2009-09-01,Manuf_excess,0.0651,0.00691169,0.00123286,0.00123286
2009-09-01,Enrgy_excess,0.0511,0.00759415,-0.01539815,0.0
2009-09-01,HiTec_excess,0.0522,0.0077379,-0.00376656,0.0
2009-09-01,Telcm_excess,0.0648,0.00502026,-0.00172372,0.0
2009-09-01,Shops_excess,0.0239,0.00682429,0.01324573,0.01324573
2009-09-01,Hlth_excess,0.0217,0.00751633,0.00076761,0.00076761
2009-09-01,Utils_excess,0.0223,0.00569909,-0.02311047,0.0
2009-09-01,Other_excess,0.0311,0.00578831,0.00118259,0.00118259
2009-10-01,NoDur_excess,-0.0062,0.00649154,0.00965834,0.00965834
2009-10-01,Durbl_excess,-0.0061,0.00739859,0.02702409,0.02702409
2009-10-01,Manuf_excess,-0.0287,0.00697029,0.00706652,0.00706652
2009-10-01,Enrgy_excess,0.0248,0.00763797,-0.00771148,0.0
2009-10-01,HiTec_excess,-0.015,0.00778268,0.003559,0.003559
2009-10-01,Telcm_excess,-0.0398,0.00508046,0.00315865,0.00315865
2009-10-01,Shops_excess,0.0004,0.00684149,0.01714006,0.01714006
2009-10-01,Hlth_excess,-0.0347,0.00753061,0.00555402,0.00555402
2009-10-01,Utils_excess,-0.0271,0.00571581,-0.01392607,0.0
2009-10-01,Other_excess,-0.0545,0.0058138,0.00604245,0.00604245
2009-11-01,NoDur_excess,0.0386,0.00647877,0.00819526,0.00819526
2009-11-01,Durbl_excess,0.1037,0.00738501,0.01687992,0.01687992
2009-11-01,Manuf_excess,0.0761,0.00693441,0.00809327,0.00809327
2009-11-01,Enrgy_excess,0.0322,0.00765523,0.00504061,0.00504061
2009-11-01,HiTec_excess,0.0483,0.00775976,0.00742661,0.00742661
2009-11-01,Telcm_excess,0.0684,0.00503531,0.00096611,0.00096611
2009-11-01,Shops_excess,0.05,0.00683501,0.0124829,0.0124829
2009-11-01,Hlth_excess,0.0807,0.00748813,0.00553774,0.00553774
2009-11-01,Utils_excess,0.0458,0.0056828,-0.00219302,0.0
2009-11-01,Other_excess,0.0596,0.00575312,0.00455367,0.00455367
2009-12-01,NoDur_excess,0.0263,0.00651106,0.00342499,0.00342499
2009-12-01,Durbl_excess,0.0564,0.00748181,0.01487527,0.01487527
2009-12-01,Manuf_excess,0.0286,0.00700392,0.01066386,0.01066386
2009-12-01,Enrgy_excess,-0.0053,0.0076799,0.01054951,0.01054951
2009-12-01,HiTec_excess,0.0597,0.0078005,0.00996479,0.00996479
2009-12-01,Telcm_excess,0.0641,0.00509899,0.00269354,0.00269354
2009-12-01,Shops_excess,0.0194,0.00687839,0.00601134,0.00601134
2009-12-01,Hlth_excess,0.0246,0.00756171,0.00201194,0.00201194
2009-12-01,Utils_excess,0.0586,0.00572312,-0.00235602,0.0
2009-12-01,Other_excess,0.0087,0.00580724,0.00871635,0.00871635
2010-01-01,NoDur_excess,-0.024,0.00653092,0.01048355,0.01048355
2010-01-01,Durbl_excess,-0.004,0.00753092,0.01299661,0.01299661
2010-01-01,Manuf_excess,-0.0331,0.0070256,0.01362717,0.01362717
2010-01-01,Enrgy_excess,-0.0485,0.00766687,0.01749686,0.01749686
2010-01-01,HiTec_excess,-0.0781,0.00785261,0.01848502,0.01848502
2010-01-01,Telcm_excess,-0.0677,0.00515823,0.00345309,0.00345309
2010-01-01,Shops_excess,-0.0183,0.00689096,0.01290246,0.01290246
2010-01-01,Hlth_excess,-0.0001,0.00757882,0.00995551,0.00995551
2010-01-01,Utils_excess,-0.0445,0.0057762,0.01152206,0.01152206
2010-01-01,Other_excess,-0.0053,0.00581014,0.0101216,0.0101216
2010-02-01,NoDur_excess,0.0266,0.0065003,0.00432254,0.00432254
2010-02-01,Durbl_excess,0.0739,0.00751936,0.01411615,0.01411615
2010-02-01,Manuf_excess,0.0521,0.00698536,0.01298321,0.01298321
2010-02-01,Enrgy_excess,0.0259,0.00761053,0.0167246,0.0167246
2010-02-01,HiTec_excess,0.0479,0.0077664,0.01242986,0.01242986
2010-02-01,Telcm_excess,0.0276,0.00508516,0.0048719,0.0048719
2010-02-01,Shops_excess,0.0429,0.0068657,0.00561778,0.00561778
2010-02-01,Hlth_excess,0.0038,0.00757111,0.00232369,0.00232369
2010-02-01,Utils_excess,-0.0042,0.00572578,0.0049605,0.0049605
2010-02-01,Other_excess,0.0361,0.005799,0.01276062,0.01276062
2010-03-01,NoDur_excess,0.0579,0.00652044,0.00890728,0.00890728
2010-03-01,Durbl_excess,0.0937,0.00758587,0.01627352,0.01627352
2010-03-01,Manuf_excess,0.0649,0.00703056,0.01565737,0.01565737
2010-03-01,Enrgy_excess,0.0319,0.00762886,0.01955466,0.01955466
2010-03-01,HiTec_excess,0.0667,0.00780661,0.01679346,0.01679346
2010-03-01,Telcm_excess,0.0762,0.00510772,0.00558142,0.00558142
2010-03-01,Shops_excess,0.0624,0.0069018,0.01071499,0.01071499
2010-03-01,Hlth_excess,0.0362,0.00756733,0.0076465,0.0076465
2010-03-01,Utils_excess,0.0311,0.00571583,0.0110099,0.0110099
2010-03-01,Other_excess,0.0809,0.00582936,0.01464266,0.01464266
2010-04-01,NoDur_excess,-0.0103,0.00657187,0.01239126,0.01239126
2010-04-01,Durbl_excess,0.0726,0.00767207,0.02032908,0.02032908
2010-04-01,Manuf_excess,0.0317,0.00708849,0.01824404,0.01824404
2010-04-01,Enrgy_excess,0.0407,0.00765315,0.02218029,0.02218029
2010-04-01,HiTec_excess,0.0226,0.00786557,0.02008365,0.02008365
2010-04-01,Telcm_excess,0.034,0.00517888,0.0072446,0.0072446
2010-04-01,Shops_excess,0.0251,0.00695736,0.01524446,0.01524446
2010-04-01,Hlth_excess,-0.0219,0.007596,0.00877907,0.00877907
2010-04-01,Utils_excess,0.0284,0.00574124,0.0160802,0.0160802
2010-04-01,Other_excess,0.018,0.0059045,0.01978515,0.01978515
2010-05-01,NoDur_excess,-0.0574,0.006555,0.01632884,0.01632884
2010-05-01,Durbl_excess,-0.0908,0.007737,0.02903657,0.02903657
2010-05-01,Manuf_excess,-0.0844,0.0071131,0.02385671,0.02385671
2010-05-01,Enrgy_excess,-0.1024,0.0076862,0.0263288,0.0263288
2010-05-01,HiTec_excess,-0.0777,0.0078803,0.02444648,0.02444648
2010-05-01,Telcm_excess,-0.0586,0.0052077,0.01255271,0.01255271
2010-05-01,Shops_excess,-0.0542,0.0069755,0.02013464,0.02013464
2010-05-01,Hlth_excess,-0.0809,0.0075665,0.0120705,0.0120705
2010-05-01,Utils_excess,-0.0631,0.0057639,0.02060488,0.02060488
2010-05-01,Other_excess,-0.0876,0.0059166,0.02669469,0.02669469
2010-06-01,NoDur_excess,-0.0192,0.00649111,-0.00635798,0.0
2010-06-01,Durbl_excess,-0.1069,0.00763856,0.00861829,0.00861829
2010-06-01,Manuf_excess,-0.0581,0.00702168,0.00999264,0.00999264
2010-06-01,Enrgy_excess,-0.0627,0.00757622,0.01755521,0.01755521
2010-06-01,HiTec_excess,-0.0616,0.00779481,0.00857271,0.00857271
2010-06-01,Telcm_excess,-0.0385,0.00514396,-0.00116999,0.0
2010-06-01,Shops_excess,-0.0912,0.00691439,-0.00813956,0.0
2010-06-01,Hlth_excess,-0.0167,0.00747812,-0.0063989,0.0
2010-06-01,Utils_excess,-0.0072,0.0056951,-0.0023888,0.0
2010-06-01,Other_excess,-0.0651,0.00582318,0.00705504,0.00705504
2010-07-01,NoDur_excess,0.0735,0.00646547,0.0216411,0.0216411
2010-07-01,Durbl_excess,0.1537,0.00752425,0.03136776,0.03136776
2010-07-01,Manuf_excess,0.098,0.00695669,0.02801711,0.02801711
2010-07-01,Enrgy_excess,0.0768,0.00750609,0.02865277,0.02865277
2010-07-01,HiTec_excess,0.0725,0.00772555,0.02749058,0.02749058
2010-07-01,Telcm_excess,0.0958,0.0051004,0.01491255,0.01491255
2010-07-01,Shops_excess,0.046,0.00681647,0.02536534,0.02536534
2010-07-01,Hlth_excess,0.0213,0.00745399,0.01769489,0.01769489
2010-07-01,Utils_excess,0.068,0.00568224,0.02869665,0.02869665
2010-07-01,Other_excess,0.0677,0.0057524,0.02976447,0.02976447
2010-08-01,NoDur_excess,-0.0118,0.0065323,0.01633791,0.01633791
2010-08-01,Durbl_excess,-0.0959,0.00766999,0.02409061,0.02409061
2010-08-01,Manuf_excess,-0.0558,0.00704746,0.02363661,0.02363661
2010-08-01,Enrgy_excess,-0.0345,0.00757517,0.02604889,0.02604889
2010-08-01,HiTec_excess,-0.0654,0.00779013,0.02390585,0.02390585
2010-08-01,Telcm_excess,-0.02,0.00519083,0.01077936,0.01077936
2010-08-01,Shops_excess,-0.0398,0.00685553,0.01902942,0.01902942
2010-08-01,Hlth_excess,-0.0171,0.0074678,0.01316182,0.01316182
2010-08-01,Utils_excess,0.0035,0.00574437,0.02283414,0.02283414
2010-08-01,Other_excess,-0.0711,0.00581416,0.0230014,0.0230014
2010-09-01,NoDur_excess,0.0614,0.00651404,0.01503466,0.01503466
2010-09-01,Durbl_excess,0.1307,0.00756683,0.0258618,0.0258618
2010-09-01,Manuf_excess,0.1015,0.00698486,0.02516266,0.02516266
2010-09-01,Enrgy_excess,0.0919,0.00753327,0.02643134,0.02643134
2010-09-01,HiTec_excess,0.1254,0.00771723,0.02258431,0.02258431
2010-09-01,Telcm_excess,0.0787,0.00516574,0.0139756,0.0139756
2010-09-01,Shops_excess,0.1214,0.00680906,0.01668181,0.01668181
2010-09-01,Hlth_excess,0.0899,0.00744333,0.01129302,0.01129302
2010-09-01,Utils_excess,0.0364,0.00574213,0.01994365,0.01994365
2010-09-01,Other_excess,0.085,0.00573755,0.02628696,0.02628696
2010-10-01,NoDur_excess,0.0439,0.00656866,0.00798776,0.00798776
2010-10-01,Durbl_excess,0.0853,0.00768935,0.01285084,0.01285084
2010-10-01,Manuf_excess,0.0516,0.00707891,0.01791986,0.01791986
2010-10-01,Enrgy_excess,0.0457,0.00761721,0.02353234,0.02353234
2010-10-01,HiTec_excess,0.064,0.00783433,0.0177206,0.0177206
2010-10-01,Telcm_excess,0.0455,0.00523891,0.00450501,0.00450501
2010-10-01,Shops_excess,0.024,0.00692308,0.00950702,0.00950702
2010-10-01,Hlth_excess,0.0193,0.00752537,0.00814395,0.00814395
2010-10-01,Utils_excess,0.0185,0.00577264,0.01300681,0.01300681
2010-10-01,Other_excess,0.0202,0.00581642,0.01439214,0.01439214
2010-11-01,NoDur_excess,-0.0008,0.00660577,0.00877787,0.00877787
2010-11-01,Durbl_excess,0.0731,0.0077665,0.01309753,0.01309753
2010-11-01,Manuf_excess,0.0147,0.00712316,0.01734823,0.01734823
2010-11-01,Enrgy_excess,0.055,0.00765507,0.02338687,0.02338687
2010-11-01,HiTec_excess,-0.0074,0.00789016,0.01839689,0.01839689
2010-11-01,Telcm_excess,-0.019,0.00527893,0.00472213,0.00472213
2010-11-01,Shops_excess,0.0417,0.00694006,0.01011697,0.01011697
2010-11-01,Hlth_excess,-0.0335,0.00753708,0.00810066,0.00810066
2010-11-01,Utils_excess,-0.0137,0.00578529,0.01381134,0.01381134
2010-11-01,Other_excess,0.0048,0.00583072,0.01387593,0.01387593
2010-12-01,NoDur_excess,0.0434,0.00659841,0.01061379,0.01061379
2010-12-01,Durbl_excess,0.0889,0.00783138,0.01775991,0.01775991
2010-12-01,Manuf_excess,0.0698,0.00713069,0.01905756,0.01905756
2010-12-01,Enrgy_excess,0.094,0.00770209,0.02481519,0.02481519
2010-12-01,HiTec_excess,0.0597,0.00787498,0.02017924,0.02017924
2010-12-01,Telcm_excess,0.0658,0.00525482,0.00688225,0.00688225
2010-12-01,Shops_excess,0.032,0.00697458,0.01245068,0.01245068
2010-12-01,Hlth_excess,0.0544,0.00749633,0.00864134,0.00864134
2010-12-01,Utils_excess,0.0322,0.00576594,0.01609143,0.01609143
2010-12-01,Other_excess,0.0922,0.00582969,0.01655295,0.01655295
2011-01-01,NoDur_excess,-0.0238,0.00663492,0.01720196,0.01720196
2011-01-01,Durbl_excess,-0.0025,0.00791181,0.02273817,0.02273817
2011-01-01,Manuf_excess,0.03,0.00719286,0.02259426,0.02259426
2011-01-01,Enrgy_excess,0.0692,0.0077877,0.02828265,0.02828265
2011-01-01,HiTec_excess,0.0391,0.00792639,0.02364215,0.02364215
2011-01-01,Telcm_excess,0.0004,0.00531488,0.0099561,0.0099561
2011-01-01,Shops_excess,-0.0087,0.0069994,0.02058197,0.02058197
2011-01-01,Hlth_excess,-0.0073,0.00754286,0.01356088,0.01356088
2011-01-01,Utils_excess,0.0217,0.00579216,0.02331332,0.02331332
2011-01-01,Other_excess,0.0209,0.00591538,0.0212525,0.0212525
2011-02-01,NoDur_excess,0.0471,0.00660476,0.00306259,0.00306259
2011-02-01,Durbl_excess,-0.0216,0.00790149,0.01127474,0.01127474
2011-02-01,Manuf_excess,0.0342,0.00721546,0.01434247,0.01434247
2011-02-01,Enrgy_excess,0.0762,0.00784856,0.02238722,0.02238722
2011-02-01,HiTec_excess,0.024,0.00795728,0.0144991,0.0144991
2011-02-01,Telcm_excess,0.0739,0.00531001,0.00377812,0.00377812
2011-02-01,Shops_excess,0.0225,0.00698385,0.00360416,0.00360416
2011-02-01,Hlth_excess,0.0332,0.00752815,0.00050895,0.00050895
2011-02-01,Utils_excess,0.0241,0.00580793,0.00809557,0.00809557
2011-02-01,Other_excess,0.0294,0.00593023,0.01198349,0.01198349
2011-03-01,NoDur_excess,0.0302,0.00664485,0.01231807,0.01231807
2011-03-01,Durbl_excess,0.0186,0.00787228,0.02068962,0.02068962
2011-03-01,Manuf_excess,0.0183,0.00724218,0.02115414,0.02115414
2011-03-01,Enrgy_excess,0.021,0.00791624,0.0276152,0.0276152
2011-03-01,HiTec_excess,-0.0144,0.00797317,0.02001287,0.02001287
2011-03-01,Telcm_excess,0.0167,0.00537792,0.01141905,0.01141905
2011-03-01,Shops_excess,0.0109,0.00699921,0.01410472,0.01410472
2011-03-01,Hlth_excess,0.0225,0.00755356,0.00773637,0.00773637
2011-03-01,Utils_excess,0.0091,0.00582604,0.01743414,0.01743414
2011-03-01,Other_excess,-0.0111,0.00595347,0.0211345,0.0211345
2011-04-01,NoDur_excess,0.0461,0.00666815,0.00265242,0.00265242
2011-04-01,Durbl_excess,0.0278,0.00788289,0.00983749,0.00983749
2011-04-01,Manuf_excess,0.0291,0.00725312,0.01398152,0.01398152
2011-04-01,Enrgy_excess,0.0158,0.00792918,0.02350076,0.02350076
2011-04-01,HiTec_excess,0.0312,0.00795104,0.01013116,0.01013116
2011-04-01,Telcm_excess,0.0326,0.00538912,0.00480552,0.00480552
2011-04-01,Shops_excess,0.0451,0.00700307,0.00210579,0.00210579
2011-04-01,Hlth_excess,0.0625,0.00756835,-0.00138824,0.0
2011-04-01,Utils_excess,0.04,0.00582928,0.00712851,0.00712851
2011-04-01,Other_excess,0.0106,0.0059366,0.01173173,0.01173173
2011-05-01,NoDur_excess,0.0204,0.00670711,0.01530164,0.01530164
2011-05-01,Durbl_excess,-0.0358,0.00790257,0.02317382,0.02317382
2011-05-01,Manuf_excess,-0.0217,0.0072747,0.02335576,0.02335576
2011-05-01,Enrgy_excess,-0.0451,0.00793696,0.02910164,0.02910164
2011-05-01,HiTec_excess,-0.0176,0.00797401,0.02038717,0.02038717
2011-05-01,Telcm_excess,0.0077,0.00541601,0.01336997,0.01336997
2011-05-01,Shops_excess,0.0088,0.00704071,0.0175237,0.0175237
2011-05-01,Hlth_excess,0.0199,0.00762263,0.01038465,0.01038465
2011-05-01,Utils_excess,0.0132,0.00586304,0.01927961,0.01927961
2011-05-01,Other_excess,-0.0264,0.00594121,0.0232236,0.0232236
2011-06-01,NoDur_excess,-0.0107,0.00672063,0.01385445,0.01385445
2011-06-01,Durbl_excess,-0.0109,0.00785943,0.02196673,0.02196673
2011-06-01,Manuf_excess,-0.006,0.0072461,0.02254515,0.02254515
2011-06-01,Enrgy_excess,-0.0231,0.0078846,0.02763379,0.02763379
2011-06-01,HiTec_excess,-0.0246,0.00794877,0.01984051,0.01984051
2011-06-01,Telcm_excess,-0.0138,0.00541826,0.01303602,0.01303602
2011-06-01,Shops_excess,-0.0088,0.00704245,0.01525615,0.01525615
2011-06-01,Hlth_excess,-0.0187,0.00763475,0.01011985,0.01011985
2011-06-01,Utils_excess,-0.0034,0.00587029,0.0170546,0.0170546
2011-06-01,Other_excess,-0.0211,0.00590928,0.02209393,0.02209393
2011-07-01,NoDur_excess,-0.0042,0.00670345,0.00673186,0.00673186
2011-07-01,Durbl_excess,-0.0903,0.00784093,0.01173441,0.01173441
2011-07-01,Manuf_excess,-0.048,0.00723304,0.01550326,0.01550326
2011-07-01,Enrgy_excess,0.0049,0.00785404,0.02431649,0.02431649
2011-07-01,HiTec_excess,-0.0053,0.00791667,0.0161722,0.0161722
2011-07-01,Telcm_excess,-0.0498,0.00539931,0.00478355,0.00478355
2011-07-01,Shops_excess,-0.0064,0.00702682,0.00591523,0.00591523
2011-07-01,Hlth_excess,-0.0367,0.00760878,0.00699854,0.00699854
2011-07-01,Utils_excess,-0.0033,0.00586114,0.01049428,0.01049428
2011-07-01,Other_excess,-0.0364,0.00588264,0.0110637,0.0110637
2011-08-01,NoDur_excess,-0.0067,0.00669271,0.02276874,0.02276874
2011-08-01,Durbl_excess,-0.1224,0.00774424,0.02958344,0.02958344
2011-08-01,Manuf_excess,-0.0617,0.00717862,0.02774162,0.02774162
2011-08-01,Enrgy_excess,-0.0992,0.00785113,0.0311973,0.0311973
2011-08-01,HiTec_excess,-0.0678,0.00790365,0.0265532,0.0265532
2011-08-01,Telcm_excess,-0.0505,0.00534493,0.01761907,0.01761907
2011-08-01,Shops_excess,-0.0289,0.0070136,0.02567379,0.02567379
2011-08-01,Hlth_excess,-0.0314,0.00756512,0.01842608,0.01842608
2011-08-01,Utils_excess,0.0019,0.00585212,0.02772711,0.02772711
2011-08-01,Other_excess,-0.0817,0.00584099,0.0282288,0.0282288
2011-09-01,NoDur_excess,-0.0487,0.00667953,-0.00411363,0.0
2011-09-01,Durbl_excess,-0.1385,0.00761614,0.00213834,0.00213834
2011-09-01,Manuf_excess,-0.1102,0.00711083,0.00963187,0.00963187
2011-09-01,Enrgy_excess,-0.1223,0.00774577,0.01978402,0.01978402
2011-09-01,HiTec_excess,-0.0478,0.00782913,0.00066816,0.00066816
2011-09-01,Telcm_excess,-0.0572,0.00528996,-0.00116401,0.0
2011-09-01,Shops_excess,-0.0389,0.00697825,-0.01087622,0.0
2011-09-01,Hlth_excess,-0.0397,0.00752677,-0.00341193,0.0
2011-09-01,Utils_excess,-0.0161,0.00584823,0.00419614,0.00419614
2011-09-01,Other_excess,-0.1109,0.00575482,0.00114782,0.00114782
2011-10-01,NoDur_excess,0.063,0.00662507,0.01813403,0.01813403
2011-10-01,Durbl_excess,0.2307,0.00747247,0.02116594,0.02116594
2011-10-01,Manuf_excess,0.1417,0.00699548,0.02366675,0.02366675
2011-10-01,Enrgy_excess,0.1625,0.0076179,0.02532092,0.02532092
2011-10-01,HiTec_excess,0.118,0.00777443,0.02144361,0.02144361
2011-10-01,Telcm_excess,0.0761,0.00522852,0.01469771,0.01469771
2011-10-01,Shops_excess,0.0975,0.00693314,0.01970068,0.01970068
2011-10-01,Hlth_excess,0.0552,0.00748033,0.01531845,0.01531845
2011-10-01,Utils_excess,0.067,0.00582665,0.02681442,0.02681442
2011-10-01,Other_excess,0.1358,0.00564012,0.02189609,0.02189609
2011-11-01,NoDur_excess,0.0144,0.00668045,0.02167935,0.02167935
2011-11-01,Durbl_excess,-0.0868,0.00769175,0.02107854,0.02107854
2011-11-01,Manuf_excess,0.0138,0.0071278,0.02537413,0.02537413
2011-11-01,Enrgy_excess,0.0215,0.00777004,0.03101027,0.03101027
2011-11-01,HiTec_excess,-0.0198,0.00788271,0.02477422,0.02477422
2011-11-01,Telcm_excess,0.003,0.00529813,0.01106125,0.01106125
2011-11-01,Shops_excess,0.0107,0.0070221,0.02444686,0.02444686
2011-11-01,Hlth_excess,0.013,0.00752721,0.02032135,0.02032135
2011-11-01,Utils_excess,0.0101,0.00588674,0.03213567,0.03213567
2011-11-01,Other_excess,-0.0204,0.00576798,0.01978205,0.01978205
2011-12-01,NoDur_excess,0.0189,0.00668803,-0.00936422,0.0
2011-12-01,Durbl_excess,-0.0103,0.00759902,-0.0061707,0.0
2011-12-01,Manuf_excess,-0.0079,0.00713435,0.00564992,0.00564992
2011-12-01,Enrgy_excess,-0.0035,0.00778351,0.01429848,0.01429848
2011-12-01,HiTec_excess,-0.0143,0.00785554,0.0045381,0.0045381
2011-12-01,Telcm_excess,0.0312,0.00529588,-0.00467962,0.0
2011-12-01,Shops_excess,0.009,0.00702571,-0.01295996,0.0
2011-12-01,Hlth_excess,0.0347,0.00753258,-0.00550718,0.0
2011-12-01,Utils_excess,0.0291,0.00589087,-0.00582841,0.0
2011-12-01,Other_excess,0.0147,0.0057423,-0.00338337,0.0
2012-01-01,NoDur_excess,0.0039,0.0067,0.03129431,0.03129431
2012-01-01,Durbl_excess,0.1366,0.00758147,0.03253689,0.03253689
2012-01-01,Manuf_excess,0.0678,0.00711961,0.0348116,0.0348116
2012-01-01,Enrgy_excess,0.0101,0.00777245,0.03477131,0.03477131
2012-01-01,HiTec_excess,0.0847,0.00783382,0.0323521,0.0323521
2012-01-01,Telcm_excess,0.0237,0.00532127,0.02076953,0.02076953
2012-01-01,Shops_excess,0.0406,0.00702765,0.03729788,0.03729788
2012-01-01,Hlth_excess,0.0343,0.00755922,0.02826077,0.02826077
2012-01-01,Utils_excess,-0.0271,0.00591363,0.03775162,0.03775162
2012-01-01,Other_excess,0.0723,0.00575108,0.03241639,0.03241639
2012-02-01,NoDur_excess,0.0393,0.00669726,0.0202825,0.0202825
2012-02-01,Durbl_excess,0.0595,0.00770784,0.02144665,0.02144665
2012-02-01,Manuf_excess,0.0389,0.00717904,0.02738093,0.02738093
2012-02-01,Enrgy_excess,0.0652,0.00777473,0.02869125,0.02869125
2012-02-01,HiTec_excess,0.0663,0.00790911,0.02366625,0.02366625
2012-02-01,Telcm_excess,0.0507,0.00533928,0.01430436,0.01430436
2012-02-01,Shops_excess,0.0312,0.00706053,0.02577587,0.02577587
2012-02-01,Hlth_excess,0.0125,0.00758541,0.01801067,0.01801067
2012-02-01,Utils_excess,0.013,0.00588129,0.02507924,0.02507924
2012-02-01,Other_excess,0.042,0.00581626,0.02397082,0.02397082
2012-03-01,NoDur_excess,0.039,0.00672916,0.0187162,0.0187162
2012-03-01,Durbl_excess,0.0138,0.00775851,0.01851325,0.01851325
2012-03-01,Manuf_excess,0.0063,0.00721008,0.02521294,0.02521294
2012-03-01,Enrgy_excess,-0.0327,0.00783092,0.02861139,0.02861139
2012-03-01,HiTec_excess,0.0465,0.00796624,0.02220217,0.02220217
2012-03-01,Telcm_excess,0.0238,0.00538366,0.01225807,0.01225807
2012-03-01,Shops_excess,0.0466,0.00708415,0.02347318,0.02347318
2012-03-01,Hlth_excess,0.0395,0.00759022,0.01655184,0.01655184
2012-03-01,Utils_excess,0.0148,0.00588826,0.02273568,0.02273568
2012-03-01,Other_excess,0.0491,0.00585166,0.02106174,0.02106174
2012-04-01,NoDur_excess,0.0081,0.0067607,0.0039285,0.0039285
2012-04-01,Durbl_excess,-0.073,0.00776442,0.00260638,0.00260638
2012-04-01,Manuf_excess,-0.0075,0.00720919,0.01312562,0.01312562
2012-04-01,Enrgy_excess,-0.0157,0.0077913,0.01981169,0.01981169
2012-04-01,HiTec_excess,-0.021,0.00800391,0.01035434,0.01035434
2012-04-01,Telcm_excess,0.0169,0.00540166,0.00282974,0.00282974
2012-04-01,Shops_excess,0.0095,0.00712278,0.00529028,0.00529028
2012-04-01,Hlth_excess,0.006,0.00762141,0.00333902,0.00333902
2012-04-01,Utils_excess,0.017,0.00589697,0.00638712,0.00638712
2012-04-01,Other_excess,-0.0168,0.00589394,0.00795991,0.00795991
2012-05-01,NoDur_excess,-0.0268,0.00676201,0.01510983,0.01510983
2012-05-01,Durbl_excess,-0.0783,0.00768555,0.01898472,0.01898472
2012-05-01,Manuf_excess,-0.0782,0.00719482,0.02337814,0.02337814
2012-05-01,Enrgy_excess,-0.1058,0.00776836,0.02430652,0.02430652
2012-05-01,HiTec_excess,-0.0781,0.00797559,0.02036173,0.02036173
2012-05-01,Telcm_excess,-0.0078,0.00541289,0.01306894,0.01306894
2012-05-01,Shops_excess,-0.0304,0.0071251,0.01862216,0.01862216
2012-05-01,Hlth_excess,-0.0325,0.00761982,0.01329889,0.01329889
2012-05-01,Utils_excess,-0.0089,0.00590781,0.01707044,0.01707044
2012-05-01,Other_excess,-0.0773,0.00587178,0.02122696,0.02122696
2012-06-01,NoDur_excess,0.0344,0.00672927,0.01668425,0.01668425
2012-06-01,Durbl_excess,-0.0543,0.00760166,0.02183644,0.02183644
2012-06-01,Manuf_excess,0.0118,0.00711151,0.02509588,0.02509588
2012-06-01,Enrgy_excess,0.0578,0.00765756,0.02391384,0.02391384
2012-06-01,HiTec_excess,0.0293,0.00789161,0.02307897,0.02307897
2012-06-01,Telcm_excess,0.0702,0.0054,0.01511382,0.01511382
2012-06-01,Shops_excess,0.0217,0.00708849,0.0204957,0.0204957
2012-06-01,Hlth_excess,0.0684,0.00758068,0.01641599,0.01641599
2012-06-01,Utils_excess,0.0342,0.00589337,0.0182652,0.0182652
2012-06-01,Other_excess,0.0491,0.00579063,0.02319126,0.02319126
2012-07-01,NoDur_excess,0.014,0.00675624,0.02078813,0.02078813
2012-07-01,Durbl_excess,-0.0035,0.00754133,0.01858628,0.01858628
2012-07-01,Manuf_excess,0.0093,0.00711608,0.02589398,0.02589398
2012-07-01,Enrgy_excess,0.0281,0.00770643,0.02798583,0.02798583
2012-07-01,HiTec_excess,-0.001,0.00791248,0.02419585,0.02419585
2012-07-01,Telcm_excess,0.0415,0.00546316,0.01257733,0.01257733
2012-07-01,Shops_excess,0.0122,0.00710273,0.02532944,0.02532944
2012-07-01,Hlth_excess,0.0163,0.00763996,0.02124578,0.02124578
2012-07-01,Utils_excess,0.035,0.00592096,0.02446717,0.02446717
2012-07-01,Other_excess,-0.0123,0.00583285,0.02119339,0.02119339
2012-08-01,NoDur_excess,0.0011,0.00676329,0.03712522,0.03712522
2012-08-01,Durbl_excess,0.0424,0.00753057,0.03841788,0.03841788
2012-08-01,Manuf_excess,0.0324,0.00711821,0.0392597,0.0392597
2012-08-01,Enrgy_excess,0.0235,0.00772629,0.03544923,0.03544923
2012-08-01,HiTec_excess,0.0479,0.0079038,0.03657842,0.03657842
2012-08-01,Telcm_excess,0.0096,0.00549825,0.02572633,0.02572633
2012-08-01,Shops_excess,0.0275,0.00710769,0.0459126,0.0459126
2012-08-01,Hlth_excess,0.0096,0.00764839,0.03403082,0.03403082
2012-08-01,Utils_excess,-0.0347,0.00594927,0.04081196,0.04081196
2012-08-01,Other_excess,0.0312,0.00581519,0.0382426,0.0382426
2012-09-01,NoDur_excess,0.0093,0.00675778,0.00904069,0.00904069
2012-09-01,Durbl_excess,0.0339,0.00756449,0.00701722,0.00701722
2012-09-01,Manuf_excess,0.0169,0.0071428,0.01715875,0.01715875
2012-09-01,Enrgy_excess,0.038,0.00774163,0.0199737,0.0199737
2012-09-01,HiTec_excess,0.012,0.0079427,0.01417931,0.01417931
2012-09-01,Telcm_excess,0.0485,0.00550224,0.00833752,0.00833752
2012-09-01,Shops_excess,0.0191,0.00712753,0.01234439,0.01234439
2012-09-01,Hlth_excess,0.0467,0.00765029,0.00920644,0.00920644
2012-09-01,Utils_excess,0.021,0.00590973,0.01085741,0.01085741
2012-09-01,Other_excess,0.0382,0.00583988,0.01279222,0.01279222
2012-10-01,NoDur_excess,-0.0169,0.00676025,0.00901059,0.00901059
2012-10-01,Durbl_excess,0.063,0.00759009,0.00699458,0.00699458
2012-10-01,Manuf_excess,-0.0061,0.00715228,0.0164207,0.0164207
2012-10-01,Enrgy_excess,-0.0187,0.00777104,0.01996956,0.01996956
2012-10-01,HiTec_excess,-0.0635,0.00794665,0.01400492,0.01400492
2012-10-01,Telcm_excess,-0.0244,0.00554402,0.00794273,0.00794273
2012-10-01,Shops_excess,-0.0104,0.00713916,0.01217846,0.01217846
2012-10-01,Hlth_excess,-0.0193,0.00768824,0.0099927,0.0099927
2012-10-01,Utils_excess,0.0108,0.00592439,0.01100359,0.01100359
2012-10-01,Other_excess,0.0092,0.00587133,0.01197576,0.01197576
2012-11-01,NoDur_excess,0.0319,0.00673728,0.02225491,0.02225491
2012-11-01,Durbl_excess,0.0255,0.00764388,0.02318904,0.02318904
2012-11-01,Manuf_excess,0.0274,0.00713942,0.02631268,0.02631268
2012-11-01,Enrgy_excess,-0.015,0.00774534,0.0271932,0.0271932
2012-11-01,HiTec_excess,0.0147,0.00787728,0.02459981,0.02459981
2012-11-01,Telcm_excess,0.0005,0.00551495,0.0152433,0.0152433
2012-11-01,Shops_excess,0.0146,0.00712214,0.02814106,0.02814106
2012-11-01,Hlth_excess,0.015,0.00766204,0.02248933,0.02248933
2012-11-01,Utils_excess,-0.038,0.00592913,0.02446456,0.02446456
2012-11-01,Other_excess,-0.0039,0.00587456,0.02374261,0.02374261
2012-12-01,NoDur_excess,-0.0227,0.00676169,0.00815614,0.00815614
2012-12-01,Durbl_excess,0.0759,0.0076612,0.00943245,0.00943245
2012-12-01,Manuf_excess,0.0276,0.00715907,0.01572372,0.01572372
2012-12-01,Enrgy_excess,0.0132,0.00772328,0.01924005,0.01924005
2012-12-01,HiTec_excess,0.0036,0.0078839,0.01601951,0.01601951
2012-12-01,Telcm_excess,0.0114,0.00551009,0.00690434,0.00690434
2012-12-01,Shops_excess,-0.0113,0.00712939,0.00954415,0.00954415
2012-12-01,Hlth_excess,-0.0054,0.00766916,0.01249315,0.01249315
2012-12-01,Utils_excess,0.0011,0.00588652,0.00878436,0.00878436
2012-12-01,Other_excess,0.0365,0.00586508,0.01113503,0.01113503
2013-01-01,NoDur_excess,0.0512,0.00673314,0.01500464,0.01500464
2013-01-01,Durbl_excess,0.0336,0.00772733,0.01522549,0.01522549
2013-01-01,Manuf_excess,0.0604,0.00717888,0.01991156,0.01991156
2013-01-01,Enrgy_excess,0.0747,0.00772859,0.02278807,0.02278807
2013-01-01,HiTec_excess,0.0239,0.00787975,0.01978285,0.01978285
2013-01-01,Telcm_excess,0.0485,0.00551579,0.00936762,0.00936762
2013-01-01,Shops_excess,0.0554,0.00711153,0.01860539,0.01860539
2013-01-01,Hlth_excess,0.0808,0.00765649,0.01751139,0.01751139
2013-01-01,Utils_excess,0.0505,0.00588188,0.01632223,0.01632223
2013-01-01,Other_excess,0.0676,0.00589477,0.01541527,0.01541527
2013-02-01,NoDur_excess,0.0317,0.00677619,0.0034738,0.0034738
2013-02-01,Durbl_excess,-0.0073,0.00775237,0.00188465,0.00188465
2013-02-01,Manuf_excess,0.0128,0.0072304,0.00981729,0.00981729
2013-02-01,Enrgy_excess,0.0068,0.00779342,0.01586331,0.01586331
2013-02-01,HiTec_excess,0.0068,0.00789526,0.00833926,0.00833926
2013-02-01,Telcm_excess,0.0229,0.00555741,0.00266226,0.00266226
2013-02-01,Shops_excess,0.0084,0.00715828,0.00450834,0.00450834
2013-02-01,Hlth_excess,0.0133,0.0077273,0.00589182,0.00589182
2013-02-01,Utils_excess,0.022,0.00592507,0.00485104,0.00485104
2013-02-01,Other_excess,0.014,0.0059545,0.00471493,0.00471493
2013-03-01,NoDur_excess,0.0506,0.00680029,0.00858241,0.00858241
2013-03-01,Durbl_excess,0.0444,0.00773781,0.00915268,0.00915268
2013-03-01,Manuf_excess,0.0261,0.00723578,0.01407115,0.01407115
2013-03-01,Enrgy_excess,0.0207,0.00779246,0.01691924,0.01691924
2013-03-01,HiTec_excess,0.027,0.0078942,0.0096799,0.0096799
2013-03-01,Telcm_excess,0.0564,0.00557418,0.008704,0.008704
2013-03-01,Shops_excess,0.0473,0.00715948,0.01104967,0.01104967
2013-03-01,Hlth_excess,0.0652,0.00773269,0.0076274,0.0076274
2013-03-01,Utils_excess,0.0569,0.00594062,0.01006241,0.01006241
2013-03-01,Other_excess,0.0419,0.00596228,0.01175668,0.01175668
2013-04-01,NoDur_excess,0.0374,0.00684261,0.01168847,0.01168847
2013-04-01,Durbl_excess,0.0394,0.00777324,0.01296412,0.01296412
2013-04-01,Manuf_excess,0.0073,0.00725401,0.01701454,0.01701454
2013-04-01,Enrgy_excess,-0.0139,0.00780493,0.02012229,0.02012229
2013-04-01,HiTec_excess,0.0038,0.00791266,0.01480964,0.01480964
2013-04-01,Telcm_excess,0.0432,0.00562329,0.0088284,0.0088284
2013-04-01,Shops_excess,0.0272,0.00719826,0.01453438,0.01453438
2013-04-01,Hlth_excess,0.0259,0.00778821,0.01223754,0.01223754
2013-04-01,Utils_excess,0.0513,0.00598986,0.01210467,0.01210467
2013-04-01,Other_excess,0.0083,0.005997,0.014206,0.014206
2013-05-01,NoDur_excess,-0.0229,0.0068721,0.01950577,0.01950577
2013-05-01,Durbl_excess,0.1004,0.00780376,0.02421168,0.02421168
2013-05-01,Manuf_excess,0.0348,0.00725405,0.02393653,0.02393653
2013-05-01,Enrgy_excess,0.0303,0.00778398,0.02393084,0.02393084
2013-05-01,HiTec_excess,0.0456,0.00790869,0.0218628,0.0218628
2013-05-01,Telcm_excess,-0.0176,0.00565956,0.01516857,0.01516857
2013-05-01,Shops_excess,0.0223,0.00721757,0.02364103,0.02364103
2013-05-01,Hlth_excess,0.0161,0.00780569,0.01961152,0.01961152
2013-05-01,Utils_excess,-0.0714,0.00603359,0.02001229,0.02001229
2013-05-01,Other_excess,0.0594,0.00599923,0.02278188,0.02278188
2013-06-01,NoDur_excess,0.0007,0.00684339,0.0009475,0.0009475
2013-06-01,Durbl_excess,-0.0045,0.00789306,-0.00194339,0.0
2013-06-01,Manuf_excess,-0.0199,0.00728062,0.0068203,0.0068203
2013-06-01,Enrgy_excess,-0.0239,0.00780569,0.01484896,0.01484896
2013-06-01,HiTec_excess,-0.0292,0.00794503,0.0063356,0.0063356
2013-06-01,Telcm_excess,0.0198,0.00563713,-0.00093941,0.0
2013-06-01,Shops_excess,-0.0003,0.00723211,0.00078217,0.00078217
2013-06-01,Hlth_excess,-0.0138,0.00781369,0.00418086,0.00418086
2013-06-01,Utils_excess,0.0082,0.00595892,0.00217279,0.00217279
2013-06-01,Other_excess,-0.012,0.00605072,0.00058747,0.00058747
2013-07-01,NoDur_excess,0.0289,0.00683748,-0.00042083,0.0
2013-07-01,Durbl_excess,0.0901,0.00788112,-0.00078539,0.0
2013-07-01,Manuf_excess,0.0621,0.00725443,0.00580198,0.00580198
2013-07-01,Enrgy_excess,0.0518,0.00777514,0.01247506,0.01247506
2013-07-01,HiTec_excess,0.057,0.00790925,0.00497383,0.00497383
2013-07-01,Telcm_excess,0.0343,0.00565077,0.00077947,0.00077947
2013-07-01,Shops_excess,0.059,0.00722486,-0.00127156,0.0
2013-07-01,Hlth_excess,0.0807,0.00779287,0.00172323,0.00172323
2013-07-01,Utils_excess,0.0458,0.00596108,0.00101529,0.00101529
2013-07-01,Other_excess,0.0565,0.00603333,0.00096763,0.00096763
2013-08-01,NoDur_excess,-0.0391,0.00685871,0.01493594,0.01493594
2013-08-01,Durbl_excess,-0.0103,0.00796025,0.01772939,0.01772939
2013-08-01,Manuf_excess,-0.0181,0.00730722,0.01798188,0.01798188
2013-08-01,Enrgy_excess,-0.019,0.00781752,0.01982496,0.01982496
2013-08-01,HiTec_excess,-0.0021,0.0079565,0.01858418,0.01858418
2013-08-01,Telcm_excess,-0.0329,0.00567834,0.01117036,0.01117036
2013-08-01,Shops_excess,-0.0426,0.00727469,0.01803461,0.01803461
2013-08-01,Hlth_excess,-0.0367,0.00786304,0.01417406,0.01417406
2013-08-01,Utils_excess,-0.0443,0.00599942,0.01631333,0.01631333
2013-08-01,Other_excess,-0.0368,0.00608191,0.01595931,0.01595931
2013-09-01,NoDur_excess,0.02,0.00681452,0.00750263,0.00750263
2013-09-01,Durbl_excess,0.0645,0.00794269,0.01072405,0.01072405
2013-09-01,Manuf_excess,0.0517,0.00728279,0.01221921,0.01221921
2013-09-01,Enrgy_excess,0.0197,0.00779173,0.01584735,0.01584735
2013-09-01,HiTec_excess,0.0382,0.00794683,0.01299125,0.01299125
2013-09-01,Telcm_excess,0.0428,0.00564125,0.00725872,0.00725872
2013-09-01,Shops_excess,0.0449,0.00722673,0.00861901,0.00861901
2013-09-01,Hlth_excess,0.0417,0.00782019,0.0079602,0.0079602
2013-09-01,Utils_excess,0.0105,0.00595106,0.0089354,0.0089354
2013-09-01,Other_excess,0.0383,0.00604067,0.00980059,0.00980059
2013-10-01,NoDur_excess,0.0482,0.00682719,0.00843365,0.00843365
2013-10-01,Durbl_excess,0.0076,0.00799702,0.01302769,0.01302769
2013-10-01,Manuf_excess,0.046,0.00732546,0.01347232,0.01347232
2013-10-01,Enrgy_excess,0.0479,0.00780317,0.01622359,0.01622359
2013-10-01,HiTec_excess,0.0376,0.00797589,0.01401768,0.01401768
2013-10-01,Telcm_excess,0.0585,0.00567695,0.00871716,0.00871716
2013-10-01,Shops_excess,0.0512,0.00726292,0.0099752,0.0099752
2013-10-01,Hlth_excess,0.0355,0.00785274,0.00875067,0.00875067
2013-10-01,Utils_excess,0.0334,0.00595543,0.00938772,0.00938772
2013-10-01,Other_excess,0.0383,0.00607166,0.01174139,0.01174139
2013-11-01,NoDur_excess,0.0127,0.00686689,0.01708966,0.01708966
2013-11-01,Durbl_excess,0.0188,0.00799664,0.02233237,0.02233237
2013-11-01,Manuf_excess,0.0297,0.00736257,0.02050209,0.02050209
2013-11-01,Enrgy_excess,0.0087,0.00784165,0.02170735,0.02170735
2013-11-01,HiTec_excess,0.0359,0.00800432,0.02149867,0.02149867
2013-11-01,Telcm_excess,0.0008,0.00572764,0.01318677,0.01318677
2013-11-01,Shops_excess,0.0369,0.00730509,0.02025856,0.02025856
2013-11-01,Hlth_excess,0.045,0.00787927,0.01700792,0.01700792
2013-11-01,Utils_excess,-0.0181,0.00598177,0.01805283,0.01805283
2013-11-01,Other_excess,0.047,0.00610259,0.01911305,0.01911305
2013-12-01,NoDur_excess,0.0247,0.00687248,0.01191977,0.01191977
2013-12-01,Durbl_excess,0.0124,0.008007,0.01422918,0.01422918
2013-12-01,Manuf_excess,0.031,0.00738399,0.01548056,0.01548056
2013-12-01,Enrgy_excess,0.0303,0.00784247,0.01900543,0.01900543
2013-12-01,HiTec_excess,0.0398,0.00803106,0.01724378,0.01724378
2013-12-01,Telcm_excess,0.0398,0.00572291,0.00846408,0.00846408
2013-12-01,Shops_excess,0.0025,0.00733346,0.01399967,0.01399967
2013-12-01,Hlth_excess,0.0059,0.00791486,0.0130492,0.0130492
2013-12-01,Utils_excess,0.0179,0.00595868,0.01296691,0.01296691
2013-12-01,Other_excess,0.0315,0.0061418,0.01260653,0.01260653
2014-01-01,NoDur_excess,-0.0572,0.00688956,0.01371735,0.01371735
2014-01-01,Durbl_excess,-0.0362,0.00801121,0.01586976,0.01586976
2014-01-01,Manuf_excess,-0.0428,0.00740661,0.01651187,0.01651187
2014-01-01,Enrgy_excess,-0.0689,0.00786398,0.01950011,0.01950011
2014-01-01,HiTec_excess,-0.014,0.00806149,0.01773747,0.01773747
2014-01-01,Telcm_excess,-0.0381,0.00575556,0.01017804,0.01017804
2014-01-01,Shops_excess,-0.0648,0.00732883,0.01597473,0.01597473
2014-01-01,Hlth_excess,0.0179,0.00791293,0.01324523,0.01324523
2014-01-01,Utils_excess,0.0249,0.00597011,0.01505852,0.01505852
2014-01-01,Other_excess,-0.0433,0.00616609,0.01430234,0.01430234
2014-02-01,NoDur_excess,0.0346,0.00682823,0.00933801,0.00933801
2014-02-01,Durbl_excess,0.0801,0.0079689,0.0163269,0.0163269
2014-02-01,Manuf_excess,0.0542,0.00735856,0.0149265,0.0149265
2014-02-01,Enrgy_excess,0.0569,0.00779053,0.01614876,0.01614876
2014-02-01,HiTec_excess,0.0515,0.00804038,0.01414861,0.01414861
2014-02-01,Telcm_excess,0.0256,0.00571359,0.01206382,0.01206382
2014-02-01,Shops_excess,0.0533,0.00725981,0.0110073,0.0110073
2014-02-01,Hlth_excess,0.0635,0.00792249,0.00858574,0.00858574
2014-02-01,Utils_excess,0.0309,0.00598823,0.01081119,0.01081119
2014-02-01,Other_excess,0.0345,0.00611876,0.01556466,0.01556466
2014-03-01,NoDur_excess,0.0325,0.00685478,0.01116001,0.01116001
2014-03-01,Durbl_excess,-0.0113,0.00803786,0.01500881,0.01500881
2014-03-01,Manuf_excess,0.0031,0.00740335,0.0148881,0.0148881
2014-03-01,Enrgy_excess,0.0243,0.00783748,0.01739208,0.01739208
2014-03-01,HiTec_excess,-0.0061,0.00808193,0.01482598,0.01482598
2014-03-01,Telcm_excess,0.0015,0.0057326,0.01014036,0.01014036
2014-03-01,Shops_excess,-0.0059,0.00730382,0.01333355,0.01333355
2014-03-01,Hlth_excess,-0.0247,0.00797562,0.01093416,0.01093416
2014-03-01,Utils_excess,0.0268,0.00601205,0.01402773,0.01402773
2014-03-01,Other_excess,0.0204,0.00614589,0.01370945,0.01370945
2014-04-01,NoDur_excess,0.0149,0.00687927,0.00670326,0.00670326
2014-04-01,Durbl_excess,0.0033,0.00801939,0.01121499,0.01121499
2014-04-01,Manuf_excess,0.0083,0.00739924,0.01211231,0.01211231
2014-04-01,Enrgy_excess,0.0567,0.0078532,0.01589901,0.01589901
2014-04-01,HiTec_excess,-0.0105,0.00806839,0.01098751,0.01098751
2014-04-01,Telcm_excess,0.0039,0.00572856,0.00746776,0.00746776
2014-04-01,Shops_excess,-0.0093,0.00729121,0.00797699,0.00797699
2014-04-01,Hlth_excess,-0.0033,0.00794441,0.00593742,0.00593742
2014-04-01,Utils_excess,0.0398,0.0060319,0.00896573,0.00896573
2014-04-01,Other_excess,-0.0194,0.0061595,0.01118422,0.01118422
2014-05-01,NoDur_excess,0.0337,0.00688693,0.00984811,0.00984811
2014-05-01,Durbl_excess,0.0069,0.00801489,0.01541433,0.01541433
2014-05-01,Manuf_excess,0.0127,0.0074001,0.01494215,0.01494215
2014-05-01,Enrgy_excess,0.0088,0.00789981,0.01808265,0.01808265
2014-05-01,HiTec_excess,0.0342,0.00805067,0.01447122,0.01447122
2014-05-01,Telcm_excess,0.0411,0.00572681,0.00936153,0.00936153
2014-05-01,Shops_excess,0.0099,0.00727538,0.01141395,0.01141395
2014-05-01,Hlth_excess,0.0185,0.00793368,0.00952323,0.00952323
2014-05-01,Utils_excess,0.0001,0.00606412,0.01206588,0.01206588
2014-05-01,Other_excess,0.0178,0.00613511,0.01403036,0.01403036
2014-06-01,NoDur_excess,0.012,0.00691249,0.00964517,0.00964517
2014-06-01,Durbl_excess,0.0445,0.00801382,0.01565262,0.01565262
2014-06-01,Manuf_excess,0.0141,0.00740515,0.01520002,0.01520002
2014-06-01,Enrgy_excess,0.0412,0.00790067,0.01807061,0.01807061
2014-06-01,HiTec_excess,0.0286,0.0080756,0.01457396,0.01457396
2014-06-01,Telcm_excess,0.0154,0.00576053,0.00991195,0.00991195
2014-06-01,Shops_excess,0.0126,0.00727788,0.01128352,0.01128352
2014-06-01,Hlth_excess,0.0287,0.00794376,0.00952124,0.00952124
2014-06-01,Utils_excess,0.0543,0.00605844,0.01097845,0.01097845
2014-06-01,Other_excess,0.0244,0.00614623,0.01477577,0.01477577
2014-07-01,NoDur_excess,-0.0435,0.00691733,0.00946641,0.00946641
2014-07-01,Durbl_excess,-0.0471,0.00804857,0.01354513,0.01354513
2014-07-01,Manuf_excess,-0.0413,0.00741152,0.014239,0.014239
2014-07-01,Enrgy_excess,-0.0356,0.00793238,0.01847525,0.01847525
2014-07-01,HiTec_excess,0.0015,0.00809514,0.01471946,0.01471946
2014-07-01,Telcm_excess,0.008,0.00576971,0.00782021,0.00782021
2014-07-01,Shops_excess,-0.0202,0.00728295,0.01090144,0.01090144
2014-07-01,Hlth_excess,-0.0034,0.00796352,0.01039474,0.01039474
2014-07-01,Utils_excess,-0.064,0.00610438,0.01138337,0.01138337
2014-07-01,Other_excess,-0.0226,0.00616362,0.01261518,0.01261518
2014-08-01,NoDur_excess,0.0556,0.00686936,0.00964726,0.00964726
2014-08-01,Durbl_excess,0.0507,0.0079961,0.01420047,0.01420047
2014-08-01,Manuf_excess,0.0483,0.00736518,0.01489673,0.01489673
2014-08-01,Enrgy_excess,0.0232,0.00789096,0.01899153,0.01899153
2014-08-01,HiTec_excess,0.0424,0.00808887,0.01564427,0.01564427
2014-08-01,Telcm_excess,0.0033,0.00577184,0.00809241,0.00809241
2014-08-01,Shops_excess,0.0501,0.0072568,0.01116508,0.01116508
2014-08-01,Hlth_excess,0.0554,0.00795271,0.01176062,0.01176062
2014-08-01,Utils_excess,0.0531,0.00603768,0.01076119,0.01076119
2014-08-01,Other_excess,0.0411,0.00613625,0.01304463,0.01304463
2014-09-01,NoDur_excess,-0.0007,0.00691568,0.01834469,0.01834469
2014-09-01,Durbl_excess,-0.0938,0.00803669,0.02558629,0.02558629
2014-09-01,Manuf_excess,-0.025,0.00740409,0.02277723,0.02277723
2014-09-01,Enrgy_excess,-0.0783,0.00790551,0.02331027,0.02331027
2014-09-01,HiTec_excess,-0.014,0.00812148,0.02316395,0.02316395
2014-09-01,Telcm_excess,-0.0145,0.00576949,0.01454232,0.01454232
2014-09-01,Shops_excess,-0.0133,0.00729753,0.02207794,0.02207794
2014-09-01,Hlth_excess,-0.0022,0.00799781,0.01910153,0.01910153
2014-09-01,Utils_excess,-0.0338,0.00608241,0.01878271,0.01878271
2014-09-01,Other_excess,-0.0111,0.00616949,0.02285305,0.02285305
2014-10-01,NoDur_excess,0.0269,0.00690845,0.00165241,0.00165241
2014-10-01,Durbl_excess,0.0349,0.00793998,0.00348288,0.00348288
2014-10-01,Manuf_excess,0.0241,0.00737331,0.0082731,0.0082731
2014-10-01,Enrgy_excess,-0.0419,0.00782365,0.01390334,0.01390334
2014-10-01,HiTec_excess,0.0158,0.00810047,0.0091667,0.0091667
2014-10-01,Telcm_excess,0.013,0.00575024,0.00269052,0.00269052
2014-10-01,Shops_excess,0.0271,0.00727797,0.00134667,0.00134667
2014-10-01,Hlth_excess,0.0592,0.00798813,0.00516243,0.00516243
2014-10-01,Utils_excess,0.0671,0.00604454,0.00307958,0.00307958
2014-10-01,Other_excess,0.0341,0.00615309,0.00467154,0.00467154
2014-11-01,NoDur_excess,0.0479,0.00692742,0.01361027,0.01361027
2014-11-01,Durbl_excess,0.0442,0.00796556,0.01920193,0.01920193
2014-11-01,Manuf_excess,0.0228,0.00738918,0.01865179,0.01865179
2014-11-01,Enrgy_excess,-0.0957,0.00777647,0.01940477,0.01940477
2014-11-01,HiTec_excess,0.0428,0.00810778,0.0189815,0.0189815
2014-11-01,Telcm_excess,0.0246,0.00575712,0.01088594,0.01088594
2014-11-01,Shops_excess,0.0751,0.00729677,0.01577512,0.01577512
2014-11-01,Hlth_excess,0.0252,0.00803672,0.01562398,0.01562398
2014-11-01,Utils_excess,0.0026,0.00610247,0.01488319,0.01488319
2014-11-01,Other_excess,0.0251,0.0061796,0.01709429,0.01709429
2014-12-01,NoDur_excess,-0.0241,0.00696626,0.01469291,0.01469291
2014-12-01,Durbl_excess,0.0035,0.00799991,0.02130644,0.02130644
2014-12-01,Manuf_excess,-0.0008,0.00740379,0.02024942,0.02024942
2014-12-01,Enrgy_excess,0.0054,0.00767839,0.01847816,0.01847816
2014-12-01,HiTec_excess,-0.0126,0.00814066,0.02251542,0.02251542
2014-12-01,Telcm_excess,-0.0205,0.00577498,0.012324,0.012324
2014-12-01,Shops_excess,0.016,0.00736104,0.01780383,0.01780383
2014-12-01,Hlth_excess,-0.0083,0.00805299,0.01730013,0.01730013
2014-12-01,Utils_excess,0.0186,0.00609915,0.01409183,0.01409183
2014-12-01,Other_excess,0.0118,0.00619754,0.01923202,0.01923202
2015-01-01,NoDur_excess,-0.0056,0.00693684,0.01414392,0.01414392
2015-01-01,Durbl_excess,-0.0428,0.00799564,0.02052394,0.02052394
2015-01-01,Manuf_excess,-0.0375,0.00739602,0.01995765,0.01995765
2015-01-01,Enrgy_excess,-0.0431,0.00767623,0.01829249,0.01829249
2015-01-01,HiTec_excess,-0.0346,0.00812102,0.02140664,0.02140664
2015-01-01,Telcm_excess,-0.0447,0.00575009,0.01132321,0.01132321
2015-01-01,Shops_excess,-0.004,0.00736922,0.01742112,0.01742112
2015-01-01,Hlth_excess,0.0158,0.0080375,0.01725533,0.01725533
2015-01-01,Utils_excess,0.0124,0.00611098,0.01453672,0.01453672
2015-01-01,Other_excess,-0.064,0.00620284,0.01817417,0.01817417
2015-02-01,NoDur_excess,0.0513,0.00692498,0.02284085,0.02284085
2015-02-01,Durbl_excess,0.0802,0.00794759,0.0315065,0.0315065
2015-02-01,Manuf_excess,0.0615,0.00735355,0.02768062,0.02768062
2015-02-01,Enrgy_excess,0.0472,0.00762819,0.02234267,0.02234267
2015-02-01,HiTec_excess,0.0822,0.00808061,0.02736589,0.02736589
2015-02-01,Telcm_excess,0.0892,0.00570237,0.01800539,0.01800539
2015-02-01,Shops_excess,0.0567,0.00735847,0.02879037,0.02879037
2015-02-01,Hlth_excess,0.04,0.00804484,0.02435061,0.02435061
2015-02-01,Utils_excess,-0.0436,0.00611693,0.02267552,0.02267552
2015-02-01,Other_excess,0.0724,0.00613642,0.02789732,0.02789732
2015-03-01,NoDur_excess,-0.0242,0.00696692,0.00492379,0.00492379
2015-03-01,Durbl_excess,-0.0058,0.00801588,0.00354755,0.00354755
2015-03-01,Manuf_excess,-0.0205,0.00740473,0.01017193,0.01017193
2015-03-01,Enrgy_excess,-0.0249,0.0076656,0.01392338,0.01392338
2015-03-01,HiTec_excess,-0.0251,0.00815066,0.00833202,0.00833202
2015-03-01,Telcm_excess,-0.0212,0.00578129,0.0020832,0.0020832
2015-03-01,Shops_excess,0.0066,0.0074051,0.00701661,0.00701661
2015-03-01,Hlth_excess,0.0086,0.00807505,0.00786456,0.00786456
2015-03-01,Utils_excess,-0.0031,0.00606994,0.00678053,0.00678053
2015-03-01,Other_excess,-0.0061,0.00619905,0.00504472,0.00504472
2015-04-01,NoDur_excess,0.0081,0.00693749,0.00657113,0.00657113
2015-04-01,Durbl_excess,-0.0071,0.00800283,0.00914301,0.00914301
2015-04-01,Manuf_excess,-0.0076,0.00737838,0.0125357,0.0125357
2015-04-01,Enrgy_excess,0.0665,0.00763484,0.01333935,0.01333935
2015-04-01,HiTec_excess,0.0144,0.00811926,0.00891355,0.00891355
2015-04-01,Telcm_excess,0.0363,0.00575581,0.0067783,0.0067783
2015-04-01,Shops_excess,-0.0209,0.00740434,0.00941564,0.00941564
2015-04-01,Hlth_excess,-0.0155,0.00807554,0.00825763,0.00825763
2015-04-01,Utils_excess,0.0028,0.00606128,0.00675825,0.00675825
2015-04-01,Other_excess,0.0062,0.00618744,0.00987753,0.00987753
2015-05-01,NoDur_excess,0.015,0.00693858,0.00502432,0.00502432
2015-05-01,Durbl_excess,0.0099,0.00798858,0.00586739,0.00586739
2015-05-01,Manuf_excess,0.0088,0.00736425,0.01058776,0.01058776
2015-05-01,Enrgy_excess,-0.0511,0.00769038,0.01269818,0.01269818
2015-05-01,HiTec_excess,0.0193,0.00812519,0.00935439,0.00935439
2015-05-01,Telcm_excess,0.0033,0.00578462,0.00384999,0.00384999
2015-05-01,Shops_excess,0.0107,0.00737764,0.00734424,0.00734424
2015-05-01,Hlth_excess,0.0499,0.0080533,0.00834867,0.00834867
2015-05-01,Utils_excess,-0.0043,0.00605821,0.00498572,0.00498572
2015-05-01,Other_excess,0.0172,0.00618745,0.00642254,0.00642254
2015-06-01,NoDur_excess,-0.0153,0.00694618,0.00236231,0.00236231
2015-06-01,Durbl_excess,-0.0185,0.00799039,0.00342728,0.00342728
2015-06-01,Manuf_excess,-0.0199,0.0073656,0.00818463,0.00818463
2015-06-01,Enrgy_excess,-0.0375,0.00763497,0.01049345,0.01049345
2015-06-01,HiTec_excess,-0.0359,0.00813572,0.00565966,0.00565966
2015-06-01,Telcm_excess,-0.0055,0.00578228,0.0027492,0.0027492
2015-06-01,Shops_excess,-0.0061,0.00738077,0.00410097,0.00410097
2015-06-01,Hlth_excess,0.0037,0.00809274,0.00509103,0.00509103
2015-06-01,Utils_excess,-0.0527,0.00604844,0.00182493,0.00182493
2015-06-01,Other_excess,0.0003,0.00619783,0.00438306,0.00438306
2015-07-01,NoDur_excess,0.0496,0.00692524,0.00118112,0.00118112
2015-07-01,Durbl_excess,-0.0231,0.00796544,0.00162387,0.00162387
2015-07-01,Manuf_excess,-0.02,0.00733992,0.00667481,0.00667481
2015-07-01,Enrgy_excess,-0.0895,0.00759247,0.00933018,0.00933018
2015-07-01,HiTec_excess,0.0221,0.00809426,0.00481495,0.00481495
2015-07-01,Telcm_excess,0.0152,0.00577166,0.00109558,0.00109558
2015-07-01,Shops_excess,0.0514,0.00736808,0.00253084,0.00253084
2015-07-01,Hlth_excess,0.035,0.00808861,0.00470055,0.00470055
2015-07-01,Utils_excess,0.0265,0.00599313,0.00012792,0.00012792
2015-07-01,Other_excess,0.0182,0.00619228,0.00223188,0.00223188
2015-08-01,NoDur_excess,-0.041,0.00696538,0.01404144,0.01404144
2015-08-01,Durbl_excess,-0.0598,0.00793622,0.01985663,0.01985663
2015-08-01,Manuf_excess,-0.0561,0.00731421,0.01852161,0.01852161
2015-08-01,Enrgy_excess,-0.0365,0.00750113,0.01518173,0.01518173
2015-08-01,HiTec_excess,-0.0583,0.00810743,0.01710865,0.01710865
2015-08-01,Telcm_excess,-0.0838,0.00578053,0.01185659,0.01185659
2015-08-01,Shops_excess,-0.053,0.0074095,0.01841833,0.01841833
2015-08-01,Hlth_excess,-0.0838,0.00811392,0.01502056,0.01502056
2015-08-01,Utils_excess,-0.0408,0.00601242,0.01061547,0.01061547
2015-08-01,Other_excess,-0.0617,0.00620357,0.01742105,0.01742105
2015-09-01,NoDur_excess,-0.0056,0.0069203,0.0069295,0.0069295
2015-09-01,Durbl_excess,-0.0345,0.00787256,0.00919379,0.00919379
2015-09-01,Manuf_excess,-0.0424,0.00725461,0.01177476,0.01177476
2015-09-01,Enrgy_excess,-0.0575,0.00745977,0.01187064,0.01187064
2015-09-01,HiTec_excess,-0.0132,0.00804502,0.00980222,0.00980222
2015-09-01,Telcm_excess,-0.025,0.00569633,0.003967,0.003967
2015-09-01,Shops_excess,-0.0206,0.00735273,0.00877127,0.00877127
2015-09-01,Hlth_excess,-0.0692,0.00802754,0.01049503,0.01049503
2015-09-01,Utils_excess,-0.005,0.00596842,0.00583428,0.00583428
2015-09-01,Other_excess,-0.0306,0.00613976,0.00685403,0.00685403
2015-10-01,NoDur_excess,0.068,0.00690854,0.01324305,0.01324305
2015-10-01,Durbl_excess,0.0696,0.00783277,0.01725564,0.01725564
2015-10-01,Manuf_excess,0.0941,0.00720798,0.01733773,0.01733773
2015-10-01,Enrgy_excess,0.1217,0.00739878,0.01443116,0.01443116
2015-10-01,HiTec_excess,0.1012,0.00802507,0.01556805,0.01556805
2015-10-01,Telcm_excess,0.0907,0.00566751,0.00934454,0.00934454
2015-10-01,Shops_excess,0.0482,0.00732648,0.01705929,0.01705929
2015-10-01,Hlth_excess,0.0751,0.00795502,0.01490283,0.01490283
2015-10-01,Utils_excess,0.0209,0.00595812,0.01063262,0.01063262
2015-10-01,Other_excess,0.0657,0.00610526,0.01416525,0.01416525
2015-11-01,NoDur_excess,-0.0092,0.00696585,0.01365586,0.01365586
2015-11-01,Durbl_excess,0.0196,0.00789071,0.01669723,0.01669723
2015-11-01,Manuf_excess,0.0041,0.00728949,0.01758424,0.01758424
2015-11-01,Enrgy_excess,0.0106,0.007506,0.01400314,0.01400314
2015-11-01,HiTec_excess,0.0115,0.00811248,0.01601261,0.01601261
2015-11-01,Telcm_excess,-0.0192,0.00574728,0.00943506,0.00943506
2015-11-01,Shops_excess,0.011,0.00736482,0.01823637,0.01823637
2015-11-01,Hlth_excess,0.0058,0.00801801,0.01475874,0.01475874
2015-11-01,Utils_excess,-0.0342,0.00597214,0.00987742,0.00987742
2015-11-01,Other_excess,0.0138,0.00616116,0.0143937,0.0143937
2015-12-01,NoDur_excess,0.0077,0.0069507,0.01483797,0.01483797
2015-12-01,Durbl_excess,-0.0409,0.00790169,0.01817257,0.01817257
2015-12-01,Manuf_excess,-0.0255,0.0072865,0.01849956,0.01849956
2015-12-01,Enrgy_excess,-0.0961,0.0075089,0.01433507,0.01433507
2015-12-01,HiTec_excess,-0.0253,0.00811565,0.01756632,0.01756632
2015-12-01,Telcm_excess,-0.0297,0.0057239,0.00980259,0.00980259
2015-12-01,Shops_excess,0.0003,0.00736823,0.01989837,0.01989837
2015-12-01,Hlth_excess,0.0031,0.00801593,0.0163548,0.0163548
2015-12-01,Utils_excess,-0.024,0.00593449,0.01017831,0.01017831
2015-12-01,Other_excess,-0.0268,0.00616832,0.01540594,0.01540594
2016-01-01,NoDur_excess,0.0016,0.0069514,0.01376779,0.01376779
2016-01-01,Durbl_excess,-0.1234,0.00785599,0.01660296,0.01660296
2016-01-01,Manuf_excess,-0.0572,0.00725581,0.01753764,0.01753764
2016-01-01,Enrgy_excess,-0.0438,0.00741189,0.01295397,0.01295397
2016-01-01,HiTec_excess,-0.0597,0.00808436,0.01614899,0.01614899
2016-01-01,Telcm_excess,0.0038,0.00569073,0.00846688,0.00846688
2016-01-01,Shops_excess,-0.0454,0.00736161,0.01824869,0.01824869
2016-01-01,Hlth_excess,-0.1013,0.00801133,0.01595266,0.01595266
2016-01-01,Utils_excess,0.0466,0.00590646,0.00871859,0.00871859
2016-01-01,Other_excess,-0.0874,0.00613745,0.01356563,0.01356563
2016-02-01,NoDur_excess,0.0057,0.0069464,0.00370651,0.00370651
2016-02-01,Durbl_excess,0.0407,0.00773321,0.00801472,0.00801472
2016-02-01,Manuf_excess,0.0328,0.00719551,0.01059581,0.01059581
2016-02-01,Enrgy_excess,-0.0297,0.00736399,0.00773925,0.00773925
2016-02-01,HiTec_excess,-0.009,0.00802095,0.00674188,0.00674188
2016-02-01,Telcm_excess,0.0089,0.00568896,0.00588419,0.00588419
2016-02-01,Shops_excess,0.0009,0.00731225,0.00553685,0.00553685
2016-02-01,Hlth_excess,-0.0099,0.00790907,0.00540081,0.00540081
2016-02-01,Utils_excess,0.017,0.00594453,-0.00085971,0.0
2016-02-01,Other_excess,-0.0044,0.00604995,0.00707691,0.00707691
2016-03-01,NoDur_excess,0.0494,0.00694523,0.01494098,0.01494098
2016-03-01,Durbl_excess,0.1063,0.00776402,0.01823926,0.01823926
2016-03-01,Manuf_excess,0.0689,0.00721944,0.0190377,0.0190377
2016-03-01,Enrgy_excess,0.1087,0.00732935,0.01371474,0.01371474
2016-03-01,HiTec_excess,0.0847,0.00800505,0.01511962,0.01511962
2016-03-01,Telcm_excess,0.0614,0.00569196,0.01131281,0.01131281
2016-03-01,Shops_excess,0.0554,0.00730626,0.01983216,0.01983216
2016-03-01,Hlth_excess,0.0393,0.00789243,0.01536395,0.01536395
2016-03-01,Utils_excess,0.0782,0.00595486,0.01046991,0.01046991
2016-03-01,Other_excess,0.0713,0.00604019,0.01601443,0.01601443
2016-04-01,NoDur_excess,0.0026,0.00698487,0.02654969,0.02654969
2016-04-01,Durbl_excess,0.0153,0.00785602,0.02864089,0.02864089
2016-04-01,Manuf_excess,0.0228,0.00727703,0.02703988,0.02703988
2016-04-01,Enrgy_excess,0.0916,0.007424,0.02118777,0.02118777
2016-04-01,HiTec_excess,-0.0421,0.00807666,0.02249148,0.02249148
2016-04-01,Telcm_excess,0.0068,0.00574398,0.01653987,0.01653987
2016-04-01,Shops_excess,-0.0056,0.00735117,0.03494159,0.03494159
2016-04-01,Hlth_excess,0.0495,0.00792176,0.02391391,0.02391391
2016-04-01,Utils_excess,-0.0081,0.00602232,0.02295053,0.02295053
2016-04-01,Other_excess,0.024,0.00610112,0.02556786,0.02556786
2016-05-01,NoDur_excess,0.0073,0.00698078,0.0160124,0.0160124
2016-05-01,Durbl_excess,-0.011,0.00786297,0.01756822,0.01756822
2016-05-01,Manuf_excess,-0.0054,0.00729151,0.01882277,0.01882277
2016-05-01,Enrgy_excess,-0.006,0.00750252,0.01637357,0.01637357
2016-05-01,HiTec_excess,0.0513,0.00802985,0.01373987,0.01373987
2016-05-01,Telcm_excess,0.0016,0.00574496,0.01014093,0.01014093
2016-05-01,Shops_excess,0.0095,0.00733909,0.02169673,0.02169673
2016-05-01,Hlth_excess,0.0241,0.00796054,0.01603836,0.01603836
2016-05-01,Utils_excess,0.0223,0.00600914,0.01207937,0.01207937
2016-05-01,Other_excess,0.0119,0.00611782,0.01621532,0.01621532
2016-06-01,NoDur_excess,0.0472,0.00698108,0.00893533,0.00893533
2016-06-01,Durbl_excess,-0.055,0.00784539,0.01099132,0.01099132
2016-06-01,Manuf_excess,0.0089,0.00727968,0.01370994,0.01370994
2016-06-01,Enrgy_excess,0.0253,0.00748993,0.01225363,0.01225363
2016-06-01,HiTec_excess,-0.0176,0.00807018,0.00909761,0.00909761
2016-06-01,Telcm_excess,0.0353,0.0057411,0.0061436,0.0061436
2016-06-01,Shops_excess,0.0071,0.0073411,0.01283753,0.01283753
2016-06-01,Hlth_excess,-0.0019,0.00797558,0.01053744,0.01053744
2016-06-01,Utils_excess,0.0741,0.00602432,0.00439374,0.00439374
2016-06-01,Other_excess,-0.0309,0.00612321,0.01050271,0.01050271
2016-07-01,NoDur_excess,-0.0008,0.00701853,0.01402127,0.01402127
2016-07-01,Durbl_excess,0.0856,0.00778687,0.0187848,0.0187848
2016-07-01,Manuf_excess,0.0405,0.00728119,0.01921793,0.01921793
2016-07-01,Enrgy_excess,-0.0275,0.00750652,0.01570946,0.01570946
2016-07-01,HiTec_excess,0.0751,0.00804628,0.01298919,0.01298919
2016-07-01,Telcm_excess,0.0223,0.00576862,0.01137239,0.01137239
2016-07-01,Shops_excess,0.0382,0.00734088,0.01852126,0.01852126
2016-07-01,Hlth_excess,0.0614,0.00796639,0.01430642,0.01430642
2016-07-01,Utils_excess,-0.0027,0.00608771,0.00931111,0.00931111
2016-07-01,Other_excess,0.0371,0.00608873,0.01679734,0.01679734
2016-08-01,NoDur_excess,-0.0063,0.00701126,0.02142481,0.02142481
2016-08-01,Durbl_excess,0.0023,0.00785926,0.02348739,0.02348739
2016-08-01,Manuf_excess,0.0138,0.00731209,0.02397691,0.02397691
2016-08-01,Enrgy_excess,0.0159,0.00747395,0.02023044,0.02023044
2016-08-01,HiTec_excess,0.0177,0.00810865,0.02059459,0.02059459
2016-08-01,Telcm_excess,-0.0319,0.005784,0.01237564,0.01237564
2016-08-01,Shops_excess,-0.0138,0.00736958,0.0282174,0.0282174
2016-08-01,Hlth_excess,-0.0317,0.00801609,0.02384663,0.02384663
2016-08-01,Utils_excess,-0.038,0.00607953,0.01648529,0.01648529
2016-08-01,Other_excess,0.0327,0.00611758,0.02111368,0.02111368
2016-09-01,NoDur_excess,-0.025,0.00699888,0.01469301,0.01469301
2016-09-01,Durbl_excess,-0.0156,0.00785409,0.01449037,0.01449037
2016-09-01,Manuf_excess,-0.0004,0.00731812,0.0178268,0.0178268
2016-09-01,Enrgy_excess,0.0279,0.00748178,0.01630635,0.01630635
2016-09-01,HiTec_excess,0.022,0.00811757,0.0142537,0.0142537
2016-09-01,Telcm_excess,0.0045,0.00574898,0.00729395,0.00729395
2016-09-01,Shops_excess,-0.0064,0.00734991,0.01985821,0.01985821
2016-09-01,Hlth_excess,0.0058,0.00797918,0.01736559,0.01736559
2016-09-01,Utils_excess,0.0181,0.00603857,0.01038605,0.01038605
2016-09-01,Other_excess,-0.0104,0.00614229,0.0141726,0.0141726
2016-10-01,NoDur_excess,-0.002,0.00696917,0.00788767,0.00788767
2016-10-01,Durbl_excess,-0.0379,0.00783231,0.00721403,0.00721403
2016-10-01,Manuf_excess,-0.0257,0.00731096,0.01250141,0.01250141
2016-10-01,Enrgy_excess,-0.0298,0.00750074,0.01270107,0.01270107
2016-10-01,HiTec_excess,-0.0114,0.00813045,0.00821421,0.00821421
2016-10-01,Telcm_excess,-0.0307,0.00574782,0.00333373,0.00333373
2016-10-01,Shops_excess,-0.0414,0.00733714,0.01142739,0.01142739
2016-10-01,Hlth_excess,-0.0755,0.00797716,0.01146263,0.01146263
2016-10-01,Utils_excess,-0.0068,0.00604977,0.00439164,0.00439164
2016-10-01,Other_excess,0.0075,0.00612693,0.00761709,0.00761709
2016-11-01,NoDur_excess,-0.0388,0.00696085,0.00635236,0.00635236
2016-11-01,Durbl_excess,0.0754,0.00778989,0.00389528,0.00389528
2016-11-01,Manuf_excess,0.0628,0.00728033,0.01007522,0.01007522
2016-11-01,Enrgy_excess,0.0958,0.00746614,0.01103038,0.01103038
2016-11-01,HiTec_excess,0.0073,0.00811234,0.00761623,0.00761623
2016-11-01,Telcm_excess,0.0653,0.00571401,0.00168316,0.00168316
2016-11-01,Shops_excess,0.0427,0.00729193,0.00896532,0.00896532
2016-11-01,Hlth_excess,0.0238,0.00789972,0.00986648,0.00986648
2016-11-01,Utils_excess,-0.0266,0.00603785,0.00309978,0.00309978
2016-11-01,Other_excess,0.1149,0.0061282,0.00531282,0.00531282
2016-12-01,NoDur_excess,0.0343,0.00691844,0.00224919,0.00224919
2016-12-01,Durbl_excess,0.0395,0.00785255,-0.00170622,0.0
2016-12-01,Manuf_excess,0.0046,0.00733179,0.00622727,0.00622727
2016-12-01,Enrgy_excess,0.0194,0.00754801,0.00928336,0.00928336
2016-12-01,HiTec_excess,0.0089,0.00811158,0.00472689,0.00472689
2016-12-01,Telcm_excess,0.0486,0.00576923,-0.00195784,0.0
2016-12-01,Shops_excess,-0.0033,0.00732475,0.00415098,0.00415098
2016-12-01,Hlth_excess,0.0066,0.00791446,0.00772657,0.00772657
2016-12-01,Utils_excess,0.0358,0.0060076,-0.00035827,0.0
2016-12-01,Other_excess,0.0293,0.00622901,0.00047232,0.00047232
2017-01-01,NoDur_excess,0.0165,0.0069438,0.01387359,0.01387359
2017-01-01,Durbl_excess,0.029,0.00788185,0.01418231,0.01418231
2017-01-01,Manuf_excess,0.033,0.00732926,0.01602747,0.01602747
2017-01-01,Enrgy_excess,-0.0433,0.00755898,0.01554396,0.01554396
2017-01-01,HiTec_excess,0.0456,0.00811231,0.0134643,0.0134643
2017-01-01,Telcm_excess,0.0329,0.00580889,0.00823671,0.00823671
2017-01-01,Shops_excess,0.0107,0.00731491,0.01805023,0.01805023
2017-01-01,Hlth_excess,0.0198,0.00791324,0.01568375,0.01568375
2017-01-01,Utils_excess,0.0105,0.00603519,0.01015758,0.01015758
2017-01-01,Other_excess,0.0089,0.00625037,0.01378659,0.01378659
2017-02-01,NoDur_excess,0.0371,0.00695264,0.00593121,0.00593121
2017-02-01,Durbl_excess,0.0068,0.00790139,0.00642488,0.00642488
2017-02-01,Manuf_excess,0.0413,0.00735301,0.00992158,0.00992158
2017-02-01,Enrgy_excess,-0.025,0.00751193,0.01020066,0.01020066
2017-02-01,HiTec_excess,0.048,0.00814699,0.00584852,0.00584852
2017-02-01,Telcm_excess,-0.0016,0.00583395,0.00516051,0.00516051
2017-02-01,Shops_excess,0.0284,0.00731804,0.00845297,0.00845297
2017-02-01,Hlth_excess,0.0693,0.00792424,0.00710116,0.00710116
2017-02-01,Utils_excess,0.0381,0.00603932,0.00273344,0.00273344
2017-02-01,Other_excess,0.0368,0.00625282,0.00758067,0.00758067
2017-03-01,NoDur_excess,0.0085,0.0069805,0.01407879,0.01407879
2017-03-01,Durbl_excess,0.0021,0.00790037,0.01550264,0.01550264
2017-03-01,Manuf_excess,0.001,0.00738438,0.01649215,0.01649215
2017-03-01,Enrgy_excess,-0.0123,0.00748189,0.01479875,0.01479875
2017-03-01,HiTec_excess,0.0208,0.00818383,0.01350239,0.01350239
2017-03-01,Telcm_excess,0.0085,0.00582708,0.00982792,0.00982792
2017-03-01,Shops_excess,0.0076,0.00733752,0.01825404,0.01825404
2017-03-01,Hlth_excess,0.0001,0.00798096,0.01483752,0.01483752
2017-03-01,Utils_excess,0.0035,0.00606895,0.0109127,0.0109127
2017-03-01,Other_excess,-0.0165,0.00628105,0.01518036,0.01518036
2017-04-01,NoDur_excess,0.0046,0.0069819,0.00719738,0.00719738
2017-04-01,Durbl_excess,0.0164,0.00789501,0.00661288,0.00661288
2017-04-01,Manuf_excess,0.0182,0.00737849,0.01046564,0.01046564
2017-04-01,Enrgy_excess,-0.0278,0.00746362,0.01056153,0.01056153
2017-04-01,HiTec_excess,0.025,0.00819548,0.00893064,0.00893064
2017-04-01,Telcm_excess,0.0006,0.00582955,0.00470539,0.00470539
2017-04-01,Shops_excess,0.026,0.00733777,0.00928305,0.00928305
2017-04-01,Hlth_excess,0.0088,0.00797368,0.0102144,0.0102144
2017-04-01,Utils_excess,0.0027,0.00606657,0.00495913,0.00495913
2017-04-01,Other_excess,0.0034,0.00626002,0.00748146,0.00748146
2017-05-01,NoDur_excess,0.0316,0.0069797,0.01183545,0.01183545
2017-05-01,Durbl_excess,-0.0021,0.00790286,0.01242545,0.01242545
2017-05-01,Manuf_excess,0.0121,0.00738847,0.01456246,0.01456246
2017-05-01,Enrgy_excess,-0.0344,0.00743109,0.01296711,0.01296711
2017-05-01,HiTec_excess,0.0405,0.00821098,0.01206826,0.01206826
2017-05-01,Telcm_excess,-0.0158,0.00582472,0.00872141,0.00872141
2017-05-01,Shops_excess,0.0161,0.00735498,0.01538826,0.01538826
2017-05-01,Hlth_excess,-0.0033,0.00797445,0.01326431,0.01326431
2017-05-01,Utils_excess,0.0238,0.00606347,0.00959865,0.00959865
2017-05-01,Other_excess,-0.0046,0.00625738,0.01279447,0.01279447
2017-06-01,NoDur_excess,-0.0118,0.0070024,0.01379302,0.01379302
2017-06-01,Durbl_excess,0.0329,0.00789364,0.01450861,0.01450861
2017-06-01,Manuf_excess,0.0116,0.00739281,0.01600021,0.01600021
2017-06-01,Enrgy_excess,-0.002,0.00739253,0.01373905,0.01373905
2017-06-01,HiTec_excess,-0.0209,0.00824074,0.01480952,0.01480952
2017-06-01,Telcm_excess,-0.0252,0.00580479,0.00959936,0.00959936
2017-06-01,Shops_excess,-0.0194,0.00736304,0.01749762,0.01749762
2017-06-01,Hlth_excess,0.0547,0.00796406,0.01540869,0.01540869
2017-06-01,Utils_excess,-0.0197,0.00607982,0.0120533,0.0120533
2017-06-01,Other_excess,0.0433,0.00624737,0.01426287,0.01426287
2017-07-01,NoDur_excess,-0.0013,0.00698508,0.01175776,0.01175776
2017-07-01,Durbl_excess,-0.0108,0.00791667,0.01085994,0.01085994
2017-07-01,Manuf_excess,0.021,0.00739669,0.01376991,0.01376991
2017-07-01,Enrgy_excess,0.0197,0.00738389,0.01258023,0.01258023
2017-07-01,HiTec_excess,0.0354,0.0082139,0.01266221,0.01266221
2017-07-01,Telcm_excess,0.0526,0.00577624,0.00750011,0.00750011
2017-07-01,Shops_excess,0.0013,0.0073384,0.01487744,0.01487744
2017-07-01,Hlth_excess,0.0062,0.00800709,0.01438596,0.01438596
2017-07-01,Utils_excess,0.0292,0.00605608,0.01073977,0.01073977
2017-07-01,Other_excess,0.0137,0.00628149,0.01159397,0.01159397
2017-08-01,NoDur_excess,-0.0184,0.00697746,0.01137098,0.01137098
2017-08-01,Durbl_excess,-0.0006,0.00789945,0.01006762,0.01006762
2017-08-01,Manuf_excess,0.0024,0.0074092,0.01362992,0.01362992
2017-08-01,Enrgy_excess,-0.0522,0.00739522,0.01231096,0.01231096
2017-08-01,HiTec_excess,0.0291,0.00823891,0.01293922,0.01293922
2017-08-01,Telcm_excess,-0.0257,0.00581932,0.00727034,0.00727034
2017-08-01,Shops_excess,-0.0169,0.00733284,0.01433921,0.01433921
2017-08-01,Hlth_excess,0.025,0.00800543,0.01465677,0.01465677
2017-08-01,Utils_excess,0.0209,0.00607737,0.01005092,0.01005092
2017-08-01,Other_excess,-0.0066,0.00628832,0.01111395,0.01111395
2017-09-01,NoDur_excess,-0.0047,0.00695414,0.00708342,0.00708342
2017-09-01,Durbl_excess,0.053,0.00789164,0.0076927,0.0076927
2017-09-01,Manuf_excess,0.0385,0.0074046,0.01126969,0.01126969
2017-09-01,Enrgy_excess,0.1085,0.00734044,0.00926833,0.00926833
2017-09-01,HiTec_excess,0.0051,0.00825809,0.00908379,0.00908379
2017-09-01,Telcm_excess,-0.0159,0.00579035,0.00675239,0.00675239
2017-09-01,Shops_excess,0.024,0.00731057,0.00931217,0.00931217
2017-09-01,Hlth_excess,0.0199,0.00802105,0.00987423,0.00987423
2017-09-01,Utils_excess,-0.0204,0.00609099,0.0059335,0.0059335
2017-09-01,Other_excess,0.0448,0.00627647,0.00907672,0.00907672
2017-10-01,NoDur_excess,-0.0001,0.00694343,0.00687241,0.00687241
2017-10-01,Durbl_excess,0.0122,0.00793306,0.0035242,0.0035242
2017-10-01,Manuf_excess,0.0267,0.00743315,0.00923935,0.00923935
2017-10-01,Enrgy_excess,0.0038,0.00743333,0.01000087,0.01000087
2017-10-01,HiTec_excess,0.068,0.00825519,0.00683976,0.00683976
2017-10-01,Telcm_excess,-0.0567,0.00577043,0.00426625,0.00426625
2017-10-01,Shops_excess,0.026,0.0073259,0.00925786,0.00925786
2017-10-01,Hlth_excess,-0.0234,0.00803196,0.00965861,0.00965861
2017-10-01,Utils_excess,0.0293,0.00606667,0.00735234,0.00735234
2017-10-01,Other_excess,0.0213,0.00631185,0.00648837,0.00648837
2017-11-01,NoDur_excess,0.0399,0.00693697,0.01114127,0.01114127
2017-11-01,Durbl_excess,-0.0057,0.00793697,0.01006263,0.01006263
2017-11-01,Manuf_excess,0.0339,0.00745083,0.01369297,0.01369297
2017-11-01,Enrgy_excess,0.0291,0.00743,0.01196734,0.01196734
2017-11-01,HiTec_excess,0.0098,0.00831,0.01332876,0.01332876
2017-11-01,Telcm_excess,0.0393,0.00571312,0.00697953,0.00697953
2017-11-01,Shops_excess,0.0769,0.00734303,0.0143259,0.0143259
2017-11-01,Hlth_excess,0.024,0.00800312,0.01445913,0.01445913
2017-11-01,Utils_excess,0.0234,0.00608798,0.01035121,0.01035121
2017-11-01,Other_excess,0.0384,0.0063256,0.01118493,0.01118493
2017-12-01,NoDur_excess,0.0192,0.00696719,0.00750767,0.00750767
2017-12-01,Durbl_excess,-0.0081,0.00792447,0.00562729,0.00562729
2017-12-01,Manuf_excess,0.0219,0.00747507,0.01067451,0.01067451
2017-12-01,Enrgy_excess,0.0491,0.00744986,0.00944392,0.00944392
2017-12-01,HiTec_excess,-0.0027,0.00831137,0.00992654,0.00992654
2017-12-01,Telcm_excess,0.044,0.0057439,0.00536369,0.00536369
2017-12-01,Shops_excess,0.0245,0.00740678,0.00992279,0.00992279
2017-12-01,Hlth_excess,-0.0025,0.00801778,0.0113145,0.0113145
2017-12-01,Utils_excess,-0.0507,0.00610385,0.00689072,0.00689072
2017-12-01,Other_excess,0.0127,0.006355,0.00777774,0.00777774
2018-01-01,NoDur_excess,0.0182,0.00697839,0.01670421,0.01670421
2018-01-01,Durbl_excess,0.0264,0.0079098,0.01513314,0.01513314
2018-01-01,Manuf_excess,0.0398,0.00748828,0.01847104,0.01847104
2018-01-01,Enrgy_excess,0.0266,0.007488,0.01556428,0.01556428
2018-01-01,HiTec_excess,0.0763,0.00830128,0.01671424,0.01671424
2018-01-01,Telcm_excess,0.0304,0.00577894,0.01055974,0.01055974
2018-01-01,Shops_excess,0.0927,0.00742244,0.02156716,0.02156716
2018-01-01,Hlth_excess,0.0628,0.00800815,0.01926354,0.01926354
2018-01-01,Utils_excess,-0.0292,0.00605183,0.01491011,0.01491011
2018-01-01,Other_excess,0.058,0.00636081,0.01660568,0.01660568
2018-02-01,NoDur_excess,-0.0633,0.00698866,0.00111033,0.00111033
2018-02-01,Durbl_excess,-0.0615,0.00792672,-0.00500222,0.0
2018-02-01,Manuf_excess,-0.0414,0.00751784,0.00448222,0.00448222
2018-02-01,Enrgy_excess,-0.1089,0.00750549,0.00633428,0.00633428
2018-02-01,HiTec_excess,-0.0012,0.00836349,0.00138528,0.00138528
2018-02-01,Telcm_excess,-0.0716,0.00580146,-0.00014527,0.0
2018-02-01,Shops_excess,-0.0459,0.00750046,0.0027089,0.0027089
2018-02-01,Hlth_excess,-0.036,0.00805828,0.00473647,0.00473647
2018-02-01,Utils_excess,-0.0465,0.00601958,0.00101053,0.00101053
2018-02-01,Other_excess,-0.0343,0.00640805,0.00042932,0.00042932
2018-03-01,NoDur_excess,-0.012,0.00692441,-0.00483543,0.0
2018-03-01,Durbl_excess,-0.0569,0.00786325,-0.01178197,0.0
2018-03-01,Manuf_excess,-0.0236,0.00747313,-0.00070174,0.0
2018-03-01,Enrgy_excess,0.0295,0.00739909,0.0027291,0.0027291
2018-03-01,HiTec_excess,-0.0325,0.00835475,-0.0045586,0.0
2018-03-01,Telcm_excess,-0.0265,0.00573071,-0.0048889,0.0
2018-03-01,Shops_excess,-0.027,0.00745165,-0.00569593,0.0
2018-03-01,Hlth_excess,-0.0251,0.00801801,0.00033106,0.00033106
2018-03-01,Utils_excess,0.0305,0.00597157,-0.00324898,0.0
2018-03-01,Other_excess,-0.0277,0.00637084,-0.00688631,0.0
2018-04-01,NoDur_excess,-0.0409,0.00690712,0.0062605,0.0062605
2018-04-01,Durbl_excess,-0.0044,0.00780411,0.00423672,0.00423672
2018-04-01,Manuf_excess,-0.0356,0.00744475,0.01028606,0.01028606
2018-04-01,Enrgy_excess,0.0979,0.00741927,0.0094937,0.0094937
2018-04-01,HiTec_excess,-0.003,0.00831744,0.00701975,0.00701975
2018-04-01,Telcm_excess,-0.0245,0.00570128,0.00485165,0.00485165
2018-04-01,Shops_excess,0.0364,0.00742018,0.00836447,0.00836447
2018-04-01,Hlth_excess,-0.0019,0.00798776,0.00967369,0.00967369
2018-04-01,Utils_excess,0.0264,0.00599397,0.0056572,0.0056572
2018-04-01,Other_excess,0.0045,0.00633973,0.00713445,0.00713445
2018-05-01,NoDur_excess,-0.0072,0.0068635,0.00049384,0.00049384
2018-05-01,Durbl_excess,0.0297,0.00779297,-0.0053859,0.0
2018-05-01,Manuf_excess,0.0236,0.00740547,0.00422489,0.00422489
2018-05-01,Enrgy_excess,0.0325,0.00750182,0.00647192,0.00647192
2018-05-01,HiTec_excess,0.0666,0.00830712,0.00160666,0.00160666
2018-05-01,Telcm_excess,-0.0145,0.00567372,-0.00021631,0.0
2018-05-01,Shops_excess,0.0071,0.00744662,0.00179493,0.00179493
2018-05-01,Hlth_excess,0.0224,0.00797874,0.00482745,0.00482745
2018-05-01,Utils_excess,0.0013,0.00601259,0.00173258,0.00173258
2018-05-01,Other_excess,0.0131,0.00633805,0.00016011,0.00016011
2018-06-01,NoDur_excess,0.0419,0.00685068,0.00810545,0.00810545
2018-06-01,Durbl_excess,0.0047,0.00781294,0.00554445,0.00554445
2018-06-01,Manuf_excess,-0.0112,0.00742024,0.01168304,0.01168304
2018-06-01,Enrgy_excess,0.0036,0.00752461,0.01103069,0.01103069
2018-06-01,HiTec_excess,-0.0055,0.00836026,0.00905549,0.00905549
2018-06-01,Telcm_excess,0.0637,0.00565533,0.00654412,0.00654412
2018-06-01,Shops_excess,0.0279,0.00744631,0.01180915,0.01180915
2018-06-01,Hlth_excess,0.0133,0.00799189,0.01101286,0.01101286
2018-06-01,Utils_excess,0.0243,0.0060083,0.00797338,0.00797338
2018-06-01,Other_excess,-0.0108,0.00634421,0.00986932,0.00986932
2018-07-01,NoDur_excess,0.0271,0.0068826,0.00287842,0.00287842
2018-07-01,Durbl_excess,-0.0132,0.00781011,-0.00122113,0.0
2018-07-01,Manuf_excess,0.0506,0.00740328,0.0072823,0.0072823
2018-07-01,Enrgy_excess,0.0095,0.00752104,0.00788091,0.00788091
2018-07-01,HiTec_excess,0.0239,0.00834763,0.00580674,0.00580674
2018-07-01,Telcm_excess,0.0257,0.0057082,0.00290601,0.00290601
2018-07-01,Shops_excess,0.0292,0.00746494,0.00497304,0.00497304
2018-07-01,Hlth_excess,0.0574,0.00799672,0.00747088,0.00747088
2018-07-01,Utils_excess,0.0152,0.00602495,0.00265403,0.00265403
2018-07-01,Other_excess,0.0358,0.0063286,0.00413792,0.00413792
2018-08-01,NoDur_excess,-0.0132,0.006901,0.01405003,0.01405003
2018-08-01,Durbl_excess,-0.007,0.00779099,0.00900908,0.00900908
2018-08-01,Manuf_excess,-0.0053,0.00744258,0.01538125,0.01538125
2018-08-01,Enrgy_excess,-0.03,0.00752284,0.01388664,0.01388664
2018-08-01,HiTec_excess,0.0699,0.00836178,0.01480294,0.01480294
2018-08-01,Telcm_excess,0.0273,0.00572639,0.00860433,0.00860433
2018-08-01,Shops_excess,0.0783,0.00748471,0.01866386,0.01866386
2018-08-01,Hlth_excess,0.0434,0.00804167,0.01735232,0.01735232
2018-08-01,Utils_excess,0.0077,0.0060333,0.01438154,0.01438154
2018-08-01,Other_excess,0.0224,0.00635541,0.01325534,0.01325534
2018-09-01,NoDur_excess,0.0056,0.00688273,0.00773117,0.00773117
2018-09-01,Durbl_excess,-0.0384,0.00777755,0.00443768,0.00443768
2018-09-01,Manuf_excess,0.011,0.007431,0.01168438,0.01168438
2018-09-01,Enrgy_excess,0.0322,0.00748873,0.01032023,0.01032023
2018-09-01,HiTec_excess,-0.002,0.00841773,0.01054928,0.01054928
2018-09-01,Telcm_excess,0.0164,0.005746,0.00675042,0.00675042
2018-09-01,Shops_excess,0.004,0.00754909,0.01144262,0.01144262
2018-09-01,Hlth_excess,0.0193,0.00807382,0.01207807,0.01207807
2018-09-01,Utils_excess,-0.0072,0.00603482,0.00715989,0.00715989
2018-09-01,Other_excess,-0.0165,0.00637,0.0095506,0.0095506
2018-10-01,NoDur_excess,-0.0041,0.00688156,0.01179691,0.01179691
2018-10-01,Durbl_excess,-0.0318,0.0077356,0.00258463,0.00258463
2018-10-01,Manuf_excess,-0.0998,0.00743424,0.01203719,0.01203719
2018-10-01,Enrgy_excess,-0.1192,0.00751117,0.01221599,0.01221599
2018-10-01,HiTec_excess,-0.0901,0.00840827,0.01232938,0.01232938
2018-10-01,Telcm_excess,-0.006,0.00575568,0.0056244,0.0056244
2018-10-01,Shops_excess,-0.0899,0.00754587,0.01677022,0.01677022
2018-10-01,Hlth_excess,-0.0898,0.00808401,0.01613461,0.01613461
2018-10-01,Utils_excess,-0.0025,0.0060228,0.01328091,0.01328091
2018-10-01,Other_excess,-0.0695,0.00634923,0.00922881,0.00922881
2018-11-01,NoDur_excess,0.0031,0.0068716,-0.00286848,0.0
2018-11-01,Durbl_excess,0.0506,0.00769973,-0.01181591,0.0
2018-11-01,Manuf_excess,0.045,0.00733693,0.00017784,0.00017784
2018-11-01,Enrgy_excess,-0.0238,0.00739619,0.00335322,0.00335322
2018-11-01,HiTec_excess,-0.0176,0.00831887,-0.00179387,0.0
2018-11-01,Telcm_excess,0.0234,0.00574501,-0.00217832,0.0
2018-11-01,Shops_excess,0.0246,0.00745744,-0.0037403,0.0
2018-11-01,Hlth_excess,0.0623,0.00799519,0.00263271,0.00263271
2018-11-01,Utils_excess,0.0308,0.00601506,-0.00058393,0.0
2018-11-01,Other_excess,0.0266,0.0062804,-0.00542674,0.0
2018-12-01,NoDur_excess,-0.115,0.00686818,0.00419352,0.00419352
2018-12-01,Durbl_excess,-0.1177,0.00773862,0.00233116,0.00233116
2018-12-01,Manuf_excess,-0.0889,0.00737108,0.0100381,0.0100381
2018-12-01,Enrgy_excess,-0.1325,0.00736791,0.00799147,0.00799147
2018-12-01,HiTec_excess,-0.0841,0.00829538,0.00812179,0.00812179
2018-12-01,Telcm_excess,-0.0889,0.00576102,0.00642766,0.00642766
2018-12-01,Shops_excess,-0.092,0.00747298,0.00598229,0.00598229
2018-12-01,Hlth_excess,-0.0843,0.00804442,0.01048244,0.01048244
2018-12-01,Utils_excess,-0.0496,0.00603753,0.00298398,0.00298398
2018-12-01,Other_excess,-0.1101,0.00629882,0.00625961,0.00625961
2019-01-01,NoDur_excess,0.0708,0.00675779,0.01248984,0.01248984
2019-01-01,Durbl_excess,0.1082,0.007625,0.00924458,0.00924458
2019-01-01,Manuf_excess,0.0945,0.00728388,0.01512604,0.01512604
2019-01-01,Enrgy_excess,0.1013,0.00724121,0.01209481,0.01209481
2019-01-01,HiTec_excess,0.0909,0.00821168,0.01312239,0.01312239
2019-01-01,Telcm_excess,0.0524,0.00567527,0.01009183,0.01009183
2019-01-01,Shops_excess,0.0811,0.00738288,0.01608873,0.01608873
2019-01-01,Hlth_excess,0.051,0.00796078,0.01778158,0.01778158
2019-01-01,Utils_excess,0.0517,0.00598714,0.01486335,0.01486335
2019-01-01,Other_excess,0.0953,0.00619339,0.01131811,0.01131811
2019-02-01,NoDur_excess,0.0116,0.00681575,0.01503739,0.01503739
2019-02-01,Durbl_excess,0.0356,0.00771602,0.0092431,0.0092431
2019-02-01,Manuf_excess,0.0502,0.00736281,0.01590572,0.01590572
2019-02-01,Enrgy_excess,0.0229,0.00732633,0.012761,0.012761
2019-02-01,HiTec_excess,0.0548,0.00828652,0.01414889,0.01414889
2019-02-01,Telcm_excess,0.0286,0.00571756,0.01134123,0.01134123
2019-02-01,Shops_excess,0.0062,0.00744959,0.01997994,0.01997994
2019-02-01,Hlth_excess,0.0312,0.00799973,0.01793111,0.01793111
2019-02-01,Utils_excess,0.0337,0.00602851,0.0173758,0.0173758
2019-02-01,Other_excess,0.029,0.00627403,0.01380333,0.01380333
2019-03-01,NoDur_excess,0.0348,0.00682007,0.0039924,0.0039924
2019-03-01,Durbl_excess,-0.0519,0.00774123,-0.00320805,0.0
2019-03-01,Manuf_excess,-0.0107,0.00740154,0.00769879,0.00769879
2019-03-01,Enrgy_excess,0.0183,0.00734042,0.00589277,0.00589277
2019-03-01,HiTec_excess,0.0357,0.00832857,0.0056304,0.0056304
2019-03-01,Telcm_excess,0.0041,0.00573825,0.00508025,0.00508025
2019-03-01,Shops_excess,0.032,0.00744846,0.00699887,0.00699887
2019-03-01,Hlth_excess,0.0032,0.00802071,0.00868793,0.00868793
2019-03-01,Utils_excess,0.0314,0.00605353,0.00647404,0.00647404
2019-03-01,Other_excess,-0.0155,0.00629458,0.00438023,0.00438023
2019-04-01,NoDur_excess,0.0292,0.00684535,0.01570434,0.01570434
2019-04-01,Durbl_excess,0.032,0.00768735,0.01243422,0.01243422
2019-04-01,Manuf_excess,0.0383,0.00738519,0.01817707,0.01817707
2019-04-01,Enrgy_excess,0.0001,0.00735032,0.01391825,0.01391825
2019-04-01,HiTec_excess,0.056,0.0083533,0.01498431,0.01498431
2019-04-01,Telcm_excess,0.0577,0.00573677,0.01413797,0.01413797
2019-04-01,Shops_excess,0.0441,0.00747064,0.02177104,0.02177104
2019-04-01,Hlth_excess,-0.0337,0.00801635,0.01735276,0.01735276
2019-04-01,Utils_excess,0.0079,0.00607642,0.0165416,0.0165416
2019-04-01,Other_excess,0.0646,0.00627489,0.01752759,0.01752759
2019-05-01,NoDur_excess,-0.0583,0.00686552,0.00331256,0.00331256
2019-05-01,Durbl_excess,-0.1245,0.0077093,-0.00478054,0.0
2019-05-01,Manuf_excess,-0.0938,0.00741309,0.00670346,0.00670346
2019-05-01,Enrgy_excess,-0.1209,0.00734377,0.00584054,0.00584054
2019-05-01,HiTec_excess,-0.0875,0.0083963,0.00494699,0.00494699
2019-05-01,Telcm_excess,-0.0321,0.00578366,0.00404438,0.00404438
2019-05-01,Shops_excess,-0.0626,0.0075037,0.0062882,0.0062882
2019-05-01,Hlth_excess,-0.0361,0.0079787,0.00731025,0.00731025
2019-05-01,Utils_excess,-0.0176,0.00607807,0.00578171,0.00578171
2019-05-01,Other_excess,-0.0633,0.00632753,0.00365671,0.00365671
2019-06-01,NoDur_excess,0.0473,0.00680676,0.01063889,0.01063889
2019-06-01,Durbl_excess,0.1294,0.00759008,0.0078559,0.0078559
2019-06-01,Manuf_excess,0.0902,0.00732182,0.01459341,0.01459341
2019-06-01,Enrgy_excess,0.0865,0.00722813,0.01060254,0.01060254
2019-06-01,HiTec_excess,0.0783,0.00830983,0.01258804,0.01258804
2019-06-01,Telcm_excess,0.0497,0.0057495,0.01134065,0.01134065
2019-06-01,Shops_excess,0.0699,0.00744049,0.01545546,0.01545546
2019-06-01,Hlth_excess,0.0664,0.00793895,0.0141928,0.0141928
2019-06-01,Utils_excess,0.0346,0.00605672,0.01175398,0.01175398
2019-06-01,Other_excess,0.0641,0.00626474,0.01318441,0.01318441
2019-07-01,NoDur_excess,0.0141,0.00684324,0.01701881,0.01701881
2019-07-01,Durbl_excess,0.0064,0.00769982,0.01256111,0.01256111
2019-07-01,Manuf_excess,0.0078,0.00739649,0.01826525,0.01826525
2019-07-01,Enrgy_excess,-0.0283,0.00729955,0.01370626,0.01370626
2019-07-01,HiTec_excess,0.0344,0.00837288,0.01889058,0.01889058
2019-07-01,Telcm_excess,0.0186,0.0057891,0.01334156,0.01334156
2019-07-01,Shops_excess,0.0083,0.00749676,0.02308889,0.02308889
2019-07-01,Hlth_excess,-0.0235,0.00799162,0.02007476,0.02007476
2019-07-01,Utils_excess,-0.012,0.00608243,0.01938672,0.01938672
2019-07-01,Other_excess,0.0158,0.00631685,0.01714253,0.01714253
2019-08-01,NoDur_excess,-0.0158,0.00684977,0.00757109,0.00757109
2019-08-01,Durbl_excess,-0.0484,0.00769865,0.00221187,0.00221187
2019-08-01,Manuf_excess,-0.0184,0.00739685,0.01070826,0.01070826
2019-08-01,Enrgy_excess,-0.0867,0.00726751,0.00770638,0.00770638
2019-08-01,HiTec_excess,-0.0275,0.00839631,0.01102736,0.01102736
2019-08-01,Telcm_excess,0.0013,0.00580063,0.00745257,0.00745257
2019-08-01,Shops_excess,-0.0004,0.00749748,0.01158144,0.01158144
2019-08-01,Hlth_excess,-0.008,0.00796328,0.01175779,0.01175779
2019-08-01,Utils_excess,0.0329,0.00606616,0.01004368,0.01004368
2019-08-01,Other_excess,-0.0479,0.00632538,0.00837953,0.00837953
2019-09-01,NoDur_excess,0.017,0.00682941,0.01870351,0.01870351
2019-09-01,Durbl_excess,0.036,0.0076482,0.02026555,0.02026555
2019-09-01,Manuf_excess,0.0366,0.00737365,0.0225627,0.0225627
2019-09-01,Enrgy_excess,0.0351,0.007183,0.01608182,0.01608182
2019-09-01,HiTec_excess,0.0111,0.00836403,0.02108697,0.02108697
2019-09-01,Telcm_excess,0.0108,0.00579658,0.01677147,0.01677147
2019-09-01,Shops_excess,0.0065,0.00749038,0.02559614,0.02559614
2019-09-01,Hlth_excess,-0.0116,0.00794892,0.02136947,0.02136947
2019-09-01,Utils_excess,0.0376,0.00609029,0.02040273,0.02040273
2019-09-01,Other_excess,0.0173,0.00627662,0.02135624,0.02135624
2019-10-01,NoDur_excess,-0.0007,0.00683854,8.44e-05,8.44e-05
2019-10-01,Durbl_excess,0.0687,0.00767367,-0.00724505,0.0
2019-10-01,Manuf_excess,-0.0009,0.00739991,0.00428611,0.00428611
2019-10-01,Enrgy_excess,-0.0223,0.00720809,0.00291336,0.00291336
2019-10-01,HiTec_excess,0.0313,0.00836649,0.00502937,0.00502937
2019-10-01,Telcm_excess,0.0204,0.00580108,0.00148407,0.00148407
2019-10-01,Shops_excess,0.0052,0.00748949,0.00246831,0.00246831
2019-10-01,Hlth_excess,0.0451,0.00793136,0.00672149,0.00672149
2019-10-01,Utils_excess,-0.0154,0.0061186,0.00424589,0.00424589
2019-10-01,Other_excess,0.0294,0.00628652,-8.707e-05,0.0
2019-11-01,NoDur_excess,0.0215,0.00683178,0.00504076,0.00504076
2019-11-01,Durbl_excess,0.0279,0.00772846,3.913e-05,3.913e-05
2019-11-01,Manuf_excess,0.0314,0.00739246,0.00878418,0.00878418
2019-11-01,Enrgy_excess,0.01,0.0071816,0.00633502,0.00633502
2019-11-01,HiTec_excess,0.0515,0.00838707,0.00861677,0.00861677
2019-11-01,Telcm_excess,0.0235,0.00581418,0.0052101,0.0052101
2019-11-01,Shops_excess,0.0199,0.00748743,0.00858855,0.00858855
2019-11-01,Hlth_excess,0.0536,0.00796472,0.01003667,0.01003667
2019-11-01,Utils_excess,-0.0226,0.00609928,0.00851383,0.00851383
2019-11-01,Other_excess,0.0493,0.00630727,0.00554045,0.00554045
2019-12-01,NoDur_excess,0.0334,0.00684493,0.00697649,0.00697649
2019-12-01,Durbl_excess,0.0526,0.00774655,0.0030768,0.0030768
2019-12-01,Manuf_excess,0.012,0.00741399,0.01036075,0.01036075
2019-12-01,Enrgy_excess,0.061,0.00718413,0.00708043,0.00708043
2019-12-01,HiTec_excess,0.037,0.00842574,0.0121924,0.0121924
2019-12-01,Telcm_excess,0.009,0.00583004,0.00659727,0.00659727
2019-12-01,Shops_excess,0.0121,0.00749857,0.01067974,0.01067974
2019-12-01,Hlth_excess,0.0331,0.00800565,0.01226516,0.01226516
2019-12-01,Utils_excess,0.0398,0.00607354,0.00946935,0.00946935
2019-12-01,Other_excess,0.0222,0.00634583,0.00779729,0.00779729
2020-01-01,NoDur_excess,-0.0056,0.00686873,0.00657452,0.00657452
2020-01-01,Durbl_excess,0.0602,0.00778674,0.00110973,0.00110973
2020-01-01,Manuf_excess,-0.0287,0.0074181,0.0089344,0.0089344
2020-01-01,Enrgy_excess,-0.12,0.00723235,0.00686282,0.00686282
2020-01-01,HiTec_excess,0.0324,0.00845134,0.01150669,0.01150669
2020-01-01,Telcm_excess,-0.0225,0.00583289,0.0050023,0.0050023
2020-01-01,Shops_excess,0.0084,0.00750269,0.00963723,0.00963723
2020-01-01,Hlth_excess,-0.0212,0.00802814,0.01217155,0.01217155
2020-01-01,Utils_excess,0.047,0.00610376,0.00972626,0.00972626
2020-01-01,Other_excess,-0.0147,0.00636004,0.0061122,0.0061122
2020-02-01,NoDur_excess,-0.0888,0.00685756,0.01189132,0.01189132
2020-02-01,Durbl_excess,-0.0737,0.00783366,0.01484756,0.01484756
2020-02-01,Manuf_excess,-0.0873,0.00738577,0.0167745,0.0167745
2020-02-01,Enrgy_excess,-0.1555,0.00711844,0.01109662,0.01109662
2020-02-01,HiTec_excess,-0.0711,0.00847278,0.01539078,0.01539078
2020-02-01,Telcm_excess,-0.0634,0.00580752,0.01272591,0.01272591
2020-02-01,Shops_excess,-0.0684,0.00750349,0.01756751,0.01756751
2020-02-01,Hlth_excess,-0.0549,0.00800197,0.01367261,0.01367261
2020-02-01,Utils_excess,-0.1001,0.00614038,0.01246507,0.01246507
2020-02-01,Other_excess,-0.0999,0.00634118,0.01618926,0.01618926
2020-03-01,NoDur_excess,-0.1099,0.006772,0.00074484,0.00074484
2020-03-01,Durbl_excess,-0.2279,0.00776073,0.00284012,0.00284012
2020-03-01,Manuf_excess,-0.1703,0.00730107,0.00767979,0.00767979
2020-03-01,Enrgy_excess,-0.3459,0.00697299,0.00413744,0.00413744
2020-03-01,HiTec_excess,-0.0989,0.00840161,0.00555917,0.00555917
2020-03-01,Telcm_excess,-0.1334,0.00574562,0.00426685,0.00426685
2020-03-01,Shops_excess,-0.0803,0.0074356,0.00393609,0.00393609
2020-03-01,Hlth_excess,-0.0521,0.00794571,0.00629122,0.00629122
2020-03-01,Utils_excess,-0.1317,0.00604535,0.00295363,0.00295363
2020-03-01,Other_excess,-0.1934,0.00624615,0.00374543,0.00374543
2020-04-01,NoDur_excess,0.0775,0.00666774,-0.04746207,0.0
2020-04-01,Durbl_excess,0.2549,0.00755013,-0.0586606,0.0
2020-04-01,Manuf_excess,0.1086,0.00714236,-0.03357048,0.0
2020-04-01,Enrgy_excess,0.3231,0.00665764,-0.01158082,0.0
2020-04-01,HiTec_excess,0.1492,0.00830572,-0.05827956,0.0
2020-04-01,Telcm_excess,0.0921,0.00562127,-0.05068856,0.0
2020-04-01,Shops_excess,0.1824,0.00735719,-0.06574052,0.0
2020-04-01,Hlth_excess,0.1345,0.00789205,-0.0262482,0.0
2020-04-01,Utils_excess,0.0518,0.00592225,-0.02008045,0.0
2020-04-01,Other_excess,0.1145,0.00606774,-0.07006326,0.0
2020-05-01,NoDur_excess,0.0309,0.00673098,0.01810992,0.01810992
2020-05-01,Durbl_excess,0.0712,0.00777098,0.02313704,0.02313704
2020-05-01,Manuf_excess,0.0581,0.00723295,0.02144273,0.02144273
2020-05-01,Enrgy_excess,0.0055,0.00694018,0.01582379,0.01582379
2020-05-01,HiTec_excess,0.0762,0.00843152,0.02251583,0.02251583
2020-05-01,Telcm_excess,0.048,0.00569848,0.00985092,0.00985092
2020-05-01,Shops_excess,0.0447,0.00751348,0.02527248,0.02527248
2020-05-01,Hlth_excess,0.0415,0.00800509,0.02266608,0.02266608
2020-05-01,Utils_excess,0.0462,0.00596321,0.02107177,0.02107177
2020-05-01,Other_excess,0.0459,0.00616455,0.01521566,0.01521566
2020-06-01,NoDur_excess,-0.0015,0.00675254,0.00877408,0.00877408
2020-06-01,Durbl_excess,0.1412,0.00782756,0.01050499,0.01050499
2020-06-01,Manuf_excess,0.0259,0.00727832,0.01328646,0.01328646
2020-06-01,Enrgy_excess,-0.004,0.00693889,0.00351092,0.00351092
2020-06-01,HiTec_excess,0.0572,0.00849197,0.01418296,0.01418296
2020-06-01,Telcm_excess,-0.0263,0.00573622,0.00566315,0.00566315
2020-06-01,Shops_excess,0.0441,0.00754665,0.01472175,0.01472175
2020-06-01,Hlth_excess,-0.0145,0.00803497,0.01232634,0.01232634
2020-06-01,Utils_excess,-0.0503,0.00599911,0.00926633,0.00926633
2020-06-01,Other_excess,0.0049,0.0062,0.00926484,0.00926484
2020-07-01,NoDur_excess,0.0586,0.00674519,0.00543182,0.00543182
2020-07-01,Durbl_excess,0.1867,0.00794643,0.01006001,0.01006001
2020-07-01,Manuf_excess,0.0455,0.00729492,0.0106708,0.0106708
2020-07-01,Enrgy_excess,-0.048,0.00692914,0.00531533,0.00531533
2020-07-01,HiTec_excess,0.0686,0.00853538,0.0087839,0.0087839
2020-07-01,Telcm_excess,0.0505,0.00570766,0.002744,0.002744
2020-07-01,Shops_excess,0.0942,0.00757923,0.01224154,0.01224154
2020-07-01,Hlth_excess,0.0438,0.00801488,0.00881761,0.00881761
2020-07-01,Utils_excess,0.0633,0.00594893,0.00529996,0.00529996
2020-07-01,Other_excess,0.038,0.00619884,0.005948,0.005948
2020-08-01,NoDur_excess,0.0444,0.00679136,0.01863653,0.01863653
2020-08-01,Durbl_excess,0.4098,0.00810561,0.0260956,0.0260956
2020-08-01,Manuf_excess,0.0616,0.00732894,0.02152317,0.02152317
2020-08-01,Enrgy_excess,-0.0115,0.00688023,0.00558346,0.00558346
2020-08-01,HiTec_excess,0.1061,0.00858887,0.02094514,0.02094514
2020-08-01,Telcm_excess,0.0559,0.00574755,0.01270447,0.01270447
2020-08-01,Shops_excess,0.0806,0.00765637,0.02799225,0.02799225
2020-08-01,Hlth_excess,0.0234,0.00804675,0.01696517,0.01696517
2020-08-01,Utils_excess,-0.0226,0.006,0.01627997,0.01627997
2020-08-01,Other_excess,0.0678,0.00622716,0.02068446,0.02068446
2020-09-01,NoDur_excess,-0.0209,0.00682482,-0.01114473,0.0
2020-09-01,Durbl_excess,-0.0905,0.00846299,-0.00740097,0.0
2020-09-01,Manuf_excess,-0.0015,0.00737722,-0.00295556,0.0
2020-09-01,Enrgy_excess,-0.15,0.00686388,-0.00687092,0.0
2020-09-01,HiTec_excess,-0.0525,0.00867562,-0.00146767,0.0
2020-09-01,Telcm_excess,-0.0198,0.00579217,-0.00802498,0.0
2020-09-01,Shops_excess,-0.0387,0.00772126,-0.00753997,0.0
2020-09-01,Hlth_excess,-0.0144,0.00806041,-0.00364852,0.0
2020-09-01,Utils_excess,-0.0033,0.00597456,-0.01178588,0.0
2020-09-01,Other_excess,-0.0296,0.00628194,-0.00847154,0.0
2020-10-01,NoDur_excess,-0.0271,0.00680018,0.00174607,0.00174607
2020-10-01,Durbl_excess,-0.0326,0.00837502,0.01125998,0.01125998
2020-10-01,Manuf_excess,-0.0077,0.00736933,0.00855878,0.00855878
2020-10-01,Enrgy_excess,-0.0447,0.00672444,0.00085275,0.00085275
2020-10-01,HiTec_excess,-0.0179,0.00862124,0.00913164,0.00913164
2020-10-01,Telcm_excess,-0.039,0.00576942,0.00098234,0.00098234
2020-10-01,Shops_excess,-0.027,0.00768,0.00801414,0.00801414
2020-10-01,Hlth_excess,-0.0438,0.00804044,0.00675215,0.00675215
2020-10-01,Utils_excess,0.0446,0.00596631,0.00057645,0.00057645
2020-10-01,Other_excess,-0.0171,0.00625004,0.00375931,0.00375931
2020-11-01,NoDur_excess,0.1001,0.00677007,-0.00134238,0.0
2020-11-01,Durbl_excess,0.3389,0.00833863,0.00464762,0.00464762
2020-11-01,Manuf_excess,0.1395,0.00735595,0.0048158,0.0048158
2020-11-01,Enrgy_excess,0.2852,0.00667877,-0.00269491,0.0
2020-11-01,HiTec_excess,0.1071,0.00859769,0.00647107,0.00647107
2020-11-01,Telcm_excess,0.1446,0.00572966,-0.00238534,0.0
2020-11-01,Shops_excess,0.0829,0.0076492,0.00315126,0.00315126
2020-11-01,Hlth_excess,0.0982,0.0079944,0.00397366,0.00397366
2020-11-01,Utils_excess,0.0265,0.00600062,-0.00090505,0.0
2020-11-01,Other_excess,0.1587,0.00622931,-0.0005187,0.0
2020-12-01,NoDur_excess,0.049,0.00685288,0.02080016,0.02080016
2020-12-01,Durbl_excess,0.1538,0.00863194,0.03609954,0.03609954
2020-12-01,Manuf_excess,0.0251,0.0074732,0.02317813,0.02317813
2020-12-01,Enrgy_excess,0.0568,0.00692591,0.00832914,0.00832914
2020-12-01,HiTec_excess,0.0507,0.00868509,0.02506475,0.02506475
2020-12-01,Telcm_excess,0.0511,0.00585288,0.01220057,0.01220057
2020-12-01,Shops_excess,0.0137,0.00771597,0.02965006,0.02965006
2020-12-01,Hlth_excess,0.047,0.00807445,0.01967271,0.01967271
2020-12-01,Utils_excess,0.0061,0.00601881,0.01721904,0.01721904
2020-12-01,Other_excess,0.0566,0.0063646,0.02188486,0.02188486
2021-01-01,NoDur_excess,-0.0415,0.00689025,0.00391636,0.00391636
2021-01-01,Durbl_excess,0.1148,0.00876064,0.01522432,0.01522432
2021-01-01,Manuf_excess,-0.0232,0.00748883,0.00928573,0.00928573
2021-01-01,Enrgy_excess,0.0505,0.00697012,0.00014151,0.00014151
2021-01-01,HiTec_excess,0.0056,0.00872234,0.0109566,0.0109566
2021-01-01,Telcm_excess,-0.0355,0.005893,0.00177082,0.00177082
2021-01-01,Shops_excess,-0.0006,0.00772128,0.0088874,0.0088874
2021-01-01,Hlth_excess,0.0342,0.00810895,0.00676406,0.00676406
2021-01-01,Utils_excess,-0.0044,0.00601888,0.00099095,0.00099095
2021-01-01,Other_excess,-0.0272,0.00640913,0.00648933,0.00648933
2021-02-01,NoDur_excess,0.0132,0.00684739,-0.00708732,0.0
2021-02-01,Durbl_excess,-0.0808,0.00885456,0.00026342,0.00026342
2021-02-01,Manuf_excess,0.0553,0.00746165,0.00011191,0.00011191
2021-02-01,Enrgy_excess,0.2362,0.00700868,-0.00144604,0.0
2021-02-01,HiTec_excess,0.0136,0.00871957,0.00074654,0.00074654
2021-02-01,Telcm_excess,0.0426,0.00585633,-0.00528018,0.0
2021-02-01,Shops_excess,-0.0165,0.00771391,-0.00426757,0.0
2021-02-01,Hlth_excess,-0.0125,0.00813206,-0.00108333,0.0
2021-02-01,Utils_excess,-0.0459,0.00600965,-0.00619608,0.0
2021-02-01,Other_excess,0.0979,0.00637936,-0.00445807,0.0
2021-03-01,NoDur_excess,0.0728,0.00685301,-0.00500692,0.0
2021-03-01,Durbl_excess,0.0087,0.00877522,-0.00139445,0.0
2021-03-01,Manuf_excess,0.0771,0.00750398,0.00053125,0.00053125
2021-03-01,Enrgy_excess,0.0228,0.0072115,0.00204369,0.00204369
2021-03-01,HiTec_excess,0.0087,0.00872389,0.00147544,0.00147544
2021-03-01,Telcm_excess,0.0163,0.00588885,-0.00440684,0.0
2021-03-01,Shops_excess,0.0573,0.00769248,-0.00385367,0.0
2021-03-01,Hlth_excess,-0.0009,0.00811381,-0.00058929,0.0
2021-03-01,Utils_excess,0.1039,0.00596372,-0.00258792,0.0
2021-03-01,Other_excess,0.0526,0.00646035,-0.00301089,0.0
2021-04-01,NoDur_excess,0.0332,0.00691132,-0.00766841,0.0
2021-04-01,Durbl_excess,0.044,0.00877515,-0.00510877,0.0
2021-04-01,Manuf_excess,0.0244,0.00756552,-0.00092881,0.0
2021-04-01,Enrgy_excess,0.0075,0.00722529,0.00198016,0.00198016
2021-04-01,HiTec_excess,0.0642,0.00872387,-0.00133168,0.0
2021-04-01,Telcm_excess,0.0308,0.00589805,-0.00438274,0.0
2021-04-01,Shops_excess,0.0703,0.00773634,-0.00729393,0.0
2021-04-01,Hlth_excess,0.0296,0.00810584,-0.00418853,0.0
2021-04-01,Utils_excess,0.0398,0.00605031,-0.00383036,0.0
2021-04-01,Other_excess,0.057,0.00650115,-0.00469502,0.0
2021-05-01,NoDur_excess,0.0197,0.00693454,0.00267302,0.00267302
2021-05-01,Durbl_excess,-0.0533,0.00880627,0.0118561,0.0118561
2021-05-01,Manuf_excess,0.0277,0.00758039,0.00875311,0.00875311
2021-05-01,Enrgy_excess,0.062,0.00722553,0.00577408,0.00577408
2021-05-01,HiTec_excess,-0.0089,0.00877288,0.00903914,0.00903914
2021-05-01,Telcm_excess,-0.0051,0.00592005,0.00529997,0.00529997
2021-05-01,Shops_excess,-0.0215,0.00779161,0.00617967,0.00617967
2021-05-01,Hlth_excess,-0.0012,0.00812482,0.00260573,0.00260573
2021-05-01,Utils_excess,-0.0116,0.00608012,0.00475062,0.00475062
2021-05-01,Other_excess,0.0277,0.00654576,0.00836449,0.00836449
2021-06-01,NoDur_excess,-0.0081,0.00694581,0.00131289,0.00131289
2021-06-01,Durbl_excess,0.0556,0.00875146,0.00658353,0.00658353
2021-06-01,Manuf_excess,-0.0101,0.00759815,0.00709492,0.00709492
2021-06-01,Enrgy_excess,0.0553,0.00727387,0.00680107,0.00680107
2021-06-01,HiTec_excess,0.0677,0.00875728,0.00716731,0.00716731
2021-06-01,Telcm_excess,-0.0001,0.00591033,0.00328017,0.00328017
2021-06-01,Shops_excess,0.0293,0.00776575,0.0033566,0.0033566
2021-06-01,Hlth_excess,0.0441,0.00811659,0.00199955,0.00199955
2021-06-01,Utils_excess,-0.0142,0.00606452,0.00486308,0.00486308
2021-06-01,Other_excess,-0.0202,0.00656443,0.005962,0.005962
2021-07-01,NoDur_excess,0.0023,0.00693254,0.01083189,0.01083189
2021-07-01,Durbl_excess,-0.0096,0.00879277,0.02083353,0.02083353
2021-07-01,Manuf_excess,0.0133,0.00758254,0.01518717,0.01518717
2021-07-01,Enrgy_excess,-0.0866,0.00731623,0.01118996,0.01118996
2021-07-01,HiTec_excess,0.036,0.00880926,0.01613834,0.01613834
2021-07-01,Telcm_excess,0.0036,0.00590503,0.01079238,0.01079238
2021-07-01,Shops_excess,0.0025,0.00778474,0.0152637,0.0152637
2021-07-01,Hlth_excess,0.0284,0.00814832,0.0090058,0.0090058
2021-07-01,Utils_excess,0.0297,0.00604665,0.01344774,0.01344774
2021-07-01,Other_excess,-0.0057,0.00654083,0.01624547,0.01624547
2021-08-01,NoDur_excess,-0.0028,0.00692846,0.00505368,0.00505368
2021-08-01,Durbl_excess,0.0178,0.00877656,0.01329068,0.01329068
2021-08-01,Manuf_excess,0.0055,0.00758758,0.01211442,0.01211442
2021-08-01,Enrgy_excess,-0.0116,0.00723348,0.0093058,0.0093058
2021-08-01,HiTec_excess,0.0464,0.00883322,0.01409243,0.01409243
2021-08-01,Telcm_excess,0.0137,0.005903,0.00717767,0.00717767
2021-08-01,Shops_excess,0.0241,0.00778009,0.00887977,0.00887977
2021-08-01,Hlth_excess,0.0284,0.00816617,0.00731525,0.00731525
2021-08-01,Utils_excess,0.0323,0.00606749,0.00836778,0.00836778
2021-08-01,Other_excess,0.027,0.00653004,0.01137175,0.01137175
2021-09-01,NoDur_excess,-0.0458,0.00691989,0.00229876,0.00229876
2021-09-01,Durbl_excess,0.028,0.00878451,0.00714403,0.00714403
2021-09-01,Manuf_excess,-0.0579,0.00758574,0.00932564,0.00932564
2021-09-01,Enrgy_excess,0.1108,0.0072169,0.00810688,0.00810688
2021-09-01,HiTec_excess,-0.0614,0.00886629,0.01263613,0.01263613
2021-09-01,Telcm_excess,-0.0558,0.00590986,0.00390428,0.00390428
2021-09-01,Shops_excess,-0.0438,0.00779445,0.00486362,0.00486362
2021-09-01,Hlth_excess,-0.0602,0.00818398,0.00634714,0.00634714
2021-09-01,Utils_excess,-0.0487,0.00609058,0.00706569,0.00706569
2021-09-01,Other_excess,-0.0245,0.00654806,0.00778053,0.00778053
2021-10-01,NoDur_excess,0.0374,0.00687353,9.463e-05,9.463e-05
2021-10-01,Durbl_excess,0.3078,0.00880141,0.00261862,0.00261862
2021-10-01,Manuf_excess,0.0499,0.00752814,0.006198,0.006198
2021-10-01,Enrgy_excess,0.1027,0.007308,0.0086961,0.0086961
2021-10-01,HiTec_excess,0.0814,0.00880449,0.00943386,0.00943386
2021-10-01,Telcm_excess,-0.0424,0.00585558,0.00160813,0.00160813
2021-10-01,Shops_excess,0.0515,0.00774908,0.00142466,0.00142466
2021-10-01,Hlth_excess,0.0223,0.00812383,0.00432218,0.00432218
2021-10-01,Utils_excess,0.0511,0.00604239,0.00645349,0.00645349
2021-10-01,Other_excess,0.0668,0.00652076,0.00417255,0.00417255
2021-11-01,NoDur_excess,-0.0388,0.00690035,0.00583613,0.00583613
2021-11-01,Durbl_excess,0.0204,0.00906415,0.01413792,0.01413792
2021-11-01,Manuf_excess,-0.007,0.00756538,0.01122997,0.01122997
2021-11-01,Enrgy_excess,-0.0541,0.00739183,0.01121204,0.01121204
2021-11-01,HiTec_excess,0.0144,0.00886828,0.01290403,0.01290403
2021-11-01,Telcm_excess,-0.072,0.00581318,0.00623804,0.00623804
2021-11-01,Shops_excess,0.0146,0.00778752,0.00901585,0.00901585
2021-11-01,Hlth_excess,-0.0427,0.00813629,0.00630031,0.00630031
2021-11-01,Utils_excess,-0.0198,0.00608199,0.01108035,0.01108035
2021-11-01,Other_excess,-0.0549,0.00657373,0.01140335,0.01140335
2021-12-01,NoDur_excess,0.0807,0.00686023,0.00178878,0.00178878
2021-12-01,Durbl_excess,-0.0466,0.0090741,0.01008377,0.01008377
2021-12-01,Manuf_excess,0.0581,0.00755259,0.00949506,0.00949506
2021-12-01,Enrgy_excess,0.0305,0.00733784,0.01072217,0.01072217
2021-12-01,HiTec_excess,0.0167,0.00887313,0.01203904,0.01203904
2021-12-01,Telcm_excess,0.0395,0.00574486,0.00419406,0.00419406
2021-12-01,Shops_excess,0.0152,0.0077935,0.00517683,0.00517683
2021-12-01,Hlth_excess,0.0658,0.00809166,0.00476636,0.00476636
2021-12-01,Utils_excess,0.0856,0.00605926,0.00713119,0.00713119
2021-12-01,Other_excess,0.0494,0.00651975,0.00853763,0.00853763
2022-01-01,NoDur_excess,-0.0065,0.006925,0.00120324,0.00120324
2022-01-01,Durbl_excess,-0.1031,0.00902526,0.00618231,0.00618231
2022-01-01,Manuf_excess,-0.0584,0.00759693,0.00824184,0.00824184
2022-01-01,Enrgy_excess,0.1742,0.00735816,0.01197288,0.01197288
2022-01-01,HiTec_excess,-0.0843,0.00888,0.01084288,0.01084288
2022-01-01,Telcm_excess,-0.0193,0.00577447,0.00159126,0.00159126
2022-01-01,Shops_excess,-0.0883,0.0078,0.00294801,0.00294801
2022-01-01,Hlth_excess,-0.0877,0.00814228,0.00529665,0.00529665
2022-01-01,Utils_excess,-0.021,0.00612904,0.00812684,0.00812684
2022-01-01,Other_excess,-0.0326,0.00655737,0.00604434,0.00604434
2022-02-01,NoDur_excess,-0.0057,0.00691323,-0.00769643,0.0
2022-02-01,Durbl_excess,-0.0707,0.00892699,-0.00781173,0.0
2022-02-01,Manuf_excess,-0.0123,0.00753909,-0.00026459,0.0
2022-02-01,Enrgy_excess,0.0836,0.00750438,0.00936891,0.00936891
2022-02-01,HiTec_excess,-0.0452,0.00879833,-0.00019946,0.0
2022-02-01,Telcm_excess,0.0029,0.0057525,-0.00349835,0.0
2022-02-01,Shops_excess,-0.0155,0.00771578,-0.00837842,0.0
2022-02-01,Hlth_excess,-0.0101,0.00805828,-0.00397606,0.0
2022-02-01,Utils_excess,-0.0109,0.00610526,-6.51e-06,0.0
2022-02-01,Other_excess,-0.0172,0.00652305,-0.00309591,0.0
2022-03-01,NoDur_excess,0.0044,0.00690219,-0.00486732,0.0
2022-03-01,Durbl_excess,0.1502,0.00885727,-0.00471896,0.0
2022-03-01,Manuf_excess,0.0091,0.00752172,0.00184441,0.00184441
2022-03-01,Enrgy_excess,0.0978,0.00757102,0.01097265,0.01097265
2022-03-01,HiTec_excess,0.0327,0.00875105,0.00104598,0.00104598
2022-03-01,Telcm_excess,-0.0243,0.00575,-0.0010297,0.0
2022-03-01,Shops_excess,0.0297,0.00769545,-0.0047995,0.0
2022-03-01,Hlth_excess,0.0514,0.00804238,-0.00198253,0.0
2022-03-01,Utils_excess,0.0968,0.00609037,0.0021827,0.0021827
2022-03-01,Other_excess,0.0108,0.00650228,-0.00081773,0.0
2022-04-01,NoDur_excess,0.0225,0.0069,-0.00284457,0.0
2022-04-01,Durbl_excess,-0.1691,0.00898093,-0.00100014,0.0
2022-04-01,Manuf_excess,-0.053,0.0075231,0.00283039,0.00283039
2022-04-01,Enrgy_excess,-0.0129,0.00764996,0.01289717,0.01289717
2022-04-01,HiTec_excess,-0.1261,0.008772,0.00027547,0.00027547
2022-04-01,Telcm_excess,-0.1057,0.00572371,-0.00183808,0.0
2022-04-01,Shops_excess,-0.0979,0.0077147,-0.00231967,0.0
2022-04-01,Hlth_excess,-0.0692,0.00808031,-0.00184764,0.0
2022-04-01,Utils_excess,-0.0372,0.00616973,0.00520434,0.00520434
2022-04-01,Other_excess,-0.0914,0.00650604,0.00029178,0.00029178
2022-05-01,NoDur_excess,-0.0166,0.00691364,-0.00882052,0.0
2022-05-01,Durbl_excess,-0.0907,0.00882526,-0.013724,0.0
2022-05-01,Manuf_excess,-0.004,0.00747019,-0.00258559,0.0
2022-05-01,Enrgy_excess,0.1554,0.00763199,0.01105708,0.01105708
2022-05-01,HiTec_excess,-0.0212,0.00865411,-0.00476006,0.0
2022-05-01,Telcm_excess,0.0863,0.00562631,-0.00657418,0.0
2022-05-01,Shops_excess,-0.0413,0.00762238,-0.01113626,0.0
2022-05-01,Hlth_excess,0.0093,0.00801276,-0.00420898,0.0
2022-05-01,Utils_excess,0.0477,0.00613182,-0.00266166,0.0
2022-05-01,Other_excess,0.0059,0.00642045,-0.0074501,0.0
2022-06-01,NoDur_excess,-0.0395,0.0068931,0.00538194,0.00538194
2022-06-01,Durbl_excess,-0.119,0.00873834,0.00691651,0.00691651
2022-06-01,Manuf_excess,-0.0951,0.00746017,0.00808077,0.00808077
2022-06-01,Enrgy_excess,-0.1661,0.00776105,0.015754,0.015754
2022-06-01,HiTec_excess,-0.0819,0.00862803,0.00492227,0.00492227
2022-06-01,Telcm_excess,-0.0669,0.00569677,0.00388415,0.00388415
2022-06-01,Shops_excess,-0.0779,0.00757965,0.00612605,0.00612605
2022-06-01,Hlth_excess,-0.0208,0.00801389,0.00442064,0.00442064
2022-06-01,Utils_excess,-0.066,0.00616812,0.01129549,0.01129549
2022-06-01,Other_excess,-0.1002,0.00642,0.00532601,0.00532601
2022-07-01,NoDur_excess,0.0405,0.00685262,-0.00861982,0.0
2022-07-01,Durbl_excess,0.2757,0.00862688,-0.01474491,0.0
2022-07-01,Manuf_excess,0.0825,0.00737068,-0.00442617,0.0
2022-07-01,Enrgy_excess,0.1039,0.00760934,0.00862306,0.00862306
2022-07-01,HiTec_excess,0.1159,0.00854904,-0.00924682,0.0
2022-07-01,Telcm_excess,-0.0011,0.00563342,-0.00408304,0.0
2022-07-01,Shops_excess,0.1462,0.00750506,-0.01096392,0.0
2022-07-01,Hlth_excess,0.0269,0.00798874,-0.00632878,0.0
2022-07-01,Utils_excess,0.0619,0.00610515,-0.00138265,0.0
2022-07-01,Other_excess,0.0878,0.00632696,-0.0088032,0.0
2022-08-01,NoDur_excess,-0.0201,0.00688195,0.0157778,0.0157778
2022-08-01,Durbl_excess,-0.0598,0.00885972,0.02028708,0.02028708
2022-08-01,Manuf_excess,-0.0368,0.00743618,0.01668233,0.01668233
2022-08-01,Enrgy_excess,0.0316,0.00769329,0.0121944,0.0121944
2022-08-01,HiTec_excess,-0.0556,0.00864263,0.01915025,0.01915025
2022-08-01,Telcm_excess,-0.0306,0.00562755,0.01095656,0.01095656
2022-08-01,Shops_excess,-0.033,0.00762598,0.01915924,0.01915924
2022-08-01,Hlth_excess,-0.0523,0.00800523,0.01626388,0.01626388
2022-08-01,Utils_excess,-0.0008,0.00615379,0.0186769,0.0186769
2022-08-01,Other_excess,-0.0271,0.00639799,0.01576647,0.01576647
2022-09-01,NoDur_excess,-0.0856,0.00685845,0.00028348,0.00028348
2022-09-01,Durbl_excess,-0.0674,0.00879991,-0.00292498,0.0
2022-09-01,Manuf_excess,-0.1173,0.00739765,0.00351266,0.00351266
2022-09-01,Enrgy_excess,-0.0944,0.00771411,0.00944405,0.00944405
2022-09-01,HiTec_excess,-0.1168,0.00858667,0.00476735,0.00476735
2022-09-01,Telcm_excess,-0.1405,0.00559599,1.725e-05,1.725e-05
2022-09-01,Shops_excess,-0.0782,0.00759059,0.0003677,0.0003677
2022-09-01,Hlth_excess,-0.0211,0.0079527,0.00552415,0.00552415
2022-09-01,Utils_excess,-0.118,0.00614774,0.00598945,0.00598945
2022-09-01,Other_excess,-0.0829,0.00636882,-2.783e-05,0.0
2022-10-01,NoDur_excess,0.0973,0.00677798,-0.00836855,0.0
2022-10-01,Durbl_excess,-0.0685,0.00873359,-0.01557473,0.0
2022-10-01,Manuf_excess,0.1198,0.00728912,-0.00501583,0.0
2022-10-01,Enrgy_excess,0.2323,0.00762524,0.00640026,0.00640026
2022-10-01,HiTec_excess,0.0483,0.00847755,-0.00544913,0.0
2022-10-01,Telcm_excess,0.1037,0.00546884,-0.00609489,0.0
2022-10-01,Shops_excess,0.0412,0.00751593,-0.00986291,0.0
2022-10-01,Hlth_excess,0.0855,0.00792742,-0.00095598,0.0
2022-10-01,Utils_excess,0.0322,0.00603969,-0.00184655,0.0
2022-10-01,Other_excess,0.1125,0.00629112,-0.00962515,0.0
2022-11-01,NoDur_excess,0.0502,0.0068567,0.00261548,0.00261548
2022-11-01,Durbl_excess,-0.0837,0.00866643,-0.00218513,0.0
2022-11-01,Manuf_excess,0.0873,0.00738696,0.00291144,0.00291144
2022-11-01,Enrgy_excess,0.0075,0.00782061,0.00862382,0.00862382
2022-11-01,HiTec_excess,0.0508,0.00851217,0.00138929,0.00138929
2022-11-01,Telcm_excess,0.0189,0.00555426,0.00077997,0.00077997
2022-11-01,Shops_excess,0.035,0.00754522,0.00279977,0.00279977
2022-11-01,Hlth_excess,0.0506,0.00799487,0.0059532,0.0059532
2022-11-01,Utils_excess,0.0656,0.00606243,0.00667337,0.00667337
2022-11-01,Other_excess,0.0561,0.00638348,-0.00052682,0.0
2022-12-01,NoDur_excess,-0.0296,0.00689435,0.01954991,0.01954991
2022-12-01,Durbl_excess,-0.284,0.00858619,0.02223796,0.02223796
2022-12-01,Manuf_excess,-0.0269,0.00745639,0.01732351,0.01732351
2022-12-01,Enrgy_excess,-0.0457,0.00782033,0.01031224,0.01031224
2022-12-01,HiTec_excess,-0.0828,0.00854891,0.018561,0.018561
2022-12-01,Telcm_excess,-0.0715,0.00556586,0.01170458,0.01170458
2022-12-01,Shops_excess,-0.0826,0.00756907,0.02400696,0.02400696
2022-12-01,Hlth_excess,-0.0205,0.00803189,0.02039696,0.02039696
2022-12-01,Utils_excess,-0.0145,0.00611416,0.02084049,0.02084049
2022-12-01,Other_excess,-0.0569,0.00642667,0.01594646,0.01594646
2023-01-01,NoDur_excess,-0.0072,0.00686267,0.00622923,0.00622923
2023-01-01,Durbl_excess,0.2869,0.0083322,-0.0009722,0.0
2023-01-01,Manuf_excess,0.0557,0.00742656,0.00712434,0.00712434
2023-01-01,Enrgy_excess,0.024,0.00777387,0.00590479,0.00590479
2023-01-01,HiTec_excess,0.0923,0.00846962,0.00763656,0.00763656
2023-01-01,Telcm_excess,0.1321,0.00549896,0.0033442,0.0033442
2023-01-01,Shops_excess,0.094,0.0074908,0.00736574,0.00736574
2023-01-01,Hlth_excess,-0.014,0.00800712,0.01194771,0.01194771
2023-01-01,Utils_excess,-0.0157,0.00609627,0.00803213,0.00803213
2023-01-01,Other_excess,0.0717,0.0063717,0.00407846,0.00407846
2023-02-01,NoDur_excess,-0.0251,0.00685048,0.01026632,0.01026632
2023-02-01,Durbl_excess,0.1064,0.00857381,0.00927499,0.00927499
2023-02-01,Manuf_excess,-0.0219,0.00746843,0.01007408,0.01007408
2023-02-01,Enrgy_excess,-0.0724,0.00778794,0.00288216,0.00288216
2023-02-01,HiTec_excess,-0.0054,0.00854232,0.00811424,0.00811424
2023-02-01,Telcm_excess,-0.0684,0.00560876,0.00752231,0.00752231
2023-02-01,Shops_excess,-0.0501,0.00756583,0.01422303,0.01422303
2023-02-01,Hlth_excess,-0.0463,0.00798803,0.01051027,0.01051027
2023-02-01,Utils_excess,-0.0566,0.00607736,0.01183409,0.01183409
2023-02-01,Other_excess,-0.0278,0.00642836,0.00925882,0.00925882
2023-03-01,NoDur_excess,0.0281,0.00682279,-0.00507865,0.0
2023-03-01,Durbl_excess,-0.01,0.00865858,-0.01192806,0.0
2023-03-01,Manuf_excess,0.0001,0.00744298,-0.00241998,0.0
2023-03-01,Enrgy_excess,-0.0079,0.00771846,0.00171401,0.00171401
2023-03-01,HiTec_excess,0.1011,0.00853024,-0.00466513,0.0
2023-03-01,Telcm_excess,-0.0046,0.00554463,-0.0031369,0.0
2023-03-01,Shops_excess,0.0303,0.00751586,-0.00511047,0.0
2023-03-01,Hlth_excess,0.0213,0.00794099,0.00031408,0.00031408
2023-03-01,Utils_excess,0.0359,0.00602305,-0.00227488,0.0
2023-03-01,Other_excess,-0.0536,0.0063987,-0.00567405,0.0
2023-04-01,NoDur_excess,0.0282,0.00684121,0.00784413,0.00784413
2023-04-01,Durbl_excess,-0.1561,0.00864242,0.00844367,0.00844367
2023-04-01,Manuf_excess,-0.0094,0.00743662,0.00916176,0.00916176
2023-04-01,Enrgy_excess,0.0223,0.00770494,0.003813,0.003813
2023-04-01,HiTec_excess,-0.0011,0.00861039,0.00908946,0.00908946
2023-04-01,Telcm_excess,0.0064,0.00553584,0.00570651,0.00570651
2023-04-01,Shops_excess,0.0189,0.00753558,0.01146766,0.01146766
2023-04-01,Hlth_excess,0.0377,0.00795255,0.01055715,0.01055715
2023-04-01,Utils_excess,0.0137,0.00604892,0.00845448,0.00845448
2023-04-01,Other_excess,0.0145,0.00634675,0.00712015,0.00712015
2023-05-01,NoDur_excess,-0.0578,0.00685969,0.00369857,0.00369857
2023-05-01,Durbl_excess,0.1319,0.00849991,-0.00099315,0.0
2023-05-01,Manuf_excess,-0.059,0.00742206,0.00452674,0.00452674
2023-05-01,Enrgy_excess,-0.0987,0.00771756,0.00135644,0.00135644
2023-05-01,HiTec_excess,0.0819,0.00860199,0.00463032,0.00463032
2023-05-01,Telcm_excess,-0.0977,0.00553659,0.00232241,0.00232241
2023-05-01,Shops_excess,0.0016,0.00754542,0.00579205,0.00579205
2023-05-01,Hlth_excess,-0.0402,0.00797829,0.00700571,0.00700571
2023-05-01,Utils_excess,-0.0619,0.00605554,0.00531022,0.00531022
2023-05-01,Other_excess,-0.032,0.00635381,0.00257411,0.00257411
2023-06-01,NoDur_excess,0.0245,0.0068038,-0.00061978,0.0
2023-06-01,Durbl_excess,0.2426,0.00860657,-0.00504273,0.0
2023-06-01,Manuf_excess,0.1028,0.00736465,0.0009329,0.0009329
2023-06-01,Enrgy_excess,0.0614,0.00762558,0.00068661,0.00068661
2023-06-01,HiTec_excess,0.0551,0.00866534,0.00332269,0.00332269
2023-06-01,Telcm_excess,0.0422,0.00544736,-0.00153875,0.0
2023-06-01,Shops_excess,0.0743,0.00754028,0.00106286,0.00106286
2023-06-01,Hlth_excess,0.0426,0.00793665,0.00482753,0.00482753
2023-06-01,Utils_excess,0.0211,0.0059968,0.00166751,0.00166751
2023-06-01,Other_excess,0.0704,0.00632066,-0.00159614,0.0
2023-07-01,NoDur_excess,0.0185,0.00681908,0.00431522,0.00431522
2023-07-01,Durbl_excess,0.0231,0.00880864,0.00426264,0.00426264
2023-07-01,Manuf_excess,0.0274,0.00744706,0.00508256,0.00508256
2023-07-01,Enrgy_excess,0.0701,0.00767202,0.00098589,0.00098589
2023-07-01,HiTec_excess,0.0377,0.00870544,0.0071726,0.0071726
2023-07-01,Telcm_excess,0.005,0.0054791,0.00113529,0.00113529
2023-07-01,Shops_excess,0.0181,0.00759793,0.00683597,0.00683597
2023-07-01,Hlth_excess,-0.0057,0.00796658,0.00735902,0.00735902
2023-07-01,Utils_excess,0.0232,0.00600984,0.00619474,0.00619474
2023-07-01,Other_excess,0.0493,0.00637599,0.00328017,0.00328017
2023-08-01,NoDur_excess,-0.0423,0.00682916,0.00438649,0.00438649
2023-08-01,Durbl_excess,-0.048,0.00882097,0.0044477,0.0044477
2023-08-01,Manuf_excess,-0.0283,0.00746428,0.00556962,0.00556962
2023-08-01,Enrgy_excess,0.0152,0.00772588,0.00194699,0.00194699
2023-08-01,HiTec_excess,-0.0209,0.00873046,0.0079824,0.0079824
2023-08-01,Telcm_excess,-0.0029,0.00547869,0.00146669,0.00146669
2023-08-01,Shops_excess,-0.0084,0.00760699,0.00701061,0.00701061
2023-08-01,Hlth_excess,-0.0068,0.00795479,0.00753007,0.00753007
2023-08-01,Utils_excess,-0.0581,0.00602468,0.00565883,0.00565883
2023-08-01,Other_excess,-0.0382,0.00641303,0.00422632,0.00422632
2023-09-01,NoDur_excess,-0.0503,0.00678681,-0.00062132,0.0
2023-09-01,Durbl_excess,-0.0301,0.00877198,-0.00233889,0.0
2023-09-01,Manuf_excess,-0.075,0.00743345,0.0013466,0.0013466
2023-09-01,Enrgy_excess,0.0271,0.00773233,0.00174816,0.00174816
2023-09-01,HiTec_excess,-0.0645,0.00870491,0.00245639,0.00245639
2023-09-01,Telcm_excess,-0.0363,0.00547147,-0.00101677,0.0
2023-09-01,Shops_excess,-0.0609,0.00759319,0.00146952,0.00146952
2023-09-01,Hlth_excess,-0.0513,0.00794207,0.00330633,0.00330633
2023-09-01,Utils_excess,-0.0548,0.0059694,0.00103314,0.00103314
2023-09-01,Other_excess,-0.0384,0.00637457,-0.00074516,0.0
2023-10-01,NoDur_excess,-0.0416,0.00673764,-0.00325689,0.0
2023-10-01,Durbl_excess,-0.1837,0.0087385,-0.00754659,0.0
2023-10-01,Manuf_excess,-0.0317,0.00736245,-0.00161821,0.0
2023-10-01,Enrgy_excess,-0.0658,0.00774901,0.00241253,0.00241253
2023-10-01,HiTec_excess,-0.0224,0.00864186,-7.998e-05,0.0
2023-10-01,Telcm_excess,-0.006,0.00543549,-0.00277708,0.0
2023-10-01,Shops_excess,-0.0007,0.00753419,-0.00231363,0.0
2023-10-01,Hlth_excess,-0.0506,0.00789104,0.00207117,0.00207117
2023-10-01,Utils_excess,0.0055,0.00591705,-0.0013171,0.0
2023-10-01,Other_excess,-0.0316,0.006336,-0.00402987,0.0
2023-11-01,NoDur_excess,0.045,0.00669604,-0.00103252,0.0
2023-11-01,Durbl_excess,0.1533,0.00857289,-0.00673374,0.0
2023-11-01,Manuf_excess,0.0825,0.00732883,2.259e-05,2.259e-05
2023-11-01,Enrgy_excess,-0.0178,0.00768571,0.00303417,0.00303417
2023-11-01,HiTec_excess,0.1162,0.00861515,0.00233976,0.00233976
2023-11-01,Telcm_excess,0.0652,0.00542565,-0.0005185,0.0
2023-11-01,Shops_excess,0.0673,0.00752711,0.00031162,0.00031162
2023-11-01,Hlth_excess,0.0536,0.00784071,0.00429159,0.00429159
2023-11-01,Utils_excess,0.0471,0.0059167,0.00097688,0.00097688
2023-11-01,Other_excess,0.1001,0.00630336,-0.00228397,0.0
2023-12-01,NoDur_excess,0.0314,0.00672898,0.01928769,0.01928769
2023-12-01,Durbl_excess,0.0616,0.00869733,0.0231204,0.0231204
2023-12-01,Manuf_excess,0.059,0.00739347,0.01705399,0.01705399
2023-12-01,Enrgy_excess,-0.0026,0.0076638,0.005187,0.005187
2023-12-01,HiTec_excess,0.0419,0.00870765,0.0210468,0.0210468
2023-12-01,Telcm_excess,0.0182,0.00547704,0.01170014,0.01170014
2023-12-01,Shops_excess,0.0547,0.0075785,0.02528703,0.02528703
2023-12-01,Hlth_excess,0.0648,0.00788005,0.01965322,0.01965322
2023-12-01,Utils_excess,0.013,0.00595211,0.0178554,0.0178554
2023-12-01,Other_excess,0.0619,0.00638401,0.01814958,0.01814958
2024-01-01,NoDur_excess,-0.0241,0.00675017,0.01260284,0.01260284
2024-01-01,Durbl_excess,-0.184,0.00874278,0.01637087,0.01637087
2024-01-01,Manuf_excess,-0.0163,0.0074378,0.01314576,0.01314576
2024-01-01,Enrgy_excess,-0.0058,0.00765498,0.00441981,0.00441981
2024-01-01,HiTec_excess,0.0264,0.00873617,0.01670992,0.01670992
2024-01-01,Telcm_excess,0.041,0.00548797,0.00814383,0.00814383
2024-01-01,Shops_excess,0.0077,0.00761899,0.01841645,0.01841645
2024-01-01,Hlth_excess,0.0305,0.00792895,0.01570054,0.01570054
2024-01-01,Utils_excess,-0.0348,0.00595816,0.01213662,0.01213662
2024-01-01,Other_excess,0.0052,0.0064317,0.01372551,0.01372551
2024-02-01,NoDur_excess,0.0127,0.00672369,-0.00060077,0.0
2024-02-01,Durbl_excess,0.0679,0.00857734,-0.00365368,0.0
2024-02-01,Manuf_excess,0.0491,0.00741742,0.00119386,0.00119386
2024-02-01,Enrgy_excess,0.0267,0.00764343,0.0018464,0.0018464
2024-02-01,HiTec_excess,0.058,0.00875133,0.0028014,0.0028014
2024-02-01,Telcm_excess,-0.0314,0.00551845,-0.00060936,0.0
2024-02-01,Shops_excess,0.0906,0.00761906,0.00240468,0.00240468
2024-02-01,Hlth_excess,0.0421,0.00794833,0.00378825,0.00378825
2024-02-01,Utils_excess,0.0197,0.00592318,0.00144996,0.00144996
2024-02-01,Other_excess,0.0423,0.00643064,0.00034076,0.00034076
2024-03-01,NoDur_excess,0.0253,0.00672882,-0.00380246,0.0
2024-03-01,Durbl_excess,-0.0602,0.00862822,-0.00719721,0.0
2024-03-01,Manuf_excess,0.0405,0.00745317,-0.00129646,0.0
2024-03-01,Enrgy_excess,0.0986,0.00765978,0.00229629,0.00229629
2024-03-01,HiTec_excess,0.0193,0.00879357,-0.00028517,0.0
2024-03-01,Telcm_excess,0.0266,0.00548679,-0.00373721,0.0
2024-03-01,Shops_excess,0.0225,0.00769022,-0.00102642,0.0
2024-03-01,Hlth_excess,0.0176,0.00797762,0.00114416,0.00114416
2024-03-01,Utils_excess,0.0661,0.00593499,-0.00134813,0.0
2024-03-01,Other_excess,0.0406,0.00646141,-0.00265788,0.0
2024-04-01,NoDur_excess,-0.0183,0.00674473,0.00236094,0.00236094
2024-04-01,Durbl_excess,-0.0142,0.00856924,0.00128713,0.00128713
2024-04-01,Manuf_excess,-0.044,0.00748149,0.0040436,0.0040436
2024-04-01,Enrgy_excess,-0.0111,0.0077377,0.00344342,0.00344342
2024-04-01,HiTec_excess,-0.0488,0.00880257,0.00519568,0.00519568
2024-04-01,Telcm_excess,-0.07,0.00550488,0.00026522,0.00026522
2024-04-01,Shops_excess,-0.052,0.00770291,0.0063954,0.0063954
2024-04-01,Hlth_excess,-0.0634,0.00798586,0.00522813,0.00522813
2024-04-01,Utils_excess,0.0111,0.00598655,0.00386724,0.00386724
2024-04-01,Other_excess,-0.0503,0.00649066,0.00417021,0.00417021
2024-05-01,NoDur_excess,0.0052,0.00672329,-0.00395067,0.0
2024-05-01,Durbl_excess,-0.0122,0.00854974,-0.00910884,0.0
2024-05-01,Manuf_excess,0.0268,0.00743741,-0.00175026,0.0
2024-05-01,Enrgy_excess,-0.0089,0.00772158,0.0045096,0.0045096
2024-05-01,HiTec_excess,0.0766,0.00875325,-0.00069637,0.0
2024-05-01,Telcm_excess,0.033,0.00544024,-0.00456905,0.0
2024-05-01,Shops_excess,0.0203,0.0076518,-0.00243092,0.0
2024-05-01,Hlth_excess,0.0276,0.00792474,0.0010433,0.0010433
2024-05-01,Utils_excess,0.0759,0.00599092,-0.0009255,0.0
2024-05-01,Other_excess,0.0282,0.00644204,-0.00351811,0.0
2024-06-01,NoDur_excess,-0.0251,0.00672198,0.00583529,0.00583529
2024-06-01,Durbl_excess,0.0572,0.00853199,0.00548905,0.00548905
2024-06-01,Manuf_excess,-0.0231,0.00745398,0.00722309,0.00722309
2024-06-01,Enrgy_excess,-0.0256,0.00770736,0.00549171,0.00549171
2024-06-01,HiTec_excess,0.0716,0.00881129,0.00977564,0.00977564
2024-06-01,Telcm_excess,-0.0101,0.00546382,0.00258939,0.00258939
2024-06-01,Shops_excess,0.0312,0.00766262,0.01015782,0.01015782
2024-06-01,Hlth_excess,0.0252,0.00794157,0.00934677,0.00934677
2024-06-01,Utils_excess,-0.0457,0.00605073,0.00681326,0.00681326
2024-06-01,Other_excess,-0.0054,0.00646065,0.00750998,0.00750998
2024-07-01,NoDur_excess,0.0432,0.00669479,0.00297544,0.00297544
2024-07-01,Durbl_excess,0.1113,0.00857359,0.00311934,0.00311934
2024-07-01,Manuf_excess,0.0298,0.00742786,0.00579849,0.00579849
2024-07-01,Enrgy_excess,0.0154,0.00767889,0.00572007,0.00572007
2024-07-01,HiTec_excess,-0.022,0.00886496,0.00935941,0.00935941
2024-07-01,Telcm_excess,0.034,0.00545051,0.00104484,0.00104484
2024-07-01,Shops_excess,0.0009,0.00768274,0.00774889,0.00774889
2024-07-01,Hlth_excess,0.0038,0.00795632,0.00836143,0.00836143
2024-07-01,Utils_excess,0.0594,0.0060065,0.00386933,0.00386933
2024-07-01,Other_excess,0.0575,0.00645051,0.00587882,0.00587882
2024-08-01,NoDur_excess,0.0362,0.00672596,0.00621957,0.00621957
2024-08-01,Durbl_excess,-0.0561,0.00866132,0.00850798,0.00850798
2024-08-01,Manuf_excess,0.0115,0.00744697,0.00804161,0.00804161
2024-08-01,Enrgy_excess,-0.034,0.00768548,0.0060626,0.0060626
2024-08-01,HiTec_excess,0.0087,0.0088386,0.0110224,0.0110224
2024-08-01,Telcm_excess,0.0076,0.00547489,0.00300277,0.00300277
2024-08-01,Shops_excess,0.0088,0.00767694,0.01114425,0.01114425
2024-08-01,Hlth_excess,0.0593,0.00795278,0.01016322,0.01016322
2024-08-01,Utils_excess,0.041,0.00605209,0.0073164,0.0073164
2024-08-01,Other_excess,0.0257,0.00649411,0.0085742,0.0085742
2024-09-01,NoDur_excess,0.0058,0.00675111,0.00497531,0.00497531
2024-09-01,Durbl_excess,0.1387,0.00860606,0.006535,0.006535
2024-09-01,Manuf_excess,0.021,0.00745043,0.00723345,0.00723345
2024-09-01,Enrgy_excess,-0.0355,0.00764991,0.00691105,0.00691105
2024-09-01,HiTec_excess,0.0257,0.00883848,0.0102167,0.0102167
2024-09-01,Telcm_excess,0.0516,0.00547671,0.0013537,0.0013537
2024-09-01,Shops_excess,0.0327,0.0076779,0.00944122,0.00944122
2024-09-01,Hlth_excess,-0.0224,0.00799659,0.01007341,0.01007341
2024-09-01,Utils_excess,0.0494,0.00608191,0.00730808,0.00730808
2024-09-01,Other_excess,0.0028,0.00651049,0.00708773,0.00708773
2024-10-01,NoDur_excess,-0.0298,0.0067503,0.0057008,0.0057008
2024-10-01,Durbl_excess,-0.0353,0.00871697,0.00892867,0.00892867
2024-10-01,Manuf_excess,-0.0441,0.00746198,0.00802257,0.00802257
2024-10-01,Enrgy_excess,-0.0093,0.00761313,0.00553986,0.00553986
2024-10-01,HiTec_excess,-0.0061,0.00885286,0.01117808,0.01117808
2024-10-01,Telcm_excess,0.0198,0.00551603,0.00251832,0.00251832
2024-10-01,Shops_excess,-0.0153,0.00769923,0.01040523,0.01040523
2024-10-01,Hlth_excess,-0.0354,0.00797067,0.00940432,0.00940432
2024-10-01,Utils_excess,0.003,0.00611884,0.0079592,0.0079592
2024-10-01,Other_excess,0.0071,0.00650733,0.00835613,0.00835613
2024-11-01,NoDur_excess,0.0113,0.00671917,-0.00175284,0.0
2024-11-01,Durbl_excess,0.2931,0.00867947,-0.0036192,0.0
2024-11-01,Manuf_excess,0.0595,0.00741806,0.00100087,0.00100087
2024-11-01,Enrgy_excess,0.0614,0.00759872,0.0058139,0.0058139
2024-11-01,HiTec_excess,0.0455,0.00884012,0.00379595,0.00379595
2024-11-01,Telcm_excess,0.0878,0.00552819,-0.00248119,0.0
2024-11-01,Shops_excess,0.0956,0.00767964,0.00023044,0.00023044
2024-11-01,Hlth_excess,-0.0091,0.00793373,0.00328272,0.00328272
2024-11-01,Utils_excess,0.0581,0.00611618,0.00200565,0.00200565
2024-11-01,Other_excess,0.0978,0.00650784,0.00019346,0.00019346
2024-12-01,NoDur_excess,-0.0541,0.00672306,0.0061471,0.0061471
2024-12-01,Durbl_excess,0.1064,0.00892153,0.00972599,0.00972599
2024-12-01,Manuf_excess,-0.0818,0.00746238,0.00757919,0.00757919
2024-12-01,Enrgy_excess,-0.0935,0.00764451,0.00716773,0.00716773
2024-12-01,HiTec_excess,0.0106,0.00887132,0.01104064,0.01104064
2024-12-01,Telcm_excess,-0.0833,0.00559821,0.00354538,0.00354538
2024-12-01,Shops_excess,-0.0224,0.00775447,0.01001071,0.01001071
2024-12-01,Hlth_excess,-0.0575,0.00791923,0.00904979,0.00904979
2024-12-01,Utils_excess,-0.0815,0.00616043,0.00833245,0.00833245
2024-12-01,Other_excess,-0.0745,0.00658553,0.00858105,0.00858105
