date,asset,realized,random_forest,rf_n_estimators,rf_max_depth,rf_min_samples_leaf,rf_min_samples_split,rf_max_features
1967-01-01,NoDur_excess,0.0896,0.00703098,300,3,20,10,0.3
1967-01-01,Durbl_excess,0.1135,-0.00834627,500,3,5,20,0.3
1967-01-01,Manuf_excess,0.1076,0.00679279,300,3,10,20,sqrt
1967-01-01,Enrgy_excess,0.0315,0.00908596,300,3,20,10,0.3
1967-01-01,HiTec_excess,0.0988,0.01439396,300,3,10,10,0.3
1967-01-01,Telcm_excess,0.0581,0.00948298,300,3,5,20,0.3
1967-01-01,Shops_excess,0.1137,0.00148165,300,3,20,10,0.3
1967-01-01,Hlth_excess,0.0602,0.00852172,300,3,20,10,0.3
1967-01-01,Utils_excess,0.0241,0.01344149,300,3,5,20,0.3
1967-01-01,Other_excess,0.1154,0.00733214,500,3,10,10,0.3
1967-02-01,NoDur_excess,0.0167,0.00917647,300,3,20,10,0.3
1967-02-01,Durbl_excess,-0.0145,0.00431743,500,3,5,20,0.3
1967-02-01,Manuf_excess,0.0086,0.00720916,300,3,10,20,sqrt
1967-02-01,Enrgy_excess,-0.0046,0.00650146,300,3,20,10,0.3
1967-02-01,HiTec_excess,0.0583,0.01776309,300,3,10,10,0.3
1967-02-01,Telcm_excess,0.0177,0.00866782,300,3,5,20,0.3
1967-02-01,Shops_excess,0.0286,0.00610226,300,3,20,10,0.3
1967-02-01,Hlth_excess,0.0104,0.01109539,300,3,20,10,0.3
1967-02-01,Utils_excess,-0.0209,0.02495214,300,3,5,20,0.3
1967-02-01,Other_excess,-0.0068,0.00879376,500,3,10,10,0.3
1967-03-01,NoDur_excess,0.0406,0.00778597,300,3,20,10,0.3
1967-03-01,Durbl_excess,0.0345,0.00593625,500,3,5,20,0.3
1967-03-01,Manuf_excess,0.054,0.00813362,300,3,10,20,sqrt
1967-03-01,Enrgy_excess,0.0323,0.00525005,300,3,20,10,0.3
1967-03-01,HiTec_excess,0.0512,0.01411322,300,3,10,10,0.3
1967-03-01,Telcm_excess,0.0257,0.00863422,300,3,5,20,0.3
1967-03-01,Shops_excess,0.0194,0.0046174,300,3,20,10,0.3
1967-03-01,Hlth_excess,0.0747,0.01063749,300,3,20,10,0.3
1967-03-01,Utils_excess,0.0115,0.01004561,300,3,5,20,0.3
1967-03-01,Other_excess,0.0402,0.0072252,500,3,10,10,0.3
1967-04-01,NoDur_excess,0.0428,0.00878195,300,3,20,10,0.3
1967-04-01,Durbl_excess,0.1074,0.00938448,500,3,5,20,0.3
1967-04-01,Manuf_excess,0.0343,0.00795854,300,3,10,20,sqrt
1967-04-01,Enrgy_excess,0.0135,0.00916512,300,3,20,10,0.3
1967-04-01,HiTec_excess,0.0751,0.01560448,300,3,10,10,0.3
1967-04-01,Telcm_excess,-0.001,0.00838551,300,3,5,20,0.3
1967-04-01,Shops_excess,0.0889,0.00649587,300,3,20,10,0.3
1967-04-01,Hlth_excess,0.0413,0.0125997,300,3,20,10,0.3
1967-04-01,Utils_excess,0.0156,0.0102253,300,3,5,20,0.3
1967-04-01,Other_excess,0.0179,0.00792904,500,3,10,10,0.3
1967-05-01,NoDur_excess,-0.0305,0.00665471,300,3,20,10,0.3
1967-05-01,Durbl_excess,-0.0768,0.00987792,500,3,5,20,0.3
1967-05-01,Manuf_excess,-0.04,0.00771424,300,3,10,20,sqrt
1967-05-01,Enrgy_excess,-0.0279,0.0040056,300,3,20,10,0.3
1967-05-01,HiTec_excess,-0.0467,0.01360939,300,3,10,10,0.3
1967-05-01,Telcm_excess,-0.0599,0.0072517,300,3,5,20,0.3
1967-05-01,Shops_excess,-0.049,0.00782013,300,3,20,10,0.3
1967-05-01,Hlth_excess,-0.0562,0.00937888,300,3,20,10,0.3
1967-05-01,Utils_excess,-0.0445,0.0126802,300,3,5,20,0.3
1967-05-01,Other_excess,-0.0235,0.00791903,500,3,10,10,0.3
1967-06-01,NoDur_excess,0.0248,0.00674924,300,3,20,10,0.3
1967-06-01,Durbl_excess,0.0132,0.00517599,500,3,5,20,0.3
1967-06-01,Manuf_excess,0.0183,0.00931044,300,3,10,20,sqrt
1967-06-01,Enrgy_excess,0.0201,0.00702266,300,3,20,10,0.3
1967-06-01,HiTec_excess,0.0615,0.01417844,300,3,10,10,0.3
1967-06-01,Telcm_excess,0.0246,0.00429046,300,3,5,20,0.3
1967-06-01,Shops_excess,0.0351,0.00642336,300,3,20,10,0.3
1967-06-01,Hlth_excess,0.0514,0.01016716,300,3,20,10,0.3
1967-06-01,Utils_excess,-0.0158,0.00857367,300,3,5,20,0.3
1967-06-01,Other_excess,0.0324,0.00805284,500,3,10,10,0.3
1967-07-01,NoDur_excess,0.0574,0.00768103,300,3,20,10,0.3
1967-07-01,Durbl_excess,0.108,0.00957141,500,3,5,20,0.3
1967-07-01,Manuf_excess,0.0472,0.00789563,300,3,10,20,sqrt
1967-07-01,Enrgy_excess,0.0662,0.00559456,300,3,20,10,0.3
1967-07-01,HiTec_excess,0.0368,0.01376752,300,3,10,10,0.3
1967-07-01,Telcm_excess,-0.0689,0.00738376,300,3,5,20,0.3
1967-07-01,Shops_excess,0.0569,0.00667403,300,3,20,10,0.3
1967-07-01,Hlth_excess,0.0348,0.01282169,300,3,20,10,0.3
1967-07-01,Utils_excess,0.0202,0.00946037,300,3,5,20,0.3
1967-07-01,Other_excess,0.0751,0.00774707,500,3,10,10,0.3
1967-08-01,NoDur_excess,-0.0113,0.00610096,300,3,20,10,0.3
1967-08-01,Durbl_excess,-0.0017,0.00758152,500,3,5,20,0.3
1967-08-01,Manuf_excess,-0.0071,0.00788586,300,3,10,20,sqrt
1967-08-01,Enrgy_excess,-0.0179,0.00775913,300,3,20,10,0.3
1967-08-01,HiTec_excess,-0.0132,0.01160734,300,3,10,10,0.3
1967-08-01,Telcm_excess,-0.0155,0.00351125,300,3,5,20,0.3
1967-08-01,Shops_excess,0.0002,0.00768912,300,3,20,10,0.3
1967-08-01,Hlth_excess,0.0034,0.00785017,300,3,20,10,0.3
1967-08-01,Utils_excess,-0.0096,0.0088445,300,3,5,20,0.3
1967-08-01,Other_excess,-0.0056,0.00761035,500,3,10,10,0.3
1967-09-01,NoDur_excess,0.0278,0.00537503,300,3,20,10,0.3
1967-09-01,Durbl_excess,0.0466,0.00777103,500,3,5,20,0.3
1967-09-01,Manuf_excess,0.0279,0.00782452,300,3,10,20,sqrt
1967-09-01,Enrgy_excess,0.0392,0.00385153,300,3,20,10,0.3
1967-09-01,HiTec_excess,0.0804,0.01215453,300,3,10,10,0.3
1967-09-01,Telcm_excess,0.009,0.00327661,300,3,5,20,0.3
1967-09-01,Shops_excess,0.0213,0.00531963,300,3,20,10,0.3
1967-09-01,Hlth_excess,0.0258,0.00490466,300,3,20,10,0.3
1967-09-01,Utils_excess,-0.0042,0.00780685,300,3,5,20,0.3
1967-09-01,Other_excess,0.0095,0.00732579,500,3,10,10,0.3
1967-10-01,NoDur_excess,-0.0301,0.00632998,300,3,20,10,0.3
1967-10-01,Durbl_excess,-0.053,0.00572013,500,3,5,20,0.3
1967-10-01,Manuf_excess,-0.0491,0.00806641,300,3,10,20,sqrt
1967-10-01,Enrgy_excess,-0.0135,0.00529053,300,3,20,10,0.3
1967-10-01,HiTec_excess,0.045,0.01231384,300,3,10,10,0.3
1967-10-01,Telcm_excess,-0.0388,0.00407577,300,3,5,20,0.3
1967-10-01,Shops_excess,0.0027,0.00711866,300,3,20,10,0.3
1967-10-01,Hlth_excess,-0.0542,0.00558037,300,3,20,10,0.3
1967-10-01,Utils_excess,-0.0576,0.00650333,300,3,5,20,0.3
1967-10-01,Other_excess,-0.0543,0.00722956,500,3,10,10,0.3
1967-11-01,NoDur_excess,0.0013,0.00561989,300,3,20,10,0.3
1967-11-01,Durbl_excess,-0.0132,0.00428721,500,3,5,20,0.3
1967-11-01,Manuf_excess,0.0027,0.00671721,300,3,10,20,sqrt
1967-11-01,Enrgy_excess,0.0042,0.00499024,300,3,20,10,0.3
1967-11-01,HiTec_excess,0.0106,0.01330593,300,3,10,10,0.3
1967-11-01,Telcm_excess,-0.0028,0.00290332,300,3,5,20,0.3
1967-11-01,Shops_excess,0.0048,0.00621,300,3,20,10,0.3
1967-11-01,Hlth_excess,0.0097,0.00468986,300,3,20,10,0.3
1967-11-01,Utils_excess,0.0283,0.00741036,300,3,5,20,0.3
1967-11-01,Other_excess,-0.0068,0.00713295,500,3,10,10,0.3
1967-12-01,NoDur_excess,0.028,0.00579625,300,3,20,10,0.3
1967-12-01,Durbl_excess,0.0055,0.00261027,500,3,5,20,0.3
1967-12-01,Manuf_excess,0.0487,0.00718362,300,3,10,20,sqrt
1967-12-01,Enrgy_excess,0.0274,0.00793661,300,3,20,10,0.3
1967-12-01,HiTec_excess,0.018,0.01466173,300,3,10,10,0.3
1967-12-01,Telcm_excess,-0.0021,0.00391749,300,3,5,20,0.3
1967-12-01,Shops_excess,0.0312,0.0063892,300,3,20,10,0.3
1967-12-01,Hlth_excess,0.0137,0.00626712,300,3,20,10,0.3
1967-12-01,Utils_excess,0.0296,0.00983219,300,3,5,20,0.3
1967-12-01,Other_excess,0.0507,0.00844167,500,3,10,10,0.3
1968-01-01,NoDur_excess,-0.0083,0.00643821,300,3,20,10,0.3
1968-01-01,Durbl_excess,-0.0555,0.00273633,500,3,5,20,0.3
1968-01-01,Manuf_excess,-0.0676,0.00744088,300,3,10,20,sqrt
1968-01-01,Enrgy_excess,-0.013,0.00819873,300,3,20,10,0.3
1968-01-01,HiTec_excess,-0.0913,0.01427992,300,3,10,10,0.3
1968-01-01,Telcm_excess,0.0227,0.00568141,300,3,5,20,0.3
1968-01-01,Shops_excess,0.0073,0.00927511,300,3,20,10,0.3
1968-01-01,Hlth_excess,-0.0697,0.00796854,300,3,20,10,0.3
1968-01-01,Utils_excess,-0.0022,0.00944331,300,3,5,20,0.3
1968-01-01,Other_excess,-0.023,0.0074439,500,3,10,10,0.3
1968-02-01,NoDur_excess,-0.031,0.00833648,300,3,20,10,0.3
1968-02-01,Durbl_excess,-0.0273,0.00555678,500,3,5,20,0.3
1968-02-01,Manuf_excess,-0.0466,0.00609532,300,3,10,20,sqrt
1968-02-01,Enrgy_excess,-0.0307,0.00663875,300,3,20,10,0.3
1968-02-01,HiTec_excess,-0.0497,0.01488166,300,3,10,10,0.3
1968-02-01,Telcm_excess,-0.0281,0.0142838,300,3,5,20,0.3
1968-02-01,Shops_excess,-0.0124,0.0084903,300,3,20,10,0.3
1968-02-01,Hlth_excess,-0.0464,0.00989812,300,3,20,10,0.3
1968-02-01,Utils_excess,-0.0188,0.01347222,300,3,5,20,0.3
1968-02-01,Other_excess,-0.0383,0.00911052,500,3,10,10,0.3
1968-03-01,NoDur_excess,0.0026,0.00704595,300,3,20,10,0.3
1968-03-01,Durbl_excess,0.0027,0.00575446,500,3,5,20,0.3
1968-03-01,Manuf_excess,0.0046,0.00800217,300,3,10,20,sqrt
1968-03-01,Enrgy_excess,0.0036,0.00728504,300,3,20,10,0.3
1968-03-01,HiTec_excess,0.0386,0.01484945,300,3,10,10,0.3
1968-03-01,Telcm_excess,-0.015,0.00840477,300,3,5,20,0.3
1968-03-01,Shops_excess,0.0248,0.00744262,300,3,20,10,0.3
1968-03-01,Hlth_excess,-0.0027,0.00931978,300,3,20,10,0.3
1968-03-01,Utils_excess,-0.0432,0.0101394,300,3,5,20,0.3
1968-03-01,Other_excess,-0.0065,0.0076641,500,3,10,10,0.3
1968-04-01,NoDur_excess,0.1054,0.00764248,300,3,20,10,0.3
1968-04-01,Durbl_excess,0.1126,0.00641948,500,3,5,20,0.3
1968-04-01,Manuf_excess,0.1022,0.00803463,300,3,10,20,sqrt
1968-04-01,Enrgy_excess,0.0522,0.00658932,300,3,20,10,0.3
1968-04-01,HiTec_excess,0.1201,0.01534798,300,3,10,10,0.3
1968-04-01,Telcm_excess,0.0178,0.00813074,300,3,5,20,0.3
1968-04-01,Shops_excess,0.1179,0.00752729,300,3,20,10,0.3
1968-04-01,Hlth_excess,0.1147,0.01056462,300,3,20,10,0.3
1968-04-01,Utils_excess,0.0199,0.0101419,300,3,5,20,0.3
1968-04-01,Other_excess,0.1151,0.00784497,500,3,10,10,0.3
1968-05-01,NoDur_excess,0.0455,0.00643069,300,3,20,10,0.3
1968-05-01,Durbl_excess,-0.0079,0.00457217,500,3,5,20,0.3
1968-05-01,Manuf_excess,0.0271,0.00833706,300,3,10,20,sqrt
1968-05-01,Enrgy_excess,0.0079,0.00800709,300,3,20,10,0.3
1968-05-01,HiTec_excess,0.0338,0.0161729,300,3,10,10,0.3
1968-05-01,Telcm_excess,-0.0118,0.00787077,300,3,5,20,0.3
1968-05-01,Shops_excess,0.0298,0.00779328,300,3,20,10,0.3
1968-05-01,Hlth_excess,0.029,0.00589026,300,3,20,10,0.3
1968-05-01,Utils_excess,-0.0001,0.00816573,300,3,5,20,0.3
1968-05-01,Other_excess,0.0578,0.01020085,500,3,10,10,0.3
1968-06-01,NoDur_excess,0.0057,0.00712521,300,3,20,10,0.3
1968-06-01,Durbl_excess,-0.0185,0.0052463,500,3,5,20,0.3
1968-06-01,Manuf_excess,-0.0065,0.00747542,300,3,10,20,sqrt
1968-06-01,Enrgy_excess,0.0141,0.00676583,300,3,20,10,0.3
1968-06-01,HiTec_excess,-0.0246,0.01606545,300,3,10,10,0.3
1968-06-01,Telcm_excess,0.0375,0.00579777,300,3,5,20,0.3
1968-06-01,Shops_excess,0.0008,0.00856252,300,3,20,10,0.3
1968-06-01,Hlth_excess,0.018,0.00630486,300,3,20,10,0.3
1968-06-01,Utils_excess,0.0802,0.00719653,300,3,5,20,0.3
1968-06-01,Other_excess,0.026,0.00757357,500,3,10,10,0.3
1968-07-01,NoDur_excess,-0.0417,0.00696147,300,3,20,10,0.3
1968-07-01,Durbl_excess,-0.034,0.00428794,500,3,5,20,0.3
1968-07-01,Manuf_excess,-0.0445,0.00596024,300,3,10,20,sqrt
1968-07-01,Enrgy_excess,0.048,0.00671054,300,3,20,10,0.3
1968-07-01,HiTec_excess,-0.0599,0.01606802,300,3,10,10,0.3
1968-07-01,Telcm_excess,-0.0068,0.00750254,300,3,5,20,0.3
1968-07-01,Shops_excess,-0.0564,0.0076354,300,3,20,10,0.3
1968-07-01,Hlth_excess,-0.046,0.0059248,300,3,20,10,0.3
1968-07-01,Utils_excess,-0.003,0.01050295,300,3,5,20,0.3
1968-07-01,Other_excess,-0.0349,0.00765352,500,3,10,10,0.3
1968-08-01,NoDur_excess,0.0232,0.00580239,300,3,20,10,0.3
1968-08-01,Durbl_excess,0.0083,0.00388029,500,3,5,20,0.3
1968-08-01,Manuf_excess,0.0292,0.00482821,300,3,10,20,sqrt
1968-08-01,Enrgy_excess,0.0088,0.00635522,300,3,20,10,0.3
1968-08-01,HiTec_excess,0.0012,0.01340821,300,3,10,10,0.3
1968-08-01,Telcm_excess,0.0087,0.00731956,300,3,5,20,0.3
1968-08-01,Shops_excess,0.0184,0.00607142,300,3,20,10,0.3
1968-08-01,Hlth_excess,0.0026,0.0041896,300,3,20,10,0.3
1968-08-01,Utils_excess,-0.0129,0.0100759,300,3,5,20,0.3
1968-08-01,Other_excess,0.022,0.00749114,500,3,10,10,0.3
1968-09-01,NoDur_excess,0.0444,0.00646845,300,3,20,10,0.3
1968-09-01,Durbl_excess,0.0621,0.00546158,500,3,5,20,0.3
1968-09-01,Manuf_excess,0.0412,0.0073966,300,3,10,20,sqrt
1968-09-01,Enrgy_excess,0.0308,0.00622086,300,3,20,10,0.3
1968-09-01,HiTec_excess,0.0251,0.01359502,300,3,10,10,0.3
1968-09-01,Telcm_excess,0.0254,0.00638422,300,3,5,20,0.3
1968-09-01,Shops_excess,0.0741,0.00731915,300,3,20,10,0.3
1968-09-01,Hlth_excess,0.0041,0.00266659,300,3,20,10,0.3
1968-09-01,Utils_excess,-0.0017,0.01138523,300,3,5,20,0.3
1968-09-01,Other_excess,0.0901,0.00796287,500,3,10,10,0.3
1968-10-01,NoDur_excess,0.0043,0.00587561,300,3,20,10,0.3
1968-10-01,Durbl_excess,0.0423,0.00591869,500,3,5,20,0.3
1968-10-01,Manuf_excess,0.0049,0.00686487,300,3,10,20,sqrt
1968-10-01,Enrgy_excess,0.0215,0.00556311,300,3,20,10,0.3
1968-10-01,HiTec_excess,-0.0534,0.01232994,300,3,10,10,0.3
1968-10-01,Telcm_excess,0.0273,0.00668521,300,3,5,20,0.3
1968-10-01,Shops_excess,0.0025,0.00691911,300,3,20,10,0.3
1968-10-01,Hlth_excess,-0.0048,0.00378636,300,3,20,10,0.3
1968-10-01,Utils_excess,0.0005,0.00688331,300,3,5,20,0.3
1968-10-01,Other_excess,0.0065,0.00730366,500,3,10,10,0.3
1968-11-01,NoDur_excess,0.0425,0.00526154,300,3,20,10,0.3
1968-11-01,Durbl_excess,-0.0056,0.00603964,500,3,5,20,0.3
1968-11-01,Manuf_excess,0.0535,0.00617902,300,3,10,20,sqrt
1968-11-01,Enrgy_excess,0.0526,0.00433488,300,3,20,10,0.3
1968-11-01,HiTec_excess,0.0819,0.01016419,300,3,10,10,0.3
1968-11-01,Telcm_excess,0.0497,0.00638139,300,3,5,20,0.3
1968-11-01,Shops_excess,0.0472,0.00613133,300,3,20,10,0.3
1968-11-01,Hlth_excess,0.077,0.00405616,300,3,20,10,0.3
1968-11-01,Utils_excess,0.0839,0.00676121,300,3,5,20,0.3
1968-11-01,Other_excess,0.0729,0.00644778,500,3,10,10,0.3
1968-12-01,NoDur_excess,-0.0145,0.00462497,300,3,20,10,0.3
1968-12-01,Durbl_excess,-0.0489,0.00488409,500,3,5,20,0.3
1968-12-01,Manuf_excess,-0.0375,0.00390241,300,3,10,20,sqrt
1968-12-01,Enrgy_excess,-0.0296,0.00377239,300,3,20,10,0.3
1968-12-01,HiTec_excess,-0.0577,0.003779,300,3,10,10,0.3
1968-12-01,Telcm_excess,-0.071,0.00381607,300,3,5,20,0.3
1968-12-01,Shops_excess,-0.0456,0.00702534,300,3,20,10,0.3
1968-12-01,Hlth_excess,-0.0145,0.00199295,300,3,20,10,0.3
1968-12-01,Utils_excess,-0.0335,0.00662218,300,3,5,20,0.3
1968-12-01,Other_excess,-0.0411,0.00678491,500,3,10,10,0.3
1969-01-01,NoDur_excess,-0.0172,0.0034568,300,3,20,10,0.3
1969-01-01,Durbl_excess,-0.0225,0.00539945,500,3,5,20,0.3
1969-01-01,Manuf_excess,-0.0098,0.00673922,300,3,10,20,sqrt
1969-01-01,Enrgy_excess,-0.0167,0.0044027,300,3,20,10,0.3
1969-01-01,HiTec_excess,-0.0521,0.01095404,300,3,10,10,0.3
1969-01-01,Telcm_excess,0.0064,0.00404826,300,3,5,20,0.3
1969-01-01,Shops_excess,-0.015,0.00599283,300,3,20,10,0.3
1969-01-01,Hlth_excess,-0.0076,0.00429141,300,3,20,10,0.3
1969-01-01,Utils_excess,0.0191,0.00873543,300,3,5,20,0.3
1969-01-01,Other_excess,0.0025,0.00687999,500,3,10,10,0.3
1969-02-01,NoDur_excess,-0.0708,0.00458001,300,3,20,10,0.3
1969-02-01,Durbl_excess,-0.0404,0.0035422,500,3,5,20,0.3
1969-02-01,Manuf_excess,-0.0619,0.0063221,300,3,10,20,sqrt
1969-02-01,Enrgy_excess,-0.0541,0.00222871,300,3,20,10,0.3
1969-02-01,HiTec_excess,-0.0408,0.01071521,300,3,10,10,0.3
1969-02-01,Telcm_excess,-0.038,0.00459489,300,3,5,20,0.3
1969-02-01,Shops_excess,-0.0461,0.00487286,300,3,20,10,0.3
1969-02-01,Hlth_excess,-0.0563,0.00392054,300,3,20,10,0.3
1969-02-01,Utils_excess,-0.0568,0.01547965,300,3,5,20,0.3
1969-02-01,Other_excess,-0.0887,0.00745519,500,3,10,10,0.3
1969-03-01,NoDur_excess,0.0025,0.00472471,300,3,20,10,0.3
1969-03-01,Durbl_excess,0.0464,0.00666033,500,3,5,20,0.3
1969-03-01,Manuf_excess,0.0219,0.00853005,300,3,10,20,sqrt
1969-03-01,Enrgy_excess,0.069,0.00413455,300,3,20,10,0.3
1969-03-01,HiTec_excess,0.0498,0.01516547,300,3,10,10,0.3
1969-03-01,Telcm_excess,-0.0088,0.00541945,300,3,5,20,0.3
1969-03-01,Shops_excess,0.0461,0.00380042,300,3,20,10,0.3
1969-03-01,Hlth_excess,0.0289,0.00719659,300,3,20,10,0.3
1969-03-01,Utils_excess,-0.0175,0.0088902,300,3,5,20,0.3
1969-03-01,Other_excess,0.0028,0.00754693,500,3,10,10,0.3
1969-04-01,NoDur_excess,0.0052,0.0018544,300,3,20,10,0.3
1969-04-01,Durbl_excess,0.0069,0.0054554,500,3,5,20,0.3
1969-04-01,Manuf_excess,0.0077,0.00627555,300,3,10,20,sqrt
1969-04-01,Enrgy_excess,-0.0089,0.00442759,300,3,20,10,0.3
1969-04-01,HiTec_excess,0.0333,0.01093882,300,3,10,10,0.3
1969-04-01,Telcm_excess,0.0715,0.00293363,300,3,5,20,0.3
1969-04-01,Shops_excess,0.0341,0.00378043,300,3,20,10,0.3
1969-04-01,Hlth_excess,0.0445,0.00342222,300,3,20,10,0.3
1969-04-01,Utils_excess,0.0081,0.00587791,300,3,5,20,0.3
1969-04-01,Other_excess,0.013,0.00431739,500,3,10,10,0.3
1969-05-01,NoDur_excess,0.0073,0.00256419,300,3,20,10,0.3
1969-05-01,Durbl_excess,-0.0035,0.0018514,500,3,5,20,0.3
1969-05-01,Manuf_excess,-0.0134,0.00511912,300,3,10,20,sqrt
1969-05-01,Enrgy_excess,0.0352,0.00501984,300,3,20,10,0.3
1969-05-01,HiTec_excess,-0.0208,0.00952125,300,3,10,10,0.3
1969-05-01,Telcm_excess,0.0059,0.0080978,300,3,5,20,0.3
1969-05-01,Shops_excess,0.0,0.00475558,300,3,20,10,0.3
1969-05-01,Hlth_excess,0.012,0.00487493,300,3,20,10,0.3
1969-05-01,Utils_excess,-0.0046,0.00699696,300,3,5,20,0.3
1969-05-01,Other_excess,-0.0168,0.00533835,500,3,10,10,0.3
1969-06-01,NoDur_excess,-0.0788,0.00399593,300,3,20,10,0.3
1969-06-01,Durbl_excess,-0.065,0.00545793,500,3,5,20,0.3
1969-06-01,Manuf_excess,-0.0743,0.00500844,300,3,10,20,sqrt
1969-06-01,Enrgy_excess,-0.1047,0.00213666,300,3,20,10,0.3
1969-06-01,HiTec_excess,-0.0067,0.00892233,300,3,10,10,0.3
1969-06-01,Telcm_excess,-0.0451,0.00415449,300,3,5,20,0.3
1969-06-01,Shops_excess,-0.0602,0.00562474,300,3,20,10,0.3
1969-06-01,Hlth_excess,-0.0555,0.00259052,300,3,20,10,0.3
1969-06-01,Utils_excess,-0.0625,0.01153533,300,3,5,20,0.3
1969-06-01,Other_excess,-0.1103,0.0048069,500,3,10,10,0.3
1969-07-01,NoDur_excess,-0.0738,0.00508539,300,3,20,10,0.3
1969-07-01,Durbl_excess,-0.075,0.00717399,500,3,5,20,0.3
1969-07-01,Manuf_excess,-0.0598,0.00820581,300,3,10,20,sqrt
1969-07-01,Enrgy_excess,-0.1017,0.00665599,300,3,20,10,0.3
1969-07-01,HiTec_excess,-0.0596,0.01676247,300,3,10,10,0.3
1969-07-01,Telcm_excess,-0.0503,0.00750971,300,3,5,20,0.3
1969-07-01,Shops_excess,-0.0898,0.00537491,300,3,20,10,0.3
1969-07-01,Hlth_excess,-0.0326,0.00988543,300,3,20,10,0.3
1969-07-01,Utils_excess,-0.0351,0.00896482,300,3,5,20,0.3
1969-07-01,Other_excess,-0.0966,0.00734072,500,3,10,10,0.3
1969-08-01,NoDur_excess,0.0445,0.00274332,300,3,20,10,0.3
1969-08-01,Durbl_excess,0.0223,0.00378491,500,3,5,20,0.3
1969-08-01,Manuf_excess,0.0369,0.00453592,300,3,10,20,sqrt
1969-08-01,Enrgy_excess,0.0612,0.00225522,300,3,20,10,0.3
1969-08-01,HiTec_excess,0.0653,0.01594249,300,3,10,10,0.3
1969-08-01,Telcm_excess,0.0115,0.00798891,300,3,5,20,0.3
1969-08-01,Shops_excess,0.0763,0.00116336,300,3,20,10,0.3
1969-08-01,Hlth_excess,0.0881,0.00953753,300,3,20,10,0.3
1969-08-01,Utils_excess,-0.0179,0.00933261,300,3,5,20,0.3
1969-08-01,Other_excess,0.0848,0.00041438,500,3,10,10,0.3
1969-09-01,NoDur_excess,-0.0029,0.00461024,300,3,20,10,0.3
1969-09-01,Durbl_excess,-0.0068,0.00646778,500,3,5,20,0.3
1969-09-01,Manuf_excess,-0.0269,0.00730166,300,3,10,20,sqrt
1969-09-01,Enrgy_excess,-0.1025,0.0026791,300,3,20,10,0.3
1969-09-01,HiTec_excess,-0.0042,0.01631257,300,3,10,10,0.3
1969-09-01,Telcm_excess,-0.0462,0.00763355,300,3,5,20,0.3
1969-09-01,Shops_excess,-0.0128,0.00459726,300,3,20,10,0.3
1969-09-01,Hlth_excess,0.0147,0.01193802,300,3,20,10,0.3
1969-09-01,Utils_excess,-0.0477,0.00894433,300,3,5,20,0.3
1969-09-01,Other_excess,-0.0125,0.00375009,500,3,10,10,0.3
1969-10-01,NoDur_excess,0.0772,0.00560284,300,3,20,10,0.3
1969-10-01,Durbl_excess,0.0326,0.00665998,500,3,5,20,0.3
1969-10-01,Manuf_excess,0.0608,0.00533471,300,3,10,20,sqrt
1969-10-01,Enrgy_excess,-0.0163,-0.00125212,300,3,20,10,0.3
1969-10-01,HiTec_excess,0.0519,0.01549892,300,3,10,10,0.3
1969-10-01,Telcm_excess,0.029,0.00457382,300,3,5,20,0.3
1969-10-01,Shops_excess,0.0611,0.00568747,300,3,20,10,0.3
1969-10-01,Hlth_excess,0.0838,0.01034253,300,3,20,10,0.3
1969-10-01,Utils_excess,0.077,0.01348256,300,3,5,20,0.3
1969-10-01,Other_excess,0.074,0.00470087,500,3,10,10,0.3
1969-11-01,NoDur_excess,-0.0288,0.00552443,300,3,20,10,0.3
1969-11-01,Durbl_excess,-0.05,-0.00108445,500,3,5,20,0.3
1969-11-01,Manuf_excess,-0.0394,0.00488869,300,3,10,20,sqrt
1969-11-01,Enrgy_excess,-0.0508,0.00078903,300,3,20,10,0.3
1969-11-01,HiTec_excess,-0.0231,0.01285187,300,3,10,10,0.3
1969-11-01,Telcm_excess,0.0064,0.0068404,300,3,5,20,0.3
1969-11-01,Shops_excess,-0.0461,0.00370366,300,3,20,10,0.3
1969-11-01,Hlth_excess,-0.002,0.01137155,300,3,20,10,0.3
1969-11-01,Utils_excess,-0.058,0.00693319,300,3,5,20,0.3
1969-11-01,Other_excess,-0.0608,0.0045532,500,3,10,10,0.3
1969-12-01,NoDur_excess,-0.0258,0.00479216,300,3,20,10,0.3
1969-12-01,Durbl_excess,-0.0408,-4.158e-05,500,3,5,20,0.3
1969-12-01,Manuf_excess,-0.0207,0.00419299,300,3,10,20,sqrt
1969-12-01,Enrgy_excess,-0.0365,-0.00076736,300,3,20,10,0.3
1969-12-01,HiTec_excess,-0.0138,0.01332346,300,3,10,10,0.3
1969-12-01,Telcm_excess,-0.0615,0.0038749,300,3,5,20,0.3
1969-12-01,Shops_excess,-0.0364,0.00329857,300,3,20,10,0.3
1969-12-01,Hlth_excess,0.0366,0.01335722,300,3,20,10,0.3
1969-12-01,Utils_excess,-0.0127,0.00629188,300,3,5,20,0.3
1969-12-01,Other_excess,-0.044,0.00227865,500,3,10,10,0.3
1970-01-01,NoDur_excess,-0.0485,0.00480222,500,5,20,20,0.3
1970-01-01,Durbl_excess,-0.0885,0.00077882,500,3,10,10,0.3
1970-01-01,Manuf_excess,-0.079,0.00611298,500,3,20,10,0.3
1970-01-01,Enrgy_excess,-0.1206,0.00241595,500,3,20,10,0.3
1970-01-01,HiTec_excess,-0.0967,0.01659147,300,3,20,10,0.5
1970-01-01,Telcm_excess,-0.0317,0.00533833,300,3,20,10,0.3
1970-01-01,Shops_excess,-0.0669,0.00437992,500,3,20,10,0.3
1970-01-01,Hlth_excess,-0.0772,0.0191558,300,7,20,10,0.3
1970-01-01,Utils_excess,-0.0484,0.00896231,300,3,20,10,0.5
1970-01-01,Other_excess,-0.0945,0.00367496,300,3,10,10,0.3
1970-02-01,NoDur_excess,0.0408,0.00912005,500,5,20,20,0.3
1970-02-01,Durbl_excess,0.0498,-0.00058874,500,3,10,10,0.3
1970-02-01,Manuf_excess,0.0457,0.00502,500,3,20,10,0.3
1970-02-01,Enrgy_excess,0.0477,-0.00142307,500,3,20,10,0.3
1970-02-01,HiTec_excess,0.0233,0.01680691,300,3,20,10,0.5
1970-02-01,Telcm_excess,0.0735,0.00759637,300,3,20,10,0.3
1970-02-01,Shops_excess,0.0496,0.00459854,500,3,20,10,0.3
1970-02-01,Hlth_excess,0.0498,0.01353624,300,7,20,10,0.3
1970-02-01,Utils_excess,0.0776,0.01274642,300,3,20,10,0.5
1970-02-01,Other_excess,0.0886,0.00360804,300,3,10,10,0.3
1970-03-01,NoDur_excess,-0.0135,0.00460804,500,5,20,20,0.3
1970-03-01,Durbl_excess,0.043,-0.00086942,500,3,10,10,0.3
1970-03-01,Manuf_excess,-0.0086,0.00235891,500,3,20,10,0.3
1970-03-01,Enrgy_excess,-0.0102,0.00018967,500,3,20,10,0.3
1970-03-01,HiTec_excess,-0.0315,0.01292954,300,3,20,10,0.5
1970-03-01,Telcm_excess,0.0172,0.00725681,300,3,20,10,0.3
1970-03-01,Shops_excess,-0.0229,0.00103725,500,3,20,10,0.3
1970-03-01,Hlth_excess,-0.0566,0.01064755,300,7,20,10,0.3
1970-03-01,Utils_excess,0.0234,0.00990293,300,3,20,10,0.5
1970-03-01,Other_excess,-0.0237,0.00227083,300,3,10,10,0.3
1970-04-01,NoDur_excess,-0.1064,0.0035878,500,5,20,20,0.3
1970-04-01,Durbl_excess,-0.0936,0.00376748,500,3,10,10,0.3
1970-04-01,Manuf_excess,-0.0948,0.00303666,500,3,20,10,0.3
1970-04-01,Enrgy_excess,-0.0967,-0.00359701,500,3,20,10,0.3
1970-04-01,HiTec_excess,-0.1485,0.01285597,300,3,20,10,0.5
1970-04-01,Telcm_excess,-0.0929,0.00701724,300,3,20,10,0.3
1970-04-01,Shops_excess,-0.1162,0.00343347,500,3,20,10,0.3
1970-04-01,Hlth_excess,-0.1061,0.01260318,300,7,20,10,0.3
1970-04-01,Utils_excess,-0.0857,0.00941292,300,3,20,10,0.5
1970-04-01,Other_excess,-0.1432,0.00251348,300,3,10,10,0.3
1970-05-01,NoDur_excess,-0.0798,0.00279076,500,5,20,20,0.3
1970-05-01,Durbl_excess,-0.07,0.00367614,500,3,10,10,0.3
1970-05-01,Manuf_excess,-0.0804,0.00209809,500,3,20,10,0.3
1970-05-01,Enrgy_excess,0.0213,-0.00444474,500,3,20,10,0.3
1970-05-01,HiTec_excess,-0.1009,0.00964364,300,3,20,10,0.5
1970-05-01,Telcm_excess,-0.0424,0.00102784,300,3,20,10,0.3
1970-05-01,Shops_excess,-0.1,0.00243519,500,3,20,10,0.3
1970-05-01,Hlth_excess,-0.083,0.00992925,300,7,20,10,0.3
1970-05-01,Utils_excess,-0.0588,0.00848817,300,3,20,10,0.5
1970-05-01,Other_excess,-0.087,-0.00223744,300,3,10,10,0.3
1970-06-01,NoDur_excess,-0.0206,0.00271664,500,5,20,20,0.3
1970-06-01,Durbl_excess,-0.0473,-0.00096849,500,3,10,10,0.3
1970-06-01,Manuf_excess,-0.054,0.00116399,500,3,20,10,0.3
1970-06-01,Enrgy_excess,-0.0302,-0.00385357,500,3,20,10,0.3
1970-06-01,HiTec_excess,-0.1231,0.00679752,300,3,20,10,0.5
1970-06-01,Telcm_excess,-0.0907,0.0003618,300,3,20,10,0.3
1970-06-01,Shops_excess,-0.0456,-0.00043922,500,3,20,10,0.3
1970-06-01,Hlth_excess,-0.0109,0.0073892,300,7,20,10,0.3
1970-06-01,Utils_excess,-0.0529,0.01176682,300,3,20,10,0.5
1970-06-01,Other_excess,-0.0743,-0.00509377,300,3,10,10,0.3
1970-07-01,NoDur_excess,0.0616,0.00062115,500,5,20,20,0.3
1970-07-01,Durbl_excess,0.1008,-0.00583203,500,3,10,10,0.3
1970-07-01,Manuf_excess,0.0458,0.00022997,500,3,20,10,0.3
1970-07-01,Enrgy_excess,0.1224,0.00103231,500,3,20,10,0.3
1970-07-01,HiTec_excess,0.0182,0.00622545,300,3,20,10,0.5
1970-07-01,Telcm_excess,0.0974,-0.00010117,300,3,20,10,0.3
1970-07-01,Shops_excess,0.0986,-0.00418685,500,3,20,10,0.3
1970-07-01,Hlth_excess,0.0164,0.00621726,300,7,20,10,0.3
1970-07-01,Utils_excess,0.0819,0.00882992,300,3,20,10,0.5
1970-07-01,Other_excess,0.075,-0.00890934,300,3,10,10,0.3
1970-08-01,NoDur_excess,0.0093,0.00291166,500,5,20,20,0.3
1970-08-01,Durbl_excess,0.0775,0.0007869,500,3,10,10,0.3
1970-08-01,Manuf_excess,0.0412,-0.00089295,500,3,20,10,0.3
1970-08-01,Enrgy_excess,0.0606,-1.474e-05,500,3,20,10,0.3
1970-08-01,HiTec_excess,0.075,0.00616398,300,3,20,10,0.5
1970-08-01,Telcm_excess,0.0191,0.00414722,300,3,20,10,0.3
1970-08-01,Shops_excess,0.0478,0.00279815,500,3,20,10,0.3
1970-08-01,Hlth_excess,0.0129,0.00215396,300,7,20,10,0.3
1970-08-01,Utils_excess,0.0416,0.01178459,300,3,20,10,0.5
1970-08-01,Other_excess,0.0457,-0.00362584,300,3,10,10,0.3
1970-09-01,NoDur_excess,0.0498,0.00300628,500,5,20,20,0.3
1970-09-01,Durbl_excess,0.0215,0.00190296,500,3,10,10,0.3
1970-09-01,Manuf_excess,0.0343,-0.00033148,500,3,20,10,0.3
1970-09-01,Enrgy_excess,0.0266,-4.8e-05,500,3,20,10,0.3
1970-09-01,HiTec_excess,0.0964,0.00667247,300,3,20,10,0.5
1970-09-01,Telcm_excess,-0.0142,0.0035096,300,3,20,10,0.3
1970-09-01,Shops_excess,0.0741,0.00029934,500,3,20,10,0.3
1970-09-01,Hlth_excess,0.0749,0.00527254,300,7,20,10,0.3
1970-09-01,Utils_excess,-0.0106,0.00596796,300,3,20,10,0.5
1970-09-01,Other_excess,0.0705,-0.00403858,300,3,10,10,0.3
1970-10-01,NoDur_excess,0.0024,0.00178759,500,5,20,20,0.3
1970-10-01,Durbl_excess,-0.0246,0.00083005,500,3,10,10,0.3
1970-10-01,Manuf_excess,-0.0361,-0.0018125,500,3,20,10,0.3
1970-10-01,Enrgy_excess,0.0249,0.0014144,500,3,20,10,0.3
1970-10-01,HiTec_excess,-0.0394,0.00743913,300,3,20,10,0.5
1970-10-01,Telcm_excess,-0.0421,0.00363407,300,3,20,10,0.3
1970-10-01,Shops_excess,-0.0215,0.0010099,500,3,20,10,0.3
1970-10-01,Hlth_excess,-0.0036,0.00326755,300,7,20,10,0.3
1970-10-01,Utils_excess,-0.0129,0.00471562,300,3,20,10,0.5
1970-10-01,Other_excess,-0.0635,-0.0012469,300,3,10,10,0.3
1970-11-01,NoDur_excess,0.0427,0.00032328,500,5,20,20,0.3
1970-11-01,Durbl_excess,0.0652,0.00029865,500,3,10,10,0.3
1970-11-01,Manuf_excess,0.0346,-0.00212038,500,3,20,10,0.3
1970-11-01,Enrgy_excess,0.0449,-0.00092446,500,3,20,10,0.3
1970-11-01,HiTec_excess,0.036,0.0063277,300,3,20,10,0.5
1970-11-01,Telcm_excess,0.057,-0.00048319,300,3,20,10,0.3
1970-11-01,Shops_excess,0.0642,-0.00048126,500,3,20,10,0.3
1970-11-01,Hlth_excess,0.0262,0.00553054,300,7,20,10,0.3
1970-11-01,Utils_excess,0.0895,0.0025154,300,3,20,10,0.5
1970-11-01,Other_excess,0.0339,-0.00122175,300,3,10,10,0.3
1970-12-01,NoDur_excess,0.0708,-0.00065662,500,5,20,20,0.3
1970-12-01,Durbl_excess,0.0575,1.732e-05,500,3,10,10,0.3
1970-12-01,Manuf_excess,0.0759,-0.00345691,500,3,20,10,0.3
1970-12-01,Enrgy_excess,0.0183,0.00054784,500,3,20,10,0.3
1970-12-01,HiTec_excess,0.0398,0.00404355,300,3,20,10,0.5
1970-12-01,Telcm_excess,0.0643,0.00327945,300,3,20,10,0.3
1970-12-01,Shops_excess,0.0499,-0.00078926,500,3,20,10,0.3
1970-12-01,Hlth_excess,0.0494,-0.00161103,300,7,20,10,0.3
1970-12-01,Utils_excess,0.0676,0.0021131,300,3,20,10,0.5
1970-12-01,Other_excess,0.0795,-0.00404599,300,3,10,10,0.3
1971-01-01,NoDur_excess,0.0444,-0.00159927,500,5,20,20,0.3
1971-01-01,Durbl_excess,0.0349,-0.00202744,500,3,10,10,0.3
1971-01-01,Manuf_excess,0.0553,-0.00142326,500,3,20,10,0.3
1971-01-01,Enrgy_excess,-0.0005,-0.00044196,500,3,20,10,0.3
1971-01-01,HiTec_excess,0.0501,0.00565457,300,3,20,10,0.5
1971-01-01,Telcm_excess,0.0939,0.00252281,300,3,20,10,0.3
1971-01-01,Shops_excess,0.0791,0.00125808,500,3,20,10,0.3
1971-01-01,Hlth_excess,0.045,-0.0014847,300,7,20,10,0.3
1971-01-01,Utils_excess,0.0255,-0.00112162,300,3,20,10,0.5
1971-01-01,Other_excess,0.0743,0.00017771,300,3,10,10,0.3
1971-02-01,NoDur_excess,0.0344,0.00263284,500,5,20,20,0.3
1971-02-01,Durbl_excess,0.0191,-8.516e-05,500,3,10,10,0.3
1971-02-01,Manuf_excess,0.0091,-0.00032052,500,3,20,10,0.3
1971-02-01,Enrgy_excess,0.0448,0.0031456,500,3,20,10,0.3
1971-02-01,HiTec_excess,0.0247,0.00399004,300,3,20,10,0.5
1971-02-01,Telcm_excess,-0.0562,0.00697469,300,3,20,10,0.3
1971-02-01,Shops_excess,0.0331,0.00506276,500,3,20,10,0.3
1971-02-01,Hlth_excess,0.0106,0.00535184,300,7,20,10,0.3
1971-02-01,Utils_excess,-0.0293,0.00061507,300,3,20,10,0.5
1971-02-01,Other_excess,0.0202,0.00366006,300,3,10,10,0.3
1971-03-01,NoDur_excess,0.0415,0.00567141,500,5,20,20,0.3
1971-03-01,Durbl_excess,0.0314,0.00631872,500,3,10,10,0.3
1971-03-01,Manuf_excess,0.0378,0.00326718,500,3,20,10,0.3
1971-03-01,Enrgy_excess,0.0246,0.00362213,500,3,20,10,0.3
1971-03-01,HiTec_excess,0.0775,0.00785675,300,3,20,10,0.5
1971-03-01,Telcm_excess,0.0041,0.00457546,300,3,20,10,0.3
1971-03-01,Shops_excess,0.0651,0.0039351,500,3,20,10,0.3
1971-03-01,Hlth_excess,0.0337,0.0117366,300,7,20,10,0.3
1971-03-01,Utils_excess,0.0211,-0.00088515,300,3,20,10,0.5
1971-03-01,Other_excess,0.0571,0.00429782,300,3,10,10,0.3
1971-04-01,NoDur_excess,0.0185,0.00255381,500,5,20,20,0.3
1971-04-01,Durbl_excess,0.0821,-0.0013507,500,3,10,10,0.3
1971-04-01,Manuf_excess,0.04,-0.00264341,500,3,20,10,0.3
1971-04-01,Enrgy_excess,0.0403,0.00279324,500,3,20,10,0.3
1971-04-01,HiTec_excess,0.0203,-0.006345,300,3,20,10,0.5
1971-04-01,Telcm_excess,0.0053,0.00317632,300,3,20,10,0.3
1971-04-01,Shops_excess,0.0469,0.00418488,500,3,20,10,0.3
1971-04-01,Hlth_excess,0.0397,-0.00124359,300,7,20,10,0.3
1971-04-01,Utils_excess,-0.0383,-0.000499,300,3,20,10,0.5
1971-04-01,Other_excess,0.0408,0.00061034,300,3,10,10,0.3
1971-05-01,NoDur_excess,-0.033,0.00165065,500,5,20,20,0.3
1971-05-01,Durbl_excess,-0.0457,0.00467237,500,3,10,10,0.3
1971-05-01,Manuf_excess,-0.0255,-0.0014356,500,3,20,10,0.3
1971-05-01,Enrgy_excess,-0.0506,0.00229377,500,3,20,10,0.3
1971-05-01,HiTec_excess,-0.0647,-0.00328027,300,3,20,10,0.5
1971-05-01,Telcm_excess,-0.0545,-0.00137048,300,3,20,10,0.3
1971-05-01,Shops_excess,-0.0208,0.00600011,500,3,20,10,0.3
1971-05-01,Hlth_excess,-0.024,-0.00028784,300,7,20,10,0.3
1971-05-01,Utils_excess,-0.04,-0.0027809,300,3,20,10,0.5
1971-05-01,Other_excess,-0.0489,0.00431994,300,3,10,10,0.3
1971-06-01,NoDur_excess,-0.0052,0.00416914,500,5,20,20,0.3
1971-06-01,Durbl_excess,-0.0103,0.00530185,500,3,10,10,0.3
1971-06-01,Manuf_excess,0.0,0.00321875,500,3,20,10,0.3
1971-06-01,Enrgy_excess,0.0066,0.00540926,500,3,20,10,0.3
1971-06-01,HiTec_excess,-0.0255,0.00329986,300,3,20,10,0.5
1971-06-01,Telcm_excess,0.0067,-0.00057176,300,3,20,10,0.3
1971-06-01,Shops_excess,-0.0007,0.00834918,500,3,20,10,0.3
1971-06-01,Hlth_excess,0.0165,0.00497754,300,7,20,10,0.3
1971-06-01,Utils_excess,0.0395,0.0007135,300,3,20,10,0.5
1971-06-01,Other_excess,-0.0143,0.00541691,300,3,10,10,0.3
1971-07-01,NoDur_excess,-0.0254,0.00258091,500,5,20,20,0.3
1971-07-01,Durbl_excess,-0.0595,0.00073628,500,3,10,10,0.3
1971-07-01,Manuf_excess,-0.0528,0.00185283,500,3,20,10,0.3
1971-07-01,Enrgy_excess,-0.0254,0.00013092,500,3,20,10,0.3
1971-07-01,HiTec_excess,-0.0898,0.00187347,300,3,20,10,0.5
1971-07-01,Telcm_excess,-0.0401,0.00072455,300,3,20,10,0.3
1971-07-01,Shops_excess,-0.0385,0.00575206,500,3,20,10,0.3
1971-07-01,Hlth_excess,-0.0265,-6.734e-05,300,7,20,10,0.3
1971-07-01,Utils_excess,-0.0254,0.00133113,300,3,20,10,0.5
1971-07-01,Other_excess,-0.0425,0.00400356,300,3,10,10,0.3
1971-08-01,NoDur_excess,0.0263,0.00806411,500,5,20,20,0.3
1971-08-01,Durbl_excess,0.1013,0.00437663,500,3,10,10,0.3
1971-08-01,Manuf_excess,0.0592,0.00447965,500,3,20,10,0.3
1971-08-01,Enrgy_excess,-0.0169,0.00591848,500,3,20,10,0.3
1971-08-01,HiTec_excess,0.052,0.01011345,300,3,20,10,0.5
1971-08-01,Telcm_excess,-0.0081,0.00362909,300,3,20,10,0.3
1971-08-01,Shops_excess,0.0573,0.00812041,500,3,20,10,0.3
1971-08-01,Hlth_excess,0.0281,0.01043047,300,7,20,10,0.3
1971-08-01,Utils_excess,-0.028,0.0043396,300,3,20,10,0.5
1971-08-01,Other_excess,0.0656,0.00571719,300,3,10,10,0.3
1971-09-01,NoDur_excess,-0.0044,0.0046919,500,5,20,20,0.3
1971-09-01,Durbl_excess,-0.0044,0.00293526,500,3,10,10,0.3
1971-09-01,Manuf_excess,-0.0069,0.00148362,500,3,20,10,0.3
1971-09-01,Enrgy_excess,-0.0201,0.00464071,500,3,20,10,0.3
1971-09-01,HiTec_excess,-0.0192,0.00567469,300,3,20,10,0.5
1971-09-01,Telcm_excess,-0.0014,0.00162924,300,3,20,10,0.3
1971-09-01,Shops_excess,0.0036,0.00698176,500,3,20,10,0.3
1971-09-01,Hlth_excess,0.0029,0.00192554,300,7,20,10,0.3
1971-09-01,Utils_excess,-0.0188,0.00024269,300,3,20,10,0.5
1971-09-01,Other_excess,-0.008,0.00646592,300,3,10,10,0.3
1971-10-01,NoDur_excess,-0.047,0.00653613,500,5,20,20,0.3
1971-10-01,Durbl_excess,-0.0558,0.00138588,500,3,10,10,0.3
1971-10-01,Manuf_excess,-0.0641,0.00427475,500,3,20,10,0.3
1971-10-01,Enrgy_excess,-0.0466,0.00610941,500,3,20,10,0.3
1971-10-01,HiTec_excess,-0.0472,0.00750481,300,3,20,10,0.5
1971-10-01,Telcm_excess,-0.0211,0.00371977,300,3,20,10,0.3
1971-10-01,Shops_excess,-0.0382,0.00773945,500,3,20,10,0.3
1971-10-01,Hlth_excess,-0.0287,0.00668755,300,7,20,10,0.3
1971-10-01,Utils_excess,0.0168,0.00172392,300,3,20,10,0.5
1971-10-01,Other_excess,-0.0457,0.00481203,300,3,10,10,0.3
1971-11-01,NoDur_excess,-0.0071,0.01083686,500,5,20,20,0.3
1971-11-01,Durbl_excess,-0.0004,0.00805985,500,3,10,10,0.3
1971-11-01,Manuf_excess,-0.0135,0.00646757,500,3,20,10,0.3
1971-11-01,Enrgy_excess,-0.0031,0.00573591,500,3,20,10,0.3
1971-11-01,HiTec_excess,0.014,0.01139073,300,3,20,10,0.5
1971-11-01,Telcm_excess,0.0002,0.00463251,300,3,20,10,0.3
1971-11-01,Shops_excess,-0.0013,0.00983059,500,3,20,10,0.3
1971-11-01,Hlth_excess,0.0022,0.0092412,300,7,20,10,0.3
1971-11-01,Utils_excess,-0.0157,0.00948596,300,3,20,10,0.5
1971-11-01,Other_excess,-0.0055,0.00727835,300,3,10,10,0.3
1971-12-01,NoDur_excess,0.1017,0.01025349,500,5,20,20,0.3
1971-12-01,Durbl_excess,0.0577,0.00871046,500,3,10,10,0.3
1971-12-01,Manuf_excess,0.095,0.00612584,500,3,20,10,0.3
1971-12-01,Enrgy_excess,0.0847,0.00507193,500,3,20,10,0.3
1971-12-01,HiTec_excess,0.109,0.01247577,300,3,20,10,0.5
1971-12-01,Telcm_excess,0.07,0.00452018,300,3,20,10,0.3
1971-12-01,Shops_excess,0.098,0.00814878,500,3,20,10,0.3
1971-12-01,Hlth_excess,0.0754,0.0111271,300,7,20,10,0.3
1971-12-01,Utils_excess,0.0774,0.00701489,300,3,20,10,0.5
1971-12-01,Other_excess,0.0777,0.00719603,300,3,10,10,0.3
1972-01-01,NoDur_excess,0.0221,0.00045286,500,5,20,20,0.3
1972-01-01,Durbl_excess,0.0294,0.00402273,500,3,10,10,0.3
1972-01-01,Manuf_excess,0.0293,-0.00071804,500,3,20,10,0.3
1972-01-01,Enrgy_excess,-0.0013,0.00093456,500,3,20,10,0.3
1972-01-01,HiTec_excess,0.0806,0.00373763,300,3,20,10,0.5
1972-01-01,Telcm_excess,0.0065,0.00151197,300,3,20,10,0.3
1972-01-01,Shops_excess,0.0014,0.0065158,500,3,20,10,0.3
1972-01-01,Hlth_excess,0.0231,0.0008218,300,7,20,10,0.3
1972-01-01,Utils_excess,-0.0059,0.00409403,300,3,20,10,0.5
1972-01-01,Other_excess,0.0304,0.0024603,300,3,10,10,0.3
1972-02-01,NoDur_excess,0.044,0.00190734,500,5,20,20,0.3
1972-02-01,Durbl_excess,0.0059,0.00506324,500,3,10,10,0.3
1972-02-01,Manuf_excess,0.0474,0.00370668,500,3,20,10,0.3
1972-02-01,Enrgy_excess,0.0236,0.00129706,500,3,20,10,0.3
1972-02-01,HiTec_excess,0.0164,0.0099308,300,3,20,10,0.5
1972-02-01,Telcm_excess,-0.0009,0.00412118,300,3,20,10,0.3
1972-02-01,Shops_excess,0.0541,0.00671667,500,3,20,10,0.3
1972-02-01,Hlth_excess,0.0688,0.00666827,300,7,20,10,0.3
1972-02-01,Utils_excess,-0.0275,0.00383759,300,3,20,10,0.5
1972-02-01,Other_excess,0.02,0.00030989,300,3,10,10,0.3
1972-03-01,NoDur_excess,-0.0019,0.00393566,500,5,20,20,0.3
1972-03-01,Durbl_excess,0.0396,0.00322547,500,3,10,10,0.3
1972-03-01,Manuf_excess,0.0222,0.00394807,500,3,20,10,0.3
1972-03-01,Enrgy_excess,-0.0573,0.00327975,500,3,20,10,0.3
1972-03-01,HiTec_excess,0.0083,0.01169635,300,3,20,10,0.5
1972-03-01,Telcm_excess,-0.0059,0.0022517,300,3,20,10,0.3
1972-03-01,Shops_excess,0.0171,0.00928089,500,3,20,10,0.3
1972-03-01,Hlth_excess,0.0019,0.00744853,300,7,20,10,0.3
1972-03-01,Utils_excess,-0.0043,0.00250184,300,3,20,10,0.5
1972-03-01,Other_excess,0.0204,0.00330918,300,3,10,10,0.3
1972-04-01,NoDur_excess,0.0161,0.00362814,500,5,20,20,0.3
1972-04-01,Durbl_excess,-0.0082,0.00736819,500,3,10,10,0.3
1972-04-01,Manuf_excess,0.0168,0.0040006,500,3,20,10,0.3
1972-04-01,Enrgy_excess,-0.0098,-0.00023884,500,3,20,10,0.3
1972-04-01,HiTec_excess,0.0047,0.00740974,300,3,20,10,0.5
1972-04-01,Telcm_excess,-0.0134,0.00093932,300,3,20,10,0.3
1972-04-01,Shops_excess,-0.0085,0.00823112,500,3,20,10,0.3
1972-04-01,Hlth_excess,0.0079,0.00756149,300,7,20,10,0.3
1972-04-01,Utils_excess,-0.0311,0.00157494,300,3,20,10,0.5
1972-04-01,Other_excess,0.0153,0.0047238,300,3,10,10,0.3
1972-05-01,NoDur_excess,0.0011,0.00285348,500,5,20,20,0.3
1972-05-01,Durbl_excess,-0.0132,0.00670098,500,3,10,10,0.3
1972-05-01,Manuf_excess,0.016,0.0031946,500,3,20,10,0.3
1972-05-01,Enrgy_excess,0.0339,-6.74e-05,500,3,20,10,0.3
1972-05-01,HiTec_excess,0.0344,0.00885111,300,3,20,10,0.5
1972-05-01,Telcm_excess,0.0087,-0.00020877,300,3,20,10,0.3
1972-05-01,Shops_excess,0.0149,0.00773272,500,3,20,10,0.3
1972-05-01,Hlth_excess,0.0322,0.00813215,300,7,20,10,0.3
1972-05-01,Utils_excess,-0.0048,0.00113623,300,3,20,10,0.5
1972-05-01,Other_excess,-0.0091,0.00366699,300,3,10,10,0.3
1972-06-01,NoDur_excess,-0.0144,0.00487853,500,5,20,20,0.3
1972-06-01,Durbl_excess,-0.0318,0.00609272,500,3,10,10,0.3
1972-06-01,Manuf_excess,-0.0254,0.00305925,500,3,20,10,0.3
1972-06-01,Enrgy_excess,-0.0121,0.00477686,500,3,20,10,0.3
1972-06-01,HiTec_excess,-0.0282,0.00659192,300,3,20,10,0.5
1972-06-01,Telcm_excess,-0.0304,0.00167497,300,3,20,10,0.3
1972-06-01,Shops_excess,-0.0451,0.00868001,500,3,20,10,0.3
1972-06-01,Hlth_excess,0.0222,0.00801129,300,7,20,10,0.3
1972-06-01,Utils_excess,-0.0184,0.00252239,300,3,20,10,0.5
1972-06-01,Other_excess,-0.048,0.00403507,300,3,10,10,0.3
1972-07-01,NoDur_excess,-0.0189,0.00326099,500,5,20,20,0.3
1972-07-01,Durbl_excess,-0.0244,0.00608111,500,3,10,10,0.3
1972-07-01,Manuf_excess,0.0017,0.00291976,500,3,20,10,0.3
1972-07-01,Enrgy_excess,-0.0136,-0.00175255,500,3,20,10,0.3
1972-07-01,HiTec_excess,0.0065,0.00865378,300,3,20,10,0.5
1972-07-01,Telcm_excess,0.0044,0.0008003,300,3,20,10,0.3
1972-07-01,Shops_excess,-0.0277,0.00568754,500,3,20,10,0.3
1972-07-01,Hlth_excess,0.0282,0.00929223,300,7,20,10,0.3
1972-07-01,Utils_excess,-0.0027,0.00164555,300,3,20,10,0.5
1972-07-01,Other_excess,-0.0326,0.00395379,300,3,10,10,0.3
1972-08-01,NoDur_excess,-0.004,0.00307808,500,5,20,20,0.3
1972-08-01,Durbl_excess,0.0349,0.00570506,500,3,10,10,0.3
1972-08-01,Manuf_excess,0.02,0.00299545,500,3,20,10,0.3
1972-08-01,Enrgy_excess,0.1216,0.00300942,500,3,20,10,0.3
1972-08-01,HiTec_excess,0.0256,0.00790202,300,3,20,10,0.5
1972-08-01,Telcm_excess,0.0486,0.00185878,300,3,20,10,0.3
1972-08-01,Shops_excess,-0.0072,0.0042922,500,3,20,10,0.3
1972-08-01,Hlth_excess,0.0075,0.00962543,300,7,20,10,0.3
1972-08-01,Utils_excess,0.0568,0.00277726,300,3,20,10,0.5
1972-08-01,Other_excess,0.0333,0.0045433,300,3,10,10,0.3
1972-09-01,NoDur_excess,-0.0296,0.00351775,500,5,20,20,0.3
1972-09-01,Durbl_excess,-0.0123,0.00597923,500,3,10,10,0.3
1972-09-01,Manuf_excess,-0.0156,0.00361205,500,3,20,10,0.3
1972-09-01,Enrgy_excess,-0.0058,0.00400105,500,3,20,10,0.3
1972-09-01,HiTec_excess,-0.0149,0.00810837,300,3,20,10,0.5
1972-09-01,Telcm_excess,0.0397,0.00059651,300,3,20,10,0.3
1972-09-01,Shops_excess,-0.0084,0.00720343,500,3,20,10,0.3
1972-09-01,Hlth_excess,-0.0078,0.01197318,300,7,20,10,0.3
1972-09-01,Utils_excess,-0.0014,0.00170539,300,3,20,10,0.5
1972-09-01,Other_excess,-0.0206,0.00484425,300,3,10,10,0.3
1972-10-01,NoDur_excess,-0.0041,-0.00182158,500,5,20,20,0.3
1972-10-01,Durbl_excess,-0.0284,0.00340169,500,3,10,10,0.3
1972-10-01,Manuf_excess,0.0074,0.00289151,500,3,20,10,0.3
1972-10-01,Enrgy_excess,0.027,8.204e-05,500,3,20,10,0.3
1972-10-01,HiTec_excess,-0.0374,0.0074109,300,3,20,10,0.5
1972-10-01,Telcm_excess,0.019,0.00293017,300,3,20,10,0.3
1972-10-01,Shops_excess,0.0049,0.00438143,500,3,20,10,0.3
1972-10-01,Hlth_excess,0.0111,0.00332086,300,7,20,10,0.3
1972-10-01,Utils_excess,0.0637,0.00128896,300,3,20,10,0.5
1972-10-01,Other_excess,0.0073,0.00419365,300,3,10,10,0.3
1972-11-01,NoDur_excess,0.0651,0.00026597,500,5,20,20,0.3
1972-11-01,Durbl_excess,0.0757,0.00231376,500,3,10,10,0.3
1972-11-01,Manuf_excess,0.0383,0.00230997,500,3,20,10,0.3
1972-11-01,Enrgy_excess,0.0583,0.00541799,500,3,20,10,0.3
1972-11-01,HiTec_excess,0.0216,0.00696742,300,3,20,10,0.5
1972-11-01,Telcm_excess,0.0669,0.00415612,300,3,20,10,0.3
1972-11-01,Shops_excess,0.0564,0.00457255,500,3,20,10,0.3
1972-11-01,Hlth_excess,-0.0093,0.00390525,300,7,20,10,0.3
1972-11-01,Utils_excess,0.0603,0.00547452,300,3,20,10,0.5
1972-11-01,Other_excess,0.0477,0.00457359,300,3,10,10,0.3
1972-12-01,NoDur_excess,0.0016,0.00259029,500,5,20,20,0.3
1972-12-01,Durbl_excess,0.0127,0.00380312,500,3,10,10,0.3
1972-12-01,Manuf_excess,0.0055,0.00315895,500,3,20,10,0.3
1972-12-01,Enrgy_excess,0.0068,0.00607662,500,3,20,10,0.3
1972-12-01,HiTec_excess,0.0161,0.00602467,300,3,20,10,0.5
1972-12-01,Telcm_excess,0.0108,0.00430733,300,3,20,10,0.3
1972-12-01,Shops_excess,0.0136,0.00793265,500,3,20,10,0.3
1972-12-01,Hlth_excess,0.0337,0.00584001,300,7,20,10,0.3
1972-12-01,Utils_excess,-0.0191,0.0033492,300,3,20,10,0.5
1972-12-01,Other_excess,-0.011,0.00390181,300,3,10,10,0.3
1973-01-01,NoDur_excess,-0.052,-0.00130927,500,5,20,20,0.3
1973-01-01,Durbl_excess,-0.0714,0.00277486,500,3,10,10,0.3
1973-01-01,Manuf_excess,-0.0414,0.00197607,500,3,20,10,0.3
1973-01-01,Enrgy_excess,0.0459,-0.00203514,500,3,20,10,0.3
1973-01-01,HiTec_excess,0.0152,0.0049942,300,3,20,10,0.5
1973-01-01,Telcm_excess,-0.0256,-0.0005644,300,3,20,10,0.3
1973-01-01,Shops_excess,-0.0453,0.00459648,500,3,20,10,0.3
1973-01-01,Hlth_excess,-0.0163,0.00076115,300,7,20,10,0.3
1973-01-01,Utils_excess,-0.0471,0.00170789,300,3,20,10,0.5
1973-01-01,Other_excess,-0.0789,0.00231526,300,3,10,10,0.3
1973-02-01,NoDur_excess,-0.0478,-0.00382755,500,5,20,20,0.3
1973-02-01,Durbl_excess,-0.0627,0.00099458,500,3,10,10,0.3
1973-02-01,Manuf_excess,-0.0268,-9.453e-05,500,3,20,10,0.3
1973-02-01,Enrgy_excess,-0.0779,-0.00123604,500,3,20,10,0.3
1973-02-01,HiTec_excess,-0.0341,0.00687774,300,3,20,10,0.5
1973-02-01,Telcm_excess,-0.0505,-0.00150086,300,3,20,10,0.3
1973-02-01,Shops_excess,-0.0686,0.00178723,500,3,20,10,0.3
1973-02-01,Hlth_excess,-0.0112,0.00053626,300,7,20,10,0.3
1973-02-01,Utils_excess,-0.0239,0.00420985,300,3,20,10,0.5
1973-02-01,Other_excess,-0.0647,-0.00090602,300,3,10,10,0.3
1973-03-01,NoDur_excess,-0.0146,-0.00166904,500,5,20,20,0.3
1973-03-01,Durbl_excess,-0.0328,0.00395687,500,3,10,10,0.3
1973-03-01,Manuf_excess,-0.0066,0.00037789,500,3,20,10,0.3
1973-03-01,Enrgy_excess,0.0259,-0.00020704,500,3,20,10,0.3
1973-03-01,HiTec_excess,-0.0166,0.00819589,300,3,20,10,0.5
1973-03-01,Telcm_excess,0.0007,0.00177707,300,3,20,10,0.3
1973-03-01,Shops_excess,-0.061,0.00183126,500,3,20,10,0.3
1973-03-01,Hlth_excess,0.0032,0.00667941,300,7,20,10,0.3
1973-03-01,Utils_excess,-0.0261,0.0050669,300,3,20,10,0.5
1973-03-01,Other_excess,-0.0072,-0.00154539,300,3,10,10,0.3
1973-04-01,NoDur_excess,-0.0677,-0.00261624,500,5,20,20,0.3
1973-04-01,Durbl_excess,-0.0571,0.00391725,500,3,10,10,0.3
1973-04-01,Manuf_excess,-0.0492,0.00072004,500,3,20,10,0.3
1973-04-01,Enrgy_excess,-0.015,0.00240208,500,3,20,10,0.3
1973-04-01,HiTec_excess,-0.0718,0.00691613,300,3,20,10,0.5
1973-04-01,Telcm_excess,0.0036,0.00210103,300,3,20,10,0.3
1973-04-01,Shops_excess,-0.0904,0.00076727,500,3,20,10,0.3
1973-04-01,Hlth_excess,-0.0601,0.00402386,300,7,20,10,0.3
1973-04-01,Utils_excess,-0.0112,0.00383353,300,3,20,10,0.5
1973-04-01,Other_excess,-0.0827,-0.00210375,300,3,10,10,0.3
1973-05-01,NoDur_excess,-0.0264,-0.00255056,500,5,20,20,0.3
1973-05-01,Durbl_excess,-0.0474,0.00415317,500,3,10,10,0.3
1973-05-01,Manuf_excess,-0.0166,0.00022572,500,3,20,10,0.3
1973-05-01,Enrgy_excess,-0.0407,0.0034523,500,3,20,10,0.3
1973-05-01,HiTec_excess,-0.0312,0.00447489,300,3,20,10,0.5
1973-05-01,Telcm_excess,-0.0135,0.00298368,300,3,20,10,0.3
1973-05-01,Shops_excess,-0.0274,-0.00151059,500,3,20,10,0.3
1973-05-01,Hlth_excess,0.0055,0.00371121,300,7,20,10,0.3
1973-05-01,Utils_excess,-0.0016,0.00553162,300,3,20,10,0.5
1973-05-01,Other_excess,-0.055,-0.00239254,300,3,10,10,0.3
1973-06-01,NoDur_excess,-0.0395,-0.00578628,500,5,20,20,0.3
1973-06-01,Durbl_excess,-0.0305,0.00090208,500,3,10,10,0.3
1973-06-01,Manuf_excess,-0.0086,-0.00198766,500,3,20,10,0.3
1973-06-01,Enrgy_excess,0.0108,-0.00162729,500,3,20,10,0.3
1973-06-01,HiTec_excess,-0.0057,0.00162248,300,3,20,10,0.5
1973-06-01,Telcm_excess,-0.0083,0.00085423,300,3,20,10,0.3
1973-06-01,Shops_excess,-0.0627,-0.004861,500,3,20,10,0.3
1973-06-01,Hlth_excess,-0.005,0.00045954,300,7,20,10,0.3
1973-06-01,Utils_excess,-0.0301,0.00506065,300,3,20,10,0.5
1973-06-01,Other_excess,-0.0074,-0.00446203,300,3,10,10,0.3
1973-07-01,NoDur_excess,0.0679,-0.0088587,500,5,20,20,0.3
1973-07-01,Durbl_excess,0.0662,0.00042064,500,3,10,10,0.3
1973-07-01,Manuf_excess,0.0601,-0.00104168,500,3,20,10,0.3
1973-07-01,Enrgy_excess,-0.0034,0.0008369,500,3,20,10,0.3
1973-07-01,HiTec_excess,0.0431,0.00467297,300,3,20,10,0.5
1973-07-01,Telcm_excess,-0.0096,0.00053661,300,3,20,10,0.3
1973-07-01,Shops_excess,0.105,-0.00565129,500,3,20,10,0.3
1973-07-01,Hlth_excess,0.0623,-0.00042278,300,7,20,10,0.3
1973-07-01,Utils_excess,-0.0304,0.00422897,300,3,20,10,0.5
1973-07-01,Other_excess,0.0889,-0.00309077,300,3,10,10,0.3
1973-08-01,NoDur_excess,-0.0401,-0.00120406,500,5,20,20,0.3
1973-08-01,Durbl_excess,-0.0464,0.00286759,500,3,10,10,0.3
1973-08-01,Manuf_excess,-0.0216,0.00335717,500,3,20,10,0.3
1973-08-01,Enrgy_excess,-0.0452,0.00019382,500,3,20,10,0.3
1973-08-01,HiTec_excess,-0.044,0.00643952,300,3,20,10,0.5
1973-08-01,Telcm_excess,-0.0459,-0.00214511,300,3,20,10,0.3
1973-08-01,Shops_excess,-0.0485,-0.001613,500,3,20,10,0.3
1973-08-01,Hlth_excess,-0.076,0.0075045,300,7,20,10,0.3
1973-08-01,Utils_excess,-0.028,0.00686739,300,3,20,10,0.5
1973-08-01,Other_excess,-0.03,-0.0007619,300,3,10,10,0.3
1973-09-01,NoDur_excess,0.0522,-0.00385751,500,5,20,20,0.3
1973-09-01,Durbl_excess,0.0714,-0.00031915,500,3,10,10,0.3
1973-09-01,Manuf_excess,0.0388,0.00027481,500,3,20,10,0.3
1973-09-01,Enrgy_excess,0.0853,0.00072439,500,3,20,10,0.3
1973-09-01,HiTec_excess,-0.0351,0.00354614,300,3,20,10,0.5
1973-09-01,Telcm_excess,0.0696,0.00259068,300,3,20,10,0.3
1973-09-01,Shops_excess,0.0649,-0.00223251,500,3,20,10,0.3
1973-09-01,Hlth_excess,0.001,-0.00120809,300,7,20,10,0.3
1973-09-01,Utils_excess,0.0723,0.00624902,300,3,20,10,0.5
1973-09-01,Other_excess,0.0656,-0.00238827,300,3,10,10,0.3
1973-10-01,NoDur_excess,-0.029,0.00279566,500,5,20,20,0.3
1973-10-01,Durbl_excess,-0.05,0.00407677,500,3,10,10,0.3
1973-10-01,Manuf_excess,-0.002,0.00358333,500,3,20,10,0.3
1973-10-01,Enrgy_excess,0.0452,0.00276159,500,3,20,10,0.3
1973-10-01,HiTec_excess,0.0325,0.00261164,300,3,20,10,0.5
1973-10-01,Telcm_excess,-0.0621,0.00691799,300,3,20,10,0.3
1973-10-01,Shops_excess,-0.043,0.00268316,500,3,20,10,0.3
1973-10-01,Hlth_excess,0.0118,0.00209149,300,7,20,10,0.3
1973-10-01,Utils_excess,-0.0406,0.01148423,300,3,20,10,0.5
1973-10-01,Other_excess,-0.0166,0.00371969,300,3,10,10,0.3
1973-11-01,NoDur_excess,-0.1488,-0.00257145,500,5,20,20,0.3
1973-11-01,Durbl_excess,-0.1687,-0.00015466,500,3,10,10,0.3
1973-11-01,Manuf_excess,-0.1483,0.00159787,500,3,20,10,0.3
1973-11-01,Enrgy_excess,-0.0678,0.00521919,500,3,20,10,0.3
1973-11-01,HiTec_excess,-0.1201,0.00245851,300,3,20,10,0.5
1973-11-01,Telcm_excess,-0.0489,0.00478598,300,3,20,10,0.3
1973-11-01,Shops_excess,-0.1946,-0.00267955,500,3,20,10,0.3
1973-11-01,Hlth_excess,-0.0832,0.00082205,300,7,20,10,0.3
1973-11-01,Utils_excess,-0.122,0.00712831,300,3,20,10,0.5
1973-11-01,Other_excess,-0.1406,-0.00221305,300,3,10,10,0.3
1973-12-01,NoDur_excess,-0.0221,-0.00569761,500,5,20,20,0.3
1973-12-01,Durbl_excess,-0.044,-0.00581858,500,3,10,10,0.3
1973-12-01,Manuf_excess,0.0065,-0.00290521,500,3,20,10,0.3
1973-12-01,Enrgy_excess,0.0799,-0.00287051,500,3,20,10,0.3
1973-12-01,HiTec_excess,-0.0496,-0.00155862,300,3,20,10,0.5
1973-12-01,Telcm_excess,0.0353,-0.00095689,300,3,20,10,0.3
1973-12-01,Shops_excess,-0.0085,-0.00878642,500,3,20,10,0.3
1973-12-01,Hlth_excess,-0.0512,-9.117e-05,300,7,20,10,0.3
1973-12-01,Utils_excess,0.0279,0.00781712,300,3,20,10,0.5
1973-12-01,Other_excess,0.0181,-0.00439365,300,3,10,10,0.3
1974-01-01,NoDur_excess,0.0173,-0.00125776,500,5,20,20,0.3
1974-01-01,Durbl_excess,0.0547,-0.00301104,500,3,10,10,0.3
1974-01-01,Manuf_excess,-0.0022,0.00180855,500,3,20,10,0.3
1974-01-01,Enrgy_excess,-0.0809,0.00423475,500,3,20,10,0.3
1974-01-01,HiTec_excess,0.0062,-0.00444921,300,3,20,10,0.5
1974-01-01,Telcm_excess,0.0146,0.00294732,300,3,20,10,0.3
1974-01-01,Shops_excess,0.0606,-0.00259269,500,3,20,10,0.3
1974-01-01,Hlth_excess,-0.0319,-0.00027693,300,7,20,10,0.3
1974-01-01,Utils_excess,0.0392,0.00705548,300,3,20,10,0.5
1974-01-01,Other_excess,0.0055,0.00104683,300,3,10,10,0.3
1974-02-01,NoDur_excess,-0.0043,-0.00331094,500,5,20,20,0.3
1974-02-01,Durbl_excess,-0.0165,-0.00146343,500,3,10,10,0.3
1974-02-01,Manuf_excess,-0.0055,0.00102846,500,3,20,10,0.3
1974-02-01,Enrgy_excess,-0.0213,0.00148012,500,3,20,10,0.3
1974-02-01,HiTec_excess,-0.0118,-0.0025612,300,3,20,10,0.5
1974-02-01,Telcm_excess,0.0413,0.00251514,300,3,20,10,0.3
1974-02-01,Shops_excess,0.0023,-0.0008357,500,3,20,10,0.3
1974-02-01,Hlth_excess,-0.018,-0.00609688,300,7,20,10,0.3
1974-02-01,Utils_excess,-0.0029,0.00642896,300,3,20,10,0.5
1974-02-01,Other_excess,0.0043,-0.0004938,300,3,10,10,0.3
1974-03-01,NoDur_excess,-0.0246,-0.00043452,500,5,20,20,0.3
1974-03-01,Durbl_excess,-0.0066,0.00384161,500,3,10,10,0.3
1974-03-01,Manuf_excess,-0.0134,0.00224042,500,3,20,10,0.3
1974-03-01,Enrgy_excess,-0.038,0.00476456,500,3,20,10,0.3
1974-03-01,HiTec_excess,-0.0329,0.00247908,300,3,20,10,0.5
1974-03-01,Telcm_excess,-0.0514,0.00401394,300,3,20,10,0.3
1974-03-01,Shops_excess,-0.0368,0.00324676,500,3,20,10,0.3
1974-03-01,Hlth_excess,0.0065,0.0001487,300,7,20,10,0.3
1974-03-01,Utils_excess,-0.0422,0.00466172,300,3,20,10,0.5
1974-03-01,Other_excess,-0.0419,0.00232588,300,3,10,10,0.3
1974-04-01,NoDur_excess,-0.0442,-0.00092616,500,5,20,20,0.3
1974-04-01,Durbl_excess,-0.0482,0.00333091,500,3,10,10,0.3
1974-04-01,Manuf_excess,-0.0279,0.00546391,500,3,20,10,0.3
1974-04-01,Enrgy_excess,-0.0706,0.00618727,500,3,20,10,0.3
1974-04-01,HiTec_excess,-0.0439,0.00360251,300,3,20,10,0.5
1974-04-01,Telcm_excess,-0.0607,-0.00190413,300,3,20,10,0.3
1974-04-01,Shops_excess,-0.0271,0.00132379,500,3,20,10,0.3
1974-04-01,Hlth_excess,-0.0223,6.365e-05,300,7,20,10,0.3
1974-04-01,Utils_excess,-0.1298,0.00409151,300,3,20,10,0.5
1974-04-01,Other_excess,-0.0708,5.108e-05,300,3,10,10,0.3
1974-05-01,NoDur_excess,-0.0366,-0.00035575,500,5,20,20,0.3
1974-05-01,Durbl_excess,-0.0031,0.00573517,500,3,10,10,0.3
1974-05-01,Manuf_excess,-0.0329,0.00916347,500,3,20,10,0.3
1974-05-01,Enrgy_excess,-0.0829,0.0075469,500,3,20,10,0.3
1974-05-01,HiTec_excess,-0.0497,0.00587541,300,3,20,10,0.5
1974-05-01,Telcm_excess,-0.023,-0.00430095,300,3,20,10,0.3
1974-05-01,Shops_excess,0.0044,0.00518455,500,3,20,10,0.3
1974-05-01,Hlth_excess,-0.0087,0.00524498,300,7,20,10,0.3
1974-05-01,Utils_excess,-0.0568,0.00560933,300,3,20,10,0.5
1974-05-01,Other_excess,-0.0924,0.00312711,300,3,10,10,0.3
1974-06-01,NoDur_excess,-0.0117,-0.00137885,500,5,20,20,0.3
1974-06-01,Durbl_excess,-0.0324,0.00461906,500,3,10,10,0.3
1974-06-01,Manuf_excess,-0.0102,0.005475,500,3,20,10,0.3
1974-06-01,Enrgy_excess,-0.0091,0.00401227,500,3,20,10,0.3
1974-06-01,HiTec_excess,-0.0353,0.00144467,300,3,20,10,0.5
1974-06-01,Telcm_excess,-0.0033,0.00105039,300,3,20,10,0.3
1974-06-01,Shops_excess,-0.0333,0.00374485,500,3,20,10,0.3
1974-06-01,Hlth_excess,-0.0222,0.0031767,300,7,20,10,0.3
1974-06-01,Utils_excess,-0.0682,-0.00085354,300,3,20,10,0.5
1974-06-01,Other_excess,-0.0616,-0.00255693,300,3,10,10,0.3
1974-07-01,NoDur_excess,-0.1086,-0.00181628,500,5,20,20,0.3
1974-07-01,Durbl_excess,-0.1261,-0.00161814,500,3,10,10,0.3
1974-07-01,Manuf_excess,-0.0787,0.00554264,500,3,20,10,0.3
1974-07-01,Enrgy_excess,-0.0122,0.00715151,500,3,20,10,0.3
1974-07-01,HiTec_excess,-0.0893,-0.00210959,300,3,20,10,0.5
1974-07-01,Telcm_excess,-0.0833,0.00197907,300,3,20,10,0.3
1974-07-01,Shops_excess,-0.1353,-4.5e-05,500,3,20,10,0.3
1974-07-01,Hlth_excess,-0.1484,0.00307217,300,7,20,10,0.3
1974-07-01,Utils_excess,0.0004,-0.0041452,300,3,20,10,0.5
1974-07-01,Other_excess,-0.0733,-0.00943132,300,3,10,10,0.3
1974-08-01,NoDur_excess,-0.108,-0.00594457,500,5,20,20,0.3
1974-08-01,Durbl_excess,-0.0731,0.00300605,500,3,10,10,0.3
1974-08-01,Manuf_excess,-0.1076,0.00505964,500,3,20,10,0.3
1974-08-01,Enrgy_excess,-0.0925,0.00877773,500,3,20,10,0.3
1974-08-01,HiTec_excess,-0.0553,-0.00921477,300,3,20,10,0.5
1974-08-01,Telcm_excess,-0.0063,-0.00132805,300,3,20,10,0.3
1974-08-01,Shops_excess,-0.1368,-0.00251635,500,3,20,10,0.3
1974-08-01,Hlth_excess,-0.0866,-0.00580422,300,7,20,10,0.3
1974-08-01,Utils_excess,-0.0929,-0.0035868,300,3,20,10,0.5
1974-08-01,Other_excess,-0.1124,-0.00764915,300,3,10,10,0.3
1974-09-01,NoDur_excess,-0.1287,-0.00857834,500,5,20,20,0.3
1974-09-01,Durbl_excess,-0.1379,-0.00075601,500,3,10,10,0.3
1974-09-01,Manuf_excess,-0.1368,0.00227024,500,3,20,10,0.3
1974-09-01,Enrgy_excess,-0.0878,0.00202396,500,3,20,10,0.3
1974-09-01,HiTec_excess,-0.1764,-0.00862655,300,3,20,10,0.5
1974-09-01,Telcm_excess,-0.0462,-0.00532296,300,3,20,10,0.3
1974-09-01,Shops_excess,-0.1308,-0.00292355,500,3,20,10,0.3
1974-09-01,Hlth_excess,-0.1637,-0.00382325,300,7,20,10,0.3
1974-09-01,Utils_excess,-0.0213,-0.0066929,300,3,20,10,0.5
1974-09-01,Other_excess,-0.1044,-0.01208486,300,3,10,10,0.3
1974-10-01,NoDur_excess,0.1519,-0.01195579,500,5,20,20,0.3
1974-10-01,Durbl_excess,0.0399,-0.00476392,500,3,10,10,0.3
1974-10-01,Manuf_excess,0.1555,-0.00523783,500,3,20,10,0.3
1974-10-01,Enrgy_excess,0.2027,0.00132192,500,3,20,10,0.3
1974-10-01,HiTec_excess,0.142,-0.02485921,300,3,20,10,0.5
1974-10-01,Telcm_excess,0.1034,-0.00169993,300,3,20,10,0.3
1974-10-01,Shops_excess,0.0949,-0.00721733,500,3,20,10,0.3
1974-10-01,Hlth_excess,0.2908,-0.01096449,300,7,20,10,0.3
1974-10-01,Utils_excess,0.1251,-0.00634979,300,3,20,10,0.5
1974-10-01,Other_excess,0.1967,-0.01062277,300,3,10,10,0.3
1974-11-01,NoDur_excess,-0.044,-4.371e-05,500,5,20,20,0.3
1974-11-01,Durbl_excess,-0.0533,-0.00432186,500,3,10,10,0.3
1974-11-01,Manuf_excess,-0.0644,0.00320819,500,3,20,10,0.3
1974-11-01,Enrgy_excess,-0.0483,0.01208307,500,3,20,10,0.3
1974-11-01,HiTec_excess,-0.0548,-0.01108211,300,3,20,10,0.5
1974-11-01,Telcm_excess,-0.0361,0.00557724,300,3,20,10,0.3
1974-11-01,Shops_excess,-0.0629,-0.0009886,500,3,20,10,0.3
1974-11-01,Hlth_excess,-0.0177,0.00503598,300,7,20,10,0.3
1974-11-01,Utils_excess,-0.0069,0.00625182,300,3,20,10,0.5
1974-11-01,Other_excess,-0.0335,-0.00358523,300,3,10,10,0.3
1974-12-01,NoDur_excess,-0.0121,-0.00903992,500,5,20,20,0.3
1974-12-01,Durbl_excess,-0.0479,-0.00881334,500,3,10,10,0.3
1974-12-01,Manuf_excess,-0.0514,-0.0041565,500,3,20,10,0.3
1974-12-01,Enrgy_excess,0.0014,0.00780128,500,3,20,10,0.3
1974-12-01,HiTec_excess,-0.0594,-0.0171031,300,3,20,10,0.5
1974-12-01,Telcm_excess,0.0087,0.00246934,300,3,20,10,0.3
1974-12-01,Shops_excess,-0.0406,-0.01315323,500,3,20,10,0.3
1974-12-01,Hlth_excess,-0.0402,-0.00208669,300,7,20,10,0.3
1974-12-01,Utils_excess,-0.0153,-0.00400539,300,3,20,10,0.5
1974-12-01,Other_excess,-0.0501,-0.00299945,300,3,10,10,0.3
1975-01-01,NoDur_excess,0.1815,-0.01487467,500,7,10,10,0.3
1975-01-01,Durbl_excess,0.2094,-0.00977111,500,3,20,20,0.3
1975-01-01,Manuf_excess,0.1393,-0.00825011,300,3,20,10,0.3
1975-01-01,Enrgy_excess,0.0618,0.00397937,500,7,20,10,0.3
1975-01-01,HiTec_excess,0.1471,-0.01740018,300,3,10,10,0.3
1975-01-01,Telcm_excess,0.1051,0.00213982,300,3,20,10,0.3
1975-01-01,Shops_excess,0.2539,-0.01947023,500,7,20,10,0.3
1975-01-01,Hlth_excess,-0.0133,-0.00418801,500,7,20,10,0.3
1975-01-01,Utils_excess,0.1825,-0.00429537,300,3,20,10,0.3
1975-01-01,Other_excess,0.1735,-0.00767596,300,3,20,10,0.3
1975-02-01,NoDur_excess,0.0361,0.00838295,500,7,10,10,0.3
1975-02-01,Durbl_excess,0.0456,0.00245263,500,3,20,20,0.3
1975-02-01,Manuf_excess,0.0759,0.00114628,300,3,20,10,0.3
1975-02-01,Enrgy_excess,0.0184,0.00937395,500,7,20,10,0.3
1975-02-01,HiTec_excess,0.1274,-0.00090969,300,3,10,10,0.3
1975-02-01,Telcm_excess,0.0472,0.00837669,300,3,20,10,0.3
1975-02-01,Shops_excess,0.0474,0.00525584,500,7,20,10,0.3
1975-02-01,Hlth_excess,0.1564,0.00183582,500,7,20,10,0.3
1975-02-01,Utils_excess,0.0045,0.01488744,300,3,20,10,0.3
1975-02-01,Other_excess,0.0244,0.00673503,300,3,20,10,0.3
1975-03-01,NoDur_excess,0.0675,0.00488971,500,7,10,10,0.3
1975-03-01,Durbl_excess,0.0621,0.00895515,500,3,20,20,0.3
1975-03-01,Manuf_excess,0.0464,0.00612597,300,3,20,10,0.3
1975-03-01,Enrgy_excess,-0.0273,0.00944247,500,7,20,10,0.3
1975-03-01,HiTec_excess,0.0058,0.00541931,300,3,10,10,0.3
1975-03-01,Telcm_excess,-0.0129,0.01150848,300,3,20,10,0.3
1975-03-01,Shops_excess,0.1035,0.00624667,500,7,20,10,0.3
1975-03-01,Hlth_excess,0.0088,0.00816241,500,7,20,10,0.3
1975-03-01,Utils_excess,-0.0174,0.00895633,300,3,20,10,0.3
1975-03-01,Other_excess,0.0373,0.00577983,300,3,20,10,0.3
1975-04-01,NoDur_excess,0.0258,0.01396431,500,7,10,10,0.3
1975-04-01,Durbl_excess,0.0364,0.01727494,500,3,20,20,0.3
1975-04-01,Manuf_excess,0.0912,0.01623624,300,3,20,10,0.3
1975-04-01,Enrgy_excess,0.0681,0.00795338,500,7,20,10,0.3
1975-04-01,HiTec_excess,0.0513,0.00693008,300,3,10,10,0.3
1975-04-01,Telcm_excess,-0.014,0.00215372,300,3,20,10,0.3
1975-04-01,Shops_excess,0.0215,0.01864497,500,7,20,10,0.3
1975-04-01,Hlth_excess,0.0021,0.01559803,500,7,20,10,0.3
1975-04-01,Utils_excess,-0.0207,0.00982784,300,3,20,10,0.3
1975-04-01,Other_excess,0.0282,0.01257885,300,3,20,10,0.3
1975-05-01,NoDur_excess,0.0478,0.01355098,500,7,10,10,0.3
1975-05-01,Durbl_excess,0.0216,0.01424726,500,3,20,20,0.3
1975-05-01,Manuf_excess,0.0236,0.01542437,300,3,20,10,0.3
1975-05-01,Enrgy_excess,0.1163,0.01023742,500,7,20,10,0.3
1975-05-01,HiTec_excess,0.0548,0.01547384,300,3,10,10,0.3
1975-05-01,Telcm_excess,0.0311,0.00512412,300,3,20,10,0.3
1975-05-01,Shops_excess,0.0357,0.0162988,500,7,20,10,0.3
1975-05-01,Hlth_excess,0.0609,0.00990461,500,7,20,10,0.3
1975-05-01,Utils_excess,0.081,0.00662693,300,3,20,10,0.3
1975-05-01,Other_excess,0.0528,0.01253728,300,3,20,10,0.3
1975-06-01,NoDur_excess,0.0487,0.01939158,500,7,10,10,0.3
1975-06-01,Durbl_excess,0.0983,0.01546396,500,3,20,20,0.3
1975-06-01,Manuf_excess,0.0313,0.01440444,300,3,20,10,0.3
1975-06-01,Enrgy_excess,0.0609,0.01828917,500,7,20,10,0.3
1975-06-01,HiTec_excess,0.019,0.01750861,300,3,10,10,0.3
1975-06-01,Telcm_excess,0.0364,0.00788327,300,3,20,10,0.3
1975-06-01,Shops_excess,0.0704,0.01461421,500,7,20,10,0.3
1975-06-01,Hlth_excess,0.0055,0.01245098,500,7,20,10,0.3
1975-06-01,Utils_excess,0.1033,0.01047856,300,3,20,10,0.3
1975-06-01,Other_excess,0.0554,0.01396766,300,3,20,10,0.3
1975-07-01,NoDur_excess,-0.0586,0.01708402,500,7,10,10,0.3
1975-07-01,Durbl_excess,-0.025,0.014778,500,3,20,20,0.3
1975-07-01,Manuf_excess,-0.0639,0.01113806,300,3,20,10,0.3
1975-07-01,Enrgy_excess,-0.0473,0.01420329,500,7,20,10,0.3
1975-07-01,HiTec_excess,-0.099,0.01190162,300,3,10,10,0.3
1975-07-01,Telcm_excess,-0.0469,0.00890336,300,3,20,10,0.3
1975-07-01,Shops_excess,-0.0795,0.01388359,500,7,20,10,0.3
1975-07-01,Hlth_excess,-0.1251,0.00464796,500,7,20,10,0.3
1975-07-01,Utils_excess,-0.0528,0.00796313,300,3,20,10,0.3
1975-07-01,Other_excess,-0.0661,0.00955429,300,3,20,10,0.3
1975-08-01,NoDur_excess,-0.0361,0.00094044,500,7,10,10,0.3
1975-08-01,Durbl_excess,-0.0396,0.00835288,500,3,20,20,0.3
1975-08-01,Manuf_excess,-0.0126,0.00321721,300,3,20,10,0.3
1975-08-01,Enrgy_excess,-0.0136,0.00313001,500,7,20,10,0.3
1975-08-01,HiTec_excess,-0.0344,0.00320415,300,3,10,10,0.3
1975-08-01,Telcm_excess,-0.0402,0.00363424,300,3,20,10,0.3
1975-08-01,Shops_excess,-0.0081,0.00456255,500,7,20,10,0.3
1975-08-01,Hlth_excess,-0.038,-0.00590768,500,7,20,10,0.3
1975-08-01,Utils_excess,-0.0171,0.00220495,300,3,20,10,0.3
1975-08-01,Other_excess,-0.0562,-0.00248901,300,3,20,10,0.3
1975-09-01,NoDur_excess,-0.0297,0.00619397,500,7,10,10,0.3
1975-09-01,Durbl_excess,-0.0298,0.00913219,500,3,20,20,0.3
1975-09-01,Manuf_excess,-0.0635,0.00819761,300,3,20,10,0.3
1975-09-01,Enrgy_excess,-0.017,0.01106393,500,7,20,10,0.3
1975-09-01,HiTec_excess,-0.0138,0.00654378,300,3,10,10,0.3
1975-09-01,Telcm_excess,-0.018,0.00242735,300,3,20,10,0.3
1975-09-01,Shops_excess,-0.0407,0.00610533,500,7,20,10,0.3
1975-09-01,Hlth_excess,-0.0705,0.00126297,500,7,20,10,0.3
1975-09-01,Utils_excess,-0.0151,0.00867053,300,3,20,10,0.3
1975-09-01,Other_excess,-0.0685,0.00222536,300,3,20,10,0.3
1975-10-01,NoDur_excess,0.1002,0.00449597,500,7,10,10,0.3
1975-10-01,Durbl_excess,0.0835,0.01057753,500,3,20,20,0.3
1975-10-01,Manuf_excess,0.0515,0.00831946,300,3,20,10,0.3
1975-10-01,Enrgy_excess,-0.019,0.00490531,500,7,20,10,0.3
1975-10-01,HiTec_excess,0.0784,0.00553848,300,3,10,10,0.3
1975-10-01,Telcm_excess,0.0626,0.0040959,300,3,20,10,0.3
1975-10-01,Shops_excess,0.0936,0.00890761,500,7,20,10,0.3
1975-10-01,Hlth_excess,0.1011,0.0022666,500,7,20,10,0.3
1975-10-01,Utils_excess,0.0599,0.00928699,300,3,20,10,0.3
1975-10-01,Other_excess,0.0335,0.00304234,300,3,20,10,0.3
1975-11-01,NoDur_excess,0.0368,0.01620051,500,7,10,10,0.3
1975-11-01,Durbl_excess,0.0286,0.01097592,500,3,20,20,0.3
1975-11-01,Manuf_excess,0.0256,0.00650912,300,3,20,10,0.3
1975-11-01,Enrgy_excess,-0.0205,0.00805119,500,7,20,10,0.3
1975-11-01,HiTec_excess,0.0465,0.00483687,300,3,10,10,0.3
1975-11-01,Telcm_excess,0.0387,0.00682694,300,3,20,10,0.3
1975-11-01,Shops_excess,0.0425,0.01350795,500,7,20,10,0.3
1975-11-01,Hlth_excess,0.0472,0.0053448,500,7,20,10,0.3
1975-11-01,Utils_excess,0.0275,0.01283719,300,3,20,10,0.3
1975-11-01,Other_excess,0.0317,0.00390687,300,3,20,10,0.3
1975-12-01,NoDur_excess,-0.0197,0.00734444,500,7,10,10,0.3
1975-12-01,Durbl_excess,-0.0093,0.01138086,500,3,20,20,0.3
1975-12-01,Manuf_excess,-0.0184,0.00759444,300,3,20,10,0.3
1975-12-01,Enrgy_excess,-0.0039,0.00097089,500,7,20,10,0.3
1975-12-01,HiTec_excess,-0.0174,0.01218189,300,3,10,10,0.3
1975-12-01,Telcm_excess,-0.006,0.00503791,300,3,20,10,0.3
1975-12-01,Shops_excess,-0.0352,0.00966231,500,7,20,10,0.3
1975-12-01,Hlth_excess,-0.0684,-0.00389589,500,7,20,10,0.3
1975-12-01,Utils_excess,0.0087,0.00506306,300,3,20,10,0.3
1975-12-01,Other_excess,-0.0074,0.00395106,300,3,20,10,0.3
1976-01-01,NoDur_excess,0.1047,0.01552308,500,7,10,10,0.3
1976-01-01,Durbl_excess,0.1517,0.01427456,500,3,20,20,0.3
1976-01-01,Manuf_excess,0.1638,0.00858513,300,3,20,10,0.3
1976-01-01,Enrgy_excess,0.0801,0.00999855,500,7,20,10,0.3
1976-01-01,HiTec_excess,0.1782,0.00898262,300,3,10,10,0.3
1976-01-01,Telcm_excess,0.0902,0.00793886,300,3,20,10,0.3
1976-01-01,Shops_excess,0.0852,0.01307923,500,7,20,10,0.3
1976-01-01,Hlth_excess,0.0727,0.00672784,500,7,20,10,0.3
1976-01-01,Utils_excess,0.0784,0.01343587,300,3,20,10,0.3
1976-01-01,Other_excess,0.1246,0.00648212,300,3,20,10,0.3
1976-02-01,NoDur_excess,-0.0143,0.01629911,500,7,10,10,0.3
1976-02-01,Durbl_excess,0.0353,0.01231158,500,3,20,20,0.3
1976-02-01,Manuf_excess,0.0139,0.01161588,300,3,20,10,0.3
1976-02-01,Enrgy_excess,-0.035,0.0127376,500,7,20,10,0.3
1976-02-01,HiTec_excess,0.0081,0.01982696,300,3,10,10,0.3
1976-02-01,Telcm_excess,0.032,0.00874654,300,3,20,10,0.3
1976-02-01,Shops_excess,0.0434,0.01663021,500,7,20,10,0.3
1976-02-01,Hlth_excess,-0.069,0.0108482,500,7,20,10,0.3
1976-02-01,Utils_excess,-0.0389,0.00944569,300,3,20,10,0.3
1976-02-01,Other_excess,0.0284,0.01093997,300,3,20,10,0.3
1976-03-01,NoDur_excess,0.0032,0.01318061,500,7,10,10,0.3
1976-03-01,Durbl_excess,0.0314,0.01363522,500,3,20,20,0.3
1976-03-01,Manuf_excess,0.0073,0.01122462,300,3,20,10,0.3
1976-03-01,Enrgy_excess,0.0682,0.00877131,500,7,20,10,0.3
1976-03-01,HiTec_excess,0.0253,0.01864586,300,3,10,10,0.3
1976-03-01,Telcm_excess,0.0017,0.00964176,300,3,20,10,0.3
1976-03-01,Shops_excess,0.0304,0.017423,500,7,20,10,0.3
1976-03-01,Hlth_excess,0.0614,0.00349645,500,7,20,10,0.3
1976-03-01,Utils_excess,0.0105,0.00791925,300,3,20,10,0.3
1976-03-01,Other_excess,0.016,0.01213509,300,3,20,10,0.3
1976-04-01,NoDur_excess,-0.0208,0.01357933,500,7,10,10,0.3
1976-04-01,Durbl_excess,0.0143,0.01418099,500,3,20,20,0.3
1976-04-01,Manuf_excess,-0.0184,0.01156025,300,3,20,10,0.3
1976-04-01,Enrgy_excess,0.0172,0.01429115,500,7,20,10,0.3
1976-04-01,HiTec_excess,-0.0383,0.01753577,300,3,10,10,0.3
1976-04-01,Telcm_excess,0.013,0.01062909,300,3,20,10,0.3
1976-04-01,Shops_excess,-0.0509,0.01897045,500,7,20,10,0.3
1976-04-01,Hlth_excess,-0.0473,0.00836138,500,7,20,10,0.3
1976-04-01,Utils_excess,0.0021,0.00807454,300,3,20,10,0.3
1976-04-01,Other_excess,-0.0198,0.01327917,300,3,20,10,0.3
1976-05-01,NoDur_excess,-0.0254,0.00958649,500,7,10,10,0.3
1976-05-01,Durbl_excess,-0.035,0.01378384,500,3,20,20,0.3
1976-05-01,Manuf_excess,-0.0159,0.01115004,300,3,20,10,0.3
1976-05-01,Enrgy_excess,0.0516,0.01082439,500,7,20,10,0.3
1976-05-01,HiTec_excess,0.0012,0.01797916,300,3,10,10,0.3
1976-05-01,Telcm_excess,-0.0327,0.00838373,300,3,20,10,0.3
1976-05-01,Shops_excess,-0.0614,0.01519136,500,7,20,10,0.3
1976-05-01,Hlth_excess,-0.0319,0.00458783,500,7,20,10,0.3
1976-05-01,Utils_excess,-0.0184,0.00696747,300,3,20,10,0.3
1976-05-01,Other_excess,-0.0208,0.01162117,300,3,20,10,0.3
1976-06-01,NoDur_excess,0.0321,-0.00115526,500,7,10,10,0.3
1976-06-01,Durbl_excess,0.0381,0.00770427,500,3,20,20,0.3
1976-06-01,Manuf_excess,0.0327,0.00485582,300,3,20,10,0.3
1976-06-01,Enrgy_excess,0.0466,0.0055031,500,7,20,10,0.3
1976-06-01,HiTec_excess,0.0778,0.01084654,300,3,10,10,0.3
1976-06-01,Telcm_excess,0.0316,0.00494976,300,3,20,10,0.3
1976-06-01,Shops_excess,0.0104,0.00358964,500,7,20,10,0.3
1976-06-01,Hlth_excess,0.0324,-0.00839278,500,7,20,10,0.3
1976-06-01,Utils_excess,0.0383,0.00397718,300,3,20,10,0.3
1976-06-01,Other_excess,0.0493,0.00453642,300,3,20,10,0.3
1976-07-01,NoDur_excess,0.0101,0.01159994,500,7,10,10,0.3
1976-07-01,Durbl_excess,-0.0154,0.01104721,500,3,20,20,0.3
1976-07-01,Manuf_excess,-0.0232,0.00801082,300,3,20,10,0.3
1976-07-01,Enrgy_excess,-0.0109,0.01375753,500,7,20,10,0.3
1976-07-01,HiTec_excess,-0.0267,0.0134804,300,3,10,10,0.3
1976-07-01,Telcm_excess,0.0078,0.0088717,300,3,20,10,0.3
1976-07-01,Shops_excess,-0.0271,0.01001061,500,7,20,10,0.3
1976-07-01,Hlth_excess,-0.0085,0.00288067,500,7,20,10,0.3
1976-07-01,Utils_excess,0.0235,0.00900173,300,3,20,10,0.3
1976-07-01,Other_excess,-0.0052,0.00807274,300,3,20,10,0.3
1976-08-01,NoDur_excess,-0.0076,0.01189652,500,7,10,10,0.3
1976-08-01,Durbl_excess,-0.0188,0.01216922,500,3,20,20,0.3
1976-08-01,Manuf_excess,-0.0212,0.00985155,300,3,20,10,0.3
1976-08-01,Enrgy_excess,-0.0131,0.01227476,500,7,20,10,0.3
1976-08-01,HiTec_excess,-0.0127,0.01317081,300,3,10,10,0.3
1976-08-01,Telcm_excess,0.0432,0.00875837,300,3,20,10,0.3
1976-08-01,Shops_excess,0.0244,0.01082967,500,7,20,10,0.3
1976-08-01,Hlth_excess,0.0175,0.00634625,500,7,20,10,0.3
1976-08-01,Utils_excess,0.0255,0.00929672,300,3,20,10,0.3
1976-08-01,Other_excess,-0.0158,0.01037592,300,3,20,10,0.3
1976-09-01,NoDur_excess,0.0115,0.01410445,500,7,10,10,0.3
1976-09-01,Durbl_excess,0.0405,0.01166703,500,3,20,20,0.3
1976-09-01,Manuf_excess,0.0066,0.01036037,300,3,20,10,0.3
1976-09-01,Enrgy_excess,0.0548,0.01325729,500,7,20,10,0.3
1976-09-01,HiTec_excess,0.0247,0.01264638,300,3,10,10,0.3
1976-09-01,Telcm_excess,0.0116,0.01015256,300,3,20,10,0.3
1976-09-01,Shops_excess,0.0001,0.01260209,500,7,20,10,0.3
1976-09-01,Hlth_excess,0.0319,0.00747408,500,7,20,10,0.3
1976-09-01,Utils_excess,0.0364,0.01089704,300,3,20,10,0.3
1976-09-01,Other_excess,0.0048,0.0088057,300,3,20,10,0.3
1976-10-01,NoDur_excess,-0.0203,0.01366187,500,7,10,10,0.3
1976-10-01,Durbl_excess,-0.0157,0.01158482,500,3,20,20,0.3
1976-10-01,Manuf_excess,-0.0369,0.00926573,300,3,20,10,0.3
1976-10-01,Enrgy_excess,-0.0283,0.01867949,500,7,20,10,0.3
1976-10-01,HiTec_excess,-0.0491,0.0126848,300,3,10,10,0.3
1976-10-01,Telcm_excess,0.0088,0.01066372,300,3,20,10,0.3
1976-10-01,Shops_excess,-0.0132,0.01110086,500,7,20,10,0.3
1976-10-01,Hlth_excess,-0.0415,0.00954883,500,7,20,10,0.3
1976-10-01,Utils_excess,-0.0122,0.0098126,300,3,20,10,0.3
1976-10-01,Other_excess,-0.0084,0.00815748,300,3,20,10,0.3
1976-11-01,NoDur_excess,0.0134,0.00811884,500,7,10,10,0.3
1976-11-01,Durbl_excess,-0.0111,0.01304384,500,3,20,20,0.3
1976-11-01,Manuf_excess,-0.0077,0.01020104,300,3,20,10,0.3
1976-11-01,Enrgy_excess,0.0043,0.01817313,500,7,20,10,0.3
1976-11-01,HiTec_excess,0.0122,0.01169247,300,3,10,10,0.3
1976-11-01,Telcm_excess,0.0275,0.00910026,300,3,20,10,0.3
1976-11-01,Shops_excess,0.0445,0.01041448,500,7,20,10,0.3
1976-11-01,Hlth_excess,-0.1016,0.00605341,500,7,20,10,0.3
1976-11-01,Utils_excess,0.0275,0.00923987,300,3,20,10,0.3
1976-11-01,Other_excess,0.0159,0.00996538,300,3,20,10,0.3
1976-12-01,NoDur_excess,0.0481,0.01529897,500,7,10,10,0.3
1976-12-01,Durbl_excess,0.0927,0.01505639,500,3,20,20,0.3
1976-12-01,Manuf_excess,0.0541,0.01066758,300,3,20,10,0.3
1976-12-01,Enrgy_excess,0.0593,0.01965902,500,7,20,10,0.3
1976-12-01,HiTec_excess,0.0347,0.0123048,300,3,10,10,0.3
1976-12-01,Telcm_excess,0.0305,0.01098148,300,3,20,10,0.3
1976-12-01,Shops_excess,0.0193,0.01446291,500,7,20,10,0.3
1976-12-01,Hlth_excess,0.0589,0.00125843,500,7,20,10,0.3
1976-12-01,Utils_excess,0.061,0.01335962,300,3,20,10,0.3
1976-12-01,Other_excess,0.0798,0.00804217,300,3,20,10,0.3
1977-01-01,NoDur_excess,-0.0444,0.00915764,500,7,10,10,0.3
1977-01-01,Durbl_excess,-0.0455,0.01395325,500,3,20,20,0.3
1977-01-01,Manuf_excess,-0.0632,0.00930401,300,3,20,10,0.3
1977-01-01,Enrgy_excess,-0.0007,0.01736084,500,7,20,10,0.3
1977-01-01,HiTec_excess,-0.0422,0.0110439,300,3,10,10,0.3
1977-01-01,Telcm_excess,-0.0024,0.01109498,300,3,20,10,0.3
1977-01-01,Shops_excess,-0.0749,0.01111711,500,7,20,10,0.3
1977-01-01,Hlth_excess,-0.0919,0.00266855,500,7,20,10,0.3
1977-01-01,Utils_excess,0.0048,0.0134492,300,3,20,10,0.3
1977-01-01,Other_excess,-0.0452,0.01221589,300,3,20,10,0.3
1977-02-01,NoDur_excess,-0.0174,0.00789891,500,7,10,10,0.3
1977-02-01,Durbl_excess,-0.0383,0.01436188,500,3,20,20,0.3
1977-02-01,Manuf_excess,-0.0098,0.00933212,300,3,20,10,0.3
1977-02-01,Enrgy_excess,-0.0336,0.012083,500,7,20,10,0.3
1977-02-01,HiTec_excess,-0.0096,0.01150158,300,3,10,10,0.3
1977-02-01,Telcm_excess,0.0063,0.00028438,300,3,20,10,0.3
1977-02-01,Shops_excess,-0.0219,0.00876449,500,7,20,10,0.3
1977-02-01,Hlth_excess,-0.0056,-0.0017471,500,7,20,10,0.3
1977-02-01,Utils_excess,-0.0377,0.01035082,300,3,20,10,0.3
1977-02-01,Other_excess,-0.0208,0.00722536,300,3,20,10,0.3
1977-03-01,NoDur_excess,-0.0178,-0.00039813,500,7,10,10,0.3
1977-03-01,Durbl_excess,-0.0373,0.00923063,500,3,20,20,0.3
1977-03-01,Manuf_excess,-0.0065,0.0053433,300,3,20,10,0.3
1977-03-01,Enrgy_excess,-0.0245,0.00768544,500,7,20,10,0.3
1977-03-01,HiTec_excess,-0.0041,0.01135212,300,3,10,10,0.3
1977-03-01,Telcm_excess,-0.0142,0.00649527,300,3,20,10,0.3
1977-03-01,Shops_excess,-0.0313,0.00080877,500,7,20,10,0.3
1977-03-01,Hlth_excess,-0.0217,-0.01180612,500,7,20,10,0.3
1977-03-01,Utils_excess,-0.002,0.00429192,300,3,20,10,0.3
1977-03-01,Other_excess,-0.0047,0.00232695,300,3,20,10,0.3
1977-04-01,NoDur_excess,0.0014,0.00699539,500,7,10,10,0.3
1977-04-01,Durbl_excess,0.0278,0.01169102,500,3,20,20,0.3
1977-04-01,Manuf_excess,0.0011,0.00671316,300,3,20,10,0.3
1977-04-01,Enrgy_excess,0.0214,0.01019094,500,7,20,10,0.3
1977-04-01,HiTec_excess,-0.0383,0.01503328,300,3,10,10,0.3
1977-04-01,Telcm_excess,0.0028,0.00788416,300,3,20,10,0.3
1977-04-01,Shops_excess,-0.0382,0.00418568,500,7,20,10,0.3
1977-04-01,Hlth_excess,-0.056,-0.00709363,500,7,20,10,0.3
1977-04-01,Utils_excess,0.0156,0.0111157,300,3,20,10,0.3
1977-04-01,Other_excess,0.0175,0.00919045,300,3,20,10,0.3
1977-05-01,NoDur_excess,-0.0131,-0.00199031,500,7,10,10,0.3
1977-05-01,Durbl_excess,-0.009,0.01023771,500,3,20,20,0.3
1977-05-01,Manuf_excess,-0.0335,0.00487294,300,3,20,10,0.3
1977-05-01,Enrgy_excess,-0.008,0.01034376,500,7,20,10,0.3
1977-05-01,HiTec_excess,-0.0189,0.00924243,300,3,10,10,0.3
1977-05-01,Telcm_excess,0.0106,0.00751298,300,3,20,10,0.3
1977-05-01,Shops_excess,-0.0315,-0.00361328,500,7,20,10,0.3
1977-05-01,Hlth_excess,-0.0226,-0.01425754,500,7,20,10,0.3
1977-05-01,Utils_excess,0.013,0.00568375,300,3,20,10,0.3
1977-05-01,Other_excess,-0.0126,0.0041259,300,3,20,10,0.3
1977-06-01,NoDur_excess,0.0413,0.01426811,500,7,10,10,0.3
1977-06-01,Durbl_excess,0.0389,0.01556286,500,3,20,20,0.3
1977-06-01,Manuf_excess,0.03,0.0094575,300,3,20,10,0.3
1977-06-01,Enrgy_excess,0.0569,0.01431836,500,7,20,10,0.3
1977-06-01,HiTec_excess,0.0737,0.0128842,300,3,10,10,0.3
1977-06-01,Telcm_excess,0.0154,0.0108878,300,3,20,10,0.3
1977-06-01,Shops_excess,0.0569,0.00544629,500,7,20,10,0.3
1977-06-01,Hlth_excess,0.0863,-0.0004683,500,7,20,10,0.3
1977-06-01,Utils_excess,0.0531,0.0149834,300,3,20,10,0.3
1977-06-01,Other_excess,0.0494,0.00704404,300,3,20,10,0.3
1977-07-01,NoDur_excess,0.0076,0.01182908,500,7,10,10,0.3
1977-07-01,Durbl_excess,-0.0285,0.01210541,500,3,20,20,0.3
1977-07-01,Manuf_excess,-0.0404,0.00571307,300,3,20,10,0.3
1977-07-01,Enrgy_excess,-0.0222,0.01087355,500,7,20,10,0.3
1977-07-01,HiTec_excess,-0.0058,0.01189357,300,3,10,10,0.3
1977-07-01,Telcm_excess,-0.0127,0.00832814,300,3,20,10,0.3
1977-07-01,Shops_excess,-0.0064,0.00323081,500,7,20,10,0.3
1977-07-01,Hlth_excess,-0.0265,-0.00148396,500,7,20,10,0.3
1977-07-01,Utils_excess,0.0045,0.01329599,300,3,20,10,0.3
1977-07-01,Other_excess,-0.0081,0.00596374,300,3,20,10,0.3
1977-08-01,NoDur_excess,-0.0033,0.01474772,500,7,10,10,0.3
1977-08-01,Durbl_excess,-0.0129,0.01389602,500,3,20,20,0.3
1977-08-01,Manuf_excess,-0.0171,0.01014084,300,3,20,10,0.3
1977-08-01,Enrgy_excess,-0.0628,0.00898924,500,7,20,10,0.3
1977-08-01,HiTec_excess,0.0006,0.01203901,300,3,10,10,0.3
1977-08-01,Telcm_excess,-0.0272,0.00937144,300,3,20,10,0.3
1977-08-01,Shops_excess,0.0419,0.00976431,500,7,20,10,0.3
1977-08-01,Hlth_excess,0.034,0.00702768,500,7,20,10,0.3
1977-08-01,Utils_excess,-0.0369,0.01431359,300,3,20,10,0.3
1977-08-01,Other_excess,-0.0162,0.00866961,300,3,20,10,0.3
1977-09-01,NoDur_excess,-0.0016,0.01826955,500,7,10,10,0.3
1977-09-01,Durbl_excess,0.0112,0.01512071,500,3,20,20,0.3
1977-09-01,Manuf_excess,-0.0136,0.01051342,300,3,20,10,0.3
1977-09-01,Enrgy_excess,0.0031,0.01597096,500,7,20,10,0.3
1977-09-01,HiTec_excess,-0.0221,0.01208611,300,3,10,10,0.3
1977-09-01,Telcm_excess,0.0305,0.00924694,300,3,20,10,0.3
1977-09-01,Shops_excess,-0.0113,0.01343855,500,7,20,10,0.3
1977-09-01,Hlth_excess,-0.0132,0.00916723,500,7,20,10,0.3
1977-09-01,Utils_excess,0.0158,0.01458183,300,3,20,10,0.3
1977-09-01,Other_excess,-0.0053,0.01032625,300,3,20,10,0.3
1977-10-01,NoDur_excess,-0.0384,0.01515694,500,7,10,10,0.3
1977-10-01,Durbl_excess,-0.0495,0.01428502,500,3,20,20,0.3
1977-10-01,Manuf_excess,-0.0512,0.01146165,300,3,20,10,0.3
1977-10-01,Enrgy_excess,-0.0404,0.01216839,500,7,20,10,0.3
1977-10-01,HiTec_excess,-0.0371,0.01174011,300,3,10,10,0.3
1977-10-01,Telcm_excess,-0.0554,0.01063723,300,3,20,10,0.3
1977-10-01,Shops_excess,-0.0367,0.01343868,500,7,20,10,0.3
1977-10-01,Hlth_excess,-0.0224,0.01401288,500,7,20,10,0.3
1977-10-01,Utils_excess,-0.0364,0.01427117,300,3,20,10,0.3
1977-10-01,Other_excess,-0.049,0.01209543,300,3,20,10,0.3
1977-11-01,NoDur_excess,0.0409,0.0072688,500,7,10,10,0.3
1977-11-01,Durbl_excess,0.0137,0.01064591,500,3,20,20,0.3
1977-11-01,Manuf_excess,0.0383,0.00986194,300,3,20,10,0.3
1977-11-01,Enrgy_excess,0.0297,0.00540527,500,7,20,10,0.3
1977-11-01,HiTec_excess,0.0478,0.01070542,300,3,10,10,0.3
1977-11-01,Telcm_excess,0.0166,0.00672431,300,3,20,10,0.3
1977-11-01,Shops_excess,0.0505,0.01027768,500,7,20,10,0.3
1977-11-01,Hlth_excess,0.0559,0.01219025,500,7,20,10,0.3
1977-11-01,Utils_excess,0.0379,0.01152236,300,3,20,10,0.3
1977-11-01,Other_excess,0.0599,0.00697028,300,3,20,10,0.3
1977-12-01,NoDur_excess,-0.0048,0.01569348,500,7,10,10,0.3
1977-12-01,Durbl_excess,-0.0124,0.01400441,500,3,20,20,0.3
1977-12-01,Manuf_excess,0.0025,0.01102015,300,3,20,10,0.3
1977-12-01,Enrgy_excess,0.014,0.01501952,500,7,20,10,0.3
1977-12-01,HiTec_excess,0.0189,0.01219228,300,3,10,10,0.3
1977-12-01,Telcm_excess,0.0166,0.00904881,300,3,20,10,0.3
1977-12-01,Shops_excess,-0.0172,0.01806652,500,7,20,10,0.3
1977-12-01,Hlth_excess,0.0013,0.01429874,500,7,20,10,0.3
1977-12-01,Utils_excess,-0.0082,0.01450828,300,3,20,10,0.3
1977-12-01,Other_excess,0.0013,0.00859755,300,3,20,10,0.3
1978-01-01,NoDur_excess,-0.0579,0.01097297,500,7,10,10,0.3
1978-01-01,Durbl_excess,-0.0731,0.0114255,500,3,20,20,0.3
1978-01-01,Manuf_excess,-0.0652,0.01021228,300,3,20,10,0.3
1978-01-01,Enrgy_excess,-0.0742,0.00620051,500,7,20,10,0.3
1978-01-01,HiTec_excess,-0.0523,0.01245445,300,3,10,10,0.3
1978-01-01,Telcm_excess,-0.0465,0.00789411,300,3,20,10,0.3
1978-01-01,Shops_excess,-0.0733,0.01200036,500,7,20,10,0.3
1978-01-01,Hlth_excess,-0.0238,0.01500931,500,7,20,10,0.3
1978-01-01,Utils_excess,-0.0503,0.01182636,300,3,20,10,0.3
1978-01-01,Other_excess,-0.0578,0.00785682,300,3,20,10,0.3
1978-02-01,NoDur_excess,-0.0035,0.00192278,500,7,10,10,0.3
1978-02-01,Durbl_excess,-0.0008,0.00590826,500,3,20,20,0.3
1978-02-01,Manuf_excess,-0.0309,0.00601578,300,3,20,10,0.3
1978-02-01,Enrgy_excess,-0.0155,-0.00205452,500,7,20,10,0.3
1978-02-01,HiTec_excess,-0.0393,0.00499842,300,3,10,10,0.3
1978-02-01,Telcm_excess,0.037,0.00526656,300,3,20,10,0.3
1978-02-01,Shops_excess,-0.009,0.00159326,500,7,20,10,0.3
1978-02-01,Hlth_excess,-0.0348,0.00311452,500,7,20,10,0.3
1978-02-01,Utils_excess,-0.0088,0.00884715,300,3,20,10,0.3
1978-02-01,Other_excess,-0.0062,0.0085659,300,3,20,10,0.3
1978-03-01,NoDur_excess,0.0364,0.00368392,500,7,10,10,0.3
1978-03-01,Durbl_excess,0.0557,0.0060084,500,3,20,20,0.3
1978-03-01,Manuf_excess,0.0337,0.00427557,300,3,20,10,0.3
1978-03-01,Enrgy_excess,0.0152,0.00210445,500,7,20,10,0.3
1978-03-01,HiTec_excess,-0.0114,0.00418317,300,3,10,10,0.3
1978-03-01,Telcm_excess,0.0209,0.00625706,300,3,20,10,0.3
1978-03-01,Shops_excess,0.0232,0.00171571,500,7,20,10,0.3
1978-03-01,Hlth_excess,0.0364,0.0011658,500,7,20,10,0.3
1978-03-01,Utils_excess,0.0195,0.00872008,300,3,20,10,0.3
1978-03-01,Other_excess,0.0493,0.00759753,300,3,20,10,0.3
1978-04-01,NoDur_excess,0.0638,0.00473978,500,7,10,10,0.3
1978-04-01,Durbl_excess,0.0909,0.00759687,500,3,20,20,0.3
1978-04-01,Manuf_excess,0.1084,0.00559506,300,3,20,10,0.3
1978-04-01,Enrgy_excess,0.0616,0.00129592,500,7,20,10,0.3
1978-04-01,HiTec_excess,0.1275,0.00551437,300,3,10,10,0.3
1978-04-01,Telcm_excess,0.0239,0.00696727,300,3,20,10,0.3
1978-04-01,Shops_excess,0.1029,0.00280095,500,7,20,10,0.3
1978-04-01,Hlth_excess,0.087,0.0017045,500,7,20,10,0.3
1978-04-01,Utils_excess,-0.0036,0.00714045,300,3,20,10,0.3
1978-04-01,Other_excess,0.0882,0.00597886,300,3,20,10,0.3
1978-05-01,NoDur_excess,0.0372,0.00615257,500,7,10,10,0.3
1978-05-01,Durbl_excess,-0.0033,0.01096854,500,3,20,20,0.3
1978-05-01,Manuf_excess,0.0359,0.00905843,300,3,20,10,0.3
1978-05-01,Enrgy_excess,0.0035,0.00738134,500,7,20,10,0.3
1978-05-01,HiTec_excess,0.0116,0.00776697,300,3,10,10,0.3
1978-05-01,Telcm_excess,-0.009,0.00803743,300,3,20,10,0.3
1978-05-01,Shops_excess,0.0075,0.01104567,500,7,20,10,0.3
1978-05-01,Hlth_excess,0.0466,0.00544151,500,7,20,10,0.3
1978-05-01,Utils_excess,0.002,0.00586094,300,3,20,10,0.3
1978-05-01,Other_excess,0.0209,0.008015,300,3,20,10,0.3
1978-06-01,NoDur_excess,-0.008,0.00550959,500,7,10,10,0.3
1978-06-01,Durbl_excess,-0.0331,0.00926202,500,3,20,20,0.3
1978-06-01,Manuf_excess,-0.0201,0.00858244,300,3,20,10,0.3
1978-06-01,Enrgy_excess,-0.0428,0.00301324,500,7,20,10,0.3
1978-06-01,HiTec_excess,-0.009,0.00757945,300,3,10,10,0.3
1978-06-01,Telcm_excess,-0.0208,0.00665227,300,3,20,10,0.3
1978-06-01,Shops_excess,-0.0251,0.00557767,500,7,20,10,0.3
1978-06-01,Hlth_excess,0.006,0.00548922,500,7,20,10,0.3
1978-06-01,Utils_excess,0.0029,0.00546863,300,3,20,10,0.3
1978-06-01,Other_excess,-0.0089,0.00761023,300,3,20,10,0.3
1978-07-01,NoDur_excess,0.0294,0.00347617,500,7,10,10,0.3
1978-07-01,Durbl_excess,0.0417,0.00625818,500,3,20,20,0.3
1978-07-01,Manuf_excess,0.0728,0.00701269,300,3,20,10,0.3
1978-07-01,Enrgy_excess,0.0278,-0.00063986,500,7,20,10,0.3
1978-07-01,HiTec_excess,0.0802,0.0003932,300,3,10,10,0.3
1978-07-01,Telcm_excess,0.0087,0.0059872,300,3,20,10,0.3
1978-07-01,Shops_excess,0.0457,0.00528032,500,7,20,10,0.3
1978-07-01,Hlth_excess,0.0831,0.00571373,500,7,20,10,0.3
1978-07-01,Utils_excess,0.0226,0.00556936,300,3,20,10,0.3
1978-07-01,Other_excess,0.0608,0.00902667,300,3,20,10,0.3
1978-08-01,NoDur_excess,0.0355,0.00829564,500,7,10,10,0.3
1978-08-01,Durbl_excess,0.0241,0.00839754,500,3,20,20,0.3
1978-08-01,Manuf_excess,0.0338,0.00761628,300,3,20,10,0.3
1978-08-01,Enrgy_excess,0.0457,0.0051302,500,7,20,10,0.3
1978-08-01,HiTec_excess,0.0546,0.00328617,300,3,10,10,0.3
1978-08-01,Telcm_excess,0.0297,0.0062054,300,3,20,10,0.3
1978-08-01,Shops_excess,0.0514,0.00529634,500,7,20,10,0.3
1978-08-01,Hlth_excess,0.0041,0.00427846,500,7,20,10,0.3
1978-08-01,Utils_excess,-0.0011,0.00732558,300,3,20,10,0.3
1978-08-01,Other_excess,0.0597,0.00805563,300,3,20,10,0.3
1978-09-01,NoDur_excess,-0.0102,0.01591076,500,7,10,10,0.3
1978-09-01,Durbl_excess,-0.0113,0.01082011,500,3,20,20,0.3
1978-09-01,Manuf_excess,-0.0274,0.00863111,300,3,20,10,0.3
1978-09-01,Enrgy_excess,0.0414,0.01125655,500,7,20,10,0.3
1978-09-01,HiTec_excess,-0.048,0.00774329,300,3,10,10,0.3
1978-09-01,Telcm_excess,0.006,0.00811847,300,3,20,10,0.3
1978-09-01,Shops_excess,-0.0326,0.01025858,500,7,20,10,0.3
1978-09-01,Hlth_excess,-0.0333,0.01204408,500,7,20,10,0.3
1978-09-01,Utils_excess,-0.0087,0.01033002,300,3,20,10,0.3
1978-09-01,Other_excess,-0.0207,0.00947572,300,3,20,10,0.3
1978-10-01,NoDur_excess,-0.1226,-0.0040277,500,7,10,10,0.3
1978-10-01,Durbl_excess,-0.1186,0.00412452,500,3,20,20,0.3
1978-10-01,Manuf_excess,-0.1204,0.00668634,300,3,20,10,0.3
1978-10-01,Enrgy_excess,-0.1129,-0.00315599,500,7,20,10,0.3
1978-10-01,HiTec_excess,-0.1144,-0.00060249,300,3,10,10,0.3
1978-10-01,Telcm_excess,-0.0518,0.00471274,300,3,20,10,0.3
1978-10-01,Shops_excess,-0.1486,4.88e-06,500,7,20,10,0.3
1978-10-01,Hlth_excess,-0.1352,-0.00010239,500,7,20,10,0.3
1978-10-01,Utils_excess,-0.0778,0.00409721,300,3,20,10,0.3
1978-10-01,Other_excess,-0.1479,0.00435252,300,3,20,10,0.3
1978-11-01,NoDur_excess,0.0149,-0.00593131,500,7,10,10,0.3
1978-11-01,Durbl_excess,-0.0002,0.00307693,500,3,20,20,0.3
1978-11-01,Manuf_excess,0.0217,0.00784958,300,3,20,10,0.3
1978-11-01,Enrgy_excess,0.0548,-0.00454468,500,7,20,10,0.3
1978-11-01,HiTec_excess,0.0438,-0.00501015,300,3,10,10,0.3
1978-11-01,Telcm_excess,0.0232,-0.0002882,300,3,20,10,0.3
1978-11-01,Shops_excess,0.0193,-0.00214798,500,7,20,10,0.3
1978-11-01,Hlth_excess,0.0448,-0.00181585,500,7,20,10,0.3
1978-11-01,Utils_excess,0.023,0.00290891,300,3,20,10,0.3
1978-11-01,Other_excess,0.0181,0.00962748,300,3,20,10,0.3
1978-12-01,NoDur_excess,0.009,0.00146857,500,7,10,10,0.3
1978-12-01,Durbl_excess,-0.014,0.00674964,500,3,20,20,0.3
1978-12-01,Manuf_excess,0.0063,0.01232153,300,3,20,10,0.3
1978-12-01,Enrgy_excess,0.0204,0.01214999,500,7,20,10,0.3
1978-12-01,HiTec_excess,0.0562,0.00011132,300,3,10,10,0.3
1978-12-01,Telcm_excess,-0.0068,0.00885763,300,3,20,10,0.3
1978-12-01,Shops_excess,-0.0144,0.0079433,500,7,20,10,0.3
1978-12-01,Hlth_excess,0.0264,0.00846357,500,7,20,10,0.3
1978-12-01,Utils_excess,-0.0203,0.01184263,300,3,20,10,0.3
1978-12-01,Other_excess,0.0051,0.01532787,300,3,20,10,0.3
1979-01-01,NoDur_excess,0.0341,-0.00882346,500,7,10,10,0.3
1979-01-01,Durbl_excess,0.0429,0.0023421,500,3,20,20,0.3
1979-01-01,Manuf_excess,0.0574,0.01171064,300,3,20,10,0.3
1979-01-01,Enrgy_excess,0.0232,0.00024717,500,7,20,10,0.3
1979-01-01,HiTec_excess,0.0353,0.00277162,300,3,10,10,0.3
1979-01-01,Telcm_excess,0.0289,0.0058528,300,3,20,10,0.3
1979-01-01,Shops_excess,0.0496,0.0006955,500,7,20,10,0.3
1979-01-01,Hlth_excess,0.0065,0.00955438,500,7,20,10,0.3
1979-01-01,Utils_excess,0.056,0.00766822,300,3,20,10,0.3
1979-01-01,Other_excess,0.0526,0.01347985,300,3,20,10,0.3
1979-02-01,NoDur_excess,-0.0422,-0.00686478,500,7,10,10,0.3
1979-02-01,Durbl_excess,-0.0433,0.00136186,500,3,20,20,0.3
1979-02-01,Manuf_excess,-0.0522,0.0058269,300,3,20,10,0.3
1979-02-01,Enrgy_excess,-0.0012,0.00460508,500,7,20,10,0.3
1979-02-01,HiTec_excess,-0.0405,0.00180056,300,3,10,10,0.3
1979-02-01,Telcm_excess,-0.0138,0.00732458,300,3,20,10,0.3
1979-02-01,Shops_excess,-0.0515,-0.0023179,500,7,20,10,0.3
1979-02-01,Hlth_excess,-0.0525,0.00278052,500,7,20,10,0.3
1979-02-01,Utils_excess,-0.0237,0.0057729,300,3,20,10,0.3
1979-02-01,Other_excess,-0.0394,0.00665503,300,3,20,10,0.3
1979-03-01,NoDur_excess,0.0334,-0.01176166,500,7,10,10,0.3
1979-03-01,Durbl_excess,0.0579,-0.00169348,500,3,20,20,0.3
1979-03-01,Manuf_excess,0.0653,0.00550975,300,3,20,10,0.3
1979-03-01,Enrgy_excess,0.0847,-0.00346443,500,7,20,10,0.3
1979-03-01,HiTec_excess,0.068,-0.00191058,300,3,10,10,0.3
1979-03-01,Telcm_excess,-0.0065,0.00573182,300,3,20,10,0.3
1979-03-01,Shops_excess,0.0531,-0.0054951,500,7,20,10,0.3
1979-03-01,Hlth_excess,0.0423,0.00375103,500,7,20,10,0.3
1979-03-01,Utils_excess,0.0151,0.00435722,300,3,20,10,0.3
1979-03-01,Other_excess,0.0735,0.00913886,300,3,20,10,0.3
1979-04-01,NoDur_excess,-0.006,-0.00574057,500,7,10,10,0.3
1979-04-01,Durbl_excess,0.0213,0.00133178,500,3,20,20,0.3
1979-04-01,Manuf_excess,-0.0126,0.00691685,300,3,20,10,0.3
1979-04-01,Enrgy_excess,0.0353,0.00682563,500,7,20,10,0.3
1979-04-01,HiTec_excess,-0.0047,0.00090283,300,3,10,10,0.3
1979-04-01,Telcm_excess,-0.0295,0.0070131,300,3,20,10,0.3
1979-04-01,Shops_excess,0.0008,-0.00213022,500,7,20,10,0.3
1979-04-01,Hlth_excess,-0.0037,0.00563065,500,7,20,10,0.3
1979-04-01,Utils_excess,-0.0355,0.0063549,300,3,20,10,0.3
1979-04-01,Other_excess,0.0069,0.01122308,300,3,20,10,0.3
1979-05-01,NoDur_excess,-0.026,-0.00452127,500,7,10,10,0.3
1979-05-01,Durbl_excess,-0.0151,0.00171618,500,3,20,20,0.3
1979-05-01,Manuf_excess,-0.0311,0.00928802,300,3,20,10,0.3
1979-05-01,Enrgy_excess,-0.0328,0.00319381,500,7,20,10,0.3
1979-05-01,HiTec_excess,-0.028,0.00423732,300,3,10,10,0.3
1979-05-01,Telcm_excess,-0.0073,0.00455298,300,3,20,10,0.3
1979-05-01,Shops_excess,-0.0326,0.00029891,500,7,20,10,0.3
1979-05-01,Hlth_excess,-0.0346,0.00661021,500,7,20,10,0.3
1979-05-01,Utils_excess,0.0062,0.00315508,300,3,20,10,0.3
1979-05-01,Other_excess,-0.011,0.01410176,300,3,20,10,0.3
1979-06-01,NoDur_excess,0.0251,0.00306745,500,7,10,10,0.3
1979-06-01,Durbl_excess,0.0219,0.00327329,500,3,20,20,0.3
1979-06-01,Manuf_excess,0.0268,0.00864592,300,3,20,10,0.3
1979-06-01,Enrgy_excess,0.0846,0.01499241,500,7,20,10,0.3
1979-06-01,HiTec_excess,-0.0031,0.00585324,300,3,10,10,0.3
1979-06-01,Telcm_excess,0.0112,0.00822679,300,3,20,10,0.3
1979-06-01,Shops_excess,0.0199,0.00085327,500,7,20,10,0.3
1979-06-01,Hlth_excess,0.0402,0.00585839,500,7,20,10,0.3
1979-06-01,Utils_excess,0.0416,0.00788671,300,3,20,10,0.3
1979-06-01,Other_excess,0.0619,0.01696229,300,3,20,10,0.3
1979-07-01,NoDur_excess,0.0126,0.00113467,500,7,10,10,0.3
1979-07-01,Durbl_excess,0.0129,0.00517796,500,3,20,20,0.3
1979-07-01,Manuf_excess,0.0125,0.00877878,300,3,20,10,0.3
1979-07-01,Enrgy_excess,0.0081,0.01812714,500,7,20,10,0.3
1979-07-01,HiTec_excess,-0.0226,0.0034084,300,3,10,10,0.3
1979-07-01,Telcm_excess,-0.0088,0.00782409,300,3,20,10,0.3
1979-07-01,Shops_excess,0.0049,0.00071764,500,7,20,10,0.3
1979-07-01,Hlth_excess,-0.0062,0.0073771,500,7,20,10,0.3
1979-07-01,Utils_excess,0.013,0.00910603,300,3,20,10,0.3
1979-07-01,Other_excess,0.0254,0.01840465,300,3,20,10,0.3
1979-08-01,NoDur_excess,0.0679,-0.00322374,500,7,10,10,0.3
1979-08-01,Durbl_excess,0.0395,0.00130426,500,3,20,20,0.3
1979-08-01,Manuf_excess,0.0694,0.00771664,300,3,20,10,0.3
1979-08-01,Enrgy_excess,0.0716,0.00303136,500,7,20,10,0.3
1979-08-01,HiTec_excess,0.0514,0.00235392,300,3,10,10,0.3
1979-08-01,Telcm_excess,0.0075,0.00497697,300,3,20,10,0.3
1979-08-01,Shops_excess,0.0811,-0.00115258,500,7,20,10,0.3
1979-08-01,Hlth_excess,0.0781,0.00496674,500,7,20,10,0.3
1979-08-01,Utils_excess,0.0128,0.00611684,300,3,20,10,0.3
1979-08-01,Other_excess,0.0501,0.01443032,300,3,20,10,0.3
1979-09-01,NoDur_excess,-0.027,-0.00575984,500,7,10,10,0.3
1979-09-01,Durbl_excess,-0.0044,-0.00054817,500,3,20,20,0.3
1979-09-01,Manuf_excess,-0.0152,0.00396984,300,3,20,10,0.3
1979-09-01,Enrgy_excess,0.0509,0.00128624,500,7,20,10,0.3
1979-09-01,HiTec_excess,-0.0258,0.00336637,300,3,10,10,0.3
1979-09-01,Telcm_excess,-0.0321,0.00346136,300,3,20,10,0.3
1979-09-01,Shops_excess,-0.0158,-0.00268063,500,7,20,10,0.3
1979-09-01,Hlth_excess,-0.0138,0.0011559,500,7,20,10,0.3
1979-09-01,Utils_excess,-0.0302,0.00408148,300,3,20,10,0.3
1979-09-01,Other_excess,-0.0149,0.00606891,300,3,20,10,0.3
1979-10-01,NoDur_excess,-0.0853,-0.00520688,500,7,10,10,0.3
1979-10-01,Durbl_excess,-0.1015,-0.00186128,500,3,20,20,0.3
1979-10-01,Manuf_excess,-0.0972,0.00438535,300,3,20,10,0.3
1979-10-01,Enrgy_excess,-0.0342,0.00335706,500,7,20,10,0.3
1979-10-01,HiTec_excess,-0.0861,0.0024552,300,3,10,10,0.3
1979-10-01,Telcm_excess,-0.0594,0.0031204,300,3,20,10,0.3
1979-10-01,Shops_excess,-0.0976,-0.00501831,500,7,20,10,0.3
1979-10-01,Hlth_excess,-0.0521,0.00145575,500,7,20,10,0.3
1979-10-01,Utils_excess,-0.067,0.00457063,300,3,20,10,0.3
1979-10-01,Other_excess,-0.1102,0.00786863,300,3,20,10,0.3
1979-11-01,NoDur_excess,0.0417,0.00217923,500,7,10,10,0.3
1979-11-01,Durbl_excess,-0.0319,-0.00353407,500,3,20,20,0.3
1979-11-01,Manuf_excess,0.0373,0.00895443,300,3,20,10,0.3
1979-11-01,Enrgy_excess,0.0793,0.01258737,500,7,20,10,0.3
1979-11-01,HiTec_excess,0.0719,-0.00174874,300,3,10,10,0.3
1979-11-01,Telcm_excess,0.0307,-0.00341941,300,3,20,10,0.3
1979-11-01,Shops_excess,0.0284,-0.00130994,500,7,20,10,0.3
1979-11-01,Hlth_excess,0.078,0.00479257,500,7,20,10,0.3
1979-11-01,Utils_excess,0.0679,0.00487577,300,3,20,10,0.3
1979-11-01,Other_excess,0.0604,0.01399202,300,3,20,10,0.3
1979-12-01,NoDur_excess,0.0242,0.01304675,500,7,10,10,0.3
1979-12-01,Durbl_excess,0.0231,-0.00086328,500,3,20,20,0.3
1979-12-01,Manuf_excess,0.0351,0.01114706,300,3,20,10,0.3
1979-12-01,Enrgy_excess,0.0154,0.02557643,500,7,20,10,0.3
1979-12-01,HiTec_excess,0.0084,0.00563774,300,3,10,10,0.3
1979-12-01,Telcm_excess,-0.0247,0.00671081,300,3,20,10,0.3
1979-12-01,Shops_excess,0.0212,0.0022095,500,7,20,10,0.3
1979-12-01,Hlth_excess,0.0113,0.01190503,500,7,20,10,0.3
1979-12-01,Utils_excess,-0.0196,0.01081609,300,3,20,10,0.3
1979-12-01,Other_excess,0.0317,0.01971005,300,3,20,10,0.3
1980-01-01,NoDur_excess,0.0231,0.00750241,300,3,20,10,0.3
1980-01-01,Durbl_excess,0.0831,-0.00181457,300,3,20,10,0.3
1980-01-01,Manuf_excess,0.0626,0.00858296,300,3,10,10,0.3
1980-01-01,Enrgy_excess,0.1325,0.02060635,300,3,20,10,0.3
1980-01-01,HiTec_excess,0.0655,0.00199315,500,7,20,10,0.3
1980-01-01,Telcm_excess,-0.0287,0.00351655,500,3,20,10,0.3
1980-01-01,Shops_excess,0.0051,0.00423138,300,3,20,10,0.3
1980-01-01,Hlth_excess,-0.0209,0.01179838,300,3,20,10,0.3
1980-01-01,Utils_excess,0.0075,0.00650289,300,3,20,10,0.3
1980-01-01,Other_excess,0.0474,0.01670927,300,5,20,10,0.3
1980-02-01,NoDur_excess,-0.0575,-0.00508225,300,3,20,10,0.3
1980-02-01,Durbl_excess,-0.0724,-0.00573258,300,3,20,10,0.3
1980-02-01,Manuf_excess,-0.0339,0.00430697,300,3,10,10,0.3
1980-02-01,Enrgy_excess,0.1211,0.00852798,300,3,20,10,0.3
1980-02-01,HiTec_excess,-0.0448,-0.00559086,500,7,20,10,0.3
1980-02-01,Telcm_excess,-0.0229,-0.00605404,500,3,20,10,0.3
1980-02-01,Shops_excess,-0.0575,-0.00408934,300,3,20,10,0.3
1980-02-01,Hlth_excess,-0.0553,-0.00170235,300,3,20,10,0.3
1980-02-01,Utils_excess,-0.0431,-0.00082269,300,3,20,10,0.3
1980-02-01,Other_excess,-0.0426,-0.00080321,300,5,20,10,0.3
1980-03-01,NoDur_excess,-0.0938,-0.00689531,300,3,20,10,0.3
1980-03-01,Durbl_excess,-0.1001,-0.00891586,300,3,20,10,0.3
1980-03-01,Manuf_excess,-0.1298,0.00357867,300,3,10,10,0.3
1980-03-01,Enrgy_excess,-0.1912,0.01664418,300,3,20,10,0.3
1980-03-01,HiTec_excess,-0.1388,-0.00771224,500,7,20,10,0.3
1980-03-01,Telcm_excess,-0.0387,-0.00622924,500,3,20,10,0.3
1980-03-01,Shops_excess,-0.1084,-0.00857752,300,3,20,10,0.3
1980-03-01,Hlth_excess,-0.0406,-0.00303013,300,3,20,10,0.3
1980-03-01,Utils_excess,-0.0781,-0.00135988,300,3,20,10,0.3
1980-03-01,Other_excess,-0.1354,-0.00327795,300,5,20,10,0.3
1980-04-01,NoDur_excess,0.0514,0.00280377,300,3,20,10,0.3
1980-04-01,Durbl_excess,-0.0301,-0.01027284,300,3,20,10,0.3
1980-04-01,Manuf_excess,0.0195,0.00494765,300,3,10,10,0.3
1980-04-01,Enrgy_excess,0.056,0.01780967,300,3,20,10,0.3
1980-04-01,HiTec_excess,-0.0054,-0.0029051,500,7,20,10,0.3
1980-04-01,Telcm_excess,0.0607,-0.005602,500,3,20,10,0.3
1980-04-01,Shops_excess,0.0324,-0.00178072,300,3,20,10,0.3
1980-04-01,Hlth_excess,0.0303,0.00758319,300,3,20,10,0.3
1980-04-01,Utils_excess,0.1078,0.00347987,300,3,20,10,0.3
1980-04-01,Other_excess,0.0487,0.010975,300,5,20,10,0.3
1980-05-01,NoDur_excess,0.0714,0.00778725,300,3,20,10,0.3
1980-05-01,Durbl_excess,0.0356,-0.00243544,300,3,20,10,0.3
1980-05-01,Manuf_excess,0.0544,0.00904898,300,3,10,10,0.3
1980-05-01,Enrgy_excess,0.0332,0.02602462,300,3,20,10,0.3
1980-05-01,HiTec_excess,0.04,-0.00011693,500,7,20,10,0.3
1980-05-01,Telcm_excess,0.0419,0.00452611,500,3,20,10,0.3
1980-05-01,Shops_excess,0.0987,0.00059601,300,3,20,10,0.3
1980-05-01,Hlth_excess,0.0616,0.00720633,300,3,20,10,0.3
1980-05-01,Utils_excess,0.0379,0.0101913,300,3,20,10,0.3
1980-05-01,Other_excess,0.0728,0.01872239,300,5,20,10,0.3
1980-06-01,NoDur_excess,0.0238,-0.00018802,300,3,20,10,0.3
1980-06-01,Durbl_excess,0.0218,0.00335049,300,3,20,10,0.3
1980-06-01,Manuf_excess,0.0173,0.00626048,300,3,10,10,0.3
1980-06-01,Enrgy_excess,0.0523,0.0156622,300,3,20,10,0.3
1980-06-01,HiTec_excess,0.0242,-0.00121254,500,7,20,10,0.3
1980-06-01,Telcm_excess,-0.0118,0.00465989,500,3,20,10,0.3
1980-06-01,Shops_excess,0.0181,0.00108009,300,3,20,10,0.3
1980-06-01,Hlth_excess,-0.0039,0.00288213,300,3,20,10,0.3
1980-06-01,Utils_excess,0.0394,0.0061631,300,3,20,10,0.3
1980-06-01,Other_excess,0.0448,0.00742604,300,5,20,10,0.3
1980-07-01,NoDur_excess,0.0721,0.00424956,300,3,20,10,0.3
1980-07-01,Durbl_excess,0.1122,0.01317032,300,3,20,10,0.3
1980-07-01,Manuf_excess,0.103,0.0061234,300,3,10,10,0.3
1980-07-01,Enrgy_excess,0.0148,0.01268086,300,3,20,10,0.3
1980-07-01,HiTec_excess,0.1495,0.00322405,500,7,20,10,0.3
1980-07-01,Telcm_excess,0.0047,0.00520207,500,3,20,10,0.3
1980-07-01,Shops_excess,0.1029,0.0053185,300,3,20,10,0.3
1980-07-01,Hlth_excess,0.0835,-0.00128495,300,3,20,10,0.3
1980-07-01,Utils_excess,-0.0065,0.0069707,300,3,20,10,0.3
1980-07-01,Other_excess,0.0631,0.011052,300,5,20,10,0.3
1980-08-01,NoDur_excess,0.0083,0.00111342,300,3,20,10,0.3
1980-08-01,Durbl_excess,0.0089,0.00625827,300,3,20,10,0.3
1980-08-01,Manuf_excess,0.0094,0.00568317,300,3,10,10,0.3
1980-08-01,Enrgy_excess,0.0302,0.01123454,300,3,20,10,0.3
1980-08-01,HiTec_excess,0.0302,0.00647726,500,7,20,10,0.3
1980-08-01,Telcm_excess,0.0566,-0.00102215,500,3,20,10,0.3
1980-08-01,Shops_excess,0.0116,0.00031214,300,3,20,10,0.3
1980-08-01,Hlth_excess,-0.0037,0.00415328,300,3,20,10,0.3
1980-08-01,Utils_excess,-0.0181,0.00632985,300,3,20,10,0.3
1980-08-01,Other_excess,0.0206,0.00052952,300,5,20,10,0.3
1980-09-01,NoDur_excess,-0.0055,-0.00220066,300,3,20,10,0.3
1980-09-01,Durbl_excess,0.0018,0.00142,300,3,20,10,0.3
1980-09-01,Manuf_excess,0.0208,0.00176361,300,3,10,10,0.3
1980-09-01,Enrgy_excess,0.0578,0.0067841,300,3,20,10,0.3
1980-09-01,HiTec_excess,0.0124,-0.00326673,500,7,20,10,0.3
1980-09-01,Telcm_excess,-0.0237,-0.00231535,500,3,20,10,0.3
1980-09-01,Shops_excess,0.0053,-0.00276865,300,3,20,10,0.3
1980-09-01,Hlth_excess,0.0287,-0.0028163,300,3,20,10,0.3
1980-09-01,Utils_excess,-0.0063,0.00060401,300,3,20,10,0.3
1980-09-01,Other_excess,0.0307,-0.00587261,300,5,20,10,0.3
1980-10-01,NoDur_excess,-0.0066,-0.00519468,300,3,20,10,0.3
1980-10-01,Durbl_excess,-0.0267,-0.00229714,300,3,20,10,0.3
1980-10-01,Manuf_excess,-0.0053,0.0028206,300,3,10,10,0.3
1980-10-01,Enrgy_excess,0.0681,0.0097635,300,3,20,10,0.3
1980-10-01,HiTec_excess,0.0101,-0.00495579,500,7,20,10,0.3
1980-10-01,Telcm_excess,-0.0416,-0.003912,500,3,20,10,0.3
1980-10-01,Shops_excess,-0.021,-0.00466629,300,3,20,10,0.3
1980-10-01,Hlth_excess,-0.0219,-0.0024388,300,3,20,10,0.3
1980-10-01,Utils_excess,0.0097,-0.00052041,300,3,20,10,0.3
1980-10-01,Other_excess,0.0061,-0.00707629,300,5,20,10,0.3
1980-11-01,NoDur_excess,-0.0003,-0.00599944,300,3,20,10,0.3
1980-11-01,Durbl_excess,0.0393,-0.00232978,300,3,20,10,0.3
1980-11-01,Manuf_excess,0.0745,0.00181136,300,3,10,10,0.3
1980-11-01,Enrgy_excess,0.2334,0.00979248,300,3,20,10,0.3
1980-11-01,HiTec_excess,0.0887,-0.00629131,500,7,20,10,0.3
1980-11-01,Telcm_excess,-0.0142,-0.00663349,500,3,20,10,0.3
1980-11-01,Shops_excess,0.0162,-0.00514886,300,3,20,10,0.3
1980-11-01,Hlth_excess,0.0792,-0.00305482,300,3,20,10,0.3
1980-11-01,Utils_excess,0.0643,-0.00051972,300,3,20,10,0.3
1980-11-01,Other_excess,0.0671,-0.00949262,300,5,20,10,0.3
1980-12-01,NoDur_excess,-0.0031,-0.0042714,300,3,20,10,0.3
1980-12-01,Durbl_excess,-0.0239,-0.00342951,300,3,20,10,0.3
1980-12-01,Manuf_excess,-0.0338,0.00300649,300,3,10,10,0.3
1980-12-01,Enrgy_excess,-0.119,0.01675882,300,3,20,10,0.3
1980-12-01,HiTec_excess,-0.0245,-0.00347364,500,7,20,10,0.3
1980-12-01,Telcm_excess,-0.0009,4.158e-05,500,3,20,10,0.3
1980-12-01,Shops_excess,-0.027,-0.00553821,300,3,20,10,0.3
1980-12-01,Hlth_excess,0.033,-0.00682447,300,3,20,10,0.3
1980-12-01,Utils_excess,-0.0323,0.00375192,300,3,20,10,0.3
1980-12-01,Other_excess,-0.0127,-0.00539528,300,5,20,10,0.3
1981-01-01,NoDur_excess,0.0099,-0.00161126,300,3,20,10,0.3
1981-01-01,Durbl_excess,-0.0328,-0.00172206,300,3,20,10,0.3
1981-01-01,Manuf_excess,-0.03,0.00328883,300,3,10,10,0.3
1981-01-01,Enrgy_excess,-0.112,0.01361684,300,3,20,10,0.3
1981-01-01,HiTec_excess,-0.0911,-0.00469806,500,7,20,10,0.3
1981-01-01,Telcm_excess,0.0451,0.00246709,500,3,20,10,0.3
1981-01-01,Shops_excess,-0.006,-0.00599541,300,3,20,10,0.3
1981-01-01,Hlth_excess,-0.0266,-0.00508066,300,3,20,10,0.3
1981-01-01,Utils_excess,-0.036,0.00699127,300,3,20,10,0.3
1981-01-01,Other_excess,-0.044,-0.00534735,300,5,20,10,0.3
1981-02-01,NoDur_excess,0.0141,-0.00602037,300,3,20,10,0.3
1981-02-01,Durbl_excess,0.0538,-0.00337544,300,3,20,10,0.3
1981-02-01,Manuf_excess,0.0331,0.00388679,300,3,10,10,0.3
1981-02-01,Enrgy_excess,-0.0138,0.0070381,300,3,20,10,0.3
1981-02-01,HiTec_excess,-0.006,-0.00476903,500,7,20,10,0.3
1981-02-01,Telcm_excess,0.0106,0.00153991,500,3,20,10,0.3
1981-02-01,Shops_excess,0.0161,-0.0041606,300,3,20,10,0.3
1981-02-01,Hlth_excess,0.0073,-0.00236297,300,3,20,10,0.3
1981-02-01,Utils_excess,-0.0234,0.00372301,300,3,20,10,0.3
1981-02-01,Other_excess,0.006,-0.00952377,300,5,20,10,0.3
1981-03-01,NoDur_excess,0.0573,-0.00695234,300,3,20,10,0.3
1981-03-01,Durbl_excess,0.0577,-0.00432837,300,3,20,10,0.3
1981-03-01,Manuf_excess,0.0484,0.00446879,300,3,10,10,0.3
1981-03-01,Enrgy_excess,-0.0326,0.0050947,300,3,20,10,0.3
1981-03-01,HiTec_excess,0.0377,-0.0073941,500,7,20,10,0.3
1981-03-01,Telcm_excess,-0.0004,-0.00461733,500,3,20,10,0.3
1981-03-01,Shops_excess,0.1163,-0.00590966,300,3,20,10,0.3
1981-03-01,Hlth_excess,0.0466,-0.00365937,300,3,20,10,0.3
1981-03-01,Utils_excess,0.0179,0.00305684,300,3,20,10,0.3
1981-03-01,Other_excess,0.0782,-0.0100494,300,5,20,10,0.3
1981-04-01,NoDur_excess,0.0007,0.00292295,300,3,20,10,0.3
1981-04-01,Durbl_excess,0.0079,0.00246334,300,3,20,10,0.3
1981-04-01,Manuf_excess,-0.021,0.00411175,300,3,10,10,0.3
1981-04-01,Enrgy_excess,-0.0888,0.00784954,300,3,20,10,0.3
1981-04-01,HiTec_excess,-0.0091,-0.00573723,500,7,20,10,0.3
1981-04-01,Telcm_excess,0.0512,0.00513543,500,3,20,10,0.3
1981-04-01,Shops_excess,0.0181,0.00361386,300,3,20,10,0.3
1981-04-01,Hlth_excess,0.0195,-0.00215206,300,3,20,10,0.3
1981-04-01,Utils_excess,-0.0377,0.00743364,300,3,20,10,0.3
1981-04-01,Other_excess,-0.0075,-0.0003213,300,5,20,10,0.3
1981-05-01,NoDur_excess,0.015,-0.00447583,300,3,20,10,0.3
1981-05-01,Durbl_excess,0.0173,-0.00323071,300,3,20,10,0.3
1981-05-01,Manuf_excess,-0.0156,-0.00219611,300,3,10,10,0.3
1981-05-01,Enrgy_excess,-0.051,0.00433225,300,3,20,10,0.3
1981-05-01,HiTec_excess,0.0311,-0.01225104,500,7,20,10,0.3
1981-05-01,Telcm_excess,0.0606,-0.00446967,500,3,20,10,0.3
1981-05-01,Shops_excess,0.0171,-0.00556623,300,3,20,10,0.3
1981-05-01,Hlth_excess,0.0231,-0.00237775,300,3,20,10,0.3
1981-05-01,Utils_excess,0.0069,0.00118411,300,3,20,10,0.3
1981-05-01,Other_excess,0.0165,-0.00699681,300,5,20,10,0.3
1981-06-01,NoDur_excess,-0.0153,0.00035005,300,3,20,10,0.3
1981-06-01,Durbl_excess,-0.0565,0.00256262,300,3,20,10,0.3
1981-06-01,Manuf_excess,-0.026,0.006489,300,3,10,10,0.3
1981-06-01,Enrgy_excess,0.0336,0.00572358,300,3,20,10,0.3
1981-06-01,HiTec_excess,-0.0809,-0.00571136,500,7,20,10,0.3
1981-06-01,Telcm_excess,-0.0326,0.00671776,500,3,20,10,0.3
1981-06-01,Shops_excess,-0.0278,5.082e-05,300,3,20,10,0.3
1981-06-01,Hlth_excess,-0.0695,-0.00069582,300,3,20,10,0.3
1981-06-01,Utils_excess,0.0211,0.00365364,300,3,20,10,0.3
1981-06-01,Other_excess,-0.0271,-0.00108527,300,5,20,10,0.3
1981-07-01,NoDur_excess,-0.02,-0.00224451,300,3,20,10,0.3
1981-07-01,Durbl_excess,-0.0415,-9.646e-05,300,3,20,10,0.3
1981-07-01,Manuf_excess,-0.041,0.00540599,300,3,10,10,0.3
1981-07-01,Enrgy_excess,0.067,0.00448453,300,3,20,10,0.3
1981-07-01,HiTec_excess,-0.0503,-0.00442714,500,7,20,10,0.3
1981-07-01,Telcm_excess,-0.009,0.0027898,500,3,20,10,0.3
1981-07-01,Shops_excess,-0.0464,0.00231066,300,3,20,10,0.3
1981-07-01,Hlth_excess,-0.0514,8.862e-05,300,3,20,10,0.3
1981-07-01,Utils_excess,0.0156,0.00540458,300,3,20,10,0.3
1981-07-01,Other_excess,-0.0397,-0.00414446,300,5,20,10,0.3
1981-08-01,NoDur_excess,-0.0621,-0.00474336,300,3,20,10,0.3
1981-08-01,Durbl_excess,-0.0921,-0.00361244,300,3,20,10,0.3
1981-08-01,Manuf_excess,-0.082,0.00372618,300,3,10,10,0.3
1981-08-01,Enrgy_excess,-0.0762,0.01153547,300,3,20,10,0.3
1981-08-01,HiTec_excess,-0.0859,-0.00975045,500,7,20,10,0.3
1981-08-01,Telcm_excess,-0.0205,-0.00340327,500,3,20,10,0.3
1981-08-01,Shops_excess,-0.0689,-0.00177056,300,3,20,10,0.3
1981-08-01,Hlth_excess,-0.0903,-0.00133713,300,3,20,10,0.3
1981-08-01,Utils_excess,-0.0213,0.00187212,300,3,20,10,0.3
1981-08-01,Other_excess,-0.068,-0.00606628,300,5,20,10,0.3
1981-09-01,NoDur_excess,-0.0341,0.00814705,300,3,20,10,0.3
1981-09-01,Durbl_excess,-0.042,-0.00463906,300,3,20,10,0.3
1981-09-01,Manuf_excess,-0.0841,0.00551974,300,3,10,10,0.3
1981-09-01,Enrgy_excess,-0.1354,0.01753924,300,3,20,10,0.3
1981-09-01,HiTec_excess,-0.0515,-0.00154958,500,7,20,10,0.3
1981-09-01,Telcm_excess,0.016,-0.00190356,500,3,20,10,0.3
1981-09-01,Shops_excess,-0.0487,0.00605484,300,3,20,10,0.3
1981-09-01,Hlth_excess,-0.0253,0.00570632,300,3,20,10,0.3
1981-09-01,Utils_excess,-0.0678,0.00706641,300,3,20,10,0.3
1981-09-01,Other_excess,-0.0653,0.01372958,300,5,20,10,0.3
1981-10-01,NoDur_excess,0.062,0.01284135,300,3,20,10,0.3
1981-10-01,Durbl_excess,-0.0536,0.00114256,300,3,20,10,0.3
1981-10-01,Manuf_excess,0.0249,0.0059754,300,3,10,10,0.3
1981-10-01,Enrgy_excess,0.0839,0.02260561,300,3,20,10,0.3
1981-10-01,HiTec_excess,0.04,0.00640118,500,7,20,10,0.3
1981-10-01,Telcm_excess,0.0481,0.00486416,500,3,20,10,0.3
1981-10-01,Shops_excess,0.0555,0.00803443,300,3,20,10,0.3
1981-10-01,Hlth_excess,0.0675,0.0105571,300,3,20,10,0.3
1981-10-01,Utils_excess,0.0368,0.00873427,300,3,20,10,0.3
1981-10-01,Other_excess,0.0594,0.01923676,300,5,20,10,0.3
1981-11-01,NoDur_excess,0.0159,0.01710166,300,3,20,10,0.3
1981-11-01,Durbl_excess,0.0379,0.00589831,300,3,20,10,0.3
1981-11-01,Manuf_excess,0.036,0.00403912,300,3,10,10,0.3
1981-11-01,Enrgy_excess,0.0578,0.02359256,300,3,20,10,0.3
1981-11-01,HiTec_excess,0.0043,0.01280337,500,7,20,10,0.3
1981-11-01,Telcm_excess,0.0163,0.01076538,500,3,20,10,0.3
1981-11-01,Shops_excess,0.0,0.00970553,300,3,20,10,0.3
1981-11-01,Hlth_excess,0.0287,0.0135215,300,3,20,10,0.3
1981-11-01,Utils_excess,0.0488,0.01209093,300,3,20,10,0.3
1981-11-01,Other_excess,0.0398,0.02343248,300,5,20,10,0.3
1981-12-01,NoDur_excess,-0.0268,0.01166199,300,3,20,10,0.3
1981-12-01,Durbl_excess,-0.004,0.00941553,300,3,20,10,0.3
1981-12-01,Manuf_excess,-0.0253,0.00901031,300,3,10,10,0.3
1981-12-01,Enrgy_excess,-0.0728,0.01635902,300,3,20,10,0.3
1981-12-01,HiTec_excess,-0.0089,0.00704687,500,7,20,10,0.3
1981-12-01,Telcm_excess,-0.0232,0.00929569,500,3,20,10,0.3
1981-12-01,Shops_excess,-0.0279,0.01202598,300,3,20,10,0.3
1981-12-01,Hlth_excess,-0.0161,0.00901962,300,3,20,10,0.3
1981-12-01,Utils_excess,-0.0322,0.01067291,300,3,20,10,0.3
1981-12-01,Other_excess,-0.0466,0.01613241,300,5,20,10,0.3
1982-01-01,NoDur_excess,-0.0172,0.01129637,300,3,20,10,0.3
1982-01-01,Durbl_excess,0.0036,0.0083889,300,3,20,10,0.3
1982-01-01,Manuf_excess,-0.041,0.00610441,300,3,10,10,0.3
1982-01-01,Enrgy_excess,-0.0927,0.01922155,300,3,20,10,0.3
1982-01-01,HiTec_excess,0.019,0.01170028,500,7,20,10,0.3
1982-01-01,Telcm_excess,-0.0013,0.00135643,500,3,20,10,0.3
1982-01-01,Shops_excess,-0.0067,0.01045076,300,3,20,10,0.3
1982-01-01,Hlth_excess,0.0064,0.01263396,300,3,20,10,0.3
1982-01-01,Utils_excess,-0.0147,0.01057265,300,3,20,10,0.3
1982-01-01,Other_excess,-0.0398,0.01376772,300,5,20,10,0.3
1982-02-01,NoDur_excess,-0.0286,0.01417767,300,3,20,10,0.3
1982-02-01,Durbl_excess,-0.0297,0.00868455,300,3,20,10,0.3
1982-02-01,Manuf_excess,-0.0654,0.00772731,300,3,10,10,0.3
1982-02-01,Enrgy_excess,-0.1212,0.02176415,300,3,20,10,0.3
1982-02-01,HiTec_excess,-0.0624,0.01478662,500,7,20,10,0.3
1982-02-01,Telcm_excess,-0.0661,0.00741704,500,3,20,10,0.3
1982-02-01,Shops_excess,-0.0233,0.00940991,300,3,20,10,0.3
1982-02-01,Hlth_excess,-0.0266,0.0148987,300,3,20,10,0.3
1982-02-01,Utils_excess,-0.0126,0.01062624,300,3,20,10,0.3
1982-02-01,Other_excess,-0.0484,0.01881342,300,5,20,10,0.3
1982-03-01,NoDur_excess,0.0149,0.01801466,300,3,20,10,0.3
1982-03-01,Durbl_excess,0.0253,0.00639144,300,3,20,10,0.3
1982-03-01,Manuf_excess,-0.0275,0.01631055,300,3,10,10,0.3
1982-03-01,Enrgy_excess,-0.0439,0.01917247,300,3,20,10,0.3
1982-03-01,HiTec_excess,-0.0454,0.01515498,500,7,20,10,0.3
1982-03-01,Telcm_excess,0.0107,0.00605544,500,3,20,10,0.3
1982-03-01,Shops_excess,0.033,0.01325938,300,3,20,10,0.3
1982-03-01,Hlth_excess,-0.0354,0.01894227,300,3,20,10,0.3
1982-03-01,Utils_excess,0.0068,0.01225299,300,3,20,10,0.3
1982-03-01,Other_excess,-0.0224,0.02380799,300,5,20,10,0.3
1982-04-01,NoDur_excess,0.0555,0.01885211,300,3,20,10,0.3
1982-04-01,Durbl_excess,0.0331,0.00959908,300,3,20,10,0.3
1982-04-01,Manuf_excess,0.0212,0.01415476,300,3,10,10,0.3
1982-04-01,Enrgy_excess,0.0318,0.01765476,300,3,20,10,0.3
1982-04-01,HiTec_excess,0.0631,0.01364681,500,7,20,10,0.3
1982-04-01,Telcm_excess,-0.0249,0.00851687,500,3,20,10,0.3
1982-04-01,Shops_excess,0.0418,0.01660475,300,3,20,10,0.3
1982-04-01,Hlth_excess,0.0626,0.01718377,300,3,20,10,0.3
1982-04-01,Utils_excess,0.0272,0.01377884,300,3,20,10,0.3
1982-04-01,Other_excess,0.0251,0.02115846,300,5,20,10,0.3
1982-05-01,NoDur_excess,-0.0435,0.01927923,300,3,20,10,0.3
1982-05-01,Durbl_excess,-0.0301,0.01169122,300,3,20,10,0.3
1982-05-01,Manuf_excess,-0.0581,0.01222712,300,3,10,10,0.3
1982-05-01,Enrgy_excess,0.0128,0.01646485,300,3,20,10,0.3
1982-05-01,HiTec_excess,-0.0651,0.01003862,500,7,20,10,0.3
1982-05-01,Telcm_excess,-0.0086,0.00951408,500,3,20,10,0.3
1982-05-01,Shops_excess,-0.0379,0.01682793,300,3,20,10,0.3
1982-05-01,Hlth_excess,-0.0411,0.01481916,300,3,20,10,0.3
1982-05-01,Utils_excess,-0.016,0.01459279,300,3,20,10,0.3
1982-05-01,Other_excess,-0.0665,0.01969372,300,5,20,10,0.3
1982-06-01,NoDur_excess,0.007,0.0151089,300,3,20,10,0.3
1982-06-01,Durbl_excess,0.0171,0.00987506,300,3,20,10,0.3
1982-06-01,Manuf_excess,-0.0353,0.0086377,300,3,10,10,0.3
1982-06-01,Enrgy_excess,-0.0722,0.01760392,300,3,20,10,0.3
1982-06-01,HiTec_excess,-0.0334,0.0103233,500,7,20,10,0.3
1982-06-01,Telcm_excess,-0.0341,0.00606625,500,3,20,10,0.3
1982-06-01,Shops_excess,0.0169,0.01361486,300,3,20,10,0.3
1982-06-01,Hlth_excess,-0.0171,0.01151589,300,3,20,10,0.3
1982-06-01,Utils_excess,-0.0317,0.01429239,300,3,20,10,0.3
1982-06-01,Other_excess,-0.0338,0.01527362,300,5,20,10,0.3
1982-07-01,NoDur_excess,-0.015,0.01355854,300,3,20,10,0.3
1982-07-01,Durbl_excess,-0.0138,0.00331824,300,3,20,10,0.3
1982-07-01,Manuf_excess,-0.0338,0.00336808,300,3,10,10,0.3
1982-07-01,Enrgy_excess,-0.0916,0.01220765,300,3,20,10,0.3
1982-07-01,HiTec_excess,0.0046,0.00110539,500,7,20,10,0.3
1982-07-01,Telcm_excess,0.0015,0.00126052,500,3,20,10,0.3
1982-07-01,Shops_excess,-0.0083,0.01071802,300,3,20,10,0.3
1982-07-01,Hlth_excess,-0.0027,0.00922684,300,3,20,10,0.3
1982-07-01,Utils_excess,-0.0364,0.0077338,300,3,20,10,0.3
1982-07-01,Other_excess,-0.0408,0.01036155,300,5,20,10,0.3
1982-08-01,NoDur_excess,0.084,0.01870845,300,3,20,10,0.3
1982-08-01,Durbl_excess,0.131,0.01352398,300,3,20,10,0.3
1982-08-01,Manuf_excess,0.132,0.0247021,300,3,10,10,0.3
1982-08-01,Enrgy_excess,0.0929,0.01149401,300,3,20,10,0.3
1982-08-01,HiTec_excess,0.121,0.00865795,500,7,20,10,0.3
1982-08-01,Telcm_excess,0.1009,0.00831288,500,3,20,10,0.3
1982-08-01,Shops_excess,0.1184,0.0171969,300,3,20,10,0.3
1982-08-01,Hlth_excess,0.1168,0.01578298,300,3,20,10,0.3
1982-08-01,Utils_excess,0.1132,0.01467451,300,3,20,10,0.3
1982-08-01,Other_excess,0.106,0.01779528,300,5,20,10,0.3
1982-09-01,NoDur_excess,0.0463,0.0196462,300,3,20,10,0.3
1982-09-01,Durbl_excess,-0.0126,0.01913849,300,3,20,10,0.3
1982-09-01,Manuf_excess,-0.0155,0.01388954,300,3,10,10,0.3
1982-09-01,Enrgy_excess,0.0134,0.01581929,300,3,20,10,0.3
1982-09-01,HiTec_excess,0.0066,0.01696037,500,7,20,10,0.3
1982-09-01,Telcm_excess,0.0049,0.01271284,500,3,20,10,0.3
1982-09-01,Shops_excess,0.0426,0.01777582,300,3,20,10,0.3
1982-09-01,Hlth_excess,0.0085,0.0144087,300,3,20,10,0.3
1982-09-01,Utils_excess,0.0056,0.01603577,300,3,20,10,0.3
1982-09-01,Other_excess,0.0369,0.02501996,300,5,20,10,0.3
1982-10-01,NoDur_excess,0.0987,0.02148449,300,3,20,10,0.3
1982-10-01,Durbl_excess,0.1593,0.0180574,300,3,20,10,0.3
1982-10-01,Manuf_excess,0.1247,0.00443738,300,3,10,10,0.3
1982-10-01,Enrgy_excess,0.0491,0.01608837,300,3,20,10,0.3
1982-10-01,HiTec_excess,0.164,0.0193558,500,7,20,10,0.3
1982-10-01,Telcm_excess,0.0753,0.01248212,500,3,20,10,0.3
1982-10-01,Shops_excess,0.1628,0.02216259,300,3,20,10,0.3
1982-10-01,Hlth_excess,0.0763,0.01398101,300,3,20,10,0.3
1982-10-01,Utils_excess,0.0414,0.01652042,300,3,20,10,0.3
1982-10-01,Other_excess,0.1509,0.02641395,300,5,20,10,0.3
1982-11-01,NoDur_excess,0.046,0.0090513,300,3,20,10,0.3
1982-11-01,Durbl_excess,0.0762,0.01407029,300,3,20,10,0.3
1982-11-01,Manuf_excess,0.0516,0.00826488,300,3,10,10,0.3
1982-11-01,Enrgy_excess,-0.0521,0.00707122,300,3,20,10,0.3
1982-11-01,HiTec_excess,0.1006,0.01626999,500,7,20,10,0.3
1982-11-01,Telcm_excess,0.0537,0.00990235,500,3,20,10,0.3
1982-11-01,Shops_excess,0.1056,0.01254784,300,3,20,10,0.3
1982-11-01,Hlth_excess,0.0454,0.0031654,300,3,20,10,0.3
1982-11-01,Utils_excess,-0.0051,0.00900254,300,3,20,10,0.3
1982-11-01,Other_excess,0.0694,0.01357081,300,5,20,10,0.3
1982-12-01,NoDur_excess,0.003,0.00862634,300,3,20,10,0.3
1982-12-01,Durbl_excess,0.0236,0.01613605,300,3,20,10,0.3
1982-12-01,Manuf_excess,0.0006,0.00690391,300,3,10,10,0.3
1982-12-01,Enrgy_excess,0.0486,0.00538659,300,3,20,10,0.3
1982-12-01,HiTec_excess,0.0198,0.02237879,500,7,20,10,0.3
1982-12-01,Telcm_excess,-0.019,0.0103176,500,3,20,10,0.3
1982-12-01,Shops_excess,-0.0274,0.0146385,300,3,20,10,0.3
1982-12-01,Hlth_excess,-0.0009,0.00295148,300,3,20,10,0.3
1982-12-01,Utils_excess,0.0367,0.01025697,300,3,20,10,0.3
1982-12-01,Other_excess,-0.0203,0.01708564,300,5,20,10,0.3
1983-01-01,NoDur_excess,-0.017,0.00741674,300,3,20,10,0.3
1983-01-01,Durbl_excess,0.0448,0.01891064,300,3,20,10,0.3
1983-01-01,Manuf_excess,0.0434,0.00767646,300,3,10,10,0.3
1983-01-01,Enrgy_excess,0.0295,0.00675755,300,3,20,10,0.3
1983-01-01,HiTec_excess,0.0769,0.0182224,500,7,20,10,0.3
1983-01-01,Telcm_excess,0.1175,0.01065088,500,3,20,10,0.3
1983-01-01,Shops_excess,0.0057,0.00989139,300,3,20,10,0.3
1983-01-01,Hlth_excess,0.0073,0.00245362,300,3,20,10,0.3
1983-01-01,Utils_excess,0.0298,0.00962911,300,3,20,10,0.3
1983-01-01,Other_excess,0.0216,0.01432602,300,5,20,10,0.3
1983-02-01,NoDur_excess,0.0314,0.0050219,300,3,20,10,0.3
1983-02-01,Durbl_excess,0.0302,0.01469843,300,3,20,10,0.3
1983-02-01,Manuf_excess,0.0344,0.009556,300,3,10,10,0.3
1983-02-01,Enrgy_excess,-0.0121,0.00443647,300,3,20,10,0.3
1983-02-01,HiTec_excess,0.0299,0.02112455,500,7,20,10,0.3
1983-02-01,Telcm_excess,-0.0099,0.00632444,500,3,20,10,0.3
1983-02-01,Shops_excess,0.0729,0.0104426,300,3,20,10,0.3
1983-02-01,Hlth_excess,0.0221,0.00394638,300,3,20,10,0.3
1983-02-01,Utils_excess,0.0097,0.01116509,300,3,20,10,0.3
1983-02-01,Other_excess,0.0394,0.0126561,300,5,20,10,0.3
1983-03-01,NoDur_excess,0.0689,0.00988835,300,3,20,10,0.3
1983-03-01,Durbl_excess,-0.0178,0.01686985,300,3,20,10,0.3
1983-03-01,Manuf_excess,0.0147,0.00996168,300,3,10,10,0.3
1983-03-01,Enrgy_excess,0.053,0.00700297,300,3,20,10,0.3
1983-03-01,HiTec_excess,0.0003,0.01535485,500,7,20,10,0.3
1983-03-01,Telcm_excess,0.0001,0.01479728,500,3,20,10,0.3
1983-03-01,Shops_excess,0.0788,0.01200998,300,3,20,10,0.3
1983-03-01,Hlth_excess,0.0391,0.00738996,300,3,20,10,0.3
1983-03-01,Utils_excess,-0.0038,0.01314442,300,3,20,10,0.3
1983-03-01,Other_excess,0.0432,0.01642933,300,5,20,10,0.3
1983-04-01,NoDur_excess,0.0549,0.00598428,300,3,20,10,0.3
1983-04-01,Durbl_excess,0.1017,0.00827758,300,3,20,10,0.3
1983-04-01,Manuf_excess,0.0563,0.00686253,300,3,10,10,0.3
1983-04-01,Enrgy_excess,0.0865,0.00345177,300,3,20,10,0.3
1983-04-01,HiTec_excess,0.0678,0.01516516,500,7,20,10,0.3
1983-04-01,Telcm_excess,0.0443,0.00582698,500,3,20,10,0.3
1983-04-01,Shops_excess,0.0787,0.00804307,300,3,20,10,0.3
1983-04-01,Hlth_excess,0.0434,0.00554182,300,3,20,10,0.3
1983-04-01,Utils_excess,0.0407,0.00847811,300,3,20,10,0.3
1983-04-01,Other_excess,0.0763,0.00727862,300,5,20,10,0.3
1983-05-01,NoDur_excess,-0.0164,0.00517686,300,3,20,10,0.3
1983-05-01,Durbl_excess,-0.0277,0.0065846,300,3,20,10,0.3
1983-05-01,Manuf_excess,0.0132,0.00362145,300,3,10,10,0.3
1983-05-01,Enrgy_excess,0.0064,0.00683702,300,3,20,10,0.3
1983-05-01,HiTec_excess,0.0211,0.00439195,500,7,20,10,0.3
1983-05-01,Telcm_excess,-0.02,0.0087631,500,3,20,10,0.3
1983-05-01,Shops_excess,-0.0022,0.00659442,300,3,20,10,0.3
1983-05-01,Hlth_excess,-0.0344,0.00015781,300,3,20,10,0.3
1983-05-01,Utils_excess,0.0185,0.00641547,300,3,20,10,0.3
1983-05-01,Other_excess,0.0168,0.00449128,300,5,20,10,0.3
1983-06-01,NoDur_excess,0.0252,0.00204921,300,3,20,10,0.3
1983-06-01,Durbl_excess,0.0965,0.00866022,300,3,20,10,0.3
1983-06-01,Manuf_excess,0.0091,0.0022257,300,3,10,10,0.3
1983-06-01,Enrgy_excess,0.0576,0.00233548,300,3,20,10,0.3
1983-06-01,HiTec_excess,0.0546,0.00614711,500,7,20,10,0.3
1983-06-01,Telcm_excess,-0.0049,-8.028e-05,500,3,20,10,0.3
1983-06-01,Shops_excess,0.0544,0.00381646,300,3,20,10,0.3
1983-06-01,Hlth_excess,0.0625,0.0010135,300,3,20,10,0.3
1983-06-01,Utils_excess,-0.0122,0.00504708,300,3,20,10,0.3
1983-06-01,Other_excess,0.0101,0.00609713,300,5,20,10,0.3
1983-07-01,NoDur_excess,-0.034,0.00607598,300,3,20,10,0.3
1983-07-01,Durbl_excess,-0.0464,0.00814201,300,3,20,10,0.3
1983-07-01,Manuf_excess,-0.0332,0.00664532,300,3,10,10,0.3
1983-07-01,Enrgy_excess,-0.0301,0.00672954,300,3,20,10,0.3
1983-07-01,HiTec_excess,-0.061,0.0076809,500,7,20,10,0.3
1983-07-01,Telcm_excess,-0.0591,0.00480035,500,3,20,10,0.3
1983-07-01,Shops_excess,-0.0402,0.00665744,300,3,20,10,0.3
1983-07-01,Hlth_excess,-0.0642,0.00501161,300,3,20,10,0.3
1983-07-01,Utils_excess,0.0028,0.00792832,300,3,20,10,0.3
1983-07-01,Other_excess,-0.0438,0.00600306,300,5,20,10,0.3
1983-08-01,NoDur_excess,-0.0004,0.00440381,300,3,20,10,0.3
1983-08-01,Durbl_excess,-0.0313,0.01151848,300,3,20,10,0.3
1983-08-01,Manuf_excess,-0.0016,0.0037832,300,3,10,10,0.3
1983-08-01,Enrgy_excess,0.0611,0.00416445,300,3,20,10,0.3
1983-08-01,HiTec_excess,-0.0187,0.01248805,500,7,20,10,0.3
1983-08-01,Telcm_excess,0.0144,-0.00068707,500,3,20,10,0.3
1983-08-01,Shops_excess,-0.0549,0.00738233,300,3,20,10,0.3
1983-08-01,Hlth_excess,-0.0177,0.00388577,300,3,20,10,0.3
1983-08-01,Utils_excess,0.0076,0.00596689,300,3,20,10,0.3
1983-08-01,Other_excess,-0.0167,0.00547851,300,5,20,10,0.3
1983-09-01,NoDur_excess,0.039,0.0057095,300,3,20,10,0.3
1983-09-01,Durbl_excess,0.0363,0.00961234,300,3,20,10,0.3
1983-09-01,Manuf_excess,0.0152,0.00576643,300,3,10,10,0.3
1983-09-01,Enrgy_excess,-0.0536,0.0076625,300,3,20,10,0.3
1983-09-01,HiTec_excess,0.014,0.01089036,500,7,20,10,0.3
1983-09-01,Telcm_excess,0.015,0.00434603,500,3,20,10,0.3
1983-09-01,Shops_excess,0.0143,0.00639739,300,3,20,10,0.3
1983-09-01,Hlth_excess,0.0054,0.00514189,300,3,20,10,0.3
1983-09-01,Utils_excess,0.039,0.0074884,300,3,20,10,0.3
1983-09-01,Other_excess,0.0084,0.00607933,300,5,20,10,0.3
1983-10-01,NoDur_excess,-0.0097,0.00838629,300,3,20,10,0.3
1983-10-01,Durbl_excess,-0.0072,0.01109802,300,3,20,10,0.3
1983-10-01,Manuf_excess,-0.0305,0.00831276,300,3,10,10,0.3
1983-10-01,Enrgy_excess,-0.0281,0.00722366,300,3,20,10,0.3
1983-10-01,HiTec_excess,-0.0771,0.00486263,500,7,20,10,0.3
1983-10-01,Telcm_excess,-0.0595,0.00907697,500,3,20,10,0.3
1983-10-01,Shops_excess,-0.0253,0.009291,300,3,20,10,0.3
1983-10-01,Hlth_excess,-0.0294,0.00312471,300,3,20,10,0.3
1983-10-01,Utils_excess,0.0229,0.01007673,300,3,20,10,0.3
1983-10-01,Other_excess,-0.0483,0.00654613,300,5,20,10,0.3
1983-11-01,NoDur_excess,0.016,0.00704218,300,3,20,10,0.3
1983-11-01,Durbl_excess,0.0353,0.01309898,300,3,20,10,0.3
1983-11-01,Manuf_excess,0.0578,0.00759452,300,3,10,10,0.3
1983-11-01,Enrgy_excess,-0.0115,0.00641362,300,3,20,10,0.3
1983-11-01,HiTec_excess,0.0163,0.01571203,500,7,20,10,0.3
1983-11-01,Telcm_excess,0.0247,0.00405445,500,3,20,10,0.3
1983-11-01,Shops_excess,0.0374,0.00997689,300,3,20,10,0.3
1983-11-01,Hlth_excess,-0.0373,0.00379863,300,3,20,10,0.3
1983-11-01,Utils_excess,-0.0234,0.00781484,300,3,20,10,0.3
1983-11-01,Other_excess,0.0402,0.00970535,300,5,20,10,0.3
1983-12-01,NoDur_excess,-0.012,0.00718073,300,3,20,10,0.3
1983-12-01,Durbl_excess,0.0019,0.01413876,300,3,20,10,0.3
1983-12-01,Manuf_excess,-0.0184,0.00876377,300,3,10,10,0.3
1983-12-01,Enrgy_excess,0.0137,0.00677347,300,3,20,10,0.3
1983-12-01,HiTec_excess,-0.0037,0.00871596,500,7,20,10,0.3
1983-12-01,Telcm_excess,-0.0226,0.00547833,500,3,20,10,0.3
1983-12-01,Shops_excess,-0.0545,0.01013088,300,3,20,10,0.3
1983-12-01,Hlth_excess,-0.0436,0.00052046,300,3,20,10,0.3
1983-12-01,Utils_excess,-0.0437,0.00852796,300,3,20,10,0.3
1983-12-01,Other_excess,-0.016,0.01066847,300,5,20,10,0.3
1984-01-01,NoDur_excess,-0.0147,0.00700476,300,3,20,10,0.3
1984-01-01,Durbl_excess,-0.0614,0.01354693,300,3,20,10,0.3
1984-01-01,Manuf_excess,-0.0425,0.00803184,300,3,10,10,0.3
1984-01-01,Enrgy_excess,0.0909,0.00575963,300,3,20,10,0.3
1984-01-01,HiTec_excess,-0.0696,0.01136198,500,7,20,10,0.3
1984-01-01,Telcm_excess,0.0334,0.00520314,500,3,20,10,0.3
1984-01-01,Shops_excess,-0.0661,0.00772907,300,3,20,10,0.3
1984-01-01,Hlth_excess,-0.0133,0.0012279,300,3,20,10,0.3
1984-01-01,Utils_excess,0.0068,0.00661569,300,3,20,10,0.3
1984-01-01,Other_excess,-0.0239,0.00954685,300,5,20,10,0.3
1984-02-01,NoDur_excess,-0.0636,0.00521555,300,3,20,10,0.3
1984-02-01,Durbl_excess,-0.068,0.00980934,300,3,20,10,0.3
1984-02-01,Manuf_excess,-0.073,0.00332412,300,3,10,10,0.3
1984-02-01,Enrgy_excess,0.0325,0.00722826,300,3,20,10,0.3
1984-02-01,HiTec_excess,-0.0664,0.00059228,500,7,20,10,0.3
1984-02-01,Telcm_excess,-0.0439,0.00488405,500,3,20,10,0.3
1984-02-01,Shops_excess,-0.0516,0.0027226,300,3,20,10,0.3
1984-02-01,Hlth_excess,-0.0274,-0.0003091,300,3,20,10,0.3
1984-02-01,Utils_excess,-0.0405,0.00671274,300,3,20,10,0.3
1984-02-01,Other_excess,-0.0564,0.00346645,300,5,20,10,0.3
1984-03-01,NoDur_excess,0.009,0.00530631,300,3,20,10,0.3
1984-03-01,Durbl_excess,-0.0036,0.01076611,300,3,20,10,0.3
1984-03-01,Manuf_excess,0.0256,0.00658885,300,3,10,10,0.3
1984-03-01,Enrgy_excess,-0.0046,0.00630521,300,3,20,10,0.3
1984-03-01,HiTec_excess,0.0106,0.00792482,500,7,20,10,0.3
1984-03-01,Telcm_excess,-0.0503,0.00406838,500,3,20,10,0.3
1984-03-01,Shops_excess,0.0048,0.00629516,300,3,20,10,0.3
1984-03-01,Hlth_excess,-0.014,0.00137047,300,3,20,10,0.3
1984-03-01,Utils_excess,-0.0104,0.00598562,300,3,20,10,0.3
1984-03-01,Other_excess,0.0172,0.00727158,300,5,20,10,0.3
1984-04-01,NoDur_excess,-0.0024,0.00531676,300,3,20,10,0.3
1984-04-01,Durbl_excess,0.0051,0.01097209,300,3,20,10,0.3
1984-04-01,Manuf_excess,-0.0094,0.006333,300,3,10,10,0.3
1984-04-01,Enrgy_excess,0.0317,0.00736633,300,3,20,10,0.3
1984-04-01,HiTec_excess,-0.0124,0.00501879,500,7,20,10,0.3
1984-04-01,Telcm_excess,0.0139,0.00291545,500,3,20,10,0.3
1984-04-01,Shops_excess,-0.0047,0.00534972,300,3,20,10,0.3
1984-04-01,Hlth_excess,0.0151,-0.00081589,300,3,20,10,0.3
1984-04-01,Utils_excess,-0.0131,0.00554101,300,3,20,10,0.3
1984-04-01,Other_excess,-0.0284,0.00728287,300,5,20,10,0.3
1984-05-01,NoDur_excess,-0.0319,0.00530837,300,3,20,10,0.3
1984-05-01,Durbl_excess,-0.0657,0.01088264,300,3,20,10,0.3
1984-05-01,Manuf_excess,-0.0659,0.00675485,300,3,10,10,0.3
1984-05-01,Enrgy_excess,-0.059,0.00694189,300,3,20,10,0.3
1984-05-01,HiTec_excess,-0.0638,0.00641221,500,7,20,10,0.3
1984-05-01,Telcm_excess,-0.0435,0.00318967,500,3,20,10,0.3
1984-05-01,Shops_excess,-0.0596,0.00572976,300,3,20,10,0.3
1984-05-01,Hlth_excess,-0.0724,0.00106064,300,3,20,10,0.3
1984-05-01,Utils_excess,-0.0161,0.00524144,300,3,20,10,0.3
1984-05-01,Other_excess,-0.0766,0.00710601,300,5,20,10,0.3
1984-06-01,NoDur_excess,0.0557,0.00365307,300,3,20,10,0.3
1984-06-01,Durbl_excess,0.0136,0.00828239,300,3,20,10,0.3
1984-06-01,Manuf_excess,0.0244,0.00238479,300,3,10,10,0.3
1984-06-01,Enrgy_excess,-0.0275,0.00202569,300,3,20,10,0.3
1984-06-01,HiTec_excess,0.0104,0.00414807,500,7,20,10,0.3
1984-06-01,Telcm_excess,0.1146,-0.00165603,500,3,20,10,0.3
1984-06-01,Shops_excess,0.0665,0.00353264,300,3,20,10,0.3
1984-06-01,Hlth_excess,0.0311,-0.00033689,300,3,20,10,0.3
1984-06-01,Utils_excess,-0.0031,0.00379696,300,3,20,10,0.3
1984-06-01,Other_excess,0.0147,0.0021927,300,5,20,10,0.3
1984-07-01,NoDur_excess,-0.0239,0.00816158,300,3,20,10,0.3
1984-07-01,Durbl_excess,0.0171,0.01180445,300,3,20,10,0.3
1984-07-01,Manuf_excess,-0.0229,0.00540877,300,3,10,10,0.3
1984-07-01,Enrgy_excess,-0.0829,0.00539532,300,3,20,10,0.3
1984-07-01,HiTec_excess,-0.0327,0.01333396,500,7,20,10,0.3
1984-07-01,Telcm_excess,0.0199,0.00845376,500,3,20,10,0.3
1984-07-01,Shops_excess,-0.007,0.0087997,300,3,20,10,0.3
1984-07-01,Hlth_excess,-0.0459,0.00106423,300,3,20,10,0.3
1984-07-01,Utils_excess,-0.0083,0.00806913,300,3,20,10,0.3
1984-07-01,Other_excess,-0.0269,0.01195574,300,5,20,10,0.3
1984-08-01,NoDur_excess,0.0786,0.01183361,300,3,20,10,0.3
1984-08-01,Durbl_excess,0.0917,0.0159166,300,3,20,10,0.3
1984-08-01,Manuf_excess,0.1107,0.00571256,300,3,10,10,0.3
1984-08-01,Enrgy_excess,0.1318,0.00288161,300,3,20,10,0.3
1984-08-01,HiTec_excess,0.1313,0.00416274,500,7,20,10,0.3
1984-08-01,Telcm_excess,0.0589,0.01231603,500,3,20,10,0.3
1984-08-01,Shops_excess,0.0903,0.01072072,300,3,20,10,0.3
1984-08-01,Hlth_excess,0.0961,0.00239459,300,3,20,10,0.3
1984-08-01,Utils_excess,0.0695,0.01184263,300,3,20,10,0.3
1984-08-01,Other_excess,0.1026,0.01017169,300,5,20,10,0.3
1984-09-01,NoDur_excess,0.004,0.01143011,300,3,20,10,0.3
1984-09-01,Durbl_excess,-0.0106,0.01392835,300,3,20,10,0.3
1984-09-01,Manuf_excess,-0.0343,0.02138509,300,3,10,10,0.3
1984-09-01,Enrgy_excess,0.0139,0.00546874,300,3,20,10,0.3
1984-09-01,HiTec_excess,-0.048,0.01440781,500,7,20,10,0.3
1984-09-01,Telcm_excess,0.0206,0.01046886,500,3,20,10,0.3
1984-09-01,Shops_excess,-0.008,0.01268924,300,3,20,10,0.3
1984-09-01,Hlth_excess,-0.0528,0.00675573,300,3,20,10,0.3
1984-09-01,Utils_excess,0.04,0.01328315,300,3,20,10,0.3
1984-09-01,Other_excess,0.0132,0.01360352,300,5,20,10,0.3
1984-10-01,NoDur_excess,0.0038,0.01183702,300,3,20,10,0.3
1984-10-01,Durbl_excess,0.0115,0.01500379,300,3,20,10,0.3
1984-10-01,Manuf_excess,-0.0041,0.02009768,300,3,10,10,0.3
1984-10-01,Enrgy_excess,-0.0535,0.00618372,300,3,20,10,0.3
1984-10-01,HiTec_excess,-0.0155,0.00549317,500,7,20,10,0.3
1984-10-01,Telcm_excess,-0.018,0.01226034,500,3,20,10,0.3
1984-10-01,Shops_excess,-0.0169,0.01211102,300,3,20,10,0.3
1984-10-01,Hlth_excess,0.0066,0.00467947,300,3,20,10,0.3
1984-10-01,Utils_excess,0.0235,0.01417243,300,3,20,10,0.3
1984-10-01,Other_excess,-0.0023,0.01414985,300,5,20,10,0.3
1984-11-01,NoDur_excess,-0.0035,0.01308519,300,3,20,10,0.3
1984-11-01,Durbl_excess,-0.0376,0.01659573,300,3,20,10,0.3
1984-11-01,Manuf_excess,-0.0208,0.02365439,300,3,10,10,0.3
1984-11-01,Enrgy_excess,-0.0172,0.00928016,300,3,20,10,0.3
1984-11-01,HiTec_excess,-0.0453,0.00711385,500,7,20,10,0.3
1984-11-01,Telcm_excess,-0.0097,0.01190344,500,3,20,10,0.3
1984-11-01,Shops_excess,-0.0364,0.01443114,300,3,20,10,0.3
1984-11-01,Hlth_excess,-0.0081,0.00589477,300,3,20,10,0.3
1984-11-01,Utils_excess,0.0233,0.01414813,300,3,20,10,0.3
1984-11-01,Other_excess,-0.0107,0.01653583,300,5,20,10,0.3
1984-12-01,NoDur_excess,0.018,0.01086075,300,3,20,10,0.3
1984-12-01,Durbl_excess,0.0397,0.01826061,300,3,20,10,0.3
1984-12-01,Manuf_excess,0.0152,0.02024009,300,3,10,10,0.3
1984-12-01,Enrgy_excess,-0.0121,0.01053525,300,3,20,10,0.3
1984-12-01,HiTec_excess,0.019,0.01216871,500,7,20,10,0.3
1984-12-01,Telcm_excess,0.0448,0.01111301,500,3,20,10,0.3
1984-12-01,Shops_excess,0.0012,0.01128881,300,3,20,10,0.3
1984-12-01,Hlth_excess,0.0207,0.00268927,300,3,20,10,0.3
1984-12-01,Utils_excess,0.0201,0.01229551,300,3,20,10,0.3
1984-12-01,Other_excess,0.0306,0.0193799,300,5,20,10,0.3
1985-01-01,NoDur_excess,0.0419,0.01099159,300,3,20,10,0.3
1985-01-01,Durbl_excess,0.0919,0.02165814,300,7,20,10,0.3
1985-01-01,Manuf_excess,0.0782,0.02938038,300,3,5,10,0.3
1985-01-01,Enrgy_excess,0.0589,0.01500114,300,7,20,10,0.3
1985-01-01,HiTec_excess,0.1191,0.01332708,500,3,20,10,0.3
1985-01-01,Telcm_excess,0.0521,0.01153958,300,3,20,10,0.3
1985-01-01,Shops_excess,0.1248,0.01121825,300,3,20,10,0.3
1985-01-01,Hlth_excess,0.0766,0.00056957,300,7,20,10,0.3
1985-01-01,Utils_excess,0.0175,0.01234832,300,3,20,10,0.3
1985-01-01,Other_excess,0.0916,0.02066108,300,7,20,10,0.3
1985-02-01,NoDur_excess,0.0449,0.01300454,300,3,20,10,0.3
1985-02-01,Durbl_excess,-0.0215,0.0228728,300,7,20,10,0.3
1985-02-01,Manuf_excess,0.0075,0.03663534,300,3,5,10,0.3
1985-02-01,Enrgy_excess,0.033,0.01661412,300,7,20,10,0.3
1985-02-01,HiTec_excess,-0.019,0.01830645,500,3,20,10,0.3
1985-02-01,Telcm_excess,0.0211,0.0145396,300,3,20,10,0.3
1985-02-01,Shops_excess,0.0152,0.01712998,300,3,20,10,0.3
1985-02-01,Hlth_excess,0.0302,0.00195693,300,7,20,10,0.3
1985-02-01,Utils_excess,0.0079,0.01296064,300,3,20,10,0.3
1985-02-01,Other_excess,0.0152,0.02457571,300,7,20,10,0.3
1985-03-01,NoDur_excess,0.0402,0.00992802,300,3,20,10,0.3
1985-03-01,Durbl_excess,-0.0585,0.0136203,300,7,20,10,0.3
1985-03-01,Manuf_excess,-0.0338,0.03736342,300,3,5,10,0.3
1985-03-01,Enrgy_excess,0.0083,0.00197291,300,7,20,10,0.3
1985-03-01,HiTec_excess,-0.0664,0.0136586,500,3,20,10,0.3
1985-03-01,Telcm_excess,0.0486,0.00700722,300,3,20,10,0.3
1985-03-01,Shops_excess,-0.0123,0.01363959,300,3,20,10,0.3
1985-03-01,Hlth_excess,0.0245,0.00417695,300,7,20,10,0.3
1985-03-01,Utils_excess,0.0551,0.00963146,300,3,20,10,0.3
1985-03-01,Other_excess,-0.0078,0.017063,300,7,20,10,0.3
1985-04-01,NoDur_excess,-0.0285,0.01335222,300,3,20,10,0.3
1985-04-01,Durbl_excess,-0.0417,0.01422642,300,7,20,10,0.3
1985-04-01,Manuf_excess,-0.0221,0.03201932,300,3,5,10,0.3
1985-04-01,Enrgy_excess,0.0308,0.01659522,300,7,20,10,0.3
1985-04-01,HiTec_excess,-0.0436,0.01282996,500,3,20,10,0.3
1985-04-01,Telcm_excess,0.0018,0.01374174,300,3,20,10,0.3
1985-04-01,Shops_excess,-0.0068,0.01386099,300,3,20,10,0.3
1985-04-01,Hlth_excess,-0.0249,0.00157838,300,7,20,10,0.3
1985-04-01,Utils_excess,0.0088,0.01414747,300,3,20,10,0.3
1985-04-01,Other_excess,0.0072,0.01850593,300,7,20,10,0.3
1985-05-01,NoDur_excess,0.0732,0.01150478,300,3,20,10,0.3
1985-05-01,Durbl_excess,0.0524,0.01276732,300,7,20,10,0.3
1985-05-01,Manuf_excess,0.0543,0.02380382,300,3,5,10,0.3
1985-05-01,Enrgy_excess,-0.0004,0.01621204,300,7,20,10,0.3
1985-05-01,HiTec_excess,0.0218,0.01249323,500,3,20,10,0.3
1985-05-01,Telcm_excess,0.0597,0.01244916,300,3,20,10,0.3
1985-05-01,Shops_excess,0.0894,0.013706,300,3,20,10,0.3
1985-05-01,Hlth_excess,0.0871,0.00374344,300,7,20,10,0.3
1985-05-01,Utils_excess,0.0472,0.01431977,300,3,20,10,0.3
1985-05-01,Other_excess,0.0564,0.01863184,300,7,20,10,0.3
1985-06-01,NoDur_excess,0.0221,0.01532956,300,3,20,10,0.3
1985-06-01,Durbl_excess,0.0094,0.01589321,300,7,20,10,0.3
1985-06-01,Manuf_excess,0.0096,0.03377286,300,3,5,10,0.3
1985-06-01,Enrgy_excess,-0.0119,0.01827033,300,7,20,10,0.3
1985-06-01,HiTec_excess,-0.0125,0.01310487,500,3,20,10,0.3
1985-06-01,Telcm_excess,0.0355,0.01680193,300,3,20,10,0.3
1985-06-01,Shops_excess,0.0105,0.01874909,300,3,20,10,0.3
1985-06-01,Hlth_excess,0.0172,0.00698073,300,7,20,10,0.3
1985-06-01,Utils_excess,0.0307,0.01580428,300,3,20,10,0.3
1985-06-01,Other_excess,0.0231,0.02502264,300,7,20,10,0.3
1985-07-01,NoDur_excess,-0.0324,0.01365298,300,3,20,10,0.3
1985-07-01,Durbl_excess,0.0192,0.01659269,300,7,20,10,0.3
1985-07-01,Manuf_excess,0.0279,0.03217997,300,3,5,10,0.3
1985-07-01,Enrgy_excess,-0.0121,0.0151478,300,7,20,10,0.3
1985-07-01,HiTec_excess,0.0379,0.01333988,500,3,20,10,0.3
1985-07-01,Telcm_excess,-0.0519,0.01491174,300,3,20,10,0.3
1985-07-01,Shops_excess,-0.0461,0.01555486,300,3,20,10,0.3
1985-07-01,Hlth_excess,-0.0109,0.00621054,300,7,20,10,0.3
1985-07-01,Utils_excess,-0.0527,0.01445455,300,3,20,10,0.3
1985-07-01,Other_excess,-0.0078,0.02608319,300,7,20,10,0.3
1985-08-01,NoDur_excess,0.0015,0.01300583,300,3,20,10,0.3
1985-08-01,Durbl_excess,-0.0358,0.01555836,300,7,20,10,0.3
1985-08-01,Manuf_excess,-0.0169,0.02336296,300,3,5,10,0.3
1985-08-01,Enrgy_excess,0.0103,0.01313934,300,7,20,10,0.3
1985-08-01,HiTec_excess,-0.0308,0.01414141,500,3,20,10,0.3
1985-08-01,Telcm_excess,-0.0002,0.01216578,300,3,20,10,0.3
1985-08-01,Shops_excess,-0.0116,0.01378265,300,3,20,10,0.3
1985-08-01,Hlth_excess,-0.0137,0.01109133,300,7,20,10,0.3
1985-08-01,Utils_excess,0.0137,0.01203682,300,3,20,10,0.3
1985-08-01,Other_excess,-0.0093,0.02435578,300,7,20,10,0.3
1985-09-01,NoDur_excess,-0.0117,0.01285828,300,3,20,10,0.3
1985-09-01,Durbl_excess,-0.0369,0.01572487,300,7,20,10,0.3
1985-09-01,Manuf_excess,-0.0458,0.01948546,300,3,5,10,0.3
1985-09-01,Enrgy_excess,-0.019,0.01791139,300,7,20,10,0.3
1985-09-01,HiTec_excess,-0.0534,0.01230277,500,3,20,10,0.3
1985-09-01,Telcm_excess,-0.0468,0.01343334,300,3,20,10,0.3
1985-09-01,Shops_excess,-0.0493,0.01431783,300,3,20,10,0.3
1985-09-01,Hlth_excess,-0.0452,0.0077542,300,7,20,10,0.3
1985-09-01,Utils_excess,-0.0598,0.01388519,300,3,20,10,0.3
1985-09-01,Other_excess,-0.0558,0.0243776,300,7,20,10,0.3
1985-10-01,NoDur_excess,0.0292,0.01174033,300,3,20,10,0.3
1985-10-01,Durbl_excess,0.0033,0.01098225,300,7,20,10,0.3
1985-10-01,Manuf_excess,0.0264,0.0258444,300,3,5,10,0.3
1985-10-01,Enrgy_excess,0.053,0.01203192,300,7,20,10,0.3
1985-10-01,HiTec_excess,0.0237,0.01146441,500,3,20,10,0.3
1985-10-01,Telcm_excess,0.0351,0.00982482,300,3,20,10,0.3
1985-10-01,Shops_excess,0.0618,0.01224805,300,3,20,10,0.3
1985-10-01,Hlth_excess,0.0222,0.00690018,300,7,20,10,0.3
1985-10-01,Utils_excess,0.0568,0.01151124,300,3,20,10,0.3
1985-10-01,Other_excess,0.0575,0.01921245,300,7,20,10,0.3
1985-11-01,NoDur_excess,0.0762,0.01281426,300,3,20,10,0.3
1985-11-01,Durbl_excess,0.0927,0.01039455,300,7,20,10,0.3
1985-11-01,Manuf_excess,0.0733,0.02572928,300,3,5,10,0.3
1985-11-01,Enrgy_excess,-0.0027,0.01514507,300,7,20,10,0.3
1985-11-01,HiTec_excess,0.0805,0.01007618,500,3,20,10,0.3
1985-11-01,Telcm_excess,0.068,0.01371546,300,3,20,10,0.3
1985-11-01,Shops_excess,0.0736,0.01351671,300,3,20,10,0.3
1985-11-01,Hlth_excess,0.0895,0.00637207,300,7,20,10,0.3
1985-11-01,Utils_excess,0.0349,0.01386391,300,3,20,10,0.3
1985-11-01,Other_excess,0.0681,0.02203399,300,7,20,10,0.3
1985-12-01,NoDur_excess,0.0481,0.01535018,300,3,20,10,0.3
1985-12-01,Durbl_excess,0.0635,0.01783717,300,7,20,10,0.3
1985-12-01,Manuf_excess,0.0383,0.03038788,300,3,5,10,0.3
1985-12-01,Enrgy_excess,-0.0333,0.01318213,300,7,20,10,0.3
1985-12-01,HiTec_excess,0.0762,0.01098196,500,3,20,10,0.3
1985-12-01,Telcm_excess,0.0538,0.01632058,300,3,20,10,0.3
1985-12-01,Shops_excess,0.0389,0.01417642,300,3,20,10,0.3
1985-12-01,Hlth_excess,0.0287,0.00965838,300,7,20,10,0.3
1985-12-01,Utils_excess,0.0433,0.01383879,300,3,20,10,0.3
1985-12-01,Other_excess,0.0382,0.02410058,300,7,20,10,0.3
1986-01-01,NoDur_excess,0.0123,0.01680885,300,3,20,10,0.3
1986-01-01,Durbl_excess,0.0153,0.01909152,300,7,20,10,0.3
1986-01-01,Manuf_excess,0.0106,0.00995058,300,3,5,10,0.3
1986-01-01,Enrgy_excess,-0.0736,0.00978741,300,7,20,10,0.3
1986-01-01,HiTec_excess,-0.0085,0.01235562,500,3,20,10,0.3
1986-01-01,Telcm_excess,-0.0434,0.01591861,300,3,20,10,0.3
1986-01-01,Shops_excess,0.0109,0.01420755,300,3,20,10,0.3
1986-01-01,Hlth_excess,0.005,0.01385485,300,7,20,10,0.3
1986-01-01,Utils_excess,0.0323,0.01542007,300,3,20,10,0.3
1986-01-01,Other_excess,0.0298,0.02487619,300,7,20,10,0.3
1986-02-01,NoDur_excess,0.103,0.01275459,300,3,20,10,0.3
1986-02-01,Durbl_excess,0.1021,0.01789954,300,7,20,10,0.3
1986-02-01,Manuf_excess,0.0971,0.0090393,300,3,5,10,0.3
1986-02-01,Enrgy_excess,0.0034,0.00752786,300,7,20,10,0.3
1986-02-01,HiTec_excess,0.0443,0.01476723,500,3,20,10,0.3
1986-02-01,Telcm_excess,0.0686,0.01023724,300,3,20,10,0.3
1986-02-01,Shops_excess,0.0729,0.0117361,300,3,20,10,0.3
1986-02-01,Hlth_excess,0.0554,0.01548811,300,7,20,10,0.3
1986-02-01,Utils_excess,0.0606,0.01378897,300,3,20,10,0.3
1986-02-01,Other_excess,0.0781,0.0265329,300,7,20,10,0.3
1986-03-01,NoDur_excess,0.0752,0.01492624,300,3,20,10,0.3
1986-03-01,Durbl_excess,0.0724,0.01667977,300,7,20,10,0.3
1986-03-01,Manuf_excess,0.0539,0.00272187,300,3,5,10,0.3
1986-03-01,Enrgy_excess,0.0035,0.00871946,300,7,20,10,0.3
1986-03-01,HiTec_excess,-0.0068,0.01209662,500,3,20,10,0.3
1986-03-01,Telcm_excess,0.0358,0.01427015,300,3,20,10,0.3
1986-03-01,Shops_excess,0.0796,0.0104714,300,3,20,10,0.3
1986-03-01,Hlth_excess,0.1148,0.01023058,300,7,20,10,0.3
1986-03-01,Utils_excess,0.0338,0.01634427,300,3,20,10,0.3
1986-03-01,Other_excess,0.0516,0.02385352,300,7,20,10,0.3
1986-04-01,NoDur_excess,-0.0009,0.01644403,300,3,20,10,0.3
1986-04-01,Durbl_excess,-0.0383,0.01688943,300,7,20,10,0.3
1986-04-01,Manuf_excess,-0.0213,0.00460273,300,3,5,10,0.3
1986-04-01,Enrgy_excess,0.0023,0.00558295,300,7,20,10,0.3
1986-04-01,HiTec_excess,0.034,0.0114966,500,3,20,10,0.3
1986-04-01,Telcm_excess,0.0191,0.01499842,300,3,20,10,0.3
1986-04-01,Shops_excess,-0.0012,0.01278708,300,3,20,10,0.3
1986-04-01,Hlth_excess,0.0019,0.01530599,300,7,20,10,0.3
1986-04-01,Utils_excess,-0.0445,0.01556494,300,3,20,10,0.3
1986-04-01,Other_excess,-0.0309,0.02547893,300,7,20,10,0.3
1986-05-01,NoDur_excess,0.0838,0.01487847,300,3,20,10,0.3
1986-05-01,Durbl_excess,0.0257,0.01684359,300,7,20,10,0.3
1986-05-01,Manuf_excess,0.0392,0.01760667,300,3,5,10,0.3
1986-05-01,Enrgy_excess,0.0687,0.00876149,300,7,20,10,0.3
1986-05-01,HiTec_excess,0.0046,0.01553216,500,3,20,10,0.3
1986-05-01,Telcm_excess,0.041,0.0122483,300,3,20,10,0.3
1986-05-01,Shops_excess,0.0928,0.0121626,300,3,20,10,0.3
1986-05-01,Hlth_excess,0.0676,0.01946706,300,7,20,10,0.3
1986-05-01,Utils_excess,0.0314,0.01162851,300,3,20,10,0.3
1986-05-01,Other_excess,0.0417,0.02260906,300,7,20,10,0.3
1986-06-01,NoDur_excess,0.058,0.01543817,300,3,20,10,0.3
1986-06-01,Durbl_excess,-0.0169,0.01436737,300,7,20,10,0.3
1986-06-01,Manuf_excess,-0.0056,0.00906391,300,3,5,10,0.3
1986-06-01,Enrgy_excess,-0.0257,8.785e-05,300,7,20,10,0.3
1986-06-01,HiTec_excess,-0.0439,0.0115518,500,3,20,10,0.3
1986-06-01,Telcm_excess,0.0486,0.00727288,300,3,20,10,0.3
1986-06-01,Shops_excess,0.0342,0.01292422,300,3,20,10,0.3
1986-06-01,Hlth_excess,0.0516,0.01968061,300,7,20,10,0.3
1986-06-01,Utils_excess,0.0453,0.01177214,300,3,20,10,0.3
1986-06-01,Other_excess,0.0102,0.02024342,300,7,20,10,0.3
1986-07-01,NoDur_excess,-0.0625,0.01739093,300,3,20,10,0.3
1986-07-01,Durbl_excess,-0.0947,0.00977921,300,7,20,10,0.3
1986-07-01,Manuf_excess,-0.0803,0.00256982,300,3,5,10,0.3
1986-07-01,Enrgy_excess,-0.0564,0.00386103,300,7,20,10,0.3
1986-07-01,HiTec_excess,-0.0886,0.01024432,500,3,20,10,0.3
1986-07-01,Telcm_excess,-0.035,0.01505014,300,3,20,10,0.3
1986-07-01,Shops_excess,-0.0991,0.01261736,300,3,20,10,0.3
1986-07-01,Hlth_excess,-0.0588,0.01489642,300,7,20,10,0.3
1986-07-01,Utils_excess,0.0461,0.01233508,300,3,20,10,0.3
1986-07-01,Other_excess,-0.0695,0.01951565,300,7,20,10,0.3
1986-08-01,NoDur_excess,0.0212,0.01625937,300,3,20,10,0.3
1986-08-01,Durbl_excess,0.0655,0.01791747,300,7,20,10,0.3
1986-08-01,Manuf_excess,0.06,0.00905108,300,3,5,10,0.3
1986-08-01,Enrgy_excess,0.1627,0.00923692,300,7,20,10,0.3
1986-08-01,HiTec_excess,0.0652,0.01199803,500,3,20,10,0.3
1986-08-01,Telcm_excess,0.0638,0.01291727,300,3,20,10,0.3
1986-08-01,Shops_excess,0.012,0.01274129,300,3,20,10,0.3
1986-08-01,Hlth_excess,0.0354,0.02287713,300,7,20,10,0.3
1986-08-01,Utils_excess,0.0746,0.01455493,300,3,20,10,0.3
1986-08-01,Other_excess,0.0635,0.02421812,300,7,20,10,0.3
1986-09-01,NoDur_excess,-0.113,0.01454141,300,3,20,10,0.3
1986-09-01,Durbl_excess,-0.0857,0.00921202,300,7,20,10,0.3
1986-09-01,Manuf_excess,-0.07,0.00815389,300,3,5,10,0.3
1986-09-01,Enrgy_excess,-0.0133,0.00710115,300,7,20,10,0.3
1986-09-01,HiTec_excess,-0.0742,0.00853498,500,3,20,10,0.3
1986-09-01,Telcm_excess,-0.0989,0.01327482,300,3,20,10,0.3
1986-09-01,Shops_excess,-0.0891,0.00820541,300,3,20,10,0.3
1986-09-01,Hlth_excess,-0.1305,0.01099485,300,7,20,10,0.3
1986-09-01,Utils_excess,-0.0956,0.01423617,300,3,20,10,0.3
1986-09-01,Other_excess,-0.0928,0.0203344,300,7,20,10,0.3
1986-10-01,NoDur_excess,0.084,0.0124858,300,3,20,10,0.3
1986-10-01,Durbl_excess,0.0555,0.00832368,300,7,20,10,0.3
1986-10-01,Manuf_excess,0.0601,0.00289105,300,3,5,10,0.3
1986-10-01,Enrgy_excess,0.0145,0.00042263,300,7,20,10,0.3
1986-10-01,HiTec_excess,0.0013,0.00612103,500,3,20,10,0.3
1986-10-01,Telcm_excess,0.0417,0.00938405,300,3,20,10,0.3
1986-10-01,Shops_excess,0.0685,0.01116916,300,3,20,10,0.3
1986-10-01,Hlth_excess,0.0752,0.01332364,300,7,20,10,0.3
1986-10-01,Utils_excess,0.0475,0.01450055,300,3,20,10,0.3
1986-10-01,Other_excess,0.0374,0.01705904,300,7,20,10,0.3
1986-11-01,NoDur_excess,0.0033,0.01491489,300,3,20,10,0.3
1986-11-01,Durbl_excess,0.0425,0.01154345,300,7,20,10,0.3
1986-11-01,Manuf_excess,0.0205,0.00854651,300,3,5,10,0.3
1986-11-01,Enrgy_excess,0.0286,0.01224513,300,7,20,10,0.3
1986-11-01,HiTec_excess,0.0316,0.00986609,500,3,20,10,0.3
1986-11-01,Telcm_excess,0.0359,0.01451521,300,3,20,10,0.3
1986-11-01,Shops_excess,0.0122,0.0096738,300,3,20,10,0.3
1986-11-01,Hlth_excess,0.0098,0.01066931,300,7,20,10,0.3
1986-11-01,Utils_excess,0.0016,0.01171695,300,3,20,10,0.3
1986-11-01,Other_excess,-0.0105,0.02076771,300,7,20,10,0.3
1986-12-01,NoDur_excess,-0.0371,0.01122574,300,3,20,10,0.3
1986-12-01,Durbl_excess,-0.0306,0.00879078,300,7,20,10,0.3
1986-12-01,Manuf_excess,-0.0247,0.00701033,300,3,5,10,0.3
1986-12-01,Enrgy_excess,-0.0095,0.01227642,300,7,20,10,0.3
1986-12-01,HiTec_excess,-0.0416,0.01005837,500,3,20,10,0.3
1986-12-01,Telcm_excess,-0.042,0.01050823,300,3,20,10,0.3
1986-12-01,Shops_excess,-0.0648,0.00994525,300,3,20,10,0.3
1986-12-01,Hlth_excess,-0.0171,0.0099558,300,7,20,10,0.3
1986-12-01,Utils_excess,-0.0379,0.00799254,300,3,20,10,0.3
1986-12-01,Other_excess,-0.0307,0.01292015,300,7,20,10,0.3
1987-01-01,NoDur_excess,0.1404,0.01387257,300,3,20,10,0.3
1987-01-01,Durbl_excess,0.1824,0.01589884,300,7,20,10,0.3
1987-01-01,Manuf_excess,0.1402,0.00827488,300,3,5,10,0.3
1987-01-01,Enrgy_excess,0.1373,0.01329386,300,7,20,10,0.3
1987-01-01,HiTec_excess,0.1598,0.01090319,500,3,20,10,0.3
1987-01-01,Telcm_excess,0.0488,0.01306282,300,3,20,10,0.3
1987-01-01,Shops_excess,0.113,0.01057176,300,3,20,10,0.3
1987-01-01,Hlth_excess,0.1273,0.01771701,300,7,20,10,0.3
1987-01-01,Utils_excess,0.0888,0.01403663,300,3,20,10,0.3
1987-01-01,Other_excess,0.1075,0.02045168,300,7,20,10,0.3
1987-02-01,NoDur_excess,0.0518,0.00671851,300,3,20,10,0.3
1987-02-01,Durbl_excess,0.0316,-0.00014108,300,7,20,10,0.3
1987-02-01,Manuf_excess,0.0435,0.00656853,300,3,5,10,0.3
1987-02-01,Enrgy_excess,-0.0219,0.00487736,300,7,20,10,0.3
1987-02-01,HiTec_excess,0.09,0.00400218,500,3,20,10,0.3
1987-02-01,Telcm_excess,-0.004,0.00475336,300,3,20,10,0.3
1987-02-01,Shops_excess,0.0938,0.00512017,300,3,20,10,0.3
1987-02-01,Hlth_excess,0.1069,0.00327335,300,7,20,10,0.3
1987-02-01,Utils_excess,-0.0258,0.00176955,300,3,20,10,0.3
1987-02-01,Other_excess,0.0423,0.00769404,300,7,20,10,0.3
1987-03-01,NoDur_excess,0.0067,0.00716288,300,3,20,10,0.3
1987-03-01,Durbl_excess,0.0396,-0.00463369,300,7,20,10,0.3
1987-03-01,Manuf_excess,0.0293,0.00423655,300,3,5,10,0.3
1987-03-01,Enrgy_excess,0.1136,0.00149904,300,7,20,10,0.3
1987-03-01,HiTec_excess,0.0214,-0.00170145,500,3,20,10,0.3
1987-03-01,Telcm_excess,0.0092,0.00123853,300,3,20,10,0.3
1987-03-01,Shops_excess,0.0121,0.00482313,300,3,20,10,0.3
1987-03-01,Hlth_excess,-0.0032,0.00566337,300,7,20,10,0.3
1987-03-01,Utils_excess,-0.0215,0.00090285,300,3,20,10,0.3
1987-03-01,Other_excess,-0.0083,0.00288727,300,7,20,10,0.3
1987-04-01,NoDur_excess,-0.0412,0.0056109,300,3,20,10,0.3
1987-04-01,Durbl_excess,0.0367,-0.00041933,300,7,20,10,0.3
1987-04-01,Manuf_excess,-0.02,0.0045643,300,3,5,10,0.3
1987-04-01,Enrgy_excess,-0.0033,0.00409483,300,7,20,10,0.3
1987-04-01,HiTec_excess,0.0395,0.00047043,500,3,20,10,0.3
1987-04-01,Telcm_excess,-0.0291,0.00029282,300,3,20,10,0.3
1987-04-01,Shops_excess,-0.0314,0.0059831,300,3,20,10,0.3
1987-04-01,Hlth_excess,-0.0289,0.00682459,300,7,20,10,0.3
1987-04-01,Utils_excess,-0.0477,-0.00211376,300,3,20,10,0.3
1987-04-01,Other_excess,-0.0451,0.00198106,300,7,20,10,0.3
1987-05-01,NoDur_excess,0.0225,0.00027627,300,3,20,10,0.3
1987-05-01,Durbl_excess,-0.0167,-0.00822205,300,7,20,10,0.3
1987-05-01,Manuf_excess,-0.0005,-0.00012564,300,3,5,10,0.3
1987-05-01,Enrgy_excess,0.0264,-0.0077608,300,7,20,10,0.3
1987-05-01,HiTec_excess,-0.0009,-0.00423781,500,3,20,10,0.3
1987-05-01,Telcm_excess,0.0291,-0.00197815,300,3,20,10,0.3
1987-05-01,Shops_excess,-0.0043,0.00051021,300,3,20,10,0.3
1987-05-01,Hlth_excess,0.0087,-0.00223799,300,7,20,10,0.3
1987-05-01,Utils_excess,-0.0223,-0.00614674,300,3,20,10,0.3
1987-05-01,Other_excess,-0.0039,-0.00859329,300,7,20,10,0.3
1987-06-01,NoDur_excess,0.0631,0.00393624,300,3,20,10,0.3
1987-06-01,Durbl_excess,0.023,-0.00115526,300,7,20,10,0.3
1987-06-01,Manuf_excess,0.0471,0.00311808,300,3,5,10,0.3
1987-06-01,Enrgy_excess,0.0535,0.00720804,300,7,20,10,0.3
1987-06-01,HiTec_excess,-0.005,0.00407694,500,3,20,10,0.3
1987-06-01,Telcm_excess,0.0647,0.0026158,300,3,20,10,0.3
1987-06-01,Shops_excess,0.0578,0.00653976,300,3,20,10,0.3
1987-06-01,Hlth_excess,0.043,0.00120441,300,7,20,10,0.3
1987-06-01,Utils_excess,0.0292,-0.00405165,300,3,20,10,0.3
1987-06-01,Other_excess,0.0414,0.00181923,300,7,20,10,0.3
1987-07-01,NoDur_excess,0.0527,0.0054734,300,3,20,10,0.3
1987-07-01,Durbl_excess,0.0647,0.0013413,300,7,20,10,0.3
1987-07-01,Manuf_excess,0.0656,0.00245978,300,3,5,10,0.3
1987-07-01,Enrgy_excess,0.0273,0.00720125,300,7,20,10,0.3
1987-07-01,HiTec_excess,0.005,0.00339902,500,3,20,10,0.3
1987-07-01,Telcm_excess,0.0538,0.00472458,300,3,20,10,0.3
1987-07-01,Shops_excess,0.0524,0.00734721,300,3,20,10,0.3
1987-07-01,Hlth_excess,0.0533,0.0015447,300,7,20,10,0.3
1987-07-01,Utils_excess,-0.0213,0.00027364,300,3,20,10,0.3
1987-07-01,Other_excess,0.0309,0.00548955,300,7,20,10,0.3
1987-08-01,NoDur_excess,0.032,0.00893347,300,3,20,10,0.3
1987-08-01,Durbl_excess,0.0519,0.00267017,300,7,20,10,0.3
1987-08-01,Manuf_excess,0.0238,0.00489532,300,3,5,10,0.3
1987-08-01,Enrgy_excess,0.0146,0.00622308,300,7,20,10,0.3
1987-08-01,HiTec_excess,0.0699,0.00465207,500,3,20,10,0.3
1987-08-01,Telcm_excess,0.0461,0.00640019,300,3,20,10,0.3
1987-08-01,Shops_excess,0.0286,0.00946503,300,3,20,10,0.3
1987-08-01,Hlth_excess,0.0174,0.00373041,300,7,20,10,0.3
1987-08-01,Utils_excess,0.0324,0.00122641,300,3,20,10,0.3
1987-08-01,Other_excess,0.0386,0.00682748,300,7,20,10,0.3
1987-09-01,NoDur_excess,-0.0322,0.00936543,300,3,20,10,0.3
1987-09-01,Durbl_excess,-0.0428,0.00640465,300,7,20,10,0.3
1987-09-01,Manuf_excess,-0.0016,0.00420702,300,3,5,10,0.3
1987-09-01,Enrgy_excess,-0.0431,0.00604127,300,7,20,10,0.3
1987-09-01,HiTec_excess,-0.0313,0.00630753,500,3,20,10,0.3
1987-09-01,Telcm_excess,0.0289,0.0083887,300,3,20,10,0.3
1987-09-01,Shops_excess,-0.0682,0.00957948,300,3,20,10,0.3
1987-09-01,Hlth_excess,-0.0302,0.00542044,300,7,20,10,0.3
1987-09-01,Utils_excess,-0.0276,0.00137583,300,3,20,10,0.3
1987-09-01,Other_excess,-0.0225,0.00514486,300,7,20,10,0.3
1987-10-01,NoDur_excess,-0.2158,0.00488559,300,3,20,10,0.3
1987-10-01,Durbl_excess,-0.2718,-0.0026893,300,7,20,10,0.3
1987-10-01,Manuf_excess,-0.2793,0.00349585,300,3,5,10,0.3
1987-10-01,Enrgy_excess,-0.1945,0.00161091,300,7,20,10,0.3
1987-10-01,HiTec_excess,-0.2642,0.00120981,500,3,20,10,0.3
1987-10-01,Telcm_excess,-0.1276,0.00564804,300,3,20,10,0.3
1987-10-01,Shops_excess,-0.2851,0.00459167,300,3,20,10,0.3
1987-10-01,Hlth_excess,-0.209,8.059e-05,300,7,20,10,0.3
1987-10-01,Utils_excess,-0.0753,-0.0021834,300,3,20,10,0.3
1987-10-01,Other_excess,-0.2432,-0.00221667,300,7,20,10,0.3
1987-11-01,NoDur_excess,-0.0835,0.011074,300,3,20,10,0.3
1987-11-01,Durbl_excess,-0.0868,0.00955311,300,7,20,10,0.3
1987-11-01,Manuf_excess,-0.0551,0.0093445,300,3,5,10,0.3
1987-11-01,Enrgy_excess,-0.1101,0.00262381,300,7,20,10,0.3
1987-11-01,HiTec_excess,-0.1022,0.0059907,500,3,20,10,0.3
1987-11-01,Telcm_excess,-0.0925,0.00828876,300,3,20,10,0.3
1987-11-01,Shops_excess,-0.09,0.00924684,300,3,20,10,0.3
1987-11-01,Hlth_excess,-0.0966,0.00248092,300,7,20,10,0.3
1987-11-01,Utils_excess,-0.029,0.01063874,300,3,20,10,0.3
1987-11-01,Other_excess,-0.0692,0.00652903,300,7,20,10,0.3
1987-12-01,NoDur_excess,0.0717,0.00914971,300,3,20,10,0.3
1987-12-01,Durbl_excess,0.0837,0.0153887,300,7,20,10,0.3
1987-12-01,Manuf_excess,0.1048,0.00706802,300,3,5,10,0.3
1987-12-01,Enrgy_excess,0.0636,0.00366143,300,7,20,10,0.3
1987-12-01,HiTec_excess,0.115,0.00825434,500,3,20,10,0.3
1987-12-01,Telcm_excess,0.0352,0.00947164,300,3,20,10,0.3
1987-12-01,Shops_excess,0.082,0.01041555,300,3,20,10,0.3
1987-12-01,Hlth_excess,0.0496,0.00959134,300,7,20,10,0.3
1987-12-01,Utils_excess,0.0017,0.00920721,300,3,20,10,0.3
1987-12-01,Other_excess,0.05,0.01440495,300,7,20,10,0.3
1988-01-01,NoDur_excess,0.0275,0.00971268,300,3,20,10,0.3
1988-01-01,Durbl_excess,0.0399,0.01520013,300,7,20,10,0.3
1988-01-01,Manuf_excess,-0.0001,0.00786058,300,3,5,10,0.3
1988-01-01,Enrgy_excess,0.0814,0.0074395,300,7,20,10,0.3
1988-01-01,HiTec_excess,-0.0277,0.00910629,500,3,20,10,0.3
1988-01-01,Telcm_excess,0.0974,0.01066653,300,3,20,10,0.3
1988-01-01,Shops_excess,0.0533,0.01091679,300,3,20,10,0.3
1988-01-01,Hlth_excess,0.0608,0.00819659,300,7,20,10,0.3
1988-01-01,Utils_excess,0.0948,0.00803228,300,3,20,10,0.3
1988-01-01,Other_excess,0.0602,0.01347041,300,7,20,10,0.3
1988-02-01,NoDur_excess,0.0558,0.00848676,300,3,20,10,0.3
1988-02-01,Durbl_excess,0.0599,0.00576668,300,7,20,10,0.3
1988-02-01,Manuf_excess,0.073,0.00795479,300,3,5,10,0.3
1988-02-01,Enrgy_excess,0.0315,0.00117823,300,7,20,10,0.3
1988-02-01,HiTec_excess,0.0702,0.00317474,500,3,20,10,0.3
1988-02-01,Telcm_excess,0.0078,0.00641347,300,3,20,10,0.3
1988-02-01,Shops_excess,0.0981,0.00698913,300,3,20,10,0.3
1988-02-01,Hlth_excess,0.0375,0.0011109,300,7,20,10,0.3
1988-02-01,Utils_excess,-0.0187,0.00767538,300,3,20,10,0.3
1988-02-01,Other_excess,0.0387,0.00189358,300,7,20,10,0.3
1988-03-01,NoDur_excess,-0.0196,0.01043991,300,3,20,10,0.3
1988-03-01,Durbl_excess,-0.0406,0.01888984,300,7,20,10,0.3
1988-03-01,Manuf_excess,-0.0178,0.00851109,300,3,5,10,0.3
1988-03-01,Enrgy_excess,0.0218,0.01268576,300,7,20,10,0.3
1988-03-01,HiTec_excess,-0.0513,0.01380891,500,3,20,10,0.3
1988-03-01,Telcm_excess,-0.044,0.00910824,300,3,20,10,0.3
1988-03-01,Shops_excess,-0.0159,0.00955895,300,3,20,10,0.3
1988-03-01,Hlth_excess,-0.0293,0.01548975,300,7,20,10,0.3
1988-03-01,Utils_excess,-0.0362,0.00507127,300,3,20,10,0.3
1988-03-01,Other_excess,-0.0179,0.01725887,300,7,20,10,0.3
1988-04-01,NoDur_excess,-0.0063,0.00858962,300,3,20,10,0.3
1988-04-01,Durbl_excess,0.0226,0.0090939,300,7,20,10,0.3
1988-04-01,Manuf_excess,0.0114,0.00770266,300,3,5,10,0.3
1988-04-01,Enrgy_excess,0.0416,0.00753155,300,7,20,10,0.3
1988-04-01,HiTec_excess,0.0216,0.00666313,500,3,20,10,0.3
1988-04-01,Telcm_excess,0.0028,0.00622427,300,3,20,10,0.3
1988-04-01,Shops_excess,0.0114,0.01004418,300,3,20,10,0.3
1988-04-01,Hlth_excess,-0.0247,0.01304626,300,7,20,10,0.3
1988-04-01,Utils_excess,-0.0076,0.00715994,300,3,20,10,0.3
1988-04-01,Other_excess,-0.0085,0.00698714,300,7,20,10,0.3
1988-05-01,NoDur_excess,-0.0077,0.00869194,300,3,20,10,0.3
1988-05-01,Durbl_excess,0.0045,0.00438094,300,7,20,10,0.3
1988-05-01,Manuf_excess,-0.0092,0.00649459,300,3,5,10,0.3
1988-05-01,Enrgy_excess,-0.0092,0.0069895,300,7,20,10,0.3
1988-05-01,HiTec_excess,-0.0185,0.00816548,500,3,20,10,0.3
1988-05-01,Telcm_excess,0.0183,0.01006708,300,3,20,10,0.3
1988-05-01,Shops_excess,-0.0192,0.00923185,300,3,20,10,0.3
1988-05-01,Hlth_excess,-0.0088,0.0055895,300,7,20,10,0.3
1988-05-01,Utils_excess,0.0311,0.00799638,300,3,20,10,0.3
1988-05-01,Other_excess,0.0043,0.00595061,300,7,20,10,0.3
1988-06-01,NoDur_excess,0.0288,0.00906747,300,3,20,10,0.3
1988-06-01,Durbl_excess,0.0734,0.00673361,300,7,20,10,0.3
1988-06-01,Manuf_excess,0.0708,0.00799353,300,3,5,10,0.3
1988-06-01,Enrgy_excess,-0.0257,0.00679465,300,7,20,10,0.3
1988-06-01,HiTec_excess,0.0893,0.01039444,500,3,20,10,0.3
1988-06-01,Telcm_excess,0.0242,0.01143947,300,3,20,10,0.3
1988-06-01,Shops_excess,0.0595,0.00967845,300,3,20,10,0.3
1988-06-01,Hlth_excess,0.0229,0.00731601,300,7,20,10,0.3
1988-06-01,Utils_excess,0.0274,0.00956131,300,3,20,10,0.3
1988-06-01,Other_excess,0.0554,0.00949492,300,7,20,10,0.3
1988-07-01,NoDur_excess,0.008,0.01453223,300,3,20,10,0.3
1988-07-01,Durbl_excess,-0.0041,0.0175998,300,7,20,10,0.3
1988-07-01,Manuf_excess,-0.0279,0.01010713,300,3,5,10,0.3
1988-07-01,Enrgy_excess,0.0308,0.00858711,300,7,20,10,0.3
1988-07-01,HiTec_excess,-0.0542,0.01143108,500,3,20,10,0.3
1988-07-01,Telcm_excess,-0.0036,0.01304599,300,3,20,10,0.3
1988-07-01,Shops_excess,-0.0144,0.01204742,300,3,20,10,0.3
1988-07-01,Hlth_excess,0.0,0.01614842,300,7,20,10,0.3
1988-07-01,Utils_excess,-0.0073,0.0092185,300,3,20,10,0.3
1988-07-01,Other_excess,-0.0112,0.01698928,300,7,20,10,0.3
1988-08-01,NoDur_excess,-0.0093,0.01260543,300,3,20,10,0.3
1988-08-01,Durbl_excess,-0.0697,0.01175052,300,7,20,10,0.3
1988-08-01,Manuf_excess,-0.0499,0.00850758,300,3,5,10,0.3
1988-08-01,Enrgy_excess,-0.0209,0.00480355,300,7,20,10,0.3
1988-08-01,HiTec_excess,-0.0868,0.01057134,500,3,20,10,0.3
1988-08-01,Telcm_excess,-0.0349,0.01027616,300,3,20,10,0.3
1988-08-01,Shops_excess,-0.0285,0.00961511,300,3,20,10,0.3
1988-08-01,Hlth_excess,-0.0167,0.01407744,300,7,20,10,0.3
1988-08-01,Utils_excess,-0.0071,0.00693952,300,3,20,10,0.3
1988-08-01,Other_excess,-0.015,0.01078934,300,7,20,10,0.3
1988-09-01,NoDur_excess,0.0607,0.01274627,300,3,20,10,0.3
1988-09-01,Durbl_excess,0.0304,0.01285088,300,7,20,10,0.3
1988-09-01,Manuf_excess,0.0288,0.00891601,300,3,5,10,0.3
1988-09-01,Enrgy_excess,-0.0309,0.00503601,300,7,20,10,0.3
1988-09-01,HiTec_excess,0.0226,0.00836946,500,3,20,10,0.3
1988-09-01,Telcm_excess,0.0645,0.00865705,300,3,20,10,0.3
1988-09-01,Shops_excess,0.0752,0.00992812,300,3,20,10,0.3
1988-09-01,Hlth_excess,0.0314,0.01470698,300,7,20,10,0.3
1988-09-01,Utils_excess,0.0205,0.0116628,300,3,20,10,0.3
1988-09-01,Other_excess,0.0344,0.01331853,300,7,20,10,0.3
1988-10-01,NoDur_excess,0.0772,0.01205361,300,3,20,10,0.3
1988-10-01,Durbl_excess,0.026,0.00480798,300,7,20,10,0.3
1988-10-01,Manuf_excess,0.0015,0.00581631,300,3,5,10,0.3
1988-10-01,Enrgy_excess,0.0128,-0.00186028,300,7,20,10,0.3
1988-10-01,HiTec_excess,-0.007,0.00502938,500,3,20,10,0.3
1988-10-01,Telcm_excess,0.0236,0.00940386,300,3,20,10,0.3
1988-10-01,Shops_excess,0.0078,0.00752542,300,3,20,10,0.3
1988-10-01,Hlth_excess,0.0065,0.00804627,300,7,20,10,0.3
1988-10-01,Utils_excess,0.019,0.01051517,300,3,20,10,0.3
1988-10-01,Other_excess,-0.006,0.00789526,300,7,20,10,0.3
1988-11-01,NoDur_excess,-0.0179,0.01780847,300,3,20,10,0.3
1988-11-01,Durbl_excess,-0.0145,0.00850541,300,7,20,10,0.3
1988-11-01,Manuf_excess,-0.0276,0.00814222,300,3,5,10,0.3
1988-11-01,Enrgy_excess,-0.0086,0.00240745,300,7,20,10,0.3
1988-11-01,HiTec_excess,-0.0362,0.00865115,500,3,20,10,0.3
1988-11-01,Telcm_excess,-0.0052,0.01078496,300,3,20,10,0.3
1988-11-01,Shops_excess,-0.0327,0.01090242,300,3,20,10,0.3
1988-11-01,Hlth_excess,-0.027,0.01099459,300,7,20,10,0.3
1988-11-01,Utils_excess,-0.0107,0.01106665,300,3,20,10,0.3
1988-11-01,Other_excess,-0.0273,0.00883031,300,7,20,10,0.3
1988-12-01,NoDur_excess,0.0264,0.01207461,300,3,20,10,0.3
1988-12-01,Durbl_excess,-0.0024,0.00796198,300,7,20,10,0.3
1988-12-01,Manuf_excess,0.0251,0.00758762,300,3,5,10,0.3
1988-12-01,Enrgy_excess,0.012,0.00975656,300,7,20,10,0.3
1988-12-01,HiTec_excess,0.0401,0.00674325,500,3,20,10,0.3
1988-12-01,Telcm_excess,0.0062,0.00940282,300,3,20,10,0.3
1988-12-01,Shops_excess,0.0096,0.00818813,300,3,20,10,0.3
1988-12-01,Hlth_excess,0.0113,0.0139778,300,7,20,10,0.3
1988-12-01,Utils_excess,0.0041,0.01119068,300,3,20,10,0.3
1988-12-01,Other_excess,0.0028,0.01414742,300,7,20,10,0.3
1989-01-01,NoDur_excess,0.0505,0.0168997,300,3,20,10,0.3
1989-01-01,Durbl_excess,0.0686,0.01274368,300,7,20,10,0.3
1989-01-01,Manuf_excess,0.0691,0.00924384,300,3,5,10,0.3
1989-01-01,Enrgy_excess,0.0571,0.00956197,300,7,20,10,0.3
1989-01-01,HiTec_excess,0.0656,0.01038403,500,3,20,10,0.3
1989-01-01,Telcm_excess,0.0781,0.01292585,300,3,20,10,0.3
1989-01-01,Shops_excess,0.0563,0.01107112,300,3,20,10,0.3
1989-01-01,Hlth_excess,0.0626,0.01529616,300,7,20,10,0.3
1989-01-01,Utils_excess,0.0212,0.01629203,300,3,20,10,0.3
1989-01-01,Other_excess,0.0631,0.01315846,300,7,20,10,0.3
1989-02-01,NoDur_excess,-0.0188,0.01804436,300,3,20,10,0.3
1989-02-01,Durbl_excess,-0.0341,0.01006394,300,7,20,10,0.3
1989-02-01,Manuf_excess,-0.0271,0.0132488,300,3,5,10,0.3
1989-02-01,Enrgy_excess,-0.0189,0.00422136,300,7,20,10,0.3
1989-02-01,HiTec_excess,-0.0435,0.01074061,500,3,20,10,0.3
1989-02-01,Telcm_excess,-0.0198,0.01202311,300,3,20,10,0.3
1989-02-01,Shops_excess,-0.0248,0.01322591,300,3,20,10,0.3
1989-02-01,Hlth_excess,-0.0185,0.01531738,300,7,20,10,0.3
1989-02-01,Utils_excess,-0.0239,0.01197334,300,3,20,10,0.3
1989-02-01,Other_excess,-0.0113,0.01120428,300,7,20,10,0.3
1989-03-01,NoDur_excess,0.0503,0.01648953,300,3,20,10,0.3
1989-03-01,Durbl_excess,-0.0226,0.00194713,300,7,20,10,0.3
1989-03-01,Manuf_excess,0.0052,0.01429771,300,3,5,10,0.3
1989-03-01,Enrgy_excess,0.0322,0.00064641,300,7,20,10,0.3
1989-03-01,HiTec_excess,-0.06,0.00994666,500,3,20,10,0.3
1989-03-01,Telcm_excess,0.0462,0.01118116,300,3,20,10,0.3
1989-03-01,Shops_excess,0.0196,0.01111509,300,3,20,10,0.3
1989-03-01,Hlth_excess,0.0424,0.01432921,300,7,20,10,0.3
1989-03-01,Utils_excess,-0.0012,0.01339905,300,3,20,10,0.3
1989-03-01,Other_excess,0.029,0.0100477,300,7,20,10,0.3
1989-04-01,NoDur_excess,0.0513,0.01510643,300,3,20,10,0.3
1989-04-01,Durbl_excess,-0.0034,-0.00076391,300,7,20,10,0.3
1989-04-01,Manuf_excess,0.0467,0.01083642,300,3,5,10,0.3
1989-04-01,Enrgy_excess,0.0182,0.00105553,300,7,20,10,0.3
1989-04-01,HiTec_excess,0.0451,0.00428629,500,3,20,10,0.3
1989-04-01,Telcm_excess,0.0887,0.01070745,300,3,20,10,0.3
1989-04-01,Shops_excess,0.0468,0.00844985,300,3,20,10,0.3
1989-04-01,Hlth_excess,0.0476,0.01055111,300,7,20,10,0.3
1989-04-01,Utils_excess,0.033,0.01268972,300,3,20,10,0.3
1989-04-01,Other_excess,0.0396,0.0046826,300,7,20,10,0.3
1989-05-01,NoDur_excess,0.0414,0.01685534,300,3,20,10,0.3
1989-05-01,Durbl_excess,0.0107,0.00180263,300,7,20,10,0.3
1989-05-01,Manuf_excess,0.0289,0.00893344,300,3,5,10,0.3
1989-05-01,Enrgy_excess,0.0191,0.00258169,300,7,20,10,0.3
1989-05-01,HiTec_excess,0.0159,0.00809406,500,3,20,10,0.3
1989-05-01,Telcm_excess,0.0513,0.01312727,300,3,20,10,0.3
1989-05-01,Shops_excess,0.0449,0.01154535,300,3,20,10,0.3
1989-05-01,Hlth_excess,0.0258,0.01649863,300,7,20,10,0.3
1989-05-01,Utils_excess,0.0449,0.00968964,300,3,20,10,0.3
1989-05-01,Other_excess,0.0345,0.00921735,300,7,20,10,0.3
1989-06-01,NoDur_excess,0.0073,0.01927193,300,3,20,10,0.3
1989-06-01,Durbl_excess,0.0074,0.00433654,300,7,20,10,0.3
1989-06-01,Manuf_excess,-0.0338,0.0268834,300,3,5,10,0.3
1989-06-01,Enrgy_excess,-0.0172,0.00188154,300,7,20,10,0.3
1989-06-01,HiTec_excess,-0.0388,0.00808363,500,3,20,10,0.3
1989-06-01,Telcm_excess,-0.0053,0.01551589,300,3,20,10,0.3
1989-06-01,Shops_excess,-0.0284,0.01457242,300,3,20,10,0.3
1989-06-01,Hlth_excess,-0.0366,0.01716341,300,7,20,10,0.3
1989-06-01,Utils_excess,0.0271,0.01261291,300,3,20,10,0.3
1989-06-01,Other_excess,0.0006,0.01180042,300,7,20,10,0.3
1989-07-01,NoDur_excess,0.112,0.01984438,300,3,20,10,0.3
1989-07-01,Durbl_excess,0.0454,0.00431165,300,7,20,10,0.3
1989-07-01,Manuf_excess,0.0692,0.01100646,300,3,5,10,0.3
1989-07-01,Enrgy_excess,0.0306,0.00447162,300,7,20,10,0.3
1989-07-01,HiTec_excess,0.0225,0.00917106,500,3,20,10,0.3
1989-07-01,Telcm_excess,0.0843,0.01502887,300,3,20,10,0.3
1989-07-01,Shops_excess,0.0847,0.01486952,300,3,20,10,0.3
1989-07-01,Hlth_excess,0.1287,0.01388705,300,7,20,10,0.3
1989-07-01,Utils_excess,0.0511,0.01298861,300,3,20,10,0.3
1989-07-01,Other_excess,0.0741,0.01475494,300,7,20,10,0.3
1989-08-01,NoDur_excess,-0.0272,0.01993508,300,3,20,10,0.3
1989-08-01,Durbl_excess,0.0415,0.00826717,300,7,20,10,0.3
1989-08-01,Manuf_excess,0.0364,0.02623679,300,3,5,10,0.3
1989-08-01,Enrgy_excess,0.0278,0.00562366,300,7,20,10,0.3
1989-08-01,HiTec_excess,0.0173,0.01124031,500,3,20,10,0.3
1989-08-01,Telcm_excess,0.0006,0.01375514,300,3,20,10,0.3
1989-08-01,Shops_excess,0.0187,0.01266878,300,3,20,10,0.3
1989-08-01,Hlth_excess,-0.0034,0.01997581,300,7,20,10,0.3
1989-08-01,Utils_excess,-0.0154,0.01360256,300,3,20,10,0.3
1989-08-01,Other_excess,0.0248,0.01931587,300,7,20,10,0.3
1989-09-01,NoDur_excess,-0.0122,0.01685451,300,3,20,10,0.3
1989-09-01,Durbl_excess,-0.0531,0.00736072,300,7,20,10,0.3
1989-09-01,Manuf_excess,-0.0322,0.00999895,300,3,5,10,0.3
1989-09-01,Enrgy_excess,0.007,0.01066187,300,7,20,10,0.3
1989-09-01,HiTec_excess,-0.0338,0.01081939,500,3,20,10,0.3
1989-09-01,Telcm_excess,0.0338,0.01233144,300,3,20,10,0.3
1989-09-01,Shops_excess,-0.03,0.01290484,300,3,20,10,0.3
1989-09-01,Hlth_excess,0.0169,0.0202395,300,7,20,10,0.3
1989-09-01,Utils_excess,-0.0017,0.01239917,300,3,20,10,0.3
1989-09-01,Other_excess,0.0075,0.01537467,300,7,20,10,0.3
1989-10-01,NoDur_excess,-0.0313,0.01847986,300,3,20,10,0.3
1989-10-01,Durbl_excess,-0.0641,0.01137856,300,7,20,10,0.3
1989-10-01,Manuf_excess,-0.0502,0.0093023,300,3,5,10,0.3
1989-10-01,Enrgy_excess,0.0007,0.00554443,300,7,20,10,0.3
1989-10-01,HiTec_excess,-0.0501,0.0114913,500,3,20,10,0.3
1989-10-01,Telcm_excess,-0.0264,0.01575943,300,3,20,10,0.3
1989-10-01,Shops_excess,-0.0471,0.01415478,300,3,20,10,0.3
1989-10-01,Hlth_excess,-0.0031,0.02213063,300,7,20,10,0.3
1989-10-01,Utils_excess,0.0033,0.01332616,300,3,20,10,0.3
1989-10-01,Other_excess,-0.0558,0.01966897,300,7,20,10,0.3
1989-11-01,NoDur_excess,0.01,0.01903563,300,3,20,10,0.3
1989-11-01,Durbl_excess,-0.0181,0.00041875,300,7,20,10,0.3
1989-11-01,Manuf_excess,0.0238,0.00793177,300,3,5,10,0.3
1989-11-01,Enrgy_excess,0.033,0.00108736,300,7,20,10,0.3
1989-11-01,HiTec_excess,-0.0272,0.00357353,500,3,20,10,0.3
1989-11-01,Telcm_excess,0.0142,0.01576374,300,3,20,10,0.3
1989-11-01,Shops_excess,0.0053,0.01341064,300,3,20,10,0.3
1989-11-01,Hlth_excess,0.0387,0.02026978,300,7,20,10,0.3
1989-11-01,Utils_excess,0.0255,0.01309012,300,3,20,10,0.3
1989-11-01,Other_excess,-0.0074,0.01119424,300,7,20,10,0.3
1989-12-01,NoDur_excess,0.0078,0.01879465,300,3,20,10,0.3
1989-12-01,Durbl_excess,-0.0196,0.0076192,300,7,20,10,0.3
1989-12-01,Manuf_excess,0.0235,0.01365204,300,3,5,10,0.3
1989-12-01,Enrgy_excess,0.0539,0.00943529,300,7,20,10,0.3
1989-12-01,HiTec_excess,-0.0166,0.01014597,500,3,20,10,0.3
1989-12-01,Telcm_excess,0.0524,0.01462941,300,3,20,10,0.3
1989-12-01,Shops_excess,0.0061,0.01422263,300,3,20,10,0.3
1989-12-01,Hlth_excess,0.0043,0.02529647,300,7,20,10,0.3
1989-12-01,Utils_excess,0.0419,0.01710122,300,3,20,10,0.3
1989-12-01,Other_excess,-0.0221,0.01730616,300,7,20,10,0.3
1990-01-01,NoDur_excess,-0.1004,0.00915003,300,3,10,10,0.3
1990-01-01,Durbl_excess,-0.0409,0.00467805,300,3,20,10,0.3
1990-01-01,Manuf_excess,-0.0688,0.00918349,300,7,20,10,0.3
1990-01-01,Enrgy_excess,-0.0485,0.01276139,300,5,20,10,0.3
1990-01-01,HiTec_excess,-0.0204,0.00551999,300,3,20,10,0.3
1990-01-01,Telcm_excess,-0.1361,0.0109854,300,3,20,10,0.3
1990-01-01,Shops_excess,-0.0698,0.00608963,300,7,20,10,0.3
1990-01-01,Hlth_excess,-0.0787,0.00839747,300,3,5,10,sqrt
1990-01-01,Utils_excess,-0.0592,0.00967964,300,3,20,10,0.3
1990-01-01,Other_excess,-0.0949,0.01086957,300,5,20,10,0.3
1990-02-01,NoDur_excess,-0.0112,0.00493645,300,3,10,10,0.3
1990-02-01,Durbl_excess,0.0448,-0.00367127,300,3,20,10,0.3
1990-02-01,Manuf_excess,0.0199,-0.0060746,300,7,20,10,0.3
1990-02-01,Enrgy_excess,0.0254,-0.00112218,300,5,20,10,0.3
1990-02-01,HiTec_excess,0.0347,-0.00574498,300,3,20,10,0.3
1990-02-01,Telcm_excess,-0.0083,0.00457548,300,3,20,10,0.3
1990-02-01,Shops_excess,0.0136,-0.00307758,300,7,20,10,0.3
1990-02-01,Hlth_excess,-0.0265,0.00416159,300,3,5,10,sqrt
1990-02-01,Utils_excess,-0.0036,0.00586115,300,3,20,10,0.3
1990-02-01,Other_excess,0.0195,-0.00830706,300,5,20,10,0.3
1990-03-01,NoDur_excess,0.0399,0.00841048,300,3,10,10,0.3
1990-03-01,Durbl_excess,0.0224,0.00586706,300,3,20,10,0.3
1990-03-01,Manuf_excess,0.0324,0.00518078,300,7,20,10,0.3
1990-03-01,Enrgy_excess,-0.0123,0.00677473,300,5,20,10,0.3
1990-03-01,HiTec_excess,0.0399,0.0034796,300,3,20,10,0.3
1990-03-01,Telcm_excess,0.0358,0.0085063,300,3,20,10,0.3
1990-03-01,Shops_excess,0.0452,0.00506793,300,7,20,10,0.3
1990-03-01,Hlth_excess,0.0316,0.00750863,300,3,5,10,sqrt
1990-03-01,Utils_excess,-0.0139,0.00919006,300,3,20,10,0.3
1990-03-01,Other_excess,-0.0102,0.00389526,300,5,20,10,0.3
1990-04-01,NoDur_excess,-0.0086,0.00840828,300,3,10,10,0.3
1990-04-01,Durbl_excess,-0.0477,0.00271911,300,3,20,10,0.3
1990-04-01,Manuf_excess,-0.0346,0.00101908,300,7,20,10,0.3
1990-04-01,Enrgy_excess,-0.0427,0.00124239,300,5,20,10,0.3
1990-04-01,HiTec_excess,-0.0263,0.00347291,300,3,20,10,0.3
1990-04-01,Telcm_excess,-0.0398,0.00748121,300,3,20,10,0.3
1990-04-01,Shops_excess,-0.0277,0.00425117,300,7,20,10,0.3
1990-04-01,Hlth_excess,-0.0035,0.0075355,300,3,5,10,sqrt
1990-04-01,Utils_excess,-0.0621,0.0062029,300,3,20,10,0.3
1990-04-01,Other_excess,-0.0411,-0.00121978,300,5,20,10,0.3
1990-05-01,NoDur_excess,0.0841,0.00913439,300,3,10,10,0.3
1990-05-01,Durbl_excess,0.0707,0.00394629,300,3,20,10,0.3
1990-05-01,Manuf_excess,0.0743,0.00445417,300,7,20,10,0.3
1990-05-01,Enrgy_excess,0.0537,0.00776272,300,5,20,10,0.3
1990-05-01,HiTec_excess,0.1173,0.00532889,300,3,20,10,0.3
1990-05-01,Telcm_excess,0.0852,0.00649359,300,3,20,10,0.3
1990-05-01,Shops_excess,0.1085,0.00518135,300,7,20,10,0.3
1990-05-01,Hlth_excess,0.1213,0.00844893,300,3,5,10,sqrt
1990-05-01,Utils_excess,0.0475,0.00712054,300,3,20,10,0.3
1990-05-01,Other_excess,0.085,0.00366519,300,5,20,10,0.3
1990-06-01,NoDur_excess,0.0145,0.01093874,300,3,10,10,0.3
1990-06-01,Durbl_excess,-0.0284,0.00631602,300,3,20,10,0.3
1990-06-01,Manuf_excess,-0.0118,0.00667692,300,7,20,10,0.3
1990-06-01,Enrgy_excess,-0.0267,0.00663616,300,5,20,10,0.3
1990-06-01,HiTec_excess,-0.019,0.00628621,300,3,20,10,0.3
1990-06-01,Telcm_excess,-0.0537,0.00557105,300,3,20,10,0.3
1990-06-01,Shops_excess,0.009,0.00853251,300,7,20,10,0.3
1990-06-01,Hlth_excess,0.0379,0.00835861,300,3,5,10,sqrt
1990-06-01,Utils_excess,0.0012,0.00494377,300,3,20,10,0.3
1990-06-01,Other_excess,-0.0236,0.00399361,300,5,20,10,0.3
1990-07-01,NoDur_excess,-0.0147,0.00807491,300,3,10,10,0.3
1990-07-01,Durbl_excess,-0.0413,0.00134406,300,3,20,10,0.3
1990-07-01,Manuf_excess,-0.005,-0.00049835,300,7,20,10,0.3
1990-07-01,Enrgy_excess,0.0762,0.00194403,300,5,20,10,0.3
1990-07-01,HiTec_excess,-0.0832,0.00271817,300,3,20,10,0.3
1990-07-01,Telcm_excess,-0.051,0.00378224,300,3,20,10,0.3
1990-07-01,Shops_excess,-0.0482,0.00252466,300,7,20,10,0.3
1990-07-01,Hlth_excess,0.0199,0.00770351,300,3,5,10,sqrt
1990-07-01,Utils_excess,0.0022,0.00472435,300,3,20,10,0.3
1990-07-01,Other_excess,-0.0426,-0.00201531,300,5,20,10,0.3
1990-08-01,NoDur_excess,-0.0803,0.00825845,300,3,10,10,0.3
1990-08-01,Durbl_excess,-0.149,0.00398168,300,3,20,10,0.3
1990-08-01,Manuf_excess,-0.1266,0.00393557,300,7,20,10,0.3
1990-08-01,Enrgy_excess,-0.0196,0.00586064,300,5,20,10,0.3
1990-08-01,HiTec_excess,-0.127,0.00422824,300,3,20,10,0.3
1990-08-01,Telcm_excess,-0.1104,0.00385502,300,3,20,10,0.3
1990-08-01,Shops_excess,-0.127,0.00730592,300,7,20,10,0.3
1990-08-01,Hlth_excess,-0.0731,0.00840802,300,3,5,10,sqrt
1990-08-01,Utils_excess,-0.073,0.00496981,300,3,20,10,0.3
1990-08-01,Other_excess,-0.1196,0.00060221,300,5,20,10,0.3
1990-09-01,NoDur_excess,-0.0467,0.00276253,300,3,10,10,0.3
1990-09-01,Durbl_excess,-0.1123,-0.00488068,300,3,20,10,0.3
1990-09-01,Manuf_excess,-0.086,-0.00639312,300,7,20,10,0.3
1990-09-01,Enrgy_excess,-0.0222,-0.00652418,300,5,20,10,0.3
1990-09-01,HiTec_excess,-0.0715,-0.00622837,300,3,20,10,0.3
1990-09-01,Telcm_excess,0.0122,0.00219793,300,3,20,10,0.3
1990-09-01,Shops_excess,-0.0937,-0.00135329,300,7,20,10,0.3
1990-09-01,Hlth_excess,-0.0492,0.00481109,300,3,5,10,sqrt
1990-09-01,Utils_excess,-0.0012,0.00312826,300,3,20,10,0.3
1990-09-01,Other_excess,-0.1057,-0.00901309,300,5,20,10,0.3
1990-10-01,NoDur_excess,0.0182,0.00415094,300,3,10,10,0.3
1990-10-01,Durbl_excess,-0.0397,0.00249668,300,3,20,10,0.3
1990-10-01,Manuf_excess,-0.0261,-0.0055295,300,7,20,10,0.3
1990-10-01,Enrgy_excess,-0.0465,0.00375368,300,5,20,10,0.3
1990-10-01,HiTec_excess,-0.0385,-0.00179308,300,3,20,10,0.3
1990-10-01,Telcm_excess,0.0234,0.004549,300,3,20,10,0.3
1990-10-01,Shops_excess,-0.0372,-0.00200325,300,7,20,10,0.3
1990-10-01,Hlth_excess,0.0078,0.00448415,300,3,5,10,sqrt
1990-10-01,Utils_excess,0.0654,0.00301508,300,3,20,10,0.3
1990-10-01,Other_excess,-0.0717,-0.00477973,300,5,20,10,0.3
1990-11-01,NoDur_excess,0.0599,0.00706104,300,3,10,10,0.3
1990-11-01,Durbl_excess,0.036,-0.00084761,300,3,20,10,0.3
1990-11-01,Manuf_excess,0.068,-0.00803222,300,7,20,10,0.3
1990-11-01,Enrgy_excess,0.0105,-0.00260673,300,5,20,10,0.3
1990-11-01,HiTec_excess,0.1043,-0.00411787,300,3,20,10,0.3
1990-11-01,Telcm_excess,0.0155,0.00577837,300,3,20,10,0.3
1990-11-01,Shops_excess,0.0986,-0.00301345,300,7,20,10,0.3
1990-11-01,Hlth_excess,0.0911,0.0067168,300,3,5,10,sqrt
1990-11-01,Utils_excess,0.0174,0.00671314,300,3,20,10,0.3
1990-11-01,Other_excess,0.1006,-0.00529238,300,5,20,10,0.3
1990-12-01,NoDur_excess,0.038,0.01012778,300,3,10,10,0.3
1990-12-01,Durbl_excess,-0.0101,0.0059034,300,3,20,10,0.3
1990-12-01,Manuf_excess,0.0433,0.00647448,300,7,20,10,0.3
1990-12-01,Enrgy_excess,-0.0264,0.0080058,300,5,20,10,0.3
1990-12-01,HiTec_excess,0.0347,0.00647209,300,3,20,10,0.3
1990-12-01,Telcm_excess,0.0091,0.00744744,300,3,20,10,0.3
1990-12-01,Shops_excess,0.027,0.00970539,300,7,20,10,0.3
1990-12-01,Hlth_excess,0.0227,0.00815449,300,3,5,10,sqrt
1990-12-01,Utils_excess,0.0019,0.00776193,300,3,20,10,0.3
1990-12-01,Other_excess,0.0489,0.00293605,300,5,20,10,0.3
1991-01-01,NoDur_excess,0.0458,0.00992039,300,3,10,10,0.3
1991-01-01,Durbl_excess,0.0685,0.00668441,300,3,20,10,0.3
1991-01-01,Manuf_excess,0.0578,0.01042832,300,7,20,10,0.3
1991-01-01,Enrgy_excess,-0.0255,0.01048519,300,5,20,10,0.3
1991-01-01,HiTec_excess,0.1456,0.00857635,300,3,20,10,0.3
1991-01-01,Telcm_excess,-0.005,0.00801047,300,3,20,10,0.3
1991-01-01,Shops_excess,0.0887,0.01090878,300,7,20,10,0.3
1991-01-01,Hlth_excess,0.0426,0.01027567,300,3,5,10,sqrt
1991-01-01,Utils_excess,-0.0189,0.00833152,300,3,20,10,0.3
1991-01-01,Other_excess,0.0687,0.00708788,300,5,20,10,0.3
1991-02-01,NoDur_excess,0.0983,0.00785186,300,3,10,10,0.3
1991-02-01,Durbl_excess,0.0979,0.00080657,300,3,20,10,0.3
1991-02-01,Manuf_excess,0.0536,0.00237566,300,7,20,10,0.3
1991-02-01,Enrgy_excess,0.0808,0.00188707,300,5,20,10,0.3
1991-02-01,HiTec_excess,0.0551,0.00402582,300,3,20,10,0.3
1991-02-01,Telcm_excess,0.0255,0.00565793,300,3,20,10,0.3
1991-02-01,Shops_excess,0.0787,0.00750737,300,7,20,10,0.3
1991-02-01,Hlth_excess,0.0968,0.00792677,300,3,5,10,sqrt
1991-02-01,Utils_excess,0.0436,0.007766,300,3,20,10,0.3
1991-02-01,Other_excess,0.0932,0.00027888,300,5,20,10,0.3
1991-03-01,NoDur_excess,0.0438,0.00817691,300,3,10,10,0.3
1991-03-01,Durbl_excess,0.0078,0.00624246,300,3,20,10,0.3
1991-03-01,Manuf_excess,0.0097,0.01665448,300,7,20,10,0.3
1991-03-01,Enrgy_excess,0.0085,0.01289573,300,5,20,10,0.3
1991-03-01,HiTec_excess,-0.0016,0.00985044,300,3,20,10,0.3
1991-03-01,Telcm_excess,0.0186,0.00490724,300,3,20,10,0.3
1991-03-01,Shops_excess,0.0816,0.01344462,300,7,20,10,0.3
1991-03-01,Hlth_excess,0.058,0.00895722,300,3,5,10,sqrt
1991-03-01,Utils_excess,0.0128,0.00233924,300,3,20,10,0.3
1991-03-01,Other_excess,0.0263,0.01057113,300,5,20,10,0.3
1991-04-01,NoDur_excess,-0.0152,0.00845631,300,3,10,10,0.3
1991-04-01,Durbl_excess,-0.0281,0.00631595,300,3,20,10,0.3
1991-04-01,Manuf_excess,-0.0003,0.01306763,300,7,20,10,0.3
1991-04-01,Enrgy_excess,0.0187,0.01061971,300,5,20,10,0.3
1991-04-01,HiTec_excess,-0.0324,0.00908693,300,3,20,10,0.3
1991-04-01,Telcm_excess,0.006,0.00512795,300,3,20,10,0.3
1991-04-01,Shops_excess,0.0149,0.01685459,300,7,20,10,0.3
1991-04-01,Hlth_excess,-0.0174,0.00896523,300,3,5,10,sqrt
1991-04-01,Utils_excess,-0.0058,0.00304874,300,3,20,10,0.3
1991-04-01,Other_excess,0.0081,0.01077671,300,5,20,10,0.3
1991-05-01,NoDur_excess,0.0314,0.00729808,300,3,10,10,0.3
1991-05-01,Durbl_excess,0.1441,0.00445639,300,3,20,10,0.3
1991-05-01,Manuf_excess,0.0713,0.00793888,300,7,20,10,0.3
1991-05-01,Enrgy_excess,-0.0189,0.01042795,300,5,20,10,0.3
1991-05-01,HiTec_excess,0.0321,0.00724981,300,3,20,10,0.3
1991-05-01,Telcm_excess,-0.0193,0.00409743,300,3,20,10,0.3
1991-05-01,Shops_excess,0.0725,0.01316153,300,7,20,10,0.3
1991-05-01,Hlth_excess,0.04,0.00877606,300,3,5,10,sqrt
1991-05-01,Utils_excess,-0.0032,-0.00122387,300,3,20,10,0.3
1991-05-01,Other_excess,0.0451,0.00593887,300,5,20,10,0.3
1991-06-01,NoDur_excess,-0.0538,0.00378592,300,3,10,10,0.3
1991-06-01,Durbl_excess,-0.0491,0.00115296,300,3,20,10,0.3
1991-06-01,Manuf_excess,-0.0468,0.00294446,300,7,20,10,0.3
1991-06-01,Enrgy_excess,-0.0408,0.00505395,300,5,20,10,0.3
1991-06-01,HiTec_excess,-0.0928,-0.00294863,300,3,20,10,0.3
1991-06-01,Telcm_excess,-0.0191,0.00065493,300,3,20,10,0.3
1991-06-01,Shops_excess,-0.0473,0.0050073,300,7,20,10,0.3
1991-06-01,Hlth_excess,-0.0461,0.00151981,300,3,5,10,sqrt
1991-06-01,Utils_excess,-0.0279,-0.00511743,300,3,20,10,0.3
1991-06-01,Other_excess,-0.0566,0.00266633,300,5,20,10,0.3
1991-07-01,NoDur_excess,0.0528,0.00402834,300,3,10,10,0.3
1991-07-01,Durbl_excess,-0.0091,0.00147596,300,3,20,10,0.3
1991-07-01,Manuf_excess,0.0262,0.00225697,300,7,20,10,0.3
1991-07-01,Enrgy_excess,0.0454,0.00205656,300,5,20,10,0.3
1991-07-01,HiTec_excess,0.0426,-0.00254685,300,3,20,10,0.3
1991-07-01,Telcm_excess,0.0262,0.00222623,300,3,20,10,0.3
1991-07-01,Shops_excess,0.0482,0.00401173,300,7,20,10,0.3
1991-07-01,Hlth_excess,0.0802,0.00103267,300,3,5,10,sqrt
1991-07-01,Utils_excess,0.035,-0.00417057,300,3,20,10,0.3
1991-07-01,Other_excess,0.0425,0.00128737,300,5,20,10,0.3
1991-08-01,NoDur_excess,0.0502,0.00388996,300,3,10,10,0.3
1991-08-01,Durbl_excess,-0.0261,0.00116654,300,3,20,10,0.3
1991-08-01,Manuf_excess,0.014,-0.0008889,300,7,20,10,0.3
1991-08-01,Enrgy_excess,0.0117,0.00638094,300,5,20,10,0.3
1991-08-01,HiTec_excess,0.0238,-0.00388965,300,3,20,10,0.3
1991-08-01,Telcm_excess,0.002,0.00078782,300,3,20,10,0.3
1991-08-01,Shops_excess,0.0314,0.00590799,300,7,20,10,0.3
1991-08-01,Hlth_excess,0.0249,0.00272698,300,3,5,10,sqrt
1991-08-01,Utils_excess,0.0306,-0.00293265,300,3,20,10,0.3
1991-08-01,Other_excess,0.0275,0.00276333,300,5,20,10,0.3
1991-09-01,NoDur_excess,-0.037,0.00326628,300,3,10,10,0.3
1991-09-01,Durbl_excess,-0.0313,-0.00179817,300,3,20,10,0.3
1991-09-01,Manuf_excess,-0.0277,-0.00430854,300,7,20,10,0.3
1991-09-01,Enrgy_excess,-0.0114,0.00460193,300,5,20,10,0.3
1991-09-01,HiTec_excess,-0.0194,-0.00531197,300,3,20,10,0.3
1991-09-01,Telcm_excess,-0.0009,-6.967e-05,300,3,20,10,0.3
1991-09-01,Shops_excess,-0.0362,0.00242597,300,7,20,10,0.3
1991-09-01,Hlth_excess,-0.0079,0.00249998,300,3,5,10,sqrt
1991-09-01,Utils_excess,0.0326,-0.0063355,300,3,20,10,0.3
1991-09-01,Other_excess,-0.0113,0.00064485,300,5,20,10,0.3
1991-10-01,NoDur_excess,-0.0096,0.00484868,300,3,10,10,0.3
1991-10-01,Durbl_excess,-0.0241,-0.00236404,300,3,20,10,0.3
1991-10-01,Manuf_excess,0.0106,-0.00562715,300,7,20,10,0.3
1991-10-01,Enrgy_excess,0.0164,0.00495778,300,5,20,10,0.3
1991-10-01,HiTec_excess,0.0171,-0.00583397,300,3,20,10,0.3
1991-10-01,Telcm_excess,0.0151,0.00068133,300,3,20,10,0.3
1991-10-01,Shops_excess,-0.0236,3.18e-06,300,7,20,10,0.3
1991-10-01,Hlth_excess,0.0611,0.00531151,300,3,5,10,sqrt
1991-10-01,Utils_excess,0.0083,-0.00056351,300,3,20,10,0.3
1991-10-01,Other_excess,0.0183,-0.00122619,300,5,20,10,0.3
1991-11-01,NoDur_excess,-0.0081,0.00220849,300,3,10,10,0.3
1991-11-01,Durbl_excess,-0.0841,-0.00094103,300,3,20,10,0.3
1991-11-01,Manuf_excess,-0.0596,-0.00348298,300,7,20,10,0.3
1991-11-01,Enrgy_excess,-0.0814,0.00625979,300,5,20,10,0.3
1991-11-01,HiTec_excess,-0.0471,-0.00357166,300,3,20,10,0.3
1991-11-01,Telcm_excess,-0.0514,0.00053364,300,3,20,10,0.3
1991-11-01,Shops_excess,-0.0159,-0.00221609,300,7,20,10,0.3
1991-11-01,Hlth_excess,-0.0292,0.00170771,300,3,5,10,sqrt
1991-11-01,Utils_excess,0.0151,-0.00277445,300,3,20,10,0.3
1991-11-01,Other_excess,-0.058,0.00167864,300,5,20,10,0.3
1991-12-01,NoDur_excess,0.1439,0.00261365,300,3,10,10,0.3
1991-12-01,Durbl_excess,0.0723,-0.0028402,300,3,20,10,0.3
1991-12-01,Manuf_excess,0.112,-0.00662949,300,7,20,10,0.3
1991-12-01,Enrgy_excess,0.0177,0.0022,300,5,20,10,0.3
1991-12-01,HiTec_excess,0.0891,-0.00345235,300,3,20,10,0.3
1991-12-01,Telcm_excess,0.0947,0.00136564,300,3,20,10,0.3
1991-12-01,Shops_excess,0.1266,0.00364765,300,7,20,10,0.3
1991-12-01,Hlth_excess,0.1622,0.00156122,300,3,5,10,sqrt
1991-12-01,Utils_excess,0.0463,-0.00438918,300,3,20,10,0.3
1991-12-01,Other_excess,0.1238,-0.0028097,300,5,20,10,0.3
1992-01-01,NoDur_excess,-0.0346,0.00439681,300,3,10,10,0.3
1992-01-01,Durbl_excess,0.1016,-0.00036375,300,3,20,10,0.3
1992-01-01,Manuf_excess,0.0197,-0.00640476,300,7,20,10,0.3
1992-01-01,Enrgy_excess,-0.0447,0.00273975,300,5,20,10,0.3
1992-01-01,HiTec_excess,0.0609,-0.00546598,300,3,20,10,0.3
1992-01-01,Telcm_excess,-0.0322,0.00280017,300,3,20,10,0.3
1992-01-01,Shops_excess,-0.0006,0.00414244,300,7,20,10,0.3
1992-01-01,Hlth_excess,-0.0578,0.00339101,300,3,5,10,sqrt
1992-01-01,Utils_excess,-0.0491,-0.00195326,300,3,20,10,0.3
1992-01-01,Other_excess,0.0165,0.00068214,300,5,20,10,0.3
1992-02-01,NoDur_excess,0.0077,-0.00069016,300,3,10,10,0.3
1992-02-01,Durbl_excess,0.1208,-0.00038651,300,3,20,10,0.3
1992-02-01,Manuf_excess,0.0192,-0.004823,300,7,20,10,0.3
1992-02-01,Enrgy_excess,-0.0082,-0.0070998,300,5,20,10,0.3
1992-02-01,HiTec_excess,0.0353,-0.00364129,300,3,20,10,0.3
1992-02-01,Telcm_excess,-0.0173,-0.00041484,300,3,20,10,0.3
1992-02-01,Shops_excess,0.0236,-0.00111055,300,7,20,10,0.3
1992-02-01,Hlth_excess,-0.0302,0.00241152,300,3,5,10,sqrt
1992-02-01,Utils_excess,-0.0152,-0.00277622,300,3,20,10,0.3
1992-02-01,Other_excess,0.0279,-0.00377191,300,5,20,10,0.3
1992-03-01,NoDur_excess,-0.0185,0.00229101,300,3,10,10,0.3
1992-03-01,Durbl_excess,0.0046,0.00251297,300,3,20,10,0.3
1992-03-01,Manuf_excess,-0.015,-0.00123873,300,7,20,10,0.3
1992-03-01,Enrgy_excess,-0.0306,-0.00035406,300,5,20,10,0.3
1992-03-01,HiTec_excess,-0.0541,0.00024328,300,3,20,10,0.3
1992-03-01,Telcm_excess,-0.0121,0.00091232,300,3,20,10,0.3
1992-03-01,Shops_excess,-0.017,0.00235305,300,7,20,10,0.3
1992-03-01,Hlth_excess,-0.0587,0.00043597,300,3,5,10,sqrt
1992-03-01,Utils_excess,-0.0087,-0.00349428,300,3,20,10,0.3
1992-03-01,Other_excess,-0.0253,-0.00014175,300,5,20,10,0.3
1992-04-01,NoDur_excess,0.0044,-0.00033322,300,3,10,10,0.3
1992-04-01,Durbl_excess,0.0763,-0.00025741,300,3,20,10,0.3
1992-04-01,Manuf_excess,0.0271,-0.004563,300,7,20,10,0.3
1992-04-01,Enrgy_excess,0.0914,-0.0078094,300,5,20,10,0.3
1992-04-01,HiTec_excess,-0.0122,-0.00371236,300,3,20,10,0.3
1992-04-01,Telcm_excess,0.0678,8.675e-05,300,3,20,10,0.3
1992-04-01,Shops_excess,-0.0383,-0.00216795,300,7,20,10,0.3
1992-04-01,Hlth_excess,-0.0262,-0.00249671,300,3,5,10,sqrt
1992-04-01,Utils_excess,0.0237,-0.00360623,300,3,20,10,0.3
1992-04-01,Other_excess,0.003,-0.00482784,300,5,20,10,0.3
1992-05-01,NoDur_excess,0.0103,-0.00085484,300,3,10,10,0.3
1992-05-01,Durbl_excess,-0.0221,0.00331681,300,3,20,10,0.3
1992-05-01,Manuf_excess,-0.0089,-0.00375783,300,7,20,10,0.3
1992-05-01,Enrgy_excess,0.0287,-0.00163985,300,5,20,10,0.3
1992-05-01,HiTec_excess,-0.0018,-0.00330714,300,3,20,10,0.3
1992-05-01,Telcm_excess,-0.0289,0.00097771,300,3,20,10,0.3
1992-05-01,Shops_excess,-0.0004,-0.0045067,300,7,20,10,0.3
1992-05-01,Hlth_excess,0.0083,-0.00513313,300,3,5,10,sqrt
1992-05-01,Utils_excess,0.0226,-0.00358521,300,3,20,10,0.3
1992-05-01,Other_excess,0.0119,-0.00256707,300,5,20,10,0.3
1992-06-01,NoDur_excess,-0.0313,0.00114848,300,3,10,10,0.3
1992-06-01,Durbl_excess,0.0186,0.00243174,300,3,20,10,0.3
1992-06-01,Manuf_excess,-0.0357,-0.00426892,300,7,20,10,0.3
1992-06-01,Enrgy_excess,-0.0382,0.000834,300,5,20,10,0.3
1992-06-01,HiTec_excess,-0.0437,-0.00227447,300,3,20,10,0.3
1992-06-01,Telcm_excess,0.0117,0.00117169,300,3,20,10,0.3
1992-06-01,Shops_excess,-0.0224,-0.00529706,300,7,20,10,0.3
1992-06-01,Hlth_excess,-0.051,-0.00038972,300,3,5,10,sqrt
1992-06-01,Utils_excess,0.0022,-0.00013522,300,3,20,10,0.3
1992-06-01,Other_excess,-0.0038,-0.00102657,300,5,20,10,0.3
1992-07-01,NoDur_excess,0.0436,-0.00042523,300,3,10,10,0.3
1992-07-01,Durbl_excess,-0.0001,0.00166777,300,3,20,10,0.3
1992-07-01,Manuf_excess,0.026,-0.0053787,300,7,20,10,0.3
1992-07-01,Enrgy_excess,0.0497,-0.00115921,300,5,20,10,0.3
1992-07-01,HiTec_excess,0.0255,-0.0032388,300,3,20,10,0.3
1992-07-01,Telcm_excess,0.0515,0.00238025,300,3,20,10,0.3
1992-07-01,Shops_excess,0.0352,-0.00633577,300,7,20,10,0.3
1992-07-01,Hlth_excess,0.0548,-0.00013406,300,3,5,10,sqrt
1992-07-01,Utils_excess,0.0642,-0.00075314,300,3,20,10,0.3
1992-07-01,Other_excess,0.0281,-0.00365579,300,5,20,10,0.3
1992-08-01,NoDur_excess,0.0061,0.00186791,300,3,10,10,0.3
1992-08-01,Durbl_excess,-0.0987,0.00262963,300,3,20,10,0.3
1992-08-01,Manuf_excess,-0.0379,-0.00533209,300,7,20,10,0.3
1992-08-01,Enrgy_excess,0.0229,-0.001024,300,5,20,10,0.3
1992-08-01,HiTec_excess,-0.0464,-0.00238395,300,3,20,10,0.3
1992-08-01,Telcm_excess,-0.0123,0.00368071,300,3,20,10,0.3
1992-08-01,Shops_excess,-0.0076,-0.00308345,300,7,20,10,0.3
1992-08-01,Hlth_excess,-0.0372,-0.00186388,300,3,5,10,sqrt
1992-08-01,Utils_excess,-0.0073,0.00123876,300,3,20,10,0.3
1992-08-01,Other_excess,-0.0372,-0.00117357,300,5,20,10,0.3
1992-09-01,NoDur_excess,0.008,0.00172744,300,3,10,10,0.3
1992-09-01,Durbl_excess,-0.0016,0.00022538,300,3,20,10,0.3
1992-09-01,Manuf_excess,0.0153,-0.00478082,300,7,20,10,0.3
1992-09-01,Enrgy_excess,-0.0013,0.00094648,300,5,20,10,0.3
1992-09-01,HiTec_excess,0.0307,-0.00264186,300,3,20,10,0.3
1992-09-01,Telcm_excess,0.0165,0.00346095,300,3,20,10,0.3
1992-09-01,Shops_excess,0.0382,-0.00140575,300,7,20,10,0.3
1992-09-01,Hlth_excess,-0.0512,0.00154757,300,3,5,10,sqrt
1992-09-01,Utils_excess,0.0057,-7.722e-05,300,3,20,10,0.3
1992-09-01,Other_excess,0.0318,-0.00181937,300,5,20,10,0.3
1992-10-01,NoDur_excess,-0.0105,0.00209404,300,3,10,10,0.3
1992-10-01,Durbl_excess,-0.0025,-0.00060304,300,3,20,10,0.3
1992-10-01,Manuf_excess,0.0073,-0.00594089,300,7,20,10,0.3
1992-10-01,Enrgy_excess,-0.0373,0.00178873,300,5,20,10,0.3
1992-10-01,HiTec_excess,0.0172,-0.00220788,300,3,20,10,0.3
1992-10-01,Telcm_excess,-0.0078,0.00327389,300,3,20,10,0.3
1992-10-01,Shops_excess,0.0413,0.00018206,300,7,20,10,0.3
1992-10-01,Hlth_excess,0.0311,2.339e-05,300,3,5,10,sqrt
1992-10-01,Utils_excess,-0.0065,0.0009352,300,3,20,10,0.3
1992-10-01,Other_excess,0.0275,-0.00132814,300,5,20,10,0.3
1992-11-01,NoDur_excess,0.0339,0.0009703,300,3,10,10,0.3
1992-11-01,Durbl_excess,0.0835,0.00050826,300,3,20,10,0.3
1992-11-01,Manuf_excess,0.037,-0.00304574,300,7,20,10,0.3
1992-11-01,Enrgy_excess,-0.0294,-0.00063306,300,5,20,10,0.3
1992-11-01,HiTec_excess,0.0635,-0.00042201,300,3,20,10,0.3
1992-11-01,Telcm_excess,0.0365,0.00222092,300,3,20,10,0.3
1992-11-01,Shops_excess,0.0685,-0.00276746,300,7,20,10,0.3
1992-11-01,Hlth_excess,0.0461,0.00233716,300,3,5,10,sqrt
1992-11-01,Utils_excess,-0.0046,-0.00078224,300,3,20,10,0.3
1992-11-01,Other_excess,0.0588,-0.00065631,300,5,20,10,0.3
1992-12-01,NoDur_excess,-0.0023,0.00172798,300,3,10,10,0.3
1992-12-01,Durbl_excess,0.0307,0.00458222,300,3,20,10,0.3
1992-12-01,Manuf_excess,0.0116,-0.00113649,300,7,20,10,0.3
1992-12-01,Enrgy_excess,0.0171,-0.00016217,300,5,20,10,0.3
1992-12-01,HiTec_excess,-0.0026,0.00145849,300,3,20,10,0.3
1992-12-01,Telcm_excess,0.0536,0.00364672,300,3,20,10,0.3
1992-12-01,Shops_excess,0.0033,0.0019975,300,7,20,10,0.3
1992-12-01,Hlth_excess,-0.0163,0.00247502,300,3,5,10,sqrt
1992-12-01,Utils_excess,0.0243,-8.714e-05,300,3,20,10,0.3
1992-12-01,Other_excess,0.0352,0.00156386,300,5,20,10,0.3
1993-01-01,NoDur_excess,-0.0103,-0.00023852,300,3,10,10,0.3
1993-01-01,Durbl_excess,0.0935,0.00640562,300,3,20,10,0.3
1993-01-01,Manuf_excess,-0.0007,-0.00423154,300,7,20,10,0.3
1993-01-01,Enrgy_excess,0.0255,0.00155345,300,5,20,10,0.3
1993-01-01,HiTec_excess,0.0457,-0.00060877,300,3,20,10,0.3
1993-01-01,Telcm_excess,0.011,0.00657899,300,3,20,10,0.3
1993-01-01,Shops_excess,-0.0014,0.00124416,300,7,20,10,0.3
1993-01-01,Hlth_excess,-0.071,0.00240016,300,3,5,10,sqrt
1993-01-01,Utils_excess,0.0223,0.00170589,300,3,20,10,0.3
1993-01-01,Other_excess,0.0313,0.00255225,300,5,20,10,0.3
1993-02-01,NoDur_excess,-0.0236,-0.00103547,300,3,10,10,0.3
1993-02-01,Durbl_excess,-0.0052,0.00356578,300,3,20,10,0.3
1993-02-01,Manuf_excess,0.0149,-0.00382144,300,7,20,10,0.3
1993-02-01,Enrgy_excess,0.058,0.00053747,300,5,20,10,0.3
1993-02-01,HiTec_excess,-0.0075,-0.0012778,300,3,20,10,0.3
1993-02-01,Telcm_excess,0.0538,0.00652048,300,3,20,10,0.3
1993-02-01,Shops_excess,-0.017,-0.0009659,300,7,20,10,0.3
1993-02-01,Hlth_excess,-0.0923,-0.00046514,300,3,5,10,sqrt
1993-02-01,Utils_excess,0.0601,0.00178845,300,3,20,10,0.3
1993-02-01,Other_excess,0.0013,0.0008242,300,5,20,10,0.3
1993-03-01,NoDur_excess,-0.0025,-0.00140545,300,3,10,10,0.3
1993-03-01,Durbl_excess,0.0515,0.0021321,300,3,20,10,0.3
1993-03-01,Manuf_excess,0.0195,-0.0028468,300,7,20,10,0.3
1993-03-01,Enrgy_excess,0.0384,0.00196082,300,5,20,10,0.3
1993-03-01,HiTec_excess,0.02,-0.00019897,300,3,20,10,0.3
1993-03-01,Telcm_excess,0.031,0.00776001,300,3,20,10,0.3
1993-03-01,Shops_excess,0.0253,-0.00280421,300,7,20,10,0.3
1993-03-01,Hlth_excess,0.0048,-0.0055164,300,3,5,10,sqrt
1993-03-01,Utils_excess,0.0151,0.00277121,300,3,20,10,0.3
1993-03-01,Other_excess,0.0355,0.00039429,300,5,20,10,0.3
1993-04-01,NoDur_excess,-0.0956,-0.00306777,300,3,10,10,0.3
1993-04-01,Durbl_excess,0.022,-0.00040891,300,3,20,10,0.3
1993-04-01,Manuf_excess,-0.002,-0.00101051,300,7,20,10,0.3
1993-04-01,Enrgy_excess,0.0086,0.00179414,300,5,20,10,0.3
1993-04-01,HiTec_excess,-0.0382,0.00099847,300,3,20,10,0.3
1993-04-01,Telcm_excess,-0.0312,0.00686076,300,3,20,10,0.3
1993-04-01,Shops_excess,-0.0833,-0.00721365,300,7,20,10,0.3
1993-04-01,Hlth_excess,0.0105,-0.00823275,300,3,5,10,sqrt
1993-04-01,Utils_excess,-0.0039,0.00417055,300,3,20,10,0.3
1993-04-01,Other_excess,-0.0352,0.00106023,300,5,20,10,0.3
1993-05-01,NoDur_excess,0.0245,-0.00718979,300,3,10,10,0.3
1993-05-01,Durbl_excess,0.0088,0.00060865,300,3,20,10,0.3
1993-05-01,Manuf_excess,0.0212,-0.00332258,300,7,20,10,0.3
1993-05-01,Enrgy_excess,0.016,0.00181455,300,5,20,10,0.3
1993-05-01,HiTec_excess,0.0852,-0.00038048,300,3,20,10,0.3
1993-05-01,Telcm_excess,0.0394,0.0058336,300,3,20,10,0.3
1993-05-01,Shops_excess,0.0565,-0.01077445,300,7,20,10,0.3
1993-05-01,Hlth_excess,0.0338,-0.00551305,300,3,5,10,sqrt
1993-05-01,Utils_excess,-0.0026,0.00417315,300,3,20,10,0.3
1993-05-01,Other_excess,0.0142,0.00077934,300,5,20,10,0.3
1993-06-01,NoDur_excess,-0.0094,-0.00658058,300,3,10,10,0.3
1993-06-01,Durbl_excess,0.032,0.0040679,300,3,20,10,0.3
1993-06-01,Manuf_excess,-0.0052,-0.0030529,300,7,20,10,0.3
1993-06-01,Enrgy_excess,-0.0136,0.00399164,300,5,20,10,0.3
1993-06-01,HiTec_excess,-0.0077,0.00191922,300,3,20,10,0.3
1993-06-01,Telcm_excess,0.0439,0.00668483,300,3,20,10,0.3
1993-06-01,Shops_excess,-0.0314,-0.0066087,300,7,20,10,0.3
1993-06-01,Hlth_excess,-0.0323,-0.00315199,300,3,5,10,sqrt
1993-06-01,Utils_excess,0.0294,0.00456791,300,3,20,10,0.3
1993-06-01,Other_excess,0.0205,0.00127366,300,5,20,10,0.3
1993-07-01,NoDur_excess,-0.026,-0.00646614,300,3,10,10,0.3
1993-07-01,Durbl_excess,0.0125,0.00569273,300,3,20,10,0.3
1993-07-01,Manuf_excess,-0.0035,-0.00283401,300,7,20,10,0.3
1993-07-01,Enrgy_excess,0.0023,0.00383508,300,5,20,10,0.3
1993-07-01,HiTec_excess,-0.0408,0.00147581,300,3,20,10,0.3
1993-07-01,Telcm_excess,0.019,0.01071189,300,3,20,10,0.3
1993-07-01,Shops_excess,0.0049,-0.00728818,300,7,20,10,0.3
1993-07-01,Hlth_excess,-0.0622,-0.00486372,300,3,5,10,sqrt
1993-07-01,Utils_excess,0.017,0.00635557,300,3,20,10,0.3
1993-07-01,Other_excess,0.0182,0.00263769,300,5,20,10,0.3
1993-08-01,NoDur_excess,0.0405,-0.00779314,300,3,10,10,0.3
1993-08-01,Durbl_excess,0.0022,0.00622055,300,3,20,10,0.3
1993-08-01,Manuf_excess,0.0323,-0.00321158,300,7,20,10,0.3
1993-08-01,Enrgy_excess,0.0403,0.00449628,300,5,20,10,0.3
1993-08-01,HiTec_excess,0.0632,0.00201101,300,3,20,10,0.3
1993-08-01,Telcm_excess,0.05,0.01073656,300,3,20,10,0.3
1993-08-01,Shops_excess,0.0368,-0.00736068,300,7,20,10,0.3
1993-08-01,Hlth_excess,0.0278,-0.0046412,300,3,5,10,sqrt
1993-08-01,Utils_excess,0.0345,0.00660936,300,3,20,10,0.3
1993-08-01,Other_excess,0.0322,0.00331163,300,5,20,10,0.3
1993-09-01,NoDur_excess,-0.021,-0.00573802,300,3,10,10,0.3
1993-09-01,Durbl_excess,0.0074,0.00322635,300,3,20,10,0.3
1993-09-01,Manuf_excess,-0.0215,-0.00079102,300,7,20,10,0.3
1993-09-01,Enrgy_excess,0.0108,0.00456152,300,5,20,10,0.3
1993-09-01,HiTec_excess,0.0094,0.00176083,300,3,20,10,0.3
1993-09-01,Telcm_excess,-0.0074,0.00925538,300,3,20,10,0.3
1993-09-01,Shops_excess,-0.0064,-0.00522758,300,7,20,10,0.3
1993-09-01,Hlth_excess,0.0058,-0.00582747,300,3,5,10,sqrt
1993-09-01,Utils_excess,-0.009,0.00673331,300,3,20,10,0.3
1993-09-01,Other_excess,0.0152,0.00411188,300,5,20,10,0.3
1993-10-01,NoDur_excess,0.0582,-0.00704789,300,3,10,10,0.3
1993-10-01,Durbl_excess,0.0751,0.00312191,300,3,20,10,0.3
1993-10-01,Manuf_excess,0.0286,-0.00140118,300,7,20,10,0.3
1993-10-01,Enrgy_excess,-0.0219,0.00321534,300,5,20,10,0.3
1993-10-01,HiTec_excess,0.0143,0.00267029,300,3,20,10,0.3
1993-10-01,Telcm_excess,0.022,0.00975809,300,3,20,10,0.3
1993-10-01,Shops_excess,0.0437,-0.0069944,300,7,20,10,0.3
1993-10-01,Hlth_excess,0.0571,-0.00274586,300,3,5,10,sqrt
1993-10-01,Utils_excess,-0.0219,0.00474756,300,3,20,10,0.3
1993-10-01,Other_excess,-0.0255,0.00347838,300,5,20,10,0.3
1993-11-01,NoDur_excess,0.0044,-0.00484626,300,3,10,10,0.3
1993-11-01,Durbl_excess,0.0042,0.00453192,300,3,20,10,0.3
1993-11-01,Manuf_excess,0.0109,-0.00116953,300,7,20,10,0.3
1993-11-01,Enrgy_excess,-0.0624,0.00359792,300,5,20,10,0.3
1993-11-01,HiTec_excess,-0.0048,0.00082884,300,3,20,10,0.3
1993-11-01,Telcm_excess,-0.0621,0.00810613,300,3,20,10,0.3
1993-11-01,Shops_excess,0.0051,-0.00694546,300,7,20,10,0.3
1993-11-01,Hlth_excess,0.0073,-0.00100906,300,3,5,10,sqrt
1993-11-01,Utils_excess,-0.0577,0.0062878,300,3,20,10,0.3
1993-11-01,Other_excess,-0.0308,0.00118933,300,5,20,10,0.3
1993-12-01,NoDur_excess,0.0124,-0.00752847,300,3,10,10,0.3
1993-12-01,Durbl_excess,0.0421,0.00606722,300,3,20,10,0.3
1993-12-01,Manuf_excess,0.0353,-0.0014534,300,7,20,10,0.3
1993-12-01,Enrgy_excess,0.0037,-0.00031905,300,5,20,10,0.3
1993-12-01,HiTec_excess,0.0272,0.00387763,300,3,20,10,0.3
1993-12-01,Telcm_excess,-0.0076,0.00740802,300,3,20,10,0.3
1993-12-01,Shops_excess,-0.0211,-0.00584422,300,7,20,10,0.3
1993-12-01,Hlth_excess,0.0209,-0.00049371,300,3,5,10,sqrt
1993-12-01,Utils_excess,0.0138,0.00250356,300,3,20,10,0.3
1993-12-01,Other_excess,0.023,-0.00128861,300,5,20,10,0.3
1994-01-01,NoDur_excess,-0.0066,-0.00360838,300,3,10,10,0.3
1994-01-01,Durbl_excess,0.0692,0.00854206,300,3,20,10,0.3
1994-01-01,Manuf_excess,0.046,0.0010733,300,7,20,10,0.3
1994-01-01,Enrgy_excess,0.0463,0.0016445,300,5,20,10,0.3
1994-01-01,HiTec_excess,0.0437,0.00479905,300,3,20,10,0.3
1994-01-01,Telcm_excess,0.0192,0.00911199,300,3,20,10,0.3
1994-01-01,Shops_excess,0.0085,-0.00513142,300,7,20,10,0.3
1994-01-01,Hlth_excess,0.0149,9.311e-05,300,3,5,10,sqrt
1994-01-01,Utils_excess,-0.0145,0.00435393,300,3,20,10,0.3
1994-01-01,Other_excess,0.0411,0.00320327,300,5,20,10,0.3
1994-02-01,NoDur_excess,-0.0148,-0.00414207,300,3,10,10,0.3
1994-02-01,Durbl_excess,-0.0464,0.00659462,300,3,20,10,0.3
1994-02-01,Manuf_excess,-0.0088,4.124e-05,300,7,20,10,0.3
1994-02-01,Enrgy_excess,-0.0317,0.00276505,300,5,20,10,0.3
1994-02-01,HiTec_excess,0.0151,0.00408937,300,3,20,10,0.3
1994-02-01,Telcm_excess,-0.0571,0.00926211,300,3,20,10,0.3
1994-02-01,Shops_excess,0.0167,-0.00574842,300,7,20,10,0.3
1994-02-01,Hlth_excess,-0.0563,-0.00049117,300,3,5,10,sqrt
1994-02-01,Utils_excess,-0.0519,0.00425736,300,3,20,10,0.3
1994-02-01,Other_excess,-0.0406,0.00399639,300,5,20,10,0.3
1994-03-01,NoDur_excess,-0.0431,-0.00772883,300,3,10,10,0.3
1994-03-01,Durbl_excess,-0.0675,0.00230788,300,3,20,10,0.3
1994-03-01,Manuf_excess,-0.0468,-0.00360033,300,7,20,10,0.3
1994-03-01,Enrgy_excess,-0.0385,-0.00658442,300,5,20,10,0.3
1994-03-01,HiTec_excess,-0.0407,-0.0002047,300,3,20,10,0.3
1994-03-01,Telcm_excess,-0.0388,0.0034963,300,3,20,10,0.3
1994-03-01,Shops_excess,-0.0511,-0.00886548,300,7,20,10,0.3
1994-03-01,Hlth_excess,-0.0702,-0.0005409,300,3,5,10,sqrt
1994-03-01,Utils_excess,-0.0421,0.00104,300,3,20,10,0.3
1994-03-01,Other_excess,-0.0456,-0.00498519,300,5,20,10,0.3
1994-04-01,NoDur_excess,0.0096,-0.0054632,300,3,10,10,0.3
1994-04-01,Durbl_excess,-0.0086,-0.00117271,300,3,20,10,0.3
1994-04-01,Manuf_excess,-0.0023,-0.00690882,300,7,20,10,0.3
1994-04-01,Enrgy_excess,0.0392,-0.00723353,300,5,20,10,0.3
1994-04-01,HiTec_excess,-0.018,-0.00306935,300,3,20,10,0.3
1994-04-01,Telcm_excess,0.0132,0.00065324,300,3,20,10,0.3
1994-04-01,Shops_excess,-0.0006,-0.01195737,300,7,20,10,0.3
1994-04-01,Hlth_excess,0.0198,-0.00160396,300,3,5,10,sqrt
1994-04-01,Utils_excess,0.0186,-0.00014082,300,3,20,10,0.3
1994-04-01,Other_excess,0.011,-0.00749661,300,5,20,10,0.3
1994-05-01,NoDur_excess,-0.0166,-0.00030518,300,3,10,10,0.3
1994-05-01,Durbl_excess,-0.0295,0.00621597,300,3,20,10,0.3
1994-05-01,Manuf_excess,0.0173,0.00170719,300,7,20,10,0.3
1994-05-01,Enrgy_excess,0.0063,0.00210303,300,5,20,10,0.3
1994-05-01,HiTec_excess,0.0178,0.0036331,300,3,20,10,0.3
1994-05-01,Telcm_excess,0.0132,0.00579394,300,3,20,10,0.3
1994-05-01,Shops_excess,-0.0212,-0.00682954,300,7,20,10,0.3
1994-05-01,Hlth_excess,0.04,0.00035398,300,3,5,10,sqrt
1994-05-01,Utils_excess,-0.0567,0.00126871,300,3,20,10,0.3
1994-05-01,Other_excess,0.0273,0.00317651,300,5,20,10,0.3
1994-06-01,NoDur_excess,-0.0221,0.0004834,300,3,10,10,0.3
1994-06-01,Durbl_excess,-0.0373,0.00691459,300,3,20,10,0.3
1994-06-01,Manuf_excess,-0.0292,0.0041779,300,7,20,10,0.3
1994-06-01,Enrgy_excess,-0.0301,0.00203916,300,5,20,10,0.3
1994-06-01,HiTec_excess,-0.0546,0.00636858,300,3,20,10,0.3
1994-06-01,Telcm_excess,0.0031,0.00576345,300,3,20,10,0.3
1994-06-01,Shops_excess,-0.0294,-0.00913807,300,7,20,10,0.3
1994-06-01,Hlth_excess,-0.0373,0.00170741,300,3,5,10,sqrt
1994-06-01,Utils_excess,-0.0346,0.00129175,300,3,20,10,0.3
1994-06-01,Other_excess,-0.0292,0.003457,300,5,20,10,0.3
1994-07-01,NoDur_excess,0.0264,0.00110182,300,3,10,10,0.3
1994-07-01,Durbl_excess,0.032,0.001315,300,3,20,10,0.3
1994-07-01,Manuf_excess,0.0431,0.00173101,300,7,20,10,0.3
1994-07-01,Enrgy_excess,0.0297,0.00067434,300,5,20,10,0.3
1994-07-01,HiTec_excess,0.035,0.00650006,300,3,20,10,0.3
1994-07-01,Telcm_excess,0.0282,0.00597402,300,3,20,10,0.3
1994-07-01,Shops_excess,0.0066,-0.00660488,300,7,20,10,0.3
1994-07-01,Hlth_excess,0.0082,0.00281643,300,3,5,10,sqrt
1994-07-01,Utils_excess,0.0491,0.00298928,300,3,20,10,0.3
1994-07-01,Other_excess,0.0242,0.00140596,300,5,20,10,0.3
1994-08-01,NoDur_excess,0.0568,0.00049128,300,3,10,10,0.3
1994-08-01,Durbl_excess,-0.0041,0.00248136,300,3,20,10,0.3
1994-08-01,Manuf_excess,0.0436,0.00116877,300,7,20,10,0.3
1994-08-01,Enrgy_excess,-0.0047,0.00433428,300,5,20,10,0.3
1994-08-01,HiTec_excess,0.0882,0.00681199,300,3,20,10,0.3
1994-08-01,Telcm_excess,0.0065,0.0050177,300,3,20,10,0.3
1994-08-01,Shops_excess,0.0404,-0.00667443,300,7,20,10,0.3
1994-08-01,Hlth_excess,0.105,0.00050364,300,3,5,10,sqrt
1994-08-01,Utils_excess,0.0029,0.00522047,300,3,20,10,0.3
1994-08-01,Other_excess,0.0311,0.00260062,300,5,20,10,0.3
1994-09-01,NoDur_excess,-0.0069,-0.00195754,300,3,10,10,0.3
1994-09-01,Durbl_excess,-0.0543,0.00157547,300,3,20,10,0.3
1994-09-01,Manuf_excess,-0.0202,0.00591524,300,7,20,10,0.3
1994-09-01,Enrgy_excess,-0.0247,0.00140149,300,5,20,10,0.3
1994-09-01,HiTec_excess,-0.0076,0.0062767,300,3,20,10,0.3
1994-09-01,Telcm_excess,-0.0152,0.00536655,300,3,20,10,0.3
1994-09-01,Shops_excess,-0.0269,-0.00629073,300,7,20,10,0.3
1994-09-01,Hlth_excess,0.0134,0.00156225,300,3,5,10,sqrt
1994-09-01,Utils_excess,-0.0316,0.00319847,300,3,20,10,0.3
1994-09-01,Other_excess,-0.0458,0.00272407,300,5,20,10,0.3
1994-10-01,NoDur_excess,0.0182,-0.00045343,300,3,10,10,0.3
1994-10-01,Durbl_excess,-0.0212,-0.00211924,300,3,20,10,0.3
1994-10-01,Manuf_excess,0.0019,-0.00142366,300,7,20,10,0.3
1994-10-01,Enrgy_excess,0.0702,-0.00320019,300,5,20,10,0.3
1994-10-01,HiTec_excess,0.0669,0.00276458,300,3,20,10,0.3
1994-10-01,Telcm_excess,-0.0051,0.00238489,300,3,20,10,0.3
1994-10-01,Shops_excess,0.0092,-0.00922997,300,7,20,10,0.3
1994-10-01,Hlth_excess,0.0053,0.00343891,300,3,5,10,sqrt
1994-10-01,Utils_excess,0.0121,0.002815,300,3,20,10,0.3
1994-10-01,Other_excess,-0.0032,-0.00384323,300,5,20,10,0.3
1994-11-01,NoDur_excess,-0.0204,-0.00049541,300,3,10,10,0.3
1994-11-01,Durbl_excess,-0.0544,0.00640615,300,3,20,10,0.3
1994-11-01,Manuf_excess,-0.0571,0.00711118,300,7,20,10,0.3
1994-11-01,Enrgy_excess,-0.0523,0.00998317,300,5,20,10,0.3
1994-11-01,HiTec_excess,-0.0246,0.0105016,300,3,20,10,0.3
1994-11-01,Telcm_excess,-0.0579,0.00423663,300,3,20,10,0.3
1994-11-01,Shops_excess,-0.0379,-0.00393762,300,7,20,10,0.3
1994-11-01,Hlth_excess,0.0006,0.00437164,300,3,5,10,sqrt
1994-11-01,Utils_excess,-0.0009,0.00449619,300,3,20,10,0.3
1994-11-01,Other_excess,-0.0555,0.00576328,300,5,20,10,0.3
1994-12-01,NoDur_excess,0.0089,0.00325394,300,3,10,10,0.3
1994-12-01,Durbl_excess,0.0344,0.00452912,300,3,20,10,0.3
1994-12-01,Manuf_excess,0.0356,0.00468483,300,7,20,10,0.3
1994-12-01,Enrgy_excess,-0.0143,0.00804889,300,5,20,10,0.3
1994-12-01,HiTec_excess,0.0202,0.00972222,300,3,20,10,0.3
1994-12-01,Telcm_excess,0.0042,0.00320612,300,3,20,10,0.3
1994-12-01,Shops_excess,-0.0314,-0.00074342,300,7,20,10,0.3
1994-12-01,Hlth_excess,0.0013,0.00545996,300,3,5,10,sqrt
1994-12-01,Utils_excess,-0.0009,0.0057191,300,3,20,10,0.3
1994-12-01,Other_excess,0.0096,0.00589799,300,5,20,10,0.3
1995-01-01,NoDur_excess,0.0139,0.00535649,500,7,10,10,0.3
1995-01-01,Durbl_excess,-0.0617,0.00307048,300,3,10,10,0.3
1995-01-01,Manuf_excess,-0.0082,0.00741288,500,3,20,10,0.3
1995-01-01,Enrgy_excess,-0.0005,0.00794328,500,3,20,10,0.3
1995-01-01,HiTec_excess,-0.0122,0.01073471,500,3,20,10,0.3
1995-01-01,Telcm_excess,0.0374,0.0046689,500,3,5,20,0.3
1995-01-01,Shops_excess,0.0117,0.00197861,300,7,20,10,0.3
1995-01-01,Hlth_excess,0.0564,0.00735334,500,7,5,20,0.3
1995-01-01,Utils_excess,0.058,0.00698461,500,3,20,10,0.3
1995-01-01,Other_excess,0.0426,0.00769611,500,5,20,10,sqrt
1995-02-01,NoDur_excess,0.0254,0.00231276,500,7,10,10,0.3
1995-02-01,Durbl_excess,0.0472,-0.00203316,300,3,10,10,0.3
1995-02-01,Manuf_excess,0.0514,0.00504612,500,3,20,10,0.3
1995-02-01,Enrgy_excess,0.041,0.00594171,500,3,20,10,0.3
1995-02-01,HiTec_excess,0.0626,0.0058619,500,3,20,10,0.3
1995-02-01,Telcm_excess,0.0111,0.00401406,500,3,5,20,0.3
1995-02-01,Shops_excess,0.0226,-0.00468267,300,7,20,10,0.3
1995-02-01,Hlth_excess,0.0192,0.00495525,500,7,5,20,0.3
1995-02-01,Utils_excess,0.0042,0.00646071,500,3,20,10,0.3
1995-02-01,Other_excess,0.0446,0.00233515,500,5,20,10,sqrt
1995-03-01,NoDur_excess,0.023,-0.00101999,500,7,10,10,0.3
1995-03-01,Durbl_excess,0.0097,-0.00309537,300,3,10,10,0.3
1995-03-01,Manuf_excess,0.0305,0.00566099,500,3,20,10,0.3
1995-03-01,Enrgy_excess,0.0482,0.00620813,500,3,20,10,0.3
1995-03-01,HiTec_excess,0.0408,0.00788493,500,3,20,10,0.3
1995-03-01,Telcm_excess,-0.0022,0.00487416,500,3,5,20,0.3
1995-03-01,Shops_excess,0.0316,-0.00277353,300,7,20,10,0.3
1995-03-01,Hlth_excess,0.0231,0.00281921,500,7,5,20,0.3
1995-03-01,Utils_excess,-0.0221,0.00657429,500,3,20,10,0.3
1995-03-01,Other_excess,0.0144,0.00404996,500,5,20,10,sqrt
1995-04-01,NoDur_excess,0.0146,0.00199239,500,7,10,10,0.3
1995-04-01,Durbl_excess,0.01,0.00315015,300,3,10,10,0.3
1995-04-01,Manuf_excess,0.0251,0.00614917,500,3,20,10,0.3
1995-04-01,Enrgy_excess,0.0178,0.00634811,500,3,20,10,0.3
1995-04-01,HiTec_excess,0.0779,0.00960283,500,3,20,10,0.3
1995-04-01,Telcm_excess,0.0118,0.00133942,500,3,5,20,0.3
1995-04-01,Shops_excess,-0.0216,-0.00031801,300,7,20,10,0.3
1995-04-01,Hlth_excess,0.0256,0.00411493,500,7,5,20,0.3
1995-04-01,Utils_excess,0.0194,0.00579413,500,3,20,10,0.3
1995-04-01,Other_excess,0.0133,0.00485558,500,5,20,10,sqrt
1995-05-01,NoDur_excess,0.0421,0.00305257,500,7,10,10,0.3
1995-05-01,Durbl_excess,0.0426,0.00054388,300,3,10,10,0.3
1995-05-01,Manuf_excess,0.0267,0.00619494,500,3,20,10,0.3
1995-05-01,Enrgy_excess,0.0354,0.00655864,500,3,20,10,0.3
1995-05-01,HiTec_excess,0.0238,0.0105277,500,3,20,10,0.3
1995-05-01,Telcm_excess,0.0037,0.0021464,500,3,5,20,0.3
1995-05-01,Shops_excess,0.0213,-0.00141344,300,7,20,10,0.3
1995-05-01,Hlth_excess,0.0109,0.00573216,500,7,5,20,0.3
1995-05-01,Utils_excess,0.055,0.00613882,500,3,20,10,0.3
1995-05-01,Other_excess,0.0392,0.0049781,500,5,20,10,sqrt
1995-06-01,NoDur_excess,0.0121,0.0042557,500,7,10,10,0.3
1995-06-01,Durbl_excess,0.0028,0.00031418,300,3,10,10,0.3
1995-06-01,Manuf_excess,0.0163,0.00679126,500,3,20,10,0.3
1995-06-01,Enrgy_excess,-0.0354,0.00675125,500,3,20,10,0.3
1995-06-01,HiTec_excess,0.0923,0.01006099,500,3,20,10,0.3
1995-06-01,Telcm_excess,0.034,0.00229402,500,3,5,20,0.3
1995-06-01,Shops_excess,0.0447,-0.00168337,300,7,20,10,0.3
1995-06-01,Hlth_excess,0.0401,0.00519204,500,7,5,20,0.3
1995-06-01,Utils_excess,-0.0093,0.00669903,500,3,20,10,0.3
1995-06-01,Other_excess,0.0175,0.0050708,500,5,20,10,sqrt
1995-07-01,NoDur_excess,0.007,0.00426929,500,7,10,10,0.3
1995-07-01,Durbl_excess,0.0201,-0.00166107,300,3,10,10,0.3
1995-07-01,Manuf_excess,0.0318,0.00628396,500,3,20,10,0.3
1995-07-01,Enrgy_excess,0.0184,0.00666081,500,3,20,10,0.3
1995-07-01,HiTec_excess,0.0726,0.01262596,500,3,20,10,0.3
1995-07-01,Telcm_excess,0.0462,0.0032924,500,3,5,20,0.3
1995-07-01,Shops_excess,0.0312,0.00160083,300,7,20,10,0.3
1995-07-01,Hlth_excess,0.0502,0.00624327,500,7,5,20,0.3
1995-07-01,Utils_excess,-0.0082,0.0062057,500,3,20,10,0.3
1995-07-01,Other_excess,0.043,0.00490103,500,5,20,10,sqrt
1995-08-01,NoDur_excess,0.0017,0.00250377,500,7,10,10,0.3
1995-08-01,Durbl_excess,0.0032,-0.00024205,300,3,10,10,0.3
1995-08-01,Manuf_excess,-0.0069,0.00724962,500,3,20,10,0.3
1995-08-01,Enrgy_excess,-0.0205,0.00704969,500,3,20,10,0.3
1995-08-01,HiTec_excess,-0.0042,0.01343121,500,3,20,10,0.3
1995-08-01,Telcm_excess,0.0391,0.00727403,500,3,5,20,0.3
1995-08-01,Shops_excess,-0.0318,0.00035616,300,7,20,10,0.3
1995-08-01,Hlth_excess,0.0056,0.00868949,500,7,5,20,0.3
1995-08-01,Utils_excess,0.0052,0.00606057,500,3,20,10,0.3
1995-08-01,Other_excess,0.0325,0.00710188,500,5,20,10,sqrt
1995-09-01,NoDur_excess,0.063,0.00489615,500,7,10,10,0.3
1995-09-01,Durbl_excess,-0.0107,-0.00108899,300,3,10,10,0.3
1995-09-01,Manuf_excess,0.0179,0.00627488,500,3,20,10,0.3
1995-09-01,Enrgy_excess,0.0086,0.00630104,500,3,20,10,0.3
1995-09-01,HiTec_excess,0.0084,0.01278659,500,3,20,10,0.3
1995-09-01,Telcm_excess,0.0532,0.00713982,500,3,5,20,0.3
1995-09-01,Shops_excess,0.0246,0.00222125,300,7,20,10,0.3
1995-09-01,Hlth_excess,0.0695,0.00944209,500,7,5,20,0.3
1995-09-01,Utils_excess,0.0587,0.00569691,500,3,20,10,0.3
1995-09-01,Other_excess,0.0404,0.00662853,500,5,20,10,sqrt
1995-10-01,NoDur_excess,0.0007,0.0092167,500,7,10,10,0.3
1995-10-01,Durbl_excess,-0.0537,-0.00121649,300,3,10,10,0.3
1995-10-01,Manuf_excess,-0.0312,0.00644612,500,3,20,10,0.3
1995-10-01,Enrgy_excess,-0.0073,0.00662612,500,3,20,10,0.3
1995-10-01,HiTec_excess,0.01,0.0129396,500,3,20,10,0.3
1995-10-01,Telcm_excess,-0.0032,0.00891568,500,3,5,20,0.3
1995-10-01,Shops_excess,-0.0595,0.00335287,300,7,20,10,0.3
1995-10-01,Hlth_excess,0.0056,0.01132267,500,7,5,20,0.3
1995-10-01,Utils_excess,0.0101,0.00690633,500,3,20,10,0.3
1995-10-01,Other_excess,-0.0246,0.00803849,500,5,20,10,sqrt
1995-11-01,NoDur_excess,0.041,0.0071617,500,7,10,10,0.3
1995-11-01,Durbl_excess,0.0508,-0.00337862,300,3,10,10,0.3
1995-11-01,Manuf_excess,0.06,0.00555041,500,3,20,10,0.3
1995-11-01,Enrgy_excess,0.0437,0.0061153,500,3,20,10,0.3
1995-11-01,HiTec_excess,-0.0086,0.01240415,500,3,20,10,0.3
1995-11-01,Telcm_excess,0.0237,0.00727143,500,3,5,20,0.3
1995-11-01,Shops_excess,0.0572,0.00021829,300,7,20,10,0.3
1995-11-01,Hlth_excess,0.0451,0.01060282,500,7,5,20,0.3
1995-11-01,Utils_excess,0.0116,0.00690448,500,3,20,10,0.3
1995-11-01,Other_excess,0.0569,0.00495761,500,5,20,10,sqrt
1995-12-01,NoDur_excess,0.0102,0.00588127,500,7,10,10,0.3
1995-12-01,Durbl_excess,0.0257,-0.00189955,300,3,10,10,0.3
1995-12-01,Manuf_excess,0.01,0.00572644,500,3,20,10,0.3
1995-12-01,Enrgy_excess,0.0531,0.00692136,500,3,20,10,0.3
1995-12-01,HiTec_excess,-0.0459,0.0115537,500,3,20,10,0.3
1995-12-01,Telcm_excess,0.0363,0.00883595,500,3,5,20,0.3
1995-12-01,Shops_excess,-0.0133,0.00015369,300,7,20,10,0.3
1995-12-01,Hlth_excess,0.054,0.00542006,500,7,5,20,0.3
1995-12-01,Utils_excess,0.0461,0.00630536,500,3,20,10,0.3
1995-12-01,Other_excess,0.0056,0.00667223,500,5,20,10,sqrt
1996-01-01,NoDur_excess,0.0218,0.00391702,500,7,10,10,0.3
1996-01-01,Durbl_excess,0.0304,-0.00200391,300,3,10,10,0.3
1996-01-01,Manuf_excess,0.0288,0.00509526,500,3,20,10,0.3
1996-01-01,Enrgy_excess,-0.0084,0.00706256,500,3,20,10,0.3
1996-01-01,HiTec_excess,0.0158,0.0095466,500,3,20,10,0.3
1996-01-01,Telcm_excess,0.0185,0.00968447,500,3,5,20,0.3
1996-01-01,Shops_excess,-0.0073,-0.00208618,300,7,20,10,0.3
1996-01-01,Hlth_excess,0.0562,0.00716437,500,7,5,20,0.3
1996-01-01,Utils_excess,0.0143,0.00600735,500,3,20,10,0.3
1996-01-01,Other_excess,0.0305,0.00512163,500,5,20,10,sqrt
1996-02-01,NoDur_excess,0.0283,0.0004719,500,7,10,10,0.3
1996-02-01,Durbl_excess,0.0164,-0.00136159,300,3,10,10,0.3
1996-02-01,Manuf_excess,0.0051,0.00263447,500,3,20,10,0.3
1996-02-01,Enrgy_excess,0.0063,0.00439985,500,3,20,10,0.3
1996-02-01,HiTec_excess,0.0597,0.00551503,500,3,20,10,0.3
1996-02-01,Telcm_excess,-0.0277,0.00866242,500,3,5,20,0.3
1996-02-01,Shops_excess,0.0402,-0.00538718,300,7,20,10,0.3
1996-02-01,Hlth_excess,-0.0151,0.0070229,500,7,5,20,0.3
1996-02-01,Utils_excess,-0.0306,0.00054805,500,3,20,10,0.3
1996-02-01,Other_excess,0.0175,0.00180183,500,5,20,10,sqrt
1996-03-01,NoDur_excess,-0.0123,-0.00399756,500,7,10,10,0.3
1996-03-01,Durbl_excess,0.0395,-0.00393698,300,3,10,10,0.3
1996-03-01,Manuf_excess,0.0304,-0.00222793,500,3,20,10,0.3
1996-03-01,Enrgy_excess,0.0462,0.00085226,500,3,20,10,0.3
1996-03-01,HiTec_excess,-0.0372,-0.00101448,500,3,20,10,0.3
1996-03-01,Telcm_excess,-0.024,0.00591231,500,3,5,20,0.3
1996-03-01,Shops_excess,0.0558,-0.00754733,300,7,20,10,0.3
1996-03-01,Hlth_excess,-0.0018,0.00224399,500,7,5,20,0.3
1996-03-01,Utils_excess,-0.0091,-0.00059727,500,3,20,10,0.3
1996-03-01,Other_excess,0.0142,-0.00392643,500,5,20,10,sqrt
1996-04-01,NoDur_excess,-0.0029,-0.00494422,500,7,10,10,0.3
1996-04-01,Durbl_excess,0.0314,-0.00017759,300,3,10,10,0.3
1996-04-01,Manuf_excess,0.012,0.00254243,500,3,20,10,0.3
1996-04-01,Enrgy_excess,0.0299,0.00425586,500,3,20,10,0.3
1996-04-01,HiTec_excess,0.0922,0.00205697,500,3,20,10,0.3
1996-04-01,Telcm_excess,0.0242,0.00385505,500,3,5,20,0.3
1996-04-01,Shops_excess,0.0381,-0.00294472,300,7,20,10,0.3
1996-04-01,Hlth_excess,-0.0107,-0.00336802,500,7,5,20,0.3
1996-04-01,Utils_excess,-0.0312,-0.00262029,500,3,20,10,0.3
1996-04-01,Other_excess,-0.0024,0.00075667,500,5,20,10,sqrt
1996-05-01,NoDur_excess,0.0613,0.00081351,500,7,10,10,0.3
1996-05-01,Durbl_excess,0.0182,0.00236175,300,3,10,10,0.3
1996-05-01,Manuf_excess,0.0186,0.00398376,500,3,20,10,0.3
1996-05-01,Enrgy_excess,0.001,0.00493794,500,3,20,10,0.3
1996-05-01,HiTec_excess,0.0347,0.00406749,500,3,20,10,0.3
1996-05-01,Telcm_excess,-0.0044,0.00587092,500,3,5,20,0.3
1996-05-01,Shops_excess,0.0397,-0.00185311,300,7,20,10,0.3
1996-05-01,Hlth_excess,0.0349,0.00044324,500,7,5,20,0.3
1996-05-01,Utils_excess,0.009,-0.00034912,500,3,20,10,0.3
1996-05-01,Other_excess,0.0108,0.00255157,500,5,20,10,sqrt
1996-06-01,NoDur_excess,0.028,0.00235743,500,7,10,10,0.3
1996-06-01,Durbl_excess,-0.0523,0.00281838,300,3,10,10,0.3
1996-06-01,Manuf_excess,-0.0083,0.00439173,500,3,20,10,0.3
1996-06-01,Enrgy_excess,0.0057,0.00519897,500,3,20,10,0.3
1996-06-01,HiTec_excess,-0.0515,0.0061924,500,3,20,10,0.3
1996-06-01,Telcm_excess,0.0015,0.00570621,500,3,5,20,0.3
1996-06-01,Shops_excess,-0.0211,0.00102057,300,7,20,10,0.3
1996-06-01,Hlth_excess,-0.0065,0.00469293,500,7,5,20,0.3
1996-06-01,Utils_excess,0.0487,-0.00086506,500,3,20,10,0.3
1996-06-01,Other_excess,-0.0064,0.00281562,500,5,20,10,sqrt
1996-07-01,NoDur_excess,-0.045,0.00515667,500,7,10,10,0.3
1996-07-01,Durbl_excess,-0.0499,0.00362319,300,3,10,10,0.3
1996-07-01,Manuf_excess,-0.0446,0.00381709,500,3,20,10,0.3
1996-07-01,Enrgy_excess,-0.0508,0.00597438,500,3,20,10,0.3
1996-07-01,HiTec_excess,-0.0785,0.0048417,500,3,20,10,0.3
1996-07-01,Telcm_excess,-0.0894,0.00599503,500,3,5,20,0.3
1996-07-01,Shops_excess,-0.0807,0.00020983,300,7,20,10,0.3
1996-07-01,Hlth_excess,-0.067,0.00457835,500,7,5,20,0.3
1996-07-01,Utils_excess,-0.0626,0.00239678,500,3,20,10,0.3
1996-07-01,Other_excess,-0.0469,0.00393677,500,5,20,10,sqrt
1996-08-01,NoDur_excess,-0.0122,0.00218174,500,7,10,10,0.3
1996-08-01,Durbl_excess,0.026,-4.051e-05,300,3,10,10,0.3
1996-08-01,Manuf_excess,0.0275,0.00473306,500,3,20,10,0.3
1996-08-01,Enrgy_excess,0.0253,0.00509836,500,3,20,10,0.3
1996-08-01,HiTec_excess,0.0399,0.00861253,500,3,20,10,0.3
1996-08-01,Telcm_excess,-0.0173,0.00321491,500,3,5,20,0.3
1996-08-01,Shops_excess,0.0566,-0.00126719,300,7,20,10,0.3
1996-08-01,Hlth_excess,0.039,0.00447269,500,7,5,20,0.3
1996-08-01,Utils_excess,0.0248,0.00107509,500,3,20,10,0.3
1996-08-01,Other_excess,0.035,0.0024907,500,5,20,10,sqrt
1996-09-01,NoDur_excess,0.0331,0.00094692,500,7,10,10,0.3
1996-09-01,Durbl_excess,0.0093,0.00322195,300,3,10,10,0.3
1996-09-01,Manuf_excess,0.057,0.00623887,500,3,20,10,0.3
1996-09-01,Enrgy_excess,0.0357,0.00512388,500,3,20,10,0.3
1996-09-01,HiTec_excess,0.1021,0.01032628,500,3,20,10,0.3
1996-09-01,Telcm_excess,0.0118,0.00255913,500,3,5,20,0.3
1996-09-01,Shops_excess,0.0324,-0.00071814,300,7,20,10,0.3
1996-09-01,Hlth_excess,0.0692,0.00411594,500,7,5,20,0.3
1996-09-01,Utils_excess,0.0024,-0.00015762,500,3,20,10,0.3
1996-09-01,Other_excess,0.0465,0.00296387,500,5,20,10,sqrt
1996-10-01,NoDur_excess,0.0113,0.00308244,500,7,10,10,0.3
1996-10-01,Durbl_excess,0.028,0.00327905,300,3,10,10,0.3
1996-10-01,Manuf_excess,0.0122,0.00365084,500,3,20,10,0.3
1996-10-01,Enrgy_excess,0.0554,0.00542301,500,3,20,10,0.3
1996-10-01,HiTec_excess,-0.0234,0.00435678,500,3,20,10,0.3
1996-10-01,Telcm_excess,-0.0073,0.00218443,500,3,5,20,0.3
1996-10-01,Shops_excess,-0.0271,-0.00043492,300,7,20,10,0.3
1996-10-01,Hlth_excess,-0.0127,0.00294957,500,7,5,20,0.3
1996-10-01,Utils_excess,0.0319,0.00119166,500,3,20,10,0.3
1996-10-01,Other_excess,0.0352,0.00213478,500,5,20,10,sqrt
1996-11-01,NoDur_excess,0.0475,0.00617824,500,7,10,10,0.3
1996-11-01,Durbl_excess,0.0563,0.00312406,300,3,10,10,0.3
1996-11-01,Manuf_excess,0.0567,0.00406124,500,3,20,10,0.3
1996-11-01,Enrgy_excess,0.0513,0.00588893,500,3,20,10,0.3
1996-11-01,HiTec_excess,0.1152,0.00329852,500,3,20,10,0.3
1996-11-01,Telcm_excess,0.0508,0.0021796,500,3,5,20,0.3
1996-11-01,Shops_excess,0.027,0.00037147,300,7,20,10,0.3
1996-11-01,Hlth_excess,0.062,0.00252168,500,7,5,20,0.3
1996-11-01,Utils_excess,0.0219,0.00197676,500,3,20,10,0.3
1996-11-01,Other_excess,0.0704,0.00392905,500,5,20,10,sqrt
1996-12-01,NoDur_excess,0.0004,0.00587899,500,7,10,10,0.3
1996-12-01,Durbl_excess,-0.0272,0.0039868,300,3,10,10,0.3
1996-12-01,Manuf_excess,-0.0082,0.00444336,500,3,20,10,0.3
1996-12-01,Enrgy_excess,0.0033,0.00642125,500,3,20,10,0.3
1996-12-01,HiTec_excess,-0.032,0.00505008,500,3,20,10,0.3
1996-12-01,Telcm_excess,0.0244,0.00405422,500,3,5,20,0.3
1996-12-01,Shops_excess,-0.0389,0.00192469,300,7,20,10,0.3
1996-12-01,Hlth_excess,-0.0308,0.00458167,500,7,5,20,0.3
1996-12-01,Utils_excess,-0.0033,0.0025825,500,3,20,10,0.3
1996-12-01,Other_excess,-0.0227,0.00591737,500,5,20,10,sqrt
1997-01-01,NoDur_excess,0.053,0.00041187,500,7,10,10,0.3
1997-01-01,Durbl_excess,0.0254,0.00500706,300,3,10,10,0.3
1997-01-01,Manuf_excess,0.0373,0.0044252,500,3,20,10,0.3
1997-01-01,Enrgy_excess,0.039,0.00627784,500,3,20,10,0.3
1997-01-01,HiTec_excess,0.0885,0.00488123,500,3,20,10,0.3
1997-01-01,Telcm_excess,0.0184,0.00229615,500,3,5,20,0.3
1997-01-01,Shops_excess,-0.0035,-0.00137911,300,7,20,10,0.3
1997-01-01,Hlth_excess,0.0912,0.0036564,500,7,5,20,0.3
1997-01-01,Utils_excess,0.0047,-0.00212133,500,3,20,10,0.3
1997-01-01,Other_excess,0.0555,0.00204213,500,5,20,10,sqrt
1997-02-01,NoDur_excess,0.0376,0.00675813,500,7,10,10,0.3
1997-02-01,Durbl_excess,0.0016,0.00454266,300,3,10,10,0.3
1997-02-01,Manuf_excess,0.0028,0.00528284,500,3,20,10,0.3
1997-02-01,Enrgy_excess,-0.0613,0.00616867,500,3,20,10,0.3
1997-02-01,HiTec_excess,-0.0781,0.00646372,500,3,20,10,0.3
1997-02-01,Telcm_excess,0.0218,0.00433487,500,3,5,20,0.3
1997-02-01,Shops_excess,0.0277,0.00038666,300,7,20,10,0.3
1997-02-01,Hlth_excess,0.0054,0.00635823,500,7,5,20,0.3
1997-02-01,Utils_excess,-0.0096,5.193e-05,500,3,20,10,0.3
1997-02-01,Other_excess,0.0218,0.00556756,500,5,20,10,sqrt
1997-03-01,NoDur_excess,-0.0567,0.00802144,500,7,10,10,0.3
1997-03-01,Durbl_excess,-0.0375,0.00478382,300,3,10,10,0.3
1997-03-01,Manuf_excess,-0.0407,0.00501599,500,3,20,10,0.3
1997-03-01,Enrgy_excess,0.048,0.00564115,500,3,20,10,0.3
1997-03-01,HiTec_excess,-0.0609,0.0042628,500,3,20,10,0.3
1997-03-01,Telcm_excess,-0.0826,0.00422605,500,3,5,20,0.3
1997-03-01,Shops_excess,-0.0188,0.00371842,300,7,20,10,0.3
1997-03-01,Hlth_excess,-0.0791,0.0072823,500,7,5,20,0.3
1997-03-01,Utils_excess,-0.0322,0.00023604,500,3,20,10,0.3
1997-03-01,Other_excess,-0.0625,0.00656181,500,5,20,10,sqrt
1997-04-01,NoDur_excess,0.0488,0.00372366,500,7,10,10,0.3
1997-04-01,Durbl_excess,0.0338,0.00294168,300,3,10,10,0.3
1997-04-01,Manuf_excess,0.0494,0.00569598,500,3,20,10,0.3
1997-04-01,Enrgy_excess,-0.004,0.00575762,500,3,20,10,0.3
1997-04-01,HiTec_excess,0.0725,0.00416638,500,3,20,10,0.3
1997-04-01,Telcm_excess,0.0206,0.00029812,500,3,5,20,0.3
1997-04-01,Shops_excess,0.0168,0.0035569,300,7,20,10,0.3
1997-04-01,Hlth_excess,0.0564,0.00801172,500,7,5,20,0.3
1997-04-01,Utils_excess,-0.0182,-0.00258726,500,3,20,10,0.3
1997-04-01,Other_excess,0.0467,0.0038843,500,5,20,10,sqrt
1997-05-01,NoDur_excess,0.0544,0.0024809,500,7,10,10,0.3
1997-05-01,Durbl_excess,0.0581,0.00321026,300,3,10,10,0.3
1997-05-01,Manuf_excess,0.0733,0.00363144,500,3,20,10,0.3
1997-05-01,Enrgy_excess,0.0683,0.00542342,500,3,20,10,0.3
1997-05-01,HiTec_excess,0.0969,0.00175345,500,3,20,10,0.3
1997-05-01,Telcm_excess,0.0607,0.00298356,500,3,5,20,0.3
1997-05-01,Shops_excess,0.0554,-0.00075028,300,7,20,10,0.3
1997-05-01,Hlth_excess,0.0652,0.0008113,500,7,5,20,0.3
1997-05-01,Utils_excess,0.0314,-0.0005609,500,3,20,10,0.3
1997-05-01,Other_excess,0.0554,0.00677745,500,5,20,10,sqrt
1997-06-01,NoDur_excess,0.0321,0.0076556,500,7,10,10,0.3
1997-06-01,Durbl_excess,0.0298,0.00641785,300,3,10,10,0.3
1997-06-01,Manuf_excess,0.0483,0.00534468,500,3,20,10,0.3
1997-06-01,Enrgy_excess,0.0091,0.0072271,500,3,20,10,0.3
1997-06-01,HiTec_excess,0.0106,0.00570968,500,3,20,10,0.3
1997-06-01,Telcm_excess,0.0309,0.00509657,500,3,5,20,0.3
1997-06-01,Shops_excess,0.0473,0.00659709,300,7,20,10,0.3
1997-06-01,Hlth_excess,0.085,0.00763149,500,7,5,20,0.3
1997-06-01,Utils_excess,0.0277,-0.00027077,500,3,20,10,0.3
1997-06-01,Other_excess,0.0483,0.0085569,500,5,20,10,sqrt
1997-07-01,NoDur_excess,0.0291,0.00866076,500,7,10,10,0.3
1997-07-01,Durbl_excess,0.0703,0.00676417,300,3,10,10,0.3
1997-07-01,Manuf_excess,0.0675,0.00587434,500,3,20,10,0.3
1997-07-01,Enrgy_excess,0.07,0.00711393,500,3,20,10,0.3
1997-07-01,HiTec_excess,0.1554,0.00666515,500,3,20,10,0.3
1997-07-01,Telcm_excess,0.0182,0.00544178,500,3,5,20,0.3
1997-07-01,Shops_excess,0.0737,0.00730565,300,7,20,10,0.3
1997-07-01,Hlth_excess,0.0167,0.01251905,500,7,5,20,0.3
1997-07-01,Utils_excess,0.024,0.00109845,500,3,20,10,0.3
1997-07-01,Other_excess,0.088,0.00939463,500,5,20,10,sqrt
1997-08-01,NoDur_excess,-0.0682,0.00749515,500,7,10,10,0.3
1997-08-01,Durbl_excess,0.0082,0.00740218,300,3,10,10,0.3
1997-08-01,Manuf_excess,-0.0582,0.00714097,500,3,20,10,0.3
1997-08-01,Enrgy_excess,-0.0012,0.00776172,500,3,20,10,0.3
1997-08-01,HiTec_excess,-0.018,0.00773529,500,3,20,10,0.3
1997-08-01,Telcm_excess,-0.0282,0.0052577,500,3,5,20,0.3
1997-08-01,Shops_excess,-0.0293,0.00814054,300,7,20,10,0.3
1997-08-01,Hlth_excess,-0.0651,0.00487906,500,7,5,20,0.3
1997-08-01,Utils_excess,-0.0157,0.00217388,500,3,20,10,0.3
1997-08-01,Other_excess,-0.0513,0.00991234,500,5,20,10,sqrt
1997-09-01,NoDur_excess,0.051,0.00040919,500,7,10,10,0.3
1997-09-01,Durbl_excess,0.0475,0.00196857,300,3,10,10,0.3
1997-09-01,Manuf_excess,0.0295,0.00411426,500,3,20,10,0.3
1997-09-01,Enrgy_excess,0.0581,0.00474484,500,3,20,10,0.3
1997-09-01,HiTec_excess,0.0299,0.00641013,500,3,20,10,0.3
1997-09-01,Telcm_excess,0.0921,0.00193774,500,3,5,20,0.3
1997-09-01,Shops_excess,0.0486,0.00217398,300,7,20,10,0.3
1997-09-01,Hlth_excess,0.0617,0.00757804,500,7,5,20,0.3
1997-09-01,Utils_excess,0.0418,-0.00082095,500,3,20,10,0.3
1997-09-01,Other_excess,0.0756,0.00395374,500,5,20,10,sqrt
1997-10-01,NoDur_excess,-0.0357,0.00238051,500,7,10,10,0.3
1997-10-01,Durbl_excess,-0.0379,0.0046586,300,3,10,10,0.3
1997-10-01,Manuf_excess,-0.0626,0.00513301,500,3,20,10,0.3
1997-10-01,Enrgy_excess,-0.0244,0.00759444,500,3,20,10,0.3
1997-10-01,HiTec_excess,-0.087,0.00763612,500,3,20,10,0.3
1997-10-01,Telcm_excess,0.0246,0.00610863,500,3,5,20,0.3
1997-10-01,Shops_excess,-0.0239,0.00589489,300,7,20,10,0.3
1997-10-01,Hlth_excess,-0.0033,0.00199152,500,7,5,20,0.3
1997-10-01,Utils_excess,0.0047,0.00178664,500,3,20,10,0.3
1997-10-01,Other_excess,-0.0322,0.00906676,500,5,20,10,sqrt
1997-11-01,NoDur_excess,0.0607,-0.00277593,500,7,10,10,0.3
1997-11-01,Durbl_excess,-0.0181,0.00211937,300,3,10,10,0.3
1997-11-01,Manuf_excess,0.0383,0.00338848,500,3,20,10,0.3
1997-11-01,Enrgy_excess,-0.0387,0.0044802,500,3,20,10,0.3
1997-11-01,HiTec_excess,0.0105,-0.00016782,500,3,20,10,0.3
1997-11-01,Telcm_excess,0.1029,0.00437792,500,3,5,20,0.3
1997-11-01,Shops_excess,0.0492,0.00065411,300,7,20,10,0.3
1997-11-01,Hlth_excess,0.0238,0.00169133,500,7,5,20,0.3
1997-11-01,Utils_excess,0.0679,0.00099584,500,3,20,10,0.3
1997-11-01,Other_excess,0.0254,0.0028437,500,5,20,10,sqrt
1997-12-01,NoDur_excess,0.0329,0.0030067,500,7,10,10,0.3
1997-12-01,Durbl_excess,0.0315,0.00501599,300,3,10,10,0.3
1997-12-01,Manuf_excess,-0.0076,0.00462653,500,3,20,10,0.3
1997-12-01,Enrgy_excess,-0.0194,0.00749313,500,3,20,10,0.3
1997-12-01,HiTec_excess,-0.047,0.00555052,500,3,20,10,0.3
1997-12-01,Telcm_excess,0.0368,0.01051844,500,3,5,20,0.3
1997-12-01,Shops_excess,-0.0063,0.00438294,300,7,20,10,0.3
1997-12-01,Hlth_excess,0.0304,0.00361587,500,7,5,20,0.3
1997-12-01,Utils_excess,0.0753,0.003198,500,3,20,10,0.3
1997-12-01,Other_excess,0.0471,0.00844757,500,5,20,10,sqrt
1998-01-01,NoDur_excess,-0.0316,0.00609488,500,7,10,10,0.3
1998-01-01,Durbl_excess,0.0006,0.00486052,300,3,10,10,0.3
1998-01-01,Manuf_excess,0.0026,0.00465183,500,3,20,10,0.3
1998-01-01,Enrgy_excess,-0.0609,0.00755576,500,3,20,10,0.3
1998-01-01,HiTec_excess,0.0482,0.00568624,500,3,20,10,0.3
1998-01-01,Telcm_excess,0.0466,0.01102463,500,3,5,20,0.3
1998-01-01,Shops_excess,0.0047,0.00456601,300,7,20,10,0.3
1998-01-01,Hlth_excess,0.0523,0.00227203,500,7,5,20,0.3
1998-01-01,Utils_excess,-0.0481,0.0045797,500,3,20,10,0.3
1998-01-01,Other_excess,-0.0239,0.00822105,500,5,20,10,sqrt
1998-02-01,NoDur_excess,0.0457,0.00171954,500,7,10,10,0.3
1998-02-01,Durbl_excess,0.119,0.00365327,300,3,10,10,0.3
1998-02-01,Manuf_excess,0.067,0.00465984,500,3,20,10,0.3
1998-02-01,Enrgy_excess,0.064,0.00604609,500,3,20,10,0.3
1998-02-01,HiTec_excess,0.0995,0.00613827,500,3,20,10,0.3
1998-02-01,Telcm_excess,0.0202,0.01229305,500,3,5,20,0.3
1998-02-01,Shops_excess,0.0999,0.00489801,300,7,20,10,0.3
1998-02-01,Hlth_excess,0.0514,0.00389403,500,7,5,20,0.3
1998-02-01,Utils_excess,0.0225,0.00343018,500,3,20,10,0.3
1998-02-01,Other_excess,0.0781,0.00780481,500,5,20,10,sqrt
1998-03-01,NoDur_excess,0.0549,0.00546271,500,7,10,10,0.3
1998-03-01,Durbl_excess,0.0579,0.00564907,300,3,10,10,0.3
1998-03-01,Manuf_excess,0.0442,0.00571934,500,3,20,10,0.3
1998-03-01,Enrgy_excess,0.0441,0.0064332,500,3,20,10,0.3
1998-03-01,HiTec_excess,0.0092,0.00905896,500,3,20,10,0.3
1998-03-01,Telcm_excess,0.097,0.01072274,500,3,5,20,0.3
1998-03-01,Shops_excess,0.064,0.00605702,300,7,20,10,0.3
1998-03-01,Hlth_excess,0.0319,0.00272993,500,7,5,20,0.3
1998-03-01,Utils_excess,0.0631,0.00218452,500,3,20,10,0.3
1998-03-01,Other_excess,0.0551,0.00744527,500,5,20,10,sqrt
1998-04-01,NoDur_excess,-0.0367,0.00771921,500,7,10,10,0.3
1998-04-01,Durbl_excess,0.0137,0.00681353,300,3,10,10,0.3
1998-04-01,Manuf_excess,0.0079,0.00582789,500,3,20,10,0.3
1998-04-01,Enrgy_excess,0.0331,0.00704953,500,3,20,10,0.3
1998-04-01,HiTec_excess,0.0475,0.00801306,500,3,20,10,0.3
1998-04-01,Telcm_excess,-0.0364,0.01667541,500,3,5,20,0.3
1998-04-01,Shops_excess,-0.0106,0.00979312,300,7,20,10,0.3
1998-04-01,Hlth_excess,0.0148,0.00620529,500,7,5,20,0.3
1998-04-01,Utils_excess,-0.0292,0.00393402,500,3,20,10,0.3
1998-04-01,Other_excess,0.0158,0.00866818,500,5,20,10,sqrt
1998-05-01,NoDur_excess,0.007,0.00409259,500,7,10,10,0.3
1998-05-01,Durbl_excess,0.0575,0.00824881,300,3,10,10,0.3
1998-05-01,Manuf_excess,-0.0289,0.00626022,500,3,20,10,0.3
1998-05-01,Enrgy_excess,-0.0467,0.00731513,500,3,20,10,0.3
1998-05-01,HiTec_excess,-0.0744,0.00929201,500,3,20,10,0.3
1998-05-01,Telcm_excess,-0.0222,0.01225746,500,3,5,20,0.3
1998-05-01,Shops_excess,0.0172,0.01044545,300,7,20,10,0.3
1998-05-01,Hlth_excess,-0.029,0.00778412,500,7,5,20,0.3
1998-05-01,Utils_excess,-0.0149,0.00253798,500,3,20,10,0.3
1998-05-01,Other_excess,-0.0348,0.01041043,500,5,20,10,sqrt
1998-06-01,NoDur_excess,0.0373,0.00556232,500,7,10,10,0.3
1998-06-01,Durbl_excess,0.0071,0.00722786,300,3,10,10,0.3
1998-06-01,Manuf_excess,-0.0115,0.0055261,500,3,20,10,0.3
1998-06-01,Enrgy_excess,-0.0165,0.00694931,500,3,20,10,0.3
1998-06-01,HiTec_excess,0.0833,0.00803059,500,3,20,10,0.3
1998-06-01,Telcm_excess,0.0252,0.01037844,500,3,5,20,0.3
1998-06-01,Shops_excess,0.0485,0.0092985,300,7,20,10,0.3
1998-06-01,Hlth_excess,0.0579,0.0058206,500,7,5,20,0.3
1998-06-01,Utils_excess,0.0259,0.00420658,500,3,20,10,0.3
1998-06-01,Other_excess,0.027,0.00799027,500,5,20,10,sqrt
1998-07-01,NoDur_excess,-0.0454,0.00479055,500,7,10,10,0.3
1998-07-01,Durbl_excess,-0.0144,0.00736068,300,3,10,10,0.3
1998-07-01,Manuf_excess,-0.0616,0.00535586,500,3,20,10,0.3
1998-07-01,Enrgy_excess,-0.0689,0.00718522,500,3,20,10,0.3
1998-07-01,HiTec_excess,0.0012,0.00848315,500,3,20,10,0.3
1998-07-01,Telcm_excess,0.0342,0.01095302,500,3,5,20,0.3
1998-07-01,Shops_excess,-0.0332,0.00744214,300,7,20,10,0.3
1998-07-01,Hlth_excess,-0.0066,0.00715456,500,7,5,20,0.3
1998-07-01,Utils_excess,-0.0581,0.00389288,500,3,20,10,0.3
1998-07-01,Other_excess,-0.0213,0.00710607,500,5,20,10,sqrt
1998-08-01,NoDur_excess,-0.1353,0.00160731,500,7,10,10,0.3
1998-08-01,Durbl_excess,-0.1939,0.00701981,300,3,10,10,0.3
1998-08-01,Manuf_excess,-0.1474,0.00445087,500,3,20,10,0.3
1998-08-01,Enrgy_excess,-0.1082,0.00577381,500,3,20,10,0.3
1998-08-01,HiTec_excess,-0.1811,0.0087392,500,3,20,10,0.3
1998-08-01,Telcm_excess,-0.1279,0.01038075,500,3,5,20,0.3
1998-08-01,Shops_excess,-0.1463,0.00521294,300,7,20,10,0.3
1998-08-01,Hlth_excess,-0.128,0.00786027,500,7,5,20,0.3
1998-08-01,Utils_excess,0.0153,0.00169071,500,3,20,10,0.3
1998-08-01,Other_excess,-0.2186,0.00536122,500,5,20,10,sqrt
1998-09-01,NoDur_excess,0.008,-0.01374058,500,7,10,10,0.3
1998-09-01,Durbl_excess,0.0034,-0.007438,300,3,10,10,0.3
1998-09-01,Manuf_excess,0.002,-0.00094791,500,3,20,10,0.3
1998-09-01,Enrgy_excess,0.1249,0.00121472,500,3,20,10,0.3
1998-09-01,HiTec_excess,0.1469,-0.00155009,500,3,20,10,0.3
1998-09-01,Telcm_excess,0.0981,0.00269925,500,3,5,20,0.3
1998-09-01,Shops_excess,0.0102,-0.00626857,300,7,20,10,0.3
1998-09-01,Hlth_excess,0.1163,-0.01384252,500,7,5,20,0.3
1998-09-01,Utils_excess,0.0771,0.00140272,500,3,20,10,0.3
1998-09-01,Other_excess,0.0254,-0.00367505,500,5,20,10,sqrt
1998-10-01,NoDur_excess,0.1067,-0.00503973,500,7,10,10,0.3
1998-10-01,Durbl_excess,0.1031,-4.098e-05,300,3,10,10,0.3
1998-10-01,Manuf_excess,0.1095,0.0011391,500,3,20,10,0.3
1998-10-01,Enrgy_excess,0.0084,0.00409282,500,3,20,10,0.3
1998-10-01,HiTec_excess,0.0589,0.0046632,500,3,20,10,0.3
1998-10-01,Telcm_excess,0.0642,0.00704791,500,3,5,20,0.3
1998-10-01,Shops_excess,0.1037,-0.00089434,300,7,20,10,0.3
1998-10-01,Hlth_excess,0.0351,0.00319083,500,7,5,20,0.3
1998-10-01,Utils_excess,-0.0209,0.00437237,500,3,20,10,0.3
1998-10-01,Other_excess,0.0802,0.00396012,500,5,20,10,sqrt
1998-11-01,NoDur_excess,0.061,0.00363275,500,7,10,10,0.3
1998-11-01,Durbl_excess,0.0493,0.00273688,300,3,10,10,0.3
1998-11-01,Manuf_excess,0.0321,0.00279504,500,3,20,10,0.3
1998-11-01,Enrgy_excess,0.003,0.0024453,500,3,20,10,0.3
1998-11-01,HiTec_excess,0.1135,0.00445037,500,3,20,10,0.3
1998-11-01,Telcm_excess,0.0335,0.00850055,500,3,5,20,0.3
1998-11-01,Shops_excess,0.0915,0.00428043,300,7,20,10,0.3
1998-11-01,Hlth_excess,0.0588,0.00528827,500,7,5,20,0.3
1998-11-01,Utils_excess,0.0102,0.00162167,500,3,20,10,0.3
1998-11-01,Other_excess,0.0574,0.00397734,500,5,20,10,sqrt
1998-12-01,NoDur_excess,-0.0005,0.0053128,500,7,10,10,0.3
1998-12-01,Durbl_excess,0.0336,0.0066492,300,3,10,10,0.3
1998-12-01,Manuf_excess,0.0201,0.00559372,500,3,20,10,0.3
1998-12-01,Enrgy_excess,-0.0162,0.00651657,500,3,20,10,0.3
1998-12-01,HiTec_excess,0.1477,0.01165685,500,3,20,10,0.3
1998-12-01,Telcm_excess,0.1401,0.01083572,500,3,5,20,0.3
1998-12-01,Shops_excess,0.0884,0.00796696,300,7,20,10,0.3
1998-12-01,Hlth_excess,0.0456,0.00693559,500,7,5,20,0.3
1998-12-01,Utils_excess,0.0248,0.0030792,500,3,20,10,0.3
1998-12-01,Other_excess,0.0301,0.0077744,500,5,20,10,sqrt
1999-01-01,NoDur_excess,-0.0382,0.00425275,500,7,10,10,0.3
1999-01-01,Durbl_excess,0.0455,0.00581693,300,3,10,10,0.3
1999-01-01,Manuf_excess,0.0024,0.00429383,500,3,20,10,0.3
1999-01-01,Enrgy_excess,-0.0532,0.00394892,500,3,20,10,0.3
1999-01-01,HiTec_excess,0.1472,0.00961215,500,3,20,10,0.3
1999-01-01,Telcm_excess,0.0878,0.01953955,500,3,5,20,0.3
1999-01-01,Shops_excess,0.0183,0.01031591,300,7,20,10,0.3
1999-01-01,Hlth_excess,-0.0007,0.01104962,500,7,5,20,0.3
1999-01-01,Utils_excess,-0.066,0.00249631,500,3,20,10,0.3
1999-01-01,Other_excess,0.0062,0.00831628,500,5,20,10,sqrt
1999-02-01,NoDur_excess,-0.0434,0.00253345,500,7,10,10,0.3
1999-02-01,Durbl_excess,-0.0485,0.00514956,300,3,10,10,0.3
1999-02-01,Manuf_excess,-0.0248,0.00401818,500,3,20,10,0.3
1999-02-01,Enrgy_excess,-0.0361,0.00207365,500,3,20,10,0.3
1999-02-01,HiTec_excess,-0.1192,0.01195517,500,3,20,10,0.3
1999-02-01,Telcm_excess,-0.0324,0.02408983,500,3,5,20,0.3
1999-02-01,Shops_excess,-0.0169,0.01197633,300,7,20,10,0.3
1999-02-01,Hlth_excess,-0.0018,0.01092099,500,7,5,20,0.3
1999-02-01,Utils_excess,-0.0398,0.00167335,500,3,20,10,0.3
1999-02-01,Other_excess,-0.0034,0.00876763,500,5,20,10,sqrt
1999-03-01,NoDur_excess,-0.0246,-0.00285197,500,7,10,10,0.3
1999-03-01,Durbl_excess,-0.008,0.00108265,300,3,10,10,0.3
1999-03-01,Manuf_excess,0.0443,-0.00134731,500,3,20,10,0.3
1999-03-01,Enrgy_excess,0.1485,-0.00081577,500,3,20,10,0.3
1999-03-01,HiTec_excess,0.0804,0.00425999,500,3,20,10,0.3
1999-03-01,Telcm_excess,-0.0111,0.01975366,500,3,5,20,0.3
1999-03-01,Shops_excess,0.0227,0.00647915,300,7,20,10,0.3
1999-03-01,Hlth_excess,0.0208,0.01044075,500,7,5,20,0.3
1999-03-01,Utils_excess,-0.0207,0.00019287,500,3,20,10,0.3
1999-03-01,Other_excess,0.0199,0.00294356,500,5,20,10,sqrt
1999-04-01,NoDur_excess,0.0354,-0.00276766,500,7,10,10,0.3
1999-04-01,Durbl_excess,0.0904,0.00453796,300,3,10,10,0.3
1999-04-01,Manuf_excess,0.0908,0.00449275,500,3,20,10,0.3
1999-04-01,Enrgy_excess,0.154,0.00561932,500,3,20,10,0.3
1999-04-01,HiTec_excess,0.0189,0.01213898,500,3,20,10,0.3
1999-04-01,Telcm_excess,0.0738,0.0144282,500,3,5,20,0.3
1999-04-01,Shops_excess,0.0001,0.01177605,300,7,20,10,0.3
1999-04-01,Hlth_excess,-0.059,0.00944429,500,7,5,20,0.3
1999-04-01,Utils_excess,0.0698,0.00089933,500,3,20,10,0.3
1999-04-01,Other_excess,0.0634,0.00821668,500,5,20,10,sqrt
1999-05-01,NoDur_excess,0.0103,-0.00502183,500,7,10,10,0.3
1999-05-01,Durbl_excess,-0.0481,0.00404101,300,3,10,10,0.3
1999-05-01,Manuf_excess,-0.0364,0.00169206,500,3,20,10,0.3
1999-05-01,Enrgy_excess,-0.0344,0.00533175,500,3,20,10,0.3
1999-05-01,HiTec_excess,-0.0117,0.00781975,500,3,20,10,0.3
1999-05-01,Telcm_excess,0.0032,0.01748011,500,3,5,20,0.3
1999-05-01,Shops_excess,-0.0332,-0.00462095,300,7,20,10,0.3
1999-05-01,Hlth_excess,-0.0237,-0.0025156,500,7,5,20,0.3
1999-05-01,Utils_excess,0.0639,0.00040302,500,3,20,10,0.3
1999-05-01,Other_excess,-0.0423,-0.00018573,500,5,20,10,sqrt
1999-06-01,NoDur_excess,-0.0014,0.00184613,500,7,10,10,0.3
1999-06-01,Durbl_excess,0.0053,0.00667138,300,3,10,10,0.3
1999-06-01,Manuf_excess,0.0411,0.00563509,500,3,20,10,0.3
1999-06-01,Enrgy_excess,-0.0188,0.00754029,500,3,20,10,0.3
1999-06-01,HiTec_excess,0.1116,0.01229271,500,3,20,10,0.3
1999-06-01,Telcm_excess,0.0548,0.01768056,500,3,5,20,0.3
1999-06-01,Shops_excess,0.0767,0.00422127,300,7,20,10,0.3
1999-06-01,Hlth_excess,0.0403,0.00520045,500,7,5,20,0.3
1999-06-01,Utils_excess,-0.0489,0.00340185,500,3,20,10,0.3
1999-06-01,Other_excess,0.0265,0.00714511,500,5,20,10,sqrt
1999-07-01,NoDur_excess,-0.0282,-0.00081379,500,7,10,10,0.3
1999-07-01,Durbl_excess,-0.0641,0.00769259,300,3,10,10,0.3
1999-07-01,Manuf_excess,-0.0154,0.00598415,500,3,20,10,0.3
1999-07-01,Enrgy_excess,0.0126,0.00675277,500,3,20,10,0.3
1999-07-01,HiTec_excess,-0.0211,0.0138142,500,3,20,10,0.3
1999-07-01,Telcm_excess,-0.021,0.02092974,500,3,5,20,0.3
1999-07-01,Shops_excess,-0.0538,0.00967277,300,7,20,10,0.3
1999-07-01,Hlth_excess,-0.0478,0.00740307,500,7,5,20,0.3
1999-07-01,Utils_excess,-0.0096,0.00269078,500,3,20,10,0.3
1999-07-01,Other_excess,-0.0632,0.00921028,500,5,20,10,sqrt
1999-08-01,NoDur_excess,-0.0498,-0.00054456,500,7,10,10,0.3
1999-08-01,Durbl_excess,0.0021,0.00556669,300,3,10,10,0.3
1999-08-01,Manuf_excess,-0.0091,0.00578039,500,3,20,10,0.3
1999-08-01,Enrgy_excess,0.0153,0.0058308,500,3,20,10,0.3
1999-08-01,HiTec_excess,0.0507,0.01261397,500,3,20,10,0.3
1999-08-01,Telcm_excess,-0.0864,0.01524232,500,3,5,20,0.3
1999-08-01,Shops_excess,-0.0635,0.00514743,300,7,20,10,0.3
1999-08-01,Hlth_excess,0.0337,0.00187854,500,7,5,20,0.3
1999-08-01,Utils_excess,0.0019,0.00227584,500,3,20,10,0.3
1999-08-01,Other_excess,-0.0543,0.00633803,500,5,20,10,sqrt
1999-09-01,NoDur_excess,-0.073,-0.0020282,500,7,10,10,0.3
1999-09-01,Durbl_excess,-0.0876,0.00534877,300,3,10,10,0.3
1999-09-01,Manuf_excess,-0.0354,0.00588733,500,3,20,10,0.3
1999-09-01,Enrgy_excess,-0.0435,0.00663298,500,3,20,10,0.3
1999-09-01,HiTec_excess,-0.0049,0.01394122,500,3,20,10,0.3
1999-09-01,Telcm_excess,0.0426,0.01097595,500,3,5,20,0.3
1999-09-01,Shops_excess,0.0088,0.01272219,300,7,20,10,0.3
1999-09-01,Hlth_excess,-0.0746,0.00737391,500,7,5,20,0.3
1999-09-01,Utils_excess,-0.0467,0.00169664,500,3,20,10,0.3
1999-09-01,Other_excess,-0.0494,0.00909284,500,5,20,10,sqrt
1999-10-01,NoDur_excess,0.0621,-0.00880764,500,7,10,10,0.3
1999-10-01,Durbl_excess,0.0421,0.00381576,300,3,10,10,0.3
1999-10-01,Manuf_excess,0.0532,0.00496442,500,3,20,10,0.3
1999-10-01,Enrgy_excess,-0.0196,0.00631751,500,3,20,10,0.3
1999-10-01,HiTec_excess,0.0262,0.01142659,500,3,20,10,0.3
1999-10-01,Telcm_excess,0.0791,0.01286441,500,3,5,20,0.3
1999-10-01,Shops_excess,0.0282,0.01133135,300,7,20,10,0.3
1999-10-01,Hlth_excess,0.1034,0.0006236,500,7,5,20,0.3
1999-10-01,Utils_excess,0.0177,0.00197296,500,3,20,10,0.3
1999-10-01,Other_excess,0.1104,0.00696896,500,5,20,10,sqrt
1999-11-01,NoDur_excess,-0.0146,-0.0051457,500,7,10,10,0.3
1999-11-01,Durbl_excess,-0.0256,0.00416491,300,3,10,10,0.3
1999-11-01,Manuf_excess,-0.0134,0.00472685,500,3,20,10,0.3
1999-11-01,Enrgy_excess,0.0345,0.00335324,500,3,20,10,0.3
1999-11-01,HiTec_excess,0.1239,0.01187427,500,3,20,10,0.3
1999-11-01,Telcm_excess,0.0425,0.01700469,500,3,5,20,0.3
1999-11-01,Shops_excess,0.0379,0.01238732,300,7,20,10,0.3
1999-11-01,Hlth_excess,0.0116,0.00654319,500,7,5,20,0.3
1999-11-01,Utils_excess,-0.0772,0.00048633,500,3,20,10,0.3
1999-11-01,Other_excess,-0.0285,0.00754595,500,5,20,10,sqrt
1999-12-01,NoDur_excess,-0.0308,-0.00602855,500,7,10,10,0.3
1999-12-01,Durbl_excess,0.0231,0.00550601,300,3,10,10,0.3
1999-12-01,Manuf_excess,0.0984,0.00624034,500,3,20,10,0.3
1999-12-01,Enrgy_excess,0.0019,0.00650828,500,3,20,10,0.3
1999-12-01,HiTec_excess,0.2031,0.01519671,500,3,20,10,0.3
1999-12-01,Telcm_excess,0.0409,0.0148057,500,3,5,20,0.3
1999-12-01,Shops_excess,0.0632,0.01057133,300,7,20,10,0.3
1999-12-01,Hlth_excess,-0.0606,0.00745686,500,7,5,20,0.3
1999-12-01,Utils_excess,-0.0281,0.00021893,500,3,20,10,0.3
1999-12-01,Other_excess,0.0096,0.00801915,500,5,20,10,sqrt
2000-01-01,NoDur_excess,-0.0513,0.0012084,500,7,20,20,0.3
2000-01-01,Durbl_excess,-0.0174,0.00764454,500,7,20,10,0.3
2000-01-01,Manuf_excess,-0.0907,0.00723315,500,3,10,10,0.3
2000-01-01,Enrgy_excess,0.0087,0.00685461,300,3,20,10,0.3
2000-01-01,HiTec_excess,-0.0562,0.02506646,500,3,10,10,0.3
2000-01-01,Telcm_excess,-0.0426,0.01735734,300,3,5,20,0.5
2000-01-01,Shops_excess,-0.1142,0.00897859,500,3,20,10,0.3
2000-01-01,Hlth_excess,0.0722,0.00711726,500,3,10,10,0.3
2000-01-01,Utils_excess,0.0513,-0.00034066,300,3,20,10,0.3
2000-01-01,Other_excess,-0.0516,0.00691895,300,3,20,10,0.3
2000-02-01,NoDur_excess,-0.067,-0.00538343,500,7,20,20,0.3
2000-02-01,Durbl_excess,-0.0924,-0.00743437,500,7,20,10,0.3
2000-02-01,Manuf_excess,-0.0417,0.00207105,500,3,10,10,0.3
2000-02-01,Enrgy_excess,-0.0603,0.00315278,300,3,20,10,0.3
2000-02-01,HiTec_excess,0.1761,0.01729117,500,3,10,10,0.3
2000-02-01,Telcm_excess,-0.0412,0.01696095,300,3,5,20,0.5
2000-02-01,Shops_excess,-0.0438,0.00078224,500,3,20,10,0.3
2000-02-01,Hlth_excess,-0.0294,0.00492135,500,3,10,10,0.3
2000-02-01,Utils_excess,-0.075,5.639e-05,300,3,20,10,0.3
2000-02-01,Other_excess,-0.0781,0.00126561,300,3,20,10,0.3
2000-03-01,NoDur_excess,0.0696,-0.00734621,500,7,20,20,0.3
2000-03-01,Durbl_excess,0.1042,-0.008542,500,7,20,10,0.3
2000-03-01,Manuf_excess,0.0705,0.00108371,500,3,10,10,0.3
2000-03-01,Enrgy_excess,0.1145,0.00337609,300,3,20,10,0.3
2000-03-01,HiTec_excess,0.0362,0.021478,500,3,10,10,0.3
2000-03-01,Telcm_excess,0.078,0.01167179,300,3,5,20,0.5
2000-03-01,Shops_excess,0.1292,0.00220658,500,3,20,10,0.3
2000-03-01,Hlth_excess,-0.005,0.00624129,500,3,10,10,0.3
2000-03-01,Utils_excess,0.0542,-8.766e-05,300,3,20,10,0.3
2000-03-01,Other_excess,0.1389,0.00027012,300,3,20,10,0.3
2000-04-01,NoDur_excess,-0.0242,-0.00603335,500,7,20,20,0.3
2000-04-01,Durbl_excess,0.0823,-0.01281089,500,7,20,10,0.3
2000-04-01,Manuf_excess,0.01,0.00016623,500,3,10,10,0.3
2000-04-01,Enrgy_excess,-0.0277,0.00173126,300,3,20,10,0.3
2000-04-01,HiTec_excess,-0.1101,0.02230477,500,3,10,10,0.3
2000-04-01,Telcm_excess,-0.0879,0.01816605,300,3,5,20,0.5
2000-04-01,Shops_excess,-0.0494,-0.001577,500,3,20,10,0.3
2000-04-01,Hlth_excess,0.0458,0.0028786,500,3,10,10,0.3
2000-04-01,Utils_excess,0.0696,-0.00355795,300,3,20,10,0.3
2000-04-01,Other_excess,-0.0329,-0.00214725,300,3,20,10,0.3
2000-05-01,NoDur_excess,0.066,-0.00753353,500,7,20,20,0.3
2000-05-01,Durbl_excess,-0.1281,-0.00078871,500,7,20,10,0.3
2000-05-01,Manuf_excess,-0.0222,0.00555692,500,3,10,10,0.3
2000-05-01,Enrgy_excess,0.0889,0.00348861,300,3,20,10,0.3
2000-05-01,HiTec_excess,-0.1135,0.02055157,500,3,10,10,0.3
2000-05-01,Telcm_excess,-0.1047,0.01029214,300,3,5,20,0.5
2000-05-01,Shops_excess,-0.0333,0.00460989,500,3,20,10,0.3
2000-05-01,Hlth_excess,0.0322,0.00774272,500,3,10,10,0.3
2000-05-01,Utils_excess,0.0346,0.00039298,300,3,20,10,0.3
2000-05-01,Other_excess,0.0285,0.00398544,300,3,20,10,0.3
2000-06-01,NoDur_excess,0.0178,-0.00694964,500,7,20,20,0.3
2000-06-01,Durbl_excess,-0.0939,-0.01404695,500,7,20,10,0.3
2000-06-01,Manuf_excess,-0.0168,0.00444126,500,3,10,10,0.3
2000-06-01,Enrgy_excess,-0.0545,0.00437416,300,3,20,10,0.3
2000-06-01,HiTec_excess,0.1223,0.01507562,500,3,10,10,0.3
2000-06-01,Telcm_excess,0.0359,0.0012373,300,3,5,20,0.5
2000-06-01,Shops_excess,-0.0261,0.00251862,500,3,20,10,0.3
2000-06-01,Hlth_excess,0.1059,0.00733993,500,3,10,10,0.3
2000-06-01,Utils_excess,-0.0508,8.519e-05,300,3,20,10,0.3
2000-06-01,Other_excess,-0.0353,0.00309262,300,3,20,10,0.3
2000-07-01,NoDur_excess,0.0024,0.00029147,500,7,20,20,0.3
2000-07-01,Durbl_excess,0.0425,-0.00298869,500,7,20,10,0.3
2000-07-01,Manuf_excess,-0.0193,0.00277097,500,3,10,10,0.3
2000-07-01,Enrgy_excess,-0.0316,0.00563893,300,3,20,10,0.3
2000-07-01,HiTec_excess,-0.0563,0.01724268,500,3,10,10,0.3
2000-07-01,Telcm_excess,-0.0722,0.00749034,300,3,5,20,0.5
2000-07-01,Shops_excess,-0.017,0.00512289,500,3,20,10,0.3
2000-07-01,Hlth_excess,-0.0699,0.00837643,500,3,10,10,0.3
2000-07-01,Utils_excess,0.0339,0.00089689,300,3,20,10,0.3
2000-07-01,Other_excess,0.0488,0.00386142,300,3,20,10,0.3
2000-08-01,NoDur_excess,-0.0258,-0.00048391,500,7,20,20,0.3
2000-08-01,Durbl_excess,0.0494,-0.00066846,500,7,20,10,0.3
2000-08-01,Manuf_excess,0.0691,0.00469338,500,3,10,10,0.3
2000-08-01,Enrgy_excess,0.0825,0.0050561,300,3,20,10,0.3
2000-08-01,HiTec_excess,0.1218,0.01517689,500,3,10,10,0.3
2000-08-01,Telcm_excess,-0.0199,-0.00133562,300,3,5,20,0.5
2000-08-01,Shops_excess,-0.029,0.00639214,500,3,20,10,0.3
2000-08-01,Hlth_excess,0.03,0.00850972,500,3,10,10,0.3
2000-08-01,Utils_excess,0.1116,0.00164062,300,3,20,10,0.3
2000-08-01,Other_excess,0.0874,0.00576958,300,3,20,10,0.3
2000-09-01,NoDur_excess,0.0322,-0.0052565,500,7,20,20,0.3
2000-09-01,Durbl_excess,-0.0467,-0.00121609,500,7,20,10,0.3
2000-09-01,Manuf_excess,-0.0621,0.00391342,500,3,10,10,0.3
2000-09-01,Enrgy_excess,0.0405,0.00513021,300,3,20,10,0.3
2000-09-01,HiTec_excess,-0.1524,0.01877679,500,3,10,10,0.3
2000-09-01,Telcm_excess,-0.0496,-0.00743228,300,3,5,20,0.5
2000-09-01,Shops_excess,0.0215,0.00086652,500,3,20,10,0.3
2000-09-01,Hlth_excess,0.0316,0.00664055,500,3,10,10,0.3
2000-09-01,Utils_excess,0.0829,0.00346394,300,3,20,10,0.3
2000-09-01,Other_excess,-0.0026,0.0039569,300,3,20,10,0.3
2000-10-01,NoDur_excess,0.0692,-0.00497292,500,7,20,20,0.3
2000-10-01,Durbl_excess,0.0199,-0.00991236,500,7,20,10,0.3
2000-10-01,Manuf_excess,0.0284,0.00295731,500,3,10,10,0.3
2000-10-01,Enrgy_excess,-0.0337,0.00540147,300,3,20,10,0.3
2000-10-01,HiTec_excess,-0.0803,0.0136057,500,3,10,10,0.3
2000-10-01,Telcm_excess,-0.0073,-0.01383232,300,3,5,20,0.5
2000-10-01,Shops_excess,-0.0231,0.00389629,500,3,20,10,0.3
2000-10-01,Hlth_excess,0.015,0.00708409,500,3,10,10,0.3
2000-10-01,Utils_excess,-0.0223,0.004083,300,3,20,10,0.3
2000-10-01,Other_excess,-0.0185,0.00448948,300,3,20,10,0.3
2000-11-01,NoDur_excess,0.0219,-0.00144114,500,7,20,20,0.3
2000-11-01,Durbl_excess,-0.1165,-0.01614819,500,7,20,10,0.3
2000-11-01,Manuf_excess,-0.0359,0.00267727,500,3,10,10,0.3
2000-11-01,Enrgy_excess,-0.0303,0.00270696,300,3,20,10,0.3
2000-11-01,HiTec_excess,-0.2371,0.0080581,500,3,10,10,0.3
2000-11-01,Telcm_excess,-0.1704,-0.01089682,300,3,5,20,0.5
2000-11-01,Shops_excess,-0.0155,6.495e-05,500,3,20,10,0.3
2000-11-01,Hlth_excess,0.0024,0.00713662,500,3,10,10,0.3
2000-11-01,Utils_excess,0.0245,0.00172965,300,3,20,10,0.3
2000-11-01,Other_excess,-0.0649,0.00237419,300,3,20,10,0.3
2000-12-01,NoDur_excess,0.0494,0.00048084,500,7,20,20,0.3
2000-12-01,Durbl_excess,-0.0042,-0.01347479,500,7,20,10,0.3
2000-12-01,Manuf_excess,0.0647,0.00299635,500,3,10,10,0.3
2000-12-01,Enrgy_excess,0.07,0.00353909,300,3,20,10,0.3
2000-12-01,HiTec_excess,-0.0849,-0.00181776,500,3,10,10,0.3
2000-12-01,Telcm_excess,-0.0477,0.0079244,300,3,5,20,0.5
2000-12-01,Shops_excess,0.0517,-0.00064319,500,3,20,10,0.3
2000-12-01,Hlth_excess,0.0299,0.00688918,500,3,10,10,0.3
2000-12-01,Utils_excess,0.0597,0.00466127,300,3,20,10,0.3
2000-12-01,Other_excess,0.0597,0.00338682,300,3,20,10,0.3
2001-01-01,NoDur_excess,-0.0272,0.00705351,500,7,20,20,0.3
2001-01-01,Durbl_excess,0.1251,-0.0133154,500,7,20,10,0.3
2001-01-01,Manuf_excess,-0.0152,0.00515522,500,3,10,10,0.3
2001-01-01,Enrgy_excess,-0.0397,0.00522032,300,3,20,10,0.3
2001-01-01,HiTec_excess,0.1564,-0.0006995,500,3,10,10,0.3
2001-01-01,Telcm_excess,0.1496,-0.01192027,300,3,5,20,0.5
2001-01-01,Shops_excess,0.0587,0.00382698,500,3,20,10,0.3
2001-01-01,Hlth_excess,-0.0905,0.00920267,500,3,10,10,0.3
2001-01-01,Utils_excess,-0.1077,0.00505852,300,3,20,10,0.3
2001-01-01,Other_excess,0.0009,0.00495871,300,3,20,10,0.3
2001-02-01,NoDur_excess,-0.0024,0.00491278,500,7,20,20,0.3
2001-02-01,Durbl_excess,-0.0163,-0.00650192,500,7,20,10,0.3
2001-02-01,Manuf_excess,-0.0417,0.00198852,500,3,10,10,0.3
2001-02-01,Enrgy_excess,-0.0041,0.00322688,300,3,20,10,0.3
2001-02-01,HiTec_excess,-0.2645,0.00715615,500,3,10,10,0.3
2001-02-01,Telcm_excess,-0.1068,-0.00442875,300,3,5,20,0.5
2001-02-01,Shops_excess,-0.0571,0.00568617,500,3,20,10,0.3
2001-02-01,Hlth_excess,-0.0092,0.00807089,500,3,10,10,0.3
2001-02-01,Utils_excess,0.058,0.00131132,300,3,20,10,0.3
2001-02-01,Other_excess,-0.0463,0.00347406,300,3,20,10,0.3
2001-03-01,NoDur_excess,-0.052,0.00638173,500,7,20,20,0.3
2001-03-01,Durbl_excess,-0.0375,0.00012247,500,7,20,10,0.3
2001-03-01,Manuf_excess,-0.0647,0.00544944,500,3,10,10,0.3
2001-03-01,Enrgy_excess,-0.0052,0.00605067,300,3,20,10,0.3
2001-03-01,HiTec_excess,-0.1431,0.00642303,500,3,10,10,0.3
2001-03-01,Telcm_excess,-0.0642,0.01270954,300,3,5,20,0.5
2001-03-01,Shops_excess,-0.0329,0.0060872,500,3,20,10,0.3
2001-03-01,Hlth_excess,-0.0901,0.00811618,500,3,10,10,0.3
2001-03-01,Utils_excess,0.0063,0.00559283,300,3,20,10,0.3
2001-03-01,Other_excess,-0.0492,0.00600388,300,3,20,10,0.3
2001-04-01,NoDur_excess,0.0053,0.00440993,500,7,20,20,0.3
2001-04-01,Durbl_excess,0.0831,-0.00418351,500,7,20,10,0.3
2001-04-01,Manuf_excess,0.0716,0.00581521,500,3,10,10,0.3
2001-04-01,Enrgy_excess,0.0963,0.00545473,300,3,20,10,0.3
2001-04-01,HiTec_excess,0.1762,0.00232516,500,3,10,10,0.3
2001-04-01,Telcm_excess,0.0362,-0.00683902,300,3,5,20,0.5
2001-04-01,Shops_excess,0.0521,0.00710351,500,3,20,10,0.3
2001-04-01,Hlth_excess,0.0386,0.00766031,500,3,10,10,0.3
2001-04-01,Utils_excess,0.0502,0.00209699,300,3,20,10,0.3
2001-04-01,Other_excess,0.0569,0.00654705,300,3,20,10,0.3
2001-05-01,NoDur_excess,0.0308,0.00378172,500,7,20,20,0.3
2001-05-01,Durbl_excess,-0.0188,0.00529333,500,7,20,10,0.3
2001-05-01,Manuf_excess,0.0183,0.00683255,500,3,10,10,0.3
2001-05-01,Enrgy_excess,-0.0022,0.0060635,300,3,20,10,0.3
2001-05-01,HiTec_excess,-0.0352,0.00673635,500,3,10,10,0.3
2001-05-01,Telcm_excess,-0.0195,-0.00546933,300,3,5,20,0.5
2001-05-01,Shops_excess,0.0129,0.00733512,500,3,20,10,0.3
2001-05-01,Hlth_excess,0.0245,0.00727426,500,3,10,10,0.3
2001-05-01,Utils_excess,0.0015,0.00221061,300,3,20,10,0.3
2001-05-01,Other_excess,0.0332,0.00496417,300,3,20,10,0.3
2001-06-01,NoDur_excess,-0.018,0.003951,500,7,20,20,0.3
2001-06-01,Durbl_excess,0.0351,0.00770562,500,7,20,10,0.3
2001-06-01,Manuf_excess,-0.0493,0.00627569,500,3,10,10,0.3
2001-06-01,Enrgy_excess,-0.0774,0.00699718,300,3,20,10,0.3
2001-06-01,HiTec_excess,0.0113,0.0038387,500,3,10,10,0.3
2001-06-01,Telcm_excess,-0.0296,-0.00670151,300,3,5,20,0.5
2001-06-01,Shops_excess,-0.0286,0.00839685,500,3,20,10,0.3
2001-06-01,Hlth_excess,-0.0326,0.00698297,500,3,10,10,0.3
2001-06-01,Utils_excess,-0.0643,0.00418871,300,3,20,10,0.3
2001-06-01,Other_excess,-0.0037,0.00630618,300,3,20,10,0.3
2001-07-01,NoDur_excess,-0.0084,-0.00071443,500,7,20,20,0.3
2001-07-01,Durbl_excess,0.0296,0.00719109,500,7,20,10,0.3
2001-07-01,Manuf_excess,0.0023,0.00547701,500,3,10,10,0.3
2001-07-01,Enrgy_excess,-0.0253,0.0059831,300,3,20,10,0.3
2001-07-01,HiTec_excess,-0.0787,0.00754065,500,3,10,10,0.3
2001-07-01,Telcm_excess,-0.0126,-0.00878777,300,3,5,20,0.5
2001-07-01,Shops_excess,0.0425,0.00628814,500,3,20,10,0.3
2001-07-01,Hlth_excess,0.0198,0.0070186,500,3,10,10,0.3
2001-07-01,Utils_excess,-0.0414,0.00336135,300,3,20,10,0.3
2001-07-01,Other_excess,-0.0247,0.00564758,300,3,20,10,0.3
2001-08-01,NoDur_excess,0.0168,0.00196342,500,7,20,20,0.3
2001-08-01,Durbl_excess,-0.1036,0.01034773,500,7,20,10,0.3
2001-08-01,Manuf_excess,-0.0249,0.00561927,500,3,10,10,0.3
2001-08-01,Enrgy_excess,-0.0381,0.00592633,300,3,20,10,0.3
2001-08-01,HiTec_excess,-0.1294,0.00314348,500,3,10,10,0.3
2001-08-01,Telcm_excess,-0.0895,-0.00517738,300,3,5,20,0.5
2001-08-01,Shops_excess,-0.0723,0.00797466,500,3,20,10,0.3
2001-08-01,Hlth_excess,-0.0341,0.00746675,500,3,10,10,0.3
2001-08-01,Utils_excess,0.0022,0.00442909,300,3,20,10,0.3
2001-08-01,Other_excess,-0.0551,0.00607992,300,3,20,10,0.3
2001-09-01,NoDur_excess,-0.038,7.645e-05,500,7,20,20,0.3
2001-09-01,Durbl_excess,-0.1755,0.00450419,500,7,20,10,0.3
2001-09-01,Manuf_excess,-0.1298,0.00528869,500,3,10,10,0.3
2001-09-01,Enrgy_excess,-0.0646,0.00582474,300,3,20,10,0.3
2001-09-01,HiTec_excess,-0.1928,-0.00302911,500,3,10,10,0.3
2001-09-01,Telcm_excess,-0.0263,-0.01320133,300,3,5,20,0.5
2001-09-01,Shops_excess,-0.0979,0.00605861,500,3,20,10,0.3
2001-09-01,Hlth_excess,-0.0091,0.00690955,500,3,10,10,0.3
2001-09-01,Utils_excess,-0.0688,0.00368159,300,3,20,10,0.3
2001-09-01,Other_excess,-0.0815,0.00513796,300,3,20,10,0.3
2001-10-01,NoDur_excess,0.0106,-0.00456178,500,7,20,20,0.3
2001-10-01,Durbl_excess,0.0085,-0.01094454,500,7,20,10,0.3
2001-10-01,Manuf_excess,0.0372,-0.0001272,500,3,10,10,0.3
2001-10-01,Enrgy_excess,0.0492,0.00256182,300,3,20,10,0.3
2001-10-01,HiTec_excess,0.1548,-0.01655268,500,3,10,10,0.3
2001-10-01,Telcm_excess,-0.0979,-0.01491626,300,3,5,20,0.5
2001-10-01,Shops_excess,0.0135,-0.00074622,500,3,20,10,0.3
2001-10-01,Hlth_excess,0.0104,0.00441872,500,3,10,10,0.3
2001-10-01,Utils_excess,0.0154,0.00029317,300,3,20,10,0.3
2001-10-01,Other_excess,-0.012,-0.0002246,300,3,20,10,0.3
2001-11-01,NoDur_excess,0.0241,0.00011126,500,7,20,20,0.3
2001-11-01,Durbl_excess,0.1484,-0.00300778,500,7,20,10,0.3
2001-11-01,Manuf_excess,0.0829,0.00370668,500,3,10,10,0.3
2001-11-01,Enrgy_excess,-0.0438,0.00347904,300,3,20,10,0.3
2001-11-01,HiTec_excess,0.1572,-0.00709745,500,3,10,10,0.3
2001-11-01,Telcm_excess,0.0568,-0.02404094,300,3,5,20,0.5
2001-11-01,Shops_excess,0.0964,0.00583559,500,3,20,10,0.3
2001-11-01,Hlth_excess,0.0485,0.00540598,500,3,10,10,0.3
2001-11-01,Utils_excess,-0.016,0.0031299,300,3,20,10,0.3
2001-11-01,Other_excess,0.0703,0.00348985,300,3,20,10,0.3
2001-12-01,NoDur_excess,0.0174,-0.00151191,500,7,20,20,0.3
2001-12-01,Durbl_excess,-0.0099,0.00902219,500,7,20,10,0.3
2001-12-01,Manuf_excess,0.0249,0.00101463,500,3,10,10,0.3
2001-12-01,Enrgy_excess,0.0582,0.00167775,300,3,20,10,0.3
2001-12-01,HiTec_excess,-0.0078,-0.00242348,500,3,10,10,0.3
2001-12-01,Telcm_excess,0.0245,-0.01253672,300,3,5,20,0.5
2001-12-01,Shops_excess,0.0419,0.00488748,500,3,20,10,0.3
2001-12-01,Hlth_excess,-0.0297,0.006855,500,3,10,10,0.3
2001-12-01,Utils_excess,0.0389,0.00147907,300,3,20,10,0.3
2001-12-01,Other_excess,0.0353,0.00082586,300,3,20,10,0.3
2002-01-01,NoDur_excess,0.0073,-0.00053712,500,7,20,20,0.3
2002-01-01,Durbl_excess,0.0271,0.01262541,500,7,20,10,0.3
2002-01-01,Manuf_excess,0.0142,0.00558494,500,3,10,10,0.3
2002-01-01,Enrgy_excess,-0.0301,0.00442224,300,3,20,10,0.3
2002-01-01,HiTec_excess,-0.0066,-0.0007211,500,3,10,10,0.3
2002-01-01,Telcm_excess,-0.0729,-0.00837801,300,3,5,20,0.5
2002-01-01,Shops_excess,0.0247,0.00685767,500,3,20,10,0.3
2002-01-01,Hlth_excess,-0.0255,0.00457331,500,3,10,10,0.3
2002-01-01,Utils_excess,-0.0447,-0.00098772,300,3,20,10,0.3
2002-01-01,Other_excess,-0.017,0.00629595,300,3,20,10,0.3
2002-02-01,NoDur_excess,0.0411,-0.00054934,500,7,20,20,0.3
2002-02-01,Durbl_excess,0.0314,0.01041139,500,7,20,10,0.3
2002-02-01,Manuf_excess,0.0423,0.0054778,500,3,10,10,0.3
2002-02-01,Enrgy_excess,0.0543,0.0045948,300,3,20,10,0.3
2002-02-01,HiTec_excess,-0.1328,-0.00146978,500,3,10,10,0.3
2002-02-01,Telcm_excess,-0.0288,-0.01385285,300,3,5,20,0.5
2002-02-01,Shops_excess,-0.0028,0.00776326,500,3,20,10,0.3
2002-02-01,Hlth_excess,-0.0058,0.00398228,500,3,10,10,0.3
2002-02-01,Utils_excess,-0.0049,-0.00263237,300,3,20,10,0.3
2002-02-01,Other_excess,-0.0038,0.00608911,300,3,20,10,0.3
2002-03-01,NoDur_excess,0.0367,0.00131545,500,7,20,20,0.3
2002-03-01,Durbl_excess,0.0676,0.00989569,500,7,20,10,0.3
2002-03-01,Manuf_excess,0.048,0.00532306,500,3,10,10,0.3
2002-03-01,Enrgy_excess,0.0756,0.0043303,300,3,20,10,0.3
2002-03-01,HiTec_excess,0.0637,-0.00881594,500,3,10,10,0.3
2002-03-01,Telcm_excess,0.0023,-0.01601089,300,3,5,20,0.5
2002-03-01,Shops_excess,0.0196,0.00683218,500,3,20,10,0.3
2002-03-01,Hlth_excess,0.0041,0.00386839,500,3,10,10,0.3
2002-03-01,Utils_excess,0.1016,-0.00213933,300,3,20,10,0.3
2002-03-01,Other_excess,0.0511,0.00531989,300,3,20,10,0.3
2002-04-01,NoDur_excess,0.0197,0.00152844,500,7,20,20,0.3
2002-04-01,Durbl_excess,0.0178,0.00532618,500,7,20,10,0.3
2002-04-01,Manuf_excess,-0.0166,-0.00147789,500,3,10,10,0.3
2002-04-01,Enrgy_excess,-0.047,0.00207871,300,3,20,10,0.3
2002-04-01,HiTec_excess,-0.1205,0.00086975,500,3,10,10,0.3
2002-04-01,Telcm_excess,-0.1291,0.00540599,300,3,5,20,0.5
2002-04-01,Shops_excess,-0.0177,0.00261293,500,3,20,10,0.3
2002-04-01,Hlth_excess,-0.077,0.00131192,500,3,10,10,0.3
2002-04-01,Utils_excess,-0.0057,-0.00153482,300,3,20,10,0.3
2002-04-01,Other_excess,-0.029,-0.00067929,300,3,20,10,0.3
2002-05-01,NoDur_excess,0.0113,0.00274547,500,7,20,20,0.3
2002-05-01,Durbl_excess,-0.0057,0.00877839,500,7,20,10,0.3
2002-05-01,Manuf_excess,-0.004,0.00335084,500,3,10,10,0.3
2002-05-01,Enrgy_excess,-0.0088,0.00282872,300,3,20,10,0.3
2002-05-01,HiTec_excess,-0.0373,0.00230613,500,3,10,10,0.3
2002-05-01,Telcm_excess,0.0286,-0.00205963,300,3,5,20,0.5
2002-05-01,Shops_excess,-0.0158,0.00481552,500,3,20,10,0.3
2002-05-01,Hlth_excess,-0.0242,0.000592,500,3,10,10,0.3
2002-05-01,Utils_excess,-0.0706,0.00146941,300,3,20,10,0.3
2002-05-01,Other_excess,-0.0067,0.00308236,300,3,20,10,0.3
2002-06-01,NoDur_excess,-0.0618,0.00279848,500,7,20,20,0.3
2002-06-01,Durbl_excess,-0.0829,0.01001251,500,7,20,10,0.3
2002-06-01,Manuf_excess,-0.0311,0.00680876,500,3,10,10,0.3
2002-06-01,Enrgy_excess,-0.0012,0.00438796,300,3,20,10,0.3
2002-06-01,HiTec_excess,-0.1228,0.00708917,500,3,10,10,0.3
2002-06-01,Telcm_excess,-0.1453,0.0052434,300,3,5,20,0.5
2002-06-01,Shops_excess,-0.0523,0.00645917,500,3,20,10,0.3
2002-06-01,Hlth_excess,-0.0966,0.00273513,500,3,10,10,0.3
2002-06-01,Utils_excess,-0.0594,-0.00294195,300,3,20,10,0.3
2002-06-01,Other_excess,-0.0524,0.00541679,300,3,20,10,0.3
2002-07-01,NoDur_excess,-0.0678,-0.00262552,500,7,20,20,0.3
2002-07-01,Durbl_excess,-0.1207,-0.00461087,500,7,20,10,0.3
2002-07-01,Manuf_excess,-0.0867,0.00588822,500,3,10,10,0.3
2002-07-01,Enrgy_excess,-0.1198,0.00375784,300,3,20,10,0.3
2002-07-01,HiTec_excess,-0.0985,0.00206049,500,3,10,10,0.3
2002-07-01,Telcm_excess,-0.1182,-0.00550682,300,3,5,20,0.5
2002-07-01,Shops_excess,-0.1158,0.00425302,500,3,20,10,0.3
2002-07-01,Hlth_excess,-0.0291,0.00017113,500,3,10,10,0.3
2002-07-01,Utils_excess,-0.1229,-0.00424388,300,3,20,10,0.3
2002-07-01,Other_excess,-0.0652,0.00200722,300,3,20,10,0.3
2002-08-01,NoDur_excess,0.0211,-0.00778231,500,7,20,20,0.3
2002-08-01,Durbl_excess,0.0048,-0.00858556,500,7,20,10,0.3
2002-08-01,Manuf_excess,-0.0143,0.00357824,500,3,10,10,0.3
2002-08-01,Enrgy_excess,0.0049,0.00366124,300,3,20,10,0.3
2002-08-01,HiTec_excess,-0.011,0.00344282,500,3,10,10,0.3
2002-08-01,Telcm_excess,0.0006,6.584e-05,300,3,5,20,0.5
2002-08-01,Shops_excess,0.017,-0.0015777,500,3,20,10,0.3
2002-08-01,Hlth_excess,0.0051,-0.00089532,500,3,10,10,0.3
2002-08-01,Utils_excess,0.0326,-0.00489555,300,3,20,10,0.3
2002-08-01,Other_excess,0.0099,-0.00075549,300,3,20,10,0.3
2002-09-01,NoDur_excess,-0.0787,0.00095946,500,7,20,20,0.3
2002-09-01,Durbl_excess,-0.1104,-0.00352933,500,7,20,10,0.3
2002-09-01,Manuf_excess,-0.0848,0.00568068,500,3,10,10,0.3
2002-09-01,Enrgy_excess,-0.0799,0.00242869,300,3,20,10,0.3
2002-09-01,HiTec_excess,-0.1674,0.00664057,500,3,10,10,0.3
2002-09-01,Telcm_excess,-0.0999,0.00104309,300,3,5,20,0.5
2002-09-01,Shops_excess,-0.0958,0.00690574,500,3,20,10,0.3
2002-09-01,Hlth_excess,-0.0603,0.00333371,500,3,10,10,0.3
2002-09-01,Utils_excess,-0.1102,-0.0034679,300,3,20,10,0.3
2002-09-01,Other_excess,-0.1074,0.00273546,300,3,20,10,0.3
2002-10-01,NoDur_excess,0.0492,-0.00378588,500,7,20,20,0.3
2002-10-01,Durbl_excess,-0.0285,-0.0107715,500,7,20,10,0.3
2002-10-01,Manuf_excess,0.0364,0.00402251,500,3,10,10,0.3
2002-10-01,Enrgy_excess,0.03,0.0010985,300,3,20,10,0.3
2002-10-01,HiTec_excess,0.1923,0.00317086,500,3,10,10,0.3
2002-10-01,Telcm_excess,0.218,-0.00063201,300,3,5,20,0.5
2002-10-01,Shops_excess,0.0558,0.00262498,500,3,20,10,0.3
2002-10-01,Hlth_excess,0.0554,0.00275684,500,3,10,10,0.3
2002-10-01,Utils_excess,-0.0075,-0.00786857,300,3,20,10,0.3
2002-10-01,Other_excess,0.0624,0.001298,300,3,20,10,0.3
2002-11-01,NoDur_excess,-0.0121,-0.00323201,500,7,20,20,0.3
2002-11-01,Durbl_excess,0.1187,-0.0049844,500,7,20,10,0.3
2002-11-01,Manuf_excess,0.0613,0.00257969,500,3,10,10,0.3
2002-11-01,Enrgy_excess,0.029,0.00293257,300,3,20,10,0.3
2002-11-01,HiTec_excess,0.1615,0.00079257,500,3,10,10,0.3
2002-11-01,Telcm_excess,0.1169,-0.00089228,300,3,5,20,0.5
2002-11-01,Shops_excess,0.0178,0.00246778,500,3,20,10,0.3
2002-11-01,Hlth_excess,0.0366,0.00078409,500,3,10,10,0.3
2002-11-01,Utils_excess,0.0146,-0.00975249,300,3,20,10,0.3
2002-11-01,Other_excess,0.0408,-0.00082653,300,3,20,10,0.3
2002-12-01,NoDur_excess,-0.0034,-0.00457832,500,7,20,20,0.3
2002-12-01,Durbl_excess,-0.0663,0.00306371,500,7,20,10,0.3
2002-12-01,Manuf_excess,-0.0392,0.00604935,500,3,10,10,0.3
2002-12-01,Enrgy_excess,0.0073,0.00338598,300,3,20,10,0.3
2002-12-01,HiTec_excess,-0.1301,0.00467896,500,3,10,10,0.3
2002-12-01,Telcm_excess,-0.0962,0.00277592,300,3,5,20,0.5
2002-12-01,Shops_excess,-0.071,0.00452609,500,3,20,10,0.3
2002-12-01,Hlth_excess,-0.042,0.00065337,500,3,10,10,0.3
2002-12-01,Utils_excess,0.0372,-0.0059627,300,3,20,10,0.3
2002-12-01,Other_excess,-0.049,0.00295274,300,3,20,10,0.3
2003-01-01,NoDur_excess,-0.0403,-0.00525946,500,7,20,20,0.3
2003-01-01,Durbl_excess,-0.035,-0.00299928,500,7,20,10,0.3
2003-01-01,Manuf_excess,-0.0417,0.00538166,500,3,10,10,0.3
2003-01-01,Enrgy_excess,-0.026,0.00250962,300,3,20,10,0.3
2003-01-01,HiTec_excess,-0.0161,0.00474064,500,3,10,10,0.3
2003-01-01,Telcm_excess,-0.0421,0.00059325,300,3,5,20,0.5
2003-01-01,Shops_excess,-0.0486,0.00314407,500,3,20,10,0.3
2003-01-01,Hlth_excess,-0.007,0.0009354,500,3,10,10,0.3
2003-01-01,Utils_excess,-0.0331,-0.0049255,300,3,20,10,0.3
2003-01-01,Other_excess,-0.0248,0.00172999,300,3,20,10,0.3
2003-02-01,NoDur_excess,-0.0297,-0.00558758,500,7,20,20,0.3
2003-02-01,Durbl_excess,-0.0488,-0.00711387,500,7,20,10,0.3
2003-02-01,Manuf_excess,-0.0236,0.00366971,500,3,10,10,0.3
2003-02-01,Enrgy_excess,0.0186,0.00191858,300,3,20,10,0.3
2003-02-01,HiTec_excess,0.0107,0.00596126,500,3,10,10,0.3
2003-02-01,Telcm_excess,-0.0654,0.00407465,300,3,5,20,0.5
2003-02-01,Shops_excess,-0.013,0.00111305,500,3,20,10,0.3
2003-02-01,Hlth_excess,-0.0205,0.00138623,500,3,10,10,0.3
2003-02-01,Utils_excess,-0.0407,-0.00586265,300,3,20,10,0.3
2003-02-01,Other_excess,-0.0279,-0.00036281,300,3,20,10,0.3
2003-03-01,NoDur_excess,-0.0272,-0.00819953,500,7,20,20,0.3
2003-03-01,Durbl_excess,-0.0267,-0.01165469,500,7,20,10,0.3
2003-03-01,Manuf_excess,0.0122,-0.00058994,500,3,10,10,0.3
2003-03-01,Enrgy_excess,0.014,0.00079759,300,3,20,10,0.3
2003-03-01,HiTec_excess,-0.0107,-0.0001795,500,3,10,10,0.3
2003-03-01,Telcm_excess,-0.0053,-0.00097959,300,3,5,20,0.5
2003-03-01,Shops_excess,0.0458,-0.00243225,500,3,20,10,0.3
2003-03-01,Hlth_excess,0.0363,-0.00255352,500,3,10,10,0.3
2003-03-01,Utils_excess,0.0421,-0.00413459,300,3,20,10,0.3
2003-03-01,Other_excess,0.0094,-0.00421657,300,3,20,10,0.3
2003-04-01,NoDur_excess,0.0428,-0.00211408,500,7,20,20,0.3
2003-04-01,Durbl_excess,0.1495,-0.00618808,500,7,20,10,0.3
2003-04-01,Manuf_excess,0.062,0.00143434,500,3,10,10,0.3
2003-04-01,Enrgy_excess,-0.0057,0.00134801,300,3,20,10,0.3
2003-04-01,HiTec_excess,0.0908,0.00225143,500,3,10,10,0.3
2003-04-01,Telcm_excess,0.1116,-0.0009231,300,3,5,20,0.5
2003-04-01,Shops_excess,0.0887,0.00177306,500,3,20,10,0.3
2003-04-01,Hlth_excess,0.0417,0.00064879,500,3,10,10,0.3
2003-04-01,Utils_excess,0.0713,-0.00442321,300,3,20,10,0.3
2003-04-01,Other_excess,0.1154,0.00052119,300,3,20,10,0.3
2003-05-01,NoDur_excess,0.0945,-0.00205309,500,7,20,20,0.3
2003-05-01,Durbl_excess,0.0277,0.0064381,500,7,20,10,0.3
2003-05-01,Manuf_excess,0.0457,0.00559072,500,3,10,10,0.3
2003-05-01,Enrgy_excess,0.0857,0.00417922,300,3,20,10,0.3
2003-05-01,HiTec_excess,0.0971,0.00890569,500,3,10,10,0.3
2003-05-01,Telcm_excess,0.0623,0.0048324,300,3,5,20,0.5
2003-05-01,Shops_excess,0.0339,0.00519022,500,3,20,10,0.3
2003-05-01,Hlth_excess,0.0385,0.00285812,500,3,10,10,0.3
2003-05-01,Utils_excess,0.1007,0.00025042,300,3,20,10,0.3
2003-05-01,Other_excess,0.0514,0.00504989,300,3,20,10,0.3
2003-06-01,NoDur_excess,0.0156,-0.0031876,500,7,20,20,0.3
2003-06-01,Durbl_excess,0.0232,-0.00453279,500,7,20,10,0.3
2003-06-01,Manuf_excess,0.0044,0.00547118,500,3,10,10,0.3
2003-06-01,Enrgy_excess,-0.0106,0.0036289,300,3,20,10,0.3
2003-06-01,HiTec_excess,0.0025,0.00854729,500,3,10,10,0.3
2003-06-01,Telcm_excess,0.0199,0.0050071,300,3,5,20,0.5
2003-06-01,Shops_excess,0.0334,0.0038788,500,3,20,10,0.3
2003-06-01,Hlth_excess,0.0406,0.00277126,500,3,10,10,0.3
2003-06-01,Utils_excess,0.0096,0.00074202,300,3,20,10,0.3
2003-06-01,Other_excess,0.0081,0.00410108,300,3,20,10,0.3
2003-07-01,NoDur_excess,-0.0176,0.00583895,500,7,20,20,0.3
2003-07-01,Durbl_excess,0.066,0.01395282,500,7,20,10,0.3
2003-07-01,Manuf_excess,0.049,0.00683857,500,3,10,10,0.3
2003-07-01,Enrgy_excess,-0.0269,0.0063217,300,3,20,10,0.3
2003-07-01,HiTec_excess,0.0553,0.00952987,500,3,10,10,0.3
2003-07-01,Telcm_excess,-0.0178,0.00734971,300,3,5,20,0.5
2003-07-01,Shops_excess,0.0322,0.00571033,500,3,20,10,0.3
2003-07-01,Hlth_excess,0.0041,0.00493134,500,3,10,10,0.3
2003-07-01,Utils_excess,-0.055,-0.00068848,300,3,20,10,0.3
2003-07-01,Other_excess,0.0354,0.00593056,300,3,20,10,0.3
2003-08-01,NoDur_excess,0.0022,0.00382281,500,7,20,20,0.3
2003-08-01,Durbl_excess,0.0796,0.01622478,500,7,20,10,0.3
2003-08-01,Manuf_excess,0.0402,0.004214,500,3,10,10,0.3
2003-08-01,Enrgy_excess,0.0612,0.00426191,300,3,20,10,0.3
2003-08-01,HiTec_excess,0.0599,0.00536446,500,3,10,10,0.3
2003-08-01,Telcm_excess,0.0119,0.01052466,300,3,5,20,0.5
2003-08-01,Shops_excess,0.0666,0.00489871,500,3,20,10,0.3
2003-08-01,Hlth_excess,-0.0289,0.00214286,500,3,10,10,0.3
2003-08-01,Utils_excess,0.0185,-0.00022153,300,3,20,10,0.3
2003-08-01,Other_excess,0.0055,0.00297611,300,3,20,10,0.3
2003-09-01,NoDur_excess,0.0106,0.0068886,500,7,20,20,0.3
2003-09-01,Durbl_excess,-0.0429,0.01479257,500,7,20,10,0.3
2003-09-01,Manuf_excess,-0.0382,0.00725775,500,3,10,10,0.3
2003-09-01,Enrgy_excess,-0.0226,0.00638717,300,3,20,10,0.3
2003-09-01,HiTec_excess,-0.0101,0.00989505,500,3,10,10,0.3
2003-09-01,Telcm_excess,-0.056,0.00988831,300,3,5,20,0.5
2003-09-01,Shops_excess,-0.0462,0.00742778,500,3,20,10,0.3
2003-09-01,Hlth_excess,0.0022,0.00175171,500,3,10,10,0.3
2003-09-01,Utils_excess,0.0376,0.00192573,300,3,20,10,0.3
2003-09-01,Other_excess,0.0018,0.00754359,300,3,20,10,0.3
2003-10-01,NoDur_excess,0.0586,0.00366201,500,7,20,20,0.3
2003-10-01,Durbl_excess,0.0724,0.00577857,500,7,20,10,0.3
2003-10-01,Manuf_excess,0.0882,0.0060352,500,3,10,10,0.3
2003-10-01,Enrgy_excess,0.0158,0.00434715,300,3,20,10,0.3
2003-10-01,HiTec_excess,0.0821,0.00860626,500,3,10,10,0.3
2003-10-01,Telcm_excess,0.0676,0.00676887,300,3,5,20,0.5
2003-10-01,Shops_excess,0.0896,0.00664062,500,3,20,10,0.3
2003-10-01,Hlth_excess,0.008,0.00301801,500,3,10,10,0.3
2003-10-01,Utils_excess,0.0144,0.00279198,300,3,20,10,0.3
2003-10-01,Other_excess,0.0627,0.0069699,300,3,20,10,0.3
2003-11-01,NoDur_excess,0.0352,0.00778454,500,7,20,20,0.3
2003-11-01,Durbl_excess,0.03,0.02260448,500,7,20,10,0.3
2003-11-01,Manuf_excess,0.0201,0.00828271,500,3,10,10,0.3
2003-11-01,Enrgy_excess,0.0058,0.00653362,300,3,20,10,0.3
2003-11-01,HiTec_excess,0.0179,0.01128541,500,3,10,10,0.3
2003-11-01,Telcm_excess,-0.007,0.00838419,300,3,5,20,0.5
2003-11-01,Shops_excess,0.0049,0.00772482,500,3,20,10,0.3
2003-11-01,Hlth_excess,0.0175,0.00285481,500,3,10,10,0.3
2003-11-01,Utils_excess,0.0088,0.00261548,300,3,20,10,0.3
2003-11-01,Other_excess,0.0108,0.00785865,300,3,20,10,0.3
2003-12-01,NoDur_excess,0.0336,0.00897122,500,7,20,20,0.3
2003-12-01,Durbl_excess,0.1182,0.02120424,500,7,20,10,0.3
2003-12-01,Manuf_excess,0.0665,0.00817345,500,3,10,10,0.3
2003-12-01,Enrgy_excess,0.1352,0.00637853,300,3,20,10,0.3
2003-12-01,HiTec_excess,0.0207,0.01159298,500,3,10,10,0.3
2003-12-01,Telcm_excess,0.0749,0.00823994,300,3,5,20,0.5
2003-12-01,Shops_excess,-0.0221,0.00796916,500,3,20,10,0.3
2003-12-01,Hlth_excess,0.0556,0.00322371,500,3,10,10,0.3
2003-12-01,Utils_excess,0.0578,0.00277511,300,3,20,10,0.3
2003-12-01,Other_excess,0.042,0.00861923,300,3,20,10,0.3
2004-01-01,NoDur_excess,-0.0001,0.01001441,500,7,20,20,0.3
2004-01-01,Durbl_excess,-0.0083,0.01840105,500,7,20,10,0.3
2004-01-01,Manuf_excess,-0.0077,0.0075495,500,3,10,10,0.3
2004-01-01,Enrgy_excess,0.0016,0.00755997,300,3,20,10,0.3
2004-01-01,HiTec_excess,0.0444,0.0111368,500,3,10,10,0.3
2004-01-01,Telcm_excess,0.0158,0.01006792,300,3,5,20,0.5
2004-01-01,Shops_excess,0.0038,0.00727265,500,3,20,10,0.3
2004-01-01,Hlth_excess,0.0303,0.0044312,500,3,10,10,0.3
2004-01-01,Utils_excess,0.0184,0.00482106,300,3,20,10,0.3
2004-01-01,Other_excess,0.0282,0.00923643,300,3,20,10,0.3
2004-02-01,NoDur_excess,0.042,0.00980303,500,7,20,20,0.3
2004-02-01,Durbl_excess,-0.0006,0.01244946,500,7,20,10,0.3
2004-02-01,Manuf_excess,0.0191,0.00609478,500,3,10,10,0.3
2004-02-01,Enrgy_excess,0.0448,0.00644314,300,3,20,10,0.3
2004-02-01,HiTec_excess,-0.0297,0.00934046,500,3,10,10,0.3
2004-02-01,Telcm_excess,-0.0048,0.00955459,300,3,5,20,0.5
2004-02-01,Shops_excess,0.0604,0.0062099,500,3,20,10,0.3
2004-02-01,Hlth_excess,0.0083,0.00344775,500,3,10,10,0.3
2004-02-01,Utils_excess,0.0205,0.00459404,300,3,20,10,0.3
2004-02-01,Other_excess,0.0207,0.00773453,300,3,20,10,0.3
2004-03-01,NoDur_excess,-0.0018,0.00849797,500,7,20,20,0.3
2004-03-01,Durbl_excess,-0.0145,0.00540801,500,7,20,10,0.3
2004-03-01,Manuf_excess,-0.0037,0.00349983,500,3,10,10,0.3
2004-03-01,Enrgy_excess,-0.0007,0.00515598,300,3,20,10,0.3
2004-03-01,HiTec_excess,-0.026,0.00628652,500,3,10,10,0.3
2004-03-01,Telcm_excess,-0.0212,0.00834835,300,3,5,20,0.5
2004-03-01,Shops_excess,0.0019,0.00527347,500,3,20,10,0.3
2004-03-01,Hlth_excess,-0.04,0.00396362,500,3,10,10,0.3
2004-03-01,Utils_excess,0.0105,0.0045299,300,3,20,10,0.3
2004-03-01,Other_excess,-0.0075,0.00610776,300,3,20,10,0.3
2004-04-01,NoDur_excess,0.0133,0.00779148,500,7,20,20,0.3
2004-04-01,Durbl_excess,0.0238,0.00550033,500,7,20,10,0.3
2004-04-01,Manuf_excess,-0.0025,0.00346969,500,3,10,10,0.3
2004-04-01,Enrgy_excess,0.0258,0.00483568,300,3,20,10,0.3
2004-04-01,HiTec_excess,-0.0497,0.00539539,500,3,10,10,0.3
2004-04-01,Telcm_excess,-0.0051,0.00726554,300,3,5,20,0.5
2004-04-01,Shops_excess,-0.028,0.00478923,500,3,20,10,0.3
2004-04-01,Hlth_excess,0.0343,0.00260184,500,3,10,10,0.3
2004-04-01,Utils_excess,-0.0365,0.00439575,300,3,20,10,0.3
2004-04-01,Other_excess,-0.0378,0.00535505,300,3,20,10,0.3
2004-05-01,NoDur_excess,-0.0197,0.00734763,500,7,20,20,0.3
2004-05-01,Durbl_excess,-0.017,0.01364739,500,7,20,10,0.3
2004-05-01,Manuf_excess,0.0161,0.00463508,500,3,10,10,0.3
2004-05-01,Enrgy_excess,0.0049,0.00537532,300,3,20,10,0.3
2004-05-01,HiTec_excess,0.0477,0.00728591,500,3,10,10,0.3
2004-05-01,Telcm_excess,-0.0302,0.00654979,300,3,5,20,0.5
2004-05-01,Shops_excess,0.0024,0.00507056,500,3,20,10,0.3
2004-05-01,Hlth_excess,-0.0048,0.00408331,500,3,10,10,0.3
2004-05-01,Utils_excess,0.012,0.0024155,300,3,20,10,0.3
2004-05-01,Other_excess,0.0166,0.00301574,300,3,20,10,0.3
2004-06-01,NoDur_excess,0.0159,0.00578542,500,7,20,20,0.3
2004-06-01,Durbl_excess,0.0526,0.00537329,500,7,20,10,0.3
2004-06-01,Manuf_excess,0.0522,0.00448137,500,3,10,10,0.3
2004-06-01,Enrgy_excess,0.0538,0.00500215,300,3,20,10,0.3
2004-06-01,HiTec_excess,0.0259,0.00553113,500,3,10,10,0.3
2004-06-01,Telcm_excess,0.0072,0.00594375,300,3,5,20,0.5
2004-06-01,Shops_excess,-0.0005,0.004662,500,3,20,10,0.3
2004-06-01,Hlth_excess,-0.0058,0.00302426,500,3,10,10,0.3
2004-06-01,Utils_excess,0.0195,0.00370668,300,3,20,10,0.3
2004-06-01,Other_excess,0.0123,0.00456039,300,3,20,10,0.3
2004-07-01,NoDur_excess,-0.0607,0.00886969,500,7,20,20,0.3
2004-07-01,Durbl_excess,-0.0474,0.00871351,500,7,20,10,0.3
2004-07-01,Manuf_excess,-0.0416,0.00682952,500,3,10,10,0.3
2004-07-01,Enrgy_excess,0.0322,0.00624878,300,3,20,10,0.3
2004-07-01,HiTec_excess,-0.0861,0.0095216,500,3,10,10,0.3
2004-07-01,Telcm_excess,-0.011,0.00645308,300,3,5,20,0.5
2004-07-01,Shops_excess,-0.0413,0.00650118,500,3,20,10,0.3
2004-07-01,Hlth_excess,-0.0603,0.00472503,500,3,10,10,0.3
2004-07-01,Utils_excess,0.0096,0.00457206,300,3,20,10,0.3
2004-07-01,Other_excess,-0.024,0.00736427,300,3,20,10,0.3
2004-08-01,NoDur_excess,0.0068,0.0082512,500,7,20,20,0.3
2004-08-01,Durbl_excess,-0.0234,0.01440289,500,7,20,10,0.3
2004-08-01,Manuf_excess,0.0123,0.00759839,500,3,10,10,0.3
2004-08-01,Enrgy_excess,-0.0149,0.00808494,300,3,20,10,0.3
2004-08-01,HiTec_excess,-0.0462,0.01010723,500,3,10,10,0.3
2004-08-01,Telcm_excess,0.0106,0.00827025,300,3,5,20,0.5
2004-08-01,Shops_excess,-0.0131,0.0073138,500,3,20,10,0.3
2004-08-01,Hlth_excess,0.0153,0.00522447,500,3,10,10,0.3
2004-08-01,Utils_excess,0.0356,0.004389,300,3,20,10,0.3
2004-08-01,Other_excess,0.0177,0.00922073,300,3,20,10,0.3
2004-09-01,NoDur_excess,-0.0213,0.00913153,500,7,20,20,0.3
2004-09-01,Durbl_excess,0.0219,0.01148503,500,7,20,10,0.3
2004-09-01,Manuf_excess,0.0183,0.00732544,500,3,10,10,0.3
2004-09-01,Enrgy_excess,0.0871,0.00772458,300,3,20,10,0.3
2004-09-01,HiTec_excess,0.0335,0.00997811,500,3,10,10,0.3
2004-09-01,Telcm_excess,0.0122,0.00830936,300,3,5,20,0.5
2004-09-01,Shops_excess,0.025,0.00801062,500,3,20,10,0.3
2004-09-01,Hlth_excess,-0.0152,0.00625028,500,3,10,10,0.3
2004-09-01,Utils_excess,0.0127,0.00455692,300,3,20,10,0.3
2004-09-01,Other_excess,0.0099,0.00925558,300,3,20,10,0.3
2004-10-01,NoDur_excess,0.0273,0.0075195,500,7,20,20,0.3
2004-10-01,Durbl_excess,-0.0311,0.00987581,500,7,20,10,0.3
2004-10-01,Manuf_excess,-0.0156,0.00732866,500,3,10,10,0.3
2004-10-01,Enrgy_excess,0.0053,0.00758814,300,3,20,10,0.3
2004-10-01,HiTec_excess,0.0503,0.00973036,500,3,10,10,0.3
2004-10-01,Telcm_excess,0.032,0.00710003,300,3,5,20,0.5
2004-10-01,Shops_excess,0.0295,0.00734283,500,3,20,10,0.3
2004-10-01,Hlth_excess,-0.0254,0.00626833,500,3,10,10,0.3
2004-10-01,Utils_excess,0.0413,0.0043423,300,3,20,10,0.3
2004-10-01,Other_excess,0.0098,0.00806039,300,3,20,10,0.3
2004-11-01,NoDur_excess,0.0446,0.00788842,500,7,20,20,0.3
2004-11-01,Durbl_excess,0.0712,0.00647963,500,7,20,10,0.3
2004-11-01,Manuf_excess,0.0708,0.00503295,500,3,10,10,0.3
2004-11-01,Enrgy_excess,0.0643,0.00587691,300,3,20,10,0.3
2004-11-01,HiTec_excess,0.0558,0.00590523,500,3,10,10,0.3
2004-11-01,Telcm_excess,0.0348,0.00638332,300,3,5,20,0.5
2004-11-01,Shops_excess,0.0352,0.00564343,500,3,20,10,0.3
2004-11-01,Hlth_excess,0.0052,0.00395767,500,3,10,10,0.3
2004-11-01,Utils_excess,0.0474,0.00455302,300,3,20,10,0.3
2004-11-01,Other_excess,0.0454,0.00604035,300,3,20,10,0.3
2004-12-01,NoDur_excess,0.0461,0.009268,500,7,20,20,0.3
2004-12-01,Durbl_excess,0.0472,0.01555193,500,7,20,10,0.3
2004-12-01,Manuf_excess,0.0236,0.00734099,500,3,10,10,0.3
2004-12-01,Enrgy_excess,-0.0247,0.00816854,300,3,20,10,0.3
2004-12-01,HiTec_excess,0.0293,0.01127288,500,3,10,10,0.3
2004-12-01,Telcm_excess,0.0402,0.00727652,300,3,5,20,0.5
2004-12-01,Shops_excess,0.0334,0.00675215,500,3,20,10,0.3
2004-12-01,Hlth_excess,0.055,0.00596056,500,3,10,10,0.3
2004-12-01,Utils_excess,0.0232,0.00380539,300,3,20,10,0.3
2004-12-01,Other_excess,0.0425,0.00717581,300,3,20,10,0.3
2005-01-01,NoDur_excess,0.0007,0.0068245,500,3,20,10,0.3
2005-01-01,Durbl_excess,-0.0718,0.00868494,500,3,20,10,0.3
2005-01-01,Manuf_excess,-0.0192,0.00741743,500,3,10,10,0.3
2005-01-01,Enrgy_excess,0.0287,0.00654524,500,3,20,10,0.3
2005-01-01,HiTec_excess,-0.0648,0.01018811,500,3,10,10,0.3
2005-01-01,Telcm_excess,-0.044,0.00869289,300,3,20,10,0.3
2005-01-01,Shops_excess,-0.0119,0.00783272,300,3,20,10,0.3
2005-01-01,Hlth_excess,-0.0424,0.008032,500,3,5,10,0.3
2005-01-01,Utils_excess,0.016,0.00571713,500,3,20,10,0.3
2005-01-01,Other_excess,-0.0233,0.00855704,300,3,20,10,0.3
2005-02-01,NoDur_excess,0.0057,0.00613739,500,3,20,10,0.3
2005-02-01,Durbl_excess,-0.0041,0.00665927,500,3,20,10,0.3
2005-02-01,Manuf_excess,0.0391,0.00663159,500,3,10,10,0.3
2005-02-01,Enrgy_excess,0.1929,0.00733067,500,3,20,10,0.3
2005-02-01,HiTec_excess,-0.0013,0.0096334,500,3,10,10,0.3
2005-02-01,Telcm_excess,-0.006,0.00803783,300,3,20,10,0.3
2005-02-01,Shops_excess,0.0047,0.00747413,300,3,20,10,0.3
2005-02-01,Hlth_excess,0.0228,0.00769948,500,3,5,10,0.3
2005-02-01,Utils_excess,0.022,0.00535008,500,3,20,10,0.3
2005-02-01,Other_excess,-0.0001,0.00688439,300,3,20,10,0.3
2005-03-01,NoDur_excess,-0.0106,0.00624068,500,3,20,10,0.3
2005-03-01,Durbl_excess,-0.0821,0.00628305,500,3,20,10,0.3
2005-03-01,Manuf_excess,-0.016,0.00611261,500,3,10,10,0.3
2005-03-01,Enrgy_excess,-0.0365,0.00656918,500,3,20,10,0.3
2005-03-01,HiTec_excess,-0.0275,0.00686488,500,3,10,10,0.3
2005-03-01,Telcm_excess,-0.0025,0.00546488,300,3,20,10,0.3
2005-03-01,Shops_excess,0.0001,0.00550973,300,3,20,10,0.3
2005-03-01,Hlth_excess,-0.0069,0.00681972,500,3,5,10,0.3
2005-03-01,Utils_excess,0.004,0.00413566,500,3,20,10,0.3
2005-03-01,Other_excess,-0.0257,0.00598462,300,3,20,10,0.3
2005-04-01,NoDur_excess,-0.0117,0.00160562,500,3,20,10,0.3
2005-04-01,Durbl_excess,-0.1126,0.00200132,500,3,20,10,0.3
2005-04-01,Manuf_excess,-0.0489,0.00389309,500,3,10,10,0.3
2005-04-01,Enrgy_excess,-0.0582,0.00496249,500,3,20,10,0.3
2005-04-01,HiTec_excess,-0.0472,0.00503404,500,3,10,10,0.3
2005-04-01,Telcm_excess,-0.0221,0.0037903,300,3,20,10,0.3
2005-04-01,Shops_excess,-0.0549,0.00153848,300,3,20,10,0.3
2005-04-01,Hlth_excess,0.0374,0.004459,500,3,5,10,0.3
2005-04-01,Utils_excess,0.0192,0.0022656,500,3,20,10,0.3
2005-04-01,Other_excess,-0.018,0.00059357,300,3,20,10,0.3
2005-05-01,NoDur_excess,0.0209,0.00554203,500,3,20,10,0.3
2005-05-01,Durbl_excess,0.0857,0.00332564,500,3,20,10,0.3
2005-05-01,Manuf_excess,0.0267,0.00398039,500,3,10,10,0.3
2005-05-01,Enrgy_excess,0.0186,0.00595669,500,3,20,10,0.3
2005-05-01,HiTec_excess,0.0797,0.00497037,500,3,10,10,0.3
2005-05-01,Telcm_excess,0.0126,0.00533069,300,3,20,10,0.3
2005-05-01,Shops_excess,0.0619,0.00462737,300,3,20,10,0.3
2005-05-01,Hlth_excess,0.0124,0.00568026,500,3,5,10,0.3
2005-05-01,Utils_excess,0.0142,0.00474683,500,3,20,10,0.3
2005-05-01,Other_excess,0.03,0.00436673,300,3,20,10,0.3
2005-06-01,NoDur_excess,-0.019,0.00611265,500,3,20,10,0.3
2005-06-01,Durbl_excess,0.0187,0.0073067,500,3,20,10,0.3
2005-06-01,Manuf_excess,-0.0139,0.0064879,500,3,10,10,0.3
2005-06-01,Enrgy_excess,0.0553,0.00850823,500,3,20,10,0.3
2005-06-01,HiTec_excess,-0.0187,0.00936817,500,3,10,10,0.3
2005-06-01,Telcm_excess,-0.0004,0.00827002,300,3,20,10,0.3
2005-06-01,Shops_excess,0.0221,0.00806202,300,3,20,10,0.3
2005-06-01,Hlth_excess,-0.0081,0.00820069,500,3,5,10,0.3
2005-06-01,Utils_excess,0.0533,0.00600043,500,3,20,10,0.3
2005-06-01,Other_excess,0.0119,0.00781117,300,3,20,10,0.3
2005-07-01,NoDur_excess,0.0247,0.00557408,500,3,20,10,0.3
2005-07-01,Durbl_excess,0.0518,0.0071318,500,3,20,10,0.3
2005-07-01,Manuf_excess,0.0559,0.00625234,500,3,10,10,0.3
2005-07-01,Enrgy_excess,0.0565,0.00810365,500,3,20,10,0.3
2005-07-01,HiTec_excess,0.0589,0.00952286,500,3,10,10,0.3
2005-07-01,Telcm_excess,0.0289,0.0066975,300,3,20,10,0.3
2005-07-01,Shops_excess,0.0559,0.00718519,300,3,20,10,0.3
2005-07-01,Hlth_excess,0.0348,0.00839549,500,3,5,10,0.3
2005-07-01,Utils_excess,0.0274,0.00592212,500,3,20,10,0.3
2005-07-01,Other_excess,0.0217,0.00680835,300,3,20,10,0.3
2005-08-01,NoDur_excess,-0.0022,0.00518625,500,3,20,10,0.3
2005-08-01,Durbl_excess,-0.0317,0.00502212,500,3,20,10,0.3
2005-08-01,Manuf_excess,-0.0166,0.00615713,500,3,10,10,0.3
2005-08-01,Enrgy_excess,0.0551,0.00694359,500,3,20,10,0.3
2005-08-01,HiTec_excess,-0.0068,0.00820498,500,3,10,10,0.3
2005-08-01,Telcm_excess,-0.015,0.00389847,300,3,20,10,0.3
2005-08-01,Shops_excess,-0.059,0.00619876,300,3,20,10,0.3
2005-08-01,Hlth_excess,-0.0061,0.00745068,500,3,5,10,0.3
2005-08-01,Utils_excess,0.0095,0.00413093,500,3,20,10,0.3
2005-08-01,Other_excess,-0.0197,0.00517597,300,3,20,10,0.3
2005-09-01,NoDur_excess,0.0008,0.0052552,500,3,20,10,0.3
2005-09-01,Durbl_excess,-0.0463,0.00410344,500,3,20,10,0.3
2005-09-01,Manuf_excess,0.0055,0.00554204,500,3,10,10,0.3
2005-09-01,Enrgy_excess,0.0697,0.00738897,500,3,20,10,0.3
2005-09-01,HiTec_excess,0.0038,0.00794078,500,3,10,10,0.3
2005-09-01,Telcm_excess,-0.0176,0.00568569,300,3,20,10,0.3
2005-09-01,Shops_excess,-0.0209,0.00602596,300,3,20,10,0.3
2005-09-01,Hlth_excess,-0.0222,0.00739175,500,3,5,10,0.3
2005-09-01,Utils_excess,0.0409,0.00585602,500,3,20,10,0.3
2005-09-01,Other_excess,0.0093,0.00497229,300,3,20,10,0.3
2005-10-01,NoDur_excess,-0.0177,0.00053849,500,3,20,10,0.3
2005-10-01,Durbl_excess,-0.0548,0.00091948,500,3,20,10,0.3
2005-10-01,Manuf_excess,-0.0266,0.00144328,500,3,10,10,0.3
2005-10-01,Enrgy_excess,-0.1043,0.00469869,500,3,20,10,0.3
2005-10-01,HiTec_excess,-0.0205,0.00453278,500,3,10,10,0.3
2005-10-01,Telcm_excess,-0.033,0.00177157,300,3,20,10,0.3
2005-10-01,Shops_excess,0.0127,-0.00086798,300,3,20,10,0.3
2005-10-01,Hlth_excess,-0.0353,0.0044956,500,3,5,10,0.3
2005-10-01,Utils_excess,-0.0712,0.00177674,500,3,20,10,0.3
2005-10-01,Other_excess,0.0097,-0.00260923,300,3,20,10,0.3
2005-11-01,NoDur_excess,0.0068,0.00520708,500,3,20,10,0.3
2005-11-01,Durbl_excess,0.019,0.00466304,500,3,20,10,0.3
2005-11-01,Manuf_excess,0.05,0.00692062,500,3,10,10,0.3
2005-11-01,Enrgy_excess,0.007,0.00793583,500,3,20,10,0.3
2005-11-01,HiTec_excess,0.0614,0.01130619,500,3,10,10,0.3
2005-11-01,Telcm_excess,0.0233,0.00527473,300,3,20,10,0.3
2005-11-01,Shops_excess,0.0363,0.00660945,300,3,20,10,0.3
2005-11-01,Hlth_excess,0.0128,0.00814067,500,3,5,10,0.3
2005-11-01,Utils_excess,-0.0053,0.00437354,500,3,20,10,0.3
2005-11-01,Other_excess,0.046,0.00660399,300,3,20,10,0.3
2005-12-01,NoDur_excess,-0.0039,0.00709932,500,3,20,10,0.3
2005-12-01,Durbl_excess,-0.0097,0.01176526,500,3,20,10,0.3
2005-12-01,Manuf_excess,0.0112,0.00731249,500,3,10,10,0.3
2005-12-01,Enrgy_excess,0.0012,0.0039897,500,3,20,10,0.3
2005-12-01,HiTec_excess,-0.0223,0.01940936,500,3,10,10,0.3
2005-12-01,Telcm_excess,-0.0205,0.00272464,300,3,20,10,0.3
2005-12-01,Shops_excess,-0.0091,0.00905623,300,3,20,10,0.3
2005-12-01,Hlth_excess,0.0208,0.01099607,500,3,5,10,0.3
2005-12-01,Utils_excess,0.0092,0.00283777,500,3,20,10,0.3
2005-12-01,Other_excess,-0.0013,0.00230934,300,3,20,10,0.3
2006-01-01,NoDur_excess,-0.0025,0.00530788,500,3,20,10,0.3
2006-01-01,Durbl_excess,0.0544,0.00404786,500,3,20,10,0.3
2006-01-01,Manuf_excess,0.0482,0.00643791,500,3,10,10,0.3
2006-01-01,Enrgy_excess,0.1219,0.00665407,500,3,20,10,0.3
2006-01-01,HiTec_excess,0.0371,0.01044979,500,3,10,10,0.3
2006-01-01,Telcm_excess,0.0351,0.00705862,300,3,20,10,0.3
2006-01-01,Shops_excess,0.0166,0.00568827,300,3,20,10,0.3
2006-01-01,Hlth_excess,0.0184,0.00845808,500,3,5,10,0.3
2006-01-01,Utils_excess,0.0268,0.00688796,500,3,20,10,0.3
2006-01-01,Other_excess,0.0123,0.0062896,300,3,20,10,0.3
2006-02-01,NoDur_excess,0.0081,0.00213913,500,3,20,10,0.3
2006-02-01,Durbl_excess,-0.0072,-0.00037314,500,3,20,10,0.3
2006-02-01,Manuf_excess,0.0068,0.0033235,500,3,10,10,0.3
2006-02-01,Enrgy_excess,-0.0848,0.00554556,500,3,20,10,0.3
2006-02-01,HiTec_excess,-0.0133,0.00555634,500,3,10,10,0.3
2006-02-01,Telcm_excess,0.0296,0.00346367,300,3,20,10,0.3
2006-02-01,Shops_excess,0.0106,0.00031232,300,3,20,10,0.3
2006-02-01,Hlth_excess,0.0071,0.00510708,500,3,5,10,0.3
2006-02-01,Utils_excess,-0.0011,0.00234902,500,3,20,10,0.3
2006-02-01,Other_excess,0.0065,0.00174789,300,3,20,10,0.3
2006-03-01,NoDur_excess,0.0087,0.00500526,500,3,20,10,0.3
2006-03-01,Durbl_excess,0.0229,0.00315298,500,3,20,10,0.3
2006-03-01,Manuf_excess,0.0264,0.00629964,500,3,10,10,0.3
2006-03-01,Enrgy_excess,0.0363,0.00869434,500,3,20,10,0.3
2006-03-01,HiTec_excess,0.0251,0.01043539,500,3,10,10,0.3
2006-03-01,Telcm_excess,0.0143,0.00679334,300,3,20,10,0.3
2006-03-01,Shops_excess,0.0206,0.00599251,300,3,20,10,0.3
2006-03-01,Hlth_excess,-0.0138,0.00844115,500,3,5,10,0.3
2006-03-01,Utils_excess,-0.0402,0.00627969,500,3,20,10,0.3
2006-03-01,Other_excess,0.015,0.00637181,300,3,20,10,0.3
2006-04-01,NoDur_excess,0.0069,0.00327446,500,3,20,10,0.3
2006-04-01,Durbl_excess,-0.0008,-0.00035827,500,3,20,10,0.3
2006-04-01,Manuf_excess,0.0372,0.00160778,500,3,10,10,0.3
2006-04-01,Enrgy_excess,0.0416,0.00297687,500,3,20,10,0.3
2006-04-01,HiTec_excess,-0.015,0.00387011,500,3,10,10,0.3
2006-04-01,Telcm_excess,0.0111,0.00160006,300,3,20,10,0.3
2006-04-01,Shops_excess,-0.0194,0.00120363,300,3,20,10,0.3
2006-04-01,Hlth_excess,-0.0222,0.00625575,500,3,5,10,0.3
2006-04-01,Utils_excess,0.0146,0.00365624,500,3,20,10,0.3
2006-04-01,Other_excess,0.0179,0.00025302,300,3,20,10,0.3
2006-05-01,NoDur_excess,0.0063,0.00268672,500,3,20,10,0.3
2006-05-01,Durbl_excess,0.002,-0.00081046,500,3,20,10,0.3
2006-05-01,Manuf_excess,-0.0378,0.00401849,500,3,10,10,0.3
2006-05-01,Enrgy_excess,-0.0389,0.00557014,500,3,20,10,0.3
2006-05-01,HiTec_excess,-0.0733,0.00510079,500,3,10,10,0.3
2006-05-01,Telcm_excess,-0.0043,0.00273608,300,3,20,10,0.3
2006-05-01,Shops_excess,-0.023,-0.00042163,300,3,20,10,0.3
2006-05-01,Hlth_excess,-0.0263,0.0049968,500,3,5,10,0.3
2006-05-01,Utils_excess,0.0108,0.00245272,500,3,20,10,0.3
2006-05-01,Other_excess,-0.0352,0.001582,300,3,20,10,0.3
2006-06-01,NoDur_excess,-0.001,0.00596996,500,3,20,10,0.3
2006-06-01,Durbl_excess,0.0147,0.00375951,500,3,20,10,0.3
2006-06-01,Manuf_excess,-0.009,0.00601316,500,3,10,10,0.3
2006-06-01,Enrgy_excess,0.0233,0.00718073,500,3,20,10,0.3
2006-06-01,HiTec_excess,-0.0183,0.0079987,500,3,10,10,0.3
2006-06-01,Telcm_excess,0.0255,0.00463343,300,3,20,10,0.3
2006-06-01,Shops_excess,-0.0011,0.00456398,300,3,20,10,0.3
2006-06-01,Hlth_excess,-0.0051,0.00716483,500,3,5,10,0.3
2006-06-01,Utils_excess,0.0202,0.0058378,500,3,20,10,0.3
2006-06-01,Other_excess,-0.0075,0.00553238,300,3,20,10,0.3
2006-07-01,NoDur_excess,0.0315,0.00609714,500,3,20,10,0.3
2006-07-01,Durbl_excess,-0.0341,0.00408151,500,3,20,10,0.3
2006-07-01,Manuf_excess,-0.0405,0.00659774,500,3,10,10,0.3
2006-07-01,Enrgy_excess,0.0466,0.00825322,500,3,20,10,0.3
2006-07-01,HiTec_excess,-0.0418,0.01048014,500,3,10,10,0.3
2006-07-01,Telcm_excess,0.0204,0.00687695,300,3,20,10,0.3
2006-07-01,Shops_excess,-0.0469,0.00625395,300,3,20,10,0.3
2006-07-01,Hlth_excess,0.0372,0.00834152,500,3,5,10,0.3
2006-07-01,Utils_excess,0.0443,0.00712206,500,3,20,10,0.3
2006-07-01,Other_excess,-0.0131,0.0060882,300,3,20,10,0.3
2006-08-01,NoDur_excess,0.0264,0.0073787,500,3,20,10,0.3
2006-08-01,Durbl_excess,0.0195,0.00425466,500,3,20,10,0.3
2006-08-01,Manuf_excess,0.0163,0.00672831,500,3,10,10,0.3
2006-08-01,Enrgy_excess,-0.0366,0.00842684,500,3,20,10,0.3
2006-08-01,HiTec_excess,0.0699,0.01025862,500,3,10,10,0.3
2006-08-01,Telcm_excess,0.0186,0.00665361,300,3,20,10,0.3
2006-08-01,Shops_excess,0.018,0.00612659,300,3,20,10,0.3
2006-08-01,Hlth_excess,0.0191,0.00837205,500,3,5,10,0.3
2006-08-01,Utils_excess,0.0186,0.00759049,500,3,20,10,0.3
2006-08-01,Other_excess,0.0131,0.00706253,300,3,20,10,0.3
2006-09-01,NoDur_excess,-0.0106,0.00768473,500,3,20,10,0.3
2006-09-01,Durbl_excess,0.0381,0.0033385,500,3,20,10,0.3
2006-09-01,Manuf_excess,0.0148,0.00658171,500,3,10,10,0.3
2006-09-01,Enrgy_excess,-0.0422,0.00924775,500,3,20,10,0.3
2006-09-01,HiTec_excess,0.0316,0.00969334,500,3,10,10,0.3
2006-09-01,Telcm_excess,0.0325,0.00951822,300,3,20,10,0.3
2006-09-01,Shops_excess,0.0528,0.00580906,300,3,20,10,0.3
2006-09-01,Hlth_excess,0.0112,0.00806598,500,3,5,10,0.3
2006-09-01,Utils_excess,-0.0253,0.0085116,500,3,20,10,0.3
2006-09-01,Other_excess,0.0283,0.00801478,300,3,20,10,0.3
2006-10-01,NoDur_excess,0.024,0.00755212,500,3,20,10,0.3
2006-10-01,Durbl_excess,0.0455,0.00361082,500,3,20,10,0.3
2006-10-01,Manuf_excess,0.0401,0.00732803,500,3,10,10,0.3
2006-10-01,Enrgy_excess,0.0479,0.0077754,500,3,20,10,0.3
2006-10-01,HiTec_excess,0.0363,0.01049336,500,3,10,10,0.3
2006-10-01,Telcm_excess,0.0479,0.01014237,300,3,20,10,0.3
2006-10-01,Shops_excess,0.0351,0.00629026,300,3,20,10,0.3
2006-10-01,Hlth_excess,0.0129,0.00865629,500,3,5,10,0.3
2006-10-01,Utils_excess,0.0495,0.00929429,500,3,20,10,0.3
2006-10-01,Other_excess,0.0254,0.00757573,300,3,20,10,0.3
2006-11-01,NoDur_excess,0.0103,0.00647801,500,3,20,10,0.3
2006-11-01,Durbl_excess,0.0138,0.00443191,500,3,20,10,0.3
2006-11-01,Manuf_excess,0.0312,0.00696299,500,3,10,10,0.3
2006-11-01,Enrgy_excess,0.0817,0.00801949,500,3,20,10,0.3
2006-11-01,HiTec_excess,0.026,0.00924671,500,3,10,10,0.3
2006-11-01,Telcm_excess,0.0021,0.01078269,300,3,20,10,0.3
2006-11-01,Shops_excess,-0.0165,0.00670872,300,3,20,10,0.3
2006-11-01,Hlth_excess,-0.0035,0.00805676,500,3,5,10,0.3
2006-11-01,Utils_excess,0.0264,0.00861105,500,3,20,10,0.3
2006-11-01,Other_excess,0.0118,0.00710378,300,3,20,10,0.3
2006-12-01,NoDur_excess,0.0162,0.00821868,500,3,20,10,0.3
2006-12-01,Durbl_excess,-0.0121,0.00584666,500,3,20,10,0.3
2006-12-01,Manuf_excess,0.001,0.00701301,500,3,10,10,0.3
2006-12-01,Enrgy_excess,-0.0233,0.01032548,500,3,20,10,0.3
2006-12-01,HiTec_excess,-0.0137,0.00980742,500,3,10,10,0.3
2006-12-01,Telcm_excess,0.0393,0.01212008,300,3,20,10,0.3
2006-12-01,Shops_excess,0.0106,0.00637834,300,3,20,10,0.3
2006-12-01,Hlth_excess,-0.0027,0.00534265,500,3,5,10,0.3
2006-12-01,Utils_excess,0.0033,0.0088695,500,3,20,10,0.3
2006-12-01,Other_excess,0.0281,0.00875724,300,3,20,10,0.3
2007-01-01,NoDur_excess,0.011,0.00796637,500,3,20,10,0.3
2007-01-01,Durbl_excess,0.0247,0.00339731,500,3,20,10,0.3
2007-01-01,Manuf_excess,0.0272,0.00732919,500,3,10,10,0.3
2007-01-01,Enrgy_excess,-0.0177,0.00897179,500,3,20,10,0.3
2007-01-01,HiTec_excess,0.0155,0.01049993,500,3,10,10,0.3
2007-01-01,Telcm_excess,0.0229,0.00994341,300,3,20,10,0.3
2007-01-01,Shops_excess,0.032,0.00541046,300,3,20,10,0.3
2007-01-01,Hlth_excess,0.0307,0.00634768,500,3,5,10,0.3
2007-01-01,Utils_excess,0.0004,0.00694496,500,3,20,10,0.3
2007-01-01,Other_excess,0.0061,0.00729341,300,3,20,10,0.3
2007-02-01,NoDur_excess,-0.0187,0.0067699,500,3,20,10,0.3
2007-02-01,Durbl_excess,-0.0078,0.00260661,500,3,20,10,0.3
2007-02-01,Manuf_excess,0.0033,0.00671565,500,3,10,10,0.3
2007-02-01,Enrgy_excess,-0.025,0.00705834,500,3,20,10,0.3
2007-02-01,HiTec_excess,-0.0273,0.0101002,500,3,10,10,0.3
2007-02-01,Telcm_excess,-0.0316,0.00939335,300,3,20,10,0.3
2007-02-01,Shops_excess,-0.0106,0.00609244,300,3,20,10,0.3
2007-02-01,Hlth_excess,-0.0323,0.00666471,500,3,5,10,0.3
2007-02-01,Utils_excess,0.0378,0.00662063,500,3,20,10,0.3
2007-02-01,Other_excess,-0.0267,0.00689449,300,3,20,10,0.3
2007-03-01,NoDur_excess,0.0222,0.00749225,500,3,20,10,0.3
2007-03-01,Durbl_excess,-0.0153,0.00192753,500,3,20,10,0.3
2007-03-01,Manuf_excess,0.0121,0.00451488,500,3,10,10,0.3
2007-03-01,Enrgy_excess,0.0547,0.00594958,500,3,20,10,0.3
2007-03-01,HiTec_excess,0.0044,0.00498616,500,3,10,10,0.3
2007-03-01,Telcm_excess,0.0188,0.00945424,300,3,20,10,0.3
2007-03-01,Shops_excess,0.0037,0.00441447,300,3,20,10,0.3
2007-03-01,Hlth_excess,-0.0068,0.00452418,500,3,5,10,0.3
2007-03-01,Utils_excess,0.039,0.00890123,500,3,20,10,0.3
2007-03-01,Other_excess,-0.0069,0.00520628,300,3,20,10,0.3
2007-04-01,NoDur_excess,0.0318,0.00137648,500,3,20,10,0.3
2007-04-01,Durbl_excess,0.0577,-0.00342153,500,3,20,10,0.3
2007-04-01,Manuf_excess,0.0397,0.00291082,500,3,10,10,0.3
2007-04-01,Enrgy_excess,0.0469,0.00387076,500,3,20,10,0.3
2007-04-01,HiTec_excess,0.0441,0.00354653,500,3,10,10,0.3
2007-04-01,Telcm_excess,0.013,0.0064892,300,3,20,10,0.3
2007-04-01,Shops_excess,0.0184,-0.00040545,300,3,20,10,0.3
2007-04-01,Hlth_excess,0.0634,0.002807,500,3,5,10,0.3
2007-04-01,Utils_excess,0.0348,0.00536886,500,3,20,10,0.3
2007-04-01,Other_excess,0.0286,-0.00088021,300,3,20,10,0.3
2007-05-01,NoDur_excess,0.0247,0.00627184,500,3,20,10,0.3
2007-05-01,Durbl_excess,0.0276,0.00267441,500,3,20,10,0.3
2007-05-01,Manuf_excess,0.0436,0.00513655,500,3,10,10,0.3
2007-05-01,Enrgy_excess,0.0674,0.00689781,500,3,20,10,0.3
2007-05-01,HiTec_excess,0.0351,0.00596585,500,3,10,10,0.3
2007-05-01,Telcm_excess,0.069,0.00738508,300,3,20,10,0.3
2007-05-01,Shops_excess,0.0195,0.00441015,300,3,20,10,0.3
2007-05-01,Hlth_excess,0.0073,0.00610121,500,3,5,10,0.3
2007-05-01,Utils_excess,0.0078,0.00712551,500,3,20,10,0.3
2007-05-01,Other_excess,0.0276,0.00534416,300,3,20,10,0.3
2007-06-01,NoDur_excess,-0.0146,0.00737739,500,3,20,10,0.3
2007-06-01,Durbl_excess,0.0148,0.00220423,500,3,20,10,0.3
2007-06-01,Manuf_excess,-0.0108,0.00575863,500,3,10,10,0.3
2007-06-01,Enrgy_excess,0.0046,0.00662255,500,3,20,10,0.3
2007-06-01,HiTec_excess,0.0013,0.00658609,500,3,10,10,0.3
2007-06-01,Telcm_excess,-0.022,0.00755602,300,3,20,10,0.3
2007-06-01,Shops_excess,-0.0237,0.00445019,300,3,20,10,0.3
2007-06-01,Hlth_excess,-0.0377,0.00698057,500,3,5,10,0.3
2007-06-01,Utils_excess,-0.0522,0.00575548,500,3,20,10,0.3
2007-06-01,Other_excess,-0.0317,0.00510138,300,3,20,10,0.3
2007-07-01,NoDur_excess,-0.0455,0.0068406,500,3,20,10,0.3
2007-07-01,Durbl_excess,-0.062,0.0020881,500,3,20,10,0.3
2007-07-01,Manuf_excess,-0.0042,0.00730472,500,3,10,10,0.3
2007-07-01,Enrgy_excess,-0.015,0.00856879,500,3,20,10,0.3
2007-07-01,HiTec_excess,-0.0146,0.01027573,500,3,10,10,0.3
2007-07-01,Telcm_excess,-0.0351,0.00884414,300,3,20,10,0.3
2007-07-01,Shops_excess,-0.0572,0.00538243,300,3,20,10,0.3
2007-07-01,Hlth_excess,-0.0442,0.00861287,500,3,5,10,0.3
2007-07-01,Utils_excess,-0.0413,0.00678039,500,3,20,10,0.3
2007-07-01,Other_excess,-0.0567,0.00520852,300,3,20,10,0.3
2007-08-01,NoDur_excess,0.014,0.0033321,500,3,20,10,0.3
2007-08-01,Durbl_excess,-0.0221,0.00121759,500,3,20,10,0.3
2007-08-01,Manuf_excess,0.0026,0.00113895,500,3,10,10,0.3
2007-08-01,Enrgy_excess,-0.0019,0.00994831,500,3,20,10,0.3
2007-08-01,HiTec_excess,0.0247,0.00747211,500,3,10,10,0.3
2007-08-01,Telcm_excess,-0.0128,0.01079268,300,3,20,10,0.3
2007-08-01,Shops_excess,0.0111,-1.735e-05,300,3,20,10,0.3
2007-08-01,Hlth_excess,0.019,0.00035268,500,3,5,10,0.3
2007-08-01,Utils_excess,0.0142,0.00802709,500,3,20,10,0.3
2007-08-01,Other_excess,0.0076,0.00463437,300,3,20,10,0.3
2007-09-01,NoDur_excess,0.0368,0.00647283,500,3,20,10,0.3
2007-09-01,Durbl_excess,0.014,-0.00120159,500,3,20,10,0.3
2007-09-01,Manuf_excess,0.0511,0.00739476,500,3,10,10,0.3
2007-09-01,Enrgy_excess,0.0752,0.00732119,500,3,20,10,0.3
2007-09-01,HiTec_excess,0.0385,0.01014198,500,3,10,10,0.3
2007-09-01,Telcm_excess,0.0173,0.01053516,300,3,20,10,0.3
2007-09-01,Shops_excess,-0.0097,0.00524824,300,3,20,10,0.3
2007-09-01,Hlth_excess,0.0322,0.00787876,500,3,5,10,0.3
2007-09-01,Utils_excess,0.0316,0.00467743,500,3,20,10,0.3
2007-09-01,Other_excess,0.0231,0.00614436,300,3,20,10,0.3
2007-10-01,NoDur_excess,0.0186,0.00679516,500,3,20,10,0.3
2007-10-01,Durbl_excess,0.0063,0.00616501,500,3,20,10,0.3
2007-10-01,Manuf_excess,0.0065,0.00767289,500,3,10,10,0.3
2007-10-01,Enrgy_excess,0.0247,0.00904318,500,3,20,10,0.3
2007-10-01,HiTec_excess,0.0647,0.00971021,500,3,10,10,0.3
2007-10-01,Telcm_excess,-0.025,0.00769459,300,3,20,10,0.3
2007-10-01,Shops_excess,0.0085,0.00741894,300,3,20,10,0.3
2007-10-01,Hlth_excess,0.0109,0.00751192,500,3,5,10,0.3
2007-10-01,Utils_excess,0.0624,0.00512768,500,3,20,10,0.3
2007-10-01,Other_excess,-0.0008,0.00727156,300,3,20,10,0.3
2007-11-01,NoDur_excess,0.0051,0.01473791,500,3,20,10,0.3
2007-11-01,Durbl_excess,-0.093,0.00757907,500,3,20,10,0.3
2007-11-01,Manuf_excess,-0.03,0.01112016,500,3,10,10,0.3
2007-11-01,Enrgy_excess,-0.0468,0.01059926,500,3,20,10,0.3
2007-11-01,HiTec_excess,-0.0785,0.00970412,500,3,10,10,0.3
2007-11-01,Telcm_excess,-0.0659,0.01284258,300,3,20,10,0.3
2007-11-01,Shops_excess,-0.0407,0.01252271,300,3,20,10,0.3
2007-11-01,Hlth_excess,-0.0033,0.01559806,500,3,5,10,0.3
2007-11-01,Utils_excess,-0.0105,0.01273701,500,3,20,10,0.3
2007-11-01,Other_excess,-0.0632,0.01361119,300,3,20,10,0.3
2007-12-01,NoDur_excess,-0.0128,0.01225173,500,3,20,10,0.3
2007-12-01,Durbl_excess,-0.0243,0.00111208,500,3,20,10,0.3
2007-12-01,Manuf_excess,0.0073,0.00944432,500,3,10,10,0.3
2007-12-01,Enrgy_excess,0.0743,0.00739898,500,3,20,10,0.3
2007-12-01,HiTec_excess,0.0119,0.00994193,500,3,10,10,0.3
2007-12-01,Telcm_excess,-0.0052,0.01597564,300,3,20,10,0.3
2007-12-01,Shops_excess,-0.0295,0.00566795,300,3,20,10,0.3
2007-12-01,Hlth_excess,-0.0422,0.01314636,500,3,5,10,0.3
2007-12-01,Utils_excess,0.0063,0.01171843,500,3,20,10,0.3
2007-12-01,Other_excess,-0.0376,0.01251847,300,3,20,10,0.3
2008-01-01,NoDur_excess,-0.054,0.01478241,500,3,20,10,0.3
2008-01-01,Durbl_excess,-0.0541,0.01053129,500,3,20,10,0.3
2008-01-01,Manuf_excess,-0.0764,0.01824958,500,3,10,10,0.3
2008-01-01,Enrgy_excess,-0.0932,0.0142214,500,3,20,10,0.3
2008-01-01,HiTec_excess,-0.1256,0.01990225,500,3,10,10,0.3
2008-01-01,Telcm_excess,-0.0799,0.01624909,300,3,20,10,0.3
2008-01-01,Shops_excess,-0.0068,0.0119434,300,3,20,10,0.3
2008-01-01,Hlth_excess,-0.0482,0.03010512,500,3,5,10,0.3
2008-01-01,Utils_excess,-0.0714,0.01384881,500,3,20,10,0.3
2008-01-01,Other_excess,-0.0225,0.01653507,300,3,20,10,0.3
2008-02-01,NoDur_excess,-0.0026,0.01091212,500,3,20,10,0.3
2008-02-01,Durbl_excess,-0.0613,0.00174601,500,3,20,10,0.3
2008-02-01,Manuf_excess,0.0061,0.01513841,500,3,10,10,0.3
2008-02-01,Enrgy_excess,0.0681,0.00910932,500,3,20,10,0.3
2008-02-01,HiTec_excess,-0.0371,0.01296609,500,3,10,10,0.3
2008-02-01,Telcm_excess,-0.0398,0.01198076,300,3,20,10,0.3
2008-02-01,Shops_excess,-0.0478,0.00725529,300,3,20,10,0.3
2008-02-01,Hlth_excess,-0.0106,0.02086466,500,3,5,10,0.3
2008-02-01,Utils_excess,-0.0316,0.00880292,500,3,20,10,0.3
2008-02-01,Other_excess,-0.0803,0.01146265,300,3,20,10,0.3
2008-03-01,NoDur_excess,0.0101,0.01205771,500,3,20,10,0.3
2008-03-01,Durbl_excess,-0.0431,0.00623318,500,3,20,10,0.3
2008-03-01,Manuf_excess,-0.0032,0.01601223,500,3,10,10,0.3
2008-03-01,Enrgy_excess,-0.0306,0.01325549,500,3,20,10,0.3
2008-03-01,HiTec_excess,0.005,0.01396644,500,3,10,10,0.3
2008-03-01,Telcm_excess,-0.0022,0.01006869,300,3,20,10,0.3
2008-03-01,Shops_excess,0.0168,0.00923042,300,3,20,10,0.3
2008-03-01,Hlth_excess,-0.0194,0.02043714,500,3,5,10,0.3
2008-03-01,Utils_excess,0.0064,0.0088491,500,3,20,10,0.3
2008-03-01,Other_excess,-0.0211,0.01273557,300,3,20,10,0.3
2008-04-01,NoDur_excess,-0.0133,0.00980665,500,3,20,10,0.3
2008-04-01,Durbl_excess,0.0638,0.00189012,500,3,20,10,0.3
2008-04-01,Manuf_excess,0.0489,0.01277576,500,3,10,10,0.3
2008-04-01,Enrgy_excess,0.1045,0.00900355,500,3,20,10,0.3
2008-04-01,HiTec_excess,0.0626,0.00948571,500,3,10,10,0.3
2008-04-01,Telcm_excess,0.0444,0.00967352,300,3,20,10,0.3
2008-04-01,Shops_excess,0.0483,0.00549244,300,3,20,10,0.3
2008-04-01,Hlth_excess,0.0025,0.01621501,500,3,5,10,0.3
2008-04-01,Utils_excess,0.0621,0.0056207,500,3,20,10,0.3
2008-04-01,Other_excess,0.0329,0.00721182,300,3,20,10,0.3
2008-05-01,NoDur_excess,0.032,0.01207686,500,3,20,10,0.3
2008-05-01,Durbl_excess,0.0115,0.00897771,500,3,20,10,0.3
2008-05-01,Manuf_excess,0.0312,0.01356689,500,3,10,10,0.3
2008-05-01,Enrgy_excess,0.041,0.01358177,500,3,20,10,0.3
2008-05-01,HiTec_excess,0.0547,0.00751279,500,3,10,10,0.3
2008-05-01,Telcm_excess,0.0461,0.00831935,300,3,20,10,0.3
2008-05-01,Shops_excess,0.0101,0.01092704,300,3,20,10,0.3
2008-05-01,Hlth_excess,0.0144,0.01025093,500,3,5,10,0.3
2008-05-01,Utils_excess,0.0341,0.01214411,500,3,20,10,0.3
2008-05-01,Other_excess,-0.0257,0.01138319,300,3,20,10,0.3
2008-06-01,NoDur_excess,-0.0751,0.008989,500,3,20,10,0.3
2008-06-01,Durbl_excess,-0.1967,0.00513707,500,3,20,10,0.3
2008-06-01,Manuf_excess,-0.0936,0.01208826,500,3,10,10,0.3
2008-06-01,Enrgy_excess,0.0265,0.01150669,500,3,20,10,0.3
2008-06-01,HiTec_excess,-0.0899,0.01262828,500,3,10,10,0.3
2008-06-01,Telcm_excess,-0.1109,0.00944097,300,3,20,10,0.3
2008-06-01,Shops_excess,-0.0826,0.00479731,300,3,20,10,0.3
2008-06-01,Hlth_excess,-0.0318,0.00975416,500,3,5,10,0.3
2008-06-01,Utils_excess,-0.0058,0.00729907,500,3,20,10,0.3
2008-06-01,Other_excess,-0.1493,0.00626664,300,3,20,10,0.3
2008-07-01,NoDur_excess,0.0211,0.00430369,500,3,20,10,0.3
2008-07-01,Durbl_excess,-0.0081,-0.0042237,500,3,20,10,0.3
2008-07-01,Manuf_excess,-0.0039,0.00524431,500,3,10,10,0.3
2008-07-01,Enrgy_excess,-0.1581,0.01246743,500,3,20,10,0.3
2008-07-01,HiTec_excess,-0.0072,0.00777221,500,3,10,10,0.3
2008-07-01,Telcm_excess,-0.0324,0.0078748,300,3,20,10,0.3
2008-07-01,Shops_excess,0.0099,-0.00130461,300,3,20,10,0.3
2008-07-01,Hlth_excess,0.066,0.00738802,500,3,5,10,0.3
2008-07-01,Utils_excess,-0.0725,0.00638967,500,3,20,10,0.3
2008-07-01,Other_excess,0.0424,0.00151809,300,3,20,10,0.3
2008-08-01,NoDur_excess,0.0159,0.00884181,500,3,20,10,0.3
2008-08-01,Durbl_excess,0.0153,0.00050242,500,3,20,10,0.3
2008-08-01,Manuf_excess,0.0129,0.01029829,500,3,10,10,0.3
2008-08-01,Enrgy_excess,-0.0017,0.00932013,500,3,20,10,0.3
2008-08-01,HiTec_excess,0.0227,0.01037661,500,3,10,10,0.3
2008-08-01,Telcm_excess,0.0387,0.00577887,300,3,20,10,0.3
2008-08-01,Shops_excess,0.0526,0.00458881,300,3,20,10,0.3
2008-08-01,Hlth_excess,0.0164,0.01124612,500,3,5,10,0.3
2008-08-01,Utils_excess,-0.0059,0.00466898,500,3,20,10,0.3
2008-08-01,Other_excess,0.0054,0.00754453,300,3,20,10,0.3
2008-09-01,NoDur_excess,-0.0311,0.0097113,500,3,20,10,0.3
2008-09-01,Durbl_excess,-0.0914,0.00217865,500,3,20,10,0.3
2008-09-01,Manuf_excess,-0.1366,0.01215094,500,3,10,10,0.3
2008-09-01,Enrgy_excess,-0.1227,0.0103969,500,3,20,10,0.3
2008-09-01,HiTec_excess,-0.1262,0.01461671,500,3,10,10,0.3
2008-09-01,Telcm_excess,-0.1276,0.00961182,300,3,20,10,0.3
2008-09-01,Shops_excess,-0.0591,0.00835577,300,3,20,10,0.3
2008-09-01,Hlth_excess,-0.061,0.0147685,500,3,5,10,0.3
2008-09-01,Utils_excess,-0.1199,0.00491839,500,3,20,10,0.3
2008-09-01,Other_excess,-0.0646,0.00984126,300,3,20,10,0.3
2008-10-01,NoDur_excess,-0.1349,0.00675674,500,3,20,10,0.3
2008-10-01,Durbl_excess,-0.337,0.00592427,500,3,20,10,0.3
2008-10-01,Manuf_excess,-0.2079,0.0095654,500,3,10,10,0.3
2008-10-01,Enrgy_excess,-0.1686,0.01054921,500,3,20,10,0.3
2008-10-01,HiTec_excess,-0.1834,0.01289017,500,3,10,10,0.3
2008-10-01,Telcm_excess,-0.1561,0.00920794,300,3,20,10,0.3
2008-10-01,Shops_excess,-0.1516,0.00363412,300,3,20,10,0.3
2008-10-01,Hlth_excess,-0.1111,0.01079662,500,3,5,10,0.3
2008-10-01,Utils_excess,-0.112,0.00582941,500,3,20,10,0.3
2008-10-01,Other_excess,-0.198,0.0100087,300,3,20,10,0.3
2008-11-01,NoDur_excess,-0.044,0.00666446,500,3,20,10,0.3
2008-11-01,Durbl_excess,-0.1074,0.01020274,500,3,20,10,0.3
2008-11-01,Manuf_excess,-0.0771,0.00283553,500,3,10,10,0.3
2008-11-01,Enrgy_excess,0.0011,0.00187068,500,3,20,10,0.3
2008-11-01,HiTec_excess,-0.109,0.00906647,500,3,10,10,0.3
2008-11-01,Telcm_excess,-0.0161,-0.00351264,300,3,20,10,0.3
2008-11-01,Shops_excess,-0.0771,0.01010936,300,3,20,10,0.3
2008-11-01,Hlth_excess,-0.0736,0.00375512,500,3,5,10,0.3
2008-11-01,Utils_excess,0.0123,-0.00035703,500,3,20,10,0.3
2008-11-01,Other_excess,-0.1239,-0.00146518,300,3,20,10,0.3
2008-12-01,NoDur_excess,0.0087,0.00333652,500,3,20,10,0.3
2008-12-01,Durbl_excess,0.0017,0.00850582,500,3,20,10,0.3
2008-12-01,Manuf_excess,0.0139,-0.00166741,500,3,10,10,0.3
2008-12-01,Enrgy_excess,-0.0243,0.00449522,500,3,20,10,0.3
2008-12-01,HiTec_excess,0.0217,-0.00356359,500,3,10,10,0.3
2008-12-01,Telcm_excess,0.0347,-0.00722971,300,3,20,10,0.3
2008-12-01,Shops_excess,0.0489,0.00542639,300,3,20,10,0.3
2008-12-01,Hlth_excess,0.0674,-0.0014266,500,3,5,10,0.3
2008-12-01,Utils_excess,-0.0204,-0.00195792,500,3,20,10,0.3
2008-12-01,Other_excess,0.0081,-0.00103759,300,3,20,10,0.3
2009-01-01,NoDur_excess,-0.0505,0.00741042,500,3,20,10,0.3
2009-01-01,Durbl_excess,-0.1269,0.01891622,500,3,20,10,0.3
2009-01-01,Manuf_excess,-0.0922,0.00306566,500,3,10,10,0.3
2009-01-01,Enrgy_excess,-0.0353,0.0045856,500,3,20,10,0.3
2009-01-01,HiTec_excess,-0.032,-0.00578556,500,3,10,10,0.3
2009-01-01,Telcm_excess,-0.1032,-0.00250719,300,3,20,10,0.3
2009-01-01,Shops_excess,-0.0761,0.01285956,300,3,20,10,0.3
2009-01-01,Hlth_excess,-0.022,0.00423204,500,3,5,10,0.3
2009-01-01,Utils_excess,-0.0084,-0.0051682,500,3,20,10,0.3
2009-01-01,Other_excess,-0.1766,0.00230671,300,3,20,10,0.3
2009-02-01,NoDur_excess,-0.0767,0.00479453,500,3,20,10,0.3
2009-02-01,Durbl_excess,-0.1215,0.01068532,500,3,20,10,0.3
2009-02-01,Manuf_excess,-0.1354,0.00132868,500,3,10,10,0.3
2009-02-01,Enrgy_excess,-0.1252,0.00418373,500,3,20,10,0.3
2009-02-01,HiTec_excess,-0.0509,-0.00877966,500,3,10,10,0.3
2009-02-01,Telcm_excess,-0.0696,-0.00385822,300,3,20,10,0.3
2009-02-01,Shops_excess,-0.0306,0.01115916,300,3,20,10,0.3
2009-02-01,Hlth_excess,-0.1083,0.00320046,500,3,5,10,0.3
2009-02-01,Utils_excess,-0.1253,-0.00344067,500,3,20,10,0.3
2009-02-01,Other_excess,-0.146,-0.001434,300,3,20,10,0.3
2009-03-01,NoDur_excess,0.0642,-0.00076824,500,3,20,10,0.3
2009-03-01,Durbl_excess,0.1219,-0.00520865,500,3,20,10,0.3
2009-03-01,Manuf_excess,0.0759,-0.00218993,500,3,10,10,0.3
2009-03-01,Enrgy_excess,0.0394,-0.00165751,500,3,20,10,0.3
2009-03-01,HiTec_excess,0.1145,-0.00650276,500,3,10,10,0.3
2009-03-01,Telcm_excess,0.0793,-0.00890234,300,3,20,10,0.3
2009-03-01,Shops_excess,0.0996,0.00044061,300,3,20,10,0.3
2009-03-01,Hlth_excess,0.0739,-0.00284333,500,3,5,10,0.3
2009-03-01,Utils_excess,0.028,-0.00679476,500,3,20,10,0.3
2009-03-01,Other_excess,0.1305,-0.00479312,300,3,20,10,0.3
2009-04-01,NoDur_excess,0.0496,0.00246637,500,3,20,10,0.3
2009-04-01,Durbl_excess,0.4431,0.00098319,500,3,20,10,0.3
2009-04-01,Manuf_excess,0.1705,-0.00789205,500,3,10,10,0.3
2009-04-01,Enrgy_excess,0.0453,-0.00021691,500,3,20,10,0.3
2009-04-01,HiTec_excess,0.1228,-0.00457713,500,3,10,10,0.3
2009-04-01,Telcm_excess,0.0964,-0.00517398,300,3,20,10,0.3
2009-04-01,Shops_excess,0.0953,0.00523552,300,3,20,10,0.3
2009-04-01,Hlth_excess,-0.0095,-0.00446352,500,3,5,10,0.3
2009-04-01,Utils_excess,0.0208,-0.00447405,500,3,20,10,0.3
2009-04-01,Other_excess,0.1621,-0.00196899,300,3,20,10,0.3
2009-05-01,NoDur_excess,0.0716,0.00226213,500,3,20,10,0.3
2009-05-01,Durbl_excess,-0.0322,0.01906136,500,3,20,10,0.3
2009-05-01,Manuf_excess,0.055,0.00133132,500,3,10,10,0.3
2009-05-01,Enrgy_excess,0.105,0.00101373,500,3,20,10,0.3
2009-05-01,HiTec_excess,0.0304,-0.00247539,500,3,10,10,0.3
2009-05-01,Telcm_excess,0.0105,-0.00444249,300,3,20,10,0.3
2009-05-01,Shops_excess,-0.0093,0.01203416,300,3,20,10,0.3
2009-05-01,Hlth_excess,0.0621,-0.00597778,500,3,5,10,0.3
2009-05-01,Utils_excess,0.0464,-0.0030645,500,3,20,10,0.3
2009-05-01,Other_excess,0.0716,0.00248941,300,3,20,10,0.3
2009-06-01,NoDur_excess,0.0064,0.00495049,500,3,20,10,0.3
2009-06-01,Durbl_excess,0.0439,0.0061435,500,3,20,10,0.3
2009-06-01,Manuf_excess,-0.0174,0.00483271,500,3,10,10,0.3
2009-06-01,Enrgy_excess,-0.0479,0.00339318,500,3,20,10,0.3
2009-06-01,HiTec_excess,0.0452,0.00155706,500,3,10,10,0.3
2009-06-01,Telcm_excess,0.0164,-0.00417488,300,3,20,10,0.3
2009-06-01,Shops_excess,-0.003,0.00864325,300,3,20,10,0.3
2009-06-01,Hlth_excess,0.036,0.00136725,500,3,5,10,0.3
2009-06-01,Utils_excess,0.0463,-0.00123707,500,3,20,10,0.3
2009-06-01,Other_excess,-0.0201,0.00331276,300,3,20,10,0.3
2009-07-01,NoDur_excess,0.073,0.00212358,500,3,20,10,0.3
2009-07-01,Durbl_excess,0.1975,0.00179305,500,3,20,10,0.3
2009-07-01,Manuf_excess,0.1132,0.00289227,500,3,10,10,0.3
2009-07-01,Enrgy_excess,0.0534,0.00110358,500,3,20,10,0.3
2009-07-01,HiTec_excess,0.0809,-0.00220068,500,3,10,10,0.3
2009-07-01,Telcm_excess,0.0553,-0.00544921,300,3,20,10,0.3
2009-07-01,Shops_excess,0.0676,0.00229805,300,3,20,10,0.3
2009-07-01,Hlth_excess,0.0547,6.024e-05,500,3,5,10,0.3
2009-07-01,Utils_excess,0.044,-0.00284718,500,3,20,10,0.3
2009-07-01,Other_excess,0.0916,0.00102156,300,3,20,10,0.3
2009-08-01,NoDur_excess,0.0073,0.00488493,500,3,20,10,0.3
2009-08-01,Durbl_excess,0.0249,0.00788014,500,3,20,10,0.3
2009-08-01,Manuf_excess,0.0296,0.00495941,500,3,10,10,0.3
2009-08-01,Enrgy_excess,0.0077,0.00488738,500,3,20,10,0.3
2009-08-01,HiTec_excess,0.0226,0.00167783,500,3,10,10,0.3
2009-08-01,Telcm_excess,0.0072,-0.0029224,300,3,20,10,0.3
2009-08-01,Shops_excess,0.037,0.00555453,300,3,20,10,0.3
2009-08-01,Hlth_excess,0.0219,0.00412577,500,3,5,10,0.3
2009-08-01,Utils_excess,0.0024,0.00076669,500,3,20,10,0.3
2009-08-01,Other_excess,0.0772,0.00597844,300,3,20,10,0.3
2009-09-01,NoDur_excess,0.0422,0.00418456,500,3,20,10,0.3
2009-09-01,Durbl_excess,0.0209,0.00958564,500,3,20,10,0.3
2009-09-01,Manuf_excess,0.0651,0.0081532,500,3,10,10,0.3
2009-09-01,Enrgy_excess,0.0511,0.00840941,500,3,20,10,0.3
2009-09-01,HiTec_excess,0.0522,0.00583815,500,3,10,10,0.3
2009-09-01,Telcm_excess,0.0648,-0.003069,300,3,20,10,0.3
2009-09-01,Shops_excess,0.0239,0.00612554,300,3,20,10,0.3
2009-09-01,Hlth_excess,0.0217,0.00467488,500,3,5,10,0.3
2009-09-01,Utils_excess,0.0223,-0.00175381,500,3,20,10,0.3
2009-09-01,Other_excess,0.0311,0.00830872,300,3,20,10,0.3
2009-10-01,NoDur_excess,-0.0062,0.00510435,500,3,20,10,0.3
2009-10-01,Durbl_excess,-0.0061,0.01082728,500,3,20,10,0.3
2009-10-01,Manuf_excess,-0.0287,0.00836129,500,3,10,10,0.3
2009-10-01,Enrgy_excess,0.0248,0.00837351,500,3,20,10,0.3
2009-10-01,HiTec_excess,-0.015,0.00816546,500,3,10,10,0.3
2009-10-01,Telcm_excess,-0.0398,0.00171031,300,3,20,10,0.3
2009-10-01,Shops_excess,0.0004,0.00695433,300,3,20,10,0.3
2009-10-01,Hlth_excess,-0.0347,0.00455288,500,3,5,10,0.3
2009-10-01,Utils_excess,-0.0271,-0.00287427,500,3,20,10,0.3
2009-10-01,Other_excess,-0.0545,0.00854795,300,3,20,10,0.3
2009-11-01,NoDur_excess,0.0386,0.00194201,500,3,20,10,0.3
2009-11-01,Durbl_excess,0.1037,0.00648815,500,3,20,10,0.3
2009-11-01,Manuf_excess,0.0761,0.00621339,500,3,10,10,0.3
2009-11-01,Enrgy_excess,0.0322,0.00360333,500,3,20,10,0.3
2009-11-01,HiTec_excess,0.0483,0.00516416,500,3,10,10,0.3
2009-11-01,Telcm_excess,0.0684,-0.00157798,300,3,20,10,0.3
2009-11-01,Shops_excess,0.05,0.00246185,300,3,20,10,0.3
2009-11-01,Hlth_excess,0.0807,0.00238759,500,3,5,10,0.3
2009-11-01,Utils_excess,0.0458,-0.00605465,500,3,20,10,0.3
2009-11-01,Other_excess,0.0596,0.00319548,300,3,20,10,0.3
2009-12-01,NoDur_excess,0.0263,0.00202357,500,3,20,10,0.3
2009-12-01,Durbl_excess,0.0564,0.00437382,500,3,20,10,0.3
2009-12-01,Manuf_excess,0.0286,0.00568574,500,3,10,10,0.3
2009-12-01,Enrgy_excess,-0.0053,0.00546047,500,3,20,10,0.3
2009-12-01,HiTec_excess,0.0597,0.00647997,500,3,10,10,0.3
2009-12-01,Telcm_excess,0.0641,0.00102861,300,3,20,10,0.3
2009-12-01,Shops_excess,0.0194,0.0024619,300,3,20,10,0.3
2009-12-01,Hlth_excess,0.0246,0.00447536,500,3,5,10,0.3
2009-12-01,Utils_excess,0.0586,-0.00410876,500,3,20,10,0.3
2009-12-01,Other_excess,0.0087,0.00282574,300,3,20,10,0.3
2010-01-01,NoDur_excess,-0.024,0.00342824,500,3,20,10,0.3
2010-01-01,Durbl_excess,-0.004,0.01776467,300,7,20,10,0.3
2010-01-01,Manuf_excess,-0.0331,0.00204974,300,3,20,10,0.3
2010-01-01,Enrgy_excess,-0.0485,0.00597891,300,7,20,10,0.5
2010-01-01,HiTec_excess,-0.0781,0.00345017,300,3,10,10,0.3
2010-01-01,Telcm_excess,-0.0677,0.00658226,300,3,20,10,0.3
2010-01-01,Shops_excess,-0.0183,0.00498105,300,3,20,10,0.3
2010-01-01,Hlth_excess,-0.0001,0.00120029,300,3,20,10,0.3
2010-01-01,Utils_excess,-0.0445,0.00235884,500,3,20,10,0.3
2010-01-01,Other_excess,-0.0053,0.00401731,300,7,20,10,0.5
2010-02-01,NoDur_excess,0.0266,0.00301515,500,3,20,10,0.3
2010-02-01,Durbl_excess,0.0739,0.00405058,300,7,20,10,0.3
2010-02-01,Manuf_excess,0.0521,0.00523673,300,3,20,10,0.3
2010-02-01,Enrgy_excess,0.0259,0.01090867,300,7,20,10,0.5
2010-02-01,HiTec_excess,0.0479,0.00696507,300,3,10,10,0.3
2010-02-01,Telcm_excess,0.0276,0.00583431,300,3,20,10,0.3
2010-02-01,Shops_excess,0.0429,0.00427938,300,3,20,10,0.3
2010-02-01,Hlth_excess,0.0038,0.00255586,300,3,20,10,0.3
2010-02-01,Utils_excess,-0.0042,-0.00108108,500,3,20,10,0.3
2010-02-01,Other_excess,0.0361,0.00053048,300,7,20,10,0.5
2010-03-01,NoDur_excess,0.0579,0.00583041,500,3,20,10,0.3
2010-03-01,Durbl_excess,0.0937,0.01737996,300,7,20,10,0.3
2010-03-01,Manuf_excess,0.0649,0.00891701,300,3,20,10,0.3
2010-03-01,Enrgy_excess,0.0319,0.01686519,300,7,20,10,0.5
2010-03-01,HiTec_excess,0.0667,0.01004604,300,3,10,10,0.3
2010-03-01,Telcm_excess,0.0762,0.00715882,300,3,20,10,0.3
2010-03-01,Shops_excess,0.0624,0.00808087,300,3,20,10,0.3
2010-03-01,Hlth_excess,0.0362,0.00443062,300,3,20,10,0.3
2010-03-01,Utils_excess,0.0311,-0.00010038,500,3,20,10,0.3
2010-03-01,Other_excess,0.0809,0.01208735,300,7,20,10,0.5
2010-04-01,NoDur_excess,-0.0103,0.00563798,500,3,20,10,0.3
2010-04-01,Durbl_excess,0.0726,0.01285913,300,7,20,10,0.3
2010-04-01,Manuf_excess,0.0317,0.00880505,300,3,20,10,0.3
2010-04-01,Enrgy_excess,0.0407,0.00666794,300,7,20,10,0.5
2010-04-01,HiTec_excess,0.0226,0.00796537,300,3,10,10,0.3
2010-04-01,Telcm_excess,0.034,0.0050263,300,3,20,10,0.3
2010-04-01,Shops_excess,0.0251,0.0076198,300,3,20,10,0.3
2010-04-01,Hlth_excess,-0.0219,0.0024082,300,3,20,10,0.3
2010-04-01,Utils_excess,0.0284,0.00349658,500,3,20,10,0.3
2010-04-01,Other_excess,0.018,0.00673407,300,7,20,10,0.5
2010-05-01,NoDur_excess,-0.0574,0.00622922,500,3,20,10,0.3
2010-05-01,Durbl_excess,-0.0908,0.02234778,300,7,20,10,0.3
2010-05-01,Manuf_excess,-0.0844,0.01001029,300,3,20,10,0.3
2010-05-01,Enrgy_excess,-0.1024,0.01817196,300,7,20,10,0.5
2010-05-01,HiTec_excess,-0.0777,0.01083423,300,3,10,10,0.3
2010-05-01,Telcm_excess,-0.0586,0.00941979,300,3,20,10,0.3
2010-05-01,Shops_excess,-0.0542,0.0089306,300,3,20,10,0.3
2010-05-01,Hlth_excess,-0.0809,0.005733,300,3,20,10,0.3
2010-05-01,Utils_excess,-0.0631,0.00371648,500,3,20,10,0.3
2010-05-01,Other_excess,-0.0876,0.01440011,300,7,20,10,0.5
2010-06-01,NoDur_excess,-0.0192,0.00420824,500,3,20,10,0.3
2010-06-01,Durbl_excess,-0.1069,0.00799152,300,7,20,10,0.3
2010-06-01,Manuf_excess,-0.0581,0.00640067,300,3,20,10,0.3
2010-06-01,Enrgy_excess,-0.0627,0.00797755,300,7,20,10,0.5
2010-06-01,HiTec_excess,-0.0616,0.00805876,300,3,10,10,0.3
2010-06-01,Telcm_excess,-0.0385,0.01058301,300,3,20,10,0.3
2010-06-01,Shops_excess,-0.0912,0.00253234,300,3,20,10,0.3
2010-06-01,Hlth_excess,-0.0167,0.00183155,300,3,20,10,0.3
2010-06-01,Utils_excess,-0.0072,0.00460228,500,3,20,10,0.3
2010-06-01,Other_excess,-0.0651,0.00273982,300,7,20,10,0.5
2010-07-01,NoDur_excess,0.0735,0.00931569,500,3,20,10,0.3
2010-07-01,Durbl_excess,0.1537,0.01430856,300,7,20,10,0.3
2010-07-01,Manuf_excess,0.098,0.00906267,300,3,20,10,0.3
2010-07-01,Enrgy_excess,0.0768,0.00871975,300,7,20,10,0.5
2010-07-01,HiTec_excess,0.0725,0.0116013,300,3,10,10,0.3
2010-07-01,Telcm_excess,0.0958,0.01068957,300,3,20,10,0.3
2010-07-01,Shops_excess,0.046,0.00962883,300,3,20,10,0.3
2010-07-01,Hlth_excess,0.0213,0.00688542,300,3,20,10,0.3
2010-07-01,Utils_excess,0.068,0.00333566,500,3,20,10,0.3
2010-07-01,Other_excess,0.0677,0.01563007,300,7,20,10,0.5
2010-08-01,NoDur_excess,-0.0118,0.00889779,500,3,20,10,0.3
2010-08-01,Durbl_excess,-0.0959,0.02901755,300,7,20,10,0.3
2010-08-01,Manuf_excess,-0.0558,0.01128001,300,3,20,10,0.3
2010-08-01,Enrgy_excess,-0.0345,0.01856128,300,7,20,10,0.5
2010-08-01,HiTec_excess,-0.0654,0.01208081,300,3,10,10,0.3
2010-08-01,Telcm_excess,-0.02,0.00986444,300,3,20,10,0.3
2010-08-01,Shops_excess,-0.0398,0.00870722,300,3,20,10,0.3
2010-08-01,Hlth_excess,-0.0171,0.00704119,300,3,20,10,0.3
2010-08-01,Utils_excess,0.0035,0.00751192,500,3,20,10,0.3
2010-08-01,Other_excess,-0.0711,0.02119076,300,7,20,10,0.5
2010-09-01,NoDur_excess,0.0614,0.00569042,500,3,20,10,0.3
2010-09-01,Durbl_excess,0.1307,0.00784316,300,7,20,10,0.3
2010-09-01,Manuf_excess,0.1015,0.00710283,300,3,20,10,0.3
2010-09-01,Enrgy_excess,0.0919,0.01040648,300,7,20,10,0.5
2010-09-01,HiTec_excess,0.1254,0.01116439,300,3,10,10,0.3
2010-09-01,Telcm_excess,0.0787,0.00908648,300,3,20,10,0.3
2010-09-01,Shops_excess,0.1214,0.00445466,300,3,20,10,0.3
2010-09-01,Hlth_excess,0.0899,0.00363174,300,3,20,10,0.3
2010-09-01,Utils_excess,0.0364,0.00694453,500,3,20,10,0.3
2010-09-01,Other_excess,0.085,0.00576413,300,7,20,10,0.5
2010-10-01,NoDur_excess,0.0439,0.00908822,500,3,20,10,0.3
2010-10-01,Durbl_excess,0.0853,0.02412764,300,7,20,10,0.3
2010-10-01,Manuf_excess,0.0516,0.01270703,300,3,20,10,0.3
2010-10-01,Enrgy_excess,0.0457,0.01825714,300,7,20,10,0.5
2010-10-01,HiTec_excess,0.064,0.01185623,300,3,10,10,0.3
2010-10-01,Telcm_excess,0.0455,0.00914922,300,3,20,10,0.3
2010-10-01,Shops_excess,0.024,0.00958989,300,3,20,10,0.3
2010-10-01,Hlth_excess,0.0193,0.00730934,300,3,20,10,0.3
2010-10-01,Utils_excess,0.0185,0.00781396,500,3,20,10,0.3
2010-10-01,Other_excess,0.0202,0.01714998,300,7,20,10,0.5
2010-11-01,NoDur_excess,-0.0008,0.00852901,500,3,20,10,0.3
2010-11-01,Durbl_excess,0.0731,0.0230936,300,7,20,10,0.3
2010-11-01,Manuf_excess,0.0147,0.01089533,300,3,20,10,0.3
2010-11-01,Enrgy_excess,0.055,0.01593861,300,7,20,10,0.5
2010-11-01,HiTec_excess,-0.0074,0.01111569,300,3,10,10,0.3
2010-11-01,Telcm_excess,-0.019,0.0082325,300,3,20,10,0.3
2010-11-01,Shops_excess,0.0417,0.00870646,300,3,20,10,0.3
2010-11-01,Hlth_excess,-0.0335,0.00680211,300,3,20,10,0.3
2010-11-01,Utils_excess,-0.0137,0.00513956,500,3,20,10,0.3
2010-11-01,Other_excess,0.0048,0.01607158,300,7,20,10,0.5
2010-12-01,NoDur_excess,0.0434,0.00907753,500,3,20,10,0.3
2010-12-01,Durbl_excess,0.0889,0.0303341,300,7,20,10,0.3
2010-12-01,Manuf_excess,0.0698,0.01179155,300,3,20,10,0.3
2010-12-01,Enrgy_excess,0.094,0.01842245,300,7,20,10,0.5
2010-12-01,HiTec_excess,0.0597,0.01182594,300,3,10,10,0.3
2010-12-01,Telcm_excess,0.0658,0.00939791,300,3,20,10,0.3
2010-12-01,Shops_excess,0.032,0.01000169,300,3,20,10,0.3
2010-12-01,Hlth_excess,0.0544,0.00740944,300,3,20,10,0.3
2010-12-01,Utils_excess,0.0322,0.0060398,500,3,20,10,0.3
2010-12-01,Other_excess,0.0922,0.01545313,300,7,20,10,0.5
2011-01-01,NoDur_excess,-0.0238,0.00726845,500,3,20,10,0.3
2011-01-01,Durbl_excess,-0.0025,0.02179891,300,7,20,10,0.3
2011-01-01,Manuf_excess,0.03,0.00444531,300,3,20,10,0.3
2011-01-01,Enrgy_excess,0.0692,0.01488455,300,7,20,10,0.5
2011-01-01,HiTec_excess,0.0391,0.00345712,300,3,10,10,0.3
2011-01-01,Telcm_excess,0.0004,0.00589415,300,3,20,10,0.3
2011-01-01,Shops_excess,-0.0087,0.00833526,300,3,20,10,0.3
2011-01-01,Hlth_excess,-0.0073,0.00363521,300,3,20,10,0.3
2011-01-01,Utils_excess,0.0217,0.00723239,500,3,20,10,0.3
2011-01-01,Other_excess,0.0209,0.00980824,300,7,20,10,0.5
2011-02-01,NoDur_excess,0.0471,0.00791923,500,3,20,10,0.3
2011-02-01,Durbl_excess,-0.0216,0.01958002,300,7,20,10,0.3
2011-02-01,Manuf_excess,0.0342,0.00981754,300,3,20,10,0.3
2011-02-01,Enrgy_excess,0.0762,0.01630349,300,7,20,10,0.5
2011-02-01,HiTec_excess,0.024,0.00913757,300,3,10,10,0.3
2011-02-01,Telcm_excess,0.0739,0.00630504,300,3,20,10,0.3
2011-02-01,Shops_excess,0.0225,0.0079356,300,3,20,10,0.3
2011-02-01,Hlth_excess,0.0332,0.00334972,300,3,20,10,0.3
2011-02-01,Utils_excess,0.0241,0.00629198,500,3,20,10,0.3
2011-02-01,Other_excess,0.0294,0.01158017,300,7,20,10,0.5
2011-03-01,NoDur_excess,0.0302,0.00907864,500,3,20,10,0.3
2011-03-01,Durbl_excess,0.0186,0.01543118,300,7,20,10,0.3
2011-03-01,Manuf_excess,0.0183,0.00950928,300,3,20,10,0.3
2011-03-01,Enrgy_excess,0.021,0.01965875,300,7,20,10,0.5
2011-03-01,HiTec_excess,-0.0144,0.0097654,300,3,10,10,0.3
2011-03-01,Telcm_excess,0.0167,0.00857863,300,3,20,10,0.3
2011-03-01,Shops_excess,0.0109,0.00932877,300,3,20,10,0.3
2011-03-01,Hlth_excess,0.0225,0.0043482,300,3,20,10,0.3
2011-03-01,Utils_excess,0.0091,0.00549661,500,3,20,10,0.3
2011-03-01,Other_excess,-0.0111,0.01346336,300,7,20,10,0.5
2011-04-01,NoDur_excess,0.0461,0.00269551,500,3,20,10,0.3
2011-04-01,Durbl_excess,0.0278,0.00728001,300,7,20,10,0.3
2011-04-01,Manuf_excess,0.0291,0.00568822,300,3,20,10,0.3
2011-04-01,Enrgy_excess,0.0158,0.01204739,300,7,20,10,0.5
2011-04-01,HiTec_excess,0.0312,0.00545635,300,3,10,10,0.3
2011-04-01,Telcm_excess,0.0326,0.00638931,300,3,20,10,0.3
2011-04-01,Shops_excess,0.0451,0.00295546,300,3,20,10,0.3
2011-04-01,Hlth_excess,0.0625,0.00186212,300,3,20,10,0.3
2011-04-01,Utils_excess,0.04,0.00039712,500,3,20,10,0.3
2011-04-01,Other_excess,0.0106,-0.00828851,300,7,20,10,0.5
2011-05-01,NoDur_excess,0.0204,0.00724943,500,3,20,10,0.3
2011-05-01,Durbl_excess,-0.0358,0.01252711,300,7,20,10,0.3
2011-05-01,Manuf_excess,-0.0217,0.00623252,300,3,20,10,0.3
2011-05-01,Enrgy_excess,-0.0451,0.01387078,300,7,20,10,0.5
2011-05-01,HiTec_excess,-0.0176,0.00576336,300,3,10,10,0.3
2011-05-01,Telcm_excess,0.0077,0.00796924,300,3,20,10,0.3
2011-05-01,Shops_excess,0.0088,0.0052345,300,3,20,10,0.3
2011-05-01,Hlth_excess,0.0199,0.00417864,300,3,20,10,0.3
2011-05-01,Utils_excess,0.0132,0.00210767,500,3,20,10,0.3
2011-05-01,Other_excess,-0.0264,0.00796363,300,7,20,10,0.5
2011-06-01,NoDur_excess,-0.0107,0.00730747,500,3,20,10,0.3
2011-06-01,Durbl_excess,-0.0109,0.00712501,300,7,20,10,0.3
2011-06-01,Manuf_excess,-0.006,0.00650602,300,3,20,10,0.3
2011-06-01,Enrgy_excess,-0.0231,0.01238681,300,7,20,10,0.5
2011-06-01,HiTec_excess,-0.0246,0.00397264,300,3,10,10,0.3
2011-06-01,Telcm_excess,-0.0138,0.0096672,300,3,20,10,0.3
2011-06-01,Shops_excess,-0.0088,0.00492076,300,3,20,10,0.3
2011-06-01,Hlth_excess,-0.0187,0.004809,300,3,20,10,0.3
2011-06-01,Utils_excess,-0.0034,0.00187003,500,3,20,10,0.3
2011-06-01,Other_excess,-0.0211,0.00585472,300,7,20,10,0.5
2011-07-01,NoDur_excess,-0.0042,0.00666542,500,3,20,10,0.3
2011-07-01,Durbl_excess,-0.0903,0.02016492,300,7,20,10,0.3
2011-07-01,Manuf_excess,-0.048,0.00849417,300,3,20,10,0.3
2011-07-01,Enrgy_excess,0.0049,0.01223426,300,7,20,10,0.5
2011-07-01,HiTec_excess,-0.0053,0.00493196,300,3,10,10,0.3
2011-07-01,Telcm_excess,-0.0498,0.00840183,300,3,20,10,0.3
2011-07-01,Shops_excess,-0.0064,0.00502616,300,3,20,10,0.3
2011-07-01,Hlth_excess,-0.0367,0.00622921,300,3,20,10,0.3
2011-07-01,Utils_excess,-0.0033,0.00252315,500,3,20,10,0.3
2011-07-01,Other_excess,-0.0364,0.00515591,300,7,20,10,0.5
2011-08-01,NoDur_excess,-0.0067,0.0083694,500,3,20,10,0.3
2011-08-01,Durbl_excess,-0.1224,0.01774807,300,7,20,10,0.3
2011-08-01,Manuf_excess,-0.0617,0.00888236,300,3,20,10,0.3
2011-08-01,Enrgy_excess,-0.0992,0.01411327,300,7,20,10,0.5
2011-08-01,HiTec_excess,-0.0678,0.00756365,300,3,10,10,0.3
2011-08-01,Telcm_excess,-0.0505,0.01239239,300,3,20,10,0.3
2011-08-01,Shops_excess,-0.0289,0.00782879,300,3,20,10,0.3
2011-08-01,Hlth_excess,-0.0314,0.00743439,300,3,20,10,0.3
2011-08-01,Utils_excess,0.0019,0.0029456,500,3,20,10,0.3
2011-08-01,Other_excess,-0.0817,0.00986317,300,7,20,10,0.5
2011-09-01,NoDur_excess,-0.0487,0.00308494,500,3,20,10,0.3
2011-09-01,Durbl_excess,-0.1385,0.00567065,300,7,20,10,0.3
2011-09-01,Manuf_excess,-0.1102,0.0026549,300,3,20,10,0.3
2011-09-01,Enrgy_excess,-0.1223,-0.00340961,300,7,20,10,0.5
2011-09-01,HiTec_excess,-0.0478,0.00132829,300,3,10,10,0.3
2011-09-01,Telcm_excess,-0.0572,0.00581315,300,3,20,10,0.3
2011-09-01,Shops_excess,-0.0389,0.00100575,300,3,20,10,0.3
2011-09-01,Hlth_excess,-0.0397,0.00044359,300,3,20,10,0.3
2011-09-01,Utils_excess,-0.0161,0.00317397,500,3,20,10,0.3
2011-09-01,Other_excess,-0.1109,-0.00438744,300,7,20,10,0.5
2011-10-01,NoDur_excess,0.063,0.00653577,500,3,20,10,0.3
2011-10-01,Durbl_excess,0.2307,0.00314017,300,7,20,10,0.3
2011-10-01,Manuf_excess,0.1417,0.00389093,300,3,20,10,0.3
2011-10-01,Enrgy_excess,0.1625,-0.00368687,300,7,20,10,0.5
2011-10-01,HiTec_excess,0.118,0.00582343,300,3,10,10,0.3
2011-10-01,Telcm_excess,0.0761,0.0071871,300,3,20,10,0.3
2011-10-01,Shops_excess,0.0975,0.00726966,300,3,20,10,0.3
2011-10-01,Hlth_excess,0.0552,0.00629671,300,3,20,10,0.3
2011-10-01,Utils_excess,0.067,0.00405052,500,3,20,10,0.3
2011-10-01,Other_excess,0.1358,0.00111475,300,7,20,10,0.5
2011-11-01,NoDur_excess,0.0144,0.00787243,500,3,20,10,0.3
2011-11-01,Durbl_excess,-0.0868,0.01856695,300,7,20,10,0.3
2011-11-01,Manuf_excess,0.0138,0.0080867,300,3,20,10,0.3
2011-11-01,Enrgy_excess,0.0215,0.01180563,300,7,20,10,0.5
2011-11-01,HiTec_excess,-0.0198,0.00274656,300,3,10,10,0.3
2011-11-01,Telcm_excess,0.003,0.00520433,300,3,20,10,0.3
2011-11-01,Shops_excess,0.0107,0.00771666,300,3,20,10,0.3
2011-11-01,Hlth_excess,0.013,0.00703847,300,3,20,10,0.3
2011-11-01,Utils_excess,0.0101,0.00678372,500,3,20,10,0.3
2011-11-01,Other_excess,-0.0204,0.01321708,300,7,20,10,0.5
2011-12-01,NoDur_excess,0.0189,0.00432464,500,3,20,10,0.3
2011-12-01,Durbl_excess,-0.0103,0.00239054,300,7,20,10,0.3
2011-12-01,Manuf_excess,-0.0079,0.00654314,300,3,20,10,0.3
2011-12-01,Enrgy_excess,-0.0035,0.00760557,300,7,20,10,0.5
2011-12-01,HiTec_excess,-0.0143,0.00109846,300,3,10,10,0.3
2011-12-01,Telcm_excess,0.0312,0.00563466,300,3,20,10,0.3
2011-12-01,Shops_excess,0.009,0.00198108,300,3,20,10,0.3
2011-12-01,Hlth_excess,0.0347,0.00385614,300,3,20,10,0.3
2011-12-01,Utils_excess,0.0291,0.00395008,500,3,20,10,0.3
2011-12-01,Other_excess,0.0147,0.0024168,300,7,20,10,0.5
2012-01-01,NoDur_excess,0.0039,0.00947884,500,3,20,10,0.3
2012-01-01,Durbl_excess,0.1366,0.01406696,300,7,20,10,0.3
2012-01-01,Manuf_excess,0.0678,0.00942807,300,3,20,10,0.3
2012-01-01,Enrgy_excess,0.0101,0.0125965,300,7,20,10,0.5
2012-01-01,HiTec_excess,0.0847,0.00590379,300,3,10,10,0.3
2012-01-01,Telcm_excess,0.0237,0.00739859,300,3,20,10,0.3
2012-01-01,Shops_excess,0.0406,0.00961614,300,3,20,10,0.3
2012-01-01,Hlth_excess,0.0343,0.0079623,300,3,20,10,0.3
2012-01-01,Utils_excess,-0.0271,0.00919797,500,3,20,10,0.3
2012-01-01,Other_excess,0.0723,0.01248577,300,7,20,10,0.5
2012-02-01,NoDur_excess,0.0393,0.0088482,500,3,20,10,0.3
2012-02-01,Durbl_excess,0.0595,0.01111909,300,7,20,10,0.3
2012-02-01,Manuf_excess,0.0389,0.00907984,300,3,20,10,0.3
2012-02-01,Enrgy_excess,0.0652,0.00705902,300,7,20,10,0.5
2012-02-01,HiTec_excess,0.0663,0.0052928,300,3,10,10,0.3
2012-02-01,Telcm_excess,0.0507,0.00539493,300,3,20,10,0.3
2012-02-01,Shops_excess,0.0312,0.00802836,300,3,20,10,0.3
2012-02-01,Hlth_excess,0.0125,0.00602,300,3,20,10,0.3
2012-02-01,Utils_excess,0.013,0.00442749,500,3,20,10,0.3
2012-02-01,Other_excess,0.042,0.00559181,300,7,20,10,0.5
2012-03-01,NoDur_excess,0.039,0.0111157,500,3,20,10,0.3
2012-03-01,Durbl_excess,0.0138,0.01932568,300,7,20,10,0.3
2012-03-01,Manuf_excess,0.0063,0.01274146,300,3,20,10,0.3
2012-03-01,Enrgy_excess,-0.0327,0.01853823,300,7,20,10,0.5
2012-03-01,HiTec_excess,0.0465,0.01023501,300,3,10,10,0.3
2012-03-01,Telcm_excess,0.0238,0.00677945,300,3,20,10,0.3
2012-03-01,Shops_excess,0.0466,0.01049854,300,3,20,10,0.3
2012-03-01,Hlth_excess,0.0395,0.00739151,300,3,20,10,0.3
2012-03-01,Utils_excess,0.0148,0.00900386,500,3,20,10,0.3
2012-03-01,Other_excess,0.0491,0.01251346,300,7,20,10,0.5
2012-04-01,NoDur_excess,0.0081,0.00638118,500,3,20,10,0.3
2012-04-01,Durbl_excess,-0.073,0.00084618,300,7,20,10,0.3
2012-04-01,Manuf_excess,-0.0075,0.00622934,300,3,20,10,0.3
2012-04-01,Enrgy_excess,-0.0157,8.364e-05,300,7,20,10,0.5
2012-04-01,HiTec_excess,-0.021,0.00535889,300,3,10,10,0.3
2012-04-01,Telcm_excess,0.0169,0.00528917,300,3,20,10,0.3
2012-04-01,Shops_excess,0.0095,0.00452504,300,3,20,10,0.3
2012-04-01,Hlth_excess,0.006,0.00307818,300,3,20,10,0.3
2012-04-01,Utils_excess,0.017,0.0013644,500,3,20,10,0.3
2012-04-01,Other_excess,-0.0168,-0.00721043,300,7,20,10,0.5
2012-05-01,NoDur_excess,-0.0268,0.0109591,500,3,20,10,0.3
2012-05-01,Durbl_excess,-0.0783,0.01125304,300,7,20,10,0.3
2012-05-01,Manuf_excess,-0.0782,0.0110622,300,3,20,10,0.3
2012-05-01,Enrgy_excess,-0.1058,0.00902346,300,7,20,10,0.5
2012-05-01,HiTec_excess,-0.0781,0.01146077,300,3,10,10,0.3
2012-05-01,Telcm_excess,-0.0078,0.00889276,300,3,20,10,0.3
2012-05-01,Shops_excess,-0.0304,0.01028553,300,3,20,10,0.3
2012-05-01,Hlth_excess,-0.0325,0.0084883,300,3,20,10,0.3
2012-05-01,Utils_excess,-0.0089,0.00691835,500,3,20,10,0.3
2012-05-01,Other_excess,-0.0773,0.01018891,300,7,20,10,0.5
2012-06-01,NoDur_excess,0.0344,0.00603662,500,3,20,10,0.3
2012-06-01,Durbl_excess,-0.0543,0.00657085,300,7,20,10,0.3
2012-06-01,Manuf_excess,0.0118,0.0088498,300,3,20,10,0.3
2012-06-01,Enrgy_excess,0.0578,0.00632666,300,7,20,10,0.5
2012-06-01,HiTec_excess,0.0293,0.01215971,300,3,10,10,0.3
2012-06-01,Telcm_excess,0.0702,0.0085541,300,3,20,10,0.3
2012-06-01,Shops_excess,0.0217,0.00667013,300,3,20,10,0.3
2012-06-01,Hlth_excess,0.0684,0.00678122,300,3,20,10,0.3
2012-06-01,Utils_excess,0.0342,0.00702919,500,3,20,10,0.3
2012-06-01,Other_excess,0.0491,0.01053803,300,7,20,10,0.5
2012-07-01,NoDur_excess,0.014,0.01370233,500,3,20,10,0.3
2012-07-01,Durbl_excess,-0.0035,0.01920156,300,7,20,10,0.3
2012-07-01,Manuf_excess,0.0093,0.01218308,300,3,20,10,0.3
2012-07-01,Enrgy_excess,0.0281,0.01843056,300,7,20,10,0.5
2012-07-01,HiTec_excess,-0.001,0.01153985,300,3,10,10,0.3
2012-07-01,Telcm_excess,0.0415,0.0102981,300,3,20,10,0.3
2012-07-01,Shops_excess,0.0122,0.01065884,300,3,20,10,0.3
2012-07-01,Hlth_excess,0.0163,0.01431314,300,3,20,10,0.3
2012-07-01,Utils_excess,0.035,0.01134217,500,3,20,10,0.3
2012-07-01,Other_excess,-0.0123,0.02818058,300,7,20,10,0.5
2012-08-01,NoDur_excess,0.0011,0.01331195,500,3,20,10,0.3
2012-08-01,Durbl_excess,0.0424,0.01095058,300,7,20,10,0.3
2012-08-01,Manuf_excess,0.0324,0.01135647,300,3,20,10,0.3
2012-08-01,Enrgy_excess,0.0235,0.02143943,300,7,20,10,0.5
2012-08-01,HiTec_excess,0.0479,0.00842512,300,3,10,10,0.3
2012-08-01,Telcm_excess,0.0096,0.01025164,300,3,20,10,0.3
2012-08-01,Shops_excess,0.0275,0.01095026,300,3,20,10,0.3
2012-08-01,Hlth_excess,0.0096,0.01373599,300,3,20,10,0.3
2012-08-01,Utils_excess,-0.0347,0.01086241,500,3,20,10,0.3
2012-08-01,Other_excess,0.0312,0.01827334,300,7,20,10,0.5
2012-09-01,NoDur_excess,0.0093,0.01121988,500,3,20,10,0.3
2012-09-01,Durbl_excess,0.0339,0.00167299,300,7,20,10,0.3
2012-09-01,Manuf_excess,0.0169,0.0082309,300,3,20,10,0.3
2012-09-01,Enrgy_excess,0.038,0.007962,300,7,20,10,0.5
2012-09-01,HiTec_excess,0.012,0.00789875,300,3,10,10,0.3
2012-09-01,Telcm_excess,0.0485,0.00792151,300,3,20,10,0.3
2012-09-01,Shops_excess,0.0191,0.00751066,300,3,20,10,0.3
2012-09-01,Hlth_excess,0.0467,0.01090786,300,3,20,10,0.3
2012-09-01,Utils_excess,0.021,0.00727957,500,3,20,10,0.3
2012-09-01,Other_excess,0.0382,0.00507018,300,7,20,10,0.5
2012-10-01,NoDur_excess,-0.0169,0.01124988,500,3,20,10,0.3
2012-10-01,Durbl_excess,0.063,0.00976854,300,7,20,10,0.3
2012-10-01,Manuf_excess,-0.0061,0.00995444,300,3,20,10,0.3
2012-10-01,Enrgy_excess,-0.0187,0.01578728,300,7,20,10,0.5
2012-10-01,HiTec_excess,-0.0635,0.00981144,300,3,10,10,0.3
2012-10-01,Telcm_excess,-0.0244,0.00884563,300,3,20,10,0.3
2012-10-01,Shops_excess,-0.0104,0.00936159,300,3,20,10,0.3
2012-10-01,Hlth_excess,-0.0193,0.01154496,300,3,20,10,0.3
2012-10-01,Utils_excess,0.0108,0.00782782,500,3,20,10,0.3
2012-10-01,Other_excess,0.0092,0.01404416,300,7,20,10,0.5
2012-11-01,NoDur_excess,0.0319,0.01029762,500,3,20,10,0.3
2012-11-01,Durbl_excess,0.0255,0.02267837,300,7,20,10,0.3
2012-11-01,Manuf_excess,0.0274,0.01235667,300,3,20,10,0.3
2012-11-01,Enrgy_excess,-0.015,0.02051238,300,7,20,10,0.5
2012-11-01,HiTec_excess,0.0147,0.01136731,300,3,10,10,0.3
2012-11-01,Telcm_excess,0.0005,0.01020178,300,3,20,10,0.3
2012-11-01,Shops_excess,0.0146,0.01117093,300,3,20,10,0.3
2012-11-01,Hlth_excess,0.015,0.00987067,300,3,20,10,0.3
2012-11-01,Utils_excess,-0.038,0.01062504,500,3,20,10,0.3
2012-11-01,Other_excess,-0.0039,0.02220874,300,7,20,10,0.5
2012-12-01,NoDur_excess,-0.0227,0.00660425,500,3,20,10,0.3
2012-12-01,Durbl_excess,0.0759,0.00169276,300,7,20,10,0.3
2012-12-01,Manuf_excess,0.0276,0.00775469,300,3,20,10,0.3
2012-12-01,Enrgy_excess,0.0132,0.01235603,300,7,20,10,0.5
2012-12-01,HiTec_excess,0.0036,0.01192551,300,3,10,10,0.3
2012-12-01,Telcm_excess,0.0114,0.00860092,300,3,20,10,0.3
2012-12-01,Shops_excess,-0.0113,0.0048305,300,3,20,10,0.3
2012-12-01,Hlth_excess,-0.0054,0.00965755,300,3,20,10,0.3
2012-12-01,Utils_excess,0.0011,0.00638567,500,3,20,10,0.3
2012-12-01,Other_excess,0.0365,0.00743051,300,7,20,10,0.5
2013-01-01,NoDur_excess,0.0512,0.00931681,500,3,20,10,0.3
2013-01-01,Durbl_excess,0.0336,0.02203612,300,7,20,10,0.3
2013-01-01,Manuf_excess,0.0604,0.01186609,300,3,20,10,0.3
2013-01-01,Enrgy_excess,0.0747,0.00817807,300,7,20,10,0.5
2013-01-01,HiTec_excess,0.0239,0.01082423,300,3,10,10,0.3
2013-01-01,Telcm_excess,0.0485,0.00975922,300,3,20,10,0.3
2013-01-01,Shops_excess,0.0554,0.00830888,300,3,20,10,0.3
2013-01-01,Hlth_excess,0.0808,0.0093547,300,3,20,10,0.3
2013-01-01,Utils_excess,0.0505,0.00667442,500,3,20,10,0.3
2013-01-01,Other_excess,0.0676,0.01702338,300,7,20,10,0.5
2013-02-01,NoDur_excess,0.0317,0.00554536,500,3,20,10,0.3
2013-02-01,Durbl_excess,-0.0073,0.00529936,300,7,20,10,0.3
2013-02-01,Manuf_excess,0.0128,0.00832548,300,3,20,10,0.3
2013-02-01,Enrgy_excess,0.0068,0.00288844,300,7,20,10,0.5
2013-02-01,HiTec_excess,0.0068,0.00708701,300,3,10,10,0.3
2013-02-01,Telcm_excess,0.0229,0.00433405,300,3,20,10,0.3
2013-02-01,Shops_excess,0.0084,0.00550333,300,3,20,10,0.3
2013-02-01,Hlth_excess,0.0133,0.00432432,300,3,20,10,0.3
2013-02-01,Utils_excess,0.022,0.00305513,500,3,20,10,0.3
2013-02-01,Other_excess,0.014,0.00201141,300,7,20,10,0.5
2013-03-01,NoDur_excess,0.0506,0.00443413,500,3,20,10,0.3
2013-03-01,Durbl_excess,0.0444,0.00217908,300,7,20,10,0.3
2013-03-01,Manuf_excess,0.0261,0.00641308,300,3,20,10,0.3
2013-03-01,Enrgy_excess,0.0207,0.00544952,300,7,20,10,0.5
2013-03-01,HiTec_excess,0.027,0.00536473,300,3,10,10,0.3
2013-03-01,Telcm_excess,0.0564,0.00616466,300,3,20,10,0.3
2013-03-01,Shops_excess,0.0473,0.0034362,300,3,20,10,0.3
2013-03-01,Hlth_excess,0.0652,0.00516126,300,3,20,10,0.3
2013-03-01,Utils_excess,0.0569,0.00290012,500,3,20,10,0.3
2013-03-01,Other_excess,0.0419,-0.00455105,300,7,20,10,0.5
2013-04-01,NoDur_excess,0.0374,0.00818042,500,3,20,10,0.3
2013-04-01,Durbl_excess,0.0394,0.01007901,300,7,20,10,0.3
2013-04-01,Manuf_excess,0.0073,0.01151216,300,3,20,10,0.3
2013-04-01,Enrgy_excess,-0.0139,0.0081413,300,7,20,10,0.5
2013-04-01,HiTec_excess,0.0038,0.00940845,300,3,10,10,0.3
2013-04-01,Telcm_excess,0.0432,0.00937257,300,3,20,10,0.3
2013-04-01,Shops_excess,0.0272,0.00916763,300,3,20,10,0.3
2013-04-01,Hlth_excess,0.0259,0.00879705,300,3,20,10,0.3
2013-04-01,Utils_excess,0.0513,0.00325382,500,3,20,10,0.3
2013-04-01,Other_excess,0.0083,0.01031348,300,7,20,10,0.5
2013-05-01,NoDur_excess,-0.0229,0.00803674,500,3,20,10,0.3
2013-05-01,Durbl_excess,0.1004,0.01163848,300,7,20,10,0.3
2013-05-01,Manuf_excess,0.0348,0.0114757,300,3,20,10,0.3
2013-05-01,Enrgy_excess,0.0303,0.00738072,300,7,20,10,0.5
2013-05-01,HiTec_excess,0.0456,0.00838514,300,3,10,10,0.3
2013-05-01,Telcm_excess,-0.0176,0.01078138,300,3,20,10,0.3
2013-05-01,Shops_excess,0.0223,0.00888753,300,3,20,10,0.3
2013-05-01,Hlth_excess,0.0161,0.0089728,300,3,20,10,0.3
2013-05-01,Utils_excess,-0.0714,0.00545626,500,3,20,10,0.3
2013-05-01,Other_excess,0.0594,0.00964183,300,7,20,10,0.5
2013-06-01,NoDur_excess,0.0007,0.00367084,500,3,20,10,0.3
2013-06-01,Durbl_excess,-0.0045,0.00689713,300,7,20,10,0.3
2013-06-01,Manuf_excess,-0.0199,0.00505586,300,3,20,10,0.3
2013-06-01,Enrgy_excess,-0.0239,0.00330616,300,7,20,10,0.5
2013-06-01,HiTec_excess,-0.0292,0.0035586,300,3,10,10,0.3
2013-06-01,Telcm_excess,0.0198,0.00589219,300,3,20,10,0.3
2013-06-01,Shops_excess,-0.0003,0.00423603,300,3,20,10,0.3
2013-06-01,Hlth_excess,-0.0138,0.00392568,300,3,20,10,0.3
2013-06-01,Utils_excess,0.0082,-0.00209138,500,3,20,10,0.3
2013-06-01,Other_excess,-0.012,-0.00275559,300,7,20,10,0.5
2013-07-01,NoDur_excess,0.0289,0.00624336,500,3,20,10,0.3
2013-07-01,Durbl_excess,0.0901,0.00399451,300,7,20,10,0.3
2013-07-01,Manuf_excess,0.0621,0.00980469,300,3,20,10,0.3
2013-07-01,Enrgy_excess,0.0518,0.00460244,300,7,20,10,0.5
2013-07-01,HiTec_excess,0.057,0.00898027,300,3,10,10,0.3
2013-07-01,Telcm_excess,0.0343,0.00507438,300,3,20,10,0.3
2013-07-01,Shops_excess,0.059,0.00685011,300,3,20,10,0.3
2013-07-01,Hlth_excess,0.0807,0.00684958,300,3,20,10,0.3
2013-07-01,Utils_excess,0.0458,0.00318365,500,3,20,10,0.3
2013-07-01,Other_excess,0.0565,0.00153646,300,7,20,10,0.5
2013-08-01,NoDur_excess,-0.0391,0.00622405,500,3,20,10,0.3
2013-08-01,Durbl_excess,-0.0103,0.01399366,300,7,20,10,0.3
2013-08-01,Manuf_excess,-0.0181,0.00765663,300,3,20,10,0.3
2013-08-01,Enrgy_excess,-0.019,0.00623685,300,7,20,10,0.5
2013-08-01,HiTec_excess,-0.0021,0.00868386,300,3,10,10,0.3
2013-08-01,Telcm_excess,-0.0329,0.00871996,300,3,20,10,0.3
2013-08-01,Shops_excess,-0.0426,0.00773464,300,3,20,10,0.3
2013-08-01,Hlth_excess,-0.0367,0.00792509,300,3,20,10,0.3
2013-08-01,Utils_excess,-0.0443,0.00083518,500,3,20,10,0.3
2013-08-01,Other_excess,-0.0368,0.00574073,300,7,20,10,0.5
2013-09-01,NoDur_excess,0.02,0.00577886,500,3,20,10,0.3
2013-09-01,Durbl_excess,0.0645,0.00840985,300,7,20,10,0.3
2013-09-01,Manuf_excess,0.0517,0.00725863,300,3,20,10,0.3
2013-09-01,Enrgy_excess,0.0197,0.00487529,300,7,20,10,0.5
2013-09-01,HiTec_excess,0.0382,0.00870622,300,3,10,10,0.3
2013-09-01,Telcm_excess,0.0428,0.00724243,300,3,20,10,0.3
2013-09-01,Shops_excess,0.0449,0.00676088,300,3,20,10,0.3
2013-09-01,Hlth_excess,0.0417,0.00714167,300,3,20,10,0.3
2013-09-01,Utils_excess,0.0105,0.00262975,500,3,20,10,0.3
2013-09-01,Other_excess,0.0383,0.00233641,300,7,20,10,0.5
2013-10-01,NoDur_excess,0.0482,0.00520028,500,3,20,10,0.3
2013-10-01,Durbl_excess,0.0076,0.007273,300,7,20,10,0.3
2013-10-01,Manuf_excess,0.046,0.00656339,300,3,20,10,0.3
2013-10-01,Enrgy_excess,0.0479,0.00514447,300,7,20,10,0.5
2013-10-01,HiTec_excess,0.0376,0.00669381,300,3,10,10,0.3
2013-10-01,Telcm_excess,0.0585,0.00671791,300,3,20,10,0.3
2013-10-01,Shops_excess,0.0512,0.00656741,300,3,20,10,0.3
2013-10-01,Hlth_excess,0.0355,0.00690825,300,3,20,10,0.3
2013-10-01,Utils_excess,0.0334,0.00085754,500,3,20,10,0.3
2013-10-01,Other_excess,0.0383,0.00093766,300,7,20,10,0.5
2013-11-01,NoDur_excess,0.0127,0.00742795,500,3,20,10,0.3
2013-11-01,Durbl_excess,0.0188,0.01357292,300,7,20,10,0.3
2013-11-01,Manuf_excess,0.0297,0.01087716,300,3,20,10,0.3
2013-11-01,Enrgy_excess,0.0087,0.00961733,300,7,20,10,0.5
2013-11-01,HiTec_excess,0.0359,0.01076697,300,3,10,10,0.3
2013-11-01,Telcm_excess,0.0008,0.00905073,300,3,20,10,0.3
2013-11-01,Shops_excess,0.0369,0.00975733,300,3,20,10,0.3
2013-11-01,Hlth_excess,0.045,0.00908605,300,3,20,10,0.3
2013-11-01,Utils_excess,-0.0181,0.00132022,500,3,20,10,0.3
2013-11-01,Other_excess,0.047,0.01076648,300,7,20,10,0.5
2013-12-01,NoDur_excess,0.0247,0.00731289,500,3,20,10,0.3
2013-12-01,Durbl_excess,0.0124,0.01545957,300,7,20,10,0.3
2013-12-01,Manuf_excess,0.031,0.01002542,300,3,20,10,0.3
2013-12-01,Enrgy_excess,0.0303,0.01004799,300,7,20,10,0.5
2013-12-01,HiTec_excess,0.0398,0.01100695,300,3,10,10,0.3
2013-12-01,Telcm_excess,0.0398,0.00833443,300,3,20,10,0.3
2013-12-01,Shops_excess,0.0025,0.00933717,300,3,20,10,0.3
2013-12-01,Hlth_excess,0.0059,0.00847896,300,3,20,10,0.3
2013-12-01,Utils_excess,0.0179,0.00070409,500,3,20,10,0.3
2013-12-01,Other_excess,0.0315,0.01221483,300,7,20,10,0.5
2014-01-01,NoDur_excess,-0.0572,0.00763584,500,3,20,10,0.3
2014-01-01,Durbl_excess,-0.0362,0.01344357,300,7,20,10,0.3
2014-01-01,Manuf_excess,-0.0428,0.01115619,300,3,20,10,0.3
2014-01-01,Enrgy_excess,-0.0689,0.01160953,300,7,20,10,0.5
2014-01-01,HiTec_excess,-0.014,0.01033094,300,3,10,10,0.3
2014-01-01,Telcm_excess,-0.0381,0.00890291,300,3,20,10,0.3
2014-01-01,Shops_excess,-0.0648,0.00990158,300,3,20,10,0.3
2014-01-01,Hlth_excess,0.0179,0.00825661,300,3,20,10,0.3
2014-01-01,Utils_excess,0.0249,0.00272169,500,3,20,10,0.3
2014-01-01,Other_excess,-0.0433,0.01325187,300,7,20,10,0.5
2014-02-01,NoDur_excess,0.0346,0.00459296,500,3,20,10,0.3
2014-02-01,Durbl_excess,0.0801,0.00123866,300,7,20,10,0.3
2014-02-01,Manuf_excess,0.0542,0.0063292,300,3,20,10,0.3
2014-02-01,Enrgy_excess,0.0569,0.00258279,300,7,20,10,0.5
2014-02-01,HiTec_excess,0.0515,0.01024056,300,3,10,10,0.3
2014-02-01,Telcm_excess,0.0256,0.00934571,300,3,20,10,0.3
2014-02-01,Shops_excess,0.0533,0.00698022,300,3,20,10,0.3
2014-02-01,Hlth_excess,0.0635,0.00653414,300,3,20,10,0.3
2014-02-01,Utils_excess,0.0309,0.00168893,500,3,20,10,0.3
2014-02-01,Other_excess,0.0345,0.00128757,300,7,20,10,0.5
2014-03-01,NoDur_excess,0.0325,0.00718913,500,3,20,10,0.3
2014-03-01,Durbl_excess,-0.0113,0.00880542,300,7,20,10,0.3
2014-03-01,Manuf_excess,0.0031,0.01004387,300,3,20,10,0.3
2014-03-01,Enrgy_excess,0.0243,0.00690125,300,7,20,10,0.5
2014-03-01,HiTec_excess,-0.0061,0.01029966,300,3,10,10,0.3
2014-03-01,Telcm_excess,0.0015,0.00832248,300,3,20,10,0.3
2014-03-01,Shops_excess,-0.0059,0.00895222,300,3,20,10,0.3
2014-03-01,Hlth_excess,-0.0247,0.00872118,300,3,20,10,0.3
2014-03-01,Utils_excess,0.0268,0.00199051,500,3,20,10,0.3
2014-03-01,Other_excess,0.0204,0.00831928,300,7,20,10,0.5
2014-04-01,NoDur_excess,0.0149,0.00694003,500,3,20,10,0.3
2014-04-01,Durbl_excess,0.0033,0.00463472,300,7,20,10,0.3
2014-04-01,Manuf_excess,0.0083,0.0070893,300,3,20,10,0.3
2014-04-01,Enrgy_excess,0.0567,0.00651527,300,7,20,10,0.5
2014-04-01,HiTec_excess,-0.0105,0.00745449,300,3,10,10,0.3
2014-04-01,Telcm_excess,0.0039,0.00786075,300,3,20,10,0.3
2014-04-01,Shops_excess,-0.0093,0.00781903,300,3,20,10,0.3
2014-04-01,Hlth_excess,-0.0033,0.00705714,300,3,20,10,0.3
2014-04-01,Utils_excess,0.0398,0.00275696,500,3,20,10,0.3
2014-04-01,Other_excess,-0.0194,0.00632917,300,7,20,10,0.5
2014-05-01,NoDur_excess,0.0337,0.00616228,500,3,20,10,0.3
2014-05-01,Durbl_excess,0.0069,0.0012816,300,7,20,10,0.3
2014-05-01,Manuf_excess,0.0127,0.00630234,300,3,20,10,0.3
2014-05-01,Enrgy_excess,0.0088,0.00781808,300,7,20,10,0.5
2014-05-01,HiTec_excess,0.0342,0.00792947,300,3,10,10,0.3
2014-05-01,Telcm_excess,0.0411,0.00728356,300,3,20,10,0.3
2014-05-01,Shops_excess,0.0099,0.00712252,300,3,20,10,0.3
2014-05-01,Hlth_excess,0.0185,0.00817859,300,3,20,10,0.3
2014-05-01,Utils_excess,0.0001,0.00082803,500,3,20,10,0.3
2014-05-01,Other_excess,0.0178,-0.00180314,300,7,20,10,0.5
2014-06-01,NoDur_excess,0.012,0.00597896,500,3,20,10,0.3
2014-06-01,Durbl_excess,0.0445,0.00049202,300,7,20,10,0.3
2014-06-01,Manuf_excess,0.0141,0.00675272,300,3,20,10,0.3
2014-06-01,Enrgy_excess,0.0412,0.00991938,300,7,20,10,0.5
2014-06-01,HiTec_excess,0.0286,0.00794791,300,3,10,10,0.3
2014-06-01,Telcm_excess,0.0154,0.0078425,300,3,20,10,0.3
2014-06-01,Shops_excess,0.0126,0.00718582,300,3,20,10,0.3
2014-06-01,Hlth_excess,0.0287,0.00722689,300,3,20,10,0.3
2014-06-01,Utils_excess,0.0543,0.00118024,500,3,20,10,0.3
2014-06-01,Other_excess,0.0244,-0.00090877,300,7,20,10,0.5
2014-07-01,NoDur_excess,-0.0435,0.00640242,500,3,20,10,0.3
2014-07-01,Durbl_excess,-0.0471,0.0056908,300,7,20,10,0.3
2014-07-01,Manuf_excess,-0.0413,0.00833269,300,3,20,10,0.3
2014-07-01,Enrgy_excess,-0.0356,0.0073086,300,7,20,10,0.5
2014-07-01,HiTec_excess,0.0015,0.00886688,300,3,10,10,0.3
2014-07-01,Telcm_excess,0.008,0.00804057,300,3,20,10,0.3
2014-07-01,Shops_excess,-0.0202,0.00746221,300,3,20,10,0.3
2014-07-01,Hlth_excess,-0.0034,0.0072068,300,3,20,10,0.3
2014-07-01,Utils_excess,-0.064,0.00179135,500,3,20,10,0.3
2014-07-01,Other_excess,-0.0226,0.00224315,300,7,20,10,0.5
2014-08-01,NoDur_excess,0.0556,0.00578562,500,3,20,10,0.3
2014-08-01,Durbl_excess,0.0507,0.00381688,300,7,20,10,0.3
2014-08-01,Manuf_excess,0.0483,0.00671305,300,3,20,10,0.3
2014-08-01,Enrgy_excess,0.0232,0.00761834,300,7,20,10,0.5
2014-08-01,HiTec_excess,0.0424,0.00864641,300,3,10,10,0.3
2014-08-01,Telcm_excess,0.0033,0.00786679,300,3,20,10,0.3
2014-08-01,Shops_excess,0.0501,0.00729553,300,3,20,10,0.3
2014-08-01,Hlth_excess,0.0554,0.00897295,300,3,20,10,0.3
2014-08-01,Utils_excess,0.0531,0.00117325,500,3,20,10,0.3
2014-08-01,Other_excess,0.0411,0.0023424,300,7,20,10,0.5
2014-09-01,NoDur_excess,-0.0007,0.00643149,500,3,20,10,0.3
2014-09-01,Durbl_excess,-0.0938,0.00430707,300,7,20,10,0.3
2014-09-01,Manuf_excess,-0.025,0.00650997,300,3,20,10,0.3
2014-09-01,Enrgy_excess,-0.0783,0.00781602,300,7,20,10,0.5
2014-09-01,HiTec_excess,-0.014,0.00788894,300,3,10,10,0.3
2014-09-01,Telcm_excess,-0.0145,0.00853002,300,3,20,10,0.3
2014-09-01,Shops_excess,-0.0133,0.00717703,300,3,20,10,0.3
2014-09-01,Hlth_excess,-0.0022,0.00752498,300,3,20,10,0.3
2014-09-01,Utils_excess,-0.0338,0.00159239,500,3,20,10,0.3
2014-09-01,Other_excess,-0.0111,0.00390198,300,7,20,10,0.5
2014-10-01,NoDur_excess,0.0269,0.00559755,500,3,20,10,0.3
2014-10-01,Durbl_excess,0.0349,0.0010632,300,7,20,10,0.3
2014-10-01,Manuf_excess,0.0241,0.00694484,300,3,20,10,0.3
2014-10-01,Enrgy_excess,-0.0419,0.00304881,300,7,20,10,0.5
2014-10-01,HiTec_excess,0.0158,0.0079978,300,3,10,10,0.3
2014-10-01,Telcm_excess,0.013,0.00620568,300,3,20,10,0.3
2014-10-01,Shops_excess,0.0271,0.00638284,300,3,20,10,0.3
2014-10-01,Hlth_excess,0.0592,0.00898072,300,3,20,10,0.3
2014-10-01,Utils_excess,0.0671,0.00101613,500,3,20,10,0.3
2014-10-01,Other_excess,0.0341,0.00233479,300,7,20,10,0.5
2014-11-01,NoDur_excess,0.0479,0.00583201,500,3,20,10,0.3
2014-11-01,Durbl_excess,0.0442,-0.00078593,300,7,20,10,0.3
2014-11-01,Manuf_excess,0.0228,0.0067143,300,3,20,10,0.3
2014-11-01,Enrgy_excess,-0.0957,0.00273082,300,7,20,10,0.5
2014-11-01,HiTec_excess,0.0428,0.00679329,300,3,10,10,0.3
2014-11-01,Telcm_excess,0.0246,0.00768319,300,3,20,10,0.3
2014-11-01,Shops_excess,0.0751,0.00706672,300,3,20,10,0.3
2014-11-01,Hlth_excess,0.0252,0.0079712,300,3,20,10,0.3
2014-11-01,Utils_excess,0.0026,0.00236828,500,3,20,10,0.3
2014-11-01,Other_excess,0.0251,0.00472559,300,7,20,10,0.5
2014-12-01,NoDur_excess,-0.0241,0.00603698,500,3,20,10,0.3
2014-12-01,Durbl_excess,0.0035,0.00165833,300,7,20,10,0.3
2014-12-01,Manuf_excess,-0.0008,0.00606278,300,3,20,10,0.3
2014-12-01,Enrgy_excess,0.0054,-8.73e-05,300,7,20,10,0.5
2014-12-01,HiTec_excess,-0.0126,0.00721423,300,3,10,10,0.3
2014-12-01,Telcm_excess,-0.0205,0.00737495,300,3,20,10,0.3
2014-12-01,Shops_excess,0.016,0.00794286,300,3,20,10,0.3
2014-12-01,Hlth_excess,-0.0083,0.0072612,300,3,20,10,0.3
2014-12-01,Utils_excess,0.0186,0.00302747,500,3,20,10,0.3
2014-12-01,Other_excess,0.0118,0.00471706,300,7,20,10,0.5
2015-01-01,NoDur_excess,-0.0056,0.00574035,500,3,20,10,0.3
2015-01-01,Durbl_excess,-0.0428,0.00434228,500,3,20,10,0.3
2015-01-01,Manuf_excess,-0.0375,0.00646329,500,3,10,10,0.3
2015-01-01,Enrgy_excess,-0.0431,-0.00046057,300,7,20,10,0.3
2015-01-01,HiTec_excess,-0.0346,0.00745156,500,3,10,20,0.3
2015-01-01,Telcm_excess,-0.0447,0.0072494,300,3,5,10,0.3
2015-01-01,Shops_excess,-0.004,0.00751306,500,3,20,20,0.3
2015-01-01,Hlth_excess,0.0158,0.00762861,300,3,20,10,0.3
2015-01-01,Utils_excess,0.0124,0.00406869,500,3,10,20,0.3
2015-01-01,Other_excess,-0.064,0.00387214,300,5,20,10,0.3
2015-02-01,NoDur_excess,0.0513,0.0057495,500,3,20,10,0.3
2015-02-01,Durbl_excess,0.0802,0.00562849,500,3,20,10,0.3
2015-02-01,Manuf_excess,0.0615,0.00671869,500,3,10,10,0.3
2015-02-01,Enrgy_excess,0.0472,-0.00238012,300,7,20,10,0.3
2015-02-01,HiTec_excess,0.0822,0.00931181,500,3,10,20,0.3
2015-02-01,Telcm_excess,0.0892,0.00953673,300,3,5,10,0.3
2015-02-01,Shops_excess,0.0567,0.0092178,500,3,20,20,0.3
2015-02-01,Hlth_excess,0.04,0.00715276,300,3,20,10,0.3
2015-02-01,Utils_excess,-0.0436,0.00011393,500,3,10,20,0.3
2015-02-01,Other_excess,0.0724,0.0021538,300,5,20,10,0.3
2015-03-01,NoDur_excess,-0.0242,0.00481236,500,3,20,10,0.3
2015-03-01,Durbl_excess,-0.0058,0.00498522,500,3,20,10,0.3
2015-03-01,Manuf_excess,-0.0205,0.0048258,500,3,10,10,0.3
2015-03-01,Enrgy_excess,-0.0249,0.00179403,300,7,20,10,0.3
2015-03-01,HiTec_excess,-0.0251,0.00316083,500,3,10,20,0.3
2015-03-01,Telcm_excess,-0.0212,0.0064596,300,3,5,10,0.3
2015-03-01,Shops_excess,0.0066,0.00581322,500,3,20,20,0.3
2015-03-01,Hlth_excess,0.0086,0.00299305,300,3,20,10,0.3
2015-03-01,Utils_excess,-0.0031,0.00202161,500,3,10,20,0.3
2015-03-01,Other_excess,-0.0061,0.00168158,300,5,20,10,0.3
2015-04-01,NoDur_excess,0.0081,0.0066339,500,3,20,10,0.3
2015-04-01,Durbl_excess,-0.0071,0.00516924,500,3,20,10,0.3
2015-04-01,Manuf_excess,-0.0076,0.00542428,500,3,10,10,0.3
2015-04-01,Enrgy_excess,0.0665,0.00393667,300,7,20,10,0.3
2015-04-01,HiTec_excess,0.0144,0.00597697,500,3,10,20,0.3
2015-04-01,Telcm_excess,0.0363,0.0065874,300,3,5,10,0.3
2015-04-01,Shops_excess,-0.0209,0.00703759,500,3,20,20,0.3
2015-04-01,Hlth_excess,-0.0155,0.00599389,300,3,20,10,0.3
2015-04-01,Utils_excess,0.0028,0.00424447,500,3,10,20,0.3
2015-04-01,Other_excess,0.0062,0.00210283,300,5,20,10,0.3
2015-05-01,NoDur_excess,0.015,0.00663655,500,3,20,10,0.3
2015-05-01,Durbl_excess,0.0099,0.00735291,500,3,20,10,0.3
2015-05-01,Manuf_excess,0.0088,0.00725243,500,3,10,10,0.3
2015-05-01,Enrgy_excess,-0.0511,0.00320468,300,7,20,10,0.3
2015-05-01,HiTec_excess,0.0193,0.00822499,500,3,10,20,0.3
2015-05-01,Telcm_excess,0.0033,0.00661306,300,3,5,10,0.3
2015-05-01,Shops_excess,0.0107,0.0082259,500,3,20,20,0.3
2015-05-01,Hlth_excess,0.0499,0.00790877,300,3,20,10,0.3
2015-05-01,Utils_excess,-0.0043,0.00277493,500,3,10,20,0.3
2015-05-01,Other_excess,0.0172,0.006693,300,5,20,10,0.3
2015-06-01,NoDur_excess,-0.0153,0.00645551,500,3,20,10,0.3
2015-06-01,Durbl_excess,-0.0185,0.00603977,500,3,20,10,0.3
2015-06-01,Manuf_excess,-0.0199,0.00659222,500,3,10,10,0.3
2015-06-01,Enrgy_excess,-0.0375,0.00147947,300,7,20,10,0.3
2015-06-01,HiTec_excess,-0.0359,0.00636284,500,3,10,20,0.3
2015-06-01,Telcm_excess,-0.0055,0.0069969,300,3,5,10,0.3
2015-06-01,Shops_excess,-0.0061,0.00765886,500,3,20,20,0.3
2015-06-01,Hlth_excess,0.0037,0.00657834,300,3,20,10,0.3
2015-06-01,Utils_excess,-0.0527,0.00296328,500,3,10,20,0.3
2015-06-01,Other_excess,0.0003,0.0055291,300,5,20,10,0.3
2015-07-01,NoDur_excess,0.0496,0.00641607,500,3,20,10,0.3
2015-07-01,Durbl_excess,-0.0231,0.00440772,500,3,20,10,0.3
2015-07-01,Manuf_excess,-0.02,0.00610651,500,3,10,10,0.3
2015-07-01,Enrgy_excess,-0.0895,-0.00129127,300,7,20,10,0.3
2015-07-01,HiTec_excess,0.0221,0.00705458,500,3,10,20,0.3
2015-07-01,Telcm_excess,0.0152,0.00640597,300,3,5,10,0.3
2015-07-01,Shops_excess,0.0514,0.00701733,500,3,20,20,0.3
2015-07-01,Hlth_excess,0.035,0.00766379,300,3,20,10,0.3
2015-07-01,Utils_excess,0.0265,0.00123002,500,3,10,20,0.3
2015-07-01,Other_excess,0.0182,0.00323239,300,5,20,10,0.3
2015-08-01,NoDur_excess,-0.041,0.00706252,500,3,20,10,0.3
2015-08-01,Durbl_excess,-0.0598,0.00722969,500,3,20,10,0.3
2015-08-01,Manuf_excess,-0.0561,0.00686506,500,3,10,10,0.3
2015-08-01,Enrgy_excess,-0.0365,0.00135091,300,7,20,10,0.3
2015-08-01,HiTec_excess,-0.0583,0.007855,500,3,10,20,0.3
2015-08-01,Telcm_excess,-0.0838,0.00826716,300,3,5,10,0.3
2015-08-01,Shops_excess,-0.053,0.00936067,500,3,20,20,0.3
2015-08-01,Hlth_excess,-0.0838,0.00868103,300,3,20,10,0.3
2015-08-01,Utils_excess,-0.0408,0.00427346,500,3,10,20,0.3
2015-08-01,Other_excess,-0.0617,0.00684659,300,5,20,10,0.3
2015-09-01,NoDur_excess,-0.0056,0.00699442,500,3,20,10,0.3
2015-09-01,Durbl_excess,-0.0345,0.0076637,500,3,20,10,0.3
2015-09-01,Manuf_excess,-0.0424,0.0078303,500,3,10,10,0.3
2015-09-01,Enrgy_excess,-0.0575,0.00399224,300,7,20,10,0.3
2015-09-01,HiTec_excess,-0.0132,0.00867591,500,3,10,20,0.3
2015-09-01,Telcm_excess,-0.025,0.00786201,300,3,5,10,0.3
2015-09-01,Shops_excess,-0.0206,0.00884638,500,3,20,20,0.3
2015-09-01,Hlth_excess,-0.0692,0.00900393,300,3,20,10,0.3
2015-09-01,Utils_excess,-0.005,0.00326815,500,3,10,20,0.3
2015-09-01,Other_excess,-0.0306,0.0097334,300,5,20,10,0.3
2015-10-01,NoDur_excess,0.068,0.00656305,500,3,20,10,0.3
2015-10-01,Durbl_excess,0.0696,0.00361345,500,3,20,10,0.3
2015-10-01,Manuf_excess,0.0941,0.0048614,500,3,10,10,0.3
2015-10-01,Enrgy_excess,0.1217,-0.01051517,300,7,20,10,0.3
2015-10-01,HiTec_excess,0.1012,0.00600007,500,3,10,20,0.3
2015-10-01,Telcm_excess,0.0907,0.00712254,300,3,5,10,0.3
2015-10-01,Shops_excess,0.0482,0.007563,500,3,20,20,0.3
2015-10-01,Hlth_excess,0.0751,0.00691888,300,3,20,10,0.3
2015-10-01,Utils_excess,0.0209,0.00070955,500,3,10,20,0.3
2015-10-01,Other_excess,0.0657,0.0007849,300,5,20,10,0.3
2015-11-01,NoDur_excess,-0.0092,0.00826426,500,3,20,10,0.3
2015-11-01,Durbl_excess,0.0196,0.00817689,500,3,20,10,0.3
2015-11-01,Manuf_excess,0.0041,0.00777238,500,3,10,10,0.3
2015-11-01,Enrgy_excess,0.0106,0.00129468,300,7,20,10,0.3
2015-11-01,HiTec_excess,0.0115,0.00836028,500,3,10,20,0.3
2015-11-01,Telcm_excess,-0.0192,0.00750752,300,3,5,10,0.3
2015-11-01,Shops_excess,0.011,0.00936773,500,3,20,20,0.3
2015-11-01,Hlth_excess,0.0058,0.00854518,300,3,20,10,0.3
2015-11-01,Utils_excess,-0.0342,0.00157807,500,3,10,20,0.3
2015-11-01,Other_excess,0.0138,0.00985761,300,5,20,10,0.3
2015-12-01,NoDur_excess,0.0077,0.00954221,500,3,20,10,0.3
2015-12-01,Durbl_excess,-0.0409,0.01178709,500,3,20,10,0.3
2015-12-01,Manuf_excess,-0.0255,0.0093872,500,3,10,10,0.3
2015-12-01,Enrgy_excess,-0.0961,0.00903661,300,7,20,10,0.3
2015-12-01,HiTec_excess,-0.0253,0.00932795,500,3,10,20,0.3
2015-12-01,Telcm_excess,-0.0297,0.00830227,300,3,5,10,0.3
2015-12-01,Shops_excess,0.0003,0.01012194,500,3,20,20,0.3
2015-12-01,Hlth_excess,0.0031,0.01095497,300,3,20,10,0.3
2015-12-01,Utils_excess,-0.024,0.00369186,500,3,10,20,0.3
2015-12-01,Other_excess,-0.0268,0.01375541,300,5,20,10,0.3
2016-01-01,NoDur_excess,0.0016,0.00993445,500,3,20,10,0.3
2016-01-01,Durbl_excess,-0.1234,0.01193526,500,3,20,10,0.3
2016-01-01,Manuf_excess,-0.0572,0.01000997,500,3,10,10,0.3
2016-01-01,Enrgy_excess,-0.0438,0.00311302,300,7,20,10,0.3
2016-01-01,HiTec_excess,-0.0597,0.00971788,500,3,10,20,0.3
2016-01-01,Telcm_excess,0.0038,0.00919698,300,3,5,10,0.3
2016-01-01,Shops_excess,-0.0454,0.0109735,500,3,20,20,0.3
2016-01-01,Hlth_excess,-0.1013,0.01248738,300,3,20,10,0.3
2016-01-01,Utils_excess,0.0466,0.00427888,500,3,10,20,0.3
2016-01-01,Other_excess,-0.0874,0.01294512,300,5,20,10,0.3
2016-02-01,NoDur_excess,0.0057,0.00597869,500,3,20,10,0.3
2016-02-01,Durbl_excess,0.0407,0.00272817,500,3,20,10,0.3
2016-02-01,Manuf_excess,0.0328,0.00117689,500,3,10,10,0.3
2016-02-01,Enrgy_excess,-0.0297,5.126e-05,300,7,20,10,0.3
2016-02-01,HiTec_excess,-0.009,0.0065629,500,3,10,20,0.3
2016-02-01,Telcm_excess,0.0089,0.01043481,300,3,5,10,0.3
2016-02-01,Shops_excess,0.0009,0.00493374,500,3,20,20,0.3
2016-02-01,Hlth_excess,-0.0099,0.00793212,300,3,20,10,0.3
2016-02-01,Utils_excess,0.017,0.00290415,500,3,10,20,0.3
2016-02-01,Other_excess,-0.0044,0.0044942,300,5,20,10,0.3
2016-03-01,NoDur_excess,0.0494,0.00922756,500,3,20,10,0.3
2016-03-01,Durbl_excess,0.1063,0.00740102,500,3,20,10,0.3
2016-03-01,Manuf_excess,0.0689,0.00811557,500,3,10,10,0.3
2016-03-01,Enrgy_excess,0.1087,0.00792102,300,7,20,10,0.3
2016-03-01,HiTec_excess,0.0847,0.00838686,500,3,10,20,0.3
2016-03-01,Telcm_excess,0.0614,0.00910917,300,3,5,10,0.3
2016-03-01,Shops_excess,0.0554,0.00938659,500,3,20,20,0.3
2016-03-01,Hlth_excess,0.0393,0.00880903,300,3,20,10,0.3
2016-03-01,Utils_excess,0.0782,0.00214828,500,3,10,20,0.3
2016-03-01,Other_excess,0.0713,0.00647935,300,5,20,10,0.3
2016-04-01,NoDur_excess,0.0026,0.0101214,500,3,20,10,0.3
2016-04-01,Durbl_excess,0.0153,0.00952321,500,3,20,10,0.3
2016-04-01,Manuf_excess,0.0228,0.00768955,500,3,10,10,0.3
2016-04-01,Enrgy_excess,0.0916,0.00742778,300,7,20,10,0.3
2016-04-01,HiTec_excess,-0.0421,0.00568674,500,3,10,20,0.3
2016-04-01,Telcm_excess,0.0068,0.00791448,300,3,5,10,0.3
2016-04-01,Shops_excess,-0.0056,0.01018655,500,3,20,20,0.3
2016-04-01,Hlth_excess,0.0495,0.0084098,300,3,20,10,0.3
2016-04-01,Utils_excess,-0.0081,0.0062115,500,3,10,20,0.3
2016-04-01,Other_excess,0.024,0.00821343,300,5,20,10,0.3
2016-05-01,NoDur_excess,0.0073,0.00964089,500,3,20,10,0.3
2016-05-01,Durbl_excess,-0.011,0.00984297,500,3,20,10,0.3
2016-05-01,Manuf_excess,-0.0054,0.00934543,500,3,10,10,0.3
2016-05-01,Enrgy_excess,-0.006,0.00881615,300,7,20,10,0.3
2016-05-01,HiTec_excess,0.0513,0.00782696,500,3,10,20,0.3
2016-05-01,Telcm_excess,0.0016,0.00822124,300,3,5,10,0.3
2016-05-01,Shops_excess,0.0095,0.00932781,500,3,20,20,0.3
2016-05-01,Hlth_excess,0.0241,0.00895889,300,3,20,10,0.3
2016-05-01,Utils_excess,0.0223,0.0056035,500,3,10,20,0.3
2016-05-01,Other_excess,0.0119,0.0093216,300,5,20,10,0.3
2016-06-01,NoDur_excess,0.0472,0.00881339,500,3,20,10,0.3
2016-06-01,Durbl_excess,-0.055,0.00942232,500,3,20,10,0.3
2016-06-01,Manuf_excess,0.0089,0.00901886,500,3,10,10,0.3
2016-06-01,Enrgy_excess,0.0253,0.01325815,300,7,20,10,0.3
2016-06-01,HiTec_excess,-0.0176,0.00835957,500,3,10,20,0.3
2016-06-01,Telcm_excess,0.0353,0.00894526,300,3,5,10,0.3
2016-06-01,Shops_excess,0.0071,0.00957445,500,3,20,20,0.3
2016-06-01,Hlth_excess,-0.0019,0.01002509,300,3,20,10,0.3
2016-06-01,Utils_excess,0.0741,0.0043069,500,3,10,20,0.3
2016-06-01,Other_excess,-0.0309,0.00972585,300,5,20,10,0.3
2016-07-01,NoDur_excess,-0.0008,0.00907716,500,3,20,10,0.3
2016-07-01,Durbl_excess,0.0856,0.00991362,500,3,20,10,0.3
2016-07-01,Manuf_excess,0.0405,0.01127817,500,3,10,10,0.3
2016-07-01,Enrgy_excess,-0.0275,0.01470273,300,7,20,10,0.3
2016-07-01,HiTec_excess,0.0751,0.01446786,500,3,10,20,0.3
2016-07-01,Telcm_excess,0.0223,0.0131887,300,3,5,10,0.3
2016-07-01,Shops_excess,0.0382,0.01126568,500,3,20,20,0.3
2016-07-01,Hlth_excess,0.0614,0.00943945,300,3,20,10,0.3
2016-07-01,Utils_excess,-0.0027,0.0060428,500,3,10,20,0.3
2016-07-01,Other_excess,0.0371,0.01207279,300,5,20,10,0.3
2016-08-01,NoDur_excess,-0.0063,0.0089743,500,3,20,10,0.3
2016-08-01,Durbl_excess,0.0023,0.00919283,500,3,20,10,0.3
2016-08-01,Manuf_excess,0.0138,0.01139083,500,3,10,10,0.3
2016-08-01,Enrgy_excess,0.0159,0.00986188,300,7,20,10,0.3
2016-08-01,HiTec_excess,0.0177,0.01311181,500,3,10,20,0.3
2016-08-01,Telcm_excess,-0.0319,0.00863047,300,3,5,10,0.3
2016-08-01,Shops_excess,-0.0138,0.01052176,500,3,20,20,0.3
2016-08-01,Hlth_excess,-0.0317,0.01120407,300,3,20,10,0.3
2016-08-01,Utils_excess,-0.038,0.00652924,500,3,10,20,0.3
2016-08-01,Other_excess,0.0327,0.01147185,300,5,20,10,0.3
2016-09-01,NoDur_excess,-0.025,0.00789952,500,3,20,10,0.3
2016-09-01,Durbl_excess,-0.0156,0.00953083,500,3,20,10,0.3
2016-09-01,Manuf_excess,-0.0004,0.0119936,500,3,10,10,0.3
2016-09-01,Enrgy_excess,0.0279,0.00932547,300,7,20,10,0.3
2016-09-01,HiTec_excess,0.022,0.01342678,500,3,10,20,0.3
2016-09-01,Telcm_excess,0.0045,0.00742348,300,3,5,10,0.3
2016-09-01,Shops_excess,-0.0064,0.00973137,500,3,20,20,0.3
2016-09-01,Hlth_excess,0.0058,0.01033017,300,3,20,10,0.3
2016-09-01,Utils_excess,0.0181,0.00364423,500,3,10,20,0.3
2016-09-01,Other_excess,-0.0104,0.01189824,300,5,20,10,0.3
2016-10-01,NoDur_excess,-0.002,0.00755449,500,3,20,10,0.3
2016-10-01,Durbl_excess,-0.0379,0.00761132,500,3,20,10,0.3
2016-10-01,Manuf_excess,-0.0257,0.01112781,500,3,10,10,0.3
2016-10-01,Enrgy_excess,-0.0298,0.00970758,300,7,20,10,0.3
2016-10-01,HiTec_excess,-0.0114,0.01230003,500,3,10,20,0.3
2016-10-01,Telcm_excess,-0.0307,0.0071289,300,3,5,10,0.3
2016-10-01,Shops_excess,-0.0414,0.00963672,500,3,20,20,0.3
2016-10-01,Hlth_excess,-0.0755,0.01127836,300,3,20,10,0.3
2016-10-01,Utils_excess,-0.0068,0.00350633,500,3,10,20,0.3
2016-10-01,Other_excess,0.0075,0.01087246,300,5,20,10,0.3
2016-11-01,NoDur_excess,-0.0388,0.00776652,500,3,20,10,0.3
2016-11-01,Durbl_excess,0.0754,0.00708339,500,3,20,10,0.3
2016-11-01,Manuf_excess,0.0628,0.0109637,500,3,10,10,0.3
2016-11-01,Enrgy_excess,0.0958,0.00768331,300,7,20,10,0.3
2016-11-01,HiTec_excess,0.0073,0.01181563,500,3,10,20,0.3
2016-11-01,Telcm_excess,0.0653,0.00686241,300,3,5,10,0.3
2016-11-01,Shops_excess,0.0427,0.00937796,500,3,20,20,0.3
2016-11-01,Hlth_excess,0.0238,0.00920677,300,3,20,10,0.3
2016-11-01,Utils_excess,-0.0266,0.00544623,500,3,10,20,0.3
2016-11-01,Other_excess,0.1149,0.01253328,300,5,20,10,0.3
2016-12-01,NoDur_excess,0.0343,0.00501964,500,3,20,10,0.3
2016-12-01,Durbl_excess,0.0395,0.00733857,500,3,20,10,0.3
2016-12-01,Manuf_excess,0.0046,0.00765351,500,3,10,10,0.3
2016-12-01,Enrgy_excess,0.0194,0.00556256,300,7,20,10,0.3
2016-12-01,HiTec_excess,0.0089,0.00769971,500,3,10,20,0.3
2016-12-01,Telcm_excess,0.0486,0.00732679,300,3,5,10,0.3
2016-12-01,Shops_excess,-0.0033,0.00773604,500,3,20,20,0.3
2016-12-01,Hlth_excess,0.0066,0.00738452,300,3,20,10,0.3
2016-12-01,Utils_excess,0.0358,0.004607,500,3,10,20,0.3
2016-12-01,Other_excess,0.0293,0.01108314,300,5,20,10,0.3
2017-01-01,NoDur_excess,0.0165,0.00735827,500,3,20,10,0.3
2017-01-01,Durbl_excess,0.029,0.00970825,500,3,20,10,0.3
2017-01-01,Manuf_excess,0.033,0.00912081,500,3,10,10,0.3
2017-01-01,Enrgy_excess,-0.0433,0.00996535,300,7,20,10,0.3
2017-01-01,HiTec_excess,0.0456,0.01024784,500,3,10,20,0.3
2017-01-01,Telcm_excess,0.0329,0.00814958,300,3,5,10,0.3
2017-01-01,Shops_excess,0.0107,0.00896663,500,3,20,20,0.3
2017-01-01,Hlth_excess,0.0198,0.00793773,300,3,20,10,0.3
2017-01-01,Utils_excess,0.0105,0.00586689,500,3,10,20,0.3
2017-01-01,Other_excess,0.0089,0.01327912,300,5,20,10,0.3
2017-02-01,NoDur_excess,0.0371,0.00661268,500,3,20,10,0.3
2017-02-01,Durbl_excess,0.0068,0.00725887,500,3,20,10,0.3
2017-02-01,Manuf_excess,0.0413,0.00739129,500,3,10,10,0.3
2017-02-01,Enrgy_excess,-0.025,0.00713438,300,7,20,10,0.3
2017-02-01,HiTec_excess,0.048,0.00716616,500,3,10,20,0.3
2017-02-01,Telcm_excess,-0.0016,0.00727797,300,3,5,10,0.3
2017-02-01,Shops_excess,0.0284,0.00678326,500,3,20,20,0.3
2017-02-01,Hlth_excess,0.0693,0.00583302,300,3,20,10,0.3
2017-02-01,Utils_excess,0.0381,0.00590377,500,3,10,20,0.3
2017-02-01,Other_excess,0.0368,0.00549746,300,5,20,10,0.3
2017-03-01,NoDur_excess,0.0085,0.00825806,500,3,20,10,0.3
2017-03-01,Durbl_excess,0.0021,0.00867692,500,3,20,10,0.3
2017-03-01,Manuf_excess,0.001,0.00890954,500,3,10,10,0.3
2017-03-01,Enrgy_excess,-0.0123,0.00840306,300,7,20,10,0.3
2017-03-01,HiTec_excess,0.0208,0.01008509,500,3,10,20,0.3
2017-03-01,Telcm_excess,0.0085,0.00752766,300,3,5,10,0.3
2017-03-01,Shops_excess,0.0076,0.00905126,500,3,20,20,0.3
2017-03-01,Hlth_excess,0.0001,0.00721707,300,3,20,10,0.3
2017-03-01,Utils_excess,0.0035,0.00591455,500,3,10,20,0.3
2017-03-01,Other_excess,-0.0165,0.01182553,300,5,20,10,0.3
2017-04-01,NoDur_excess,0.0046,0.00758624,500,3,20,10,0.3
2017-04-01,Durbl_excess,0.0164,0.00820036,500,3,20,10,0.3
2017-04-01,Manuf_excess,0.0182,0.00881073,500,3,10,10,0.3
2017-04-01,Enrgy_excess,-0.0278,0.0052725,300,7,20,10,0.3
2017-04-01,HiTec_excess,0.025,0.00978507,500,3,10,20,0.3
2017-04-01,Telcm_excess,0.0006,0.0073746,300,3,5,10,0.3
2017-04-01,Shops_excess,0.026,0.00848128,500,3,20,20,0.3
2017-04-01,Hlth_excess,0.0088,0.0080401,300,3,20,10,0.3
2017-04-01,Utils_excess,0.0027,0.00554531,500,3,10,20,0.3
2017-04-01,Other_excess,0.0034,0.00931289,300,5,20,10,0.3
2017-05-01,NoDur_excess,0.0316,0.00852567,500,3,20,10,0.3
2017-05-01,Durbl_excess,-0.0021,0.00835571,500,3,20,10,0.3
2017-05-01,Manuf_excess,0.0121,0.00910422,500,3,10,10,0.3
2017-05-01,Enrgy_excess,-0.0344,0.00709215,300,7,20,10,0.3
2017-05-01,HiTec_excess,0.0405,0.01016844,500,3,10,20,0.3
2017-05-01,Telcm_excess,-0.0158,0.00753999,300,3,5,10,0.3
2017-05-01,Shops_excess,0.0161,0.00911441,500,3,20,20,0.3
2017-05-01,Hlth_excess,-0.0033,0.00728643,300,3,20,10,0.3
2017-05-01,Utils_excess,0.0238,0.00582415,500,3,10,20,0.3
2017-05-01,Other_excess,-0.0046,0.00986636,300,5,20,10,0.3
2017-06-01,NoDur_excess,-0.0118,0.00799033,500,3,20,10,0.3
2017-06-01,Durbl_excess,0.0329,0.00908059,500,3,20,10,0.3
2017-06-01,Manuf_excess,0.0116,0.0091121,500,3,10,10,0.3
2017-06-01,Enrgy_excess,-0.002,0.00745344,300,7,20,10,0.3
2017-06-01,HiTec_excess,-0.0209,0.01063144,500,3,10,20,0.3
2017-06-01,Telcm_excess,-0.0252,0.00756473,300,3,5,10,0.3
2017-06-01,Shops_excess,-0.0194,0.00915283,500,3,20,20,0.3
2017-06-01,Hlth_excess,0.0547,0.00808833,300,3,20,10,0.3
2017-06-01,Utils_excess,-0.0197,0.00625312,500,3,10,20,0.3
2017-06-01,Other_excess,0.0433,0.01071687,300,5,20,10,0.3
2017-07-01,NoDur_excess,-0.0013,0.00672378,500,3,20,10,0.3
2017-07-01,Durbl_excess,-0.0108,0.00959952,500,3,20,10,0.3
2017-07-01,Manuf_excess,0.021,0.00925275,500,3,10,10,0.3
2017-07-01,Enrgy_excess,0.0197,0.00740838,300,7,20,10,0.3
2017-07-01,HiTec_excess,0.0354,0.01054594,500,3,10,20,0.3
2017-07-01,Telcm_excess,0.0526,0.00705794,300,3,5,10,0.3
2017-07-01,Shops_excess,0.0013,0.00854345,500,3,20,20,0.3
2017-07-01,Hlth_excess,0.0062,0.00786026,300,3,20,10,0.3
2017-07-01,Utils_excess,0.0292,0.00540109,500,3,10,20,0.3
2017-07-01,Other_excess,0.0137,0.01157484,300,5,20,10,0.3
2017-08-01,NoDur_excess,-0.0184,0.00663506,500,3,20,10,0.3
2017-08-01,Durbl_excess,-0.0006,0.00929819,500,3,20,10,0.3
2017-08-01,Manuf_excess,0.0024,0.00910778,500,3,10,10,0.3
2017-08-01,Enrgy_excess,-0.0522,0.00445204,300,7,20,10,0.3
2017-08-01,HiTec_excess,0.0291,0.01061938,500,3,10,20,0.3
2017-08-01,Telcm_excess,-0.0257,0.00739706,300,3,5,10,0.3
2017-08-01,Shops_excess,-0.0169,0.00838629,500,3,20,20,0.3
2017-08-01,Hlth_excess,0.025,0.00794312,300,3,20,10,0.3
2017-08-01,Utils_excess,0.0209,0.00563883,500,3,10,20,0.3
2017-08-01,Other_excess,-0.0066,0.01082549,300,5,20,10,0.3
2017-09-01,NoDur_excess,-0.0047,0.00666112,500,3,20,10,0.3
2017-09-01,Durbl_excess,0.053,0.00729996,500,3,20,10,0.3
2017-09-01,Manuf_excess,0.0385,0.00835789,500,3,10,10,0.3
2017-09-01,Enrgy_excess,0.1085,0.00735383,300,7,20,10,0.3
2017-09-01,HiTec_excess,0.0051,0.00978193,500,3,10,20,0.3
2017-09-01,Telcm_excess,-0.0159,0.00726237,300,3,5,10,0.3
2017-09-01,Shops_excess,0.024,0.00775467,500,3,20,20,0.3
2017-09-01,Hlth_excess,0.0199,0.00714652,300,3,20,10,0.3
2017-09-01,Utils_excess,-0.0204,0.00622789,500,3,10,20,0.3
2017-09-01,Other_excess,0.0448,0.00742608,300,5,20,10,0.3
2017-10-01,NoDur_excess,-0.0001,0.00569628,500,3,20,10,0.3
2017-10-01,Durbl_excess,0.0122,0.00756591,500,3,20,10,0.3
2017-10-01,Manuf_excess,0.0267,0.00778992,500,3,10,10,0.3
2017-10-01,Enrgy_excess,0.0038,0.00333386,300,7,20,10,0.3
2017-10-01,HiTec_excess,0.068,0.00795317,500,3,10,20,0.3
2017-10-01,Telcm_excess,-0.0567,0.00626282,300,3,5,10,0.3
2017-10-01,Shops_excess,0.026,0.00614284,500,3,20,20,0.3
2017-10-01,Hlth_excess,-0.0234,0.00587684,300,3,20,10,0.3
2017-10-01,Utils_excess,0.0293,0.00541286,500,3,10,20,0.3
2017-10-01,Other_excess,0.0213,0.00676948,300,5,20,10,0.3
2017-11-01,NoDur_excess,0.0399,0.00620759,500,3,20,10,0.3
2017-11-01,Durbl_excess,-0.0057,0.00916306,500,3,20,10,0.3
2017-11-01,Manuf_excess,0.0339,0.00927209,500,3,10,10,0.3
2017-11-01,Enrgy_excess,0.0291,0.00455099,300,7,20,10,0.3
2017-11-01,HiTec_excess,0.0098,0.01088561,500,3,10,20,0.3
2017-11-01,Telcm_excess,0.0393,0.0068978,300,3,5,10,0.3
2017-11-01,Shops_excess,0.0769,0.00825094,500,3,20,20,0.3
2017-11-01,Hlth_excess,0.024,0.00777605,300,3,20,10,0.3
2017-11-01,Utils_excess,0.0234,0.00579573,500,3,10,20,0.3
2017-11-01,Other_excess,0.0384,0.01047791,300,5,20,10,0.3
2017-12-01,NoDur_excess,0.0192,0.00664271,500,3,20,10,0.3
2017-12-01,Durbl_excess,-0.0081,0.00781073,500,3,20,10,0.3
2017-12-01,Manuf_excess,0.0219,0.00853928,500,3,10,10,0.3
2017-12-01,Enrgy_excess,0.0491,0.00775801,300,7,20,10,0.3
2017-12-01,HiTec_excess,-0.0027,0.01033936,500,3,10,20,0.3
2017-12-01,Telcm_excess,0.044,0.0067049,300,3,5,10,0.3
2017-12-01,Shops_excess,0.0245,0.00848154,500,3,20,20,0.3
2017-12-01,Hlth_excess,-0.0025,0.00808627,300,3,20,10,0.3
2017-12-01,Utils_excess,-0.0507,0.00625868,500,3,10,20,0.3
2017-12-01,Other_excess,0.0127,0.00854932,300,5,20,10,0.3
2018-01-01,NoDur_excess,0.0182,0.0070112,500,3,20,10,0.3
2018-01-01,Durbl_excess,0.0264,0.00947078,500,3,20,10,0.3
2018-01-01,Manuf_excess,0.0398,0.00901623,500,3,10,10,0.3
2018-01-01,Enrgy_excess,0.0266,0.00932328,300,7,20,10,0.3
2018-01-01,HiTec_excess,0.0763,0.01057849,500,3,10,20,0.3
2018-01-01,Telcm_excess,0.0304,0.00752829,300,3,5,10,0.3
2018-01-01,Shops_excess,0.0927,0.00924246,500,3,20,20,0.3
2018-01-01,Hlth_excess,0.0628,0.00736467,300,3,20,10,0.3
2018-01-01,Utils_excess,-0.0292,0.00574586,500,3,10,20,0.3
2018-01-01,Other_excess,0.058,0.01089746,300,5,20,10,0.3
2018-02-01,NoDur_excess,-0.0633,0.00544023,500,3,20,10,0.3
2018-02-01,Durbl_excess,-0.0615,0.0061383,500,3,20,10,0.3
2018-02-01,Manuf_excess,-0.0414,0.00713238,500,3,10,10,0.3
2018-02-01,Enrgy_excess,-0.1089,0.00324838,300,7,20,10,0.3
2018-02-01,HiTec_excess,-0.0012,0.00843073,500,3,10,20,0.3
2018-02-01,Telcm_excess,-0.0716,0.00532759,300,3,5,10,0.3
2018-02-01,Shops_excess,-0.0459,0.00671107,500,3,20,20,0.3
2018-02-01,Hlth_excess,-0.036,0.00584127,300,3,20,10,0.3
2018-02-01,Utils_excess,-0.0465,0.00424074,500,3,10,20,0.3
2018-02-01,Other_excess,-0.0343,0.00544245,300,5,20,10,0.3
2018-03-01,NoDur_excess,-0.012,0.00528413,500,3,20,10,0.3
2018-03-01,Durbl_excess,-0.0569,0.00099331,500,3,20,10,0.3
2018-03-01,Manuf_excess,-0.0236,0.00653214,500,3,10,10,0.3
2018-03-01,Enrgy_excess,0.0295,0.00151022,300,7,20,10,0.3
2018-03-01,HiTec_excess,-0.0325,0.0096415,500,3,10,20,0.3
2018-03-01,Telcm_excess,-0.0265,0.00636276,300,3,5,10,0.3
2018-03-01,Shops_excess,-0.027,0.00612561,500,3,20,20,0.3
2018-03-01,Hlth_excess,-0.0251,0.00673522,300,3,20,10,0.3
2018-03-01,Utils_excess,0.0305,0.00420501,500,3,10,20,0.3
2018-03-01,Other_excess,-0.0277,-0.00116881,300,5,20,10,0.3
2018-04-01,NoDur_excess,-0.0409,0.00638992,500,3,20,10,0.3
2018-04-01,Durbl_excess,-0.0044,0.00357531,500,3,20,10,0.3
2018-04-01,Manuf_excess,-0.0356,0.00731403,500,3,10,10,0.3
2018-04-01,Enrgy_excess,0.0979,0.01007507,300,7,20,10,0.3
2018-04-01,HiTec_excess,-0.003,0.00997297,500,3,10,20,0.3
2018-04-01,Telcm_excess,-0.0245,0.0073571,300,3,5,10,0.3
2018-04-01,Shops_excess,0.0364,0.00763569,500,3,20,20,0.3
2018-04-01,Hlth_excess,-0.0019,0.00706957,300,3,20,10,0.3
2018-04-01,Utils_excess,0.0264,0.00522255,500,3,10,20,0.3
2018-04-01,Other_excess,0.0045,0.00610639,300,5,20,10,0.3
2018-05-01,NoDur_excess,-0.0072,0.00555551,500,3,20,10,0.3
2018-05-01,Durbl_excess,0.0297,0.00302509,500,3,20,10,0.3
2018-05-01,Manuf_excess,0.0236,0.00712407,500,3,10,10,0.3
2018-05-01,Enrgy_excess,0.0325,0.0058603,300,7,20,10,0.3
2018-05-01,HiTec_excess,0.0666,0.00887728,500,3,10,20,0.3
2018-05-01,Telcm_excess,-0.0145,0.00577316,300,3,5,10,0.3
2018-05-01,Shops_excess,0.0071,0.00718959,500,3,20,20,0.3
2018-05-01,Hlth_excess,0.0224,0.00645469,300,3,20,10,0.3
2018-05-01,Utils_excess,0.0013,0.00475654,500,3,10,20,0.3
2018-05-01,Other_excess,0.0131,0.003603,300,5,20,10,0.3
2018-06-01,NoDur_excess,0.0419,0.00617565,500,3,20,10,0.3
2018-06-01,Durbl_excess,0.0047,0.00603554,500,3,20,10,0.3
2018-06-01,Manuf_excess,-0.0112,0.007343,500,3,10,10,0.3
2018-06-01,Enrgy_excess,0.0036,0.01294669,300,7,20,10,0.3
2018-06-01,HiTec_excess,-0.0055,0.00886445,500,3,10,20,0.3
2018-06-01,Telcm_excess,0.0637,0.00651321,300,3,5,10,0.3
2018-06-01,Shops_excess,0.0279,0.00777218,500,3,20,20,0.3
2018-06-01,Hlth_excess,0.0133,0.00689826,300,3,20,10,0.3
2018-06-01,Utils_excess,0.0243,0.00526012,500,3,10,20,0.3
2018-06-01,Other_excess,-0.0108,0.00562611,300,5,20,10,0.3
2018-07-01,NoDur_excess,0.0271,0.00573793,500,3,20,10,0.3
2018-07-01,Durbl_excess,-0.0132,0.00484747,500,3,20,10,0.3
2018-07-01,Manuf_excess,0.0506,0.00747758,500,3,10,10,0.3
2018-07-01,Enrgy_excess,0.0095,0.01121836,300,7,20,10,0.3
2018-07-01,HiTec_excess,0.0239,0.01033128,500,3,10,20,0.3
2018-07-01,Telcm_excess,0.0257,0.00795839,300,3,5,10,0.3
2018-07-01,Shops_excess,0.0292,0.00855762,500,3,20,20,0.3
2018-07-01,Hlth_excess,0.0574,0.00839495,300,3,20,10,0.3
2018-07-01,Utils_excess,0.0152,0.00518531,500,3,10,20,0.3
2018-07-01,Other_excess,0.0358,0.00555334,300,5,20,10,0.3
2018-08-01,NoDur_excess,-0.0132,0.00570233,500,3,20,10,0.3
2018-08-01,Durbl_excess,-0.007,0.00565486,500,3,20,10,0.3
2018-08-01,Manuf_excess,-0.0053,0.00783544,500,3,10,10,0.3
2018-08-01,Enrgy_excess,-0.03,0.00675178,300,7,20,10,0.3
2018-08-01,HiTec_excess,0.0699,0.01067601,500,3,10,20,0.3
2018-08-01,Telcm_excess,0.0273,0.00672424,300,3,5,10,0.3
2018-08-01,Shops_excess,0.0783,0.00855483,500,3,20,20,0.3
2018-08-01,Hlth_excess,0.0434,0.00765031,300,3,20,10,0.3
2018-08-01,Utils_excess,0.0077,0.00533969,500,3,10,20,0.3
2018-08-01,Other_excess,0.0224,0.00775335,300,5,20,10,0.3
2018-09-01,NoDur_excess,0.0056,0.00651595,500,3,20,10,0.3
2018-09-01,Durbl_excess,-0.0384,0.00484791,500,3,20,10,0.3
2018-09-01,Manuf_excess,0.011,0.00748097,500,3,10,10,0.3
2018-09-01,Enrgy_excess,0.0322,0.01258659,300,7,20,10,0.3
2018-09-01,HiTec_excess,-0.002,0.01050767,500,3,10,20,0.3
2018-09-01,Telcm_excess,0.0164,0.00781796,300,3,5,10,0.3
2018-09-01,Shops_excess,0.004,0.00879304,500,3,20,20,0.3
2018-09-01,Hlth_excess,0.0193,0.00945319,300,3,20,10,0.3
2018-09-01,Utils_excess,-0.0072,0.00575172,500,3,10,20,0.3
2018-09-01,Other_excess,-0.0165,0.00708908,300,5,20,10,0.3
2018-10-01,NoDur_excess,-0.0041,0.00404551,500,3,20,10,0.3
2018-10-01,Durbl_excess,-0.0318,0.00272176,500,3,20,10,0.3
2018-10-01,Manuf_excess,-0.0998,0.00461708,500,3,10,10,0.3
2018-10-01,Enrgy_excess,-0.1192,0.00372096,300,7,20,10,0.3
2018-10-01,HiTec_excess,-0.0901,0.00487281,500,3,10,20,0.3
2018-10-01,Telcm_excess,-0.006,0.00671576,300,3,5,10,0.3
2018-10-01,Shops_excess,-0.0899,0.00766192,500,3,20,20,0.3
2018-10-01,Hlth_excess,-0.0898,0.00734157,300,3,20,10,0.3
2018-10-01,Utils_excess,-0.0025,0.00650468,500,3,10,20,0.3
2018-10-01,Other_excess,-0.0695,0.00306583,300,5,20,10,0.3
2018-11-01,NoDur_excess,0.0031,0.00532648,500,3,20,10,0.3
2018-11-01,Durbl_excess,0.0506,-0.0019169,500,3,20,10,0.3
2018-11-01,Manuf_excess,0.045,0.00613727,500,3,10,10,0.3
2018-11-01,Enrgy_excess,-0.0238,0.00694938,300,7,20,10,0.3
2018-11-01,HiTec_excess,-0.0176,0.01005525,500,3,10,20,0.3
2018-11-01,Telcm_excess,0.0234,0.00647023,300,3,5,10,0.3
2018-11-01,Shops_excess,0.0246,0.006655,500,3,20,20,0.3
2018-11-01,Hlth_excess,0.0623,0.0078903,300,3,20,10,0.3
2018-11-01,Utils_excess,0.0308,0.00479009,500,3,10,20,0.3
2018-11-01,Other_excess,0.0266,0.00048168,300,5,20,10,0.3
2018-12-01,NoDur_excess,-0.115,0.00426885,500,3,20,10,0.3
2018-12-01,Durbl_excess,-0.1177,0.00061487,500,3,20,10,0.3
2018-12-01,Manuf_excess,-0.0889,0.00074927,500,3,10,10,0.3
2018-12-01,Enrgy_excess,-0.1325,0.00694322,300,7,20,10,0.3
2018-12-01,HiTec_excess,-0.0841,0.00860803,500,3,10,20,0.3
2018-12-01,Telcm_excess,-0.0889,0.01131238,300,3,5,10,0.3
2018-12-01,Shops_excess,-0.092,0.00423328,500,3,20,20,0.3
2018-12-01,Hlth_excess,-0.0843,0.00902836,300,3,20,10,0.3
2018-12-01,Utils_excess,-0.0496,0.00574491,500,3,10,20,0.3
2018-12-01,Other_excess,-0.1101,0.00618007,300,5,20,10,0.3
2019-01-01,NoDur_excess,0.0708,0.00628777,500,3,20,10,0.3
2019-01-01,Durbl_excess,0.1082,0.00168864,500,3,20,10,0.3
2019-01-01,Manuf_excess,0.0945,0.00660754,500,3,10,10,0.3
2019-01-01,Enrgy_excess,0.1013,0.00099893,300,7,20,10,0.3
2019-01-01,HiTec_excess,0.0909,0.00949394,500,3,10,20,0.3
2019-01-01,Telcm_excess,0.0524,0.00767425,300,3,5,10,0.3
2019-01-01,Shops_excess,0.0811,0.00755872,500,3,20,20,0.3
2019-01-01,Hlth_excess,0.051,0.00912894,300,3,20,10,0.3
2019-01-01,Utils_excess,0.0517,0.00530534,500,3,10,20,0.3
2019-01-01,Other_excess,0.0953,0.00353022,300,5,20,10,0.3
2019-02-01,NoDur_excess,0.0116,0.00629365,500,3,20,10,0.3
2019-02-01,Durbl_excess,0.0356,0.00386021,500,3,20,10,0.3
2019-02-01,Manuf_excess,0.0502,0.00795992,500,3,10,10,0.3
2019-02-01,Enrgy_excess,0.0229,0.01058421,300,7,20,10,0.3
2019-02-01,HiTec_excess,0.0548,0.00967663,500,3,10,20,0.3
2019-02-01,Telcm_excess,0.0286,0.00686763,300,3,5,10,0.3
2019-02-01,Shops_excess,0.0062,0.00825447,500,3,20,20,0.3
2019-02-01,Hlth_excess,0.0312,0.00759983,300,3,20,10,0.3
2019-02-01,Utils_excess,0.0337,0.00585885,500,3,10,20,0.3
2019-02-01,Other_excess,0.029,0.00869888,300,5,20,10,0.3
2019-03-01,NoDur_excess,0.0348,0.00519376,500,3,20,10,0.3
2019-03-01,Durbl_excess,-0.0519,0.00353759,500,3,20,10,0.3
2019-03-01,Manuf_excess,-0.0107,0.00726103,500,3,10,10,0.3
2019-03-01,Enrgy_excess,0.0183,0.00040059,300,7,20,10,0.3
2019-03-01,HiTec_excess,0.0357,0.00860186,500,3,10,20,0.3
2019-03-01,Telcm_excess,0.0041,0.00696243,300,3,5,10,0.3
2019-03-01,Shops_excess,0.032,0.00655837,500,3,20,20,0.3
2019-03-01,Hlth_excess,0.0032,0.00772943,300,3,20,10,0.3
2019-03-01,Utils_excess,0.0314,0.00530061,500,3,10,20,0.3
2019-03-01,Other_excess,-0.0155,0.00489171,300,5,20,10,0.3
2019-04-01,NoDur_excess,0.0292,0.00669903,500,3,20,10,0.3
2019-04-01,Durbl_excess,0.032,0.00476055,500,3,20,10,0.3
2019-04-01,Manuf_excess,0.0383,0.00713494,500,3,10,10,0.3
2019-04-01,Enrgy_excess,0.0001,0.00924386,300,7,20,10,0.3
2019-04-01,HiTec_excess,0.056,0.00884899,500,3,10,20,0.3
2019-04-01,Telcm_excess,0.0577,0.00757957,300,3,5,10,0.3
2019-04-01,Shops_excess,0.0441,0.00780761,500,3,20,20,0.3
2019-04-01,Hlth_excess,-0.0337,0.00654919,300,3,20,10,0.3
2019-04-01,Utils_excess,0.0079,0.00600093,500,3,10,20,0.3
2019-04-01,Other_excess,0.0646,0.00656043,300,5,20,10,0.3
2019-05-01,NoDur_excess,-0.0583,0.00545699,500,3,20,10,0.3
2019-05-01,Durbl_excess,-0.1245,0.0028823,500,3,20,10,0.3
2019-05-01,Manuf_excess,-0.0938,0.0072183,500,3,10,10,0.3
2019-05-01,Enrgy_excess,-0.1209,-0.00110365,300,7,20,10,0.3
2019-05-01,HiTec_excess,-0.0875,0.00924683,500,3,10,20,0.3
2019-05-01,Telcm_excess,-0.0321,0.00695436,300,3,5,10,0.3
2019-05-01,Shops_excess,-0.0626,0.00632023,500,3,20,20,0.3
2019-05-01,Hlth_excess,-0.0361,0.00530732,300,3,20,10,0.3
2019-05-01,Utils_excess,-0.0176,0.00554058,500,3,10,20,0.3
2019-05-01,Other_excess,-0.0633,0.0051119,300,5,20,10,0.3
2019-06-01,NoDur_excess,0.0473,0.00633537,500,3,20,10,0.3
2019-06-01,Durbl_excess,0.1294,0.0054562,500,3,20,10,0.3
2019-06-01,Manuf_excess,0.0902,0.0074699,500,3,10,10,0.3
2019-06-01,Enrgy_excess,0.0865,0.01094617,300,7,20,10,0.3
2019-06-01,HiTec_excess,0.0783,0.01057839,500,3,10,20,0.3
2019-06-01,Telcm_excess,0.0497,0.00898398,300,3,5,10,0.3
2019-06-01,Shops_excess,0.0699,0.00959339,500,3,20,20,0.3
2019-06-01,Hlth_excess,0.0664,0.00736016,300,3,20,10,0.3
2019-06-01,Utils_excess,0.0346,0.00580587,500,3,10,20,0.3
2019-06-01,Other_excess,0.0641,0.00941507,300,5,20,10,0.3
2019-07-01,NoDur_excess,0.0141,0.00551635,500,3,20,10,0.3
2019-07-01,Durbl_excess,0.0064,0.00502907,500,3,20,10,0.3
2019-07-01,Manuf_excess,0.0078,0.00774156,500,3,10,10,0.3
2019-07-01,Enrgy_excess,-0.0283,0.01150671,300,7,20,10,0.3
2019-07-01,HiTec_excess,0.0344,0.01084246,500,3,10,20,0.3
2019-07-01,Telcm_excess,0.0186,0.00770645,300,3,5,10,0.3
2019-07-01,Shops_excess,0.0083,0.00786296,500,3,20,20,0.3
2019-07-01,Hlth_excess,-0.0235,0.00600371,300,3,20,10,0.3
2019-07-01,Utils_excess,-0.012,0.00454587,500,3,10,20,0.3
2019-07-01,Other_excess,0.0158,0.00966377,300,5,20,10,0.3
2019-08-01,NoDur_excess,-0.0158,0.00533982,500,3,20,10,0.3
2019-08-01,Durbl_excess,-0.0484,0.00473026,500,3,20,10,0.3
2019-08-01,Manuf_excess,-0.0184,0.007748,500,3,10,10,0.3
2019-08-01,Enrgy_excess,-0.0867,0.00811248,300,7,20,10,0.3
2019-08-01,HiTec_excess,-0.0275,0.0108137,500,3,10,20,0.3
2019-08-01,Telcm_excess,0.0013,0.00845449,300,3,5,10,0.3
2019-08-01,Shops_excess,-0.0004,0.00735448,500,3,20,20,0.3
2019-08-01,Hlth_excess,-0.008,0.00599843,300,3,20,10,0.3
2019-08-01,Utils_excess,0.0329,0.00295332,500,3,10,20,0.3
2019-08-01,Other_excess,-0.0479,0.00835842,300,5,20,10,0.3
2019-09-01,NoDur_excess,0.017,0.00612441,500,3,20,10,0.3
2019-09-01,Durbl_excess,0.036,0.00305671,500,3,20,10,0.3
2019-09-01,Manuf_excess,0.0366,0.0090631,500,3,10,10,0.3
2019-09-01,Enrgy_excess,0.0351,0.00831848,300,7,20,10,0.3
2019-09-01,HiTec_excess,0.0111,0.01185352,500,3,10,20,0.3
2019-09-01,Telcm_excess,0.0108,0.01319504,300,3,5,10,0.3
2019-09-01,Shops_excess,0.0065,0.00922857,500,3,20,20,0.3
2019-09-01,Hlth_excess,-0.0116,0.00566407,300,3,20,10,0.3
2019-09-01,Utils_excess,0.0376,0.00340054,500,3,10,20,0.3
2019-09-01,Other_excess,0.0173,0.00851803,300,5,20,10,0.3
2019-10-01,NoDur_excess,-0.0007,0.00416248,500,3,20,10,0.3
2019-10-01,Durbl_excess,0.0687,0.00287782,500,3,20,10,0.3
2019-10-01,Manuf_excess,-0.0009,0.00769294,500,3,10,10,0.3
2019-10-01,Enrgy_excess,-0.0223,0.00040374,300,7,20,10,0.3
2019-10-01,HiTec_excess,0.0313,0.00930918,500,3,10,20,0.3
2019-10-01,Telcm_excess,0.0204,0.0078398,300,3,5,10,0.3
2019-10-01,Shops_excess,0.0052,0.00637259,500,3,20,20,0.3
2019-10-01,Hlth_excess,0.0451,0.00498609,300,3,20,10,0.3
2019-10-01,Utils_excess,-0.0154,0.00372033,500,3,10,20,0.3
2019-10-01,Other_excess,0.0294,0.00533324,300,5,20,10,0.3
2019-11-01,NoDur_excess,0.0215,0.00489317,500,3,20,10,0.3
2019-11-01,Durbl_excess,0.0279,0.00397555,500,3,20,10,0.3
2019-11-01,Manuf_excess,0.0314,0.00790596,500,3,10,10,0.3
2019-11-01,Enrgy_excess,0.01,0.00206101,300,7,20,10,0.3
2019-11-01,HiTec_excess,0.0515,0.01071117,500,3,10,20,0.3
2019-11-01,Telcm_excess,0.0235,0.00731132,300,3,5,10,0.3
2019-11-01,Shops_excess,0.0199,0.00719495,500,3,20,20,0.3
2019-11-01,Hlth_excess,0.0536,0.00743773,300,3,20,10,0.3
2019-11-01,Utils_excess,-0.0226,0.00345499,500,3,10,20,0.3
2019-11-01,Other_excess,0.0493,0.00512754,300,5,20,10,0.3
2019-12-01,NoDur_excess,0.0334,0.00503936,500,3,20,10,0.3
2019-12-01,Durbl_excess,0.0526,0.00518843,500,3,20,10,0.3
2019-12-01,Manuf_excess,0.012,0.00819241,500,3,10,10,0.3
2019-12-01,Enrgy_excess,0.061,0.00042563,300,7,20,10,0.3
2019-12-01,HiTec_excess,0.037,0.01135551,500,3,10,20,0.3
2019-12-01,Telcm_excess,0.009,0.00795706,300,3,5,10,0.3
2019-12-01,Shops_excess,0.0121,0.00742011,500,3,20,20,0.3
2019-12-01,Hlth_excess,0.0331,0.00783654,300,3,20,10,0.3
2019-12-01,Utils_excess,0.0398,0.00304338,500,3,10,20,0.3
2019-12-01,Other_excess,0.0222,0.00828489,300,5,20,10,0.3
2020-01-01,NoDur_excess,-0.0056,0.00563004,300,3,20,10,0.3
2020-01-01,Durbl_excess,0.0602,0.00557547,300,3,20,10,0.3
2020-01-01,Manuf_excess,-0.0287,0.00747308,500,3,20,10,0.3
2020-01-01,Enrgy_excess,-0.12,0.00737875,300,3,20,10,0.3
2020-01-01,HiTec_excess,0.0324,0.01220598,500,3,20,10,0.3
2020-01-01,Telcm_excess,-0.0225,0.00634656,300,3,20,10,0.3
2020-01-01,Shops_excess,0.0084,0.00727354,300,3,20,10,0.3
2020-01-01,Hlth_excess,-0.0212,0.00772883,300,3,20,10,0.3
2020-01-01,Utils_excess,0.047,0.0034327,500,3,20,10,0.3
2020-01-01,Other_excess,-0.0147,0.00820415,300,3,20,10,0.3
2020-02-01,NoDur_excess,-0.0888,0.00708138,300,3,20,10,0.3
2020-02-01,Durbl_excess,-0.0737,0.0090992,300,3,20,10,0.3
2020-02-01,Manuf_excess,-0.0873,0.00832385,500,3,20,10,0.3
2020-02-01,Enrgy_excess,-0.1555,0.007271,300,3,20,10,0.3
2020-02-01,HiTec_excess,-0.0711,0.01149349,500,3,20,10,0.3
2020-02-01,Telcm_excess,-0.0634,0.00698184,300,3,20,10,0.3
2020-02-01,Shops_excess,-0.0684,0.01007222,300,3,20,10,0.3
2020-02-01,Hlth_excess,-0.0549,0.00715395,300,3,20,10,0.3
2020-02-01,Utils_excess,-0.1001,0.00569614,500,3,20,10,0.3
2020-02-01,Other_excess,-0.0999,0.00881377,300,3,20,10,0.3
2020-03-01,NoDur_excess,-0.1099,0.00126165,300,3,20,10,0.3
2020-03-01,Durbl_excess,-0.2279,-0.00273866,300,3,20,10,0.3
2020-03-01,Manuf_excess,-0.1703,0.00164814,500,3,20,10,0.3
2020-03-01,Enrgy_excess,-0.3459,0.00137078,300,3,20,10,0.3
2020-03-01,HiTec_excess,-0.0989,0.01015425,500,3,20,10,0.3
2020-03-01,Telcm_excess,-0.1334,0.00523874,300,3,20,10,0.3
2020-03-01,Shops_excess,-0.0803,0.00020286,300,3,20,10,0.3
2020-03-01,Hlth_excess,-0.0521,0.00390572,300,3,20,10,0.3
2020-03-01,Utils_excess,-0.1317,0.00267757,500,3,20,10,0.3
2020-03-01,Other_excess,-0.1934,0.00316769,300,3,20,10,0.3
2020-04-01,NoDur_excess,0.0775,-0.00260666,300,3,20,10,0.3
2020-04-01,Durbl_excess,0.2549,-0.00094755,300,3,20,10,0.3
2020-04-01,Manuf_excess,0.1086,0.00175517,500,3,20,10,0.3
2020-04-01,Enrgy_excess,0.3231,-0.00525415,300,3,20,10,0.3
2020-04-01,HiTec_excess,0.1492,0.00748372,500,3,20,10,0.3
2020-04-01,Telcm_excess,0.0921,0.00210019,300,3,20,10,0.3
2020-04-01,Shops_excess,0.1824,-0.00226482,300,3,20,10,0.3
2020-04-01,Hlth_excess,0.1345,0.00307235,300,3,20,10,0.3
2020-04-01,Utils_excess,0.0518,-0.00072996,500,3,20,10,0.3
2020-04-01,Other_excess,0.1145,-0.00212684,300,3,20,10,0.3
2020-05-01,NoDur_excess,0.0309,0.00435086,300,3,20,10,0.3
2020-05-01,Durbl_excess,0.0712,0.00654706,300,3,20,10,0.3
2020-05-01,Manuf_excess,0.0581,0.00274033,500,3,20,10,0.3
2020-05-01,Enrgy_excess,0.0055,0.00112822,300,3,20,10,0.3
2020-05-01,HiTec_excess,0.0762,0.00450953,500,3,20,10,0.3
2020-05-01,Telcm_excess,0.048,-0.00137175,300,3,20,10,0.3
2020-05-01,Shops_excess,0.0447,0.00661274,300,3,20,10,0.3
2020-05-01,Hlth_excess,0.0415,0.00340001,300,3,20,10,0.3
2020-05-01,Utils_excess,0.0462,-0.00390192,500,3,20,10,0.3
2020-05-01,Other_excess,0.0459,-0.00396117,300,3,20,10,0.3
2020-06-01,NoDur_excess,-0.0015,0.00568062,300,3,20,10,0.3
2020-06-01,Durbl_excess,0.1412,0.0068524,300,3,20,10,0.3
2020-06-01,Manuf_excess,0.0259,0.00886015,500,3,20,10,0.3
2020-06-01,Enrgy_excess,-0.004,0.00409783,300,3,20,10,0.3
2020-06-01,HiTec_excess,0.0572,0.01067203,500,3,20,10,0.3
2020-06-01,Telcm_excess,-0.0263,0.00381084,300,3,20,10,0.3
2020-06-01,Shops_excess,0.0441,0.00787261,300,3,20,10,0.3
2020-06-01,Hlth_excess,-0.0145,0.00804677,300,3,20,10,0.3
2020-06-01,Utils_excess,-0.0503,0.0004172,500,3,20,10,0.3
2020-06-01,Other_excess,0.0049,0.0078759,300,3,20,10,0.3
2020-07-01,NoDur_excess,0.0586,0.00526171,300,3,20,10,0.3
2020-07-01,Durbl_excess,0.1867,0.00721207,300,3,20,10,0.3
2020-07-01,Manuf_excess,0.0455,0.0090025,500,3,20,10,0.3
2020-07-01,Enrgy_excess,-0.048,0.00535241,300,3,20,10,0.3
2020-07-01,HiTec_excess,0.0686,0.00954995,500,3,20,10,0.3
2020-07-01,Telcm_excess,0.0505,0.00084831,300,3,20,10,0.3
2020-07-01,Shops_excess,0.0942,0.00813646,300,3,20,10,0.3
2020-07-01,Hlth_excess,0.0438,0.00552037,300,3,20,10,0.3
2020-07-01,Utils_excess,0.0633,-0.00044417,500,3,20,10,0.3
2020-07-01,Other_excess,0.038,0.00833419,300,3,20,10,0.3
2020-08-01,NoDur_excess,0.0444,0.00615256,300,3,20,10,0.3
2020-08-01,Durbl_excess,0.4098,0.00899936,300,3,20,10,0.3
2020-08-01,Manuf_excess,0.0616,0.00804474,500,3,20,10,0.3
2020-08-01,Enrgy_excess,-0.0115,0.00362591,300,3,20,10,0.3
2020-08-01,HiTec_excess,0.1061,0.00705063,500,3,20,10,0.3
2020-08-01,Telcm_excess,0.0559,0.00033579,300,3,20,10,0.3
2020-08-01,Shops_excess,0.0806,0.00889562,300,3,20,10,0.3
2020-08-01,Hlth_excess,0.0234,0.00551703,300,3,20,10,0.3
2020-08-01,Utils_excess,-0.0226,0.00292876,500,3,20,10,0.3
2020-08-01,Other_excess,0.0678,0.00670965,300,3,20,10,0.3
2020-09-01,NoDur_excess,-0.0209,0.00197962,300,3,20,10,0.3
2020-09-01,Durbl_excess,-0.0905,0.0120579,300,3,20,10,0.3
2020-09-01,Manuf_excess,-0.0015,0.00391841,500,3,20,10,0.3
2020-09-01,Enrgy_excess,-0.15,0.00039513,300,3,20,10,0.3
2020-09-01,HiTec_excess,-0.0525,0.00331837,500,3,20,10,0.3
2020-09-01,Telcm_excess,-0.0198,-0.0015625,300,3,20,10,0.3
2020-09-01,Shops_excess,-0.0387,0.00551722,300,3,20,10,0.3
2020-09-01,Hlth_excess,-0.0144,0.00408762,300,3,20,10,0.3
2020-09-01,Utils_excess,-0.0033,-0.00098695,500,3,20,10,0.3
2020-09-01,Other_excess,-0.0296,0.00280366,300,3,20,10,0.3
2020-10-01,NoDur_excess,-0.0271,0.00550358,300,3,20,10,0.3
2020-10-01,Durbl_excess,-0.0326,0.01294612,300,3,20,10,0.3
2020-10-01,Manuf_excess,-0.0077,0.00845703,500,3,20,10,0.3
2020-10-01,Enrgy_excess,-0.0447,-0.00014943,300,3,20,10,0.3
2020-10-01,HiTec_excess,-0.0179,0.00985172,500,3,20,10,0.3
2020-10-01,Telcm_excess,-0.039,0.00217463,300,3,20,10,0.3
2020-10-01,Shops_excess,-0.027,0.00851603,300,3,20,10,0.3
2020-10-01,Hlth_excess,-0.0438,0.00791193,300,3,20,10,0.3
2020-10-01,Utils_excess,0.0446,-0.00150482,500,3,20,10,0.3
2020-10-01,Other_excess,-0.0171,0.00619006,300,3,20,10,0.3
2020-11-01,NoDur_excess,0.1001,0.00551356,300,3,20,10,0.3
2020-11-01,Durbl_excess,0.3389,0.01319392,300,3,20,10,0.3
2020-11-01,Manuf_excess,0.1395,0.00927566,500,3,20,10,0.3
2020-11-01,Enrgy_excess,0.2852,-0.00069807,300,3,20,10,0.3
2020-11-01,HiTec_excess,0.1071,0.01009317,500,3,20,10,0.3
2020-11-01,Telcm_excess,0.1446,0.00216657,300,3,20,10,0.3
2020-11-01,Shops_excess,0.0829,0.0090813,300,3,20,10,0.3
2020-11-01,Hlth_excess,0.0982,0.00789515,300,3,20,10,0.3
2020-11-01,Utils_excess,0.0265,-0.00010771,500,3,20,10,0.3
2020-11-01,Other_excess,0.1587,0.00761041,300,3,20,10,0.3
2020-12-01,NoDur_excess,0.049,0.00741245,300,3,20,10,0.3
2020-12-01,Durbl_excess,0.1538,0.02283948,300,3,20,10,0.3
2020-12-01,Manuf_excess,0.0251,0.01126716,500,3,20,10,0.3
2020-12-01,Enrgy_excess,0.0568,0.00471624,300,3,20,10,0.3
2020-12-01,HiTec_excess,0.0507,0.01186847,500,3,20,10,0.3
2020-12-01,Telcm_excess,0.0511,0.00437723,300,3,20,10,0.3
2020-12-01,Shops_excess,0.0137,0.01088411,300,3,20,10,0.3
2020-12-01,Hlth_excess,0.047,0.00845306,300,3,20,10,0.3
2020-12-01,Utils_excess,0.0061,0.00322311,500,3,20,10,0.3
2020-12-01,Other_excess,0.0566,0.01039286,300,3,20,10,0.3
2021-01-01,NoDur_excess,-0.0415,0.00658414,300,3,20,10,0.3
2021-01-01,Durbl_excess,0.1148,0.02505897,300,3,20,10,0.3
2021-01-01,Manuf_excess,-0.0232,0.01061706,500,3,20,10,0.3
2021-01-01,Enrgy_excess,0.0505,0.00622,300,3,20,10,0.3
2021-01-01,HiTec_excess,0.0056,0.01344343,500,3,20,10,0.3
2021-01-01,Telcm_excess,-0.0355,0.0047542,300,3,20,10,0.3
2021-01-01,Shops_excess,-0.0006,0.00922268,300,3,20,10,0.3
2021-01-01,Hlth_excess,0.0342,0.00880601,300,3,20,10,0.3
2021-01-01,Utils_excess,-0.0044,0.00128208,500,3,20,10,0.3
2021-01-01,Other_excess,-0.0272,0.01069208,300,3,20,10,0.3
2021-02-01,NoDur_excess,0.0132,0.00453182,300,3,20,10,0.3
2021-02-01,Durbl_excess,-0.0808,0.02111824,300,3,20,10,0.3
2021-02-01,Manuf_excess,0.0553,0.00882154,500,3,20,10,0.3
2021-02-01,Enrgy_excess,0.2362,0.00394867,300,3,20,10,0.3
2021-02-01,HiTec_excess,0.0136,0.00786215,500,3,20,10,0.3
2021-02-01,Telcm_excess,0.0426,-0.00157278,300,3,20,10,0.3
2021-02-01,Shops_excess,-0.0165,0.00809157,300,3,20,10,0.3
2021-02-01,Hlth_excess,-0.0125,0.00735458,300,3,20,10,0.3
2021-02-01,Utils_excess,-0.0459,0.00109112,500,3,20,10,0.3
2021-02-01,Other_excess,0.0979,0.00790751,300,3,20,10,0.3
2021-03-01,NoDur_excess,0.0728,0.00160215,300,3,20,10,0.3
2021-03-01,Durbl_excess,0.0087,0.01220368,300,3,20,10,0.3
2021-03-01,Manuf_excess,0.0771,0.00191732,500,3,20,10,0.3
2021-03-01,Enrgy_excess,0.0228,0.00257952,300,3,20,10,0.3
2021-03-01,HiTec_excess,0.0087,0.00049629,500,3,20,10,0.3
2021-03-01,Telcm_excess,0.0163,0.00033054,300,3,20,10,0.3
2021-03-01,Shops_excess,0.0573,0.00348549,300,3,20,10,0.3
2021-03-01,Hlth_excess,-0.0009,0.00147911,300,3,20,10,0.3
2021-03-01,Utils_excess,0.1039,-0.00141465,500,3,20,10,0.3
2021-03-01,Other_excess,0.0526,0.00353241,300,3,20,10,0.3
2021-04-01,NoDur_excess,0.0332,0.0008391,300,3,20,10,0.3
2021-04-01,Durbl_excess,0.044,0.00812479,300,3,20,10,0.3
2021-04-01,Manuf_excess,0.0244,0.00392094,500,3,20,10,0.3
2021-04-01,Enrgy_excess,0.0075,0.00427489,300,3,20,10,0.3
2021-04-01,HiTec_excess,0.0642,0.00281826,500,3,20,10,0.3
2021-04-01,Telcm_excess,0.0308,0.00069221,300,3,20,10,0.3
2021-04-01,Shops_excess,0.0703,0.00464087,300,3,20,10,0.3
2021-04-01,Hlth_excess,0.0296,0.00151116,300,3,20,10,0.3
2021-04-01,Utils_excess,0.0398,-0.00012882,500,3,20,10,0.3
2021-04-01,Other_excess,0.057,0.00250268,300,3,20,10,0.3
2021-05-01,NoDur_excess,0.0197,0.00333712,300,3,20,10,0.3
2021-05-01,Durbl_excess,-0.0533,0.00965835,300,3,20,10,0.3
2021-05-01,Manuf_excess,0.0277,0.00455269,500,3,20,10,0.3
2021-05-01,Enrgy_excess,0.062,0.0069761,300,3,20,10,0.3
2021-05-01,HiTec_excess,-0.0089,0.00174807,500,3,20,10,0.3
2021-05-01,Telcm_excess,-0.0051,9.308e-05,300,3,20,10,0.3
2021-05-01,Shops_excess,-0.0215,0.00491601,300,3,20,10,0.3
2021-05-01,Hlth_excess,-0.0012,0.00378651,300,3,20,10,0.3
2021-05-01,Utils_excess,-0.0116,2.202e-05,500,3,20,10,0.3
2021-05-01,Other_excess,0.0277,0.00288749,300,3,20,10,0.3
2021-06-01,NoDur_excess,-0.0081,0.00351854,300,3,20,10,0.3
2021-06-01,Durbl_excess,0.0556,0.00861515,300,3,20,10,0.3
2021-06-01,Manuf_excess,-0.0101,0.00604789,500,3,20,10,0.3
2021-06-01,Enrgy_excess,0.0553,0.00859632,300,3,20,10,0.3
2021-06-01,HiTec_excess,0.0677,0.00272275,500,3,20,10,0.3
2021-06-01,Telcm_excess,-0.0001,-0.00011571,300,3,20,10,0.3
2021-06-01,Shops_excess,0.0293,0.00538965,300,3,20,10,0.3
2021-06-01,Hlth_excess,0.0441,0.00419645,300,3,20,10,0.3
2021-06-01,Utils_excess,-0.0142,-0.00022561,500,3,20,10,0.3
2021-06-01,Other_excess,-0.0202,0.00404883,300,3,20,10,0.3
2021-07-01,NoDur_excess,0.0023,0.00383878,300,3,20,10,0.3
2021-07-01,Durbl_excess,-0.0096,0.01295502,300,3,20,10,0.3
2021-07-01,Manuf_excess,0.0133,0.00659817,500,3,20,10,0.3
2021-07-01,Enrgy_excess,-0.0866,0.00968327,300,3,20,10,0.3
2021-07-01,HiTec_excess,0.036,0.00390948,500,3,20,10,0.3
2021-07-01,Telcm_excess,0.0036,-3.935e-05,300,3,20,10,0.3
2021-07-01,Shops_excess,0.0025,0.00619279,300,3,20,10,0.3
2021-07-01,Hlth_excess,0.0284,0.00446649,300,3,20,10,0.3
2021-07-01,Utils_excess,0.0297,0.00036701,500,3,20,10,0.3
2021-07-01,Other_excess,-0.0057,0.00428855,300,3,20,10,0.3
2021-08-01,NoDur_excess,-0.0028,0.00628904,300,3,20,10,0.3
2021-08-01,Durbl_excess,0.0178,0.01546792,300,3,20,10,0.3
2021-08-01,Manuf_excess,0.0055,0.00947273,500,3,20,10,0.3
2021-08-01,Enrgy_excess,-0.0116,0.00889916,300,3,20,10,0.3
2021-08-01,HiTec_excess,0.0464,0.0066325,500,3,20,10,0.3
2021-08-01,Telcm_excess,0.0137,0.00080509,300,3,20,10,0.3
2021-08-01,Shops_excess,0.0241,0.00802141,300,3,20,10,0.3
2021-08-01,Hlth_excess,0.0284,0.00736957,300,3,20,10,0.3
2021-08-01,Utils_excess,0.0323,0.00300363,500,3,20,10,0.3
2021-08-01,Other_excess,0.027,0.00843302,300,3,20,10,0.3
2021-09-01,NoDur_excess,-0.0458,0.00593814,300,3,20,10,0.3
2021-09-01,Durbl_excess,0.028,0.0158642,300,3,20,10,0.3
2021-09-01,Manuf_excess,-0.0579,0.01020377,500,3,20,10,0.3
2021-09-01,Enrgy_excess,0.1108,0.00991024,300,3,20,10,0.3
2021-09-01,HiTec_excess,-0.0614,0.0094608,500,3,20,10,0.3
2021-09-01,Telcm_excess,-0.0558,0.00222457,300,3,20,10,0.3
2021-09-01,Shops_excess,-0.0438,0.00915373,300,3,20,10,0.3
2021-09-01,Hlth_excess,-0.0602,0.0095058,300,3,20,10,0.3
2021-09-01,Utils_excess,-0.0487,0.00320518,500,3,20,10,0.3
2021-09-01,Other_excess,-0.0245,0.01047996,300,3,20,10,0.3
2021-10-01,NoDur_excess,0.0374,0.00497963,300,3,20,10,0.3
2021-10-01,Durbl_excess,0.3078,0.01364264,300,3,20,10,0.3
2021-10-01,Manuf_excess,0.0499,0.00943638,500,3,20,10,0.3
2021-10-01,Enrgy_excess,0.1027,0.00845039,300,3,20,10,0.3
2021-10-01,HiTec_excess,0.0814,0.00973451,500,3,20,10,0.3
2021-10-01,Telcm_excess,-0.0424,0.00178179,300,3,20,10,0.3
2021-10-01,Shops_excess,0.0515,0.00950806,300,3,20,10,0.3
2021-10-01,Hlth_excess,0.0223,0.0087596,300,3,20,10,0.3
2021-10-01,Utils_excess,0.0511,0.00149954,500,3,20,10,0.3
2021-10-01,Other_excess,0.0668,0.00913469,300,3,20,10,0.3
2021-11-01,NoDur_excess,-0.0388,0.00352605,300,3,20,10,0.3
2021-11-01,Durbl_excess,0.0204,0.01991278,300,3,20,10,0.3
2021-11-01,Manuf_excess,-0.007,0.00732535,500,3,20,10,0.3
2021-11-01,Enrgy_excess,-0.0541,0.00948835,300,3,20,10,0.3
2021-11-01,HiTec_excess,0.0144,0.0037961,500,3,20,10,0.3
2021-11-01,Telcm_excess,-0.072,-0.00306184,300,3,20,10,0.3
2021-11-01,Shops_excess,0.0146,0.00626588,300,3,20,10,0.3
2021-11-01,Hlth_excess,-0.0427,0.00500242,300,3,20,10,0.3
2021-11-01,Utils_excess,-0.0198,0.00209451,500,3,20,10,0.3
2021-11-01,Other_excess,-0.0549,0.00592157,300,3,20,10,0.3
2021-12-01,NoDur_excess,0.0807,0.00555536,300,3,20,10,0.3
2021-12-01,Durbl_excess,-0.0466,0.02089859,300,3,20,10,0.3
2021-12-01,Manuf_excess,0.0581,0.00898593,500,3,20,10,0.3
2021-12-01,Enrgy_excess,0.0305,0.00985936,300,3,20,10,0.3
2021-12-01,HiTec_excess,0.0167,0.00788625,500,3,20,10,0.3
2021-12-01,Telcm_excess,0.0395,-0.00239287,300,3,20,10,0.3
2021-12-01,Shops_excess,0.0152,0.00845513,300,3,20,10,0.3
2021-12-01,Hlth_excess,0.0658,0.00720747,300,3,20,10,0.3
2021-12-01,Utils_excess,0.0856,0.00371196,500,3,20,10,0.3
2021-12-01,Other_excess,0.0494,0.00917669,300,3,20,10,0.3
2022-01-01,NoDur_excess,-0.0065,0.00552478,300,3,20,10,0.3
2022-01-01,Durbl_excess,-0.1031,0.02070718,300,3,20,10,0.3
2022-01-01,Manuf_excess,-0.0584,0.01042895,500,3,20,10,0.3
2022-01-01,Enrgy_excess,0.1742,0.01155215,300,3,20,10,0.3
2022-01-01,HiTec_excess,-0.0843,0.00892166,500,3,20,10,0.3
2022-01-01,Telcm_excess,-0.0193,-0.00319912,300,3,20,10,0.3
2022-01-01,Shops_excess,-0.0883,0.00954362,300,3,20,10,0.3
2022-01-01,Hlth_excess,-0.0877,0.00847698,300,3,20,10,0.3
2022-01-01,Utils_excess,-0.021,0.00397098,500,3,20,10,0.3
2022-01-01,Other_excess,-0.0326,0.01003181,300,3,20,10,0.3
2022-02-01,NoDur_excess,-0.0057,0.00158354,300,3,20,10,0.3
2022-02-01,Durbl_excess,-0.0707,0.01273027,300,3,20,10,0.3
2022-02-01,Manuf_excess,-0.0123,0.00614912,500,3,20,10,0.3
2022-02-01,Enrgy_excess,0.0836,0.01118577,300,3,20,10,0.3
2022-02-01,HiTec_excess,-0.0452,0.00459987,500,3,20,10,0.3
2022-02-01,Telcm_excess,0.0029,-0.00334674,300,3,20,10,0.3
2022-02-01,Shops_excess,-0.0155,0.00454725,300,3,20,10,0.3
2022-02-01,Hlth_excess,-0.0101,0.00409405,300,3,20,10,0.3
2022-02-01,Utils_excess,-0.0109,0.00222311,500,3,20,10,0.3
2022-02-01,Other_excess,-0.0172,0.00400823,300,3,20,10,0.3
2022-03-01,NoDur_excess,0.0044,0.00186463,300,3,20,10,0.3
2022-03-01,Durbl_excess,0.1502,0.00499389,300,3,20,10,0.3
2022-03-01,Manuf_excess,0.0091,0.00580225,500,3,20,10,0.3
2022-03-01,Enrgy_excess,0.0978,0.01007621,300,3,20,10,0.3
2022-03-01,HiTec_excess,0.0327,0.00390969,500,3,20,10,0.3
2022-03-01,Telcm_excess,-0.0243,-0.00026056,300,3,20,10,0.3
2022-03-01,Shops_excess,0.0297,0.00444667,300,3,20,10,0.3
2022-03-01,Hlth_excess,0.0514,0.00404654,300,3,20,10,0.3
2022-03-01,Utils_excess,0.0968,0.00162154,500,3,20,10,0.3
2022-03-01,Other_excess,0.0108,0.00305232,300,3,20,10,0.3
2022-04-01,NoDur_excess,0.0225,0.00214533,300,3,20,10,0.3
2022-04-01,Durbl_excess,-0.1691,0.00417044,300,3,20,10,0.3
2022-04-01,Manuf_excess,-0.053,0.00614784,500,3,20,10,0.3
2022-04-01,Enrgy_excess,-0.0129,0.00989092,300,3,20,10,0.3
2022-04-01,HiTec_excess,-0.1261,0.0047115,500,3,20,10,0.3
2022-04-01,Telcm_excess,-0.1057,-0.00229748,300,3,20,10,0.3
2022-04-01,Shops_excess,-0.0979,0.00586046,300,3,20,10,0.3
2022-04-01,Hlth_excess,-0.0692,0.0042332,300,3,20,10,0.3
2022-04-01,Utils_excess,-0.0372,0.00073425,500,3,20,10,0.3
2022-04-01,Other_excess,-0.0914,0.00349534,300,3,20,10,0.3
2022-05-01,NoDur_excess,-0.0166,0.00352348,300,3,20,10,0.3
2022-05-01,Durbl_excess,-0.0907,-0.00184769,300,3,20,10,0.3
2022-05-01,Manuf_excess,-0.004,0.00524597,500,3,20,10,0.3
2022-05-01,Enrgy_excess,0.1554,0.00590614,300,3,20,10,0.3
2022-05-01,HiTec_excess,-0.0212,0.0058448,500,3,20,10,0.3
2022-05-01,Telcm_excess,0.0863,-0.00188425,300,3,20,10,0.3
2022-05-01,Shops_excess,-0.0413,0.00415969,300,3,20,10,0.3
2022-05-01,Hlth_excess,0.0093,0.00408728,300,3,20,10,0.3
2022-05-01,Utils_excess,0.0477,0.00360163,500,3,20,10,0.3
2022-05-01,Other_excess,0.0059,0.0033755,300,3,20,10,0.3
2022-06-01,NoDur_excess,-0.0395,0.00441069,300,3,20,10,0.3
2022-06-01,Durbl_excess,-0.119,0.00541099,300,3,20,10,0.3
2022-06-01,Manuf_excess,-0.0951,0.0073795,500,3,20,10,0.3
2022-06-01,Enrgy_excess,-0.1661,0.01062955,300,3,20,10,0.3
2022-06-01,HiTec_excess,-0.0819,0.0064823,500,3,20,10,0.3
2022-06-01,Telcm_excess,-0.0669,0.00443869,300,3,20,10,0.3
2022-06-01,Shops_excess,-0.0779,0.00629102,300,3,20,10,0.3
2022-06-01,Hlth_excess,-0.0208,0.00576958,300,3,20,10,0.3
2022-06-01,Utils_excess,-0.066,0.00330266,500,3,20,10,0.3
2022-06-01,Other_excess,-0.1002,0.00325648,300,3,20,10,0.3
2022-07-01,NoDur_excess,0.0405,0.00120521,300,3,20,10,0.3
2022-07-01,Durbl_excess,0.2757,-0.00324072,300,3,20,10,0.3
2022-07-01,Manuf_excess,0.0825,0.00332732,500,3,20,10,0.3
2022-07-01,Enrgy_excess,0.1039,0.00507126,300,3,20,10,0.3
2022-07-01,HiTec_excess,0.1159,0.00332171,500,3,20,10,0.3
2022-07-01,Telcm_excess,-0.0011,0.00143304,300,3,20,10,0.3
2022-07-01,Shops_excess,0.1462,0.00080435,300,3,20,10,0.3
2022-07-01,Hlth_excess,0.0269,0.00441314,300,3,20,10,0.3
2022-07-01,Utils_excess,0.0619,0.00010711,500,3,20,10,0.3
2022-07-01,Other_excess,0.0878,-0.0032602,300,3,20,10,0.3
2022-08-01,NoDur_excess,-0.0201,0.0069722,300,3,20,10,0.3
2022-08-01,Durbl_excess,-0.0598,0.01011526,300,3,20,10,0.3
2022-08-01,Manuf_excess,-0.0368,0.00789232,500,3,20,10,0.3
2022-08-01,Enrgy_excess,0.0316,0.01003301,300,3,20,10,0.3
2022-08-01,HiTec_excess,-0.0556,0.01236769,500,3,20,10,0.3
2022-08-01,Telcm_excess,-0.0306,0.00714856,300,3,20,10,0.3
2022-08-01,Shops_excess,-0.033,0.00944003,300,3,20,10,0.3
2022-08-01,Hlth_excess,-0.0523,0.0080015,300,3,20,10,0.3
2022-08-01,Utils_excess,-0.0008,0.00559554,500,3,20,10,0.3
2022-08-01,Other_excess,-0.0271,0.00748287,300,3,20,10,0.3
2022-09-01,NoDur_excess,-0.0856,0.00546138,300,3,20,10,0.3
2022-09-01,Durbl_excess,-0.0674,0.00468363,300,3,20,10,0.3
2022-09-01,Manuf_excess,-0.1173,0.00625299,500,3,20,10,0.3
2022-09-01,Enrgy_excess,-0.0944,0.00795545,300,3,20,10,0.3
2022-09-01,HiTec_excess,-0.1168,0.01013965,500,3,20,10,0.3
2022-09-01,Telcm_excess,-0.1405,0.00388741,300,3,20,10,0.3
2022-09-01,Shops_excess,-0.0782,0.00656095,300,3,20,10,0.3
2022-09-01,Hlth_excess,-0.0211,0.0077426,300,3,20,10,0.3
2022-09-01,Utils_excess,-0.118,0.00424625,500,3,20,10,0.3
2022-09-01,Other_excess,-0.0829,0.00526719,300,3,20,10,0.3
2022-10-01,NoDur_excess,0.0973,0.0022213,300,3,20,10,0.3
2022-10-01,Durbl_excess,-0.0685,-0.00508469,300,3,20,10,0.3
2022-10-01,Manuf_excess,0.1198,0.00168541,500,3,20,10,0.3
2022-10-01,Enrgy_excess,0.2323,0.00224231,300,3,20,10,0.3
2022-10-01,HiTec_excess,0.0483,0.00393761,500,3,20,10,0.3
2022-10-01,Telcm_excess,0.1037,0.00143849,300,3,20,10,0.3
2022-10-01,Shops_excess,0.0412,0.00236413,300,3,20,10,0.3
2022-10-01,Hlth_excess,0.0855,0.00409391,300,3,20,10,0.3
2022-10-01,Utils_excess,0.0322,0.00300238,500,3,20,10,0.3
2022-10-01,Other_excess,0.1125,-7.865e-05,300,3,20,10,0.3
2022-11-01,NoDur_excess,0.0502,0.0057057,300,3,20,10,0.3
2022-11-01,Durbl_excess,-0.0837,-0.00058395,300,3,20,10,0.3
2022-11-01,Manuf_excess,0.0873,0.00523864,500,3,20,10,0.3
2022-11-01,Enrgy_excess,0.0075,0.00604188,300,3,20,10,0.3
2022-11-01,HiTec_excess,0.0508,0.00936863,500,3,20,10,0.3
2022-11-01,Telcm_excess,0.0189,0.00378806,300,3,20,10,0.3
2022-11-01,Shops_excess,0.035,0.0058929,300,3,20,10,0.3
2022-11-01,Hlth_excess,0.0506,0.00714879,300,3,20,10,0.3
2022-11-01,Utils_excess,0.0656,0.00465897,500,3,20,10,0.3
2022-11-01,Other_excess,0.0561,0.00486672,300,3,20,10,0.3
2022-12-01,NoDur_excess,-0.0296,0.00610616,300,3,20,10,0.3
2022-12-01,Durbl_excess,-0.284,0.00058694,300,3,20,10,0.3
2022-12-01,Manuf_excess,-0.0269,0.00548425,500,3,20,10,0.3
2022-12-01,Enrgy_excess,-0.0457,0.00568835,300,3,20,10,0.3
2022-12-01,HiTec_excess,-0.0828,0.01086637,500,3,20,10,0.3
2022-12-01,Telcm_excess,-0.0715,0.00528841,300,3,20,10,0.3
2022-12-01,Shops_excess,-0.0826,0.00770903,300,3,20,10,0.3
2022-12-01,Hlth_excess,-0.0205,0.00783176,300,3,20,10,0.3
2022-12-01,Utils_excess,-0.0145,0.00654858,500,3,20,10,0.3
2022-12-01,Other_excess,-0.0569,0.00641727,300,3,20,10,0.3
2023-01-01,NoDur_excess,-0.0072,0.00409472,300,3,20,10,0.3
2023-01-01,Durbl_excess,0.2869,-0.00552225,300,3,20,10,0.3
2023-01-01,Manuf_excess,0.0557,0.00504489,500,3,20,10,0.3
2023-01-01,Enrgy_excess,0.024,0.00336869,300,3,20,10,0.3
2023-01-01,HiTec_excess,0.0923,0.00831422,500,3,20,10,0.3
2023-01-01,Telcm_excess,0.1321,0.00444637,300,3,20,10,0.3
2023-01-01,Shops_excess,0.094,0.00347345,300,3,20,10,0.3
2023-01-01,Hlth_excess,-0.014,0.00654959,300,3,20,10,0.3
2023-01-01,Utils_excess,-0.0157,0.00476192,500,3,20,10,0.3
2023-01-01,Other_excess,0.0717,0.00532351,300,3,20,10,0.3
2023-02-01,NoDur_excess,-0.0251,0.00263472,300,3,20,10,0.3
2023-02-01,Durbl_excess,0.1064,-0.00205386,300,3,20,10,0.3
2023-02-01,Manuf_excess,-0.0219,0.00379592,500,3,20,10,0.3
2023-02-01,Enrgy_excess,-0.0724,0.00177202,300,3,20,10,0.3
2023-02-01,HiTec_excess,-0.0054,0.00304113,500,3,20,10,0.3
2023-02-01,Telcm_excess,-0.0684,0.00566545,300,3,20,10,0.3
2023-02-01,Shops_excess,-0.0501,0.00264372,300,3,20,10,0.3
2023-02-01,Hlth_excess,-0.0463,0.00156966,300,3,20,10,0.3
2023-02-01,Utils_excess,-0.0566,0.00477643,500,3,20,10,0.3
2023-02-01,Other_excess,-0.0278,0.00122905,300,3,20,10,0.3
2023-03-01,NoDur_excess,0.0281,0.0026009,300,3,20,10,0.3
2023-03-01,Durbl_excess,-0.01,-0.00551083,300,3,20,10,0.3
2023-03-01,Manuf_excess,0.0001,0.00297591,500,3,20,10,0.3
2023-03-01,Enrgy_excess,-0.0079,0.00166282,300,3,20,10,0.3
2023-03-01,HiTec_excess,0.1011,0.00317709,500,3,20,10,0.3
2023-03-01,Telcm_excess,-0.0046,0.00320671,300,3,20,10,0.3
2023-03-01,Shops_excess,0.0303,0.00073787,300,3,20,10,0.3
2023-03-01,Hlth_excess,0.0213,0.00127302,300,3,20,10,0.3
2023-03-01,Utils_excess,0.0359,0.00473925,500,3,20,10,0.3
2023-03-01,Other_excess,-0.0536,0.00302437,300,3,20,10,0.3
2023-04-01,NoDur_excess,0.0282,0.00453812,300,3,20,10,0.3
2023-04-01,Durbl_excess,-0.1561,-0.00327007,300,3,20,10,0.3
2023-04-01,Manuf_excess,-0.0094,0.00499009,500,3,20,10,0.3
2023-04-01,Enrgy_excess,0.0223,0.00209122,300,3,20,10,0.3
2023-04-01,HiTec_excess,-0.0011,0.00866729,500,3,20,10,0.3
2023-04-01,Telcm_excess,0.0064,0.00460621,300,3,20,10,0.3
2023-04-01,Shops_excess,0.0189,0.00365264,300,3,20,10,0.3
2023-04-01,Hlth_excess,0.0377,0.00307178,300,3,20,10,0.3
2023-04-01,Utils_excess,0.0137,0.00661801,500,3,20,10,0.3
2023-04-01,Other_excess,0.0145,0.00435869,300,3,20,10,0.3
2023-05-01,NoDur_excess,-0.0578,0.00510973,300,3,20,10,0.3
2023-05-01,Durbl_excess,0.1319,-0.00220279,300,3,20,10,0.3
2023-05-01,Manuf_excess,-0.059,0.00557761,500,3,20,10,0.3
2023-05-01,Enrgy_excess,-0.0987,0.00300842,300,3,20,10,0.3
2023-05-01,HiTec_excess,0.0819,0.00716629,500,3,20,10,0.3
2023-05-01,Telcm_excess,-0.0977,0.00275224,300,3,20,10,0.3
2023-05-01,Shops_excess,0.0016,0.00503242,300,3,20,10,0.3
2023-05-01,Hlth_excess,-0.0402,0.00406966,300,3,20,10,0.3
2023-05-01,Utils_excess,-0.0619,0.00650634,500,3,20,10,0.3
2023-05-01,Other_excess,-0.032,0.00394936,300,3,20,10,0.3
2023-06-01,NoDur_excess,0.0245,0.00357374,300,3,20,10,0.3
2023-06-01,Durbl_excess,0.2426,2.872e-05,300,3,20,10,0.3
2023-06-01,Manuf_excess,0.1028,0.00430542,500,3,20,10,0.3
2023-06-01,Enrgy_excess,0.0614,0.00032087,300,3,20,10,0.3
2023-06-01,HiTec_excess,0.0551,0.00899013,500,3,20,10,0.3
2023-06-01,Telcm_excess,0.0422,-0.00117515,300,3,20,10,0.3
2023-06-01,Shops_excess,0.0743,0.00397638,300,3,20,10,0.3
2023-06-01,Hlth_excess,0.0426,0.00442184,300,3,20,10,0.3
2023-06-01,Utils_excess,0.0211,0.00487902,500,3,20,10,0.3
2023-06-01,Other_excess,0.0704,0.00359676,300,3,20,10,0.3
2023-07-01,NoDur_excess,0.0185,0.00387839,300,3,20,10,0.3
2023-07-01,Durbl_excess,0.0231,0.0021577,300,3,20,10,0.3
2023-07-01,Manuf_excess,0.0274,0.00482636,500,3,20,10,0.3
2023-07-01,Enrgy_excess,0.0701,0.00186524,300,3,20,10,0.3
2023-07-01,HiTec_excess,0.0377,0.00901251,500,3,20,10,0.3
2023-07-01,Telcm_excess,0.005,-0.00157579,300,3,20,10,0.3
2023-07-01,Shops_excess,0.0181,0.0051361,300,3,20,10,0.3
2023-07-01,Hlth_excess,-0.0057,0.00349933,300,3,20,10,0.3
2023-07-01,Utils_excess,0.0232,0.00454606,500,3,20,10,0.3
2023-07-01,Other_excess,0.0493,0.00431291,300,3,20,10,0.3
2023-08-01,NoDur_excess,-0.0423,0.00469768,300,3,20,10,0.3
2023-08-01,Durbl_excess,-0.048,0.00424895,300,3,20,10,0.3
2023-08-01,Manuf_excess,-0.0283,0.00618436,500,3,20,10,0.3
2023-08-01,Enrgy_excess,0.0152,0.00381772,300,3,20,10,0.3
2023-08-01,HiTec_excess,-0.0209,0.01075085,500,3,20,10,0.3
2023-08-01,Telcm_excess,-0.0029,-0.00055999,300,3,20,10,0.3
2023-08-01,Shops_excess,-0.0084,0.00563824,300,3,20,10,0.3
2023-08-01,Hlth_excess,-0.0068,0.00440948,300,3,20,10,0.3
2023-08-01,Utils_excess,-0.0581,0.00443064,500,3,20,10,0.3
2023-08-01,Other_excess,-0.0382,0.00554907,300,3,20,10,0.3
2023-09-01,NoDur_excess,-0.0503,0.00331454,300,3,20,10,0.3
2023-09-01,Durbl_excess,-0.0301,0.00140284,300,3,20,10,0.3
2023-09-01,Manuf_excess,-0.075,0.00465129,500,3,20,10,0.3
2023-09-01,Enrgy_excess,0.0271,0.00342402,300,3,20,10,0.3
2023-09-01,HiTec_excess,-0.0645,0.00735598,500,3,20,10,0.3
2023-09-01,Telcm_excess,-0.0363,-0.00142211,300,3,20,10,0.3
2023-09-01,Shops_excess,-0.0609,0.004874,300,3,20,10,0.3
2023-09-01,Hlth_excess,-0.0513,0.00318294,300,3,20,10,0.3
2023-09-01,Utils_excess,-0.0548,0.00371392,500,3,20,10,0.3
2023-09-01,Other_excess,-0.0384,0.00360819,300,3,20,10,0.3
2023-10-01,NoDur_excess,-0.0416,0.00255531,300,3,20,10,0.3
2023-10-01,Durbl_excess,-0.1837,-4.669e-05,300,3,20,10,0.3
2023-10-01,Manuf_excess,-0.0317,0.00415722,500,3,20,10,0.3
2023-10-01,Enrgy_excess,-0.0658,0.00352656,300,3,20,10,0.3
2023-10-01,HiTec_excess,-0.0224,0.00649538,500,3,20,10,0.3
2023-10-01,Telcm_excess,-0.006,-0.00149439,300,3,20,10,0.3
2023-10-01,Shops_excess,-0.0007,0.00388482,300,3,20,10,0.3
2023-10-01,Hlth_excess,-0.0506,0.00392281,300,3,20,10,0.3
2023-10-01,Utils_excess,0.0055,0.00255415,500,3,20,10,0.3
2023-10-01,Other_excess,-0.0316,0.00422408,300,3,20,10,0.3
2023-11-01,NoDur_excess,0.045,0.00263046,300,3,20,10,0.3
2023-11-01,Durbl_excess,0.1533,-0.00154677,300,3,20,10,0.3
2023-11-01,Manuf_excess,0.0825,0.00441149,500,3,20,10,0.3
2023-11-01,Enrgy_excess,-0.0178,0.00333353,300,3,20,10,0.3
2023-11-01,HiTec_excess,0.1162,0.00737671,500,3,20,10,0.3
2023-11-01,Telcm_excess,0.0652,0.00295128,300,3,20,10,0.3
2023-11-01,Shops_excess,0.0673,0.00503757,300,3,20,10,0.3
2023-11-01,Hlth_excess,0.0536,0.00435067,300,3,20,10,0.3
2023-11-01,Utils_excess,0.0471,0.00256718,500,3,20,10,0.3
2023-11-01,Other_excess,0.1001,0.00423398,300,3,20,10,0.3
2023-12-01,NoDur_excess,0.0314,0.00428422,300,3,20,10,0.3
2023-12-01,Durbl_excess,0.0616,0.00154537,300,3,20,10,0.3
2023-12-01,Manuf_excess,0.059,0.00616292,500,3,20,10,0.3
2023-12-01,Enrgy_excess,-0.0026,0.00443622,300,3,20,10,0.3
2023-12-01,HiTec_excess,0.0419,0.00961466,500,3,20,10,0.3
2023-12-01,Telcm_excess,0.0182,0.00095357,300,3,20,10,0.3
2023-12-01,Shops_excess,0.0547,0.00661933,300,3,20,10,0.3
2023-12-01,Hlth_excess,0.0648,0.00450349,300,3,20,10,0.3
2023-12-01,Utils_excess,0.013,0.00347027,500,3,20,10,0.3
2023-12-01,Other_excess,0.0619,0.00660557,300,3,20,10,0.3
2024-01-01,NoDur_excess,-0.0241,0.00461933,300,3,20,10,0.3
2024-01-01,Durbl_excess,-0.184,0.00247308,300,3,20,10,0.3
2024-01-01,Manuf_excess,-0.0163,0.00571752,500,3,20,10,0.3
2024-01-01,Enrgy_excess,-0.0058,0.00375437,300,3,20,10,0.3
2024-01-01,HiTec_excess,0.0264,0.0102071,500,3,20,10,0.3
2024-01-01,Telcm_excess,0.041,0.00187994,300,3,20,10,0.3
2024-01-01,Shops_excess,0.0077,0.00579539,300,3,20,10,0.3
2024-01-01,Hlth_excess,0.0305,0.00479645,300,3,20,10,0.3
2024-01-01,Utils_excess,-0.0348,0.00390588,500,3,20,10,0.3
2024-01-01,Other_excess,0.0052,0.00640346,300,3,20,10,0.3
2024-02-01,NoDur_excess,0.0127,0.00241104,300,3,20,10,0.3
2024-02-01,Durbl_excess,0.0679,-0.0031708,300,3,20,10,0.3
2024-02-01,Manuf_excess,0.0491,0.00361272,500,3,20,10,0.3
2024-02-01,Enrgy_excess,0.0267,0.00221221,300,3,20,10,0.3
2024-02-01,HiTec_excess,0.058,0.00692114,500,3,20,10,0.3
2024-02-01,Telcm_excess,-0.0314,0.0002238,300,3,20,10,0.3
2024-02-01,Shops_excess,0.0906,0.00432852,300,3,20,10,0.3
2024-02-01,Hlth_excess,0.0421,0.00177994,300,3,20,10,0.3
2024-02-01,Utils_excess,0.0197,0.00334362,500,3,20,10,0.3
2024-02-01,Other_excess,0.0423,0.00392233,300,3,20,10,0.3
2024-03-01,NoDur_excess,0.0253,0.00177805,300,3,20,10,0.3
2024-03-01,Durbl_excess,-0.0602,-0.00162675,300,3,20,10,0.3
2024-03-01,Manuf_excess,0.0405,0.00294043,500,3,20,10,0.3
2024-03-01,Enrgy_excess,0.0986,0.00308716,300,3,20,10,0.3
2024-03-01,HiTec_excess,0.0193,0.00395858,500,3,20,10,0.3
2024-03-01,Telcm_excess,0.0266,-0.00411063,300,3,20,10,0.3
2024-03-01,Shops_excess,0.0225,0.00459289,300,3,20,10,0.3
2024-03-01,Hlth_excess,0.0176,0.00219733,300,3,20,10,0.3
2024-03-01,Utils_excess,0.0661,0.00295781,500,3,20,10,0.3
2024-03-01,Other_excess,0.0406,0.00268804,300,3,20,10,0.3
2024-04-01,NoDur_excess,-0.0183,0.00340364,300,3,20,10,0.3
2024-04-01,Durbl_excess,-0.0142,-0.00172592,300,3,20,10,0.3
2024-04-01,Manuf_excess,-0.044,0.00370053,500,3,20,10,0.3
2024-04-01,Enrgy_excess,-0.0111,0.00379296,300,3,20,10,0.3
2024-04-01,HiTec_excess,-0.0488,0.00366464,500,3,20,10,0.3
2024-04-01,Telcm_excess,-0.07,-0.006447,300,3,20,10,0.3
2024-04-01,Shops_excess,-0.052,0.00595709,300,3,20,10,0.3
2024-04-01,Hlth_excess,-0.0634,0.00262129,300,3,20,10,0.3
2024-04-01,Utils_excess,0.0111,0.0045442,500,3,20,10,0.3
2024-04-01,Other_excess,-0.0503,0.00415206,300,3,20,10,0.3
2024-05-01,NoDur_excess,0.0052,0.00221861,300,3,20,10,0.3
2024-05-01,Durbl_excess,-0.0122,-0.00116419,300,3,20,10,0.3
2024-05-01,Manuf_excess,0.0268,0.00449561,500,3,20,10,0.3
2024-05-01,Enrgy_excess,-0.0089,0.0043644,300,3,20,10,0.3
2024-05-01,HiTec_excess,0.0766,0.00632266,500,3,20,10,0.3
2024-05-01,Telcm_excess,0.033,-0.00456863,300,3,20,10,0.3
2024-05-01,Shops_excess,0.0203,0.00486157,300,3,20,10,0.3
2024-05-01,Hlth_excess,0.0276,0.00446578,300,3,20,10,0.3
2024-05-01,Utils_excess,0.0759,0.00312248,500,3,20,10,0.3
2024-05-01,Other_excess,0.0282,0.00348868,300,3,20,10,0.3
2024-06-01,NoDur_excess,-0.0251,0.00376822,300,3,20,10,0.3
2024-06-01,Durbl_excess,0.0572,0.00194465,300,3,20,10,0.3
2024-06-01,Manuf_excess,-0.0231,0.00562362,500,3,20,10,0.3
2024-06-01,Enrgy_excess,-0.0256,0.00516257,300,3,20,10,0.3
2024-06-01,HiTec_excess,0.0716,0.00691123,500,3,20,10,0.3
2024-06-01,Telcm_excess,-0.0101,-0.00370219,300,3,20,10,0.3
2024-06-01,Shops_excess,0.0312,0.00595666,300,3,20,10,0.3
2024-06-01,Hlth_excess,0.0252,0.0061031,300,3,20,10,0.3
2024-06-01,Utils_excess,-0.0457,0.00460319,500,3,20,10,0.3
2024-06-01,Other_excess,-0.0054,0.00615874,300,3,20,10,0.3
2024-07-01,NoDur_excess,0.0432,0.00307298,300,3,20,10,0.3
2024-07-01,Durbl_excess,0.1113,-0.00028309,300,3,20,10,0.3
2024-07-01,Manuf_excess,0.0298,0.00430039,500,3,20,10,0.3
2024-07-01,Enrgy_excess,0.0154,0.00418859,300,3,20,10,0.3
2024-07-01,HiTec_excess,-0.022,0.00752748,500,3,20,10,0.3
2024-07-01,Telcm_excess,0.034,-0.00512168,300,3,20,10,0.3
2024-07-01,Shops_excess,0.0009,0.00498938,300,3,20,10,0.3
2024-07-01,Hlth_excess,0.0038,0.00530151,300,3,20,10,0.3
2024-07-01,Utils_excess,0.0594,0.00458061,500,3,20,10,0.3
2024-07-01,Other_excess,0.0575,0.00531038,300,3,20,10,0.3
2024-08-01,NoDur_excess,0.0362,0.00398703,300,3,20,10,0.3
2024-08-01,Durbl_excess,-0.0561,0.00202264,300,3,20,10,0.3
2024-08-01,Manuf_excess,0.0115,0.00527769,500,3,20,10,0.3
2024-08-01,Enrgy_excess,-0.034,0.00466539,300,3,20,10,0.3
2024-08-01,HiTec_excess,0.0087,0.00811527,500,3,20,10,0.3
2024-08-01,Telcm_excess,0.0076,-0.0026229,300,3,20,10,0.3
2024-08-01,Shops_excess,0.0088,0.00587579,300,3,20,10,0.3
2024-08-01,Hlth_excess,0.0593,0.00552022,300,3,20,10,0.3
2024-08-01,Utils_excess,0.041,0.00524639,500,3,20,10,0.3
2024-08-01,Other_excess,0.0257,0.00657823,300,3,20,10,0.3
2024-09-01,NoDur_excess,0.0058,0.00458972,300,3,20,10,0.3
2024-09-01,Durbl_excess,0.1387,-0.00112489,300,3,20,10,0.3
2024-09-01,Manuf_excess,0.021,0.00489848,500,3,20,10,0.3
2024-09-01,Enrgy_excess,-0.0355,0.00386492,300,3,20,10,0.3
2024-09-01,HiTec_excess,0.0257,0.00673391,500,3,20,10,0.3
2024-09-01,Telcm_excess,0.0516,-0.00340206,300,3,20,10,0.3
2024-09-01,Shops_excess,0.0327,0.00515163,300,3,20,10,0.3
2024-09-01,Hlth_excess,-0.0224,0.0055041,300,3,20,10,0.3
2024-09-01,Utils_excess,0.0494,0.00572994,500,3,20,10,0.3
2024-09-01,Other_excess,0.0028,0.00667158,300,3,20,10,0.3
2024-10-01,NoDur_excess,-0.0298,0.00459102,300,3,20,10,0.3
2024-10-01,Durbl_excess,-0.0353,0.00461232,300,3,20,10,0.3
2024-10-01,Manuf_excess,-0.0441,0.00566105,500,3,20,10,0.3
2024-10-01,Enrgy_excess,-0.0093,0.00346531,300,3,20,10,0.3
2024-10-01,HiTec_excess,-0.0061,0.00803105,500,3,20,10,0.3
2024-10-01,Telcm_excess,0.0198,-0.00168706,300,3,20,10,0.3
2024-10-01,Shops_excess,-0.0153,0.00627325,300,3,20,10,0.3
2024-10-01,Hlth_excess,-0.0354,0.00533303,300,3,20,10,0.3
2024-10-01,Utils_excess,0.003,0.00607606,500,3,20,10,0.3
2024-10-01,Other_excess,0.0071,0.00633595,300,3,20,10,0.3
2024-11-01,NoDur_excess,0.0113,0.00261642,300,3,20,10,0.3
2024-11-01,Durbl_excess,0.2931,0.00411652,300,3,20,10,0.3
2024-11-01,Manuf_excess,0.0595,0.00471534,500,3,20,10,0.3
2024-11-01,Enrgy_excess,0.0614,0.00325944,300,3,20,10,0.3
2024-11-01,HiTec_excess,0.0455,0.00589541,500,3,20,10,0.3
2024-11-01,Telcm_excess,0.0878,-0.00325734,300,3,20,10,0.3
2024-11-01,Shops_excess,0.0956,0.00524315,300,3,20,10,0.3
2024-11-01,Hlth_excess,-0.0091,0.00566581,300,3,20,10,0.3
2024-11-01,Utils_excess,0.0581,0.00521519,500,3,20,10,0.3
2024-11-01,Other_excess,0.0978,0.00595831,300,3,20,10,0.3
2024-12-01,NoDur_excess,-0.0541,0.00368756,300,3,20,10,0.3
2024-12-01,Durbl_excess,0.1064,0.0096441,300,3,20,10,0.3
2024-12-01,Manuf_excess,-0.0818,0.00552318,500,3,20,10,0.3
2024-12-01,Enrgy_excess,-0.0935,0.0042313,300,3,20,10,0.3
2024-12-01,HiTec_excess,0.0106,0.00768478,500,3,20,10,0.3
2024-12-01,Telcm_excess,-0.0833,-0.00021506,300,3,20,10,0.3
2024-12-01,Shops_excess,-0.0224,0.00681015,300,3,20,10,0.3
2024-12-01,Hlth_excess,-0.0575,0.00547373,300,3,20,10,0.3
2024-12-01,Utils_excess,-0.0815,0.00498492,500,3,20,10,0.3
2024-12-01,Other_excess,-0.0745,0.00699192,300,3,20,10,0.3
