date,asset,realized,historical_mean,ridge,ridge_restricted,ridge_alpha
1947-01-01,NoDur_excess,0.0021,0.00666458,0.00364676,0.00364676,587.80160723
1947-01-01,Durbl_excess,0.1087,0.01171542,0.00573,0.00573,1193.77664171
1947-01-01,Manuf_excess,0.0087,0.0094175,0.0094175,0.0094175,1e+16
1947-01-01,Enrgy_excess,-0.0068,0.00680375,0.00669402,0.00669402,20309.17620905
1947-01-01,HiTec_excess,0.0535,0.00981917,0.00622465,0.00622465,1193.77664171
1947-01-01,Telcm_excess,0.01,0.00691958,0.00669996,0.00669996,2424.46201708
1947-01-01,Shops_excess,0.0066,0.00871292,0.00607823,0.00607823,1193.77664171
1947-01-01,Hlth_excess,-0.0535,0.00859042,0.00859042,0.00859042,3070290629757837.5
1947-01-01,Utils_excess,-0.0017,0.00738917,0.00424939,0.00424939,587.80160723
1947-01-01,Other_excess,0.0044,0.00624917,0.00510859,0.00510859,2424.46201708
1947-02-01,NoDur_excess,-0.003,0.00664564,0.00671786,0.00671786,587.80160723
1947-02-01,Durbl_excess,0.0145,0.01211784,0.0100104,0.0100104,1193.77664171
1947-02-01,Manuf_excess,-0.0072,0.00941452,0.00941452,0.00941452,1e+16
1947-02-01,Enrgy_excess,-0.0274,0.0067473,0.00666755,0.00666755,20309.17620905
1947-02-01,HiTec_excess,-0.0211,0.01000041,0.00897409,0.00897409,1193.77664171
1947-02-01,Telcm_excess,-0.0208,0.00693237,0.00701038,0.00701038,2424.46201708
1947-02-01,Shops_excess,-0.0044,0.00870415,0.00912972,0.00912972,1193.77664171
1947-02-01,Hlth_excess,-0.0423,0.00833278,0.00833278,0.00833278,3070290629757837.5
1947-02-01,Utils_excess,-0.0093,0.00735145,0.00797112,0.00797112,587.80160723
1947-02-01,Other_excess,-0.0131,0.00624149,0.00573508,0.00573508,2424.46201708
1947-03-01,NoDur_excess,-0.0226,0.00660579,0.00667602,0.00667602,587.80160723
1947-03-01,Durbl_excess,-0.0273,0.01212769,0.01013947,0.01013947,1193.77664171
1947-03-01,Manuf_excess,-0.0163,0.00934587,0.00934587,0.00934587,1e+16
1947-03-01,Enrgy_excess,0.0226,0.0066062,0.00656007,0.00656007,20309.17620905
1947-03-01,HiTec_excess,-0.0232,0.0098719,0.0090782,0.0090782,1193.77664171
1947-03-01,Telcm_excess,-0.0218,0.00681777,0.00684596,0.00684596,2424.46201708
1947-03-01,Shops_excess,-0.0223,0.00865,0.00879183,0.00879183,1193.77664171
1947-03-01,Hlth_excess,-0.0129,0.00812355,0.00812355,0.00812355,3070290629757837.5
1947-03-01,Utils_excess,-0.0282,0.00728264,0.00789753,0.00789753,587.80160723
1947-03-01,Other_excess,-0.0338,0.00616157,0.00592433,0.00592433,2424.46201708
1947-04-01,NoDur_excess,-0.0668,0.0064856,0.00635041,0.00635041,587.80160723
1947-04-01,Durbl_excess,-0.0411,0.01196543,0.00951377,0.00951377,1193.77664171
1947-04-01,Manuf_excess,-0.0577,0.00924033,0.00924033,0.00924033,1e+16
1947-04-01,Enrgy_excess,-0.0047,0.00667202,0.00673833,0.00673833,20309.17620905
1947-04-01,HiTec_excess,-0.0524,0.0097358,0.009164,0.009164,1193.77664171
1947-04-01,Telcm_excess,-0.0025,0.0067,0.00700897,0.00700897,2424.46201708
1947-04-01,Shops_excess,-0.0801,0.00852263,0.00888938,0.00888938,1193.77664171
1947-04-01,Hlth_excess,-0.0864,0.00803704,0.00803704,0.00803704,3070290629757837.5
1947-04-01,Utils_excess,-0.0379,0.00713663,0.00796691,0.00796691,587.80160723
1947-04-01,Other_excess,-0.063,0.00599712,0.0064123,0.0064123,2424.46201708
1947-05-01,NoDur_excess,-0.0058,0.00618525,0.00923001,0.00923001,587.80160723
1947-05-01,Durbl_excess,-0.0217,0.01174795,0.01330051,0.01330051,1193.77664171
1947-05-01,Manuf_excess,-0.0212,0.00896598,0.00896598,0.00896598,1e+16
1947-05-01,Enrgy_excess,0.0253,0.00662541,0.00674729,0.00674729,20309.17620905
1947-05-01,HiTec_excess,-0.003,0.00948115,0.01140242,0.01140242,1193.77664171
1947-05-01,Telcm_excess,-0.0113,0.0066623,0.00701852,0.00701852,2424.46201708
1947-05-01,Shops_excess,-0.0039,0.00815943,0.0108208,0.0108208,1193.77664171
1947-05-01,Hlth_excess,-0.0268,0.00765,0.00765,0.00765,3070290629757837.5
1947-05-01,Utils_excess,-0.0251,0.00695205,0.01117908,0.01117908,587.80160723
1947-05-01,Other_excess,-0.021,0.00571434,0.00680159,0.00680159,2424.46201708
1947-06-01,NoDur_excess,0.0651,0.00613633,0.00839151,0.00839151,587.80160723
1947-06-01,Durbl_excess,0.0585,0.01161143,0.01260622,0.01260622,1193.77664171
1947-06-01,Manuf_excess,0.0573,0.00884286,0.00884286,0.00884286,1e+16
1947-06-01,Enrgy_excess,0.0774,0.00670163,0.00687889,0.00687889,20309.17620905
1947-06-01,HiTec_excess,0.0384,0.0094302,0.01100233,0.01100233,1193.77664171
1947-06-01,Telcm_excess,-0.0322,0.00658898,0.00674237,0.00674237,2424.46201708
1947-06-01,Shops_excess,0.0987,0.0081102,0.00961974,0.00961974,1193.77664171
1947-06-01,Hlth_excess,0.0417,0.00750939,0.00750939,0.00750939,3070290629757837.5
1947-06-01,Utils_excess,0.0392,0.00682122,0.0096042,0.0096042,587.80160723
1947-06-01,Other_excess,0.0316,0.00560531,0.00686605,0.00686605,2424.46201708
1947-07-01,NoDur_excess,0.0462,0.00637602,0.00805808,0.00805808,587.80160723
1947-07-01,Durbl_excess,0.0517,0.01180203,0.01200058,0.01200058,1193.77664171
1947-07-01,Manuf_excess,0.0384,0.00903984,0.00903984,0.00903984,1e+16
1947-07-01,Enrgy_excess,0.0385,0.00698902,0.0071448,0.0071448,20309.17620905
1947-07-01,HiTec_excess,0.0631,0.00954797,0.01065492,0.01065492,1193.77664171
1947-07-01,Telcm_excess,0.0078,0.0064313,0.00656425,0.00656425,2424.46201708
1947-07-01,Shops_excess,0.0458,0.00847846,0.00984528,0.00984528,1193.77664171
1947-07-01,Hlth_excess,0.0258,0.00764837,0.00764837,0.00764837,3070290629757837.5
1947-07-01,Utils_excess,0.0248,0.00695285,0.00939943,0.00939943,587.80160723
1947-07-01,Other_excess,0.0595,0.00571098,0.0067209,0.0067209,2424.46201708
1947-08-01,NoDur_excess,-0.0141,0.00653725,0.00696745,0.00696745,587.80160723
1947-08-01,Durbl_excess,-0.0079,0.01196356,0.01037643,0.01037643,1193.77664171
1947-08-01,Manuf_excess,-0.0105,0.0091587,0.0091587,0.0091587,1e+16
1947-08-01,Enrgy_excess,-0.0233,0.0071166,0.00725122,0.00725122,20309.17620905
1947-08-01,HiTec_excess,-0.0425,0.00976478,0.01028208,0.01028208,1193.77664171
1947-08-01,Telcm_excess,0.0033,0.00643684,0.00656881,0.00656881,2424.46201708
1947-08-01,Shops_excess,-0.0358,0.00862955,0.00860549,0.00860549,1193.77664171
1947-08-01,Hlth_excess,-0.0386,0.00772186,0.00772186,0.00772186,3070290629757837.5
1947-08-01,Utils_excess,0.0021,0.0070251,0.00877727,0.00877727,587.80160723
1947-08-01,Other_excess,-0.0321,0.00592874,0.00668175,0.00668175,2424.46201708
1947-09-01,NoDur_excess,0.0033,0.00645403,0.00542545,0.00542545,587.80160723
1947-09-01,Durbl_excess,0.0011,0.01188347,0.00906777,0.00906777,1193.77664171
1947-09-01,Manuf_excess,0.0065,0.00907944,0.00907944,0.00907944,1e+16
1947-09-01,Enrgy_excess,-0.0277,0.00699395,0.00715927,0.00715927,20309.17620905
1947-09-01,HiTec_excess,0.0108,0.00955403,0.00940696,0.00940696,1193.77664171
1947-09-01,Telcm_excess,0.0077,0.00642419,0.00624433,0.00624433,2424.46201708
1947-09-01,Shops_excess,-0.0287,0.0084504,0.00657196,0.00657196,1193.77664171
1947-09-01,Hlth_excess,-0.0269,0.00753508,0.00753508,0.00753508,3070290629757837.5
1947-09-01,Utils_excess,-0.0139,0.00700524,0.00679913,0.00679913,587.80160723
1947-09-01,Other_excess,-0.0102,0.0057754,0.00654365,0.00654365,2424.46201708
1947-10-01,NoDur_excess,0.013,0.00644137,0.00654766,0.00654766,587.80160723
1947-10-01,Durbl_excess,0.0287,0.01184016,0.01041972,0.01041972,1193.77664171
1947-10-01,Manuf_excess,0.0318,0.00906908,0.00906908,0.00906908,1e+16
1947-10-01,Enrgy_excess,0.0518,0.00685462,0.00706602,0.00706602,20309.17620905
1947-10-01,HiTec_excess,0.0168,0.00955904,0.0106497,0.0106497,1193.77664171
1947-10-01,Telcm_excess,0.0015,0.00642932,0.00654279,0.00654279,2424.46201708
1947-10-01,Shops_excess,0.0297,0.0083012,0.00792851,0.00792851,1193.77664171
1947-10-01,Hlth_excess,0.0115,0.00739679,0.00739679,0.00739679,3070290629757837.5
1947-10-01,Utils_excess,0.0009,0.00692129,0.00840951,0.00840951,587.80160723
1947-10-01,Other_excess,0.0094,0.00571124,0.00694209,0.00694209,2424.46201708
1947-11-01,NoDur_excess,-0.0176,0.0064676,0.00931661,0.00931661,587.80160723
1947-11-01,Durbl_excess,-0.0276,0.0119076,0.01309425,0.01309425,1193.77664171
1947-11-01,Manuf_excess,-0.0128,0.00916,0.00916,0.00916,1e+16
1947-11-01,Enrgy_excess,-0.0041,0.0070344,0.0072099,0.0072099,20309.17620905
1947-11-01,HiTec_excess,-0.0061,0.009588,0.01229139,0.01229139,1193.77664171
1947-11-01,Telcm_excess,-0.0263,0.0064096,0.00655601,0.00655601,2424.46201708
1947-11-01,Shops_excess,-0.0249,0.0083868,0.01003737,0.01003737,1193.77664171
1947-11-01,Hlth_excess,-0.0312,0.0074132,0.0074132,0.0074132,3070290629757837.5
1947-11-01,Utils_excess,-0.0769,0.0068972,0.01135747,0.01135747,587.80160723
1947-11-01,Other_excess,-0.0204,0.005726,0.00701954,0.00701954,2424.46201708
1947-12-01,NoDur_excess,0.0062,0.00637171,0.01149217,0.01149217,587.80160723
1947-12-01,Durbl_excess,0.0217,0.0117502,0.01526479,0.01526479,1193.77664171
1947-12-01,Manuf_excess,0.0256,0.00907251,0.00907251,0.00907251,1e+16
1947-12-01,Enrgy_excess,0.0926,0.00699004,0.00720428,0.00720428,20309.17620905
1947-12-01,HiTec_excess,0.0241,0.0095255,0.01422383,0.01422383,1193.77664171
1947-12-01,Telcm_excess,0.0036,0.00627928,0.00685085,0.00685085,2424.46201708
1947-12-01,Shops_excess,0.0029,0.00825418,0.01279065,0.01279065,1193.77664171
1947-12-01,Hlth_excess,0.0304,0.00725936,0.00725936,0.00725936,3070290629757837.5
1947-12-01,Utils_excess,0.011,0.00656335,0.01418466,0.01418466,587.80160723
1947-12-01,Other_excess,0.0363,0.00562191,0.00743624,0.00743624,2424.46201708
1948-01-01,NoDur_excess,-0.0276,0.00637103,0.01177117,0.01177117,587.80160723
1948-01-01,Durbl_excess,-0.0542,0.01178968,0.01357582,0.01357582,2424.46201708
1948-01-01,Manuf_excess,-0.0415,0.0091381,0.0091381,0.0091381,1e+16
1948-01-01,Enrgy_excess,-0.075,0.00732976,0.00732976,0.00732976,1e+16
1948-01-01,HiTec_excess,-0.056,0.00958333,0.01450306,0.01450306,1193.77664171
1948-01-01,Telcm_excess,0.0003,0.00626865,0.00727884,0.00727884,2424.46201708
1948-01-01,Shops_excess,-0.0336,0.00823294,0.01131871,0.01131871,2424.46201708
1948-01-01,Hlth_excess,-0.0832,0.00735119,0.0091027,0.0091027,2424.46201708
1948-01-01,Utils_excess,-0.0029,0.00658095,0.01574985,0.01574985,587.80160723
1948-01-01,Other_excess,-0.0095,0.00574365,0.00756544,0.00756544,2424.46201708
1948-02-01,NoDur_excess,-0.062,0.00623676,0.00782468,0.00782468,587.80160723
1948-02-01,Durbl_excess,-0.055,0.01152885,0.01138435,0.01138435,2424.46201708
1948-02-01,Manuf_excess,-0.054,0.00893794,0.00893794,0.00893794,1e+16
1948-02-01,Enrgy_excess,-0.0302,0.00700435,0.00700435,0.00700435,1e+16
1948-02-01,HiTec_excess,-0.0401,0.00932411,0.01158942,0.01158942,1193.77664171
1948-02-01,Telcm_excess,-0.0113,0.00624506,0.00648661,0.00648661,2424.46201708
1948-02-01,Shops_excess,-0.0386,0.00806759,0.00841846,0.00841846,2424.46201708
1948-02-01,Hlth_excess,-0.0361,0.00699328,0.00701685,0.00701685,2424.46201708
1948-02-01,Utils_excess,-0.0366,0.00654348,0.01015791,0.01015791,587.80160723
1948-02-01,Other_excess,-0.0419,0.0056834,0.00706143,0.00706143,2424.46201708
1948-03-01,NoDur_excess,0.054,0.00596811,0.01053338,0.01053338,587.80160723
1948-03-01,Durbl_excess,0.0718,0.01126693,0.01299105,0.01299105,2424.46201708
1948-03-01,Manuf_excess,0.0957,0.00869016,0.00869016,0.00869016,1e+16
1948-03-01,Enrgy_excess,0.0986,0.00685787,0.00685787,0.00685787,1e+16
1948-03-01,HiTec_excess,0.1108,0.00912953,0.01354958,0.01354958,1193.77664171
1948-03-01,Telcm_excess,0.0188,0.00617598,0.00634235,0.00634235,2424.46201708
1948-03-01,Shops_excess,0.0661,0.00788386,0.00916387,0.00916387,2424.46201708
1948-03-01,Hlth_excess,0.0626,0.00682362,0.00793243,0.00793243,2424.46201708
1948-03-01,Utils_excess,0.0667,0.00637362,0.01281166,0.01281166,587.80160723
1948-03-01,Other_excess,0.0992,0.00549606,0.00746107,0.00746107,2424.46201708
1948-04-01,NoDur_excess,0.0126,0.00615647,0.01170247,0.01170247,587.80160723
1948-04-01,Durbl_excess,0.0109,0.01150431,0.01344797,0.01344797,2424.46201708
1948-04-01,Manuf_excess,0.0243,0.00903137,0.00903137,0.00903137,1e+16
1948-04-01,Enrgy_excess,0.1116,0.00721765,0.00721765,0.00721765,1e+16
1948-04-01,HiTec_excess,-0.0067,0.00952824,0.01455789,0.01455789,1193.77664171
1948-04-01,Telcm_excess,0.0257,0.00622549,0.00680144,0.00680144,2424.46201708
1948-04-01,Shops_excess,0.05,0.00811216,0.01009418,0.01009418,2424.46201708
1948-04-01,Hlth_excess,0.0206,0.00704235,0.00848158,0.00848158,2424.46201708
1948-04-01,Utils_excess,0.0143,0.0066102,0.01470226,0.01470226,587.80160723
1948-04-01,Other_excess,0.0318,0.00586353,0.00814416,0.00814416,2424.46201708
1948-05-01,NoDur_excess,0.0502,0.00618164,0.00733091,0.00733091,587.80160723
1948-05-01,Durbl_excess,0.1446,0.01150195,0.0110598,0.0110598,2424.46201708
1948-05-01,Manuf_excess,0.0781,0.00909102,0.00909102,0.00909102,1e+16
1948-05-01,Enrgy_excess,0.0602,0.00762539,0.00762539,0.00762539,1e+16
1948-05-01,HiTec_excess,0.127,0.00946484,0.01167844,0.01167844,1193.77664171
1948-05-01,Telcm_excess,0.0241,0.00630156,0.00663609,0.00663609,2424.46201708
1948-05-01,Shops_excess,0.0851,0.00827578,0.00846263,0.00846263,2424.46201708
1948-05-01,Hlth_excess,0.0672,0.00709531,0.00694626,0.00694626,2424.46201708
1948-05-01,Utils_excess,0.0567,0.00664023,0.00988312,0.00988312,587.80160723
1948-05-01,Other_excess,0.0669,0.00596484,0.00763678,0.00763678,2424.46201708
1948-06-01,NoDur_excess,-0.0207,0.00635292,0.00681,0.00681,587.80160723
1948-06-01,Durbl_excess,0.0021,0.01201984,0.01113886,0.01113886,2424.46201708
1948-06-01,Manuf_excess,-0.0108,0.00935953,0.00935953,0.00935953,1e+16
1948-06-01,Enrgy_excess,0.034,0.00782996,0.00782996,0.00782996,1e+16
1948-06-01,HiTec_excess,-0.0151,0.00992218,0.01148006,0.01148006,1193.77664171
1948-06-01,Telcm_excess,0.0034,0.00637082,0.00631072,0.00631072,2424.46201708
1948-06-01,Shops_excess,-0.014,0.00857471,0.00777891,0.00777891,2424.46201708
1948-06-01,Hlth_excess,-0.0228,0.00732918,0.00686905,0.00686905,2424.46201708
1948-06-01,Utils_excess,0.024,0.00683502,0.00847337,0.00847337,587.80160723
1948-06-01,Other_excess,-0.0087,0.00620195,0.00732377,0.00732377,2424.46201708
1948-07-01,NoDur_excess,-0.0176,0.00624806,0.00949296,0.00949296,587.80160723
1948-07-01,Durbl_excess,-0.0445,0.0119814,0.01283567,0.01283567,2424.46201708
1948-07-01,Manuf_excess,-0.0507,0.0092814,0.0092814,0.0092814,1e+16
1948-07-01,Enrgy_excess,-0.0726,0.0079314,0.0079314,0.0079314,1e+16
1948-07-01,HiTec_excess,-0.0668,0.00982519,0.01364552,0.01364552,1193.77664171
1948-07-01,Telcm_excess,-0.0173,0.0063593,0.0068436,0.0068436,2424.46201708
1948-07-01,Shops_excess,-0.078,0.00848721,0.0098687,0.0098687,2424.46201708
1948-07-01,Hlth_excess,-0.0434,0.0072124,0.00786205,0.00786205,2424.46201708
1948-07-01,Utils_excess,-0.0422,0.00690155,0.01275698,0.01275698,587.80160723
1948-07-01,Other_excess,-0.0507,0.00614419,0.00799965,0.00799965,2424.46201708
1948-08-01,NoDur_excess,-0.0007,0.00615598,0.00891259,0.00891259,587.80160723
1948-08-01,Durbl_excess,0.0103,0.01176332,0.01270837,0.01270837,2424.46201708
1948-08-01,Manuf_excess,0.0032,0.00904981,0.00904981,0.00904981,1e+16
1948-08-01,Enrgy_excess,-0.0212,0.00762046,0.00762046,0.00762046,1e+16
1948-08-01,HiTec_excess,0.0298,0.00952934,0.01316907,0.01316907,1193.77664171
1948-08-01,Telcm_excess,-0.0003,0.00626795,0.00659722,0.00659722,2424.46201708
1948-08-01,Shops_excess,0.0241,0.00815328,0.00901455,0.00901455,2424.46201708
1948-08-01,Hlth_excess,-0.0199,0.00701699,0.00741466,0.00741466,2424.46201708
1948-08-01,Utils_excess,0.0001,0.00671197,0.01154355,0.01154355,587.80160723
1948-08-01,Other_excess,0.0144,0.00592471,0.00812411,0.00812411,2424.46201708
1948-09-01,NoDur_excess,-0.0402,0.00612962,0.01081646,0.01081646,587.80160723
1948-09-01,Durbl_excess,-0.0393,0.01175769,0.0133773,0.0133773,2424.46201708
1948-09-01,Manuf_excess,-0.0272,0.00902731,0.00902731,0.00902731,1e+16
1948-09-01,Enrgy_excess,-0.0451,0.00750962,0.00750962,0.00750962,1e+16
1948-09-01,HiTec_excess,-0.0323,0.00960731,0.01459443,0.01459443,1193.77664171
1948-09-01,Telcm_excess,-0.0027,0.00624269,0.00692318,0.00692318,2424.46201708
1948-09-01,Shops_excess,-0.0098,0.00821462,0.01002995,0.01002995,2424.46201708
1948-09-01,Hlth_excess,-0.0314,0.00691346,0.00792363,0.00792363,2424.46201708
1948-09-01,Utils_excess,-0.0096,0.00668654,0.01451332,0.01451332,587.80160723
1948-09-01,Other_excess,-0.035,0.00595731,0.00842666,0.00842666,2424.46201708
1948-10-01,NoDur_excess,0.0359,0.00595211,0.01095568,0.01095568,587.80160723
1948-10-01,Durbl_excess,0.0791,0.01156207,0.0136867,0.0136867,2424.46201708
1948-10-01,Manuf_excess,0.0665,0.00888851,0.00888851,0.00888851,1e+16
1948-10-01,Enrgy_excess,0.0916,0.00730805,0.00730805,0.00730805,1e+16
1948-10-01,HiTec_excess,0.0681,0.00944674,0.01492204,0.01492204,1193.77664171
1948-10-01,Telcm_excess,0.0107,0.00620843,0.00673446,0.00673446,2424.46201708
1948-10-01,Shops_excess,0.041,0.00814559,0.00996445,0.00996445,2424.46201708
1948-10-01,Hlth_excess,0.0516,0.00676667,0.00790619,0.00790619,2424.46201708
1948-10-01,Utils_excess,0.0441,0.00662414,0.01458257,0.01458257,587.80160723
1948-10-01,Other_excess,0.0492,0.00580038,0.0085775,0.0085775,2424.46201708
1948-11-01,NoDur_excess,-0.0622,0.00606641,0.01117427,0.01117427,587.80160723
1948-11-01,Durbl_excess,-0.1205,0.01181985,0.01376501,0.01376501,2424.46201708
1948-11-01,Manuf_excess,-0.1025,0.0091084,0.0091084,0.0091084,1e+16
1948-11-01,Enrgy_excess,-0.1225,0.00762977,0.00762977,0.00762977,1e+16
1948-11-01,HiTec_excess,-0.0932,0.00967061,0.01513646,0.01513646,1193.77664171
1948-11-01,Telcm_excess,-0.021,0.00622557,0.00681419,0.00681419,2424.46201708
1948-11-01,Shops_excess,-0.0581,0.00827099,0.01012428,0.01012428,2424.46201708
1948-11-01,Hlth_excess,-0.0579,0.00693779,0.00815701,0.00815701,2424.46201708
1948-11-01,Utils_excess,-0.0913,0.00676718,0.01522621,0.01522621,587.80160723
1948-11-01,Other_excess,-0.1065,0.00596603,0.00844447,0.00844447,2424.46201708
1948-12-01,NoDur_excess,0.0063,0.00580684,0.01244301,0.01244301,587.80160723
1948-12-01,Durbl_excess,0.0339,0.01131673,0.0148041,0.0148041,2424.46201708
1948-12-01,Manuf_excess,0.04,0.00868403,0.00868403,0.00868403,1e+16
1948-12-01,Enrgy_excess,0.0469,0.00713498,0.00713498,0.00713498,1e+16
1948-12-01,HiTec_excess,0.0629,0.00927947,0.01610477,0.01610477,1193.77664171
1948-12-01,Telcm_excess,0.0105,0.00612205,0.00656577,0.00656577,2424.46201708
1948-12-01,Shops_excess,0.0148,0.00801863,0.01032253,0.01032253,2424.46201708
1948-12-01,Hlth_excess,0.045,0.00669125,0.00850988,0.00850988,2424.46201708
1948-12-01,Utils_excess,0.0262,0.0063943,0.01567834,0.01567834,587.80160723
1948-12-01,Other_excess,0.0283,0.0055384,0.00902048,0.00902048,2424.46201708
1949-01-01,NoDur_excess,0.0357,0.00580871,0.01559402,0.01559402,289.42661247
1949-01-01,Durbl_excess,0.0234,0.01140227,0.01648274,0.01648274,1193.77664171
1949-01-01,Manuf_excess,0.0021,0.00880265,0.00880265,0.00880265,1e+16
1949-01-01,Enrgy_excess,-0.0393,0.00728561,0.00728561,0.00728561,1e+16
1949-01-01,HiTec_excess,-0.0143,0.00948258,0.01649048,0.01649048,1193.77664171
1949-01-01,Telcm_excess,-0.0137,0.00613864,0.00690166,0.00690166,2424.46201708
1949-01-01,Shops_excess,0.0107,0.00804432,0.01057929,0.01057929,2424.46201708
1949-01-01,Hlth_excess,0.0448,0.00683636,0.00863969,0.00863969,2424.46201708
1949-01-01,Utils_excess,0.0466,0.00646932,0.01659774,0.01659774,587.80160723
1949-01-01,Other_excess,0.002,0.00562462,0.00895136,0.00895136,2424.46201708
1949-02-01,NoDur_excess,-0.0202,0.00592151,0.01392034,0.01392034,289.42661247
1949-02-01,Durbl_excess,-0.0381,0.01144755,0.0157296,0.0157296,1193.77664171
1949-02-01,Manuf_excess,-0.0353,0.00877736,0.00877736,0.00877736,1e+16
1949-02-01,Enrgy_excess,-0.0439,0.00710981,0.00710981,0.00710981,1e+16
1949-02-01,HiTec_excess,-0.043,0.00939283,0.01545067,0.01545067,1193.77664171
1949-02-01,Telcm_excess,-0.0039,0.00606377,0.0063505,0.0063505,2424.46201708
1949-02-01,Shops_excess,-0.0236,0.00805434,0.00964805,0.00964805,2424.46201708
1949-02-01,Hlth_excess,-0.0102,0.00697962,0.00838765,0.00838765,2424.46201708
1949-02-01,Utils_excess,0.0058,0.00662075,0.0145874,0.0145874,587.80160723
1949-02-01,Other_excess,-0.0328,0.00561094,0.00882142,0.00882142,2424.46201708
1949-03-01,NoDur_excess,0.0311,0.00582331,0.01568775,0.01568775,289.42661247
1949-03-01,Durbl_excess,0.0332,0.01126128,0.01685929,0.01685929,1193.77664171
1949-03-01,Manuf_excess,0.0347,0.00861165,0.00861165,0.00861165,1e+16
1949-03-01,Enrgy_excess,0.0598,0.00691805,0.00691805,0.00691805,1e+16
1949-03-01,HiTec_excess,0.0573,0.00919586,0.01608745,0.01608745,1193.77664171
1949-03-01,Telcm_excess,0.0126,0.00602632,0.00633432,0.00633432,2424.46201708
1949-03-01,Shops_excess,0.043,0.00793534,0.01017988,0.01017988,2424.46201708
1949-03-01,Hlth_excess,0.054,0.00691504,0.00889834,0.00889834,2424.46201708
1949-03-01,Utils_excess,0.037,0.00661767,0.01625951,0.01625951,587.80160723
1949-03-01,Other_excess,0.0482,0.00546654,0.00897671,0.00897671,2424.46201708
1949-04-01,NoDur_excess,-0.0174,0.00591798,0.01382645,0.01382645,289.42661247
1949-04-01,Durbl_excess,-0.0431,0.01134345,0.01582436,0.01582436,1193.77664171
1949-04-01,Manuf_excess,-0.0363,0.00870936,0.00870936,0.00870936,1e+16
1949-04-01,Enrgy_excess,0.0119,0.0071161,0.0071161,0.0071161,1e+16
1949-04-01,HiTec_excess,-0.038,0.00937603,0.01569043,0.01569043,1193.77664171
1949-04-01,Telcm_excess,-0.0174,0.00605094,0.00626364,0.00626364,2424.46201708
1949-04-01,Shops_excess,-0.0173,0.00806667,0.00970774,0.00970774,2424.46201708
1949-04-01,Hlth_excess,0.0015,0.00709139,0.00861277,0.00861277,2424.46201708
1949-04-01,Utils_excess,0.0113,0.00673146,0.01439727,0.01439727,587.80160723
1949-04-01,Other_excess,-0.0162,0.00562659,0.00931323,0.00931323,2424.46201708
1949-05-01,NoDur_excess,-0.0053,0.00583097,0.01465548,0.01465548,289.42661247
1949-05-01,Durbl_excess,-0.0304,0.0111403,0.01618352,0.01618352,1193.77664171
1949-05-01,Manuf_excess,-0.0344,0.00854142,0.00854142,0.00854142,1e+16
1949-05-01,Enrgy_excess,-0.0577,0.00713396,0.00713396,0.00713396,1e+16
1949-05-01,HiTec_excess,-0.0542,0.00919925,0.01597107,0.01597107,1193.77664171
1949-05-01,Telcm_excess,-0.0227,0.00596343,0.00635002,0.00635002,2424.46201708
1949-05-01,Shops_excess,0.0007,0.00797201,0.01036147,0.01036147,2424.46201708
1949-05-01,Hlth_excess,-0.02,0.00707052,0.0089467,0.0089467,2424.46201708
1949-05-01,Utils_excess,-0.0069,0.00674851,0.01597928,0.01597928,587.80160723
1949-05-01,Other_excess,-0.0281,0.00554515,0.00944419,0.00944419,2424.46201708
1949-06-01,NoDur_excess,0.0094,0.00578959,0.01675363,0.01675363,289.42661247
1949-06-01,Durbl_excess,0.012,0.01098587,0.01731744,0.01731744,1193.77664171
1949-06-01,Manuf_excess,0.0014,0.00838178,0.00838178,0.00838178,1e+16
1949-06-01,Enrgy_excess,-0.0128,0.00689294,0.00689294,0.00689294,1e+16
1949-06-01,HiTec_excess,0.0001,0.00896357,0.01633277,0.01633277,1193.77664171
1949-06-01,Telcm_excess,0.0103,0.00585688,0.00610808,0.00610808,2424.46201708
1949-06-01,Shops_excess,0.0277,0.00794498,0.01087638,0.01087638,2424.46201708
1949-06-01,Hlth_excess,0.0207,0.00696989,0.00939425,0.00939425,2424.46201708
1949-06-01,Utils_excess,-0.0111,0.00669777,0.01713369,0.01713369,587.80160723
1949-06-01,Other_excess,-0.0147,0.00542007,0.00957787,0.00957787,2424.46201708
1949-07-01,NoDur_excess,0.0486,0.00580296,0.01168814,0.01168814,289.42661247
1949-07-01,Durbl_excess,0.0935,0.01098963,0.01406859,0.01406859,1193.77664171
1949-07-01,Manuf_excess,0.0585,0.00835593,0.00835593,0.00835593,1e+16
1949-07-01,Enrgy_excess,0.0615,0.00682,0.00682,0.00682,1e+16
1949-07-01,HiTec_excess,0.0681,0.00893074,0.01393197,0.01393197,1193.77664171
1949-07-01,Telcm_excess,0.0232,0.00587333,0.00574073,0.00574073,2424.46201708
1949-07-01,Shops_excess,0.0507,0.00801815,0.00904333,0.00904333,2424.46201708
1949-07-01,Hlth_excess,0.0592,0.00702074,0.00816599,0.00816599,2424.46201708
1949-07-01,Utils_excess,0.0463,0.00663185,0.01266311,0.01266311,587.80160723
1949-07-01,Other_excess,0.041,0.00534556,0.00892118,0.00892118,2424.46201708
1949-08-01,NoDur_excess,0.0388,0.00596089,0.01754706,0.01754706,289.42661247
1949-08-01,Durbl_excess,0.0223,0.0112941,0.01764028,0.01764028,1193.77664171
1949-08-01,Manuf_excess,0.0207,0.00854096,0.00854096,0.00854096,1e+16
1949-08-01,Enrgy_excess,0.0541,0.00702177,0.00702177,0.00702177,1e+16
1949-08-01,HiTec_excess,0.0065,0.00914908,0.01613933,0.01613933,1193.77664171
1949-08-01,Telcm_excess,0.0088,0.00593727,0.00634561,0.00634561,2424.46201708
1949-08-01,Shops_excess,0.0141,0.00817565,0.01143924,0.01143924,2424.46201708
1949-08-01,Hlth_excess,0.0009,0.00721328,0.00992471,0.00992471,2424.46201708
1949-08-01,Utils_excess,0.0359,0.00677823,0.01742606,0.01742606,587.80160723
1949-08-01,Other_excess,0.0135,0.00547712,0.00917227,0.00917227,2424.46201708
1949-09-01,NoDur_excess,0.0275,0.00608162,0.01189682,0.01189682,289.42661247
1949-09-01,Durbl_excess,0.0255,0.01133456,0.01426141,0.01426141,1193.77664171
1949-09-01,Manuf_excess,0.0384,0.00858566,0.00858566,0.00858566,1e+16
1949-09-01,Enrgy_excess,0.0294,0.00719485,0.00719485,0.00719485,1e+16
1949-09-01,HiTec_excess,0.0356,0.00913934,0.01359697,0.01359697,1193.77664171
1949-09-01,Telcm_excess,0.0112,0.00594779,0.0058659,0.0058659,2424.46201708
1949-09-01,Shops_excess,0.0221,0.00819743,0.00931315,0.00931315,2424.46201708
1949-09-01,Hlth_excess,0.0177,0.00719007,0.0082959,0.0082959,2424.46201708
1949-09-01,Utils_excess,0.0397,0.00688529,0.01266343,0.01266343,587.80160723
1949-09-01,Other_excess,0.0332,0.00550662,0.00861608,0.00861608,2424.46201708
1949-10-01,NoDur_excess,0.0143,0.00616007,0.01461839,0.01461839,289.42661247
1949-10-01,Durbl_excess,0.0725,0.01138645,0.01582491,0.01582491,1193.77664171
1949-10-01,Manuf_excess,0.0425,0.00869487,0.00869487,0.00869487,1e+16
1949-10-01,Enrgy_excess,0.0362,0.00727619,0.00727619,0.00727619,1e+16
1949-10-01,HiTec_excess,0.0365,0.00923626,0.0148157,0.0148157,1193.77664171
1949-10-01,Telcm_excess,0.0179,0.00596703,0.00623251,0.00623251,2424.46201708
1949-10-01,Shops_excess,0.0057,0.00824835,0.01061862,0.01061862,2424.46201708
1949-10-01,Hlth_excess,0.0329,0.00722857,0.00899782,0.00899782,2424.46201708
1949-10-01,Utils_excess,0.0122,0.00700549,0.01563441,0.01563441,587.80160723
1949-10-01,Other_excess,0.0233,0.00560806,0.00880628,0.00880628,2424.46201708
1949-11-01,NoDur_excess,0.0176,0.00618978,0.01638963,0.01638963,289.42661247
1949-11-01,Durbl_excess,0.048,0.01160949,0.01678886,0.01678886,1193.77664171
1949-11-01,Manuf_excess,0.0315,0.00881825,0.00881825,0.00881825,1e+16
1949-11-01,Enrgy_excess,-0.0293,0.00738175,0.00738175,0.00738175,1e+16
1949-11-01,HiTec_excess,0.0382,0.00933577,0.01526041,0.01526041,1193.77664171
1949-11-01,Telcm_excess,0.0159,0.00601058,0.00631759,0.00631759,2424.46201708
1949-11-01,Shops_excess,0.0203,0.00823905,0.01090275,0.01090275,2424.46201708
1949-11-01,Hlth_excess,0.0472,0.00732226,0.00960254,0.00960254,2424.46201708
1949-11-01,Utils_excess,0.032,0.00702445,0.01670032,0.01670032,587.80160723
1949-11-01,Other_excess,0.0114,0.00567263,0.00865598,0.00865598,2424.46201708
1949-12-01,NoDur_excess,0.0506,0.00623127,0.01258737,0.01258737,289.42661247
1949-12-01,Durbl_excess,0.082,0.01174182,0.0152194,0.0152194,1193.77664171
1949-12-01,Manuf_excess,0.0642,0.00890073,0.00890073,0.00890073,1e+16
1949-12-01,Enrgy_excess,0.01,0.00724836,0.00724836,0.00724836,1e+16
1949-12-01,HiTec_excess,0.091,0.00944073,0.0141624,0.0141624,1193.77664171
1949-12-01,Telcm_excess,0.0149,0.00604655,0.00616487,0.00616487,2424.46201708
1949-12-01,Shops_excess,0.0469,0.00828291,0.00995378,0.00995378,2424.46201708
1949-12-01,Hlth_excess,0.0863,0.00746727,0.00894154,0.00894154,2424.46201708
1949-12-01,Utils_excess,0.0316,0.00711527,0.01408164,0.01408164,587.80160723
1949-12-01,Other_excess,0.0705,0.00569345,0.00839277,0.00839277,2424.46201708
1950-01-01,NoDur_excess,0.0128,0.00639203,0.00647553,0.00647553,41246.26382901
1950-01-01,Durbl_excess,0.0178,0.01199638,0.01199638,0.01199638,1e+16
1950-01-01,Manuf_excess,0.0189,0.00910109,0.00910109,0.00910109,1e+16
1950-01-01,Enrgy_excess,-0.0074,0.00725833,0.00725833,0.00725833,1e+16
1950-01-01,HiTec_excess,0.0445,0.00973623,0.00989517,0.00989517,41246.26382901
1950-01-01,Telcm_excess,0.0177,0.00607862,0.00603875,0.00603875,41246.26382901
1950-01-01,Shops_excess,0.0034,0.00842283,0.00842283,0.00842283,1e+16
1950-01-01,Hlth_excess,0.0097,0.0077529,0.0077529,0.0077529,1e+16
1950-01-01,Utils_excess,0.0366,0.00720399,0.00856502,0.00856502,2424.46201708
1950-01-01,Other_excess,0.0311,0.00592826,0.00592826,0.00592826,1e+16
1950-02-01,NoDur_excess,0.0044,0.00641516,0.00656934,0.00656934,41246.26382901
1950-02-01,Durbl_excess,0.0338,0.01201733,0.01201733,0.01201733,1e+16
1950-02-01,Manuf_excess,0.0185,0.00913646,0.00913646,0.00913646,1e+16
1950-02-01,Enrgy_excess,-0.0063,0.00720542,0.00720542,0.00720542,1e+16
1950-02-01,HiTec_excess,0.0331,0.00986173,0.01008985,0.01008985,41246.26382901
1950-02-01,Telcm_excess,0.0057,0.00612058,0.00614893,0.00614893,41246.26382901
1950-02-01,Shops_excess,0.0224,0.00840469,0.00840469,0.00840469,1e+16
1950-02-01,Hlth_excess,0.0183,0.00775993,0.00775993,0.00775993,1e+16
1950-02-01,Utils_excess,0.0231,0.00731011,0.01065599,0.01065599,2424.46201708
1950-02-01,Other_excess,0.0092,0.00601913,0.00601913,0.00601913,1e+16
1950-03-01,NoDur_excess,-0.0067,0.00640791,0.00650393,0.00650393,41246.26382901
1950-03-01,Durbl_excess,0.0177,0.01209568,0.01209568,0.01209568,1e+16
1950-03-01,Manuf_excess,0.0071,0.00917014,0.00917014,0.00917014,1e+16
1950-03-01,Enrgy_excess,0.0475,0.00715683,0.00715683,0.00715683,1e+16
1950-03-01,HiTec_excess,0.0231,0.00994532,0.01011961,0.01011961,41246.26382901
1950-03-01,Telcm_excess,0.045,0.00611906,0.0061226,0.0061226,41246.26382901
1950-03-01,Shops_excess,-0.0028,0.00845504,0.00845504,0.00845504,1e+16
1950-03-01,Hlth_excess,-0.0302,0.00779784,0.00779784,0.00779784,1e+16
1950-03-01,Utils_excess,0.0046,0.00736691,0.00964516,0.00964516,2424.46201708
1950-03-01,Other_excess,-0.0081,0.00603058,0.00603058,0.00603058,1e+16
1950-04-01,NoDur_excess,0.0005,0.00636093,0.00645809,0.00645809,41246.26382901
1950-04-01,Durbl_excess,0.1048,0.01211577,0.01211577,0.01211577,1e+16
1950-04-01,Manuf_excess,0.0736,0.00916272,0.00916272,0.00916272,1e+16
1950-04-01,Enrgy_excess,0.0314,0.00730143,0.00730143,0.00730143,1e+16
1950-04-01,HiTec_excess,0.0464,0.00999247,0.01017279,0.01017279,41246.26382901
1950-04-01,Telcm_excess,0.0228,0.00625842,0.00627437,0.00627437,41246.26382901
1950-04-01,Shops_excess,-0.0045,0.0084147,0.0084147,0.0084147,1e+16
1950-04-01,Hlth_excess,0.0543,0.00766165,0.00766165,0.00766165,1e+16
1950-04-01,Utils_excess,0.0085,0.00735699,0.00968175,0.00968175,2424.46201708
1950-04-01,Other_excess,0.0142,0.00597993,0.00597993,0.00597993,1e+16
1950-05-01,NoDur_excess,0.0197,0.00634,0.006419,0.006419,41246.26382901
1950-05-01,Durbl_excess,0.0645,0.01244679,0.01244679,0.01244679,1e+16
1950-05-01,Manuf_excess,0.0589,0.00939286,0.00939286,0.00939286,1e+16
1950-05-01,Enrgy_excess,0.0868,0.0073875,0.0073875,0.0073875,1e+16
1950-05-01,HiTec_excess,0.0013,0.0101225,0.01028917,0.01028917,41246.26382901
1950-05-01,Telcm_excess,0.0187,0.0063175,0.00632609,0.00632609,41246.26382901
1950-05-01,Shops_excess,0.0307,0.00836857,0.00836857,0.00836857,1e+16
1950-05-01,Hlth_excess,0.0387,0.00782821,0.00782821,0.00782821,1e+16
1950-05-01,Utils_excess,0.0173,0.00736107,0.00941163,0.00941163,2424.46201708
1950-05-01,Other_excess,0.0126,0.00600929,0.00600929,0.00600929,1e+16
1950-06-01,NoDur_excess,-0.0582,0.00638754,0.00643455,0.00643455,41246.26382901
1950-06-01,Durbl_excess,-0.0416,0.01263203,0.01263203,0.01263203,1e+16
1950-06-01,Manuf_excess,-0.0668,0.00956904,0.00956904,0.00956904,1e+16
1950-06-01,Enrgy_excess,-0.0453,0.00767011,0.00767011,0.00767011,1e+16
1950-06-01,HiTec_excess,-0.0811,0.0100911,0.01021668,0.01021668,41246.26382901
1950-06-01,Telcm_excess,-0.0444,0.00636157,0.00636918,0.00636918,41246.26382901
1950-06-01,Shops_excess,-0.0455,0.00844804,0.00844804,0.00844804,1e+16
1950-06-01,Hlth_excess,-0.043,0.00793808,0.00793808,0.00793808,1e+16
1950-06-01,Utils_excess,-0.0779,0.00739644,0.0091261,0.0091261,2424.46201708
1950-06-01,Other_excess,-0.0694,0.00603274,0.00603274,0.00603274,1e+16
1950-07-01,NoDur_excess,0.0035,0.00615851,0.00627301,0.00627301,41246.26382901
1950-07-01,Durbl_excess,-0.0282,0.01243972,0.01243972,0.01243972,1e+16
1950-07-01,Manuf_excess,0.0204,0.00929823,0.00929823,0.00929823,1e+16
1950-07-01,Enrgy_excess,0.0873,0.00748227,0.00748227,0.00748227,1e+16
1950-07-01,HiTec_excess,-0.0301,0.00976773,0.00996625,0.00996625,41246.26382901
1950-07-01,Telcm_excess,-0.0143,0.00618156,0.00619827,0.00619827,41246.26382901
1950-07-01,Shops_excess,-0.0106,0.00825674,0.00825674,0.00825674,1e+16
1950-07-01,Hlth_excess,-0.0706,0.00775745,0.00775745,0.00775745,1e+16
1950-07-01,Utils_excess,-0.0533,0.00709397,0.00968169,0.00968169,2424.46201708
1950-07-01,Other_excess,0.074,0.00576525,0.00576525,0.00576525,1e+16
1950-08-01,NoDur_excess,0.0383,0.00614912,0.00620942,0.00620942,41246.26382901
1950-08-01,Durbl_excess,0.0911,0.01229611,0.01229611,0.01229611,1e+16
1950-08-01,Manuf_excess,0.0623,0.00933746,0.00933746,0.00933746,1e+16
1950-08-01,Enrgy_excess,0.0424,0.00776431,0.00776431,0.00776431,1e+16
1950-08-01,HiTec_excess,0.0515,0.00962686,0.0097619,0.0097619,41246.26382901
1950-08-01,Telcm_excess,0.0246,0.00610919,0.00611303,0.00611303,41246.26382901
1950-08-01,Shops_excess,0.0428,0.00819011,0.00819011,0.00819011,1e+16
1950-08-01,Hlth_excess,0.0358,0.00748057,0.00748057,0.00748057,1e+16
1950-08-01,Utils_excess,0.0335,0.00688057,0.00846237,0.00846237,2424.46201708
1950-08-01,Other_excess,0.0223,0.00600636,0.00600636,0.00600636,1e+16
1950-09-01,NoDur_excess,0.0479,0.00626232,0.00633643,0.00633643,41246.26382901
1950-09-01,Durbl_excess,0.0873,0.01257359,0.01257359,0.01257359,1e+16
1950-09-01,Manuf_excess,0.0441,0.00952394,0.00952394,0.00952394,1e+16
1950-09-01,Enrgy_excess,0.0343,0.00788627,0.00788627,0.00788627,1e+16
1950-09-01,HiTec_excess,0.0492,0.0097743,0.00992858,0.00992858,41246.26382901
1950-09-01,Telcm_excess,-0.0058,0.0061743,0.00618588,0.00618588,41246.26382901
1950-09-01,Shops_excess,0.0839,0.00831197,0.00831197,0.00831197,1e+16
1950-09-01,Hlth_excess,0.0606,0.00758028,0.00758028,0.00758028,1e+16
1950-09-01,Utils_excess,0.0443,0.0069743,0.00895648,0.00895648,2424.46201708
1950-09-01,Other_excess,0.0642,0.00606373,0.00606373,0.00606373,1e+16
1950-10-01,NoDur_excess,-0.005,0.00640842,0.00650701,0.00650701,41246.26382901
1950-10-01,Durbl_excess,0.0049,0.01283579,0.01283579,0.01283579,1e+16
1950-10-01,Manuf_excess,0.0033,0.00964526,0.00964526,0.00964526,1e+16
1950-10-01,Enrgy_excess,0.0017,0.00797895,0.00797895,0.00797895,1e+16
1950-10-01,HiTec_excess,-0.0161,0.00991263,0.01009634,0.01009634,41246.26382901
1950-10-01,Telcm_excess,0.0009,0.00613228,0.00614751,0.00614751,41246.26382901
1950-10-01,Shops_excess,0.0072,0.00857719,0.00857719,0.00857719,1e+16
1950-10-01,Hlth_excess,-0.0189,0.00776632,0.00776632,0.00776632,1e+16
1950-10-01,Utils_excess,-0.0087,0.00710526,0.00964769,0.00964769,2424.46201708
1950-10-01,Other_excess,-0.0164,0.00626772,0.00626772,0.00626772,1e+16
1950-11-01,NoDur_excess,-0.0011,0.00636853,0.00645363,0.00645363,41246.26382901
1950-11-01,Durbl_excess,-0.0301,0.01280804,0.01280804,0.01280804,1e+16
1950-11-01,Manuf_excess,0.0582,0.00962308,0.00962308,0.00962308,1e+16
1950-11-01,Enrgy_excess,0.0523,0.00795699,0.00795699,0.00795699,1e+16
1950-11-01,HiTec_excess,0.0252,0.00982168,0.00998693,0.00998693,41246.26382901
1950-11-01,Telcm_excess,-0.0035,0.00611399,0.006126,0.006126,41246.26382901
1950-11-01,Shops_excess,0.0099,0.00857238,0.00857238,0.00857238,1e+16
1950-11-01,Hlth_excess,0.0456,0.00767308,0.00767308,0.00767308,1e+16
1950-11-01,Utils_excess,-0.013,0.00705,0.00932011,0.00932011,2424.46201708
1950-11-01,Other_excess,0.0382,0.00618846,0.00618846,0.00618846,1e+16
1950-12-01,NoDur_excess,0.0273,0.00634251,0.00642267,0.00642267,41246.26382901
1950-12-01,Durbl_excess,0.014,0.01265854,0.01265854,0.01265854,1e+16
1950-12-01,Manuf_excess,0.066,0.00979233,0.00979233,0.00979233,1e+16
1950-12-01,Enrgy_excess,0.0858,0.0081115,0.0081115,0.0081115,1e+16
1950-12-01,HiTec_excess,0.038,0.00987526,0.01003907,0.01003907,41246.26382901
1950-12-01,Telcm_excess,0.0179,0.00608049,0.00608353,0.00608353,41246.26382901
1950-12-01,Shops_excess,0.0268,0.008577,0.008577,0.008577,1e+16
1950-12-01,Hlth_excess,0.0599,0.00780523,0.00780523,0.00780523,1e+16
1950-12-01,Utils_excess,0.035,0.00698014,0.00907491,0.00907491,2424.46201708
1950-12-01,Other_excess,0.1101,0.0063,0.0063,0.0063,1e+16
1951-01-01,NoDur_excess,0.0449,0.00641528,0.00657644,0.00657644,10000.0
1951-01-01,Durbl_excess,0.0909,0.01266319,0.01388209,0.01388209,1193.77664171
1951-01-01,Manuf_excess,0.06,0.0099875,0.0099875,0.0099875,1e+16
1951-01-01,Enrgy_excess,0.0617,0.00838125,0.00838125,0.00838125,1e+16
1951-01-01,HiTec_excess,0.076,0.00997292,0.00997292,0.00997292,1e+16
1951-01-01,Telcm_excess,0.0174,0.00612153,0.00611376,0.00611376,20309.17620905
1951-01-01,Shops_excess,0.035,0.00864028,0.00864028,0.00864028,1e+16
1951-01-01,Hlth_excess,0.0297,0.00798611,0.00798611,0.00798611,1e+16
1951-01-01,Utils_excess,0.0492,0.00707743,0.0086499,0.0086499,2424.46201708
1951-01-01,Other_excess,0.0624,0.00666042,0.00666042,0.00666042,1e+16
1951-02-01,NoDur_excess,0.0085,0.00654844,0.00651615,0.00651615,10000.0
1951-02-01,Durbl_excess,0.0269,0.01293391,0.01216874,0.01216874,1193.77664171
1951-02-01,Manuf_excess,0.0112,0.01016055,0.01016055,0.01016055,1e+16
1951-02-01,Enrgy_excess,0.0086,0.00856574,0.00856574,0.00856574,1e+16
1951-02-01,HiTec_excess,0.0081,0.01020138,0.01020138,0.01020138,1e+16
1951-02-01,Telcm_excess,0.0401,0.00616055,0.00613482,0.00613482,20309.17620905
1951-02-01,Shops_excess,0.0302,0.00873149,0.00873149,0.00873149,1e+16
1951-02-01,Hlth_excess,0.0135,0.00806125,0.00806125,0.00806125,1e+16
1951-02-01,Utils_excess,0.0303,0.00722318,0.00811952,0.00811952,2424.46201708
1951-02-01,Other_excess,-0.0052,0.00685329,0.00685329,0.00685329,1e+16
1951-03-01,NoDur_excess,-0.029,0.00655517,0.00671123,0.00671123,10000.0
1951-03-01,Durbl_excess,0.0106,0.01298207,0.01434036,0.01434036,1193.77664171
1951-03-01,Manuf_excess,-0.0316,0.01016414,0.01016414,0.01016414,1e+16
1951-03-01,Enrgy_excess,-0.0248,0.00856586,0.00856586,0.00856586,1e+16
1951-03-01,HiTec_excess,-0.0102,0.01019414,0.01019414,0.01019414,1e+16
1951-03-01,Telcm_excess,-0.012,0.00627759,0.00630103,0.00630103,20309.17620905
1951-03-01,Shops_excess,-0.0222,0.00880552,0.00880552,0.00880552,1e+16
1951-03-01,Hlth_excess,0.0159,0.00808,0.00808,0.00808,1e+16
1951-03-01,Utils_excess,-0.0151,0.00730276,0.00920128,0.00920128,2424.46201708
1951-03-01,Other_excess,-0.0297,0.00681172,0.00681172,0.00681172,1e+16
1951-04-01,NoDur_excess,0.0082,0.00643299,0.00675301,0.00675301,10000.0
1951-04-01,Durbl_excess,0.0329,0.01297388,0.01690648,0.01690648,1193.77664171
1951-04-01,Manuf_excess,0.0672,0.01002062,0.01002062,0.01002062,1e+16
1951-04-01,Enrgy_excess,0.1068,0.0084512,0.0084512,0.0084512,1e+16
1951-04-01,HiTec_excess,0.0304,0.01012405,0.01012405,0.01012405,1e+16
1951-04-01,Telcm_excess,0.0071,0.00621478,0.00619009,0.00619009,20309.17620905
1951-04-01,Shops_excess,0.0026,0.00869897,0.00869897,0.00869897,1e+16
1951-04-01,Hlth_excess,0.1028,0.00810687,0.00810687,0.00810687,1e+16
1951-04-01,Utils_excess,0.0009,0.00722577,0.0091055,0.0091055,2424.46201708
1951-04-01,Other_excess,0.0362,0.00668625,0.00668625,0.00668625,1e+16
1951-05-01,NoDur_excess,-0.0141,0.00643904,0.00675513,0.00675513,10000.0
1951-05-01,Durbl_excess,-0.0546,0.01304212,0.01601513,0.01601513,1193.77664171
1951-05-01,Manuf_excess,-0.0227,0.01021644,0.01021644,0.01021644,1e+16
1951-05-01,Enrgy_excess,-0.0317,0.00878801,0.00878801,0.00878801,1e+16
1951-05-01,HiTec_excess,-0.0289,0.01019349,0.01019349,0.01019349,1e+16
1951-05-01,Telcm_excess,-0.0052,0.00621781,0.00625042,0.00625042,20309.17620905
1951-05-01,Shops_excess,-0.0145,0.00867808,0.00867808,0.00867808,1e+16
1951-05-01,Hlth_excess,0.0145,0.00843116,0.00843116,0.00843116,1e+16
1951-05-01,Utils_excess,-0.0016,0.00720411,0.00962468,0.00962468,2424.46201708
1951-05-01,Other_excess,-0.0338,0.00678733,0.00678733,0.00678733,1e+16
1951-06-01,NoDur_excess,-0.0372,0.00636894,0.00671415,0.00671415,10000.0
1951-06-01,Durbl_excess,-0.0696,0.01281126,0.01613092,0.01613092,1193.77664171
1951-06-01,Manuf_excess,-0.0394,0.0101041,0.0101041,0.0101041,1e+16
1951-06-01,Enrgy_excess,0.0097,0.00864983,0.00864983,0.00864983,1e+16
1951-06-01,HiTec_excess,-0.0175,0.01006007,0.01006007,0.01006007,1e+16
1951-06-01,Telcm_excess,-0.0031,0.00617884,0.00621244,0.00621244,20309.17620905
1951-06-01,Shops_excess,-0.0284,0.00859898,0.00859898,0.00859898,1e+16
1951-06-01,Hlth_excess,0.0071,0.00845188,0.00845188,0.00845188,1e+16
1951-06-01,Utils_excess,-0.0054,0.00717406,0.00961858,0.00961858,2424.46201708
1951-06-01,Other_excess,-0.0524,0.00664881,0.00664881,0.00664881,1e+16
1951-07-01,NoDur_excess,0.03,0.00622075,0.00652872,0.00652872,10000.0
1951-07-01,Durbl_excess,0.0297,0.01253095,0.01560359,0.01560359,1193.77664171
1951-07-01,Manuf_excess,0.0832,0.00993571,0.00993571,0.00993571,1e+16
1951-07-01,Enrgy_excess,0.1124,0.0086534,0.0086534,0.0086534,1e+16
1951-07-01,HiTec_excess,0.0554,0.00996633,0.00996633,0.00996633,1e+16
1951-07-01,Telcm_excess,0.0267,0.00614728,0.00612749,0.00612749,20309.17620905
1951-07-01,Shops_excess,0.0271,0.00847313,0.00847313,0.00847313,1e+16
1951-07-01,Hlth_excess,0.1435,0.00844728,0.00844728,0.00844728,1e+16
1951-07-01,Utils_excess,0.0518,0.00713129,0.00899494,0.00899494,2424.46201708
1951-07-01,Other_excess,0.0727,0.00644796,0.00644796,0.00644796,1e+16
1951-08-01,NoDur_excess,0.0337,0.00630136,0.00643665,0.00643665,10000.0
1951-08-01,Durbl_excess,0.069,0.01258915,0.0126828,0.0126828,1193.77664171
1951-08-01,Manuf_excess,0.0476,0.01018407,0.01018407,0.01018407,1e+16
1951-08-01,Enrgy_excess,0.0564,0.00900508,0.00900508,0.00900508,1e+16
1951-08-01,HiTec_excess,0.058,0.01012034,0.01012034,0.01012034,1e+16
1951-08-01,Telcm_excess,0.0251,0.00621695,0.00624749,0.00624749,20309.17620905
1951-08-01,Shops_excess,0.0251,0.00853627,0.00853627,0.00853627,1e+16
1951-08-01,Hlth_excess,-0.0156,0.00890508,0.00890508,0.00890508,1e+16
1951-08-01,Utils_excess,0.02,0.00728271,0.00916676,0.00916676,2424.46201708
1951-08-01,Other_excess,0.0332,0.00667254,0.00667254,0.00667254,1e+16
1951-09-01,NoDur_excess,-0.0055,0.00639392,0.0064352,0.0064352,10000.0
1951-09-01,Durbl_excess,0.0254,0.01277973,0.01222247,0.01222247,1193.77664171
1951-09-01,Manuf_excess,0.001,0.01031047,0.01031047,0.01031047,1e+16
1951-09-01,Enrgy_excess,-0.0088,0.0091652,0.0091652,0.0091652,1e+16
1951-09-01,HiTec_excess,0.0321,0.01028209,0.01028209,0.01028209,1e+16
1951-09-01,Telcm_excess,-0.0018,0.00628074,0.00629918,0.00629918,20309.17620905
1951-09-01,Shops_excess,0.0328,0.00859223,0.00859223,0.00859223,1e+16
1951-09-01,Hlth_excess,-0.0195,0.0088223,0.0088223,0.0088223,1e+16
1951-09-01,Utils_excess,0.0121,0.00732568,0.00890914,0.00890914,2424.46201708
1951-09-01,Other_excess,0.0346,0.00676216,0.00676216,0.00676216,1e+16
1951-10-01,NoDur_excess,-0.0328,0.00635387,0.00642785,0.00642785,10000.0
1951-10-01,Durbl_excess,-0.022,0.01282222,0.01341871,0.01341871,1193.77664171
1951-10-01,Manuf_excess,-0.0431,0.01027912,0.01027912,0.01027912,1e+16
1951-10-01,Enrgy_excess,0.0101,0.00910471,0.00910471,0.00910471,1e+16
1951-10-01,HiTec_excess,-0.0653,0.01035556,0.01035556,0.01035556,1e+16
1951-10-01,Telcm_excess,-0.0124,0.00625354,0.00628196,0.00628196,20309.17620905
1951-10-01,Shops_excess,-0.0329,0.00867374,0.00867374,0.00867374,1e+16
1951-10-01,Hlth_excess,-0.0614,0.00872694,0.00872694,0.00872694,1e+16
1951-10-01,Utils_excess,0.0054,0.00734175,0.0090867,0.0090867,2424.46201708
1951-10-01,Other_excess,-0.0378,0.00685589,0.00685589,0.00685589,1e+16
1951-11-01,NoDur_excess,-0.0017,0.00622248,0.00613898,0.00613898,10000.0
1951-11-01,Durbl_excess,0.0191,0.01270537,0.01206954,0.01206954,1193.77664171
1951-11-01,Manuf_excess,0.0033,0.0101,0.0101,0.0101,1e+16
1951-11-01,Enrgy_excess,-0.0088,0.00910805,0.00910805,0.00910805,1e+16
1951-11-01,HiTec_excess,0.0243,0.01010168,0.01010168,0.01010168,1e+16
1951-11-01,Telcm_excess,0.0039,0.00619094,0.0061295,0.0061295,20309.17620905
1951-11-01,Shops_excess,0.0142,0.00853423,0.00853423,0.00853423,1e+16
1951-11-01,Hlth_excess,-0.0059,0.00849161,0.00849161,0.00849161,1e+16
1951-11-01,Utils_excess,0.0155,0.00733523,0.00775928,0.00775928,2424.46201708
1951-11-01,Other_excess,0.0201,0.00670604,0.00670604,0.00670604,1e+16
1951-12-01,NoDur_excess,0.018,0.00619599,0.00634669,0.00634669,10000.0
1951-12-01,Durbl_excess,0.0236,0.01272676,0.0143007,0.0143007,1193.77664171
1951-12-01,Manuf_excess,0.0445,0.01007726,0.01007726,0.01007726,1e+16
1951-12-01,Enrgy_excess,0.046,0.00904816,0.00904816,0.00904816,1e+16
1951-12-01,HiTec_excess,0.048,0.01014916,0.01014916,0.01014916,1e+16
1951-12-01,Telcm_excess,0.0075,0.00618328,0.00622957,0.00622957,20309.17620905
1951-12-01,Shops_excess,-0.0039,0.00855318,0.00855318,0.00855318,1e+16
1951-12-01,Hlth_excess,0.0503,0.00844348,0.00844348,0.00844348,1e+16
1951-12-01,Utils_excess,0.0316,0.00736254,0.0094727,0.0094727,2424.46201708
1951-12-01,Other_excess,0.0201,0.00675084,0.00675084,0.00675084,1e+16
1952-01-01,NoDur_excess,0.0037,0.00623533,0.00816597,0.00816597,587.80160723
1952-01-01,Durbl_excess,-0.0132,0.012763,0.01275489,0.01275489,1193.77664171
1952-01-01,Manuf_excess,-0.0045,0.010192,0.01048787,0.01048787,1193.77664171
1952-01-01,Enrgy_excess,0.0645,0.00917133,0.00931993,0.00931993,4923.88263171
1952-01-01,HiTec_excess,-0.018,0.01027533,0.01304157,0.01304157,1193.77664171
1952-01-01,Telcm_excess,0.0003,0.00618767,0.00618767,0.00618767,1e+16
1952-01-01,Shops_excess,-0.0061,0.00851167,0.01178547,0.01178547,587.80160723
1952-01-01,Hlth_excess,0.005,0.008583,0.01050356,0.01050356,1193.77664171
1952-01-01,Utils_excess,0.0293,0.00744333,0.01384102,0.01384102,587.80160723
1952-01-01,Other_excess,0.0318,0.00679533,0.00931187,0.00931187,289.42661247
1952-02-01,NoDur_excess,-0.0215,0.00622691,0.00843062,0.00843062,587.80160723
1952-02-01,Durbl_excess,0.0031,0.01267674,0.01228453,0.01228453,1193.77664171
1952-02-01,Manuf_excess,-0.0397,0.01014319,0.00958509,0.00958509,1193.77664171
1952-02-01,Enrgy_excess,-0.0355,0.00935515,0.00934965,0.00934965,4923.88263171
1952-02-01,HiTec_excess,-0.0343,0.0101814,0.01244552,0.01244552,1193.77664171
1952-02-01,Telcm_excess,-0.0074,0.00616811,0.00616811,0.00616811,1e+16
1952-02-01,Shops_excess,-0.0389,0.00846312,0.0120466,0.0120466,587.80160723
1952-02-01,Hlth_excess,-0.0437,0.0085711,0.01039649,0.01039649,1193.77664171
1952-02-01,Utils_excess,0.0057,0.00751595,0.01430699,0.01430699,587.80160723
1952-02-01,Other_excess,-0.017,0.00687841,0.00822756,0.00822756,289.42661247
1952-03-01,NoDur_excess,0.0161,0.0061351,0.00701926,0.00701926,587.80160723
1952-03-01,Durbl_excess,0.0822,0.01264503,0.01250726,0.01250726,1193.77664171
1952-03-01,Manuf_excess,0.0287,0.00997815,0.0110497,0.0110497,1193.77664171
1952-03-01,Enrgy_excess,0.0861,0.00920662,0.00955728,0.00955728,4923.88263171
1952-03-01,HiTec_excess,0.0511,0.01003411,0.01197473,0.01197473,1193.77664171
1952-03-01,Telcm_excess,0.0116,0.00612318,0.00612318,0.00612318,1e+16
1952-03-01,Shops_excess,0.0243,0.00830629,0.00768979,0.00768979,587.80160723
1952-03-01,Hlth_excess,0.0033,0.00839801,0.00952855,0.00952855,1193.77664171
1952-03-01,Utils_excess,0.0212,0.00750993,0.00996123,0.00996123,587.80160723
1952-03-01,Other_excess,0.0573,0.00679934,0.00822406,0.00822406,289.42661247
1952-04-01,NoDur_excess,-0.0345,0.00616799,0.00596742,0.00596742,587.80160723
1952-04-01,Durbl_excess,-0.0312,0.01287459,0.01086489,0.01086489,1193.77664171
1952-04-01,Manuf_excess,-0.0674,0.01003993,0.00980378,0.00980378,1193.77664171
1952-04-01,Enrgy_excess,-0.0778,0.0094604,0.00963843,0.00963843,4923.88263171
1952-04-01,HiTec_excess,-0.0349,0.01016964,0.01109631,0.01109631,1193.77664171
1952-04-01,Telcm_excess,-0.0087,0.00614125,0.00614125,0.00614125,1e+16
1952-04-01,Shops_excess,-0.0197,0.00835908,0.00666645,0.00666645,587.80160723
1952-04-01,Hlth_excess,-0.0562,0.00838119,0.00828921,0.00828921,1193.77664171
1952-04-01,Utils_excess,-0.0192,0.00755512,0.00987902,0.00987902,587.80160723
1952-04-01,Other_excess,-0.0351,0.00696601,0.00766869,0.00766869,289.42661247
1952-05-01,NoDur_excess,0.0201,0.00603421,0.00394257,0.00394257,587.80160723
1952-05-01,Durbl_excess,0.0388,0.01272961,0.00970424,0.00970424,1193.77664171
1952-05-01,Manuf_excess,0.0415,0.0097852,0.00990079,0.00990079,1193.77664171
1952-05-01,Enrgy_excess,0.0339,0.00917336,0.00964361,0.00964361,4923.88263171
1952-05-01,HiTec_excess,0.028,0.01002138,0.01010242,0.01010242,1193.77664171
1952-05-01,Telcm_excess,0.009,0.00609243,0.00609243,0.00609243,1e+16
1952-05-01,Shops_excess,0.0246,0.00826678,0.00261803,0.00261803,587.80160723
1952-05-01,Hlth_excess,0.0239,0.00816875,0.0067172,0.0067172,1193.77664171
1952-05-01,Utils_excess,0.0286,0.00746711,0.00640117,0.00640117,587.80160723
1952-05-01,Other_excess,0.0282,0.00682763,0.00743747,0.00743747,289.42661247
1952-06-01,NoDur_excess,0.0272,0.00608033,0.00836272,0.00836272,587.80160723
1952-06-01,Durbl_excess,0.051,0.01281508,0.01343287,0.01343287,1193.77664171
1952-06-01,Manuf_excess,0.0418,0.00988918,0.01090926,0.01090926,1193.77664171
1952-06-01,Enrgy_excess,0.053,0.00925443,0.00968468,0.00968468,4923.88263171
1952-06-01,HiTec_excess,0.0575,0.01008033,0.01296354,0.01296354,1193.77664171
1952-06-01,Telcm_excess,0.0192,0.00610197,0.00610197,0.00610197,1e+16
1952-06-01,Shops_excess,0.0286,0.00832033,0.01141827,0.01141827,587.80160723
1952-06-01,Hlth_excess,-0.0111,0.00822033,0.0101816,0.0101816,1193.77664171
1952-06-01,Utils_excess,0.0095,0.00753639,0.0133831,0.0133831,587.80160723
1952-06-01,Other_excess,0.0388,0.0068977,0.01087713,0.01087713,289.42661247
1952-07-01,NoDur_excess,0.0043,0.00614935,0.0066819,0.0066819,587.80160723
1952-07-01,Durbl_excess,0.0238,0.01293987,0.01181391,0.01181391,1193.77664171
1952-07-01,Manuf_excess,0.0207,0.00999346,0.0103228,0.0103228,1193.77664171
1952-07-01,Enrgy_excess,-0.0117,0.00939739,0.00965183,0.00965183,4923.88263171
1952-07-01,HiTec_excess,0.0127,0.01023529,0.01190722,0.01190722,1193.77664171
1952-07-01,Telcm_excess,0.001,0.00614477,0.00614477,0.00614477,1e+16
1952-07-01,Shops_excess,0.0179,0.0083866,0.00900184,0.00900184,587.80160723
1952-07-01,Hlth_excess,-0.0455,0.00815719,0.00869375,0.00869375,1193.77664171
1952-07-01,Utils_excess,0.0188,0.00754281,0.01125554,0.01125554,587.80160723
1952-07-01,Other_excess,0.0099,0.00700196,0.00933442,0.00933442,289.42661247
1952-08-01,NoDur_excess,0.0081,0.00614332,0.00633481,0.00633481,587.80160723
1952-08-01,Durbl_excess,0.0187,0.01297524,0.01137966,0.01137966,1193.77664171
1952-08-01,Manuf_excess,-0.0182,0.01002834,0.01009278,0.01009278,1193.77664171
1952-08-01,Enrgy_excess,-0.0283,0.00932866,0.00947594,0.00947594,4923.88263171
1952-08-01,HiTec_excess,-0.0037,0.01024332,0.01178545,0.01178545,1193.77664171
1952-08-01,Telcm_excess,0.0074,0.00612801,0.00612801,0.00612801,1e+16
1952-08-01,Shops_excess,-0.0046,0.00841759,0.00901521,0.00901521,587.80160723
1952-08-01,Hlth_excess,-0.0072,0.00798241,0.00821116,0.00821116,1193.77664171
1952-08-01,Utils_excess,0.0167,0.00757948,0.01159858,0.01159858,587.80160723
1952-08-01,Other_excess,-0.0029,0.0070114,0.0092048,0.0092048,289.42661247
1952-09-01,NoDur_excess,-0.0301,0.00614968,0.00898914,0.00898914,587.80160723
1952-09-01,Durbl_excess,-0.0094,0.01299383,0.01367817,0.01367817,1193.77664171
1952-09-01,Manuf_excess,-0.0226,0.00993669,0.0105961,0.0105961,1193.77664171
1952-09-01,Enrgy_excess,-0.0446,0.00920649,0.009351,0.009351,4923.88263171
1952-09-01,HiTec_excess,0.0089,0.01019805,0.01339104,0.01339104,1193.77664171
1952-09-01,Telcm_excess,-0.0051,0.00613214,0.00613214,0.00613214,1e+16
1952-09-01,Shops_excess,-0.0093,0.00837532,0.01314757,0.01314757,587.80160723
1952-09-01,Hlth_excess,-0.0428,0.00793312,0.01002327,0.01002327,1193.77664171
1952-09-01,Utils_excess,0.0017,0.00760909,0.01508823,0.01508823,587.80160723
1952-09-01,Other_excess,-0.0153,0.00697922,0.0107967,0.0107967,289.42661247
1952-10-01,NoDur_excess,-0.0103,0.00603236,0.00888687,0.00888687,587.80160723
1952-10-01,Durbl_excess,0.0106,0.01292136,0.0144053,0.0144053,1193.77664171
1952-10-01,Manuf_excess,-0.0169,0.00983139,0.01080649,0.01080649,1193.77664171
1952-10-01,Enrgy_excess,0.0024,0.00903236,0.00924543,0.00924543,4923.88263171
1952-10-01,HiTec_excess,-0.012,0.01019385,0.0135875,0.0135875,1193.77664171
1952-10-01,Telcm_excess,0.0078,0.00609579,0.00609579,0.00609579,1e+16
1952-10-01,Shops_excess,-0.0124,0.00831812,0.01325257,0.01325257,587.80160723
1952-10-01,Hlth_excess,-0.0152,0.00776893,0.01009075,0.01009075,1193.77664171
1952-10-01,Utils_excess,0.002,0.00758997,0.0143238,0.0143238,587.80160723
1952-10-01,Other_excess,-0.0171,0.00690712,0.010539,0.010539,289.42661247
1952-11-01,NoDur_excess,0.0595,0.00597968,0.00473652,0.00473652,587.80160723
1952-11-01,Durbl_excess,0.0646,0.01291387,0.01013305,0.01013305,1193.77664171
1952-11-01,Manuf_excess,0.0864,0.00974516,0.00949929,0.00949929,1193.77664171
1952-11-01,Enrgy_excess,0.0198,0.00901097,0.00912634,0.00912634,4923.88263171
1952-11-01,HiTec_excess,0.0909,0.01012226,0.01057964,0.01057964,1193.77664171
1952-11-01,Telcm_excess,0.0397,0.00610129,0.00610129,0.00610129,1e+16
1952-11-01,Shops_excess,0.0447,0.00825129,0.00444854,0.00444854,587.80160723
1952-11-01,Hlth_excess,0.0714,0.00769484,0.00659511,0.00659511,1193.77664171
1952-11-01,Utils_excess,0.0499,0.00757194,0.00842311,0.00842311,587.80160723
1952-11-01,Other_excess,0.072,0.00682968,0.0068107,0.0068107,289.42661247
1952-12-01,NoDur_excess,0.0127,0.00615177,0.00795151,0.00795151,587.80160723
1952-12-01,Durbl_excess,0.0686,0.01308006,0.0125108,0.0125108,1193.77664171
1952-12-01,Manuf_excess,0.0252,0.00999164,0.00976731,0.00976731,1193.77664171
1952-12-01,Enrgy_excess,0.0439,0.00904566,0.00890291,0.00890291,4923.88263171
1952-12-01,HiTec_excess,0.029,0.01038199,0.01274931,0.01274931,1193.77664171
1952-12-01,Telcm_excess,0.0072,0.00620932,0.00620932,0.00620932,1e+16
1952-12-01,Shops_excess,0.0114,0.00836849,0.01160416,0.01160416,587.80160723
1952-12-01,Hlth_excess,-0.0211,0.00789968,0.00904318,0.00904318,1193.77664171
1952-12-01,Utils_excess,0.0185,0.00770804,0.01439312,0.01439312,587.80160723
1952-12-01,Other_excess,0.0358,0.00703923,0.00918573,0.00918573,289.42661247
1953-01-01,NoDur_excess,0.02,0.00617276,0.00680122,0.00680122,587.80160723
1953-01-01,Durbl_excess,-0.0052,0.01325801,0.01279314,0.01279314,587.80160723
1953-01-01,Manuf_excess,0.005,0.01004038,0.01004038,0.01004038,1e+16
1953-01-01,Enrgy_excess,-0.0315,0.00915737,0.00915737,0.00915737,1e+16
1953-01-01,HiTec_excess,-0.0247,0.01044167,0.01065269,0.01065269,10000.0
1953-01-01,Telcm_excess,0.0084,0.0062125,0.0062125,0.0062125,1e+16
1953-01-01,Shops_excess,0.0066,0.00837821,0.00941584,0.00941584,587.80160723
1953-01-01,Hlth_excess,-0.0528,0.00780673,0.00823634,0.00823634,1193.77664171
1953-01-01,Utils_excess,0.0076,0.00774263,0.01092887,0.01092887,1193.77664171
1953-01-01,Other_excess,0.0092,0.00713141,0.00672945,0.00672945,4923.88263171
1953-02-01,NoDur_excess,0.0164,0.00621693,0.00594154,0.00594154,587.80160723
1953-02-01,Durbl_excess,-0.0133,0.01319904,0.01099518,0.01099518,587.80160723
1953-02-01,Manuf_excess,-0.0112,0.01002428,0.01002428,0.01002428,1e+16
1953-02-01,Enrgy_excess,0.0019,0.00902748,0.00902748,0.00902748,1e+16
1953-02-01,HiTec_excess,0.0038,0.01032939,0.01042061,0.01042061,10000.0
1953-02-01,Telcm_excess,-0.0054,0.00621949,0.00621949,0.00621949,1e+16
1953-02-01,Shops_excess,-0.0029,0.00837252,0.00683995,0.00683995,587.80160723
1953-02-01,Hlth_excess,0.0193,0.0076131,0.00715437,0.00715437,1193.77664171
1953-02-01,Utils_excess,0.0037,0.00774217,0.00950782,0.00950782,1193.77664171
1953-02-01,Other_excess,-0.0036,0.00713802,0.00669949,0.00669949,4923.88263171
1953-03-01,NoDur_excess,-0.0193,0.00624936,0.00821167,0.00821167,587.80160723
1953-03-01,Durbl_excess,-0.0457,0.01311465,0.01425326,0.01425326,587.80160723
1953-03-01,Manuf_excess,-0.0182,0.00995669,0.00995669,0.00995669,1e+16
1953-03-01,Enrgy_excess,-0.0073,0.00900478,0.00900478,0.00900478,1e+16
1953-03-01,HiTec_excess,-0.0095,0.0103086,0.01062413,0.01062413,10000.0
1953-03-01,Telcm_excess,-0.0062,0.00618248,0.00618248,0.00618248,1e+16
1953-03-01,Shops_excess,-0.0067,0.00833662,0.01124224,0.01124224,587.80160723
1953-03-01,Hlth_excess,-0.0034,0.00765032,0.00883258,0.00883258,1193.77664171
1953-03-01,Utils_excess,-0.0003,0.0077293,0.01162588,0.01162588,1193.77664171
1953-03-01,Other_excess,-0.0163,0.00710382,0.00685934,0.00685934,4923.88263171
1953-04-01,NoDur_excess,-0.0029,0.00616825,0.00786589,0.00786589,587.80160723
1953-04-01,Durbl_excess,-0.0213,0.01292794,0.01403122,0.01403122,587.80160723
1953-04-01,Manuf_excess,-0.0284,0.0098673,0.0098673,0.0098673,1e+16
1953-04-01,Enrgy_excess,-0.0534,0.00895302,0.00895302,0.00895302,1e+16
1953-04-01,HiTec_excess,-0.0053,0.01024571,0.01059478,0.01059478,10000.0
1953-04-01,Telcm_excess,-0.012,0.00614317,0.00614317,0.00614317,1e+16
1953-04-01,Shops_excess,-0.0097,0.00828889,0.01097928,0.01097928,587.80160723
1953-04-01,Hlth_excess,-0.055,0.00761524,0.00859806,0.00859806,1193.77664171
1953-04-01,Utils_excess,-0.0312,0.00770381,0.01142167,0.01142167,1193.77664171
1953-04-01,Other_excess,-0.0337,0.00702952,0.0070085,0.0070085,4923.88263171
1953-05-01,NoDur_excess,0.0006,0.00613956,0.00676432,0.00676432,587.80160723
1953-05-01,Durbl_excess,-0.0022,0.01281962,0.01354091,0.01354091,587.80160723
1953-05-01,Manuf_excess,0.0005,0.0097462,0.0097462,0.0097462,1e+16
1953-05-01,Enrgy_excess,0.0166,0.0087557,0.0087557,0.0087557,1e+16
1953-05-01,HiTec_excess,0.0097,0.01019652,0.01055714,0.01055714,10000.0
1953-05-01,Telcm_excess,0.002,0.00608576,0.00608576,0.00608576,1e+16
1953-05-01,Shops_excess,0.0135,0.00823196,0.00743731,0.00743731,587.80160723
1953-05-01,Hlth_excess,-0.0022,0.00741709,0.00771594,0.00771594,1193.77664171
1953-05-01,Utils_excess,-0.0031,0.0075807,0.00965643,0.00965643,1193.77664171
1953-05-01,Other_excess,0.0126,0.00690063,0.00691506,0.00691506,4923.88263171
1953-06-01,NoDur_excess,-0.0102,0.00612208,0.00893244,0.00893244,587.80160723
1953-06-01,Durbl_excess,-0.0351,0.01277224,0.01560834,0.01560834,587.80160723
1953-06-01,Manuf_excess,-0.025,0.00971703,0.00971703,0.00971703,1e+16
1953-06-01,Enrgy_excess,-0.0025,0.00878044,0.00878044,0.00878044,1e+16
1953-06-01,HiTec_excess,-0.0218,0.01019495,0.01071281,0.01071281,10000.0
1953-06-01,Telcm_excess,0.0033,0.00607287,0.00607287,0.00607287,1e+16
1953-06-01,Shops_excess,-0.0237,0.00824858,0.01289651,0.01289651,587.80160723
1953-06-01,Hlth_excess,-0.0349,0.00738675,0.009034,0.009034,1193.77664171
1953-06-01,Utils_excess,-0.03,0.007547,0.0123797,0.0123797,1193.77664171
1953-06-01,Other_excess,-0.0223,0.00691861,0.00697264,0.00697264,4923.88263171
1953-07-01,NoDur_excess,0.0257,0.00607075,0.00464201,0.00464201,587.80160723
1953-07-01,Durbl_excess,0.0057,0.0126217,0.00771628,0.00771628,587.80160723
1953-07-01,Manuf_excess,0.0245,0.00960786,0.00960786,0.00960786,1e+16
1953-07-01,Enrgy_excess,0.0378,0.00874497,0.00874497,0.00874497,1e+16
1953-07-01,HiTec_excess,0.0216,0.01009434,0.01016995,0.01016995,10000.0
1953-07-01,Telcm_excess,0.0079,0.00606415,0.00606415,0.00606415,1e+16
1953-07-01,Shops_excess,0.0182,0.00814811,0.00302452,0.00302452,587.80160723
1953-07-01,Hlth_excess,0.0351,0.00725377,0.00553997,0.00553997,1193.77664171
1953-07-01,Utils_excess,0.0326,0.00742893,0.00814706,0.00814706,1193.77664171
1953-07-01,Other_excess,0.0128,0.00682673,0.0066271,0.0066271,4923.88263171
1953-08-01,NoDur_excess,-0.0369,0.00613229,0.00860468,0.00860468,587.80160723
1953-08-01,Durbl_excess,-0.0663,0.0126,0.01327048,0.01327048,587.80160723
1953-08-01,Manuf_excess,-0.0506,0.00965455,0.00965455,0.00965455,1e+16
1953-08-01,Enrgy_excess,-0.0661,0.00883605,0.00883605,0.00883605,1e+16
1953-08-01,HiTec_excess,-0.0459,0.01013041,0.01052991,0.01052991,10000.0
1953-08-01,Telcm_excess,-0.0101,0.00606991,0.00606991,0.00606991,1e+16
1953-08-01,Shops_excess,-0.0254,0.00817962,0.0114259,0.0114259,587.80160723
1953-08-01,Hlth_excess,-0.0013,0.00734107,0.00839893,0.00839893,1193.77664171
1953-08-01,Utils_excess,-0.0053,0.00750784,0.01197905,0.01197905,1193.77664171
1953-08-01,Other_excess,-0.0698,0.00684545,0.00681985,0.00681985,4923.88263171
1953-09-01,NoDur_excess,0.0009,0.00599781,0.00679112,0.00679112,587.80160723
1953-09-01,Durbl_excess,-0.0099,0.01235344,0.01267773,0.01267773,587.80160723
1953-09-01,Manuf_excess,0.01,0.00946625,0.00946625,0.00946625,1e+16
1953-09-01,Enrgy_excess,-0.0208,0.00860187,0.00860188,0.00860188,1e+16
1953-09-01,HiTec_excess,0.0321,0.00995531,0.01035866,0.01035866,10000.0
1953-09-01,Telcm_excess,0.0162,0.00601938,0.00601938,0.00601938,1e+16
1953-09-01,Shops_excess,-0.0006,0.00807469,0.00739271,0.00739271,587.80160723
1953-09-01,Hlth_excess,0.0027,0.00731406,0.00764537,0.00764537,1193.77664171
1953-09-01,Utils_excess,0.0148,0.00746781,0.00963699,0.00963699,1193.77664171
1953-09-01,Other_excess,-0.0116,0.00660594,0.00689759,0.00689759,4923.88263171
1953-10-01,NoDur_excess,0.0056,0.00598193,0.00586133,0.00586133,587.80160723
1953-10-01,Durbl_excess,0.0757,0.01228411,0.008667,0.008667,587.80160723
1953-10-01,Manuf_excess,0.0588,0.00946791,0.00946791,0.00946791,1e+16
1953-10-01,Enrgy_excess,0.0551,0.00851028,0.00851028,0.00851028,1e+16
1953-10-01,HiTec_excess,0.0712,0.0100243,0.01020747,0.01020747,10000.0
1953-10-01,Telcm_excess,0.0126,0.00605109,0.00605109,0.00605109,1e+16
1953-10-01,Shops_excess,0.0074,0.00804766,0.00482847,0.00482847,587.80160723
1953-10-01,Hlth_excess,0.0252,0.00729969,0.00662057,0.00662057,1193.77664171
1953-10-01,Utils_excess,0.0434,0.00749065,0.00895769,0.00895769,1193.77664171
1953-10-01,Other_excess,0.0357,0.00654922,0.00667448,0.00667448,4923.88263171
1953-11-01,NoDur_excess,0.0026,0.00598075,0.00773423,0.00773423,587.80160723
1953-11-01,Durbl_excess,0.0041,0.01248106,0.01291392,0.01291392,587.80160723
1953-11-01,Manuf_excess,0.041,0.00962112,0.00962112,0.00962112,1e+16
1953-11-01,Enrgy_excess,0.0192,0.00865497,0.00865497,0.00865497,1e+16
1953-11-01,HiTec_excess,0.0499,0.01021429,0.01050754,0.01050754,10000.0
1953-11-01,Telcm_excess,0.0219,0.00607143,0.00607143,0.00607143,1e+16
1953-11-01,Shops_excess,0.0326,0.00804565,0.01099138,0.01099138,587.80160723
1953-11-01,Hlth_excess,0.0795,0.00735528,0.00832308,0.00832308,1193.77664171
1953-11-01,Utils_excess,0.0292,0.00760217,0.01077194,0.01077194,1193.77664171
1953-11-01,Other_excess,0.027,0.00663975,0.00685285,0.00685285,4923.88263171
1953-12-01,NoDur_excess,-0.0075,0.00597028,0.0074913,0.0074913,587.80160723
1953-12-01,Durbl_excess,-0.0134,0.01245511,0.01403197,0.01403197,587.80160723
1953-12-01,Manuf_excess,0.0049,0.00971827,0.00971827,0.00971827,1e+16
1953-12-01,Enrgy_excess,0.0031,0.00868762,0.00868762,0.00868762,1e+16
1953-12-01,HiTec_excess,0.0056,0.01033715,0.01069091,0.01069091,10000.0
1953-12-01,Telcm_excess,0.004,0.00612043,0.00612043,0.00612043,1e+16
1953-12-01,Shops_excess,0.0111,0.00812167,0.0098158,0.0098158,587.80160723
1953-12-01,Hlth_excess,-0.0148,0.00757864,0.00874386,0.00874386,1193.77664171
1953-12-01,Utils_excess,0.0056,0.00766904,0.00970057,0.00970057,1193.77664171
1953-12-01,Other_excess,-0.0244,0.00670279,0.00695176,0.00695176,4923.88263171
1954-01-01,NoDur_excess,0.0407,0.0059287,0.00556105,0.00556105,587.80160723
1954-01-01,Durbl_excess,0.0517,0.01237531,0.00932912,0.00932912,587.80160723
1954-01-01,Manuf_excess,0.044,0.0097034,0.00968654,0.00968654,41246.26382901
1954-01-01,Enrgy_excess,0.0853,0.00867037,0.00867037,0.00867037,1e+16
1954-01-01,HiTec_excess,0.0674,0.01032253,0.01089128,0.01089128,2424.46201708
1954-01-01,Telcm_excess,0.0178,0.00611389,0.00611389,0.00611389,1e+16
1954-01-01,Shops_excess,0.0321,0.00813086,0.00589792,0.00589792,587.80160723
1954-01-01,Hlth_excess,0.0554,0.00750957,0.00696385,0.00696385,587.80160723
1954-01-01,Utils_excess,0.0321,0.00766265,0.00900024,0.00900024,1193.77664171
1954-01-01,Other_excess,0.0654,0.00660679,0.00682449,0.00682449,1193.77664171
1954-02-01,NoDur_excess,-0.0038,0.00603569,0.00614184,0.00614184,587.80160723
1954-02-01,Durbl_excess,0.0165,0.01249631,0.01077871,0.01077871,587.80160723
1954-02-01,Manuf_excess,0.009,0.00980892,0.00977615,0.00977615,41246.26382901
1954-02-01,Enrgy_excess,0.0275,0.00890615,0.00890615,0.00890615,1e+16
1954-02-01,HiTec_excess,0.0494,0.01049815,0.01085154,0.01085154,2424.46201708
1954-02-01,Telcm_excess,0.0251,0.00614985,0.00614985,0.00614985,1e+16
1954-02-01,Shops_excess,0.0037,0.00820462,0.0083023,0.0083023,587.80160723
1954-02-01,Hlth_excess,-0.0025,0.00765692,0.00779308,0.00779308,587.80160723
1954-02-01,Utils_excess,0.0152,0.00773785,0.00880524,0.00880524,1193.77664171
1954-02-01,Other_excess,0.0147,0.00678769,0.00657962,0.00657962,1193.77664171
1954-03-01,NoDur_excess,0.0129,0.00600552,0.0045793,0.0045793,587.80160723
1954-03-01,Durbl_excess,0.0343,0.01250859,0.00818218,0.00818218,587.80160723
1954-03-01,Manuf_excess,0.0478,0.00980644,0.0097716,0.0097716,41246.26382901
1954-03-01,Enrgy_excess,0.042,0.00896319,0.00896319,0.00896319,1e+16
1954-03-01,HiTec_excess,0.0879,0.01061748,0.01034091,0.01034091,2424.46201708
1954-03-01,Telcm_excess,0.0164,0.00620798,0.00620798,0.00620798,1e+16
1954-03-01,Shops_excess,0.0029,0.0081908,0.00492611,0.00492611,587.80160723
1954-03-01,Hlth_excess,0.0021,0.00762577,0.00598238,0.00598238,587.80160723
1954-03-01,Utils_excess,0.0288,0.00776074,0.00720268,0.00720268,1193.77664171
1954-03-01,Other_excess,0.0172,0.00681196,0.00635822,0.00635822,1193.77664171
1954-04-01,NoDur_excess,0.0089,0.00602661,0.00678879,0.00678879,587.80160723
1954-04-01,Durbl_excess,0.04,0.01257523,0.01255413,0.01255413,587.80160723
1954-04-01,Manuf_excess,0.0563,0.00992263,0.00994599,0.00994599,41246.26382901
1954-04-01,Enrgy_excess,0.0606,0.00906422,0.00906422,0.00906422,1e+16
1954-04-01,HiTec_excess,0.0899,0.01085382,0.0115397,0.0115397,2424.46201708
1954-04-01,Telcm_excess,0.0187,0.00623914,0.00623914,0.00623914,1e+16
1954-04-01,Shops_excess,0.0144,0.00817462,0.00879518,0.00879518,587.80160723
1954-04-01,Hlth_excess,0.0111,0.00760887,0.00827514,0.00827514,587.80160723
1954-04-01,Utils_excess,0.0116,0.00782508,0.0084756,0.0084756,1193.77664171
1954-04-01,Other_excess,0.0278,0.00684373,0.00778693,0.00778693,1193.77664171
1954-05-01,NoDur_excess,0.0234,0.00603537,0.00535759,0.00535759,587.80160723
1954-05-01,Durbl_excess,0.0442,0.01265884,0.0106249,0.0106249,587.80160723
1954-05-01,Manuf_excess,0.0444,0.01006402,0.01007714,0.01007714,41246.26382901
1954-05-01,Enrgy_excess,0.0294,0.00922134,0.00922134,0.00922134,1e+16
1954-05-01,HiTec_excess,-0.0047,0.01109482,0.01118295,0.01118295,2424.46201708
1954-05-01,Telcm_excess,0.0118,0.00627713,0.00627713,0.00627713,1e+16
1954-05-01,Shops_excess,0.028,0.0081936,0.00580686,0.00580686,587.80160723
1954-05-01,Hlth_excess,0.0156,0.00761951,0.0066834,0.0066834,587.80160723
1954-05-01,Utils_excess,0.0259,0.00783659,0.00690959,0.00690959,1193.77664171
1954-05-01,Other_excess,0.0435,0.00690762,0.00708851,0.00708851,1193.77664171
1954-06-01,NoDur_excess,0.0052,0.00608815,0.00656283,0.00656283,587.80160723
1954-06-01,Durbl_excess,0.0113,0.01275471,0.01280425,0.01280425,587.80160723
1954-06-01,Manuf_excess,0.0355,0.01016839,0.01014351,0.01014351,41246.26382901
1954-06-01,Enrgy_excess,-0.0593,0.00928267,0.00928267,0.00928267,1e+16
1954-06-01,HiTec_excess,0.0967,0.01104681,0.01113352,0.01113352,2424.46201708
1954-06-01,Telcm_excess,0.0049,0.00629392,0.00629392,0.00629392,1e+16
1954-06-01,Shops_excess,0.0244,0.0082538,0.01070755,0.01070755,587.80160723
1954-06-01,Hlth_excess,-0.0251,0.00764377,0.00815458,0.00815458,587.80160723
1954-06-01,Utils_excess,0.0123,0.00789149,0.00831963,0.00831963,1193.77664171
1954-06-01,Other_excess,0.0144,0.00701884,0.00712166,0.00712166,1193.77664171
1954-07-01,NoDur_excess,0.0634,0.00608545,0.00439298,0.00439298,587.80160723
1954-07-01,Durbl_excess,0.0979,0.0127503,0.00889303,0.00889303,587.80160723
1954-07-01,Manuf_excess,0.0516,0.01024515,0.01022154,0.01022154,41246.26382901
1954-07-01,Enrgy_excess,0.0413,0.00907485,0.00907485,0.00907485,1e+16
1954-07-01,HiTec_excess,-0.0055,0.01130636,0.01062949,0.01062949,2424.46201708
1954-07-01,Telcm_excess,0.0431,0.0062897,0.0062897,0.0062897,1e+16
1954-07-01,Shops_excess,0.0417,0.00830273,0.0051054,0.0051054,587.80160723
1954-07-01,Hlth_excess,0.0817,0.00754455,0.00537658,0.00537658,587.80160723
1954-07-01,Utils_excess,0.0537,0.00790485,0.006121,0.006121,1193.77664171
1954-07-01,Other_excess,0.0677,0.00704121,0.00655502,0.00655502,1193.77664171
1954-08-01,NoDur_excess,-0.0276,0.00625861,0.00446864,0.00446864,587.80160723
1954-08-01,Durbl_excess,-0.0342,0.01300755,0.00869671,0.00869671,587.80160723
1954-08-01,Manuf_excess,-0.0384,0.01037009,0.01031743,0.01031743,41246.26382901
1954-08-01,Enrgy_excess,0.0051,0.00917221,0.00917221,0.00917221,1e+16
1954-08-01,HiTec_excess,-0.0473,0.01125559,0.01028443,0.01028443,2424.46201708
1954-08-01,Telcm_excess,-0.0147,0.00640091,0.00640091,0.00640091,1e+16
1954-08-01,Shops_excess,-0.0028,0.00840363,0.0053956,0.0053956,587.80160723
1954-08-01,Hlth_excess,-0.0263,0.00776858,0.00556063,0.00556063,587.80160723
1954-08-01,Utils_excess,-0.0178,0.0080432,0.00643371,0.00643371,1193.77664171
1954-08-01,Other_excess,-0.0232,0.00722447,0.00631688,0.00631688,1193.77664171
1954-09-01,NoDur_excess,0.0379,0.00615663,0.00707141,0.00707141,587.80160723
1954-09-01,Durbl_excess,0.1438,0.01286536,0.01300886,0.01300886,587.80160723
1954-09-01,Manuf_excess,0.0651,0.01022319,0.01019443,0.01019443,41246.26382901
1954-09-01,Enrgy_excess,0.0992,0.00915994,0.00915994,0.00915994,1e+16
1954-09-01,HiTec_excess,0.0634,0.01107922,0.01135897,0.01135897,2424.46201708
1954-09-01,Telcm_excess,0.0241,0.00633735,0.00633735,0.00633735,1e+16
1954-09-01,Shops_excess,0.0475,0.00836988,0.01110588,0.01110588,587.80160723
1954-09-01,Hlth_excess,0.0272,0.00766596,0.00857948,0.00857948,587.80160723
1954-09-01,Utils_excess,0.0192,0.00796536,0.0091377,0.0091377,1193.77664171
1954-09-01,Other_excess,0.0421,0.00713283,0.00721744,0.00721744,1193.77664171
1954-10-01,NoDur_excess,-0.0229,0.00625195,0.00656167,0.00656167,587.80160723
1954-10-01,Durbl_excess,-0.0083,0.01325856,0.01168836,0.01168836,587.80160723
1954-10-01,Manuf_excess,-0.0118,0.01038799,0.01030252,0.01030252,41246.26382901
1954-10-01,Enrgy_excess,-0.0206,0.00943033,0.00943033,0.00943033,1e+16
1954-10-01,HiTec_excess,-0.0204,0.01123634,0.01098496,0.01098496,2424.46201708
1954-10-01,Telcm_excess,-0.0092,0.00639069,0.00639069,0.00639069,1e+16
1954-10-01,Shops_excess,-0.026,0.00848739,0.01046866,0.01046866,587.80160723
1954-10-01,Hlth_excess,-0.017,0.00772462,0.00791985,0.00791985,587.80160723
1954-10-01,Utils_excess,-0.0388,0.0079991,0.00901537,0.00901537,1193.77664171
1954-10-01,Other_excess,0.0052,0.00723784,0.00608503,0.00608503,1193.77664171
1954-11-01,NoDur_excess,0.0603,0.00616467,0.0059798,0.0059798,587.80160723
1954-11-01,Durbl_excess,0.0441,0.01319401,0.0112241,0.0112241,587.80160723
1954-11-01,Manuf_excess,0.1368,0.01032156,0.01024905,0.01024905,41246.26382901
1954-11-01,Enrgy_excess,0.0803,0.00934042,0.00934042,0.00934042,1e+16
1954-11-01,HiTec_excess,0.1315,0.01114162,0.0108649,0.0108649,2424.46201708
1954-11-01,Telcm_excess,0.0337,0.00634401,0.00634401,0.00634401,1e+16
1954-11-01,Shops_excess,0.0835,0.00838413,0.00942583,0.00942583,587.80160723
1954-11-01,Hlth_excess,0.1255,0.0076506,0.00730843,0.00730843,587.80160723
1954-11-01,Utils_excess,0.0562,0.00785898,0.00842205,0.00842205,1193.77664171
1954-11-01,Other_excess,0.1112,0.00723174,0.00640224,0.00640224,1193.77664171
1954-12-01,NoDur_excess,0.0427,0.00632627,0.00556781,0.00556781,587.80160723
1954-12-01,Durbl_excess,0.0718,0.01328627,0.01030251,0.01030251,587.80160723
1954-12-01,Manuf_excess,0.0647,0.0106991,0.01058649,0.01058649,41246.26382901
1954-12-01,Enrgy_excess,0.064,0.00955224,0.00955224,0.00955224,1e+16
1954-12-01,HiTec_excess,0.03,0.0115009,0.01074382,0.01074382,2424.46201708
1954-12-01,Telcm_excess,0.015,0.00642567,0.00642567,0.00642567,1e+16
1954-12-01,Shops_excess,0.0219,0.00860836,0.00969542,0.00969542,587.80160723
1954-12-01,Hlth_excess,0.0607,0.00800239,0.00715972,0.00715972,587.80160723
1954-12-01,Utils_excess,0.0346,0.00800328,0.00827449,0.00827449,1193.77664171
1954-12-01,Other_excess,0.0929,0.00754209,0.00578334,0.00578334,1193.77664171
1955-01-01,NoDur_excess,0.002,0.00643452,0.00392727,0.00392727,587.80160723
1955-01-01,Durbl_excess,0.0046,0.01346042,0.00689983,0.00689983,587.80160723
1955-01-01,Manuf_excess,-0.0019,0.01085982,0.01085982,0.01085982,1e+16
1955-01-01,Enrgy_excess,0.0033,0.00971429,0.00687039,0.00687039,1193.77664171
1955-01-01,HiTec_excess,0.0341,0.01155595,0.01065334,0.01065334,4923.88263171
1955-01-01,Telcm_excess,0.0072,0.00645119,0.00645119,0.00645119,1e+16
1955-01-01,Shops_excess,0.0166,0.00864792,0.00545041,0.00545041,587.80160723
1955-01-01,Hlth_excess,-0.0296,0.00815923,0.00554517,0.00554517,587.80160723
1955-01-01,Utils_excess,0.0138,0.00808244,0.00733438,0.00733438,1193.77664171
1955-01-01,Other_excess,0.0081,0.00779613,0.00779613,0.00779613,3070290629757837.5
1955-02-01,NoDur_excess,0.0145,0.00642136,0.00662857,0.00662857,587.80160723
1955-02-01,Durbl_excess,-0.0115,0.01343412,0.01223421,0.01223421,587.80160723
1955-02-01,Manuf_excess,0.0409,0.01082196,0.01082196,0.01082196,1e+16
1955-02-01,Enrgy_excess,0.0234,0.00969525,0.00670118,0.00670118,1193.77664171
1955-02-01,HiTec_excess,0.0433,0.01162285,0.0113042,0.0113042,4923.88263171
1955-02-01,Telcm_excess,0.039,0.00645341,0.00645341,0.00645341,1e+16
1955-02-01,Shops_excess,0.0121,0.00867151,0.01264786,0.01264786,587.80160723
1955-02-01,Hlth_excess,0.0277,0.00804718,0.0086239,0.0086239,587.80160723
1955-02-01,Utils_excess,0.0355,0.00809941,0.01004466,0.01004466,1193.77664171
1955-02-01,Other_excess,0.0369,0.00779703,0.00779703,0.00779703,3070290629757837.5
1955-03-01,NoDur_excess,-0.0095,0.00644527,0.00432981,0.00432981,587.80160723
1955-03-01,Durbl_excess,-0.0005,0.01336036,0.00789201,0.00789201,587.80160723
1955-03-01,Manuf_excess,0.0026,0.01091095,0.01091095,0.01091095,1e+16
1955-03-01,Enrgy_excess,-0.0034,0.0097358,0.00644492,0.00644492,1193.77664171
1955-03-01,HiTec_excess,-0.0119,0.01171657,0.01096931,0.01096931,4923.88263171
1955-03-01,Telcm_excess,-0.0029,0.0065497,0.0065497,0.0065497,1e+16
1955-03-01,Shops_excess,-0.015,0.00868166,0.00744558,0.00744558,587.80160723
1955-03-01,Hlth_excess,0.0601,0.00810533,0.00598877,0.00598877,587.80160723
1955-03-01,Utils_excess,-0.0084,0.00818047,0.0080558,0.0080558,1193.77664171
1955-03-01,Other_excess,0.0084,0.00788314,0.00788314,0.00788314,3070290629757837.5
1955-04-01,NoDur_excess,0.0398,0.00639823,0.00381758,0.00381758,587.80160723
1955-04-01,Durbl_excess,0.0557,0.01331947,0.00646063,0.00646063,587.80160723
1955-04-01,Manuf_excess,0.0424,0.01088643,0.01088643,0.01088643,1e+16
1955-04-01,Enrgy_excess,0.0046,0.00969705,0.00670368,0.00670368,1193.77664171
1955-04-01,HiTec_excess,0.0527,0.0116469,0.01078192,0.01078192,4923.88263171
1955-04-01,Telcm_excess,0.0187,0.00652183,0.00652183,0.00652183,1e+16
1955-04-01,Shops_excess,0.0173,0.0086118,0.00540045,0.00540045,587.80160723
1955-04-01,Hlth_excess,-0.0009,0.0082587,0.00550091,0.00550091,587.80160723
1955-04-01,Utils_excess,0.0246,0.00813156,0.00792636,0.00792636,1193.77664171
1955-04-01,Other_excess,0.0332,0.00788466,0.00788466,0.00788466,3070290629757837.5
1955-05-01,NoDur_excess,-0.0043,0.00649647,0.00407239,0.00407239,587.80160723
1955-05-01,Durbl_excess,-0.0126,0.01344412,0.00661392,0.00661392,587.80160723
1955-05-01,Manuf_excess,0.0287,0.01097912,0.01097912,0.01097912,1e+16
1955-05-01,Enrgy_excess,-0.0074,0.00968206,0.00641316,0.00641316,1193.77664171
1955-05-01,HiTec_excess,-0.0007,0.01176765,0.01101953,0.01101953,4923.88263171
1955-05-01,Telcm_excess,0.0115,0.00655765,0.00655765,0.00655765,1e+16
1955-05-01,Shops_excess,0.0288,0.00863735,0.00609221,0.00609221,587.80160723
1955-05-01,Hlth_excess,0.0303,0.00823176,0.00566404,0.00566404,587.80160723
1955-05-01,Utils_excess,-0.0029,0.00818,0.00871649,0.00871649,1193.77664171
1955-05-01,Other_excess,0.015,0.00795912,0.00795912,0.00795912,3070290629757837.5
1955-06-01,NoDur_excess,0.024,0.00646481,0.00297107,0.00297107,587.80160723
1955-06-01,Durbl_excess,0.0999,0.01336774,0.00528037,0.00528037,587.80160723
1955-06-01,Manuf_excess,0.0949,0.01103109,0.01103109,0.01103109,1e+16
1955-06-01,Enrgy_excess,0.111,0.00963196,0.00674896,0.00674896,1193.77664171
1955-06-01,HiTec_excess,0.0262,0.01173109,0.01077914,0.01077914,4923.88263171
1955-06-01,Telcm_excess,0.0059,0.00657214,0.00657214,0.00657214,1e+16
1955-06-01,Shops_excess,0.0433,0.00869648,0.00367275,0.00367275,587.80160723
1955-06-01,Hlth_excess,0.0007,0.00829648,0.00449549,0.00449549,587.80160723
1955-06-01,Utils_excess,0.0157,0.00814751,0.0072922,0.0072922,1193.77664171
1955-06-01,Other_excess,0.0227,0.00797977,0.00797977,0.00797977,3070290629757837.5
1955-07-01,NoDur_excess,0.0196,0.00651608,0.00483595,0.00483595,587.80160723
1955-07-01,Durbl_excess,0.195,0.01362076,0.00773847,0.00773847,587.80160723
1955-07-01,Manuf_excess,-0.0127,0.01127632,0.01127632,0.01127632,1e+16
1955-07-01,Enrgy_excess,0.0266,0.00992836,0.00577268,0.00577268,1193.77664171
1955-07-01,HiTec_excess,-0.0274,0.01177339,0.01098326,0.01098326,4923.88263171
1955-07-01,Telcm_excess,0.0251,0.00657018,0.00657018,0.00657018,1e+16
1955-07-01,Shops_excess,0.0193,0.00879766,0.00911942,0.00911942,587.80160723
1955-07-01,Hlth_excess,0.0003,0.00827427,0.00676916,0.00676916,587.80160723
1955-07-01,Utils_excess,0.0358,0.00816959,0.00952785,0.00952785,1193.77664171
1955-07-01,Other_excess,-0.0152,0.00802281,0.00802281,0.00802281,3070290629757837.5
1955-08-01,NoDur_excess,-0.0083,0.00655423,0.00385252,0.00385252,587.80160723
1955-08-01,Durbl_excess,-0.0447,0.01414956,0.00781183,0.00781183,587.80160723
1955-08-01,Manuf_excess,0.0289,0.01120641,0.01120641,0.01120641,1e+16
1955-08-01,Enrgy_excess,-0.0124,0.00997697,0.00567576,0.00567576,1193.77664171
1955-08-01,HiTec_excess,0.007,0.01165918,0.01060215,0.01060215,4923.88263171
1955-08-01,Telcm_excess,-0.026,0.0066242,0.0066242,0.0066242,1e+16
1955-08-01,Shops_excess,0.0147,0.00882828,0.00755861,0.00755861,587.80160723
1955-08-01,Hlth_excess,0.0,0.00825102,0.00540775,0.00540775,587.80160723
1955-08-01,Utils_excess,-0.0011,0.00825015,0.00904592,0.00904592,1193.77664171
1955-08-01,Other_excess,0.0042,0.0079551,0.0079551,0.0079551,3070290629757837.5
1955-09-01,NoDur_excess,-0.0176,0.00651105,0.00290204,0.00290204,587.80160723
1955-09-01,Durbl_excess,0.0905,0.01397849,0.00547839,0.00547839,587.80160723
1955-09-01,Manuf_excess,-0.0092,0.01125785,0.01125785,0.01125785,1e+16
1955-09-01,Enrgy_excess,-0.0054,0.00991192,0.00574906,0.00574906,1193.77664171
1955-09-01,HiTec_excess,-0.0438,0.01164564,0.01054428,0.01054428,4923.88263171
1955-09-01,Telcm_excess,0.0093,0.00652936,0.00652936,0.00652936,1e+16
1955-09-01,Shops_excess,0.0326,0.00884535,0.00458666,0.00458666,587.80160723
1955-09-01,Hlth_excess,-0.0334,0.00822703,0.00422781,0.00422781,587.80160723
1955-09-01,Utils_excess,-0.0284,0.00822297,0.00852992,0.00852992,1193.77664171
1955-09-01,Other_excess,-0.0287,0.00794419,0.00794419,0.00794419,3070290629757837.5
1955-10-01,NoDur_excess,-0.0101,0.00644116,0.00290397,0.00290397,587.80160723
1955-10-01,Durbl_excess,-0.0512,0.01420029,0.00621237,0.00621237,587.80160723
1955-10-01,Manuf_excess,-0.0323,0.01119855,0.01119855,0.01119855,1e+16
1955-10-01,Enrgy_excess,-0.0116,0.00986754,0.00618745,0.00618745,1193.77664171
1955-10-01,HiTec_excess,-0.0538,0.01148493,0.01035879,0.01035879,4923.88263171
1955-10-01,Telcm_excess,-0.0133,0.00653739,0.00653739,0.00653739,1e+16
1955-10-01,Shops_excess,-0.0269,0.0089142,0.00459687,0.00459687,587.80160723
1955-10-01,Hlth_excess,0.0064,0.00810638,0.0038669,0.0038669,587.80160723
1955-10-01,Utils_excess,-0.0112,0.00811681,0.00896124,0.00896124,1193.77664171
1955-10-01,Other_excess,-0.0281,0.00783797,0.00783797,0.00783797,3070290629757837.5
1955-11-01,NoDur_excess,0.0334,0.00639335,0.00272659,0.00272659,587.80160723
1955-11-01,Durbl_excess,0.0891,0.01401127,0.00507773,0.00507773,587.80160723
1955-11-01,Manuf_excess,0.0785,0.01107283,0.01107283,0.01107283,1e+16
1955-11-01,Enrgy_excess,0.0845,0.00980549,0.00658771,0.00658771,1193.77664171
1955-11-01,HiTec_excess,0.0996,0.01129624,0.01026006,0.01026006,4923.88263171
1955-11-01,Telcm_excess,0.0146,0.00648006,0.00648006,0.00648006,1e+16
1955-11-01,Shops_excess,0.0584,0.00881069,0.00310222,0.00310222,587.80160723
1955-11-01,Hlth_excess,0.0612,0.00810145,0.00369371,0.00369371,587.80160723
1955-11-01,Utils_excess,0.0323,0.00806098,0.00884677,0.00884677,1193.77664171
1955-11-01,Other_excess,0.0819,0.0077341,0.0077341,0.0077341,3070290629757837.5
1955-12-01,NoDur_excess,0.0101,0.00647118,0.00377324,0.00377324,587.80160723
1955-12-01,Durbl_excess,-0.0425,0.01422767,0.00731764,0.00731764,587.80160723
1955-12-01,Manuf_excess,0.0271,0.01126715,0.01126715,0.01126715,1e+16
1955-12-01,Enrgy_excess,0.0352,0.01002075,0.0060139,0.0060139,1193.77664171
1955-12-01,HiTec_excess,0.047,0.01155072,0.01063809,0.01063809,4923.88263171
1955-12-01,Telcm_excess,0.0069,0.00650346,0.00650346,0.00650346,1e+16
1955-12-01,Shops_excess,-0.0095,0.0089536,0.0067898,0.0067898,587.80160723
1955-12-01,Hlth_excess,0.0605,0.00825447,0.00541603,0.00541603,587.80160723
1955-12-01,Utils_excess,-0.003,0.00813084,0.01003093,0.01003093,1193.77664171
1955-12-01,Other_excess,-0.0085,0.00794784,0.00794784,0.00794784,3070290629757837.5
1956-01-01,NoDur_excess,-0.0174,0.00648161,0.00648161,0.00648161,1e+16
1956-01-01,Durbl_excess,-0.0694,0.01406466,0.01088094,0.01088094,4923.88263171
1956-01-01,Manuf_excess,-0.0479,0.01131264,0.01131264,0.01131264,1e+16
1956-01-01,Enrgy_excess,0.0032,0.0100931,0.0095085,0.0095085,20309.17620905
1956-01-01,HiTec_excess,-0.0543,0.01165259,0.01165259,0.01165259,1e+16
1956-01-01,Telcm_excess,0.0165,0.0065046,0.0065046,0.0065046,1e+16
1956-01-01,Shops_excess,-0.0463,0.00890057,0.0060447,0.0060447,1193.77664171
1956-01-01,Hlth_excess,-0.0672,0.0084046,0.00658746,0.00658746,2424.46201708
1956-01-01,Utils_excess,-0.0056,0.00809885,0.00809885,0.00809885,1e+16
1956-01-01,Other_excess,-0.0298,0.00790057,0.00790057,0.00790057,1e+16
1956-02-01,NoDur_excess,0.009,0.00641318,0.00641318,0.00641318,1e+16
1956-02-01,Durbl_excess,0.0546,0.0138255,0.01068381,0.01068381,4923.88263171
1956-02-01,Manuf_excess,0.047,0.01114298,0.01114298,0.01114298,1e+16
1956-02-01,Enrgy_excess,0.0409,0.01007335,0.00956885,0.00956885,20309.17620905
1956-02-01,HiTec_excess,0.0609,0.01146361,0.01146361,0.01146361,1e+16
1956-02-01,Telcm_excess,-0.0003,0.00653324,0.00653324,0.00653324,1e+16
1956-02-01,Shops_excess,0.0263,0.00874241,0.00528088,0.00528088,1193.77664171
1956-02-01,Hlth_excess,0.081,0.00818797,0.00615817,0.00615817,2424.46201708
1956-02-01,Utils_excess,0.0175,0.0080596,0.0080596,0.0080596,1e+16
1956-02-01,Other_excess,0.0319,0.00779255,0.00779255,0.00779255,1e+16
1956-03-01,NoDur_excess,0.016,0.00642057,0.00642057,0.00642057,1e+16
1956-03-01,Durbl_excess,0.0359,0.013942,0.01103015,0.01103015,4923.88263171
1956-03-01,Manuf_excess,0.0757,0.01124543,0.01124543,0.01124543,1e+16
1956-03-01,Enrgy_excess,0.1129,0.01016143,0.00965124,0.00965124,20309.17620905
1956-03-01,HiTec_excess,0.1033,0.01160486,0.01160486,0.01160486,1e+16
1956-03-01,Telcm_excess,0.0128,0.00651371,0.00651371,0.00651371,1e+16
1956-03-01,Shops_excess,0.0028,0.00879257,0.00618642,0.00618642,1193.77664171
1956-03-01,Hlth_excess,0.0711,0.008396,0.0066778,0.0066778,2424.46201708
1956-03-01,Utils_excess,0.0362,0.00808657,0.00808657,0.00808657,1e+16
1956-03-01,Other_excess,0.0556,0.00786143,0.00786143,0.00786143,1e+16
1956-04-01,NoDur_excess,0.0067,0.00644786,0.00644786,0.00644786,1e+16
1956-04-01,Durbl_excess,-0.0533,0.01400456,0.0112819,0.0112819,4923.88263171
1956-04-01,Manuf_excess,0.0083,0.01142906,0.01142906,0.01142906,1e+16
1956-04-01,Enrgy_excess,0.0343,0.01045413,0.00992827,0.00992827,20309.17620905
1956-04-01,HiTec_excess,-0.001,0.0118661,0.0118661,0.0118661,1e+16
1956-04-01,Telcm_excess,-0.0107,0.00653162,0.00653162,0.00653162,1e+16
1956-04-01,Shops_excess,-0.0201,0.0087755,0.00679817,0.00679817,1193.77664171
1956-04-01,Hlth_excess,0.0258,0.00857464,0.00709075,0.00709075,2424.46201708
1956-04-01,Utils_excess,-0.0237,0.00816667,0.00816667,0.00816667,1e+16
1956-04-01,Other_excess,0.007,0.00799744,0.00799744,0.00799744,1e+16
1956-05-01,NoDur_excess,-0.0348,0.00644858,0.00644858,0.00644858,1e+16
1956-05-01,Durbl_excess,-0.0471,0.01381335,0.010509,0.010509,4923.88263171
1956-05-01,Manuf_excess,-0.0641,0.01142017,0.01142017,0.01142017,1e+16
1956-05-01,Enrgy_excess,-0.0664,0.01052188,0.00997465,0.00997465,20309.17620905
1956-05-01,HiTec_excess,-0.0551,0.01182955,0.01182955,0.01182955,1e+16
1956-05-01,Telcm_excess,-0.0129,0.00648267,0.00648267,0.00648267,1e+16
1956-05-01,Shops_excess,-0.0479,0.00869347,0.00558644,0.00558644,1193.77664171
1956-05-01,Hlth_excess,-0.0147,0.00862358,0.0067708,0.0067708,2424.46201708
1956-05-01,Utils_excess,-0.0096,0.00807614,0.00807614,0.00807614,1e+16
1956-05-01,Other_excess,-0.0564,0.0079946,0.0079946,0.0079946,1e+16
1956-06-01,NoDur_excess,0.0045,0.00633173,0.00633173,0.00633173,1e+16
1956-06-01,Durbl_excess,0.0682,0.01364079,0.00978686,0.00978686,4923.88263171
1956-06-01,Manuf_excess,0.0441,0.01120623,0.01120623,0.01120623,1e+16
1956-06-01,Enrgy_excess,0.0253,0.01030397,0.00988742,0.00988742,20309.17620905
1956-06-01,HiTec_excess,0.0693,0.01163994,0.01163994,0.01163994,1e+16
1956-06-01,Telcm_excess,0.0108,0.00642776,0.00642776,0.00642776,1e+16
1956-06-01,Shops_excess,0.0201,0.00853314,0.00091599,0.00091599,1193.77664171
1956-06-01,Hlth_excess,0.034,0.00855751,0.00555269,0.00555269,2424.46201708
1956-06-01,Utils_excess,0.0216,0.00802606,0.00802606,0.00802606,1e+16
1956-06-01,Other_excess,0.0135,0.00781218,0.00781218,0.00781218,1e+16
1956-07-01,NoDur_excess,0.0177,0.00632655,0.00632655,0.00632655,1e+16
1956-07-01,Durbl_excess,0.0414,0.01379492,0.01038509,0.01038509,4923.88263171
1956-07-01,Manuf_excess,0.0584,0.01129915,0.01129915,0.01129915,1e+16
1956-07-01,Enrgy_excess,0.0581,0.01034633,0.00987247,0.00987247,20309.17620905
1956-07-01,HiTec_excess,0.0506,0.01180282,0.01180282,0.01180282,1e+16
1956-07-01,Telcm_excess,0.0243,0.00644011,0.00644011,0.00644011,1e+16
1956-07-01,Shops_excess,0.0435,0.00856582,0.00387755,0.00387755,1193.77664171
1956-07-01,Hlth_excess,0.0288,0.00862938,0.00634359,0.00634359,2424.46201708
1956-07-01,Utils_excess,0.0502,0.00806441,0.00806441,0.00806441,1e+16
1956-07-01,Other_excess,0.022,0.00782825,0.00782825,0.00782825,1e+16
1956-08-01,NoDur_excess,-0.0155,0.00635859,0.00635859,0.00635859,1e+16
1956-08-01,Durbl_excess,0.0064,0.01387268,0.01093792,0.01093792,4923.88263171
1956-08-01,Manuf_excess,-0.0319,0.01143183,0.01143183,0.01143183,1e+16
1956-08-01,Enrgy_excess,-0.0547,0.01048085,0.00988211,0.00988211,20309.17620905
1956-08-01,HiTec_excess,-0.0373,0.01191211,0.01191211,0.01191211,1e+16
1956-08-01,Telcm_excess,-0.0156,0.00649042,0.00649042,0.00649042,1e+16
1956-08-01,Shops_excess,-0.0279,0.00866423,0.00754902,0.00754902,1193.77664171
1956-08-01,Hlth_excess,-0.0325,0.0086862,0.00728393,0.00728393,2424.46201708
1956-08-01,Utils_excess,-0.0266,0.0081831,0.0081831,0.0081831,1e+16
1956-08-01,Other_excess,-0.0372,0.00786817,0.00786817,0.00786817,1e+16
1956-09-01,NoDur_excess,-0.0344,0.00629719,0.00629719,0.00629719,1e+16
1956-09-01,Durbl_excess,-0.0139,0.01385169,0.01127098,0.01127098,4923.88263171
1956-09-01,Manuf_excess,-0.0626,0.01131011,0.01131011,0.01131011,1e+16
1956-09-01,Enrgy_excess,-0.0599,0.01029775,0.00974449,0.00974449,20309.17620905
1956-09-01,HiTec_excess,-0.0705,0.01177388,0.01177388,0.01177388,1e+16
1956-09-01,Telcm_excess,-0.03,0.00642837,0.00642837,0.00642837,1e+16
1956-09-01,Shops_excess,-0.0459,0.00856152,0.00653867,0.00653867,1193.77664171
1956-09-01,Hlth_excess,-0.0388,0.00857051,0.00732474,0.00732474,2424.46201708
1956-09-01,Utils_excess,-0.0405,0.00808539,0.00808539,0.00808539,1e+16
1956-09-01,Other_excess,-0.0459,0.00774157,0.00774157,0.00774157,1e+16
1956-10-01,NoDur_excess,0.0015,0.00618319,0.00618319,0.00618319,1e+16
1956-10-01,Durbl_excess,-0.0126,0.01377395,0.01040163,0.01040163,4923.88263171
1956-10-01,Manuf_excess,0.0084,0.01110308,0.01110308,0.01110308,1e+16
1956-10-01,Enrgy_excess,0.0028,0.01010112,0.0095617,0.0095617,20309.17620905
1956-10-01,HiTec_excess,0.03,0.01154342,0.01154342,0.01154342,1e+16
1956-10-01,Telcm_excess,-0.0165,0.00632633,0.00632633,0.00632633,1e+16
1956-10-01,Shops_excess,0.0108,0.00840896,0.00352672,0.00352672,1193.77664171
1956-10-01,Hlth_excess,0.0033,0.00843782,0.00620185,0.00620185,2424.46201708
1956-10-01,Utils_excess,0.0088,0.0079493,0.0079493,0.0079493,1e+16
1956-10-01,Other_excess,0.0085,0.00759132,0.00759132,0.00759132,1e+16
1956-11-01,NoDur_excess,-0.0064,0.00617011,0.00617011,0.00617011,1e+16
1956-11-01,Durbl_excess,-0.0369,0.01370028,0.01045083,0.01045083,4923.88263171
1956-11-01,Manuf_excess,-0.0097,0.01109553,0.01109553,0.01109553,1e+16
1956-11-01,Enrgy_excess,0.0509,0.01008073,0.00951592,0.00951592,20309.17620905
1956-11-01,HiTec_excess,0.0049,0.01159497,0.01159497,0.01159497,1e+16
1956-11-01,Telcm_excess,0.0133,0.00626257,0.00626257,0.00626257,1e+16
1956-11-01,Shops_excess,-0.0235,0.00841564,0.00396819,0.00396819,1193.77664171
1956-11-01,Hlth_excess,-0.0156,0.00842346,0.00629858,0.00629858,2424.46201708
1956-11-01,Utils_excess,0.0021,0.00795168,0.00795168,0.00795168,1e+16
1956-11-01,Other_excess,0.0001,0.00759385,0.00759385,0.00759385,1e+16
1956-12-01,NoDur_excess,0.0101,0.0061351,0.0061351,0.0061351,1e+16
1956-12-01,Durbl_excess,0.008,0.01355933,0.01040963,0.01040963,4923.88263171
1956-12-01,Manuf_excess,0.0462,0.0110376,0.0110376,0.0110376,1e+16
1956-12-01,Enrgy_excess,0.0387,0.01019443,0.00966251,0.00966251,20309.17620905
1956-12-01,HiTec_excess,0.0419,0.01157632,0.01157632,0.01157632,1e+16
1956-12-01,Telcm_excess,0.0234,0.00628217,0.00628217,0.00628217,1e+16
1956-12-01,Shops_excess,-0.0067,0.00832674,0.00404763,0.00404763,1193.77664171
1956-12-01,Hlth_excess,0.0583,0.00835655,0.00638422,0.00638422,2424.46201708
1956-12-01,Utils_excess,0.0158,0.00793538,0.00793538,0.00793538,1e+16
1956-12-01,Other_excess,0.0175,0.00757298,0.00757298,0.00757298,1e+16
1957-01-01,NoDur_excess,0.015,0.00614611,0.00614611,0.00614611,1e+16
1957-01-01,Durbl_excess,-0.0649,0.01354389,0.01354389,0.01354389,1e+16
1957-01-01,Manuf_excess,-0.0614,0.01113528,0.01113528,0.01113528,1e+16
1957-01-01,Enrgy_excess,-0.0439,0.01027361,0.01027361,0.01027361,1e+16
1957-01-01,HiTec_excess,-0.0591,0.01166056,0.01166056,0.01166056,1e+16
1957-01-01,Telcm_excess,0.0263,0.00632972,0.00632972,0.00632972,1e+16
1957-01-01,Shops_excess,-0.0152,0.008285,0.008285,0.008285,1e+16
1957-01-01,Hlth_excess,-0.0254,0.00849528,0.00849528,0.00849528,1e+16
1957-01-01,Utils_excess,0.0236,0.00795722,0.00795722,0.00795722,1e+16
1957-01-01,Other_excess,-0.0081,0.00760056,0.00760056,0.00760056,1e+16
1957-02-01,NoDur_excess,-0.0164,0.00617064,0.00617064,0.00617064,1e+16
1957-02-01,Durbl_excess,-0.0212,0.01332659,0.01332659,0.01332659,1e+16
1957-02-01,Manuf_excess,-0.0299,0.01093435,0.01093435,0.01093435,1e+16
1957-02-01,Enrgy_excess,-0.0251,0.01012355,0.01012355,0.01012355,1e+16
1957-02-01,HiTec_excess,-0.0089,0.01146454,0.01146454,0.01146454,1e+16
1957-02-01,Telcm_excess,0.0009,0.00638504,0.00638504,0.00638504,1e+16
1957-02-01,Shops_excess,-0.0117,0.00821994,0.00821994,0.00821994,1e+16
1957-02-01,Hlth_excess,-0.0059,0.00840139,0.00840139,0.00840139,1e+16
1957-02-01,Utils_excess,-0.0054,0.00800055,0.00800055,0.00800055,1e+16
1957-02-01,Other_excess,-0.028,0.00755706,0.00755706,0.00755706,1e+16
1957-03-01,NoDur_excess,0.0135,0.00610829,0.00610829,0.00610829,1e+16
1957-03-01,Durbl_excess,0.0031,0.01323122,0.01323122,0.01323122,1e+16
1957-03-01,Manuf_excess,0.018,0.01082155,0.01082155,0.01082155,1e+16
1957-03-01,Enrgy_excess,0.0294,0.01002624,0.01002624,0.01002624,1e+16
1957-03-01,HiTec_excess,0.0455,0.01140829,0.01140829,0.01140829,1e+16
1957-03-01,Telcm_excess,0.0129,0.00636989,0.00636989,0.00636989,1e+16
1957-03-01,Shops_excess,0.0177,0.00816492,0.00816492,0.00816492,1e+16
1957-03-01,Hlth_excess,0.08,0.00836188,0.00836188,0.00836188,1e+16
1957-03-01,Utils_excess,0.0146,0.00796354,0.00796354,0.00796354,1e+16
1957-03-01,Other_excess,0.0208,0.00745884,0.00745884,0.00745884,1e+16
1957-04-01,NoDur_excess,0.0114,0.00612865,0.00612865,0.00612865,1e+16
1957-04-01,Durbl_excess,0.077,0.01320331,0.01320331,0.01320331,1e+16
1957-04-01,Manuf_excess,0.0345,0.01084132,0.01084132,0.01084132,1e+16
1957-04-01,Enrgy_excess,0.0669,0.01007961,0.01007961,0.01007961,1e+16
1957-04-01,HiTec_excess,0.0814,0.0115022,0.0115022,0.0115022,1e+16
1957-04-01,Telcm_excess,0.0019,0.00638788,0.00638788,0.00638788,1e+16
1957-04-01,Shops_excess,-0.0007,0.00819118,0.00819118,0.00819118,1e+16
1957-04-01,Hlth_excess,0.0518,0.00855923,0.00855923,0.00855923,1e+16
1957-04-01,Utils_excess,0.0291,0.00798182,0.00798182,0.00798182,1e+16
1957-04-01,Other_excess,0.0291,0.00749559,0.00749559,0.00749559,1e+16
1957-05-01,NoDur_excess,0.0113,0.00614313,0.00614313,0.00614313,1e+16
1957-05-01,Durbl_excess,0.0077,0.01337857,0.01337857,0.01337857,1e+16
1957-05-01,Manuf_excess,0.0291,0.01090632,0.01090632,0.01090632,1e+16
1957-05-01,Enrgy_excess,0.0739,0.01023571,0.01023571,0.01023571,1e+16
1957-05-01,HiTec_excess,0.0553,0.01169423,0.01169423,0.01169423,1e+16
1957-05-01,Telcm_excess,0.0078,0.00637555,0.00637555,0.00637555,1e+16
1957-05-01,Shops_excess,0.023,0.00816676,0.00816676,0.00816676,1e+16
1957-05-01,Hlth_excess,0.0454,0.00867802,0.00867802,0.00867802,1e+16
1957-05-01,Utils_excess,0.0199,0.00803984,0.00803984,0.00803984,1e+16
1957-05-01,Other_excess,0.011,0.00755495,0.00755495,0.00755495,1e+16
1957-06-01,NoDur_excess,-0.0089,0.00615726,0.00615726,0.00615726,1e+16
1957-06-01,Durbl_excess,-0.0017,0.01336301,0.01336301,0.01336301,1e+16
1957-06-01,Manuf_excess,0.001,0.01095616,0.01095616,0.01095616,1e+16
1957-06-01,Enrgy_excess,-0.0199,0.01041014,0.01041014,0.01041014,1e+16
1957-06-01,HiTec_excess,0.0501,0.0118137,0.0118137,0.0118137,1e+16
1957-06-01,Telcm_excess,-0.0235,0.00637945,0.00637945,0.00637945,1e+16
1957-06-01,Shops_excess,-0.0215,0.0082074,0.0082074,0.0082074,1e+16
1957-06-01,Hlth_excess,0.0624,0.00877863,0.00877863,0.00877863,1e+16
1957-06-01,Utils_excess,-0.0536,0.00807233,0.00807233,0.00807233,1e+16
1957-06-01,Other_excess,-0.0134,0.00756438,0.00756438,0.00756438,1e+16
1957-07-01,NoDur_excess,0.0062,0.00611612,0.00611612,0.00611612,1e+16
1957-07-01,Durbl_excess,0.0334,0.01332186,0.01332186,0.01332186,1e+16
1957-07-01,Manuf_excess,0.0015,0.01092896,0.01092896,0.01092896,1e+16
1957-07-01,Enrgy_excess,0.007,0.01032732,0.01032732,0.01032732,1e+16
1957-07-01,HiTec_excess,0.0077,0.01191831,0.01191831,0.01191831,1e+16
1957-07-01,Telcm_excess,-0.0054,0.00629781,0.00629781,0.00629781,1e+16
1957-07-01,Shops_excess,0.0259,0.00812623,0.00812623,0.00812623,1e+16
1957-07-01,Hlth_excess,0.023,0.00892514,0.00892514,0.00892514,1e+16
1957-07-01,Utils_excess,-0.0029,0.00790383,0.00790383,0.00790383,1e+16
1957-07-01,Other_excess,0.0083,0.0075071,0.0075071,0.0075071,1e+16
1957-08-01,NoDur_excess,-0.0225,0.00611635,0.00611635,0.00611635,1e+16
1957-08-01,Durbl_excess,-0.0336,0.01337657,0.01337657,0.01337657,1e+16
1957-08-01,Manuf_excess,-0.0648,0.01090327,0.01090327,0.01090327,1e+16
1957-08-01,Enrgy_excess,-0.06,0.01031826,0.01031826,0.01031826,1e+16
1957-08-01,HiTec_excess,-0.073,0.01190681,0.01190681,0.01190681,1e+16
1957-08-01,Telcm_excess,-0.0037,0.00626594,0.00626594,0.00626594,1e+16
1957-08-01,Shops_excess,-0.0296,0.00817466,0.00817466,0.00817466,1e+16
1957-08-01,Hlth_excess,-0.0322,0.00896349,0.00896349,0.00896349,1e+16
1957-08-01,Utils_excess,-0.0283,0.00787439,0.00787439,0.00787439,1e+16
1957-08-01,Other_excess,-0.0572,0.00750926,0.00750926,0.00750926,1e+16
1957-09-01,NoDur_excess,-0.0142,0.00603859,0.00603859,0.00603859,1e+16
1957-09-01,Durbl_excess,-0.0736,0.01324891,0.01324891,0.01324891,1e+16
1957-09-01,Manuf_excess,-0.0715,0.01069755,0.01069755,0.01069755,1e+16
1957-09-01,Enrgy_excess,-0.0824,0.01012717,0.01012717,0.01012717,1e+16
1957-09-01,HiTec_excess,-0.0664,0.01167609,0.01167609,0.01167609,1e+16
1957-09-01,Telcm_excess,-0.0251,0.00623886,0.00623886,0.00623886,1e+16
1957-09-01,Shops_excess,0.0015,0.00807201,0.00807201,0.00807201,1e+16
1957-09-01,Hlth_excess,-0.033,0.00885163,0.00885163,0.00885163,1e+16
1957-09-01,Utils_excess,-0.02,0.00777609,0.00777609,0.00777609,1e+16
1957-09-01,Other_excess,-0.0693,0.00733342,0.00733342,0.00733342,1e+16
1957-10-01,NoDur_excess,-0.0241,0.00598374,0.00598374,0.00598374,1e+16
1957-10-01,Durbl_excess,-0.0424,0.01301355,0.01301355,0.01301355,1e+16
1957-10-01,Manuf_excess,-0.0502,0.0104748,0.0104748,0.0104748,1e+16
1957-10-01,Enrgy_excess,-0.0606,0.00987642,0.00987642,0.00987642,1e+16
1957-10-01,HiTec_excess,-0.0207,0.0114645,0.0114645,0.0114645,1e+16
1957-10-01,Telcm_excess,-0.0239,0.00615393,0.00615393,0.00615393,1e+16
1957-10-01,Shops_excess,-0.0422,0.0080542,0.0080542,0.0080542,1e+16
1957-10-01,Hlth_excess,-0.0097,0.00873821,0.00873821,0.00873821,1e+16
1957-10-01,Utils_excess,-0.0099,0.00770081,0.00770081,0.00770081,1e+16
1957-10-01,Other_excess,-0.0716,0.00712575,0.00712575,0.00712575,1e+16
1957-11-01,NoDur_excess,0.0309,0.00590243,0.00590243,0.00590243,1e+16
1957-11-01,Durbl_excess,-0.0556,0.01286378,0.01286378,0.01286378,1e+16
1957-11-01,Manuf_excess,0.0309,0.01031081,0.01031081,0.01031081,1e+16
1957-11-01,Enrgy_excess,0.0215,0.00968595,0.00968595,0.00968595,1e+16
1957-11-01,HiTec_excess,0.062,0.01137757,0.01137757,0.01137757,1e+16
1957-11-01,Telcm_excess,0.0121,0.0060727,0.0060727,0.0060727,1e+16
1957-11-01,Shops_excess,0.0146,0.00791838,0.00791838,0.00791838,1e+16
1957-11-01,Hlth_excess,0.0835,0.00868838,0.00868838,0.00868838,1e+16
1957-11-01,Utils_excess,0.0412,0.00765324,0.00765324,0.00765324,1e+16
1957-11-01,Other_excess,0.0013,0.00691297,0.00691297,0.00691297,1e+16
1957-12-01,NoDur_excess,0.0019,0.00596981,0.00596981,0.00596981,1e+16
1957-12-01,Durbl_excess,-0.0813,0.01267925,0.01267925,0.01267925,1e+16
1957-12-01,Manuf_excess,-0.0484,0.01036631,0.01036631,0.01036631,1e+16
1957-12-01,Enrgy_excess,-0.0723,0.00971779,0.00971779,0.00971779,1e+16
1957-12-01,HiTec_excess,-0.0346,0.01151402,0.01151402,0.01151402,1e+16
1957-12-01,Telcm_excess,0.0102,0.00608895,0.00608895,0.00608895,1e+16
1957-12-01,Shops_excess,-0.0196,0.00793639,0.00793639,0.00793639,1e+16
1957-12-01,Hlth_excess,-0.0072,0.00889003,0.00889003,0.00889003,1e+16
1957-12-01,Utils_excess,0.0232,0.00774367,0.00774367,0.00774367,1e+16
1957-12-01,Other_excess,-0.0467,0.00689784,0.00689784,0.00689784,1e+16
1958-01-01,NoDur_excess,0.0718,0.00595887,0.00595887,0.00595887,1e+16
1958-01-01,Durbl_excess,0.0468,0.01242661,0.01096468,0.01096468,10000.0
1958-01-01,Manuf_excess,0.0511,0.01020833,0.01020833,0.01020833,1e+16
1958-01-01,Enrgy_excess,0.0131,0.00949731,0.00949731,0.00949731,1e+16
1958-01-01,HiTec_excess,0.0375,0.01139005,0.01139005,0.01139005,1e+16
1958-01-01,Telcm_excess,0.0398,0.0061,0.0061,0.0061,1e+16
1958-01-01,Shops_excess,0.0721,0.00786237,0.00773114,0.00773114,41246.26382901
1958-01-01,Hlth_excess,-0.0069,0.00884677,0.00884677,0.00884677,1e+16
1958-01-01,Utils_excess,0.0578,0.00778522,0.00778522,0.00778522,1e+16
1958-01-01,Other_excess,0.1075,0.00675376,0.00675376,0.00675376,1e+16
1958-02-01,NoDur_excess,0.0192,0.00613539,0.00613539,0.00613539,1e+16
1958-02-01,Durbl_excess,-0.0158,0.01251877,0.01135078,0.01135078,10000.0
1958-02-01,Manuf_excess,-0.0215,0.01031796,0.01031796,0.01031796,1e+16
1958-02-01,Enrgy_excess,-0.0475,0.00950697,0.00950697,0.00950697,1e+16
1958-02-01,HiTec_excess,-0.0176,0.01146005,0.01146005,0.01146005,1e+16
1958-02-01,Telcm_excess,0.0054,0.00619035,0.00619035,0.00619035,1e+16
1958-02-01,Shops_excess,0.0129,0.00803458,0.00793983,0.00793983,41246.26382901
1958-02-01,Hlth_excess,0.0483,0.00880456,0.00880456,0.00880456,1e+16
1958-02-01,Utils_excess,0.0117,0.0079193,0.0079193,0.0079193,1e+16
1958-02-01,Other_excess,-0.019,0.00702386,0.00702386,0.00702386,1e+16
1958-03-01,NoDur_excess,0.0411,0.00617032,0.00617032,0.00617032,1e+16
1958-03-01,Durbl_excess,0.0286,0.01244305,0.01144802,0.01144802,10000.0
1958-03-01,Manuf_excess,0.0148,0.01023289,0.01023289,0.01023289,1e+16
1958-03-01,Enrgy_excess,0.0783,0.00935455,0.00935455,0.00935455,1e+16
1958-03-01,HiTec_excess,0.0252,0.01138235,0.01138235,0.01138235,1e+16
1958-03-01,Telcm_excess,0.0108,0.00618824,0.00618824,0.00618824,1e+16
1958-03-01,Shops_excess,0.0399,0.00804759,0.00785132,0.00785132,41246.26382901
1958-03-01,Hlth_excess,0.0808,0.00891016,0.00891016,0.00891016,1e+16
1958-03-01,Utils_excess,0.0198,0.00792941,0.00792941,0.00792941,1e+16
1958-03-01,Other_excess,0.0242,0.00695428,0.00695428,0.00695428,1e+16
1958-04-01,NoDur_excess,0.0346,0.00626347,0.00626347,0.00626347,1e+16
1958-04-01,Durbl_excess,0.0488,0.01248613,0.01133097,0.01133097,10000.0
1958-04-01,Manuf_excess,0.0136,0.01024507,0.01024507,0.01024507,1e+16
1958-04-01,Enrgy_excess,0.0506,0.0095384,0.0095384,0.0095384,1e+16
1958-04-01,HiTec_excess,-0.002,0.0114192,0.0114192,0.0114192,1e+16
1958-04-01,Telcm_excess,0.0262,0.00620053,0.00620053,0.00620053,1e+16
1958-04-01,Shops_excess,0.0292,0.00813253,0.00790142,0.00790142,41246.26382901
1958-04-01,Hlth_excess,0.0648,0.00910187,0.00910187,0.00910187,1e+16
1958-04-01,Utils_excess,0.0487,0.00796107,0.00796107,0.00796107,1e+16
1958-04-01,Other_excess,0.0444,0.00700027,0.00700027,0.00700027,1e+16
1958-05-01,NoDur_excess,0.0261,0.00633883,0.00633883,0.00633883,1e+16
1958-05-01,Durbl_excess,0.047,0.01258271,0.01151866,0.01151866,10000.0
1958-05-01,Manuf_excess,0.0334,0.01025399,0.01025399,0.01025399,1e+16
1958-05-01,Enrgy_excess,0.0022,0.00964761,0.00964761,0.00964761,1e+16
1958-05-01,HiTec_excess,0.0139,0.01138351,0.01138351,0.01138351,1e+16
1958-05-01,Telcm_excess,0.02,0.00625372,0.00625372,0.00625372,1e+16
1958-05-01,Shops_excess,0.0351,0.00818856,0.00801931,0.00801931,41246.26382901
1958-05-01,Hlth_excess,0.0133,0.00925,0.00925,0.00925,1e+16
1958-05-01,Utils_excess,0.0134,0.00806941,0.00806941,0.00806941,1e+16
1958-05-01,Other_excess,0.0363,0.00709973,0.00709973,0.00709973,1e+16
1958-06-01,NoDur_excess,0.0261,0.00639125,0.00639125,0.00639125,1e+16
1958-06-01,Durbl_excess,0.0259,0.01267401,0.01196845,0.01196845,10000.0
1958-06-01,Manuf_excess,0.0234,0.01031538,0.01031538,0.01031538,1e+16
1958-06-01,Enrgy_excess,0.049,0.00962785,0.00962785,0.00962785,1e+16
1958-06-01,HiTec_excess,0.036,0.01139019,0.01139019,0.01139019,1e+16
1958-06-01,Telcm_excess,0.0164,0.00629019,0.00629019,0.00629019,1e+16
1958-06-01,Shops_excess,0.0212,0.00825995,0.00819597,0.00819597,41246.26382901
1958-06-01,Hlth_excess,0.0352,0.00926074,0.00926074,0.00926074,1e+16
1958-06-01,Utils_excess,0.0216,0.00808355,0.00808355,0.00808355,1e+16
1958-06-01,Other_excess,0.0286,0.00717719,0.00717719,0.00717719,1e+16
1958-07-01,NoDur_excess,0.0157,0.00644339,0.00644339,0.00644339,1e+16
1958-07-01,Durbl_excess,0.0991,0.01270899,0.01210712,0.01210712,10000.0
1958-07-01,Manuf_excess,0.0842,0.01035,0.01035,0.01035,1e+16
1958-07-01,Enrgy_excess,0.0062,0.00973201,0.00973201,0.00973201,1e+16
1958-07-01,HiTec_excess,0.0367,0.01145529,0.01145529,0.01145529,1e+16
1958-07-01,Telcm_excess,0.0083,0.00631693,0.00631693,0.00631693,1e+16
1958-07-01,Shops_excess,0.018,0.00829418,0.00830465,0.00830465,41246.26382901
1958-07-01,Hlth_excess,0.0591,0.00932937,0.00932937,0.00932937,1e+16
1958-07-01,Utils_excess,0.0105,0.00811931,0.00811931,0.00811931,1e+16
1958-07-01,Other_excess,0.0515,0.00723386,0.00723386,0.00723386,1e+16
1958-08-01,NoDur_excess,0.0289,0.00646781,0.00646781,0.00646781,1e+16
1958-08-01,Durbl_excess,-0.0005,0.01293694,0.01224298,0.01224298,10000.0
1958-08-01,Manuf_excess,0.0238,0.01054485,0.01054485,0.01054485,1e+16
1958-08-01,Enrgy_excess,0.0188,0.00972269,0.00972269,0.00972269,1e+16
1958-08-01,HiTec_excess,0.0204,0.0115219,0.0115219,0.0115219,1e+16
1958-08-01,Telcm_excess,0.0237,0.00632216,0.00632216,0.00632216,1e+16
1958-08-01,Shops_excess,0.0567,0.00831979,0.00832298,0.00832298,41246.26382901
1958-08-01,Hlth_excess,0.0194,0.00946069,0.00946069,0.00946069,1e+16
1958-08-01,Utils_excess,-0.0104,0.00812559,0.00812559,0.00812559,1e+16
1958-08-01,Other_excess,0.0302,0.00735066,0.00735066,0.00735066,1e+16
1958-09-01,NoDur_excess,0.0407,0.00652684,0.00652684,0.00652684,1e+16
1958-09-01,Durbl_excess,0.0985,0.01290158,0.01207616,0.01207616,10000.0
1958-09-01,Manuf_excess,0.0435,0.01057974,0.01057974,0.01057974,1e+16
1958-09-01,Enrgy_excess,0.0309,0.00974658,0.00974658,0.00974658,1e+16
1958-09-01,HiTec_excess,0.0601,0.01154526,0.01154526,0.01154526,1e+16
1958-09-01,Telcm_excess,0.0489,0.00636789,0.00636789,0.00636789,1e+16
1958-09-01,Shops_excess,0.0384,0.00844711,0.00845769,0.00845769,41246.26382901
1958-09-01,Hlth_excess,0.1155,0.00948684,0.00948684,0.00948684,1e+16
1958-09-01,Utils_excess,0.0327,0.00807684,0.00807684,0.00807684,1e+16
1958-09-01,Other_excess,0.0408,0.00741079,0.00741079,0.00741079,1e+16
1958-10-01,NoDur_excess,0.0232,0.00661654,0.00661654,0.00661654,1e+16
1958-10-01,Durbl_excess,0.021,0.01312625,0.01136097,0.01136097,10000.0
1958-10-01,Manuf_excess,0.0287,0.01066614,0.01066614,0.01066614,1e+16
1958-10-01,Enrgy_excess,0.0115,0.0098021,0.0098021,0.0098021,1e+16
1958-10-01,HiTec_excess,0.0431,0.0116727,0.0116727,0.0116727,1e+16
1958-10-01,Telcm_excess,0.0128,0.00647953,0.00647953,0.00647953,1e+16
1958-10-01,Shops_excess,0.0103,0.00852572,0.00830609,0.00830609,41246.26382901
1958-10-01,Hlth_excess,0.0087,0.00976509,0.00976509,0.00976509,1e+16
1958-10-01,Utils_excess,0.041,0.00814147,0.00814147,0.00814147,1e+16
1958-10-01,Other_excess,0.0357,0.00749843,0.00749843,0.00749843,1e+16
1958-11-01,NoDur_excess,0.0399,0.00665995,0.00665995,0.00665995,1e+16
1958-11-01,Durbl_excess,0.016,0.01314686,0.01090223,0.01090223,10000.0
1958-11-01,Manuf_excess,0.0281,0.01071335,0.01071335,0.01071335,1e+16
1958-11-01,Enrgy_excess,0.0182,0.00980654,0.00980654,0.00980654,1e+16
1958-11-01,HiTec_excess,0.0424,0.01175497,0.01175497,0.01175497,1e+16
1958-11-01,Telcm_excess,0.0204,0.00649607,0.00649607,0.00649607,1e+16
1958-11-01,Shops_excess,0.0579,0.00853037,0.00819066,0.00819066,41246.26382901
1958-11-01,Hlth_excess,0.0793,0.0097623,0.0097623,0.0097623,1e+16
1958-11-01,Utils_excess,0.0285,0.00822749,0.00822749,0.00822749,1e+16
1958-11-01,Other_excess,0.0452,0.00757225,0.00757225,0.00757225,1e+16
1958-12-01,NoDur_excess,0.0246,0.00674674,0.00674674,0.00674674,1e+16
1958-12-01,Durbl_excess,0.0253,0.01315431,0.01080617,0.01080617,10000.0
1958-12-01,Manuf_excess,0.0499,0.01075875,0.01075875,0.01075875,1e+16
1958-12-01,Enrgy_excess,0.0103,0.00982846,0.00982846,0.00982846,1e+16
1958-12-01,HiTec_excess,0.1292,0.01183499,0.01183499,0.01183499,1e+16
1958-12-01,Telcm_excess,0.1318,0.00653238,0.00653238,0.00653238,1e+16
1958-12-01,Shops_excess,0.055,0.00865927,0.00832488,0.00832488,41246.26382901
1958-12-01,Hlth_excess,0.0439,0.00994386,0.00994386,0.00994386,1e+16
1958-12-01,Utils_excess,0.0572,0.00828042,0.00828042,0.00828042,1e+16
1958-12-01,Other_excess,0.0287,0.0076705,0.0076705,0.0076705,1e+16
1959-01-01,NoDur_excess,0.036,0.00679323,0.00679323,0.00679323,1e+16
1959-01-01,Durbl_excess,-0.013,0.01318594,0.01318594,0.01318594,1e+16
1959-01-01,Manuf_excess,0.0058,0.01086068,0.01086068,0.01086068,1e+16
1959-01-01,Enrgy_excess,0.003,0.00982969,0.00982969,0.00982969,1e+16
1959-01-01,HiTec_excess,-0.0243,0.01214062,0.01214062,0.01214062,1e+16
1959-01-01,Telcm_excess,0.037,0.00685859,0.00685859,0.00685859,1e+16
1959-01-01,Shops_excess,0.0328,0.00877995,0.00877995,0.00877995,1e+16
1959-01-01,Hlth_excess,-0.0083,0.01003229,0.01003229,0.01003229,1e+16
1959-01-01,Utils_excess,0.0104,0.00840781,0.00840781,0.00840781,1e+16
1959-01-01,Other_excess,0.0189,0.00772526,0.00772526,0.00772526,1e+16
1959-02-01,NoDur_excess,0.0282,0.00686909,0.00686909,0.00686909,1e+16
1959-02-01,Durbl_excess,-0.0214,0.01311792,0.01311792,0.01311792,1e+16
1959-02-01,Manuf_excess,0.0344,0.01084753,0.01084753,0.01084753,1e+16
1959-02-01,Enrgy_excess,-0.0762,0.00981195,0.00981195,0.00981195,1e+16
1959-02-01,HiTec_excess,0.0496,0.01204597,0.01204597,0.01204597,1e+16
1959-02-01,Telcm_excess,0.0467,0.00693688,0.00693688,0.00693688,1e+16
1959-02-01,Shops_excess,0.0246,0.00884234,0.00884234,0.00884234,1e+16
1959-02-01,Hlth_excess,0.0369,0.00998468,0.00998468,0.00998468,1e+16
1959-02-01,Utils_excess,0.0107,0.00841299,0.00841299,0.00841299,1e+16
1959-02-01,Other_excess,0.0157,0.00775429,0.00775429,0.00775429,1e+16
1959-03-01,NoDur_excess,0.0007,0.00692435,0.00692435,0.00692435,1e+16
1959-03-01,Durbl_excess,-0.0141,0.0130285,0.0130285,0.0130285,1e+16
1959-03-01,Manuf_excess,-0.0046,0.01090855,0.01090855,0.01090855,1e+16
1959-03-01,Enrgy_excess,0.0192,0.00958912,0.00958912,0.00958912,1e+16
1959-03-01,HiTec_excess,0.0211,0.01214326,0.01214326,0.01214326,1e+16
1959-03-01,Telcm_excess,-0.0074,0.0070399,0.0070399,0.0070399,1e+16
1959-03-01,Shops_excess,-0.0189,0.00888316,0.00888316,0.00888316,1e+16
1959-03-01,Hlth_excess,0.0403,0.0100544,0.0100544,0.0100544,1e+16
1959-03-01,Utils_excess,0.0142,0.00841891,0.00841891,0.00841891,1e+16
1959-03-01,Other_excess,-0.0096,0.00777487,0.00777487,0.00777487,1e+16
1959-04-01,NoDur_excess,0.0281,0.00690827,0.00690827,0.00690827,1e+16
1959-04-01,Durbl_excess,0.0918,0.0129584,0.0129584,0.0129584,1e+16
1959-04-01,Manuf_excess,0.0397,0.01086848,0.01086848,0.01086848,1e+16
1959-04-01,Enrgy_excess,0.0151,0.00961395,0.00961395,0.00961395,1e+16
1959-04-01,HiTec_excess,0.0824,0.01216641,0.01216641,0.01216641,1e+16
1959-04-01,Telcm_excess,0.0441,0.00700258,0.00700258,0.00700258,1e+16
1959-04-01,Shops_excess,0.0134,0.00881137,0.00881137,0.00881137,1e+16
1959-04-01,Hlth_excess,0.1173,0.01013256,0.01013256,0.01013256,1e+16
1959-04-01,Utils_excess,-0.0133,0.00843385,0.00843385,0.00843385,1e+16
1959-04-01,Other_excess,0.0175,0.00772997,0.00772997,0.00772997,1e+16
1959-05-01,NoDur_excess,0.0111,0.00696289,0.00696289,0.00696289,1e+16
1959-05-01,Durbl_excess,0.0499,0.0131616,0.0131616,0.0131616,1e+16
1959-05-01,Manuf_excess,0.0383,0.01094278,0.01094278,0.01094278,1e+16
1959-05-01,Enrgy_excess,-0.0117,0.00962809,0.00962809,0.00962809,1e+16
1959-05-01,HiTec_excess,0.0463,0.01234742,0.01234742,0.01234742,1e+16
1959-05-01,Telcm_excess,-0.0123,0.0070982,0.0070982,0.0070982,1e+16
1959-05-01,Shops_excess,0.025,0.0088232,0.0088232,0.0088232,1e+16
1959-05-01,Hlth_excess,-0.0129,0.01040876,0.01040876,0.01040876,1e+16
1959-05-01,Utils_excess,-0.0132,0.00837784,0.00837784,0.00837784,1e+16
1959-05-01,Other_excess,0.0041,0.00775515,0.00775515,0.00775515,1e+16
1959-06-01,NoDur_excess,0.0142,0.00697352,0.00697352,0.00697352,1e+16
1959-06-01,Durbl_excess,-0.0009,0.01325604,0.01325604,0.01325604,1e+16
1959-06-01,Manuf_excess,0.0103,0.01101311,0.01101311,0.01101311,1e+16
1959-06-01,Enrgy_excess,-0.0297,0.00957326,0.00957326,0.00957326,1e+16
1959-06-01,HiTec_excess,-0.0123,0.0124347,0.0124347,0.0124347,1e+16
1959-06-01,Telcm_excess,-0.0135,0.00704833,0.00704833,0.00704833,1e+16
1959-06-01,Shops_excess,0.0202,0.00886478,0.00886478,0.00886478,1e+16
1959-06-01,Hlth_excess,0.0635,0.01034884,0.01034884,0.01034884,1e+16
1959-06-01,Utils_excess,-0.0248,0.00832237,0.00832237,0.00832237,1e+16
1959-06-01,Other_excess,0.0098,0.00774576,0.00774576,0.00774576,1e+16
1959-07-01,NoDur_excess,0.0345,0.00699205,0.00699205,0.00699205,1e+16
1959-07-01,Durbl_excess,0.0818,0.01321974,0.01321974,0.01321974,1e+16
1959-07-01,Manuf_excess,0.0348,0.01101128,0.01101128,0.01101128,1e+16
1959-07-01,Enrgy_excess,0.0471,0.00947256,0.00947256,0.00947256,1e+16
1959-07-01,HiTec_excess,0.002,0.01237128,0.01237128,0.01237128,1e+16
1959-07-01,Telcm_excess,0.0035,0.00699564,0.00699564,0.00699564,1e+16
1959-07-01,Shops_excess,0.0187,0.00889385,0.00889385,0.00889385,1e+16
1959-07-01,Hlth_excess,0.0449,0.01048513,0.01048513,0.01048513,1e+16
1959-07-01,Utils_excess,0.0357,0.00823744,0.00823744,0.00823744,1e+16
1959-07-01,Other_excess,0.0021,0.00775103,0.00775103,0.00775103,1e+16
1959-08-01,NoDur_excess,-0.0058,0.0070624,0.0070624,0.0070624,1e+16
1959-08-01,Durbl_excess,0.0227,0.01339514,0.01339514,0.01339514,1e+16
1959-08-01,Manuf_excess,-0.0208,0.01107212,0.01107212,0.01107212,1e+16
1959-08-01,Enrgy_excess,-0.0334,0.0095688,0.0095688,0.0095688,1e+16
1959-08-01,HiTec_excess,-0.0269,0.01234476,0.01234476,0.01234476,1e+16
1959-08-01,Telcm_excess,0.0042,0.0069867,0.0069867,0.0069867,1e+16
1959-08-01,Shops_excess,0.006,0.00891893,0.00891893,0.00891893,1e+16
1959-08-01,Hlth_excess,-0.0376,0.01057315,0.01057315,0.01057315,1e+16
1959-08-01,Utils_excess,0.0115,0.00830767,0.00830767,0.00830767,1e+16
1959-08-01,Other_excess,-0.0242,0.00773657,0.00773657,0.00773657,1e+16
1959-09-01,NoDur_excess,-0.0356,0.00702959,0.00702959,0.00702959,1e+16
1959-09-01,Durbl_excess,-0.0476,0.01341888,0.01341888,0.01341888,1e+16
1959-09-01,Manuf_excess,-0.0527,0.01099082,0.01099082,0.01099082,1e+16
1959-09-01,Enrgy_excess,-0.0722,0.00945918,0.00945918,0.00945918,1e+16
1959-09-01,HiTec_excess,-0.0449,0.01224464,0.01224464,0.01224464,1e+16
1959-09-01,Telcm_excess,-0.0127,0.00697959,0.00697959,0.00697959,1e+16
1959-09-01,Shops_excess,-0.0243,0.00891148,0.00891148,0.00891148,1e+16
1959-09-01,Hlth_excess,-0.0526,0.01045026,0.01045026,0.01045026,1e+16
1959-09-01,Utils_excess,-0.0466,0.00831582,0.00831582,0.00831582,1e+16
1959-09-01,Other_excess,-0.0442,0.0076551,0.0076551,0.0076551,1e+16
1959-10-01,NoDur_excess,0.035,0.00692112,0.00692112,0.00692112,1e+16
1959-10-01,Durbl_excess,-0.0156,0.01326361,0.01326361,0.01326361,1e+16
1959-10-01,Manuf_excess,0.0112,0.01082875,0.01082875,0.01082875,1e+16
1959-10-01,Enrgy_excess,0.0086,0.0092514,0.0092514,0.0092514,1e+16
1959-10-01,HiTec_excess,0.0468,0.01209924,0.01209924,0.01209924,1e+16
1959-10-01,Telcm_excess,0.01,0.00692952,0.00692952,0.00692952,1e+16
1959-10-01,Shops_excess,0.0057,0.00882697,0.00882697,0.00882697,1e+16
1959-10-01,Hlth_excess,0.0204,0.01028982,0.01028982,0.01028982,1e+16
1959-10-01,Utils_excess,0.0059,0.00817608,0.00817608,0.00817608,1e+16
1959-10-01,Other_excess,0.0,0.00752316,0.00752316,0.00752316,1e+16
1959-11-01,NoDur_excess,0.0099,0.00699239,0.00699239,0.00699239,1e+16
1959-11-01,Durbl_excess,-0.0037,0.01319036,0.01319036,0.01319036,1e+16
1959-11-01,Manuf_excess,0.0193,0.0108297,0.0108297,0.0108297,1e+16
1959-11-01,Enrgy_excess,-0.0067,0.00924975,0.00924975,0.00924975,1e+16
1959-11-01,HiTec_excess,0.0895,0.01218731,0.01218731,0.01218731,1e+16
1959-11-01,Telcm_excess,-0.0149,0.00693731,0.00693731,0.00693731,1e+16
1959-11-01,Shops_excess,0.0208,0.00881904,0.00881904,0.00881904,1e+16
1959-11-01,Hlth_excess,0.0536,0.01031548,0.01031548,0.01031548,1e+16
1959-11-01,Utils_excess,0.0014,0.0081703,0.0081703,0.0081703,1e+16
1959-11-01,Other_excess,-0.0076,0.00750406,0.00750406,0.00750406,1e+16
1959-12-01,NoDur_excess,0.0089,0.00699975,0.00699975,0.00699975,1e+16
1959-12-01,Durbl_excess,0.0482,0.01314759,0.01314759,0.01314759,1e+16
1959-12-01,Manuf_excess,0.0182,0.01085114,0.01085114,0.01085114,1e+16
1959-12-01,Enrgy_excess,0.039,0.00920937,0.00920937,0.00920937,1e+16
1959-12-01,HiTec_excess,0.0308,0.01238304,0.01238304,0.01238304,1e+16
1959-12-01,Telcm_excess,0.04,0.00688203,0.00688203,0.00688203,1e+16
1959-12-01,Shops_excess,0.0234,0.00884937,0.00884937,0.00884937,1e+16
1959-12-01,Hlth_excess,-0.0202,0.01042506,0.01042506,0.01042506,1e+16
1959-12-01,Utils_excess,0.018,0.00815316,0.00815316,0.00815316,1e+16
1959-12-01,Other_excess,0.0173,0.00746582,0.00746582,0.00746582,1e+16
1960-01-01,NoDur_excess,-0.0369,0.00700455,0.00700455,0.00700455,1e+16
1960-01-01,Durbl_excess,-0.115,0.01323611,0.01323611,0.01323611,1e+16
1960-01-01,Manuf_excess,-0.0874,0.0108697,0.0108697,0.0108697,1e+16
1960-01-01,Enrgy_excess,-0.0783,0.0092846,0.00670835,0.00670835,10000.0
1960-01-01,HiTec_excess,-0.1012,0.01242955,0.01242955,0.01242955,1e+16
1960-01-01,Telcm_excess,0.0062,0.00696566,0.00696566,0.00696566,1e+16
1960-01-01,Shops_excess,-0.06,0.00888611,0.00888611,0.00888611,1e+16
1960-01-01,Hlth_excess,-0.0671,0.01034773,0.01034773,0.01034773,1e+16
1960-01-01,Utils_excess,-0.0241,0.00817803,0.00817803,0.00817803,1e+16
1960-01-01,Other_excess,-0.0484,0.00749066,0.00749066,0.00749066,1e+16
1960-02-01,NoDur_excess,0.0267,0.00689395,0.00689395,0.00689395,1e+16
1960-02-01,Durbl_excess,-0.0251,0.0129131,0.0129131,0.0129131,1e+16
1960-02-01,Manuf_excess,0.002,0.01062217,0.01062217,0.01062217,1e+16
1960-02-01,Enrgy_excess,-0.0375,0.00906398,0.00666145,0.00666145,10000.0
1960-02-01,HiTec_excess,0.0506,0.01214332,0.01214332,0.01214332,1e+16
1960-02-01,Telcm_excess,0.0808,0.00696373,0.00696373,0.00696373,1e+16
1960-02-01,Shops_excess,0.0393,0.00871259,0.00871259,0.00871259,1e+16
1960-02-01,Hlth_excess,0.0002,0.01015264,0.01015264,0.01015264,1e+16
1960-02-01,Utils_excess,0.0248,0.00809673,0.00809673,0.00809673,1e+16
1960-02-01,Other_excess,-0.0031,0.00734987,0.00734987,0.00734987,1e+16
1960-03-01,NoDur_excess,-0.0176,0.00694372,0.00694372,0.00694372,1e+16
1960-03-01,Durbl_excess,-0.0473,0.01281759,0.01281759,0.01281759,1e+16
1960-03-01,Manuf_excess,-0.039,0.0106005,0.0106005,0.0106005,1e+16
1960-03-01,Enrgy_excess,-0.0115,0.00894698,0.00661048,0.00661048,10000.0
1960-03-01,HiTec_excess,0.0129,0.01223995,0.01223995,0.01223995,1e+16
1960-03-01,Telcm_excess,-0.0018,0.00714925,0.00714925,0.00714925,1e+16
1960-03-01,Shops_excess,-0.0025,0.00878945,0.00878945,0.00878945,1e+16
1960-03-01,Hlth_excess,0.0127,0.01012764,0.01012764,0.01012764,1e+16
1960-03-01,Utils_excess,0.014,0.00813869,0.00813869,0.00813869,1e+16
1960-03-01,Other_excess,-0.0262,0.00732362,0.00732362,0.00732362,1e+16
1960-04-01,NoDur_excess,0.0133,0.00688221,0.00688221,0.00688221,1e+16
1960-04-01,Durbl_excess,-0.0176,0.01266692,0.01266692,0.01266692,1e+16
1960-04-01,Manuf_excess,-0.0372,0.01047619,0.01047619,0.01047619,1e+16
1960-04-01,Enrgy_excess,-0.0445,0.00889574,0.00689802,0.00689802,10000.0
1960-04-01,HiTec_excess,0.0033,0.0122416,0.0122416,0.0122416,1e+16
1960-04-01,Telcm_excess,-0.0124,0.00712682,0.00712682,0.00712682,1e+16
1960-04-01,Shops_excess,-0.0042,0.00876115,0.00876115,0.00876115,1e+16
1960-04-01,Hlth_excess,0.0146,0.01013409,0.01013409,0.01013409,1e+16
1960-04-01,Utils_excess,0.0119,0.00815338,0.00815338,0.00815338,1e+16
1960-04-01,Other_excess,-0.013,0.0072396,0.0072396,0.0072396,1e+16
1960-05-01,NoDur_excess,0.0626,0.00689825,0.00689825,0.00689825,1e+16
1960-05-01,Durbl_excess,-0.0096,0.01259125,0.01259125,0.01259125,1e+16
1960-05-01,Manuf_excess,0.0359,0.010357,0.010357,0.010357,1e+16
1960-05-01,Enrgy_excess,-0.0376,0.00876225,0.00668822,0.00668822,10000.0
1960-05-01,HiTec_excess,0.0928,0.01221925,0.01221925,0.01221925,1e+16
1960-05-01,Telcm_excess,0.0305,0.007078,0.007078,0.007078,1e+16
1960-05-01,Shops_excess,0.0287,0.00872875,0.00872875,0.00872875,1e+16
1960-05-01,Hlth_excess,0.1346,0.01014525,0.01014525,0.01014525,1e+16
1960-05-01,Utils_excess,0.0123,0.00816275,0.00816275,0.00816275,1e+16
1960-05-01,Other_excess,-0.0002,0.007189,0.007189,0.007189,1e+16
1960-06-01,NoDur_excess,0.0409,0.00703716,0.00703716,0.00703716,1e+16
1960-06-01,Durbl_excess,0.0056,0.01253591,0.01253591,0.01253591,1e+16
1960-06-01,Manuf_excess,0.0143,0.0104207,0.0104207,0.0104207,1e+16
1960-06-01,Enrgy_excess,0.0329,0.00864663,0.00656628,0.00656628,10000.0
1960-06-01,HiTec_excess,0.0121,0.0124202,0.0124202,0.0124202,1e+16
1960-06-01,Telcm_excess,-0.0059,0.00713641,0.00713641,0.00713641,1e+16
1960-06-01,Shops_excess,0.0358,0.00877855,0.00877855,0.00877855,1e+16
1960-06-01,Hlth_excess,-0.004,0.01045561,0.01045561,0.01045561,1e+16
1960-06-01,Utils_excess,0.0553,0.00817307,0.00817307,0.00817307,1e+16
1960-06-01,Other_excess,0.0255,0.00717057,0.00717057,0.00717057,1e+16
1960-07-01,NoDur_excess,-0.0108,0.00712139,0.00712139,0.00712139,1e+16
1960-07-01,Durbl_excess,-0.0072,0.01251866,0.01251866,0.01251866,1e+16
1960-07-01,Manuf_excess,-0.0429,0.01043035,0.01043035,0.01043035,1e+16
1960-07-01,Enrgy_excess,0.0057,0.00870697,0.00672545,0.00672545,10000.0
1960-07-01,HiTec_excess,-0.0433,0.0124194,0.0124194,0.0124194,1e+16
1960-07-01,Telcm_excess,-0.0003,0.00710398,0.00710398,0.00710398,1e+16
1960-07-01,Shops_excess,-0.0314,0.00884577,0.00884577,0.00884577,1e+16
1960-07-01,Hlth_excess,-0.04,0.01041965,0.01041965,0.01041965,1e+16
1960-07-01,Utils_excess,-0.012,0.0082903,0.0082903,0.0082903,1e+16
1960-07-01,Other_excess,-0.0152,0.00721617,0.00721617,0.00721617,1e+16
1960-08-01,NoDur_excess,0.0435,0.00707692,0.00707692,0.00707692,1e+16
1960-08-01,Durbl_excess,0.0333,0.01246973,0.01246973,0.01246973,1e+16
1960-08-01,Manuf_excess,0.0153,0.01029801,0.01029801,0.01029801,1e+16
1960-08-01,Enrgy_excess,0.0393,0.0086995,0.00697304,0.00697304,10000.0
1960-08-01,HiTec_excess,0.0099,0.01228114,0.01228114,0.01228114,1e+16
1960-08-01,Telcm_excess,0.0694,0.00708561,0.00708561,0.00708561,1e+16
1960-08-01,Shops_excess,0.0296,0.00874591,0.00874591,0.00874591,1e+16
1960-08-01,Hlth_excess,0.023,0.01029454,0.01029454,0.01029454,1e+16
1960-08-01,Utils_excess,0.0415,0.00823995,0.00823995,0.00823995,1e+16
1960-08-01,Other_excess,0.0294,0.00716055,0.00716055,0.00716055,1e+16
1960-09-01,NoDur_excess,-0.036,0.00716708,0.00716708,0.00716708,1e+16
1960-09-01,Durbl_excess,-0.0584,0.01252129,0.01252129,0.01252129,1e+16
1960-09-01,Manuf_excess,-0.072,0.0103104,0.0103104,0.0103104,1e+16
1960-09-01,Enrgy_excess,-0.0116,0.00877525,0.00685888,0.00685888,10000.0
1960-09-01,HiTec_excess,-0.0889,0.01227525,0.01227525,0.01227525,1e+16
1960-09-01,Telcm_excess,-0.0611,0.00723985,0.00723985,0.00723985,1e+16
1960-09-01,Shops_excess,-0.0855,0.00879752,0.00879752,0.00879752,1e+16
1960-09-01,Hlth_excess,-0.0888,0.01032599,0.01032599,0.01032599,1e+16
1960-09-01,Utils_excess,-0.0465,0.00832228,0.00832228,0.00832228,1e+16
1960-09-01,Other_excess,-0.0586,0.00721559,0.00721559,0.00721559,1e+16
1960-10-01,NoDur_excess,0.0144,0.00706049,0.00706049,0.00706049,1e+16
1960-10-01,Durbl_excess,-0.0156,0.01234617,0.01234617,0.01234617,1e+16
1960-10-01,Manuf_excess,-0.0119,0.01010716,0.01010716,0.01010716,1e+16
1960-10-01,Enrgy_excess,0.022,0.00872494,0.00718305,0.00718305,10000.0
1960-10-01,HiTec_excess,-0.0347,0.01202543,0.01202543,0.01202543,1e+16
1960-10-01,Telcm_excess,-0.0008,0.00707111,0.00707111,0.00707111,1e+16
1960-10-01,Shops_excess,0.0001,0.00856469,0.00856469,0.00856469,1e+16
1960-10-01,Hlth_excess,-0.0371,0.01008123,0.01008123,0.01008123,1e+16
1960-10-01,Utils_excess,-0.0056,0.00818691,0.00818691,0.00818691,1e+16
1960-10-01,Other_excess,-0.0103,0.00705309,0.00705309,0.00705309,1e+16
1960-11-01,NoDur_excess,0.0854,0.00707857,0.00707857,0.00707857,1e+16
1960-11-01,Durbl_excess,-0.0083,0.01227734,0.01227734,0.01227734,1e+16
1960-11-01,Manuf_excess,0.0471,0.01005296,0.01005296,0.01005296,1e+16
1960-11-01,Enrgy_excess,0.0326,0.00875764,0.00714624,0.00714624,10000.0
1960-11-01,HiTec_excess,0.0689,0.01191034,0.01191034,0.01191034,1e+16
1960-11-01,Telcm_excess,0.0406,0.00705172,0.00705172,0.00705172,1e+16
1960-11-01,Shops_excess,0.0679,0.00854384,0.00854384,0.00854384,1e+16
1960-11-01,Hlth_excess,0.0392,0.00996502,0.00996502,0.00996502,1e+16
1960-11-01,Utils_excess,0.0361,0.00815296,0.00815296,0.00815296,1e+16
1960-11-01,Other_excess,0.0654,0.00701034,0.00701034,0.00701034,1e+16
1960-12-01,NoDur_excess,0.0432,0.00727101,0.00727101,0.00727101,1e+16
1960-12-01,Durbl_excess,-0.0057,0.01222678,0.01222678,0.01222678,1e+16
1960-12-01,Manuf_excess,0.038,0.01014398,0.01014398,0.01014398,1e+16
1960-12-01,Enrgy_excess,0.0515,0.00881622,0.00710169,0.00710169,10000.0
1960-12-01,HiTec_excess,0.0287,0.01205037,0.01205037,0.01205037,1e+16
1960-12-01,Telcm_excess,0.124,0.00713415,0.00713415,0.00713415,1e+16
1960-12-01,Shops_excess,0.021,0.00868968,0.00868968,0.00868968,1e+16
1960-12-01,Hlth_excess,0.0606,0.01003686,0.01003686,0.01003686,1e+16
1960-12-01,Utils_excess,0.062,0.00822162,0.00822162,0.00822162,1e+16
1960-12-01,Other_excess,0.0405,0.00715381,0.00715381,0.00715381,1e+16
1961-01-01,NoDur_excess,0.0522,0.00735907,0.00411954,0.00411954,1193.77664171
1961-01-01,Durbl_excess,0.0817,0.01218284,-0.0028008,0.0,587.80160723
1961-01-01,Manuf_excess,0.0641,0.01021225,0.00379381,0.00379381,1193.77664171
1961-01-01,Enrgy_excess,0.0957,0.00892083,-0.00027835,0.0,587.80160723
1961-01-01,HiTec_excess,0.0268,0.01209118,0.00746139,0.00746139,1193.77664171
1961-01-01,Telcm_excess,0.077,0.00742059,0.00742059,0.00742059,1e+16
1961-01-01,Shops_excess,0.0275,0.00871985,-7.325e-05,0.0,587.80160723
1961-01-01,Hlth_excess,0.0583,0.01016078,0.01016078,0.01016078,1e+16
1961-01-01,Utils_excess,0.0477,0.00835343,0.0032577,0.0032577,587.80160723
1961-01-01,Other_excess,0.0759,0.00723554,-0.00159685,0.0,587.80160723
1961-02-01,NoDur_excess,0.0647,0.0074687,0.00773088,0.00773088,1193.77664171
1961-02-01,Durbl_excess,0.0387,0.01235281,0.00457105,0.00457105,587.80160723
1961-02-01,Manuf_excess,0.0492,0.01034401,0.00377139,0.00377139,1193.77664171
1961-02-01,Enrgy_excess,0.0059,0.00913301,-0.00280491,0.0,587.80160723
1961-02-01,HiTec_excess,0.0257,0.01212714,0.0101204,0.0101204,1193.77664171
1961-02-01,Telcm_excess,0.0061,0.00759071,0.00759071,0.00759071,1e+16
1961-02-01,Shops_excess,0.0482,0.00876577,0.01182514,0.01182514,587.80160723
1961-02-01,Hlth_excess,0.0506,0.01027848,0.01027848,0.01027848,1e+16
1961-02-01,Utils_excess,0.0349,0.00844963,0.01045611,0.01045611,587.80160723
1961-02-01,Other_excess,0.0554,0.00740342,0.0001678,0.0001678,587.80160723
1961-03-01,NoDur_excess,0.0465,0.00760829,0.0058677,0.0058677,1193.77664171
1961-03-01,Durbl_excess,0.0323,0.01241707,-0.00106016,0.0,587.80160723
1961-03-01,Manuf_excess,0.0141,0.01043878,0.0034483,0.0034483,1193.77664171
1961-03-01,Enrgy_excess,0.012,0.00912512,-0.00174437,0.0,587.80160723
1961-03-01,HiTec_excess,0.0257,0.01216024,0.00814455,0.00814455,1193.77664171
1961-03-01,Telcm_excess,0.0728,0.00758707,0.00758707,0.00758707,1e+16
1961-03-01,Shops_excess,0.0567,0.00886195,0.00464228,0.00464228,587.80160723
1961-03-01,Hlth_excess,0.036,0.01037683,0.01037683,0.01037683,1e+16
1961-03-01,Utils_excess,0.0182,0.00851415,0.00717403,0.00717403,587.80160723
1961-03-01,Other_excess,0.0335,0.00752049,-0.00076808,0.0,587.80160723
1961-04-01,NoDur_excess,-0.0152,0.00770292,0.00668076,0.00668076,1193.77664171
1961-04-01,Durbl_excess,-0.0188,0.01246545,0.00180957,0.00180957,587.80160723
1961-04-01,Manuf_excess,-0.0151,0.01044769,0.00452658,0.00452658,1193.77664171
1961-04-01,Enrgy_excess,0.0458,0.00913212,-0.00141722,0.0,587.80160723
1961-04-01,HiTec_excess,0.0031,0.01219319,0.00871504,0.00871504,1193.77664171
1961-04-01,Telcm_excess,0.0063,0.00774574,0.00774574,0.00774574,1e+16
1961-04-01,Shops_excess,0.0042,0.00897835,0.0067568,0.0067568,587.80160723
1961-04-01,Hlth_excess,-0.0048,0.01043917,0.01043917,0.01043917,1e+16
1961-04-01,Utils_excess,0.0169,0.00853771,0.00586542,0.00586542,587.80160723
1961-04-01,Other_excess,0.004,0.0075837,1.9e-06,1.9e-06,587.80160723
1961-05-01,NoDur_excess,0.035,0.00764733,0.00452543,0.00452543,1193.77664171
1961-05-01,Durbl_excess,0.011,0.01238956,-0.00191896,0.0,587.80160723
1961-05-01,Manuf_excess,0.044,0.01038568,0.00429055,0.00429055,1193.77664171
1961-05-01,Enrgy_excess,-0.0004,0.00922112,0.00030719,0.00030719,587.80160723
1961-05-01,HiTec_excess,0.0268,0.01217112,0.00664207,0.00664207,1193.77664171
1961-05-01,Telcm_excess,-0.0122,0.00774223,0.00774223,0.00774223,1e+16
1961-05-01,Shops_excess,0.0391,0.00896675,0.00026691,0.00026691,587.80160723
1961-05-01,Hlth_excess,0.021,0.01040218,0.01040218,0.01040218,1e+16
1961-05-01,Utils_excess,0.0221,0.00855801,0.00092953,0.00092953,587.80160723
1961-05-01,Other_excess,0.04,0.007575,-0.00143583,0.0,587.80160723
1961-06-01,NoDur_excess,-0.016,0.00771356,0.00709807,0.00709807,1193.77664171
1961-06-01,Durbl_excess,-0.0173,0.0123862,0.00190439,0.00190439,587.80160723
1961-06-01,Manuf_excess,-0.0317,0.01046707,0.00399997,0.00399997,1193.77664171
1961-06-01,Enrgy_excess,-0.0422,0.00919782,-0.0020714,0.0,587.80160723
1961-06-01,HiTec_excess,-0.0356,0.01220654,0.00873209,0.00873209,1193.77664171
1961-06-01,Telcm_excess,-0.0422,0.00769395,0.00769395,0.00769395,1e+16
1961-06-01,Shops_excess,0.0038,0.00903971,0.0087863,0.0087863,587.80160723
1961-06-01,Hlth_excess,-0.0363,0.01042785,0.01042785,0.01042785,1e+16
1961-06-01,Utils_excess,-0.0207,0.0085908,0.00735802,0.00735802,587.80160723
1961-06-01,Other_excess,-0.0394,0.00765351,0.00010137,0.00010137,587.80160723
1961-07-01,NoDur_excess,0.0266,0.00765628,0.00649526,0.00649526,1193.77664171
1961-07-01,Durbl_excess,0.0597,0.01231449,0.00160659,0.00160659,587.80160723
1961-07-01,Manuf_excess,0.023,0.01036522,0.00434959,0.00434959,1193.77664171
1961-07-01,Enrgy_excess,0.021,0.00907367,-0.00155284,0.0,587.80160723
1961-07-01,HiTec_excess,0.0161,0.01209106,0.00819518,0.00819518,1193.77664171
1961-07-01,Telcm_excess,0.0625,0.00757343,0.00757343,0.00757343,1e+16
1961-07-01,Shops_excess,0.0228,0.00902705,0.0069237,0.0069237,587.80160723
1961-07-01,Hlth_excess,0.0332,0.01031498,0.01031498,0.01031498,1e+16
1961-07-01,Utils_excess,0.0269,0.00852005,0.00491621,0.00491621,587.80160723
1961-07-01,Other_excess,0.0108,0.00753986,-0.00039137,0.0,587.80160723
1961-08-01,NoDur_excess,0.0499,0.00770193,0.00557335,0.00557335,1193.77664171
1961-08-01,Durbl_excess,0.0122,0.01242867,-0.00136419,0.0,587.80160723
1961-08-01,Manuf_excess,0.0231,0.01039566,0.00290352,0.00290352,1193.77664171
1961-08-01,Enrgy_excess,0.0003,0.00910241,-0.00260647,0.0,587.80160723
1961-08-01,HiTec_excess,0.0435,0.01210072,0.00671183,0.00671183,1193.77664171
1961-08-01,Telcm_excess,0.0007,0.00770578,0.00770578,0.00770578,1e+16
1961-08-01,Shops_excess,0.0312,0.00906024,0.00480626,0.00480626,587.80160723
1961-08-01,Hlth_excess,0.0372,0.01037012,0.01037012,0.01037012,1e+16
1961-08-01,Utils_excess,0.0367,0.00856434,0.00404463,0.00404463,587.80160723
1961-08-01,Other_excess,0.0505,0.00754771,-0.00176069,0.0,587.80160723
1961-09-01,NoDur_excess,-0.0012,0.00780337,0.00701116,0.00701116,1193.77664171
1961-09-01,Durbl_excess,0.045,0.01242813,0.00140048,0.00140048,587.80160723
1961-09-01,Manuf_excess,-0.0464,0.0104262,0.00370626,0.00370626,1193.77664171
1961-09-01,Enrgy_excess,-0.0659,0.00908125,-0.00282925,0.0,587.80160723
1961-09-01,HiTec_excess,0.0005,0.0121762,0.00816973,0.00816973,1193.77664171
1961-09-01,Telcm_excess,-0.029,0.00768894,0.00768894,0.00768894,1e+16
1961-09-01,Shops_excess,0.0014,0.00911346,0.00741701,0.00741701,587.80160723
1961-09-01,Hlth_excess,-0.014,0.01043462,0.01043462,0.01043462,1e+16
1961-09-01,Utils_excess,0.0124,0.00863197,0.00616605,0.00616605,587.80160723
1961-09-01,Other_excess,-0.0197,0.00765096,-0.00082318,0.0,587.80160723
1961-10-01,NoDur_excess,0.0316,0.00778177,0.00615997,0.00615997,1193.77664171
1961-10-01,Durbl_excess,0.0035,0.01250624,-0.00076203,0.0,587.80160723
1961-10-01,Manuf_excess,-0.0041,0.01028993,0.00260038,0.00260038,1193.77664171
1961-10-01,Enrgy_excess,0.0648,0.00890144,-0.0031651,0.0,587.80160723
1961-10-01,HiTec_excess,0.0318,0.0121482,0.00726848,0.00726848,1193.77664171
1961-10-01,Telcm_excess,0.0001,0.00760096,0.00760096,0.00760096,1e+16
1961-10-01,Shops_excess,0.0887,0.00909496,0.00530338,0.00530338,587.80160723
1961-10-01,Hlth_excess,0.0347,0.01037602,0.01037602,0.01037602,1e+16
1961-10-01,Utils_excess,0.0512,0.00864101,0.00582446,0.00582446,587.80160723
1961-10-01,Other_excess,0.0211,0.00758537,-0.00112424,0.0,587.80160723
1961-11-01,NoDur_excess,0.0534,0.00783876,0.00690598,0.00690598,1193.77664171
1961-11-01,Durbl_excess,0.0958,0.01248469,0.00067314,0.00067314,587.80160723
1961-11-01,Manuf_excess,0.0278,0.0102555,0.00273261,0.00273261,1193.77664171
1961-11-01,Enrgy_excess,0.0529,0.00903517,-0.00279031,0.0,587.80160723
1961-11-01,HiTec_excess,0.0277,0.01219522,0.00803402,0.00803402,1193.77664171
1961-11-01,Telcm_excess,0.0835,0.00758301,0.00758301,0.00758301,1e+16
1961-11-01,Shops_excess,0.0498,0.00928541,0.00788541,0.00788541,587.80160723
1961-11-01,Hlth_excess,0.0298,0.01043421,0.01043421,0.01043421,1e+16
1961-11-01,Utils_excess,0.0327,0.00874282,0.00748724,0.00748724,587.80160723
1961-11-01,Other_excess,0.0369,0.0076177,-0.00058807,0.0,587.80160723
1961-12-01,NoDur_excess,-0.0338,0.00794749,0.00725575,0.00725575,1193.77664171
1961-12-01,Durbl_excess,0.0268,0.01268353,0.00190787,0.00190787,587.80160723
1961-12-01,Manuf_excess,-0.0002,0.01029737,0.00309383,0.00309383,1193.77664171
1961-12-01,Enrgy_excess,0.0366,0.00913986,-0.0024456,0.0,587.80160723
1961-12-01,HiTec_excess,-0.0087,0.01223222,0.00835692,0.00835692,1193.77664171
1961-12-01,Telcm_excess,0.0313,0.0077642,0.0077642,0.0077642,1e+16
1961-12-01,Shops_excess,-0.0054,0.0093821,0.00847942,0.00847942,587.80160723
1961-12-01,Hlth_excess,-0.0218,0.01048043,0.01048043,0.01048043,1e+16
1961-12-01,Utils_excess,-0.0439,0.0088,0.00752045,0.00752045,587.80160723
1961-12-01,Other_excess,-0.0205,0.00768759,-0.00044832,0.0,587.80160723
1962-01-01,NoDur_excess,-0.0639,0.0078481,0.0078481,0.0078481,1e+16
1962-01-01,Durbl_excess,-0.0041,0.01271714,0.004802,0.004802,1193.77664171
1962-01-01,Manuf_excess,-0.0379,0.01027238,0.00526242,0.00526242,2424.46201708
1962-01-01,Enrgy_excess,-0.001,0.00920524,-0.00211661,0.0,587.80160723
1962-01-01,HiTec_excess,-0.052,0.01218238,0.01061884,0.01061884,4923.88263171
1962-01-01,Telcm_excess,-0.0631,0.00782024,0.00782024,0.00782024,1e+16
1962-01-01,Shops_excess,-0.0887,0.0093469,0.00898856,0.00898856,1193.77664171
1962-01-01,Hlth_excess,-0.0502,0.01040357,0.01040357,0.01040357,1e+16
1962-01-01,Utils_excess,-0.0283,0.00867452,0.0081467,0.0081467,1193.77664171
1962-01-01,Other_excess,-0.017,0.00762048,0.00082047,0.00082047,1193.77664171
1962-02-01,NoDur_excess,0.0005,0.00767767,0.00767767,0.00767767,1e+16
1962-02-01,Durbl_excess,-0.0167,0.0126772,0.00440388,0.00440388,1193.77664171
1962-02-01,Manuf_excess,0.012,0.01015796,0.00503728,0.00503728,2424.46201708
1962-02-01,Enrgy_excess,0.0511,0.009181,-0.00148886,0.0,587.80160723
1962-02-01,HiTec_excess,-0.0022,0.01202993,0.01046309,0.01046309,4923.88263171
1962-02-01,Telcm_excess,0.0391,0.00765178,0.00765178,0.00765178,1e+16
1962-02-01,Shops_excess,0.0144,0.00911401,0.00764926,0.00764926,1193.77664171
1962-02-01,Hlth_excess,0.0355,0.01025962,0.01025962,0.01025962,1e+16
1962-02-01,Utils_excess,0.0243,0.0085867,0.00846063,0.00846063,1193.77664171
1962-02-01,Other_excess,0.015,0.007562,0.00097617,0.00097617,1193.77664171
1962-03-01,NoDur_excess,-0.013,0.00766066,0.00766066,0.00766066,1e+16
1962-03-01,Durbl_excess,0.0021,0.01260758,0.00159558,0.00159558,1193.77664171
1962-03-01,Manuf_excess,-0.0064,0.01016232,0.00473229,0.00473229,2424.46201708
1962-03-01,Enrgy_excess,-0.0188,0.00928033,-0.00073627,0.0,587.80160723
1962-03-01,HiTec_excess,0.0003,0.01199621,0.00993845,0.00993845,4923.88263171
1962-03-01,Telcm_excess,-0.0314,0.0077263,0.0077263,0.0077263,1e+16
1962-03-01,Shops_excess,0.0071,0.00912654,0.00454651,0.00454651,1193.77664171
1962-03-01,Hlth_excess,0.0021,0.01031943,0.01031943,0.01031943,1e+16
1962-03-01,Utils_excess,0.0176,0.00862393,0.00662206,0.00662206,1193.77664171
1962-03-01,Other_excess,-0.0197,0.00757962,0.00026587,0.00026587,1193.77664171
1962-04-01,NoDur_excess,-0.0699,0.00761182,0.00761182,0.00761182,1e+16
1962-04-01,Durbl_excess,-0.054,0.01258274,0.00167453,0.00167453,1193.77664171
1962-04-01,Manuf_excess,-0.0817,0.01012317,0.00517153,0.00517153,2424.46201708
1962-04-01,Enrgy_excess,-0.0379,0.00921395,0.00070094,0.00070094,587.80160723
1962-04-01,HiTec_excess,-0.1129,0.01196856,0.01007535,0.01007535,4923.88263171
1962-04-01,Telcm_excess,-0.049,0.00763381,0.00763381,0.00763381,1e+16
1962-04-01,Shops_excess,-0.0465,0.00912175,0.00417976,0.00417976,1193.77664171
1962-04-01,Hlth_excess,-0.1156,0.0103,0.0103,0.0103,1e+16
1962-04-01,Utils_excess,-0.0301,0.00864515,0.0071582,0.0071582,1193.77664171
1962-04-01,Other_excess,-0.073,0.00751513,0.00094126,0.00094126,1193.77664171
1962-05-01,NoDur_excess,-0.1155,0.00742901,0.00742901,0.00742901,1e+16
1962-05-01,Durbl_excess,-0.0469,0.01242571,0.0039456,0.0039456,1193.77664171
1962-05-01,Manuf_excess,-0.0847,0.0099066,0.00530191,0.00530191,2424.46201708
1962-05-01,Enrgy_excess,-0.0519,0.00910283,0.00103836,0.00103836,587.80160723
1962-05-01,HiTec_excess,-0.1142,0.01167406,0.01016401,0.01016401,4923.88263171
1962-05-01,Telcm_excess,-0.073,0.00750024,0.00750024,0.00750024,1e+16
1962-05-01,Shops_excess,-0.0932,0.00899057,0.00677911,0.00677911,1193.77664171
1962-05-01,Hlth_excess,-0.1105,0.01000307,0.01000307,0.01000307,1e+16
1962-05-01,Utils_excess,-0.1071,0.00855377,0.0088275,0.0088275,1193.77664171
1962-05-01,Other_excess,-0.081,0.00732524,0.00165755,0.00165755,1193.77664171
1962-06-01,NoDur_excess,-0.0902,0.00713976,0.00713976,0.00713976,1e+16
1962-06-01,Durbl_excess,-0.0627,0.01228612,0.00738247,0.00738247,1193.77664171
1962-06-01,Manuf_excess,-0.0982,0.009684,0.00685209,0.00685209,2424.46201708
1962-06-01,Enrgy_excess,-0.0504,0.00895929,0.00483153,0.00483153,587.80160723
1962-06-01,HiTec_excess,-0.1177,0.01137788,0.01023045,0.01023045,4923.88263171
1962-06-01,Telcm_excess,-0.0872,0.00731082,0.00731082,0.00731082,1e+16
1962-06-01,Shops_excess,-0.1046,0.00875012,0.00600964,0.00600964,1193.77664171
1962-06-01,Hlth_excess,-0.131,0.00971953,0.00971953,0.00971953,1e+16
1962-06-01,Utils_excess,-0.0531,0.00828165,0.00770069,0.00770069,1193.77664171
1962-06-01,Other_excess,-0.0936,0.00711741,0.00256681,0.00256681,1193.77664171
1962-07-01,NoDur_excess,0.0496,0.00691127,0.00691127,0.00691127,1e+16
1962-07-01,Durbl_excess,0.0776,0.01211009,0.00915894,0.00915894,1193.77664171
1962-07-01,Manuf_excess,0.0498,0.00943075,0.00712808,0.00712808,2424.46201708
1962-07-01,Enrgy_excess,0.0463,0.00881995,0.00507505,0.00507505,587.80160723
1962-07-01,HiTec_excess,0.1103,0.01107488,0.01054483,0.01054483,4923.88263171
1962-07-01,Telcm_excess,0.0696,0.00708897,0.00708897,0.00708897,1e+16
1962-07-01,Shops_excess,0.041,0.00848404,0.00808888,0.00808888,1193.77664171
1962-07-01,Hlth_excess,0.0751,0.0093892,0.0093892,0.0093892,1e+16
1962-07-01,Utils_excess,0.0712,0.00813756,0.00907613,0.00907613,1193.77664171
1962-07-01,Other_excess,0.0547,0.00688099,0.00378709,0.00378709,1193.77664171
1962-08-01,NoDur_excess,0.0067,0.00701124,0.00701124,0.00701124,1e+16
1962-08-01,Durbl_excess,0.0362,0.01226347,0.00689529,0.00689529,1193.77664171
1962-08-01,Manuf_excess,0.0213,0.00952529,0.00592531,0.00592531,2424.46201708
1962-08-01,Enrgy_excess,0.0161,0.00890773,0.00248769,0.00248769,587.80160723
1962-08-01,HiTec_excess,0.0316,0.01130726,0.01047691,0.01047691,4923.88263171
1962-08-01,Telcm_excess,0.0135,0.00723536,0.00723536,0.00723536,1e+16
1962-08-01,Shops_excess,0.0407,0.00856019,0.00765421,0.00765421,1193.77664171
1962-08-01,Hlth_excess,-0.0815,0.00954309,0.00954309,0.00954309,1e+16
1962-08-01,Utils_excess,0.0292,0.00828525,0.00930062,0.00930062,1193.77664171
1962-08-01,Other_excess,0.036,0.00699297,0.00256867,0.00256867,1193.77664171
1962-09-01,NoDur_excess,-0.0582,0.00701051,0.00701051,0.00701051,1e+16
1962-09-01,Durbl_excess,-0.0241,0.01231939,0.0042753,0.0042753,1193.77664171
1962-09-01,Manuf_excess,-0.0601,0.0095528,0.0054561,0.0054561,2424.46201708
1962-09-01,Enrgy_excess,-0.0198,0.00892453,0.00250313,0.00250313,587.80160723
1962-09-01,HiTec_excess,-0.0908,0.01135467,0.00999111,0.00999111,4923.88263171
1962-09-01,Telcm_excess,-0.0627,0.00725,0.00725,0.00725,1e+16
1962-09-01,Shops_excess,-0.0684,0.00863528,0.00477662,0.00477662,1193.77664171
1962-09-01,Hlth_excess,-0.0426,0.00933037,0.00933037,0.00933037,1e+16
1962-09-01,Utils_excess,-0.0308,0.00833411,0.00810495,0.00810495,1193.77664171
1962-09-01,Other_excess,-0.0597,0.00706075,0.00197129,0.00197129,1193.77664171
1962-10-01,NoDur_excess,-0.0352,0.00685851,0.00685851,0.00685851,1e+16
1962-10-01,Durbl_excess,0.0221,0.0122345,0.00597909,0.00597909,1193.77664171
1962-10-01,Manuf_excess,0.0123,0.00939044,0.00583515,0.00583515,2424.46201708
1962-10-01,Enrgy_excess,-0.0054,0.00885758,0.0033574,0.0033574,587.80160723
1962-10-01,HiTec_excess,-0.0039,0.01111655,0.010097,0.010097,4923.88263171
1962-10-01,Telcm_excess,0.0252,0.00708695,0.00708695,0.00708695,1e+16
1962-10-01,Shops_excess,-0.0159,0.00845571,0.00608281,0.00608281,1193.77664171
1962-10-01,Hlth_excess,0.0221,0.00920932,0.00920932,0.00920932,1e+16
1962-10-01,Utils_excess,-0.0134,0.00824289,0.00872021,0.00872021,1193.77664171
1962-10-01,Other_excess,0.0032,0.00690513,0.0027186,0.0027186,1193.77664171
1962-11-01,NoDur_excess,0.1192,0.0067607,0.0067607,0.0067607,1e+16
1962-11-01,Durbl_excess,0.0662,0.01225744,0.00675614,0.00675614,1193.77664171
1962-11-01,Manuf_excess,0.1303,0.00939721,0.00624591,0.00624591,2424.46201708
1962-11-01,Enrgy_excess,0.1055,0.00882442,0.0041312,0.0041312,587.80160723
1962-11-01,HiTec_excess,0.1438,0.01108163,0.01008052,0.01008052,4923.88263171
1962-11-01,Telcm_excess,0.0697,0.00712907,0.00712907,0.00712907,1e+16
1962-11-01,Shops_excess,0.1096,0.00839907,0.00572158,0.00572158,1193.77664171
1962-11-01,Hlth_excess,0.1743,0.0092393,0.0092393,0.0092393,1e+16
1962-11-01,Utils_excess,0.0745,0.00819256,0.00839634,0.00839634,1193.77664171
1962-11-01,Other_excess,0.1458,0.00689651,0.00284189,0.00284189,1193.77664171
1962-12-01,NoDur_excess,0.0122,0.00702158,0.00702158,0.00702158,1e+16
1962-12-01,Durbl_excess,0.0331,0.0123826,0.00592605,0.00592605,1193.77664171
1962-12-01,Manuf_excess,-0.013,0.00967773,0.00588397,0.00588397,2424.46201708
1962-12-01,Enrgy_excess,0.0446,0.00904872,0.00271537,0.00271537,587.80160723
1962-12-01,HiTec_excess,-0.004,0.01138956,0.0102612,0.0102612,4923.88263171
1962-12-01,Telcm_excess,0.0085,0.00727425,0.00727425,0.00727425,1e+16
1962-12-01,Shops_excess,-0.0019,0.00863387,0.00673317,0.00673317,1193.77664171
1962-12-01,Hlth_excess,0.0065,0.00962227,0.00962227,0.00962227,1e+16
1962-12-01,Utils_excess,0.0325,0.0083464,0.00898887,0.00898887,1193.77664171
1962-12-01,Other_excess,0.0116,0.00721879,0.00259558,0.00259558,1193.77664171
1963-01-01,NoDur_excess,0.0569,0.00703356,0.00649065,0.00649065,10000.0
1963-01-01,Durbl_excess,0.0735,0.01243056,0.0057409,0.0057409,1193.77664171
1963-01-01,Manuf_excess,0.0553,0.00962523,0.00596737,0.00596737,2424.46201708
1963-01-01,Enrgy_excess,0.0243,0.00913102,0.00413776,0.00413776,1193.77664171
1963-01-01,HiTec_excess,0.0539,0.01135394,0.00964553,0.00964553,2424.46201708
1963-01-01,Telcm_excess,0.0388,0.00727708,0.00727708,0.00727708,1e+16
1963-01-01,Shops_excess,0.0388,0.00860949,0.00617074,0.00617074,1193.77664171
1963-01-01,Hlth_excess,0.0541,0.00961505,0.00907453,0.00907453,10000.0
1963-01-01,Utils_excess,0.05,0.00840231,0.00864231,0.00864231,1193.77664171
1963-01-01,Other_excess,0.0497,0.00722894,0.00277564,0.00277564,1193.77664171
1963-02-01,NoDur_excess,-0.0327,0.00714873,0.00667619,0.00667619,10000.0
1963-02-01,Durbl_excess,-0.0315,0.01257159,0.00627684,0.00627684,1193.77664171
1963-02-01,Manuf_excess,-0.0279,0.00973072,0.00585898,0.00585898,2424.46201708
1963-02-01,Enrgy_excess,-0.0156,0.00916605,0.00352733,0.00352733,1193.77664171
1963-02-01,HiTec_excess,-0.053,0.01145219,0.00985635,0.00985635,2424.46201708
1963-02-01,Telcm_excess,-0.0134,0.00734988,0.00734988,0.00734988,1e+16
1963-02-01,Shops_excess,-0.0091,0.00867921,0.00737822,0.00737822,1193.77664171
1963-02-01,Hlth_excess,-0.0281,0.00971778,0.00924889,0.00924889,10000.0
1963-02-01,Utils_excess,-0.0169,0.00849838,0.00957992,0.00957992,1193.77664171
1963-02-01,Other_excess,-0.0072,0.00732702,0.00281835,0.00281835,1193.77664171
1963-03-01,NoDur_excess,0.0233,0.00705691,0.00658891,0.00658891,10000.0
1963-03-01,Durbl_excess,0.0686,0.01247005,0.00650558,0.00650558,1193.77664171
1963-03-01,Manuf_excess,0.0265,0.00964401,0.00620518,0.00620518,2424.46201708
1963-03-01,Enrgy_excess,0.0675,0.00910899,0.00424015,0.00424015,1193.77664171
1963-03-01,HiTec_excess,0.0252,0.01130369,0.009812,0.009812,2424.46201708
1963-03-01,Telcm_excess,0.0171,0.00730207,0.00730207,0.00730207,1e+16
1963-03-01,Shops_excess,0.0178,0.00863825,0.00716383,0.00716383,1193.77664171
1963-03-01,Hlth_excess,0.0095,0.00963065,0.00916762,0.00916762,10000.0
1963-03-01,Utils_excess,0.0156,0.00843986,0.0091702,0.0091702,1193.77664171
1963-03-01,Other_excess,0.0271,0.00729355,0.00338432,0.00338432,1193.77664171
1963-04-01,NoDur_excess,0.0214,0.00709425,0.0065636,0.0065636,10000.0
1963-04-01,Durbl_excess,0.054,0.01259908,0.00611488,0.00611488,1193.77664171
1963-04-01,Manuf_excess,0.0442,0.00968276,0.00598696,0.00598696,2424.46201708
1963-04-01,Enrgy_excess,0.058,0.00924322,0.00432109,0.00432109,1193.77664171
1963-04-01,HiTec_excess,0.0617,0.01133563,0.00949699,0.00949699,2424.46201708
1963-04-01,Telcm_excess,0.0348,0.0073246,0.0073246,0.0073246,1e+16
1963-04-01,Shops_excess,0.0521,0.00865931,0.0067974,0.0067974,1193.77664171
1963-04-01,Hlth_excess,0.0738,0.00963034,0.00908048,0.00908048,10000.0
1963-04-01,Utils_excess,0.0212,0.00845632,0.00868752,0.00868752,1193.77664171
1963-04-01,Other_excess,0.0568,0.00733908,0.00318078,0.00318078,1193.77664171
1963-05-01,NoDur_excess,0.0164,0.00712706,0.00653221,0.00653221,10000.0
1963-05-01,Durbl_excess,0.0781,0.01269404,0.00596165,0.00596165,1193.77664171
1963-05-01,Manuf_excess,0.0186,0.00976193,0.00594686,0.00594686,2424.46201708
1963-05-01,Enrgy_excess,-0.0034,0.00935505,0.0041715,0.0041715,1193.77664171
1963-05-01,HiTec_excess,0.0396,0.01145115,0.00934672,0.00934672,2424.46201708
1963-05-01,Telcm_excess,-0.0088,0.00738761,0.00738761,0.00738761,1e+16
1963-05-01,Shops_excess,0.0237,0.00875894,0.00629841,0.00629841,1193.77664171
1963-05-01,Hlth_excess,-0.0049,0.00977752,0.00922371,0.00922371,10000.0
1963-05-01,Utils_excess,0.008,0.00848555,0.00798879,0.00798879,1193.77664171
1963-05-01,Other_excess,0.0333,0.00745252,0.00279021,0.00279021,1193.77664171
1963-06-01,NoDur_excess,-0.0161,0.00714828,0.00659514,0.00659514,10000.0
1963-06-01,Durbl_excess,-0.0347,0.01284371,0.00632431,0.00632431,1193.77664171
1963-06-01,Manuf_excess,-0.0279,0.00978215,0.00570743,0.00570743,2424.46201708
1963-06-01,Enrgy_excess,0.0098,0.00932586,0.00374573,0.00374573,1193.77664171
1963-06-01,HiTec_excess,-0.0515,0.01151556,0.00956742,0.00956742,2424.46201708
1963-06-01,Telcm_excess,-0.0217,0.00735057,0.00735057,0.00735057,1e+16
1963-06-01,Shops_excess,-0.0162,0.00879314,0.00704889,0.00704889,1193.77664171
1963-06-01,Hlth_excess,-0.0132,0.00974394,0.00918741,0.00918741,10000.0
1963-06-01,Utils_excess,-0.0136,0.00848444,0.00887019,0.00887019,1193.77664171
1963-06-01,Other_excess,-0.016,0.00751167,0.00293483,0.00293483,1193.77664171
1963-07-01,NoDur_excess,-0.0075,0.00709521,0.00648248,0.00648248,10000.0
1963-07-01,Durbl_excess,-0.0034,0.01273516,0.00562349,0.00562349,1193.77664171
1963-07-01,Manuf_excess,-0.0165,0.00969612,0.00550623,0.00550623,2424.46201708
1963-07-01,Enrgy_excess,0.0203,0.00932694,0.00392748,0.00392748,1193.77664171
1963-07-01,HiTec_excess,-0.0095,0.01137169,0.00928756,0.00928756,2424.46201708
1963-07-01,Telcm_excess,-0.0052,0.00728425,0.00728425,0.00728425,1e+16
1963-07-01,Shops_excess,-0.0132,0.00873607,0.00647954,0.00647954,1193.77664171
1963-07-01,Hlth_excess,0.003,0.00969155,0.00908391,0.00908391,10000.0
1963-07-01,Utils_excess,0.0054,0.00843402,0.00862992,0.00862992,1193.77664171
1963-07-01,Other_excess,-0.0186,0.00745799,0.00280074,0.00280074,1193.77664171
1963-08-01,NoDur_excess,0.0464,0.00706196,0.00648093,0.00648093,10000.0
1963-08-01,Durbl_excess,0.0632,0.01269841,0.00602311,0.00602311,1193.77664171
1963-08-01,Manuf_excess,0.0595,0.00963645,0.00593182,0.00593182,2424.46201708
1963-08-01,Enrgy_excess,0.0369,0.00935194,0.0049891,0.0049891,1193.77664171
1963-08-01,HiTec_excess,0.0489,0.01132415,0.00963977,0.00963977,2424.46201708
1963-08-01,Telcm_excess,0.0404,0.00725581,0.00725581,0.00725581,1e+16
1963-08-01,Shops_excess,0.0618,0.0086861,0.00661816,0.00661816,1193.77664171
1963-08-01,Hlth_excess,0.0932,0.00967631,0.00910494,0.00910494,10000.0
1963-08-01,Utils_excess,0.0387,0.00842711,0.00902651,0.00902651,1193.77664171
1963-08-01,Other_excess,0.0515,0.00739863,0.00343624,0.00343624,1193.77664171
1963-09-01,NoDur_excess,-0.0201,0.00715136,0.00658316,0.00658316,10000.0
1963-09-01,Durbl_excess,-0.0052,0.01281318,0.0060777,0.0060777,1193.77664171
1963-09-01,Manuf_excess,-0.0108,0.00974977,0.00582629,0.00582629,2424.46201708
1963-09-01,Enrgy_excess,-0.0392,0.00941455,0.00449903,0.00449903,1193.77664171
1963-09-01,HiTec_excess,-0.001,0.01140955,0.00977611,0.00977611,2424.46201708
1963-09-01,Telcm_excess,0.0209,0.00733114,0.00733114,0.00733114,1e+16
1963-09-01,Shops_excess,0.0065,0.00880682,0.00713868,0.00713868,1193.77664171
1963-09-01,Hlth_excess,-0.0434,0.00986614,0.00936302,0.00936302,10000.0
1963-09-01,Utils_excess,-0.0276,0.00849591,0.00974456,0.00974456,1193.77664171
1963-09-01,Other_excess,-0.0343,0.00749886,0.00321716,0.00321716,1193.77664171
1963-10-01,NoDur_excess,0.0237,0.00708957,0.0064607,0.0064607,10000.0
1963-10-01,Durbl_excess,0.1042,0.01277234,0.00587638,0.00587638,1193.77664171
1963-10-01,Manuf_excess,0.0227,0.00970317,0.00586855,0.00586855,2424.46201708
1963-10-01,Enrgy_excess,-0.0062,0.00930431,0.00440151,0.00440151,1193.77664171
1963-10-01,HiTec_excess,0.0793,0.01138141,0.00972584,0.00972584,2424.46201708
1963-10-01,Telcm_excess,0.0314,0.0073619,0.0073619,0.0073619,1e+16
1963-10-01,Shops_excess,0.0023,0.00880159,0.00659047,0.00659047,1193.77664171
1963-10-01,Hlth_excess,0.031,0.00974535,0.0091765,0.0091765,10000.0
1963-10-01,Utils_excess,-0.0096,0.00841406,0.00909718,0.00909718,1193.77664171
1963-10-01,Other_excess,0.0111,0.00740408,0.00289953,0.00289953,1193.77664171
1963-11-01,NoDur_excess,-0.014,0.00712715,0.00652977,0.00652977,10000.0
1963-11-01,Durbl_excess,-0.0547,0.01297919,0.00634435,0.00634435,1193.77664171
1963-11-01,Manuf_excess,0.0004,0.00973258,0.00543935,0.00543935,2424.46201708
1963-11-01,Enrgy_excess,-0.0141,0.00926923,0.00353341,0.00353341,1193.77664171
1963-11-01,HiTec_excess,-0.0056,0.01153507,0.01009371,0.01009371,2424.46201708
1963-11-01,Telcm_excess,0.0387,0.00741629,0.00741629,0.00741629,1e+16
1963-11-01,Shops_excess,-0.0152,0.00878688,0.00755689,0.00755689,1193.77664171
1963-11-01,Hlth_excess,-0.0191,0.00979344,0.00926388,0.00926388,10000.0
1963-11-01,Utils_excess,-0.0133,0.0083733,0.00983536,0.00983536,1193.77664171
1963-11-01,Other_excess,-0.0017,0.00741244,0.00267302,0.00267302,1193.77664171
1963-12-01,NoDur_excess,0.0255,0.00707946,0.00644925,0.00644925,10000.0
1963-12-01,Durbl_excess,0.0029,0.01282641,0.00619231,0.00619231,1193.77664171
1963-12-01,Manuf_excess,0.0165,0.00971151,0.00602891,0.00602891,2424.46201708
1963-12-01,Enrgy_excess,0.0437,0.00921648,0.00455027,0.00455027,1193.77664171
1963-12-01,HiTec_excess,0.0275,0.01149639,0.01000361,0.01000361,2424.46201708
1963-12-01,Telcm_excess,-0.0038,0.00748691,0.00748691,0.00748691,1e+16
1963-12-01,Shops_excess,0.0004,0.00873273,0.00616503,0.00616503,1193.77664171
1963-12-01,Hlth_excess,0.0125,0.00972822,0.00912255,0.00912255,10000.0
1963-12-01,Utils_excess,0.0212,0.00832438,0.00898858,0.00898858,1193.77664171
1963-12-01,Other_excess,0.0236,0.00739187,0.00288717,0.00288717,1193.77664171
1964-01-01,NoDur_excess,0.0048,0.00712095,0.00691556,0.00691556,41246.26382901
1964-01-01,Durbl_excess,0.0092,0.01280405,0.00507704,0.00507704,1193.77664171
1964-01-01,Manuf_excess,0.0236,0.0097268,0.00558996,0.00558996,2424.46201708
1964-01-01,Enrgy_excess,0.0455,0.00929414,0.00405435,0.00405435,1193.77664171
1964-01-01,HiTec_excess,0.0263,0.01153243,0.01025674,0.01025674,4923.88263171
1964-01-01,Telcm_excess,0.0302,0.00746149,0.00746149,0.00746149,1e+16
1964-01-01,Shops_excess,0.0221,0.00871396,0.00616643,0.00616643,2424.46201708
1964-01-01,Hlth_excess,0.034,0.00973446,0.00954317,0.00954317,41246.26382901
1964-01-01,Utils_excess,0.0109,0.00835338,0.00835875,0.00835875,2424.46201708
1964-01-01,Other_excess,0.0087,0.00742838,0.00252918,0.00252918,1193.77664171
1964-02-01,NoDur_excess,0.016,0.00711573,0.00693359,0.00693359,41246.26382901
1964-02-01,Durbl_excess,0.0139,0.01279596,0.00549036,0.00549036,1193.77664171
1964-02-01,Manuf_excess,0.0247,0.00975798,0.0050655,0.0050655,2424.46201708
1964-02-01,Enrgy_excess,0.0082,0.00937551,0.0031232,0.0031232,1193.77664171
1964-02-01,HiTec_excess,0.017,0.01156562,0.01040517,0.01040517,4923.88263171
1964-02-01,Telcm_excess,-0.0054,0.00751258,0.00751258,0.00751258,1e+16
1964-02-01,Shops_excess,0.0137,0.00874404,0.00710563,0.00710563,2424.46201708
1964-02-01,Hlth_excess,0.0139,0.00978899,0.00962877,0.00962877,41246.26382901
1964-02-01,Utils_excess,0.0061,0.0083591,0.0092856,0.0092856,2424.46201708
1964-02-01,Other_excess,0.0508,0.00743124,0.0021578,0.0021578,1193.77664171
1964-03-01,NoDur_excess,0.0277,0.00713565,0.00693824,0.00693824,41246.26382901
1964-03-01,Durbl_excess,0.0077,0.01279843,0.00498351,0.00498351,1193.77664171
1964-03-01,Manuf_excess,0.0338,0.00979148,0.00501521,0.00501521,2424.46201708
1964-03-01,Enrgy_excess,0.0109,0.00937287,0.00293623,0.00293623,1193.77664171
1964-03-01,HiTec_excess,0.0307,0.0115778,0.01028587,0.01028587,4923.88263171
1964-03-01,Telcm_excess,-0.0121,0.00748363,0.00748363,0.00748363,1e+16
1964-03-01,Shops_excess,0.0212,0.00875516,0.00665543,0.00665543,2424.46201708
1964-03-01,Hlth_excess,-0.0225,0.00979821,0.00962251,0.00962251,41246.26382901
1964-03-01,Utils_excess,-0.0105,0.00835404,0.00893926,0.00893926,2424.46201708
1964-03-01,Other_excess,0.0202,0.00752848,0.00209738,0.00209738,1193.77664171
1964-04-01,NoDur_excess,-0.0076,0.00718166,0.00695175,0.00695175,41246.26382901
1964-04-01,Durbl_excess,0.0151,0.01278702,0.00404232,0.00404232,1193.77664171
1964-04-01,Manuf_excess,-0.0201,0.00984519,0.0054743,0.0054743,2424.46201708
1964-04-01,Enrgy_excess,0.0375,0.00937629,0.00383393,0.00383393,1193.77664171
1964-04-01,HiTec_excess,-0.0392,0.01162058,0.01011322,0.01011322,4923.88263171
1964-04-01,Telcm_excess,0.0054,0.00743982,0.00743982,0.00743982,1e+16
1964-04-01,Shops_excess,0.0258,0.008783,0.00534788,0.00534788,2424.46201708
1964-04-01,Hlth_excess,-0.0171,0.00972595,0.00949939,0.00949939,41246.26382901
1964-04-01,Utils_excess,0.0076,0.00831186,0.00772291,0.00772291,2424.46201708
1964-04-01,Other_excess,0.0,0.00755682,0.00201295,0.00201295,1193.77664171
1964-05-01,NoDur_excess,0.0129,0.00714866,0.00693432,0.00693432,41246.26382901
1964-05-01,Durbl_excess,0.0125,0.01279219,0.00443107,0.00443107,1193.77664171
1964-05-01,Manuf_excess,0.0149,0.00977835,0.00504903,0.00504903,2424.46201708
1964-05-01,Enrgy_excess,0.0188,0.00943906,0.00356265,0.00356265,1193.77664171
1964-05-01,HiTec_excess,0.0247,0.01150714,0.00997693,0.00997693,4923.88263171
1964-05-01,Telcm_excess,-0.0065,0.00743527,0.00743527,0.00743527,1e+16
1964-05-01,Shops_excess,0.0364,0.00882098,0.0060821,0.0060821,2424.46201708
1964-05-01,Hlth_excess,0.0026,0.00966607,0.00944734,0.00944734,41246.26382901
1964-05-01,Utils_excess,0.0058,0.00831027,0.00828357,0.00828357,2424.46201708
1964-05-01,Other_excess,0.0212,0.00753996,0.00201378,0.00201378,1193.77664171
1964-06-01,NoDur_excess,0.0137,0.00716147,0.00694778,0.00694778,41246.26382901
1964-06-01,Durbl_excess,0.0047,0.01279154,0.00435885,0.00435885,1193.77664171
1964-06-01,Manuf_excess,0.0058,0.00978976,0.00499115,0.00499115,2424.46201708
1964-06-01,Enrgy_excess,0.0037,0.00945991,0.00351195,0.00351195,1193.77664171
1964-06-01,HiTec_excess,0.0021,0.01153653,0.01002557,0.01002557,4923.88263171
1964-06-01,Telcm_excess,0.0439,0.00740423,0.00740423,0.00740423,1e+16
1964-06-01,Shops_excess,0.0353,0.00888241,0.00627845,0.00627845,2424.46201708
1964-06-01,Hlth_excess,0.0028,0.00965033,0.00942856,0.00942856,41246.26382901
1964-06-01,Utils_excess,0.0191,0.00830468,0.00836618,0.00836618,2424.46201708
1964-06-01,Other_excess,0.0098,0.00757038,0.00204627,0.00204627,1193.77664171
1964-07-01,NoDur_excess,0.0146,0.007176,0.00693894,0.00693894,41246.26382901
1964-07-01,Durbl_excess,0.0533,0.01277356,0.00345208,0.00345208,1193.77664171
1964-07-01,Manuf_excess,0.0104,0.00978089,0.00484218,0.00484218,2424.46201708
1964-07-01,Enrgy_excess,0.0304,0.00944711,0.00358842,0.00358842,1193.77664171
1964-07-01,HiTec_excess,-0.0211,0.01151556,0.00979643,0.00979643,4923.88263171
1964-07-01,Telcm_excess,-0.0231,0.00748533,0.00748533,0.00748533,1e+16
1964-07-01,Shops_excess,0.0089,0.00894111,0.00593318,0.00593318,2424.46201708
1964-07-01,Hlth_excess,0.0445,0.00963511,0.00938422,0.00938422,41246.26382901
1964-07-01,Utils_excess,0.0463,0.00832867,0.00804406,0.00804406,2424.46201708
1964-07-01,Other_excess,0.0099,0.00757533,0.00181902,0.00181902,1193.77664171
1964-08-01,NoDur_excess,-0.0054,0.00719246,0.00697577,0.00697577,41246.26382901
1964-08-01,Durbl_excess,0.0114,0.01286341,0.00440454,0.00440454,1193.77664171
1964-08-01,Manuf_excess,-0.0154,0.00978226,0.00479173,0.00479173,2424.46201708
1964-08-01,Enrgy_excess,-0.0215,0.00949357,0.00334455,0.00334455,1193.77664171
1964-08-01,HiTec_excess,-0.0304,0.01144324,0.00978565,0.00978565,4923.88263171
1964-08-01,Telcm_excess,-0.0184,0.00741752,0.00741752,0.00741752,1e+16
1964-08-01,Shops_excess,0.0005,0.00894102,0.00660948,0.00660948,2424.46201708
1964-08-01,Hlth_excess,-0.045,0.00971242,0.0094963,0.0094963,41246.26382901
1964-08-01,Utils_excess,-0.0032,0.00841286,0.0086174,0.0086174,2424.46201708
1964-08-01,Other_excess,-0.0342,0.00758049,0.00194763,0.00194763,1193.77664171
1964-09-01,NoDur_excess,0.0142,0.0071646,0.00697121,0.00697121,41246.26382901
1964-09-01,Durbl_excess,0.0436,0.01286018,0.00554286,0.00554286,1193.77664171
1964-09-01,Manuf_excess,0.0449,0.00972655,0.00510932,0.00510932,2424.46201708
1964-09-01,Enrgy_excess,0.0278,0.009425,0.00355581,0.00355581,1193.77664171
1964-09-01,HiTec_excess,0.0087,0.01135066,0.00986954,0.00986954,4923.88263171
1964-09-01,Telcm_excess,-0.0131,0.0073604,0.0073604,0.0073604,1e+16
1964-09-01,Shops_excess,0.032,0.00892235,0.00676812,0.00676812,2424.46201708
1964-09-01,Hlth_excess,0.0247,0.00959137,0.00938778,0.00938778,41246.26382901
1964-09-01,Utils_excess,0.016,0.00838717,0.00884537,0.00884537,2424.46201708
1964-09-01,Other_excess,0.0366,0.00748805,0.00206259,0.00206259,1193.77664171
1964-10-01,NoDur_excess,-0.0048,0.00718013,0.00693183,0.00693183,41246.26382901
1964-10-01,Durbl_excess,-0.0022,0.01292804,0.00371169,0.00371169,1193.77664171
1964-10-01,Manuf_excess,0.0014,0.00980419,0.00478873,0.00478873,2424.46201708
1964-10-01,Enrgy_excess,0.0278,0.00946556,0.00350069,0.00350069,1193.77664171
1964-10-01,HiTec_excess,-0.0128,0.01134481,0.00941536,0.00941536,4923.88263171
1964-10-01,Telcm_excess,-0.0118,0.00731523,0.00731523,0.00731523,1e+16
1964-10-01,Shops_excess,0.0202,0.00897329,0.00587327,0.00587327,2424.46201708
1964-10-01,Hlth_excess,0.0257,0.00962472,0.00936577,0.00936577,41246.26382901
1964-10-01,Utils_excess,0.0066,0.00840397,0.00814236,0.00814236,2424.46201708
1964-10-01,Other_excess,0.0157,0.00755232,0.00148603,0.00148603,1193.77664171
1964-11-01,NoDur_excess,0.0042,0.00715374,0.00692593,0.00692593,41246.26382901
1964-11-01,Durbl_excess,-0.0143,0.01289471,0.00442166,0.00442166,1193.77664171
1964-11-01,Manuf_excess,-0.0089,0.00978568,0.00487382,0.00487382,2424.46201708
1964-11-01,Enrgy_excess,0.0226,0.00950595,0.00357441,0.00357441,1193.77664171
1964-11-01,HiTec_excess,-0.0052,0.01129163,0.00951528,0.00951528,4923.88263171
1964-11-01,Telcm_excess,-0.0252,0.00727313,0.00727313,0.00727313,1e+16
1964-11-01,Shops_excess,0.0294,0.00899802,0.00645311,0.00645311,2424.46201708
1964-11-01,Hlth_excess,0.0188,0.00966013,0.00943034,0.00943034,41246.26382901
1964-11-01,Utils_excess,0.0108,0.0084,0.00861971,0.00861971,2424.46201708
1964-11-01,Other_excess,-0.0194,0.00757026,0.0018316,0.0018316,1193.77664171
1964-12-01,NoDur_excess,-0.0008,0.00714725,0.00690308,0.00690308,41246.26382901
1964-12-01,Durbl_excess,0.0158,0.01283495,0.00388836,0.00388836,1193.77664171
1964-12-01,Manuf_excess,-0.0101,0.00974462,0.00487908,0.00487908,2424.46201708
1964-12-01,Enrgy_excess,-0.0052,0.00953473,0.00399338,0.00399338,1193.77664171
1964-12-01,HiTec_excess,-0.0032,0.01125538,0.00941492,0.00941492,4923.88263171
1964-12-01,Telcm_excess,0.0281,0.00720176,0.00720176,0.00720176,1e+16
1964-12-01,Shops_excess,-0.0015,0.00904286,0.00628219,0.00628219,2424.46201708
1964-12-01,Hlth_excess,0.0407,0.00968022,0.00944306,0.00944306,41246.26382901
1964-12-01,Utils_excess,0.0018,0.00840527,0.00836474,0.00836474,2424.46201708
1964-12-01,Other_excess,-0.0209,0.00751099,0.0016652,0.0016652,1193.77664171
1965-01-01,NoDur_excess,0.0578,0.00712982,0.00541335,0.00541335,2424.46201708
1965-01-01,Durbl_excess,0.0353,0.01284145,0.00423681,0.00423681,1193.77664171
1965-01-01,Manuf_excess,0.0511,0.0097011,0.00319723,0.00319723,1193.77664171
1965-01-01,Enrgy_excess,0.0007,0.00950241,0.00334342,0.00334342,1193.77664171
1965-01-01,HiTec_excess,0.0718,0.01122368,0.00894612,0.00894612,2424.46201708
1965-01-01,Telcm_excess,-0.0003,0.00724759,0.00724759,0.00724759,1e+16
1965-01-01,Shops_excess,0.0277,0.00901974,0.00670395,0.00670395,1193.77664171
1965-01-01,Hlth_excess,0.0738,0.00974825,0.00856624,0.00856624,4923.88263171
1965-01-01,Utils_excess,0.0368,0.00839079,0.01013016,0.01013016,1193.77664171
1965-01-01,Other_excess,0.0445,0.00744868,0.00144681,0.00144681,1193.77664171
1965-02-01,NoDur_excess,0.0129,0.0072407,0.00563683,0.00563683,2424.46201708
1965-02-01,Durbl_excess,-0.0082,0.01289059,0.00434536,0.00434536,1193.77664171
1965-02-01,Manuf_excess,0.0225,0.00979168,0.00358665,0.00358665,1193.77664171
1965-02-01,Enrgy_excess,-0.0369,0.00948315,0.00341964,0.00341964,1193.77664171
1965-02-01,HiTec_excess,0.0189,0.01135624,0.00913095,0.00913095,2424.46201708
1965-02-01,Telcm_excess,0.005,0.00723107,0.00723107,0.00723107,1e+16
1965-02-01,Shops_excess,0.0109,0.00906061,0.00680952,0.00680952,1193.77664171
1965-02-01,Hlth_excess,0.0212,0.0098884,0.00878956,0.00878956,4923.88263171
1965-02-01,Utils_excess,0.0013,0.00845295,0.01001055,0.01001055,1193.77664171
1965-02-01,Other_excess,0.0228,0.00752976,0.00177879,0.00177879,1193.77664171
1965-03-01,NoDur_excess,-0.0113,0.00725306,0.00564663,0.00564663,2424.46201708
1965-03-01,Durbl_excess,0.0092,0.01284454,0.00448563,0.00448563,1193.77664171
1965-03-01,Manuf_excess,-0.0151,0.00981943,0.00438924,0.00438924,1193.77664171
1965-03-01,Enrgy_excess,-0.0339,0.00938188,0.00367724,0.00367724,1193.77664171
1965-03-01,HiTec_excess,-0.0082,0.01137271,0.00935118,0.00935118,2424.46201708
1965-03-01,Telcm_excess,-0.0204,0.0072262,0.0072262,0.0072262,1e+16
1965-03-01,Shops_excess,-0.0118,0.00906463,0.0065718,0.0065718,1193.77664171
1965-03-01,Hlth_excess,-0.0128,0.0099131,0.00887608,0.00887608,4923.88263171
1965-03-01,Utils_excess,-0.0088,0.00843734,0.00966806,0.00966806,1193.77664171
1965-03-01,Other_excess,-0.0074,0.0075631,0.00219049,0.00219049,1193.77664171
1965-04-01,NoDur_excess,0.0389,0.00721264,0.00504648,0.00504648,2424.46201708
1965-04-01,Durbl_excess,0.0647,0.0128366,0.00314744,0.00314744,1193.77664171
1965-04-01,Manuf_excess,0.0374,0.00976514,0.00364689,0.00364689,1193.77664171
1965-04-01,Enrgy_excess,0.0055,0.00928758,0.00332035,0.00332035,1193.77664171
1965-04-01,HiTec_excess,0.0483,0.01133007,0.00879447,0.00879447,2424.46201708
1965-04-01,Telcm_excess,0.0202,0.00716601,0.00716601,0.00716601,1e+16
1965-04-01,Shops_excess,0.0649,0.00901917,0.00500219,0.00500219,1193.77664171
1965-04-01,Hlth_excess,0.0266,0.00986362,0.00849291,0.00849291,4923.88263171
1965-04-01,Utils_excess,0.0035,0.00839978,0.00877094,0.00877094,1193.77664171
1965-04-01,Other_excess,0.0201,0.0075305,0.00156036,0.00156036,1193.77664171
1965-05-01,NoDur_excess,-0.0109,0.00728152,0.00536312,0.00536312,2424.46201708
1965-05-01,Durbl_excess,-0.0361,0.01294935,0.00388246,0.00388246,1193.77664171
1965-05-01,Manuf_excess,-0.0086,0.00982522,0.00393004,0.00393004,1193.77664171
1965-05-01,Enrgy_excess,0.0055,0.00927935,0.00320449,0.00320449,1193.77664171
1965-05-01,HiTec_excess,0.0016,0.01141043,0.00906887,0.00906887,2424.46201708
1965-05-01,Telcm_excess,0.0246,0.00719435,0.00719435,0.00719435,1e+16
1965-05-01,Shops_excess,-0.0012,0.00914065,0.00609735,0.00609735,1193.77664171
1965-05-01,Hlth_excess,-0.0156,0.0099,0.00863566,0.00863566,4923.88263171
1965-05-01,Utils_excess,-0.0128,0.00838913,0.00899452,0.00899452,1193.77664171
1965-05-01,Other_excess,-0.0182,0.00755783,0.00180994,0.00180994,1193.77664171
1965-06-01,NoDur_excess,-0.0545,0.00724208,0.00546549,0.00546549,2424.46201708
1965-06-01,Durbl_excess,-0.0716,0.01284295,0.00433816,0.00433816,1193.77664171
1965-06-01,Manuf_excess,-0.0659,0.00978525,0.00420869,0.00420869,1193.77664171
1965-06-01,Enrgy_excess,-0.024,0.00927115,0.00335547,0.00335547,1193.77664171
1965-06-01,HiTec_excess,-0.0608,0.01138915,0.00924595,0.00924595,2424.46201708
1965-06-01,Telcm_excess,-0.0453,0.0072321,0.0072321,0.0072321,1e+16
1965-06-01,Shops_excess,-0.0657,0.00911822,0.0062826,0.0062826,1193.77664171
1965-06-01,Hlth_excess,-0.0566,0.00984469,0.00867579,0.00867579,4923.88263171
1965-06-01,Utils_excess,-0.0401,0.00834317,0.00894607,0.00894607,1193.77664171
1965-06-01,Other_excess,-0.0737,0.00750195,0.00182018,0.00182018,1193.77664171
1965-07-01,NoDur_excess,0.0127,0.00710844,0.00492345,0.00492345,2424.46201708
1965-07-01,Durbl_excess,0.0198,0.01266017,0.00356561,0.00356561,1193.77664171
1965-07-01,Manuf_excess,0.0176,0.00962143,0.0039314,0.0039314,1193.77664171
1965-07-01,Enrgy_excess,0.0155,0.00919913,0.00402717,0.00402717,1193.77664171
1965-07-01,HiTec_excess,0.0328,0.0112329,0.00876347,0.00876347,2424.46201708
1965-07-01,Telcm_excess,-0.0068,0.0071184,0.0071184,0.0071184,1e+16
1965-07-01,Shops_excess,-0.0171,0.00895628,0.00501058,0.00501058,1193.77664171
1965-07-01,Hlth_excess,0.0364,0.00970087,0.00827539,0.00827539,4923.88263171
1965-07-01,Utils_excess,0.0075,0.00823831,0.00796546,0.00796546,1193.77664171
1965-07-01,Other_excess,0.0303,0.00732619,0.00160457,0.00160457,1193.77664171
1965-08-01,NoDur_excess,0.0373,0.00712052,0.00551229,0.00551229,2424.46201708
1965-08-01,Durbl_excess,0.031,0.01267559,0.00488251,0.00488251,1193.77664171
1965-08-01,Manuf_excess,0.0319,0.00963866,0.00438786,0.00438786,1193.77664171
1965-08-01,Enrgy_excess,0.0121,0.00921274,0.00382354,0.00382354,1193.77664171
1965-08-01,HiTec_excess,0.0554,0.01127948,0.00946585,0.00946585,2424.46201708
1965-08-01,Telcm_excess,0.01,0.00708834,0.00708834,0.00708834,1e+16
1965-08-01,Shops_excess,0.0196,0.0089,0.0063229,0.0063229,1193.77664171
1965-08-01,Hlth_excess,0.0597,0.00975853,0.0087067,0.0087067,4923.88263171
1965-08-01,Utils_excess,0.006,0.00823672,0.0091682,0.0091682,1193.77664171
1965-08-01,Other_excess,0.0476,0.00737581,0.00221815,0.00221815,1193.77664171
1965-09-01,NoDur_excess,0.0017,0.00718556,0.00570616,0.00570616,2424.46201708
1965-09-01,Durbl_excess,0.0681,0.01271509,0.00515403,0.00515403,1193.77664171
1965-09-01,Manuf_excess,0.0353,0.00968664,0.00448826,0.00448826,1193.77664171
1965-09-01,Enrgy_excess,0.0406,0.00921897,0.00361877,0.00361877,1193.77664171
1965-09-01,HiTec_excess,0.0495,0.01137457,0.00968636,0.00968636,2424.46201708
1965-09-01,Telcm_excess,0.0079,0.00709461,0.00709461,0.00709461,1e+16
1965-09-01,Shops_excess,-0.0099,0.00892306,0.00667029,0.00667029,1193.77664171
1965-09-01,Hlth_excess,0.0193,0.00986616,0.00895659,0.00895659,4923.88263171
1965-09-01,Utils_excess,0.0108,0.0082319,0.0090833,0.0090833,1193.77664171
1965-09-01,Other_excess,0.0146,0.0074625,0.00243509,0.00243509,1193.77664171
1965-10-01,NoDur_excess,0.0228,0.00717376,0.00559017,0.00559017,2424.46201708
1965-10-01,Durbl_excess,0.0583,0.01283419,0.00524601,0.00524601,1193.77664171
1965-10-01,Manuf_excess,0.0405,0.00974172,0.00429204,0.00429204,1193.77664171
1965-10-01,Enrgy_excess,0.0153,0.00928645,0.00333782,0.00333782,1193.77664171
1965-10-01,HiTec_excess,0.049,0.01145656,0.00974355,0.00974355,2424.46201708
1965-10-01,Telcm_excess,-0.0258,0.00709634,0.00709634,0.00709634,1e+16
1965-10-01,Shops_excess,0.0,0.00888258,0.00648059,0.00648059,1193.77664171
1965-10-01,Hlth_excess,0.0292,0.00988645,0.00895969,0.00895969,4923.88263171
1965-10-01,Utils_excess,0.0074,0.00823742,0.00909303,0.00909303,1193.77664171
1965-10-01,Other_excess,0.0372,0.00747785,0.00206309,0.00206309,1193.77664171
1965-11-01,NoDur_excess,0.0073,0.0072073,0.00525858,0.00525858,2424.46201708
1965-11-01,Durbl_excess,-0.0416,0.01293176,0.00402974,0.00402974,1193.77664171
1965-11-01,Manuf_excess,0.0104,0.00980773,0.00366286,0.00366286,1193.77664171
1965-11-01,Enrgy_excess,0.0035,0.00929936,0.00302519,0.00302519,1193.77664171
1965-11-01,HiTec_excess,0.0239,0.01153712,0.00949978,0.00949978,2424.46201708
1965-11-01,Telcm_excess,-0.0466,0.00702575,0.00702575,0.00702575,1e+16
1965-11-01,Shops_excess,0.0099,0.00886352,0.00548265,0.00548265,1193.77664171
1965-11-01,Hlth_excess,0.0344,0.0099279,0.00873868,0.00873868,4923.88263171
1965-11-01,Utils_excess,-0.0136,0.00823562,0.00890359,0.00890359,1193.77664171
1965-11-01,Other_excess,0.0377,0.00754163,0.0017042,0.0017042,1193.77664171
1965-12-01,NoDur_excess,0.0096,0.00720749,0.00553729,0.00553729,2424.46201708
1965-12-01,Durbl_excess,0.0115,0.01281499,0.00484081,0.00484081,1193.77664171
1965-12-01,Manuf_excess,0.0291,0.00980899,0.00437677,0.00437677,1193.77664171
1965-12-01,Enrgy_excess,-0.0014,0.00928694,0.00310783,0.00310783,1193.77664171
1965-12-01,HiTec_excess,-0.0185,0.0115636,0.01000722,0.01000722,2424.46201708
1965-12-01,Telcm_excess,-0.0118,0.00691092,0.00691092,0.00691092,1e+16
1965-12-01,Shops_excess,0.0093,0.00886574,0.00597096,0.00597096,1193.77664171
1965-12-01,Hlth_excess,0.0349,0.0099803,0.00911659,0.00911659,4923.88263171
1965-12-01,Utils_excess,-0.0066,0.00818887,0.00882771,0.00882771,1193.77664171
1965-12-01,Other_excess,0.0298,0.00760621,0.00215402,0.00215402,1193.77664171
1966-01-01,NoDur_excess,0.0155,0.00721261,0.00568665,0.00568665,4923.88263171
1966-01-01,Durbl_excess,0.0022,0.01281218,0.00552901,0.00552901,2424.46201708
1966-01-01,Manuf_excess,0.0253,0.00985021,0.00531508,0.00531508,2424.46201708
1966-01-01,Enrgy_excess,0.0065,0.0092641,0.00330577,0.00330577,587.80160723
1966-01-01,HiTec_excess,0.0096,0.01149936,0.00958293,0.00958293,2424.46201708
1966-01-01,Telcm_excess,-0.0167,0.00687094,0.00687094,0.00687094,1e+16
1966-01-01,Shops_excess,-0.0466,0.00886667,0.00443961,0.00443961,1193.77664171
1966-01-01,Hlth_excess,0.024,0.01003355,0.01003355,0.01003355,1e+16
1966-01-01,Utils_excess,-0.0339,0.00815726,0.00775146,0.00775146,1193.77664171
1966-01-01,Other_excess,0.0478,0.00765363,0.00194466,0.00194466,1193.77664171
1966-02-01,NoDur_excess,-0.0083,0.00723028,0.00625023,0.00625023,4923.88263171
1966-02-01,Durbl_excess,-0.0184,0.01278955,0.0063062,0.0063062,2424.46201708
1966-02-01,Manuf_excess,-0.0107,0.00988316,0.00524676,0.00524676,2424.46201708
1966-02-01,Enrgy_excess,-0.0382,0.00925821,0.00214216,0.00214216,587.80160723
1966-02-01,HiTec_excess,0.0466,0.01149531,0.01064438,0.01064438,2424.46201708
1966-02-01,Telcm_excess,0.0012,0.00682068,0.00682068,0.00682068,1e+16
1966-02-01,Shops_excess,-0.0219,0.0087484,0.0072495,0.0072495,1193.77664171
1966-02-01,Hlth_excess,-0.0191,0.01006333,0.01006333,0.01006333,1e+16
1966-02-01,Utils_excess,-0.0453,0.00806759,0.01068532,0.01068532,1193.77664171
1966-02-01,Other_excess,0.0171,0.00773923,0.00294848,0.00294848,1193.77664171
1966-03-01,NoDur_excess,-0.0303,0.00719723,0.00622584,0.00622584,4923.88263171
1966-03-01,Durbl_excess,-0.0335,0.01272319,0.00661941,0.00661941,2424.46201708
1966-03-01,Manuf_excess,-0.0216,0.00983936,0.00551073,0.00551073,2424.46201708
1966-03-01,Enrgy_excess,-0.0262,0.00915723,0.00210337,0.00210337,587.80160723
1966-03-01,HiTec_excess,-0.0128,0.01157,0.01118071,0.01118071,2424.46201708
1966-03-01,Telcm_excess,-0.0523,0.00680872,0.00680872,0.00680872,1e+16
1966-03-01,Shops_excess,-0.025,0.00868319,0.00743197,0.00743197,1193.77664171
1966-03-01,Hlth_excess,-0.0198,0.01000128,0.01000128,0.01000128,1e+16
1966-03-01,Utils_excess,-0.0052,0.00795404,0.00942529,0.00942529,1193.77664171
1966-03-01,Other_excess,-0.0295,0.00775915,0.00361411,0.00361411,1193.77664171
1966-04-01,NoDur_excess,0.0007,0.00711762,0.00498379,0.00498379,4923.88263171
1966-04-01,Durbl_excess,-0.0019,0.01262505,0.00367761,0.00367761,2424.46201708
1966-04-01,Manuf_excess,0.0252,0.00977261,0.00558872,0.00558872,2424.46201708
1966-04-01,Enrgy_excess,0.028,0.00908217,0.00605013,0.00605013,587.80160723
1966-04-01,HiTec_excess,0.0729,0.01151826,0.00871851,0.00871851,2424.46201708
1966-04-01,Telcm_excess,0.0093,0.00668323,0.00668323,0.00668323,1e+16
1966-04-01,Shops_excess,0.0274,0.00861168,-0.0013626,0.0,1193.77664171
1966-04-01,Hlth_excess,-0.0035,0.009938,0.009938,0.009938,1e+16
1966-04-01,Utils_excess,0.0084,0.00792611,0.0045977,0.0045977,1193.77664171
1966-04-01,Other_excess,0.0268,0.00768004,0.00234029,0.00234029,1193.77664171
1966-05-01,NoDur_excess,-0.0533,0.00710403,0.00597058,0.00597058,4923.88263171
1966-05-01,Durbl_excess,-0.0881,0.01259428,0.00610135,0.00610135,2424.46201708
1966-05-01,Manuf_excess,-0.061,0.0098053,0.0057538,0.0057538,2424.46201708
1966-05-01,Enrgy_excess,-0.0419,0.00912225,0.00356161,0.00356161,587.80160723
1966-05-01,HiTec_excess,-0.0648,0.01164831,0.01122906,0.01122906,2424.46201708
1966-05-01,Telcm_excess,-0.034,0.00668877,0.00668877,0.00668877,1e+16
1966-05-01,Shops_excess,-0.0334,0.00865148,0.00637681,0.00637681,1193.77664171
1966-05-01,Hlth_excess,-0.0567,0.00990953,0.00990953,0.00990953,1e+16
1966-05-01,Utils_excess,-0.0315,0.00792712,0.00931648,0.00931648,1193.77664171
1966-05-01,Other_excess,-0.0819,0.00772055,0.00409688,0.00409688,1193.77664171
1966-06-01,NoDur_excess,-0.0218,0.00697632,0.00602955,0.00602955,4923.88263171
1966-06-01,Durbl_excess,-0.0235,0.0123814,0.00685824,0.00685824,2424.46201708
1966-06-01,Manuf_excess,-0.0133,0.0096556,0.00629222,0.00629222,2424.46201708
1966-06-01,Enrgy_excess,-0.0265,0.00901438,0.00462334,0.00462334,587.80160723
1966-06-01,HiTec_excess,-0.0051,0.01148668,0.01150155,0.01150155,2424.46201708
1966-06-01,Telcm_excess,0.0009,0.00660275,0.00660275,0.00660275,1e+16
1966-06-01,Shops_excess,-0.0276,0.00856258,0.0065654,0.0065654,1193.77664171
1966-06-01,Hlth_excess,0.0061,0.00976871,0.00976871,0.00976871,1e+16
1966-06-01,Utils_excess,-0.0217,0.00784376,0.00947848,0.00947848,1193.77664171
1966-06-01,Other_excess,0.0026,0.00753108,0.00428785,0.00428785,1193.77664171
1966-07-01,NoDur_excess,-0.0154,0.00691561,0.00582987,0.00582987,4923.88263171
1966-07-01,Durbl_excess,-0.0292,0.0123057,0.00634704,0.00634704,2424.46201708
1966-07-01,Manuf_excess,-0.0195,0.00960717,0.00589904,0.00589904,2424.46201708
1966-07-01,Enrgy_excess,0.0005,0.00893945,0.00386318,0.00386318,587.80160723
1966-07-01,HiTec_excess,-0.0206,0.01145169,0.01112654,0.01112654,2424.46201708
1966-07-01,Telcm_excess,-0.0151,0.00659072,0.00659072,0.00659072,1e+16
1966-07-01,Shops_excess,-0.0232,0.00848629,0.00605836,0.00605836,1193.77664171
1966-07-01,Hlth_excess,-0.0207,0.00976097,0.00976097,0.00976097,1e+16
1966-07-01,Utils_excess,-0.0053,0.00778143,0.00894723,0.00894723,1193.77664171
1966-07-01,Other_excess,-0.0225,0.00752068,0.0042171,0.0042171,1193.77664171
1966-08-01,NoDur_excess,-0.0763,0.00686863,0.00554935,0.00554935,4923.88263171
1966-08-01,Durbl_excess,-0.0803,0.01221832,0.00582455,0.00582455,2424.46201708
1966-08-01,Manuf_excess,-0.0828,0.00954589,0.00615452,0.00615452,2424.46201708
1966-08-01,Enrgy_excess,-0.0685,0.00892168,0.00511872,0.00511872,587.80160723
1966-08-01,HiTec_excess,-0.0652,0.01138421,0.01105885,0.01105885,2424.46201708
1966-08-01,Telcm_excess,-0.0498,0.00654505,0.00654505,0.00654505,1e+16
1966-08-01,Shops_excess,-0.0683,0.00841958,0.00433072,0.00433072,1193.77664171
1966-08-01,Hlth_excess,-0.0852,0.00969684,0.00969684,0.00969684,1e+16
1966-08-01,Utils_excess,-0.0902,0.00775389,0.00796429,0.00796429,1193.77664171
1966-08-01,Other_excess,-0.1225,0.00745747,0.00403282,0.00403282,1193.77664171
1966-09-01,NoDur_excess,-0.0185,0.00669391,0.00539338,0.00539338,4923.88263171
1966-09-01,Durbl_excess,-0.0137,0.01202395,0.00653177,0.00653177,2424.46201708
1966-09-01,Manuf_excess,-0.0401,0.00935189,0.00649608,0.00649608,2424.46201708
1966-09-01,Enrgy_excess,0.0351,0.00875903,0.00559353,0.00559353,587.80160723
1966-09-01,HiTec_excess,-0.0234,0.01122332,0.01138963,0.01138963,2424.46201708
1966-09-01,Telcm_excess,-0.0096,0.00642668,0.00642668,0.00642668,1e+16
1966-09-01,Shops_excess,-0.024,0.0082584,0.00440865,0.00440865,1193.77664171
1966-09-01,Hlth_excess,-0.0154,0.00949748,0.00949748,0.00949748,1e+16
1966-09-01,Utils_excess,0.0396,0.00754811,0.00705355,0.00705355,1193.77664171
1966-09-01,Other_excess,-0.0232,0.00718445,0.00373651,0.00373651,1193.77664171
1966-10-01,NoDur_excess,0.0408,0.00664109,0.00479894,0.00479894,4923.88263171
1966-10-01,Durbl_excess,-0.0008,0.01197002,0.00393977,0.00393977,2424.46201708
1966-10-01,Manuf_excess,0.0207,0.00924822,0.00587164,0.00587164,2424.46201708
1966-10-01,Enrgy_excess,0.0801,0.00881426,0.00798598,0.00798598,587.80160723
1966-10-01,HiTec_excess,-0.0017,0.01115073,0.01069875,0.01069875,2424.46201708
1966-10-01,Telcm_excess,0.0873,0.00639308,0.00639308,0.00639308,1e+16
1966-10-01,Shops_excess,-0.0183,0.00819078,0.00018448,0.00018448,1193.77664171
1966-10-01,Hlth_excess,0.0442,0.00944528,0.00944528,0.00944528,1e+16
1966-10-01,Utils_excess,0.0951,0.0076153,0.00767302,0.00767302,1193.77664171
1966-10-01,Other_excess,0.0258,0.00712075,0.00337217,0.00337217,1193.77664171
1966-11-01,NoDur_excess,0.0191,0.00671255,0.00534293,0.00534293,4923.88263171
1966-11-01,Durbl_excess,-0.0386,0.01194331,0.00431896,0.00431896,2424.46201708
1966-11-01,Manuf_excess,0.0238,0.00927218,0.00530574,0.00530574,2424.46201708
1966-11-01,Enrgy_excess,-0.0157,0.00896339,0.00686762,0.00686762,587.80160723
1966-11-01,HiTec_excess,0.1058,0.01112385,0.01097015,0.01097015,2424.46201708
1966-11-01,Telcm_excess,-0.0324,0.00656234,0.00656234,0.00656234,1e+16
1966-11-01,Shops_excess,0.003,0.00813536,0.00351394,0.00351394,1193.77664171
1966-11-01,Hlth_excess,0.0651,0.00951799,0.00951799,0.00951799,1e+16
1966-11-01,Utils_excess,-0.0177,0.00779833,0.01154592,0.01154592,1193.77664171
1966-11-01,Other_excess,0.0752,0.00715983,0.00376682,0.00376682,1193.77664171
1966-12-01,NoDur_excess,-0.0018,0.00673841,0.0059455,0.0059455,4923.88263171
1966-12-01,Durbl_excess,-0.0305,0.01183779,0.00644769,0.00644769,2424.46201708
1966-12-01,Manuf_excess,0.0097,0.00930251,0.00620372,0.00620372,2424.46201708
1966-12-01,Enrgy_excess,-0.0106,0.0089119,0.00527751,0.00527751,587.80160723
1966-12-01,HiTec_excess,0.0006,0.0113215,0.01281945,0.01281945,2424.46201708
1966-12-01,Telcm_excess,0.0256,0.006481,0.006481,0.006481,1e+16
1966-12-01,Shops_excess,-0.0456,0.00812463,0.00703135,0.00703135,1193.77664171
1966-12-01,Hlth_excess,-0.0058,0.00963403,0.00963403,0.00963403,1e+16
1966-12-01,Utils_excess,0.0169,0.00774509,0.01174229,0.01174229,1193.77664171
1966-12-01,Other_excess,0.0179,0.00730188,0.00516315,0.00516315,1193.77664171
1967-01-01,NoDur_excess,0.0896,0.00672062,0.00451328,0.00451328,2424.46201708
1967-01-01,Durbl_excess,0.1135,0.01174958,0.00344002,0.00344002,2424.46201708
1967-01-01,Manuf_excess,0.1076,0.00930333,0.00598793,0.00598793,2424.46201708
1967-01-01,Enrgy_excess,0.0315,0.00887125,0.00688221,0.00688221,1193.77664171
1967-01-01,HiTec_excess,0.0988,0.01129917,0.01086675,0.01086675,2424.46201708
1967-01-01,Telcm_excess,0.0581,0.00652083,0.00652083,0.00652083,1e+16
1967-01-01,Shops_excess,0.1137,0.00801271,0.00014834,0.00014834,1193.77664171
1967-01-01,Hlth_excess,0.0602,0.00960188,0.00960187,0.00960187,1e+16
1967-01-01,Utils_excess,0.0241,0.00776417,0.00888002,0.00888002,1193.77664171
1967-01-01,Other_excess,0.1154,0.00732396,0.00454707,0.00454707,2424.46201708
1967-02-01,NoDur_excess,0.0167,0.00689293,0.0066205,0.0066205,2424.46201708
1967-02-01,Durbl_excess,-0.0145,0.01196112,0.00604938,0.00604938,2424.46201708
1967-02-01,Manuf_excess,0.0086,0.00950769,0.00553462,0.00553462,2424.46201708
1967-02-01,Enrgy_excess,-0.0046,0.0089183,0.00307522,0.00307522,1193.77664171
1967-02-01,HiTec_excess,0.0583,0.01148108,0.01239997,0.01239997,2424.46201708
1967-02-01,Telcm_excess,0.0177,0.00662807,0.00662807,0.00662807,1e+16
1967-02-01,Shops_excess,0.0286,0.00823243,0.00868725,0.00868725,1193.77664171
1967-02-01,Hlth_excess,0.0104,0.00970707,0.00970707,0.00970707,1e+16
1967-02-01,Utils_excess,-0.0209,0.00779813,0.01362747,0.01362747,1193.77664171
1967-02-01,Other_excess,-0.0068,0.00754865,0.00514043,0.00514043,2424.46201708
1967-03-01,NoDur_excess,0.0406,0.00691328,0.00571706,0.00571706,2424.46201708
1967-03-01,Durbl_excess,0.0345,0.01190622,0.0067232,0.0067232,2424.46201708
1967-03-01,Manuf_excess,0.054,0.00950581,0.0065455,0.0065455,2424.46201708
1967-03-01,Enrgy_excess,0.0323,0.00889025,0.00415258,0.00415258,1193.77664171
1967-03-01,HiTec_excess,0.0512,0.01157822,0.01179728,0.01179728,2424.46201708
1967-03-01,Telcm_excess,0.0257,0.00665104,0.00665104,0.00665104,1e+16
1967-03-01,Shops_excess,0.0194,0.00827469,0.00593004,0.00593004,1193.77664171
1967-03-01,Hlth_excess,0.0747,0.00970851,0.00970851,0.00970851,1e+16
1967-03-01,Utils_excess,0.0115,0.00773859,0.0084142,0.0084142,1193.77664171
1967-03-01,Other_excess,0.0402,0.00751888,0.00460306,0.00460306,2424.46201708
1967-04-01,NoDur_excess,0.0428,0.00698302,0.00548157,0.00548157,2424.46201708
1967-04-01,Durbl_excess,0.1074,0.011953,0.00528666,0.00528666,2424.46201708
1967-04-01,Manuf_excess,0.0343,0.00959793,0.00638954,0.00638954,2424.46201708
1967-04-01,Enrgy_excess,0.0135,0.00893872,0.00529813,0.00529813,1193.77664171
1967-04-01,HiTec_excess,0.0751,0.01166025,0.01101477,0.01101477,2424.46201708
1967-04-01,Telcm_excess,-0.001,0.00669048,0.00669048,0.00669048,1e+16
1967-04-01,Shops_excess,0.0889,0.00829772,0.00395381,0.00395381,1193.77664171
1967-04-01,Hlth_excess,0.0413,0.00984306,0.00984306,0.00984306,1e+16
1967-04-01,Utils_excess,0.0156,0.00774638,0.00748506,0.00748506,1193.77664171
1967-04-01,Other_excess,0.0179,0.00758654,0.00503973,0.00503973,2424.46201708
1967-05-01,NoDur_excess,-0.0305,0.00705702,0.0064449,0.0064449,2424.46201708
1967-05-01,Durbl_excess,-0.0768,0.01215021,0.00809826,0.00809826,2424.46201708
1967-05-01,Manuf_excess,-0.04,0.00964897,0.00604435,0.00604435,2424.46201708
1967-05-01,Enrgy_excess,-0.0279,0.00894814,0.00252925,0.00252925,1193.77664171
1967-05-01,HiTec_excess,-0.0467,0.01179132,0.01150854,0.01150854,2424.46201708
1967-05-01,Telcm_excess,-0.0599,0.00667459,0.00667459,0.00667459,1e+16
1967-05-01,Shops_excess,-0.049,0.00846426,0.00917187,0.00917187,1193.77664171
1967-05-01,Hlth_excess,-0.0562,0.00990806,0.00990806,0.00990806,1e+16
1967-05-01,Utils_excess,-0.0445,0.0077626,0.00838704,0.00838704,1193.77664171
1967-05-01,Other_excess,-0.0235,0.00760785,0.00461104,0.00461104,2424.46201708
1967-06-01,NoDur_excess,0.0248,0.00697959,0.00535092,0.00535092,2424.46201708
1967-06-01,Durbl_excess,0.0132,0.0119668,0.00728216,0.00728216,2424.46201708
1967-06-01,Manuf_excess,0.0183,0.0095466,0.00720944,0.00720944,2424.46201708
1967-06-01,Enrgy_excess,0.0201,0.00887216,0.00609932,0.00609932,1193.77664171
1967-06-01,HiTec_excess,0.0615,0.01167072,0.01025385,0.01025385,2424.46201708
1967-06-01,Telcm_excess,0.0246,0.00653732,0.00653732,0.00653732,1e+16
1967-06-01,Shops_excess,0.0351,0.00834577,0.00371425,0.00371425,1193.77664171
1967-06-01,Hlth_excess,0.0514,0.00977175,0.00977175,0.00977175,1e+16
1967-06-01,Utils_excess,-0.0158,0.00765485,0.00369871,0.00369871,1193.77664171
1967-06-01,Other_excess,0.0324,0.00754371,0.00519179,0.00519179,2424.46201708
1967-07-01,NoDur_excess,0.0574,0.00701626,0.00625485,0.00625485,2424.46201708
1967-07-01,Durbl_excess,0.108,0.01196934,0.00848099,0.00848099,2424.46201708
1967-07-01,Manuf_excess,0.0472,0.00956461,0.00655283,0.00655283,2424.46201708
1967-07-01,Enrgy_excess,0.0662,0.00889527,0.00369038,0.00369038,1193.77664171
1967-07-01,HiTec_excess,0.0368,0.01177325,0.01098398,0.01098398,2424.46201708
1967-07-01,Telcm_excess,-0.0689,0.00657449,0.00657449,0.00657449,1e+16
1967-07-01,Shops_excess,0.0569,0.00840082,0.00800861,0.00800861,1193.77664171
1967-07-01,Hlth_excess,0.0348,0.00985741,0.00985741,0.00985741,1e+16
1967-07-01,Utils_excess,0.0202,0.00760658,0.00546822,0.00546822,1193.77664171
1967-07-01,Other_excess,0.0751,0.00759486,0.00508602,0.00508602,2424.46201708
1967-08-01,NoDur_excess,-0.0113,0.00711971,0.00608471,0.00608471,2424.46201708
1967-08-01,Durbl_excess,-0.0017,0.01216653,0.00661234,0.00661234,2424.46201708
1967-08-01,Manuf_excess,-0.0071,0.00964189,0.00630465,0.00630465,2424.46201708
1967-08-01,Enrgy_excess,-0.0179,0.00901294,0.00465511,0.00465511,1193.77664171
1967-08-01,HiTec_excess,-0.0132,0.01182464,0.01118588,0.01118588,2424.46201708
1967-08-01,Telcm_excess,-0.0155,0.00641951,0.00641951,0.00641951,1e+16
1967-08-01,Shops_excess,0.0002,0.00850041,0.00609543,0.00609543,1193.77664171
1967-08-01,Hlth_excess,0.0034,0.00990862,0.00990862,0.00990862,1e+16
1967-08-01,Utils_excess,-0.0096,0.00763244,0.006266,0.006266,1193.77664171
1967-08-01,Other_excess,-0.0056,0.00773347,0.0053067,0.0053067,2424.46201708
1967-09-01,NoDur_excess,0.0278,0.00708197,0.00636797,0.00636797,2424.46201708
1967-09-01,Durbl_excess,0.0466,0.01213811,0.00733644,0.00733644,2424.46201708
1967-09-01,Manuf_excess,0.0279,0.00960758,0.00626266,0.00626266,2424.46201708
1967-09-01,Enrgy_excess,0.0392,0.00895779,0.00393181,0.00393181,1193.77664171
1967-09-01,HiTec_excess,0.0804,0.01177336,0.01144273,0.01144273,2424.46201708
1967-09-01,Telcm_excess,0.009,0.00637459,0.00637459,0.00637459,1e+16
1967-09-01,Shops_excess,0.0213,0.0084834,0.00765438,0.00765438,1193.77664171
1967-09-01,Hlth_excess,0.0258,0.00989529,0.00989529,0.00989529,1e+16
1967-09-01,Utils_excess,-0.0042,0.00759713,0.00692106,0.00692106,1193.77664171
1967-09-01,Other_excess,0.0095,0.00770615,0.00534355,0.00534355,2424.46201708
1967-10-01,NoDur_excess,-0.0301,0.00712434,0.00642776,0.00642776,2424.46201708
1967-10-01,Durbl_excess,-0.053,0.01220859,0.00694404,0.00694404,2424.46201708
1967-10-01,Manuf_excess,-0.0491,0.00964499,0.0059908,0.0059908,2424.46201708
1967-10-01,Enrgy_excess,-0.0135,0.00901963,0.00367472,0.00367472,1193.77664171
1967-10-01,HiTec_excess,0.045,0.0119137,0.01178552,0.01178552,2424.46201708
1967-10-01,Telcm_excess,-0.0388,0.00637996,0.00637996,0.00637996,1e+16
1967-10-01,Shops_excess,0.0027,0.00850961,0.00764783,0.00764783,1193.77664171
1967-10-01,Hlth_excess,-0.0542,0.00992781,0.00992781,0.00992781,1e+16
1967-10-01,Utils_excess,-0.0576,0.00757301,0.00725226,0.00725226,1193.77664171
1967-10-01,Other_excess,-0.0543,0.00770982,0.00513234,0.00513234,2424.46201708
1967-11-01,NoDur_excess,0.0013,0.00704837,0.0065717,0.0065717,2424.46201708
1967-11-01,Durbl_excess,-0.0132,0.01207551,0.00834194,0.00834194,2424.46201708
1967-11-01,Manuf_excess,0.0027,0.0095251,0.0064301,0.0064301,2424.46201708
1967-11-01,Enrgy_excess,0.0042,0.00897367,0.00395829,0.00395829,1193.77664171
1967-11-01,HiTec_excess,0.0106,0.01198122,0.01262044,0.01262044,2424.46201708
1967-11-01,Telcm_excess,-0.0028,0.00628776,0.00628776,0.00628776,1e+16
1967-11-01,Shops_excess,0.0048,0.00849776,0.00892526,0.00892526,1193.77664171
1967-11-01,Hlth_excess,0.0097,0.00979694,0.00979694,0.00979694,1e+16
1967-11-01,Utils_excess,0.0283,0.00744,0.00575086,0.00575086,1193.77664171
1967-11-01,Other_excess,-0.0068,0.00758327,0.00505868,0.00505868,2424.46201708
1967-12-01,NoDur_excess,0.028,0.00703666,0.00601247,0.00601247,2424.46201708
1967-12-01,Durbl_excess,0.0055,0.01202403,0.00719937,0.00719937,2424.46201708
1967-12-01,Manuf_excess,0.0487,0.0095112,0.00662434,0.00662434,2424.46201708
1967-12-01,Enrgy_excess,0.0274,0.00896395,0.00519547,0.00519547,1193.77664171
1967-12-01,HiTec_excess,0.018,0.01197841,0.01215779,0.01215779,2424.46201708
1967-12-01,Telcm_excess,-0.0021,0.00626925,0.00626925,0.00626925,1e+16
1967-12-01,Shops_excess,0.0312,0.00849022,0.00620107,0.00620107,1193.77664171
1967-12-01,Hlth_excess,0.0137,0.00979674,0.00979674,0.00979674,1e+16
1967-12-01,Utils_excess,0.0296,0.00748248,0.00449549,0.00449549,1193.77664171
1967-12-01,Other_excess,0.0507,0.00755397,0.00499668,0.00499668,2424.46201708
1968-01-01,NoDur_excess,-0.0083,0.00707927,0.00636281,0.00636281,10000.0
1968-01-01,Durbl_excess,-0.0555,0.01201077,0.00475708,0.00475708,2424.46201708
1968-01-01,Manuf_excess,-0.0676,0.00959085,0.00553831,0.00553831,2424.46201708
1968-01-01,Enrgy_excess,-0.013,0.00900142,0.00384885,0.00384885,587.80160723
1968-01-01,HiTec_excess,-0.0913,0.01199065,0.01258074,0.01258074,1193.77664171
1968-01-01,Telcm_excess,0.0227,0.00625224,0.00625224,0.00625224,1e+16
1968-01-01,Shops_excess,0.0073,0.00853638,0.00526415,0.00526415,2424.46201708
1968-01-01,Hlth_excess,-0.0697,0.00980467,0.00980467,0.00980467,1e+16
1968-01-01,Utils_excess,-0.0022,0.00752744,0.00704621,0.00704621,10000.0
1968-01-01,Other_excess,-0.023,0.00764167,0.00446688,0.00446688,1193.77664171
1968-02-01,NoDur_excess,-0.031,0.00704807,0.00639621,0.00639621,10000.0
1968-02-01,Durbl_excess,-0.0273,0.01187383,0.00420544,0.00420544,2424.46201708
1968-02-01,Manuf_excess,-0.0466,0.00943428,0.00495667,0.00495667,2424.46201708
1968-02-01,Enrgy_excess,-0.0307,0.0089568,0.00393125,0.00393125,587.80160723
1968-02-01,HiTec_excess,-0.0497,0.01178114,0.01248589,0.01248589,1193.77664171
1968-02-01,Telcm_excess,-0.0281,0.0062856,0.0062856,0.0062856,1e+16
1968-02-01,Shops_excess,-0.0124,0.00853387,0.00587544,0.00587544,2424.46201708
1968-02-01,Hlth_excess,-0.0464,0.00964341,0.00964341,0.00964341,1e+16
1968-02-01,Utils_excess,-0.0188,0.00750771,0.00728651,0.00728651,10000.0
1968-02-01,Other_excess,-0.0383,0.00757951,0.00489752,0.00489752,1193.77664171
1968-03-01,NoDur_excess,0.0026,0.00697105,0.00645569,0.00645569,10000.0
1968-03-01,Durbl_excess,0.0027,0.01179453,0.00611404,0.00611404,2424.46201708
1968-03-01,Manuf_excess,0.0046,0.00932085,0.00576106,0.00576106,2424.46201708
1968-03-01,Enrgy_excess,0.0036,0.00887652,0.00462814,0.00462814,587.80160723
1968-03-01,HiTec_excess,0.0386,0.01165668,0.01334051,0.01334051,1193.77664171
1968-03-01,Telcm_excess,-0.015,0.00621599,0.00621599,0.00621599,1e+16
1968-03-01,Shops_excess,0.0248,0.0084915,0.00698679,0.00698679,2424.46201708
1968-03-01,Hlth_excess,-0.0027,0.00952996,0.00952996,0.00952996,1e+16
1968-03-01,Utils_excess,-0.0432,0.00745445,0.00728364,0.00728364,10000.0
1968-03-01,Other_excess,-0.0065,0.00748664,0.00532782,0.00532782,1193.77664171
1968-04-01,NoDur_excess,0.1054,0.00696222,0.00640376,0.00640376,10000.0
1968-04-01,Durbl_excess,0.1126,0.01177616,0.00642216,0.00642216,2424.46201708
1968-04-01,Manuf_excess,0.1022,0.00931131,0.00613998,0.00613998,2424.46201708
1968-04-01,Enrgy_excess,0.0522,0.00886586,0.00531229,0.00531229,587.80160723
1968-04-01,HiTec_excess,0.1201,0.01171111,0.01368471,0.01368471,1193.77664171
1968-04-01,Telcm_excess,0.0178,0.00617313,0.00617313,0.00617313,1e+16
1968-04-01,Shops_excess,0.1179,0.00852444,0.00681974,0.00681974,2424.46201708
1968-04-01,Hlth_excess,0.1147,0.00950525,0.00950525,0.00950525,1e+16
1968-04-01,Utils_excess,0.0199,0.00735212,0.00697732,0.00697732,10000.0
1968-04-01,Other_excess,0.1151,0.00745838,0.00513096,0.00513096,1193.77664171
1968-05-01,NoDur_excess,0.0455,0.00716069,0.00642453,0.00642453,10000.0
1968-05-01,Durbl_excess,-0.0079,0.01197944,0.00447526,0.00447526,2424.46201708
1968-05-01,Manuf_excess,0.0271,0.00949859,0.00592644,0.00592644,2424.46201708
1968-05-01,Enrgy_excess,0.0079,0.00895323,0.00608019,0.00608019,587.80160723
1968-05-01,HiTec_excess,0.0338,0.01192964,0.01246262,0.01246262,1193.77664171
1968-05-01,Telcm_excess,-0.0118,0.00619657,0.00619657,0.00619657,1e+16
1968-05-01,Shops_excess,0.0298,0.00874496,0.00519893,0.00519893,2424.46201708
1968-05-01,Hlth_excess,0.029,0.00971734,0.00971734,0.00971734,1e+16
1968-05-01,Utils_excess,-0.0001,0.00737742,0.00675646,0.00675646,10000.0
1968-05-01,Other_excess,0.0578,0.0076754,0.00513417,0.00513417,1193.77664171
1968-06-01,NoDur_excess,0.0057,0.00723783,0.00669247,0.00669247,10000.0
1968-06-01,Durbl_excess,-0.0185,0.01193944,0.00473177,0.00473177,2424.46201708
1968-06-01,Manuf_excess,-0.0065,0.009534,0.00589842,0.00589842,2424.46201708
1968-06-01,Enrgy_excess,0.0141,0.00895111,0.00475312,0.00475312,587.80160723
1968-06-01,HiTec_excess,-0.0246,0.01197364,0.01445515,0.01445515,1193.77664171
1968-06-01,Telcm_excess,0.0375,0.00616036,0.00616036,0.00616036,1e+16
1968-06-01,Shops_excess,0.0008,0.00878732,0.00664837,0.00664837,2424.46201708
1968-06-01,Hlth_excess,0.018,0.00975614,0.00975614,0.00975614,1e+16
1968-06-01,Utils_excess,0.0802,0.00736237,0.00701281,0.00701281,10000.0
1968-06-01,Other_excess,0.026,0.00777626,0.00586712,0.00586712,1193.77664171
1968-07-01,NoDur_excess,-0.0417,0.00723474,0.00651475,0.00651475,10000.0
1968-07-01,Durbl_excess,-0.034,0.01187831,0.0034556,0.0034556,2424.46201708
1968-07-01,Manuf_excess,-0.0445,0.00950181,0.00549598,0.00549598,2424.46201708
1968-07-01,Enrgy_excess,0.048,0.00896145,0.00519276,0.00519276,587.80160723
1968-07-01,HiTec_excess,-0.0599,0.0119002,0.01250704,0.01250704,1193.77664171
1968-07-01,Telcm_excess,-0.0068,0.00622329,0.00622329,0.00622329,1e+16
1968-07-01,Shops_excess,-0.0564,0.00877129,0.00537759,0.00537759,2424.46201708
1968-07-01,Hlth_excess,-0.046,0.00977269,0.00977269,0.00977269,1e+16
1968-07-01,Utils_excess,-0.003,0.00750863,0.00711521,0.00711521,10000.0
1968-07-01,Other_excess,-0.0349,0.00781285,0.00562598,0.00562598,1193.77664171
1968-08-01,NoDur_excess,0.0232,0.00713667,0.0064399,0.0064399,10000.0
1968-08-01,Durbl_excess,0.0083,0.01178637,0.00349251,0.00349251,2424.46201708
1968-08-01,Manuf_excess,0.0292,0.00939359,0.00465272,0.00465272,2424.46201708
1968-08-01,Enrgy_excess,0.0088,0.00903968,0.0043582,0.0043582,587.80160723
1968-08-01,HiTec_excess,0.0012,0.01175631,0.01216858,0.01216858,1193.77664171
1968-08-01,Telcm_excess,0.0087,0.00619719,0.00619719,0.00619719,1e+16
1968-08-01,Shops_excess,0.0184,0.00864068,0.00591458,0.00591458,2424.46201708
1968-08-01,Hlth_excess,0.0026,0.00966092,0.00966092,0.00966092,1e+16
1968-08-01,Utils_excess,-0.0129,0.00748758,0.00735754,0.00735754,10000.0
1968-08-01,Other_excess,0.022,0.00772725,0.00505597,0.00505597,1193.77664171
1968-09-01,NoDur_excess,0.0444,0.0071688,0.00671736,0.00671736,10000.0
1968-09-01,Durbl_excess,0.0621,0.0117794,0.00524706,0.00524706,2424.46201708
1968-09-01,Manuf_excess,0.0412,0.0094332,0.00503047,0.00503047,2424.46201708
1968-09-01,Enrgy_excess,0.0308,0.0090392,0.00258142,0.00258142,587.80160723
1968-09-01,HiTec_excess,0.0251,0.0117352,0.01332604,0.01332604,1193.77664171
1968-09-01,Telcm_excess,0.0254,0.0062022,0.0062022,0.0062022,1e+16
1968-09-01,Shops_excess,0.0741,0.0086602,0.00777236,0.00777236,2424.46201708
1968-09-01,Hlth_excess,0.0041,0.0096468,0.0096468,0.0096468,1e+16
1968-09-01,Utils_excess,-0.0017,0.0074468,0.00746628,0.00746628,10000.0
1968-09-01,Other_excess,0.0901,0.0077558,0.00522158,0.00522158,1193.77664171
1968-10-01,NoDur_excess,0.0043,0.00724311,0.00669032,0.00669032,10000.0
1968-10-01,Durbl_excess,0.0423,0.01187984,0.00526581,0.00526581,2424.46201708
1968-10-01,Manuf_excess,0.0049,0.00949661,0.00556469,0.00556469,2424.46201708
1968-10-01,Enrgy_excess,0.0215,0.00908263,0.00397937,0.00397937,587.80160723
1968-10-01,HiTec_excess,-0.0534,0.01176188,0.0125042,0.0125042,1193.77664171
1968-10-01,Telcm_excess,0.0273,0.00624052,0.00624052,0.00624052,1e+16
1968-10-01,Shops_excess,0.0025,0.00879082,0.00704737,0.00704737,2424.46201708
1968-10-01,Hlth_excess,-0.0048,0.00963573,0.00963573,0.00963573,1e+16
1968-10-01,Utils_excess,0.0005,0.00742854,0.00711094,0.00711094,10000.0
1968-10-01,Other_excess,0.0065,0.00792016,0.00558288,0.00558288,1193.77664171
1968-11-01,NoDur_excess,0.0425,0.00723725,0.00653331,0.00653331,10000.0
1968-11-01,Durbl_excess,-0.0056,0.01194044,0.00480267,0.00480267,2424.46201708
1968-11-01,Manuf_excess,0.0535,0.00948745,0.00544482,0.00544482,2424.46201708
1968-11-01,Enrgy_excess,0.0526,0.00910737,0.00469834,0.00469834,587.80160723
1968-11-01,HiTec_excess,0.0819,0.01163207,0.01121156,0.01121156,1193.77664171
1968-11-01,Telcm_excess,0.0497,0.00628247,0.00628247,0.00628247,1e+16
1968-11-01,Shops_excess,0.0472,0.00877829,0.00614881,0.00614881,2424.46201708
1968-11-01,Hlth_excess,0.077,0.00960697,0.00960697,0.00960697,1e+16
1968-11-01,Utils_excess,0.0839,0.00741474,0.00690144,0.00690144,10000.0
1968-11-01,Other_excess,0.0729,0.00791733,0.00518558,0.00518558,1193.77664171
1968-12-01,NoDur_excess,-0.0145,0.00730736,0.00676589,0.00676589,10000.0
1968-12-01,Durbl_excess,-0.0489,0.01190557,0.00532534,0.00532534,2424.46201708
1968-12-01,Manuf_excess,-0.0375,0.00957495,0.00566005,0.00566005,2424.46201708
1968-12-01,Enrgy_excess,-0.0296,0.00919384,0.00394722,0.00394722,587.80160723
1968-12-01,HiTec_excess,-0.0577,0.01177177,0.01242034,0.01242034,1193.77664171
1968-12-01,Telcm_excess,-0.071,0.00636879,0.00636879,0.00636879,1e+16
1968-12-01,Shops_excess,-0.0456,0.00885467,0.00723597,0.00723597,2424.46201708
1968-12-01,Hlth_excess,-0.0145,0.00974095,0.00974095,0.00974095,1e+16
1968-12-01,Utils_excess,-0.0335,0.0075668,0.00724664,0.00724664,10000.0
1968-12-01,Other_excess,-0.0411,0.00804652,0.00570738,0.00570738,1193.77664171
1969-01-01,NoDur_excess,-0.0172,0.00726409,0.00717267,0.00717267,83767.76400683
1969-01-01,Durbl_excess,-0.0225,0.01178492,0.00472694,0.00472694,2424.46201708
1969-01-01,Manuf_excess,-0.0098,0.00948155,0.0049455,0.0049455,2424.46201708
1969-01-01,Enrgy_excess,-0.0167,0.00911687,0.00235473,0.00235473,587.80160723
1969-01-01,HiTec_excess,-0.0521,0.01163393,0.01140695,0.01140695,2424.46201708
1969-01-01,Telcm_excess,0.0064,0.00621528,0.00621528,0.00621528,1e+16
1969-01-01,Shops_excess,-0.015,0.00874663,0.00706638,0.00706638,2424.46201708
1969-01-01,Hlth_excess,-0.0076,0.00969286,0.00969286,0.00969286,1e+16
1969-01-01,Utils_excess,0.0191,0.00748532,0.00748532,0.00748532,3070290629757837.5
1969-01-01,Other_excess,0.0025,0.00794901,0.00497337,0.00497337,1193.77664171
1969-02-01,NoDur_excess,-0.0708,0.00721564,0.00712582,0.00712582,83767.76400683
1969-02-01,Durbl_excess,-0.0404,0.01171703,0.00394016,0.00394016,2424.46201708
1969-02-01,Manuf_excess,-0.0619,0.00944337,0.00353254,0.00353254,2424.46201708
1969-02-01,Enrgy_excess,-0.0541,0.00906574,-0.00105401,0.0,587.80160723
1969-02-01,HiTec_excess,-0.0408,0.01150772,0.01092312,0.01092312,2424.46201708
1969-02-01,Telcm_excess,-0.038,0.00621564,0.00621564,0.00621564,1e+16
1969-02-01,Shops_excess,-0.0461,0.0086996,0.00784407,0.00784407,2424.46201708
1969-02-01,Hlth_excess,-0.0563,0.00965861,0.00965861,0.00965861,1e+16
1969-02-01,Utils_excess,-0.0568,0.00750832,0.00750832,0.00750832,3070290629757837.5
1969-02-01,Other_excess,-0.0887,0.00793822,0.00447128,0.00447128,1193.77664171
1969-03-01,NoDur_excess,0.0025,0.00706146,0.00689486,0.00689486,83767.76400683
1969-03-01,Durbl_excess,0.0464,0.01161403,0.00167805,0.00167805,2424.46201708
1969-03-01,Manuf_excess,0.0219,0.00930237,0.0040042,0.0040042,2424.46201708
1969-03-01,Enrgy_excess,0.069,0.00894091,0.00373281,0.00373281,587.80160723
1969-03-01,HiTec_excess,0.0498,0.01140435,0.00898049,0.00898049,2424.46201708
1969-03-01,Telcm_excess,-0.0088,0.00612826,0.00612826,0.00612826,1e+16
1969-03-01,Shops_excess,0.0461,0.0085913,0.00294831,0.00294831,2424.46201708
1969-03-01,Hlth_excess,0.0289,0.00952826,0.00952826,0.00952826,1e+16
1969-03-01,Utils_excess,-0.0175,0.00738123,0.00738123,0.00738123,3070290629757837.5
1969-03-01,Other_excess,0.0028,0.00774723,0.0031164,0.0031164,1193.77664171
1969-04-01,NoDur_excess,0.0052,0.00705247,0.00688554,0.00688554,83767.76400683
1969-04-01,Durbl_excess,0.0069,0.01168264,0.00229994,0.00229994,2424.46201708
1969-04-01,Manuf_excess,0.0077,0.00932722,0.00437321,0.00437321,2424.46201708
1969-04-01,Enrgy_excess,-0.0089,0.00905937,0.00557194,0.00557194,587.80160723
1969-04-01,HiTec_excess,0.0333,0.01148008,0.009235,0.009235,2424.46201708
1969-04-01,Telcm_excess,0.0715,0.00609882,0.00609882,0.00609882,1e+16
1969-04-01,Shops_excess,0.0341,0.00866529,0.00347972,0.00347972,2424.46201708
1969-04-01,Hlth_excess,0.0445,0.00956647,0.00956647,0.00956647,1e+16
1969-04-01,Utils_excess,0.0081,0.00733215,0.00733215,0.00733215,3070290629757837.5
1969-04-01,Other_excess,0.013,0.00773748,0.00345356,0.00345356,1193.77664171
1969-05-01,NoDur_excess,0.0073,0.00704882,0.00687965,0.00687965,83767.76400683
1969-05-01,Durbl_excess,-0.0035,0.01167323,0.00076267,0.00076267,2424.46201708
1969-05-01,Manuf_excess,-0.0134,0.00932402,0.00298751,0.00298751,2424.46201708
1969-05-01,Enrgy_excess,0.0352,0.00902402,0.00266819,0.00266819,587.80160723
1969-05-01,HiTec_excess,-0.0208,0.01152303,0.00930045,0.00930045,2424.46201708
1969-05-01,Telcm_excess,0.0059,0.00622756,0.00622756,0.00622756,1e+16
1969-05-01,Shops_excess,0.0,0.00871535,0.00359978,0.00359978,2424.46201708
1969-05-01,Hlth_excess,0.012,0.00963524,0.00963524,0.00963524,1e+16
1969-05-01,Utils_excess,-0.0046,0.00733366,0.00733366,0.00733366,3070290629757837.5
1969-05-01,Other_excess,-0.0168,0.00774783,0.00269977,0.00269977,1193.77664171
1969-06-01,NoDur_excess,-0.0788,0.00704931,0.00692969,0.00692969,83767.76400683
1969-06-01,Durbl_excess,-0.065,0.01164342,0.00496799,0.00496799,2424.46201708
1969-06-01,Manuf_excess,-0.0743,0.00927937,0.00379239,0.00379239,2424.46201708
1969-06-01,Enrgy_excess,-0.1047,0.00907544,-0.00025703,0.0,587.80160723
1969-06-01,HiTec_excess,-0.0067,0.01145953,0.01067079,0.01067079,2424.46201708
1969-06-01,Telcm_excess,-0.0451,0.00622692,0.00622692,0.00622692,1e+16
1969-06-01,Shops_excess,-0.0602,0.00869823,0.00759029,0.00759029,2424.46201708
1969-06-01,Hlth_excess,-0.0555,0.00963988,0.00963988,0.00963988,1e+16
1969-06-01,Utils_excess,-0.0625,0.00731022,0.00731022,0.00731022,3070290629757837.5
1969-06-01,Other_excess,-0.1103,0.00769961,0.00316112,0.00316112,1193.77664171
1969-07-01,NoDur_excess,-0.0738,0.00688098,0.00671058,0.00671058,83767.76400683
1969-07-01,Durbl_excess,-0.075,0.01149314,0.00166077,0.00166077,2424.46201708
1969-07-01,Manuf_excess,-0.0598,0.00911549,0.00378788,0.00378788,2424.46201708
1969-07-01,Enrgy_excess,-0.1017,0.00885235,0.00511209,0.00511209,587.80160723
1969-07-01,HiTec_excess,-0.0596,0.01142392,0.00975325,0.00975325,2424.46201708
1969-07-01,Telcm_excess,-0.0503,0.00612627,0.00612627,0.00612627,1e+16
1969-07-01,Shops_excess,-0.0898,0.00856314,0.00335134,0.00335134,2424.46201708
1969-07-01,Hlth_excess,-0.0326,0.00951216,0.00951216,0.00951216,1e+16
1969-07-01,Utils_excess,-0.0351,0.00717333,0.00717333,0.00717333,3070290629757837.5
1969-07-01,Other_excess,-0.0966,0.00746824,0.00295613,0.00295613,1193.77664171
1969-08-01,NoDur_excess,0.0445,0.00672309,0.00653275,0.00653275,83767.76400683
1969-08-01,Durbl_excess,0.0223,0.01132387,0.00140951,0.00140951,2424.46201708
1969-08-01,Manuf_excess,0.0369,0.00898063,0.00347226,0.00347226,2424.46201708
1969-08-01,Enrgy_excess,0.0612,0.00863601,0.00299115,0.00299115,587.80160723
1969-08-01,HiTec_excess,0.0653,0.01128493,0.01031039,0.01031039,2424.46201708
1969-08-01,Telcm_excess,0.0115,0.00601585,0.00601585,0.00601585,1e+16
1969-08-01,Shops_excess,0.0763,0.00837065,0.00301149,0.00301149,2424.46201708
1969-08-01,Hlth_excess,0.0881,0.00942975,0.00942975,0.00942975,1e+16
1969-08-01,Utils_excess,-0.0179,0.00709061,0.00709061,0.00709061,3070290629757837.5
1969-08-01,Other_excess,0.0848,0.00726458,0.00188537,0.00188537,1193.77664171
1969-09-01,NoDur_excess,-0.0029,0.00679687,0.00662432,0.00662432,83767.76400683
1969-09-01,Durbl_excess,-0.0068,0.01134531,0.00207862,0.00207862,2424.46201708
1969-09-01,Manuf_excess,-0.0269,0.00903516,0.00348887,0.00348887,2424.46201708
1969-09-01,Enrgy_excess,-0.1025,0.00873867,0.00192224,0.00192224,587.80160723
1969-09-01,HiTec_excess,-0.0042,0.01139043,0.01102738,0.01102738,2424.46201708
1969-09-01,Telcm_excess,-0.0462,0.00602656,0.00602656,0.00602656,1e+16
1969-09-01,Shops_excess,-0.0128,0.00850332,0.00475464,0.00475464,2424.46201708
1969-09-01,Hlth_excess,0.0147,0.0095834,0.0095834,0.0095834,1e+16
1969-09-01,Utils_excess,-0.0477,0.0070418,0.0070418,0.0070418,3070290629757837.5
1969-09-01,Other_excess,-0.0125,0.00741602,0.00282895,0.00282895,1193.77664171
1969-10-01,NoDur_excess,0.0772,0.00677797,0.00662563,0.00662563,83767.76400683
1969-10-01,Durbl_excess,0.0326,0.01130994,0.00423426,0.00423426,2424.46201708
1969-10-01,Manuf_excess,0.0608,0.00896511,0.00323963,0.00323963,2424.46201708
1969-10-01,Enrgy_excess,-0.0163,0.00852183,-0.0036458,0.0,587.80160723
1969-10-01,HiTec_excess,0.0519,0.01136004,0.01205198,0.01205198,2424.46201708
1969-10-01,Telcm_excess,0.029,0.00592476,0.00592476,0.00592476,1e+16
1969-10-01,Shops_excess,0.0611,0.00846179,0.00687369,0.00687369,2424.46201708
1969-10-01,Hlth_excess,0.0838,0.00959337,0.00959337,0.00959337,1e+16
1969-10-01,Utils_excess,0.077,0.00693509,0.00693509,0.00693509,3070290629757837.5
1969-10-01,Other_excess,0.074,0.00737719,0.00235976,0.00235976,1193.77664171
1969-11-01,NoDur_excess,-0.0288,0.00691498,0.00673419,0.00673419,83767.76400683
1969-11-01,Durbl_excess,-0.05,0.01135136,0.00042222,0.00042222,2424.46201708
1969-11-01,Manuf_excess,-0.0394,0.00906595,0.0034286,0.0034286,2424.46201708
1969-11-01,Enrgy_excess,-0.0508,0.00847354,0.00292726,0.00292726,587.80160723
1969-11-01,HiTec_excess,-0.0231,0.01143891,0.00963696,0.00963696,2424.46201708
1969-11-01,Telcm_excess,0.0064,0.00596965,0.00596965,0.00596965,1e+16
1969-11-01,Shops_excess,-0.0461,0.0085642,0.00252264,0.00252264,2424.46201708
1969-11-01,Hlth_excess,-0.002,0.00973774,0.00973774,0.00973774,1e+16
1969-11-01,Utils_excess,-0.058,0.0070714,0.0070714,0.0070714,3070290629757837.5
1969-11-01,Other_excess,-0.0608,0.00750681,0.00304926,0.00304926,1193.77664171
1969-12-01,NoDur_excess,-0.0258,0.00684563,0.0066732,0.0066732,83767.76400683
1969-12-01,Durbl_excess,-0.0408,0.01123223,0.00215885,0.00215885,2424.46201708
1969-12-01,Manuf_excess,-0.0207,0.00897184,0.00462345,0.00462345,2424.46201708
1969-12-01,Enrgy_excess,-0.0365,0.00835845,0.00170111,0.00170111,587.80160723
1969-12-01,HiTec_excess,-0.0138,0.01137184,0.01078411,0.01078411,2424.46201708
1969-12-01,Telcm_excess,-0.0615,0.00597049,0.00597049,0.00597049,1e+16
1969-12-01,Shops_excess,-0.0364,0.00845806,0.00334977,0.00334977,2424.46201708
1969-12-01,Hlth_excess,0.0366,0.00971495,0.00971495,0.00971495,1e+16
1969-12-01,Utils_excess,-0.0127,0.00694505,0.00694505,0.00694505,3070290629757837.5
1969-12-01,Other_excess,-0.044,0.00737417,0.00335631,0.00335631,1193.77664171
1970-01-01,NoDur_excess,-0.0485,0.00678236,0.00519424,0.00519424,4923.88263171
1970-01-01,Durbl_excess,-0.0885,0.0111314,0.0018363,0.0018363,2424.46201708
1970-01-01,Manuf_excess,-0.079,0.00891434,0.00434968,0.00434968,2424.46201708
1970-01-01,Enrgy_excess,-0.1206,0.00827151,0.00119684,0.00119684,587.80160723
1970-01-01,HiTec_excess,-0.0967,0.01132306,0.01159436,0.01159436,2424.46201708
1970-01-01,Telcm_excess,-0.0317,0.00583973,0.00583973,0.00583973,1e+16
1970-01-01,Shops_excess,-0.0669,0.00837112,0.00545318,0.00545318,4923.88263171
1970-01-01,Hlth_excess,-0.0772,0.00976705,0.00976705,0.00976705,1e+16
1970-01-01,Utils_excess,-0.0484,0.00690698,0.00572841,0.00572841,4923.88263171
1970-01-01,Other_excess,-0.0945,0.00727461,0.00394799,0.00394799,1193.77664171
1970-02-01,NoDur_excess,0.0408,0.00667544,0.00552154,0.00552154,4923.88263171
1970-02-01,Durbl_excess,0.0498,0.01093868,0.00248161,0.00248161,2424.46201708
1970-02-01,Manuf_excess,0.0457,0.00874429,0.00372912,0.00372912,2424.46201708
1970-02-01,Enrgy_excess,0.0477,0.00802224,-0.00225462,0.0,587.80160723
1970-02-01,HiTec_excess,0.0233,0.01111412,0.01183752,0.01183752,2424.46201708
1970-02-01,Telcm_excess,0.0735,0.00576712,0.00576712,0.00576712,1e+16
1970-02-01,Shops_excess,0.0496,0.00822553,0.00615019,0.00615019,4923.88263171
1970-02-01,Hlth_excess,0.0498,0.00959884,0.00959884,0.00959884,1e+16
1970-02-01,Utils_excess,0.0776,0.0068,0.00640177,0.00640177,4923.88263171
1970-02-01,Other_excess,0.0886,0.00707776,0.00380322,0.00380322,1193.77664171
1970-03-01,NoDur_excess,-0.0135,0.00674131,0.00488856,0.00488856,4923.88263171
1970-03-01,Durbl_excess,0.043,0.01101371,0.00030693,0.00030693,2424.46201708
1970-03-01,Manuf_excess,-0.0086,0.00881564,0.00336528,0.00336528,2424.46201708
1970-03-01,Enrgy_excess,-0.0102,0.00809884,0.00287275,0.00287275,587.80160723
1970-03-01,HiTec_excess,-0.0315,0.01113764,0.00922364,0.00922364,2424.46201708
1970-03-01,Telcm_excess,0.0172,0.00589788,0.00589788,0.00589788,1e+16
1970-03-01,Shops_excess,-0.0229,0.00830541,0.0045071,0.0045071,4923.88263171
1970-03-01,Hlth_excess,-0.0566,0.00967645,0.00967645,0.00967645,1e+16
1970-03-01,Utils_excess,0.0234,0.00693668,0.00554021,0.00554021,4923.88263171
1970-03-01,Other_excess,-0.0237,0.00723514,0.00340872,0.00340872,1193.77664171
1970-04-01,NoDur_excess,-0.1064,0.00670231,0.0054096,0.0054096,4923.88263171
1970-04-01,Durbl_excess,-0.0936,0.01107534,0.00382996,0.00382996,2424.46201708
1970-04-01,Manuf_excess,-0.0948,0.00878208,0.00431006,0.00431006,2424.46201708
1970-04-01,Enrgy_excess,-0.0967,0.00806358,-0.00040582,0.0,587.80160723
1970-04-01,HiTec_excess,-0.1485,0.01105549,0.01011599,0.01011599,2424.46201708
1970-04-01,Telcm_excess,-0.0929,0.00591965,0.00591965,0.00591965,1e+16
1970-04-01,Shops_excess,-0.1162,0.00824528,0.00606306,0.00606306,4923.88263171
1970-04-01,Hlth_excess,-0.1061,0.00954875,0.00954875,0.00954875,1e+16
1970-04-01,Utils_excess,-0.0857,0.0069684,0.00611202,0.00611202,4923.88263171
1970-04-01,Other_excess,-0.1432,0.00717553,0.00391156,0.00391156,1193.77664171
1970-05-01,NoDur_excess,-0.0798,0.00648481,0.00535151,0.00535151,4923.88263171
1970-05-01,Durbl_excess,-0.07,0.01087404,0.00532485,0.00532485,2424.46201708
1970-05-01,Manuf_excess,-0.0804,0.00858288,0.00456951,0.00456951,2424.46201708
1970-05-01,Enrgy_excess,0.0213,0.00786212,-0.00306782,0.0,587.80160723
1970-05-01,HiTec_excess,-0.1009,0.01074865,0.01009546,0.01009546,2424.46201708
1970-05-01,Telcm_excess,-0.0424,0.00572962,0.00572962,0.00572962,1e+16
1970-05-01,Shops_excess,-0.1,0.00800596,0.00662323,0.00662323,4923.88263171
1970-05-01,Hlth_excess,-0.083,0.00932635,0.00932635,0.00932635,1e+16
1970-05-01,Utils_excess,-0.0588,0.00679019,0.00596702,0.00596702,4923.88263171
1970-05-01,Other_excess,-0.087,0.00688635,0.00357624,0.00357624,1193.77664171
1970-06-01,NoDur_excess,-0.0206,0.00631919,0.00537666,0.00537666,4923.88263171
1970-06-01,Durbl_excess,-0.0473,0.01071881,0.00667249,0.00667249,2424.46201708
1970-06-01,Manuf_excess,-0.054,0.00841209,0.00426712,0.00426712,2424.46201708
1970-06-01,Enrgy_excess,-0.0302,0.00788791,-0.0022429,0.0,587.80160723
1970-06-01,HiTec_excess,-0.1231,0.01053436,0.00991938,0.00991938,2424.46201708
1970-06-01,Telcm_excess,-0.0907,0.00563724,0.00563724,0.00563724,1e+16
1970-06-01,Shops_excess,-0.0456,0.00779866,0.00668835,0.00668835,4923.88263171
1970-06-01,Hlth_excess,-0.0109,0.00914914,0.00914914,0.00914914,1e+16
1970-06-01,Utils_excess,-0.0529,0.0066643,0.00620447,0.00620447,4923.88263171
1970-06-01,Other_excess,-0.0743,0.00670614,0.002768,0.002768,1193.77664171
1970-07-01,NoDur_excess,0.0616,0.00626762,0.00418279,0.00418279,4923.88263171
1970-07-01,Durbl_excess,0.1008,0.01060766,0.00278572,0.00278572,2424.46201708
1970-07-01,Manuf_excess,0.0458,0.00829253,0.00475695,0.00475695,2424.46201708
1970-07-01,Enrgy_excess,0.1224,0.00781494,0.0061856,0.0061856,587.80160723
1970-07-01,HiTec_excess,0.0182,0.01027835,0.00726696,0.00726696,2424.46201708
1970-07-01,Telcm_excess,0.0974,0.00545268,0.00545268,0.00545268,1e+16
1970-07-01,Shops_excess,0.0986,0.00769636,0.0031352,0.0031352,4923.88263171
1970-07-01,Hlth_excess,0.0164,0.00911073,0.00911073,0.00911073,1e+16
1970-07-01,Utils_excess,0.0819,0.00655019,0.00427189,0.00427189,4923.88263171
1970-07-01,Other_excess,0.075,0.00655096,0.00231002,0.00231002,1193.77664171
1970-08-01,NoDur_excess,0.0093,0.00637342,0.00519772,0.00519772,4923.88263171
1970-08-01,Durbl_excess,0.0775,0.01078011,0.00423323,0.00423323,2424.46201708
1970-08-01,Manuf_excess,0.0412,0.00836424,0.00262494,0.00262494,2424.46201708
1970-08-01,Enrgy_excess,0.0606,0.00803403,-0.00061386,0.0,587.80160723
1970-08-01,HiTec_excess,0.075,0.0102935,0.0077761,0.0077761,2424.46201708
1970-08-01,Telcm_excess,0.0191,0.00562849,0.00562849,0.00562849,1e+16
1970-08-01,Shops_excess,0.0478,0.00787017,0.00600992,0.00600992,4923.88263171
1970-08-01,Hlth_excess,0.0129,0.00912467,0.00912467,0.00912467,1e+16
1970-08-01,Utils_excess,0.0416,0.00669426,0.006384,0.006384,4923.88263171
1970-08-01,Other_excess,0.0457,0.00668184,0.00228116,0.00228116,1193.77664171
1970-09-01,NoDur_excess,0.0498,0.00637901,0.00519808,0.00519808,4923.88263171
1970-09-01,Durbl_excess,0.0215,0.01090744,0.00570037,0.00570037,2424.46201708
1970-09-01,Manuf_excess,0.0343,0.00842691,0.0038493,0.0038493,2424.46201708
1970-09-01,Enrgy_excess,0.0266,0.00813435,5.562e-05,5.562e-05,587.80160723
1970-09-01,HiTec_excess,0.0964,0.01041698,0.00829543,0.00829543,2424.46201708
1970-09-01,Telcm_excess,-0.0142,0.0056542,0.0056542,0.0056542,1e+16
1970-09-01,Shops_excess,0.0741,0.00794637,0.00616747,0.00616747,4923.88263171
1970-09-01,Hlth_excess,0.0749,0.00913187,0.00913187,0.00913187,1e+16
1970-09-01,Utils_excess,-0.0106,0.00676088,0.00602991,0.00602991,4923.88263171
1970-09-01,Other_excess,0.0705,0.0067563,0.00259987,0.00259987,1193.77664171
1970-10-01,NoDur_excess,0.0024,0.00646171,0.00511631,0.00511631,4923.88263171
1970-10-01,Durbl_excess,-0.0246,0.01092762,0.0050699,0.0050699,2424.46201708
1970-10-01,Manuf_excess,-0.0361,0.00847619,0.00430106,0.00430106,2424.46201708
1970-10-01,Enrgy_excess,0.0249,0.00816952,0.00369708,0.00369708,587.80160723
1970-10-01,HiTec_excess,-0.0394,0.01058076,0.00815868,0.00815868,2424.46201708
1970-10-01,Telcm_excess,-0.0421,0.00561638,0.00561638,0.00561638,1e+16
1970-10-01,Shops_excess,-0.0215,0.00807238,0.00583948,0.00583948,4923.88263171
1970-10-01,Hlth_excess,-0.0036,0.00925714,0.00925714,0.00925714,1e+16
1970-10-01,Utils_excess,-0.0129,0.00672781,0.00544232,0.00544232,4923.88263171
1970-10-01,Other_excess,-0.0635,0.00687771,0.00369534,0.00369534,1193.77664171
1970-11-01,NoDur_excess,0.0427,0.00645399,0.00515101,0.00515101,4923.88263171
1970-11-01,Durbl_excess,0.0652,0.01086008,0.00548078,0.00548078,2424.46201708
1970-11-01,Manuf_excess,0.0346,0.00839144,0.00397913,0.00397913,2424.46201708
1970-11-01,Enrgy_excess,0.0449,0.00820133,0.00122214,0.00122214,587.80160723
1970-11-01,HiTec_excess,0.036,0.01048574,0.00771094,0.00771094,2424.46201708
1970-11-01,Telcm_excess,0.057,0.00552567,0.00552567,0.00552567,1e+16
1970-11-01,Shops_excess,0.0642,0.00801616,0.00612943,0.00612943,4923.88263171
1970-11-01,Hlth_excess,0.0262,0.0092327,0.0092327,0.0092327,1e+16
1970-11-01,Utils_excess,0.0895,0.00669049,0.0051353,0.0051353,4923.88263171
1970-11-01,Other_excess,0.0339,0.00674392,0.00228456,0.00228456,1193.77664171
1970-12-01,NoDur_excess,0.0708,0.00652277,0.00543503,0.00543503,4923.88263171
1970-12-01,Durbl_excess,0.0575,0.01096319,0.00544368,0.00544368,2424.46201708
1970-12-01,Manuf_excess,0.0759,0.00844118,0.00440365,0.00440365,2424.46201708
1970-12-01,Enrgy_excess,0.0183,0.00827097,0.00831744,0.00831744,587.80160723
1970-12-01,HiTec_excess,0.0398,0.01053416,0.00765031,0.00765031,2424.46201708
1970-12-01,Telcm_excess,0.0643,0.00562334,0.00562334,0.00562334,1e+16
1970-12-01,Shops_excess,0.0499,0.00812277,0.0059028,0.0059028,4923.88263171
1970-12-01,Hlth_excess,0.0494,0.0092649,0.0092649,0.0092649,1e+16
1970-12-01,Utils_excess,0.0676,0.00684763,0.00583736,0.00583736,4923.88263171
1970-12-01,Other_excess,0.0795,0.00679545,0.00432036,0.00432036,1193.77664171
1971-01-01,NoDur_excess,0.0444,0.00664451,0.00587761,0.00587761,4923.88263171
1971-01-01,Durbl_excess,0.0349,0.01105133,0.00663704,0.00663704,2424.46201708
1971-01-01,Manuf_excess,0.0553,0.00856894,0.00287682,0.00287682,2424.46201708
1971-01-01,Enrgy_excess,-0.0005,0.00828996,-0.00451313,0.0,587.80160723
1971-01-01,HiTec_excess,0.0501,0.01058958,0.00799693,0.00799693,2424.46201708
1971-01-01,Telcm_excess,0.0939,0.00573447,0.00573447,0.00573447,1e+16
1971-01-01,Shops_excess,0.0791,0.00820189,0.00805382,0.00805382,4923.88263171
1971-01-01,Hlth_excess,0.045,0.00934091,0.00934091,0.00934091,1e+16
1971-01-01,Utils_excess,0.0255,0.00696269,0.00696269,0.00696269,1e+16
1971-01-01,Other_excess,0.0743,0.00693314,0.00230922,0.00230922,1193.77664171
1971-02-01,NoDur_excess,0.0344,0.00671588,0.0062836,0.0062836,4923.88263171
1971-02-01,Durbl_excess,0.0191,0.01109641,0.00715956,0.00715956,2424.46201708
1971-02-01,Manuf_excess,0.0091,0.00865728,0.00492047,0.00492047,2424.46201708
1971-02-01,Enrgy_excess,0.0448,0.00827335,0.0032938,0.0032938,587.80160723
1971-02-01,HiTec_excess,0.0247,0.01066427,0.00809072,0.00809072,2424.46201708
1971-02-01,Telcm_excess,-0.0562,0.00590113,0.00590113,0.00590113,1e+16
1971-02-01,Shops_excess,0.0331,0.00833592,0.00747563,0.00747563,4923.88263171
1971-02-01,Hlth_excess,0.0106,0.00940832,0.00940832,0.00940832,1e+16
1971-02-01,Utils_excess,-0.0293,0.00699773,0.00699773,0.00699773,1e+16
1971-02-01,Other_excess,0.0202,0.00706049,0.00519428,0.00519428,1193.77664171
1971-03-01,NoDur_excess,0.0415,0.00676811,0.00569773,0.00569773,4923.88263171
1971-03-01,Durbl_excess,0.0314,0.01111151,0.00762066,0.00762066,2424.46201708
1971-03-01,Manuf_excess,0.0378,0.00865811,0.00543485,0.00543485,2424.46201708
1971-03-01,Enrgy_excess,0.0246,0.00834226,0.00275748,0.00275748,587.80160723
1971-03-01,HiTec_excess,0.0775,0.01069075,0.00653831,0.00653831,2424.46201708
1971-03-01,Telcm_excess,0.0041,0.00578396,0.00578396,0.00578396,1e+16
1971-03-01,Shops_excess,0.0651,0.00838264,0.00694691,0.00694691,4923.88263171
1971-03-01,Hlth_excess,0.0337,0.00941057,0.00941057,0.00941057,1e+16
1971-03-01,Utils_excess,0.0211,0.00692925,0.00692925,0.00692925,1e+16
1971-03-01,Other_excess,0.0571,0.00708528,0.00281806,0.00281806,1193.77664171
1971-04-01,NoDur_excess,0.0185,0.00683352,0.00638642,0.00638642,4923.88263171
1971-04-01,Durbl_excess,0.0821,0.01114972,0.00805715,0.00805715,2424.46201708
1971-04-01,Manuf_excess,0.04,0.00871299,0.00615504,0.00615504,2424.46201708
1971-04-01,Enrgy_excess,0.0403,0.00837288,0.00814682,0.00814682,587.80160723
1971-04-01,HiTec_excess,0.0203,0.01081657,0.00742267,0.00742267,2424.46201708
1971-04-01,Telcm_excess,0.0053,0.00578079,0.00578079,0.00578079,1e+16
1971-04-01,Shops_excess,0.0469,0.00848945,0.00729873,0.00729873,4923.88263171
1971-04-01,Hlth_excess,0.0397,0.00945631,0.00945631,0.00945631,1e+16
1971-04-01,Utils_excess,-0.0383,0.00695593,0.00695593,0.00695593,1e+16
1971-04-01,Other_excess,0.0408,0.00717947,0.00585208,0.00585208,1193.77664171
1971-05-01,NoDur_excess,-0.033,0.00685545,0.00583151,0.00583151,4923.88263171
1971-05-01,Durbl_excess,-0.0457,0.01128308,0.00726834,0.00726834,2424.46201708
1971-05-01,Manuf_excess,-0.0255,0.0087718,0.00451549,0.00451549,2424.46201708
1971-05-01,Enrgy_excess,-0.0506,0.00843289,-0.00079824,0.0,587.80160723
1971-05-01,HiTec_excess,-0.0647,0.0108344,0.00716205,0.00716205,2424.46201708
1971-05-01,Telcm_excess,-0.0545,0.00577989,0.00577989,0.00577989,1e+16
1971-05-01,Shops_excess,-0.0208,0.00856165,0.00777382,0.00777382,4923.88263171
1971-05-01,Hlth_excess,-0.024,0.00951316,0.00951316,0.00951316,1e+16
1971-05-01,Utils_excess,-0.04,0.00687086,0.00687086,0.00687086,1e+16
1971-05-01,Other_excess,-0.0489,0.00724267,0.00261936,0.00261936,1193.77664171
1971-06-01,NoDur_excess,-0.0052,0.00678068,0.00563136,0.00563136,4923.88263171
1971-06-01,Durbl_excess,-0.0103,0.01117617,0.00670771,0.00670771,2424.46201708
1971-06-01,Manuf_excess,0.0,0.0087075,0.00500244,0.00500244,2424.46201708
1971-06-01,Enrgy_excess,0.0066,0.00832214,0.00318772,0.00318772,587.80160723
1971-06-01,HiTec_excess,-0.0255,0.01069268,0.0067192,0.0067192,2424.46201708
1971-06-01,Telcm_excess,0.0067,0.00566679,0.00566679,0.00566679,1e+16
1971-06-01,Shops_excess,-0.0007,0.00850657,0.00700658,0.00700658,4923.88263171
1971-06-01,Hlth_excess,0.0165,0.00945028,0.00945028,0.00945028,1e+16
1971-06-01,Utils_excess,0.0395,0.00678293,0.00678293,0.00678293,1e+16
1971-06-01,Other_excess,-0.0143,0.00713734,0.00320905,0.00320905,1193.77664171
1971-07-01,NoDur_excess,-0.0254,0.00675824,0.00571053,0.00571053,4923.88263171
1971-07-01,Durbl_excess,-0.0595,0.01113596,0.00602429,0.00602429,2424.46201708
1971-07-01,Manuf_excess,-0.0528,0.0086912,0.0035727,0.0035727,2424.46201708
1971-07-01,Enrgy_excess,-0.0254,0.00831891,-0.0021362,0.0,587.80160723
1971-07-01,HiTec_excess,-0.0898,0.01062491,0.00729325,0.00729325,2424.46201708
1971-07-01,Telcm_excess,-0.0401,0.00566873,0.00566873,0.00566873,1e+16
1971-07-01,Shops_excess,-0.0385,0.00848933,0.00793581,0.00793581,4923.88263171
1971-07-01,Hlth_excess,-0.0265,0.00946348,0.00946348,0.00946348,1e+16
1971-07-01,Utils_excess,-0.0254,0.00684419,0.00684419,0.00684419,1e+16
1971-07-01,Other_excess,-0.0425,0.00709719,0.00265236,0.00265236,1193.77664171
1971-08-01,NoDur_excess,0.0263,0.00669813,0.00573797,0.00573797,4923.88263171
1971-08-01,Durbl_excess,0.1013,0.01100393,0.0060678,0.0060678,2424.46201708
1971-08-01,Manuf_excess,0.0592,0.00857626,0.00494425,0.00494425,2424.46201708
1971-08-01,Enrgy_excess,-0.0169,0.00825589,0.00369166,0.00369166,587.80160723
1971-08-01,HiTec_excess,0.052,0.0104372,0.00759015,0.00759015,2424.46201708
1971-08-01,Telcm_excess,-0.0081,0.00558318,0.00558318,0.00558318,1e+16
1971-08-01,Shops_excess,0.0573,0.0084015,0.00702333,0.00702333,4923.88263171
1971-08-01,Hlth_excess,0.0281,0.00939626,0.00939626,0.00939626,1e+16
1971-08-01,Utils_excess,-0.028,0.00678393,0.00678393,0.00678393,1e+16
1971-08-01,Other_excess,0.0656,0.00700449,0.00411498,0.00411498,1193.77664171
1971-09-01,NoDur_excess,-0.0044,0.0067347,0.00633327,0.00633327,4923.88263171
1971-09-01,Durbl_excess,-0.0044,0.01117239,0.00732899,0.00732899,2424.46201708
1971-09-01,Manuf_excess,-0.0069,0.00867071,0.00510951,0.00510951,2424.46201708
1971-09-01,Enrgy_excess,-0.0201,0.00820896,0.00470596,0.00470596,587.80160723
1971-09-01,HiTec_excess,-0.0192,0.01051474,0.0083016,0.0083016,2424.46201708
1971-09-01,Telcm_excess,-0.0014,0.00555765,0.00555765,0.00555765,1e+16
1971-09-01,Shops_excess,0.0036,0.00849272,0.00785816,0.00785816,4923.88263171
1971-09-01,Hlth_excess,0.0029,0.00943116,0.00943116,0.00943116,1e+16
1971-09-01,Utils_excess,-0.0188,0.00671903,0.00671903,0.00671903,1e+16
1971-09-01,Other_excess,-0.008,0.00711381,0.00594135,0.00594135,1193.77664171
1971-10-01,NoDur_excess,-0.047,0.00671397,0.00582996,0.00582996,4923.88263171
1971-10-01,Durbl_excess,-0.0558,0.01114339,0.00725314,0.00725314,2424.46201708
1971-10-01,Manuf_excess,-0.0641,0.00864171,0.00627959,0.00627959,2424.46201708
1971-10-01,Enrgy_excess,-0.0466,0.00815624,0.0070446,0.0070446,587.80160723
1971-10-01,HiTec_excess,-0.0472,0.0104594,0.00756286,0.00756286,2424.46201708
1971-10-01,Telcm_excess,-0.0211,0.00554469,0.00554469,0.00554469,1e+16
1971-10-01,Shops_excess,-0.0382,0.00848361,0.00675338,0.00675338,4923.88263171
1971-10-01,Hlth_excess,-0.0287,0.00941899,0.00941899,0.00941899,1e+16
1971-10-01,Utils_excess,0.0168,0.00667151,0.00667151,0.00667151,1e+16
1971-10-01,Other_excess,-0.0457,0.00708566,0.00512549,0.00512549,1193.77664171
1971-11-01,NoDur_excess,-0.0071,0.00661413,0.00606672,0.00606672,4923.88263171
1971-11-01,Durbl_excess,-0.0004,0.01101896,0.00751052,0.00751052,2424.46201708
1971-11-01,Manuf_excess,-0.0135,0.00850651,0.00505258,0.00505258,2424.46201708
1971-11-01,Enrgy_excess,-0.0031,0.00805446,0.00269556,0.00269556,587.80160723
1971-11-01,HiTec_excess,0.014,0.01035223,0.0080947,0.0080947,2424.46201708
1971-11-01,Telcm_excess,0.0002,0.00549517,0.00549517,0.00549517,1e+16
1971-11-01,Shops_excess,-0.0013,0.00839684,0.00790071,0.00790071,4923.88263171
1971-11-01,Hlth_excess,0.0022,0.00934814,0.00934814,0.00934814,1e+16
1971-11-01,Utils_excess,-0.0157,0.00669033,0.00669033,0.00669033,1e+16
1971-11-01,Other_excess,-0.0055,0.00698755,0.00512509,0.00512509,1193.77664171
1971-12-01,NoDur_excess,0.1017,0.00658868,0.00604193,0.00604193,4923.88263171
1971-12-01,Durbl_excess,0.0577,0.01099777,0.00825275,0.00825275,2424.46201708
1971-12-01,Manuf_excess,0.095,0.00846568,0.00541166,0.00541166,2424.46201708
1971-12-01,Enrgy_excess,0.0847,0.00803377,0.00217634,0.00217634,587.80160723
1971-12-01,HiTec_excess,0.109,0.010359,0.00804258,0.00804258,2424.46201708
1971-12-01,Telcm_excess,0.07,0.00548534,0.00548534,0.00548534,1e+16
1971-12-01,Shops_excess,0.098,0.00837885,0.00793501,0.00793501,4923.88263171
1971-12-01,Hlth_excess,0.0754,0.00933488,0.00933488,0.00933488,1e+16
1971-12-01,Utils_excess,0.0774,0.00664879,0.00664879,0.00664879,1e+16
1971-12-01,Other_excess,0.0777,0.00696438,0.00460534,0.00460534,1193.77664171
1972-01-01,NoDur_excess,0.0221,0.00676481,0.00648205,0.00648205,20309.17620905
1972-01-01,Durbl_excess,0.0294,0.01108426,0.00822036,0.00822036,4923.88263171
1972-01-01,Manuf_excess,0.0293,0.00862593,0.00422891,0.00422891,2424.46201708
1972-01-01,Enrgy_excess,-0.0013,0.00817574,0.00165081,0.00165081,1193.77664171
1972-01-01,HiTec_excess,0.0806,0.01054167,0.00846847,0.00846847,4923.88263171
1972-01-01,Telcm_excess,0.0065,0.00560481,0.00560481,0.00560481,1e+16
1972-01-01,Shops_excess,0.0014,0.00854481,0.0081673,0.0081673,10000.0
1972-01-01,Hlth_excess,0.0231,0.00945722,0.00945722,0.00945722,1e+16
1972-01-01,Utils_excess,-0.0059,0.00677981,0.00677981,0.00677981,1e+16
1972-01-01,Other_excess,0.0304,0.00709537,0.00423991,0.00423991,2424.46201708
1972-02-01,NoDur_excess,0.044,0.00679316,0.00655394,0.00655394,20309.17620905
1972-02-01,Durbl_excess,0.0059,0.01111811,0.00898273,0.00898273,4923.88263171
1972-02-01,Manuf_excess,0.0474,0.00866414,0.0049938,0.0049938,2424.46201708
1972-02-01,Enrgy_excess,0.0236,0.00815823,0.00235075,0.00235075,1193.77664171
1972-02-01,HiTec_excess,0.0164,0.01067116,0.008592,0.008592,4923.88263171
1972-02-01,Telcm_excess,-0.0009,0.00560647,0.00560647,0.00560647,1e+16
1972-02-01,Shops_excess,0.0541,0.00853161,0.00816855,0.00816855,10000.0
1972-02-01,Hlth_excess,0.0688,0.00948244,0.00948244,0.00948244,1e+16
1972-02-01,Utils_excess,-0.0275,0.00675638,0.00675638,0.00675638,1e+16
1972-02-01,Other_excess,0.02,0.00713845,0.00445476,0.00445476,2424.46201708
1972-03-01,NoDur_excess,-0.0019,0.00686181,0.00658813,0.00658813,20309.17620905
1972-03-01,Durbl_excess,0.0396,0.01110849,0.00858787,0.00858787,4923.88263171
1972-03-01,Manuf_excess,0.0222,0.00873561,0.00471957,0.00471957,2424.46201708
1972-03-01,Enrgy_excess,-0.0573,0.00818672,0.00288917,0.00288917,1193.77664171
1972-03-01,HiTec_excess,0.0083,0.01068173,0.00827656,0.00827656,4923.88263171
1972-03-01,Telcm_excess,-0.0059,0.00559446,0.00559446,0.00559446,1e+16
1972-03-01,Shops_excess,0.0171,0.00861568,0.00818095,0.00818095,10000.0
1972-03-01,Hlth_excess,0.0019,0.00959188,0.00959188,0.00959188,1e+16
1972-03-01,Utils_excess,-0.0043,0.00669317,0.00669317,0.00669317,1e+16
1972-03-01,Other_excess,0.0204,0.00716218,0.00443311,0.00443311,2424.46201708
1972-04-01,NoDur_excess,0.0161,0.00684567,0.00658346,0.00658346,20309.17620905
1972-04-01,Durbl_excess,-0.0082,0.01116096,0.00861373,0.00861373,4923.88263171
1972-04-01,Manuf_excess,0.0168,0.00876041,0.00484308,0.00484308,2424.46201708
1972-04-01,Enrgy_excess,-0.0098,0.00806611,0.00130996,0.00130996,1193.77664171
1972-04-01,HiTec_excess,0.0047,0.01067735,0.00857378,0.00857378,4923.88263171
1972-04-01,Telcm_excess,-0.0134,0.0055733,0.0055733,0.0055733,1e+16
1972-04-01,Shops_excess,-0.0085,0.00863131,0.00830865,0.00830865,10000.0
1972-04-01,Hlth_excess,0.0079,0.00957772,0.00957772,0.00957772,1e+16
1972-04-01,Utils_excess,-0.0311,0.00667293,0.00667293,0.00667293,1e+16
1972-04-01,Other_excess,0.0153,0.00718656,0.00438455,0.00438455,2424.46201708
1972-05-01,NoDur_excess,0.0011,0.00686268,0.00658701,0.00658701,20309.17620905
1972-05-01,Durbl_excess,-0.0132,0.01112537,0.00848826,0.00848826,4923.88263171
1972-05-01,Manuf_excess,0.016,0.00877518,0.00502948,0.00502948,2424.46201708
1972-05-01,Enrgy_excess,0.0339,0.00803327,0.00227467,0.00227467,1193.77664171
1972-05-01,HiTec_excess,0.0344,0.01066636,0.00844709,0.00844709,4923.88263171
1972-05-01,Telcm_excess,0.0087,0.00553842,0.00553842,0.00553842,1e+16
1972-05-01,Shops_excess,0.0149,0.00859982,0.0081024,0.0081024,10000.0
1972-05-01,Hlth_excess,0.0322,0.00957463,0.00957463,0.00957463,1e+16
1972-05-01,Utils_excess,-0.0048,0.00660349,0.00660349,0.00660349,1e+16
1972-05-01,Other_excess,-0.0091,0.00720147,0.0045514,0.0045514,2424.46201708
1972-06-01,NoDur_excess,-0.0144,0.00685211,0.00658929,0.00658929,20309.17620905
1972-06-01,Durbl_excess,-0.0318,0.01108073,0.00850605,0.00850605,4923.88263171
1972-06-01,Manuf_excess,-0.0254,0.00878844,0.00554388,0.00554388,2424.46201708
1972-06-01,Enrgy_excess,-0.0121,0.00808073,0.00460807,0.00460807,1193.77664171
1972-06-01,HiTec_excess,-0.0282,0.01070991,0.00860223,0.00860223,4923.88263171
1972-06-01,Telcm_excess,-0.0304,0.00554422,0.00554422,0.00554422,1e+16
1972-06-01,Shops_excess,-0.0451,0.00861138,0.00798853,0.00798853,10000.0
1972-06-01,Hlth_excess,0.0222,0.00961615,0.00961615,0.00961615,1e+16
1972-06-01,Utils_excess,-0.0184,0.00658257,0.00658257,0.00658257,1e+16
1972-06-01,Other_excess,-0.048,0.00717156,0.00508163,0.00508163,2424.46201708
1972-07-01,NoDur_excess,-0.0189,0.00681319,0.00650176,0.00650176,20309.17620905
1972-07-01,Durbl_excess,-0.0244,0.0110022,0.00813506,0.00813506,4923.88263171
1972-07-01,Manuf_excess,0.0017,0.00872582,0.00505839,0.00505839,2424.46201708
1972-07-01,Enrgy_excess,-0.0136,0.00804377,0.00229647,0.00229647,1193.77664171
1972-07-01,HiTec_excess,0.0065,0.01063864,0.00851505,0.00851505,4923.88263171
1972-07-01,Telcm_excess,0.0044,0.00547839,0.00547839,0.00547839,1e+16
1972-07-01,Shops_excess,-0.0277,0.008513,0.0078971,0.0078971,10000.0
1972-07-01,Hlth_excess,0.0282,0.00963919,0.00963919,0.00963919,1e+16
1972-07-01,Utils_excess,-0.0027,0.00653681,0.00653681,0.00653681,1e+16
1972-07-01,Other_excess,-0.0326,0.00707051,0.00412176,0.00412176,2424.46201708
1972-08-01,NoDur_excess,-0.004,0.00676618,0.00642262,0.00642262,20309.17620905
1972-08-01,Durbl_excess,0.0349,0.01093748,0.00797218,0.00797218,4923.88263171
1972-08-01,Manuf_excess,0.02,0.00871298,0.00558181,0.00558181,2424.46201708
1972-08-01,Enrgy_excess,0.1216,0.0080042,0.0049889,0.0049889,1193.77664171
1972-08-01,HiTec_excess,0.0256,0.01063108,0.00844864,0.00844864,4923.88263171
1972-08-01,Telcm_excess,0.0486,0.00547642,0.00547642,0.00547642,1e+16
1972-08-01,Shops_excess,-0.0072,0.0084468,0.00750696,0.00750696,10000.0
1972-08-01,Hlth_excess,0.0075,0.00967313,0.00967313,0.00967313,1e+16
1972-08-01,Utils_excess,0.0568,0.00651993,0.00651993,0.00651993,1e+16
1972-08-01,Other_excess,0.0333,0.00699799,0.00457581,0.00457581,2424.46201708
1972-09-01,NoDur_excess,-0.0296,0.00674653,0.00641999,0.00641999,20309.17620905
1972-09-01,Durbl_excess,-0.0123,0.0109812,0.00790891,0.00790891,4923.88263171
1972-09-01,Manuf_excess,-0.0156,0.00873358,0.0048533,0.0048533,2424.46201708
1972-09-01,Enrgy_excess,-0.0058,0.0082115,0.00269158,0.00269158,1193.77664171
1972-09-01,HiTec_excess,-0.0149,0.01065839,0.00859944,0.00859944,4923.88263171
1972-09-01,Telcm_excess,0.0397,0.00555511,0.00555511,0.00555511,1e+16
1972-09-01,Shops_excess,-0.0084,0.00841825,0.00777613,0.00777613,10000.0
1972-09-01,Hlth_excess,-0.0078,0.00966916,0.00966916,0.00966916,1e+16
1972-09-01,Utils_excess,-0.0014,0.00661168,0.00661168,0.00661168,1e+16
1972-09-01,Other_excess,-0.0206,0.00704599,0.00409108,0.00409108,2424.46201708
1972-10-01,NoDur_excess,-0.0041,0.00668033,0.00628043,0.00628043,20309.17620905
1972-10-01,Durbl_excess,-0.0284,0.0109388,0.0071792,0.0071792,4923.88263171
1972-10-01,Manuf_excess,0.0074,0.00868925,0.00424131,0.00424131,2424.46201708
1972-10-01,Enrgy_excess,0.027,0.00818597,0.00132058,0.00132058,1193.77664171
1972-10-01,HiTec_excess,-0.0374,0.01061184,0.00857686,0.00857686,4923.88263171
1972-10-01,Telcm_excess,0.019,0.0056173,0.0056173,0.0056173,1e+16
1972-10-01,Shops_excess,0.0049,0.00838761,0.00763796,0.00763796,10000.0
1972-10-01,Hlth_excess,0.0111,0.00963734,0.00963734,0.00963734,1e+16
1972-10-01,Utils_excess,0.0637,0.00659709,0.00659709,0.00659709,1e+16
1972-10-01,Other_excess,0.0073,0.00699563,0.0034435,0.0034435,2424.46201708
1972-11-01,NoDur_excess,0.0651,0.00666073,0.00621319,0.00621319,20309.17620905
1972-11-01,Durbl_excess,0.0757,0.01086727,0.00696356,0.00696356,4923.88263171
1972-11-01,Manuf_excess,0.0383,0.00868691,0.00488071,0.00488071,2424.46201708
1972-11-01,Enrgy_excess,0.0583,0.00822018,0.00513791,0.00513791,1193.77664171
1972-11-01,HiTec_excess,0.0216,0.01052455,0.00830685,0.00830685,4923.88263171
1972-11-01,Telcm_excess,0.0669,0.00564164,0.00564164,0.00564164,1e+16
1972-11-01,Shops_excess,0.0564,0.00838127,0.00720653,0.00720653,10000.0
1972-11-01,Hlth_excess,-0.0093,0.00964,0.00964,0.00964,1e+16
1972-11-01,Utils_excess,0.0603,0.00670091,0.00670091,0.00670091,1e+16
1972-11-01,Other_excess,0.0477,0.00699618,0.00410067,0.00410067,2424.46201708
1972-12-01,NoDur_excess,0.0016,0.00676679,0.00636536,0.00636536,20309.17620905
1972-12-01,Durbl_excess,0.0127,0.01098494,0.00695283,0.00695283,4923.88263171
1972-12-01,Manuf_excess,0.0055,0.00874065,0.00435626,0.00435626,2424.46201708
1972-12-01,Enrgy_excess,0.0068,0.00831107,0.00348392,0.00348392,1193.77664171
1972-12-01,HiTec_excess,0.0161,0.01054465,0.0084283,0.0084283,4923.88263171
1972-12-01,Telcm_excess,0.0108,0.00575281,0.00575281,0.00575281,1e+16
1972-12-01,Shops_excess,0.0136,0.00846842,0.00751798,0.00751798,10000.0
1972-12-01,Hlth_excess,0.0337,0.00960563,0.00960563,0.00960563,1e+16
1972-12-01,Utils_excess,-0.0191,0.00679819,0.00679819,0.00679819,1e+16
1972-12-01,Other_excess,-0.011,0.00707005,0.00394308,0.00394308,2424.46201708
1973-01-01,NoDur_excess,-0.052,0.00675743,0.00675743,0.00675743,1e+16
1973-01-01,Durbl_excess,-0.0714,0.01098804,0.00631919,0.00631919,4923.88263171
1973-01-01,Manuf_excess,-0.0414,0.00873478,0.00330255,0.00330255,2424.46201708
1973-01-01,Enrgy_excess,0.0459,0.00830833,-0.00091598,0.0,1193.77664171
1973-01-01,HiTec_excess,0.0152,0.01055471,0.00826652,0.00826652,4923.88263171
1973-01-01,Telcm_excess,-0.0256,0.00576196,0.00576196,0.00576196,1e+16
1973-01-01,Shops_excess,-0.0453,0.00847772,0.00821509,0.00821509,41246.26382901
1973-01-01,Hlth_excess,-0.0163,0.00964928,0.00964928,0.00964928,1e+16
1973-01-01,Utils_excess,-0.0471,0.00675127,0.00675127,0.00675127,1e+16
1973-01-01,Other_excess,-0.0789,0.00703732,0.00244778,0.00244778,2424.46201708
1973-02-01,NoDur_excess,-0.0478,0.00665118,0.00665118,0.00665118,1e+16
1973-02-01,Durbl_excess,-0.0627,0.01083906,0.00596836,0.00596836,4923.88263171
1973-02-01,Manuf_excess,-0.0268,0.00864412,0.002675,0.002675,2424.46201708
1973-02-01,Enrgy_excess,-0.0779,0.00837631,-0.00127691,0.0,1193.77664171
1973-02-01,HiTec_excess,-0.0341,0.01056311,0.00812888,0.00812888,4923.88263171
1973-02-01,Telcm_excess,-0.0505,0.00570524,0.00570524,0.00570524,1e+16
1973-02-01,Shops_excess,-0.0686,0.00838047,0.00811798,0.00811798,41246.26382901
1973-02-01,Hlth_excess,-0.0112,0.00960235,0.00960235,0.00960235,1e+16
1973-02-01,Utils_excess,-0.0239,0.00665389,0.00665389,0.00665389,1e+16
1973-02-01,Other_excess,-0.0647,0.00688192,0.00162435,0.00162435,2424.46201708
1973-03-01,NoDur_excess,-0.0146,0.00655289,0.00655289,0.00655289,1e+16
1973-03-01,Durbl_excess,-0.0328,0.01070632,0.00597502,0.00597502,4923.88263171
1973-03-01,Manuf_excess,-0.0066,0.00858014,0.00359451,0.00359451,2424.46201708
1973-03-01,Enrgy_excess,0.0259,0.00822058,0.0025522,0.0025522,1193.77664171
1973-03-01,HiTec_excess,-0.0166,0.01048249,0.00796708,0.00796708,4923.88263171
1973-03-01,Telcm_excess,0.0007,0.00560379,0.00560379,0.00560379,1e+16
1973-03-01,Shops_excess,-0.061,0.00824152,0.00787021,0.00787021,41246.26382901
1973-03-01,Hlth_excess,0.0032,0.0095648,0.0095648,0.0095648,1e+16
1973-03-01,Utils_excess,-0.0261,0.00659874,0.00659874,0.00659874,1e+16
1973-03-01,Other_excess,-0.0072,0.00675271,0.00249109,0.00249109,2424.46201708
1973-04-01,NoDur_excess,-0.0677,0.00651477,0.00651477,0.00651477,1e+16
1973-04-01,Durbl_excess,-0.0571,0.01062793,0.00559906,0.00559906,4923.88263171
1973-04-01,Manuf_excess,-0.0492,0.00855279,0.00383495,0.00383495,2424.46201708
1973-04-01,Enrgy_excess,-0.015,0.00825243,0.00399074,0.00399074,1193.77664171
1973-04-01,HiTec_excess,-0.0718,0.01043369,0.00803217,0.00803217,4923.88263171
1973-04-01,Telcm_excess,0.0036,0.00559495,0.00559495,0.00559495,1e+16
1973-04-01,Shops_excess,-0.0904,0.00811676,0.00768193,0.00768193,41246.26382901
1973-04-01,Hlth_excess,-0.0601,0.00955333,0.00955333,0.00955333,1e+16
1973-04-01,Utils_excess,-0.0112,0.00653982,0.00653982,0.00653982,1e+16
1973-04-01,Other_excess,-0.0827,0.00672757,0.00282094,0.00282094,2424.46201708
1973-05-01,NoDur_excess,-0.0264,0.00638129,0.00638129,0.00638129,1e+16
1973-05-01,Durbl_excess,-0.0474,0.01050612,0.00570142,0.00570142,4923.88263171
1973-05-01,Manuf_excess,-0.0166,0.00844892,0.00393347,0.00393347,2424.46201708
1973-05-01,Enrgy_excess,-0.0407,0.00821061,0.00378371,0.00378371,1193.77664171
1973-05-01,HiTec_excess,-0.0312,0.01028579,0.00814297,0.00814297,4923.88263171
1973-05-01,Telcm_excess,-0.0135,0.00559137,0.00559137,0.00559137,1e+16
1973-05-01,Shops_excess,-0.0274,0.00793957,0.00751252,0.00751252,41246.26382901
1973-05-01,Hlth_excess,0.0055,0.00942806,0.00942806,0.00942806,1e+16
1973-05-01,Utils_excess,-0.0016,0.00650791,0.00650791,0.00650791,1e+16
1973-05-01,Other_excess,-0.055,0.00656673,0.00267831,0.00267831,2424.46201708
1973-06-01,NoDur_excess,-0.0395,0.00632244,0.00632244,0.00632244,1e+16
1973-06-01,Durbl_excess,-0.0305,0.01040215,0.00555254,0.00555254,4923.88263171
1973-06-01,Manuf_excess,-0.0086,0.00840395,0.00379693,0.00379693,2424.46201708
1973-06-01,Enrgy_excess,0.0108,0.0081228,0.00264806,0.00264806,1193.77664171
1973-06-01,HiTec_excess,-0.0057,0.01021131,0.00802946,0.00802946,4923.88263171
1973-06-01,Telcm_excess,-0.0083,0.00555709,0.00555709,0.00555709,1e+16
1973-06-01,Shops_excess,-0.0627,0.00787612,0.00745096,0.00745096,41246.26382901
1973-06-01,Hlth_excess,-0.005,0.00942101,0.00942101,0.00942101,1e+16
1973-06-01,Utils_excess,-0.0301,0.00649336,0.00649336,0.00649336,1e+16
1973-06-01,Other_excess,-0.0074,0.00645619,0.0020068,0.0020068,2424.46201708
1973-07-01,NoDur_excess,0.0679,0.00624032,0.00624032,0.00624032,1e+16
1973-07-01,Durbl_excess,0.0662,0.01032885,0.004806,0.004806,4923.88263171
1973-07-01,Manuf_excess,0.0601,0.00837348,0.00387535,0.00387535,2424.46201708
1973-07-01,Enrgy_excess,-0.0034,0.0081276,0.00392875,0.00392875,1193.77664171
1973-07-01,HiTec_excess,0.0431,0.0101828,0.00809087,0.00809087,4923.88263171
1973-07-01,Telcm_excess,-0.0096,0.00553226,0.00553226,0.00553226,1e+16
1973-07-01,Shops_excess,0.105,0.00774964,0.00720585,0.00720585,41246.26382901
1973-07-01,Hlth_excess,0.0623,0.00939516,0.00939516,0.00939516,1e+16
1973-07-01,Utils_excess,-0.0304,0.00642778,0.00642778,0.00642778,1e+16
1973-07-01,Other_excess,0.0889,0.00643136,0.00210431,0.00210431,2424.46201708
1973-08-01,NoDur_excess,-0.0401,0.00635063,0.00635063,0.00635063,1e+16
1973-08-01,Durbl_excess,-0.0464,0.0104288,0.00420552,0.00420552,4923.88263171
1973-08-01,Manuf_excess,-0.0216,0.00846601,0.00371235,0.00371235,2424.46201708
1973-08-01,Enrgy_excess,-0.0452,0.00810698,0.00095958,0.00095958,1193.77664171
1973-08-01,HiTec_excess,-0.044,0.01024168,0.00800234,0.00800234,4923.88263171
1973-08-01,Telcm_excess,-0.0459,0.00550519,0.00550519,0.00550519,1e+16
1973-08-01,Shops_excess,-0.0485,0.00792361,0.00734668,0.00734668,41246.26382901
1973-08-01,Hlth_excess,-0.076,0.0094898,0.0094898,0.0094898,1e+16
1973-08-01,Utils_excess,-0.028,0.0063619,0.0063619,0.0063619,1e+16
1973-08-01,Other_excess,-0.03,0.00657889,0.00122481,0.00122481,2424.46201708
1973-09-01,NoDur_excess,0.0522,0.00626768,0.00626768,0.00626768,1e+16
1973-09-01,Durbl_excess,0.0714,0.01032732,0.00334041,0.00334041,4923.88263171
1973-09-01,Manuf_excess,0.0388,0.00841232,0.0033538,0.0033538,2424.46201708
1973-09-01,Enrgy_excess,0.0853,0.00801179,0.00516901,0.00516901,1193.77664171
1973-09-01,HiTec_excess,-0.0351,0.01014482,0.00792194,0.00792194,4923.88263171
1973-09-01,Telcm_excess,0.0696,0.00541339,0.00541339,0.00541339,1e+16
1973-09-01,Shops_excess,0.0649,0.00782286,0.00716659,0.00716659,41246.26382901
1973-09-01,Hlth_excess,0.001,0.00933714,0.00933714,0.00933714,1e+16
1973-09-01,Utils_excess,0.0723,0.00630054,0.00630054,0.00630054,1e+16
1973-09-01,Other_excess,0.0656,0.00651357,0.00291602,0.00291602,2424.46201708
1973-10-01,NoDur_excess,-0.029,0.00634955,0.00634955,0.00634955,1e+16
1973-10-01,Durbl_excess,-0.05,0.01043619,0.00505227,0.00505227,4923.88263171
1973-10-01,Manuf_excess,-0.002,0.00846649,0.0045088,0.0045088,2424.46201708
1973-10-01,Enrgy_excess,0.0452,0.00814955,0.00528375,0.00528375,1193.77664171
1973-10-01,HiTec_excess,0.0325,0.01006417,0.00841452,0.00841452,4923.88263171
1973-10-01,Telcm_excess,-0.0621,0.00552781,0.00552781,0.00552781,1e+16
1973-10-01,Shops_excess,-0.043,0.0079246,0.00745525,0.00745525,41246.26382901
1973-10-01,Hlth_excess,0.0118,0.00932228,0.00932228,0.00932228,1e+16
1973-10-01,Utils_excess,-0.0406,0.00641818,0.00641818,0.00641818,1e+16
1973-10-01,Other_excess,-0.0166,0.00661889,0.00402751,0.00402751,2424.46201708
1973-11-01,NoDur_excess,-0.1488,0.00628665,0.00628665,0.00628665,1e+16
1973-11-01,Durbl_excess,-0.1687,0.01032865,0.00513961,0.00513961,4923.88263171
1973-11-01,Manuf_excess,-0.1483,0.00844786,0.00520334,0.00520334,2424.46201708
1973-11-01,Enrgy_excess,-0.0678,0.00821548,0.00835444,0.00835444,1193.77664171
1973-11-01,HiTec_excess,-0.1201,0.01010409,0.00783558,0.00783558,4923.88263171
1973-11-01,Telcm_excess,-0.0489,0.00540747,0.00540747,0.00540747,1e+16
1973-11-01,Shops_excess,-0.1946,0.00783399,0.00726131,0.00726131,41246.26382901
1973-11-01,Hlth_excess,-0.0832,0.00932669,0.00932669,0.00932669,1e+16
1973-11-01,Utils_excess,-0.122,0.00633452,0.00633452,0.00633452,1e+16
1973-11-01,Other_excess,-0.1406,0.00657758,0.00383673,0.00383673,2424.46201708
1973-12-01,NoDur_excess,-0.0221,0.00601119,0.00601119,0.00601119,1e+16
1973-12-01,Durbl_excess,-0.044,0.01001066,0.00484617,0.00484617,4923.88263171
1973-12-01,Manuf_excess,0.0065,0.00816945,0.00401038,0.00401038,2424.46201708
1973-12-01,Enrgy_excess,0.0799,0.00808046,0.00299524,0.00299524,1193.77664171
1973-12-01,HiTec_excess,-0.0496,0.00987282,0.00850065,0.00850065,4923.88263171
1973-12-01,Telcm_excess,0.0353,0.00531101,0.00531101,0.00531101,1e+16
1973-12-01,Shops_excess,-0.0085,0.00747442,0.00702812,0.00702812,41246.26382901
1973-12-01,Hlth_excess,-0.0512,0.00916234,0.00916234,0.00916234,1e+16
1973-12-01,Utils_excess,0.0279,0.00610657,0.00610657,0.00610657,1e+16
1973-12-01,Other_excess,0.0181,0.00631616,0.0026789,0.0026789,2424.46201708
1974-01-01,NoDur_excess,0.0173,0.00596135,0.00505179,0.00505179,10000.0
1974-01-01,Durbl_excess,0.0547,0.00991489,0.00465503,0.00465503,2424.46201708
1974-01-01,Manuf_excess,-0.0022,0.00816649,0.00619333,0.00619333,2424.46201708
1974-01-01,Enrgy_excess,-0.0809,0.0082078,0.00863896,0.00863896,1193.77664171
1974-01-01,HiTec_excess,0.0062,0.00976738,0.0084031,0.0084031,4923.88263171
1974-01-01,Telcm_excess,0.0146,0.00536418,0.00536418,0.00536418,1e+16
1974-01-01,Shops_excess,0.0606,0.0074461,0.00532168,0.00532168,4923.88263171
1974-01-01,Hlth_excess,-0.0319,0.00905532,0.00905532,0.00905532,1e+16
1974-01-01,Utils_excess,0.0392,0.00614521,0.00614521,0.00614521,1e+16
1974-01-01,Other_excess,0.0055,0.00633706,0.0047378,0.0047378,2424.46201708
1974-02-01,NoDur_excess,-0.0043,0.00598142,0.00497352,0.00497352,10000.0
1974-02-01,Durbl_excess,-0.0165,0.00999416,0.00409777,0.00409777,2424.46201708
1974-02-01,Manuf_excess,-0.0055,0.00814814,0.00560113,0.00560113,2424.46201708
1974-02-01,Enrgy_excess,-0.0213,0.00805009,0.00722121,0.00722121,1193.77664171
1974-02-01,HiTec_excess,-0.0118,0.00976106,0.00825984,0.00825984,4923.88263171
1974-02-01,Telcm_excess,0.0413,0.00538053,0.00538053,0.00538053,1e+16
1974-02-01,Shops_excess,0.0023,0.00754018,0.00546475,0.00546475,4923.88263171
1974-02-01,Hlth_excess,-0.018,0.00898283,0.00898283,0.00898283,1e+16
1974-02-01,Utils_excess,-0.0029,0.00620372,0.00620372,0.00620372,1e+16
1974-02-01,Other_excess,0.0043,0.00633558,0.00448963,0.00448963,2424.46201708
1974-03-01,NoDur_excess,-0.0246,0.00596325,0.00499345,0.00499345,10000.0
1974-03-01,Durbl_excess,-0.0066,0.00994735,0.0043719,0.0043719,2424.46201708
1974-03-01,Manuf_excess,-0.0134,0.00812403,0.00549851,0.00549851,2424.46201708
1974-03-01,Enrgy_excess,-0.038,0.00799823,0.00732741,0.00732741,1193.77664171
1974-03-01,HiTec_excess,-0.0329,0.00972297,0.00798034,0.00798034,4923.88263171
1974-03-01,Telcm_excess,-0.0514,0.00544399,0.00544399,0.00544399,1e+16
1974-03-01,Shops_excess,-0.0368,0.00753092,0.00570402,0.00570402,4923.88263171
1974-03-01,Hlth_excess,0.0065,0.00893516,0.00893516,0.00893516,1e+16
1974-03-01,Utils_excess,-0.0422,0.00618763,0.00618763,0.00618763,1e+16
1974-03-01,Other_excess,-0.0419,0.00633198,0.00479945,0.00479945,2424.46201708
1974-04-01,NoDur_excess,-0.0442,0.00590935,0.00470418,0.00470418,10000.0
1974-04-01,Durbl_excess,-0.0482,0.00991817,0.00362224,0.00362224,2424.46201708
1974-04-01,Manuf_excess,-0.0279,0.00808607,0.00559782,0.00559782,2424.46201708
1974-04-01,Enrgy_excess,-0.0706,0.00791711,0.00616049,0.00616049,1193.77664171
1974-04-01,HiTec_excess,-0.0439,0.0096478,0.00776226,0.00776226,4923.88263171
1974-04-01,Telcm_excess,-0.0607,0.00534374,0.00534374,0.00534374,1e+16
1974-04-01,Shops_excess,-0.0271,0.00745273,0.00505709,0.00505709,4923.88263171
1974-04-01,Hlth_excess,-0.0223,0.00893086,0.00893086,0.00893086,1e+16
1974-04-01,Utils_excess,-0.1298,0.00610229,0.00610229,0.00610229,1e+16
1974-04-01,Other_excess,-0.0708,0.00624691,0.00406216,0.00406216,2424.46201708
1974-05-01,NoDur_excess,-0.0366,0.00582113,0.00474528,0.00474528,10000.0
1974-05-01,Durbl_excess,-0.0031,0.00981585,0.00445507,0.00445507,2424.46201708
1974-05-01,Manuf_excess,-0.0329,0.00802271,0.00625957,0.00625957,2424.46201708
1974-05-01,Enrgy_excess,-0.0829,0.00777887,0.00619512,0.00619512,1193.77664171
1974-05-01,HiTec_excess,-0.0497,0.00955352,0.00804464,0.00804464,4923.88263171
1974-05-01,Telcm_excess,-0.023,0.00522746,0.00522746,0.00522746,1e+16
1974-05-01,Shops_excess,0.0044,0.0073919,0.00510679,0.00510679,4923.88263171
1974-05-01,Hlth_excess,-0.0087,0.00887588,0.00887588,0.00887588,1e+16
1974-05-01,Utils_excess,-0.0568,0.00586303,0.00586303,0.00586303,1e+16
1974-05-01,Other_excess,-0.0924,0.00611127,0.00406266,0.00406266,2424.46201708
1974-06-01,NoDur_excess,-0.0117,0.00574657,0.00478149,0.00478149,10000.0
1974-06-01,Durbl_excess,-0.0324,0.00979315,0.00508525,0.00508525,2424.46201708
1974-06-01,Manuf_excess,-0.0102,0.00795079,0.00619309,0.00619309,2424.46201708
1974-06-01,Enrgy_excess,-0.0091,0.00761951,0.00806467,0.00806467,1193.77664171
1974-06-01,HiTec_excess,-0.0353,0.00944938,0.00792802,0.00792802,4923.88263171
1974-06-01,Telcm_excess,-0.0033,0.00517786,0.00517786,0.00517786,1e+16
1974-06-01,Shops_excess,-0.0333,0.00738664,0.00552889,0.00552889,4923.88263171
1974-06-01,Hlth_excess,-0.0222,0.00884499,0.00884499,0.00884499,1e+16
1974-06-01,Utils_excess,-0.0682,0.0057529,0.0057529,0.0057529,1e+16
1974-06-01,Other_excess,-0.0616,0.00593814,0.00465788,0.00465788,2424.46201708
1974-07-01,NoDur_excess,-0.1086,0.00571596,0.00476107,0.00476107,10000.0
1974-07-01,Durbl_excess,-0.1261,0.00971912,0.00599346,0.00599346,2424.46201708
1974-07-01,Manuf_excess,-0.0787,0.00791895,0.00743452,0.00743452,2424.46201708
1974-07-01,Enrgy_excess,-0.0122,0.00759018,0.00985609,0.00985609,1193.77664171
1974-07-01,HiTec_excess,-0.0893,0.00937088,0.0077335,0.0077335,4923.88263171
1974-07-01,Telcm_excess,-0.0833,0.00516298,0.00516298,0.00516298,1e+16
1974-07-01,Shops_excess,-0.1353,0.00731526,0.00480462,0.00480462,4923.88263171
1974-07-01,Hlth_excess,-0.1484,0.00879053,0.00879053,0.00879053,1e+16
1974-07-01,Utils_excess,0.0004,0.00562316,0.00562316,0.00562316,1e+16
1974-07-01,Other_excess,-0.0733,0.00581965,0.00445364,0.00445364,2424.46201708
1974-08-01,NoDur_excess,-0.108,0.00551576,0.00465356,0.00465356,10000.0
1974-08-01,Durbl_excess,-0.0731,0.00948126,0.00676583,0.00676583,2424.46201708
1974-08-01,Manuf_excess,-0.1076,0.00776725,0.0075836,0.0075836,2424.46201708
1974-08-01,Enrgy_excess,-0.0925,0.00755552,0.00994917,0.00994917,1193.77664171
1974-08-01,HiTec_excess,-0.0553,0.00919807,0.00784008,0.00784008,4923.88263171
1974-08-01,Telcm_excess,-0.0063,0.00500806,0.00500806,0.00500806,1e+16
1974-08-01,Shops_excess,-0.1368,0.0070655,0.00500356,0.00500356,4923.88263171
1974-08-01,Hlth_excess,-0.0866,0.00851524,0.00851524,0.00851524,1e+16
1974-08-01,Utils_excess,-0.0929,0.00561401,0.00561401,0.00561401,1e+16
1974-08-01,Other_excess,-0.1124,0.00568109,0.00468819,0.00468819,2424.46201708
1974-09-01,NoDur_excess,-0.1287,0.00531731,0.00396324,0.00396324,10000.0
1974-09-01,Durbl_excess,-0.1379,0.00933689,0.00481034,0.00481034,2424.46201708
1974-09-01,Manuf_excess,-0.1368,0.00756556,0.00626662,0.00626662,2424.46201708
1974-09-01,Enrgy_excess,-0.0878,0.00738059,0.00691749,0.00691749,1193.77664171
1974-09-01,HiTec_excess,-0.1764,0.00908531,0.00764099,0.00764099,4923.88263171
1974-09-01,Telcm_excess,-0.0462,0.00498829,0.00498829,0.00498829,1e+16
1974-09-01,Shops_excess,-0.1308,0.00681399,0.00393966,0.00393966,4923.88263171
1974-09-01,Hlth_excess,-0.1637,0.00834895,0.00834895,0.00834895,1e+16
1974-09-01,Utils_excess,-0.0213,0.00544178,0.00544178,0.00544178,1e+16
1974-09-01,Other_excess,-0.1044,0.00547465,0.00307559,0.00307559,2424.46201708
1974-10-01,NoDur_excess,0.1519,0.00508342,0.00433977,0.00433977,10000.0
1974-10-01,Durbl_excess,0.0399,0.00907993,0.00843661,0.00843661,2424.46201708
1974-10-01,Manuf_excess,0.1555,0.00731361,0.00795536,0.00795536,2424.46201708
1974-10-01,Enrgy_excess,0.2027,0.00721449,0.01285937,0.01285937,1193.77664171
1974-10-01,HiTec_excess,0.142,0.00876161,0.00800192,0.00800192,4923.88263171
1974-10-01,Telcm_excess,0.1034,0.00489895,0.00489895,0.00489895,1e+16
1974-10-01,Shops_excess,0.0949,0.00657382,0.00463787,0.00463787,4923.88263171
1974-10-01,Hlth_excess,0.2908,0.00804869,0.00804869,0.00804869,1e+16
1974-10-01,Utils_excess,0.1251,0.00539511,0.00539511,0.00539511,1e+16
1974-10-01,Other_excess,0.1967,0.0052829,0.00614872,0.00614872,2424.46201708
1974-11-01,NoDur_excess,-0.044,0.0053392,0.00579596,0.00579596,10000.0
1974-11-01,Durbl_excess,-0.0533,0.00913362,0.01053532,0.01053532,2424.46201708
1974-11-01,Manuf_excess,-0.0644,0.00757178,0.00965938,0.00965938,2424.46201708
1974-11-01,Enrgy_excess,-0.0483,0.00755505,0.01517692,0.01517692,1193.77664171
1974-11-01,HiTec_excess,-0.0548,0.00899373,0.01003339,0.01003339,4923.88263171
1974-11-01,Telcm_excess,-0.0361,0.00507056,0.00507056,0.00507056,1e+16
1974-11-01,Shops_excess,-0.0629,0.0067277,0.00774125,0.00774125,4923.88263171
1974-11-01,Hlth_excess,-0.0177,0.00854129,0.00854129,0.00854129,1e+16
1974-11-01,Utils_excess,-0.0069,0.00560366,0.00560366,0.00560366,1e+16
1974-11-01,Other_excess,-0.0335,0.00561638,0.00981219,0.00981219,2424.46201708
1974-12-01,NoDur_excess,-0.0121,0.00525339,0.00507891,0.00507891,10000.0
1974-12-01,Durbl_excess,-0.0479,0.00902504,0.00900672,0.00900672,2424.46201708
1974-12-01,Manuf_excess,-0.0514,0.00744661,0.00988522,0.00988522,2424.46201708
1974-12-01,Enrgy_excess,0.0014,0.00745791,0.01579919,0.01579919,1193.77664171
1974-12-01,HiTec_excess,-0.0594,0.00888278,0.0090987,0.0090987,4923.88263171
1974-12-01,Telcm_excess,0.0087,0.00499896,0.00499896,0.00499896,1e+16
1974-12-01,Shops_excess,-0.0406,0.00660661,0.00516864,0.00516864,4923.88263171
1974-12-01,Hlth_excess,-0.0402,0.00849565,0.00849565,0.00849565,1e+16
1974-12-01,Utils_excess,-0.0153,0.00558191,0.00558191,0.00558191,1e+16
1974-12-01,Other_excess,-0.0501,0.00554835,0.00894863,0.00894863,2424.46201708
1975-01-01,NoDur_excess,0.1815,0.00522326,0.00476004,0.00476004,4923.88263171
1975-01-01,Durbl_excess,0.2094,0.00892622,0.00874875,0.00874875,2424.46201708
1975-01-01,Manuf_excess,0.1393,0.00734444,0.00953943,0.00953943,2424.46201708
1975-01-01,Enrgy_excess,0.0618,0.0074474,0.01533935,0.01533935,1193.77664171
1975-01-01,HiTec_excess,0.1471,0.00876424,0.00866275,0.00866275,10000.0
1975-01-01,Telcm_excess,0.1051,0.00500538,0.00487575,0.00487575,20309.17620905
1975-01-01,Shops_excess,0.2539,0.00652465,0.00343963,0.00343963,2424.46201708
1975-01-01,Hlth_excess,-0.0133,0.00841111,0.00836029,0.00836029,20309.17620905
1975-01-01,Utils_excess,0.1825,0.00554566,0.00554566,0.00554566,1e+16
1975-01-01,Other_excess,0.1735,0.00545174,0.0080986,0.0080986,2424.46201708
1975-02-01,NoDur_excess,0.0361,0.00552877,0.00676514,0.00676514,4923.88263171
1975-02-01,Durbl_excess,0.0456,0.00927366,0.0116786,0.0116786,2424.46201708
1975-02-01,Manuf_excess,0.0759,0.00757314,0.00905921,0.00905921,2424.46201708
1975-02-01,Enrgy_excess,0.0184,0.00754159,0.01016066,0.01016066,1193.77664171
1975-02-01,HiTec_excess,0.1274,0.00900399,0.00940954,0.00940954,10000.0
1975-02-01,Telcm_excess,0.0472,0.00517886,0.00527508,0.00527508,20309.17620905
1975-02-01,Shops_excess,0.0474,0.00695338,0.0101391,0.0101391,2424.46201708
1975-02-01,Hlth_excess,0.1564,0.00837348,0.00855813,0.00855813,20309.17620905
1975-02-01,Utils_excess,0.0045,0.00585234,0.00585234,0.00585234,1e+16
1975-02-01,Other_excess,0.0244,0.00574298,0.00929635,0.00929635,2424.46201708
1975-03-01,NoDur_excess,0.0675,0.00558166,0.0060761,0.0060761,4923.88263171
1975-03-01,Durbl_excess,0.0621,0.00933651,0.01098928,0.01098928,2424.46201708
1975-03-01,Manuf_excess,0.0464,0.00769135,0.00937029,0.00937029,2424.46201708
1975-03-01,Enrgy_excess,-0.0273,0.00756038,0.01074686,0.01074686,1193.77664171
1975-03-01,HiTec_excess,0.0058,0.00920882,0.00929275,0.00929275,10000.0
1975-03-01,Telcm_excess,-0.0129,0.00525156,0.00528228,0.00528228,20309.17620905
1975-03-01,Shops_excess,0.1035,0.00702336,0.00784822,0.00784822,2424.46201708
1975-03-01,Hlth_excess,0.0088,0.00862958,0.0087448,0.0087448,20309.17620905
1975-03-01,Utils_excess,-0.0174,0.00585,0.00585,0.00585,1e+16
1975-03-01,Other_excess,0.0373,0.00577526,0.00830086,0.00830086,2424.46201708
1975-04-01,NoDur_excess,0.0258,0.0056886,0.00575513,0.00575513,4923.88263171
1975-04-01,Durbl_excess,0.0364,0.00942763,0.01059158,0.01059158,2424.46201708
1975-04-01,Manuf_excess,0.0912,0.0077582,0.00874159,0.00874159,2424.46201708
1975-04-01,Enrgy_excess,0.0681,0.00750017,0.00633534,0.00633534,1193.77664171
1975-04-01,HiTec_excess,0.0513,0.00920294,0.00897424,0.00897424,10000.0
1975-04-01,Telcm_excess,-0.014,0.00522021,0.00487753,0.00487753,20309.17620905
1975-04-01,Shops_excess,0.0215,0.00718998,0.00775615,0.00775615,2424.46201708
1975-04-01,Hlth_excess,0.0021,0.00862988,0.00873153,0.00873153,20309.17620905
1975-04-01,Utils_excess,-0.0207,0.00580984,0.00580984,0.00580984,1e+16
1975-04-01,Other_excess,0.0282,0.00582971,0.00649533,0.00649533,2424.46201708
1975-05-01,NoDur_excess,0.0478,0.00572328,0.00572739,0.00572739,4923.88263171
1975-05-01,Durbl_excess,0.0216,0.00947414,0.00973974,0.00973974,2424.46201708
1975-05-01,Manuf_excess,0.0236,0.00790207,0.00822024,0.00822024,2424.46201708
1975-05-01,Enrgy_excess,0.1163,0.00760466,0.00557739,0.00557739,1193.77664171
1975-05-01,HiTec_excess,0.0548,0.00927552,0.00891318,0.00891318,10000.0
1975-05-01,Telcm_excess,0.0311,0.00518707,0.00485014,0.00485014,20309.17620905
1975-05-01,Shops_excess,0.0357,0.00721466,0.00796477,0.00796477,2424.46201708
1975-05-01,Hlth_excess,0.0609,0.00861862,0.00867203,0.00867203,20309.17620905
1975-05-01,Utils_excess,0.081,0.00576414,0.00576414,0.00576414,1e+16
1975-05-01,Other_excess,0.0528,0.00586828,0.00584307,0.00584307,2424.46201708
1975-06-01,NoDur_excess,0.0487,0.0057957,0.00629023,0.00629023,4923.88263171
1975-06-01,Durbl_excess,0.0983,0.00949501,0.01061234,0.01061234,2424.46201708
1975-06-01,Manuf_excess,0.0313,0.00792909,0.00904458,0.00904458,2424.46201708
1975-06-01,Enrgy_excess,0.0609,0.00779174,0.01114511,0.01114511,1193.77664171
1975-06-01,HiTec_excess,0.019,0.00935387,0.00906055,0.00906055,10000.0
1975-06-01,Telcm_excess,0.0364,0.00523167,0.00523218,0.00523218,20309.17620905
1975-06-01,Shops_excess,0.0704,0.00726368,0.00767751,0.00767751,2424.46201708
1975-06-01,Hlth_excess,0.0055,0.00870861,0.00872016,0.00872016,20309.17620905
1975-06-01,Utils_excess,0.1033,0.00589363,0.00589363,0.00589363,1e+16
1975-06-01,Other_excess,0.0554,0.00594905,0.00765057,0.00765057,2424.46201708
1975-07-01,NoDur_excess,-0.0586,0.00586942,0.00637337,0.00637337,4923.88263171
1975-07-01,Durbl_excess,-0.025,0.00964759,0.01021081,0.01021081,2424.46201708
1975-07-01,Manuf_excess,-0.0639,0.00796924,0.00828303,0.00828303,2424.46201708
1975-07-01,Enrgy_excess,-0.0473,0.00788299,0.01043426,0.01043426,1193.77664171
1975-07-01,HiTec_excess,-0.099,0.00937045,0.00898483,0.00898483,10000.0
1975-07-01,Telcm_excess,-0.0469,0.00528522,0.00536876,0.00536876,20309.17620905
1975-07-01,Shops_excess,-0.0795,0.00737216,0.00830401,0.00830401,2424.46201708
1975-07-01,Hlth_excess,-0.1251,0.00870309,0.00866426,0.00866426,20309.17620905
1975-07-01,Utils_excess,-0.0528,0.006061,0.006061,0.006061,1e+16
1975-07-01,Other_excess,-0.0661,0.00603402,0.00757327,0.00757327,2424.46201708
1975-08-01,NoDur_excess,-0.0361,0.00575883,0.00512648,0.00512648,4923.88263171
1975-08-01,Durbl_excess,-0.0396,0.00958816,0.00775207,0.00775207,2424.46201708
1975-08-01,Manuf_excess,-0.0126,0.00784597,0.00685329,0.00685329,2424.46201708
1975-08-01,Enrgy_excess,-0.0136,0.00778834,0.00685612,0.00685612,1193.77664171
1975-08-01,HiTec_excess,-0.0344,0.00918456,0.0083239,0.0083239,10000.0
1975-08-01,Telcm_excess,-0.0402,0.00519571,0.00489029,0.00489029,20309.17620905
1975-08-01,Shops_excess,-0.0081,0.00722316,0.00620977,0.00620977,2424.46201708
1975-08-01,Hlth_excess,-0.038,0.00847358,0.00821593,0.00821593,20309.17620905
1975-08-01,Utils_excess,-0.0171,0.00596003,0.00596003,0.00596003,1e+16
1975-08-01,Other_excess,-0.0562,0.00591029,0.00525495,0.00525495,2424.46201708
1975-09-01,NoDur_excess,-0.0297,0.00568716,0.00522273,0.00522273,4923.88263171
1975-09-01,Durbl_excess,-0.0298,0.00950394,0.00852114,0.00852114,2424.46201708
1975-09-01,Manuf_excess,-0.0635,0.00781096,0.00762881,0.00762881,2424.46201708
1975-09-01,Enrgy_excess,-0.017,0.00775171,0.00802061,0.00802061,1193.77664171
1975-09-01,HiTec_excess,-0.0138,0.00910993,0.00839999,0.00839999,10000.0
1975-09-01,Telcm_excess,-0.018,0.00511798,0.00478247,0.00478247,20309.17620905
1975-09-01,Shops_excess,-0.0407,0.00719692,0.00586624,0.00586624,2424.46201708
1975-09-01,Hlth_excess,-0.0705,0.00839401,0.00815247,0.00815247,20309.17620905
1975-09-01,Utils_excess,-0.0151,0.00592055,0.00592055,0.00592055,1e+16
1975-09-01,Other_excess,-0.0685,0.00580394,0.00522185,0.00522185,2424.46201708
1975-10-01,NoDur_excess,0.1002,0.00562667,0.00511077,0.00511077,4923.88263171
1975-10-01,Durbl_excess,0.0835,0.00943675,0.00839858,0.00839858,2424.46201708
1975-10-01,Manuf_excess,0.0515,0.00768906,0.00715509,0.00715509,2424.46201708
1975-10-01,Enrgy_excess,-0.019,0.0077094,0.00761664,0.00761664,1193.77664171
1975-10-01,HiTec_excess,0.0784,0.00907077,0.00835818,0.00835818,10000.0
1975-10-01,Telcm_excess,0.0626,0.00507846,0.00471359,0.00471359,20309.17620905
1975-10-01,Shops_excess,0.0936,0.00711504,0.00594463,0.00594463,2424.46201708
1975-10-01,Hlth_excess,0.1011,0.00825915,0.0079883,0.0079883,20309.17620905
1975-10-01,Utils_excess,0.0599,0.00588462,0.00588462,0.00588462,1e+16
1975-10-01,Other_excess,0.0335,0.00567692,0.00485277,0.00485277,2424.46201708
1975-11-01,NoDur_excess,0.0368,0.00578805,0.00660729,0.00660729,4923.88263171
1975-11-01,Durbl_excess,0.0286,0.00956314,0.01041548,0.01041548,2424.46201708
1975-11-01,Manuf_excess,0.0256,0.00776382,0.00790553,0.00790553,2424.46201708
1975-11-01,Enrgy_excess,-0.0205,0.00766382,0.01055499,0.01055499,1193.77664171
1975-11-01,HiTec_excess,0.0465,0.00918908,0.00896477,0.00896477,10000.0
1975-11-01,Telcm_excess,0.0387,0.00517662,0.00536421,0.00536421,20309.17620905
1975-11-01,Shops_excess,0.0425,0.00726263,0.00846349,0.00846349,2424.46201708
1975-11-01,Hlth_excess,0.0472,0.00841758,0.0083223,0.0083223,20309.17620905
1975-11-01,Utils_excess,0.0275,0.00597679,0.00597679,0.00597679,1e+16
1975-11-01,Other_excess,0.0317,0.0057244,0.00734001,0.00734001,2424.46201708
1975-12-01,NoDur_excess,-0.0197,0.00584089,0.00569579,0.00569579,4923.88263171
1975-12-01,Durbl_excess,-0.0093,0.00959557,0.00921136,0.00921136,2424.46201708
1975-12-01,Manuf_excess,-0.0184,0.00779421,0.00722607,0.00722607,2424.46201708
1975-12-01,Enrgy_excess,-0.0039,0.00761584,0.00596477,0.00596477,1193.77664171
1975-12-01,HiTec_excess,-0.0174,0.00925264,0.0086157,0.0086157,10000.0
1975-12-01,Telcm_excess,-0.006,0.00523373,0.00497385,0.00497385,20309.17620905
1975-12-01,Shops_excess,-0.0352,0.00732266,0.00736325,0.00736325,2424.46201708
1975-12-01,Hlth_excess,-0.0684,0.00848365,0.0083426,0.0083426,20309.17620905
1975-12-01,Utils_excess,0.0087,0.00601346,0.00601346,0.00601346,1e+16
1975-12-01,Other_excess,-0.0074,0.00576865,0.0050375,0.0050375,2424.46201708
1976-01-01,NoDur_excess,0.1047,0.00579745,0.00677373,0.00677373,4923.88263171
1976-01-01,Durbl_excess,0.1517,0.00956344,0.01117411,0.01117411,2424.46201708
1976-01-01,Manuf_excess,0.1638,0.00774966,0.00830803,0.00830803,2424.46201708
1976-01-01,Enrgy_excess,0.0801,0.00759626,0.00989652,0.00989652,1193.77664171
1976-01-01,HiTec_excess,0.1782,0.00920731,0.00916634,0.00916634,20309.17620905
1976-01-01,Telcm_excess,0.0902,0.00521463,0.00594933,0.00594933,4923.88263171
1976-01-01,Shops_excess,0.0852,0.00725034,0.00886403,0.00886403,2424.46201708
1976-01-01,Hlth_excess,0.0727,0.00835289,0.00833477,0.00833477,41246.26382901
1976-01-01,Utils_excess,0.0784,0.00601803,0.00602938,0.00602938,83767.76400683
1976-01-01,Other_excess,0.1246,0.00574626,0.00867249,0.00867249,1193.77664171
1976-02-01,NoDur_excess,-0.0143,0.00596537,0.00656885,0.00656885,4923.88263171
1976-02-01,Durbl_excess,0.0353,0.00980475,0.01107079,0.01107079,2424.46201708
1976-02-01,Manuf_excess,0.0139,0.0080146,0.00815685,0.00815685,2424.46201708
1976-02-01,Enrgy_excess,-0.035,0.00771935,0.0067413,0.0067413,1193.77664171
1976-02-01,HiTec_excess,0.0081,0.00949423,0.00938134,0.00938134,20309.17620905
1976-02-01,Telcm_excess,0.032,0.00535891,0.00533736,0.00533736,4923.88263171
1976-02-01,Shops_excess,0.0434,0.00738268,0.00886061,0.00886061,2424.46201708
1976-02-01,Hlth_excess,-0.069,0.00846214,0.00844819,0.00844819,41246.26382901
1976-02-01,Utils_excess,-0.0389,0.00614092,0.00610518,0.00610518,83767.76400683
1976-02-01,Other_excess,0.0284,0.00594805,0.00650078,0.00650078,1193.77664171
1976-03-01,NoDur_excess,0.0032,0.00593102,0.00617835,0.00617835,4923.88263171
1976-03-01,Durbl_excess,0.0314,0.00984797,0.01067563,0.01067563,2424.46201708
1976-03-01,Manuf_excess,0.0073,0.00802458,0.00806201,0.00806201,2424.46201708
1976-03-01,Enrgy_excess,0.0682,0.00764695,0.00686166,0.00686166,1193.77664171
1976-03-01,HiTec_excess,0.0253,0.00949186,0.00929996,0.00929996,20309.17620905
1976-03-01,Telcm_excess,0.0017,0.00540407,0.00527486,0.00527486,4923.88263171
1976-03-01,Shops_excess,0.0304,0.00744373,0.00817417,0.00817417,2424.46201708
1976-03-01,Hlth_excess,0.0614,0.00833085,0.00824674,0.00824674,41246.26382901
1976-03-01,Utils_excess,0.0105,0.00606458,0.0060063,0.0060063,83767.76400683
1976-03-01,Other_excess,0.016,0.0059861,0.00615886,0.00615886,1193.77664171
1976-04-01,NoDur_excess,-0.0208,0.0059264,0.00655045,0.00655045,4923.88263171
1976-04-01,Durbl_excess,0.0143,0.00988443,0.01154753,0.01154753,2424.46201708
1976-04-01,Manuf_excess,-0.0184,0.00802335,0.00874758,0.00874758,2424.46201708
1976-04-01,Enrgy_excess,0.0172,0.00774941,0.0089287,0.0089287,1193.77664171
1976-04-01,HiTec_excess,-0.0383,0.00951861,0.00945233,0.00945233,20309.17620905
1976-04-01,Telcm_excess,0.013,0.0053978,0.00568475,0.00568475,4923.88263171
1976-04-01,Shops_excess,-0.0509,0.00748257,0.00904861,0.00904861,2424.46201708
1976-04-01,Hlth_excess,-0.0473,0.00842064,0.00838544,0.00838544,41246.26382901
1976-04-01,Utils_excess,0.0021,0.00607208,0.00603914,0.00603914,83767.76400683
1976-04-01,Other_excess,-0.0198,0.00600305,0.008017,0.008017,1193.77664171
1976-05-01,NoDur_excess,-0.0254,0.00588125,0.00611406,0.00611406,4923.88263171
1976-05-01,Durbl_excess,-0.035,0.00989189,0.01118462,0.01118462,2424.46201708
1976-05-01,Manuf_excess,-0.0159,0.00797872,0.00840565,0.00840565,2424.46201708
1976-05-01,Enrgy_excess,0.0516,0.00776537,0.00842665,0.00842665,1193.77664171
1976-05-01,HiTec_excess,0.0012,0.00943784,0.00927223,0.00927223,20309.17620905
1976-05-01,Telcm_excess,-0.0327,0.00541064,0.00521478,0.00521478,4923.88263171
1976-05-01,Shops_excess,-0.0614,0.00738395,0.00816055,0.00816055,2424.46201708
1976-05-01,Hlth_excess,-0.0319,0.00832652,0.00825612,0.00825612,41246.26382901
1976-05-01,Utils_excess,-0.0184,0.00606537,0.00600859,0.00600859,83767.76400683
1976-05-01,Other_excess,-0.0208,0.00595946,0.00664535,0.00664535,1193.77664171
1976-06-01,NoDur_excess,0.0321,0.0058285,0.00546537,0.00546537,4923.88263171
1976-06-01,Durbl_excess,0.0381,0.00981619,0.00946311,0.00946311,2424.46201708
1976-06-01,Manuf_excess,0.0327,0.00793845,0.00733585,0.00733585,2424.46201708
1976-06-01,Enrgy_excess,0.0466,0.00783929,0.00697235,0.00697235,1193.77664171
1976-06-01,HiTec_excess,0.0778,0.00942395,0.00912267,0.00912267,20309.17620905
1976-06-01,Telcm_excess,0.0316,0.00534637,0.00441314,0.00441314,4923.88263171
1976-06-01,Shops_excess,0.0104,0.00726796,0.0072539,0.0072539,2424.46201708
1976-06-01,Hlth_excess,0.0324,0.00825868,0.00814348,0.00814348,41246.26382901
1976-06-01,Utils_excess,0.0383,0.00602411,0.00593964,0.00593964,83767.76400683
1976-06-01,Other_excess,0.0493,0.00591433,0.00465572,0.00465572,1193.77664171
1976-07-01,NoDur_excess,0.0101,0.00587273,0.00592546,0.00592546,4923.88263171
1976-07-01,Durbl_excess,-0.0154,0.0098638,0.00989448,0.00989448,2424.46201708
1976-07-01,Manuf_excess,-0.0232,0.00798013,0.00776206,0.00776206,2424.46201708
1976-07-01,Enrgy_excess,-0.0109,0.00790455,0.00993408,0.00993408,1193.77664171
1976-07-01,HiTec_excess,-0.0267,0.00953906,0.00931912,0.00931912,20309.17620905
1976-07-01,Telcm_excess,0.0078,0.00539057,0.00559138,0.00559138,4923.88263171
1976-07-01,Shops_excess,-0.0271,0.00727323,0.00697027,0.00697027,2424.46201708
1976-07-01,Hlth_excess,-0.0085,0.00829933,0.00816165,0.00816165,41246.26382901
1976-07-01,Utils_excess,0.0235,0.00607845,0.0060328,0.0060328,83767.76400683
1976-07-01,Other_excess,-0.0052,0.00598737,0.00689341,0.00689341,1193.77664171
1976-08-01,NoDur_excess,-0.0076,0.00587983,0.00601068,0.00601068,4923.88263171
1976-08-01,Durbl_excess,-0.0188,0.00982134,0.00992577,0.00992577,2424.46201708
1976-08-01,Manuf_excess,-0.0212,0.00792773,0.00751785,0.00751785,2424.46201708
1976-08-01,Enrgy_excess,-0.0131,0.00787294,0.00836668,0.00836668,1193.77664171
1976-08-01,HiTec_excess,-0.0127,0.00947815,0.00930051,0.00930051,20309.17620905
1976-08-01,Telcm_excess,0.0432,0.00539462,0.00533415,0.00533415,4923.88263171
1976-08-01,Shops_excess,0.0244,0.00721546,0.0075718,0.0075718,2424.46201708
1976-08-01,Hlth_excess,0.0175,0.00827109,0.0081783,0.0081783,41246.26382901
1976-08-01,Utils_excess,0.0255,0.00610773,0.006069,0.006069,83767.76400683
1976-08-01,Other_excess,-0.0158,0.00596857,0.00653958,0.00653958,1193.77664171
1976-09-01,NoDur_excess,0.0115,0.00585721,0.00617598,0.00617598,4923.88263171
1976-09-01,Durbl_excess,0.0405,0.00977332,0.01022739,0.01022739,2424.46201708
1976-09-01,Manuf_excess,0.0066,0.00787886,0.00774186,0.00774186,2424.46201708
1976-09-01,Enrgy_excess,0.0548,0.00783775,0.00972072,0.00972072,1193.77664171
1976-09-01,HiTec_excess,0.0247,0.00944094,0.00930316,0.00930316,20309.17620905
1976-09-01,Telcm_excess,0.0116,0.00545805,0.00590504,0.00590504,4923.88263171
1976-09-01,Shops_excess,0.0001,0.0072443,0.00768077,0.00768077,2424.46201708
1976-09-01,Hlth_excess,0.0319,0.00828658,0.0082001,0.0082001,41246.26382901
1976-09-01,Utils_excess,0.0364,0.00614027,0.00612313,0.00612313,83767.76400683
1976-09-01,Other_excess,0.0048,0.00593205,0.0073543,0.0073543,1193.77664171
1976-10-01,NoDur_excess,-0.0203,0.00586667,0.00599595,0.00599595,4923.88263171
1976-10-01,Durbl_excess,-0.0157,0.00982479,0.00987635,0.00987635,2424.46201708
1976-10-01,Manuf_excess,-0.0369,0.00787672,0.00729268,0.00729268,2424.46201708
1976-10-01,Enrgy_excess,-0.0283,0.00791642,0.00918949,0.00918949,1193.77664171
1976-10-01,HiTec_excess,-0.0491,0.0094665,0.00928804,0.00928804,20309.17620905
1976-10-01,Telcm_excess,0.0088,0.00546834,0.00564381,0.00564381,4923.88263171
1976-10-01,Shops_excess,-0.0132,0.00723233,0.00728681,0.00728681,2424.46201708
1976-10-01,Hlth_excess,-0.0415,0.00832613,0.00824038,0.00824038,41246.26382901
1976-10-01,Utils_excess,-0.0122,0.00619095,0.00616867,0.00616867,83767.76400683
1976-10-01,Other_excess,-0.0084,0.00593015,0.00632182,0.00632182,1193.77664171
1976-11-01,NoDur_excess,0.0134,0.00582291,0.00580189,0.00580189,4923.88263171
1976-11-01,Durbl_excess,-0.0111,0.00978211,0.00984755,0.00984755,2424.46201708
1976-11-01,Manuf_excess,-0.0077,0.00780184,0.00720606,0.00720606,2424.46201708
1976-11-01,Enrgy_excess,0.0043,0.00785585,0.00921576,0.00921576,1193.77664171
1976-11-01,HiTec_excess,0.0122,0.00936856,0.0091541,0.0091541,20309.17620905
1976-11-01,Telcm_excess,0.0275,0.00547391,0.0054502,0.0054502,4923.88263171
1976-11-01,Shops_excess,0.0445,0.00719816,0.00686235,0.00686235,2424.46201708
1976-11-01,Hlth_excess,-0.1016,0.00824281,0.0081413,0.0081413,41246.26382901
1976-11-01,Utils_excess,0.0275,0.0061602,0.00612945,0.00612945,83767.76400683
1976-11-01,Other_excess,0.0159,0.00590619,0.00588455,0.00588455,1193.77664171
1976-12-01,NoDur_excess,0.0481,0.00583556,0.0066033,0.0066033,4923.88263171
1976-12-01,Durbl_excess,0.0927,0.00974725,0.01132922,0.01132922,2424.46201708
1976-12-01,Manuf_excess,0.0541,0.00777596,0.00816466,0.00816466,2424.46201708
1976-12-01,Enrgy_excess,0.0593,0.00784992,0.01155363,0.01155363,1193.77664171
1976-12-01,HiTec_excess,0.0347,0.00937329,0.00938534,0.00938534,20309.17620905
1976-12-01,Telcm_excess,0.0305,0.00551068,0.00648704,0.00648704,4923.88263171
1976-12-01,Shops_excess,0.0193,0.00726043,0.00813843,0.00813843,2424.46201708
1976-12-01,Hlth_excess,0.0589,0.00805943,0.00799289,0.00799289,41246.26382901
1976-12-01,Utils_excess,0.061,0.00619583,0.0062245,0.0062245,83767.76400683
1976-12-01,Other_excess,0.0798,0.00592287,0.00865646,0.00865646,1193.77664171
1977-01-01,NoDur_excess,-0.0444,0.005906,0.0066092,0.0066092,4923.88263171
1977-01-01,Durbl_excess,-0.0455,0.0098855,0.01135814,0.01135814,2424.46201708
1977-01-01,Manuf_excess,-0.0632,0.00785317,0.0079644,0.0079644,2424.46201708
1977-01-01,Enrgy_excess,-0.0007,0.00793567,0.01086859,0.01086859,1193.77664171
1977-01-01,HiTec_excess,-0.0422,0.0094155,0.00936995,0.00936995,10000.0
1977-01-01,Telcm_excess,-0.0024,0.00555233,0.00657268,0.00657268,4923.88263171
1977-01-01,Shops_excess,-0.0749,0.0072805,0.00818004,0.00818004,2424.46201708
1977-01-01,Hlth_excess,-0.0919,0.00814417,0.00802872,0.00802872,20309.17620905
1977-01-01,Utils_excess,0.0048,0.00628717,0.00649648,0.00649648,10000.0
1977-01-01,Other_excess,-0.0452,0.006046,0.00765854,0.00765854,2424.46201708
1977-02-01,NoDur_excess,-0.0174,0.0058223,0.00522477,0.00522477,4923.88263171
1977-02-01,Durbl_excess,-0.0383,0.00979334,0.00903376,0.00903376,2424.46201708
1977-02-01,Manuf_excess,-0.0098,0.00773494,0.00652103,0.00652103,2424.46201708
1977-02-01,Enrgy_excess,-0.0336,0.0079213,0.00546133,0.00546133,1193.77664171
1977-02-01,HiTec_excess,-0.0096,0.00932962,0.00884177,0.00884177,10000.0
1977-02-01,Telcm_excess,0.0063,0.0055391,0.0041551,0.0041551,4923.88263171
1977-02-01,Shops_excess,-0.0219,0.00714376,0.00656838,0.00656838,2424.46201708
1977-02-01,Hlth_excess,-0.0056,0.0079777,0.00777844,0.00777844,20309.17620905
1977-02-01,Utils_excess,-0.0377,0.00628469,0.0058034,0.0058034,10000.0
1977-02-01,Other_excess,-0.0208,0.00596073,0.00440944,0.00440944,2424.46201708
1977-03-01,NoDur_excess,-0.0178,0.00578372,0.00552693,0.00552693,4923.88263171
1977-03-01,Durbl_excess,-0.0373,0.00971346,0.0094156,0.0094156,2424.46201708
1977-03-01,Manuf_excess,-0.0065,0.00770581,0.00689173,0.00689173,2424.46201708
1977-03-01,Enrgy_excess,-0.0245,0.00785233,0.00846649,0.00846649,1193.77664171
1977-03-01,HiTec_excess,-0.0041,0.00929817,0.00885562,0.00885562,10000.0
1977-03-01,Telcm_excess,-0.0142,0.00554037,0.00527625,0.00527625,4923.88263171
1977-03-01,Shops_excess,-0.0313,0.00709551,0.00650077,0.00650077,2424.46201708
1977-03-01,Hlth_excess,-0.0217,0.00795515,0.00767788,0.00767788,20309.17620905
1977-03-01,Utils_excess,-0.002,0.00621163,0.00593603,0.00593603,10000.0
1977-03-01,Other_excess,-0.0047,0.00591628,0.00578524,0.00578524,2424.46201708
1977-04-01,NoDur_excess,0.0014,0.00574461,0.00600931,0.00600931,4923.88263171
1977-04-01,Durbl_excess,0.0278,0.00963549,0.01058698,0.01058698,2424.46201708
1977-04-01,Manuf_excess,0.0011,0.00768226,0.00769324,0.00769324,2424.46201708
1977-04-01,Enrgy_excess,0.0214,0.00779867,0.01008817,0.01008817,1193.77664171
1977-04-01,HiTec_excess,-0.0383,0.00927595,0.00913582,0.00913582,10000.0
1977-04-01,Telcm_excess,0.0028,0.00550763,0.00572057,0.00572057,4923.88263171
1977-04-01,Shops_excess,-0.0382,0.00703184,0.00698327,0.00698327,2424.46201708
1977-04-01,Hlth_excess,-0.056,0.00790597,0.00771206,0.00771206,20309.17620905
1977-04-01,Utils_excess,0.0156,0.00619801,0.00621403,0.00621403,10000.0
1977-04-01,Other_excess,0.0175,0.00589867,0.00686875,0.00686875,2424.46201708
1977-05-01,NoDur_excess,-0.0131,0.00573742,0.00590539,0.00590539,4923.88263171
1977-05-01,Durbl_excess,-0.009,0.00966556,0.01047753,0.01047753,2424.46201708
1977-05-01,Manuf_excess,-0.0335,0.00767136,0.00747439,0.00747439,2424.46201708
1977-05-01,Enrgy_excess,-0.008,0.00782119,0.00981856,0.00981856,1193.77664171
1977-05-01,HiTec_excess,-0.0189,0.00919719,0.00896058,0.00896058,10000.0
1977-05-01,Telcm_excess,0.0106,0.00550315,0.00564612,0.00564612,4923.88263171
1977-05-01,Shops_excess,-0.0315,0.00695695,0.00666158,0.00666158,2424.46201708
1977-05-01,Hlth_excess,-0.0226,0.00780017,0.00756007,0.00756007,20309.17620905
1977-05-01,Utils_excess,0.013,0.00621358,0.00621258,0.00621258,10000.0
1977-05-01,Other_excess,-0.0126,0.00591788,0.00674567,0.00674567,2424.46201708
1977-06-01,NoDur_excess,0.0413,0.00570628,0.00596424,0.00596424,4923.88263171
1977-06-01,Durbl_excess,0.0389,0.00963471,0.01044731,0.01044731,2424.46201708
1977-06-01,Manuf_excess,0.03,0.00760331,0.0075563,0.0075563,2424.46201708
1977-06-01,Enrgy_excess,0.0569,0.00779504,0.01047031,0.01047031,1193.77664171
1977-06-01,HiTec_excess,0.0737,0.00915074,0.00903083,0.00903083,10000.0
1977-06-01,Telcm_excess,0.0154,0.00551157,0.00578945,0.00578945,4923.88263171
1977-06-01,Shops_excess,0.0569,0.00689339,0.00625079,0.00625079,2424.46201708
1977-06-01,Hlth_excess,0.0863,0.00774992,0.00751303,0.00751303,20309.17620905
1977-06-01,Utils_excess,0.0531,0.00622479,0.0064248,0.0064248,10000.0
1977-06-01,Other_excess,0.0494,0.00588727,0.00691634,0.00691634,2424.46201708
1977-07-01,NoDur_excess,0.0076,0.00576502,0.00601777,0.00601777,4923.88263171
1977-07-01,Durbl_excess,-0.0285,0.009683,0.01014213,0.01014213,2424.46201708
1977-07-01,Manuf_excess,-0.0404,0.00764026,0.00741586,0.00741586,2424.46201708
1977-07-01,Enrgy_excess,-0.0222,0.00787607,0.01064654,0.01064654,1193.77664171
1977-07-01,HiTec_excess,-0.0058,0.00925726,0.00913293,0.00913293,10000.0
1977-07-01,Telcm_excess,-0.0127,0.00552789,0.00594134,0.00594134,4923.88263171
1977-07-01,Shops_excess,-0.0064,0.00697591,0.00656206,0.00656206,2424.46201708
1977-07-01,Hlth_excess,-0.0265,0.00787954,0.00765586,0.00765586,20309.17620905
1977-07-01,Utils_excess,0.0045,0.00630215,0.00653473,0.00653473,10000.0
1977-07-01,Other_excess,-0.0081,0.00595908,0.0070865,0.0070865,2424.46201708
1977-08-01,NoDur_excess,-0.0033,0.00576804,0.00578956,0.00578956,4923.88263171
1977-08-01,Durbl_excess,-0.0129,0.0096201,0.00954783,0.00954783,2424.46201708
1977-08-01,Manuf_excess,-0.0171,0.00756112,0.00700699,0.00700699,2424.46201708
1977-08-01,Enrgy_excess,-0.0628,0.00782652,0.0084883,0.0084883,1193.77664171
1977-08-01,HiTec_excess,0.0006,0.00923245,0.00909674,0.00909674,10000.0
1977-08-01,Telcm_excess,-0.0272,0.00549786,0.00514442,0.00514442,4923.88263171
1977-08-01,Shops_excess,0.0419,0.00695387,0.00648852,0.00648852,2424.46201708
1977-08-01,Hlth_excess,0.034,0.0078229,0.0076313,0.0076313,20309.17620905
1977-08-01,Utils_excess,-0.0369,0.00629918,0.00639473,0.00639473,10000.0
1977-08-01,Other_excess,-0.0162,0.00593591,0.00619694,0.00619694,2424.46201708
1977-09-01,NoDur_excess,-0.0016,0.00575312,0.00622342,0.00622342,4923.88263171
1977-09-01,Durbl_excess,0.0112,0.00958306,0.01036512,0.01036512,2424.46201708
1977-09-01,Manuf_excess,-0.0136,0.00752056,0.00781384,0.00781384,2424.46201708
1977-09-01,Enrgy_excess,0.0031,0.00771036,0.01146923,0.01146923,1193.77664171
1977-09-01,HiTec_excess,-0.0221,0.00921826,0.00930128,0.00930128,10000.0
1977-09-01,Telcm_excess,0.0305,0.00544408,0.00585099,0.00585099,4923.88263171
1977-09-01,Shops_excess,-0.0113,0.00701135,0.00658404,0.00658404,2424.46201708
1977-09-01,Hlth_excess,-0.0132,0.00786595,0.00768164,0.00768164,20309.17620905
1977-09-01,Utils_excess,0.0158,0.00622812,0.00663554,0.00663554,10000.0
1977-09-01,Other_excess,-0.0053,0.00589951,0.00752962,0.00752962,2424.46201708
1977-10-01,NoDur_excess,-0.0384,0.00574105,0.00583717,0.00583717,4923.88263171
1977-10-01,Durbl_excess,-0.0495,0.00958571,0.00949704,0.00949704,2424.46201708
1977-10-01,Manuf_excess,-0.0512,0.00748588,0.00734354,0.00734354,2424.46201708
1977-10-01,Enrgy_excess,-0.0404,0.00770279,0.00919315,0.00919315,1193.77664171
1977-10-01,HiTec_excess,-0.0371,0.00916683,0.0091471,0.0091471,10000.0
1977-10-01,Telcm_excess,-0.0554,0.00548522,0.00521018,0.00521018,4923.88263171
1977-10-01,Shops_excess,-0.0367,0.00698128,0.00638766,0.00638766,2424.46201708
1977-10-01,Hlth_excess,-0.0224,0.00783136,0.0076503,0.0076503,20309.17620905
1977-10-01,Utils_excess,-0.0364,0.00624384,0.00648291,0.00648291,10000.0
1977-10-01,Other_excess,-0.049,0.00588112,0.00653214,0.00653214,2424.46201708
1977-11-01,NoDur_excess,0.0409,0.00566869,0.00570032,0.00570032,4923.88263171
1977-11-01,Durbl_excess,0.0137,0.00948885,0.00918284,0.00918284,2424.46201708
1977-11-01,Manuf_excess,0.0383,0.00738967,0.00715625,0.00715625,2424.46201708
1977-11-01,Enrgy_excess,0.0297,0.00762393,0.00848362,0.00848362,1193.77664171
1977-11-01,HiTec_excess,0.0478,0.00909098,0.00912471,0.00912471,10000.0
1977-11-01,Telcm_excess,0.0166,0.00538541,0.00480288,0.00480288,4923.88263171
1977-11-01,Shops_excess,0.0505,0.00690967,0.00636266,0.00636266,2424.46201708
1977-11-01,Hlth_excess,0.0559,0.0077818,0.0076249,0.0076249,20309.17620905
1977-11-01,Utils_excess,0.0379,0.00617393,0.00643934,0.00643934,10000.0
1977-11-01,Other_excess,0.0599,0.00579115,0.00624591,0.00624591,2424.46201708
1977-12-01,NoDur_excess,-0.0048,0.00572635,0.00603484,0.00603484,4923.88263171
1977-12-01,Durbl_excess,-0.0124,0.00949574,0.00976267,0.00976267,2424.46201708
1977-12-01,Manuf_excess,0.0025,0.00744026,0.00772945,0.00772945,2424.46201708
1977-12-01,Enrgy_excess,0.014,0.00766007,0.01087011,0.01087011,1193.77664171
1977-12-01,HiTec_excess,0.0189,0.00915434,0.00922507,0.00922507,10000.0
1977-12-01,Telcm_excess,0.0166,0.00540376,0.00542436,0.00542436,4923.88263171
1977-12-01,Shops_excess,-0.0172,0.00698101,0.00645252,0.00645252,2424.46201708
1977-12-01,Hlth_excess,0.0013,0.00786056,0.00767871,0.00767871,20309.17620905
1977-12-01,Utils_excess,-0.0082,0.00622586,0.00661612,0.00661612,10000.0
1977-12-01,Other_excess,0.0013,0.00587971,0.00736178,0.00736178,2424.46201708
1978-01-01,NoDur_excess,-0.0579,0.00570915,0.00567813,0.00567813,4923.88263171
1978-01-01,Durbl_excess,-0.0731,0.00945997,0.00896193,0.00896193,2424.46201708
1978-01-01,Manuf_excess,-0.0652,0.00743219,0.00707308,0.00707308,2424.46201708
1978-01-01,Enrgy_excess,-0.0742,0.00767042,0.00791552,0.00791552,1193.77664171
1978-01-01,HiTec_excess,-0.0523,0.00917026,0.0092015,0.0092015,4923.88263171
1978-01-01,Telcm_excess,-0.0465,0.00542206,0.00539557,0.00539557,170125.42798526
1978-01-01,Shops_excess,-0.0733,0.0069415,0.00649221,0.00649221,2424.46201708
1978-01-01,Hlth_excess,-0.0238,0.00784984,0.00771573,0.00771573,20309.17620905
1978-01-01,Utils_excess,-0.0503,0.00620229,0.00634058,0.00634058,10000.0
1978-01-01,Other_excess,-0.0578,0.00587222,0.00613377,0.00613377,2424.46201708
1978-02-01,NoDur_excess,-0.0035,0.00560538,0.00559065,0.00559065,4923.88263171
1978-02-01,Durbl_excess,-0.0008,0.00932529,0.00898389,0.00898389,2424.46201708
1978-02-01,Manuf_excess,-0.0309,0.0073137,0.00739575,0.00739575,2424.46201708
1978-02-01,Enrgy_excess,-0.0155,0.00753687,0.00963489,0.00963489,1193.77664171
1978-02-01,HiTec_excess,-0.0393,0.00906998,0.00914485,0.00914485,4923.88263171
1978-02-01,Telcm_excess,0.037,0.00533736,0.00531678,0.00531678,170125.42798526
1978-02-01,Shops_excess,-0.009,0.0068106,0.00581097,0.00581097,2424.46201708
1978-02-01,Hlth_excess,-0.0348,0.00779821,0.00761489,0.00761489,20309.17620905
1978-02-01,Utils_excess,-0.0088,0.00611011,0.00632662,0.00632662,10000.0
1978-02-01,Other_excess,-0.0062,0.00576835,0.00676124,0.00676124,2424.46201708
1978-03-01,NoDur_excess,0.0364,0.00559055,0.00592599,0.00592599,4923.88263171
1978-03-01,Durbl_excess,0.0557,0.00930879,0.0096591,0.0096591,2424.46201708
1978-03-01,Manuf_excess,0.0337,0.00725147,0.00749755,0.00749755,2424.46201708
1978-03-01,Enrgy_excess,0.0152,0.00749935,0.01016366,0.01016366,1193.77664171
1978-03-01,HiTec_excess,-0.0114,0.00899121,0.00932303,0.00932303,4923.88263171
1978-03-01,Telcm_excess,0.0209,0.00538893,0.00538368,0.00538368,170125.42798526
1978-03-01,Shops_excess,0.0232,0.00678485,0.00644621,0.00644621,2424.46201708
1978-03-01,Hlth_excess,0.0364,0.00772883,0.00758511,0.00758511,20309.17620905
1978-03-01,Utils_excess,0.0195,0.00608583,0.00650731,0.00650731,10000.0
1978-03-01,Other_excess,0.0493,0.00574886,0.00742552,0.00742552,2424.46201708
1978-04-01,NoDur_excess,0.0638,0.00564065,0.00617576,0.00617576,4923.88263171
1978-04-01,Durbl_excess,0.0909,0.00938423,0.01044683,0.01044683,2424.46201708
1978-04-01,Manuf_excess,0.1084,0.00729447,0.00796424,0.00796424,2424.46201708
1978-04-01,Enrgy_excess,0.0616,0.00751187,0.01049738,0.01049738,1193.77664171
1978-04-01,HiTec_excess,0.1275,0.00895805,0.00925717,0.00925717,4923.88263171
1978-04-01,Telcm_excess,0.0239,0.00541415,0.00541089,0.00541089,170125.42798526
1978-04-01,Shops_excess,0.1029,0.00681154,0.00698714,0.00698714,2424.46201708
1978-04-01,Hlth_excess,0.087,0.00777545,0.00768081,0.00768081,20309.17620905
1978-04-01,Utils_excess,-0.0036,0.00610764,0.00649762,0.00649762,10000.0
1978-04-01,Other_excess,0.0882,0.00581967,0.00806514,0.00806514,2424.46201708
1978-05-01,NoDur_excess,0.0372,0.00573506,0.00599596,0.00599596,4923.88263171
1978-05-01,Durbl_excess,-0.0033,0.00951656,0.01000244,0.01000244,2424.46201708
1978-05-01,Manuf_excess,0.0359,0.0074586,0.00787728,0.00787728,2424.46201708
1978-05-01,Enrgy_excess,0.0035,0.00759968,0.01038326,0.01038326,1193.77664171
1978-05-01,HiTec_excess,0.0116,0.00915049,0.00912276,0.00912276,4923.88263171
1978-05-01,Telcm_excess,-0.009,0.00544416,0.00543769,0.00543769,170125.42798526
1978-05-01,Shops_excess,0.0075,0.00696753,0.00662004,0.00662004,2424.46201708
1978-05-01,Hlth_excess,0.0466,0.00790406,0.00773444,0.00773444,20309.17620905
1978-05-01,Utils_excess,0.002,0.00609188,0.00619019,0.00619019,10000.0
1978-05-01,Other_excess,0.0209,0.00595341,0.00762093,0.00762093,2424.46201708
1978-06-01,NoDur_excess,-0.008,0.00578606,0.00598366,0.00598366,4923.88263171
1978-06-01,Durbl_excess,-0.0331,0.00949579,0.00970345,0.00970345,2424.46201708
1978-06-01,Manuf_excess,-0.0201,0.0075047,0.0081206,0.0081206,2424.46201708
1978-06-01,Enrgy_excess,-0.0428,0.00759303,0.01035654,0.01035654,1193.77664171
1978-06-01,HiTec_excess,-0.009,0.00915446,0.0089886,0.0089886,4923.88263171
1978-06-01,Telcm_excess,-0.0208,0.00542075,0.00540784,0.00540784,170125.42798526
1978-06-01,Shops_excess,-0.0251,0.0069684,0.00644167,0.00644167,2424.46201708
1978-06-01,Hlth_excess,0.006,0.00796677,0.00778858,0.00778858,20309.17620905
1978-06-01,Utils_excess,0.0029,0.00608525,0.00605223,0.00605223,10000.0
1978-06-01,Other_excess,-0.0089,0.00597763,0.00767621,0.00767621,2424.46201708
1978-07-01,NoDur_excess,0.0294,0.00576375,0.00606262,0.00606262,4923.88263171
1978-07-01,Durbl_excess,0.0417,0.00942686,0.00933026,0.00933026,2424.46201708
1978-07-01,Manuf_excess,0.0728,0.00746003,0.00785018,0.00785018,2424.46201708
1978-07-01,Enrgy_excess,0.0278,0.00751149,0.00909979,0.00909979,1193.77664171
1978-07-01,HiTec_excess,0.0802,0.00912508,0.00917599,0.00917599,4923.88263171
1978-07-01,Telcm_excess,0.0087,0.00537832,0.00536413,0.00536413,170125.42798526
1978-07-01,Shops_excess,0.0457,0.0069165,0.00697984,0.00697984,2424.46201708
1978-07-01,Hlth_excess,0.0831,0.00796359,0.00784717,0.00784717,20309.17620905
1978-07-01,Utils_excess,0.0226,0.0060801,0.00618481,0.00618481,10000.0
1978-07-01,Other_excess,0.0608,0.00595356,0.00776919,0.00776919,2424.46201708
1978-08-01,NoDur_excess,0.0355,0.00580194,0.00621361,0.00621361,4923.88263171
1978-08-01,Durbl_excess,0.0241,0.009479,0.00939887,0.00939887,2424.46201708
1978-08-01,Manuf_excess,0.0338,0.00756559,0.00824985,0.00824985,2424.46201708
1978-08-01,Enrgy_excess,0.0457,0.00754426,0.01107128,0.01107128,1193.77664171
1978-08-01,HiTec_excess,0.0546,0.0092399,0.0093942,0.0093942,4923.88263171
1978-08-01,Telcm_excess,0.0297,0.00538368,0.00538684,0.00538684,170125.42798526
1978-08-01,Shops_excess,0.0514,0.00697916,0.00659264,0.00659264,2424.46201708
1978-08-01,Hlth_excess,0.0041,0.00808498,0.00793309,0.00793309,20309.17620905
1978-08-01,Utils_excess,-0.0011,0.00610679,0.00635035,0.00635035,10000.0
1978-08-01,Other_excess,0.0597,0.00604216,0.00835207,0.00835207,2424.46201708
1978-09-01,NoDur_excess,-0.0102,0.00584984,0.00673661,0.00673661,4923.88263171
1978-09-01,Durbl_excess,-0.0113,0.00950258,0.01018088,0.01018088,2424.46201708
1978-09-01,Manuf_excess,-0.0274,0.0076079,0.00875839,0.00875839,2424.46201708
1978-09-01,Enrgy_excess,0.0414,0.00760581,0.01155154,0.01155154,1193.77664171
1978-09-01,HiTec_excess,-0.048,0.00931306,0.01009414,0.01009414,4923.88263171
1978-09-01,Telcm_excess,0.006,0.0054229,0.00543968,0.00543968,170125.42798526
1978-09-01,Shops_excess,-0.0326,0.00705081,0.00792061,0.00792061,2424.46201708
1978-09-01,Hlth_excess,-0.0333,0.00807855,0.00802627,0.00802627,20309.17620905
1978-09-01,Utils_excess,-0.0087,0.00609516,0.00657532,0.00657532,10000.0
1978-09-01,Other_excess,-0.0207,0.00612871,0.00925533,0.00925533,2424.46201708
1978-10-01,NoDur_excess,-0.1226,0.00582399,0.00561514,0.00561514,4923.88263171
1978-10-01,Durbl_excess,-0.1186,0.00946908,0.00726981,0.00726981,2424.46201708
1978-10-01,Manuf_excess,-0.1204,0.00755153,0.00729338,0.00729338,2424.46201708
1978-10-01,Enrgy_excess,-0.1129,0.00766023,0.0082967,0.0082967,1193.77664171
1978-10-01,HiTec_excess,-0.1144,0.00922077,0.00908736,0.00908736,4923.88263171
1978-10-01,Telcm_excess,-0.0518,0.00542383,0.00539682,0.00539682,170125.42798526
1978-10-01,Shops_excess,-0.1486,0.00698696,0.00609256,0.00609256,2424.46201708
1978-10-01,Hlth_excess,-0.1352,0.00801192,0.00780318,0.00780318,20309.17620905
1978-10-01,Utils_excess,-0.0778,0.00607134,0.00607494,0.00607494,10000.0
1978-10-01,Other_excess,-0.1479,0.00608551,0.00693423,0.00693423,2424.46201708
1978-11-01,NoDur_excess,0.0149,0.00561752,0.00512409,0.00512409,4923.88263171
1978-11-01,Durbl_excess,-0.0002,0.00926318,0.00729048,0.00729048,2424.46201708
1978-11-01,Manuf_excess,0.0217,0.00734582,0.00732091,0.00732091,2424.46201708
1978-11-01,Enrgy_excess,0.0548,0.0074664,0.00833839,0.00833839,1193.77664171
1978-11-01,HiTec_excess,0.0438,0.00902203,0.00875048,0.00875048,4923.88263171
1978-11-01,Telcm_excess,0.0232,0.00533183,0.00529133,0.00529133,170125.42798526
1978-11-01,Shops_excess,0.0193,0.00673682,0.00484334,0.00484334,2424.46201708
1978-11-01,Hlth_excess,0.0448,0.00778167,0.00749457,0.00749457,20309.17620905
1978-11-01,Utils_excess,0.023,0.0059365,0.005817,0.005817,10000.0
1978-11-01,Other_excess,0.0181,0.00583794,0.00644234,0.00644234,2424.46201708
1978-12-01,NoDur_excess,0.009,0.00563242,0.00599034,0.00599034,4923.88263171
1978-12-01,Durbl_excess,-0.014,0.00924799,0.00860267,0.00860267,2424.46201708
1978-12-01,Manuf_excess,0.0063,0.00736886,0.00843052,0.00843052,2424.46201708
1978-12-01,Enrgy_excess,0.0204,0.00754238,0.01260367,0.01260367,1193.77664171
1978-12-01,HiTec_excess,0.0562,0.00907785,0.00968188,0.00968188,4923.88263171
1978-12-01,Telcm_excess,-0.0068,0.00536051,0.00536485,0.00536485,170125.42798526
1978-12-01,Shops_excess,-0.0144,0.00675698,0.00560535,0.00560535,2424.46201708
1978-12-01,Hlth_excess,0.0264,0.00784109,0.0076265,0.0076265,20309.17620905
1978-12-01,Utils_excess,-0.0203,0.00596388,0.00649469,0.00649469,10000.0
1978-12-01,Other_excess,0.0051,0.00585762,0.00836792,0.00836792,2424.46201708
1979-01-01,NoDur_excess,0.0341,0.00563782,0.00513772,0.00513772,4923.88263171
1979-01-01,Durbl_excess,0.0429,0.00921074,0.00615493,0.00615493,2424.46201708
1979-01-01,Manuf_excess,0.0574,0.00736715,0.00716788,0.00716788,2424.46201708
1979-01-01,Enrgy_excess,0.0232,0.00756298,0.00869073,0.00869073,1193.77664171
1979-01-01,HiTec_excess,0.0353,0.00915337,0.0093627,0.0093627,4923.88263171
1979-01-01,Telcm_excess,0.0289,0.00534103,0.00534103,0.00534103,1e+16
1979-01-01,Shops_excess,0.0496,0.00672308,0.00445959,0.00445959,2424.46201708
1979-01-01,Hlth_excess,0.0065,0.00787083,0.00761165,0.00761165,20309.17620905
1979-01-01,Utils_excess,0.056,0.00592179,0.00592179,0.00592179,1e+16
1979-01-01,Other_excess,0.0526,0.00585641,0.00695386,0.00695386,1193.77664171
1979-02-01,NoDur_excess,-0.0422,0.00568336,0.00544389,0.00544389,4923.88263171
1979-02-01,Durbl_excess,-0.0433,0.00926464,0.00604587,0.00604587,2424.46201708
1979-02-01,Manuf_excess,-0.0522,0.0074472,0.00728809,0.00728809,2424.46201708
1979-02-01,Enrgy_excess,-0.0012,0.007588,0.01081197,0.01081197,1193.77664171
1979-02-01,HiTec_excess,-0.0405,0.0091952,0.00941766,0.00941766,4923.88263171
1979-02-01,Telcm_excess,-0.0138,0.00537872,0.00537872,0.00537872,1e+16
1979-02-01,Shops_excess,-0.0515,0.00679168,0.00466666,0.00466666,2424.46201708
1979-02-01,Hlth_excess,-0.0525,0.00786864,0.00748414,0.00748414,20309.17620905
1979-02-01,Utils_excess,-0.0237,0.00600192,0.00600192,0.00600192,1e+16
1979-02-01,Other_excess,-0.0394,0.0059312,0.0090497,0.0090497,1193.77664171
1979-03-01,NoDur_excess,0.0334,0.00560687,0.00461937,0.00461937,4923.88263171
1979-03-01,Durbl_excess,0.0579,0.00918067,0.0048141,0.0048141,2424.46201708
1979-03-01,Manuf_excess,0.0653,0.00735192,0.00655653,0.00655653,2424.46201708
1979-03-01,Enrgy_excess,0.0847,0.00757396,0.00853019,0.00853019,1193.77664171
1979-03-01,HiTec_excess,0.068,0.00911581,0.00881028,0.00881028,4923.88263171
1979-03-01,Telcm_excess,-0.0065,0.00534808,0.00534808,0.00534808,1e+16
1979-03-01,Shops_excess,0.0531,0.00669856,0.00367903,0.00367903,2424.46201708
1979-03-01,Hlth_excess,0.0423,0.0077722,0.00731771,0.00731771,20309.17620905
1979-03-01,Utils_excess,0.0151,0.00595447,0.00595447,0.00595447,1e+16
1979-03-01,Other_excess,0.0735,0.00585879,0.00648039,0.00648039,1193.77664171
1979-04-01,NoDur_excess,-0.006,0.0056512,0.00527729,0.00527729,4923.88263171
1979-04-01,Durbl_excess,0.0213,0.00925837,0.00612502,0.00612502,2424.46201708
1979-04-01,Manuf_excess,-0.0126,0.00744434,0.00751413,0.00751413,2424.46201708
1979-04-01,Enrgy_excess,0.0353,0.00769697,0.01180298,0.01180298,1193.77664171
1979-04-01,HiTec_excess,-0.0047,0.00920973,0.00948125,0.00948125,4923.88263171
1979-04-01,Telcm_excess,-0.0295,0.00532919,0.00532919,0.00532919,1e+16
1979-04-01,Shops_excess,0.0008,0.00677257,0.00455391,0.00455391,2424.46201708
1979-04-01,Hlth_excess,-0.0037,0.00782727,0.00741515,0.00741515,20309.17620905
1979-04-01,Utils_excess,-0.0355,0.00596906,0.00596906,0.00596906,1e+16
1979-04-01,Other_excess,0.0069,0.00596667,0.00936664,0.00936664,1193.77664171
1979-05-01,NoDur_excess,-0.026,0.00563264,0.00486273,0.00486273,4923.88263171
1979-05-01,Durbl_excess,-0.0151,0.00927755,0.00562587,0.00562587,2424.46201708
1979-05-01,Manuf_excess,-0.0311,0.00741242,0.00693082,0.00693082,2424.46201708
1979-05-01,Enrgy_excess,-0.0328,0.00774092,0.00955467,0.00955467,1193.77664171
1979-05-01,HiTec_excess,-0.028,0.00918758,0.00921244,0.00921244,4923.88263171
1979-05-01,Telcm_excess,-0.0073,0.00527373,0.00527373,0.00527373,1e+16
1979-05-01,Shops_excess,-0.0326,0.00676306,0.00458152,0.00458152,2424.46201708
1979-05-01,Hlth_excess,-0.0346,0.00780892,0.00741966,0.00741966,20309.17620905
1979-05-01,Utils_excess,0.0062,0.00590303,0.00590303,0.00590303,1e+16
1979-05-01,Other_excess,-0.011,0.00596815,0.0077344,0.0077344,1193.77664171
1979-06-01,NoDur_excess,0.0251,0.00558235,0.0053392,0.0053392,4923.88263171
1979-06-01,Durbl_excess,0.0219,0.00923879,0.0067909,0.0067909,2424.46201708
1979-06-01,Manuf_excess,0.0268,0.00735119,0.00755634,0.00755634,2424.46201708
1979-06-01,Enrgy_excess,0.0846,0.00767647,0.01352414,0.01352414,1193.77664171
1979-06-01,HiTec_excess,-0.0031,0.00912846,0.00948807,0.00948807,4923.88263171
1979-06-01,Telcm_excess,0.0112,0.00525374,0.00525374,0.00525374,1e+16
1979-06-01,Shops_excess,0.0199,0.00670048,0.00439829,0.00439829,2424.46201708
1979-06-01,Hlth_excess,0.0402,0.00774149,0.00727712,0.00727712,20309.17620905
1979-06-01,Utils_excess,0.0416,0.0059035,0.0059035,0.0059035,1e+16
1979-06-01,Other_excess,0.0619,0.00594118,0.01069753,0.01069753,1193.77664171
1979-07-01,NoDur_excess,0.0126,0.00561333,0.00580917,0.00580917,4923.88263171
1979-07-01,Durbl_excess,0.0129,0.00925889,0.00800267,0.00800267,2424.46201708
1979-07-01,Manuf_excess,0.0125,0.00738206,0.00827387,0.00827387,2424.46201708
1979-07-01,Enrgy_excess,0.0081,0.00779857,0.01520524,0.01520524,1193.77664171
1979-07-01,HiTec_excess,-0.0226,0.00910905,0.00966246,0.00966246,4923.88263171
1979-07-01,Telcm_excess,-0.0088,0.00526317,0.00526317,0.00526317,1e+16
1979-07-01,Shops_excess,0.0049,0.00672143,0.00525865,0.00525865,2424.46201708
1979-07-01,Hlth_excess,-0.0062,0.00779302,0.00745445,0.00745445,20309.17620905
1979-07-01,Utils_excess,0.013,0.00596016,0.00596016,0.00596016,1e+16
1979-07-01,Other_excess,0.0254,0.00603,0.0122918,0.0122918,1193.77664171
1979-08-01,NoDur_excess,0.0679,0.00562441,0.0051469,0.0051469,4923.88263171
1979-08-01,Durbl_excess,0.0395,0.00926466,0.00660197,0.00660197,2424.46201708
1979-08-01,Manuf_excess,0.0694,0.00739017,0.00755594,0.00755594,2424.46201708
1979-08-01,Enrgy_excess,0.0716,0.00779905,0.01081848,0.01081848,1193.77664171
1979-08-01,HiTec_excess,0.0514,0.0090588,0.00913797,0.00913797,4923.88263171
1979-08-01,Telcm_excess,0.0075,0.00524089,0.00524089,0.00524089,1e+16
1979-08-01,Shops_excess,0.0811,0.00671854,0.0049664,0.0049664,2424.46201708
1979-08-01,Hlth_excess,0.0781,0.00777084,0.00744043,0.00744043,20309.17620905
1979-08-01,Utils_excess,0.0128,0.00597132,0.00597132,0.00597132,1e+16
1979-08-01,Other_excess,0.0501,0.0060607,0.00945547,0.00945547,1193.77664171
1979-09-01,NoDur_excess,-0.027,0.00572294,0.00533737,0.00533737,4923.88263171
1979-09-01,Durbl_excess,-0.0044,0.0093125,0.00614452,0.00614452,2424.46201708
1979-09-01,Manuf_excess,-0.0152,0.00748829,0.00746473,0.00746473,2424.46201708
1979-09-01,Enrgy_excess,0.0509,0.0079,0.01089684,0.01089684,1193.77664171
1979-09-01,HiTec_excess,-0.0258,0.00912579,0.00911283,0.00911283,4923.88263171
1979-09-01,Telcm_excess,-0.0321,0.00524446,0.00524446,0.00524446,1e+16
1979-09-01,Shops_excess,-0.0158,0.00683623,0.0051494,0.0051494,2424.46201708
1979-09-01,Hlth_excess,-0.0138,0.00788212,0.00756912,0.00756912,20309.17620905
1979-09-01,Utils_excess,-0.0302,0.00598212,0.00598212,0.00598212,1e+16
1979-09-01,Other_excess,-0.0149,0.00613038,0.00921901,0.00921901,1193.77664171
1979-10-01,NoDur_excess,-0.0853,0.00567125,0.00463765,0.00463765,4923.88263171
1979-10-01,Durbl_excess,-0.1015,0.00929084,0.00483731,0.00483731,2424.46201708
1979-10-01,Manuf_excess,-0.0972,0.00745245,0.00703671,0.00703671,2424.46201708
1979-10-01,Enrgy_excess,-0.0342,0.00796793,0.01142237,0.01142237,1193.77664171
1979-10-01,HiTec_excess,-0.0861,0.00907062,0.00847642,0.00847642,4923.88263171
1979-10-01,Telcm_excess,-0.0594,0.00518547,0.00518547,0.00518547,1e+16
1979-10-01,Shops_excess,-0.0976,0.00680047,0.00363655,0.00363655,2424.46201708
1979-10-01,Hlth_excess,-0.0521,0.00784787,0.0073836,0.0073836,20309.17620905
1979-10-01,Utils_excess,-0.067,0.00592496,0.00592496,0.00592496,1e+16
1979-10-01,Other_excess,-0.1102,0.00609716,0.00787423,0.00787423,1193.77664171
1979-11-01,NoDur_excess,0.0417,0.00552776,0.0026966,0.0026966,4923.88263171
1979-11-01,Durbl_excess,-0.0319,0.00911609,0.00126992,0.00126992,2424.46201708
1979-11-01,Manuf_excess,0.0373,0.00728738,0.00514416,0.00514416,2424.46201708
1979-11-01,Enrgy_excess,0.0793,0.00790142,0.0048991,0.0048991,1193.77664171
1979-11-01,HiTec_excess,0.0719,0.0089205,0.00720433,0.00720433,4923.88263171
1979-11-01,Telcm_excess,0.0307,0.0050836,0.0050836,0.0050836,1e+16
1979-11-01,Shops_excess,0.0284,0.0066358,0.00083794,0.00083794,2424.46201708
1979-11-01,Hlth_excess,0.078,0.00775331,0.00718333,0.00718333,20309.17620905
1979-11-01,Utils_excess,0.0679,0.00580994,0.00580994,0.00580994,1e+16
1979-11-01,Other_excess,0.0604,0.00591372,0.00068307,0.00068307,1193.77664171
1979-12-01,NoDur_excess,0.0242,0.00558472,0.00510122,0.00510122,4923.88263171
1979-12-01,Durbl_excess,0.0231,0.0090515,0.00457869,0.00457869,2424.46201708
1979-12-01,Manuf_excess,0.0351,0.00733465,0.00708004,0.00708004,2424.46201708
1979-12-01,Enrgy_excess,0.0154,0.00801386,0.01614234,0.01614234,1193.77664171
1979-12-01,HiTec_excess,0.0084,0.00901969,0.00883346,0.00883346,4923.88263171
1979-12-01,Telcm_excess,-0.0247,0.00512394,0.00512394,0.00512394,1e+16
1979-12-01,Shops_excess,0.0212,0.00667008,0.0032683,0.0032683,2424.46201708
1979-12-01,Hlth_excess,0.0113,0.00786394,0.00739543,0.00739543,20309.17620905
1979-12-01,Utils_excess,-0.0196,0.00590772,0.00590772,0.00590772,1e+16
1979-12-01,Other_excess,0.0317,0.00599953,0.01071931,0.01071931,1193.77664171
1980-01-01,NoDur_excess,0.0231,0.00561399,0.00447116,0.00447116,4923.88263171
1980-01-01,Durbl_excess,0.0831,0.00907358,0.00285981,0.00285981,2424.46201708
1980-01-01,Manuf_excess,0.0626,0.0073783,0.00674694,0.00674694,2424.46201708
1980-01-01,Enrgy_excess,0.1325,0.00802547,0.01419272,0.01419272,1193.77664171
1980-01-01,HiTec_excess,0.0655,0.00901871,0.00824594,0.00824594,4923.88263171
1980-01-01,Telcm_excess,-0.0287,0.00507704,0.00507704,0.00507704,1e+16
1980-01-01,Shops_excess,0.0051,0.00669292,0.0037346,0.0037346,4923.88263171
1980-01-01,Hlth_excess,-0.0209,0.00786934,0.00731556,0.00731556,20309.17620905
1980-01-01,Utils_excess,0.0075,0.00586761,0.00586761,0.00586761,1e+16
1980-01-01,Other_excess,0.0474,0.00603994,0.00864099,0.00864099,1193.77664171
1980-02-01,NoDur_excess,-0.0575,0.00564144,0.00319912,0.00319912,4923.88263171
1980-02-01,Durbl_excess,-0.0724,0.0091898,0.00030898,0.00030898,2424.46201708
1980-02-01,Manuf_excess,-0.0339,0.00746499,0.00498687,0.00498687,2424.46201708
1980-02-01,Enrgy_excess,0.1211,0.00822088,0.00718633,0.00718633,1193.77664171
1980-02-01,HiTec_excess,-0.0448,0.00910738,0.00769493,0.00769493,4923.88263171
1980-02-01,Telcm_excess,-0.0229,0.00502402,0.00502402,0.00502402,1e+16
1980-02-01,Shops_excess,-0.0575,0.00669042,0.00357326,0.00357326,4923.88263171
1980-02-01,Hlth_excess,-0.0553,0.00782418,0.00729883,0.00729883,20309.17620905
1980-02-01,Utils_excess,-0.0431,0.00587017,0.00587017,0.00587017,1e+16
1980-02-01,Other_excess,-0.0426,0.00610487,0.00233862,0.00233862,1193.77664171
1980-03-01,NoDur_excess,-0.0938,0.00554248,0.0025817,0.0025817,4923.88263171
1980-03-01,Durbl_excess,-0.1001,0.00906191,-0.00055333,0.0,2424.46201708
1980-03-01,Manuf_excess,-0.1298,0.00740016,0.00477452,0.00477452,2424.46201708
1980-03-01,Enrgy_excess,-0.1912,0.00839781,0.01460302,0.01460302,1193.77664171
1980-03-01,HiTec_excess,-0.1388,0.00902288,0.00670589,0.00670589,4923.88263171
1980-03-01,Telcm_excess,-0.0387,0.00498025,0.00498025,0.00498025,1e+16
1980-03-01,Shops_excess,-0.1084,0.00658981,0.00193203,0.00193203,4923.88263171
1980-03-01,Hlth_excess,-0.0406,0.00772524,0.00679077,0.00679077,20309.17620905
1980-03-01,Utils_excess,-0.0781,0.00579342,0.00579342,0.00579342,1e+16
1980-03-01,Other_excess,-0.1354,0.00602853,0.00241807,0.00241807,1193.77664171
1980-04-01,NoDur_excess,0.0514,0.00538701,0.00214151,0.00214151,4923.88263171
1980-04-01,Durbl_excess,-0.0301,0.00889108,-0.00255304,0.0,2424.46201708
1980-04-01,Manuf_excess,0.0195,0.00718545,0.00246673,0.00246673,2424.46201708
1980-04-01,Enrgy_excess,0.056,0.00808545,0.00908217,0.00908217,1193.77664171
1980-04-01,HiTec_excess,-0.0054,0.00879155,0.00630449,0.00630449,4923.88263171
1980-04-01,Telcm_excess,0.0607,0.00491189,0.00491189,0.00491189,1e+16
1980-04-01,Shops_excess,0.0324,0.00640986,0.00176829,0.00176829,4923.88263171
1980-04-01,Hlth_excess,0.0303,0.00764961,0.00678287,0.00678287,20309.17620905
1980-04-01,Utils_excess,0.1078,0.00566213,0.00566213,0.00566213,1e+16
1980-04-01,Other_excess,0.0487,0.0058072,0.00154788,0.00154788,1193.77664171
1980-05-01,NoDur_excess,0.0714,0.00545891,0.00734165,0.00734165,4923.88263171
1980-05-01,Durbl_excess,0.0356,0.00883016,0.00983789,0.00983789,2424.46201708
1980-05-01,Manuf_excess,0.0544,0.00720469,0.00965404,0.00965404,2424.46201708
1980-05-01,Enrgy_excess,0.0332,0.00816031,0.02630814,0.02630814,1193.77664171
1980-05-01,HiTec_excess,0.04,0.00876937,0.00952964,0.00952964,4923.88263171
1980-05-01,Telcm_excess,0.0419,0.00499906,0.00499906,0.00499906,1e+16
1980-05-01,Shops_excess,0.0987,0.00645047,0.00510541,0.00510541,4923.88263171
1980-05-01,Hlth_excess,0.0616,0.007685,0.00706365,0.00706365,20309.17620905
1980-05-01,Utils_excess,0.0379,0.00582172,0.00582172,0.00582172,1e+16
1980-05-01,Other_excess,0.0728,0.00587422,0.02029767,0.02029767,1193.77664171
1980-06-01,NoDur_excess,0.0238,0.00556178,0.00738435,0.00738435,4923.88263171
1980-06-01,Durbl_excess,0.0218,0.00887192,0.01129597,0.01129597,2424.46201708
1980-06-01,Manuf_excess,0.0173,0.00727832,0.00968047,0.00968047,2424.46201708
1980-06-01,Enrgy_excess,0.0523,0.00819938,0.01611791,0.01611791,1193.77664171
1980-06-01,HiTec_excess,0.0242,0.0088181,0.00977019,0.00977019,4923.88263171
1980-06-01,Telcm_excess,-0.0118,0.00505663,0.00505663,0.00505663,1e+16
1980-06-01,Shops_excess,0.0181,0.00659438,0.00795829,0.00795829,4923.88263171
1980-06-01,Hlth_excess,-0.0039,0.00776911,0.00781646,0.00781646,20309.17620905
1980-06-01,Utils_excess,0.0394,0.00587176,0.00587176,0.00587176,1e+16
1980-06-01,Other_excess,0.0448,0.00597863,0.01452704,0.01452704,1193.77664171
1980-07-01,NoDur_excess,0.0721,0.00559019,0.00735576,0.00735576,4923.88263171
1980-07-01,Durbl_excess,0.1122,0.00889206,0.01261015,0.01261015,2424.46201708
1980-07-01,Manuf_excess,0.103,0.00729393,0.01009005,0.01009005,2424.46201708
1980-07-01,Enrgy_excess,0.0148,0.00826807,0.01683068,0.01683068,1193.77664171
1980-07-01,HiTec_excess,0.1495,0.00884206,0.00959604,0.00959604,4923.88263171
1980-07-01,Telcm_excess,0.0047,0.00503037,0.00503037,0.00503037,1e+16
1980-07-01,Shops_excess,0.1029,0.00661231,0.00786646,0.00786646,4923.88263171
1980-07-01,Hlth_excess,0.0835,0.00775093,0.00775582,0.00775582,20309.17620905
1980-07-01,Utils_excess,-0.0065,0.00592399,0.00592399,0.00592399,1e+16
1980-07-01,Other_excess,0.0631,0.0060391,0.01401076,0.01401076,1193.77664171
1980-08-01,NoDur_excess,0.0083,0.00569362,0.00520488,0.00520488,4923.88263171
1980-08-01,Durbl_excess,0.0089,0.00905272,0.00724792,0.00724792,2424.46201708
1980-08-01,Manuf_excess,0.0094,0.00744277,0.00662975,0.00662975,2424.46201708
1980-08-01,Enrgy_excess,0.0302,0.00827823,0.00803783,0.00803783,1193.77664171
1980-08-01,HiTec_excess,0.0302,0.00906081,0.00854509,0.00854509,4923.88263171
1980-08-01,Telcm_excess,0.0566,0.00502986,0.00502986,0.00502986,1e+16
1980-08-01,Shops_excess,0.0116,0.00676205,0.00599374,0.00599374,4923.88263171
1980-08-01,Hlth_excess,-0.0037,0.00786874,0.00777345,0.00777345,20309.17620905
1980-08-01,Utils_excess,-0.0181,0.00590467,0.00590467,0.00590467,1e+16
1980-08-01,Other_excess,0.0206,0.00612784,0.00415563,0.00415563,1193.77664171
1980-09-01,NoDur_excess,-0.0055,0.00569767,0.00454666,0.00454666,4923.88263171
1980-09-01,Durbl_excess,0.0018,0.00905248,0.00494796,0.00494796,2424.46201708
1980-09-01,Manuf_excess,0.0208,0.00744581,0.00550257,0.00550257,2424.46201708
1980-09-01,Enrgy_excess,0.0578,0.00831227,0.00862352,0.00862352,1193.77664171
1980-09-01,HiTec_excess,0.0124,0.00909363,0.00768394,0.00768394,4923.88263171
1980-09-01,Telcm_excess,-0.0237,0.00510994,0.00510994,0.00510994,1e+16
1980-09-01,Shops_excess,0.0053,0.00676957,0.00499646,0.00499646,4923.88263171
1980-09-01,Hlth_excess,0.0287,0.00785078,0.00748818,0.00748818,20309.17620905
1980-09-01,Utils_excess,-0.0063,0.00586739,0.00586739,0.00586739,1e+16
1980-09-01,Other_excess,0.0307,0.00615031,0.00311884,0.00311884,1193.77664171
1980-10-01,NoDur_excess,-0.0066,0.00568031,0.00460388,0.00460388,4923.88263171
1980-10-01,Durbl_excess,-0.0267,0.00904124,0.00422753,0.00422753,2424.46201708
1980-10-01,Manuf_excess,-0.0053,0.00746651,0.00534988,0.00534988,2424.46201708
1980-10-01,Enrgy_excess,0.0681,0.00838899,0.00959726,0.00959726,1193.77664171
1980-10-01,HiTec_excess,0.0101,0.00909876,0.00761112,0.00761112,4923.88263171
1980-10-01,Telcm_excess,-0.0416,0.00506527,0.00506527,0.00506527,1e+16
1980-10-01,Shops_excess,-0.021,0.00676729,0.00489627,0.00489627,4923.88263171
1980-10-01,Hlth_excess,-0.0219,0.0078831,0.00748588,0.00748588,20309.17620905
1980-10-01,Utils_excess,0.0097,0.00584853,0.00584853,0.00584853,1e+16
1980-10-01,Other_excess,0.0061,0.00618837,0.00420489,0.00420489,1193.77664171
1980-11-01,NoDur_excess,-0.0003,0.0056613,0.00430871,0.00430871,4923.88263171
1980-11-01,Durbl_excess,0.0393,0.00898591,0.00229422,0.00229422,2424.46201708
1980-11-01,Manuf_excess,0.0745,0.00744675,0.00462081,0.00462081,2424.46201708
1980-11-01,Enrgy_excess,0.2334,0.00848142,0.00974946,0.00974946,1193.77664171
1980-11-01,HiTec_excess,0.0887,0.00910031,0.00743799,0.00743799,4923.88263171
1980-11-01,Telcm_excess,-0.0142,0.00499303,0.00499303,0.00499303,1e+16
1980-11-01,Shops_excess,0.0162,0.0067243,0.00447956,0.00447956,4923.88263171
1980-11-01,Hlth_excess,0.0792,0.007837,0.00733523,0.00733523,20309.17620905
1980-11-01,Utils_excess,0.0643,0.00585449,0.00585449,0.00585449,1e+16
1980-11-01,Other_excess,0.0671,0.00618824,0.00406151,0.00406151,1193.77664171
1980-12-01,NoDur_excess,-0.0031,0.00565209,0.00386992,0.00386992,4923.88263171
1980-12-01,Durbl_excess,-0.0239,0.00903277,-8.107e-05,0.0,2424.46201708
1980-12-01,Manuf_excess,-0.0338,0.00755039,0.0043297,0.0043297,2424.46201708
1980-12-01,Enrgy_excess,-0.119,0.00882906,0.01421179,0.01421179,1193.77664171
1980-12-01,HiTec_excess,-0.0245,0.00922334,0.00715853,0.00715853,4923.88263171
1980-12-01,Telcm_excess,-0.0009,0.00496337,0.00496337,0.00496337,1e+16
1980-12-01,Shops_excess,-0.027,0.00673895,0.00315347,0.00315347,4923.88263171
1980-12-01,Hlth_excess,0.033,0.0079473,0.00723754,0.00723754,20309.17620905
1980-12-01,Utils_excess,-0.0323,0.00594482,0.00594482,0.00594482,1e+16
1980-12-01,Other_excess,-0.0127,0.00628238,0.00500286,0.00500286,1193.77664171
1981-01-01,NoDur_excess,0.0099,0.00563858,0.00336474,0.00336474,2424.46201708
1981-01-01,Durbl_excess,-0.0328,0.00898194,0.00208958,0.00208958,4923.88263171
1981-01-01,Manuf_excess,-0.03,0.00748657,0.00404996,0.00404996,2424.46201708
1981-01-01,Enrgy_excess,-0.112,0.00863179,0.01330244,0.01330244,1193.77664171
1981-01-01,HiTec_excess,-0.0911,0.0091713,0.00705917,0.00705917,4923.88263171
1981-01-01,Telcm_excess,0.0451,0.00495432,0.00495432,0.00495432,3070290629757837.5
1981-01-01,Shops_excess,-0.006,0.00668688,0.00248886,0.00248886,4923.88263171
1981-01-01,Hlth_excess,-0.0266,0.00798596,0.0072638,0.0072638,20309.17620905
1981-01-01,Utils_excess,-0.036,0.0058858,0.00586277,0.00586277,41246.26382901
1981-01-01,Other_excess,-0.044,0.00625309,0.00574861,0.00574861,2424.46201708
1981-02-01,NoDur_excess,0.0141,0.00564515,0.00214578,0.00214578,2424.46201708
1981-02-01,Durbl_excess,0.0538,0.00891757,0.00153718,0.00153718,4923.88263171
1981-02-01,Manuf_excess,0.0331,0.00742881,0.00304573,0.00304573,2424.46201708
1981-02-01,Enrgy_excess,-0.0138,0.00844592,0.00818838,0.00818838,1193.77664171
1981-02-01,HiTec_excess,-0.006,0.0090168,0.00606567,0.00606567,4923.88263171
1981-02-01,Telcm_excess,0.0106,0.00501618,0.00501618,0.00501618,3070290629757837.5
1981-02-01,Shops_excess,0.0161,0.00666733,0.00230138,0.00230138,4923.88263171
1981-02-01,Hlth_excess,0.0073,0.00793267,0.00722435,0.00722435,20309.17620905
1981-02-01,Utils_excess,-0.0234,0.00582126,0.00567991,0.00567991,41246.26382901
1981-02-01,Other_excess,0.006,0.00617565,0.00349006,0.00349006,2424.46201708
1981-03-01,NoDur_excess,0.0573,0.00565815,0.00096731,0.00096731,2424.46201708
1981-03-01,Durbl_excess,0.0577,0.00898662,0.00120571,0.00120571,4923.88263171
1981-03-01,Manuf_excess,0.0484,0.00746831,0.00195171,0.00195171,2424.46201708
1981-03-01,Enrgy_excess,-0.0326,0.00841169,0.00514806,0.00514806,1193.77664171
1981-03-01,HiTec_excess,0.0377,0.00899369,0.00555532,0.00555532,4923.88263171
1981-03-01,Telcm_excess,-0.0004,0.00502477,0.00502477,0.00502477,3070290629757837.5
1981-03-01,Shops_excess,0.1163,0.00668185,0.00231721,0.00231721,4923.88263171
1981-03-01,Hlth_excess,0.0466,0.00793169,0.0072405,0.0072405,20309.17620905
1981-03-01,Utils_excess,0.0179,0.00577631,0.00552162,0.00552162,41246.26382901
1981-03-01,Other_excess,0.0782,0.00617538,0.00168731,0.00168731,2424.46201708
1981-04-01,NoDur_excess,0.0007,0.00573748,0.00615313,0.00615313,2424.46201708
1981-04-01,Durbl_excess,0.0079,0.00906144,0.006054,0.006054,4923.88263171
1981-04-01,Manuf_excess,-0.021,0.00753118,0.00645712,0.00645712,2424.46201708
1981-04-01,Enrgy_excess,-0.0888,0.00834869,0.01073051,0.01073051,1193.77664171
1981-04-01,HiTec_excess,-0.0091,0.00903779,0.00748926,0.00748926,4923.88263171
1981-04-01,Telcm_excess,0.0512,0.00501644,0.00501644,0.00501644,3070290629757837.5
1981-04-01,Shops_excess,0.0181,0.00685023,0.00534359,0.00534359,4923.88263171
1981-04-01,Hlth_excess,0.0195,0.00799109,0.00757674,0.00757674,20309.17620905
1981-04-01,Utils_excess,-0.0377,0.00579493,0.0057534,0.0057534,41246.26382901
1981-04-01,Other_excess,-0.0075,0.00628602,0.00792405,0.00792405,2424.46201708
1981-05-01,NoDur_excess,0.015,0.00572975,0.00110692,0.00110692,2424.46201708
1981-05-01,Durbl_excess,0.0173,0.00905966,0.0032314,0.0032314,4923.88263171
1981-05-01,Manuf_excess,-0.0156,0.00748742,0.00352323,0.00352323,2424.46201708
1981-05-01,Enrgy_excess,-0.051,0.00819969,0.00633365,0.00633365,1193.77664171
1981-05-01,HiTec_excess,0.0311,0.00900997,0.00554478,0.00554478,4923.88263171
1981-05-01,Telcm_excess,0.0606,0.00508727,0.00508727,0.00508727,3070290629757837.5
1981-05-01,Shops_excess,0.0171,0.00686748,0.00274158,0.00274158,4923.88263171
1981-05-01,Hlth_excess,0.0231,0.00800874,0.00734328,0.00734328,20309.17620905
1981-05-01,Utils_excess,0.0069,0.00572822,0.00534788,0.00534788,41246.26382901
1981-05-01,Other_excess,0.0165,0.00626488,0.00286263,0.00286263,2424.46201708
1981-06-01,NoDur_excess,-0.0153,0.00574395,0.00614965,0.00614965,2424.46201708
1981-06-01,Durbl_excess,-0.0565,0.00907228,0.0037594,0.0037594,4923.88263171
1981-06-01,Manuf_excess,-0.026,0.00745207,0.00468314,0.00468314,2424.46201708
1981-06-01,Enrgy_excess,0.0336,0.00810904,0.00726591,0.00726591,1193.77664171
1981-06-01,HiTec_excess,-0.0809,0.0090438,0.00694439,0.00694439,4923.88263171
1981-06-01,Telcm_excess,-0.0326,0.00517228,0.00517228,0.00517228,3070290629757837.5
1981-06-01,Shops_excess,-0.0278,0.00688315,0.00473879,0.00473879,4923.88263171
1981-06-01,Hlth_excess,-0.0695,0.00803185,0.00750504,0.00750504,20309.17620905
1981-06-01,Utils_excess,0.0211,0.00573002,0.0056969,0.0056969,41246.26382901
1981-06-01,Other_excess,-0.0271,0.00628055,0.00744943,0.00744943,2424.46201708
1981-07-01,NoDur_excess,-0.02,0.00571177,0.00398055,0.00398055,2424.46201708
1981-07-01,Durbl_excess,-0.0415,0.00897202,0.00348281,0.00348281,4923.88263171
1981-07-01,Manuf_excess,-0.041,0.00740092,0.00379454,0.00379454,2424.46201708
1981-07-01,Enrgy_excess,0.067,0.00814801,0.00499074,0.00499074,1193.77664171
1981-07-01,HiTec_excess,-0.0503,0.00890627,0.00649555,0.00649555,4923.88263171
1981-07-01,Telcm_excess,-0.009,0.00511453,0.00511453,0.00511453,3070290629757837.5
1981-07-01,Shops_excess,-0.0464,0.00683012,0.00488894,0.00488894,4923.88263171
1981-07-01,Hlth_excess,-0.0514,0.0079133,0.0074491,0.0074491,20309.17620905
1981-07-01,Utils_excess,0.0156,0.00575352,0.0056404,0.0056404,41246.26382901
1981-07-01,Other_excess,-0.0397,0.00622951,0.0051576,0.0051576,2424.46201708
1981-08-01,NoDur_excess,-0.0621,0.00567252,0.00208449,0.00208449,2424.46201708
1981-08-01,Durbl_excess,-0.0921,0.00889496,0.00257611,0.00257611,4923.88263171
1981-08-01,Manuf_excess,-0.082,0.00732702,0.0027078,0.0027078,2424.46201708
1981-08-01,Enrgy_excess,-0.0762,0.00823786,0.00672253,0.00672253,1193.77664171
1981-08-01,HiTec_excess,-0.0859,0.00881588,0.00521451,0.00521451,4923.88263171
1981-08-01,Telcm_excess,-0.0205,0.00509298,0.00509298,0.00509298,3070290629757837.5
1981-08-01,Shops_excess,-0.0689,0.00674885,0.0032444,0.0032444,4923.88263171
1981-08-01,Hlth_excess,-0.0903,0.00782275,0.00706798,0.00706798,20309.17620905
1981-08-01,Utils_excess,-0.0213,0.00576855,0.00553353,0.00553353,41246.26382901
1981-08-01,Other_excess,-0.068,0.00615939,0.00351483,0.00351483,2424.46201708
1981-09-01,NoDur_excess,-0.0341,0.00556921,0.00193478,0.00193478,2424.46201708
1981-09-01,Durbl_excess,-0.042,0.00874101,0.00231735,0.00231735,4923.88263171
1981-09-01,Manuf_excess,-0.0841,0.00719085,0.00212399,0.00212399,2424.46201708
1981-09-01,Enrgy_excess,-0.1354,0.00810915,0.00615494,0.00615494,1193.77664171
1981-09-01,HiTec_excess,-0.0515,0.00867149,0.00499215,0.00499215,4923.88263171
1981-09-01,Telcm_excess,0.016,0.00505396,0.00505396,0.00505396,3070290629757837.5
1981-09-01,Shops_excess,-0.0487,0.00663354,0.00310566,0.00310566,4923.88263171
1981-09-01,Hlth_excess,-0.0253,0.00767317,0.00685494,0.00685494,20309.17620905
1981-09-01,Utils_excess,-0.0678,0.00572729,0.00552467,0.00552467,41246.26382901
1981-09-01,Other_excess,-0.0653,0.00604634,0.00321999,0.00321999,2424.46201708
1981-10-01,NoDur_excess,0.062,0.00550883,0.00317648,0.00317648,2424.46201708
1981-10-01,Durbl_excess,-0.0536,0.00866377,0.00432178,0.00432178,4923.88263171
1981-10-01,Manuf_excess,0.0249,0.0070519,0.00322995,0.00322995,2424.46201708
1981-10-01,Enrgy_excess,0.0839,0.00789072,0.00750866,0.00750866,1193.77664171
1981-10-01,HiTec_excess,0.04,0.00857991,0.00541208,0.00541208,4923.88263171
1981-10-01,Telcm_excess,0.0481,0.00507062,0.00507062,0.00507062,3070290629757837.5
1981-10-01,Shops_excess,0.0555,0.00654932,0.00372239,0.00372239,4923.88263171
1981-10-01,Hlth_excess,0.0675,0.00762298,0.00689573,0.00689573,20309.17620905
1981-10-01,Utils_excess,0.0368,0.00561537,0.00540311,0.00540311,41246.26382901
1981-10-01,Other_excess,0.0594,0.00593775,0.00497041,0.00497041,2424.46201708
1981-11-01,NoDur_excess,0.0159,0.00559468,0.0091956,0.0091956,2424.46201708
1981-11-01,Durbl_excess,0.0379,0.00856915,0.00861205,0.00861205,4923.88263171
1981-11-01,Manuf_excess,0.036,0.00707903,0.00867299,0.00867299,2424.46201708
1981-11-01,Enrgy_excess,0.0578,0.00800623,0.01658285,0.01658285,1193.77664171
1981-11-01,HiTec_excess,0.0043,0.00862766,0.00786764,0.00786764,4923.88263171
1981-11-01,Telcm_excess,0.0163,0.00513602,0.00513602,0.00513602,3070290629757837.5
1981-11-01,Shops_excess,0.0,0.00662371,0.00655015,0.00655015,4923.88263171
1981-11-01,Hlth_excess,0.0287,0.00771398,0.00737783,0.00737783,20309.17620905
1981-11-01,Utils_excess,0.0488,0.00566277,0.00576354,0.00576354,41246.26382901
1981-11-01,Other_excess,0.0398,0.006019,0.01177106,0.01177106,2424.46201708
1981-12-01,NoDur_excess,-0.0268,0.00561032,0.01320246,0.01320246,2424.46201708
1981-12-01,Durbl_excess,-0.004,0.00861366,0.01267862,0.01267862,4923.88263171
1981-12-01,Manuf_excess,-0.0253,0.00712291,0.01256737,0.01256737,2424.46201708
1981-12-01,Enrgy_excess,-0.0728,0.00808179,0.02146216,0.02146216,1193.77664171
1981-12-01,HiTec_excess,-0.0089,0.00862109,0.00995854,0.00995854,4923.88263171
1981-12-01,Telcm_excess,-0.0232,0.00515296,0.00515296,0.00515296,3070290629757837.5
1981-12-01,Shops_excess,-0.0279,0.00661366,0.00930841,0.00930841,4923.88263171
1981-12-01,Hlth_excess,-0.0161,0.00774583,0.00785807,0.00785807,20309.17620905
1981-12-01,Utils_excess,-0.0322,0.00572822,0.00613901,0.00613901,41246.26382901
1981-12-01,Other_excess,-0.0466,0.00607026,0.01652845,0.01652845,2424.46201708
1982-01-01,NoDur_excess,-0.0172,0.00556121,0.00544179,0.00544179,4923.88263171
1982-01-01,Durbl_excess,0.0036,0.00859455,0.00758106,0.00758106,4923.88263171
1982-01-01,Manuf_excess,-0.041,0.00707379,0.00653468,0.00653468,2424.46201708
1982-01-01,Enrgy_excess,-0.0927,0.00795924,0.00862388,0.00862388,1193.77664171
1982-01-01,HiTec_excess,0.019,0.00859455,0.0084351,0.0084351,10000.0
1982-01-01,Telcm_excess,-0.0013,0.00511,0.00511,0.00511,1e+16
1982-01-01,Shops_excess,-0.0067,0.00656136,0.00628957,0.00628957,2424.46201708
1982-01-01,Hlth_excess,0.0064,0.0077097,0.0077301,0.0077301,41246.26382901
1982-01-01,Utils_excess,-0.0147,0.00567076,0.0056218,0.0056218,83767.76400683
1982-01-01,Other_excess,-0.0398,0.00599045,0.00725169,0.00725169,2424.46201708
1982-02-01,NoDur_excess,-0.0286,0.00552678,0.00609971,0.00609971,4923.88263171
1982-02-01,Durbl_excess,-0.0297,0.00858699,0.0083934,0.0083934,4923.88263171
1982-02-01,Manuf_excess,-0.0654,0.00700106,0.00719961,0.00719961,2424.46201708
1982-02-01,Enrgy_excess,-0.1212,0.00780696,0.01113916,0.01113916,1193.77664171
1982-02-01,HiTec_excess,-0.0624,0.00861029,0.00822616,0.00822616,10000.0
1982-02-01,Telcm_excess,-0.0661,0.0051003,0.0051003,0.0051003,1e+16
1982-02-01,Shops_excess,-0.0233,0.0065413,0.00540997,0.00540997,2424.46201708
1982-02-01,Hlth_excess,-0.0266,0.00770772,0.00761962,0.00761962,41246.26382901
1982-02-01,Utils_excess,-0.0126,0.00563994,0.00561546,0.00561546,83767.76400683
1982-02-01,Other_excess,-0.0484,0.00592118,0.00865671,0.00865671,2424.46201708
1982-03-01,NoDur_excess,0.0149,0.00547523,0.00652087,0.00652087,4923.88263171
1982-03-01,Durbl_excess,0.0253,0.00852915,0.00777341,0.00777341,4923.88263171
1982-03-01,Manuf_excess,-0.0275,0.00689169,0.00661296,0.00661296,2424.46201708
1982-03-01,Enrgy_excess,-0.0439,0.00761208,0.00905814,0.00905814,1193.77664171
1982-03-01,HiTec_excess,-0.0454,0.00850302,0.00822834,0.00822834,10000.0
1982-03-01,Telcm_excess,0.0107,0.00499275,0.00499275,0.00499275,1e+16
1982-03-01,Shops_excess,0.033,0.00649622,0.00732777,0.00732777,2424.46201708
1982-03-01,Hlth_excess,-0.0354,0.00765589,0.00761483,0.00761483,41246.26382901
1982-03-01,Utils_excess,0.0068,0.00561239,0.00565571,0.00565571,83767.76400683
1982-03-01,Other_excess,-0.0224,0.00583912,0.00909785,0.00909785,2424.46201708
1982-04-01,NoDur_excess,0.0555,0.00548944,0.00756753,0.00756753,4923.88263171
1982-04-01,Durbl_excess,0.0331,0.00855445,0.01017931,0.01017931,4923.88263171
1982-04-01,Manuf_excess,0.0212,0.00683982,0.00859039,0.00859039,2424.46201708
1982-04-01,Enrgy_excess,0.0318,0.00753439,0.01052326,0.01052326,1193.77664171
1982-04-01,HiTec_excess,0.0631,0.00842172,0.00867848,0.00867848,10000.0
1982-04-01,Telcm_excess,-0.0249,0.00500136,0.00500136,0.00500136,1e+16
1982-04-01,Shops_excess,0.0418,0.0065362,0.00941454,0.00941454,2424.46201708
1982-04-01,Hlth_excess,0.0626,0.00759095,0.0076388,0.0076388,41246.26382901
1982-04-01,Utils_excess,0.0272,0.00561418,0.00569567,0.00569567,83767.76400683
1982-04-01,Other_excess,0.0251,0.00579653,0.01088752,0.01088752,2424.46201708
1982-05-01,NoDur_excess,-0.0435,0.00556476,0.00754229,0.00754229,4923.88263171
1982-05-01,Durbl_excess,-0.0301,0.00859142,0.00970101,0.00970101,4923.88263171
1982-05-01,Manuf_excess,-0.0581,0.00686145,0.00839524,0.00839524,2424.46201708
1982-05-01,Enrgy_excess,0.0128,0.00757093,0.01134875,0.01134875,1193.77664171
1982-05-01,HiTec_excess,-0.0651,0.00850407,0.00852282,0.00852282,10000.0
1982-05-01,Telcm_excess,-0.0086,0.00495633,0.00495633,0.00495633,1e+16
1982-05-01,Shops_excess,-0.0379,0.00658931,0.00860791,0.00860791,2424.46201708
1982-05-01,Hlth_excess,-0.0411,0.0076738,0.00766756,0.00766756,41246.26382901
1982-05-01,Utils_excess,-0.016,0.00564669,0.00571136,0.00571136,83767.76400683
1982-05-01,Other_excess,-0.0665,0.0058256,0.0108206,0.0108206,2424.46201708
1982-06-01,NoDur_excess,0.007,0.00549098,0.00703233,0.00703233,4923.88263171
1982-06-01,Durbl_excess,0.0171,0.00853323,0.00932942,0.00932942,4923.88263171
1982-06-01,Manuf_excess,-0.0353,0.00676376,0.00741088,0.00741088,2424.46201708
1982-06-01,Enrgy_excess,-0.0722,0.0075788,0.0102371,0.0102371,1193.77664171
1982-06-01,HiTec_excess,-0.0334,0.00839338,0.00845455,0.00845455,10000.0
1982-06-01,Telcm_excess,-0.0341,0.00493594,0.00493594,0.00493594,1e+16
1982-06-01,Shops_excess,0.0169,0.00652241,0.00939635,0.00939635,2424.46201708
1982-06-01,Hlth_excess,-0.0171,0.00760045,0.00763598,0.00763598,41246.26382901
1982-06-01,Utils_excess,-0.0317,0.00561414,0.00566379,0.00566379,83767.76400683
1982-06-01,Other_excess,-0.0338,0.00571684,0.00987251,0.00987251,2424.46201708
1982-07-01,NoDur_excess,-0.015,0.00549324,0.0054564,0.0054564,4923.88263171
1982-07-01,Durbl_excess,-0.0138,0.0085461,0.00797629,0.00797629,4923.88263171
1982-07-01,Manuf_excess,-0.0338,0.0067006,0.00582601,0.00582601,2424.46201708
1982-07-01,Enrgy_excess,-0.0916,0.00745901,0.00943885,0.00943885,1193.77664171
1982-07-01,HiTec_excess,0.0046,0.00833063,0.0073884,0.0073884,10000.0
1982-07-01,Telcm_excess,0.0015,0.00487733,0.00487733,0.00487733,1e+16
1982-07-01,Shops_excess,-0.0083,0.00653799,0.00456043,0.00456043,2424.46201708
1982-07-01,Hlth_excess,-0.0027,0.00756336,0.00738975,0.00738975,41246.26382901
1982-07-01,Utils_excess,-0.0364,0.00555811,0.00548115,0.00548115,83767.76400683
1982-07-01,Other_excess,-0.0408,0.00565751,0.00730691,0.00730691,2424.46201708
1982-08-01,NoDur_excess,0.084,0.00546252,0.00844355,0.00844355,4923.88263171
1982-08-01,Durbl_excess,0.131,0.00851259,0.01222677,0.01222677,4923.88263171
1982-08-01,Manuf_excess,0.132,0.00663988,0.0097983,0.0097983,2424.46201708
1982-08-01,Enrgy_excess,0.0929,0.00731049,0.01309052,0.01309052,1193.77664171
1982-08-01,HiTec_excess,0.121,0.00832504,0.00895955,0.00895955,10000.0
1982-08-01,Telcm_excess,0.1009,0.00487226,0.00487226,0.00487226,1e+16
1982-08-01,Shops_excess,0.1184,0.00651574,0.01143057,0.01143057,2424.46201708
1982-08-01,Hlth_excess,0.1168,0.00754798,0.00765516,0.00765516,41246.26382901
1982-08-01,Utils_excess,0.1132,0.0054952,0.00558104,0.00558104,83767.76400683
1982-08-01,Other_excess,0.106,0.00558786,0.01238654,0.01238654,2424.46201708
1982-09-01,NoDur_excess,0.0463,0.00558009,0.01015709,0.01015709,4923.88263171
1982-09-01,Durbl_excess,-0.0126,0.00869596,0.0161557,0.0161557,4923.88263171
1982-09-01,Manuf_excess,-0.0155,0.00682754,0.01339603,0.01339603,2424.46201708
1982-09-01,Enrgy_excess,0.0134,0.00743862,0.01606308,0.01606308,1193.77664171
1982-09-01,HiTec_excess,0.0066,0.00849371,0.01019161,0.01019161,10000.0
1982-09-01,Telcm_excess,0.0049,0.00501602,0.00501602,0.00501602,1e+16
1982-09-01,Shops_excess,0.0426,0.00668323,0.01479071,0.01479071,2424.46201708
1982-09-01,Hlth_excess,0.0085,0.00771153,0.00805083,0.00805083,41246.26382901
1982-09-01,Utils_excess,0.0056,0.00565644,0.00583658,0.00583658,83767.76400683
1982-09-01,Other_excess,0.0369,0.00573817,0.01501411,0.01501411,2424.46201708
1982-10-01,NoDur_excess,0.0987,0.00564096,0.00988672,0.00988672,4923.88263171
1982-10-01,Durbl_excess,0.1593,0.00866413,0.01524903,0.01524903,4923.88263171
1982-10-01,Manuf_excess,0.1247,0.00679417,0.01249204,0.01249204,2424.46201708
1982-10-01,Enrgy_excess,0.0491,0.00744753,0.01482611,0.01482611,1193.77664171
1982-10-01,HiTec_excess,0.164,0.00849088,0.01008701,0.01008701,10000.0
1982-10-01,Telcm_excess,0.0753,0.00501584,0.00501584,0.00501584,1e+16
1982-10-01,Shops_excess,0.1628,0.00673692,0.01421945,0.01421945,2424.46201708
1982-10-01,Hlth_excess,0.0763,0.00771271,0.00802013,0.00802013,41246.26382901
1982-10-01,Utils_excess,0.0414,0.00565635,0.00580522,0.00580522,83767.76400683
1982-10-01,Other_excess,0.1509,0.00578475,0.01451906,0.01451906,2424.46201708
1982-11-01,NoDur_excess,0.046,0.00577985,0.00995366,0.00995366,4923.88263171
1982-11-01,Durbl_excess,0.0762,0.00888896,0.01506164,0.01506164,4923.88263171
1982-11-01,Manuf_excess,0.0516,0.00697015,0.01227576,0.01227576,2424.46201708
1982-11-01,Enrgy_excess,-0.0521,0.0075097,0.01328184,0.01328184,1193.77664171
1982-11-01,HiTec_excess,0.1006,0.00872299,0.01035506,0.01035506,10000.0
1982-11-01,Telcm_excess,0.0537,0.00512075,0.00512075,0.00512075,1e+16
1982-11-01,Shops_excess,0.1056,0.00696985,0.01509111,0.01509111,2424.46201708
1982-11-01,Hlth_excess,0.0454,0.00781507,0.0081213,0.0081213,41246.26382901
1982-11-01,Utils_excess,-0.0051,0.0057097,0.00585718,0.00585718,83767.76400683
1982-11-01,Other_excess,0.0694,0.00600134,0.01421805,0.01421805,2424.46201708
1982-12-01,NoDur_excess,0.003,0.00583979,0.00867204,0.00867204,4923.88263171
1982-12-01,Durbl_excess,0.0236,0.00898927,0.01339281,0.01339281,4923.88263171
1982-12-01,Manuf_excess,0.0006,0.00703666,0.01034705,0.01034705,2424.46201708
1982-12-01,Enrgy_excess,0.0486,0.00742086,0.00788207,0.00788207,1193.77664171
1982-12-01,HiTec_excess,0.0198,0.00885991,0.01026024,0.01026024,10000.0
1982-12-01,Telcm_excess,-0.019,0.00519314,0.00519314,0.00519314,1e+16
1982-12-01,Shops_excess,-0.0274,0.00711684,0.01379195,0.01379195,2424.46201708
1982-12-01,Hlth_excess,-0.0009,0.00787109,0.00816544,0.00816544,41246.26382901
1982-12-01,Utils_excess,0.0367,0.00569359,0.0057666,0.0057666,83767.76400683
1982-12-01,Other_excess,-0.0203,0.00609583,0.01128328,0.01128328,2424.46201708
1983-01-01,NoDur_excess,-0.017,0.00583557,0.01002079,0.01002079,2424.46201708
1983-01-01,Durbl_excess,0.0448,0.00901101,0.0160282,0.0160282,2424.46201708
1983-01-01,Manuf_excess,0.0434,0.00702708,0.01082497,0.01082497,2424.46201708
1983-01-01,Enrgy_excess,0.0295,0.00748214,0.01065305,0.01065305,1193.77664171
1983-01-01,HiTec_excess,0.0769,0.00887619,0.01071267,0.01071267,4923.88263171
1983-01-01,Telcm_excess,0.1175,0.00515714,0.00515714,0.00515714,1e+16
1983-01-01,Shops_excess,0.0057,0.00706548,0.01299104,0.01299104,1193.77664171
1983-01-01,Hlth_excess,0.0073,0.00785804,0.00845559,0.00845559,10000.0
1983-01-01,Utils_excess,0.0298,0.00573973,0.00593172,0.00593172,20309.17620905
1983-01-01,Other_excess,0.0216,0.00605655,0.01150271,0.01150271,2424.46201708
1983-02-01,NoDur_excess,0.0314,0.00580163,0.00751407,0.00751407,2424.46201708
1983-02-01,Durbl_excess,0.0302,0.00906419,0.01192677,0.01192677,2424.46201708
1983-02-01,Manuf_excess,0.0344,0.00708113,0.00771811,0.00771811,2424.46201708
1983-02-01,Enrgy_excess,-0.0121,0.00751486,0.00557412,0.00557412,1193.77664171
1983-02-01,HiTec_excess,0.0299,0.00897727,0.01008103,0.01008103,4923.88263171
1983-02-01,Telcm_excess,-0.0099,0.00532407,0.00532407,0.00532407,1e+16
1983-02-01,Shops_excess,0.0729,0.00706345,0.01220729,0.01220729,1193.77664171
1983-02-01,Hlth_excess,0.0221,0.00785721,0.00840971,0.00840971,10000.0
1983-02-01,Utils_excess,0.0097,0.00577548,0.00576213,0.00576213,20309.17620905
1983-02-01,Other_excess,0.0394,0.00607964,0.00807859,0.00807859,2424.46201708
1983-03-01,NoDur_excess,0.0689,0.00583961,0.00987047,0.00987047,2424.46201708
1983-03-01,Durbl_excess,-0.0178,0.00909555,0.01460123,0.01460123,2424.46201708
1983-03-01,Manuf_excess,0.0147,0.00712166,0.01007626,0.01007626,2424.46201708
1983-03-01,Enrgy_excess,0.053,0.00748576,0.01022981,0.01022981,1193.77664171
1983-03-01,HiTec_excess,0.0003,0.00900831,0.01054849,0.01054849,4923.88263171
1983-03-01,Telcm_excess,0.0001,0.00530148,0.00530148,0.00530148,1e+16
1983-03-01,Shops_excess,0.0788,0.00716113,0.01438969,0.01438969,1193.77664171
1983-03-01,Hlth_excess,0.0391,0.00787834,0.00828665,0.00828665,10000.0
1983-03-01,Utils_excess,-0.0038,0.00578131,0.00601023,0.00601023,20309.17620905
1983-03-01,Other_excess,0.0432,0.00612908,0.01130259,0.01130259,2424.46201708
1983-04-01,NoDur_excess,0.0549,0.00593304,0.00736863,0.00736863,2424.46201708
1983-04-01,Durbl_excess,0.1017,0.0090557,0.00990213,0.00990213,2424.46201708
1983-04-01,Manuf_excess,0.0563,0.00713289,0.00658747,0.00658747,2424.46201708
1983-04-01,Enrgy_excess,0.0865,0.00755319,0.00430426,0.00430426,1193.77664171
1983-04-01,HiTec_excess,0.0678,0.00899541,0.00937071,0.00937071,4923.88263171
1983-04-01,Telcm_excess,0.0443,0.00529378,0.00529378,0.00529378,1e+16
1983-04-01,Shops_excess,0.0787,0.00726726,0.01178584,0.01178584,1193.77664171
1983-04-01,Hlth_excess,0.0434,0.00792459,0.00815465,0.00815465,10000.0
1983-04-01,Utils_excess,0.0407,0.00576711,0.00572614,0.00572614,20309.17620905
1983-04-01,Other_excess,0.0763,0.006184,0.00721931,0.00721931,2424.46201708
1983-05-01,NoDur_excess,-0.0164,0.00600547,0.00838338,0.00838338,2424.46201708
1983-05-01,Durbl_excess,-0.0277,0.00919275,0.01020913,0.01020913,2424.46201708
1983-05-01,Manuf_excess,0.0132,0.00720562,0.00673004,0.00673004,2424.46201708
1983-05-01,Enrgy_excess,0.0064,0.00766997,0.00594842,0.00594842,1193.77664171
1983-05-01,HiTec_excess,0.0211,0.0090824,0.00921255,0.00921255,4923.88263171
1983-05-01,Telcm_excess,-0.02,0.00535148,0.00535148,0.00535148,1e+16
1983-05-01,Shops_excess,-0.0022,0.00737293,0.01391918,0.01391918,1193.77664171
1983-05-01,Hlth_excess,-0.0344,0.00797707,0.00801093,0.00801093,10000.0
1983-05-01,Utils_excess,0.0185,0.00581879,0.00585206,0.00585206,20309.17620905
1983-05-01,Other_excess,0.0168,0.00628772,0.0084377,0.0084377,2424.46201708
1983-06-01,NoDur_excess,0.0252,0.00597238,0.00442071,0.00442071,2424.46201708
1983-06-01,Durbl_excess,0.0965,0.00913826,0.00637286,0.00637286,2424.46201708
1983-06-01,Manuf_excess,0.0091,0.00721448,0.00418657,0.00418657,2424.46201708
1983-06-01,Enrgy_excess,0.0576,0.00766809,0.00214851,0.00214851,1193.77664171
1983-06-01,HiTec_excess,0.0546,0.00910015,0.00784896,0.00784896,4923.88263171
1983-06-01,Telcm_excess,-0.0049,0.00531403,0.00531403,0.00531403,1e+16
1983-06-01,Shops_excess,0.0544,0.00735879,0.0060929,0.0060929,1193.77664171
1983-06-01,Hlth_excess,0.0625,0.00791448,0.00749968,0.00749968,10000.0
1983-06-01,Utils_excess,-0.0122,0.00583752,0.00540656,0.00540656,20309.17620905
1983-06-01,Other_excess,0.0101,0.00630325,0.00441958,0.00441958,2424.46201708
1983-07-01,NoDur_excess,-0.034,0.00600074,0.00568572,0.00568572,2424.46201708
1983-07-01,Durbl_excess,-0.0464,0.00926711,0.0077988,0.0077988,2424.46201708
1983-07-01,Manuf_excess,-0.0332,0.00721726,0.00499737,0.00499737,2424.46201708
1983-07-01,Enrgy_excess,-0.0301,0.00774174,0.00413776,0.00413776,1193.77664171
1983-07-01,HiTec_excess,-0.061,0.00916726,0.00806227,0.00806227,4923.88263171
1983-07-01,Telcm_excess,-0.0591,0.00529897,0.00529897,0.00529897,1e+16
1983-07-01,Shops_excess,-0.0402,0.00742817,0.0068797,0.0068797,1193.77664171
1983-07-01,Hlth_excess,-0.0642,0.00799499,0.00753059,0.00753059,10000.0
1983-07-01,Utils_excess,0.0028,0.00581091,0.00549627,0.00549627,20309.17620905
1983-07-01,Other_excess,-0.0438,0.00630885,0.00556495,0.00556495,2424.46201708
1983-08-01,NoDur_excess,-0.0004,0.00594183,0.00311499,0.00311499,2424.46201708
1983-08-01,Durbl_excess,-0.0313,0.00918513,0.0045362,0.0045362,2424.46201708
1983-08-01,Manuf_excess,-0.0016,0.00715773,0.00219383,0.00219383,2424.46201708
1983-08-01,Enrgy_excess,0.0611,0.00768601,0.0003421,0.0003421,1193.77664171
1983-08-01,HiTec_excess,-0.0187,0.00906392,0.00697948,0.00697948,4923.88263171
1983-08-01,Telcm_excess,0.0144,0.00520412,0.00520412,0.00520412,1e+16
1983-08-01,Shops_excess,-0.0549,0.00735803,0.00302199,0.00302199,1193.77664171
1983-08-01,Hlth_excess,-0.0177,0.00788866,0.00722642,0.00722642,10000.0
1983-08-01,Utils_excess,0.0076,0.00580648,0.00524583,0.00524583,20309.17620905
1983-08-01,Other_excess,-0.0167,0.00623505,0.00211521,0.00211521,2424.46201708
1983-09-01,NoDur_excess,0.039,0.0059325,0.00556449,0.00556449,2424.46201708
1983-09-01,Durbl_excess,0.0363,0.00912559,0.00679358,0.00679358,2424.46201708
1983-09-01,Manuf_excess,0.0152,0.00714485,0.00399974,0.00399974,2424.46201708
1983-09-01,Enrgy_excess,-0.0536,0.00776456,0.00372092,0.00372092,1193.77664171
1983-09-01,HiTec_excess,0.014,0.00902309,0.00777509,0.00777509,4923.88263171
1983-09-01,Telcm_excess,0.015,0.00521765,0.00521765,0.00521765,1e+16
1983-09-01,Shops_excess,0.0143,0.00726647,0.00702044,0.00702044,1193.77664171
1983-09-01,Hlth_excess,0.0054,0.00785103,0.00735504,0.00735504,10000.0
1983-09-01,Utils_excess,0.039,0.00580912,0.00553079,0.00553079,20309.17620905
1983-09-01,Other_excess,0.0084,0.00620132,0.00484675,0.00484675,2424.46201708
1983-10-01,NoDur_excess,-0.0097,0.00598106,0.00704792,0.00704792,2424.46201708
1983-10-01,Durbl_excess,-0.0072,0.00916549,0.00850973,0.00850973,2424.46201708
1983-10-01,Manuf_excess,-0.0305,0.00715668,0.00542448,0.00542448,2424.46201708
1983-10-01,Enrgy_excess,-0.0281,0.00767445,0.00583639,0.00583639,1193.77664171
1983-10-01,HiTec_excess,-0.0771,0.0090304,0.00802395,0.00802395,4923.88263171
1983-10-01,Telcm_excess,-0.0595,0.00523201,0.00523201,0.00523201,1e+16
1983-10-01,Shops_excess,-0.0253,0.0072768,0.00815158,0.00815158,1193.77664171
1983-10-01,Hlth_excess,-0.0294,0.00784743,0.00725426,0.00725426,10000.0
1983-10-01,Utils_excess,0.0229,0.00585786,0.00574182,0.00574182,20309.17620905
1983-10-01,Other_excess,-0.0483,0.00620455,0.00681664,0.00681664,2424.46201708
1983-11-01,NoDur_excess,0.016,0.00595806,0.00547621,0.00547621,2424.46201708
1983-11-01,Durbl_excess,0.0353,0.0091415,0.00708778,0.00708778,2424.46201708
1983-11-01,Manuf_excess,0.0578,0.00710147,0.00377504,0.00377504,2424.46201708
1983-11-01,Enrgy_excess,-0.0115,0.00762199,0.00238729,0.00238729,1193.77664171
1983-11-01,HiTec_excess,0.0163,0.00890411,0.00781748,0.00781748,4923.88263171
1983-11-01,Telcm_excess,0.0247,0.0051371,0.0051371,0.0051371,1e+16
1983-11-01,Shops_excess,0.0374,0.00722903,0.00705818,0.00705818,1193.77664171
1983-11-01,Hlth_excess,-0.0373,0.00779282,0.00741732,0.00741732,10000.0
1983-11-01,Utils_excess,-0.0234,0.00588284,0.00563681,0.00563681,20309.17620905
1983-11-01,Other_excess,0.0402,0.00612463,0.00429432,0.00429432,2424.46201708
1983-12-01,NoDur_excess,-0.012,0.00597277,0.00614169,0.00614169,2424.46201708
1983-12-01,Durbl_excess,0.0019,0.0091798,0.00791806,0.00791806,2424.46201708
1983-12-01,Manuf_excess,-0.0184,0.0071757,0.00467284,0.00467284,2424.46201708
1983-12-01,Enrgy_excess,0.0137,0.007594,0.00357919,0.00357919,1193.77664171
1983-12-01,HiTec_excess,-0.0037,0.00891493,0.00776503,0.00776503,4923.88263171
1983-12-01,Telcm_excess,-0.0226,0.00516574,0.00516574,0.00516574,1e+16
1983-12-01,Shops_excess,-0.0545,0.00727321,0.00708705,0.00708705,1193.77664171
1983-12-01,Hlth_excess,-0.0436,0.00772679,0.00715751,0.00715751,10000.0
1983-12-01,Utils_excess,-0.0437,0.00583997,0.00564659,0.00564659,20309.17620905
1983-12-01,Other_excess,-0.016,0.00617452,0.00530515,0.00530515,2424.46201708
1984-01-01,NoDur_excess,-0.0147,0.00594649,0.00533499,0.00533499,2424.46201708
1984-01-01,Durbl_excess,-0.0614,0.00916915,0.00689657,0.00689657,2424.46201708
1984-01-01,Manuf_excess,-0.0425,0.0071383,0.003838,0.003838,2424.46201708
1984-01-01,Enrgy_excess,0.0909,0.00760292,0.00235093,0.00235093,1193.77664171
1984-01-01,HiTec_excess,-0.0696,0.00889649,0.00763299,0.00763299,4923.88263171
1984-01-01,Telcm_excess,0.0334,0.00512515,0.00512515,0.00512515,1e+16
1984-01-01,Shops_excess,-0.0661,0.00718289,0.00648399,0.00648399,2424.46201708
1984-01-01,Hlth_excess,-0.0133,0.00765175,0.00655845,0.00655845,4923.88263171
1984-01-01,Utils_excess,0.0068,0.00576754,0.00576754,0.00576754,1e+16
1984-01-01,Other_excess,-0.0239,0.00614211,0.00255784,0.00255784,1193.77664171
1984-02-01,NoDur_excess,-0.0636,0.00591635,0.00630929,0.00630929,2424.46201708
1984-02-01,Durbl_excess,-0.068,0.00906613,0.00769688,0.00769688,2424.46201708
1984-02-01,Manuf_excess,-0.073,0.00706584,0.00448829,0.00448829,2424.46201708
1984-02-01,Enrgy_excess,0.0325,0.00772453,0.00447141,0.00447141,1193.77664171
1984-02-01,HiTec_excess,-0.0664,0.0087819,0.0075971,0.0075971,4923.88263171
1984-02-01,Telcm_excess,-0.0439,0.00516642,0.00516642,0.00516642,1e+16
1984-02-01,Shops_excess,-0.0516,0.00707591,0.00714093,0.00714093,2424.46201708
1984-02-01,Hlth_excess,-0.0274,0.00762117,0.00647018,0.00647018,4923.88263171
1984-02-01,Utils_excess,-0.0405,0.00576905,0.00576905,0.00576905,1e+16
1984-02-01,Other_excess,-0.0564,0.00609825,0.00482841,0.00482841,1193.77664171
1984-03-01,NoDur_excess,0.009,0.00581501,0.00474879,0.00474879,2424.46201708
1984-03-01,Durbl_excess,-0.0036,0.00895379,0.00670341,0.00670341,2424.46201708
1984-03-01,Manuf_excess,0.0256,0.00694913,0.00378499,0.00378499,2424.46201708
1984-03-01,Enrgy_excess,-0.0046,0.00776064,0.00416095,0.00416095,1193.77664171
1984-03-01,HiTec_excess,0.0106,0.0086723,0.00723252,0.00723252,4923.88263171
1984-03-01,Telcm_excess,-0.0503,0.0050949,0.0050949,0.0050949,1e+16
1984-03-01,Shops_excess,0.0048,0.00699038,0.00566786,0.00566786,2424.46201708
1984-03-01,Hlth_excess,-0.014,0.00757012,0.00642127,0.00642127,4923.88263171
1984-03-01,Utils_excess,-0.0104,0.0057016,0.0057016,0.0057016,1e+16
1984-03-01,Other_excess,0.0172,0.00600714,0.00225389,0.00225389,1193.77664171
1984-04-01,NoDur_excess,-0.0024,0.00581965,0.00478739,0.00478739,2424.46201708
1984-04-01,Durbl_excess,0.0051,0.00893552,0.00674067,0.00674067,2424.46201708
1984-04-01,Manuf_excess,-0.0094,0.00697627,0.00403128,0.00403128,2424.46201708
1984-04-01,Enrgy_excess,0.0317,0.00774265,0.00443114,0.00443114,1193.77664171
1984-04-01,HiTec_excess,-0.0124,0.00867511,0.00721074,0.00721074,4923.88263171
1984-04-01,Telcm_excess,0.0139,0.00501426,0.00501426,0.00501426,1e+16
1984-04-01,Shops_excess,-0.0047,0.00698719,0.0052915,0.0052915,2424.46201708
1984-04-01,Hlth_excess,0.0151,0.00753872,0.00626684,0.00626684,4923.88263171
1984-04-01,Utils_excess,-0.0131,0.00567817,0.00567817,0.00567817,1e+16
1984-04-01,Other_excess,-0.0284,0.00602344,0.00241439,0.00241439,1193.77664171
1984-05-01,NoDur_excess,-0.0319,0.0058077,0.00518034,0.00518034,2424.46201708
1984-05-01,Durbl_excess,-0.0657,0.00892994,0.00685855,0.00685855,2424.46201708
1984-05-01,Manuf_excess,-0.0659,0.00695247,0.00391235,0.00391235,2424.46201708
1984-05-01,Enrgy_excess,-0.059,0.00777747,0.00450076,0.00450076,1193.77664171
1984-05-01,HiTec_excess,-0.0638,0.00864448,0.00728937,0.00728937,4923.88263171
1984-05-01,Telcm_excess,-0.0435,0.00502718,0.00502718,0.00502718,1e+16
1984-05-01,Shops_excess,-0.0596,0.0069702,0.00626004,0.00626004,2424.46201708
1984-05-01,Hlth_excess,-0.0724,0.00754971,0.00641408,0.00641408,4923.88263171
1984-05-01,Utils_excess,-0.0161,0.00565087,0.00565087,0.00565087,1e+16
1984-05-01,Other_excess,-0.0766,0.0059734,0.00293949,0.00293949,1193.77664171
1984-06-01,NoDur_excess,0.0557,0.00575298,0.00403637,0.00403637,2424.46201708
1984-06-01,Durbl_excess,0.0136,0.00882163,0.00629245,0.00629245,2424.46201708
1984-06-01,Manuf_excess,0.0244,0.00684673,0.00313492,0.00313492,2424.46201708
1984-06-01,Enrgy_excess,-0.0275,0.00768055,0.00326609,0.00326609,1193.77664171
1984-06-01,HiTec_excess,0.0104,0.00853933,0.00709145,0.00709145,4923.88263171
1984-06-01,Telcm_excess,0.1146,0.00495675,0.00495675,0.00495675,1e+16
1984-06-01,Shops_excess,0.0665,0.00687358,0.00510682,0.00510682,2424.46201708
1984-06-01,Hlth_excess,0.0311,0.00743367,0.00624354,0.00624354,4923.88263171
1984-06-01,Utils_excess,-0.0031,0.0056193,0.0056193,0.0056193,1e+16
1984-06-01,Other_excess,0.0147,0.00585356,0.00015103,0.00015103,1193.77664171
1984-07-01,NoDur_excess,-0.0239,0.00582536,0.00816937,0.00816937,2424.46201708
1984-07-01,Durbl_excess,0.0171,0.00882855,0.01109642,0.01109642,2424.46201708
1984-07-01,Manuf_excess,-0.0229,0.00687217,0.00672257,0.00672257,2424.46201708
1984-07-01,Enrgy_excess,-0.0829,0.00762957,0.00785632,0.00785632,1193.77664171
1984-07-01,HiTec_excess,-0.0327,0.00854203,0.00867086,0.00867086,4923.88263171
1984-07-01,Telcm_excess,0.0199,0.00511565,0.00511565,0.00511565,1e+16
1984-07-01,Shops_excess,-0.007,0.00696,0.01000745,0.01000745,2424.46201708
1984-07-01,Hlth_excess,-0.0459,0.00746797,0.00721108,0.00721108,4923.88263171
1984-07-01,Utils_excess,-0.0083,0.00560667,0.00560667,0.00560667,1e+16
1984-07-01,Other_excess,-0.0269,0.00586638,0.00803006,0.00803006,1193.77664171
1984-08-01,NoDur_excess,0.0786,0.00578234,0.00951615,0.00951615,2424.46201708
1984-08-01,Durbl_excess,0.0917,0.00884052,0.0128816,0.0128816,2424.46201708
1984-08-01,Manuf_excess,0.1107,0.00682909,0.00834195,0.00834195,2424.46201708
1984-08-01,Enrgy_excess,0.1318,0.00749855,0.01024539,0.01024539,1193.77664171
1984-08-01,HiTec_excess,0.1313,0.00848234,0.00886233,0.00886233,4923.88263171
1984-08-01,Telcm_excess,0.0589,0.00513705,0.00513705,0.00513705,1e+16
1984-08-01,Shops_excess,0.0903,0.0069398,0.01070514,0.01070514,2424.46201708
1984-08-01,Hlth_excess,0.0961,0.00739074,0.00690021,0.00690021,4923.88263171
1984-08-01,Utils_excess,0.0695,0.00558654,0.00558654,0.00558654,1e+16
1984-08-01,Other_excess,0.1026,0.00581896,0.01197437,0.01197437,1193.77664171
1984-09-01,NoDur_excess,0.004,0.00588757,0.00795119,0.00795119,2424.46201708
1984-09-01,Durbl_excess,-0.0106,0.00896026,0.0100581,0.0100581,2424.46201708
1984-09-01,Manuf_excess,-0.0343,0.00697919,0.00679512,0.00679512,2424.46201708
1984-09-01,Enrgy_excess,0.0139,0.00767818,0.00755823,0.00755823,1193.77664171
1984-09-01,HiTec_excess,-0.048,0.00865983,0.00847133,0.00847133,4923.88263171
1984-09-01,Telcm_excess,0.0206,0.00521474,0.00521474,0.00521474,1e+16
1984-09-01,Shops_excess,-0.008,0.00706026,0.0096521,0.0096521,2424.46201708
1984-09-01,Hlth_excess,-0.0528,0.00751893,0.00702507,0.00702507,4923.88263171
1984-09-01,Utils_excess,0.04,0.0056789,0.0056789,0.0056789,1e+16
1984-09-01,Other_excess,0.0132,0.00595882,0.00836854,0.00836854,1193.77664171
1984-10-01,NoDur_excess,0.0038,0.00588485,0.00803008,0.00803008,2424.46201708
1984-10-01,Durbl_excess,0.0115,0.00893203,0.01000459,0.01000459,2424.46201708
1984-10-01,Manuf_excess,-0.0041,0.00691962,0.00700396,0.00700396,2424.46201708
1984-10-01,Enrgy_excess,-0.0535,0.00768716,0.00881438,0.00881438,1193.77664171
1984-10-01,HiTec_excess,-0.0155,0.00857807,0.00829179,0.00829179,4923.88263171
1984-10-01,Telcm_excess,-0.018,0.00523694,0.00523694,0.00523694,1e+16
1984-10-01,Shops_excess,-0.0169,0.00703853,0.00953714,0.00953714,2424.46201708
1984-10-01,Hlth_excess,0.0066,0.00743189,0.00670643,0.00670643,4923.88263171
1984-10-01,Utils_excess,0.0235,0.00572843,0.00572843,0.00572843,1e+16
1984-10-01,Other_excess,-0.0023,0.00596926,0.00949992,0.00949992,1193.77664171
1984-11-01,NoDur_excess,-0.0035,0.00588184,0.00942189,0.00942189,2424.46201708
1984-11-01,Durbl_excess,-0.0376,0.00893573,0.01184956,0.01184956,2424.46201708
1984-11-01,Manuf_excess,-0.0208,0.00690375,0.00823958,0.00823958,2424.46201708
1984-11-01,Enrgy_excess,-0.0172,0.00759899,0.01049017,0.01049017,1193.77664171
1984-11-01,HiTec_excess,-0.0453,0.00854337,0.00902447,0.00902447,4923.88263171
1984-11-01,Telcm_excess,-0.0097,0.00520346,0.00520346,0.00520346,1e+16
1984-11-01,Shops_excess,-0.0364,0.00700403,0.01107891,0.01107891,2424.46201708
1984-11-01,Hlth_excess,-0.0081,0.00743069,0.00728708,0.00728708,4923.88263171
1984-11-01,Utils_excess,0.0233,0.00575403,0.00575403,0.00575403,1e+16
1984-11-01,Other_excess,-0.0107,0.00595735,0.01219858,0.01219858,1193.77664171
1984-12-01,NoDur_excess,0.018,0.00586835,0.00894557,0.00894557,2424.46201708
1984-12-01,Durbl_excess,0.0397,0.00886878,0.01239582,0.01239582,2424.46201708
1984-12-01,Manuf_excess,0.0152,0.00686388,0.00833086,0.00833086,2424.46201708
1984-12-01,Enrgy_excess,-0.0121,0.00756331,0.00961582,0.00961582,1193.77664171
1984-12-01,HiTec_excess,0.019,0.0084659,0.00939385,0.00939385,4923.88263171
1984-12-01,Telcm_excess,0.0448,0.00518201,0.00518201,0.00518201,1e+16
1984-12-01,Shops_excess,0.0012,0.00694158,0.01139835,0.01139835,2424.46201708
1984-12-01,Hlth_excess,0.0207,0.00740835,0.00781568,0.00781568,4923.88263171
1984-12-01,Utils_excess,0.0201,0.00577928,0.00577928,0.00577928,1e+16
1984-12-01,Other_excess,0.0306,0.00593338,0.01083344,0.01083344,1193.77664171
1985-01-01,NoDur_excess,0.0419,0.00588578,0.00909001,0.00909001,2424.46201708
1985-01-01,Durbl_excess,0.0919,0.00891307,0.01356453,0.01356453,2424.46201708
1985-01-01,Manuf_excess,0.0782,0.00687586,0.00897331,0.00897331,2424.46201708
1985-01-01,Enrgy_excess,0.0589,0.00753506,0.01012202,0.01012202,1193.77664171
1985-01-01,HiTec_excess,0.1191,0.00848103,0.00961058,0.00961058,4923.88263171
1985-01-01,Telcm_excess,0.0521,0.00523894,0.00523894,0.00523894,1e+16
1985-01-01,Shops_excess,0.1248,0.00693333,0.01151584,0.01151584,2424.46201708
1985-01-01,Hlth_excess,0.0766,0.00742744,0.00792951,0.00792951,4923.88263171
1985-01-01,Utils_excess,0.0175,0.00579986,0.00579986,0.00579986,1e+16
1985-01-01,Other_excess,0.0916,0.00596882,0.01138127,0.01138127,1193.77664171
1985-02-01,NoDur_excess,0.0449,0.00593745,0.00958599,0.00958599,2424.46201708
1985-02-01,Durbl_excess,-0.0215,0.00903214,0.01429173,0.01429173,2424.46201708
1985-02-01,Manuf_excess,0.0075,0.00697819,0.00970551,0.00970551,2424.46201708
1985-02-01,Enrgy_excess,0.033,0.00760875,0.01174852,0.01174852,1193.77664171
1985-02-01,HiTec_excess,-0.019,0.00863974,0.00983506,0.00983506,4923.88263171
1985-02-01,Telcm_excess,0.0211,0.00530617,0.00530617,0.00530617,1e+16
1985-02-01,Shops_excess,0.0152,0.00710244,0.01216154,0.01216154,2424.46201708
1985-02-01,Hlth_excess,0.0302,0.00752669,0.00794561,0.00794561,4923.88263171
1985-02-01,Utils_excess,0.0079,0.00581664,0.00581664,0.00581664,1e+16
1985-02-01,Other_excess,0.0152,0.00609168,0.01322767,0.01322767,1193.77664171
1985-03-01,NoDur_excess,0.0402,0.00599327,0.00586866,0.00586866,2424.46201708
1985-03-01,Durbl_excess,-0.0585,0.0089884,0.00869056,0.00869056,2424.46201708
1985-03-01,Manuf_excess,-0.0338,0.00697894,0.00565546,0.00565546,2424.46201708
1985-03-01,Enrgy_excess,0.0083,0.00764513,0.00554313,0.00554313,1193.77664171
1985-03-01,HiTec_excess,-0.0664,0.00860014,0.00810477,0.00810477,4923.88263171
1985-03-01,Telcm_excess,0.0486,0.0053288,0.0053288,0.0053288,1e+16
1985-03-01,Shops_excess,-0.0123,0.00711404,0.00892605,0.00892605,2424.46201708
1985-03-01,Hlth_excess,0.0245,0.00755917,0.00725016,0.00725016,4923.88263171
1985-03-01,Utils_excess,0.0551,0.00581963,0.00581963,0.00581963,1e+16
1985-03-01,Other_excess,-0.0078,0.00610473,0.00501052,0.00501052,1193.77664171
1985-04-01,NoDur_excess,-0.0285,0.0060422,0.00881504,0.00881504,2424.46201708
1985-04-01,Durbl_excess,-0.0417,0.00889185,0.01180789,0.01180789,2424.46201708
1985-04-01,Manuf_excess,-0.0221,0.0069206,0.00831048,0.00831048,2424.46201708
1985-04-01,Enrgy_excess,0.0308,0.00764607,0.01097592,0.01097592,1193.77664171
1985-04-01,HiTec_excess,-0.0436,0.00849285,0.00855893,0.00855893,4923.88263171
1985-04-01,Telcm_excess,0.0018,0.0053907,0.0053907,0.0053907,1e+16
1985-04-01,Shops_excess,-0.0068,0.00708627,0.01020898,0.01020898,2424.46201708
1985-04-01,Hlth_excess,-0.0249,0.0075834,0.00744145,0.00744145,4923.88263171
1985-04-01,Utils_excess,0.0088,0.00589013,0.00589013,0.00589013,1e+16
1985-04-01,Other_excess,0.0072,0.00608484,0.01108583,0.01108583,1193.77664171
1985-05-01,NoDur_excess,0.0732,0.00599286,0.00915607,0.00915607,2424.46201708
1985-05-01,Durbl_excess,0.0524,0.00881957,0.01208316,0.01208316,2424.46201708
1985-05-01,Manuf_excess,0.0543,0.00687914,0.00821099,0.00821099,2424.46201708
1985-05-01,Enrgy_excess,-0.0004,0.00767914,0.010317,0.010317,1193.77664171
1985-05-01,HiTec_excess,0.0218,0.00841843,0.00886939,0.00886939,4923.88263171
1985-05-01,Telcm_excess,0.0597,0.00538557,0.00538557,0.00538557,1e+16
1985-05-01,Shops_excess,0.0894,0.00706643,0.01164632,0.01164632,2424.46201708
1985-05-01,Hlth_excess,0.0871,0.007537,0.00778098,0.00778098,4923.88263171
1985-05-01,Utils_excess,0.0472,0.00589429,0.00589429,0.00589429,1e+16
1985-05-01,Other_excess,0.0564,0.00608643,0.01164235,0.01164235,1193.77664171
1985-06-01,NoDur_excess,0.0221,0.00608873,0.01173133,0.01173133,2424.46201708
1985-06-01,Durbl_excess,0.0094,0.00888174,0.01536787,0.01536787,2424.46201708
1985-06-01,Manuf_excess,0.0096,0.00694679,0.01093074,0.01093074,2424.46201708
1985-06-01,Enrgy_excess,-0.0119,0.00766762,0.01404684,0.01404684,1193.77664171
1985-06-01,HiTec_excess,-0.0125,0.00843752,0.00972712,0.00972712,4923.88263171
1985-06-01,Telcm_excess,0.0355,0.00546305,0.00546305,0.00546305,1e+16
1985-06-01,Shops_excess,0.0105,0.00718388,0.01386747,0.01386747,2424.46201708
1985-06-01,Hlth_excess,0.0172,0.0076505,0.00831663,0.00831663,4923.88263171
1985-06-01,Utils_excess,0.0307,0.00595321,0.00595321,0.00595321,1e+16
1985-06-01,Other_excess,0.0231,0.0061582,0.01723584,0.01723584,1193.77664171
1985-07-01,NoDur_excess,-0.0324,0.00611154,0.00884211,0.00884211,2424.46201708
1985-07-01,Durbl_excess,0.0192,0.00888248,0.01229252,0.01229252,2424.46201708
1985-07-01,Manuf_excess,0.0279,0.00695057,0.00870053,0.00870053,2424.46201708
1985-07-01,Enrgy_excess,-0.0121,0.00763974,0.00995119,0.00995119,1193.77664171
1985-07-01,HiTec_excess,0.0379,0.00840769,0.00868808,0.00868808,4923.88263171
1985-07-01,Telcm_excess,-0.0519,0.00550584,0.00550584,0.00550584,1e+16
1985-07-01,Shops_excess,-0.0461,0.0071886,0.0110921,0.0110921,2424.46201708
1985-07-01,Hlth_excess,-0.0109,0.0076641,0.00799085,0.00799085,4923.88263171
1985-07-01,Utils_excess,-0.0527,0.00598846,0.00598846,0.00598846,1e+16
1985-07-01,Other_excess,-0.0078,0.00618234,0.01109148,0.01109148,1193.77664171
1985-08-01,NoDur_excess,0.0015,0.00605676,0.00776821,0.00776821,2424.46201708
1985-08-01,Durbl_excess,-0.0358,0.00889716,0.01104077,0.01104077,2424.46201708
1985-08-01,Manuf_excess,-0.0169,0.00698037,0.00760822,0.00760822,2424.46201708
1985-08-01,Enrgy_excess,0.0103,0.00761166,0.00741999,0.00741999,1193.77664171
1985-08-01,HiTec_excess,-0.0308,0.00844964,0.00859574,0.00859574,4923.88263171
1985-08-01,Telcm_excess,-0.0002,0.00542418,0.00542418,0.00542418,1e+16
1985-08-01,Shops_excess,-0.0116,0.0071128,0.01043306,0.01043306,2424.46201708
1985-08-01,Hlth_excess,-0.0137,0.0076377,0.00797652,0.00797652,4923.88263171
1985-08-01,Utils_excess,0.0137,0.00590498,0.00590498,0.00590498,1e+16
1985-08-01,Other_excess,-0.0093,0.00616245,0.0084535,0.0084535,1193.77664171
1985-09-01,NoDur_excess,-0.0117,0.00605028,0.00933527,0.00933527,2424.46201708
1985-09-01,Durbl_excess,-0.0369,0.00883366,0.01268728,0.01268728,2424.46201708
1985-09-01,Manuf_excess,-0.0458,0.00694645,0.00895915,0.00895915,2424.46201708
1985-09-01,Enrgy_excess,-0.019,0.00761548,0.00989477,0.00989477,1193.77664171
1985-09-01,HiTec_excess,-0.0534,0.00839389,0.00899267,0.00899267,4923.88263171
1985-09-01,Telcm_excess,-0.0468,0.00541619,0.00541619,0.00541619,1e+16
1985-09-01,Shops_excess,-0.0493,0.00708622,0.01159923,0.01159923,2424.46201708
1985-09-01,Hlth_excess,-0.0452,0.00760739,0.00809085,0.00809085,4923.88263171
1985-09-01,Utils_excess,-0.0598,0.00591605,0.00591605,0.00591605,1e+16
1985-09-01,Other_excess,-0.0558,0.00614048,0.01188279,0.01188279,1193.77664171
1985-10-01,NoDur_excess,0.0292,0.00602511,0.00871744,0.00871744,2424.46201708
1985-10-01,Durbl_excess,0.0033,0.00876879,0.0118431,0.0118431,2424.46201708
1985-10-01,Manuf_excess,0.0264,0.00687163,0.00826591,0.00826591,2424.46201708
1985-10-01,Enrgy_excess,0.053,0.00757773,0.00889379,0.00889379,1193.77664171
1985-10-01,HiTec_excess,0.0237,0.00830624,0.00877546,0.00877546,4923.88263171
1985-10-01,Telcm_excess,0.0351,0.00534213,0.00534213,0.00534213,1e+16
1985-10-01,Shops_excess,0.0618,0.00700624,0.011383,0.011383,2424.46201708
1985-10-01,Hlth_excess,0.0222,0.00753248,0.00806409,0.00806409,4923.88263171
1985-10-01,Utils_excess,0.0568,0.00582284,0.00582284,0.00582284,1e+16
1985-10-01,Other_excess,0.0575,0.00605262,0.01022508,0.01022508,1193.77664171
1985-11-01,NoDur_excess,0.0762,0.00605793,0.00919663,0.00919663,2424.46201708
1985-11-01,Durbl_excess,0.0927,0.00876105,0.01197915,0.01197915,2424.46201708
1985-11-01,Manuf_excess,0.0733,0.00689929,0.00861434,0.00861434,2424.46201708
1985-11-01,Enrgy_excess,-0.0027,0.00764207,0.01024432,0.01024432,1193.77664171
1985-11-01,HiTec_excess,0.0805,0.00832805,0.00858268,0.00858268,4923.88263171
1985-11-01,Telcm_excess,0.068,0.00538428,0.00538428,0.00538428,1e+16
1985-11-01,Shops_excess,0.0736,0.00708385,0.0113297,0.0113297,2424.46201708
1985-11-01,Hlth_excess,0.0895,0.00755326,0.00776555,0.00776555,4923.88263171
1985-11-01,Utils_excess,0.0349,0.00589504,0.00589504,0.00589504,1e+16
1985-11-01,Other_excess,0.0681,0.0061255,0.01177212,0.01177212,1193.77664171
1985-12-01,NoDur_excess,0.0481,0.00615714,0.00925239,0.00925239,2424.46201708
1985-12-01,Durbl_excess,0.0635,0.00887977,0.01175765,0.01175765,2424.46201708
1985-12-01,Manuf_excess,0.0383,0.00699321,0.00860859,0.00860859,2424.46201708
1985-12-01,Enrgy_excess,-0.0333,0.00762744,0.00942249,0.00942249,1193.77664171
1985-12-01,HiTec_excess,0.0762,0.00843013,0.00855299,0.00855299,4923.88263171
1985-12-01,Telcm_excess,0.0538,0.00547284,0.00547284,0.00547284,1e+16
1985-12-01,Shops_excess,0.0389,0.00717793,0.01118868,0.01118868,2424.46201708
1985-12-01,Hlth_excess,0.0287,0.00766917,0.00783896,0.00783896,4923.88263171
1985-12-01,Utils_excess,0.0433,0.00593607,0.00593607,0.00593607,1e+16
1985-12-01,Other_excess,0.0382,0.00621315,0.0117054,0.0117054,1193.77664171
1986-01-01,NoDur_excess,0.0123,0.00621638,0.00907246,0.00907246,2424.46201708
1986-01-01,Durbl_excess,0.0153,0.00895692,0.01127029,0.01127029,2424.46201708
1986-01-01,Manuf_excess,0.0106,0.00703743,0.00824711,0.00824711,2424.46201708
1986-01-01,Enrgy_excess,-0.0736,0.00756963,0.00852347,0.00852347,1193.77664171
1986-01-01,HiTec_excess,-0.0085,0.00852585,0.00841528,0.00841528,4923.88263171
1986-01-01,Telcm_excess,-0.0434,0.0055411,0.00565396,0.00565396,83767.76400683
1986-01-01,Shops_excess,0.0109,0.00722274,0.0104542,0.0104542,2424.46201708
1986-01-01,Hlth_excess,0.005,0.00769887,0.00757064,0.00757064,4923.88263171
1986-01-01,Utils_excess,0.0323,0.00598884,0.00607349,0.00607349,20309.17620905
1986-01-01,Other_excess,0.0298,0.00625833,0.00951954,0.00951954,2424.46201708
1986-02-01,NoDur_excess,0.103,0.00622496,0.00703418,0.00703418,2424.46201708
1986-02-01,Durbl_excess,0.1021,0.00896587,0.00850262,0.00850262,2424.46201708
1986-02-01,Manuf_excess,0.0971,0.00704245,0.00618496,0.00618496,2424.46201708
1986-02-01,Enrgy_excess,0.0034,0.00745515,0.00494401,0.00494401,1193.77664171
1986-02-01,HiTec_excess,0.0443,0.00850183,0.0077027,0.0077027,4923.88263171
1986-02-01,Telcm_excess,0.0686,0.00547207,0.00549462,0.00549462,83767.76400683
1986-02-01,Shops_excess,0.0729,0.00722793,0.00907001,0.00907001,2424.46201708
1986-02-01,Hlth_excess,0.0554,0.00769506,0.00740301,0.00740301,4923.88263171
1986-02-01,Utils_excess,0.0606,0.00602595,0.00588088,0.00588088,20309.17620905
1986-02-01,Other_excess,0.0781,0.00629154,0.00671595,0.00671595,2424.46201708
1986-03-01,NoDur_excess,0.0752,0.00636127,0.01031255,0.01031255,2424.46201708
1986-03-01,Durbl_excess,0.0724,0.00909704,0.01321335,0.01321335,2424.46201708
1986-03-01,Manuf_excess,0.0539,0.0071693,0.01018149,0.01018149,2424.46201708
1986-03-01,Enrgy_excess,0.0035,0.00744944,0.010325,0.010325,1193.77664171
1986-03-01,HiTec_excess,-0.0068,0.00855225,0.00855678,0.00855678,4923.88263171
1986-03-01,Telcm_excess,0.0358,0.00556099,0.00573007,0.00573007,83767.76400683
1986-03-01,Shops_excess,0.0796,0.00732042,0.00985326,0.00985326,2424.46201708
1986-03-01,Hlth_excess,0.1148,0.00776225,0.0073563,0.0073563,4923.88263171
1986-03-01,Utils_excess,0.0338,0.00610282,0.00636102,0.00636102,20309.17620905
1986-03-01,Other_excess,0.0516,0.00639268,0.0114495,0.0114495,2424.46201708
1986-04-01,NoDur_excess,-0.0009,0.00645809,0.00874617,0.00874617,2424.46201708
1986-04-01,Durbl_excess,-0.0383,0.00918608,0.01165167,0.01165167,2424.46201708
1986-04-01,Manuf_excess,-0.0213,0.00723502,0.009364,0.009364,2424.46201708
1986-04-01,Enrgy_excess,0.0023,0.00744388,0.00871099,0.00871099,1193.77664171
1986-04-01,HiTec_excess,0.034,0.00853066,0.00753433,0.00753433,4923.88263171
1986-04-01,Telcm_excess,0.0191,0.00560352,0.00571672,0.00571672,83767.76400683
1986-04-01,Shops_excess,-0.0012,0.00742208,0.00784693,0.00784693,2424.46201708
1986-04-01,Hlth_excess,0.0019,0.0079128,0.00762799,0.00762799,4923.88263171
1986-04-01,Utils_excess,-0.0445,0.00614177,0.00612933,0.00612933,20309.17620905
1986-04-01,Other_excess,-0.0309,0.00645626,0.00928523,0.00928523,2424.46201708
1986-05-01,NoDur_excess,0.0838,0.00644775,0.00732258,0.00732258,2424.46201708
1986-05-01,Durbl_excess,0.0257,0.00911938,0.0088584,0.0088584,2424.46201708
1986-05-01,Manuf_excess,0.0392,0.00719494,0.00681073,0.00681073,2424.46201708
1986-05-01,Enrgy_excess,0.0687,0.00743666,0.00469899,0.00469899,1193.77664171
1986-05-01,HiTec_excess,0.0046,0.00856643,0.00808647,0.00808647,4923.88263171
1986-05-01,Telcm_excess,0.041,0.00562247,0.00564018,0.00564018,83767.76400683
1986-05-01,Shops_excess,0.0928,0.00740997,0.0095192,0.0095192,2424.46201708
1986-05-01,Hlth_excess,0.0676,0.00790435,0.00796769,0.00796769,4923.88263171
1986-05-01,Utils_excess,0.0314,0.00607065,0.00594285,0.00594285,20309.17620905
1986-05-01,Other_excess,0.0417,0.00640379,0.0065687,0.0065687,2424.46201708
1986-06-01,NoDur_excess,0.058,0.00655624,0.00568322,0.00568322,2424.46201708
1986-06-01,Durbl_excess,-0.0169,0.00914264,0.00547495,0.00547495,2424.46201708
1986-06-01,Manuf_excess,-0.0056,0.00723983,0.00408176,0.00408176,2424.46201708
1986-06-01,Enrgy_excess,-0.0257,0.00752258,0.00137993,0.00137993,1193.77664171
1986-06-01,HiTec_excess,-0.0439,0.00856087,0.00708754,0.00708754,4923.88263171
1986-06-01,Telcm_excess,0.0486,0.00567209,0.00562288,0.00562288,83767.76400683
1986-06-01,Shops_excess,0.0342,0.00752973,0.00892982,0.00892982,2424.46201708
1986-06-01,Hlth_excess,0.0516,0.00798808,0.00751377,0.00751377,4923.88263171
1986-06-01,Utils_excess,0.0453,0.00610617,0.00576655,0.00576655,20309.17620905
1986-06-01,Other_excess,0.0102,0.0064533,0.00394617,0.00394617,2424.46201708
1986-07-01,NoDur_excess,-0.0625,0.00662829,0.00687786,0.00687786,2424.46201708
1986-07-01,Durbl_excess,-0.0947,0.00910616,0.00804323,0.00804323,2424.46201708
1986-07-01,Manuf_excess,-0.0803,0.00722185,0.00670761,0.00670761,2424.46201708
1986-07-01,Enrgy_excess,-0.0564,0.00747605,0.00683421,0.00683421,1193.77664171
1986-07-01,HiTec_excess,-0.0886,0.00848739,0.00646573,0.00646573,4923.88263171
1986-07-01,Telcm_excess,-0.035,0.00573221,0.00579945,0.00579945,83767.76400683
1986-07-01,Shops_excess,-0.0991,0.00756709,0.00647056,0.00647056,2424.46201708
1986-07-01,Hlth_excess,-0.0588,0.00804916,0.00679881,0.00679881,4923.88263171
1986-07-01,Utils_excess,0.0461,0.00616106,0.00581302,0.00581302,20309.17620905
1986-07-01,Other_excess,-0.0695,0.00645854,0.00683079,0.00683079,2424.46201708
1986-08-01,NoDur_excess,0.0212,0.00653161,0.00719316,0.00719316,2424.46201708
1986-08-01,Durbl_excess,0.0655,0.00896098,0.0077921,0.0077921,2424.46201708
1986-08-01,Manuf_excess,0.06,0.00709944,0.00574128,0.00574128,2424.46201708
1986-08-01,Enrgy_excess,0.1627,0.00738671,0.00361098,0.00361098,1193.77664171
1986-08-01,HiTec_excess,0.0652,0.00835161,0.00741111,0.00741111,4923.88263171
1986-08-01,Telcm_excess,0.0638,0.00567524,0.00568764,0.00568764,83767.76400683
1986-08-01,Shops_excess,0.012,0.0074179,0.0091278,0.0091278,2424.46201708
1986-08-01,Hlth_excess,0.0354,0.00795566,0.007909,0.007909,4923.88263171
1986-08-01,Utils_excess,0.0746,0.00621692,0.00606766,0.00606766,20309.17620905
1986-08-01,Other_excess,0.0635,0.00635231,0.00567118,0.00567118,2424.46201708
1986-09-01,NoDur_excess,-0.113,0.00655209,0.00743788,0.00743788,2424.46201708
1986-09-01,Durbl_excess,-0.0857,0.00903994,0.00894065,0.00894065,2424.46201708
1986-09-01,Manuf_excess,-0.07,0.00717332,0.00685118,0.00685118,2424.46201708
1986-09-01,Enrgy_excess,-0.0133,0.00760363,0.00601636,0.00601636,1193.77664171
1986-09-01,HiTec_excess,-0.0742,0.00843101,0.00706701,0.00706701,4923.88263171
1986-09-01,Telcm_excess,-0.0989,0.00575642,0.00582599,0.00582599,83767.76400683
1986-09-01,Shops_excess,-0.0891,0.0074243,0.00770931,0.00770931,2424.46201708
1986-09-01,Hlth_excess,-0.1305,0.00799399,0.00729741,0.00729741,4923.88263171
1986-09-01,Utils_excess,-0.0956,0.00631243,0.0061586,0.0061586,20309.17620905
1986-09-01,Other_excess,-0.0928,0.00643212,0.00702778,0.00702778,2424.46201708
1986-10-01,NoDur_excess,0.084,0.00638536,0.00654362,0.00654362,2424.46201708
1986-10-01,Durbl_excess,0.0555,0.00890781,0.00714377,0.00714377,2424.46201708
1986-10-01,Manuf_excess,0.0601,0.00706569,0.00489136,0.00489136,2424.46201708
1986-10-01,Enrgy_excess,0.0145,0.00757448,0.00292504,0.00292504,1193.77664171
1986-10-01,HiTec_excess,0.0013,0.00831576,0.00746724,0.00746724,4923.88263171
1986-10-01,Telcm_excess,0.0417,0.00561046,0.00559553,0.00559553,83767.76400683
1986-10-01,Shops_excess,0.0685,0.00728968,0.0095513,0.0095513,2424.46201708
1986-10-01,Hlth_excess,0.0752,0.00780084,0.00800033,0.00800033,4923.88263171
1986-10-01,Utils_excess,0.0475,0.00617029,0.00599395,0.00599395,20309.17620905
1986-10-01,Other_excess,0.0374,0.00629372,0.00471509,0.00471509,2424.46201708
1986-11-01,NoDur_excess,0.0033,0.00649345,0.00728808,0.00728808,2424.46201708
1986-11-01,Durbl_excess,0.0425,0.0089727,0.00907289,0.00907289,2424.46201708
1986-11-01,Manuf_excess,0.0205,0.00713955,0.00656133,0.00656133,2424.46201708
1986-11-01,Enrgy_excess,0.0286,0.00758412,0.00550569,0.00550569,1193.77664171
1986-11-01,HiTec_excess,0.0316,0.00830599,0.00722278,0.00722278,4923.88263171
1986-11-01,Telcm_excess,0.0359,0.00566072,0.00571062,0.00571062,83767.76400683
1986-11-01,Shops_excess,0.0122,0.00737493,0.00831745,0.00831745,2424.46201708
1986-11-01,Hlth_excess,0.0098,0.00789471,0.00736429,0.00736429,4923.88263171
1986-11-01,Utils_excess,0.0016,0.00622786,0.00604957,0.00604957,20309.17620905
1986-11-01,Other_excess,-0.0105,0.00633705,0.00655969,0.00655969,2424.46201708
1986-12-01,NoDur_excess,-0.0371,0.00648901,0.006964,0.006964,2424.46201708
1986-12-01,Durbl_excess,-0.0306,0.00901933,0.00828935,0.00828935,2424.46201708
1986-12-01,Manuf_excess,-0.0247,0.00715814,0.00594829,0.00594829,2424.46201708
1986-12-01,Enrgy_excess,-0.0095,0.00761335,0.00456919,0.00456919,1193.77664171
1986-12-01,HiTec_excess,-0.0416,0.00833839,0.00706775,0.00706775,4923.88263171
1986-12-01,Telcm_excess,-0.042,0.00570278,0.0057425,0.0057425,83767.76400683
1986-12-01,Shops_excess,-0.0648,0.00738164,0.0080484,0.0080484,2424.46201708
1986-12-01,Hlth_excess,-0.0171,0.00789736,0.00728972,0.00728972,4923.88263171
1986-12-01,Utils_excess,-0.0379,0.00622142,0.00603709,0.00603709,20309.17620905
1986-12-01,Other_excess,-0.0307,0.00631363,0.00576906,0.00576906,2424.46201708
1987-01-01,NoDur_excess,0.1404,0.00642847,0.00728155,0.00728155,2424.46201708
1987-01-01,Durbl_excess,0.1824,0.00896431,0.00816693,0.00816693,2424.46201708
1987-01-01,Manuf_excess,0.1402,0.00711389,0.00602535,0.00602535,2424.46201708
1987-01-01,Enrgy_excess,0.1373,0.00758958,0.00527369,0.00527369,2424.46201708
1987-01-01,HiTec_excess,0.1598,0.00826903,0.00733436,0.00733436,4923.88263171
1987-01-01,Telcm_excess,0.0488,0.00563653,0.00566569,0.00566569,83767.76400683
1987-01-01,Shops_excess,0.113,0.00728139,0.01061141,0.01061141,1193.77664171
1987-01-01,Hlth_excess,0.1273,0.00786264,0.00780597,0.00780597,4923.88263171
1987-01-01,Utils_excess,0.0888,0.00616014,0.00591889,0.00591889,10000.0
1987-01-01,Other_excess,0.1075,0.00626222,0.00584459,0.00584459,2424.46201708
1987-02-01,NoDur_excess,0.0518,0.00661429,0.00621234,0.00621234,2424.46201708
1987-02-01,Durbl_excess,0.0316,0.00920485,0.00652643,0.00652643,2424.46201708
1987-02-01,Manuf_excess,0.0435,0.00729847,0.00480186,0.00480186,2424.46201708
1987-02-01,Enrgy_excess,-0.0219,0.00776949,0.00470686,0.00470686,2424.46201708
1987-02-01,HiTec_excess,0.09,0.0084792,0.006347,0.006347,4923.88263171
1987-02-01,Telcm_excess,-0.004,0.00569639,0.00570971,0.00570971,83767.76400683
1987-02-01,Shops_excess,0.0938,0.00742802,0.00782098,0.00782098,1193.77664171
1987-02-01,Hlth_excess,0.1069,0.00802829,0.00702119,0.00702119,4923.88263171
1987-02-01,Utils_excess,-0.0258,0.00627476,0.00565896,0.00565896,10000.0
1987-02-01,Other_excess,0.0423,0.00640264,0.00457936,0.00457936,2424.46201708
1987-03-01,NoDur_excess,0.0067,0.00667687,0.00515816,0.00515816,2424.46201708
1987-03-01,Durbl_excess,0.0396,0.00923587,0.005457,0.005457,2424.46201708
1987-03-01,Manuf_excess,0.0293,0.00734861,0.00428201,0.00428201,2424.46201708
1987-03-01,Enrgy_excess,0.1136,0.00772839,0.00438227,0.00438227,2424.46201708
1987-03-01,HiTec_excess,0.0214,0.00859211,0.00595761,0.00595761,4923.88263171
1987-03-01,Telcm_excess,0.0092,0.00568296,0.00567664,0.00567664,83767.76400683
1987-03-01,Shops_excess,0.0121,0.00754765,0.00479958,0.00479958,1193.77664171
1987-03-01,Hlth_excess,-0.0032,0.00816524,0.00662322,0.00662322,4923.88263171
1987-03-01,Utils_excess,-0.0215,0.00623033,0.00528319,0.00528319,10000.0
1987-03-01,Other_excess,-0.0083,0.00645235,0.00364322,0.00364322,2424.46201708
1987-04-01,NoDur_excess,-0.0412,0.0066769,0.00530016,0.00530016,2424.46201708
1987-04-01,Durbl_excess,0.0367,0.00927787,0.00470506,0.00470506,2424.46201708
1987-04-01,Manuf_excess,-0.02,0.00737898,0.00354498,0.00354498,2424.46201708
1987-04-01,Enrgy_excess,-0.0033,0.00787483,0.00345701,0.00345701,2424.46201708
1987-04-01,HiTec_excess,0.0395,0.00860982,0.00612229,0.00612229,4923.88263171
1987-04-01,Telcm_excess,-0.0291,0.00568783,0.00565659,0.00565659,83767.76400683
1987-04-01,Shops_excess,-0.0314,0.00755394,0.00684459,0.00684459,1193.77664171
1987-04-01,Hlth_excess,-0.0289,0.00814952,0.00718804,0.00718804,4923.88263171
1987-04-01,Utils_excess,-0.0477,0.00619198,0.00527409,0.00527409,10000.0
1987-04-01,Other_excess,-0.0451,0.00643195,0.00268599,0.00268599,2424.46201708
1987-05-01,NoDur_excess,0.0225,0.00661077,0.00319498,0.00319498,2424.46201708
1987-05-01,Durbl_excess,-0.0167,0.00931575,0.0034284,0.0034284,2424.46201708
1987-05-01,Manuf_excess,-0.0005,0.00734116,0.00224251,0.00224251,2424.46201708
1987-05-01,Enrgy_excess,0.0264,0.00785939,0.00307458,0.00307458,2424.46201708
1987-05-01,HiTec_excess,-0.0009,0.00865249,0.00526437,0.00526437,4923.88263171
1987-05-01,Telcm_excess,0.0291,0.00563978,0.00555868,0.00555868,83767.76400683
1987-05-01,Shops_excess,-0.0043,0.00750014,0.0015236,0.0015236,1193.77664171
1987-05-01,Hlth_excess,0.0087,0.00809834,0.00631474,0.00631474,4923.88263171
1987-05-01,Utils_excess,-0.0223,0.00611754,0.00459513,0.00459513,10000.0
1987-05-01,Other_excess,-0.0039,0.00636077,0.00042545,0.00042545,2424.46201708
1987-06-01,NoDur_excess,0.0631,0.00663269,0.00523022,0.00523022,2424.46201708
1987-06-01,Durbl_excess,0.023,0.00927986,0.00531114,0.00531114,2424.46201708
1987-06-01,Manuf_excess,0.0471,0.00733034,0.00330544,0.00330544,2424.46201708
1987-06-01,Enrgy_excess,0.0535,0.00788497,0.00355533,0.00355533,2424.46201708
1987-06-01,HiTec_excess,-0.005,0.00863931,0.00606293,0.00606293,4923.88263171
1987-06-01,Telcm_excess,0.0647,0.00567214,0.00564951,0.00564951,83767.76400683
1987-06-01,Shops_excess,0.0578,0.00748386,0.00560983,0.00560983,1193.77664171
1987-06-01,Hlth_excess,0.043,0.00809917,0.00688817,0.00688817,4923.88263171
1987-06-01,Utils_excess,0.0292,0.00607834,0.00500284,0.00500284,10000.0
1987-06-01,Other_excess,0.0414,0.00634662,0.00232619,0.00232619,2424.46201708
1987-07-01,NoDur_excess,0.0527,0.00671047,0.00596566,0.00596566,2424.46201708
1987-07-01,Durbl_excess,0.0647,0.00929876,0.00568011,0.00568011,2424.46201708
1987-07-01,Manuf_excess,0.0656,0.00738512,0.00364682,0.00364682,2424.46201708
1987-07-01,Enrgy_excess,0.0273,0.0079478,0.00366264,0.00366264,2424.46201708
1987-07-01,HiTec_excess,0.005,0.00862052,0.0060716,0.0060716,4923.88263171
1987-07-01,Telcm_excess,0.0538,0.00575344,0.00575884,0.00575884,83767.76400683
1987-07-01,Shops_excess,0.0524,0.00755317,0.00714772,0.00714772,1193.77664171
1987-07-01,Hlth_excess,0.0533,0.00814725,0.00698415,0.00698415,4923.88263171
1987-07-01,Utils_excess,-0.0213,0.00611019,0.00514031,0.00514031,10000.0
1987-07-01,Other_excess,0.0309,0.0063949,0.00302711,0.00302711,2424.46201708
1987-08-01,NoDur_excess,0.032,0.00677373,0.00546235,0.00546235,2424.46201708
1987-08-01,Durbl_excess,0.0519,0.00937497,0.00499885,0.00499885,2424.46201708
1987-08-01,Manuf_excess,0.0238,0.0074652,0.00324842,0.00324842,2424.46201708
1987-08-01,Enrgy_excess,0.0146,0.00797442,0.00318046,0.00318046,2424.46201708
1987-08-01,HiTec_excess,0.0699,0.00861554,0.00573835,0.00573835,4923.88263171
1987-08-01,Telcm_excess,0.0461,0.00581953,0.00580735,0.00580735,83767.76400683
1987-08-01,Shops_excess,0.0286,0.00761486,0.0061853,0.0061853,1193.77664171
1987-08-01,Hlth_excess,0.0174,0.00820935,0.00704459,0.00704459,4923.88263171
1987-08-01,Utils_excess,0.0324,0.00607249,0.00480946,0.00480946,10000.0
1987-08-01,Other_excess,0.0386,0.00642861,0.0020121,0.0020121,2424.46201708
1987-09-01,NoDur_excess,-0.0322,0.00680838,0.00532119,0.00532119,2424.46201708
1987-09-01,Durbl_excess,-0.0428,0.00943338,0.00443866,0.00443866,2424.46201708
1987-09-01,Manuf_excess,-0.0016,0.00748764,0.00277952,0.00277952,2424.46201708
1987-09-01,Enrgy_excess,-0.0431,0.00798352,0.00288569,0.00288569,2424.46201708
1987-09-01,HiTec_excess,-0.0313,0.00869973,0.00556526,0.00556526,4923.88263171
1987-09-01,Telcm_excess,0.0289,0.00587486,0.00586277,0.00586277,83767.76400683
1987-09-01,Shops_excess,-0.0682,0.00764368,0.00593973,0.00593973,1193.77664171
1987-09-01,Hlth_excess,-0.0302,0.00822198,0.00685797,0.00685797,4923.88263171
1987-09-01,Utils_excess,-0.0276,0.00610865,0.00480965,0.00480965,10000.0
1987-09-01,Other_excess,-0.0225,0.0064728,0.00179448,0.00179448,2424.46201708
1987-10-01,NoDur_excess,-0.2158,0.00675487,0.00363118,0.00363118,2424.46201708
1987-10-01,Durbl_excess,-0.2718,0.00936173,0.00284696,0.00284696,2424.46201708
1987-10-01,Manuf_excess,-0.2793,0.00747517,0.00183537,0.00183537,2424.46201708
1987-10-01,Enrgy_excess,-0.1945,0.00791344,0.00243108,0.00243108,2424.46201708
1987-10-01,HiTec_excess,-0.2642,0.00864486,0.00472169,0.00472169,4923.88263171
1987-10-01,Telcm_excess,-0.1276,0.00590645,0.00586353,0.00586353,83767.76400683
1987-10-01,Shops_excess,-0.2851,0.00753964,0.00122428,0.00122428,1193.77664171
1987-10-01,Hlth_excess,-0.209,0.00816927,0.00610584,0.00610584,4923.88263171
1987-10-01,Utils_excess,-0.0753,0.00606241,0.00433842,0.00433842,10000.0
1987-10-01,Other_excess,-0.2432,0.00643306,0.00016628,0.00016628,2424.46201708
1987-11-01,NoDur_excess,-0.0835,0.00645,0.01002054,0.01002054,2424.46201708
1987-11-01,Durbl_excess,-0.0868,0.00897658,0.02038294,0.02038294,2424.46201708
1987-11-01,Manuf_excess,-0.0551,0.00708233,0.01239319,0.01239319,2424.46201708
1987-11-01,Enrgy_excess,-0.1101,0.00763616,0.01327451,0.01327451,2424.46201708
1987-11-01,HiTec_excess,-0.1022,0.0082711,0.00788569,0.00788569,4923.88263171
1987-11-01,Telcm_excess,-0.0925,0.00572356,0.0057534,0.0057534,83767.76400683
1987-11-01,Shops_excess,-0.09,0.00713877,0.00548428,0.00548428,1193.77664171
1987-11-01,Hlth_excess,-0.0966,0.00787178,0.00906754,0.00906754,4923.88263171
1987-11-01,Utils_excess,-0.029,0.00595096,0.00633638,0.00633638,10000.0
1987-11-01,Other_excess,-0.0692,0.0060911,0.00758888,0.00758888,2424.46201708
1987-12-01,NoDur_excess,0.0717,0.00632695,0.00713973,0.00713973,2424.46201708
1987-12-01,Durbl_excess,0.0837,0.00884555,0.0091561,0.0091561,2424.46201708
1987-12-01,Manuf_excess,0.1048,0.00699726,0.00583691,0.00583691,2424.46201708
1987-12-01,Enrgy_excess,0.0636,0.0074751,0.00557132,0.00557132,2424.46201708
1987-12-01,HiTec_excess,0.115,0.00811997,0.00717323,0.00717323,4923.88263171
1987-12-01,Telcm_excess,0.0352,0.00558919,0.00561482,0.00561482,83767.76400683
1987-12-01,Shops_excess,0.082,0.00700588,0.00779504,0.00779504,1193.77664171
1987-12-01,Hlth_excess,0.0496,0.00772886,0.00752592,0.00752592,4923.88263171
1987-12-01,Utils_excess,0.0017,0.00590315,0.00569484,0.00569484,10000.0
1987-12-01,Other_excess,0.05,0.0059881,0.00520994,0.00520994,2424.46201708
1988-01-01,NoDur_excess,0.0275,0.00641626,0.00707374,0.00707374,2424.46201708
1988-01-01,Durbl_excess,0.0399,0.00894781,0.00887787,0.00887787,2424.46201708
1988-01-01,Manuf_excess,-0.0001,0.00713087,0.00577091,0.00577091,2424.46201708
1988-01-01,Enrgy_excess,0.0814,0.00755178,0.00532531,0.00532531,2424.46201708
1988-01-01,HiTec_excess,-0.0277,0.00826598,0.00712827,0.00712827,4923.88263171
1988-01-01,Telcm_excess,0.0974,0.00562964,0.00582828,0.00582828,10000.0
1988-01-01,Shops_excess,0.0533,0.00710833,0.00743297,0.00743297,1193.77664171
1988-01-01,Hlth_excess,0.0608,0.00778607,0.00733761,0.00733761,4923.88263171
1988-01-01,Utils_excess,0.0948,0.0058974,0.00539664,0.00539664,4923.88263171
1988-01-01,Other_excess,0.0602,0.00604822,0.00493121,0.00493121,2424.46201708
1988-02-01,NoDur_excess,0.0558,0.00644502,0.00707093,0.00707093,2424.46201708
1988-02-01,Durbl_excess,0.0599,0.00899004,0.00955347,0.00955347,2424.46201708
1988-02-01,Manuf_excess,0.073,0.00712101,0.00659877,0.00659877,2424.46201708
1988-02-01,Enrgy_excess,0.0315,0.00765252,0.00673763,0.00673763,2424.46201708
1988-02-01,HiTec_excess,0.0702,0.00821692,0.006669,0.006669,4923.88263171
1988-02-01,Telcm_excess,0.0078,0.00575484,0.00611915,0.00611915,10000.0
1988-02-01,Shops_excess,0.0981,0.00717135,0.00663327,0.00663327,1193.77664171
1988-02-01,Hlth_excess,0.0375,0.00785839,0.00684856,0.00684856,4923.88263171
1988-02-01,Utils_excess,-0.0187,0.00601869,0.00570581,0.00570581,4923.88263171
1988-02-01,Other_excess,0.0387,0.0061221,0.00625292,0.00625292,2424.46201708
1988-03-01,NoDur_excess,-0.0196,0.00651226,0.00643777,0.00643777,2424.46201708
1988-03-01,Durbl_excess,-0.0406,0.0090594,0.00699674,0.00699674,2424.46201708
1988-03-01,Manuf_excess,-0.0178,0.00721076,0.00481219,0.00481219,2424.46201708
1988-03-01,Enrgy_excess,0.0218,0.00768501,0.00483993,0.00483993,2424.46201708
1988-03-01,HiTec_excess,-0.0513,0.00830136,0.00672599,0.00672599,4923.88263171
1988-03-01,Telcm_excess,-0.044,0.00575763,0.00594401,0.00594401,10000.0
1988-03-01,Shops_excess,-0.0159,0.00729523,0.00751863,0.00751863,1193.77664171
1988-03-01,Hlth_excess,-0.0293,0.00789877,0.00724676,0.00724676,4923.88263171
1988-03-01,Utils_excess,-0.0362,0.00598501,0.00520818,0.00520818,4923.88263171
1988-03-01,Other_excess,-0.0179,0.00616649,0.00430934,0.00430934,2424.46201708
1988-04-01,NoDur_excess,-0.0063,0.00647673,0.0055548,0.0055548,2424.46201708
1988-04-01,Durbl_excess,0.0226,0.00899184,0.00587125,0.00587125,2424.46201708
1988-04-01,Manuf_excess,0.0114,0.00717673,0.00400322,0.00400322,2424.46201708
1988-04-01,Enrgy_excess,0.0416,0.00770422,0.00469264,0.00469264,2424.46201708
1988-04-01,HiTec_excess,0.0216,0.00822027,0.00631532,0.00631532,4923.88263171
1988-04-01,Telcm_excess,0.0028,0.00568993,0.00564192,0.00564192,10000.0
1988-04-01,Shops_excess,0.0114,0.00726367,0.00579964,0.00579964,1193.77664171
1988-04-01,Hlth_excess,-0.0247,0.00784816,0.00710114,0.00710114,4923.88263171
1988-04-01,Utils_excess,-0.0076,0.00592762,0.00467205,0.00467205,4923.88263171
1988-04-01,Other_excess,-0.0085,0.00613374,0.00329926,0.00329926,2424.46201708
1988-05-01,NoDur_excess,-0.0077,0.00645937,0.00534866,0.00534866,2424.46201708
1988-05-01,Durbl_excess,0.0045,0.00901033,0.00627474,0.00627474,2424.46201708
1988-05-01,Manuf_excess,-0.0092,0.00718247,0.00431443,0.00431443,2424.46201708
1988-05-01,Enrgy_excess,-0.0092,0.00775027,0.00530434,0.00530434,2424.46201708
1988-05-01,HiTec_excess,-0.0185,0.00823845,0.00613387,0.00613387,4923.88263171
1988-05-01,Telcm_excess,0.0183,0.00568601,0.00564351,0.00564351,10000.0
1988-05-01,Shops_excess,-0.0192,0.00726929,0.00467508,0.00467508,1193.77664171
1988-05-01,Hlth_excess,-0.0088,0.00780394,0.00668193,0.00668193,4923.88263171
1988-05-01,Utils_excess,0.0311,0.00590924,0.00452572,0.00452572,4923.88263171
1988-05-01,Other_excess,0.0043,0.00611386,0.00350222,0.00350222,2424.46201708
1988-06-01,NoDur_excess,0.0288,0.00644016,0.00610716,0.00610716,2424.46201708
1988-06-01,Durbl_excess,0.0734,0.00900421,0.00693146,0.00693146,2424.46201708
1988-06-01,Manuf_excess,0.0708,0.00716024,0.0047943,0.0047943,2424.46201708
1988-06-01,Enrgy_excess,-0.0257,0.00772727,0.00560478,0.00560478,2424.46201708
1988-06-01,HiTec_excess,0.0893,0.00820217,0.00649118,0.00649118,4923.88263171
1988-06-01,Telcm_excess,0.0242,0.00570312,0.00580903,0.00580903,10000.0
1988-06-01,Shops_excess,0.0595,0.00723338,0.00632689,0.00632689,1193.77664171
1988-06-01,Hlth_excess,0.0229,0.00778141,0.006999,0.006999,4923.88263171
1988-06-01,Utils_excess,0.0274,0.00594342,0.00502841,0.00502841,4923.88263171
1988-06-01,Other_excess,0.0554,0.0061114,0.00430937,0.00430937,2424.46201708
1988-07-01,NoDur_excess,0.008,0.00647046,0.00754909,0.00754909,2424.46201708
1988-07-01,Durbl_excess,-0.0041,0.00909146,0.00860704,0.00860704,2424.46201708
1988-07-01,Manuf_excess,-0.0279,0.00724648,0.00640125,0.00640125,2424.46201708
1988-07-01,Enrgy_excess,0.0308,0.00768198,0.00647809,0.00647809,2424.46201708
1988-07-01,HiTec_excess,-0.0542,0.00831206,0.00712732,0.00712732,4923.88263171
1988-07-01,Telcm_excess,-0.0036,0.00572818,0.00617999,0.00617999,10000.0
1988-07-01,Shops_excess,-0.0144,0.0073042,0.00947155,0.00947155,1193.77664171
1988-07-01,Hlth_excess,0.0,0.0078019,0.00721071,0.00721071,4923.88263171
1988-07-01,Utils_excess,-0.0073,0.00597249,0.00574705,0.00574705,4923.88263171
1988-07-01,Other_excess,-0.0112,0.00617818,0.00651857,0.00651857,2424.46201708
1988-08-01,NoDur_excess,-0.0093,0.00647253,0.00569126,0.00569126,2424.46201708
1988-08-01,Durbl_excess,-0.0697,0.00907361,0.00592254,0.00592254,2424.46201708
1988-08-01,Manuf_excess,-0.0499,0.00719892,0.00433114,0.00433114,2424.46201708
1988-08-01,Enrgy_excess,-0.0209,0.00771326,0.0051544,0.0051544,2424.46201708
1988-08-01,HiTec_excess,-0.0868,0.00822747,0.00625298,0.00625298,4923.88263171
1988-08-01,Telcm_excess,-0.0349,0.00571556,0.00573544,0.00573544,10000.0
1988-08-01,Shops_excess,-0.0285,0.00727483,0.00580936,0.00580936,1193.77664171
1988-08-01,Hlth_excess,-0.0167,0.00779134,0.00682932,0.00682932,4923.88263171
1988-08-01,Utils_excess,-0.0071,0.00595453,0.00495459,0.00495459,4923.88263171
1988-08-01,Other_excess,-0.015,0.00615467,0.00389618,0.00389618,2424.46201708
1988-09-01,NoDur_excess,0.0607,0.00645122,0.00638017,0.00638017,2424.46201708
1988-09-01,Durbl_excess,0.0304,0.00896716,0.00664918,0.00664918,2424.46201708
1988-09-01,Manuf_excess,0.0288,0.00712176,0.00509063,0.00509063,2424.46201708
1988-09-01,Enrgy_excess,-0.0309,0.00767459,0.0060842,0.0060842,2424.46201708
1988-09-01,HiTec_excess,0.0226,0.00809905,0.00635417,0.00635417,4923.88263171
1988-09-01,Telcm_excess,0.0645,0.00566068,0.00581753,0.00581753,10000.0
1988-09-01,Shops_excess,0.0752,0.00722649,0.00671118,0.00671118,1193.77664171
1988-09-01,Hlth_excess,0.0314,0.00775824,0.00688769,0.00688769,4923.88263171
1988-09-01,Utils_excess,0.0205,0.00593689,0.00531111,0.00531111,4923.88263171
1988-09-01,Other_excess,0.0344,0.00612608,0.00514469,0.00514469,2424.46201708
1988-10-01,NoDur_excess,0.0772,0.00652443,0.00694324,0.00694324,2424.46201708
1988-10-01,Durbl_excess,0.026,0.00899609,0.00677967,0.00677967,2424.46201708
1988-10-01,Manuf_excess,0.0015,0.00715101,0.00549526,0.00549526,2424.46201708
1988-10-01,Enrgy_excess,0.0128,0.00762254,0.00626385,0.00626385,2424.46201708
1988-10-01,HiTec_excess,-0.007,0.00811862,0.0062974,0.0062974,4923.88263171
1988-10-01,Telcm_excess,0.0236,0.00574008,0.00606886,0.00606886,10000.0
1988-10-01,Shops_excess,0.0078,0.00731822,0.00807209,0.00807209,1193.77664171
1988-10-01,Hlth_excess,0.0065,0.00779015,0.00680382,0.00680382,4923.88263171
1988-10-01,Utils_excess,0.019,0.00595655,0.00555844,0.00555844,4923.88263171
1988-10-01,Other_excess,-0.006,0.00616424,0.00601917,0.00601917,2424.46201708
1988-11-01,NoDur_excess,-0.0179,0.00661968,0.00700135,0.00700135,2424.46201708
1988-11-01,Durbl_excess,-0.0145,0.009019,0.00649069,0.00649069,2424.46201708
1988-11-01,Manuf_excess,-0.0276,0.0071434,0.00530981,0.00530981,2424.46201708
1988-11-01,Enrgy_excess,-0.0086,0.00762951,0.00610925,0.00610925,2424.46201708
1988-11-01,HiTec_excess,-0.0362,0.00809825,0.00627088,0.00627088,4923.88263171
1988-11-01,Telcm_excess,-0.0052,0.00576415,0.00602187,0.00602187,10000.0
1988-11-01,Shops_excess,-0.0327,0.00731887,0.00759331,0.00759331,1193.77664171
1988-11-01,Hlth_excess,-0.027,0.00778841,0.00685083,0.00685083,4923.88263171
1988-11-01,Utils_excess,-0.0107,0.00597412,0.00563247,0.00563247,4923.88263171
1988-11-01,Other_excess,-0.0273,0.00614784,0.0055255,0.0055255,2424.46201708
1988-12-01,NoDur_excess,0.0264,0.00658668,0.00566517,0.00566517,2424.46201708
1988-12-01,Durbl_excess,-0.0024,0.00898735,0.00468897,0.00468897,2424.46201708
1988-12-01,Manuf_excess,0.0251,0.00709664,0.00389297,0.00389297,2424.46201708
1988-12-01,Enrgy_excess,0.012,0.00760767,0.00486427,0.00486427,2424.46201708
1988-12-01,HiTec_excess,0.0401,0.00803863,0.00591171,0.00591171,4923.88263171
1988-12-01,Telcm_excess,0.0062,0.00574939,0.00566309,0.00566309,10000.0
1988-12-01,Shops_excess,0.0096,0.00726501,0.0051584,0.0051584,1193.77664171
1988-12-01,Hlth_excess,0.0113,0.00774159,0.00674709,0.00674709,4923.88263171
1988-12-01,Utils_excess,0.0041,0.00595168,0.00517225,0.00517225,4923.88263171
1988-12-01,Other_excess,0.0028,0.00610283,0.00351463,0.00351463,2424.46201708
1989-01-01,NoDur_excess,0.0505,0.00661331,0.00663808,0.00663808,2424.46201708
1989-01-01,Durbl_excess,0.0686,0.00897204,0.00587278,0.00587278,2424.46201708
1989-01-01,Manuf_excess,0.0691,0.00712083,0.00520289,0.00520289,2424.46201708
1989-01-01,Enrgy_excess,0.0571,0.00761358,0.0060947,0.0060947,2424.46201708
1989-01-01,HiTec_excess,0.0656,0.00808172,0.00619583,0.00619583,4923.88263171
1989-01-01,Telcm_excess,0.0781,0.00575,0.00606985,0.00606985,4923.88263171
1989-01-01,Shops_excess,0.0563,0.00726815,0.00662064,0.00662064,1193.77664171
1989-01-01,Hlth_excess,0.0626,0.00774637,0.0067644,0.0067644,4923.88263171
1989-01-01,Utils_excess,0.0212,0.00594919,0.00542279,0.00542279,4923.88263171
1989-01-01,Other_excess,0.0631,0.00609839,0.00514174,0.00514174,2424.46201708
1989-02-01,NoDur_excess,-0.0188,0.00667221,0.00660438,0.00660438,2424.46201708
1989-02-01,Durbl_excess,-0.0341,0.00905208,0.00499613,0.00499613,2424.46201708
1989-02-01,Manuf_excess,-0.0271,0.00720403,0.00475449,0.00475449,2424.46201708
1989-02-01,Enrgy_excess,-0.0189,0.00768,0.00561079,0.00561079,2424.46201708
1989-02-01,HiTec_excess,-0.0435,0.00815893,0.00588056,0.00588056,4923.88263171
1989-02-01,Telcm_excess,-0.0198,0.00584711,0.00626959,0.00626959,4923.88263171
1989-02-01,Shops_excess,-0.0248,0.00733396,0.00720816,0.00720816,1193.77664171
1989-02-01,Hlth_excess,-0.0185,0.00782,0.00666413,0.00666413,4923.88263171
1989-02-01,Utils_excess,-0.0239,0.00596966,0.00541842,0.00541842,4923.88263171
1989-02-01,Other_excess,-0.0113,0.0061749,0.00497942,0.00497942,2424.46201708
1989-03-01,NoDur_excess,0.0503,0.00663807,0.0057113,0.0057113,2424.46201708
1989-03-01,Durbl_excess,-0.0226,0.00899424,0.00373605,0.00373605,2424.46201708
1989-03-01,Manuf_excess,0.0052,0.00715804,0.00388418,0.00388418,2424.46201708
1989-03-01,Enrgy_excess,0.0322,0.00764437,0.00502822,0.00502822,2424.46201708
1989-03-01,HiTec_excess,-0.06,0.00808968,0.00560807,0.00560807,4923.88263171
1989-03-01,Telcm_excess,0.0462,0.00581273,0.00572452,0.00572452,4923.88263171
1989-03-01,Shops_excess,0.0196,0.00729088,0.00564612,0.00564612,1193.77664171
1989-03-01,Hlth_excess,0.0424,0.00778472,0.00664321,0.00664321,4923.88263171
1989-03-01,Utils_excess,-0.0012,0.00592962,0.00505814,0.00505814,4923.88263171
1989-03-01,Other_excess,0.029,0.00615147,0.00379361,0.00379361,2424.46201708
1989-04-01,NoDur_excess,0.0513,0.00669652,0.00587717,0.00587717,2424.46201708
1989-04-01,Durbl_excess,-0.0034,0.00895194,0.00359084,0.00359084,2424.46201708
1989-04-01,Manuf_excess,0.0467,0.00715542,0.00404145,0.00404145,2424.46201708
1989-04-01,Enrgy_excess,0.0182,0.00767724,0.00561754,0.00561754,2424.46201708
1989-04-01,HiTec_excess,0.0451,0.00799853,0.00510785,0.00510785,4923.88263171
1989-04-01,Telcm_excess,0.0887,0.0058668,0.00596446,0.00596446,4923.88263171
1989-04-01,Shops_excess,0.0468,0.00730736,0.00505091,0.00505091,1193.77664171
1989-04-01,Hlth_excess,0.0476,0.00783106,0.00634338,0.00634338,4923.88263171
1989-04-01,Utils_excess,0.033,0.00592008,0.00502933,0.00502933,4923.88263171
1989-04-01,Other_excess,0.0396,0.00618206,0.00435934,0.00435934,2424.46201708
1989-05-01,NoDur_excess,0.0414,0.00675615,0.00656526,0.00656526,2424.46201708
1989-05-01,Durbl_excess,0.0107,0.00893543,0.00359613,0.00359613,2424.46201708
1989-05-01,Manuf_excess,0.0289,0.00720829,0.00412711,0.00412711,2424.46201708
1989-05-01,Enrgy_excess,0.0191,0.00769131,0.00525583,0.00525583,2424.46201708
1989-05-01,HiTec_excess,0.0159,0.00804813,0.00534172,0.00534172,4923.88263171
1989-05-01,Telcm_excess,0.0513,0.00597754,0.00640476,0.00640476,4923.88263171
1989-05-01,Shops_excess,0.0449,0.00736016,0.00713716,0.00713716,1193.77664171
1989-05-01,Hlth_excess,0.0258,0.00788422,0.00669654,0.00669654,4923.88263171
1989-05-01,Utils_excess,0.0449,0.00595628,0.00534357,0.00534357,4923.88263171
1989-05-01,Other_excess,0.0345,0.00622674,0.00466997,0.00466997,2424.46201708
1989-06-01,NoDur_excess,0.0073,0.0068024,0.0073829,0.0073829,2424.46201708
1989-06-01,Durbl_excess,0.0074,0.00893778,0.00487135,0.00487135,2424.46201708
1989-06-01,Manuf_excess,-0.0338,0.00723725,0.00526506,0.00526506,2424.46201708
1989-06-01,Enrgy_excess,-0.0172,0.00770654,0.00609582,0.00609582,2424.46201708
1989-06-01,HiTec_excess,-0.0388,0.00805861,0.00566187,0.00566187,4923.88263171
1989-06-01,Telcm_excess,-0.0053,0.00603805,0.00688979,0.00688979,4923.88263171
1989-06-01,Shops_excess,-0.0284,0.00741028,0.008416,0.008416,1193.77664171
1989-06-01,Hlth_excess,-0.0366,0.00790814,0.00683011,0.00683011,4923.88263171
1989-06-01,Utils_excess,0.0271,0.00600828,0.00568003,0.00568003,4923.88263171
1989-06-01,Other_excess,0.0006,0.00626449,0.0059015,0.0059015,2424.46201708
1989-07-01,NoDur_excess,0.112,0.00680307,0.00734009,0.00734009,2424.46201708
1989-07-01,Durbl_excess,0.0454,0.00893573,0.00569351,0.00569351,2424.46201708
1989-07-01,Manuf_excess,0.0692,0.00718253,0.00569599,0.00569599,2424.46201708
1989-07-01,Enrgy_excess,0.0306,0.00767333,0.00657366,0.00657366,2424.46201708
1989-07-01,HiTec_excess,0.0225,0.00799613,0.00575584,0.00575584,4923.88263171
1989-07-01,Telcm_excess,0.0843,0.00602293,0.00685755,0.00685755,4923.88263171
1989-07-01,Shops_excess,0.0847,0.00736253,0.00721699,0.00721699,1193.77664171
1989-07-01,Hlth_excess,0.1287,0.0078488,0.00660636,0.00660636,4923.88263171
1989-07-01,Utils_excess,0.0511,0.0060364,0.00583524,0.00583524,4923.88263171
1989-07-01,Other_excess,0.0741,0.00625693,0.00619535,0.00619535,2424.46201708
1989-08-01,NoDur_excess,-0.0272,0.00694314,0.00703486,0.00703486,2424.46201708
1989-08-01,Durbl_excess,0.0415,0.00898429,0.00435854,0.00435854,2424.46201708
1989-08-01,Manuf_excess,0.0364,0.00726511,0.00492027,0.00492027,2424.46201708
1989-08-01,Enrgy_excess,0.0278,0.00770386,0.00549602,0.00549602,2424.46201708
1989-08-01,HiTec_excess,0.0173,0.00801545,0.00539363,0.00539363,4923.88263171
1989-08-01,Telcm_excess,0.0006,0.00612716,0.00678294,0.00678294,4923.88263171
1989-08-01,Shops_excess,0.0187,0.00746551,0.00714704,0.00714704,1193.77664171
1989-08-01,Hlth_excess,-0.0034,0.00800972,0.00698983,0.00698983,4923.88263171
1989-08-01,Utils_excess,-0.0154,0.0060964,0.00549697,0.00549697,4923.88263171
1989-08-01,Other_excess,0.0248,0.00634727,0.00505184,0.00505184,2424.46201708
1989-09-01,NoDur_excess,-0.0122,0.00689774,0.00568509,0.00568509,2424.46201708
1989-09-01,Durbl_excess,-0.0531,0.00902753,0.00267244,0.00267244,2424.46201708
1989-09-01,Manuf_excess,-0.0322,0.00730386,0.00339857,0.00339857,2424.46201708
1989-09-01,Enrgy_excess,0.007,0.00773059,0.00397461,0.00397461,2424.46201708
1989-09-01,HiTec_excess,-0.0338,0.00802779,0.00509082,0.00509082,4923.88263171
1989-09-01,Telcm_excess,0.0338,0.00611981,0.00610207,0.00610207,4923.88263171
1989-09-01,Shops_excess,-0.03,0.00748045,0.00588533,0.00588533,1193.77664171
1989-09-01,Hlth_excess,0.0169,0.00799455,0.00692611,0.00692611,4923.88263171
1989-09-01,Utils_excess,-0.0017,0.00606782,0.00494093,0.00494093,4923.88263171
1989-09-01,Other_excess,0.0075,0.00637181,0.00296491,0.00296491,2424.46201708
1989-10-01,NoDur_excess,-0.0313,0.00687238,0.00628893,0.00628893,2424.46201708
1989-10-01,Durbl_excess,-0.0641,0.00894502,0.00351746,0.00351746,2424.46201708
1989-10-01,Manuf_excess,-0.0502,0.00725139,0.00401843,0.00401843,2424.46201708
1989-10-01,Enrgy_excess,0.0007,0.00772961,0.00478136,0.00478136,2424.46201708
1989-10-01,HiTec_excess,-0.0501,0.00797224,0.00508329,0.00508329,4923.88263171
1989-10-01,Telcm_excess,-0.0264,0.00615657,0.00659918,0.00659918,4923.88263171
1989-10-01,Shops_excess,-0.0471,0.00743068,0.00652137,0.00652137,1193.77664171
1989-10-01,Hlth_excess,-0.0031,0.00800637,0.00692318,0.00692318,4923.88263171
1989-10-01,Utils_excess,0.0033,0.0060575,0.00506977,0.00506977,4923.88263171
1989-10-01,Other_excess,-0.0558,0.00637331,0.00413644,0.00413644,2424.46201708
1989-11-01,NoDur_excess,0.01,0.00682175,0.00651914,0.00651914,2424.46201708
1989-11-01,Durbl_excess,-0.0181,0.00884814,0.00469646,0.00469646,2424.46201708
1989-11-01,Manuf_excess,0.0238,0.0071752,0.0049548,0.0049548,2424.46201708
1989-11-01,Enrgy_excess,0.033,0.00772029,0.00586811,0.00586811,2424.46201708
1989-11-01,HiTec_excess,-0.0272,0.00789523,0.00491459,0.00491459,4923.88263171
1989-11-01,Telcm_excess,0.0142,0.0061134,0.00659599,0.00659599,4923.88263171
1989-11-01,Shops_excess,0.0053,0.00735836,0.0058044,0.0058044,1193.77664171
1989-11-01,Hlth_excess,0.0387,0.00799164,0.00669441,0.00669441,4923.88263171
1989-11-01,Utils_excess,0.0255,0.00605385,0.00529442,0.00529442,4923.88263171
1989-11-01,Other_excess,-0.0074,0.00629085,0.0049517,0.0049517,2424.46201708
1989-12-01,NoDur_excess,0.0078,0.00682596,0.00624849,0.00624849,2424.46201708
1989-12-01,Durbl_excess,-0.0196,0.00881245,0.0034406,0.0034406,2424.46201708
1989-12-01,Manuf_excess,0.0235,0.00719722,0.00423127,0.00423127,2424.46201708
1989-12-01,Enrgy_excess,0.0539,0.00775377,0.00514514,0.00514514,2424.46201708
1989-12-01,HiTec_excess,-0.0166,0.00784874,0.0049714,0.0049714,4923.88263171
1989-12-01,Telcm_excess,0.0524,0.00612411,0.00654567,0.00654567,4923.88263171
1989-12-01,Shops_excess,0.0061,0.00735563,0.00631396,0.00631396,1193.77664171
1989-12-01,Hlth_excess,0.0043,0.00803232,0.00704644,0.00704644,4923.88263171
1989-12-01,Utils_excess,0.0419,0.0060796,0.00523596,0.00523596,4923.88263171
1989-12-01,Other_excess,-0.0221,0.00627272,0.00409908,0.00409908,2424.46201708
1990-01-01,NoDur_excess,-0.1004,0.00682725,0.00578025,0.00578025,4923.88263171
1990-01-01,Durbl_excess,-0.0409,0.00877487,0.00223479,0.00223479,2424.46201708
1990-01-01,Manuf_excess,-0.0688,0.00721878,0.00311434,0.00311434,2424.46201708
1990-01-01,Enrgy_excess,-0.0485,0.00781481,0.00413456,0.00413456,2424.46201708
1990-01-01,HiTec_excess,-0.0204,0.0078164,0.00456136,0.00456136,4923.88263171
1990-01-01,Telcm_excess,-0.1361,0.00618532,0.00620294,0.00620294,20309.17620905
1990-01-01,Shops_excess,-0.0698,0.00735397,0.00505219,0.00505219,2424.46201708
1990-01-01,Hlth_excess,-0.0787,0.00802738,0.00671196,0.00671196,4923.88263171
1990-01-01,Utils_excess,-0.0592,0.00612698,0.00503543,0.00503543,4923.88263171
1990-01-01,Other_excess,-0.0949,0.00623519,0.00256525,0.00256525,2424.46201708
1990-02-01,NoDur_excess,-0.0112,0.0066856,0.00491896,0.00491896,4923.88263171
1990-02-01,Durbl_excess,0.0448,0.00870925,0.00037367,0.00037367,2424.46201708
1990-02-01,Manuf_excess,0.0199,0.00711836,0.0015927,0.0015927,2424.46201708
1990-02-01,Enrgy_excess,0.0254,0.00774042,0.00340398,0.00340398,2424.46201708
1990-02-01,HiTec_excess,0.0347,0.00777913,0.00385812,0.00385812,4923.88263171
1990-02-01,Telcm_excess,-0.0083,0.00599736,0.00581166,0.00581166,20309.17620905
1990-02-01,Shops_excess,0.0136,0.00725205,0.00410339,0.00410339,2424.46201708
1990-02-01,Hlth_excess,-0.0265,0.00791281,0.00611776,0.00611776,4923.88263171
1990-02-01,Utils_excess,-0.0036,0.00604069,0.00435923,0.00435923,4923.88263171
1990-02-01,Other_excess,0.0195,0.00610159,0.00114901,0.00114901,2424.46201708
1990-03-01,NoDur_excess,0.0399,0.00666201,0.00549477,0.00549477,4923.88263171
1990-03-01,Durbl_excess,0.0224,0.00875686,0.00231242,0.00231242,2424.46201708
1990-03-01,Manuf_excess,0.0324,0.00713522,0.00284006,0.00284006,2424.46201708
1990-03-01,Enrgy_excess,-0.0123,0.00776372,0.00424499,0.00424499,2424.46201708
1990-03-01,HiTec_excess,0.0399,0.00781464,0.00445535,0.00445535,4923.88263171
1990-03-01,Telcm_excess,0.0358,0.0059785,0.00593946,0.00593946,20309.17620905
1990-03-01,Shops_excess,0.0452,0.00726042,0.0047879,0.0047879,2424.46201708
1990-03-01,Hlth_excess,0.0316,0.00786741,0.00628129,0.00628129,4923.88263171
1990-03-01,Utils_excess,-0.0139,0.00602797,0.00472227,0.00472227,4923.88263171
1990-03-01,Other_excess,-0.0102,0.00611926,0.00241255,0.00241255,2424.46201708
1990-04-01,NoDur_excess,-0.0086,0.0067058,0.00556625,0.00556625,4923.88263171
1990-04-01,Durbl_excess,-0.0477,0.00877484,0.00220672,0.00220672,2424.46201708
1990-04-01,Manuf_excess,-0.0346,0.00716851,0.00282265,0.00282265,2424.46201708
1990-04-01,Enrgy_excess,-0.0427,0.00773729,0.0041621,0.0041621,2424.46201708
1990-04-01,HiTec_excess,-0.0263,0.00785692,0.00447775,0.00447775,4923.88263171
1990-04-01,Telcm_excess,-0.0398,0.00601779,0.00596928,0.00596928,20309.17620905
1990-04-01,Shops_excess,-0.0277,0.00731041,0.00496495,0.00496495,2424.46201708
1990-04-01,Hlth_excess,-0.0035,0.00789868,0.00632393,0.00632393,4923.88263171
1990-04-01,Utils_excess,-0.0621,0.00600171,0.00460997,0.00460997,4923.88263171
1990-04-01,Other_excess,-0.0411,0.00609776,0.00236546,0.00236546,2424.46201708
1990-05-01,NoDur_excess,0.0841,0.00668566,0.00565101,0.00565101,4923.88263171
1990-05-01,Durbl_excess,0.0707,0.00870053,0.00284803,0.00284803,2424.46201708
1990-05-01,Manuf_excess,0.0743,0.00711355,0.00301195,0.00301195,2424.46201708
1990-05-01,Enrgy_excess,0.0537,0.00767092,0.00419305,0.00419305,2424.46201708
1990-05-01,HiTec_excess,0.1173,0.00781197,0.0048018,0.0048018,4923.88263171
1990-05-01,Telcm_excess,0.0852,0.0059575,0.00588324,0.00588324,20309.17620905
1990-05-01,Shops_excess,0.1085,0.00726434,0.00495726,0.00495726,2424.46201708
1990-05-01,Hlth_excess,0.1213,0.00788368,0.0065725,0.0065725,4923.88263171
1990-05-01,Utils_excess,0.0475,0.00591211,0.0044167,0.0044167,4923.88263171
1990-05-01,Other_excess,0.085,0.00603566,0.00217459,0.00217459,2424.46201708
1990-06-01,NoDur_excess,0.0145,0.00678739,0.00648767,0.00648767,4923.88263171
1990-06-01,Durbl_excess,-0.0284,0.008782,0.00427085,0.00427085,2424.46201708
1990-06-01,Manuf_excess,-0.0118,0.00720184,0.00404757,0.00404757,2424.46201708
1990-06-01,Enrgy_excess,-0.0267,0.00773141,0.00449058,0.00449058,2424.46201708
1990-06-01,HiTec_excess,-0.019,0.00795585,0.0050522,0.0050522,4923.88263171
1990-06-01,Telcm_excess,-0.0537,0.00606163,0.00619871,0.00619871,20309.17620905
1990-06-01,Shops_excess,0.009,0.00739737,0.00632686,0.00632686,2424.46201708
1990-06-01,Hlth_excess,0.0379,0.00803272,0.00679284,0.00679284,4923.88263171
1990-06-01,Utils_excess,0.0012,0.00596675,0.00510591,0.00510591,4923.88263171
1990-06-01,Other_excess,-0.0236,0.00613942,0.00379397,0.00379397,2424.46201708
1990-07-01,NoDur_excess,-0.0147,0.00679751,0.00579687,0.00579687,4923.88263171
1990-07-01,Durbl_excess,-0.0413,0.0087332,0.00241242,0.00241242,2424.46201708
1990-07-01,Manuf_excess,-0.005,0.0071769,0.00286877,0.00286877,2424.46201708
1990-07-01,Enrgy_excess,0.0762,0.00768622,0.0037303,0.0037303,2424.46201708
1990-07-01,HiTec_excess,-0.0832,0.00792047,0.00443459,0.00443459,4923.88263171
1990-07-01,Telcm_excess,-0.051,0.0059832,0.00596854,0.00596854,20309.17620905
1990-07-01,Shops_excess,-0.0482,0.00739948,0.00503532,0.00503532,2424.46201708
1990-07-01,Hlth_excess,0.0199,0.00807192,0.00642981,0.00642981,4923.88263171
1990-07-01,Utils_excess,0.0022,0.0059605,0.00461082,0.00461082,4923.88263171
1990-07-01,Other_excess,-0.0426,0.00610039,0.00243999,0.00243999,2424.46201708
1990-08-01,NoDur_excess,-0.0803,0.00676933,0.00549636,0.00549636,4923.88263171
1990-08-01,Durbl_excess,-0.149,0.00866763,0.00188733,0.00188733,2424.46201708
1990-08-01,Manuf_excess,-0.1266,0.00716094,0.00240272,0.00240272,2424.46201708
1990-08-01,Enrgy_excess,-0.0196,0.00777602,0.00353041,0.00353041,2424.46201708
1990-08-01,HiTec_excess,-0.127,0.00780105,0.00424398,0.00424398,4923.88263171
1990-08-01,Telcm_excess,-0.1104,0.00590852,0.00582046,0.00582046,20309.17620905
1990-08-01,Shops_excess,-0.127,0.00732661,0.00437151,0.00437151,2424.46201708
1990-08-01,Hlth_excess,-0.0731,0.00808742,0.00642662,0.00642662,4923.88263171
1990-08-01,Utils_excess,-0.073,0.00595557,0.00448924,0.00448924,4923.88263171
1990-08-01,Other_excess,-0.1196,0.00603657,0.00162924,0.00162924,2424.46201708
1990-09-01,NoDur_excess,-0.0467,0.00665537,0.00490465,0.00490465,4923.88263171
1990-09-01,Durbl_excess,-0.1123,0.00846126,0.00109931,0.00109931,2424.46201708
1990-09-01,Manuf_excess,-0.086,0.00698586,0.00156797,0.00156797,2424.46201708
1990-09-01,Enrgy_excess,-0.0222,0.00774018,0.00345063,0.00345063,2424.46201708
1990-09-01,HiTec_excess,-0.0715,0.00762461,0.00394691,0.00394691,4923.88263171
1990-09-01,Telcm_excess,0.0122,0.00575628,0.00547948,0.00547948,20309.17620905
1990-09-01,Shops_excess,-0.0937,0.00715079,0.00362664,0.00362664,2424.46201708
1990-09-01,Hlth_excess,-0.0492,0.00798115,0.00621555,0.00621555,4923.88263171
1990-09-01,Utils_excess,-0.0012,0.00585223,0.00389089,0.00389089,4923.88263171
1990-09-01,Other_excess,-0.1057,0.00587212,0.00054505,0.00054505,2424.46201708
1990-10-01,NoDur_excess,0.0182,0.00658562,0.00592979,0.00592979,4923.88263171
1990-10-01,Durbl_excess,-0.0397,0.0083034,0.00355639,0.00355639,2424.46201708
1990-10-01,Manuf_excess,-0.0261,0.00686431,0.00349062,0.00349062,2424.46201708
1990-10-01,Enrgy_excess,-0.0465,0.00770105,0.00533724,0.00533724,2424.46201708
1990-10-01,HiTec_excess,-0.0385,0.00752118,0.00458323,0.00458323,4923.88263171
1990-10-01,Telcm_excess,0.0234,0.00576471,0.00574883,0.00574883,20309.17620905
1990-10-01,Shops_excess,-0.0372,0.00701895,0.00499012,0.00499012,2424.46201708
1990-10-01,Hlth_excess,0.0078,0.00790641,0.00649045,0.00649045,4923.88263171
1990-10-01,Utils_excess,0.0654,0.00584301,0.00466485,0.00466485,4923.88263171
1990-10-01,Other_excess,-0.0717,0.00572627,0.00311128,0.00311128,2424.46201708
1990-11-01,NoDur_excess,0.0599,0.00660078,0.00636698,0.00636698,4923.88263171
1990-11-01,Durbl_excess,0.036,0.00824073,0.00509393,0.00509393,2424.46201708
1990-11-01,Manuf_excess,0.068,0.00682128,0.00457544,0.00457544,2424.46201708
1990-11-01,Enrgy_excess,0.0105,0.00763029,0.00594578,0.00594578,2424.46201708
1990-11-01,HiTec_excess,0.1043,0.0074611,0.00491458,0.00491458,4923.88263171
1990-11-01,Telcm_excess,0.0155,0.00578773,0.00581941,0.00581941,20309.17620905
1990-11-01,Shops_excess,0.0986,0.00696123,0.00538862,0.00538862,2424.46201708
1990-11-01,Hlth_excess,0.0911,0.00790627,0.00676252,0.00676252,4923.88263171
1990-11-01,Utils_excess,0.0174,0.00592076,0.00504222,0.00504222,4923.88263171
1990-11-01,Other_excess,0.1006,0.0056252,0.00378048,0.00378048,2424.46201708
1990-12-01,NoDur_excess,0.038,0.00667027,0.00683848,0.00683848,4923.88263171
1990-12-01,Durbl_excess,-0.0101,0.00827692,0.00598052,0.00598052,2424.46201708
1990-12-01,Manuf_excess,0.0433,0.00690104,0.0053441,0.0053441,2424.46201708
1990-12-01,Enrgy_excess,-0.0264,0.00763403,0.0059749,0.0059749,2424.46201708
1990-12-01,HiTec_excess,0.0347,0.00758735,0.00548004,0.00548004,4923.88263171
1990-12-01,Telcm_excess,0.0091,0.00580039,0.00591967,0.00591967,20309.17620905
1990-12-01,Shops_excess,0.027,0.0070807,0.00637649,0.00637649,2424.46201708
1990-12-01,Hlth_excess,0.0227,0.00801473,0.00720956,0.00720956,4923.88263171
1990-12-01,Utils_excess,0.0019,0.00593572,0.00535215,0.00535215,4923.88263171
1990-12-01,Other_excess,0.0489,0.00574902,0.00467808,0.00467808,2424.46201708
1991-01-01,NoDur_excess,0.0458,0.00671107,0.00727079,0.00727079,2424.46201708
1991-01-01,Durbl_excess,0.0685,0.00825299,0.00599091,0.00599091,2424.46201708
1991-01-01,Manuf_excess,0.0578,0.00694844,0.00531646,0.00531646,2424.46201708
1991-01-01,Enrgy_excess,-0.0255,0.00758971,0.00546745,0.00546745,2424.46201708
1991-01-01,HiTec_excess,0.1456,0.00762266,0.0059361,0.0059361,4923.88263171
1991-01-01,Telcm_excess,-0.005,0.00580469,0.00586598,0.00586598,41246.26382901
1991-01-01,Shops_excess,0.0887,0.00710664,0.00712088,0.00712088,2424.46201708
1991-01-01,Hlth_excess,0.0426,0.00803385,0.00759472,0.00759472,4923.88263171
1991-01-01,Utils_excess,-0.0189,0.00593047,0.00537651,0.00537651,4923.88263171
1991-01-01,Other_excess,0.0687,0.00580521,0.00415278,0.00415278,1193.77664171
1991-02-01,NoDur_excess,0.0983,0.0067619,0.00637139,0.00637139,2424.46201708
1991-02-01,Durbl_excess,0.0979,0.00833134,0.00505022,0.00505022,2424.46201708
1991-02-01,Manuf_excess,0.0536,0.00701456,0.00447594,0.00447594,2424.46201708
1991-02-01,Enrgy_excess,0.0808,0.00754668,0.00475734,0.00475734,2424.46201708
1991-02-01,HiTec_excess,0.0551,0.00780208,0.00545384,0.00545384,4923.88263171
1991-02-01,Telcm_excess,0.0255,0.00579064,0.00580851,0.00580851,41246.26382901
1991-02-01,Shops_excess,0.0787,0.00721274,0.00639312,0.00639312,2424.46201708
1991-02-01,Hlth_excess,0.0968,0.0080788,0.00710223,0.00710223,4923.88263171
1991-02-01,Utils_excess,0.0436,0.00589818,0.00478726,0.00478726,4923.88263171
1991-02-01,Other_excess,0.0932,0.005887,0.0026148,0.0026148,1193.77664171
1991-03-01,NoDur_excess,0.0438,0.00688078,0.00692043,0.00692043,2424.46201708
1991-03-01,Durbl_excess,0.0078,0.00844766,0.00551505,0.00551505,2424.46201708
1991-03-01,Manuf_excess,0.0097,0.00707506,0.00439976,0.00439976,2424.46201708
1991-03-01,Enrgy_excess,0.0085,0.00764182,0.00438666,0.00438666,2424.46201708
1991-03-01,HiTec_excess,-0.0016,0.00786351,0.00583274,0.00583274,4923.88263171
1991-03-01,Telcm_excess,0.0186,0.00581623,0.00584166,0.00584166,41246.26382901
1991-03-01,Shops_excess,0.0816,0.00730558,0.00720653,0.00720653,2424.46201708
1991-03-01,Hlth_excess,0.058,0.00819403,0.00763729,0.00763729,4923.88263171
1991-03-01,Utils_excess,0.0128,0.00594714,0.00493102,0.00493102,4923.88263171
1991-03-01,Other_excess,0.0263,0.00600039,0.00256202,0.00256202,1193.77664171
1991-04-01,NoDur_excess,-0.0152,0.00692866,0.00680827,0.00680827,2424.46201708
1991-04-01,Durbl_excess,-0.0281,0.00844682,0.00513884,0.00513884,2424.46201708
1991-04-01,Manuf_excess,-0.0003,0.00707847,0.00411786,0.00411786,2424.46201708
1991-04-01,Enrgy_excess,0.0187,0.00764293,0.00423267,0.00423267,2424.46201708
1991-04-01,HiTec_excess,-0.0324,0.00785123,0.00565424,0.00565424,4923.88263171
1991-04-01,Telcm_excess,0.006,0.00583281,0.00585428,0.00585428,41246.26382901
1991-04-01,Shops_excess,0.0149,0.00740195,0.00710364,0.00710364,2424.46201708
1991-04-01,Hlth_excess,-0.0174,0.00825863,0.00761957,0.00761957,4923.88263171
1991-04-01,Utils_excess,-0.0058,0.00595603,0.00478793,0.00478793,4923.88263171
1991-04-01,Other_excess,0.0081,0.00602672,0.00230087,0.00230087,1193.77664171
1991-05-01,NoDur_excess,0.0314,0.0069,0.00666204,0.00666204,2424.46201708
1991-05-01,Durbl_excess,0.1441,0.00839948,0.00536758,0.00536758,2424.46201708
1991-05-01,Manuf_excess,0.0713,0.00706891,0.00429754,0.00429754,2424.46201708
1991-05-01,Enrgy_excess,-0.0189,0.00765725,0.00450835,0.00450835,2424.46201708
1991-05-01,HiTec_excess,0.0321,0.00779909,0.00546531,0.00546531,4923.88263171
1991-05-01,Telcm_excess,-0.0193,0.00583303,0.00585468,0.00585468,41246.26382901
1991-05-01,Shops_excess,0.0725,0.00741166,0.00674919,0.00674919,2424.46201708
1991-05-01,Hlth_excess,0.04,0.00822539,0.0074177,0.0074177,4923.88263171
1991-05-01,Utils_excess,-0.0032,0.0059408,0.00463852,0.00463852,4923.88263171
1991-05-01,Other_excess,0.0451,0.0060294,0.00233768,0.00233768,1193.77664171
1991-06-01,NoDur_excess,-0.0538,0.00693169,0.00589371,0.00589371,2424.46201708
1991-06-01,Durbl_excess,-0.0491,0.00857503,0.00445796,0.00445796,2424.46201708
1991-06-01,Manuf_excess,-0.0468,0.00715201,0.00336131,0.00336131,2424.46201708
1991-06-01,Enrgy_excess,-0.0408,0.0076229,0.00356367,0.00356367,2424.46201708
1991-06-01,HiTec_excess,-0.0928,0.00783053,0.00499551,0.00499551,4923.88263171
1991-06-01,Telcm_excess,-0.0191,0.00580052,0.00578255,0.00578255,41246.26382901
1991-06-01,Shops_excess,-0.0473,0.00749586,0.00620455,0.00620455,2424.46201708
1991-06-01,Hlth_excess,-0.0461,0.00826649,0.00717513,0.00717513,4923.88263171
1991-06-01,Utils_excess,-0.0279,0.00592898,0.0041592,0.0041592,4923.88263171
1991-06-01,Other_excess,-0.0566,0.00607995,0.00062185,0.00062185,1193.77664171
1991-07-01,NoDur_excess,0.0528,0.00685323,0.00527541,0.00527541,2424.46201708
1991-07-01,Durbl_excess,-0.0091,0.00850052,0.00376857,0.00376857,2424.46201708
1991-07-01,Manuf_excess,0.0262,0.0070823,0.00267826,0.00267826,2424.46201708
1991-07-01,Enrgy_excess,0.0454,0.00756034,0.00311274,0.00311274,2424.46201708
1991-07-01,HiTec_excess,0.0426,0.00770052,0.00468382,0.00468382,4923.88263171
1991-07-01,Telcm_excess,0.0262,0.00576835,0.00572474,0.00572474,41246.26382901
1991-07-01,Shops_excess,0.0482,0.00742506,0.00548605,0.00548605,2424.46201708
1991-07-01,Hlth_excess,0.0802,0.00819625,0.00690745,0.00690745,4923.88263171
1991-07-01,Utils_excess,0.035,0.00588527,0.00401276,0.00401276,4923.88263171
1991-07-01,Other_excess,0.0425,0.00599897,-0.00055951,0.0,1193.77664171
1991-08-01,NoDur_excess,0.0502,0.00691252,0.00601104,0.00601104,2424.46201708
1991-08-01,Durbl_excess,-0.0261,0.00847781,0.00428422,0.00428422,2424.46201708
1991-08-01,Manuf_excess,0.014,0.00710697,0.00317106,0.00317106,2424.46201708
1991-08-01,Enrgy_excess,0.0117,0.00760916,0.00327762,0.00327762,2424.46201708
1991-08-01,HiTec_excess,0.0238,0.00774555,0.00480339,0.00480339,4923.88263171
1991-08-01,Telcm_excess,0.002,0.00579471,0.00578248,0.00578248,41246.26382901
1991-08-01,Shops_excess,0.0314,0.00747768,0.00608433,0.00608433,2424.46201708
1991-08-01,Hlth_excess,0.0249,0.00828916,0.00716894,0.00716894,4923.88263171
1991-08-01,Utils_excess,0.0306,0.00592284,0.00423983,0.00423983,4923.88263171
1991-08-01,Other_excess,0.0275,0.00604606,0.00061886,0.00061886,1193.77664171
1991-09-01,NoDur_excess,-0.037,0.0069683,0.00604556,0.00604556,2424.46201708
1991-09-01,Durbl_excess,-0.0313,0.00843325,0.00431501,0.00431501,2424.46201708
1991-09-01,Manuf_excess,-0.0277,0.00711585,0.00339579,0.00339579,2424.46201708
1991-09-01,Enrgy_excess,-0.0114,0.00761443,0.00346416,0.00346416,2424.46201708
1991-09-01,HiTec_excess,-0.0194,0.00776624,0.00459863,0.00459863,4923.88263171
1991-09-01,Telcm_excess,-0.0009,0.00578982,0.00577683,0.00577683,41246.26382901
1991-09-01,Shops_excess,-0.0362,0.00750851,0.00573111,0.00573111,2424.46201708
1991-09-01,Hlth_excess,-0.0079,0.00831057,0.00694887,0.00694887,4923.88263171
1991-09-01,Utils_excess,0.0326,0.00595464,0.00417992,0.00417992,4923.88263171
1991-09-01,Other_excess,-0.0113,0.00607371,0.00096342,0.00096342,1193.77664171
1991-10-01,NoDur_excess,-0.0096,0.00691171,0.00536606,0.00536606,2424.46201708
1991-10-01,Durbl_excess,-0.0241,0.00838211,0.00324929,0.00324929,2424.46201708
1991-10-01,Manuf_excess,0.0106,0.00707104,0.00258266,0.00258266,2424.46201708
1991-10-01,Enrgy_excess,0.0164,0.00758996,0.00291727,0.00291727,2424.46201708
1991-10-01,HiTec_excess,0.0171,0.00773127,0.00437051,0.00437051,4923.88263171
1991-10-01,Telcm_excess,0.0151,0.00578121,0.00574739,0.00574739,41246.26382901
1991-10-01,Shops_excess,-0.0236,0.00745225,0.00512071,0.00512071,2424.46201708
1991-10-01,Hlth_excess,0.0611,0.0082897,0.00671321,0.00671321,4923.88263171
1991-10-01,Utils_excess,0.0083,0.00598893,0.00416297,0.00416297,4923.88263171
1991-10-01,Other_excess,0.0183,0.00605135,9.5e-05,9.5e-05,1193.77664171
1991-11-01,NoDur_excess,-0.0081,0.00689049,0.00464937,0.00464937,2424.46201708
1991-11-01,Durbl_excess,-0.0841,0.00834036,0.00273601,0.00273601,2424.46201708
1991-11-01,Manuf_excess,-0.0596,0.00707558,0.00201647,0.00201647,2424.46201708
1991-11-01,Enrgy_excess,-0.0814,0.00760129,0.002309,0.002309,2424.46201708
1991-11-01,HiTec_excess,-0.0471,0.00774332,0.00436956,0.00436956,4923.88263171
1991-11-01,Telcm_excess,-0.0514,0.00579319,0.00572068,0.00572068,41246.26382901
1991-11-01,Shops_excess,-0.0159,0.00741234,0.00442774,0.00442774,2424.46201708
1991-11-01,Hlth_excess,-0.0292,0.00835758,0.00683719,0.00683719,4923.88263171
1991-11-01,Utils_excess,0.0151,0.0059919,0.00384289,0.00384289,4923.88263171
1991-11-01,Other_excess,-0.058,0.0060671,-0.0017202,0.0,1193.77664171
1991-12-01,NoDur_excess,0.1439,0.00687125,0.00495872,0.00495872,2424.46201708
1991-12-01,Durbl_excess,0.0723,0.00822169,0.00335398,0.00335398,2424.46201708
1991-12-01,Manuf_excess,0.112,0.00698999,0.00220389,0.00220389,2424.46201708
1991-12-01,Enrgy_excess,0.0177,0.00748703,0.00231468,0.00231468,2424.46201708
1991-12-01,HiTec_excess,0.0891,0.00767291,0.00453554,0.00453554,4923.88263171
1991-12-01,Telcm_excess,0.0947,0.00571977,0.0056503,0.0056503,41246.26382901
1991-12-01,Shops_excess,0.1266,0.00738241,0.00491418,0.00491418,2424.46201708
1991-12-01,Hlth_excess,0.1622,0.00830937,0.00688656,0.00688656,4923.88263171
1991-12-01,Utils_excess,0.0463,0.00600359,0.00403788,0.00403788,4923.88263171
1991-12-01,Other_excess,0.1238,0.00598485,-0.00136179,0.0,1193.77664171
1992-01-01,NoDur_excess,-0.0346,0.00704692,0.00631476,0.00631476,1193.77664171
1992-01-01,Durbl_excess,0.1016,0.00830385,0.00390571,0.00390571,1193.77664171
1992-01-01,Manuf_excess,0.0197,0.00712462,0.00370437,0.00370437,2424.46201708
1992-01-01,Enrgy_excess,-0.0447,0.00750013,0.00066059,0.00066059,1193.77664171
1992-01-01,HiTec_excess,0.0609,0.00777731,0.00285735,0.00285735,2424.46201708
1992-01-01,Telcm_excess,-0.0322,0.00583385,0.00583558,0.00583558,41246.26382901
1992-01-01,Shops_excess,-0.0006,0.00753526,0.00468525,0.00468525,587.80160723
1992-01-01,Hlth_excess,-0.0578,0.00850667,0.00727249,0.00727249,4923.88263171
1992-01-01,Utils_excess,-0.0491,0.00605526,0.00424034,0.00424034,4923.88263171
1992-01-01,Other_excess,0.0165,0.0061359,0.0012796,0.0012796,1193.77664171
1992-02-01,NoDur_excess,0.0077,0.0069936,0.00311086,0.00311086,1193.77664171
1992-02-01,Durbl_excess,0.1208,0.0084233,-0.00025291,0.0,1193.77664171
1992-02-01,Manuf_excess,0.0192,0.00714072,0.00104871,0.00104871,2424.46201708
1992-02-01,Enrgy_excess,-0.0082,0.00743329,-0.00265376,0.0,1193.77664171
1992-02-01,HiTec_excess,0.0353,0.00784533,0.00249745,0.00249745,2424.46201708
1992-02-01,Telcm_excess,-0.0173,0.00578515,0.0056745,0.0056745,41246.26382901
1992-02-01,Shops_excess,0.0236,0.00752484,0.00196148,0.00196148,587.80160723
1992-02-01,Hlth_excess,-0.0302,0.00842177,0.0070953,0.0070953,4923.88263171
1992-02-01,Utils_excess,-0.0152,0.00598464,0.00341638,0.00341638,4923.88263171
1992-02-01,Other_excess,0.0279,0.00614917,-0.00377483,0.0,1193.77664171
1992-03-01,NoDur_excess,-0.0185,0.0069945,0.00398676,0.00398676,1193.77664171
1992-03-01,Durbl_excess,0.0046,0.00856701,0.00202974,0.00202974,1193.77664171
1992-03-01,Manuf_excess,-0.015,0.00715614,0.0019053,0.0019053,2424.46201708
1992-03-01,Enrgy_excess,-0.0306,0.0074133,-0.0018637,0.0,1193.77664171
1992-03-01,HiTec_excess,-0.0541,0.00788043,0.00254896,0.00254896,2424.46201708
1992-03-01,Telcm_excess,-0.0121,0.00575563,0.00567726,0.00567726,41246.26382901
1992-03-01,Shops_excess,-0.017,0.0075454,0.0027856,0.0027856,587.80160723
1992-03-01,Hlth_excess,-0.0587,0.00837238,0.00676548,0.00676548,4923.88263171
1992-03-01,Utils_excess,-0.0087,0.00595754,0.00347101,0.00347101,4923.88263171
1992-03-01,Other_excess,-0.0253,0.00617698,-0.00174779,0.0,1193.77664171
1992-04-01,NoDur_excess,0.0044,0.00696194,0.0015172,0.0015172,1193.77664171
1992-04-01,Durbl_excess,0.0763,0.00856194,-0.00099585,0.0,1193.77664171
1992-04-01,Manuf_excess,0.0271,0.00712784,0.00035285,0.00035285,2424.46201708
1992-04-01,Enrgy_excess,0.0914,0.00736475,-0.00347815,0.0,1193.77664171
1992-04-01,HiTec_excess,-0.0122,0.00780128,0.00106541,0.00106541,2424.46201708
1992-04-01,Telcm_excess,0.0678,0.00573282,0.00558949,0.00558949,41246.26382901
1992-04-01,Shops_excess,-0.0383,0.00751405,-0.00196661,0.0,587.80160723
1992-04-01,Hlth_excess,-0.0262,0.00828672,0.00595129,0.00595129,4923.88263171
1992-04-01,Utils_excess,0.0237,0.00593883,0.00293048,0.00293048,4923.88263171
1992-04-01,Other_excess,0.003,0.00613678,-0.00460189,0.0,1193.77664171
1992-05-01,NoDur_excess,0.0103,0.00695867,0.00326686,0.00326686,1193.77664171
1992-05-01,Durbl_excess,-0.0221,0.00864834,0.00251883,0.00251883,1193.77664171
1992-05-01,Manuf_excess,-0.0089,0.00715332,0.00171422,0.00171422,2424.46201708
1992-05-01,Enrgy_excess,0.0287,0.00747194,-0.00186841,0.0,1193.77664171
1992-05-01,HiTec_excess,-0.0018,0.00777577,0.00202432,0.00202432,2424.46201708
1992-05-01,Telcm_excess,-0.0289,0.00581199,0.00573257,0.00573257,41246.26382901
1992-05-01,Shops_excess,-0.0004,0.00745561,0.00033082,0.00033082,587.80160723
1992-05-01,Hlth_excess,0.0083,0.00824273,0.00632355,0.00632355,4923.88263171
1992-05-01,Utils_excess,0.0226,0.00596148,0.00335162,0.00335162,4923.88263171
1992-05-01,Other_excess,0.0119,0.00613278,-0.00282703,0.0,1193.77664171
1992-06-01,NoDur_excess,-0.0313,0.00696293,0.00520927,0.00520927,1193.77664171
1992-06-01,Durbl_excess,0.0186,0.00860917,0.00434502,0.00434502,1193.77664171
1992-06-01,Manuf_excess,-0.0357,0.00713287,0.0026181,0.0026181,2424.46201708
1992-06-01,Enrgy_excess,-0.0382,0.00749898,-0.00065551,0.0,1193.77664171
1992-06-01,HiTec_excess,-0.0437,0.00776357,0.00292416,0.00292416,2424.46201708
1992-06-01,Telcm_excess,0.0117,0.00576777,0.00573166,0.00573166,41246.26382901
1992-06-01,Shops_excess,-0.0224,0.00744561,0.00407381,0.00407381,587.80160723
1992-06-01,Hlth_excess,-0.051,0.0082428,0.00669017,0.00669017,4923.88263171
1992-06-01,Utils_excess,0.0022,0.00598268,0.00392728,0.00392728,4923.88263171
1992-06-01,Other_excess,-0.0038,0.00614013,-0.00036057,0.0,1193.77664171
1992-07-01,NoDur_excess,0.0436,0.00691425,0.00300048,0.00300048,1193.77664171
1992-07-01,Durbl_excess,-0.0001,0.00862188,0.00221053,0.00221053,1193.77664171
1992-07-01,Manuf_excess,0.026,0.00707837,0.0015386,0.0015386,2424.46201708
1992-07-01,Enrgy_excess,0.0497,0.00744084,-0.00147572,0.0,1193.77664171
1992-07-01,HiTec_excess,0.0255,0.00769809,0.00170994,0.00170994,2424.46201708
1992-07-01,Telcm_excess,0.0515,0.00577532,0.00569457,0.00569457,41246.26382901
1992-07-01,Shops_excess,0.0352,0.00740763,-0.00018227,0.0,587.80160723
1992-07-01,Hlth_excess,0.0548,0.00816743,0.0059429,0.0059429,4923.88263171
1992-07-01,Utils_excess,0.0642,0.00597786,0.00354021,0.00354021,4923.88263171
1992-07-01,Other_excess,0.0281,0.00612748,-0.00207814,0.0,1193.77664171
1992-08-01,NoDur_excess,0.0061,0.00696086,0.00452891,0.00452891,1193.77664171
1992-08-01,Durbl_excess,-0.0987,0.0086108,0.00428741,0.00428741,1193.77664171
1992-08-01,Manuf_excess,-0.0379,0.00710241,0.00263421,0.00263421,2424.46201708
1992-08-01,Enrgy_excess,0.0229,0.00749454,-0.0001335,0.0,1193.77664171
1992-08-01,HiTec_excess,-0.0464,0.00772071,0.00250562,0.00250562,2424.46201708
1992-08-01,Telcm_excess,-0.0123,0.00583342,0.00580436,0.00580436,41246.26382901
1992-08-01,Shops_excess,-0.0076,0.00744295,0.00219534,0.00219534,587.80160723
1992-08-01,Hlth_excess,-0.0372,0.00822668,0.00634514,0.00634514,4923.88263171
1992-08-01,Utils_excess,-0.0073,0.00605184,0.00401208,0.00401208,4923.88263171
1992-08-01,Other_excess,-0.0372,0.0061554,-0.00014117,0.0,1193.77664171
1992-09-01,NoDur_excess,0.008,0.00695977,0.00336592,0.00336592,1193.77664171
1992-09-01,Durbl_excess,-0.0016,0.00847462,0.00167621,0.00167621,1193.77664171
1992-09-01,Manuf_excess,0.0153,0.0070453,0.0014165,0.0014165,2424.46201708
1992-09-01,Enrgy_excess,-0.0013,0.00751409,-0.00076323,0.0,1193.77664171
1992-09-01,HiTec_excess,0.0307,0.00765203,0.00211274,0.00211274,2424.46201708
1992-09-01,Telcm_excess,0.0165,0.00581041,0.00573121,0.00573121,41246.26382901
1992-09-01,Shops_excess,0.0382,0.00742386,0.00097381,0.00097381,587.80160723
1992-09-01,Hlth_excess,-0.0512,0.00816904,0.00618831,0.00618831,4923.88263171
1992-09-01,Utils_excess,0.0057,0.0060349,0.0038161,0.0038161,4923.88263171
1992-09-01,Other_excess,0.0318,0.00610038,-0.00221281,0.0,1193.77664171
1992-10-01,NoDur_excess,-0.0105,0.00696109,0.00320603,0.00320603,1193.77664171
1992-10-01,Durbl_excess,-0.0025,0.00846185,0.00223164,0.00223164,1193.77664171
1992-10-01,Manuf_excess,0.0073,0.00705577,0.00199347,0.00199347,2424.46201708
1992-10-01,Enrgy_excess,-0.0373,0.00750292,5.226e-05,5.226e-05,1193.77664171
1992-10-01,HiTec_excess,0.0172,0.00768124,0.00211843,0.00211843,2424.46201708
1992-10-01,Telcm_excess,-0.0078,0.00582395,0.00575487,0.00575487,41246.26382901
1992-10-01,Shops_excess,0.0413,0.00746286,-1.936e-05,0.0,587.80160723
1992-10-01,Hlth_excess,0.0311,0.00809379,0.00585066,0.00585066,4923.88263171
1992-10-01,Utils_excess,-0.0065,0.00603447,0.00371109,0.00371109,4923.88263171
1992-10-01,Other_excess,0.0275,0.00613295,-0.0015119,0.0,1193.77664171
1992-11-01,NoDur_excess,0.0339,0.00693899,0.00208045,0.00208045,1193.77664171
1992-11-01,Durbl_excess,0.0835,0.00844797,0.00088936,0.00088936,1193.77664171
1992-11-01,Manuf_excess,0.037,0.00705608,0.00112523,0.00112523,2424.46201708
1992-11-01,Enrgy_excess,-0.0294,0.0074462,-0.00136321,0.0,1193.77664171
1992-11-01,HiTec_excess,0.0635,0.00769329,0.0020126,0.0020126,2424.46201708
1992-11-01,Telcm_excess,0.0365,0.00580671,0.00569887,0.00569887,41246.26382901
1992-11-01,Shops_excess,0.0685,0.0075057,-0.00053137,0.0,587.80160723
1992-11-01,Hlth_excess,0.0461,0.00812291,0.00597497,0.00597497,4923.88263171
1992-11-01,Utils_excess,-0.0046,0.00601861,0.00343724,0.00343724,4923.88263171
1992-11-01,Other_excess,0.0588,0.00616,-0.0031427,0.0,1193.77664171
1992-12-01,NoDur_excess,-0.0023,0.00697307,0.00451126,0.00451126,1193.77664171
1992-12-01,Durbl_excess,0.0307,0.00854286,0.00357021,0.00357021,1193.77664171
1992-12-01,Manuf_excess,0.0116,0.00709393,0.00224117,0.00224117,2424.46201708
1992-12-01,Enrgy_excess,0.0171,0.00739962,-0.00091769,0.0,1193.77664171
1992-12-01,HiTec_excess,-0.0026,0.00776384,0.00324304,0.00324304,2424.46201708
1992-12-01,Telcm_excess,0.0536,0.00584551,0.00580265,0.00580265,41246.26382901
1992-12-01,Shops_excess,0.0033,0.00758281,0.00433853,0.00433853,587.80160723
1992-12-01,Hlth_excess,-0.0163,0.00817092,0.00655914,0.00655914,4923.88263171
1992-12-01,Utils_excess,0.0243,0.00600518,0.0039426,0.0039426,4923.88263171
1992-12-01,Other_excess,0.0352,0.00622655,-0.00048165,0.0,1193.77664171
1993-01-01,NoDur_excess,-0.0103,0.00696136,0.00546663,0.00546663,1193.77664171
1993-01-01,Durbl_excess,0.0935,0.00857083,0.0050658,0.0050658,1193.77664171
1993-01-01,Manuf_excess,-0.0007,0.00709962,0.00306734,0.00306734,2424.46201708
1993-01-01,Enrgy_excess,0.0255,0.00741187,3.667e-05,3.667e-05,1193.77664171
1993-01-01,HiTec_excess,0.0457,0.00775076,0.00370371,0.00370371,2424.46201708
1993-01-01,Telcm_excess,0.011,0.00590581,0.00590411,0.00590411,41246.26382901
1993-01-01,Shops_excess,-0.0014,0.0075774,0.00546039,0.00546039,587.80160723
1993-01-01,Hlth_excess,-0.071,0.00814003,0.00660734,0.00660734,4923.88263171
1993-01-01,Utils_excess,0.0223,0.00602828,0.00430969,0.00430969,4923.88263171
1993-01-01,Other_excess,0.0313,0.00626313,0.00116644,0.00116644,1193.77664171
1993-02-01,NoDur_excess,-0.0236,0.0069396,0.00399016,0.00399016,1193.77664171
1993-02-01,Durbl_excess,-0.0052,0.00867793,0.00380642,0.00380642,1193.77664171
1993-02-01,Manuf_excess,0.0149,0.00708979,0.00222344,0.00222344,2424.46201708
1993-02-01,Enrgy_excess,0.058,0.00743468,-0.00018479,0.0,1193.77664171
1993-02-01,HiTec_excess,-0.0075,0.00779861,0.00270581,0.00270581,2424.46201708
1993-02-01,Telcm_excess,0.0538,0.00591223,0.00588933,0.00588933,41246.26382901
1993-02-01,Shops_excess,-0.017,0.00756608,0.00302338,0.00302338,587.80160723
1993-02-01,Hlth_excess,-0.0923,0.00804023,0.00577186,0.00577186,4923.88263171
1993-02-01,Utils_excess,0.0601,0.0060488,0.00398257,0.00398257,4923.88263171
1993-02-01,Other_excess,0.0013,0.0062947,0.00044795,0.00044795,1193.77664171
1993-03-01,NoDur_excess,-0.0025,0.00690113,0.00361519,0.00361519,1193.77664171
1993-03-01,Durbl_excess,0.0515,0.00866045,0.00389797,0.00389797,1193.77664171
1993-03-01,Manuf_excess,0.0195,0.00709962,0.00254749,0.00254749,2424.46201708
1993-03-01,Enrgy_excess,0.0384,0.00749836,0.00070025,0.00070025,1193.77664171
1993-03-01,HiTec_excess,0.02,0.00777935,0.00262939,0.00262939,2424.46201708
1993-03-01,Telcm_excess,0.031,0.00597254,0.00595784,0.00595784,41246.26382901
1993-03-01,Shops_excess,0.0253,0.00753514,0.00191784,0.00191784,587.80160723
1993-03-01,Hlth_excess,0.0048,0.00791385,0.00537225,0.00537225,4923.88263171
1993-03-01,Utils_excess,0.0151,0.00611688,0.00417202,0.00417202,4923.88263171
1993-03-01,Other_excess,0.0355,0.00628841,0.00050945,0.00050945,1193.77664171
1993-04-01,NoDur_excess,-0.0956,0.00688931,0.00211695,0.00211695,1193.77664171
1993-04-01,Durbl_excess,0.022,0.00871434,0.00159386,0.00159386,1193.77664171
1993-04-01,Manuf_excess,-0.002,0.00711522,0.00123262,0.00123262,2424.46201708
1993-04-01,Enrgy_excess,0.0086,0.00753723,-0.00059519,0.0,1193.77664171
1993-04-01,HiTec_excess,-0.0382,0.00779472,0.00201245,0.00201245,2424.46201708
1993-04-01,Telcm_excess,-0.0312,0.00600403,0.00594432,0.00594432,41246.26382901
1993-04-01,Shops_excess,-0.0833,0.00755748,0.00049837,0.00049837,587.80160723
1993-04-01,Hlth_excess,0.0105,0.00790994,0.00528755,0.00528755,4923.88263171
1993-04-01,Utils_excess,-0.0039,0.00612818,0.00383652,0.00383652,4923.88263171
1993-04-01,Other_excess,-0.0352,0.00632516,-0.00181706,0.0,1193.77664171
1993-05-01,NoDur_excess,0.0245,0.00676055,0.0017962,0.0017962,1193.77664171
1993-05-01,Durbl_excess,0.0088,0.00873103,0.00259115,0.00259115,1193.77664171
1993-05-01,Manuf_excess,0.0212,0.00710377,0.00161222,0.00161222,2424.46201708
1993-05-01,Enrgy_excess,0.016,0.00753857,-0.00029816,0.0,1193.77664171
1993-05-01,HiTec_excess,0.0852,0.00773693,0.00218738,0.00218738,2424.46201708
1993-05-01,Telcm_excess,0.0394,0.00595729,0.00590025,0.00590025,41246.26382901
1993-05-01,Shops_excess,0.0565,0.00744334,1.134e-05,1.134e-05,587.80160723
1993-05-01,Hlth_excess,0.0338,0.00791319,0.00538087,0.00538087,4923.88263171
1993-05-01,Utils_excess,-0.0026,0.00611558,0.00393634,0.00393634,4923.88263171
1993-05-01,Other_excess,0.0142,0.00627299,-0.00153651,0.0,1193.77664171
1993-06-01,NoDur_excess,-0.0094,0.00678281,0.00184319,0.00184319,1193.77664171
1993-06-01,Durbl_excess,0.032,0.00873112,0.00248951,0.00248951,1193.77664171
1993-06-01,Manuf_excess,-0.0052,0.00712146,0.00159841,0.00159841,2424.46201708
1993-06-01,Enrgy_excess,-0.0136,0.00754918,-0.00062545,0.0,1193.77664171
1993-06-01,HiTec_excess,-0.0077,0.00783413,0.00256051,0.00256051,2424.46201708
1993-06-01,Telcm_excess,0.0439,0.00599925,0.00594789,0.00594789,41246.26382901
1993-06-01,Shops_excess,-0.0314,0.00750489,0.00029321,0.00029321,587.80160723
1993-06-01,Hlth_excess,-0.0323,0.00794567,0.00546969,0.00546969,4923.88263171
1993-06-01,Utils_excess,0.0294,0.00610464,0.00384749,0.00384749,4923.88263171
1993-06-01,Other_excess,0.0205,0.00628294,-0.00178378,0.0,1193.77664171
1993-07-01,NoDur_excess,-0.026,0.00676253,0.00277158,0.00277158,1193.77664171
1993-07-01,Durbl_excess,0.0125,0.00876028,0.00393283,0.00393283,1193.77664171
1993-07-01,Manuf_excess,-0.0035,0.00710602,0.00249632,0.00249632,2424.46201708
1993-07-01,Enrgy_excess,0.0023,0.00752268,0.0005498,0.0005498,1193.77664171
1993-07-01,HiTec_excess,-0.0408,0.00781466,0.0026739,0.0026739,2424.46201708
1993-07-01,Telcm_excess,0.019,0.00604674,0.00604508,0.00604508,41246.26382901
1993-07-01,Shops_excess,0.0049,0.00745614,0.00090432,0.00090432,587.80160723
1993-07-01,Hlth_excess,-0.0622,0.00789524,0.00522517,0.00522517,4923.88263171
1993-07-01,Utils_excess,0.017,0.00613383,0.00421017,0.00421017,4923.88263171
1993-07-01,Other_excess,0.0182,0.00630075,0.00032208,0.00032208,1193.77664171
1993-08-01,NoDur_excess,0.0405,0.00672153,0.00183459,0.00183459,1193.77664171
1993-08-01,Durbl_excess,0.0022,0.00876496,0.00290151,0.00290151,1193.77664171
1993-08-01,Manuf_excess,0.0323,0.00709274,0.00190079,0.00190079,2424.46201708
1993-08-01,Enrgy_excess,0.0403,0.00751615,-0.00018461,0.0,1193.77664171
1993-08-01,HiTec_excess,0.0632,0.00775382,0.00253093,0.00253093,2424.46201708
1993-08-01,Telcm_excess,0.05,0.00606295,0.00602838,0.00602838,41246.26382901
1993-08-01,Shops_excess,0.0368,0.00745294,3.447e-05,3.447e-05,587.80160723
1993-08-01,Hlth_excess,0.0278,0.00780751,0.0051398,0.0051398,4923.88263171
1993-08-01,Utils_excess,0.0345,0.00614743,0.00413102,0.00413102,4923.88263171
1993-08-01,Other_excess,0.0322,0.00631564,-0.00098534,0.0,1193.77664171
1993-09-01,NoDur_excess,-0.021,0.00676375,0.00216856,0.00216856,1193.77664171
1993-09-01,Durbl_excess,0.0074,0.00875675,0.00266687,0.00266687,1193.77664171
1993-09-01,Manuf_excess,-0.0215,0.00712425,0.00218202,0.00218202,2424.46201708
1993-09-01,Enrgy_excess,0.0108,0.00755712,0.00055213,0.00055213,1193.77664171
1993-09-01,HiTec_excess,0.0094,0.00782312,0.00233022,0.00233022,2424.46201708
1993-09-01,Telcm_excess,-0.0074,0.00611787,0.00611221,0.00611221,41246.26382901
1993-09-01,Shops_excess,-0.0064,0.00748962,0.00046984,0.00046984,587.80160723
1993-09-01,Hlth_excess,0.0058,0.0078325,0.00489953,0.00489953,4923.88263171
1993-09-01,Utils_excess,-0.009,0.00618287,0.00424444,0.00424444,4923.88263171
1993-09-01,Other_excess,0.0152,0.006348,6.731e-05,6.731e-05,1193.77664171
1993-10-01,NoDur_excess,0.0582,0.00672909,0.00131571,0.00131571,1193.77664171
1993-10-01,Durbl_excess,0.0751,0.00875506,0.00106904,0.00106904,1193.77664171
1993-10-01,Manuf_excess,0.0286,0.00708851,0.00097265,0.00097265,2424.46201708
1993-10-01,Enrgy_excess,-0.0219,0.00756117,-0.00087411,0.0,1193.77664171
1993-10-01,HiTec_excess,0.0143,0.00782509,0.00251991,0.00251991,2424.46201708
1993-10-01,Telcm_excess,0.022,0.006101,0.0060372,0.0060372,41246.26382901
1993-10-01,Shops_excess,0.0437,0.00747228,0.0003759,0.0003759,587.80160723
1993-10-01,Hlth_excess,0.0571,0.00782996,0.00525159,0.00525159,4923.88263171
1993-10-01,Utils_excess,-0.0219,0.00616392,0.00410459,0.00410459,4923.88263171
1993-10-01,Other_excess,-0.0255,0.00635905,-0.00201661,0.0,1193.77664171
1993-11-01,NoDur_excess,0.0044,0.00679327,0.00066142,0.00066142,1193.77664171
1993-11-01,Durbl_excess,0.0042,0.00883778,0.00031961,0.00031961,1193.77664171
1993-11-01,Manuf_excess,0.0109,0.00711534,0.00079941,0.00079941,2424.46201708
1993-11-01,Enrgy_excess,-0.0624,0.00752444,-0.00081009,0.0,1193.77664171
1993-11-01,HiTec_excess,-0.0048,0.00783317,0.00172879,0.00172879,2424.46201708
1993-11-01,Telcm_excess,-0.0621,0.00612082,0.00605012,0.00605012,41246.26382901
1993-11-01,Shops_excess,0.0051,0.00751746,-0.00155131,0.0,587.80160723
1993-11-01,Hlth_excess,0.0073,0.0078914,0.00495992,0.00495992,4923.88263171
1993-11-01,Utils_excess,-0.0577,0.00612893,0.00375162,0.00375162,4923.88263171
1993-11-01,Other_excess,-0.0308,0.00631933,-0.00250849,0.0,1193.77664171
1993-12-01,NoDur_excess,0.0124,0.00679029,0.00044153,0.00044153,1193.77664171
1993-12-01,Durbl_excess,0.0421,0.008832,-5.278e-05,0.0,1193.77664171
1993-12-01,Manuf_excess,0.0353,0.00712005,0.00029275,0.00029275,2424.46201708
1993-12-01,Enrgy_excess,0.0037,0.00743736,-0.00239894,0.0,1193.77664171
1993-12-01,HiTec_excess,0.0272,0.00781743,0.00223999,0.00223999,2424.46201708
1993-12-01,Telcm_excess,-0.0076,0.00603587,0.00591811,0.00591811,41246.26382901
1993-12-01,Shops_excess,-0.0211,0.00751445,-0.00157527,0.0,587.80160723
1993-12-01,Hlth_excess,0.0209,0.00789066,0.00537773,0.00537773,4923.88263171
1993-12-01,Utils_excess,0.0138,0.00604944,0.00358678,0.00358678,4923.88263171
1993-12-01,Other_excess,0.023,0.0062731,-0.00428023,0.0,1193.77664171
1994-01-01,NoDur_excess,-0.0066,0.00679726,0.00230224,0.00230224,1193.77664171
1994-01-01,Durbl_excess,0.0692,0.00887338,0.00393029,0.00393029,2424.46201708
1994-01-01,Manuf_excess,0.046,0.0071551,0.00144447,0.00144447,2424.46201708
1994-01-01,Enrgy_excess,0.0463,0.00743271,0.00111248,0.00111248,2424.46201708
1994-01-01,HiTec_excess,0.0437,0.00784154,0.00312965,0.00312965,2424.46201708
1994-01-01,Telcm_excess,0.0192,0.00601891,0.00601891,0.00601891,1e+16
1994-01-01,Shops_excess,0.0085,0.00747886,0.0025827,0.0025827,1193.77664171
1994-01-01,Hlth_excess,0.0149,0.00790684,0.00561612,0.00561612,4923.88263171
1994-01-01,Utils_excess,-0.0145,0.00605908,0.00411462,0.00411462,4923.88263171
1994-01-01,Other_excess,0.0411,0.00629391,-0.00176118,0.0,1193.77664171
1994-02-01,NoDur_excess,-0.0148,0.00678062,0.00188123,0.00188123,1193.77664171
1994-02-01,Durbl_excess,-0.0464,0.00894832,0.0039884,0.0039884,2424.46201708
1994-02-01,Manuf_excess,-0.0088,0.00720335,0.00175858,0.00175858,2424.46201708
1994-02-01,Enrgy_excess,-0.0317,0.00748099,0.00167571,0.00167571,2424.46201708
1994-02-01,HiTec_excess,0.0151,0.00788609,0.00254966,0.00254966,2424.46201708
1994-02-01,Telcm_excess,-0.0571,0.00603528,0.00603528,0.00603528,1e+16
1994-02-01,Shops_excess,0.0167,0.00748012,0.00179695,0.00179695,1193.77664171
1994-02-01,Hlth_excess,-0.0563,0.00791553,0.00518178,0.00518178,4923.88263171
1994-02-01,Utils_excess,-0.0519,0.00603354,0.00390024,0.00390024,4923.88263171
1994-02-01,Other_excess,-0.0406,0.00633714,-0.0009446,0.0,1193.77664171
1994-03-01,NoDur_excess,-0.0431,0.00675385,-0.00059485,0.0,1193.77664171
1994-03-01,Durbl_excess,-0.0675,0.00887965,0.00131124,0.00131124,2424.46201708
1994-03-01,Manuf_excess,-0.0468,0.0071835,-0.000455,0.0,2424.46201708
1994-03-01,Enrgy_excess,-0.0385,0.00743238,-0.00011369,0.0,2424.46201708
1994-03-01,HiTec_excess,-0.0407,0.00789504,0.00183751,0.00183751,2424.46201708
1994-03-01,Telcm_excess,-0.0388,0.00595695,0.00595695,0.00595695,1e+16
1994-03-01,Shops_excess,-0.0511,0.00749156,-0.00013277,0.0,1193.77664171
1994-03-01,Hlth_excess,-0.0702,0.00783586,0.00515417,0.00515417,4923.88263171
1994-03-01,Utils_excess,-0.0421,0.00596166,0.00320776,0.00320776,4923.88263171
1994-03-01,Other_excess,-0.0456,0.00627891,-0.00567631,0.0,1193.77664171
1994-04-01,NoDur_excess,0.0096,0.00669207,-0.00168088,0.0,1193.77664171
1994-04-01,Durbl_excess,-0.0086,0.00878501,0.00107998,0.00107998,2424.46201708
1994-04-01,Manuf_excess,-0.0023,0.0071166,-0.00039847,0.0,2424.46201708
1994-04-01,Enrgy_excess,0.0392,0.00737546,0.0003872,0.0003872,2424.46201708
1994-04-01,HiTec_excess,-0.018,0.00783482,0.00119377,0.00119377,2424.46201708
1994-04-01,Telcm_excess,0.0132,0.00590149,0.00590149,0.00590149,1e+16
1994-04-01,Shops_excess,-0.0006,0.00741896,-0.0022179,0.0,1193.77664171
1994-04-01,Hlth_excess,0.0198,0.00773916,0.00457758,0.00457758,4923.88263171
1994-04-01,Utils_excess,0.0186,0.00590211,0.00279934,0.00279934,4923.88263171
1994-04-01,Other_excess,0.011,0.00621462,-0.00595342,0.0,1193.77664171
1994-05-01,NoDur_excess,-0.0166,0.00669567,0.00130336,0.00130336,1193.77664171
1994-05-01,Durbl_excess,-0.0295,0.00876349,0.00303993,0.00303993,2424.46201708
1994-05-01,Manuf_excess,0.0173,0.00710495,0.0009771,0.0009771,2424.46201708
1994-05-01,Enrgy_excess,0.0063,0.00741485,0.00128909,0.00128909,2424.46201708
1994-05-01,HiTec_excess,0.0178,0.00780285,0.00246906,0.00246906,2424.46201708
1994-05-01,Telcm_excess,0.0132,0.00591052,0.00591052,0.00591052,1e+16
1994-05-01,Shops_excess,-0.0212,0.00740903,0.00133744,0.00133744,1193.77664171
1994-05-01,Hlth_excess,0.04,0.00775408,0.00523368,0.00523368,4923.88263171
1994-05-01,Utils_excess,-0.0567,0.00591782,0.00365189,0.00365189,4923.88263171
1994-05-01,Other_excess,0.0273,0.00622054,-0.00280224,0.0,1193.77664171
1994-06-01,NoDur_excess,-0.0221,0.00666687,0.0012673,0.0012673,1193.77664171
1994-06-01,Durbl_excess,-0.0373,0.00871619,0.00249048,0.00249048,2424.46201708
1994-06-01,Manuf_excess,-0.0292,0.00711755,0.00092288,0.00092288,2424.46201708
1994-06-01,Enrgy_excess,-0.0301,0.00741347,0.00124331,0.00124331,2424.46201708
1994-06-01,HiTec_excess,-0.0546,0.0078152,0.0023731,0.0023731,2424.46201708
1994-06-01,Telcm_excess,0.0031,0.00591953,0.00591953,0.00591953,1e+16
1994-06-01,Shops_excess,-0.0294,0.00737367,0.00095726,0.00095726,1193.77664171
1994-06-01,Hlth_excess,-0.0373,0.00779394,0.00526998,0.00526998,4923.88263171
1994-06-01,Utils_excess,-0.0346,0.00584042,0.00352302,0.00352302,4923.88263171
1994-06-01,Other_excess,-0.0292,0.0062466,-0.0026183,0.0,1193.77664171
1994-07-01,NoDur_excess,0.0264,0.00663136,0.00124255,0.00124255,1193.77664171
1994-07-01,Durbl_excess,0.032,0.00865938,0.00255614,0.00255614,2424.46201708
1994-07-01,Manuf_excess,0.0431,0.00707272,0.00113416,0.00113416,2424.46201708
1994-07-01,Enrgy_excess,0.0297,0.00736716,0.00170209,0.00170209,2424.46201708
1994-07-01,HiTec_excess,0.035,0.00773815,0.00212517,0.00212517,2424.46201708
1994-07-01,Telcm_excess,0.0282,0.00591605,0.00591605,0.00591605,1e+16
1994-07-01,Shops_excess,0.0066,0.00732827,0.00101044,0.00101044,1193.77664171
1994-07-01,Hlth_excess,0.0082,0.00773827,0.00519288,0.00519288,4923.88263171
1994-07-01,Utils_excess,0.0491,0.00579049,0.00343863,0.00343863,4923.88263171
1994-07-01,Other_excess,0.0242,0.00620284,-0.00214775,0.0,1193.77664171
1994-08-01,NoDur_excess,0.0568,0.00665573,0.00381628,0.00381628,1193.77664171
1994-08-01,Durbl_excess,-0.0041,0.00868816,0.00421146,0.00421146,2424.46201708
1994-08-01,Manuf_excess,0.0436,0.00711714,0.00272952,0.00272952,2424.46201708
1994-08-01,Enrgy_excess,-0.0047,0.0073947,0.0027602,0.0027602,2424.46201708
1994-08-01,HiTec_excess,0.0882,0.00777176,0.00310901,0.00310901,2424.46201708
1994-08-01,Telcm_excess,0.0065,0.00594353,0.00594353,0.00594353,1e+16
1994-08-01,Shops_excess,0.0404,0.00732737,0.00364571,0.00364571,1193.77664171
1994-08-01,Hlth_excess,0.105,0.00773884,0.00541467,0.00541467,4923.88263171
1994-08-01,Utils_excess,0.0029,0.0058439,0.0042392,0.0042392,4923.88263171
1994-08-01,Other_excess,0.0311,0.00622503,0.00131114,0.00131114,1193.77664171
1994-09-01,NoDur_excess,-0.0069,0.00671749,0.00172135,0.00172135,1193.77664171
1994-09-01,Durbl_excess,-0.0543,0.00867241,0.00177676,0.00177676,2424.46201708
1994-09-01,Manuf_excess,-0.0202,0.00716207,0.00106502,0.00106502,2424.46201708
1994-09-01,Enrgy_excess,-0.0247,0.0073798,0.00145594,0.00145594,2424.46201708
1994-09-01,HiTec_excess,-0.0076,0.00787081,0.00215992,0.00215992,2424.46201708
1994-09-01,Telcm_excess,-0.0152,0.00594421,0.00594421,0.00594421,1e+16
1994-09-01,Shops_excess,-0.0269,0.0073681,0.00149471,0.00149471,1193.77664171
1994-09-01,Hlth_excess,0.0134,0.00785862,0.00542883,0.00542883,4923.88263171
1994-09-01,Utils_excess,-0.0316,0.00584027,0.00357117,0.00357117,4923.88263171
1994-09-01,Other_excess,-0.0458,0.00625567,-0.00205695,0.0,1193.77664171
1994-10-01,NoDur_excess,0.0182,0.00670074,0.00066187,0.00066187,1193.77664171
1994-10-01,Durbl_excess,-0.0212,0.00859496,0.00108203,0.00108203,2424.46201708
1994-10-01,Manuf_excess,0.0019,0.00712841,0.00047445,0.00047445,2424.46201708
1994-10-01,Enrgy_excess,0.0702,0.00734034,0.00111296,0.00111296,2424.46201708
1994-10-01,HiTec_excess,0.0669,0.00785178,0.0019113,0.0019113,2424.46201708
1994-10-01,Telcm_excess,-0.0051,0.0059182,0.0059182,0.0059182,1e+16
1994-10-01,Shops_excess,0.0092,0.00732595,2.649e-05,2.649e-05,1193.77664171
1994-10-01,Hlth_excess,0.0053,0.00786544,0.00544709,0.00544709,4923.88263171
1994-10-01,Utils_excess,0.0121,0.00579422,0.0032412,0.0032412,4923.88263171
1994-10-01,Other_excess,-0.0032,0.00619164,-0.00375993,0.0,1193.77664171
1994-11-01,NoDur_excess,-0.0204,0.00671486,0.00245709,0.00245709,1193.77664171
1994-11-01,Durbl_excess,-0.0544,0.00855835,0.00236487,0.00236487,2424.46201708
1994-11-01,Manuf_excess,-0.0571,0.00712199,0.00169184,0.00169184,2424.46201708
1994-11-01,Enrgy_excess,-0.0523,0.00741757,0.00219881,0.00219881,2424.46201708
1994-11-01,HiTec_excess,-0.0246,0.00792432,0.00281949,0.00281949,2424.46201708
1994-11-01,Telcm_excess,-0.0579,0.00590467,0.00590467,0.00590467,1e+16
1994-11-01,Shops_excess,-0.0379,0.00732826,0.00154572,0.00154572,1193.77664171
1994-11-01,Hlth_excess,0.0006,0.00786229,0.00565137,0.00565137,4923.88263171
1994-11-01,Utils_excess,-0.0009,0.00580197,0.00371969,0.00371969,4923.88263171
1994-11-01,Other_excess,-0.0555,0.0061801,-0.00145047,0.0,1193.77664171
1994-12-01,NoDur_excess,0.0089,0.0066816,0.0029995,0.0029995,1193.77664171
1994-12-01,Durbl_excess,0.0344,0.0084811,0.00245018,0.00245018,2424.46201708
1994-12-01,Manuf_excess,0.0356,0.00704319,0.00199506,0.00199506,2424.46201708
1994-12-01,Enrgy_excess,-0.0143,0.00734429,0.0026279,0.0026279,2424.46201708
1994-12-01,HiTec_excess,0.0202,0.00788442,0.00301861,0.00301861,2424.46201708
1994-12-01,Telcm_excess,0.0042,0.00582638,0.00582638,0.00582638,1e+16
1994-12-01,Shops_excess,-0.0314,0.00727276,0.00193404,0.00193404,1193.77664171
1994-12-01,Hlth_excess,0.0013,0.00785337,0.00580403,0.00580403,4923.88263171
1994-12-01,Utils_excess,-0.0009,0.00579374,0.00401271,0.00401271,4923.88263171
1994-12-01,Other_excess,0.0096,0.00610442,-0.00063797,0.0,1193.77664171
1995-01-01,NoDur_excess,0.0139,0.00668431,0.00480931,0.00480931,1193.77664171
1995-01-01,Durbl_excess,-0.0617,0.00851287,0.00191288,0.00191288,1193.77664171
1995-01-01,Manuf_excess,-0.0082,0.00707819,0.0028582,0.0028582,2424.46201708
1995-01-01,Enrgy_excess,-0.0005,0.00731777,0.00154714,0.00154714,1193.77664171
1995-01-01,HiTec_excess,-0.0122,0.00789951,0.00389562,0.00389562,2424.46201708
1995-01-01,Telcm_excess,0.0374,0.00582439,0.00582439,0.00582439,1e+16
1995-01-01,Shops_excess,0.0117,0.00722537,0.00380985,0.00380985,587.80160723
1995-01-01,Hlth_excess,0.0564,0.00784534,0.00628974,0.00628974,4923.88263171
1995-01-01,Utils_excess,0.058,0.00578554,0.00452473,0.00452473,4923.88263171
1995-01-01,Other_excess,0.0426,0.0061087,0.0010986,0.0010986,1193.77664171
1995-02-01,NoDur_excess,0.0254,0.00669315,0.00438025,0.00438025,1193.77664171
1995-02-01,Durbl_excess,0.0472,0.00842693,0.00038228,0.00038228,1193.77664171
1995-02-01,Manuf_excess,0.0514,0.00705949,0.00245979,0.00245979,2424.46201708
1995-02-01,Enrgy_excess,0.041,0.0073082,0.00154239,0.00154239,1193.77664171
1995-02-01,HiTec_excess,0.0626,0.00787491,0.00306481,0.00306481,2424.46201708
1995-02-01,Telcm_excess,0.0111,0.00586304,0.00586304,0.00586304,1e+16
1995-02-01,Shops_excess,0.0226,0.00723084,0.00335037,0.00335037,587.80160723
1995-02-01,Hlth_excess,0.0192,0.00790477,0.00606637,0.00606637,4923.88263171
1995-02-01,Utils_excess,0.0042,0.00584945,0.00452461,0.00452461,4923.88263171
1995-02-01,Other_excess,0.0446,0.00615337,0.00126556,0.00126556,1193.77664171
1995-03-01,NoDur_excess,0.023,0.00671601,0.00442137,0.00442137,1193.77664171
1995-03-01,Durbl_excess,0.0097,0.00847433,2.366e-05,2.366e-05,1193.77664171
1995-03-01,Manuf_excess,0.0305,0.00711369,0.0023848,0.0023848,2424.46201708
1995-03-01,Enrgy_excess,0.0482,0.00734939,0.00142236,0.00142236,1193.77664171
1995-03-01,HiTec_excess,0.0408,0.00794181,0.00308834,0.00308834,2424.46201708
1995-03-01,Telcm_excess,-0.0022,0.00586944,0.00586944,0.00586944,1e+16
1995-03-01,Shops_excess,0.0316,0.00724963,0.00369416,0.00369416,587.80160723
1995-03-01,Hlth_excess,0.0231,0.00791858,0.00607505,0.00607505,4923.88263171
1995-03-01,Utils_excess,-0.0221,0.00584743,0.00453324,0.00453324,4923.88263171
1995-03-01,Other_excess,0.0144,0.00620037,0.00120739,0.00120739,1193.77664171
1995-04-01,NoDur_excess,0.0146,0.0067359,0.00341373,0.00341373,1193.77664171
1995-04-01,Durbl_excess,0.01,0.00847582,-0.0010081,0.0,1193.77664171
1995-04-01,Manuf_excess,0.0251,0.00714225,0.00197316,0.00197316,2424.46201708
1995-04-01,Enrgy_excess,0.0178,0.00739927,0.00127415,0.00127415,1193.77664171
1995-04-01,HiTec_excess,0.0779,0.00798193,0.00289996,0.00289996,2424.46201708
1995-04-01,Telcm_excess,0.0118,0.00585958,0.00585958,0.00585958,1e+16
1995-04-01,Shops_excess,-0.0216,0.00727937,0.00177392,0.00177392,587.80160723
1995-04-01,Hlth_excess,0.0256,0.00793712,0.006023,0.006023,4923.88263171
1995-04-01,Utils_excess,0.0194,0.00581331,0.00415378,0.00415378,4923.88263171
1995-04-01,Other_excess,0.0133,0.00621038,-5.777e-05,0.0,1193.77664171
1995-05-01,NoDur_excess,0.0421,0.00674549,0.00402371,0.00402371,1193.77664171
1995-05-01,Durbl_excess,0.0426,0.00847768,-0.00038458,0.0,1193.77664171
1995-05-01,Manuf_excess,0.0267,0.00716415,0.00230994,0.00230994,2424.46201708
1995-05-01,Enrgy_excess,0.0354,0.00741195,0.00158025,0.00158025,1193.77664171
1995-05-01,HiTec_excess,0.0238,0.0080672,0.00332858,0.00332858,2424.46201708
1995-05-01,Telcm_excess,0.0037,0.00586683,0.00586683,0.00586683,1e+16
1995-05-01,Shops_excess,0.0213,0.00724415,0.00291167,0.00291167,587.80160723
1995-05-01,Hlth_excess,0.0109,0.00795866,0.00614251,0.00614251,4923.88263171
1995-05-01,Utils_excess,0.055,0.00582988,0.00430874,0.00430874,4923.88263171
1995-05-01,Other_excess,0.0392,0.00621902,0.00069776,0.00069776,1193.77664171
1995-06-01,NoDur_excess,0.0121,0.00678855,0.00669117,0.00669117,1193.77664171
1995-06-01,Durbl_excess,0.0028,0.00851924,0.00325075,0.00325075,1193.77664171
1995-06-01,Manuf_excess,0.0163,0.00718794,0.00447914,0.00447914,2424.46201708
1995-06-01,Enrgy_excess,-0.0354,0.00744604,0.00397982,0.00397982,1193.77664171
1995-06-01,HiTec_excess,0.0923,0.00808636,0.0043281,0.0043281,2424.46201708
1995-06-01,Telcm_excess,0.034,0.00586419,0.00586419,0.00586419,1e+16
1995-06-01,Shops_excess,0.0447,0.00726127,0.00678216,0.00678216,587.80160723
1995-06-01,Hlth_excess,0.0401,0.00796224,0.00633351,0.00633351,4923.88263171
1995-06-01,Utils_excess,-0.0093,0.00588977,0.00515281,0.00515281,4923.88263171
1995-06-01,Other_excess,0.0175,0.0062592,0.00491503,0.00491503,1193.77664171
1995-07-01,NoDur_excess,0.007,0.00679501,0.00330241,0.00330241,1193.77664171
1995-07-01,Durbl_excess,0.0201,0.00851229,-0.00110222,0.0,1193.77664171
1995-07-01,Manuf_excess,0.0318,0.00719903,0.0023874,0.0023874,2424.46201708
1995-07-01,Enrgy_excess,0.0184,0.00739392,0.00166907,0.00166907,1193.77664171
1995-07-01,HiTec_excess,0.0726,0.00818881,0.00342257,0.00342257,2424.46201708
1995-07-01,Telcm_excess,0.0462,0.00589842,0.00589842,0.00589842,1e+16
1995-07-01,Shops_excess,0.0312,0.00730681,0.00137012,0.00137012,587.80160723
1995-07-01,Hlth_excess,0.0502,0.00800134,0.00614168,0.00614168,4923.88263171
1995-07-01,Utils_excess,-0.0082,0.00587129,0.00418113,0.00418113,4923.88263171
1995-07-01,Other_excess,0.043,0.00627287,0.0001714,0.0001714,1193.77664171
1995-08-01,NoDur_excess,0.0017,0.00679526,0.00314738,0.00314738,1193.77664171
1995-08-01,Durbl_excess,0.0032,0.00852637,-0.00155822,0.0,1193.77664171
1995-08-01,Manuf_excess,-0.0069,0.00722892,0.00184206,0.00184206,2424.46201708
1995-08-01,Enrgy_excess,-0.0205,0.00740729,0.00073767,0.00073767,1193.77664171
1995-08-01,HiTec_excess,-0.0042,0.00826707,0.00369228,0.00369228,2424.46201708
1995-08-01,Telcm_excess,0.0391,0.00594739,0.00594739,0.00594739,1e+16
1995-08-01,Shops_excess,-0.0318,0.00733584,0.0018775,0.0018775,587.80160723
1995-08-01,Hlth_excess,0.0056,0.00805261,0.00649043,0.00649043,4923.88263171
1995-08-01,Utils_excess,0.0052,0.00585419,0.0040693,0.0040693,4923.88263171
1995-08-01,Other_excess,0.0325,0.0063175,-0.00101897,0.0,1193.77664171
1995-09-01,NoDur_excess,0.063,0.00678908,0.00428857,0.00428857,1193.77664171
1995-09-01,Durbl_excess,-0.0107,0.0085199,-6.047e-05,0.0,1193.77664171
1995-09-01,Manuf_excess,0.0179,0.00721177,0.00274733,0.00274733,2424.46201708
1995-09-01,Enrgy_excess,0.0086,0.00737342,0.00174924,0.00174924,1193.77664171
1995-09-01,HiTec_excess,0.0084,0.00825194,0.00401358,0.00401358,2424.46201708
1995-09-01,Telcm_excess,0.0532,0.00598762,0.00598762,0.00598762,1e+16
1995-09-01,Shops_excess,0.0246,0.00728835,0.00369012,0.00369012,587.80160723
1995-09-01,Hlth_excess,0.0695,0.00804964,0.00638077,0.00638077,4923.88263171
1995-09-01,Utils_excess,0.0587,0.0058534,0.00436569,0.00436569,4923.88263171
1995-09-01,Other_excess,0.0404,0.00634927,0.00152893,0.00152893,1193.77664171
1995-10-01,NoDur_excess,0.0007,0.00685721,0.00425783,0.00425783,1193.77664171
1995-10-01,Durbl_excess,-0.0537,0.00849661,-0.00036844,0.0,1193.77664171
1995-10-01,Manuf_excess,-0.0312,0.00722473,0.0026771,0.0026771,2424.46201708
1995-10-01,Enrgy_excess,-0.0073,0.00737491,0.00162728,0.00162728,1193.77664171
1995-10-01,HiTec_excess,0.01,0.00825212,0.00389261,0.00389261,2424.46201708
1995-10-01,Telcm_excess,-0.0032,0.00604485,0.00604485,0.00604485,1e+16
1995-10-01,Shops_excess,-0.0595,0.00730933,0.00335893,0.00335893,587.80160723
1995-10-01,Hlth_excess,0.0056,0.00812412,0.00652387,0.00652387,4923.88263171
1995-10-01,Utils_excess,0.0101,0.00591745,0.00435831,0.00435831,4923.88263171
1995-10-01,Other_excess,-0.0246,0.00639055,0.00127726,0.00127726,1193.77664171
1995-11-01,NoDur_excess,0.041,0.00684976,0.00318885,0.00318885,1193.77664171
1995-11-01,Durbl_excess,0.0508,0.00842131,-0.00159437,0.0,1193.77664171
1995-11-01,Manuf_excess,0.06,0.00717821,0.00226677,0.00226677,2424.46201708
1995-11-01,Enrgy_excess,0.0437,0.00735714,0.00135935,0.00135935,1193.77664171
1995-11-01,HiTec_excess,-0.0086,0.00825424,0.00330301,0.00330301,2424.46201708
1995-11-01,Telcm_excess,0.0237,0.00603366,0.00603366,0.00603366,1e+16
1995-11-01,Shops_excess,0.0572,0.00722845,0.00059932,0.00059932,587.80160723
1995-11-01,Hlth_excess,0.0451,0.00812107,0.00608863,0.00608863,4923.88263171
1995-11-01,Utils_excess,0.0116,0.00592252,0.00415226,0.00415226,4923.88263171
1995-11-01,Other_excess,0.0569,0.00635303,0.00055433,0.00055433,1193.77664171
1995-12-01,NoDur_excess,0.0102,0.00689105,0.00435625,0.00435625,1193.77664171
1995-12-01,Durbl_excess,0.0257,0.00847255,-0.00080158,0.0,1193.77664171
1995-12-01,Manuf_excess,0.01,0.00724208,0.00233182,0.00233182,2424.46201708
1995-12-01,Enrgy_excess,0.0531,0.00740109,0.0005651,0.0005651,1193.77664171
1995-12-01,HiTec_excess,-0.0459,0.00823386,0.00395994,0.00395994,2424.46201708
1995-12-01,Telcm_excess,0.0363,0.00605502,0.00605502,0.00605502,1e+16
1995-12-01,Shops_excess,-0.0133,0.00728888,0.00351208,0.00351208,587.80160723
1995-12-01,Hlth_excess,0.054,0.00816578,0.0065847,0.0065847,4923.88263171
1995-12-01,Utils_excess,0.0461,0.00592938,0.0045028,0.0045028,4923.88263171
1995-12-01,Other_excess,0.0056,0.00641415,0.00072615,0.00072615,1193.77664171
1996-01-01,NoDur_excess,0.0218,0.00689505,0.00443,0.00443,2424.46201708
1996-01-01,Durbl_excess,0.0304,0.00849336,0.00133483,0.00133483,2424.46201708
1996-01-01,Manuf_excess,0.0288,0.00724541,0.0025305,0.0025305,2424.46201708
1996-01-01,Enrgy_excess,-0.0084,0.00745628,0.00241041,0.00241041,2424.46201708
1996-01-01,HiTec_excess,0.0158,0.00816848,0.00507968,0.00507968,4923.88263171
1996-01-01,Telcm_excess,0.0185,0.00609155,0.00609155,0.00609155,1e+16
1996-01-01,Shops_excess,-0.0073,0.00726401,0.00281503,0.00281503,1193.77664171
1996-01-01,Hlth_excess,0.0562,0.00822114,0.00723464,0.00723464,10000.0
1996-01-01,Utils_excess,0.0143,0.0059779,0.00450475,0.00450475,4923.88263171
1996-01-01,Other_excess,0.0305,0.00641316,0.00078595,0.00078595,1193.77664171
1996-02-01,NoDur_excess,0.0283,0.00691303,0.00255464,0.00255464,2424.46201708
1996-02-01,Durbl_excess,0.0164,0.00851978,-0.00138377,0.0,2424.46201708
1996-02-01,Manuf_excess,0.0051,0.00727141,0.0005112,0.0005112,2424.46201708
1996-02-01,Enrgy_excess,0.0063,0.00743715,0.00123356,0.00123356,2424.46201708
1996-02-01,HiTec_excess,0.0597,0.00817768,0.00384336,0.00384336,4923.88263171
1996-02-01,Telcm_excess,-0.0277,0.00610651,0.00610651,0.00610651,1e+16
1996-02-01,Shops_excess,0.0402,0.00724644,-0.0005346,0.0,1193.77664171
1996-02-01,Hlth_excess,-0.0151,0.00827901,0.00687216,0.00687216,10000.0
1996-02-01,Utils_excess,-0.0306,0.00598794,0.00362727,0.00362727,4923.88263171
1996-02-01,Other_excess,0.0175,0.00644222,-0.00267746,0.0,1193.77664171
1996-03-01,NoDur_excess,-0.0123,0.0069388,0.00169173,0.00169173,2424.46201708
1996-03-01,Durbl_excess,0.0395,0.00852928,-0.00216733,0.0,2424.46201708
1996-03-01,Manuf_excess,0.0304,0.0072688,-0.00068728,0.0,2424.46201708
1996-03-01,Enrgy_excess,0.0462,0.00743578,0.00036175,0.00036175,2424.46201708
1996-03-01,HiTec_excess,-0.0372,0.00823976,0.00380929,0.00380929,4923.88263171
1996-03-01,Telcm_excess,-0.024,0.00606578,0.00606578,0.00606578,1e+16
1996-03-01,Shops_excess,0.0558,0.00728614,-0.00202519,0.0,1193.77664171
1996-03-01,Hlth_excess,-0.0018,0.00825084,0.00679585,0.00679585,10000.0
1996-03-01,Utils_excess,-0.0091,0.00594386,0.00303111,0.00303111,4923.88263171
1996-03-01,Other_excess,0.0142,0.00645554,-0.00550059,0.0,1193.77664171
1996-04-01,NoDur_excess,-0.0029,0.00691564,0.00248154,0.00248154,2424.46201708
1996-04-01,Durbl_excess,0.0314,0.00856655,-0.00094627,0.0,2424.46201708
1996-04-01,Manuf_excess,0.012,0.00729663,0.00029392,0.00029392,2424.46201708
1996-04-01,Enrgy_excess,0.0299,0.00748243,0.00107296,0.00107296,2424.46201708
1996-04-01,HiTec_excess,0.0922,0.00818508,0.00383946,0.00383946,4923.88263171
1996-04-01,Telcm_excess,0.0242,0.0060296,0.0060296,0.0060296,1e+16
1996-04-01,Shops_excess,0.0381,0.00734452,-0.00015639,0.0,1193.77664171
1996-04-01,Hlth_excess,-0.0107,0.00823875,0.00680994,0.00680994,10000.0
1996-04-01,Utils_excess,-0.0312,0.00592575,0.00328716,0.00328716,4923.88263171
1996-04-01,Other_excess,-0.0024,0.00646486,-0.0033478,0.0,1193.77664171
1996-05-01,NoDur_excess,0.0613,0.00690385,0.00227305,0.00227305,2424.46201708
1996-05-01,Durbl_excess,0.0182,0.00859399,-0.00069884,0.0,2424.46201708
1996-05-01,Manuf_excess,0.0186,0.00730228,0.00032373,0.00032373,2424.46201708
1996-05-01,Enrgy_excess,0.001,0.00750938,0.00111842,0.00111842,2424.46201708
1996-05-01,HiTec_excess,0.0347,0.00828606,0.00406954,0.00406954,4923.88263171
1996-05-01,Telcm_excess,-0.0044,0.00605144,0.00605144,0.00605144,1e+16
1996-05-01,Shops_excess,0.0397,0.00738149,-0.00082865,0.0,1193.77664171
1996-05-01,Hlth_excess,0.0349,0.00821599,0.00668266,0.00668266,10000.0
1996-05-01,Utils_excess,0.009,0.00588113,0.00303712,0.00303712,4923.88263171
1996-05-01,Other_excess,0.0108,0.00645421,-0.0035128,0.0,1193.77664171
1996-06-01,NoDur_excess,0.028,0.00696915,0.00329907,0.00329907,2424.46201708
1996-06-01,Durbl_excess,-0.0523,0.00860552,0.00019589,0.00019589,2424.46201708
1996-06-01,Manuf_excess,-0.0083,0.00731585,0.00074596,0.00074596,2424.46201708
1996-06-01,Enrgy_excess,0.0057,0.00750156,0.00093678,0.00093678,2424.46201708
1996-06-01,HiTec_excess,-0.0515,0.00831777,0.00455768,0.00455768,4923.88263171
1996-06-01,Telcm_excess,0.0015,0.0060389,0.0060389,0.0060389,1e+16
1996-06-01,Shops_excess,-0.0211,0.00742029,0.00115941,0.00115941,1193.77664171
1996-06-01,Hlth_excess,-0.0065,0.00824802,0.00690384,0.00690384,10000.0
1996-06-01,Utils_excess,0.0487,0.00588487,0.00348289,0.00348289,4923.88263171
1996-06-01,Other_excess,-0.0064,0.00645942,-0.00236397,0.0,1193.77664171
1996-07-01,NoDur_excess,-0.045,0.00699436,0.00405387,0.00405387,2424.46201708
1996-07-01,Durbl_excess,-0.0499,0.00853249,0.00092473,0.00092473,2424.46201708
1996-07-01,Manuf_excess,-0.0446,0.00729712,0.0016041,0.0016041,2424.46201708
1996-07-01,Enrgy_excess,-0.0508,0.0074994,0.00147746,0.00147746,2424.46201708
1996-07-01,HiTec_excess,-0.0785,0.00824604,0.00474463,0.00474463,4923.88263171
1996-07-01,Telcm_excess,-0.0894,0.00603345,0.00603345,0.00603345,1e+16
1996-07-01,Shops_excess,-0.0807,0.00738609,0.00182321,0.00182321,1193.77664171
1996-07-01,Hlth_excess,-0.067,0.00823034,0.00695622,0.00695622,10000.0
1996-07-01,Utils_excess,-0.0626,0.00593621,0.00392294,0.00392294,4923.88263171
1996-07-01,Other_excess,-0.0469,0.006444,-0.00061925,0.0,1193.77664171
1996-08-01,NoDur_excess,-0.0122,0.0069321,0.00295576,0.00295576,2424.46201708
1996-08-01,Durbl_excess,0.026,0.00846251,-0.00016711,0.0,2424.46201708
1996-08-01,Manuf_excess,0.0275,0.00723497,0.00065574,0.00065574,2424.46201708
1996-08-01,Enrgy_excess,0.0253,0.00742958,0.00100084,0.00100084,2424.46201708
1996-08-01,HiTec_excess,0.0399,0.00814216,0.00415444,0.00415444,4923.88263171
1996-08-01,Telcm_excess,-0.0173,0.00591916,0.00591916,0.00591916,1e+16
1996-08-01,Shops_excess,0.0566,0.0072806,-0.00050499,0.0,1193.77664171
1996-08-01,Hlth_excess,0.039,0.00814024,0.0066703,0.0066703,10000.0
1996-08-01,Utils_excess,0.0248,0.00585413,0.00349325,0.00349325,4923.88263171
1996-08-01,Other_excess,0.035,0.00638012,-0.00283538,0.0,1193.77664171
1996-09-01,NoDur_excess,0.0331,0.00690921,0.0028624,0.0028624,2424.46201708
1996-09-01,Durbl_excess,0.0093,0.00848349,-0.00031065,0.0,2424.46201708
1996-09-01,Manuf_excess,0.057,0.00725921,0.00033751,0.00033751,2424.46201708
1996-09-01,Enrgy_excess,0.0357,0.00745096,0.00074008,0.00074008,2424.46201708
1996-09-01,HiTec_excess,0.1021,0.00818014,0.00427584,0.00427584,4923.88263171
1996-09-01,Telcm_excess,0.0118,0.00589139,0.00589139,0.00589139,1e+16
1996-09-01,Shops_excess,0.0324,0.00733959,0.00022031,0.00022031,1193.77664171
1996-09-01,Hlth_excess,0.0692,0.00817715,0.00676656,0.00676656,10000.0
1996-09-01,Utils_excess,0.0024,0.00587679,0.00347239,0.00347239,4923.88263171
1996-09-01,Other_excess,0.0465,0.00641435,-0.00318572,0.0,1193.77664171
1996-10-01,NoDur_excess,0.0113,0.0069405,0.00378366,0.00378366,2424.46201708
1996-10-01,Durbl_excess,0.028,0.00848447,0.00053822,0.00053822,2424.46201708
1996-10-01,Manuf_excess,0.0122,0.00731864,0.0015104,0.0015104,2424.46201708
1996-10-01,Enrgy_excess,0.0554,0.00748471,0.00139023,0.00139023,2424.46201708
1996-10-01,HiTec_excess,-0.0234,0.00829235,0.00462274,0.00462274,4923.88263171
1996-10-01,Telcm_excess,-0.0073,0.00589845,0.00589845,0.00589845,1e+16
1996-10-01,Shops_excess,-0.0271,0.00736953,0.00155,0.00155,1193.77664171
1996-10-01,Hlth_excess,-0.0127,0.00825006,0.00687363,0.00687363,10000.0
1996-10-01,Utils_excess,0.0319,0.00587264,0.00375937,0.00375937,4923.88263171
1996-10-01,Other_excess,0.0352,0.00646225,-0.00047361,0.0,1193.77664171
1996-11-01,NoDur_excess,0.0475,0.0069457,0.0042928,0.0042928,2424.46201708
1996-11-01,Durbl_excess,0.0563,0.00850776,0.00114811,0.00114811,2424.46201708
1996-11-01,Manuf_excess,0.0567,0.00732446,0.00213793,0.00213793,2424.46201708
1996-11-01,Enrgy_excess,0.0513,0.00754189,0.00201207,0.00201207,2424.46201708
1996-11-01,HiTec_excess,0.1152,0.00825453,0.00475124,0.00475124,4923.88263171
1996-11-01,Telcm_excess,0.0508,0.0058827,0.0058827,0.0058827,1e+16
1996-11-01,Shops_excess,0.027,0.0073284,0.00238785,0.00238785,1193.77664171
1996-11-01,Hlth_excess,0.062,0.00822506,0.00692899,0.00692899,10000.0
1996-11-01,Utils_excess,0.0219,0.0059037,0.00406909,0.00406909,4923.88263171
1996-11-01,Other_excess,0.0704,0.00649654,0.00091206,0.00091206,1193.77664171
1996-12-01,NoDur_excess,0.0004,0.00699404,0.00394064,0.00394064,2424.46201708
1996-12-01,Durbl_excess,-0.0272,0.00856472,0.00065454,0.00065454,2424.46201708
1996-12-01,Manuf_excess,-0.0082,0.00738331,0.00205541,0.00205541,2424.46201708
1996-12-01,Enrgy_excess,0.0033,0.00759404,0.00195997,0.00195997,2424.46201708
1996-12-01,HiTec_excess,-0.032,0.008382,0.00481267,0.00481267,4923.88263171
1996-12-01,Telcm_excess,0.0244,0.00593623,0.00593623,0.00593623,1e+16
1996-12-01,Shops_excess,-0.0389,0.00735185,0.00134085,0.00134085,1193.77664171
1996-12-01,Hlth_excess,-0.0308,0.00828915,0.00696848,0.00696848,10000.0
1996-12-01,Utils_excess,-0.0033,0.00592277,0.00382563,0.00382563,4923.88263171
1996-12-01,Other_excess,-0.0227,0.00657271,0.0003672,0.0003672,1193.77664171
1997-01-01,NoDur_excess,0.053,0.00698619,0.00269852,0.00269852,2424.46201708
1997-01-01,Durbl_excess,0.0254,0.00852214,-0.0007815,0.0,2424.46201708
1997-01-01,Manuf_excess,0.0373,0.00736476,0.00045545,0.00045545,2424.46201708
1997-01-01,Enrgy_excess,0.039,0.00758893,0.0009327,0.0009327,2424.46201708
1997-01-01,HiTec_excess,0.0885,0.00833393,0.00448229,0.00448229,4923.88263171
1997-01-01,Telcm_excess,0.0184,0.00595821,0.00595821,0.00595821,1e+16
1997-01-01,Shops_excess,-0.0035,0.00729679,-0.00040118,0.0,1193.77664171
1997-01-01,Hlth_excess,0.0912,0.00824262,0.0068999,0.0068999,10000.0
1997-01-01,Utils_excess,0.0047,0.00591179,0.00440367,0.00440367,10000.0
1997-01-01,Other_excess,0.0555,0.00653786,-0.0035549,0.0,1193.77664171
1997-02-01,NoDur_excess,0.0376,0.0070409,0.00290568,0.00290568,2424.46201708
1997-02-01,Durbl_excess,0.0016,0.00854221,-0.00111841,0.0,2424.46201708
1997-02-01,Manuf_excess,0.0028,0.00740036,0.00042136,0.00042136,2424.46201708
1997-02-01,Enrgy_excess,-0.0613,0.00762628,0.00092832,0.00092832,2424.46201708
1997-02-01,HiTec_excess,-0.0781,0.00842925,0.00435056,0.00435056,4923.88263171
1997-02-01,Telcm_excess,0.0218,0.00597301,0.00597301,0.00597301,1e+16
1997-02-01,Shops_excess,0.0277,0.00728395,-0.00044298,0.0,1193.77664171
1997-02-01,Hlth_excess,0.0054,0.00834126,0.00690982,0.00690982,10000.0
1997-02-01,Utils_excess,-0.0096,0.00591034,0.00433005,0.00433005,10000.0
1997-02-01,Other_excess,0.0218,0.00659608,-0.00275889,0.0,1193.77664171
1997-03-01,NoDur_excess,-0.0567,0.0070772,0.00333133,0.00333133,2424.46201708
1997-03-01,Durbl_excess,-0.0375,0.00853397,-0.00065549,0.0,2424.46201708
1997-03-01,Manuf_excess,-0.0407,0.00739489,0.00082158,0.00082158,2424.46201708
1997-03-01,Enrgy_excess,0.048,0.00754442,0.00099583,0.00099583,2424.46201708
1997-03-01,HiTec_excess,-0.0609,0.00832648,0.00420574,0.00420574,4923.88263171
1997-03-01,Telcm_excess,-0.0826,0.00599181,0.00599181,0.00599181,1e+16
1997-03-01,Shops_excess,-0.0188,0.00730819,6.16e-05,6.16e-05,1193.77664171
1997-03-01,Hlth_excess,-0.0791,0.00833777,0.00693338,0.00693338,10000.0
1997-03-01,Utils_excess,-0.0322,0.00589192,0.0043523,0.0043523,10000.0
1997-03-01,Other_excess,-0.0625,0.00661413,-0.0018827,0.0,1193.77664171
1997-04-01,NoDur_excess,0.0488,0.00700154,0.00251436,0.00251436,2424.46201708
1997-04-01,Durbl_excess,0.0338,0.00847936,-0.00123565,0.0,2424.46201708
1997-04-01,Manuf_excess,0.0494,0.00733784,0.00023893,0.00023893,2424.46201708
1997-04-01,Enrgy_excess,-0.004,0.00759241,0.00117834,0.00117834,2424.46201708
1997-04-01,HiTec_excess,0.0725,0.00824437,0.00391245,0.00391245,4923.88263171
1997-04-01,Telcm_excess,0.0206,0.00588671,0.00588671,0.00588671,1e+16
1997-04-01,Shops_excess,0.0168,0.00727722,-0.00131079,0.0,1193.77664171
1997-04-01,Hlth_excess,0.0564,0.00823405,0.00674649,0.00674649,10000.0
1997-04-01,Utils_excess,-0.0182,0.00584674,0.00415618,0.00415618,10000.0
1997-04-01,Other_excess,0.0467,0.00653215,-0.00366784,0.0,1193.77664171
1997-05-01,NoDur_excess,0.0544,0.00705107,0.00434079,0.00434079,2424.46201708
1997-05-01,Durbl_excess,0.0581,0.00850936,0.00111141,0.00111141,2424.46201708
1997-05-01,Manuf_excess,0.0733,0.00738768,0.00235721,0.00235721,2424.46201708
1997-05-01,Enrgy_excess,0.0683,0.00757867,0.002219,0.002219,2424.46201708
1997-05-01,HiTec_excess,0.0969,0.0083205,0.00466008,0.00466008,4923.88263171
1997-05-01,Telcm_excess,0.0607,0.00590415,0.00590415,0.00590415,1e+16
1997-05-01,Shops_excess,0.0554,0.00728851,0.00135923,0.00135923,1193.77664171
1997-05-01,Hlth_excess,0.0652,0.00829111,0.00702342,0.00702342,10000.0
1997-05-01,Utils_excess,0.0314,0.00581825,0.00445008,0.00445008,10000.0
1997-05-01,Other_excess,0.0554,0.00657974,0.00046166,0.00046166,1193.77664171
1997-06-01,NoDur_excess,0.0321,0.0071071,0.00490873,0.00490873,2424.46201708
1997-06-01,Durbl_excess,0.0298,0.00856805,0.00142221,0.00142221,2424.46201708
1997-06-01,Manuf_excess,0.0483,0.00746568,0.00255624,0.00255624,2424.46201708
1997-06-01,Enrgy_excess,0.0091,0.00765053,0.00212621,0.00212621,2424.46201708
1997-06-01,HiTec_excess,0.0106,0.00842533,0.00520047,0.00520047,4923.88263171
1997-06-01,Telcm_excess,0.0309,0.00596899,0.00596899,0.00596899,1e+16
1997-06-01,Shops_excess,0.0473,0.00734544,0.00312889,0.00312889,1193.77664171
1997-06-01,Hlth_excess,0.085,0.00835846,0.00734311,0.00734311,10000.0
1997-06-01,Utils_excess,0.0277,0.00584852,0.00452288,0.00452288,10000.0
1997-06-01,Other_excess,0.0483,0.00663751,0.00074483,0.00074483,1193.77664171
1997-07-01,NoDur_excess,0.0291,0.00713664,0.00490804,0.00490804,2424.46201708
1997-07-01,Durbl_excess,0.0703,0.00859314,0.00136937,0.00136937,2424.46201708
1997-07-01,Manuf_excess,0.0675,0.00751395,0.00281523,0.00281523,2424.46201708
1997-07-01,Enrgy_excess,0.07,0.00765225,0.00227431,0.00227431,2424.46201708
1997-07-01,HiTec_excess,0.1554,0.0084279,0.00498409,0.00498409,4923.88263171
1997-07-01,Telcm_excess,0.0182,0.00599846,0.00599846,0.00599846,1e+16
1997-07-01,Shops_excess,0.0737,0.00739267,0.0030938,0.0030938,1193.77664171
1997-07-01,Hlth_excess,0.0167,0.00844905,0.00741177,0.00741177,10000.0
1997-07-01,Utils_excess,0.024,0.00587435,0.00449301,0.00449301,10000.0
1997-07-01,Other_excess,0.088,0.00668676,0.00129876,0.00129876,1193.77664171
1997-08-01,NoDur_excess,-0.0682,0.00716257,0.00573966,0.00573966,2424.46201708
1997-08-01,Durbl_excess,0.0082,0.008666,0.00231181,0.00231181,2424.46201708
1997-08-01,Manuf_excess,-0.0582,0.00758477,0.00400652,0.00400652,2424.46201708
1997-08-01,Enrgy_excess,-0.0012,0.00772586,0.00297331,0.00297331,2424.46201708
1997-08-01,HiTec_excess,-0.018,0.00860142,0.00562055,0.00562055,4923.88263171
1997-08-01,Telcm_excess,-0.0282,0.00601287,0.00601287,0.00601287,1e+16
1997-08-01,Shops_excess,-0.0293,0.00747096,0.00459817,0.00459817,1193.77664171
1997-08-01,Hlth_excess,-0.0651,0.0084588,0.00741347,0.00741347,10000.0
1997-08-01,Utils_excess,-0.0157,0.00589575,0.00472496,0.00472496,10000.0
1997-08-01,Other_excess,-0.0513,0.00678276,0.00403261,0.00403261,1193.77664171
1997-09-01,NoDur_excess,0.051,0.0070737,0.00260741,0.00260741,2424.46201708
1997-09-01,Durbl_excess,0.0475,0.00866545,-0.00146824,0.0,2424.46201708
1997-09-01,Manuf_excess,0.0295,0.00750719,0.00049871,0.00049871,2424.46201708
1997-09-01,Enrgy_excess,0.0581,0.00771533,0.00103034,0.00103034,2424.46201708
1997-09-01,HiTec_excess,0.0299,0.00857005,0.00442555,0.00442555,4923.88263171
1997-09-01,Telcm_excess,0.0921,0.00597252,0.00597252,0.00597252,1e+16
1997-09-01,Shops_excess,0.0486,0.00742759,-0.00034107,0.0,1193.77664171
1997-09-01,Hlth_excess,0.0617,0.00837205,0.00701615,0.00701615,10000.0
1997-09-01,Utils_excess,0.0418,0.00587028,0.00403712,0.00403712,10000.0
1997-09-01,Other_excess,0.0756,0.00671427,-0.0033927,0.0,1193.77664171
1997-10-01,NoDur_excess,-0.0357,0.00712544,0.00391154,0.00391154,2424.46201708
1997-10-01,Durbl_excess,-0.0379,0.00871119,0.00079999,0.00079999,2424.46201708
1997-10-01,Manuf_excess,-0.0626,0.0075331,0.0022945,0.0022945,2424.46201708
1997-10-01,Enrgy_excess,-0.0244,0.00777468,0.00243569,0.00243569,2424.46201708
1997-10-01,HiTec_excess,-0.087,0.00859517,0.00489555,0.00489555,4923.88263171
1997-10-01,Telcm_excess,0.0246,0.00607397,0.00607397,0.00607397,1e+16
1997-10-01,Shops_excess,-0.0239,0.00747609,0.0014668,0.0014668,1193.77664171
1997-10-01,Hlth_excess,-0.0033,0.00843486,0.00706205,0.00706205,10000.0
1997-10-01,Utils_excess,0.0047,0.0059126,0.00438242,0.00438242,10000.0
1997-10-01,Other_excess,-0.0322,0.00679541,0.00074001,0.00074001,1193.77664171
1997-11-01,NoDur_excess,0.0607,0.00707506,0.0032032,0.0032032,2424.46201708
1997-11-01,Durbl_excess,-0.0181,0.00865635,0.00100509,0.00100509,2424.46201708
1997-11-01,Manuf_excess,0.0383,0.00745059,0.0022861,0.0022861,2424.46201708
1997-11-01,Enrgy_excess,-0.0387,0.00773682,0.00266289,0.00266289,2424.46201708
1997-11-01,HiTec_excess,0.0105,0.00848271,0.00431212,0.00431212,4923.88263171
1997-11-01,Telcm_excess,0.1029,0.00609576,0.00609576,0.00609576,1e+16
1997-11-01,Shops_excess,0.0492,0.00743918,-0.00057663,0.0,1193.77664171
1997-11-01,Hlth_excess,0.0238,0.00842106,0.00696456,0.00696456,10000.0
1997-11-01,Utils_excess,0.0679,0.00591118,0.00439485,0.00439485,10000.0
1997-11-01,Other_excess,0.0254,0.00674953,-0.00039481,0.0,1193.77664171
1997-12-01,NoDur_excess,0.0329,0.00713807,0.00372023,0.00372023,2424.46201708
1997-12-01,Durbl_excess,0.0315,0.00862491,-0.00018739,0.0,2424.46201708
1997-12-01,Manuf_excess,-0.0076,0.00748684,0.00167794,0.00167794,2424.46201708
1997-12-01,Enrgy_excess,-0.0194,0.00768226,0.00155311,0.00155311,2424.46201708
1997-12-01,HiTec_excess,-0.047,0.00848508,0.00461722,0.00461722,4923.88263171
1997-12-01,Telcm_excess,0.0368,0.00620952,0.00620952,0.00620952,1e+16
1997-12-01,Shops_excess,-0.0063,0.00748825,0.0012446,0.0012446,1193.77664171
1997-12-01,Hlth_excess,0.0304,0.00843913,0.00719035,0.00719035,10000.0
1997-12-01,Utils_excess,0.0753,0.00598402,0.00455028,0.00455028,10000.0
1997-12-01,Other_excess,0.0471,0.00677145,-0.00056689,0.0,1193.77664171
1998-01-01,NoDur_excess,-0.0316,0.00716831,0.00417856,0.00417856,2424.46201708
1998-01-01,Durbl_excess,0.0006,0.00865176,0.00017014,0.00017014,2424.46201708
1998-01-01,Manuf_excess,0.0026,0.00746913,0.00177113,0.00177113,2424.46201708
1998-01-01,Enrgy_excess,-0.0609,0.00765047,0.00139947,0.00139947,2424.46201708
1998-01-01,HiTec_excess,0.0482,0.00841995,0.00458966,0.00458966,4923.88263171
1998-01-01,Telcm_excess,0.0466,0.00624542,0.00624542,0.00624542,1e+16
1998-01-01,Shops_excess,0.0047,0.00747207,0.00203832,0.00203832,1193.77664171
1998-01-01,Hlth_excess,0.0523,0.00846491,0.00666106,0.00666106,4923.88263171
1998-01-01,Utils_excess,-0.0481,0.00606538,0.00536939,0.00536939,20309.17620905
1998-01-01,Other_excess,-0.0239,0.00681878,0.00021337,0.00021337,1193.77664171
1998-02-01,NoDur_excess,0.0457,0.00712286,0.00339286,0.00339286,2424.46201708
1998-02-01,Durbl_excess,0.119,0.00864232,-0.0004925,0.0,2424.46201708
1998-02-01,Manuf_excess,0.067,0.00746342,0.00147613,0.00147613,2424.46201708
1998-02-01,Enrgy_excess,0.064,0.00757011,0.00113693,0.00113693,2424.46201708
1998-02-01,HiTec_excess,0.0995,0.00846659,0.00431228,0.00431228,4923.88263171
1998-02-01,Telcm_excess,0.0202,0.00629273,0.00629273,0.00629273,1e+16
1998-02-01,Shops_excess,0.0999,0.00746882,0.00079144,0.00079144,1193.77664171
1998-02-01,Hlth_excess,0.0514,0.0085163,0.00643445,0.00643445,4923.88263171
1998-02-01,Utils_excess,0.0225,0.00600188,0.00518265,0.00518265,20309.17620905
1998-02-01,Other_excess,0.0781,0.00678277,-0.00053116,0.0,1193.77664171
1998-03-01,NoDur_excess,0.0549,0.00716803,0.00325199,0.00325199,2424.46201708
1998-03-01,Durbl_excess,0.0579,0.00877155,-0.00113808,0.0,2424.46201708
1998-03-01,Manuf_excess,0.0442,0.00753314,0.00075494,0.00075494,2424.46201708
1998-03-01,Enrgy_excess,0.0441,0.00763618,0.00051043,0.00051043,2424.46201708
1998-03-01,HiTec_excess,0.0092,0.00857319,0.00442343,0.00442343,4923.88263171
1998-03-01,Telcm_excess,0.097,0.00630902,0.00630902,0.00630902,1e+16
1998-03-01,Shops_excess,0.064,0.00757705,0.00163699,0.00163699,1193.77664171
1998-03-01,Hlth_excess,0.0319,0.00856651,0.00668373,0.00668373,4923.88263171
1998-03-01,Utils_excess,0.0631,0.00602119,0.00511842,0.00511842,20309.17620905
1998-03-01,Other_excess,0.0551,0.00686628,-0.00150807,0.0,1193.77664171
1998-04-01,NoDur_excess,-0.0367,0.00722386,0.00334682,0.00334682,2424.46201708
1998-04-01,Durbl_excess,0.0137,0.00882901,-0.00074391,0.0,2424.46201708
1998-04-01,Manuf_excess,0.0079,0.00757602,0.00095497,0.00095497,2424.46201708
1998-04-01,Enrgy_excess,0.0331,0.00767883,0.00060183,0.00060183,2424.46201708
1998-04-01,HiTec_excess,0.0475,0.00857392,0.00430634,0.00430634,4923.88263171
1998-04-01,Telcm_excess,-0.0364,0.00641509,0.00641509,0.00641509,1e+16
1998-04-01,Shops_excess,-0.0106,0.00764304,0.00150346,0.00150346,1193.77664171
1998-04-01,Hlth_excess,0.0148,0.0085938,0.00654096,0.00654096,4923.88263171
1998-04-01,Utils_excess,-0.0292,0.00608795,0.0052017,0.0052017,20309.17620905
1998-04-01,Other_excess,0.0158,0.00692269,-0.00112132,0.0,1193.77664171
1998-05-01,NoDur_excess,0.007,0.00717255,0.00327687,0.00327687,2424.46201708
1998-05-01,Durbl_excess,0.0575,0.0088347,-0.00034659,0.0,2424.46201708
1998-05-01,Manuf_excess,-0.0289,0.0075764,0.0011471,0.0011471,2424.46201708
1998-05-01,Enrgy_excess,-0.0467,0.00770853,0.00080694,0.00080694,2424.46201708
1998-05-01,HiTec_excess,-0.0744,0.00861939,0.00456224,0.00456224,4923.88263171
1998-05-01,Telcm_excess,-0.0222,0.00636507,0.00636507,0.00636507,1e+16
1998-05-01,Shops_excess,0.0172,0.00762173,0.00177438,0.00177438,1193.77664171
1998-05-01,Hlth_excess,-0.029,0.00860105,0.00663733,0.00663733,4923.88263171
1998-05-01,Utils_excess,-0.0149,0.00604673,0.00514563,0.00514563,20309.17620905
1998-05-01,Other_excess,-0.0348,0.00693306,-0.00080945,0.0,1193.77664171
1998-06-01,NoDur_excess,0.0373,0.00717235,0.00346415,0.00346415,2424.46201708
1998-06-01,Durbl_excess,0.0071,0.00889148,0.00019536,0.00019536,2424.46201708
1998-06-01,Manuf_excess,-0.0115,0.00753384,0.00122138,0.00122138,2424.46201708
1998-06-01,Enrgy_excess,-0.0165,0.00764504,0.00073506,0.00073506,2424.46201708
1998-06-01,HiTec_excess,0.0833,0.00852252,0.00435618,0.00435618,4923.88263171
1998-06-01,Telcm_excess,0.0252,0.00633174,0.00633174,0.00633174,1e+16
1998-06-01,Shops_excess,0.0485,0.00763291,0.00203289,0.00203289,1193.77664171
1998-06-01,Hlth_excess,0.0579,0.00855718,0.00645382,0.00645382,4923.88263171
1998-06-01,Utils_excess,0.0259,0.00602229,0.00515935,0.00515935,20309.17620905
1998-06-01,Other_excess,0.027,0.00688436,-0.00041063,0.0,1193.77664171
1998-07-01,NoDur_excess,-0.0454,0.00720746,0.00281438,0.00281438,2424.46201708
1998-07-01,Durbl_excess,-0.0144,0.00888939,-0.00034959,0.0,2424.46201708
1998-07-01,Manuf_excess,-0.0616,0.00751166,0.00074757,0.00074757,2424.46201708
1998-07-01,Enrgy_excess,-0.0689,0.0076169,0.00031573,0.00031573,2424.46201708
1998-07-01,HiTec_excess,0.0012,0.00860967,0.00425962,0.00425962,4923.88263171
1998-07-01,Telcm_excess,0.0342,0.00635373,0.00635373,0.00635373,1e+16
1998-07-01,Shops_excess,-0.0332,0.00768054,0.00014626,0.00014626,1193.77664171
1998-07-01,Hlth_excess,-0.0066,0.00861469,0.00621669,0.00621669,4923.88263171
1998-07-01,Utils_excess,-0.0581,0.00604545,0.00511231,0.00511231,20309.17620905
1998-07-01,Other_excess,-0.0213,0.00690781,-0.00143574,0.0,1193.77664171
1998-08-01,NoDur_excess,-0.1353,0.00714622,0.00209039,0.00209039,2424.46201708
1998-08-01,Durbl_excess,-0.1939,0.00886228,-0.00127406,0.0,2424.46201708
1998-08-01,Manuf_excess,-0.1474,0.0074312,-0.00038942,0.0,2424.46201708
1998-08-01,Enrgy_excess,-0.1082,0.00752782,-0.00061651,0.0,2424.46201708
1998-08-01,HiTec_excess,-0.1811,0.00860105,0.0040926,0.0040926,4923.88263171
1998-08-01,Telcm_excess,-0.1279,0.00638615,0.00638615,0.00638615,1e+16
1998-08-01,Shops_excess,-0.1463,0.00763295,-0.00060381,0.0,1193.77664171
1998-08-01,Hlth_excess,-0.128,0.00859697,0.00620528,0.00620528,4923.88263171
1998-08-01,Utils_excess,0.0153,0.00597078,0.00492844,0.00492844,20309.17620905
1998-08-01,Other_excess,-0.2186,0.00687497,-0.00322581,0.0,1193.77664171
1998-09-01,NoDur_excess,0.008,0.00698058,0.00115619,0.00115619,2424.46201708
1998-09-01,Durbl_excess,0.0034,0.00862651,-9.24e-05,0.0,2424.46201708
1998-09-01,Manuf_excess,0.002,0.00725116,0.00090151,0.00090151,2424.46201708
1998-09-01,Enrgy_excess,0.1249,0.00739326,0.00087621,0.00087621,2424.46201708
1998-09-01,HiTec_excess,0.1469,0.00838047,0.00350205,0.00350205,4923.88263171
1998-09-01,Telcm_excess,0.0981,0.00623,0.00623,0.00623,1e+16
1998-09-01,Shops_excess,0.0102,0.00745395,-0.0047897,0.0,1193.77664171
1998-09-01,Hlth_excess,0.1163,0.00843814,0.00518319,0.00518319,4923.88263171
1998-09-01,Utils_excess,0.0771,0.00598163,0.00506329,0.00506329,20309.17620905
1998-09-01,Other_excess,0.0254,0.00661279,-0.0031864,0.0,1193.77664171
1998-10-01,NoDur_excess,0.1067,0.00698177,0.0036868,0.0036868,2424.46201708
1998-10-01,Durbl_excess,0.1031,0.00862044,0.00176946,0.00176946,2424.46201708
1998-10-01,Manuf_excess,0.1095,0.00724506,0.00180193,0.00180193,2424.46201708
1998-10-01,Enrgy_excess,0.0084,0.00752973,0.00142522,0.00142522,2424.46201708
1998-10-01,HiTec_excess,0.0589,0.00854135,0.00523197,0.00523197,4923.88263171
1998-10-01,Telcm_excess,0.0642,0.0063367,0.0063367,0.0063367,1e+16
1998-10-01,Shops_excess,0.1037,0.00745714,0.00274114,0.00274114,1193.77664171
1998-10-01,Hlth_excess,0.0351,0.00856341,0.00702773,0.00702773,4923.88263171
1998-10-01,Utils_excess,-0.0209,0.00606423,0.00550379,0.00550379,20309.17620905
1998-10-01,Other_excess,0.0802,0.00663461,1.309e-05,1.309e-05,1193.77664171
1998-11-01,NoDur_excess,0.061,0.00709745,0.00202003,0.00202003,2424.46201708
1998-11-01,Durbl_excess,0.0493,0.00873005,-0.00035253,0.0,2424.46201708
1998-11-01,Manuf_excess,0.0321,0.00736369,0.00022628,0.00022628,2424.46201708
1998-11-01,Enrgy_excess,0.003,0.00753074,0.00012727,0.00012727,2424.46201708
1998-11-01,HiTec_excess,0.1135,0.00859977,0.00438815,0.00438815,4923.88263171
1998-11-01,Telcm_excess,0.0335,0.00640383,0.00640383,0.00640383,1e+16
1998-11-01,Shops_excess,0.0915,0.00756879,-0.00042653,0.0,1193.77664171
1998-11-01,Hlth_excess,0.0588,0.0085942,0.00635773,0.00635773,4923.88263171
1998-11-01,Utils_excess,0.0102,0.00603295,0.00503862,0.00503862,20309.17620905
1998-11-01,Other_excess,0.0574,0.00671995,-0.0038607,0.0,1193.77664171
1998-12-01,NoDur_excess,-0.0005,0.00715991,0.00467676,0.00467676,2424.46201708
1998-12-01,Durbl_excess,0.0336,0.00877706,0.00157838,0.00157838,2424.46201708
1998-12-01,Manuf_excess,0.0201,0.00739235,0.0014815,0.0014815,2424.46201708
1998-12-01,Enrgy_excess,-0.0162,0.00752549,-7.173e-05,0.0,2424.46201708
1998-12-01,HiTec_excess,0.1477,0.00872132,0.00581267,0.00581267,4923.88263171
1998-12-01,Telcm_excess,0.1401,0.00643523,0.00643523,0.00643523,1e+16
1998-12-01,Shops_excess,0.0884,0.00766605,0.00601997,0.00601997,1193.77664171
1998-12-01,Hlth_excess,0.0456,0.00865238,0.00746511,0.00746511,4923.88263171
1998-12-01,Utils_excess,0.0248,0.00603778,0.0053254,0.0053254,20309.17620905
1998-12-01,Other_excess,0.0301,0.00677868,0.00036565,0.00036565,1193.77664171
1999-01-01,NoDur_excess,-0.0382,0.00715104,0.00553688,0.00553688,10000.0
1999-01-01,Durbl_excess,0.0455,0.00880579,0.00093211,0.00093211,2424.46201708
1999-01-01,Manuf_excess,0.0024,0.00740706,0.00105112,0.00105112,2424.46201708
1999-01-01,Enrgy_excess,-0.0532,0.00749803,-0.00031364,0.0,2424.46201708
1999-01-01,HiTec_excess,0.1472,0.00888218,0.00704355,0.00704355,10000.0
1999-01-01,Telcm_excess,0.0878,0.00658993,0.00658993,0.00658993,1e+16
1999-01-01,Shops_excess,0.0183,0.00775949,0.00402969,0.00402969,2424.46201708
1999-01-01,Hlth_excess,-0.0007,0.00869514,0.00772273,0.00772273,10000.0
1999-01-01,Utils_excess,-0.066,0.00605949,0.00605949,0.00605949,1e+16
1999-01-01,Other_excess,0.0062,0.00680567,0.00021325,0.00021325,2424.46201708
1999-02-01,NoDur_excess,-0.0434,0.00709861,0.00545149,0.00545149,10000.0
1999-02-01,Durbl_excess,-0.0485,0.00884821,0.00134921,0.00134921,2424.46201708
1999-02-01,Manuf_excess,-0.0248,0.00740127,0.00137346,0.00137346,2424.46201708
1999-02-01,Enrgy_excess,-0.0361,0.00742786,-0.00022713,0.0,2424.46201708
1999-02-01,HiTec_excess,-0.1192,0.00904208,0.00738141,0.00738141,10000.0
1999-02-01,Telcm_excess,-0.0324,0.00668382,0.00668382,0.00668382,1e+16
1999-02-01,Shops_excess,-0.0169,0.00777168,0.00426502,0.00426502,2424.46201708
1999-02-01,Hlth_excess,-0.0018,0.00868428,0.00761669,0.00761669,10000.0
1999-02-01,Utils_excess,-0.0398,0.00597618,0.00597618,0.00597618,1e+16
1999-02-01,Other_excess,-0.0034,0.00680497,0.00084695,0.00084695,2424.46201708
1999-03-01,NoDur_excess,-0.0246,0.0070403,0.00483445,0.00483445,10000.0
1999-03-01,Durbl_excess,-0.008,0.00878199,-0.00130392,0.0,2424.46201708
1999-03-01,Manuf_excess,0.0443,0.00736409,-0.00084203,0.0,2424.46201708
1999-03-01,Enrgy_excess,0.1485,0.0073776,-0.00186934,0.0,2424.46201708
1999-03-01,HiTec_excess,0.0804,0.008894,0.00661918,0.00661918,10000.0
1999-03-01,Telcm_excess,-0.0111,0.00663868,0.00663868,0.00663868,1e+16
1999-03-01,Shops_excess,0.0227,0.00774319,0.00240025,0.00240025,2424.46201708
1999-03-01,Hlth_excess,0.0208,0.00867217,0.00741925,0.00741925,10000.0
1999-03-01,Utils_excess,-0.0207,0.00592333,0.00592333,0.00592333,1e+16
1999-03-01,Other_excess,0.0199,0.00679319,-0.00205599,0.0,2424.46201708
1999-04-01,NoDur_excess,0.0354,0.00700381,0.00502281,0.00502281,10000.0
1999-04-01,Durbl_excess,0.0904,0.00876263,4.142e-05,4.142e-05,2424.46201708
1999-04-01,Manuf_excess,0.0908,0.00740669,0.00055481,0.00055481,2424.46201708
1999-04-01,Enrgy_excess,0.154,0.00754037,-6.419e-05,0.0,2424.46201708
1999-04-01,HiTec_excess,0.0189,0.00897647,0.00698296,0.00698296,10000.0
1999-04-01,Telcm_excess,0.0738,0.00661822,0.00661822,0.00661822,1e+16
1999-04-01,Shops_excess,0.0001,0.00776044,0.0033078,0.0033078,2424.46201708
1999-04-01,Hlth_excess,-0.059,0.00868616,0.00743953,0.00743953,10000.0
1999-04-01,Utils_excess,0.0698,0.00589262,0.00589262,0.00589262,1e+16
1999-04-01,Other_excess,0.0634,0.0068083,-5.096e-05,0.0,2424.46201708
1999-05-01,NoDur_excess,0.0103,0.00703652,0.00473574,0.00473574,10000.0
1999-05-01,Durbl_excess,-0.0481,0.00885668,-0.00104027,0.0,2424.46201708
1999-05-01,Manuf_excess,-0.0364,0.00750276,-3.267e-05,0.0,2424.46201708
1999-05-01,Enrgy_excess,-0.0344,0.0077091,0.00040647,0.00040647,2424.46201708
1999-05-01,HiTec_excess,-0.0117,0.0089879,0.00656558,0.00656558,10000.0
1999-05-01,Telcm_excess,0.0032,0.00669562,0.00669562,0.00669562,1e+16
1999-05-01,Shops_excess,-0.0332,0.00775161,0.00167739,0.00167739,2424.46201708
1999-05-01,Hlth_excess,-0.0237,0.00860818,0.00683308,0.00683308,10000.0
1999-05-01,Utils_excess,0.0639,0.00596624,0.00596624,0.00596624,1e+16
1999-05-01,Other_excess,-0.0423,0.0068735,-0.00068921,0.0,2424.46201708
1999-06-01,NoDur_excess,-0.0014,0.00704028,0.00495053,0.00495053,10000.0
1999-06-01,Durbl_excess,0.0053,0.00879114,-0.00035444,0.0,2424.46201708
1999-06-01,Manuf_excess,0.0411,0.00745224,0.00020322,0.00020322,2424.46201708
1999-06-01,Enrgy_excess,-0.0188,0.00766064,0.00018201,0.00018201,2424.46201708
1999-06-01,HiTec_excess,0.1116,0.0089641,0.00693368,0.00693368,10000.0
1999-06-01,Telcm_excess,0.0548,0.0066916,0.0066916,0.0066916,1e+16
1999-06-01,Shops_excess,0.0767,0.00770449,0.00222691,0.00222691,2424.46201708
1999-06-01,Hlth_excess,0.0403,0.008571,0.0071304,0.0071304,10000.0
1999-06-01,Utils_excess,-0.0489,0.00603291,0.00603291,0.00603291,1e+16
1999-06-01,Other_excess,0.0265,0.00681692,-0.00095579,0.0,2424.46201708
1999-07-01,NoDur_excess,-0.0282,0.00703057,0.00499826,0.00499826,10000.0
1999-07-01,Durbl_excess,-0.0641,0.00878713,6.726e-05,6.726e-05,2424.46201708
1999-07-01,Manuf_excess,-0.0154,0.00749092,0.00093767,0.00093767,2424.46201708
1999-07-01,Enrgy_excess,0.0126,0.00763023,0.00057059,0.00057059,2424.46201708
1999-07-01,HiTec_excess,-0.0211,0.00908207,0.00725263,0.00725263,10000.0
1999-07-01,Telcm_excess,-0.021,0.0067469,0.0067469,0.0067469,1e+16
1999-07-01,Shops_excess,-0.0538,0.00778379,0.00268352,0.00268352,2424.46201708
1999-07-01,Hlth_excess,-0.0478,0.00860747,0.00722243,0.00722243,10000.0
1999-07-01,Utils_excess,-0.0096,0.00596977,0.00596977,0.00596977,1e+16
1999-07-01,Other_excess,-0.0632,0.00683954,-0.00016551,0.0,2424.46201708
1999-08-01,NoDur_excess,-0.0498,0.00699013,0.00491895,0.00491895,10000.0
1999-08-01,Durbl_excess,0.0021,0.00870344,-0.00065811,0.0,2424.46201708
1999-08-01,Manuf_excess,-0.0091,0.00746464,0.00061744,0.00061744,2424.46201708
1999-08-01,Enrgy_excess,0.0153,0.00763594,0.00069969,0.00069969,2424.46201708
1999-08-01,HiTec_excess,0.0507,0.00904742,0.00707243,0.00707243,10000.0
1999-08-01,Telcm_excess,-0.0864,0.00671504,0.00671504,0.00671504,1e+16
1999-08-01,Shops_excess,-0.0635,0.00771309,0.00248277,0.00248277,2424.46201708
1999-08-01,Hlth_excess,0.0337,0.00854271,0.00700077,0.00700077,10000.0
1999-08-01,Utils_excess,0.0019,0.00595189,0.00595189,0.00595189,1e+16
1999-08-01,Other_excess,-0.0543,0.00675913,-0.00047334,0.0,2424.46201708
1999-09-01,NoDur_excess,-0.073,0.006925,0.00496849,0.00496849,10000.0
1999-09-01,Durbl_excess,-0.0876,0.00869587,-2.88e-06,0.0,2424.46201708
1999-09-01,Manuf_excess,-0.0354,0.00744564,0.00096585,0.00096585,2424.46201708
1999-09-01,Enrgy_excess,-0.0435,0.00764472,0.00087038,0.00087038,2424.46201708
1999-09-01,HiTec_excess,-0.0049,0.00909518,0.0073479,0.0073479,10000.0
1999-09-01,Telcm_excess,0.0426,0.00660826,0.00660826,0.00660826,1e+16
1999-09-01,Shops_excess,0.0088,0.00763142,0.00301569,0.00301569,2424.46201708
1999-09-01,Hlth_excess,-0.0746,0.00857156,0.00725238,0.00725238,10000.0
1999-09-01,Utils_excess,-0.0467,0.00594725,0.00594725,0.00594725,1e+16
1999-09-01,Other_excess,-0.0494,0.00668911,-0.0002764,0.0,2424.46201708
1999-10-01,NoDur_excess,0.0621,0.00683345,0.00486218,0.00486218,10000.0
1999-10-01,Durbl_excess,0.0421,0.00858557,-0.00013739,0.0,2424.46201708
1999-10-01,Manuf_excess,0.0532,0.00739656,0.00105338,0.00105338,2424.46201708
1999-10-01,Enrgy_excess,-0.0196,0.00758614,0.00096212,0.00096212,2424.46201708
1999-10-01,HiTec_excess,0.0262,0.00907915,0.0072969,0.0072969,10000.0
1999-10-01,Telcm_excess,0.0791,0.00664948,0.00664948,0.00664948,1e+16
1999-10-01,Shops_excess,0.0282,0.00763276,0.00321366,0.00321366,2424.46201708
1999-10-01,Hlth_excess,0.1034,0.00847629,0.00698953,0.00698953,10000.0
1999-10-01,Utils_excess,0.0177,0.00588694,0.00588694,0.00588694,1e+16
1999-10-01,Other_excess,0.1104,0.00662486,6.1e-05,6.1e-05,2424.46201708
1999-11-01,NoDur_excess,-0.0146,0.00689668,0.00505766,0.00505766,10000.0
1999-11-01,Durbl_excess,-0.0256,0.00862391,0.00038114,0.00038114,2424.46201708
1999-11-01,Manuf_excess,-0.0134,0.00744897,0.00144018,0.00144018,2424.46201708
1999-11-01,Enrgy_excess,0.0345,0.00755503,0.00056325,0.00056325,2424.46201708
1999-11-01,HiTec_excess,0.1239,0.00909874,0.00748084,0.00748084,10000.0
1999-11-01,Telcm_excess,0.0425,0.00673238,0.00673238,0.00673238,1e+16
1999-11-01,Shops_excess,0.0379,0.00765629,0.00371021,0.00371021,2424.46201708
1999-11-01,Hlth_excess,0.0116,0.0085849,0.00739855,0.00739855,10000.0
1999-11-01,Utils_excess,-0.0772,0.00590046,0.00590046,0.00590046,1e+16
1999-11-01,Other_excess,-0.0285,0.00674359,0.00039822,0.00039822,2424.46201708
1999-12-01,NoDur_excess,-0.0308,0.00687211,0.00493764,0.00493764,10000.0
1999-12-01,Durbl_excess,0.0231,0.0085848,-0.00041081,0.0,2424.46201708
1999-12-01,Manuf_excess,0.0984,0.00742514,0.00101796,0.00101796,2424.46201708
1999-12-01,Enrgy_excess,0.0019,0.00758583,0.00063235,0.00063235,2424.46201708
1999-12-01,HiTec_excess,0.2031,0.00922994,0.00778727,0.00778727,10000.0
1999-12-01,Telcm_excess,0.0409,0.00677326,0.00677326,0.00677326,1e+16
1999-12-01,Shops_excess,0.0632,0.00769086,0.00370891,0.00370891,2424.46201708
1999-12-01,Hlth_excess,-0.0606,0.00858834,0.00740742,0.00740742,10000.0
1999-12-01,Utils_excess,-0.0281,0.00580549,0.00580549,0.00580549,1e+16
1999-12-01,Other_excess,0.0096,0.00670331,4.912e-05,4.912e-05,2424.46201708
2000-01-01,NoDur_excess,-0.0513,0.00682911,0.00166591,0.00166591,2424.46201708
2000-01-01,Durbl_excess,-0.0174,0.00860137,-0.00108432,0.0,2424.46201708
2000-01-01,Manuf_excess,-0.0907,0.007529,0.00099655,0.00099655,2424.46201708
2000-01-01,Enrgy_excess,0.0087,0.00757934,0.00024712,0.00024712,2424.46201708
2000-01-01,HiTec_excess,-0.0562,0.00945126,0.00908445,0.00908445,41246.26382901
2000-01-01,Telcm_excess,-0.0426,0.00681221,0.00681221,0.00681221,1e+16
2000-01-01,Shops_excess,-0.1142,0.00775422,0.00282355,0.00282355,1193.77664171
2000-01-01,Hlth_excess,0.0722,0.00850936,0.00630304,0.00630304,4923.88263171
2000-01-01,Utils_excess,0.0513,0.00576678,0.00459739,0.00459739,20309.17620905
2000-01-01,Other_excess,-0.0516,0.00670662,-0.00058676,0.0,2424.46201708
2000-02-01,NoDur_excess,-0.067,0.00676283,0.00017927,0.00017927,2424.46201708
2000-02-01,Durbl_excess,-0.0924,0.00857172,-0.00166864,0.0,2424.46201708
2000-02-01,Manuf_excess,-0.0417,0.00741699,0.00039112,0.00039112,2424.46201708
2000-02-01,Enrgy_excess,-0.0603,0.00758062,0.00098582,0.00098582,2424.46201708
2000-02-01,HiTec_excess,0.1761,0.0093764,0.00884936,0.00884936,41246.26382901
2000-02-01,Telcm_excess,-0.0412,0.00675587,0.00675587,0.00675587,1e+16
2000-02-01,Shops_excess,-0.0438,0.00761517,-0.00311815,0.0,1193.77664171
2000-02-01,Hlth_excess,-0.0294,0.00858198,0.00560798,0.00560798,4923.88263171
2000-02-01,Utils_excess,-0.075,0.0058187,0.00466867,0.00466867,20309.17620905
2000-02-01,Other_excess,-0.0781,0.00664014,-0.00106692,0.0,2424.46201708
2000-03-01,NoDur_excess,0.0696,0.00667882,-0.00012864,0.0,2424.46201708
2000-03-01,Durbl_excess,0.1042,0.00845672,-0.00309018,0.0,2424.46201708
2000-03-01,Manuf_excess,0.0705,0.00736105,-0.00035102,0.0,2424.46201708
2000-03-01,Enrgy_excess,0.1145,0.0075033,0.00025168,0.00025168,2424.46201708
2000-03-01,HiTec_excess,0.0362,0.00956629,0.0090884,0.0090884,41246.26382901
2000-03-01,Telcm_excess,0.078,0.00670125,0.00670125,0.00670125,1e+16
2000-03-01,Shops_excess,0.1292,0.00755661,-0.0026583,0.0,1193.77664171
2000-03-01,Hlth_excess,-0.005,0.00853872,0.00539402,0.00539402,4923.88263171
2000-03-01,Utils_excess,0.0542,0.00572665,0.00454287,0.00454287,20309.17620905
2000-03-01,Other_excess,0.1389,0.00654362,-0.00154742,0.0,2424.46201708
2000-04-01,NoDur_excess,-0.0242,0.0067504,0.00028274,0.00028274,2424.46201708
2000-04-01,Durbl_excess,0.0823,0.00856564,-0.00235889,0.0,2424.46201708
2000-04-01,Manuf_excess,0.01,0.00743288,0.00053533,0.00053533,2424.46201708
2000-04-01,Enrgy_excess,-0.0277,0.00762503,0.00130142,0.00130142,2424.46201708
2000-04-01,HiTec_excess,-0.1101,0.00959659,0.00911505,0.00911505,41246.26382901
2000-04-01,Telcm_excess,-0.0879,0.00678237,0.00678237,0.00678237,1e+16
2000-04-01,Shops_excess,-0.0494,0.00769499,-0.0013771,0.0,1193.77664171
2000-04-01,Hlth_excess,0.0458,0.00852332,0.00527981,0.00527981,4923.88263171
2000-04-01,Utils_excess,0.0696,0.0057818,0.00462611,0.00462611,20309.17620905
2000-04-01,Other_excess,-0.0329,0.0066942,-0.00035274,0.0,2424.46201708
2000-05-01,NoDur_excess,0.066,0.00671523,0.00097249,0.00097249,2424.46201708
2000-05-01,Durbl_excess,-0.1281,0.00864943,-0.00044655,0.0,2424.46201708
2000-05-01,Manuf_excess,-0.0222,0.0074358,0.0013178,0.0013178,2424.46201708
2000-05-01,Enrgy_excess,0.0889,0.00758489,0.00121533,0.00121533,2424.46201708
2000-05-01,HiTec_excess,-0.1135,0.00946057,0.0090673,0.0090673,41246.26382901
2000-05-01,Telcm_excess,-0.1047,0.00667477,0.00667477,0.00667477,1e+16
2000-05-01,Shops_excess,-0.0333,0.00763011,0.00048445,0.00048445,1193.77664171
2000-05-01,Hlth_excess,0.0322,0.00856568,0.00657162,0.00657162,4923.88263171
2000-05-01,Utils_excess,0.0346,0.00585432,0.00485202,0.00485202,20309.17620905
2000-05-01,Other_excess,0.0285,0.0066492,-0.00070129,0.0,2424.46201708
2000-06-01,NoDur_excess,0.0178,0.00678252,0.00130293,0.00130293,2424.46201708
2000-06-01,Durbl_excess,-0.0939,0.00849421,-0.00135424,0.0,2424.46201708
2000-06-01,Manuf_excess,-0.0168,0.00740216,0.00124038,0.00124038,2424.46201708
2000-06-01,Enrgy_excess,-0.0545,0.00767719,0.00200486,0.00200486,2424.46201708
2000-06-01,HiTec_excess,0.1223,0.009321,0.00885868,0.00885868,41246.26382901
2000-06-01,Telcm_excess,0.0359,0.00654835,0.00654835,0.00654835,1e+16
2000-06-01,Shops_excess,-0.0261,0.00758365,-0.00030683,0.0,1193.77664171
2000-06-01,Hlth_excess,0.1059,0.00859251,0.00656042,0.00656042,4923.88263171
2000-06-01,Utils_excess,-0.0508,0.00588695,0.00489821,0.00489821,20309.17620905
2000-06-01,Other_excess,-0.0353,0.00667401,-0.00027737,0.0,2424.46201708
2000-07-01,NoDur_excess,0.0024,0.00679501,0.00338588,0.00338588,2424.46201708
2000-07-01,Durbl_excess,0.0425,0.00837812,-0.00059807,0.0,2424.46201708
2000-07-01,Manuf_excess,-0.0193,0.00737472,0.0019493,0.0019493,2424.46201708
2000-07-01,Enrgy_excess,-0.0316,0.00760669,0.00176245,0.00176245,2424.46201708
2000-07-01,HiTec_excess,-0.0563,0.00944909,0.00908548,0.00908548,41246.26382901
2000-07-01,Telcm_excess,-0.0722,0.00658163,0.00658163,0.00658163,1e+16
2000-07-01,Shops_excess,-0.017,0.00754546,0.00514019,0.00514019,1193.77664171
2000-07-01,Hlth_excess,-0.0699,0.00870283,0.00748809,0.00748809,4923.88263171
2000-07-01,Utils_excess,0.0339,0.00582268,0.00501734,0.00501734,20309.17620905
2000-07-01,Other_excess,0.0488,0.00662642,0.00164377,0.00164377,2424.46201708
2000-08-01,NoDur_excess,-0.0258,0.00679003,0.00289894,0.00289894,2424.46201708
2000-08-01,Durbl_excess,0.0494,0.00841676,-0.00102216,0.0,2424.46201708
2000-08-01,Manuf_excess,0.0691,0.00734451,0.00160595,0.00160595,2424.46201708
2000-08-01,Enrgy_excess,0.0825,0.00756229,0.00166607,0.00166607,2424.46201708
2000-08-01,HiTec_excess,0.1218,0.00937463,0.00897563,0.00897563,41246.26382901
2000-08-01,Telcm_excess,-0.0199,0.00649241,0.00649241,0.00649241,1e+16
2000-08-01,Shops_excess,-0.029,0.00751767,0.00339446,0.00339446,1193.77664171
2000-08-01,Hlth_excess,0.03,0.00861382,0.00720218,0.00720218,4923.88263171
2000-08-01,Utils_excess,0.1116,0.00585447,0.00504622,0.00504622,20309.17620905
2000-08-01,Other_excess,0.0874,0.00667418,0.00133933,0.00133933,2424.46201708
2000-09-01,NoDur_excess,0.0322,0.00675317,0.00228084,0.00228084,2424.46201708
2000-09-01,Durbl_excess,-0.0467,0.00846312,-0.00111296,0.0,2424.46201708
2000-09-01,Manuf_excess,-0.0621,0.00741437,0.00190806,0.00190806,2424.46201708
2000-09-01,Enrgy_excess,0.0405,0.00764706,0.00206885,0.00206885,2424.46201708
2000-09-01,HiTec_excess,-0.1524,0.00950181,0.00915748,0.00915748,41246.26382901
2000-09-01,Telcm_excess,-0.0496,0.00646256,0.00646256,0.00646256,1e+16
2000-09-01,Shops_excess,0.0215,0.00747636,0.00178937,0.00178937,1193.77664171
2000-09-01,Hlth_excess,0.0316,0.00863801,0.00719186,0.00719186,4923.88263171
2000-09-01,Utils_excess,0.0829,0.0059741,0.00522072,0.00522072,20309.17620905
2000-09-01,Other_excess,-0.0026,0.0067655,0.0015855,0.0015855,2424.46201708
2000-10-01,NoDur_excess,0.0692,0.00678192,0.0023796,0.0023796,2424.46201708
2000-10-01,Durbl_excess,0.0199,0.00840079,-0.00263774,0.0,2424.46201708
2000-10-01,Manuf_excess,0.0284,0.00733582,0.00042884,0.00042884,2424.46201708
2000-10-01,Enrgy_excess,-0.0337,0.00768418,0.00149723,0.00149723,2424.46201708
2000-10-01,HiTec_excess,-0.0803,0.00931887,0.00883983,0.00883983,41246.26382901
2000-10-01,Telcm_excess,-0.0073,0.00639921,0.00639921,0.00639921,1e+16
2000-10-01,Shops_excess,-0.0231,0.0074922,0.00358634,0.00358634,1193.77664171
2000-10-01,Hlth_excess,0.015,0.00866395,0.00730802,0.00730802,4923.88263171
2000-10-01,Utils_excess,-0.0223,0.00606102,0.00532319,0.00532319,20309.17620905
2000-10-01,Other_excess,-0.0185,0.00675492,0.000539,0.000539,2424.46201708
2000-11-01,NoDur_excess,0.0219,0.00685237,0.00238778,0.00238778,2424.46201708
2000-11-01,Durbl_excess,-0.1165,0.00841377,-0.00123164,0.0,2424.46201708
2000-11-01,Manuf_excess,-0.0359,0.00735959,0.00175932,0.00175932,2424.46201708
2000-11-01,Enrgy_excess,-0.0303,0.00763747,0.00252737,0.00252737,2424.46201708
2000-11-01,HiTec_excess,-0.2371,0.00921772,0.00871824,0.00871824,41246.26382901
2000-11-01,Telcm_excess,-0.1704,0.00638375,0.00638375,0.00638375,1e+16
2000-11-01,Shops_excess,-0.0155,0.00745767,0.00012712,0.00012712,1193.77664171
2000-11-01,Hlth_excess,0.0024,0.00867111,0.00711946,0.00711946,4923.88263171
2000-11-01,Utils_excess,0.0245,0.00602901,0.00531065,0.00531065,20309.17620905
2000-11-01,Other_excess,-0.0649,0.00672641,0.00111044,0.00111044,2424.46201708
2000-12-01,NoDur_excess,0.0494,0.00686933,0.00415901,0.00415901,2424.46201708
2000-12-01,Durbl_excess,-0.0042,0.00827294,-0.00034585,0.0,2424.46201708
2000-12-01,Manuf_excess,0.0647,0.00731082,0.00265041,0.00265041,2424.46201708
2000-12-01,Enrgy_excess,0.07,0.0075947,0.00280707,0.00280707,2424.46201708
2000-12-01,HiTec_excess,-0.0849,0.00894002,0.00842201,0.00842201,41246.26382901
2000-12-01,Telcm_excess,-0.0477,0.00618444,0.00618444,0.00618444,1e+16
2000-12-01,Shops_excess,0.0517,0.00743179,0.00377605,0.00377605,1193.77664171
2000-12-01,Hlth_excess,0.0299,0.00866404,0.00779591,0.00779591,4923.88263171
2000-12-01,Utils_excess,0.0597,0.00604983,0.00558185,0.00558185,20309.17620905
2000-12-01,Other_excess,0.0597,0.00664566,0.00239026,0.00239026,2424.46201708
2001-01-01,NoDur_excess,-0.0272,0.00691723,0.00508137,0.00508137,2424.46201708
2001-01-01,Durbl_excess,0.1251,0.0082589,0.00079761,0.00079761,2424.46201708
2001-01-01,Manuf_excess,-0.0152,0.00737545,0.00373474,0.00373474,2424.46201708
2001-01-01,Enrgy_excess,-0.0397,0.00766498,0.00348373,0.00348373,2424.46201708
2001-01-01,HiTec_excess,0.1564,0.00883435,0.00722854,0.00722854,10000.0
2001-01-01,Telcm_excess,0.1496,0.00612376,0.00612376,0.00612376,1e+16
2001-01-01,Shops_excess,0.0587,0.00748164,0.00593834,0.00593834,1193.77664171
2001-01-01,Hlth_excess,-0.0905,0.00868795,0.00833738,0.00833738,10000.0
2001-01-01,Utils_excess,-0.1077,0.00611025,0.00608398,0.00608398,345510.72945922
2001-01-01,Other_excess,0.0009,0.00670541,0.00321491,0.00321491,2424.46201708
2001-02-01,NoDur_excess,-0.0024,0.00687885,0.00524926,0.00524926,2424.46201708
2001-02-01,Durbl_excess,-0.0163,0.00839033,0.00122838,0.00122838,2424.46201708
2001-02-01,Manuf_excess,-0.0417,0.00735006,0.00295994,0.00295994,2424.46201708
2001-02-01,Enrgy_excess,-0.0041,0.0076117,0.00231955,0.00231955,2424.46201708
2001-02-01,HiTec_excess,-0.2645,0.00900034,0.00762043,0.00762043,10000.0
2001-02-01,Telcm_excess,-0.1068,0.00628515,0.00628515,0.00628515,1e+16
2001-02-01,Shops_excess,-0.0571,0.00753926,0.00947321,0.00947321,1193.77664171
2001-02-01,Hlth_excess,-0.0092,0.00857638,0.0080559,0.0080559,10000.0
2001-02-01,Utils_excess,0.058,0.00598223,0.0059442,0.0059442,345510.72945922
2001-02-01,Other_excess,-0.0463,0.00669888,0.00296552,0.00296552,2424.46201708
2001-03-01,NoDur_excess,-0.052,0.00686843,0.0040017,0.0040017,2424.46201708
2001-03-01,Durbl_excess,-0.0375,0.00836258,0.00112503,0.00112503,2424.46201708
2001-03-01,Manuf_excess,-0.0647,0.00729494,0.00324914,0.00324914,2424.46201708
2001-03-01,Enrgy_excess,-0.0052,0.00759854,0.00383794,0.00383794,2424.46201708
2001-03-01,HiTec_excess,-0.1431,0.00869303,0.00682159,0.00682159,10000.0
2001-03-01,Telcm_excess,-0.0642,0.00615809,0.00615809,0.00615809,1e+16
2001-03-01,Shops_excess,-0.0329,0.00746663,0.00411097,0.00411097,1193.77664171
2001-03-01,Hlth_excess,-0.0901,0.0085564,0.00775414,0.00775414,10000.0
2001-03-01,Utils_excess,0.0063,0.00604067,0.00600148,0.00600148,345510.72945922
2001-03-01,Other_excess,-0.0492,0.00663933,0.00286653,0.00286653,2424.46201708
2001-04-01,NoDur_excess,0.0053,0.00680236,0.00386047,0.00386047,2424.46201708
2001-04-01,Durbl_excess,0.0831,0.00831111,0.00193869,0.00193869,2424.46201708
2001-04-01,Manuf_excess,0.0716,0.00721414,0.00325024,0.00325024,2424.46201708
2001-04-01,Enrgy_excess,0.0963,0.00758418,0.0037513,0.0037513,2424.46201708
2001-04-01,HiTec_excess,0.1762,0.00852267,0.00671348,0.00671348,10000.0
2001-04-01,Telcm_excess,0.0362,0.00607912,0.00607912,0.00607912,1e+16
2001-04-01,Shops_excess,0.0521,0.00742132,0.00414641,0.00414641,1193.77664171
2001-04-01,Hlth_excess,0.0386,0.00844568,0.00771627,0.00771627,10000.0
2001-04-01,Utils_excess,0.0502,0.00604097,0.00600143,0.00600143,345510.72945922
2001-04-01,Other_excess,0.0569,0.00657666,0.00214554,0.00214554,2424.46201708
2001-05-01,NoDur_excess,0.0308,0.00680067,0.00343947,0.00343947,2424.46201708
2001-05-01,Durbl_excess,-0.0188,0.00839496,0.00199406,0.00199406,2424.46201708
2001-05-01,Manuf_excess,0.0183,0.00728632,0.00283111,0.00283111,2424.46201708
2001-05-01,Enrgy_excess,-0.0022,0.00768363,0.00331334,0.00331334,2424.46201708
2001-05-01,HiTec_excess,-0.0352,0.00871065,0.00704747,0.00704747,10000.0
2001-05-01,Telcm_excess,-0.0195,0.00611289,0.00611289,0.00611289,1e+16
2001-05-01,Shops_excess,0.0129,0.00747141,0.0047055,0.0047055,1193.77664171
2001-05-01,Hlth_excess,0.0245,0.00847948,0.00770379,0.00770379,10000.0
2001-05-01,Utils_excess,0.0015,0.00609047,0.00604283,0.00604283,345510.72945922
2001-05-01,Other_excess,0.0332,0.00663307,0.00144522,0.00144522,2424.46201708
2001-06-01,NoDur_excess,-0.018,0.00682755,0.00422428,0.00422428,2424.46201708
2001-06-01,Durbl_excess,0.0351,0.0083645,0.00270648,0.00270648,2424.46201708
2001-06-01,Manuf_excess,-0.0493,0.00729866,0.00337054,0.00337054,2424.46201708
2001-06-01,Enrgy_excess,-0.0774,0.00767256,0.00348992,0.00348992,2424.46201708
2001-06-01,HiTec_excess,0.0113,0.00866148,0.00704129,0.00704129,10000.0
2001-06-01,Telcm_excess,-0.0296,0.00608421,0.00608421,0.00608421,1e+16
2001-06-01,Shops_excess,-0.0286,0.00747749,0.00618957,0.00618957,1193.77664171
2001-06-01,Hlth_excess,-0.0326,0.00849742,0.0076799,0.0076799,10000.0
2001-06-01,Utils_excess,-0.0643,0.00608533,0.00604176,0.00604176,345510.72945922
2001-06-01,Other_excess,-0.0037,0.00666282,0.00300337,0.00300337,2424.46201708
2001-07-01,NoDur_excess,-0.0084,0.00679978,0.00357273,0.00357273,2424.46201708
2001-07-01,Durbl_excess,0.0296,0.00839441,0.00285351,0.00285351,2424.46201708
2001-07-01,Manuf_excess,0.0023,0.00723535,0.00300959,0.00300959,2424.46201708
2001-07-01,Enrgy_excess,-0.0253,0.0075774,0.00302375,0.00302375,2424.46201708
2001-07-01,HiTec_excess,-0.0787,0.00866443,0.00716797,0.00716797,10000.0
2001-07-01,Telcm_excess,-0.0126,0.0060443,0.0060443,0.0060443,1e+16
2001-07-01,Shops_excess,0.0425,0.00743714,0.00434112,0.00434112,1193.77664171
2001-07-01,Hlth_excess,0.0198,0.00845145,0.00748625,0.00748625,10000.0
2001-07-01,Utils_excess,-0.0414,0.0060066,0.00595649,0.00595649,345510.72945922
2001-07-01,Other_excess,-0.0247,0.00665123,0.00262514,0.00262514,2424.46201708
2001-08-01,NoDur_excess,0.0168,0.00678279,0.00521085,0.00521085,2424.46201708
2001-08-01,Durbl_excess,-0.1036,0.0084181,0.00554808,0.00554808,2424.46201708
2001-08-01,Manuf_excess,-0.0249,0.00722983,0.00454408,0.00454408,2424.46201708
2001-08-01,Enrgy_excess,-0.0381,0.00754067,0.00322419,0.00322419,2424.46201708
2001-08-01,HiTec_excess,-0.1294,0.00856682,0.0074508,0.0074508,10000.0
2001-08-01,Telcm_excess,-0.0895,0.00602346,0.00602346,0.00602346,1e+16
2001-08-01,Shops_excess,-0.0723,0.00747631,0.00810129,0.00810129,1193.77664171
2001-08-01,Hlth_excess,-0.0341,0.00846413,0.00789746,0.00789746,10000.0
2001-08-01,Utils_excess,0.0022,0.00595363,0.00591687,0.00591687,345510.72945922
2001-08-01,Other_excess,-0.0551,0.0066162,0.0042614,0.0042614,2424.46201708
2001-09-01,NoDur_excess,-0.038,0.00679397,0.00378,0.00378,2424.46201708
2001-09-01,Durbl_excess,-0.1755,0.00829308,0.00304203,0.00304203,2424.46201708
2001-09-01,Manuf_excess,-0.1298,0.00719397,0.00317877,0.00317877,2424.46201708
2001-09-01,Enrgy_excess,-0.0646,0.00748973,0.0025832,0.0025832,2424.46201708
2001-09-01,HiTec_excess,-0.1928,0.00841283,0.00672091,0.00672091,10000.0
2001-09-01,Telcm_excess,-0.0263,0.00591685,0.00591685,0.00591685,1e+16
2001-09-01,Shops_excess,-0.0979,0.00738728,0.0044209,0.0044209,1193.77664171
2001-09-01,Hlth_excess,-0.0091,0.00841663,0.00746534,0.00746534,10000.0
2001-09-01,Utils_excess,-0.0688,0.00594944,0.00590146,0.00590146,345510.72945922
2001-09-01,Other_excess,-0.0815,0.00654732,0.00237655,0.00237655,2424.46201708
2001-10-01,NoDur_excess,0.0106,0.00674404,0.00160492,0.00160492,2424.46201708
2001-10-01,Durbl_excess,0.0085,0.00808818,0.00145442,0.00145442,2424.46201708
2001-10-01,Manuf_excess,0.0372,0.00704125,0.00221225,0.00221225,2424.46201708
2001-10-01,Enrgy_excess,0.0492,0.00740936,0.00300487,0.00300487,2424.46201708
2001-10-01,HiTec_excess,0.1548,0.00818852,0.00589891,0.00589891,10000.0
2001-10-01,Telcm_excess,-0.0979,0.00588094,0.00588094,0.00588094,1e+16
2001-10-01,Shops_excess,0.0135,0.0072699,-0.00138601,0.0,1193.77664171
2001-10-01,Hlth_excess,0.0104,0.0083971,0.00698742,0.00698742,10000.0
2001-10-01,Utils_excess,0.0154,0.00586611,0.00580002,0.00580002,345510.72945922
2001-10-01,Other_excess,-0.012,0.00644916,0.00072582,0.00072582,2424.46201708
2001-11-01,NoDur_excess,0.0241,0.00674833,0.0058378,0.0058378,2424.46201708
2001-11-01,Durbl_excess,0.1484,0.00808864,0.00657064,0.00657064,2424.46201708
2001-11-01,Manuf_excess,0.0829,0.00707483,0.00524087,0.00524087,2424.46201708
2001-11-01,Enrgy_excess,-0.0438,0.0074559,0.00365807,0.00365807,2424.46201708
2001-11-01,HiTec_excess,0.1572,0.00835178,0.00745946,0.00745946,10000.0
2001-11-01,Telcm_excess,0.0568,0.00576537,0.00576537,0.00576537,1e+16
2001-11-01,Shops_excess,0.0964,0.00727684,0.00847482,0.00847482,1193.77664171
2001-11-01,Hlth_excess,0.0485,0.00839933,0.00792876,0.00792876,10000.0
2001-11-01,Utils_excess,-0.016,0.00587673,0.00584134,0.00584134,345510.72945922
2001-11-01,Other_excess,0.0703,0.00642862,0.004656,0.004656,2424.46201708
2001-12-01,NoDur_excess,0.0174,0.00676763,0.00371405,0.00371405,2424.46201708
2001-12-01,Durbl_excess,-0.0099,0.00824472,0.00364055,0.00364055,2424.46201708
2001-12-01,Manuf_excess,0.0249,0.00715918,0.00261535,0.00261535,2424.46201708
2001-12-01,Enrgy_excess,0.0582,0.00739889,0.00114824,0.00114824,2424.46201708
2001-12-01,HiTec_excess,-0.0078,0.00851735,0.00738818,0.00738818,10000.0
2001-12-01,Telcm_excess,0.0245,0.00582214,0.00582214,0.00582214,1e+16
2001-12-01,Shops_excess,0.0419,0.00737597,0.00660309,0.00660309,1193.77664171
2001-12-01,Hlth_excess,-0.0297,0.00844394,0.00785828,0.00785828,10000.0
2001-12-01,Utils_excess,0.0389,0.00585239,0.00578723,0.00578723,345510.72945922
2001-12-01,Other_excess,0.0353,0.00649967,0.00095788,0.00095788,2424.46201708
2002-01-01,NoDur_excess,0.0073,0.00677944,0.00448025,0.00448025,2424.46201708
2002-01-01,Durbl_excess,0.0271,0.00822456,0.00582516,0.00582516,2424.46201708
2002-01-01,Manuf_excess,0.0142,0.00717889,0.00429422,0.00429422,2424.46201708
2002-01-01,Enrgy_excess,-0.0301,0.00745533,0.00231941,0.00231941,2424.46201708
2002-01-01,HiTec_excess,-0.0066,0.00849922,0.0074228,0.0074228,4923.88263171
2002-01-01,Telcm_excess,-0.0729,0.00584289,0.00584289,0.00584289,1e+16
2002-01-01,Shops_excess,0.0247,0.00741433,0.00688818,0.00688818,2424.46201708
2002-01-01,Hlth_excess,-0.0255,0.00840156,0.00776815,0.00776815,10000.0
2002-01-01,Utils_excess,-0.0447,0.00588911,0.00426119,0.00426119,10000.0
2002-01-01,Other_excess,-0.017,0.00653167,0.00276667,0.00276667,2424.46201708
2002-02-01,NoDur_excess,0.0411,0.00678002,0.00477389,0.00477389,2424.46201708
2002-02-01,Durbl_excess,0.0314,0.0082455,0.00640859,0.00640859,2424.46201708
2002-02-01,Manuf_excess,0.0423,0.00718668,0.00477682,0.00477682,2424.46201708
2002-02-01,Enrgy_excess,0.0543,0.00741365,0.00259661,0.00259661,2424.46201708
2002-02-01,HiTec_excess,-0.1328,0.00848246,0.00692878,0.00692878,4923.88263171
2002-02-01,Telcm_excess,-0.0288,0.00575549,0.00575549,0.00575549,1e+16
2002-02-01,Shops_excess,-0.0028,0.00743352,0.00716775,0.00716775,2424.46201708
2002-02-01,Hlth_excess,-0.0058,0.00836393,0.00747008,0.00747008,10000.0
2002-02-01,Utils_excess,-0.0049,0.00583296,0.00422342,0.00422342,10000.0
2002-02-01,Other_excess,-0.0038,0.00650555,0.00374076,0.00374076,2424.46201708
2002-03-01,NoDur_excess,0.0367,0.00681807,0.00447366,0.00447366,2424.46201708
2002-03-01,Durbl_excess,0.0676,0.00827118,0.00585553,0.00585553,2424.46201708
2002-03-01,Manuf_excess,0.048,0.00722561,0.00461974,0.00461974,2424.46201708
2002-03-01,Enrgy_excess,0.0756,0.00746563,0.00286384,0.00286384,2424.46201708
2002-03-01,HiTec_excess,0.0637,0.00832583,0.00595553,0.00595553,4923.88263171
2002-03-01,Telcm_excess,0.0023,0.00571718,0.00571718,0.00571718,1e+16
2002-03-01,Shops_excess,0.0196,0.00742217,0.00633298,0.00633298,2424.46201708
2002-03-01,Hlth_excess,0.0041,0.00834823,0.0072929,0.0072929,10000.0
2002-03-01,Utils_excess,0.1016,0.00582106,0.00411332,0.00411332,10000.0
2002-03-01,Other_excess,0.0511,0.00649412,0.00319559,0.00319559,2424.46201708
2002-04-01,NoDur_excess,0.0197,0.00685116,0.00319275,0.00319275,2424.46201708
2002-04-01,Durbl_excess,0.0178,0.00833688,0.00386663,0.00386663,2424.46201708
2002-04-01,Manuf_excess,-0.0166,0.00727076,0.00319844,0.00319844,2424.46201708
2002-04-01,Enrgy_excess,-0.047,0.00754109,0.00267524,0.00267524,2424.46201708
2002-04-01,HiTec_excess,-0.1205,0.00838715,0.0055632,0.0055632,4923.88263171
2002-04-01,Telcm_excess,-0.1291,0.0057134,0.0057134,0.0057134,1e+16
2002-04-01,Shops_excess,-0.0177,0.00743566,0.00511149,0.00511149,2424.46201708
2002-04-01,Hlth_excess,-0.077,0.00834352,0.00707233,0.00707233,10000.0
2002-04-01,Utils_excess,-0.0057,0.00592713,0.00389568,0.00389568,10000.0
2002-04-01,Other_excess,-0.029,0.00654352,0.0012271,0.0012271,2424.46201708
2002-05-01,NoDur_excess,0.0113,0.00686538,0.00494553,0.00494553,2424.46201708
2002-05-01,Durbl_excess,-0.0057,0.00834735,0.007379,0.007379,2424.46201708
2002-05-01,Manuf_excess,-0.004,0.00724436,0.00563498,0.00563498,2424.46201708
2002-05-01,Enrgy_excess,-0.0088,0.00748075,0.00423104,0.00423104,2424.46201708
2002-05-01,HiTec_excess,-0.0373,0.00824458,0.00599055,0.00599055,4923.88263171
2002-05-01,Telcm_excess,0.0286,0.00556427,0.00556427,0.00556427,1e+16
2002-05-01,Shops_excess,-0.0158,0.00740785,0.00591642,0.00591642,2424.46201708
2002-05-01,Hlth_excess,-0.0242,0.00824912,0.0069974,0.0069974,10000.0
2002-05-01,Utils_excess,-0.0706,0.00591427,0.0045311,0.0045311,10000.0
2002-05-01,Other_excess,-0.0067,0.0065042,0.00458269,0.00458269,2424.46201708
2002-06-01,NoDur_excess,-0.0618,0.00687028,0.00565468,0.00565468,2424.46201708
2002-06-01,Durbl_excess,-0.0829,0.00833182,0.00778297,0.00778297,2424.46201708
2002-06-01,Manuf_excess,-0.0311,0.00723193,0.0054001,0.0054001,2424.46201708
2002-06-01,Enrgy_excess,-0.0012,0.00746276,0.00321185,0.00321185,2424.46201708
2002-06-01,HiTec_excess,-0.1228,0.00819425,0.00637634,0.00637634,4923.88263171
2002-06-01,Telcm_excess,-0.1453,0.00558972,0.00558972,0.00558972,1e+16
2002-06-01,Shops_excess,-0.0523,0.00738221,0.00718448,0.00718448,2424.46201708
2002-06-01,Hlth_excess,-0.0966,0.00821326,0.00728031,0.00728031,10000.0
2002-06-01,Utils_excess,-0.0594,0.00582972,0.00446506,0.00446506,10000.0
2002-06-01,Other_excess,-0.0524,0.00648961,0.00375681,0.00375681,2424.46201708
2002-07-01,NoDur_excess,-0.0678,0.00679448,0.0043839,0.0043839,2424.46201708
2002-07-01,Durbl_excess,-0.1207,0.00823113,0.00688337,0.00688337,2424.46201708
2002-07-01,Manuf_excess,-0.0867,0.00718962,0.00515115,0.00515115,2424.46201708
2002-07-01,Enrgy_excess,-0.1198,0.0074532,0.00377394,0.00377394,2424.46201708
2002-07-01,HiTec_excess,-0.0985,0.00804967,0.0059462,0.0059462,4923.88263171
2002-07-01,Telcm_excess,-0.1182,0.00542318,0.00542318,0.00542318,1e+16
2002-07-01,Shops_excess,-0.1158,0.00731634,0.00507413,0.00507413,2424.46201708
2002-07-01,Hlth_excess,-0.0291,0.00809757,0.00682695,0.00682695,10000.0
2002-07-01,Utils_excess,-0.1229,0.00575773,0.00423053,0.00423053,10000.0
2002-07-01,Other_excess,-0.0652,0.00642461,0.00332804,0.00332804,2424.46201708
2002-08-01,NoDur_excess,0.0211,0.00671224,0.00396066,0.00396066,2424.46201708
2002-08-01,Durbl_excess,0.0048,0.00808897,0.00779787,0.00779787,2424.46201708
2002-08-01,Manuf_excess,-0.0143,0.00708611,0.00595754,0.00595754,2424.46201708
2002-08-01,Enrgy_excess,0.0049,0.0073129,0.00437036,0.00437036,2424.46201708
2002-08-01,HiTec_excess,-0.011,0.00793219,0.00573097,0.00573097,4923.88263171
2002-08-01,Telcm_excess,0.0006,0.00528688,0.00528688,0.00528688,1e+16
2002-08-01,Shops_excess,0.017,0.0071806,0.00368857,0.00368857,2424.46201708
2002-08-01,Hlth_excess,0.0051,0.00805656,0.00685177,0.00685177,10000.0
2002-08-01,Utils_excess,0.0326,0.00561588,0.00411077,0.00411077,10000.0
2002-08-01,Other_excess,0.0099,0.00634564,0.003362,0.003362,2424.46201708
2002-09-01,NoDur_excess,-0.0787,0.00672808,0.00584322,0.00584322,2424.46201708
2002-09-01,Durbl_excess,-0.1104,0.00808535,0.0085439,0.0085439,2424.46201708
2002-09-01,Manuf_excess,-0.0848,0.00706256,0.00627303,0.00627303,2424.46201708
2002-09-01,Enrgy_excess,-0.0799,0.00731024,0.00434705,0.00434705,2424.46201708
2002-09-01,HiTec_excess,-0.1674,0.00791134,0.0060018,0.0060018,4923.88263171
2002-09-01,Telcm_excess,-0.0999,0.00528172,0.00528172,0.00528172,1e+16
2002-09-01,Shops_excess,-0.0958,0.00719141,0.00663401,0.00663401,2424.46201708
2002-09-01,Hlth_excess,-0.0603,0.0080533,0.00712205,0.00712205,10000.0
2002-09-01,Utils_excess,-0.1102,0.00564559,0.00465546,0.00465546,10000.0
2002-09-01,Other_excess,-0.1074,0.00634956,0.00519032,0.00519032,2424.46201708
2002-10-01,NoDur_excess,0.0492,0.0066341,0.00509362,0.00509362,2424.46201708
2002-10-01,Durbl_excess,-0.0285,0.00795501,0.00776976,0.00776976,2424.46201708
2002-10-01,Manuf_excess,0.0364,0.0069615,0.0058593,0.0058593,2424.46201708
2002-10-01,Enrgy_excess,0.03,0.0072143,0.00437919,0.00437919,2424.46201708
2002-10-01,HiTec_excess,0.1923,0.00771848,0.00594087,0.00594087,4923.88263171
2002-10-01,Telcm_excess,0.218,0.00516601,0.00516601,0.00516601,1e+16
2002-10-01,Shops_excess,0.0558,0.00707811,0.00548546,0.00548546,2424.46201708
2002-10-01,Hlth_excess,0.0554,0.00797811,0.00706272,0.00706272,10000.0
2002-10-01,Utils_excess,-0.0075,0.00551815,0.00447687,0.00447687,10000.0
2002-10-01,Other_excess,0.0624,0.00622442,0.00453681,0.00453681,2424.46201708
2002-11-01,NoDur_excess,-0.0121,0.00668088,0.00338238,0.00338238,2424.46201708
2002-11-01,Durbl_excess,0.1187,0.00791495,0.00527416,0.00527416,2424.46201708
2002-11-01,Manuf_excess,0.0613,0.00699385,0.00428291,0.00428291,2424.46201708
2002-11-01,Enrgy_excess,0.029,0.00723934,0.00341129,0.00341129,2424.46201708
2002-11-01,HiTec_excess,0.1615,0.00792132,0.0054236,0.0054236,4923.88263171
2002-11-01,Telcm_excess,0.1169,0.00539989,0.00539989,0.00539989,1e+16
2002-11-01,Shops_excess,0.0178,0.00713165,0.00394465,0.00394465,2424.46201708
2002-11-01,Hlth_excess,0.0366,0.00803022,0.00688047,0.00688047,10000.0
2002-11-01,Utils_excess,0.0146,0.00550385,0.00381667,0.00381667,10000.0
2002-11-01,Other_excess,0.0408,0.00628615,0.00152509,0.00152509,2424.46201708
2002-12-01,NoDur_excess,-0.0034,0.00666026,0.00574723,0.00574723,2424.46201708
2002-12-01,Durbl_excess,-0.0663,0.00803655,0.00797264,0.00797264,2424.46201708
2002-12-01,Manuf_excess,-0.0392,0.00705346,0.00558185,0.00558185,2424.46201708
2002-12-01,Enrgy_excess,0.0073,0.00726323,0.00327598,0.00327598,2424.46201708
2002-12-01,HiTec_excess,-0.1301,0.0080899,0.00678927,0.00678927,4923.88263171
2002-12-01,Telcm_excess,-0.0962,0.00552228,0.00552228,0.00552228,1e+16
2002-12-01,Shops_excess,-0.071,0.00714336,0.00780849,0.00780849,2424.46201708
2002-12-01,Hlth_excess,-0.042,0.00806158,0.00733369,0.00733369,10000.0
2002-12-01,Utils_excess,0.0372,0.00551383,0.00423832,0.00423832,10000.0
2002-12-01,Other_excess,-0.049,0.00632404,0.00400562,0.00400562,2424.46201708
2003-01-01,NoDur_excess,-0.0403,0.00664923,0.00576876,0.00576876,2424.46201708
2003-01-01,Durbl_excess,-0.035,0.00795504,0.00862601,0.00862601,2424.46201708
2003-01-01,Manuf_excess,-0.0417,0.00700274,0.00653807,0.00653807,2424.46201708
2003-01-01,Enrgy_excess,-0.026,0.00726327,0.00450003,0.00450003,2424.46201708
2003-01-01,HiTec_excess,-0.0161,0.00793838,0.00708241,0.00708241,4923.88263171
2003-01-01,Telcm_excess,-0.0421,0.00541075,0.00541075,0.00541075,1e+16
2003-01-01,Shops_excess,-0.0486,0.00705768,0.00631547,0.00631547,2424.46201708
2003-01-01,Hlth_excess,-0.007,0.00800669,0.00722366,0.00722366,10000.0
2003-01-01,Utils_excess,-0.0331,0.00554857,0.00443475,0.00443475,10000.0
2003-01-01,Other_excess,-0.0248,0.00626338,0.00545928,0.00545928,2424.46201708
2003-02-01,NoDur_excess,-0.0297,0.00659781,0.00391076,0.00391076,2424.46201708
2003-02-01,Durbl_excess,-0.0488,0.007908,0.0055773,0.0055773,2424.46201708
2003-02-01,Manuf_excess,-0.0236,0.0069494,0.0041462,0.0041462,2424.46201708
2003-02-01,Enrgy_excess,0.0186,0.00722683,0.00335115,0.00335115,2424.46201708
2003-02-01,HiTec_excess,0.0107,0.00791205,0.00558085,0.00558085,4923.88263171
2003-02-01,Telcm_excess,-0.0654,0.00535871,0.00535871,0.00535871,1e+16
2003-02-01,Shops_excess,-0.013,0.00699671,0.00478954,0.00478954,2424.46201708
2003-02-01,Hlth_excess,-0.0205,0.00799025,0.00681273,0.00681273,10000.0
2003-02-01,Utils_excess,-0.0407,0.00550624,0.0040342,0.0040342,10000.0
2003-02-01,Other_excess,-0.0279,0.00622935,0.00245409,0.00245409,2424.46201708
2003-03-01,NoDur_excess,-0.0272,0.0065581,0.00374084,0.00374084,2424.46201708
2003-03-01,Durbl_excess,-0.0267,0.00784595,0.00528625,0.00528625,2424.46201708
2003-03-01,Manuf_excess,0.0122,0.00691597,0.0043051,0.0043051,2424.46201708
2003-03-01,Enrgy_excess,0.014,0.00723928,0.00399291,0.00399291,2424.46201708
2003-03-01,HiTec_excess,-0.0107,0.0079151,0.00555888,0.00555888,4923.88263171
2003-03-01,Telcm_excess,-0.0053,0.00528129,0.00528129,0.00528129,1e+16
2003-03-01,Shops_excess,0.0458,0.00697484,0.00413868,0.00413868,2424.46201708
2003-03-01,Hlth_excess,0.0363,0.00795908,0.00661611,0.00661611,10000.0
2003-03-01,Utils_excess,0.0421,0.00545569,0.00398692,0.00398692,10000.0
2003-03-01,Other_excess,0.0094,0.00619201,0.00349931,0.00349931,2424.46201708
2003-04-01,NoDur_excess,0.0428,0.0065212,0.0029963,0.0029963,2424.46201708
2003-04-01,Durbl_excess,0.1495,0.0078082,0.00449637,0.00449637,2424.46201708
2003-04-01,Manuf_excess,0.062,0.00692175,0.00384076,0.00384076,2424.46201708
2003-04-01,Enrgy_excess,-0.0057,0.00724667,0.00386567,0.00386567,2424.46201708
2003-04-01,HiTec_excess,0.0908,0.00789475,0.00531574,0.00531574,4923.88263171
2003-04-01,Telcm_excess,0.1116,0.00526973,0.00526973,0.00526973,1e+16
2003-04-01,Shops_excess,0.0887,0.00701727,0.00383424,0.00383424,2424.46201708
2003-04-01,Hlth_excess,0.0417,0.00799005,0.00670713,0.00670713,10000.0
2003-04-01,Utils_excess,0.0713,0.00549574,0.00389402,0.00389402,10000.0
2003-04-01,Other_excess,0.1154,0.00619552,0.00195557,0.00195557,2424.46201708
2003-05-01,NoDur_excess,0.0945,0.00656081,0.00597243,0.00597243,2424.46201708
2003-05-01,Durbl_excess,0.0277,0.00796288,0.00838466,0.00838466,2424.46201708
2003-05-01,Manuf_excess,0.0457,0.00698188,0.00617803,0.00617803,2424.46201708
2003-05-01,Enrgy_excess,0.0857,0.00723253,0.00423956,0.00423956,2424.46201708
2003-05-01,HiTec_excess,0.0971,0.00798526,0.00712333,0.00712333,4923.88263171
2003-05-01,Telcm_excess,0.0623,0.00538581,0.00538581,0.00538581,1e+16
2003-05-01,Shops_excess,0.0339,0.00710644,0.00779488,0.00779488,2424.46201708
2003-05-01,Hlth_excess,0.0385,0.00802686,0.00748095,0.00748095,10000.0
2003-05-01,Utils_excess,0.1007,0.00556758,0.00463015,0.00463015,10000.0
2003-05-01,Other_excess,0.0514,0.00631474,0.00511277,0.00511277,2424.46201708
2003-06-01,NoDur_excess,0.0156,0.00665671,0.00706858,0.00706858,2424.46201708
2003-06-01,Durbl_excess,0.0232,0.00798441,0.0097999,0.0097999,2424.46201708
2003-06-01,Manuf_excess,0.0044,0.0070241,0.00798376,0.00798376,2424.46201708
2003-06-01,Enrgy_excess,-0.0106,0.0073181,0.00606486,0.00606486,2424.46201708
2003-06-01,HiTec_excess,0.0025,0.00808244,0.00781085,0.00781085,4923.88263171
2003-06-01,Telcm_excess,0.0199,0.00544787,0.00544787,0.00544787,1e+16
2003-06-01,Shops_excess,0.0334,0.00713566,0.00827743,0.00827743,2424.46201708
2003-06-01,Hlth_excess,0.0406,0.00806009,0.0076962,0.0076962,10000.0
2003-06-01,Utils_excess,0.0096,0.00567132,0.00497975,0.00497975,10000.0
2003-06-01,Other_excess,0.0081,0.0063639,0.00756302,0.00756302,2424.46201708
2003-07-01,NoDur_excess,-0.0176,0.00666645,0.00511308,0.00511308,2424.46201708
2003-07-01,Durbl_excess,0.066,0.00800098,0.00716019,0.00716019,2424.46201708
2003-07-01,Manuf_excess,0.049,0.00702124,0.00615535,0.00615535,2424.46201708
2003-07-01,Enrgy_excess,-0.0269,0.00729858,0.0054682,0.0054682,2424.46201708
2003-07-01,HiTec_excess,0.0553,0.00807636,0.00687736,0.00687736,4923.88263171
2003-07-01,Telcm_excess,-0.0178,0.00546362,0.00546362,0.00546362,1e+16
2003-07-01,Shops_excess,0.0322,0.00716427,0.00650837,0.00650837,2424.46201708
2003-07-01,Hlth_excess,0.0041,0.00809553,0.0074311,0.0074311,10000.0
2003-07-01,Utils_excess,-0.055,0.0056756,0.00443519,0.00443519,10000.0
2003-07-01,Other_excess,0.0354,0.0063658,0.00463475,0.00463475,2424.46201708
2003-08-01,NoDur_excess,0.0022,0.00664004,0.0026384,0.0026384,2424.46201708
2003-08-01,Durbl_excess,0.0796,0.00806409,0.00463689,0.00463689,2424.46201708
2003-08-01,Manuf_excess,0.0402,0.00706692,0.00423499,0.00423499,2424.46201708
2003-08-01,Enrgy_excess,0.0612,0.00726137,0.00448437,0.00448437,2424.46201708
2003-08-01,HiTec_excess,0.0599,0.00812775,0.00624236,0.00624236,4923.88263171
2003-08-01,Telcm_excess,0.0119,0.0054383,0.0054383,0.0054383,1e+16
2003-08-01,Shops_excess,0.0666,0.00719151,0.00408064,0.00408064,2424.46201708
2003-08-01,Hlth_excess,-0.0289,0.00809119,0.00700202,0.00700202,10000.0
2003-08-01,Utils_excess,0.0185,0.00560958,0.00355157,0.00355157,10000.0
2003-08-01,Other_excess,0.0055,0.00639739,0.00126717,0.00126717,2424.46201708
2003-09-01,NoDur_excess,0.0106,0.00663522,0.00639866,0.00639866,2424.46201708
2003-09-01,Durbl_excess,-0.0429,0.00814185,0.00914258,0.00914258,2424.46201708
2003-09-01,Manuf_excess,-0.0382,0.00710293,0.00712987,0.00712987,2424.46201708
2003-09-01,Enrgy_excess,-0.0226,0.00732,0.00568656,0.00568656,2424.46201708
2003-09-01,HiTec_excess,-0.0101,0.00818402,0.0072817,0.0072817,4923.88263171
2003-09-01,Telcm_excess,-0.056,0.00544533,0.00544533,0.00544533,1e+16
2003-09-01,Shops_excess,-0.0462,0.00725609,0.00853069,0.00853069,2424.46201708
2003-09-01,Hlth_excess,0.0022,0.00805098,0.00738631,0.00738631,10000.0
2003-09-01,Utils_excess,0.0376,0.00562359,0.00457448,0.00457448,10000.0
2003-09-01,Other_excess,0.0018,0.00639641,0.00653882,0.00653882,2424.46201708
2003-10-01,NoDur_excess,0.0586,0.00663952,0.00697513,0.00697513,2424.46201708
2003-10-01,Durbl_excess,0.0724,0.00808643,0.00955644,0.00955644,2424.46201708
2003-10-01,Manuf_excess,0.0882,0.00705375,0.00750529,0.00750529,2424.46201708
2003-10-01,Enrgy_excess,0.0158,0.00728751,0.00579333,0.00579333,2424.46201708
2003-10-01,HiTec_excess,0.0821,0.00816417,0.00748936,0.00748936,4923.88263171
2003-10-01,Telcm_excess,0.0676,0.00537861,0.00537861,0.00537861,1e+16
2003-10-01,Shops_excess,0.0896,0.00719805,0.00838802,0.00838802,2424.46201708
2003-10-01,Hlth_excess,0.008,0.00804463,0.0075332,0.0075332,10000.0
2003-10-01,Utils_excess,0.0144,0.00565831,0.00492427,0.00492427,10000.0
2003-10-01,Other_excess,0.0627,0.00639142,0.00762705,0.00762705,2424.46201708
2003-11-01,NoDur_excess,0.0352,0.00669588,0.00540984,0.00540984,2424.46201708
2003-11-01,Durbl_excess,0.03,0.00815618,0.00801825,0.00801825,2424.46201708
2003-11-01,Manuf_excess,0.0201,0.00714176,0.0063648,0.0063648,2424.46201708
2003-11-01,Enrgy_excess,0.0058,0.00729675,0.00530184,0.00530184,2424.46201708
2003-11-01,HiTec_excess,0.0179,0.00824436,0.00766201,0.00766201,4923.88263171
2003-11-01,Telcm_excess,-0.007,0.0054461,0.0054461,0.0054461,1e+16
2003-11-01,Shops_excess,0.0049,0.00728742,0.00729743,0.00729743,2424.46201708
2003-11-01,Hlth_excess,0.0175,0.00804458,0.0073552,0.0073552,10000.0
2003-11-01,Utils_excess,0.0088,0.00566779,0.00447862,0.00447862,10000.0
2003-11-01,Other_excess,0.0108,0.00645249,0.00469216,0.00469216,2424.46201708
2003-12-01,NoDur_excess,0.0336,0.00672676,0.00682932,0.00682932,2424.46201708
2003-12-01,Durbl_excess,0.1182,0.00817985,0.00955251,0.00955251,2424.46201708
2003-12-01,Manuf_excess,0.0665,0.0071558,0.00735508,0.00735508,2424.46201708
2003-12-01,Enrgy_excess,0.1352,0.00729512,0.00556818,0.00556818,2424.46201708
2003-12-01,HiTec_excess,0.0207,0.00825482,0.00829977,0.00829977,4923.88263171
2003-12-01,Telcm_excess,0.0749,0.00543261,0.00543261,0.00543261,1e+16
2003-12-01,Shops_excess,-0.0221,0.00728483,0.00859608,0.00859608,2424.46201708
2003-12-01,Hlth_excess,0.0556,0.00805482,0.00765476,0.00765476,10000.0
2003-12-01,Utils_excess,0.0578,0.00567118,0.00484328,0.00484328,10000.0
2003-12-01,Other_excess,0.042,0.0064572,0.00622442,0.00622442,2424.46201708
2004-01-01,NoDur_excess,-0.0001,0.00675584,0.00690239,0.00690239,2424.46201708
2004-01-01,Durbl_excess,-0.0083,0.00829892,0.00992771,0.00992771,2424.46201708
2004-01-01,Manuf_excess,-0.0077,0.00722002,0.00723772,0.00723772,4923.88263171
2004-01-01,Enrgy_excess,0.0016,0.00743355,0.00640976,0.00640976,2424.46201708
2004-01-01,HiTec_excess,0.0444,0.00826829,0.00819233,0.00819233,4923.88263171
2004-01-01,Telcm_excess,0.0158,0.00550779,0.00550779,0.00550779,1e+16
2004-01-01,Shops_excess,0.0038,0.00725303,0.00818073,0.00818073,2424.46201708
2004-01-01,Hlth_excess,0.0303,0.00810628,0.00771561,0.00771561,10000.0
2004-01-01,Utils_excess,0.0184,0.0057276,0.00494648,0.00494648,10000.0
2004-01-01,Other_excess,0.0282,0.00649567,0.00685074,0.00685074,2424.46201708
2004-02-01,NoDur_excess,0.042,0.00674843,0.00600386,0.00600386,2424.46201708
2004-02-01,Durbl_excess,-0.0006,0.00828097,0.00829436,0.00829436,2424.46201708
2004-02-01,Manuf_excess,0.0191,0.00720389,0.0066226,0.0066226,4923.88263171
2004-02-01,Enrgy_excess,0.0448,0.00742724,0.0061112,0.0061112,2424.46201708
2004-02-01,HiTec_excess,-0.0297,0.00830735,0.00738669,0.00738669,4923.88263171
2004-02-01,Telcm_excess,-0.0048,0.00551892,0.00551892,0.00551892,1e+16
2004-02-01,Shops_excess,0.0604,0.0072493,0.00716695,0.00716695,2424.46201708
2004-02-01,Hlth_excess,0.0083,0.00813027,0.00743047,0.00743047,10000.0
2004-02-01,Utils_excess,0.0205,0.0057413,0.00480544,0.00480544,10000.0
2004-02-01,Other_excess,0.0207,0.00651914,0.00634665,0.00634665,2424.46201708
2004-03-01,NoDur_excess,-0.0018,0.0067865,0.00551421,0.00551421,2424.46201708
2004-03-01,Durbl_excess,-0.0145,0.00827138,0.0072464,0.0072464,2424.46201708
2004-03-01,Manuf_excess,-0.0037,0.00721674,0.00629812,0.00629812,4923.88263171
2004-03-01,Enrgy_excess,-0.0007,0.0074676,0.00604585,0.00604585,2424.46201708
2004-03-01,HiTec_excess,-0.026,0.00826631,0.00699055,0.00699055,4923.88263171
2004-03-01,Telcm_excess,-0.0212,0.00550778,0.00550778,0.00550778,1e+16
2004-03-01,Shops_excess,0.0019,0.0073067,0.00645788,0.00645788,2424.46201708
2004-03-01,Hlth_excess,-0.04,0.00813045,0.00730404,0.00730404,10000.0
2004-03-01,Utils_excess,0.0105,0.00575724,0.00474577,0.00474577,10000.0
2004-03-01,Other_excess,-0.0075,0.00653445,0.0058483,0.0058483,2424.46201708
2004-04-01,NoDur_excess,0.0133,0.00677724,0.00523417,0.00523417,2424.46201708
2004-04-01,Durbl_excess,0.0238,0.00824682,0.00707405,0.00707405,2424.46201708
2004-04-01,Manuf_excess,-0.0025,0.00720496,0.0062514,0.0062514,4923.88263171
2004-04-01,Enrgy_excess,0.0258,0.00745879,0.00616845,0.00616845,2424.46201708
2004-04-01,HiTec_excess,-0.0497,0.00822934,0.0068353,0.0068353,4923.88263171
2004-04-01,Telcm_excess,-0.0051,0.00547896,0.00547896,0.00547896,1e+16
2004-04-01,Shops_excess,-0.028,0.00730086,0.00619619,0.00619619,2424.46201708
2004-04-01,Hlth_excess,0.0343,0.00807853,0.00717801,0.00717801,10000.0
2004-04-01,Utils_excess,-0.0365,0.00576235,0.00477131,0.00477131,10000.0
2004-04-01,Other_excess,-0.0378,0.00651931,0.00549584,0.00549584,2424.46201708
2004-05-01,NoDur_excess,-0.0197,0.00678427,0.00355189,0.00355189,2424.46201708
2004-05-01,Durbl_excess,-0.017,0.00826358,0.00563952,0.00563952,2424.46201708
2004-05-01,Manuf_excess,0.0161,0.0071945,0.00546354,0.00546354,4923.88263171
2004-05-01,Enrgy_excess,0.0049,0.00747856,0.00591238,0.00591238,2424.46201708
2004-05-01,HiTec_excess,0.0477,0.00816692,0.00663171,0.00663171,4923.88263171
2004-05-01,Telcm_excess,-0.0302,0.00546756,0.00546756,0.00546756,1e+16
2004-05-01,Shops_excess,0.0024,0.00726282,0.0044015,0.0044015,2424.46201708
2004-05-01,Hlth_excess,-0.0048,0.00810679,0.00704147,0.00704147,10000.0
2004-05-01,Utils_excess,0.012,0.00571681,0.0042267,0.0042267,10000.0
2004-05-01,Other_excess,0.0166,0.00647155,0.0025051,0.0025051,2424.46201708
2004-06-01,NoDur_excess,0.0159,0.00675576,0.00458559,0.00458559,2424.46201708
2004-06-01,Durbl_excess,0.0526,0.00823638,0.00649912,0.00649912,2424.46201708
2004-06-01,Manuf_excess,0.0522,0.00720409,0.00591475,0.00591475,4923.88263171
2004-06-01,Enrgy_excess,0.0538,0.00747578,0.0060342,0.0060342,2424.46201708
2004-06-01,HiTec_excess,0.0259,0.00820947,0.00675634,0.00675634,4923.88263171
2004-06-01,Telcm_excess,0.0072,0.00542917,0.00542917,0.00542917,1e+16
2004-06-01,Shops_excess,-0.0005,0.00725759,0.0053246,0.0053246,2424.46201708
2004-06-01,Hlth_excess,-0.0058,0.0080929,0.0070749,0.0070749,10000.0
2004-06-01,Utils_excess,0.0195,0.00572357,0.00452335,0.00452335,10000.0
2004-06-01,Other_excess,0.0123,0.00648245,0.00451702,0.00451702,2424.46201708
2004-07-01,NoDur_excess,-0.0607,0.00676559,0.00572049,0.00572049,2424.46201708
2004-07-01,Durbl_excess,-0.0474,0.00828409,0.0077785,0.0077785,2424.46201708
2004-07-01,Manuf_excess,-0.0416,0.00725247,0.00651689,0.00651689,4923.88263171
2004-07-01,Enrgy_excess,0.0322,0.00752559,0.00642158,0.00642158,2424.46201708
2004-07-01,HiTec_excess,-0.0861,0.00822849,0.00730532,0.00730532,4923.88263171
2004-07-01,Telcm_excess,-0.011,0.00543108,0.00543108,0.00543108,1e+16
2004-07-01,Shops_excess,-0.0413,0.00724925,0.00644874,0.00644874,2424.46201708
2004-07-01,Hlth_excess,-0.0603,0.00807796,0.0073396,0.0073396,10000.0
2004-07-01,Utils_excess,0.0096,0.00573839,0.00483409,0.00483409,10000.0
2004-07-01,Other_excess,-0.024,0.00648871,0.00568042,0.00568042,2424.46201708
2004-08-01,NoDur_excess,0.0068,0.00669313,0.00688614,0.00688614,2424.46201708
2004-08-01,Durbl_excess,-0.0234,0.00822427,0.00937932,0.00937932,2424.46201708
2004-08-01,Manuf_excess,0.0123,0.0072,0.00705549,0.00705549,4923.88263171
2004-08-01,Enrgy_excess,-0.0149,0.00755209,0.00686436,0.00686436,2424.46201708
2004-08-01,HiTec_excess,-0.0462,0.00812718,0.00803309,0.00803309,4923.88263171
2004-08-01,Telcm_excess,0.0106,0.00541343,0.00541343,0.00541343,1e+16
2004-08-01,Shops_excess,-0.0131,0.0071971,0.00799337,0.00799337,2424.46201708
2004-08-01,Hlth_excess,0.0153,0.00800451,0.00765589,0.00765589,10000.0
2004-08-01,Utils_excess,0.0356,0.00574253,0.00523342,0.00523342,10000.0
2004-08-01,Other_excess,0.0177,0.00645596,0.00672708,0.00672708,2424.46201708
2004-09-01,NoDur_excess,-0.0213,0.00669324,0.00719227,0.00719227,2424.46201708
2004-09-01,Durbl_excess,0.0219,0.00819034,0.0092158,0.0092158,2424.46201708
2004-09-01,Manuf_excess,0.0183,0.00720547,0.00714314,0.00714314,4923.88263171
2004-09-01,Enrgy_excess,0.0871,0.007528,0.00680512,0.00680512,2424.46201708
2004-09-01,HiTec_excess,0.0335,0.00806888,0.00766318,0.00766318,4923.88263171
2004-09-01,Telcm_excess,0.0122,0.00541899,0.00541899,0.00541899,1e+16
2004-09-01,Shops_excess,0.025,0.00717532,0.00809401,0.00809401,2424.46201708
2004-09-01,Hlth_excess,-0.0152,0.00801234,0.00768821,0.00768821,10000.0
2004-09-01,Utils_excess,0.0127,0.00577457,0.00542822,0.00542822,10000.0
2004-09-01,Other_excess,0.0099,0.00646803,0.00739582,0.00739582,2424.46201708
2004-10-01,NoDur_excess,0.0273,0.00666324,0.0058527,0.0058527,2424.46201708
2004-10-01,Durbl_excess,-0.0311,0.00820504,0.00754859,0.00754859,2424.46201708
2004-10-01,Manuf_excess,-0.0156,0.00721736,0.00660887,0.00660887,4923.88263171
2004-10-01,Enrgy_excess,0.0053,0.00761329,0.00697027,0.00697027,2424.46201708
2004-10-01,HiTec_excess,0.0503,0.00809614,0.00721973,0.00721973,4923.88263171
2004-10-01,Telcm_excess,0.032,0.00542626,0.00542626,0.00542626,1e+16
2004-10-01,Shops_excess,0.0295,0.00719443,0.00687258,0.00687258,2424.46201708
2004-10-01,Hlth_excess,-0.0254,0.00798746,0.00743091,0.00743091,10000.0
2004-10-01,Utils_excess,0.0413,0.00578199,0.00514229,0.00514229,10000.0
2004-10-01,Other_excess,0.0098,0.0064717,0.00594209,0.00594209,2424.46201708
2004-11-01,NoDur_excess,0.0446,0.00668533,0.00561577,0.00561577,2424.46201708
2004-11-01,Durbl_excess,0.0712,0.00816296,0.00664773,0.00664773,2424.46201708
2004-11-01,Manuf_excess,0.0708,0.00719293,0.00629714,0.00629714,4923.88263171
2004-11-01,Enrgy_excess,0.0643,0.00761081,0.00686508,0.00686508,2424.46201708
2004-11-01,HiTec_excess,0.0558,0.00814133,0.00678257,0.00678257,4923.88263171
2004-11-01,Telcm_excess,0.0348,0.00545471,0.00545471,0.00545471,1e+16
2004-11-01,Shops_excess,0.0352,0.00721831,0.00657755,0.00657755,2424.46201708
2004-11-01,Hlth_excess,0.0052,0.00795171,0.00723265,0.00723265,10000.0
2004-11-01,Utils_excess,0.0474,0.00582002,0.0051553,0.0051553,10000.0
2004-11-01,Other_excess,0.0454,0.00647527,0.00576769,0.00576769,2424.46201708
2004-12-01,NoDur_excess,0.0461,0.00672588,0.00451677,0.00451677,2424.46201708
2004-12-01,Durbl_excess,0.0472,0.00823037,0.00537632,0.00537632,2424.46201708
2004-12-01,Manuf_excess,0.0236,0.00726096,0.00573166,0.00573166,4923.88263171
2004-12-01,Enrgy_excess,-0.0247,0.00767144,0.00616193,0.00616193,2424.46201708
2004-12-01,HiTec_excess,0.0293,0.0081923,0.00687631,0.00687631,4923.88263171
2004-12-01,Telcm_excess,0.0402,0.0054861,0.0054861,0.0054861,1e+16
2004-12-01,Shops_excess,0.0334,0.00724824,0.00528312,0.00528312,2424.46201708
2004-12-01,Hlth_excess,0.055,0.00794877,0.00713426,0.00713426,10000.0
2004-12-01,Utils_excess,0.0232,0.00586449,0.00495143,0.00495143,10000.0
2004-12-01,Other_excess,0.0425,0.0065169,0.00374655,0.00374655,2424.46201708
2005-01-01,NoDur_excess,0.0007,0.00676795,0.00647036,0.00647036,4923.88263171
2005-01-01,Durbl_excess,-0.0718,0.00827201,0.00792481,0.00792481,2424.46201708
2005-01-01,Manuf_excess,-0.0192,0.00727842,0.00670273,0.00670273,4923.88263171
2005-01-01,Enrgy_excess,0.0287,0.00763686,0.00653998,0.00653998,4923.88263171
2005-01-01,HiTec_excess,-0.0648,0.00821485,0.00784969,0.00784969,10000.0
2005-01-01,Telcm_excess,-0.044,0.00552318,0.00550565,0.00550565,170125.42798526
2005-01-01,Shops_excess,-0.0119,0.00727618,0.00767689,0.00767689,2424.46201708
2005-01-01,Hlth_excess,-0.0424,0.00799904,0.00780318,0.00780318,20309.17620905
2005-01-01,Utils_excess,0.016,0.00588301,0.00566023,0.00566023,20309.17620905
2005-01-01,Other_excess,-0.0233,0.00655534,0.0063659,0.0063659,2424.46201708
2005-02-01,NoDur_excess,0.0057,0.00676147,0.00588317,0.00588317,4923.88263171
2005-02-01,Durbl_excess,-0.0041,0.00818655,0.00595963,0.00595963,2424.46201708
2005-02-01,Manuf_excess,0.0391,0.00725016,0.0060718,0.0060718,4923.88263171
2005-02-01,Enrgy_excess,0.1929,0.00765934,0.00647414,0.00647414,4923.88263171
2005-02-01,HiTec_excess,-0.0013,0.00813693,0.00723063,0.00723063,10000.0
2005-02-01,Telcm_excess,-0.006,0.00547033,0.005443,0.005443,170125.42798526
2005-02-01,Shops_excess,0.0047,0.00725571,0.00632422,0.00632422,2424.46201708
2005-02-01,Hlth_excess,0.0228,0.00794525,0.00756394,0.00756394,20309.17620905
2005-02-01,Utils_excess,0.022,0.00589381,0.00558798,0.00558798,20309.17620905
2005-02-01,Other_excess,-0.0001,0.00652348,0.00554611,0.00554611,2424.46201708
2005-03-01,NoDur_excess,-0.0106,0.00676034,0.00472149,0.00472149,4923.88263171
2005-03-01,Durbl_excess,-0.0821,0.00817345,0.00314929,0.00314929,2424.46201708
2005-03-01,Manuf_excess,-0.016,0.00728412,0.00504243,0.00504243,4923.88263171
2005-03-01,Enrgy_excess,-0.0365,0.00785682,0.00640641,0.00640641,4923.88263171
2005-03-01,HiTec_excess,-0.0275,0.00812687,0.0066529,0.0066529,10000.0
2005-03-01,Telcm_excess,-0.0025,0.0054581,0.00539557,0.00539557,170125.42798526
2005-03-01,Shops_excess,0.0001,0.00725299,0.0041176,0.0041176,2424.46201708
2005-03-01,Hlth_excess,-0.0069,0.00796109,0.00735545,0.00735545,20309.17620905
2005-03-01,Utils_excess,0.004,0.00591098,0.00535366,0.00535366,20309.17620905
2005-03-01,Other_excess,-0.0257,0.00651642,0.00298447,0.00298447,2424.46201708
2005-04-01,NoDur_excess,-0.0117,0.00674185,0.00460628,0.00460628,4923.88263171
2005-04-01,Durbl_excess,-0.1126,0.00807732,0.00270725,0.00270725,2424.46201708
2005-04-01,Manuf_excess,-0.0489,0.00725932,0.00507325,0.00507325,4923.88263171
2005-04-01,Enrgy_excess,-0.0582,0.00780958,0.00657252,0.00657252,4923.88263171
2005-04-01,HiTec_excess,-0.0472,0.00808892,0.00651387,0.00651387,10000.0
2005-04-01,Telcm_excess,-0.0221,0.00544963,0.00539015,0.00539015,170125.42798526
2005-04-01,Shops_excess,-0.0549,0.00724537,0.00366998,0.00366998,2424.46201708
2005-04-01,Hlth_excess,0.0374,0.00794526,0.00730919,0.00730919,20309.17620905
2005-04-01,Utils_excess,0.0192,0.00590895,0.00532551,0.00532551,20309.17620905
2005-04-01,Other_excess,-0.018,0.00648211,0.00310794,0.00310794,2424.46201708
2005-05-01,NoDur_excess,0.0209,0.00672223,0.00579998,0.00579998,4923.88263171
2005-05-01,Durbl_excess,0.0857,0.00794894,0.00493816,0.00493816,2424.46201708
2005-05-01,Manuf_excess,0.0267,0.00719957,0.00602202,0.00602202,4923.88263171
2005-05-01,Enrgy_excess,0.0186,0.00773936,0.00696391,0.00696391,4923.88263171
2005-05-01,HiTec_excess,0.0797,0.00803011,0.00683517,0.00683517,10000.0
2005-05-01,Telcm_excess,0.0126,0.00542032,0.00539403,0.00539403,170125.42798526
2005-05-01,Shops_excess,0.0619,0.00717926,0.00593249,0.00593249,2424.46201708
2005-05-01,Hlth_excess,0.0124,0.0079766,0.00758225,0.00758225,20309.17620905
2005-05-01,Utils_excess,0.0142,0.00592309,0.00564282,0.00564282,20309.17620905
2005-05-01,Other_excess,0.03,0.00645606,0.00570057,0.00570057,2424.46201708
2005-06-01,NoDur_excess,-0.019,0.0067373,0.00660581,0.00660581,4923.88263171
2005-06-01,Durbl_excess,0.0187,0.00803156,0.0070963,0.0070963,2424.46201708
2005-06-01,Manuf_excess,-0.0139,0.0072203,0.00680887,0.00680887,4923.88263171
2005-06-01,Enrgy_excess,0.0553,0.0077509,0.00716523,0.00716523,4923.88263171
2005-06-01,HiTec_excess,-0.0187,0.00810627,0.00762632,0.00762632,10000.0
2005-06-01,Telcm_excess,-0.0004,0.00542795,0.00541364,0.00541364,170125.42798526
2005-06-01,Shops_excess,0.0221,0.00723741,0.00788862,0.00788862,2424.46201708
2005-06-01,Hlth_excess,-0.0081,0.0079813,0.00786141,0.00786141,20309.17620905
2005-06-01,Utils_excess,0.0533,0.00593188,0.00581986,0.00581986,20309.17620905
2005-06-01,Other_excess,0.0119,0.00648108,0.00673199,0.00673199,2424.46201708
2005-07-01,NoDur_excess,0.0247,0.00670998,0.00598604,0.00598604,4923.88263171
2005-07-01,Durbl_excess,0.0518,0.00804289,0.00575844,0.00575844,2424.46201708
2005-07-01,Manuf_excess,0.0559,0.00719788,0.00629227,0.00629227,4923.88263171
2005-07-01,Enrgy_excess,0.0565,0.00780138,0.0070703,0.0070703,4923.88263171
2005-07-01,HiTec_excess,0.0589,0.00807781,0.00735574,0.00735574,10000.0
2005-07-01,Telcm_excess,0.0289,0.00542176,0.00539535,0.00539535,170125.42798526
2005-07-01,Shops_excess,0.0559,0.00725318,0.00669331,0.00669331,2424.46201708
2005-07-01,Hlth_excess,0.0348,0.00796423,0.00774379,0.00774379,20309.17620905
2005-07-01,Utils_excess,0.0274,0.00598217,0.0057783,0.0057783,20309.17620905
2005-07-01,Other_excess,0.0217,0.00648684,0.00567108,0.00567108,2424.46201708
2005-08-01,NoDur_excess,-0.0022,0.00672906,0.00485339,0.00485339,4923.88263171
2005-08-01,Durbl_excess,-0.0317,0.00808929,0.00283393,0.00283393,2424.46201708
2005-08-01,Manuf_excess,-0.0166,0.00724952,0.00516514,0.00516514,4923.88263171
2005-08-01,Enrgy_excess,0.0551,0.00785302,0.00649922,0.00649922,4923.88263171
2005-08-01,HiTec_excess,-0.0068,0.00813171,0.00678294,0.00678294,10000.0
2005-08-01,Telcm_excess,-0.015,0.00544666,0.00538344,0.00538344,170125.42798526
2005-08-01,Shops_excess,-0.059,0.00730477,0.00459897,0.00459897,2424.46201708
2005-08-01,Hlth_excess,-0.0061,0.00799268,0.00752906,0.00752906,20309.17620905
2005-08-01,Utils_excess,0.0095,0.00600488,0.00553431,0.00553431,20309.17620905
2005-08-01,Other_excess,-0.0197,0.00650297,0.00299974,0.00299974,2424.46201708
2005-09-01,NoDur_excess,0.0008,0.0067196,0.00552037,0.00552037,4923.88263171
2005-09-01,Durbl_excess,-0.0463,0.00804714,0.00407678,0.00407678,2424.46201708
2005-09-01,Manuf_excess,0.0055,0.00722426,0.00578544,0.00578544,4923.88263171
2005-09-01,Enrgy_excess,0.0697,0.00790307,0.00704532,0.00704532,4923.88263171
2005-09-01,HiTec_excess,0.0038,0.00811589,0.00690546,0.00690546,10000.0
2005-09-01,Telcm_excess,-0.0176,0.005425,0.00539657,0.00539657,170125.42798526
2005-09-01,Shops_excess,-0.0209,0.00723453,0.0054002,0.0054002,2424.46201708
2005-09-01,Hlth_excess,-0.0222,0.00797775,0.00760562,0.00760562,20309.17620905
2005-09-01,Utils_excess,0.0409,0.00600858,0.00573223,0.00573223,20309.17620905
2005-09-01,Other_excess,0.0093,0.00647521,0.00515104,0.00515104,2424.46201708
2005-10-01,NoDur_excess,-0.0177,0.00671333,0.0039152,0.0039152,4923.88263171
2005-10-01,Durbl_excess,-0.0548,0.00798963,6.573e-05,6.573e-05,2424.46201708
2005-10-01,Manuf_excess,-0.0266,0.00722243,0.00415817,0.00415817,4923.88263171
2005-10-01,Enrgy_excess,-0.1043,0.00796847,0.00635249,0.00635249,4923.88263171
2005-10-01,HiTec_excess,-0.0205,0.00811132,0.00604749,0.00604749,10000.0
2005-10-01,Telcm_excess,-0.033,0.00540063,0.00531933,0.00531933,170125.42798526
2005-10-01,Shops_excess,0.0127,0.00720476,0.00234032,0.00234032,2424.46201708
2005-10-01,Hlth_excess,-0.0353,0.00794582,0.0072053,0.0072053,20309.17620905
2005-10-01,Utils_excess,-0.0712,0.0060455,0.00540268,0.00540268,20309.17620905
2005-10-01,Other_excess,0.0097,0.0064782,0.00147686,0.00147686,2424.46201708
2005-11-01,NoDur_excess,0.0068,0.00668753,0.00509,0.00509,4923.88263171
2005-11-01,Durbl_excess,0.019,0.00792326,0.00316191,0.00316191,2424.46201708
2005-11-01,Manuf_excess,0.05,0.00718668,0.00538302,0.00538302,4923.88263171
2005-11-01,Enrgy_excess,0.007,0.00784979,0.00663036,0.00663036,4923.88263171
2005-11-01,HiTec_excess,0.0614,0.00808108,0.00694361,0.00694361,10000.0
2005-11-01,Telcm_excess,0.0233,0.00536004,0.00530528,0.00530528,170125.42798526
2005-11-01,Shops_excess,0.0363,0.00721057,0.00460562,0.00460562,2424.46201708
2005-11-01,Hlth_excess,0.0128,0.00790011,0.00751993,0.00751993,20309.17620905
2005-11-01,Utils_excess,-0.0053,0.00596385,0.00556594,0.00556594,20309.17620905
2005-11-01,Other_excess,0.046,0.00648161,0.00345721,0.00345721,2424.46201708
2005-12-01,NoDur_excess,-0.0039,0.00668765,0.00664986,0.00664986,4923.88263171
2005-12-01,Durbl_excess,-0.0097,0.00793495,0.00675492,0.00675492,2424.46201708
2005-12-01,Manuf_excess,0.0112,0.00723189,0.00673841,0.00673841,4923.88263171
2005-12-01,Enrgy_excess,0.0012,0.00784889,0.00706069,0.00706069,4923.88263171
2005-12-01,HiTec_excess,-0.0223,0.00813738,0.00796458,0.00796458,10000.0
2005-12-01,Telcm_excess,-0.0205,0.00537899,0.005362,0.005362,170125.42798526
2005-12-01,Shops_excess,-0.0091,0.00724129,0.00797824,0.00797824,2424.46201708
2005-12-01,Hlth_excess,0.0208,0.00790528,0.0079316,0.0079316,20309.17620905
2005-12-01,Utils_excess,0.0092,0.00595195,0.00591837,0.00591837,20309.17620905
2005-12-01,Other_excess,-0.0013,0.00652334,0.0061257,0.0061257,2424.46201708
2006-01-01,NoDur_excess,-0.0025,0.00667648,0.00689005,0.00689005,2424.46201708
2006-01-01,Durbl_excess,0.0544,0.00791635,0.00617862,0.00617862,2424.46201708
2006-01-01,Manuf_excess,0.0482,0.00723608,0.00669213,0.00669213,4923.88263171
2006-01-01,Enrgy_excess,0.1219,0.00784188,0.0072419,0.0072419,4923.88263171
2006-01-01,HiTec_excess,0.0371,0.00810527,0.00756866,0.00756866,4923.88263171
2006-01-01,Telcm_excess,0.0351,0.00535169,0.00524649,0.00524649,10000.0
2006-01-01,Shops_excess,0.0166,0.00722405,0.00751792,0.00751792,2424.46201708
2006-01-01,Hlth_excess,0.0184,0.00791888,0.00790839,0.00790839,10000.0
2006-01-01,Utils_excess,0.0268,0.00595538,0.00593584,0.00593584,10000.0
2006-01-01,Other_excess,0.0123,0.00651508,0.0064545,0.0064545,2424.46201708
2006-02-01,NoDur_excess,0.0081,0.00666681,0.00394702,0.00394702,2424.46201708
2006-02-01,Durbl_excess,-0.0072,0.00796533,0.00157246,0.00157246,2424.46201708
2006-02-01,Manuf_excess,0.0068,0.00727924,0.00499511,0.00499511,4923.88263171
2006-02-01,Enrgy_excess,-0.0848,0.00796207,0.00657865,0.00657865,4923.88263171
2006-02-01,HiTec_excess,-0.0133,0.00813583,0.00535443,0.00535443,4923.88263171
2006-02-01,Telcm_excess,0.0296,0.00538303,0.00456588,0.00456588,10000.0
2006-02-01,Shops_excess,0.0106,0.00723393,0.00437807,0.00437807,2424.46201708
2006-02-01,Hlth_excess,0.0071,0.00792993,0.00705414,0.00705414,10000.0
2006-02-01,Utils_excess,-0.0011,0.00597734,0.00520444,0.00520444,10000.0
2006-02-01,Other_excess,0.0065,0.00652118,0.00333515,0.00333515,2424.46201708
2006-03-01,NoDur_excess,0.0087,0.00666832,0.00498979,0.00498979,2424.46201708
2006-03-01,Durbl_excess,0.0229,0.00794937,0.00313203,0.00313203,2424.46201708
2006-03-01,Manuf_excess,0.0264,0.00727874,0.00570328,0.00570328,4923.88263171
2006-03-01,Enrgy_excess,0.0363,0.00786442,0.00686387,0.00686387,4923.88263171
2006-03-01,HiTec_excess,0.0251,0.00811326,0.00620525,0.00620525,4923.88263171
2006-03-01,Telcm_excess,0.0143,0.00540853,0.00502705,0.00502705,10000.0
2006-03-01,Shops_excess,0.0206,0.00723747,0.00512242,0.00512242,2424.46201708
2006-03-01,Hlth_excess,-0.0138,0.00792905,0.00741494,0.00741494,10000.0
2006-03-01,Utils_excess,-0.0402,0.00596989,0.00555275,0.00555275,10000.0
2006-03-01,Other_excess,0.015,0.00652116,0.00475293,0.00475293,2424.46201708
2006-04-01,NoDur_excess,0.0069,0.00667045,0.00321571,0.00321571,2424.46201708
2006-04-01,Durbl_excess,-0.0008,0.00796509,0.00033323,0.00033323,2424.46201708
2006-04-01,Manuf_excess,0.0372,0.00729884,0.00437875,0.00437875,4923.88263171
2006-04-01,Enrgy_excess,0.0416,0.00789432,0.00579861,0.00579861,4923.88263171
2006-04-01,HiTec_excess,-0.015,0.00813113,0.00521227,0.00521227,4923.88263171
2006-04-01,Telcm_excess,0.0111,0.00541788,0.00428045,0.00428045,10000.0
2006-04-01,Shops_excess,-0.0194,0.00725152,0.00375699,0.00375699,2424.46201708
2006-04-01,Hlth_excess,-0.0222,0.0079062,0.0069702,0.0069702,10000.0
2006-04-01,Utils_excess,0.0146,0.00592135,0.00492654,0.00492654,10000.0
2006-04-01,Other_excess,0.0179,0.00653007,0.00166024,0.00166024,2424.46201708
2006-05-01,NoDur_excess,0.0063,0.00667069,0.00350333,0.00350333,2424.46201708
2006-05-01,Durbl_excess,0.002,0.00795588,0.00064,0.00064,2424.46201708
2006-05-01,Manuf_excess,-0.0378,0.00733025,0.00475652,0.00475652,4923.88263171
2006-05-01,Enrgy_excess,-0.0389,0.00792973,0.00636411,0.00636411,4923.88263171
2006-05-01,HiTec_excess,-0.0733,0.00810683,0.00491741,0.00491741,4923.88263171
2006-05-01,Telcm_excess,-0.0043,0.00542384,0.00450366,0.00450366,10000.0
2006-05-01,Shops_excess,-0.023,0.00722353,0.00370555,0.00370555,2424.46201708
2006-05-01,Hlth_excess,-0.0263,0.00787458,0.00682577,0.00682577,10000.0
2006-05-01,Utils_excess,0.0108,0.00593046,0.00495724,0.00495724,10000.0
2006-05-01,Other_excess,-0.0352,0.00654202,0.00277789,0.00277789,2424.46201708
2006-06-01,NoDur_excess,-0.001,0.0066703,0.00473843,0.00473843,2424.46201708
2006-06-01,Durbl_excess,0.0147,0.00794963,0.00246646,0.00246646,2424.46201708
2006-06-01,Manuf_excess,-0.009,0.0072829,0.00539522,0.00539522,4923.88263171
2006-06-01,Enrgy_excess,0.0233,0.00788059,0.00675065,0.00675065,4923.88263171
2006-06-01,HiTec_excess,-0.0183,0.00802141,0.00554792,0.00554792,4923.88263171
2006-06-01,Telcm_excess,0.0255,0.00541364,0.00483898,0.00483898,10000.0
2006-06-01,Shops_excess,-0.0011,0.00719182,0.00482313,0.00482313,2424.46201708
2006-06-01,Hlth_excess,-0.0051,0.00783872,0.00712823,0.00712823,10000.0
2006-06-01,Utils_excess,0.0202,0.00593557,0.0053269,0.0053269,10000.0
2006-06-01,Other_excess,-0.0075,0.00649822,0.00412379,0.00412379,2424.46201708
2006-07-01,NoDur_excess,0.0315,0.00666226,0.00539067,0.00539067,2424.46201708
2006-07-01,Durbl_excess,-0.0341,0.00795671,0.00366764,0.00366764,2424.46201708
2006-07-01,Manuf_excess,-0.0405,0.00726583,0.00585275,0.00585275,4923.88263171
2006-07-01,Enrgy_excess,0.0466,0.00789675,0.00702284,0.00702284,4923.88263171
2006-07-01,HiTec_excess,-0.0418,0.00799382,0.00607017,0.00607017,4923.88263171
2006-07-01,Telcm_excess,0.0204,0.0054347,0.00502636,0.00502636,10000.0
2006-07-01,Shops_excess,-0.0469,0.00718312,0.00550172,0.00550172,2424.46201708
2006-07-01,Hlth_excess,0.0372,0.00782516,0.0073483,0.0073483,10000.0
2006-07-01,Utils_excess,0.0443,0.00595052,0.0055361,0.0055361,10000.0
2006-07-01,Other_excess,-0.0131,0.00648354,0.00479599,0.00479599,2424.46201708
2006-08-01,NoDur_excess,0.0264,0.00668827,0.00634663,0.00634663,2424.46201708
2006-08-01,Durbl_excess,0.0195,0.00791267,0.00402006,0.00402006,2424.46201708
2006-08-01,Manuf_excess,0.0163,0.00721581,0.00586528,0.00586528,4923.88263171
2006-08-01,Enrgy_excess,-0.0366,0.00793728,0.00705386,0.00705386,4923.88263171
2006-08-01,HiTec_excess,0.0699,0.00794168,0.00601366,0.00601366,4923.88263171
2006-08-01,Telcm_excess,0.0186,0.00545037,0.00520608,0.00520608,10000.0
2006-08-01,Shops_excess,0.018,0.00712649,0.00661641,0.00661641,2424.46201708
2006-08-01,Hlth_excess,0.0191,0.00785592,0.00753323,0.00753323,10000.0
2006-08-01,Utils_excess,0.0186,0.00599068,0.00586117,0.00586117,10000.0
2006-08-01,Other_excess,0.0131,0.00646304,0.00550636,0.00550636,2424.46201708
2006-09-01,NoDur_excess,-0.0106,0.00670889,0.00741206,0.00741206,2424.46201708
2006-09-01,Durbl_excess,0.0381,0.00792479,0.00503699,0.00503699,2424.46201708
2006-09-01,Manuf_excess,0.0148,0.00722531,0.00633682,0.00633682,4923.88263171
2006-09-01,Enrgy_excess,-0.0422,0.00789069,0.00727288,0.00727288,4923.88263171
2006-09-01,HiTec_excess,0.0316,0.00800649,0.00653471,0.00653471,4923.88263171
2006-09-01,Telcm_excess,0.0325,0.00546412,0.00543008,0.00543008,10000.0
2006-09-01,Shops_excess,0.0528,0.00713787,0.00796677,0.00796677,2424.46201708
2006-09-01,Hlth_excess,0.0112,0.00786768,0.00780173,0.00780173,10000.0
2006-09-01,Utils_excess,-0.0253,0.00600387,0.00612769,0.00612769,10000.0
2006-09-01,Other_excess,0.0283,0.00646998,0.00665147,0.00665147,2424.46201708
2006-10-01,NoDur_excess,0.024,0.0066908,0.00758069,0.00758069,2424.46201708
2006-10-01,Durbl_excess,0.0455,0.00795632,0.0061832,0.0061832,2424.46201708
2006-10-01,Manuf_excess,0.0401,0.00723323,0.0068175,0.0068175,4923.88263171
2006-10-01,Enrgy_excess,0.0479,0.00783835,0.00739834,0.00739834,4923.88263171
2006-10-01,HiTec_excess,0.0363,0.00803114,0.00750757,0.00750757,4923.88263171
2006-10-01,Telcm_excess,0.0479,0.00549237,0.00549566,0.00549566,10000.0
2006-10-01,Shops_excess,0.0351,0.00718558,0.00828972,0.00828972,2424.46201708
2006-10-01,Hlth_excess,0.0129,0.00787116,0.00810481,0.00810481,10000.0
2006-10-01,Utils_excess,0.0495,0.00597116,0.00612093,0.00612093,10000.0
2006-10-01,Other_excess,0.0254,0.00649279,0.00675617,0.00675617,2424.46201708
2006-11-01,NoDur_excess,0.0103,0.00670887,0.00742046,0.00742046,2424.46201708
2006-11-01,Durbl_excess,0.0138,0.00799551,0.00580959,0.00580959,2424.46201708
2006-11-01,Manuf_excess,0.0312,0.00726754,0.00665812,0.00665812,4923.88263171
2006-11-01,Enrgy_excess,0.0817,0.00788017,0.00725157,0.00725157,4923.88263171
2006-11-01,HiTec_excess,0.026,0.00806065,0.00744057,0.00744057,4923.88263171
2006-11-01,Telcm_excess,0.0021,0.00553664,0.00547245,0.00547245,10000.0
2006-11-01,Shops_excess,-0.0165,0.00721472,0.00819798,0.00819798,2424.46201708
2006-11-01,Hlth_excess,-0.0035,0.00787641,0.0080822,0.0080822,10000.0
2006-11-01,Utils_excess,0.0264,0.0060166,0.00615927,0.00615927,10000.0
2006-11-01,Other_excess,0.0118,0.00651253,0.00629305,0.00629305,2424.46201708
2006-12-01,NoDur_excess,0.0162,0.00671262,0.00751352,0.00751352,2424.46201708
2006-12-01,Durbl_excess,-0.0121,0.00800156,0.00556579,0.00556579,2424.46201708
2006-12-01,Manuf_excess,0.001,0.00729249,0.00673251,0.00673251,4923.88263171
2006-12-01,Enrgy_excess,-0.0233,0.00795714,0.00762748,0.00762748,4923.88263171
2006-12-01,HiTec_excess,-0.0137,0.00807935,0.00706582,0.00706582,4923.88263171
2006-12-01,Telcm_excess,0.0393,0.00553306,0.005518,0.005518,10000.0
2006-12-01,Shops_excess,0.0106,0.00718999,0.00824695,0.00824695,2424.46201708
2006-12-01,Hlth_excess,-0.0027,0.00786455,0.00797148,0.00797148,10000.0
2006-12-01,Utils_excess,0.0033,0.00603785,0.00620604,0.00620604,10000.0
2006-12-01,Other_excess,0.0281,0.00651804,0.00680212,0.00680212,2424.46201708
2007-01-01,NoDur_excess,0.011,0.0067225,0.00552244,0.00552244,4923.88263171
2007-01-01,Durbl_excess,0.0247,0.00798063,0.00266286,0.00266286,2424.46201708
2007-01-01,Manuf_excess,0.0272,0.00728594,0.00565729,0.00565729,4923.88263171
2007-01-01,Enrgy_excess,-0.0177,0.00792458,0.00700058,0.00700058,4923.88263171
2007-01-01,HiTec_excess,0.0155,0.00805667,0.00600007,0.00600007,4923.88263171
2007-01-01,Telcm_excess,0.0229,0.00556823,0.00552576,0.00552576,170125.42798526
2007-01-01,Shops_excess,0.032,0.00719354,0.00531911,0.00531911,2424.46201708
2007-01-01,Hlth_excess,0.0307,0.00785354,0.00740382,0.00740382,10000.0
2007-01-01,Utils_excess,0.0004,0.006035,0.00551802,0.00551802,10000.0
2007-01-01,Other_excess,0.0061,0.00654052,0.00417306,0.00417306,2424.46201708
2007-02-01,NoDur_excess,-0.0187,0.00672695,0.00585493,0.00585493,4923.88263171
2007-02-01,Durbl_excess,-0.0078,0.00799802,0.00312788,0.00312788,2424.46201708
2007-02-01,Manuf_excess,0.0033,0.00730666,0.0057827,0.0057827,4923.88263171
2007-02-01,Enrgy_excess,-0.025,0.00789792,0.00687816,0.00687816,4923.88263171
2007-02-01,HiTec_excess,-0.0273,0.00806441,0.00592923,0.00592923,4923.88263171
2007-02-01,Telcm_excess,-0.0316,0.00558626,0.00555243,0.00555243,170125.42798526
2007-02-01,Shops_excess,-0.0106,0.00721935,0.00620657,0.00620657,2424.46201708
2007-02-01,Hlth_excess,-0.0323,0.00787732,0.00747081,0.00747081,10000.0
2007-02-01,Utils_excess,0.0378,0.00602914,0.00565508,0.00565508,10000.0
2007-02-01,Other_excess,-0.0267,0.00654006,0.00479012,0.00479012,2424.46201708
2007-03-01,NoDur_excess,0.0222,0.00670052,0.00619964,0.00619964,4923.88263171
2007-03-01,Durbl_excess,-0.0153,0.0079816,0.00393639,0.00393639,2424.46201708
2007-03-01,Manuf_excess,0.0121,0.00730249,0.0062386,0.0062386,4923.88263171
2007-03-01,Enrgy_excess,0.0547,0.00786372,0.00732637,0.00732637,4923.88263171
2007-03-01,HiTec_excess,0.0044,0.00802765,0.0059172,0.0059172,4923.88263171
2007-03-01,Telcm_excess,0.0188,0.00554761,0.00553517,0.00553517,170125.42798526
2007-03-01,Shops_excess,0.0037,0.00720083,0.00670035,0.00670035,2424.46201708
2007-03-01,Hlth_excess,-0.0068,0.00783555,0.00748703,0.00748703,10000.0
2007-03-01,Utils_excess,0.039,0.00606216,0.00595746,0.00595746,10000.0
2007-03-01,Other_excess,-0.0069,0.00650551,0.00621999,0.00621999,2424.46201708
2007-04-01,NoDur_excess,0.0318,0.00671661,0.00460922,0.00460922,4923.88263171
2007-04-01,Durbl_excess,0.0577,0.00795742,0.00042489,0.00042489,2424.46201708
2007-04-01,Manuf_excess,0.0397,0.00730748,0.00493739,0.00493739,4923.88263171
2007-04-01,Enrgy_excess,0.0469,0.00791236,0.00667074,0.00667074,4923.88263171
2007-04-01,HiTec_excess,0.0441,0.00802388,0.00465201,0.00465201,4923.88263171
2007-04-01,Telcm_excess,0.013,0.00556137,0.00550596,0.00550596,170125.42798526
2007-04-01,Shops_excess,0.0184,0.0071972,0.00314974,0.00314974,2424.46201708
2007-04-01,Hlth_excess,0.0634,0.00782035,0.0067953,0.0067953,10000.0
2007-04-01,Utils_excess,0.0348,0.00609637,0.00523263,0.00523263,10000.0
2007-04-01,Other_excess,0.0286,0.00649159,0.00287665,0.00287665,2424.46201708
2007-05-01,NoDur_excess,0.0247,0.00674263,0.00576139,0.00576139,4923.88263171
2007-05-01,Durbl_excess,0.0276,0.00800902,0.00267737,0.00267737,2424.46201708
2007-05-01,Manuf_excess,0.0436,0.00734108,0.00556449,0.00556449,4923.88263171
2007-05-01,Enrgy_excess,0.0674,0.0079528,0.00678289,0.00678289,4923.88263171
2007-05-01,HiTec_excess,0.0351,0.00806131,0.0054616,0.0054616,4923.88263171
2007-05-01,Telcm_excess,0.069,0.00556909,0.00553675,0.00553675,170125.42798526
2007-05-01,Shops_excess,0.0195,0.00720882,0.00596614,0.00596614,2424.46201708
2007-05-01,Hlth_excess,0.0073,0.00787801,0.00727821,0.00727821,10000.0
2007-05-01,Utils_excess,0.0078,0.00612614,0.00582112,0.00582112,10000.0
2007-05-01,Other_excess,0.0276,0.00651452,0.00472066,0.00472066,2424.46201708
2007-06-01,NoDur_excess,-0.0146,0.00676124,0.00513585,0.00513585,4923.88263171
2007-06-01,Durbl_excess,0.0148,0.00802933,0.00165957,0.00165957,2424.46201708
2007-06-01,Manuf_excess,-0.0108,0.00737865,0.00525414,0.00525414,4923.88263171
2007-06-01,Enrgy_excess,0.0046,0.0080144,0.00671113,0.00671113,4923.88263171
2007-06-01,HiTec_excess,0.0013,0.00808933,0.00522736,0.00522736,4923.88263171
2007-06-01,Telcm_excess,-0.022,0.00563482,0.00558457,0.00558457,170125.42798526
2007-06-01,Shops_excess,-0.0237,0.00722155,0.0045211,0.0045211,2424.46201708
2007-06-01,Hlth_excess,-0.0377,0.00787741,0.00705583,0.00705583,10000.0
2007-06-01,Utils_excess,-0.0522,0.00612788,0.0054378,0.0054378,10000.0
2007-06-01,Other_excess,-0.0317,0.00653637,0.00337115,0.00337115,2424.46201708
2007-07-01,NoDur_excess,-0.0455,0.00673913,0.00555403,0.00555403,4923.88263171
2007-07-01,Durbl_excess,-0.062,0.00803634,0.00339385,0.00339385,2424.46201708
2007-07-01,Manuf_excess,-0.0042,0.00735983,0.00594549,0.00594549,4923.88263171
2007-07-01,Enrgy_excess,-0.015,0.00801087,0.0072465,0.0072465,4923.88263171
2007-07-01,HiTec_excess,-0.0146,0.0080823,0.00607412,0.00607412,4923.88263171
2007-07-01,Telcm_excess,-0.0351,0.00560621,0.00556934,0.00556934,170125.42798526
2007-07-01,Shops_excess,-0.0572,0.00718954,0.0050868,0.0050868,2424.46201708
2007-07-01,Hlth_excess,-0.0442,0.00783023,0.00726613,0.00726613,10000.0
2007-07-01,Utils_excess,-0.0413,0.00606749,0.00551288,0.00551288,10000.0
2007-07-01,Other_excess,-0.0567,0.00649679,0.00427943,0.00427943,2424.46201708
2007-08-01,NoDur_excess,0.014,0.00668511,0.00556752,0.00556752,4923.88263171
2007-08-01,Durbl_excess,-0.0221,0.00796391,0.00395197,0.00395197,2424.46201708
2007-08-01,Manuf_excess,0.0026,0.00734788,0.00657981,0.00657981,4923.88263171
2007-08-01,Enrgy_excess,-0.0019,0.00798707,0.00801562,0.00801562,4923.88263171
2007-08-01,HiTec_excess,0.0247,0.00805884,0.00649323,0.00649323,4923.88263171
2007-08-01,Telcm_excess,-0.0128,0.00556412,0.00554819,0.00554819,170125.42798526
2007-08-01,Shops_excess,0.0111,0.00712296,0.00434218,0.00434218,2424.46201708
2007-08-01,Hlth_excess,0.019,0.00777642,0.00733907,0.00733907,10000.0
2007-08-01,Utils_excess,0.0142,0.00601851,0.00552244,0.00552244,10000.0
2007-08-01,Other_excess,0.0076,0.00643144,0.00520393,0.00520393,2424.46201708
2007-09-01,NoDur_excess,0.0368,0.00669267,0.00657867,0.00657867,4923.88263171
2007-09-01,Durbl_excess,0.014,0.00793285,0.00634815,0.00634815,2424.46201708
2007-09-01,Manuf_excess,0.0511,0.00734298,0.00719713,0.00719713,4923.88263171
2007-09-01,Enrgy_excess,0.0752,0.00797686,0.00791542,0.00791542,4923.88263171
2007-09-01,HiTec_excess,0.0385,0.00807603,0.00719813,0.00719813,4923.88263171
2007-09-01,Telcm_excess,0.0173,0.00554514,0.00552991,0.00552991,170125.42798526
2007-09-01,Shops_excess,-0.0097,0.00712707,0.00724039,0.00724039,2424.46201708
2007-09-01,Hlth_excess,0.0322,0.00778802,0.00771797,0.00771797,10000.0
2007-09-01,Utils_excess,0.0316,0.00602696,0.00597429,0.00597429,10000.0
2007-09-01,Other_excess,0.0231,0.00643264,0.00631797,0.00631797,2424.46201708
2007-10-01,NoDur_excess,0.0186,0.00672374,0.00645261,0.00645261,4923.88263171
2007-10-01,Durbl_excess,0.0063,0.00793911,0.00534774,0.00534774,2424.46201708
2007-10-01,Manuf_excess,0.0065,0.00738813,0.00665161,0.00665161,4923.88263171
2007-10-01,Enrgy_excess,0.0247,0.00804623,0.00747953,0.00747953,4923.88263171
2007-10-01,HiTec_excess,0.0647,0.00810743,0.00656492,0.00656492,4923.88263171
2007-10-01,Telcm_excess,-0.025,0.00555728,0.00552987,0.00552987,170125.42798526
2007-10-01,Shops_excess,0.0085,0.0071097,0.00759804,0.00759804,2424.46201708
2007-10-01,Hlth_excess,0.0109,0.00781321,0.00748591,0.00748591,10000.0
2007-10-01,Utils_excess,0.0624,0.00605335,0.00585694,0.00585694,10000.0
2007-10-01,Other_excess,-0.0008,0.00644985,0.00577501,0.00577501,2424.46201708
2007-11-01,NoDur_excess,0.0051,0.00673598,0.00617092,0.00617092,4923.88263171
2007-11-01,Durbl_excess,-0.093,0.00793742,0.00496257,0.00496257,2424.46201708
2007-11-01,Manuf_excess,-0.03,0.00738722,0.00676762,0.00676762,4923.88263171
2007-11-01,Enrgy_excess,-0.0468,0.0080634,0.0078926,0.0078926,4923.88263171
2007-11-01,HiTec_excess,-0.0785,0.00816577,0.00665503,0.00665503,4923.88263171
2007-11-01,Telcm_excess,-0.0659,0.00552577,0.00550019,0.00550019,170125.42798526
2007-11-01,Shops_excess,-0.0407,0.00711113,0.00646953,0.00646953,2424.46201708
2007-11-01,Hlth_excess,-0.0033,0.00781639,0.00741092,0.00741092,10000.0
2007-11-01,Utils_excess,-0.0105,0.00611144,0.0057634,0.0057634,10000.0
2007-11-01,Other_excess,-0.0632,0.00644237,0.00577081,0.00577081,2424.46201708
2007-12-01,NoDur_excess,-0.0128,0.00673429,0.00579738,0.00579738,4923.88263171
2007-12-01,Durbl_excess,-0.0243,0.00783347,0.00517641,0.00517641,2424.46201708
2007-12-01,Manuf_excess,0.0073,0.00734871,0.00741407,0.00741407,4923.88263171
2007-12-01,Enrgy_excess,0.0743,0.0080069,0.0088559,0.0088559,4923.88263171
2007-12-01,HiTec_excess,0.0119,0.00807652,0.00632759,0.00632759,4923.88263171
2007-12-01,Telcm_excess,-0.0052,0.00545221,0.00542944,0.00542944,170125.42798526
2007-12-01,Shops_excess,-0.0295,0.00706189,0.00454545,0.00454545,2424.46201708
2007-12-01,Hlth_excess,-0.0422,0.00780494,0.00720333,0.00720333,10000.0
2007-12-01,Utils_excess,0.0063,0.00609434,0.00544044,0.00544044,10000.0
2007-12-01,Other_excess,-0.0376,0.00637065,0.00627254,0.00627254,2424.46201708
2008-01-01,NoDur_excess,-0.054,0.0067142,0.00768609,0.00768609,4923.88263171
2008-01-01,Durbl_excess,-0.0541,0.00780041,0.00914276,0.00914276,2424.46201708
2008-01-01,Manuf_excess,-0.0764,0.00734866,0.01021481,0.01021481,2424.46201708
2008-01-01,Enrgy_excess,-0.0932,0.0080751,0.00854028,0.00854028,10000.0
2008-01-01,HiTec_excess,-0.1256,0.00808045,0.00792255,0.00792255,10000.0
2008-01-01,Telcm_excess,-0.0799,0.00544126,0.00535601,0.00535601,20309.17620905
2008-01-01,Shops_excess,-0.0068,0.00702428,0.01250592,0.01250592,1193.77664171
2008-01-01,Hlth_excess,-0.0482,0.0077535,0.00799936,0.00799936,10000.0
2008-01-01,Utils_excess,-0.0714,0.00609455,0.00613305,0.00613305,10000.0
2008-01-01,Other_excess,-0.0225,0.00632541,0.00828988,0.00828988,2424.46201708
2008-02-01,NoDur_excess,-0.0026,0.0066518,0.00683079,0.00683079,4923.88263171
2008-02-01,Durbl_excess,-0.0613,0.00773679,0.0079755,0.0079755,2424.46201708
2008-02-01,Manuf_excess,0.0061,0.00726259,0.00975104,0.00975104,2424.46201708
2008-02-01,Enrgy_excess,0.0681,0.00797102,0.0087356,0.0087356,10000.0
2008-02-01,HiTec_excess,-0.0371,0.00794306,0.0073633,0.0073633,10000.0
2008-02-01,Telcm_excess,-0.0398,0.00535355,0.00521603,0.00521603,20309.17620905
2008-02-01,Shops_excess,-0.0478,0.00701007,0.00835815,0.00835815,1193.77664171
2008-02-01,Hlth_excess,-0.0106,0.00769599,0.00749368,0.00749368,10000.0
2008-02-01,Utils_excess,-0.0316,0.0060149,0.00564023,0.00564023,10000.0
2008-02-01,Other_excess,-0.0803,0.00629579,0.00795025,0.00795025,2424.46201708
2008-03-01,NoDur_excess,0.0101,0.0066423,0.00746113,0.00746113,4923.88263171
2008-03-01,Durbl_excess,-0.0431,0.00766591,0.00972506,0.00972506,2424.46201708
2008-03-01,Manuf_excess,-0.0032,0.0072614,0.010906,0.010906,2424.46201708
2008-03-01,Enrgy_excess,-0.0306,0.00803275,0.00903587,0.00903587,10000.0
2008-03-01,HiTec_excess,0.005,0.00789682,0.00772459,0.00772459,10000.0
2008-03-01,Telcm_excess,-0.0022,0.00530719,0.00518379,0.00518379,20309.17620905
2008-03-01,Shops_excess,0.0168,0.0069538,0.01091174,0.01091174,1193.77664171
2008-03-01,Hlth_excess,-0.0194,0.00767721,0.00776343,0.00776343,10000.0
2008-03-01,Utils_excess,0.0064,0.00597628,0.00570333,0.00570333,10000.0
2008-03-01,Other_excess,-0.0211,0.00620688,0.00863907,0.00863907,2424.46201708
2008-04-01,NoDur_excess,-0.0133,0.00664585,0.00717634,0.00717634,4923.88263171
2008-04-01,Durbl_excess,0.0638,0.00761385,0.00975677,0.00975677,2424.46201708
2008-04-01,Manuf_excess,0.0489,0.00725067,0.0110751,0.0110751,2424.46201708
2008-04-01,Enrgy_excess,0.1045,0.00799313,0.00920829,0.00920829,10000.0
2008-04-01,HiTec_excess,0.0626,0.00789385,0.00749932,0.00749932,10000.0
2008-04-01,Telcm_excess,0.0444,0.00529949,0.00511126,0.00511126,20309.17620905
2008-04-01,Shops_excess,0.0483,0.0069639,0.0093148,0.0093148,1193.77664171
2008-04-01,Hlth_excess,0.0025,0.00764944,0.0073681,0.0073681,10000.0
2008-04-01,Utils_excess,0.0621,0.00597672,0.00543122,0.00543122,10000.0
2008-04-01,Other_excess,0.0329,0.00617887,0.00857364,0.00857364,2424.46201708
2008-05-01,NoDur_excess,0.032,0.00662541,0.00839219,0.00839219,4923.88263171
2008-05-01,Durbl_excess,0.0115,0.00767141,0.01199038,0.01199038,2424.46201708
2008-05-01,Manuf_excess,0.0312,0.00729334,0.01128595,0.01128595,2424.46201708
2008-05-01,Enrgy_excess,0.041,0.00809201,0.00860797,0.00860797,10000.0
2008-05-01,HiTec_excess,0.0547,0.0079499,0.00781683,0.00781683,10000.0
2008-05-01,Telcm_excess,0.0461,0.00533955,0.00517846,0.00517846,20309.17620905
2008-05-01,Shops_excess,0.0101,0.00700625,0.01769363,0.01769363,1193.77664171
2008-05-01,Hlth_excess,0.0144,0.00764416,0.00783641,0.00783641,10000.0
2008-05-01,Utils_excess,0.0341,0.00603422,0.00609217,0.00609217,10000.0
2008-05-01,Other_excess,-0.0257,0.00620625,0.00966804,0.00966804,2424.46201708
2008-06-01,NoDur_excess,-0.0751,0.00665138,0.00622186,0.00622186,4923.88263171
2008-06-01,Durbl_excess,-0.1967,0.00767533,0.00721377,0.00721377,2424.46201708
2008-06-01,Manuf_excess,-0.0936,0.00731781,0.00907893,0.00907893,2424.46201708
2008-06-01,Enrgy_excess,0.0265,0.00812569,0.0087691,0.0087691,10000.0
2008-06-01,HiTec_excess,-0.0899,0.00799775,0.00719668,0.00719668,10000.0
2008-06-01,Telcm_excess,-0.1109,0.00538127,0.00506385,0.00506385,20309.17620905
2008-06-01,Shops_excess,-0.0826,0.00700942,0.00733672,0.00733672,1193.77664171
2008-06-01,Hlth_excess,-0.0318,0.00765107,0.00694389,0.00694389,10000.0
2008-06-01,Utils_excess,-0.0058,0.00606295,0.00516793,0.00516793,10000.0
2008-06-01,Other_excess,-0.1493,0.00617359,0.00623686,0.00623686,2424.46201708
2008-07-01,NoDur_excess,0.0211,0.00656779,0.00614247,0.00614247,4923.88263171
2008-07-01,Durbl_excess,-0.0081,0.00746636,0.0067684,0.0067684,2424.46201708
2008-07-01,Manuf_excess,-0.0039,0.00721462,0.00937575,0.00937575,2424.46201708
2008-07-01,Enrgy_excess,-0.1581,0.00814448,0.0092862,0.0092862,10000.0
2008-07-01,HiTec_excess,-0.0072,0.00789765,0.00704934,0.00704934,10000.0
2008-07-01,Telcm_excess,-0.0324,0.00526237,0.00500374,0.00500374,20309.17620905
2008-07-01,Shops_excess,0.0099,0.00691779,0.00627212,0.00627212,1193.77664171
2008-07-01,Hlth_excess,0.066,0.00761074,0.00690302,0.00690302,10000.0
2008-07-01,Utils_excess,-0.0725,0.00605082,0.00528549,0.00528549,10000.0
2008-07-01,Other_excess,0.0424,0.00601462,0.00656399,0.00656399,2424.46201708
2008-08-01,NoDur_excess,0.0159,0.00658264,0.0070001,0.0070001,4923.88263171
2008-08-01,Durbl_excess,0.0153,0.00745046,0.00895152,0.00895152,2424.46201708
2008-08-01,Manuf_excess,0.0129,0.00720327,0.01027935,0.01027935,2424.46201708
2008-08-01,Enrgy_excess,-0.0017,0.00797467,0.00875817,0.00875817,10000.0
2008-08-01,HiTec_excess,0.0227,0.00788223,0.00753459,0.00753459,10000.0
2008-08-01,Telcm_excess,0.0387,0.0052239,0.00495499,0.00495499,20309.17620905
2008-08-01,Shops_excess,0.0526,0.00692084,0.00981242,0.00981242,1193.77664171
2008-08-01,Hlth_excess,0.0164,0.00767038,0.00748532,0.00748532,10000.0
2008-08-01,Utils_excess,-0.0059,0.00597058,0.00538939,0.00538939,10000.0
2008-08-01,Other_excess,0.0054,0.00605179,0.00743186,0.00743186,2424.46201708
2008-09-01,NoDur_excess,-0.0311,0.00659214,0.0082115,0.0082115,4923.88263171
2008-09-01,Durbl_excess,-0.0914,0.00745847,0.01197217,0.01197217,2424.46201708
2008-09-01,Manuf_excess,-0.1366,0.00720908,0.0122706,0.0122706,2424.46201708
2008-09-01,Enrgy_excess,-0.1227,0.0079648,0.00901639,0.00901639,10000.0
2008-09-01,HiTec_excess,-0.1262,0.00789735,0.0084215,0.0084215,10000.0
2008-09-01,Telcm_excess,-0.1276,0.00525806,0.00527423,0.00527423,20309.17620905
2008-09-01,Shops_excess,-0.0591,0.00696745,0.01406622,0.01406622,1193.77664171
2008-09-01,Hlth_excess,-0.061,0.00767929,0.00816565,0.00816565,10000.0
2008-09-01,Utils_excess,-0.1199,0.00595847,0.0059195,0.0059195,10000.0
2008-09-01,Other_excess,-0.0646,0.00605112,0.0096021,0.0096021,2424.46201708
2008-10-01,NoDur_excess,-0.1349,0.00655372,0.00453135,0.00453135,4923.88263171
2008-10-01,Durbl_excess,-0.337,0.0073577,0.00754529,0.00754529,2424.46201708
2008-10-01,Manuf_excess,-0.2079,0.00706249,0.01021201,0.01021201,2424.46201708
2008-10-01,Enrgy_excess,-0.1686,0.0078316,0.00947597,0.00947597,10000.0
2008-10-01,HiTec_excess,-0.1834,0.00776065,0.00740768,0.00740768,10000.0
2008-10-01,Telcm_excess,-0.1561,0.00512263,0.00433813,0.00433813,20309.17620905
2008-10-01,Shops_excess,-0.1516,0.0069001,-0.00586897,0.0,1193.77664171
2008-10-01,Hlth_excess,-0.1111,0.00760928,0.00692266,0.00692266,10000.0
2008-10-01,Utils_excess,-0.112,0.00583017,0.00374933,0.00374933,10000.0
2008-10-01,Other_excess,-0.198,0.0059791,0.00408469,0.00408469,2424.46201708
2008-11-01,NoDur_excess,-0.044,0.00640967,0.0079351,0.0079351,4923.88263171
2008-11-01,Durbl_excess,-0.1074,0.00700703,0.01638127,0.01638127,2424.46201708
2008-11-01,Manuf_excess,-0.0771,0.00684358,0.01440395,0.01440395,2424.46201708
2008-11-01,Enrgy_excess,0.0011,0.00765193,0.00925008,0.00925008,10000.0
2008-11-01,HiTec_excess,-0.109,0.00756599,0.00836336,0.00836336,10000.0
2008-11-01,Telcm_excess,-0.0161,0.00495845,0.00386993,0.00386993,20309.17620905
2008-11-01,Shops_excess,-0.0771,0.0067387,0.00718947,0.00718947,1193.77664171
2008-11-01,Hlth_excess,-0.0736,0.00748839,0.0082364,0.0082364,10000.0
2008-11-01,Utils_excess,0.0123,0.00571018,0.0051098,0.0051098,10000.0
2008-11-01,Other_excess,-0.1239,0.00577138,0.00617001,0.00617001,2424.46201708
2008-12-01,NoDur_excess,0.0087,0.00635839,0.01142823,0.01142823,4923.88263171
2008-12-01,Durbl_excess,0.0017,0.00689064,0.02230916,0.02230916,2424.46201708
2008-12-01,Manuf_excess,0.0139,0.00675819,0.01815338,0.01815338,2424.46201708
2008-12-01,Enrgy_excess,-0.0243,0.00764527,0.00993282,0.00993282,10000.0
2008-12-01,HiTec_excess,0.0217,0.00744741,0.00921835,0.00921835,10000.0
2008-12-01,Telcm_excess,0.0347,0.00493703,0.00505781,0.00505781,20309.17620905
2008-12-01,Shops_excess,0.0489,0.00665341,0.02178387,0.02178387,1193.77664171
2008-12-01,Hlth_excess,0.0674,0.0074059,0.0089561,0.0089561,10000.0
2008-12-01,Utils_excess,-0.0204,0.00571689,0.00681727,0.00681727,10000.0
2008-12-01,Other_excess,0.0081,0.00563947,0.01420534,0.01420534,2424.46201708
2009-01-01,NoDur_excess,-0.0505,0.00636077,0.01305169,0.01305169,4923.88263171
2009-01-01,Durbl_excess,-0.1269,0.00688537,0.02680318,0.02680318,2424.46201708
2009-01-01,Manuf_excess,-0.0922,0.00676545,0.01405812,0.01405812,4923.88263171
2009-01-01,Enrgy_excess,-0.0353,0.0076128,0.00974621,0.00974621,4923.88263171
2009-01-01,HiTec_excess,-0.032,0.00746189,0.00977559,0.00977559,10000.0
2009-01-01,Telcm_excess,-0.1032,0.00496728,0.01025845,0.01025845,2424.46201708
2009-01-01,Shops_excess,-0.0761,0.00669634,0.03534433,0.03534433,1193.77664171
2009-01-01,Hlth_excess,-0.022,0.00746687,0.00969558,0.00969558,10000.0
2009-01-01,Utils_excess,-0.0084,0.00569035,0.00922074,0.00922074,4923.88263171
2009-01-01,Other_excess,-0.1766,0.00564197,0.01692059,0.01692059,2424.46201708
2009-02-01,NoDur_excess,-0.0767,0.00630305,0.00442672,0.00442672,4923.88263171
2009-02-01,Durbl_excess,-0.1215,0.00674954,0.00562296,0.00562296,2424.46201708
2009-02-01,Manuf_excess,-0.1354,0.00666497,0.00638548,0.00638548,4923.88263171
2009-02-01,Enrgy_excess,-0.1252,0.00756924,0.00618487,0.00618487,4923.88263171
2009-02-01,HiTec_excess,-0.0509,0.00742183,0.00617338,0.00617338,10000.0
2009-02-01,Telcm_excess,-0.0696,0.00485746,-0.00230746,0.0,2424.46201708
2009-02-01,Shops_excess,-0.0306,0.00661228,0.00265109,0.00265109,1193.77664171
2009-02-01,Hlth_excess,-0.1083,0.00743695,0.00610444,0.00610444,10000.0
2009-02-01,Utils_excess,-0.1253,0.00567604,0.00185155,0.00185155,4923.88263171
2009-02-01,Other_excess,-0.146,0.00545695,-0.00109923,0.0,2424.46201708
2009-03-01,NoDur_excess,0.0642,0.00621886,0.00400031,0.00400031,4923.88263171
2009-03-01,Durbl_excess,0.1219,0.00661947,0.00340752,0.00340752,2424.46201708
2009-03-01,Manuf_excess,0.0759,0.00652089,0.00551136,0.00551136,4923.88263171
2009-03-01,Enrgy_excess,0.0394,0.00743458,0.00553444,0.00553444,4923.88263171
2009-03-01,HiTec_excess,0.1145,0.00736268,0.00575585,0.00575585,10000.0
2009-03-01,Telcm_excess,0.0793,0.00478195,-0.00159968,0.0,2424.46201708
2009-03-01,Shops_excess,0.0996,0.00657454,0.00173313,0.00173313,1193.77664171
2009-03-01,Hlth_excess,0.0739,0.00731957,0.00569941,0.00569941,10000.0
2009-03-01,Utils_excess,0.028,0.0055432,0.00069532,0.00069532,4923.88263171
2009-03-01,Other_excess,0.1305,0.00530335,-0.00055369,0.0,2424.46201708
2009-04-01,NoDur_excess,0.0496,0.00627761,0.0038106,0.0038106,4923.88263171
2009-04-01,Durbl_excess,0.4431,0.00673627,0.00276957,0.00276957,2424.46201708
2009-04-01,Manuf_excess,0.1705,0.00659119,0.00602759,0.00602759,4923.88263171
2009-04-01,Enrgy_excess,0.0453,0.00746697,0.00580519,0.00580519,4923.88263171
2009-04-01,HiTec_excess,0.1228,0.00747123,0.0056092,0.0056092,10000.0
2009-04-01,Telcm_excess,0.0964,0.00485745,-0.00202679,0.0,2424.46201708
2009-04-01,Shops_excess,0.0953,0.00666879,-0.00025388,0.0,1193.77664171
2009-04-01,Hlth_excess,-0.0095,0.00738703,0.00588868,0.00588868,10000.0
2009-04-01,Utils_excess,0.0208,0.00556596,-9.15e-05,0.0,4923.88263171
2009-04-01,Other_excess,0.1621,0.00543019,0.00020376,0.00020376,2424.46201708
2009-05-01,NoDur_excess,0.0716,0.00632146,0.00696317,0.00696317,4923.88263171
2009-05-01,Durbl_excess,-0.0322,0.00717794,0.01254494,0.01254494,2424.46201708
2009-05-01,Manuf_excess,0.055,0.00675709,0.0073735,0.0073735,4923.88263171
2009-05-01,Enrgy_excess,0.105,0.00750526,0.00541529,0.00541529,4923.88263171
2009-05-01,HiTec_excess,0.0304,0.00758796,0.00718439,0.00718439,10000.0
2009-05-01,Telcm_excess,0.0105,0.0049501,0.0010339,0.0010339,2424.46201708
2009-05-01,Shops_excess,-0.0093,0.0067585,0.01720253,0.01720253,1193.77664171
2009-05-01,Hlth_excess,0.0621,0.00736994,0.00650232,0.00650232,10000.0
2009-05-01,Utils_excess,0.0464,0.00558138,0.00305061,0.00305061,4923.88263171
2009-05-01,Other_excess,0.0716,0.00558877,0.00272722,0.00272722,2424.46201708
2009-06-01,NoDur_excess,0.0064,0.00638746,0.00874489,0.00874489,4923.88263171
2009-06-01,Durbl_excess,0.0439,0.00713812,0.01301249,0.01301249,2424.46201708
2009-06-01,Manuf_excess,-0.0174,0.00680586,0.00834369,0.00834369,4923.88263171
2009-06-01,Enrgy_excess,-0.0479,0.00760384,0.00698494,0.00698494,4923.88263171
2009-06-01,HiTec_excess,0.0452,0.00761102,0.00753132,0.00753132,10000.0
2009-06-01,Telcm_excess,0.0164,0.00495571,0.00296602,0.00296602,2424.46201708
2009-06-01,Shops_excess,-0.003,0.00674226,0.02025469,0.02025469,1193.77664171
2009-06-01,Hlth_excess,0.036,0.00742528,0.00726607,0.00726607,10000.0
2009-06-01,Utils_excess,0.0463,0.00562265,0.00481757,0.00481757,4923.88263171
2009-06-01,Other_excess,-0.0201,0.00565551,0.00606484,0.00606484,2424.46201708
2009-07-01,NoDur_excess,0.073,0.00638747,0.00652709,0.00652709,4923.88263171
2009-07-01,Durbl_excess,0.1975,0.00717525,0.01024614,0.01024614,2424.46201708
2009-07-01,Manuf_excess,0.1132,0.00678141,0.00685036,0.00685036,4923.88263171
2009-07-01,Enrgy_excess,0.0534,0.00754778,0.00595239,0.00595239,4923.88263171
2009-07-01,HiTec_excess,0.0809,0.00764899,0.00681821,0.00681821,10000.0
2009-07-01,Telcm_excess,0.0553,0.00496727,0.00240767,0.00240767,2424.46201708
2009-07-01,Shops_excess,0.0676,0.00673242,0.01214723,0.01214723,1193.77664171
2009-07-01,Hlth_excess,0.0547,0.00745414,0.0064975,0.0064975,10000.0
2009-07-01,Utils_excess,0.044,0.00566374,0.00333807,0.00333807,4923.88263171
2009-07-01,Other_excess,0.0916,0.00562949,0.00448183,0.00448183,2424.46201708
2009-08-01,NoDur_excess,0.0073,0.00645469,0.00858075,0.00858075,4923.88263171
2009-08-01,Durbl_excess,0.0249,0.00736731,0.01468989,0.01468989,2424.46201708
2009-08-01,Manuf_excess,0.0296,0.0068888,0.0083726,0.0083726,4923.88263171
2009-08-01,Enrgy_excess,0.0077,0.00759405,0.00665728,0.00665728,4923.88263171
2009-08-01,HiTec_excess,0.0226,0.00772291,0.00812855,0.00812855,10000.0
2009-08-01,Telcm_excess,0.0072,0.00501806,0.00449243,0.00449243,2424.46201708
2009-08-01,Shops_excess,0.037,0.00679384,0.01850588,0.01850588,1193.77664171
2009-08-01,Hlth_excess,0.0219,0.00750182,0.00766658,0.00766658,10000.0
2009-08-01,Utils_excess,0.0024,0.00570242,0.00562886,0.00562886,4923.88263171
2009-08-01,Other_excess,0.0772,0.00571625,0.00659855,0.00659855,2424.46201708
2009-09-01,NoDur_excess,0.0422,0.00645554,0.0059491,0.0059491,4923.88263171
2009-09-01,Durbl_excess,0.0209,0.00738498,0.01048003,0.01048003,2424.46201708
2009-09-01,Manuf_excess,0.0651,0.00691169,0.00708008,0.00708008,4923.88263171
2009-09-01,Enrgy_excess,0.0511,0.00759415,0.00613894,0.00613894,4923.88263171
2009-09-01,HiTec_excess,0.0522,0.0077379,0.00716484,0.00716484,10000.0
2009-09-01,Telcm_excess,0.0648,0.00502026,0.00301318,0.00301318,2424.46201708
2009-09-01,Shops_excess,0.0239,0.00682429,0.00941836,0.00941836,1193.77664171
2009-09-01,Hlth_excess,0.0217,0.00751633,0.00662299,0.00662299,10000.0
2009-09-01,Utils_excess,0.0223,0.00569909,0.00325479,0.00325479,4923.88263171
2009-09-01,Other_excess,0.0311,0.00578831,0.00516724,0.00516724,2424.46201708
2009-10-01,NoDur_excess,-0.0062,0.00649154,0.00626649,0.00626649,4923.88263171
2009-10-01,Durbl_excess,-0.0061,0.00739859,0.01028886,0.01028886,2424.46201708
2009-10-01,Manuf_excess,-0.0287,0.00697029,0.00721864,0.00721864,4923.88263171
2009-10-01,Enrgy_excess,0.0248,0.00763797,0.00632346,0.00632346,4923.88263171
2009-10-01,HiTec_excess,-0.015,0.00778268,0.00745917,0.00745917,10000.0
2009-10-01,Telcm_excess,-0.0398,0.00508046,0.00370284,0.00370284,2424.46201708
2009-10-01,Shops_excess,0.0004,0.00684149,0.01012335,0.01012335,1193.77664171
2009-10-01,Hlth_excess,-0.0347,0.00753061,0.00682606,0.00682606,10000.0
2009-10-01,Utils_excess,-0.0271,0.00571581,0.00386696,0.00386696,4923.88263171
2009-10-01,Other_excess,-0.0545,0.0058138,0.0052022,0.0052022,2424.46201708
2009-11-01,NoDur_excess,0.0386,0.00647877,0.00627837,0.00627837,4923.88263171
2009-11-01,Durbl_excess,0.1037,0.00738501,0.0092185,0.0092185,2424.46201708
2009-11-01,Manuf_excess,0.0761,0.00693441,0.00706311,0.00706311,4923.88263171
2009-11-01,Enrgy_excess,0.0322,0.00765523,0.00707421,0.00707421,4923.88263171
2009-11-01,HiTec_excess,0.0483,0.00775976,0.00766604,0.00766604,10000.0
2009-11-01,Telcm_excess,0.0684,0.00503531,0.00319659,0.00319659,2424.46201708
2009-11-01,Shops_excess,0.05,0.00683501,0.00902095,0.00902095,1193.77664171
2009-11-01,Hlth_excess,0.0807,0.00748813,0.00693463,0.00693463,10000.0
2009-11-01,Utils_excess,0.0458,0.0056828,0.00439605,0.00439605,4923.88263171
2009-11-01,Other_excess,0.0596,0.00575312,0.00449013,0.00449013,2424.46201708
2009-12-01,NoDur_excess,0.0263,0.00651106,0.00572251,0.00572251,4923.88263171
2009-12-01,Durbl_excess,0.0564,0.00748181,0.00916862,0.00916862,2424.46201708
2009-12-01,Manuf_excess,0.0286,0.00700392,0.00733682,0.00733682,4923.88263171
2009-12-01,Enrgy_excess,-0.0053,0.0076799,0.00746165,0.00746165,4923.88263171
2009-12-01,HiTec_excess,0.0597,0.0078005,0.00768077,0.00768077,10000.0
2009-12-01,Telcm_excess,0.0641,0.00509899,0.00401888,0.00401888,2424.46201708
2009-12-01,Shops_excess,0.0194,0.00687839,0.00648372,0.00648372,1193.77664171
2009-12-01,Hlth_excess,0.0246,0.00756171,0.00688149,0.00688149,10000.0
2009-12-01,Utils_excess,0.0586,0.00572312,0.00403481,0.00403481,4923.88263171
2009-12-01,Other_excess,0.0087,0.00580724,0.00540847,0.00540847,2424.46201708
2010-01-01,NoDur_excess,-0.024,0.00653092,0.00652134,0.00652134,4923.88263171
2010-01-01,Durbl_excess,-0.004,0.00753092,0.00849528,0.00849528,2424.46201708
2010-01-01,Manuf_excess,-0.0331,0.0070256,0.00704393,0.00704393,4923.88263171
2010-01-01,Enrgy_excess,-0.0485,0.00766687,0.00740395,0.00740395,4923.88263171
2010-01-01,HiTec_excess,-0.0781,0.00785261,0.00801337,0.00801337,20309.17620905
2010-01-01,Telcm_excess,-0.0677,0.00515823,0.00413563,0.00413563,4923.88263171
2010-01-01,Shops_excess,-0.0183,0.00689096,0.00820949,0.00820949,2424.46201708
2010-01-01,Hlth_excess,-0.0001,0.00757882,0.00737286,0.00737286,10000.0
2010-01-01,Utils_excess,-0.0445,0.0057762,0.00524758,0.00524758,4923.88263171
2010-01-01,Other_excess,-0.0053,0.00581014,0.00471997,0.00471997,4923.88263171
2010-02-01,NoDur_excess,0.0266,0.0065003,0.00577977,0.00577977,4923.88263171
2010-02-01,Durbl_excess,0.0739,0.00751936,0.00909263,0.00909263,2424.46201708
2010-02-01,Manuf_excess,0.0521,0.00698536,0.0073209,0.0073209,4923.88263171
2010-02-01,Enrgy_excess,0.0259,0.00761053,0.00768627,0.00768627,4923.88263171
2010-02-01,HiTec_excess,0.0479,0.0077664,0.0077032,0.0077032,20309.17620905
2010-02-01,Telcm_excess,0.0276,0.00508516,0.00467349,0.00467349,4923.88263171
2010-02-01,Shops_excess,0.0429,0.0068657,0.00639813,0.00639813,2424.46201708
2010-02-01,Hlth_excess,0.0038,0.00757111,0.00690654,0.00690654,10000.0
2010-02-01,Utils_excess,-0.0042,0.00572578,0.00443306,0.00443306,4923.88263171
2010-02-01,Other_excess,0.0361,0.005799,0.00571288,0.00571288,4923.88263171
2010-03-01,NoDur_excess,0.0579,0.00652044,0.00623512,0.00623512,4923.88263171
2010-03-01,Durbl_excess,0.0937,0.00758587,0.00939713,0.00939713,2424.46201708
2010-03-01,Manuf_excess,0.0649,0.00703056,0.00741923,0.00741923,4923.88263171
2010-03-01,Enrgy_excess,0.0319,0.00762886,0.00765462,0.00765462,4923.88263171
2010-03-01,HiTec_excess,0.0667,0.00780661,0.00786901,0.00786901,20309.17620905
2010-03-01,Telcm_excess,0.0762,0.00510772,0.00458941,0.00458941,4923.88263171
2010-03-01,Shops_excess,0.0624,0.0069018,0.00742143,0.00742143,2424.46201708
2010-03-01,Hlth_excess,0.0362,0.00756733,0.007195,0.007195,10000.0
2010-03-01,Utils_excess,0.0311,0.00571583,0.00494363,0.00494363,4923.88263171
2010-03-01,Other_excess,0.0809,0.00582936,0.00557859,0.00557859,4923.88263171
2010-04-01,NoDur_excess,-0.0103,0.00657187,0.00630974,0.00630974,4923.88263171
2010-04-01,Durbl_excess,0.0726,0.00767207,0.008687,0.008687,2424.46201708
2010-04-01,Manuf_excess,0.0317,0.00708849,0.00690654,0.00690654,4923.88263171
2010-04-01,Enrgy_excess,0.0407,0.00765315,0.00726298,0.00726298,4923.88263171
2010-04-01,HiTec_excess,0.0226,0.00786557,0.00783411,0.00783411,20309.17620905
2010-04-01,Telcm_excess,0.034,0.00517888,0.00454588,0.00454588,4923.88263171
2010-04-01,Shops_excess,0.0251,0.00695736,0.00765754,0.00765754,2424.46201708
2010-04-01,Hlth_excess,-0.0219,0.007596,0.00713607,0.00713607,10000.0
2010-04-01,Utils_excess,0.0284,0.00574124,0.00521235,0.00521235,4923.88263171
2010-04-01,Other_excess,0.018,0.0059045,0.0053323,0.0053323,4923.88263171
2010-05-01,NoDur_excess,-0.0574,0.006555,0.00672377,0.00672377,4923.88263171
2010-05-01,Durbl_excess,-0.0908,0.007737,0.01085925,0.01085925,2424.46201708
2010-05-01,Manuf_excess,-0.0844,0.0071131,0.00779968,0.00779968,4923.88263171
2010-05-01,Enrgy_excess,-0.1024,0.0076862,0.00782759,0.00782759,4923.88263171
2010-05-01,HiTec_excess,-0.0777,0.0078803,0.00802355,0.00802355,20309.17620905
2010-05-01,Telcm_excess,-0.0586,0.0052077,0.00540039,0.00540039,4923.88263171
2010-05-01,Shops_excess,-0.0542,0.0069755,0.00852562,0.00852562,2424.46201708
2010-05-01,Hlth_excess,-0.0809,0.0075665,0.00730181,0.00730181,10000.0
2010-05-01,Utils_excess,-0.0631,0.0057639,0.00568922,0.00568922,4923.88263171
2010-05-01,Other_excess,-0.0876,0.0059166,0.00635494,0.00635494,4923.88263171
2010-06-01,NoDur_excess,-0.0192,0.00649111,0.00470108,0.00470108,4923.88263171
2010-06-01,Durbl_excess,-0.1069,0.00763856,0.00864993,0.00864993,2424.46201708
2010-06-01,Manuf_excess,-0.0581,0.00702168,0.00726339,0.00726339,4923.88263171
2010-06-01,Enrgy_excess,-0.0627,0.00757622,0.00753705,0.00753705,4923.88263171
2010-06-01,HiTec_excess,-0.0616,0.00779481,0.00772543,0.00772543,20309.17620905
2010-06-01,Telcm_excess,-0.0385,0.00514396,0.00444934,0.00444934,4923.88263171
2010-06-01,Shops_excess,-0.0912,0.00691439,0.00361909,0.00361909,2424.46201708
2010-06-01,Hlth_excess,-0.0167,0.00747812,0.00646009,0.00646009,10000.0
2010-06-01,Utils_excess,-0.0072,0.0056951,0.00356905,0.00356905,4923.88263171
2010-06-01,Other_excess,-0.0651,0.00582318,0.00523656,0.00523656,4923.88263171
2010-07-01,NoDur_excess,0.0735,0.00646547,0.00774953,0.00774953,4923.88263171
2010-07-01,Durbl_excess,0.1537,0.00752425,0.0133674,0.0133674,2424.46201708
2010-07-01,Manuf_excess,0.098,0.00695669,0.00899862,0.00899862,4923.88263171
2010-07-01,Enrgy_excess,0.0768,0.00750609,0.00849316,0.00849316,4923.88263171
2010-07-01,HiTec_excess,0.0725,0.00772555,0.00823901,0.00823901,20309.17620905
2010-07-01,Telcm_excess,0.0958,0.0051004,0.00580915,0.00580915,4923.88263171
2010-07-01,Shops_excess,0.046,0.00681647,0.01041257,0.01041257,2424.46201708
2010-07-01,Hlth_excess,0.0213,0.00745399,0.00782804,0.00782804,10000.0
2010-07-01,Utils_excess,0.068,0.00568224,0.00663889,0.00663889,4923.88263171
2010-07-01,Other_excess,0.0677,0.0057524,0.00737841,0.00737841,4923.88263171
2010-08-01,NoDur_excess,-0.0118,0.0065323,0.00707891,0.00707891,4923.88263171
2010-08-01,Durbl_excess,-0.0959,0.00766999,0.01116679,0.01116679,2424.46201708
2010-08-01,Manuf_excess,-0.0558,0.00704746,0.0081936,0.0081936,4923.88263171
2010-08-01,Enrgy_excess,-0.0345,0.00757517,0.00812162,0.00812162,4923.88263171
2010-08-01,HiTec_excess,-0.0654,0.00779013,0.00809715,0.00809715,20309.17620905
2010-08-01,Telcm_excess,-0.02,0.00519083,0.00518958,0.00518958,4923.88263171
2010-08-01,Shops_excess,-0.0398,0.00685553,0.00908695,0.00908695,2424.46201708
2010-08-01,Hlth_excess,-0.0171,0.0074678,0.0075204,0.0075204,10000.0
2010-08-01,Utils_excess,0.0035,0.00574437,0.00606815,0.00606815,4923.88263171
2010-08-01,Other_excess,-0.0711,0.00581416,0.00632853,0.00632853,4923.88263171
2010-09-01,NoDur_excess,0.0614,0.00651404,0.00698334,0.00698334,4923.88263171
2010-09-01,Durbl_excess,0.1307,0.00756683,0.01183856,0.01183856,2424.46201708
2010-09-01,Manuf_excess,0.1015,0.00698486,0.00875848,0.00875848,4923.88263171
2010-09-01,Enrgy_excess,0.0919,0.00753327,0.00861424,0.00861424,4923.88263171
2010-09-01,HiTec_excess,0.1254,0.00771723,0.00802632,0.00802632,20309.17620905
2010-09-01,Telcm_excess,0.0787,0.00516574,0.0059791,0.0059791,4923.88263171
2010-09-01,Shops_excess,0.1214,0.00680906,0.00834272,0.00834272,2424.46201708
2010-09-01,Hlth_excess,0.0899,0.00744333,0.00742927,0.00742927,10000.0
2010-09-01,Utils_excess,0.0364,0.00574213,0.00591881,0.00591881,4923.88263171
2010-09-01,Other_excess,0.085,0.00573755,0.00728247,0.00728247,4923.88263171
2010-10-01,NoDur_excess,0.0439,0.00656866,0.00620524,0.00620524,4923.88263171
2010-10-01,Durbl_excess,0.0853,0.00768935,0.00874607,0.00874607,2424.46201708
2010-10-01,Manuf_excess,0.0516,0.00707891,0.00762282,0.00762282,4923.88263171
2010-10-01,Enrgy_excess,0.0457,0.00761721,0.00807624,0.00807624,4923.88263171
2010-10-01,HiTec_excess,0.064,0.00783433,0.00793447,0.00793447,20309.17620905
2010-10-01,Telcm_excess,0.0455,0.00523891,0.00459039,0.00459039,4923.88263171
2010-10-01,Shops_excess,0.024,0.00692308,0.00723039,0.00723039,2424.46201708
2010-10-01,Hlth_excess,0.0193,0.00752537,0.00728353,0.00728353,10000.0
2010-10-01,Utils_excess,0.0185,0.00577264,0.00520783,0.00520783,4923.88263171
2010-10-01,Other_excess,0.0202,0.00581642,0.0055171,0.0055171,4923.88263171
2010-11-01,NoDur_excess,-0.0008,0.00660577,0.00616337,0.00616337,4923.88263171
2010-11-01,Durbl_excess,0.0731,0.0077665,0.00821003,0.00821003,2424.46201708
2010-11-01,Manuf_excess,0.0147,0.00712316,0.0072577,0.0072577,4923.88263171
2010-11-01,Enrgy_excess,0.055,0.00765507,0.0078484,0.0078484,4923.88263171
2010-11-01,HiTec_excess,-0.0074,0.00789016,0.00792915,0.00792915,20309.17620905
2010-11-01,Telcm_excess,-0.019,0.00527893,0.00446599,0.00446599,4923.88263171
2010-11-01,Shops_excess,0.0417,0.00694006,0.00716414,0.00716414,2424.46201708
2010-11-01,Hlth_excess,-0.0335,0.00753708,0.00720313,0.00720313,10000.0
2010-11-01,Utils_excess,-0.0137,0.00578529,0.00520878,0.00520878,4923.88263171
2010-11-01,Other_excess,0.0048,0.00583072,0.00514018,0.00514018,4923.88263171
2010-12-01,NoDur_excess,0.0434,0.00659841,0.00634382,0.00634382,4923.88263171
2010-12-01,Durbl_excess,0.0889,0.00783138,0.0092728,0.0092728,2424.46201708
2010-12-01,Manuf_excess,0.0698,0.00713069,0.00750076,0.00750076,4923.88263171
2010-12-01,Enrgy_excess,0.094,0.00770209,0.00798405,0.00798405,4923.88263171
2010-12-01,HiTec_excess,0.0597,0.00787498,0.00799151,0.00799151,20309.17620905
2010-12-01,Telcm_excess,0.0658,0.00525482,0.00476349,0.00476349,4923.88263171
2010-12-01,Shops_excess,0.032,0.00697458,0.00754608,0.00754608,2424.46201708
2010-12-01,Hlth_excess,0.0544,0.00749633,0.00720805,0.00720805,10000.0
2010-12-01,Utils_excess,0.0322,0.00576594,0.00540083,0.00540083,4923.88263171
2010-12-01,Other_excess,0.0922,0.00582969,0.00546308,0.00546308,4923.88263171
2011-01-01,NoDur_excess,-0.0238,0.00663492,0.00697701,0.00697701,4923.88263171
2011-01-01,Durbl_excess,-0.0025,0.00791181,0.00981835,0.00981835,2424.46201708
2011-01-01,Manuf_excess,0.03,0.00719286,0.00755311,0.00755311,4923.88263171
2011-01-01,Enrgy_excess,0.0692,0.0077877,0.00812989,0.00812989,4923.88263171
2011-01-01,HiTec_excess,0.0391,0.00792639,0.00819445,0.00819445,10000.0
2011-01-01,Telcm_excess,0.0004,0.00531488,0.00471733,0.00471733,2424.46201708
2011-01-01,Shops_excess,-0.0087,0.0069994,0.00915521,0.00915521,2424.46201708
2011-01-01,Hlth_excess,-0.0073,0.00754286,0.00740944,0.00740944,10000.0
2011-01-01,Utils_excess,0.0217,0.00579216,0.00598266,0.00598266,4923.88263171
2011-01-01,Other_excess,0.0209,0.00591538,0.00561772,0.00561772,4923.88263171
2011-02-01,NoDur_excess,0.0471,0.00660476,0.00550352,0.00550352,4923.88263171
2011-02-01,Durbl_excess,-0.0216,0.00790149,0.00768239,0.00768239,2424.46201708
2011-02-01,Manuf_excess,0.0342,0.00721546,0.00692931,0.00692931,4923.88263171
2011-02-01,Enrgy_excess,0.0762,0.00784856,0.00785728,0.00785728,4923.88263171
2011-02-01,HiTec_excess,0.024,0.00795728,0.00769183,0.00769183,10000.0
2011-02-01,Telcm_excess,0.0739,0.00531001,0.0039559,0.0039559,2424.46201708
2011-02-01,Shops_excess,0.0225,0.00698385,0.00575352,0.00575352,2424.46201708
2011-02-01,Hlth_excess,0.0332,0.00752815,0.00668593,0.00668593,10000.0
2011-02-01,Utils_excess,0.0241,0.00580793,0.00450848,0.00450848,4923.88263171
2011-02-01,Other_excess,0.0294,0.00593023,0.00501722,0.00501722,4923.88263171
2011-03-01,NoDur_excess,0.0302,0.00664485,0.00638989,0.00638989,4923.88263171
2011-03-01,Durbl_excess,0.0186,0.00787228,0.00929526,0.00929526,2424.46201708
2011-03-01,Manuf_excess,0.0183,0.00724218,0.00759645,0.00759645,4923.88263171
2011-03-01,Enrgy_excess,0.021,0.00791624,0.00833779,0.00833779,4923.88263171
2011-03-01,HiTec_excess,-0.0144,0.00797317,0.00795827,0.00795827,10000.0
2011-03-01,Telcm_excess,0.0167,0.00537792,0.00548449,0.00548449,2424.46201708
2011-03-01,Shops_excess,0.0109,0.00699921,0.00752746,0.00752746,2424.46201708
2011-03-01,Hlth_excess,0.0225,0.00755356,0.00702721,0.00702721,10000.0
2011-03-01,Utils_excess,0.0091,0.00582604,0.0053706,0.0053706,4923.88263171
2011-03-01,Other_excess,-0.0111,0.00595347,0.00593718,0.00593718,4923.88263171
2011-04-01,NoDur_excess,0.0461,0.00666815,0.00543659,0.00543659,4923.88263171
2011-04-01,Durbl_excess,0.0278,0.00788289,0.00720111,0.00720111,2424.46201708
2011-04-01,Manuf_excess,0.0291,0.00725312,0.00693739,0.00693739,4923.88263171
2011-04-01,Enrgy_excess,0.0158,0.00792918,0.0081417,0.0081417,4923.88263171
2011-04-01,HiTec_excess,0.0312,0.00795104,0.00734354,0.00734354,10000.0
2011-04-01,Telcm_excess,0.0326,0.00538912,0.00426632,0.00426632,2424.46201708
2011-04-01,Shops_excess,0.0451,0.00700307,0.00527548,0.00527548,2424.46201708
2011-04-01,Hlth_excess,0.0625,0.00756835,0.00652707,0.00652707,10000.0
2011-04-01,Utils_excess,0.04,0.00582928,0.00434366,0.00434366,4923.88263171
2011-04-01,Other_excess,0.0106,0.0059366,0.00513184,0.00513184,4923.88263171
2011-05-01,NoDur_excess,0.0204,0.00670711,0.00677756,0.00677756,4923.88263171
2011-05-01,Durbl_excess,-0.0358,0.00790257,0.00981136,0.00981136,2424.46201708
2011-05-01,Manuf_excess,-0.0217,0.0072747,0.00793641,0.00793641,4923.88263171
2011-05-01,Enrgy_excess,-0.0451,0.00793696,0.00867002,0.00867002,4923.88263171
2011-05-01,HiTec_excess,-0.0176,0.00797401,0.00796662,0.00796662,10000.0
2011-05-01,Telcm_excess,0.0077,0.00541601,0.00595695,0.00595695,2424.46201708
2011-05-01,Shops_excess,0.0088,0.00704071,0.00824419,0.00824419,2424.46201708
2011-05-01,Hlth_excess,0.0199,0.00762263,0.00721537,0.00721537,10000.0
2011-05-01,Utils_excess,0.0132,0.00586304,0.00561005,0.00561005,4923.88263171
2011-05-01,Other_excess,-0.0264,0.00594121,0.00629135,0.00629135,4923.88263171
2011-06-01,NoDur_excess,-0.0107,0.00672063,0.00670207,0.00670207,4923.88263171
2011-06-01,Durbl_excess,-0.0109,0.00785943,0.00985936,0.00985936,2424.46201708
2011-06-01,Manuf_excess,-0.006,0.0072461,0.00804679,0.00804679,4923.88263171
2011-06-01,Enrgy_excess,-0.0231,0.0078846,0.00861187,0.00861187,4923.88263171
2011-06-01,HiTec_excess,-0.0246,0.00794877,0.00802427,0.00802427,10000.0
2011-06-01,Telcm_excess,-0.0138,0.00541826,0.00618861,0.00618861,2424.46201708
2011-06-01,Shops_excess,-0.0088,0.00704245,0.00783292,0.00783292,2424.46201708
2011-06-01,Hlth_excess,-0.0187,0.00763475,0.00728256,0.00728256,10000.0
2011-06-01,Utils_excess,-0.0034,0.00587029,0.00550798,0.00550798,4923.88263171
2011-06-01,Other_excess,-0.0211,0.00590928,0.00637215,0.00637215,4923.88263171
2011-07-01,NoDur_excess,-0.0042,0.00670345,0.00603199,0.00603199,4923.88263171
2011-07-01,Durbl_excess,-0.0903,0.00784093,0.00820254,0.00820254,2424.46201708
2011-07-01,Manuf_excess,-0.048,0.00723304,0.0073598,0.0073598,4923.88263171
2011-07-01,Enrgy_excess,0.0049,0.00785404,0.00820173,0.00820173,4923.88263171
2011-07-01,HiTec_excess,-0.0053,0.00791667,0.00799764,0.00799764,10000.0
2011-07-01,Telcm_excess,-0.0498,0.00539931,0.00446569,0.00446569,2424.46201708
2011-07-01,Shops_excess,-0.0064,0.00702682,0.00639191,0.00639191,2424.46201708
2011-07-01,Hlth_excess,-0.0367,0.00760878,0.00718417,0.00718417,10000.0
2011-07-01,Utils_excess,-0.0033,0.00586114,0.00502611,0.00502611,4923.88263171
2011-07-01,Other_excess,-0.0364,0.00588264,0.00507683,0.00507683,4923.88263171
2011-08-01,NoDur_excess,-0.0067,0.00669271,0.00769372,0.00769372,4923.88263171
2011-08-01,Durbl_excess,-0.1224,0.00774424,0.01179064,0.01179064,2424.46201708
2011-08-01,Manuf_excess,-0.0617,0.00717862,0.00869383,0.00869383,4923.88263171
2011-08-01,Enrgy_excess,-0.0992,0.00785113,0.0089553,0.0089553,4923.88263171
2011-08-01,HiTec_excess,-0.0678,0.00790365,0.00855288,0.00855288,10000.0
2011-08-01,Telcm_excess,-0.0505,0.00534493,0.00703883,0.00703883,2424.46201708
2011-08-01,Shops_excess,-0.0289,0.0070136,0.01002994,0.01002994,2424.46201708
2011-08-01,Hlth_excess,-0.0314,0.00756512,0.00775137,0.00775137,10000.0
2011-08-01,Utils_excess,0.0019,0.00585212,0.00666547,0.00666547,4923.88263171
2011-08-01,Other_excess,-0.0817,0.00584099,0.00703101,0.00703101,4923.88263171
2011-09-01,NoDur_excess,-0.0487,0.00667953,0.00534964,0.00534964,4923.88263171
2011-09-01,Durbl_excess,-0.1385,0.00761614,0.00914381,0.00914381,2424.46201708
2011-09-01,Manuf_excess,-0.1102,0.00711083,0.00817013,0.00817013,4923.88263171
2011-09-01,Enrgy_excess,-0.1223,0.00774577,0.00824765,0.00824765,4923.88263171
2011-09-01,HiTec_excess,-0.0478,0.00782913,0.00758361,0.00758361,10000.0
2011-09-01,Telcm_excess,-0.0572,0.00528996,0.00425796,0.00425796,2424.46201708
2011-09-01,Shops_excess,-0.0389,0.00697825,0.00350701,0.00350701,2424.46201708
2011-09-01,Hlth_excess,-0.0397,0.00752677,0.0067866,0.0067866,10000.0
2011-09-01,Utils_excess,-0.0161,0.00584823,0.00434734,0.00434734,4923.88263171
2011-09-01,Other_excess,-0.1109,0.00575482,0.00539392,0.00539392,4923.88263171
2011-10-01,NoDur_excess,0.063,0.00662507,0.00737312,0.00737312,4923.88263171
2011-10-01,Durbl_excess,0.2307,0.00747247,0.01138713,0.01138713,2424.46201708
2011-10-01,Manuf_excess,0.1417,0.00699548,0.00874019,0.00874019,4923.88263171
2011-10-01,Enrgy_excess,0.1625,0.0076179,0.00854076,0.00854076,4923.88263171
2011-10-01,HiTec_excess,0.118,0.00777443,0.00849786,0.00849786,10000.0
2011-10-01,Telcm_excess,0.0761,0.00522852,0.00664479,0.00664479,2424.46201708
2011-10-01,Shops_excess,0.0975,0.00693314,0.00909986,0.00909986,2424.46201708
2011-10-01,Hlth_excess,0.0552,0.00748033,0.00773078,0.00773078,10000.0
2011-10-01,Utils_excess,0.067,0.00582665,0.00670864,0.00670864,4923.88263171
2011-10-01,Other_excess,0.1358,0.00564012,0.00683356,0.00683356,4923.88263171
2011-11-01,NoDur_excess,0.0144,0.00668045,0.00785834,0.00785834,4923.88263171
2011-11-01,Durbl_excess,-0.0868,0.00769175,0.01152429,0.01152429,2424.46201708
2011-11-01,Manuf_excess,0.0138,0.0071278,0.00876286,0.00876286,4923.88263171
2011-11-01,Enrgy_excess,0.0215,0.00777004,0.00911861,0.00911861,4923.88263171
2011-11-01,HiTec_excess,-0.0198,0.00788271,0.00879276,0.00879276,10000.0
2011-11-01,Telcm_excess,0.003,0.00529813,0.0051339,0.0051339,2424.46201708
2011-11-01,Shops_excess,0.0107,0.0070221,0.01058565,0.01058565,2424.46201708
2011-11-01,Hlth_excess,0.013,0.00752721,0.00805486,0.00805486,10000.0
2011-11-01,Utils_excess,0.0101,0.00588674,0.00721425,0.00721425,4923.88263171
2011-11-01,Other_excess,-0.0204,0.00576798,0.00617195,0.00617195,4923.88263171
2011-12-01,NoDur_excess,0.0189,0.00668803,0.00491416,0.00491416,4923.88263171
2011-12-01,Durbl_excess,-0.0103,0.00759902,0.00718678,0.00718678,2424.46201708
2011-12-01,Manuf_excess,-0.0079,0.00713435,0.00752814,0.00752814,4923.88263171
2011-12-01,Enrgy_excess,-0.0035,0.00778351,0.00805228,0.00805228,4923.88263171
2011-12-01,HiTec_excess,-0.0143,0.00785554,0.0078194,0.0078194,10000.0
2011-12-01,Telcm_excess,0.0312,0.00529588,0.00334714,0.00334714,2424.46201708
2011-12-01,Shops_excess,0.009,0.00702571,0.00356253,0.00356253,2424.46201708
2011-12-01,Hlth_excess,0.0347,0.00753258,0.00679669,0.00679669,10000.0
2011-12-01,Utils_excess,0.0291,0.00589087,0.00381535,0.00381535,4923.88263171
2011-12-01,Other_excess,0.0147,0.0057423,0.00480787,0.00480787,4923.88263171
2012-01-01,NoDur_excess,0.0039,0.0067,0.0109579,0.0109579,2424.46201708
2012-01-01,Durbl_excess,0.1366,0.00758147,0.01383082,0.01383082,2424.46201708
2012-01-01,Manuf_excess,0.0678,0.00711961,0.01001297,0.01001297,4923.88263171
2012-01-01,Enrgy_excess,0.0101,0.00777245,0.00987112,0.00987112,4923.88263171
2012-01-01,HiTec_excess,0.0847,0.00783382,0.00919648,0.00919648,10000.0
2012-01-01,Telcm_excess,0.0237,0.00532127,0.00639887,0.00639887,4923.88263171
2012-01-01,Shops_excess,0.0406,0.00702765,0.01707236,0.01707236,1193.77664171
2012-01-01,Hlth_excess,0.0343,0.00755922,0.00854703,0.00854703,10000.0
2012-01-01,Utils_excess,-0.0271,0.00591363,0.00799635,0.00799635,4923.88263171
2012-01-01,Other_excess,0.0723,0.00575108,0.00987397,0.00987397,2424.46201708
2012-02-01,NoDur_excess,0.0393,0.00669726,0.00882125,0.00882125,2424.46201708
2012-02-01,Durbl_excess,0.0595,0.00770784,0.01107669,0.01107669,2424.46201708
2012-02-01,Manuf_excess,0.0389,0.00717904,0.00907722,0.00907722,4923.88263171
2012-02-01,Enrgy_excess,0.0652,0.00777473,0.00945825,0.00945825,4923.88263171
2012-02-01,HiTec_excess,0.0663,0.00790911,0.00854555,0.00854555,10000.0
2012-02-01,Telcm_excess,0.0507,0.00533928,0.00560329,0.00560329,4923.88263171
2012-02-01,Shops_excess,0.0312,0.00706053,0.01332561,0.01332561,1193.77664171
2012-02-01,Hlth_excess,0.0125,0.00758541,0.00793225,0.00793225,10000.0
2012-02-01,Utils_excess,0.013,0.00588129,0.00667259,0.00667259,4923.88263171
2012-02-01,Other_excess,0.042,0.00581626,0.00829448,0.00829448,2424.46201708
2012-03-01,NoDur_excess,0.039,0.00672916,0.00851809,0.00851809,2424.46201708
2012-03-01,Durbl_excess,0.0138,0.00775851,0.01025751,0.01025751,2424.46201708
2012-03-01,Manuf_excess,0.0063,0.00721008,0.00877828,0.00877828,4923.88263171
2012-03-01,Enrgy_excess,-0.0327,0.00783092,0.00946666,0.00946666,4923.88263171
2012-03-01,HiTec_excess,0.0465,0.00796624,0.00846795,0.00846795,10000.0
2012-03-01,Telcm_excess,0.0238,0.00538366,0.00533717,0.00533717,4923.88263171
2012-03-01,Shops_excess,0.0466,0.00708415,0.01264305,0.01264305,1193.77664171
2012-03-01,Hlth_excess,0.0395,0.00759022,0.00781432,0.00781432,10000.0
2012-03-01,Utils_excess,0.0148,0.00588826,0.00643641,0.00643641,4923.88263171
2012-03-01,Other_excess,0.0491,0.00585166,0.00758549,0.00758549,2424.46201708
2012-04-01,NoDur_excess,0.0081,0.0067607,0.00571612,0.00571612,2424.46201708
2012-04-01,Durbl_excess,-0.073,0.00776442,0.00700401,0.00700401,2424.46201708
2012-04-01,Manuf_excess,-0.0075,0.00720919,0.00752635,0.00752635,4923.88263171
2012-04-01,Enrgy_excess,-0.0157,0.0077913,0.00860332,0.00860332,4923.88263171
2012-04-01,HiTec_excess,-0.021,0.00800391,0.00776805,0.00776805,10000.0
2012-04-01,Telcm_excess,0.0169,0.00540166,0.00447514,0.00447514,4923.88263171
2012-04-01,Shops_excess,0.0095,0.00712278,0.00666253,0.00666253,1193.77664171
2012-04-01,Hlth_excess,0.006,0.00762141,0.00710269,0.00710269,10000.0
2012-04-01,Utils_excess,0.017,0.00589697,0.00483545,0.00483545,4923.88263171
2012-04-01,Other_excess,-0.0168,0.00589394,0.00526451,0.00526451,2424.46201708
2012-05-01,NoDur_excess,-0.0268,0.00676201,0.00790145,0.00790145,2424.46201708
2012-05-01,Durbl_excess,-0.0783,0.00768555,0.01072189,0.01072189,2424.46201708
2012-05-01,Manuf_excess,-0.0782,0.00719482,0.008881,0.008881,4923.88263171
2012-05-01,Enrgy_excess,-0.1058,0.00776836,0.00900433,0.00900433,4923.88263171
2012-05-01,HiTec_excess,-0.0781,0.00797559,0.00844597,0.00844597,10000.0
2012-05-01,Telcm_excess,-0.0078,0.00541289,0.00588333,0.00588333,4923.88263171
2012-05-01,Shops_excess,-0.0304,0.0071251,0.01082796,0.01082796,1193.77664171
2012-05-01,Hlth_excess,-0.0325,0.00761982,0.00771291,0.00771291,10000.0
2012-05-01,Utils_excess,-0.0089,0.00590781,0.00602799,0.00602799,4923.88263171
2012-05-01,Other_excess,-0.0773,0.00587178,0.00816571,0.00816571,2424.46201708
2012-06-01,NoDur_excess,0.0344,0.00672927,0.00838955,0.00838955,2424.46201708
2012-06-01,Durbl_excess,-0.0543,0.00760166,0.01188806,0.01188806,2424.46201708
2012-06-01,Manuf_excess,0.0118,0.00711151,0.00931773,0.00931773,4923.88263171
2012-06-01,Enrgy_excess,0.0578,0.00765756,0.0090141,0.0090141,4923.88263171
2012-06-01,HiTec_excess,0.0293,0.00789161,0.00873089,0.00873089,10000.0
2012-06-01,Telcm_excess,0.0702,0.0054,0.00634241,0.00634241,4923.88263171
2012-06-01,Shops_excess,0.0217,0.00708849,0.01164608,0.01164608,1193.77664171
2012-06-01,Hlth_excess,0.0684,0.00758068,0.00799739,0.00799739,10000.0
2012-06-01,Utils_excess,0.0342,0.00589337,0.00637648,0.00637648,4923.88263171
2012-06-01,Other_excess,0.0491,0.00579063,0.00895076,0.00895076,2424.46201708
2012-07-01,NoDur_excess,0.014,0.00675624,0.00930191,0.00930191,2424.46201708
2012-07-01,Durbl_excess,-0.0035,0.00754133,0.01128784,0.01128784,2424.46201708
2012-07-01,Manuf_excess,0.0093,0.00711608,0.00931763,0.00931763,4923.88263171
2012-07-01,Enrgy_excess,0.0281,0.00770643,0.00950698,0.00950698,4923.88263171
2012-07-01,HiTec_excess,-0.001,0.00791248,0.00888543,0.00888543,10000.0
2012-07-01,Telcm_excess,0.0415,0.00546316,0.00561738,0.00561738,4923.88263171
2012-07-01,Shops_excess,0.0122,0.00710273,0.01381418,0.01381418,1193.77664171
2012-07-01,Hlth_excess,0.0163,0.00763996,0.00830236,0.00830236,10000.0
2012-07-01,Utils_excess,0.035,0.00592096,0.0068944,0.0068944,4923.88263171
2012-07-01,Other_excess,-0.0123,0.00583285,0.00810716,0.00810716,2424.46201708
2012-08-01,NoDur_excess,0.0011,0.00676329,0.01243967,0.01243967,2424.46201708
2012-08-01,Durbl_excess,0.0424,0.00753057,0.01510223,0.01510223,2424.46201708
2012-08-01,Manuf_excess,0.0324,0.00711821,0.01070421,0.01070421,4923.88263171
2012-08-01,Enrgy_excess,0.0235,0.00772629,0.01028366,0.01028366,4923.88263171
2012-08-01,HiTec_excess,0.0479,0.0079038,0.00954353,0.00954353,10000.0
2012-08-01,Telcm_excess,0.0096,0.00549825,0.00702998,0.00702998,4923.88263171
2012-08-01,Shops_excess,0.0275,0.00710769,0.02047334,0.02047334,1193.77664171
2012-08-01,Hlth_excess,0.0096,0.00764839,0.00899611,0.00899611,10000.0
2012-08-01,Utils_excess,-0.0347,0.00594927,0.00854903,0.00854903,4923.88263171
2012-08-01,Other_excess,0.0312,0.00581519,0.01138801,0.01138801,2424.46201708
2012-09-01,NoDur_excess,0.0093,0.00675778,0.00697,0.00697,2424.46201708
2012-09-01,Durbl_excess,0.0339,0.00756449,0.0083895,0.0083895,2424.46201708
2012-09-01,Manuf_excess,0.0169,0.0071428,0.00827083,0.00827083,4923.88263171
2012-09-01,Enrgy_excess,0.038,0.00774163,0.00891926,0.00891926,4923.88263171
2012-09-01,HiTec_excess,0.012,0.0079427,0.0081245,0.0081245,10000.0
2012-09-01,Telcm_excess,0.0485,0.00550224,0.00529007,0.00529007,4923.88263171
2012-09-01,Shops_excess,0.0191,0.00712753,0.00934392,0.00934392,1193.77664171
2012-09-01,Hlth_excess,0.0467,0.00765029,0.0075914,0.0075914,10000.0
2012-09-01,Utils_excess,0.021,0.00590973,0.00556537,0.00556537,4923.88263171
2012-09-01,Other_excess,0.0382,0.00583988,0.00671479,0.00671479,2424.46201708
2012-10-01,NoDur_excess,-0.0169,0.00676025,0.00689699,0.00689699,2424.46201708
2012-10-01,Durbl_excess,0.063,0.00759009,0.00823966,0.00823966,2424.46201708
2012-10-01,Manuf_excess,-0.0061,0.00715228,0.00813583,0.00813583,4923.88263171
2012-10-01,Enrgy_excess,-0.0187,0.00777104,0.00886599,0.00886599,4923.88263171
2012-10-01,HiTec_excess,-0.0635,0.00794665,0.00811975,0.00811975,10000.0
2012-10-01,Telcm_excess,-0.0244,0.00554402,0.00524136,0.00524136,4923.88263171
2012-10-01,Shops_excess,-0.0104,0.00713916,0.00924019,0.00924019,1193.77664171
2012-10-01,Hlth_excess,-0.0193,0.00768824,0.00764117,0.00764117,10000.0
2012-10-01,Utils_excess,0.0108,0.00592439,0.00558701,0.00558701,4923.88263171
2012-10-01,Other_excess,0.0092,0.00587133,0.00640299,0.00640299,2424.46201708
2012-11-01,NoDur_excess,0.0319,0.00673728,0.00942058,0.00942058,2424.46201708
2012-11-01,Durbl_excess,0.0255,0.00764388,0.01147384,0.01147384,2424.46201708
2012-11-01,Manuf_excess,0.0274,0.00713942,0.00918799,0.00918799,4923.88263171
2012-11-01,Enrgy_excess,-0.015,0.00774534,0.00947719,0.00947719,4923.88263171
2012-11-01,HiTec_excess,0.0147,0.00787728,0.00877664,0.00877664,10000.0
2012-11-01,Telcm_excess,0.0005,0.00551495,0.00602155,0.00602155,4923.88263171
2012-11-01,Shops_excess,0.0146,0.00712214,0.01451679,0.01451679,1193.77664171
2012-11-01,Hlth_excess,0.015,0.00766204,0.00831747,0.00831747,10000.0
2012-11-01,Utils_excess,-0.038,0.00592913,0.00703783,0.00703783,4923.88263171
2012-11-01,Other_excess,-0.0039,0.00587456,0.00857228,0.00857228,2424.46201708
2012-12-01,NoDur_excess,-0.0227,0.00676169,0.00678117,0.00678117,2424.46201708
2012-12-01,Durbl_excess,0.0759,0.0076612,0.00905091,0.00905091,2424.46201708
2012-12-01,Manuf_excess,0.0276,0.00715907,0.00830306,0.00830306,4923.88263171
2012-12-01,Enrgy_excess,0.0132,0.00772328,0.00863303,0.00863303,4923.88263171
2012-12-01,HiTec_excess,0.0036,0.0078839,0.0084345,0.0084345,10000.0
2012-12-01,Telcm_excess,0.0114,0.00551009,0.00554118,0.00554118,4923.88263171
2012-12-01,Shops_excess,-0.0113,0.00712939,0.00827776,0.00827776,1193.77664171
2012-12-01,Hlth_excess,-0.0054,0.00766916,0.00789423,0.00789423,10000.0
2012-12-01,Utils_excess,0.0011,0.00588652,0.00563682,0.00563682,4923.88263171
2012-12-01,Other_excess,0.0365,0.00586508,0.00645873,0.00645873,2424.46201708
2013-01-01,NoDur_excess,0.0512,0.00673314,0.00801802,0.00801802,2424.46201708
2013-01-01,Durbl_excess,0.0336,0.00772733,0.00995258,0.00995258,2424.46201708
2013-01-01,Manuf_excess,0.0604,0.00717888,0.00971793,0.00971793,2424.46201708
2013-01-01,Enrgy_excess,0.0747,0.00772859,0.01015557,0.01015557,2424.46201708
2013-01-01,HiTec_excess,0.0239,0.00787975,0.00923593,0.00923593,4923.88263171
2013-01-01,Telcm_excess,0.0485,0.00551579,0.00545488,0.00545488,4923.88263171
2013-01-01,Shops_excess,0.0554,0.00711153,0.01141487,0.01141487,1193.77664171
2013-01-01,Hlth_excess,0.0808,0.00765649,0.00774905,0.00774905,41246.26382901
2013-01-01,Utils_excess,0.0505,0.00588188,0.00627136,0.00627136,4923.88263171
2013-01-01,Other_excess,0.0676,0.00589477,0.0069478,0.0069478,2424.46201708
2013-02-01,NoDur_excess,0.0317,0.00677619,0.00568573,0.00568573,2424.46201708
2013-02-01,Durbl_excess,-0.0073,0.00775237,0.00680466,0.00680466,2424.46201708
2013-02-01,Manuf_excess,0.0128,0.0072304,0.00756004,0.00756004,2424.46201708
2013-02-01,Enrgy_excess,0.0068,0.00779342,0.00894235,0.00894235,2424.46201708
2013-02-01,HiTec_excess,0.0068,0.00789526,0.00766334,0.00766334,4923.88263171
2013-02-01,Telcm_excess,0.0229,0.00555741,0.00473245,0.00473245,4923.88263171
2013-02-01,Shops_excess,0.0084,0.00715828,0.00658805,0.00658805,1193.77664171
2013-02-01,Hlth_excess,0.0133,0.0077273,0.0076252,0.0076252,41246.26382901
2013-02-01,Utils_excess,0.022,0.00592507,0.00503824,0.00503824,4923.88263171
2013-02-01,Other_excess,0.014,0.0059545,0.00484995,0.00484995,2424.46201708
2013-03-01,NoDur_excess,0.0506,0.00680029,0.00656537,0.00656537,2424.46201708
2013-03-01,Durbl_excess,0.0444,0.00773781,0.00798983,0.00798983,2424.46201708
2013-03-01,Manuf_excess,0.0261,0.00723578,0.00832874,0.00832874,2424.46201708
2013-03-01,Enrgy_excess,0.0207,0.00779246,0.00920699,0.00920699,2424.46201708
2013-03-01,HiTec_excess,0.027,0.0078942,0.00754935,0.00754935,4923.88263171
2013-03-01,Telcm_excess,0.0564,0.00557418,0.00545687,0.00545687,4923.88263171
2013-03-01,Shops_excess,0.0473,0.00715948,0.00838031,0.00838031,1193.77664171
2013-03-01,Hlth_excess,0.0652,0.00773269,0.00762969,0.00762969,41246.26382901
2013-03-01,Utils_excess,0.0569,0.00594062,0.00548283,0.00548283,4923.88263171
2013-03-01,Other_excess,0.0419,0.00596228,0.00641588,0.00641588,2424.46201708
2013-04-01,NoDur_excess,0.0374,0.00684261,0.00727399,0.00727399,2424.46201708
2013-04-01,Durbl_excess,0.0394,0.00777324,0.00877883,0.00877883,2424.46201708
2013-04-01,Manuf_excess,0.0073,0.00725401,0.00885781,0.00885781,2424.46201708
2013-04-01,Enrgy_excess,-0.0139,0.00780493,0.0095532,0.0095532,2424.46201708
2013-04-01,HiTec_excess,0.0038,0.00791266,0.00828417,0.00828417,4923.88263171
2013-04-01,Telcm_excess,0.0432,0.00562329,0.00553457,0.00553457,4923.88263171
2013-04-01,Shops_excess,0.0272,0.00719826,0.00967689,0.00967689,1193.77664171
2013-04-01,Hlth_excess,0.0259,0.00778821,0.00776967,0.00776967,41246.26382901
2013-04-01,Utils_excess,0.0513,0.00598986,0.00583112,0.00583112,4923.88263171
2013-04-01,Other_excess,0.0083,0.005997,0.00662389,0.00662389,2424.46201708
2013-05-01,NoDur_excess,-0.0229,0.0068721,0.00877096,0.00877096,2424.46201708
2013-05-01,Durbl_excess,0.1004,0.00780376,0.01128831,0.01128831,2424.46201708
2013-05-01,Manuf_excess,0.0348,0.00725405,0.0103385,0.0103385,2424.46201708
2013-05-01,Enrgy_excess,0.0303,0.00778398,0.01003054,0.01003054,2424.46201708
2013-05-01,HiTec_excess,0.0456,0.00790869,0.00917878,0.00917878,4923.88263171
2013-05-01,Telcm_excess,-0.0176,0.00565956,0.0064525,0.0064525,4923.88263171
2013-05-01,Shops_excess,0.0223,0.00721757,0.0124826,0.0124826,1193.77664171
2013-05-01,Hlth_excess,0.0161,0.00780569,0.0079015,0.0079015,41246.26382901
2013-05-01,Utils_excess,-0.0714,0.00603359,0.00673341,0.00673341,4923.88263171
2013-05-01,Other_excess,0.0594,0.00599923,0.0083959,0.0083959,2424.46201708
2013-06-01,NoDur_excess,0.0007,0.00684339,0.00517144,0.00517144,2424.46201708
2013-06-01,Durbl_excess,-0.0045,0.00789306,0.0057712,0.0057712,2424.46201708
2013-06-01,Manuf_excess,-0.0199,0.00728062,0.00673323,0.00673323,2424.46201708
2013-06-01,Enrgy_excess,-0.0239,0.00780569,0.00846218,0.00846218,2424.46201708
2013-06-01,HiTec_excess,-0.0292,0.00794503,0.00742232,0.00742232,4923.88263171
2013-06-01,Telcm_excess,0.0198,0.00563713,0.00433158,0.00433158,4923.88263171
2013-06-01,Shops_excess,-0.0003,0.00723211,0.00532052,0.00532052,1193.77664171
2013-06-01,Hlth_excess,-0.0138,0.00781369,0.00767846,0.00767846,41246.26382901
2013-06-01,Utils_excess,0.0082,0.00595892,0.00478658,0.00478658,4923.88263171
2013-06-01,Other_excess,-0.012,0.00605072,0.00367576,0.00367576,2424.46201708
2013-07-01,NoDur_excess,0.0289,0.00683748,0.0049595,0.0049595,2424.46201708
2013-07-01,Durbl_excess,0.0901,0.00788112,0.00646614,0.00646614,2424.46201708
2013-07-01,Manuf_excess,0.0621,0.00725443,0.00677705,0.00677705,2424.46201708
2013-07-01,Enrgy_excess,0.0518,0.00777514,0.00803456,0.00803456,2424.46201708
2013-07-01,HiTec_excess,0.057,0.00790925,0.00730954,0.00730954,4923.88263171
2013-07-01,Telcm_excess,0.0343,0.00565077,0.0047342,0.0047342,4923.88263171
2013-07-01,Shops_excess,0.059,0.00722486,0.00458981,0.00458981,1193.77664171
2013-07-01,Hlth_excess,0.0807,0.00779287,0.00763398,0.00763398,41246.26382901
2013-07-01,Utils_excess,0.0458,0.00596108,0.00467582,0.00467582,4923.88263171
2013-07-01,Other_excess,0.0565,0.00603333,0.00413759,0.00413759,2424.46201708
2013-08-01,NoDur_excess,-0.0391,0.00685871,0.00778319,0.00778319,2424.46201708
2013-08-01,Durbl_excess,-0.0103,0.00796025,0.00982184,0.00982184,2424.46201708
2013-08-01,Manuf_excess,-0.0181,0.00730722,0.00877336,0.00877336,2424.46201708
2013-08-01,Enrgy_excess,-0.019,0.00781752,0.00899248,0.00899248,2424.46201708
2013-08-01,HiTec_excess,-0.0021,0.0079565,0.00871889,0.00871889,4923.88263171
2013-08-01,Telcm_excess,-0.0329,0.00567834,0.00568114,0.00568114,4923.88263171
2013-08-01,Shops_excess,-0.0426,0.00727469,0.01074292,0.01074292,1193.77664171
2013-08-01,Hlth_excess,-0.0367,0.00786304,0.00786237,0.00786237,41246.26382901
2013-08-01,Utils_excess,-0.0443,0.00599942,0.0061502,0.0061502,4923.88263171
2013-08-01,Other_excess,-0.0368,0.00608191,0.00650275,0.00650275,2424.46201708
2013-09-01,NoDur_excess,0.02,0.00681452,0.00629238,0.00629238,2424.46201708
2013-09-01,Durbl_excess,0.0645,0.00794269,0.00851875,0.00851875,2424.46201708
2013-09-01,Manuf_excess,0.0517,0.00728279,0.00778157,0.00778157,2424.46201708
2013-09-01,Enrgy_excess,0.0197,0.00779173,0.0083597,0.0083597,2424.46201708
2013-09-01,HiTec_excess,0.0382,0.00794683,0.00816168,0.00816168,4923.88263171
2013-09-01,Telcm_excess,0.0428,0.00564125,0.00539907,0.00539907,4923.88263171
2013-09-01,Shops_excess,0.0449,0.00722673,0.00752558,0.00752558,1193.77664171
2013-09-01,Hlth_excess,0.0417,0.00782019,0.00773817,0.00773817,41246.26382901
2013-09-01,Utils_excess,0.0105,0.00595106,0.00541414,0.00541414,4923.88263171
2013-09-01,Other_excess,0.0383,0.00604067,0.0055744,0.0055744,2424.46201708
2013-10-01,NoDur_excess,0.0482,0.00682719,0.00641592,0.00641592,2424.46201708
2013-10-01,Durbl_excess,0.0076,0.00799702,0.00890044,0.00890044,2424.46201708
2013-10-01,Manuf_excess,0.046,0.00732546,0.00802518,0.00802518,2424.46201708
2013-10-01,Enrgy_excess,0.0479,0.00780317,0.0083822,0.0083822,2424.46201708
2013-10-01,HiTec_excess,0.0376,0.00797589,0.00824621,0.00824621,4923.88263171
2013-10-01,Telcm_excess,0.0585,0.00567695,0.00565575,0.00565575,4923.88263171
2013-10-01,Shops_excess,0.0512,0.00726292,0.00785231,0.00785231,1193.77664171
2013-10-01,Hlth_excess,0.0355,0.00785274,0.00777667,0.00777667,41246.26382901
2013-10-01,Utils_excess,0.0334,0.00595543,0.00545206,0.00545206,4923.88263171
2013-10-01,Other_excess,0.0383,0.00607166,0.00598916,0.00598916,2424.46201708
2013-11-01,NoDur_excess,0.0127,0.00686689,0.00809537,0.00809537,2424.46201708
2013-11-01,Durbl_excess,0.0188,0.00799664,0.01075116,0.01075116,2424.46201708
2013-11-01,Manuf_excess,0.0297,0.00736257,0.00935155,0.00935155,2424.46201708
2013-11-01,Enrgy_excess,0.0087,0.00784165,0.00914284,0.00914284,2424.46201708
2013-11-01,HiTec_excess,0.0359,0.00800432,0.00916289,0.00916289,4923.88263171
2013-11-01,Telcm_excess,0.0008,0.00572764,0.00615527,0.00615527,4923.88263171
2013-11-01,Shops_excess,0.0369,0.00730509,0.0112338,0.0112338,1193.77664171
2013-11-01,Hlth_excess,0.045,0.00787927,0.00792026,0.00792026,41246.26382901
2013-11-01,Utils_excess,-0.0181,0.00598177,0.00633349,0.00633349,4923.88263171
2013-11-01,Other_excess,0.047,0.00610259,0.00718603,0.00718603,2424.46201708
2013-12-01,NoDur_excess,0.0247,0.00687248,0.00707052,0.00707052,2424.46201708
2013-12-01,Durbl_excess,0.0124,0.008007,0.00886162,0.00886162,2424.46201708
2013-12-01,Manuf_excess,0.031,0.00738399,0.00819842,0.00819842,2424.46201708
2013-12-01,Enrgy_excess,0.0303,0.00784247,0.00860511,0.00860511,2424.46201708
2013-12-01,HiTec_excess,0.0398,0.00803106,0.00864232,0.00864232,4923.88263171
2013-12-01,Telcm_excess,0.0398,0.00572291,0.00548772,0.00548772,4923.88263171
2013-12-01,Shops_excess,0.0025,0.00733346,0.00927473,0.00927473,1193.77664171
2013-12-01,Hlth_excess,0.0059,0.00791486,0.00789068,0.00789068,41246.26382901
2013-12-01,Utils_excess,0.0179,0.00595868,0.00575379,0.00575379,4923.88263171
2013-12-01,Other_excess,0.0315,0.0061418,0.00569955,0.00569955,2424.46201708
2014-01-01,NoDur_excess,-0.0572,0.00688956,0.00814572,0.00814572,1193.77664171
2014-01-01,Durbl_excess,-0.0362,0.00801121,0.01001206,0.01001206,1193.77664171
2014-01-01,Manuf_excess,-0.0428,0.00740661,0.00831638,0.00831638,2424.46201708
2014-01-01,Enrgy_excess,-0.0689,0.00786398,0.00867222,0.00867222,2424.46201708
2014-01-01,HiTec_excess,-0.014,0.00806149,0.00861809,0.00861809,4923.88263171
2014-01-01,Telcm_excess,-0.0381,0.00575556,0.00575556,0.00575556,1e+16
2014-01-01,Shops_excess,-0.0648,0.00732883,0.00984824,0.00984824,1193.77664171
2014-01-01,Hlth_excess,0.0179,0.00791293,0.00790425,0.00790425,4923.88263171
2014-01-01,Utils_excess,0.0249,0.00597011,0.00589587,0.00589587,4923.88263171
2014-01-01,Other_excess,-0.0433,0.00616609,0.00598077,0.00598077,2424.46201708
2014-02-01,NoDur_excess,0.0346,0.00682823,0.00645472,0.00645472,1193.77664171
2014-02-01,Durbl_excess,0.0801,0.0079689,0.01016439,0.01016439,1193.77664171
2014-02-01,Manuf_excess,0.0542,0.00735856,0.00815486,0.00815486,2424.46201708
2014-02-01,Enrgy_excess,0.0569,0.00779053,0.00816423,0.00816423,2424.46201708
2014-02-01,HiTec_excess,0.0515,0.00804038,0.00809141,0.00809141,4923.88263171
2014-02-01,Telcm_excess,0.0256,0.00571359,0.00571359,0.00571359,1e+16
2014-02-01,Shops_excess,0.0533,0.00725981,0.00760725,0.00760725,1193.77664171
2014-02-01,Hlth_excess,0.0635,0.00792249,0.00741915,0.00741915,4923.88263171
2014-02-01,Utils_excess,0.0309,0.00598823,0.00552873,0.00552873,4923.88263171
2014-02-01,Other_excess,0.0345,0.00611876,0.00683131,0.00683131,2424.46201708
2014-03-01,NoDur_excess,0.0325,0.00685478,0.00682122,0.00682122,1193.77664171
2014-03-01,Durbl_excess,-0.0113,0.00803786,0.00904508,0.00904508,1193.77664171
2014-03-01,Manuf_excess,0.0031,0.00740335,0.0076958,0.0076958,2424.46201708
2014-03-01,Enrgy_excess,0.0243,0.00783748,0.00812792,0.00812792,2424.46201708
2014-03-01,HiTec_excess,-0.0061,0.00808193,0.00807978,0.00807978,4923.88263171
2014-03-01,Telcm_excess,0.0015,0.0057326,0.0057326,0.0057326,1e+16
2014-03-01,Shops_excess,-0.0059,0.00730382,0.0082697,0.0082697,1193.77664171
2014-03-01,Hlth_excess,-0.0247,0.00797562,0.00758235,0.00758235,4923.88263171
2014-03-01,Utils_excess,0.0268,0.00601205,0.00579933,0.00579933,4923.88263171
2014-03-01,Other_excess,0.0204,0.00614589,0.00573999,0.00573999,2424.46201708
2014-04-01,NoDur_excess,0.0149,0.00687927,0.00531618,0.00531618,1193.77664171
2014-04-01,Durbl_excess,0.0033,0.00801939,0.00740285,0.00740285,1193.77664171
2014-04-01,Manuf_excess,0.0083,0.00739924,0.00704724,0.00704724,2424.46201708
2014-04-01,Enrgy_excess,0.0567,0.0078532,0.0078935,0.0078935,2424.46201708
2014-04-01,HiTec_excess,-0.0105,0.00806839,0.00751216,0.00751216,4923.88263171
2014-04-01,Telcm_excess,0.0039,0.00572856,0.00572856,0.00572856,1e+16
2014-04-01,Shops_excess,-0.0093,0.00729121,0.00633295,0.00633295,1193.77664171
2014-04-01,Hlth_excess,-0.0033,0.00794441,0.00699287,0.00699287,4923.88263171
2014-04-01,Utils_excess,0.0398,0.0060319,0.00532083,0.00532083,4923.88263171
2014-04-01,Other_excess,-0.0194,0.0061595,0.00525929,0.00525929,2424.46201708
2014-05-01,NoDur_excess,0.0337,0.00688693,0.00640767,0.00640767,1193.77664171
2014-05-01,Durbl_excess,0.0069,0.00801489,0.00907828,0.00907828,1193.77664171
2014-05-01,Manuf_excess,0.0127,0.0074001,0.00775611,0.00775611,2424.46201708
2014-05-01,Enrgy_excess,0.0088,0.00789981,0.00831874,0.00831874,2424.46201708
2014-05-01,HiTec_excess,0.0342,0.00805067,0.00804126,0.00804126,4923.88263171
2014-05-01,Telcm_excess,0.0411,0.00572681,0.00572681,0.00572681,1e+16
2014-05-01,Shops_excess,0.0099,0.00727538,0.00751439,0.00751439,1193.77664171
2014-05-01,Hlth_excess,0.0185,0.00793368,0.00744962,0.00744962,4923.88263171
2014-05-01,Utils_excess,0.0001,0.00606412,0.00573431,0.00573431,4923.88263171
2014-05-01,Other_excess,0.0178,0.00613511,0.0058666,0.0058666,2424.46201708
2014-06-01,NoDur_excess,0.012,0.00691249,0.00632235,0.00632235,1193.77664171
2014-06-01,Durbl_excess,0.0445,0.00801382,0.00895067,0.00895067,1193.77664171
2014-06-01,Manuf_excess,0.0141,0.00740515,0.00778003,0.00778003,2424.46201708
2014-06-01,Enrgy_excess,0.0412,0.00790067,0.0083693,0.0083693,2424.46201708
2014-06-01,HiTec_excess,0.0286,0.0080756,0.00802277,0.00802277,4923.88263171
2014-06-01,Telcm_excess,0.0154,0.00576053,0.00576053,0.00576053,1e+16
2014-06-01,Shops_excess,0.0126,0.00727788,0.00735077,0.00735077,1193.77664171
2014-06-01,Hlth_excess,0.0287,0.00794376,0.00745488,0.00745488,4923.88263171
2014-06-01,Utils_excess,0.0543,0.00605844,0.00564322,0.00564322,4923.88263171
2014-06-01,Other_excess,0.0244,0.00614623,0.00607015,0.00607015,2424.46201708
2014-07-01,NoDur_excess,-0.0435,0.00691733,0.00624609,0.00624609,1193.77664171
2014-07-01,Durbl_excess,-0.0471,0.00804857,0.00803508,0.00803508,1193.77664171
2014-07-01,Manuf_excess,-0.0413,0.00741152,0.00743741,0.00743741,2424.46201708
2014-07-01,Enrgy_excess,-0.0356,0.00793238,0.00835262,0.00835262,2424.46201708
2014-07-01,HiTec_excess,0.0015,0.00809514,0.0080832,0.0080832,4923.88263171
2014-07-01,Telcm_excess,0.008,0.00576971,0.00576971,0.00576971,1e+16
2014-07-01,Shops_excess,-0.0202,0.00728295,0.00729188,0.00729188,1193.77664171
2014-07-01,Hlth_excess,-0.0034,0.00796352,0.0075487,0.0075487,4923.88263171
2014-07-01,Utils_excess,-0.064,0.00610438,0.00575383,0.00575383,4923.88263171
2014-07-01,Other_excess,-0.0226,0.00616362,0.00535884,0.00535884,2424.46201708
2014-08-01,NoDur_excess,0.0556,0.00686936,0.00659891,0.00659891,1193.77664171
2014-08-01,Durbl_excess,0.0507,0.0079961,0.00899037,0.00899037,1193.77664171
2014-08-01,Manuf_excess,0.0483,0.00736518,0.00798036,0.00798036,2424.46201708
2014-08-01,Enrgy_excess,0.0232,0.00789096,0.00868454,0.00868454,2424.46201708
2014-08-01,HiTec_excess,0.0424,0.00808887,0.00844994,0.00844994,4923.88263171
2014-08-01,Telcm_excess,0.0033,0.00577184,0.00577184,0.00577184,1e+16
2014-08-01,Shops_excess,0.0501,0.0072568,0.00777223,0.00777223,1193.77664171
2014-08-01,Hlth_excess,0.0554,0.00795271,0.00786341,0.00786341,4923.88263171
2014-08-01,Utils_excess,0.0531,0.00603768,0.00572591,0.00572591,4923.88263171
2014-08-01,Other_excess,0.0411,0.00613625,0.00588414,0.00588414,2424.46201708
2014-09-01,NoDur_excess,-0.0007,0.00691568,0.00946072,0.00946072,1193.77664171
2014-09-01,Durbl_excess,-0.0938,0.00803669,0.01285147,0.01285147,1193.77664171
2014-09-01,Manuf_excess,-0.025,0.00740409,0.00958173,0.00958173,2424.46201708
2014-09-01,Enrgy_excess,-0.0783,0.00790551,0.00944043,0.00944043,2424.46201708
2014-09-01,HiTec_excess,-0.014,0.00812148,0.00930587,0.00930587,4923.88263171
2014-09-01,Telcm_excess,-0.0145,0.00576949,0.00576949,0.00576949,1e+16
2014-09-01,Shops_excess,-0.0133,0.00729753,0.01130624,0.01130624,1193.77664171
2014-09-01,Hlth_excess,-0.0022,0.00799781,0.00871372,0.00871372,4923.88263171
2014-09-01,Utils_excess,-0.0338,0.00608241,0.00658843,0.00658843,4923.88263171
2014-09-01,Other_excess,-0.0111,0.00616949,0.00785205,0.00785205,2424.46201708
2014-10-01,NoDur_excess,0.0269,0.00690845,0.00407059,0.00407059,1193.77664171
2014-10-01,Durbl_excess,0.0349,0.00793998,0.00546073,0.00546073,1193.77664171
2014-10-01,Manuf_excess,0.0241,0.00737331,0.00672608,0.00672608,2424.46201708
2014-10-01,Enrgy_excess,-0.0419,0.00782365,0.0078021,0.0078021,2424.46201708
2014-10-01,HiTec_excess,0.0158,0.00810047,0.00774414,0.00774414,4923.88263171
2014-10-01,Telcm_excess,0.013,0.00575024,0.00575024,0.00575024,1e+16
2014-10-01,Shops_excess,0.0271,0.00727797,0.0046394,0.0046394,1193.77664171
2014-10-01,Hlth_excess,0.0592,0.00798813,0.00723491,0.00723491,4923.88263171
2014-10-01,Utils_excess,0.0671,0.00604454,0.00496159,0.00496159,4923.88263171
2014-10-01,Other_excess,0.0341,0.00615309,0.00429897,0.00429897,2424.46201708
2014-11-01,NoDur_excess,0.0479,0.00692742,0.00806155,0.00806155,1193.77664171
2014-11-01,Durbl_excess,0.0442,0.00796556,0.01130818,0.01130818,1193.77664171
2014-11-01,Manuf_excess,0.0228,0.00738918,0.00905863,0.00905863,2424.46201708
2014-11-01,Enrgy_excess,-0.0957,0.00777647,0.00862801,0.00862801,2424.46201708
2014-11-01,HiTec_excess,0.0428,0.00810778,0.0090238,0.0090238,4923.88263171
2014-11-01,Telcm_excess,0.0246,0.00575712,0.00575712,0.00575712,1e+16
2014-11-01,Shops_excess,0.0751,0.00729677,0.00944901,0.00944901,1193.77664171
2014-11-01,Hlth_excess,0.0252,0.00803672,0.00849396,0.00849396,4923.88263171
2014-11-01,Utils_excess,0.0026,0.00610247,0.00623505,0.00623505,4923.88263171
2014-11-01,Other_excess,0.0251,0.0061796,0.00693085,0.00693085,2424.46201708
2014-12-01,NoDur_excess,-0.0241,0.00696626,0.00856082,0.00856082,1193.77664171
2014-12-01,Durbl_excess,0.0035,0.00799991,0.01199204,0.01199204,1193.77664171
2014-12-01,Manuf_excess,-0.0008,0.00740379,0.00938039,0.00938039,2424.46201708
2014-12-01,Enrgy_excess,0.0054,0.00767839,0.00832324,0.00832324,2424.46201708
2014-12-01,HiTec_excess,-0.0126,0.00814066,0.0095067,0.0095067,4923.88263171
2014-12-01,Telcm_excess,-0.0205,0.00577498,0.00577498,0.00577498,1e+16
2014-12-01,Shops_excess,0.016,0.00736104,0.01025399,0.01025399,1193.77664171
2014-12-01,Hlth_excess,-0.0083,0.00805299,0.00880073,0.00880073,4923.88263171
2014-12-01,Utils_excess,0.0186,0.00609915,0.00623645,0.00623645,4923.88263171
2014-12-01,Other_excess,0.0118,0.00619754,0.00732741,0.00732741,2424.46201708
2015-01-01,NoDur_excess,-0.0056,0.00693684,0.0084027,0.0084027,1193.77664171
2015-01-01,Durbl_excess,-0.0428,0.00799564,0.01058101,0.01058101,2424.46201708
2015-01-01,Manuf_excess,-0.0375,0.00739602,0.00950081,0.00950081,2424.46201708
2015-01-01,Enrgy_excess,-0.0431,0.00767623,0.00836765,0.00836765,2424.46201708
2015-01-01,HiTec_excess,-0.0346,0.00812102,0.00882724,0.00882724,10000.0
2015-01-01,Telcm_excess,-0.0447,0.00575009,0.00575009,0.00575009,1e+16
2015-01-01,Shops_excess,-0.004,0.00736922,0.00903023,0.00903023,2424.46201708
2015-01-01,Hlth_excess,0.0158,0.0080375,0.00841539,0.00841539,10000.0
2015-01-01,Utils_excess,0.0124,0.00611098,0.0063175,0.0063175,4923.88263171
2015-01-01,Other_excess,-0.064,0.00620284,0.00724903,0.00724903,2424.46201708
2015-02-01,NoDur_excess,0.0513,0.00692498,0.01136235,0.01136235,1193.77664171
2015-02-01,Durbl_excess,0.0802,0.00794759,0.01299634,0.01299634,2424.46201708
2015-02-01,Manuf_excess,0.0615,0.00735355,0.01122914,0.01122914,2424.46201708
2015-02-01,Enrgy_excess,0.0472,0.00762819,0.00931434,0.00931434,2424.46201708
2015-02-01,HiTec_excess,0.0822,0.00808061,0.00916797,0.00916797,10000.0
2015-02-01,Telcm_excess,0.0892,0.00570237,0.00570237,0.00570237,1e+16
2015-02-01,Shops_excess,0.0567,0.00735847,0.01130497,0.01130497,2424.46201708
2015-02-01,Hlth_excess,0.04,0.00804484,0.00887235,0.00887235,10000.0
2015-02-01,Utils_excess,-0.0436,0.00611693,0.00723264,0.00723264,4923.88263171
2015-02-01,Other_excess,0.0724,0.00613642,0.00946867,0.00946867,2424.46201708
2015-03-01,NoDur_excess,-0.0242,0.00696692,0.00521685,0.00521685,1193.77664171
2015-03-01,Durbl_excess,-0.0058,0.00801588,0.00604244,0.00604244,2424.46201708
2015-03-01,Manuf_excess,-0.0205,0.00740473,0.00700315,0.00700315,2424.46201708
2015-03-01,Enrgy_excess,-0.0249,0.0076656,0.00790763,0.00790763,2424.46201708
2015-03-01,HiTec_excess,-0.0251,0.00815066,0.00777128,0.00777128,10000.0
2015-03-01,Telcm_excess,-0.0212,0.00578129,0.00578129,0.00578129,1e+16
2015-03-01,Shops_excess,0.0066,0.0074051,0.00683873,0.00683873,2424.46201708
2015-03-01,Hlth_excess,0.0086,0.00807505,0.00770994,0.00770994,10000.0
2015-03-01,Utils_excess,-0.0031,0.00606994,0.00536192,0.00536192,4923.88263171
2015-03-01,Other_excess,-0.0061,0.00619905,0.00414289,0.00414289,2424.46201708
2015-04-01,NoDur_excess,0.0081,0.00693749,0.00600596,0.00600596,1193.77664171
2015-04-01,Durbl_excess,-0.0071,0.00800283,0.00778862,0.00778862,2424.46201708
2015-04-01,Manuf_excess,-0.0076,0.00737838,0.00802376,0.00802376,2424.46201708
2015-04-01,Enrgy_excess,0.0665,0.00763484,0.00813055,0.00813055,2424.46201708
2015-04-01,HiTec_excess,0.0144,0.00811926,0.00784815,0.00784815,10000.0
2015-04-01,Telcm_excess,0.0363,0.00575581,0.00575581,0.00575581,1e+16
2015-04-01,Shops_excess,-0.0209,0.00740434,0.00743642,0.00743642,2424.46201708
2015-04-01,Hlth_excess,-0.0155,0.00807554,0.00781678,0.00781678,10000.0
2015-04-01,Utils_excess,0.0028,0.00606128,0.00539864,0.00539864,4923.88263171
2015-04-01,Other_excess,0.0062,0.00618744,0.00598453,0.00598453,2424.46201708
2015-05-01,NoDur_excess,0.015,0.00693858,0.00567143,0.00567143,1193.77664171
2015-05-01,Durbl_excess,0.0099,0.00798858,0.00725464,0.00725464,2424.46201708
2015-05-01,Manuf_excess,0.0088,0.00736425,0.0076415,0.0076415,2424.46201708
2015-05-01,Enrgy_excess,-0.0511,0.00769038,0.00806136,0.00806136,2424.46201708
2015-05-01,HiTec_excess,0.0193,0.00812519,0.00797194,0.00797194,10000.0
2015-05-01,Telcm_excess,0.0033,0.00578462,0.00578462,0.00578462,1e+16
2015-05-01,Shops_excess,0.0107,0.00737764,0.00725246,0.00725246,2424.46201708
2015-05-01,Hlth_excess,0.0499,0.0080533,0.00784492,0.00784492,10000.0
2015-05-01,Utils_excess,-0.0043,0.00605821,0.00530432,0.00530432,4923.88263171
2015-05-01,Other_excess,0.0172,0.00618745,0.00511574,0.00511574,2424.46201708
2015-06-01,NoDur_excess,-0.0153,0.00694618,0.00480194,0.00480194,1193.77664171
2015-06-01,Durbl_excess,-0.0185,0.00799039,0.00663521,0.00663521,2424.46201708
2015-06-01,Manuf_excess,-0.0199,0.0073656,0.00718985,0.00718985,2424.46201708
2015-06-01,Enrgy_excess,-0.0375,0.00763497,0.00767024,0.00767024,2424.46201708
2015-06-01,HiTec_excess,-0.0359,0.00813572,0.00769558,0.00769558,10000.0
2015-06-01,Telcm_excess,-0.0055,0.00578228,0.00578228,0.00578228,1e+16
2015-06-01,Shops_excess,-0.0061,0.00738077,0.00654256,0.00654256,2424.46201708
2015-06-01,Hlth_excess,0.0037,0.00809274,0.00767021,0.00767021,10000.0
2015-06-01,Utils_excess,-0.0527,0.00604844,0.00493578,0.00493578,4923.88263171
2015-06-01,Other_excess,0.0003,0.00619783,0.00488804,0.00488804,2424.46201708
2015-07-01,NoDur_excess,0.0496,0.00692524,0.00462786,0.00462786,1193.77664171
2015-07-01,Durbl_excess,-0.0231,0.00796544,0.00662529,0.00662529,2424.46201708
2015-07-01,Manuf_excess,-0.02,0.00733992,0.00709688,0.00709688,2424.46201708
2015-07-01,Enrgy_excess,-0.0895,0.00759247,0.00752118,0.00752118,2424.46201708
2015-07-01,HiTec_excess,0.0221,0.00809426,0.0077024,0.0077024,10000.0
2015-07-01,Telcm_excess,0.0152,0.00577166,0.00577166,0.00577166,1e+16
2015-07-01,Shops_excess,0.0514,0.00736808,0.00650647,0.00650647,2424.46201708
2015-07-01,Hlth_excess,0.035,0.00808861,0.00770388,0.00770388,10000.0
2015-07-01,Utils_excess,0.0265,0.00599313,0.00475846,0.00475846,4923.88263171
2015-07-01,Other_excess,0.0182,0.00619228,0.00464073,0.00464073,2424.46201708
2015-08-01,NoDur_excess,-0.041,0.00696538,0.00905189,0.00905189,1193.77664171
2015-08-01,Durbl_excess,-0.0598,0.00793622,0.01073631,0.01073631,2424.46201708
2015-08-01,Manuf_excess,-0.0561,0.00731421,0.00969575,0.00969575,2424.46201708
2015-08-01,Enrgy_excess,-0.0365,0.00750113,0.00842764,0.00842764,2424.46201708
2015-08-01,HiTec_excess,-0.0583,0.00810743,0.00855382,0.00855382,10000.0
2015-08-01,Telcm_excess,-0.0838,0.00578053,0.00578053,0.00578053,1e+16
2015-08-01,Shops_excess,-0.053,0.0074095,0.00974716,0.00974716,2424.46201708
2015-08-01,Hlth_excess,-0.0838,0.00811392,0.0083986,0.0083986,10000.0
2015-08-01,Utils_excess,-0.0408,0.00601242,0.00589111,0.00589111,4923.88263171
2015-08-01,Other_excess,-0.0617,0.00620357,0.00794083,0.00794083,2424.46201708
2015-09-01,NoDur_excess,-0.0056,0.0069203,0.00694611,0.00694611,1193.77664171
2015-09-01,Durbl_excess,-0.0345,0.00787256,0.00951919,0.00951919,2424.46201708
2015-09-01,Manuf_excess,-0.0424,0.00725461,0.00882417,0.00882417,2424.46201708
2015-09-01,Enrgy_excess,-0.0575,0.00745977,0.00799639,0.00799639,2424.46201708
2015-09-01,HiTec_excess,-0.0132,0.00804502,0.00831212,0.00831212,10000.0
2015-09-01,Telcm_excess,-0.025,0.00569633,0.00569633,0.00569633,1e+16
2015-09-01,Shops_excess,-0.0206,0.00735273,0.00826735,0.00826735,2424.46201708
2015-09-01,Hlth_excess,-0.0692,0.00802754,0.00814788,0.00814788,10000.0
2015-09-01,Utils_excess,-0.005,0.00596842,0.00543791,0.00543791,4923.88263171
2015-09-01,Other_excess,-0.0306,0.00613976,0.00611181,0.00611181,2424.46201708
2015-10-01,NoDur_excess,0.068,0.00690854,0.00928134,0.00928134,1193.77664171
2015-10-01,Durbl_excess,0.0696,0.00783277,0.01139822,0.01139822,2424.46201708
2015-10-01,Manuf_excess,0.0941,0.00720798,0.01010356,0.01010356,2424.46201708
2015-10-01,Enrgy_excess,0.1217,0.00739878,0.00868995,0.00868995,2424.46201708
2015-10-01,HiTec_excess,0.1012,0.00802507,0.00868413,0.00868413,10000.0
2015-10-01,Telcm_excess,0.0907,0.00566751,0.00566751,0.00566751,1e+16
2015-10-01,Shops_excess,0.0482,0.00732648,0.01007973,0.01007973,2424.46201708
2015-10-01,Hlth_excess,0.0751,0.00795502,0.00836103,0.00836103,10000.0
2015-10-01,Utils_excess,0.0209,0.00595812,0.00599251,0.00599251,4923.88263171
2015-10-01,Other_excess,0.0657,0.00610526,0.00782725,0.00782725,2424.46201708
2015-11-01,NoDur_excess,-0.0092,0.00696585,0.0094438,0.0094438,1193.77664171
2015-11-01,Durbl_excess,0.0196,0.00789071,0.01084142,0.01084142,2424.46201708
2015-11-01,Manuf_excess,0.0041,0.00728949,0.00993554,0.00993554,2424.46201708
2015-11-01,Enrgy_excess,0.0106,0.007506,0.00865375,0.00865375,2424.46201708
2015-11-01,HiTec_excess,0.0115,0.00811248,0.00865291,0.00865291,10000.0
2015-11-01,Telcm_excess,-0.0192,0.00574728,0.00574728,0.00574728,1e+16
2015-11-01,Shops_excess,0.011,0.00736482,0.0102961,0.0102961,2424.46201708
2015-11-01,Hlth_excess,0.0058,0.00801801,0.00836484,0.00836484,10000.0
2015-11-01,Utils_excess,-0.0342,0.00597214,0.00586115,0.00586115,4923.88263171
2015-11-01,Other_excess,0.0138,0.00616116,0.00756505,0.00756505,2424.46201708
2015-12-01,NoDur_excess,0.0077,0.0069507,0.00993161,0.00993161,1193.77664171
2015-12-01,Durbl_excess,-0.0409,0.00790169,0.01123796,0.01123796,2424.46201708
2015-12-01,Manuf_excess,-0.0255,0.0072865,0.01019297,0.01019297,2424.46201708
2015-12-01,Enrgy_excess,-0.0961,0.0075089,0.00876046,0.00876046,2424.46201708
2015-12-01,HiTec_excess,-0.0253,0.00811565,0.0087902,0.0087902,10000.0
2015-12-01,Telcm_excess,-0.0297,0.0057239,0.0057239,0.0057239,1e+16
2015-12-01,Shops_excess,0.0003,0.00736823,0.01072766,0.01072766,2424.46201708
2015-12-01,Hlth_excess,0.0031,0.00801593,0.00848427,0.00848427,10000.0
2015-12-01,Utils_excess,-0.024,0.00593449,0.00589389,0.00589389,4923.88263171
2015-12-01,Other_excess,-0.0268,0.00616832,0.00783771,0.00783771,2424.46201708
2016-01-01,NoDur_excess,0.0016,0.0069514,0.00987576,0.00987576,1193.77664171
2016-01-01,Durbl_excess,-0.1234,0.00785599,0.01149005,0.01149005,2424.46201708
2016-01-01,Manuf_excess,-0.0572,0.00725581,0.0103799,0.0103799,2424.46201708
2016-01-01,Enrgy_excess,-0.0438,0.00741189,0.00796288,0.00796288,4923.88263171
2016-01-01,HiTec_excess,-0.0597,0.00808436,0.00942625,0.00942625,4923.88263171
2016-01-01,Telcm_excess,0.0038,0.00569073,0.00576001,0.00576001,4923.88263171
2016-01-01,Shops_excess,-0.0454,0.00736161,0.01070054,0.01070054,2424.46201708
2016-01-01,Hlth_excess,-0.1013,0.00801133,0.00854195,0.00854195,10000.0
2016-01-01,Utils_excess,0.0466,0.00590646,0.00577786,0.00577786,4923.88263171
2016-01-01,Other_excess,-0.0874,0.00613745,0.0078187,0.0078187,2424.46201708
2016-02-01,NoDur_excess,0.0057,0.0069464,0.00649688,0.00649688,1193.77664171
2016-02-01,Durbl_excess,0.0407,0.00773321,0.00976704,0.00976704,2424.46201708
2016-02-01,Manuf_excess,0.0328,0.00719551,0.00925726,0.00925726,2424.46201708
2016-02-01,Enrgy_excess,-0.0297,0.00736399,0.00768604,0.00768604,4923.88263171
2016-02-01,HiTec_excess,-0.009,0.00802095,0.00828503,0.00828503,4923.88263171
2016-02-01,Telcm_excess,0.0089,0.00568896,0.00590148,0.00590148,4923.88263171
2016-02-01,Shops_excess,0.0009,0.00731225,0.00783197,0.00783197,2424.46201708
2016-02-01,Hlth_excess,-0.0099,0.00790907,0.00782623,0.00782623,10000.0
2016-02-01,Utils_excess,0.017,0.00594453,0.0048873,0.0048873,4923.88263171
2016-02-01,Other_excess,-0.0044,0.00604995,0.00711631,0.00711631,2424.46201708
2016-03-01,NoDur_excess,0.0494,0.00694523,0.0100885,0.0100885,1193.77664171
2016-03-01,Durbl_excess,0.1063,0.00776402,0.01136053,0.01136053,2424.46201708
2016-03-01,Manuf_excess,0.0689,0.00721944,0.01060766,0.01060766,2424.46201708
2016-03-01,Enrgy_excess,0.1087,0.00732935,0.00810271,0.00810271,4923.88263171
2016-03-01,HiTec_excess,0.0847,0.00800505,0.00907391,0.00907391,4923.88263171
2016-03-01,Telcm_excess,0.0614,0.00569196,0.0062049,0.0062049,4923.88263171
2016-03-01,Shops_excess,0.0554,0.00730626,0.01060077,0.01060077,2424.46201708
2016-03-01,Hlth_excess,0.0393,0.00789243,0.00831191,0.00831191,10000.0
2016-03-01,Utils_excess,0.0782,0.00595486,0.00607385,0.00607385,4923.88263171
2016-03-01,Other_excess,0.0713,0.00604019,0.00841147,0.00841147,2424.46201708
2016-04-01,NoDur_excess,0.0026,0.00698487,0.01340555,0.01340555,1193.77664171
2016-04-01,Durbl_excess,0.0153,0.00785602,0.01218637,0.01218637,2424.46201708
2016-04-01,Manuf_excess,0.0228,0.00727703,0.0112408,0.0112408,2424.46201708
2016-04-01,Enrgy_excess,0.0916,0.007424,0.00859372,0.00859372,4923.88263171
2016-04-01,HiTec_excess,-0.0421,0.00807666,0.0094424,0.0094424,4923.88263171
2016-04-01,Telcm_excess,0.0068,0.00574398,0.00627604,0.00627604,4923.88263171
2016-04-01,Shops_excess,-0.0056,0.00735117,0.01322165,0.01322165,2424.46201708
2016-04-01,Hlth_excess,0.0495,0.00792176,0.00861746,0.00861746,10000.0
2016-04-01,Utils_excess,-0.0081,0.00602232,0.0072077,0.0072077,4923.88263171
2016-04-01,Other_excess,0.024,0.00610112,0.00928288,0.00928288,2424.46201708
2016-05-01,NoDur_excess,0.0073,0.00698078,0.00998385,0.00998385,1193.77664171
2016-05-01,Durbl_excess,-0.011,0.00786297,0.0099235,0.0099235,2424.46201708
2016-05-01,Manuf_excess,-0.0054,0.00729151,0.00977275,0.00977275,2424.46201708
2016-05-01,Enrgy_excess,-0.006,0.00750252,0.00832417,0.00832417,4923.88263171
2016-05-01,HiTec_excess,0.0513,0.00802985,0.00841701,0.00841701,4923.88263171
2016-05-01,Telcm_excess,0.0016,0.00574496,0.00577481,0.00577481,4923.88263171
2016-05-01,Shops_excess,0.0095,0.00733909,0.0105473,0.0105473,2424.46201708
2016-05-01,Hlth_excess,0.0241,0.00796054,0.00824643,0.00824643,10000.0
2016-05-01,Utils_excess,0.0223,0.00600914,0.00615115,0.00615115,4923.88263171
2016-05-01,Other_excess,0.0119,0.00611782,0.00770164,0.00770164,2424.46201708
2016-06-01,NoDur_excess,0.0472,0.00698108,0.00771254,0.00771254,1193.77664171
2016-06-01,Durbl_excess,-0.055,0.00784539,0.00861838,0.00861838,2424.46201708
2016-06-01,Manuf_excess,0.0089,0.00727968,0.00893648,0.00893648,2424.46201708
2016-06-01,Enrgy_excess,0.0253,0.00748993,0.0079169,0.0079169,4923.88263171
2016-06-01,HiTec_excess,-0.0176,0.00807018,0.00803098,0.00803098,4923.88263171
2016-06-01,Telcm_excess,0.0353,0.0057411,0.00561614,0.00561614,4923.88263171
2016-06-01,Shops_excess,0.0071,0.0073411,0.00872909,0.00872909,2424.46201708
2016-06-01,Hlth_excess,-0.0019,0.00797558,0.00797252,0.00797252,10000.0
2016-06-01,Utils_excess,0.0741,0.00602432,0.00547837,0.00547837,4923.88263171
2016-06-01,Other_excess,-0.0309,0.00612321,0.00686327,0.00686327,2424.46201708
2016-07-01,NoDur_excess,-0.0008,0.00701853,0.00950113,0.00950113,1193.77664171
2016-07-01,Durbl_excess,0.0856,0.00778687,0.0105505,0.0105505,2424.46201708
2016-07-01,Manuf_excess,0.0405,0.00728119,0.01037977,0.01037977,2424.46201708
2016-07-01,Enrgy_excess,-0.0275,0.00750652,0.00835135,0.00835135,4923.88263171
2016-07-01,HiTec_excess,0.0751,0.00804628,0.00858559,0.00858559,4923.88263171
2016-07-01,Telcm_excess,0.0223,0.00576862,0.00650813,0.00650813,4923.88263171
2016-07-01,Shops_excess,0.0382,0.00734088,0.00980713,0.00980713,2424.46201708
2016-07-01,Hlth_excess,0.0614,0.00796639,0.00819583,0.00819583,10000.0
2016-07-01,Utils_excess,-0.0027,0.00608771,0.00613144,0.00613144,4923.88263171
2016-07-01,Other_excess,0.0371,0.00608873,0.00840517,0.00840517,2424.46201708
2016-08-01,NoDur_excess,-0.0063,0.00701126,0.0118146,0.0118146,1193.77664171
2016-08-01,Durbl_excess,0.0023,0.00785926,0.01092745,0.01092745,2424.46201708
2016-08-01,Manuf_excess,0.0138,0.00731209,0.0108345,0.0108345,2424.46201708
2016-08-01,Enrgy_excess,0.0159,0.00747395,0.00852527,0.00852527,4923.88263171
2016-08-01,HiTec_excess,0.0177,0.00810865,0.00945418,0.00945418,4923.88263171
2016-08-01,Telcm_excess,-0.0319,0.005784,0.00624045,0.00624045,4923.88263171
2016-08-01,Shops_excess,-0.0138,0.00736958,0.01179951,0.01179951,2424.46201708
2016-08-01,Hlth_excess,-0.0317,0.00801609,0.00879915,0.00879915,10000.0
2016-08-01,Utils_excess,-0.038,0.00607953,0.00685313,0.00685313,4923.88263171
2016-08-01,Other_excess,0.0327,0.00611758,0.00855087,0.00855087,2424.46201708
2016-09-01,NoDur_excess,-0.025,0.00699888,0.00948145,0.00948145,1193.77664171
2016-09-01,Durbl_excess,-0.0156,0.00785409,0.00881902,0.00881902,2424.46201708
2016-09-01,Manuf_excess,-0.0004,0.00731812,0.00946443,0.00946443,2424.46201708
2016-09-01,Enrgy_excess,0.0279,0.00748178,0.00816499,0.00816499,4923.88263171
2016-09-01,HiTec_excess,0.022,0.00811757,0.00862296,0.00862296,4923.88263171
2016-09-01,Telcm_excess,0.0045,0.00574898,0.00552481,0.00552481,4923.88263171
2016-09-01,Shops_excess,-0.0064,0.00734991,0.01003043,0.01003043,2424.46201708
2016-09-01,Hlth_excess,0.0058,0.00797918,0.00834248,0.00834248,10000.0
2016-09-01,Utils_excess,0.0181,0.00603857,0.00611929,0.00611929,4923.88263171
2016-09-01,Other_excess,-0.0104,0.00614229,0.00713291,0.00713291,2424.46201708
2016-10-01,NoDur_excess,-0.002,0.00696917,0.00728763,0.00728763,1193.77664171
2016-10-01,Durbl_excess,-0.0379,0.00783231,0.00761947,0.00761947,2424.46201708
2016-10-01,Manuf_excess,-0.0257,0.00731096,0.00865109,0.00865109,2424.46201708
2016-10-01,Enrgy_excess,-0.0298,0.00750074,0.00793271,0.00793271,4923.88263171
2016-10-01,HiTec_excess,-0.0114,0.00813045,0.00803887,0.00803887,4923.88263171
2016-10-01,Telcm_excess,-0.0307,0.00574782,0.00522454,0.00522454,4923.88263171
2016-10-01,Shops_excess,-0.0414,0.00733714,0.00843778,0.00843778,2424.46201708
2016-10-01,Hlth_excess,-0.0755,0.00797716,0.00802559,0.00802559,10000.0
2016-10-01,Utils_excess,-0.0068,0.00604977,0.0055422,0.0055422,4923.88263171
2016-10-01,Other_excess,0.0075,0.00612693,0.00612131,0.00612131,2424.46201708
2016-11-01,NoDur_excess,-0.0388,0.00696085,0.00677232,0.00677232,1193.77664171
2016-11-01,Durbl_excess,0.0754,0.00778989,0.00674882,0.00674882,2424.46201708
2016-11-01,Manuf_excess,0.0628,0.00728033,0.00800011,0.00800011,2424.46201708
2016-11-01,Enrgy_excess,0.0958,0.00746614,0.00769726,0.00769726,4923.88263171
2016-11-01,HiTec_excess,0.0073,0.00811234,0.00795495,0.00795495,4923.88263171
2016-11-01,Telcm_excess,0.0653,0.00571401,0.00491235,0.00491235,4923.88263171
2016-11-01,Shops_excess,0.0427,0.00729193,0.00789338,0.00789338,2424.46201708
2016-11-01,Hlth_excess,0.0238,0.00789972,0.00783894,0.00783894,10000.0
2016-11-01,Utils_excess,-0.0266,0.00603785,0.00541363,0.00541363,4923.88263171
2016-11-01,Other_excess,0.1149,0.0061282,0.00556238,0.00556238,2424.46201708
2016-12-01,NoDur_excess,0.0343,0.00691844,0.00537031,0.00537031,1193.77664171
2016-12-01,Durbl_excess,0.0395,0.00785255,0.00577258,0.00577258,2424.46201708
2016-12-01,Manuf_excess,0.0046,0.00733179,0.00727608,0.00727608,2424.46201708
2016-12-01,Enrgy_excess,0.0194,0.00754801,0.00755692,0.00755692,4923.88263171
2016-12-01,HiTec_excess,0.0089,0.00811158,0.00766769,0.00766769,4923.88263171
2016-12-01,Telcm_excess,0.0486,0.00576923,0.00450569,0.00450569,4923.88263171
2016-12-01,Shops_excess,-0.0033,0.00732475,0.00712696,0.00712696,2424.46201708
2016-12-01,Hlth_excess,0.0066,0.00791446,0.00774256,0.00774256,10000.0
2016-12-01,Utils_excess,0.0358,0.0060076,0.00497509,0.00497509,4923.88263171
2016-12-01,Other_excess,0.0293,0.00622901,0.00462066,0.00462066,2424.46201708
2017-01-01,NoDur_excess,0.0165,0.0069438,0.00805758,0.00805758,2424.46201708
2017-01-01,Durbl_excess,0.029,0.00788185,0.00883559,0.00883559,2424.46201708
2017-01-01,Manuf_excess,0.033,0.00732926,0.00911273,0.00911273,2424.46201708
2017-01-01,Enrgy_excess,-0.0433,0.00755898,0.00810164,0.00810164,4923.88263171
2017-01-01,HiTec_excess,0.0456,0.00811231,0.00849434,0.00849434,4923.88263171
2017-01-01,Telcm_excess,0.0329,0.00580889,0.00599911,0.00599911,2424.46201708
2017-01-01,Shops_excess,0.0107,0.00731491,0.00960393,0.00960393,2424.46201708
2017-01-01,Hlth_excess,0.0198,0.00791324,0.00811385,0.00811385,10000.0
2017-01-01,Utils_excess,0.0105,0.00603519,0.00595603,0.00595603,10000.0
2017-01-01,Other_excess,0.0089,0.00625037,0.00661608,0.00661608,4923.88263171
2017-02-01,NoDur_excess,0.0371,0.00695264,0.00634198,0.00634198,2424.46201708
2017-02-01,Durbl_excess,0.0068,0.00790139,0.006919,0.006919,2424.46201708
2017-02-01,Manuf_excess,0.0413,0.00735301,0.00778413,0.00778413,2424.46201708
2017-02-01,Enrgy_excess,-0.025,0.00751193,0.00747619,0.00747619,4923.88263171
2017-02-01,HiTec_excess,0.048,0.00814699,0.00743177,0.00743177,4923.88263171
2017-02-01,Telcm_excess,-0.0016,0.00583395,0.00551053,0.00551053,2424.46201708
2017-02-01,Shops_excess,0.0284,0.00731804,0.0073985,0.0073985,2424.46201708
2017-02-01,Hlth_excess,0.0693,0.00792424,0.00755924,0.00755924,10000.0
2017-02-01,Utils_excess,0.0381,0.00603932,0.00550985,0.00550985,10000.0
2017-02-01,Other_excess,0.0368,0.00625282,0.00595772,0.00595772,4923.88263171
2017-03-01,NoDur_excess,0.0085,0.0069805,0.00781614,0.00781614,2424.46201708
2017-03-01,Durbl_excess,0.0021,0.00790037,0.0084681,0.0084681,2424.46201708
2017-03-01,Manuf_excess,0.001,0.00738438,0.00885433,0.00885433,2424.46201708
2017-03-01,Enrgy_excess,-0.0123,0.00748189,0.00766193,0.00766193,4923.88263171
2017-03-01,HiTec_excess,0.0208,0.00818383,0.00829438,0.00829438,4923.88263171
2017-03-01,Telcm_excess,0.0085,0.00582708,0.00629914,0.00629914,2424.46201708
2017-03-01,Shops_excess,0.0076,0.00733752,0.00918431,0.00918431,2424.46201708
2017-03-01,Hlth_excess,0.0001,0.00798096,0.00803648,0.00803648,10000.0
2017-03-01,Utils_excess,0.0035,0.00606895,0.00595381,0.00595381,10000.0
2017-03-01,Other_excess,-0.0165,0.00628105,0.00656509,0.00656509,4923.88263171
2017-04-01,NoDur_excess,0.0046,0.0069819,0.00641285,0.00641285,2424.46201708
2017-04-01,Durbl_excess,0.0164,0.00789501,0.0066035,0.0066035,2424.46201708
2017-04-01,Manuf_excess,0.0182,0.00737849,0.00757892,0.00757892,2424.46201708
2017-04-01,Enrgy_excess,-0.0278,0.00746362,0.00713428,0.00713428,4923.88263171
2017-04-01,HiTec_excess,0.025,0.00819548,0.00785832,0.00785832,4923.88263171
2017-04-01,Telcm_excess,0.0006,0.00582955,0.00530459,0.00530459,2424.46201708
2017-04-01,Shops_excess,0.026,0.00733777,0.00733334,0.00733334,2424.46201708
2017-04-01,Hlth_excess,0.0088,0.00797368,0.00779751,0.00779751,10000.0
2017-04-01,Utils_excess,0.0027,0.00606657,0.00565985,0.00565985,10000.0
2017-04-01,Other_excess,0.0034,0.00626002,0.00561931,0.00561931,4923.88263171
2017-05-01,NoDur_excess,0.0316,0.0069797,0.00722869,0.00722869,2424.46201708
2017-05-01,Durbl_excess,-0.0021,0.00790286,0.00760246,0.00760246,2424.46201708
2017-05-01,Manuf_excess,0.0121,0.00738847,0.00828299,0.00828299,2424.46201708
2017-05-01,Enrgy_excess,-0.0344,0.00743109,0.00731077,0.00731077,4923.88263171
2017-05-01,HiTec_excess,0.0405,0.00821098,0.00809022,0.00809022,4923.88263171
2017-05-01,Telcm_excess,-0.0158,0.00582472,0.0060295,0.0060295,2424.46201708
2017-05-01,Shops_excess,0.0161,0.00735498,0.00842153,0.00842153,2424.46201708
2017-05-01,Hlth_excess,-0.0033,0.00797445,0.00792205,0.00792205,10000.0
2017-05-01,Utils_excess,0.0238,0.00606347,0.00586698,0.00586698,10000.0
2017-05-01,Other_excess,-0.0046,0.00625738,0.00615677,0.00615677,4923.88263171
2017-06-01,NoDur_excess,-0.0118,0.0070024,0.00750145,0.00750145,2424.46201708
2017-06-01,Durbl_excess,0.0329,0.00789364,0.00782312,0.00782312,2424.46201708
2017-06-01,Manuf_excess,0.0116,0.00739281,0.00836085,0.00836085,2424.46201708
2017-06-01,Enrgy_excess,-0.002,0.00739253,0.00717213,0.00717213,4923.88263171
2017-06-01,HiTec_excess,-0.0209,0.00824074,0.0084302,0.0084302,4923.88263171
2017-06-01,Telcm_excess,-0.0252,0.00580479,0.00609738,0.00609738,2424.46201708
2017-06-01,Shops_excess,-0.0194,0.00736304,0.00867248,0.00867248,2424.46201708
2017-06-01,Hlth_excess,0.0547,0.00796406,0.00802204,0.00802204,10000.0
2017-06-01,Utils_excess,-0.0197,0.00607982,0.00601286,0.00601286,10000.0
2017-06-01,Other_excess,0.0433,0.00624737,0.00611155,0.00611155,4923.88263171
2017-07-01,NoDur_excess,-0.0013,0.00698508,0.00700225,0.00700225,2424.46201708
2017-07-01,Durbl_excess,-0.0108,0.00791667,0.00692168,0.00692168,2424.46201708
2017-07-01,Manuf_excess,0.021,0.00739669,0.00777376,0.00777376,2424.46201708
2017-07-01,Enrgy_excess,0.0197,0.00738389,0.0070233,0.0070233,4923.88263171
2017-07-01,HiTec_excess,0.0354,0.0082139,0.00808596,0.00808596,4923.88263171
2017-07-01,Telcm_excess,0.0526,0.00577624,0.0054771,0.0054771,2424.46201708
2017-07-01,Shops_excess,0.0013,0.0073384,0.00805825,0.00805825,2424.46201708
2017-07-01,Hlth_excess,0.0062,0.00800709,0.00800338,0.00800338,10000.0
2017-07-01,Utils_excess,0.0292,0.00605608,0.00590149,0.00590149,10000.0
2017-07-01,Other_excess,0.0137,0.00628149,0.00576467,0.00576467,4923.88263171
2017-08-01,NoDur_excess,-0.0184,0.00697746,0.00700713,0.00700713,2424.46201708
2017-08-01,Durbl_excess,-0.0006,0.00789945,0.00685459,0.00685459,2424.46201708
2017-08-01,Manuf_excess,0.0024,0.0074092,0.00787732,0.00787732,2424.46201708
2017-08-01,Enrgy_excess,-0.0522,0.00739522,0.00702957,0.00702957,4923.88263171
2017-08-01,HiTec_excess,0.0291,0.00823891,0.00822526,0.00822526,4923.88263171
2017-08-01,Telcm_excess,-0.0257,0.00581932,0.0055759,0.0055759,2424.46201708
2017-08-01,Shops_excess,-0.0169,0.00733284,0.00804776,0.00804776,2424.46201708
2017-08-01,Hlth_excess,0.025,0.00800543,0.00804866,0.00804866,10000.0
2017-08-01,Utils_excess,0.0209,0.00607737,0.0059163,0.0059163,10000.0
2017-08-01,Other_excess,-0.0066,0.00628832,0.0057777,0.0057777,4923.88263171
2017-09-01,NoDur_excess,-0.0047,0.00695414,0.0060779,0.0060779,2424.46201708
2017-09-01,Durbl_excess,0.053,0.00789164,0.00641601,0.00641601,2424.46201708
2017-09-01,Manuf_excess,0.0385,0.0074046,0.00753439,0.00753439,2424.46201708
2017-09-01,Enrgy_excess,0.1085,0.00734044,0.00669592,0.00669592,4923.88263171
2017-09-01,HiTec_excess,0.0051,0.00825809,0.00775836,0.00775836,4923.88263171
2017-09-01,Telcm_excess,-0.0159,0.00579035,0.00569132,0.00569132,2424.46201708
2017-09-01,Shops_excess,0.024,0.00731057,0.00683253,0.00683253,2424.46201708
2017-09-01,Hlth_excess,0.0199,0.00802105,0.0077768,0.0077768,10000.0
2017-09-01,Utils_excess,-0.0204,0.00609099,0.00570059,0.00570059,10000.0
2017-09-01,Other_excess,0.0448,0.00627647,0.00572388,0.00572388,4923.88263171
2017-10-01,NoDur_excess,-0.0001,0.00694343,0.0057848,0.0057848,2424.46201708
2017-10-01,Durbl_excess,0.0122,0.00793306,0.00488659,0.00488659,2424.46201708
2017-10-01,Manuf_excess,0.0267,0.00743315,0.00660417,0.00660417,2424.46201708
2017-10-01,Enrgy_excess,0.0038,0.00743333,0.00681751,0.00681751,4923.88263171
2017-10-01,HiTec_excess,0.068,0.00825519,0.00719371,0.00719371,4923.88263171
2017-10-01,Telcm_excess,-0.0567,0.00577043,0.00455001,0.00455001,2424.46201708
2017-10-01,Shops_excess,0.026,0.0073259,0.00670046,0.00670046,2424.46201708
2017-10-01,Hlth_excess,-0.0234,0.00803196,0.00766868,0.00766868,10000.0
2017-10-01,Utils_excess,0.0293,0.00606667,0.00567479,0.00567479,10000.0
2017-10-01,Other_excess,0.0213,0.00631185,0.00508927,0.00508927,4923.88263171
2017-11-01,NoDur_excess,0.0399,0.00693697,0.00685592,0.00685592,2424.46201708
2017-11-01,Durbl_excess,-0.0057,0.00793697,0.00687007,0.00687007,2424.46201708
2017-11-01,Manuf_excess,0.0339,0.00745083,0.00790543,0.00790543,2424.46201708
2017-11-01,Enrgy_excess,0.0291,0.00743,0.0069944,0.0069944,4923.88263171
2017-11-01,HiTec_excess,0.0098,0.00831,0.00833777,0.00833777,4923.88263171
2017-11-01,Telcm_excess,0.0393,0.00571312,0.00528333,0.00528333,2424.46201708
2017-11-01,Shops_excess,0.0769,0.00734303,0.00801666,0.00801666,2424.46201708
2017-11-01,Hlth_excess,0.024,0.00800312,0.00801714,0.00801714,10000.0
2017-11-01,Utils_excess,0.0234,0.00608798,0.00592554,0.00592554,10000.0
2017-11-01,Other_excess,0.0384,0.0063256,0.00579218,0.00579218,4923.88263171
2017-12-01,NoDur_excess,0.0192,0.00696719,0.00614681,0.00614681,2424.46201708
2017-12-01,Durbl_excess,-0.0081,0.00792447,0.0058768,0.0058768,2424.46201708
2017-12-01,Manuf_excess,0.0219,0.00747507,0.00734382,0.00734382,2424.46201708
2017-12-01,Enrgy_excess,0.0491,0.00744986,0.00677936,0.00677936,4923.88263171
2017-12-01,HiTec_excess,-0.0027,0.00831137,0.00791198,0.00791198,4923.88263171
2017-12-01,Telcm_excess,0.044,0.0057439,0.00509469,0.00509469,2424.46201708
2017-12-01,Shops_excess,0.0245,0.00740678,0.0071343,0.0071343,2424.46201708
2017-12-01,Hlth_excess,-0.0025,0.00801778,0.0078515,0.0078515,10000.0
2017-12-01,Utils_excess,-0.0507,0.00610385,0.00575996,0.00575996,10000.0
2017-12-01,Other_excess,0.0127,0.006355,0.0054998,0.0054998,4923.88263171
2018-01-01,NoDur_excess,0.0182,0.00697839,0.00939287,0.00939287,1193.77664171
2018-01-01,Durbl_excess,0.0264,0.0079098,0.00773011,0.00773011,2424.46201708
2018-01-01,Manuf_excess,0.0398,0.00748828,0.00891525,0.00891525,2424.46201708
2018-01-01,Enrgy_excess,0.0266,0.007488,0.00746255,0.00746255,4923.88263171
2018-01-01,HiTec_excess,0.0763,0.00830128,0.00862661,0.00862661,4923.88263171
2018-01-01,Telcm_excess,0.0304,0.00577894,0.00571892,0.00571892,10000.0
2018-01-01,Shops_excess,0.0927,0.00742244,0.009599,0.009599,2424.46201708
2018-01-01,Hlth_excess,0.0628,0.00800815,0.00827766,0.00827766,10000.0
2018-01-01,Utils_excess,-0.0292,0.00605183,0.00611237,0.00611237,10000.0
2018-01-01,Other_excess,0.058,0.00636081,0.006448,0.006448,4923.88263171
2018-02-01,NoDur_excess,-0.0633,0.00698866,0.00392987,0.00392987,1193.77664171
2018-02-01,Durbl_excess,-0.0615,0.00792672,0.00295481,0.00295481,2424.46201708
2018-02-01,Manuf_excess,-0.0414,0.00751784,0.00575319,0.00575319,2424.46201708
2018-02-01,Enrgy_excess,-0.1089,0.00750549,0.00647908,0.00647908,4923.88263171
2018-02-01,HiTec_excess,-0.0012,0.00836349,0.00659454,0.00659454,4923.88263171
2018-02-01,Telcm_excess,-0.0716,0.00580146,0.00500929,0.00500929,10000.0
2018-02-01,Shops_excess,-0.0459,0.00750046,0.00568666,0.00568666,2424.46201708
2018-02-01,Hlth_excess,-0.036,0.00805828,0.00738522,0.00738522,10000.0
2018-02-01,Utils_excess,-0.0465,0.00601958,0.00522425,0.00522425,10000.0
2018-02-01,Other_excess,-0.0343,0.00640805,0.00453328,0.00453328,4923.88263171
2018-03-01,NoDur_excess,-0.012,0.00692441,0.00201076,0.00201076,1193.77664171
2018-03-01,Durbl_excess,-0.0569,0.00786325,0.00234577,0.00234577,2424.46201708
2018-03-01,Manuf_excess,-0.0236,0.00747313,0.00513827,0.00513827,2424.46201708
2018-03-01,Enrgy_excess,0.0295,0.00739909,0.00604627,0.00604627,4923.88263171
2018-03-01,HiTec_excess,-0.0325,0.00835475,0.00619583,0.00619583,4923.88263171
2018-03-01,Telcm_excess,-0.0265,0.00573071,0.00475518,0.00475518,10000.0
2018-03-01,Shops_excess,-0.027,0.00745165,0.00413972,0.00413972,2424.46201708
2018-03-01,Hlth_excess,-0.0251,0.00801801,0.0071512,0.0071512,10000.0
2018-03-01,Utils_excess,0.0305,0.00597157,0.00495929,0.00495929,10000.0
2018-03-01,Other_excess,-0.0277,0.00637084,0.00399721,0.00399721,4923.88263171
2018-04-01,NoDur_excess,-0.0409,0.00690712,0.00588646,0.00588646,1193.77664171
2018-04-01,Durbl_excess,-0.0044,0.00780411,0.00583666,0.00583666,2424.46201708
2018-04-01,Manuf_excess,-0.0356,0.00744475,0.00751399,0.00751399,2424.46201708
2018-04-01,Enrgy_excess,0.0979,0.00741927,0.00688149,0.00688149,4923.88263171
2018-04-01,HiTec_excess,-0.003,0.00831744,0.0075752,0.0075752,4923.88263171
2018-04-01,Telcm_excess,-0.0245,0.00570128,0.00543332,0.00543332,10000.0
2018-04-01,Shops_excess,0.0364,0.00742018,0.00695642,0.00695642,2424.46201708
2018-04-01,Hlth_excess,-0.0019,0.00798776,0.00773892,0.00773892,10000.0
2018-04-01,Utils_excess,0.0264,0.00599397,0.00553804,0.00553804,10000.0
2018-04-01,Other_excess,0.0045,0.00633973,0.00569216,0.00569216,4923.88263171
2018-05-01,NoDur_excess,-0.0072,0.0068635,0.00381309,0.00381309,1193.77664171
2018-05-01,Durbl_excess,0.0297,0.00779297,0.0034736,0.0034736,2424.46201708
2018-05-01,Manuf_excess,0.0236,0.00740547,0.00596892,0.00596892,2424.46201708
2018-05-01,Enrgy_excess,0.0325,0.00750182,0.00669038,0.00669038,4923.88263171
2018-05-01,HiTec_excess,0.0666,0.00830712,0.00680593,0.00680593,4923.88263171
2018-05-01,Telcm_excess,-0.0145,0.00567372,0.0049464,0.0049464,10000.0
2018-05-01,Shops_excess,0.0071,0.00744662,0.0056797,0.0056797,2424.46201708
2018-05-01,Hlth_excess,0.0224,0.00797874,0.00740764,0.00740764,10000.0
2018-05-01,Utils_excess,0.0013,0.00601259,0.00532654,0.00532654,10000.0
2018-05-01,Other_excess,0.0131,0.00633805,0.00475075,0.00475075,4923.88263171
2018-06-01,NoDur_excess,0.0419,0.00685068,0.00628936,0.00628936,1193.77664171
2018-06-01,Durbl_excess,0.0047,0.00781294,0.00557027,0.00557027,2424.46201708
2018-06-01,Manuf_excess,-0.0112,0.00742024,0.00740633,0.00740633,2424.46201708
2018-06-01,Enrgy_excess,0.0036,0.00752461,0.00717445,0.00717445,4923.88263171
2018-06-01,HiTec_excess,-0.0055,0.00836026,0.00761899,0.00761899,4923.88263171
2018-06-01,Telcm_excess,0.0637,0.00565533,0.00536313,0.00536313,10000.0
2018-06-01,Shops_excess,0.0279,0.00744631,0.0075365,0.0075365,2424.46201708
2018-06-01,Hlth_excess,0.0133,0.00799189,0.00776183,0.00776183,10000.0
2018-06-01,Utils_excess,0.0243,0.0060083,0.00564782,0.00564782,10000.0
2018-06-01,Other_excess,-0.0108,0.00634421,0.00582454,0.00582454,4923.88263171
2018-07-01,NoDur_excess,0.0271,0.0068826,0.0048089,0.0048089,1193.77664171
2018-07-01,Durbl_excess,-0.0132,0.00781011,0.00452372,0.00452372,2424.46201708
2018-07-01,Manuf_excess,0.0506,0.00740328,0.00673432,0.00673432,2424.46201708
2018-07-01,Enrgy_excess,0.0095,0.00752104,0.00693601,0.00693601,4923.88263171
2018-07-01,HiTec_excess,0.0239,0.00834763,0.00741622,0.00741622,4923.88263171
2018-07-01,Telcm_excess,0.0257,0.0057082,0.00527022,0.00527022,10000.0
2018-07-01,Shops_excess,0.0292,0.00746494,0.00642489,0.00642489,2424.46201708
2018-07-01,Hlth_excess,0.0574,0.00799672,0.00765334,0.00765334,10000.0
2018-07-01,Utils_excess,0.0152,0.00602495,0.00543574,0.00543574,10000.0
2018-07-01,Other_excess,0.0358,0.0063286,0.0052991,0.0052991,4923.88263171
2018-08-01,NoDur_excess,-0.0132,0.006901,0.0083034,0.0083034,1193.77664171
2018-08-01,Durbl_excess,-0.007,0.00779099,0.00615801,0.00615801,2424.46201708
2018-08-01,Manuf_excess,-0.0053,0.00744258,0.00794776,0.00794776,2424.46201708
2018-08-01,Enrgy_excess,-0.03,0.00752284,0.00725715,0.00725715,4923.88263171
2018-08-01,HiTec_excess,0.0699,0.00836178,0.00832635,0.00832635,4923.88263171
2018-08-01,Telcm_excess,0.0273,0.00572639,0.00540804,0.00540804,10000.0
2018-08-01,Shops_excess,0.0783,0.00748471,0.00906914,0.00906914,2424.46201708
2018-08-01,Hlth_excess,0.0434,0.00804167,0.00819448,0.00819448,10000.0
2018-08-01,Utils_excess,0.0077,0.0060333,0.00600559,0.00600559,10000.0
2018-08-01,Other_excess,0.0224,0.00635541,0.00592804,0.00592804,4923.88263171
2018-09-01,NoDur_excess,0.0056,0.00688273,0.00632631,0.00632631,1193.77664171
2018-09-01,Durbl_excess,-0.0384,0.00777755,0.00545581,0.00545581,2424.46201708
2018-09-01,Manuf_excess,0.011,0.007431,0.00750168,0.00750168,2424.46201708
2018-09-01,Enrgy_excess,0.0322,0.00748873,0.00699773,0.00699773,4923.88263171
2018-09-01,HiTec_excess,-0.002,0.00841773,0.00794925,0.00794925,4923.88263171
2018-09-01,Telcm_excess,0.0164,0.005746,0.00552572,0.00552572,10000.0
2018-09-01,Shops_excess,0.004,0.00754909,0.00771202,0.00771202,2424.46201708
2018-09-01,Hlth_excess,0.0193,0.00807382,0.00798469,0.00798469,10000.0
2018-09-01,Utils_excess,-0.0072,0.00603482,0.00565245,0.00565245,10000.0
2018-09-01,Other_excess,-0.0165,0.00637,0.00582199,0.00582199,4923.88263171
2018-10-01,NoDur_excess,-0.0041,0.00688156,0.00748544,0.00748544,1193.77664171
2018-10-01,Durbl_excess,-0.0318,0.0077356,0.00437222,0.00437222,2424.46201708
2018-10-01,Manuf_excess,-0.0998,0.00743424,0.00700873,0.00700873,2424.46201708
2018-10-01,Enrgy_excess,-0.1192,0.00751117,0.00698284,0.00698284,4923.88263171
2018-10-01,HiTec_excess,-0.0901,0.00840827,0.00799518,0.00799518,4923.88263171
2018-10-01,Telcm_excess,-0.006,0.00575568,0.00511373,0.00511373,10000.0
2018-10-01,Shops_excess,-0.0899,0.00754587,0.00886948,0.00886948,2424.46201708
2018-10-01,Hlth_excess,-0.0898,0.00808401,0.00812669,0.00812669,10000.0
2018-10-01,Utils_excess,-0.0025,0.0060228,0.00589655,0.00589655,10000.0
2018-10-01,Other_excess,-0.0695,0.00634923,0.00531861,0.00531861,4923.88263171
2018-11-01,NoDur_excess,0.0031,0.0068716,0.00310727,0.00310727,1193.77664171
2018-11-01,Durbl_excess,0.0506,0.00769973,0.00291005,0.00291005,2424.46201708
2018-11-01,Manuf_excess,0.045,0.00733693,0.00554609,0.00554609,2424.46201708
2018-11-01,Enrgy_excess,-0.0238,0.00739619,0.00639829,0.00639829,4923.88263171
2018-11-01,HiTec_excess,-0.0176,0.00831887,0.00668134,0.00668134,4923.88263171
2018-11-01,Telcm_excess,0.0234,0.00574501,0.00499104,0.00499104,10000.0
2018-11-01,Shops_excess,0.0246,0.00745744,0.00500123,0.00500123,2424.46201708
2018-11-01,Hlth_excess,0.0623,0.00799519,0.00740904,0.00740904,10000.0
2018-11-01,Utils_excess,0.0308,0.00601506,0.0052431,0.0052431,10000.0
2018-11-01,Other_excess,0.0266,0.0062804,0.00439292,0.00439292,4923.88263171
2018-12-01,NoDur_excess,-0.115,0.00686818,0.00587277,0.00587277,1193.77664171
2018-12-01,Durbl_excess,-0.1177,0.00773862,0.00665939,0.00665939,2424.46201708
2018-12-01,Manuf_excess,-0.0889,0.00737108,0.00833415,0.00833415,2424.46201708
2018-12-01,Enrgy_excess,-0.1325,0.00736791,0.00718097,0.00718097,4923.88263171
2018-12-01,HiTec_excess,-0.0841,0.00829538,0.0081519,0.0081519,4923.88263171
2018-12-01,Telcm_excess,-0.0889,0.00576102,0.00583852,0.00583852,10000.0
2018-12-01,Shops_excess,-0.092,0.00747298,0.00724213,0.00724213,2424.46201708
2018-12-01,Hlth_excess,-0.0843,0.00804442,0.0081476,0.0081476,10000.0
2018-12-01,Utils_excess,-0.0496,0.00603753,0.00557545,0.00557545,10000.0
2018-12-01,Other_excess,-0.1101,0.00629882,0.0061835,0.0061835,4923.88263171
2019-01-01,NoDur_excess,0.0708,0.00675779,0.00746009,0.00746009,2424.46201708
2019-01-01,Durbl_excess,0.1082,0.007625,0.00828255,0.00828255,2424.46201708
2019-01-01,Manuf_excess,0.0945,0.00728388,0.00829486,0.00829486,4923.88263171
2019-01-01,Enrgy_excess,0.1013,0.00724121,0.00733291,0.00733291,4923.88263171
2019-01-01,HiTec_excess,0.0909,0.00821168,0.00871318,0.00871318,4923.88263171
2019-01-01,Telcm_excess,0.0524,0.00567527,0.00619465,0.00619465,2424.46201708
2019-01-01,Shops_excess,0.0811,0.00738288,0.00910595,0.00910595,2424.46201708
2019-01-01,Hlth_excess,0.051,0.00796078,0.00818294,0.00818294,20309.17620905
2019-01-01,Utils_excess,0.0517,0.00598714,0.00613645,0.00613645,10000.0
2019-01-01,Other_excess,0.0953,0.00619339,0.00649727,0.00649727,4923.88263171
2019-02-01,NoDur_excess,0.0116,0.00681575,0.00768731,0.00768731,2424.46201708
2019-02-01,Durbl_excess,0.0356,0.00771602,0.00693628,0.00693628,2424.46201708
2019-02-01,Manuf_excess,0.0502,0.00736281,0.00773741,0.00773741,4923.88263171
2019-02-01,Enrgy_excess,0.0229,0.00732633,0.00723408,0.00723408,4923.88263171
2019-02-01,HiTec_excess,0.0548,0.00828652,0.00830935,0.00830935,4923.88263171
2019-02-01,Telcm_excess,0.0286,0.00571756,0.00579708,0.00579708,2424.46201708
2019-02-01,Shops_excess,0.0062,0.00744959,0.00948855,0.00948855,2424.46201708
2019-02-01,Hlth_excess,0.0312,0.00799973,0.00811317,0.00811317,20309.17620905
2019-02-01,Utils_excess,0.0337,0.00602851,0.00621562,0.00621562,10000.0
2019-02-01,Other_excess,0.029,0.00627403,0.00626995,0.00626995,4923.88263171
2019-03-01,NoDur_excess,0.0348,0.00682007,0.00543903,0.00543903,2424.46201708
2019-03-01,Durbl_excess,-0.0519,0.00774123,0.00396033,0.00396033,2424.46201708
2019-03-01,Manuf_excess,-0.0107,0.00740154,0.00676458,0.00676458,4923.88263171
2019-03-01,Enrgy_excess,0.0183,0.00734042,0.00662813,0.00662813,4923.88263171
2019-03-01,HiTec_excess,0.0357,0.00832857,0.00722702,0.00722702,4923.88263171
2019-03-01,Telcm_excess,0.0041,0.00573825,0.00463001,0.00463001,2424.46201708
2019-03-01,Shops_excess,0.032,0.00744846,0.00677324,0.00677324,2424.46201708
2019-03-01,Hlth_excess,0.0032,0.00802071,0.00785406,0.00785406,20309.17620905
2019-03-01,Utils_excess,0.0314,0.00605353,0.0056647,0.0056647,10000.0
2019-03-01,Other_excess,-0.0155,0.00629458,0.00525782,0.00525782,4923.88263171
2019-04-01,NoDur_excess,0.0292,0.00684535,0.00767919,0.00767919,2424.46201708
2019-04-01,Durbl_excess,0.032,0.00768735,0.0069706,0.0069706,2424.46201708
2019-04-01,Manuf_excess,0.0383,0.00738519,0.00791473,0.00791473,4923.88263171
2019-04-01,Enrgy_excess,0.0001,0.00735032,0.0074475,0.0074475,4923.88263171
2019-04-01,HiTec_excess,0.056,0.0083533,0.00820792,0.00820792,4923.88263171
2019-04-01,Telcm_excess,0.0577,0.00573677,0.00663463,0.00663463,2424.46201708
2019-04-01,Shops_excess,0.0441,0.00747064,0.00957314,0.00957314,2424.46201708
2019-04-01,Hlth_excess,-0.0337,0.00801635,0.00807647,0.00807647,20309.17620905
2019-04-01,Utils_excess,0.0079,0.00607642,0.0062012,0.0062012,10000.0
2019-04-01,Other_excess,0.0646,0.00627489,0.00672077,0.00672077,4923.88263171
2019-05-01,NoDur_excess,-0.0583,0.00686552,0.00504708,0.00504708,2424.46201708
2019-05-01,Durbl_excess,-0.1245,0.0077093,0.00280018,0.00280018,2424.46201708
2019-05-01,Manuf_excess,-0.0938,0.00741309,0.00634706,0.00634706,4923.88263171
2019-05-01,Enrgy_excess,-0.1209,0.00734377,0.00639188,0.00639188,4923.88263171
2019-05-01,HiTec_excess,-0.0875,0.0083963,0.0069857,0.0069857,4923.88263171
2019-05-01,Telcm_excess,-0.0321,0.00578366,0.0043927,0.0043927,2424.46201708
2019-05-01,Shops_excess,-0.0626,0.0075037,0.00629931,0.00629931,2424.46201708
2019-05-01,Hlth_excess,-0.0361,0.0079787,0.00771061,0.00771061,20309.17620905
2019-05-01,Utils_excess,-0.0176,0.00607807,0.00561355,0.00561355,10000.0
2019-05-01,Other_excess,-0.0633,0.00632753,0.00490619,0.00490619,4923.88263171
2019-06-01,NoDur_excess,0.0473,0.00680676,0.00668828,0.00668828,2424.46201708
2019-06-01,Durbl_excess,0.1294,0.00759008,0.00632771,0.00632771,2424.46201708
2019-06-01,Manuf_excess,0.0902,0.00732182,0.00770238,0.00770238,4923.88263171
2019-06-01,Enrgy_excess,0.0865,0.00722813,0.00704237,0.00704237,4923.88263171
2019-06-01,HiTec_excess,0.0783,0.00830983,0.00820171,0.00820171,4923.88263171
2019-06-01,Telcm_excess,0.0497,0.0057495,0.00647599,0.00647599,2424.46201708
2019-06-01,Shops_excess,0.0699,0.00744049,0.00837171,0.00837171,2424.46201708
2019-06-01,Hlth_excess,0.0664,0.00793895,0.00795774,0.00795774,20309.17620905
2019-06-01,Utils_excess,0.0346,0.00605672,0.0060047,0.0060047,10000.0
2019-06-01,Other_excess,0.0641,0.00626474,0.00642485,0.00642485,4923.88263171
2019-07-01,NoDur_excess,0.0141,0.00684324,0.00762469,0.00762469,2424.46201708
2019-07-01,Durbl_excess,0.0064,0.00769982,0.00649013,0.00649013,2424.46201708
2019-07-01,Manuf_excess,0.0078,0.00739649,0.00758271,0.00758271,4923.88263171
2019-07-01,Enrgy_excess,-0.0283,0.00729955,0.00692308,0.00692308,4923.88263171
2019-07-01,HiTec_excess,0.0344,0.00837288,0.00872883,0.00872883,4923.88263171
2019-07-01,Telcm_excess,0.0186,0.0057891,0.00619228,0.00619228,2424.46201708
2019-07-01,Shops_excess,0.0083,0.00749676,0.00957266,0.00957266,2424.46201708
2019-07-01,Hlth_excess,-0.0235,0.00799162,0.00812114,0.00812114,20309.17620905
2019-07-01,Utils_excess,-0.012,0.00608243,0.00637005,0.00637005,10000.0
2019-07-01,Other_excess,0.0158,0.00631685,0.00617304,0.00617304,4923.88263171
2019-08-01,NoDur_excess,-0.0158,0.00684977,0.00571995,0.00571995,2424.46201708
2019-08-01,Durbl_excess,-0.0484,0.00769865,0.00426261,0.00426261,2424.46201708
2019-08-01,Manuf_excess,-0.0184,0.00739685,0.00676781,0.00676781,4923.88263171
2019-08-01,Enrgy_excess,-0.0867,0.00726751,0.0063286,0.0063286,4923.88263171
2019-08-01,HiTec_excess,-0.0275,0.00839631,0.00784336,0.00784336,4923.88263171
2019-08-01,Telcm_excess,0.0013,0.00580063,0.00516623,0.00516623,2424.46201708
2019-08-01,Shops_excess,-0.0004,0.00749748,0.00721363,0.00721363,2424.46201708
2019-08-01,Hlth_excess,-0.008,0.00796328,0.00784545,0.00784545,20309.17620905
2019-08-01,Utils_excess,0.0329,0.00606616,0.00585367,0.00585367,10000.0
2019-08-01,Other_excess,-0.0479,0.00632538,0.00527919,0.00527919,4923.88263171
2019-09-01,NoDur_excess,0.017,0.00682941,0.0079572,0.0079572,2424.46201708
2019-09-01,Durbl_excess,0.036,0.0076482,0.00876825,0.00876825,2424.46201708
2019-09-01,Manuf_excess,0.0366,0.00737365,0.00854951,0.00854951,4923.88263171
2019-09-01,Enrgy_excess,0.0351,0.007183,0.00725611,0.00725611,4923.88263171
2019-09-01,HiTec_excess,0.0111,0.00836403,0.00928187,0.00928187,4923.88263171
2019-09-01,Telcm_excess,0.0108,0.00579658,0.00759142,0.00759142,2424.46201708
2019-09-01,Shops_excess,0.0065,0.00749038,0.01011865,0.01011865,2424.46201708
2019-09-01,Hlth_excess,-0.0116,0.00794892,0.00816576,0.00816576,20309.17620905
2019-09-01,Utils_excess,0.0376,0.00609029,0.00648129,0.00648129,10000.0
2019-09-01,Other_excess,0.0173,0.00627662,0.00701117,0.00701117,4923.88263171
2019-10-01,NoDur_excess,-0.0007,0.00683854,0.00408584,0.00408584,2424.46201708
2019-10-01,Durbl_excess,0.0687,0.00767367,0.00207579,0.00207579,2424.46201708
2019-10-01,Manuf_excess,-0.0009,0.00739991,0.00599354,0.00599354,4923.88263171
2019-10-01,Enrgy_excess,-0.0223,0.00720809,0.00569634,0.00569634,4923.88263171
2019-10-01,HiTec_excess,0.0313,0.00836649,0.00719248,0.00719248,4923.88263171
2019-10-01,Telcm_excess,0.0204,0.00580108,0.00396971,0.00396971,2424.46201708
2019-10-01,Shops_excess,0.0052,0.00748949,0.00525505,0.00525505,2424.46201708
2019-10-01,Hlth_excess,0.0451,0.00793136,0.00766546,0.00766546,20309.17620905
2019-10-01,Utils_excess,-0.0154,0.0061186,0.00564194,0.00564194,10000.0
2019-10-01,Other_excess,0.0294,0.00628652,0.00418859,0.00418859,4923.88263171
2019-11-01,NoDur_excess,0.0215,0.00683178,0.0051577,0.0051577,2424.46201708
2019-11-01,Durbl_excess,0.0279,0.00772846,0.0039509,0.0039509,2424.46201708
2019-11-01,Manuf_excess,0.0314,0.00739246,0.00661092,0.00661092,4923.88263171
2019-11-01,Enrgy_excess,0.01,0.0071816,0.00607121,0.00607121,4923.88263171
2019-11-01,HiTec_excess,0.0515,0.00838707,0.0076548,0.0076548,4923.88263171
2019-11-01,Telcm_excess,0.0235,0.00581418,0.00474719,0.00474719,2424.46201708
2019-11-01,Shops_excess,0.0199,0.00748743,0.00664511,0.00664511,2424.46201708
2019-11-01,Hlth_excess,0.0536,0.00796472,0.00779966,0.00779966,20309.17620905
2019-11-01,Utils_excess,-0.0226,0.00609928,0.00581867,0.00581867,10000.0
2019-11-01,Other_excess,0.0493,0.00630727,0.0049601,0.0049601,4923.88263171
2019-12-01,NoDur_excess,0.0334,0.00684493,0.00549708,0.00549708,2424.46201708
2019-12-01,Durbl_excess,0.0526,0.00774655,0.00447513,0.00447513,2424.46201708
2019-12-01,Manuf_excess,0.012,0.00741399,0.00672276,0.00672276,4923.88263171
2019-12-01,Enrgy_excess,0.061,0.00718413,0.00597219,0.00597219,4923.88263171
2019-12-01,HiTec_excess,0.037,0.00842574,0.00814703,0.00814703,4923.88263171
2019-12-01,Telcm_excess,0.009,0.00583004,0.00506779,0.00506779,2424.46201708
2019-12-01,Shops_excess,0.0121,0.00749857,0.00701456,0.00701456,2424.46201708
2019-12-01,Hlth_excess,0.0331,0.00800565,0.00791412,0.00791412,20309.17620905
2019-12-01,Utils_excess,0.0398,0.00607354,0.00582756,0.00582756,10000.0
2019-12-01,Other_excess,0.0222,0.00634583,0.00510674,0.00510674,4923.88263171
2020-01-01,NoDur_excess,-0.0056,0.00686873,0.0052052,0.0052052,1193.77664171
2020-01-01,Durbl_excess,0.0602,0.00778674,0.00386006,0.00386006,2424.46201708
2020-01-01,Manuf_excess,-0.0287,0.0074181,0.00638845,0.00638845,4923.88263171
2020-01-01,Enrgy_excess,-0.12,0.00723235,0.00585196,0.00585196,4923.88263171
2020-01-01,HiTec_excess,0.0324,0.00845134,0.00802624,0.00802624,4923.88263171
2020-01-01,Telcm_excess,-0.0225,0.00583289,0.00454428,0.00454428,2424.46201708
2020-01-01,Shops_excess,0.0084,0.00750269,0.0067304,0.0067304,2424.46201708
2020-01-01,Hlth_excess,-0.0212,0.00802814,0.00787268,0.00787268,10000.0
2020-01-01,Utils_excess,0.047,0.00610376,0.00585127,0.00585127,10000.0
2020-01-01,Other_excess,-0.0147,0.00636004,0.00474466,0.00474466,4923.88263171
2020-02-01,NoDur_excess,-0.0888,0.00685756,0.00701308,0.00701308,1193.77664171
2020-02-01,Durbl_excess,-0.0737,0.00783366,0.00710416,0.00710416,2424.46201708
2020-02-01,Manuf_excess,-0.0873,0.00738577,0.00763011,0.00763011,4923.88263171
2020-02-01,Enrgy_excess,-0.1555,0.00711844,0.0065461,0.0065461,4923.88263171
2020-02-01,HiTec_excess,-0.0711,0.00847278,0.0084585,0.0084585,4923.88263171
2020-02-01,Telcm_excess,-0.0634,0.00580752,0.00672962,0.00672962,2424.46201708
2020-02-01,Shops_excess,-0.0684,0.00750349,0.00826349,0.00826349,2424.46201708
2020-02-01,Hlth_excess,-0.0549,0.00800197,0.00792362,0.00792362,10000.0
2020-02-01,Utils_excess,-0.1001,0.00614038,0.00606153,0.00606153,10000.0
2020-02-01,Other_excess,-0.0999,0.00634118,0.00630922,0.00630922,4923.88263171
2020-03-01,NoDur_excess,-0.1099,0.006772,0.00318075,0.00318075,1193.77664171
2020-03-01,Durbl_excess,-0.2279,0.00776073,0.00528119,0.00528119,2424.46201708
2020-03-01,Manuf_excess,-0.1703,0.00730107,0.00687613,0.00687613,4923.88263171
2020-03-01,Enrgy_excess,-0.3459,0.00697299,0.00579557,0.00579557,4923.88263171
2020-03-01,HiTec_excess,-0.0989,0.00840161,0.00757777,0.00757777,4923.88263171
2020-03-01,Telcm_excess,-0.1334,0.00574562,0.00513805,0.00513805,2424.46201708
2020-03-01,Shops_excess,-0.0803,0.0074356,0.00555297,0.00555297,2424.46201708
2020-03-01,Hlth_excess,-0.0521,0.00794571,0.00752403,0.00752403,10000.0
2020-03-01,Utils_excess,-0.1317,0.00604535,0.00547647,0.00547647,10000.0
2020-03-01,Other_excess,-0.1934,0.00624615,0.00506475,0.00506475,4923.88263171
2020-04-01,NoDur_excess,0.0775,0.00666774,-0.01290289,0.0,1193.77664171
2020-04-01,Durbl_excess,0.2549,0.00755013,0.00209227,0.00209227,2424.46201708
2020-04-01,Manuf_excess,0.1086,0.00714236,0.00605751,0.00605751,4923.88263171
2020-04-01,Enrgy_excess,0.3231,0.00665764,0.00384014,0.00384014,4923.88263171
2020-04-01,HiTec_excess,0.1492,0.00830572,0.00308055,0.00308055,4923.88263171
2020-04-01,Telcm_excess,0.0921,0.00562127,-0.00602188,0.0,2424.46201708
2020-04-01,Shops_excess,0.1824,0.00735719,-0.00594022,0.0,2424.46201708
2020-04-01,Hlth_excess,0.1345,0.00789205,0.00606905,0.00606905,10000.0
2020-04-01,Utils_excess,0.0518,0.00592225,0.00377625,0.00377625,10000.0
2020-04-01,Other_excess,0.1145,0.00606774,-0.00133408,0.0,4923.88263171
2020-05-01,NoDur_excess,0.0309,0.00673098,0.0101512,0.0101512,1193.77664171
2020-05-01,Durbl_excess,0.0712,0.00777098,0.01307803,0.01307803,2424.46201708
2020-05-01,Manuf_excess,0.0581,0.00723295,0.00953404,0.00953404,4923.88263171
2020-05-01,Enrgy_excess,0.0055,0.00694018,0.00750022,0.00750022,4923.88263171
2020-05-01,HiTec_excess,0.0762,0.00843152,0.01096472,0.01096472,4923.88263171
2020-05-01,Telcm_excess,0.048,0.00569848,0.00577245,0.00577245,2424.46201708
2020-05-01,Shops_excess,0.0447,0.00751348,0.01194122,0.01194122,2424.46201708
2020-05-01,Hlth_excess,0.0415,0.00800509,0.00898408,0.00898408,10000.0
2020-05-01,Utils_excess,0.0462,0.00596321,0.00651647,0.00651647,10000.0
2020-05-01,Other_excess,0.0459,0.00616455,0.00680372,0.00680372,4923.88263171
2020-06-01,NoDur_excess,-0.0015,0.00675254,0.00681985,0.00681985,1193.77664171
2020-06-01,Durbl_excess,0.1412,0.00782756,0.00833792,0.00833792,2424.46201708
2020-06-01,Manuf_excess,0.0259,0.00727832,0.00789761,0.00789761,4923.88263171
2020-06-01,Enrgy_excess,-0.004,0.00693889,0.00584821,0.00584821,4923.88263171
2020-06-01,HiTec_excess,0.0572,0.00849197,0.00934543,0.00934543,4923.88263171
2020-06-01,Telcm_excess,-0.0263,0.00573622,0.00494991,0.00494991,2424.46201708
2020-06-01,Shops_excess,0.0441,0.00754665,0.00912298,0.00912298,2424.46201708
2020-06-01,Hlth_excess,-0.0145,0.00803497,0.00818861,0.00818861,10000.0
2020-06-01,Utils_excess,-0.0503,0.00599911,0.00591276,0.00591276,10000.0
2020-06-01,Other_excess,0.0049,0.0062,0.00578911,0.00578911,4923.88263171
2020-07-01,NoDur_excess,0.0586,0.00674519,0.00523793,0.00523793,1193.77664171
2020-07-01,Durbl_excess,0.1867,0.00794643,0.00781327,0.00781327,2424.46201708
2020-07-01,Manuf_excess,0.0455,0.00729492,0.00743035,0.00743035,4923.88263171
2020-07-01,Enrgy_excess,-0.048,0.00692914,0.00595859,0.00595859,4923.88263171
2020-07-01,HiTec_excess,0.0686,0.00853538,0.00847493,0.00847493,4923.88263171
2020-07-01,Telcm_excess,0.0505,0.00570766,0.00427572,0.00427572,2424.46201708
2020-07-01,Shops_excess,0.0942,0.00757923,0.0082728,0.0082728,2424.46201708
2020-07-01,Hlth_excess,0.0438,0.00801488,0.00779697,0.00779697,10000.0
2020-07-01,Utils_excess,0.0633,0.00594893,0.00552339,0.00552339,10000.0
2020-07-01,Other_excess,0.038,0.00619884,0.00527628,0.00527628,4923.88263171
2020-08-01,NoDur_excess,0.0444,0.00679136,0.00945001,0.00945001,1193.77664171
2020-08-01,Durbl_excess,0.4098,0.00810561,0.01020652,0.01020652,2424.46201708
2020-08-01,Manuf_excess,0.0616,0.00732894,0.00816997,0.00816997,4923.88263171
2020-08-01,Enrgy_excess,-0.0115,0.00688023,0.00532701,0.00532701,4923.88263171
2020-08-01,HiTec_excess,0.1061,0.00858887,0.00956842,0.00956842,4923.88263171
2020-08-01,Telcm_excess,0.0559,0.00574755,0.0062403,0.0062403,2424.46201708
2020-08-01,Shops_excess,0.0806,0.00765637,0.01107597,0.01107597,2424.46201708
2020-08-01,Hlth_excess,0.0234,0.00804675,0.00817384,0.00817384,10000.0
2020-08-01,Utils_excess,-0.0226,0.006,0.00614247,0.00614247,10000.0
2020-08-01,Other_excess,0.0678,0.00622716,0.00651952,0.00651952,4923.88263171
2020-09-01,NoDur_excess,-0.0209,0.00682482,-0.0007105,0.0,1193.77664171
2020-09-01,Durbl_excess,-0.0905,0.00846299,0.00367908,0.00367908,2424.46201708
2020-09-01,Manuf_excess,-0.0015,0.00737722,0.00534799,0.00534799,4923.88263171
2020-09-01,Enrgy_excess,-0.15,0.00686388,0.00402782,0.00402782,4923.88263171
2020-09-01,HiTec_excess,-0.0525,0.00867562,0.0071501,0.0071501,4923.88263171
2020-09-01,Telcm_excess,-0.0198,0.00579217,0.00229441,0.00229441,2424.46201708
2020-09-01,Shops_excess,-0.0387,0.00772126,0.00385913,0.00385913,2424.46201708
2020-09-01,Hlth_excess,-0.0144,0.00806041,0.00704097,0.00704097,10000.0
2020-09-01,Utils_excess,-0.0033,0.00597456,0.00459676,0.00459676,10000.0
2020-09-01,Other_excess,-0.0296,0.00628194,0.00311112,0.00311112,4923.88263171
2020-10-01,NoDur_excess,-0.0271,0.00680018,0.00360888,0.00360888,1193.77664171
2020-10-01,Durbl_excess,-0.0326,0.00837502,0.00815552,0.00815552,2424.46201708
2020-10-01,Manuf_excess,-0.0077,0.00736933,0.00696683,0.00696683,4923.88263171
2020-10-01,Enrgy_excess,-0.0447,0.00672444,0.00473839,0.00473839,4923.88263171
2020-10-01,HiTec_excess,-0.0179,0.00862124,0.00854471,0.00854471,4923.88263171
2020-10-01,Telcm_excess,-0.039,0.00576942,0.00419221,0.00419221,2424.46201708
2020-10-01,Shops_excess,-0.027,0.00768,0.00717877,0.00717877,2424.46201708
2020-10-01,Hlth_excess,-0.0438,0.00804044,0.00769241,0.00769241,10000.0
2020-10-01,Utils_excess,0.0446,0.00596631,0.00524355,0.00524355,10000.0
2020-10-01,Other_excess,-0.0171,0.00625004,0.00463691,0.00463691,4923.88263171
2020-11-01,NoDur_excess,0.1001,0.00677007,0.00253841,0.00253841,1193.77664171
2020-11-01,Durbl_excess,0.3389,0.00833863,0.00651303,0.00651303,2424.46201708
2020-11-01,Manuf_excess,0.1395,0.00735595,0.00637799,0.00637799,4923.88263171
2020-11-01,Enrgy_excess,0.2852,0.00667877,0.0040612,0.0040612,4923.88263171
2020-11-01,HiTec_excess,0.1071,0.00859769,0.00817114,0.00817114,4923.88263171
2020-11-01,Telcm_excess,0.1446,0.00572966,0.00323365,0.00323365,2424.46201708
2020-11-01,Shops_excess,0.0829,0.0076492,0.00601389,0.00601389,2424.46201708
2020-11-01,Hlth_excess,0.0982,0.0079944,0.0074216,0.0074216,10000.0
2020-11-01,Utils_excess,0.0265,0.00600062,0.00525236,0.00525236,10000.0
2020-11-01,Other_excess,0.1587,0.00622931,0.0039951,0.0039951,4923.88263171
2020-12-01,NoDur_excess,0.049,0.00685288,0.00992002,0.00992002,1193.77664171
2020-12-01,Durbl_excess,0.1538,0.00863194,0.01273775,0.01273775,2424.46201708
2020-12-01,Manuf_excess,0.0251,0.0074732,0.00827236,0.00827236,4923.88263171
2020-12-01,Enrgy_excess,0.0568,0.00692591,0.00493562,0.00493562,4923.88263171
2020-12-01,HiTec_excess,0.0507,0.00868509,0.01013969,0.01013969,4923.88263171
2020-12-01,Telcm_excess,0.0511,0.00585288,0.00624019,0.00624019,2424.46201708
2020-12-01,Shops_excess,0.0137,0.00771597,0.01114041,0.01114041,2424.46201708
2020-12-01,Hlth_excess,0.047,0.00807445,0.00826271,0.00826271,10000.0
2020-12-01,Utils_excess,0.0061,0.00601881,0.00617187,0.00617187,10000.0
2020-12-01,Other_excess,0.0566,0.0063646,0.00636072,0.00636072,4923.88263171
2021-01-01,NoDur_excess,-0.0415,0.00689025,0.00402972,0.00402972,1193.77664171
2021-01-01,Durbl_excess,0.1148,0.00876064,0.00848695,0.00848695,1193.77664171
2021-01-01,Manuf_excess,-0.0232,0.00748883,0.00621525,0.00621525,2424.46201708
2021-01-01,Enrgy_excess,0.0505,0.00697012,0.004222,0.004222,4923.88263171
2021-01-01,HiTec_excess,0.0056,0.00872234,0.00840246,0.00840246,4923.88263171
2021-01-01,Telcm_excess,-0.0355,0.005893,0.00553861,0.00553861,20309.17620905
2021-01-01,Shops_excess,-0.0006,0.00772128,0.00665624,0.00665624,2424.46201708
2021-01-01,Hlth_excess,0.0342,0.00810895,0.0072339,0.0072339,4923.88263171
2021-01-01,Utils_excess,-0.0044,0.00601888,0.0055912,0.0055912,20309.17620905
2021-01-01,Other_excess,-0.0272,0.00640913,0.00452121,0.00452121,4923.88263171
2021-02-01,NoDur_excess,0.0132,0.00684739,-2.724e-05,0.0,1193.77664171
2021-02-01,Durbl_excess,-0.0808,0.00885456,0.00334097,0.00334097,1193.77664171
2021-02-01,Manuf_excess,0.0553,0.00746165,0.00411778,0.00411778,2424.46201708
2021-02-01,Enrgy_excess,0.2362,0.00700868,0.00422805,0.00422805,4923.88263171
2021-02-01,HiTec_excess,0.0136,0.00871957,0.00703335,0.00703335,4923.88263171
2021-02-01,Telcm_excess,0.0426,0.00585633,0.00525851,0.00525851,20309.17620905
2021-02-01,Shops_excess,-0.0165,0.00771391,0.00376014,0.00376014,2424.46201708
2021-02-01,Hlth_excess,-0.0125,0.00813206,0.00630709,0.00630709,4923.88263171
2021-02-01,Utils_excess,-0.0459,0.00600965,0.00534425,0.00534425,20309.17620905
2021-02-01,Other_excess,0.0979,0.00637936,0.00319611,0.00319611,4923.88263171
2021-03-01,NoDur_excess,0.0728,0.00685301,0.0003747,0.0003747,1193.77664171
2021-03-01,Durbl_excess,0.0087,0.00877522,0.00188545,0.00188545,1193.77664171
2021-03-01,Manuf_excess,0.0771,0.00750398,0.00366157,0.00366157,2424.46201708
2021-03-01,Enrgy_excess,0.0228,0.0072115,0.00451274,0.00451274,4923.88263171
2021-03-01,HiTec_excess,0.0087,0.00872389,0.00678396,0.00678396,4923.88263171
2021-03-01,Telcm_excess,0.0163,0.00588885,0.00523338,0.00523338,20309.17620905
2021-03-01,Shops_excess,0.0573,0.00769248,0.00330481,0.00330481,2424.46201708
2021-03-01,Hlth_excess,-0.0009,0.00811381,0.00602488,0.00602488,4923.88263171
2021-03-01,Utils_excess,0.1039,0.00596372,0.00533049,0.00533049,20309.17620905
2021-03-01,Other_excess,0.0526,0.00646035,0.00316957,0.00316957,4923.88263171
2021-04-01,NoDur_excess,0.0332,0.00691132,-0.00066506,0.0,1193.77664171
2021-04-01,Durbl_excess,0.044,0.00877515,0.00057398,0.00057398,1193.77664171
2021-04-01,Manuf_excess,0.0244,0.00756552,0.00344554,0.00344554,2424.46201708
2021-04-01,Enrgy_excess,0.0075,0.00722529,0.00463595,0.00463595,4923.88263171
2021-04-01,HiTec_excess,0.0642,0.00872387,0.00633019,0.00633019,4923.88263171
2021-04-01,Telcm_excess,0.0308,0.00589805,0.00527118,0.00527118,20309.17620905
2021-04-01,Shops_excess,0.0703,0.00773634,0.00263736,0.00263736,2424.46201708
2021-04-01,Hlth_excess,0.0296,0.00810584,0.00558519,0.00558519,4923.88263171
2021-04-01,Utils_excess,0.0398,0.00605031,0.0053626,0.0053626,20309.17620905
2021-04-01,Other_excess,0.057,0.00650115,0.00301688,0.00301688,4923.88263171
2021-05-01,NoDur_excess,0.0197,0.00693454,0.00257324,0.00257324,1193.77664171
2021-05-01,Durbl_excess,-0.0533,0.00880627,0.00600628,0.00600628,1193.77664171
2021-05-01,Manuf_excess,0.0277,0.00758039,0.0052333,0.0052333,2424.46201708
2021-05-01,Enrgy_excess,0.062,0.00722553,0.00496847,0.00496847,4923.88263171
2021-05-01,HiTec_excess,-0.0089,0.00877288,0.00740451,0.00740451,4923.88263171
2021-05-01,Telcm_excess,-0.0051,0.00592005,0.00561203,0.00561203,20309.17620905
2021-05-01,Shops_excess,-0.0215,0.00779161,0.00531923,0.00531923,2424.46201708
2021-05-01,Hlth_excess,-0.0012,0.00812482,0.00633859,0.00633859,4923.88263171
2021-05-01,Utils_excess,-0.0116,0.00608012,0.00557803,0.00557803,20309.17620905
2021-05-01,Other_excess,0.0277,0.00654576,0.00444225,0.00444225,4923.88263171
2021-06-01,NoDur_excess,-0.0081,0.00694581,0.00214883,0.00214883,1193.77664171
2021-06-01,Durbl_excess,0.0556,0.00875146,0.00416339,0.00416339,1193.77664171
2021-06-01,Manuf_excess,-0.0101,0.00759815,0.00485609,0.00485609,2424.46201708
2021-06-01,Enrgy_excess,0.0553,0.00727387,0.00506452,0.00506452,4923.88263171
2021-06-01,HiTec_excess,0.0677,0.00875728,0.00713592,0.00713592,4923.88263171
2021-06-01,Telcm_excess,-0.0001,0.00591033,0.00550517,0.00550517,20309.17620905
2021-06-01,Shops_excess,0.0293,0.00776575,0.00465796,0.00465796,2424.46201708
2021-06-01,Hlth_excess,0.0441,0.00811659,0.00619575,0.00619575,4923.88263171
2021-06-01,Utils_excess,-0.0142,0.00606452,0.00556303,0.00556303,20309.17620905
2021-06-01,Other_excess,-0.0202,0.00656443,0.00418152,0.00418152,4923.88263171
2021-07-01,NoDur_excess,0.0023,0.00693254,0.00520097,0.00520097,1193.77664171
2021-07-01,Durbl_excess,-0.0096,0.00879277,0.00877131,0.00877131,1193.77664171
2021-07-01,Manuf_excess,0.0133,0.00758254,0.00628542,0.00628542,2424.46201708
2021-07-01,Enrgy_excess,-0.0866,0.00731623,0.00546838,0.00546838,4923.88263171
2021-07-01,HiTec_excess,0.036,0.00880926,0.00807086,0.00807086,4923.88263171
2021-07-01,Telcm_excess,0.0036,0.00590503,0.00570908,0.00570908,20309.17620905
2021-07-01,Shops_excess,0.0025,0.00778474,0.0069567,0.0069567,2424.46201708
2021-07-01,Hlth_excess,0.0284,0.00814832,0.0069385,0.0069385,4923.88263171
2021-07-01,Utils_excess,0.0297,0.00604665,0.00574642,0.00574642,20309.17620905
2021-07-01,Other_excess,-0.0057,0.00654083,0.00521649,0.00521649,4923.88263171
2021-08-01,NoDur_excess,-0.0028,0.00692846,0.00332786,0.00332786,1193.77664171
2021-08-01,Durbl_excess,0.0178,0.00877656,0.00678139,0.00678139,1193.77664171
2021-08-01,Manuf_excess,0.0055,0.00758758,0.00601427,0.00601427,2424.46201708
2021-08-01,Enrgy_excess,-0.0116,0.00723348,0.00538666,0.00538666,4923.88263171
2021-08-01,HiTec_excess,0.0464,0.00883322,0.00821261,0.00821261,4923.88263171
2021-08-01,Telcm_excess,0.0137,0.005903,0.00566519,0.00566519,20309.17620905
2021-08-01,Shops_excess,0.0241,0.00778009,0.0059622,0.0059622,2424.46201708
2021-08-01,Hlth_excess,0.0284,0.00816617,0.00707125,0.00707125,4923.88263171
2021-08-01,Utils_excess,0.0323,0.00606749,0.0056565,0.0056565,20309.17620905
2021-08-01,Other_excess,0.027,0.00653004,0.00477025,0.00477025,4923.88263171
2021-09-01,NoDur_excess,-0.0458,0.00691989,0.00246518,0.00246518,1193.77664171
2021-09-01,Durbl_excess,0.028,0.00878451,0.00470371,0.00470371,1193.77664171
2021-09-01,Manuf_excess,-0.0579,0.00758574,0.00534431,0.00534431,2424.46201708
2021-09-01,Enrgy_excess,0.1108,0.0072169,0.0050526,0.0050526,4923.88263171
2021-09-01,HiTec_excess,-0.0614,0.00886629,0.00816436,0.00816436,4923.88263171
2021-09-01,Telcm_excess,-0.0558,0.00590986,0.00554705,0.00554705,20309.17620905
2021-09-01,Shops_excess,-0.0438,0.00779445,0.0051689,0.0051689,2424.46201708
2021-09-01,Hlth_excess,-0.0602,0.00818398,0.00699557,0.00699557,4923.88263171
2021-09-01,Utils_excess,-0.0487,0.00609058,0.00567333,0.00567333,20309.17620905
2021-09-01,Other_excess,-0.0245,0.00654806,0.00429714,0.00429714,4923.88263171
2021-10-01,NoDur_excess,0.0374,0.00687353,0.00182259,0.00182259,1193.77664171
2021-10-01,Durbl_excess,0.3078,0.00880141,0.00352418,0.00352418,1193.77664171
2021-10-01,Manuf_excess,0.0499,0.00752814,0.00473282,0.00473282,2424.46201708
2021-10-01,Enrgy_excess,0.1027,0.007308,0.00532593,0.00532593,4923.88263171
2021-10-01,HiTec_excess,0.0814,0.00880449,0.00776404,0.00776404,4923.88263171
2021-10-01,Telcm_excess,-0.0424,0.00585558,0.00538846,0.00538846,20309.17620905
2021-10-01,Shops_excess,0.0515,0.00774908,0.00446939,0.00446939,2424.46201708
2021-10-01,Hlth_excess,0.0223,0.00812383,0.00666289,0.00666289,4923.88263171
2021-10-01,Utils_excess,0.0511,0.00604239,0.00561687,0.00561687,20309.17620905
2021-10-01,Other_excess,0.0668,0.00652076,0.00397043,0.00397043,4923.88263171
2021-11-01,NoDur_excess,-0.0388,0.00690035,0.00357265,0.00357265,1193.77664171
2021-11-01,Durbl_excess,0.0204,0.00906415,0.00711394,0.00711394,1193.77664171
2021-11-01,Manuf_excess,-0.007,0.00756538,0.00554106,0.00554106,2424.46201708
2021-11-01,Enrgy_excess,-0.0541,0.00739183,0.00561729,0.00561729,4923.88263171
2021-11-01,HiTec_excess,0.0144,0.00886828,0.00784073,0.00784073,4923.88263171
2021-11-01,Telcm_excess,-0.072,0.00581318,0.0054496,0.0054496,20309.17620905
2021-11-01,Shops_excess,0.0146,0.00778752,0.00583358,0.00583358,2424.46201708
2021-11-01,Hlth_excess,-0.0427,0.00813629,0.00666279,0.00666279,4923.88263171
2021-11-01,Utils_excess,-0.0198,0.00608199,0.00572335,0.00572335,20309.17620905
2021-11-01,Other_excess,-0.0549,0.00657373,0.00477392,0.00477392,4923.88263171
2021-12-01,NoDur_excess,0.0807,0.00686023,0.00220601,0.00220601,1193.77664171
2021-12-01,Durbl_excess,-0.0466,0.0090741,0.00616213,0.00616213,1193.77664171
2021-12-01,Manuf_excess,0.0581,0.00755259,0.00549413,0.00549413,2424.46201708
2021-12-01,Enrgy_excess,0.0305,0.00733784,0.0057581,0.0057581,4923.88263171
2021-12-01,HiTec_excess,0.0167,0.00887313,0.00803186,0.00803186,4923.88263171
2021-12-01,Telcm_excess,0.0395,0.00574486,0.00538723,0.00538723,20309.17620905
2021-12-01,Shops_excess,0.0152,0.0077935,0.0053158,0.0053158,2424.46201708
2021-12-01,Hlth_excess,0.0658,0.00809166,0.00670058,0.00670058,4923.88263171
2021-12-01,Utils_excess,0.0856,0.00605926,0.00559993,0.00559993,20309.17620905
2021-12-01,Other_excess,0.0494,0.00651975,0.00452029,0.00452029,4923.88263171
2022-01-01,NoDur_excess,-0.0065,0.006925,0.00335084,0.00335084,2424.46201708
2022-01-01,Durbl_excess,-0.1031,0.00902526,0.00596526,0.00596526,2424.46201708
2022-01-01,Manuf_excess,-0.0584,0.00759693,0.00516116,0.00516116,2424.46201708
2022-01-01,Enrgy_excess,0.1742,0.00735816,0.00570225,0.00570225,4923.88263171
2022-01-01,HiTec_excess,-0.0843,0.00888,0.00792213,0.00792213,4923.88263171
2022-01-01,Telcm_excess,-0.0193,0.00577447,0.00529551,0.00529551,20309.17620905
2022-01-01,Shops_excess,-0.0883,0.0078,0.00480578,0.00480578,2424.46201708
2022-01-01,Hlth_excess,-0.0877,0.00814228,0.0067543,0.0067543,4923.88263171
2022-01-01,Utils_excess,-0.021,0.00612904,0.00612904,0.00612904,1e+16
2022-01-01,Other_excess,-0.0326,0.00655737,0.00416008,0.00416008,4923.88263171
2022-02-01,NoDur_excess,-0.0057,0.00691323,0.00160836,0.00160836,2424.46201708
2022-02-01,Durbl_excess,-0.0707,0.00892699,0.00295708,0.00295708,2424.46201708
2022-02-01,Manuf_excess,-0.0123,0.00753909,0.00353599,0.00353599,2424.46201708
2022-02-01,Enrgy_excess,0.0836,0.00750438,0.00600708,0.00600708,4923.88263171
2022-02-01,HiTec_excess,-0.0452,0.00879833,0.00642143,0.00642143,4923.88263171
2022-02-01,Telcm_excess,0.0029,0.0057525,0.00512002,0.00512002,20309.17620905
2022-02-01,Shops_excess,-0.0155,0.00771578,0.00245449,0.00245449,2424.46201708
2022-02-01,Hlth_excess,-0.0101,0.00805828,0.00557363,0.00557363,4923.88263171
2022-02-01,Utils_excess,-0.0109,0.00610526,0.00610526,0.00610526,1e+16
2022-02-01,Other_excess,-0.0172,0.00652305,0.00332393,0.00332393,4923.88263171
2022-03-01,NoDur_excess,0.0044,0.00690219,0.00236234,0.00236234,2424.46201708
2022-03-01,Durbl_excess,0.1502,0.00885727,0.00389454,0.00389454,2424.46201708
2022-03-01,Manuf_excess,0.0091,0.00752172,0.00426532,0.00426532,2424.46201708
2022-03-01,Enrgy_excess,0.0978,0.00757102,0.00650887,0.00650887,4923.88263171
2022-03-01,HiTec_excess,0.0327,0.00875105,0.00659135,0.00659135,4923.88263171
2022-03-01,Telcm_excess,-0.0243,0.00575,0.00521433,0.00521433,20309.17620905
2022-03-01,Shops_excess,0.0297,0.00769545,0.00340422,0.00340422,2424.46201708
2022-03-01,Hlth_excess,0.0514,0.00804238,0.00585413,0.00585413,4923.88263171
2022-03-01,Utils_excess,0.0968,0.00609037,0.00609037,0.00609037,1e+16
2022-03-01,Other_excess,0.0108,0.00650228,0.0037995,0.0037995,4923.88263171
2022-04-01,NoDur_excess,0.0225,0.0069,0.00293652,0.00293652,2424.46201708
2022-04-01,Durbl_excess,-0.1691,0.00898093,0.00481369,0.00481369,2424.46201708
2022-04-01,Manuf_excess,-0.053,0.0075231,0.00441396,0.00441396,2424.46201708
2022-04-01,Enrgy_excess,-0.0129,0.00764996,0.00675333,0.00675333,4923.88263171
2022-04-01,HiTec_excess,-0.1261,0.008772,0.00630383,0.00630383,4923.88263171
2022-04-01,Telcm_excess,-0.1057,0.00572371,0.00509093,0.00509093,20309.17620905
2022-04-01,Shops_excess,-0.0979,0.0077147,0.0039952,0.0039952,2424.46201708
2022-04-01,Hlth_excess,-0.0692,0.00808031,0.00571753,0.00571753,4923.88263171
2022-04-01,Utils_excess,-0.0372,0.00616973,0.00616973,0.00616973,1e+16
2022-04-01,Other_excess,-0.0914,0.00650604,0.00397226,0.00397226,4923.88263171
2022-05-01,NoDur_excess,-0.0166,0.00691364,0.00242538,0.00242538,2424.46201708
2022-05-01,Durbl_excess,-0.0907,0.00882526,0.00354391,0.00354391,2424.46201708
2022-05-01,Manuf_excess,-0.004,0.00747019,0.00435206,0.00435206,2424.46201708
2022-05-01,Enrgy_excess,0.1554,0.00763199,0.00719842,0.00719842,4923.88263171
2022-05-01,HiTec_excess,-0.0212,0.00865411,0.00634921,0.00634921,4923.88263171
2022-05-01,Telcm_excess,0.0863,0.00562631,0.00498597,0.00498597,20309.17620905
2022-05-01,Shops_excess,-0.0413,0.00762238,0.00304943,0.00304943,2424.46201708
2022-05-01,Hlth_excess,0.0093,0.00801276,0.00595883,0.00595883,4923.88263171
2022-05-01,Utils_excess,0.0477,0.00613182,0.00613182,0.00613182,1e+16
2022-05-01,Other_excess,0.0059,0.00642045,0.00365947,0.00365947,4923.88263171
2022-06-01,NoDur_excess,-0.0395,0.0068931,0.00518715,0.00518715,2424.46201708
2022-06-01,Durbl_excess,-0.119,0.00873834,0.00742458,0.00742458,2424.46201708
2022-06-01,Manuf_excess,-0.0951,0.00746017,0.00631285,0.00631285,2424.46201708
2022-06-01,Enrgy_excess,-0.1661,0.00776105,0.00769651,0.00769651,4923.88263171
2022-06-01,HiTec_excess,-0.0819,0.00862803,0.00708758,0.00708758,4923.88263171
2022-06-01,Telcm_excess,-0.0669,0.00569677,0.0053194,0.0053194,20309.17620905
2022-06-01,Shops_excess,-0.0779,0.00757965,0.00626909,0.00626909,2424.46201708
2022-06-01,Hlth_excess,-0.0208,0.00801389,0.00662397,0.00662397,4923.88263171
2022-06-01,Utils_excess,-0.066,0.00616812,0.00616812,0.00616812,1e+16
2022-06-01,Other_excess,-0.1002,0.00642,0.00504691,0.00504691,4923.88263171
2022-07-01,NoDur_excess,0.0405,0.00685262,0.0023881,0.0023881,2424.46201708
2022-07-01,Durbl_excess,0.2757,0.00862688,0.00281859,0.00281859,2424.46201708
2022-07-01,Manuf_excess,0.0825,0.00737068,0.00389916,0.00389916,2424.46201708
2022-07-01,Enrgy_excess,0.1039,0.00760934,0.00728034,0.00728034,4923.88263171
2022-07-01,HiTec_excess,0.1159,0.00854904,0.00535034,0.00535034,4923.88263171
2022-07-01,Telcm_excess,-0.0011,0.00563342,0.00504831,0.00504831,20309.17620905
2022-07-01,Shops_excess,0.1462,0.00750506,0.00279189,0.00279189,2424.46201708
2022-07-01,Hlth_excess,0.0269,0.00798874,0.00554992,0.00554992,4923.88263171
2022-07-01,Utils_excess,0.0619,0.00610515,0.00610515,0.00610515,1e+16
2022-07-01,Other_excess,0.0878,0.00632696,0.00360484,0.00360484,4923.88263171
2022-08-01,NoDur_excess,-0.0201,0.00688195,0.00749905,0.00749905,2424.46201708
2022-08-01,Durbl_excess,-0.0598,0.00885972,0.01023654,0.01023654,2424.46201708
2022-08-01,Manuf_excess,-0.0368,0.00743618,0.00799153,0.00799153,2424.46201708
2022-08-01,Enrgy_excess,0.0316,0.00769329,0.00696503,0.00696503,4923.88263171
2022-08-01,HiTec_excess,-0.0556,0.00864263,0.00902225,0.00902225,4923.88263171
2022-08-01,Telcm_excess,-0.0306,0.00562755,0.00550672,0.00550672,20309.17620905
2022-08-01,Shops_excess,-0.033,0.00762598,0.0091364,0.0091364,2424.46201708
2022-08-01,Hlth_excess,-0.0523,0.00800523,0.00829612,0.00829612,4923.88263171
2022-08-01,Utils_excess,-0.0008,0.00615379,0.00615379,0.00615379,1e+16
2022-08-01,Other_excess,-0.0271,0.00639799,0.00610828,0.00610828,4923.88263171
2022-09-01,NoDur_excess,-0.0856,0.00685845,0.00428659,0.00428659,2424.46201708
2022-09-01,Durbl_excess,-0.0674,0.00879991,0.00516426,0.00516426,2424.46201708
2022-09-01,Manuf_excess,-0.1173,0.00739765,0.00523442,0.00523442,2424.46201708
2022-09-01,Enrgy_excess,-0.0944,0.00771411,0.00694765,0.00694765,4923.88263171
2022-09-01,HiTec_excess,-0.1168,0.00858667,0.0072908,0.0072908,4923.88263171
2022-09-01,Telcm_excess,-0.1405,0.00559599,0.00513591,0.00513591,20309.17620905
2022-09-01,Shops_excess,-0.0782,0.00759059,0.00515062,0.00515062,2424.46201708
2022-09-01,Hlth_excess,-0.0211,0.0079527,0.00708542,0.00708542,4923.88263171
2022-09-01,Utils_excess,-0.118,0.00614774,0.00614774,0.00614774,1e+16
2022-09-01,Other_excess,-0.0829,0.00636882,0.00429471,0.00429471,4923.88263171
2022-10-01,NoDur_excess,0.0973,0.00677798,0.00265821,0.00265821,2424.46201708
2022-10-01,Durbl_excess,-0.0685,0.00873359,0.00280369,0.00280369,2424.46201708
2022-10-01,Manuf_excess,0.1198,0.00728912,0.00372599,0.00372599,2424.46201708
2022-10-01,Enrgy_excess,0.2323,0.00762524,0.0069529,0.0069529,4923.88263171
2022-10-01,HiTec_excess,0.0483,0.00847755,0.00603387,0.00603387,4923.88263171
2022-10-01,Telcm_excess,0.1037,0.00546884,0.004846,0.004846,20309.17620905
2022-10-01,Shops_excess,0.0412,0.00751593,0.00319561,0.00319561,2424.46201708
2022-10-01,Hlth_excess,0.0855,0.00792742,0.00641844,0.00641844,4923.88263171
2022-10-01,Utils_excess,0.0322,0.00603969,0.00603969,0.00603969,1e+16
2022-10-01,Other_excess,0.1125,0.00629112,0.00346567,0.00346567,4923.88263171
2022-11-01,NoDur_excess,0.0502,0.0068567,0.00494028,0.00494028,2424.46201708
2022-11-01,Durbl_excess,-0.0837,0.00866643,0.00508257,0.00508257,2424.46201708
2022-11-01,Manuf_excess,0.0873,0.00738696,0.00518414,0.00518414,2424.46201708
2022-11-01,Enrgy_excess,0.0075,0.00782061,0.00714487,0.00714487,4923.88263171
2022-11-01,HiTec_excess,0.0508,0.00851217,0.00651668,0.00651668,4923.88263171
2022-11-01,Telcm_excess,0.0189,0.00555426,0.00508678,0.00508678,20309.17620905
2022-11-01,Shops_excess,0.035,0.00754522,0.00562664,0.00562664,2424.46201708
2022-11-01,Hlth_excess,0.0506,0.00799487,0.00701952,0.00701952,4923.88263171
2022-11-01,Utils_excess,0.0656,0.00606243,0.00606243,0.00606243,1e+16
2022-11-01,Other_excess,0.0561,0.00638348,0.00444704,0.00444704,4923.88263171
2022-12-01,NoDur_excess,-0.0296,0.00689435,0.008461,0.008461,2424.46201708
2022-12-01,Durbl_excess,-0.284,0.00858619,0.00994202,0.00994202,2424.46201708
2022-12-01,Manuf_excess,-0.0269,0.00745639,0.00814014,0.00814014,2424.46201708
2022-12-01,Enrgy_excess,-0.0457,0.00782033,0.00695541,0.00695541,4923.88263171
2022-12-01,HiTec_excess,-0.0828,0.00854891,0.00862776,0.00862776,4923.88263171
2022-12-01,Telcm_excess,-0.0715,0.00556586,0.00544983,0.00544983,20309.17620905
2022-12-01,Shops_excess,-0.0826,0.00756907,0.01000745,0.01000745,2424.46201708
2022-12-01,Hlth_excess,-0.0205,0.00803189,0.00874366,0.00874366,4923.88263171
2022-12-01,Utils_excess,-0.0145,0.00611416,0.00611416,0.00611416,1e+16
2022-12-01,Other_excess,-0.0569,0.00642667,0.00624251,0.00624251,4923.88263171
2023-01-01,NoDur_excess,-0.0072,0.00686267,0.00632322,0.00632322,10000.0
2023-01-01,Durbl_excess,0.2869,0.0083322,0.00470124,0.00470124,2424.46201708
2023-01-01,Manuf_excess,0.0557,0.00742656,0.00644054,0.00644054,4923.88263171
2023-01-01,Enrgy_excess,0.024,0.00777387,0.00679183,0.00679183,4923.88263171
2023-01-01,HiTec_excess,0.0923,0.00846962,0.00743484,0.00743484,4923.88263171
2023-01-01,Telcm_excess,0.1321,0.00549896,0.00549896,0.00549896,1e+16
2023-01-01,Shops_excess,0.094,0.0074908,0.0067418,0.0067418,4923.88263171
2023-01-01,Hlth_excess,-0.014,0.00800712,0.00800307,0.00800307,4923.88263171
2023-01-01,Utils_excess,-0.0157,0.00609627,0.00609627,0.00609627,1e+16
2023-01-01,Other_excess,0.0717,0.0063717,0.00495897,0.00495897,4923.88263171
2023-02-01,NoDur_excess,-0.0251,0.00685048,0.00629375,0.00629375,10000.0
2023-02-01,Durbl_excess,0.1064,0.00857381,0.00555372,0.00555372,2424.46201708
2023-02-01,Manuf_excess,-0.0219,0.00746843,0.00616947,0.00616947,4923.88263171
2023-02-01,Enrgy_excess,-0.0724,0.00778794,0.00622236,0.00622236,4923.88263171
2023-02-01,HiTec_excess,-0.0054,0.00854232,0.00669608,0.00669608,4923.88263171
2023-02-01,Telcm_excess,-0.0684,0.00560876,0.00560876,0.00560876,1e+16
2023-02-01,Shops_excess,-0.0501,0.00756583,0.00700249,0.00700249,4923.88263171
2023-02-01,Hlth_excess,-0.0463,0.00798803,0.00729215,0.00729215,4923.88263171
2023-02-01,Utils_excess,-0.0566,0.00607736,0.00607736,0.00607736,1e+16
2023-02-01,Other_excess,-0.0278,0.00642836,0.00522588,0.00522588,4923.88263171
2023-03-01,NoDur_excess,0.0281,0.00682279,0.00536594,0.00536594,10000.0
2023-03-01,Durbl_excess,-0.01,0.00865858,0.00132274,0.00132274,2424.46201708
2023-03-01,Manuf_excess,0.0001,0.00744298,0.00475377,0.00475377,4923.88263171
2023-03-01,Enrgy_excess,-0.0079,0.00771846,0.00617414,0.00617414,4923.88263171
2023-03-01,HiTec_excess,0.1011,0.00853024,0.00531706,0.00531706,4923.88263171
2023-03-01,Telcm_excess,-0.0046,0.00554463,0.00554463,0.00554463,1e+16
2023-03-01,Shops_excess,0.0303,0.00751586,0.00474691,0.00474691,4923.88263171
2023-03-01,Hlth_excess,0.0213,0.00794099,0.00617097,0.00617097,4923.88263171
2023-03-01,Utils_excess,0.0359,0.00602305,0.00602305,0.00602305,1e+16
2023-03-01,Other_excess,-0.0536,0.0063987,0.00350395,0.00350395,4923.88263171
2023-04-01,NoDur_excess,0.0282,0.00684121,0.00622278,0.00622278,10000.0
2023-04-01,Durbl_excess,-0.1561,0.00864242,0.00608238,0.00608238,2424.46201708
2023-04-01,Manuf_excess,-0.0094,0.00743662,0.00631145,0.00631145,4923.88263171
2023-04-01,Enrgy_excess,0.0223,0.00770494,0.00637477,0.00637477,4923.88263171
2023-04-01,HiTec_excess,-0.0011,0.00861039,0.0072622,0.0072622,4923.88263171
2023-04-01,Telcm_excess,0.0064,0.00553584,0.00553584,0.00553584,1e+16
2023-04-01,Shops_excess,0.0189,0.00753558,0.00692085,0.00692085,4923.88263171
2023-04-01,Hlth_excess,0.0377,0.00795255,0.00752008,0.00752008,4923.88263171
2023-04-01,Utils_excess,0.0137,0.00604892,0.00604892,0.00604892,1e+16
2023-04-01,Other_excess,0.0145,0.00634675,0.00502596,0.00502596,4923.88263171
2023-05-01,NoDur_excess,-0.0578,0.00685969,0.0058564,0.0058564,10000.0
2023-05-01,Durbl_excess,0.1319,0.00849991,0.00286559,0.00286559,2424.46201708
2023-05-01,Manuf_excess,-0.059,0.00742206,0.00531351,0.00531351,4923.88263171
2023-05-01,Enrgy_excess,-0.0987,0.00771756,0.00588208,0.00588208,4923.88263171
2023-05-01,HiTec_excess,0.0819,0.00860199,0.00636268,0.00636268,4923.88263171
2023-05-01,Telcm_excess,-0.0977,0.00553659,0.00553659,0.00553659,1e+16
2023-05-01,Shops_excess,0.0016,0.00754542,0.00588244,0.00588244,4923.88263171
2023-05-01,Hlth_excess,-0.0402,0.00797829,0.00694483,0.00694483,4923.88263171
2023-05-01,Utils_excess,-0.0619,0.00605554,0.00605554,0.00605554,1e+16
2023-05-01,Other_excess,-0.032,0.00635381,0.00416874,0.00416874,4923.88263171
2023-06-01,NoDur_excess,0.0245,0.0068038,0.00554066,0.00554066,10000.0
2023-06-01,Durbl_excess,0.2426,0.00860657,0.00231678,0.00231678,2424.46201708
2023-06-01,Manuf_excess,0.1028,0.00736465,0.00482493,0.00482493,4923.88263171
2023-06-01,Enrgy_excess,0.0614,0.00762558,0.00561914,0.00561914,4923.88263171
2023-06-01,HiTec_excess,0.0551,0.00866534,0.00639872,0.00639872,4923.88263171
2023-06-01,Telcm_excess,0.0422,0.00544736,0.00544736,0.00544736,1e+16
2023-06-01,Shops_excess,0.0743,0.00754028,0.00537064,0.00537064,4923.88263171
2023-06-01,Hlth_excess,0.0426,0.00793665,0.0066989,0.0066989,4923.88263171
2023-06-01,Utils_excess,0.0211,0.0059968,0.0059968,0.0059968,1e+16
2023-06-01,Other_excess,0.0704,0.00632066,0.00359615,0.00359615,4923.88263171
2023-07-01,NoDur_excess,0.0185,0.00681908,0.00577853,0.00577853,10000.0
2023-07-01,Durbl_excess,0.0231,0.00880864,0.00413757,0.00413757,2424.46201708
2023-07-01,Manuf_excess,0.0274,0.00744706,0.0051416,0.0051416,4923.88263171
2023-07-01,Enrgy_excess,0.0701,0.00767202,0.005311,0.005311,4923.88263171
2023-07-01,HiTec_excess,0.0377,0.00870544,0.00665474,0.00665474,4923.88263171
2023-07-01,Telcm_excess,0.005,0.0054791,0.0054791,0.0054791,1e+16
2023-07-01,Shops_excess,0.0181,0.00759793,0.00590993,0.00590993,4923.88263171
2023-07-01,Hlth_excess,-0.0057,0.00796658,0.00681531,0.00681531,4923.88263171
2023-07-01,Utils_excess,0.0232,0.00600984,0.00600984,0.00600984,1e+16
2023-07-01,Other_excess,0.0493,0.00637599,0.00394595,0.00394595,4923.88263171
2023-08-01,NoDur_excess,-0.0423,0.00682916,0.0057968,0.0057968,10000.0
2023-08-01,Durbl_excess,-0.048,0.00882097,0.00416714,0.00416714,2424.46201708
2023-08-01,Manuf_excess,-0.0283,0.00746428,0.00522837,0.00522837,4923.88263171
2023-08-01,Enrgy_excess,0.0152,0.00772588,0.00548559,0.00548559,4923.88263171
2023-08-01,HiTec_excess,-0.0209,0.00873046,0.00681045,0.00681045,4923.88263171
2023-08-01,Telcm_excess,-0.0029,0.00547869,0.00547869,0.00547869,1e+16
2023-08-01,Shops_excess,-0.0084,0.00760699,0.00597404,0.00597404,4923.88263171
2023-08-01,Hlth_excess,-0.0068,0.00795479,0.00684945,0.00684945,4923.88263171
2023-08-01,Utils_excess,-0.0581,0.00602468,0.00602468,0.00602468,1e+16
2023-08-01,Other_excess,-0.0382,0.00641303,0.00410251,0.00410251,4923.88263171
2023-09-01,NoDur_excess,-0.0503,0.00678681,0.00545231,0.00545231,10000.0
2023-09-01,Durbl_excess,-0.0301,0.00877198,0.00270403,0.00270403,2424.46201708
2023-09-01,Manuf_excess,-0.075,0.00743345,0.00475516,0.00475516,4923.88263171
2023-09-01,Enrgy_excess,0.0271,0.00773233,0.00567516,0.00567516,4923.88263171
2023-09-01,HiTec_excess,-0.0645,0.00870491,0.00607024,0.00607024,4923.88263171
2023-09-01,Telcm_excess,-0.0363,0.00547147,0.00547147,0.00547147,1e+16
2023-09-01,Shops_excess,-0.0609,0.00759319,0.00534989,0.00534989,4923.88263171
2023-09-01,Hlth_excess,-0.0513,0.00794207,0.00634219,0.00634219,4923.88263171
2023-09-01,Utils_excess,-0.0548,0.0059694,0.0059694,0.0059694,1e+16
2023-09-01,Other_excess,-0.0384,0.00637457,0.00358121,0.00358121,4923.88263171
2023-10-01,NoDur_excess,-0.0416,0.00673764,0.00530421,0.00530421,10000.0
2023-10-01,Durbl_excess,-0.1837,0.0087385,0.0018813,0.0018813,2424.46201708
2023-10-01,Manuf_excess,-0.0317,0.00736245,0.0044492,0.0044492,4923.88263171
2023-10-01,Enrgy_excess,-0.0658,0.00774901,0.00588226,0.00588226,4923.88263171
2023-10-01,HiTec_excess,-0.0224,0.00864186,0.00584708,0.00584708,4923.88263171
2023-10-01,Telcm_excess,-0.006,0.00543549,0.00543549,0.00543549,1e+16
2023-10-01,Shops_excess,-0.0007,0.00753419,0.00494499,0.00494499,4923.88263171
2023-10-01,Hlth_excess,-0.0506,0.00789104,0.00620356,0.00620356,4923.88263171
2023-10-01,Utils_excess,0.0055,0.00591705,0.00591705,0.00591705,1e+16
2023-10-01,Other_excess,-0.0316,0.006336,0.0033075,0.0033075,4923.88263171
2023-11-01,NoDur_excess,0.045,0.00669604,0.0054811,0.0054811,10000.0
2023-11-01,Durbl_excess,0.1533,0.00857289,0.0023223,0.0023223,2424.46201708
2023-11-01,Manuf_excess,0.0825,0.00732883,0.00482693,0.00482693,4923.88263171
2023-11-01,Enrgy_excess,-0.0178,0.00768571,0.00590234,0.00590234,4923.88263171
2023-11-01,HiTec_excess,0.1162,0.00861515,0.00634155,0.00634155,4923.88263171
2023-11-01,Telcm_excess,0.0652,0.00542565,0.00542565,0.00542565,1e+16
2023-11-01,Shops_excess,0.0673,0.00752711,0.00546474,0.00546474,4923.88263171
2023-11-01,Hlth_excess,0.0536,0.00784071,0.00652686,0.00652686,4923.88263171
2023-11-01,Utils_excess,0.0471,0.0059167,0.0059167,0.0059167,1e+16
2023-11-01,Other_excess,0.1001,0.00630336,0.00364558,0.00364558,4923.88263171
2023-12-01,NoDur_excess,0.0314,0.00672898,0.00673427,0.00673427,10000.0
2023-12-01,Durbl_excess,0.0616,0.00869733,0.00877266,0.00877266,2424.46201708
2023-12-01,Manuf_excess,0.059,0.00739347,0.0068284,0.0068284,4923.88263171
2023-12-01,Enrgy_excess,-0.0026,0.0076638,0.00566688,0.00566688,4923.88263171
2023-12-01,HiTec_excess,0.0419,0.00870765,0.00866392,0.00866392,4923.88263171
2023-12-01,Telcm_excess,0.0182,0.00547704,0.00547704,0.00547704,1e+16
2023-12-01,Shops_excess,0.0547,0.0075785,0.00844129,0.00844129,4923.88263171
2023-12-01,Hlth_excess,0.0648,0.00788005,0.00824835,0.00824835,4923.88263171
2023-12-01,Utils_excess,0.013,0.00595211,0.00595211,0.00595211,1e+16
2023-12-01,Other_excess,0.0619,0.00638401,0.00603094,0.00603094,4923.88263171
2024-01-01,NoDur_excess,-0.0241,0.00675017,0.00612797,0.00612797,2424.46201708
2024-01-01,Durbl_excess,-0.184,0.00874278,0.00672257,0.00672257,2424.46201708
2024-01-01,Manuf_excess,-0.0163,0.0074378,0.00617028,0.00617028,4923.88263171
2024-01-01,Enrgy_excess,-0.0058,0.00765498,0.00633332,0.00633332,10000.0
2024-01-01,HiTec_excess,0.0264,0.00873617,0.00801591,0.00801591,4923.88263171
2024-01-01,Telcm_excess,0.041,0.00548797,0.00547802,0.00547802,701703.82867038
2024-01-01,Shops_excess,0.0077,0.00761899,0.0080357,0.0080357,2424.46201708
2024-01-01,Hlth_excess,0.0305,0.00792895,0.00782422,0.00782422,4923.88263171
2024-01-01,Utils_excess,-0.0348,0.00595816,0.00595816,0.00595816,1e+16
2024-01-01,Other_excess,0.0052,0.0064317,0.00530954,0.00530954,4923.88263171
2024-02-01,NoDur_excess,0.0127,0.00672369,0.00295809,0.00295809,2424.46201708
2024-02-01,Durbl_excess,0.0679,0.00857734,0.00114768,0.00114768,2424.46201708
2024-02-01,Manuf_excess,0.0491,0.00741742,0.00431478,0.00431478,4923.88263171
2024-02-01,Enrgy_excess,0.0267,0.00764343,0.00611531,0.00611531,10000.0
2024-02-01,HiTec_excess,0.058,0.00875133,0.00589517,0.00589517,4923.88263171
2024-02-01,Telcm_excess,-0.0314,0.00551845,0.00549756,0.00549756,701703.82867038
2024-02-01,Shops_excess,0.0906,0.00761906,0.00408487,0.00408487,2424.46201708
2024-02-01,Hlth_excess,0.0421,0.00794833,0.00614647,0.00614647,4923.88263171
2024-02-01,Utils_excess,0.0197,0.00592318,0.00592318,0.00592318,1e+16
2024-02-01,Other_excess,0.0423,0.00643064,0.00344858,0.00344858,4923.88263171
2024-03-01,NoDur_excess,0.0253,0.00672882,0.00210157,0.00210157,2424.46201708
2024-03-01,Durbl_excess,-0.0602,0.00862822,2.542e-05,2.542e-05,2424.46201708
2024-03-01,Manuf_excess,0.0405,0.00745317,0.00387439,0.00387439,4923.88263171
2024-03-01,Enrgy_excess,0.0986,0.00765978,0.00605777,0.00605777,10000.0
2024-03-01,HiTec_excess,0.0193,0.00879357,0.0054127,0.0054127,4923.88263171
2024-03-01,Telcm_excess,0.0266,0.00548679,0.00546157,0.00546157,701703.82867038
2024-03-01,Shops_excess,0.0225,0.00769022,0.00324618,0.00324618,2424.46201708
2024-03-01,Hlth_excess,0.0176,0.00797762,0.00574485,0.00574485,4923.88263171
2024-03-01,Utils_excess,0.0661,0.00593499,0.00593499,0.00593499,1e+16
2024-03-01,Other_excess,0.0406,0.00646141,0.00292761,0.00292761,4923.88263171
2024-04-01,NoDur_excess,-0.0183,0.00674473,0.00332934,0.00332934,2424.46201708
2024-04-01,Durbl_excess,-0.0142,0.00856924,0.00141824,0.00141824,2424.46201708
2024-04-01,Manuf_excess,-0.044,0.00748149,0.00442719,0.00442719,4923.88263171
2024-04-01,Enrgy_excess,-0.0111,0.0077377,0.00613439,0.00613439,10000.0
2024-04-01,HiTec_excess,-0.0488,0.00880257,0.00597529,0.00597529,4923.88263171
2024-04-01,Telcm_excess,-0.07,0.00550488,0.0054836,0.0054836,701703.82867038
2024-04-01,Shops_excess,-0.052,0.00770291,0.00471182,0.00471182,2424.46201708
2024-04-01,Hlth_excess,-0.0634,0.00798586,0.00616753,0.00616753,4923.88263171
2024-04-01,Utils_excess,0.0111,0.00598655,0.00598655,0.00598655,1e+16
2024-04-01,Other_excess,-0.0503,0.00649066,0.00365068,0.00365068,4923.88263171
2024-05-01,NoDur_excess,0.0052,0.00672329,0.00218848,0.00218848,2424.46201708
2024-05-01,Durbl_excess,-0.0122,0.00854974,-0.00029487,0.0,2424.46201708
2024-05-01,Manuf_excess,0.0268,0.00743741,0.00388733,0.00388733,4923.88263171
2024-05-01,Enrgy_excess,-0.0089,0.00772158,0.00626944,0.00626944,10000.0
2024-05-01,HiTec_excess,0.0766,0.00875325,0.00542069,0.00542069,4923.88263171
2024-05-01,Telcm_excess,0.033,0.00544024,0.00541446,0.00541446,701703.82867038
2024-05-01,Shops_excess,0.0203,0.0076518,0.0029833,0.0029833,2424.46201708
2024-05-01,Hlth_excess,0.0276,0.00792474,0.00568605,0.00568605,4923.88263171
2024-05-01,Utils_excess,0.0759,0.00599092,0.00599092,0.00599092,1e+16
2024-05-01,Other_excess,0.0282,0.00644204,0.00283878,0.00283878,4923.88263171
2024-06-01,NoDur_excess,-0.0251,0.00672198,0.00423122,0.00423122,2424.46201708
2024-06-01,Durbl_excess,0.0572,0.00853199,0.00279652,0.00279652,2424.46201708
2024-06-01,Manuf_excess,-0.0231,0.00745398,0.00499916,0.00499916,4923.88263171
2024-06-01,Enrgy_excess,-0.0256,0.00770736,0.006225,0.006225,10000.0
2024-06-01,HiTec_excess,0.0716,0.00881129,0.00685436,0.00685436,4923.88263171
2024-06-01,Telcm_excess,-0.0101,0.00546382,0.00544634,0.00544634,701703.82867038
2024-06-01,Shops_excess,0.0312,0.00766262,0.00575717,0.00575717,2424.46201708
2024-06-01,Hlth_excess,0.0252,0.00794157,0.00675491,0.00675491,4923.88263171
2024-06-01,Utils_excess,-0.0457,0.00605073,0.00605073,0.00605073,1e+16
2024-06-01,Other_excess,-0.0054,0.00646065,0.00414976,0.00414976,4923.88263171
2024-07-01,NoDur_excess,0.0432,0.00669479,0.00352329,0.00352329,2424.46201708
2024-07-01,Durbl_excess,0.1113,0.00857359,0.00230807,0.00230807,2424.46201708
2024-07-01,Manuf_excess,0.0298,0.00742786,0.00477493,0.00477493,4923.88263171
2024-07-01,Enrgy_excess,0.0154,0.00767889,0.00620191,0.00620191,10000.0
2024-07-01,HiTec_excess,-0.022,0.00886496,0.00694536,0.00694536,4923.88263171
2024-07-01,Telcm_excess,0.034,0.00545051,0.00543169,0.00543169,701703.82867038
2024-07-01,Shops_excess,0.0009,0.00768274,0.00530036,0.00530036,2424.46201708
2024-07-01,Hlth_excess,0.0038,0.00795632,0.00672874,0.00672874,4923.88263171
2024-07-01,Utils_excess,0.0594,0.0060065,0.0060065,0.0060065,1e+16
2024-07-01,Other_excess,0.0575,0.00645051,0.00388933,0.00388933,4923.88263171
2024-08-01,NoDur_excess,0.0362,0.00672596,0.00425107,0.00425107,2424.46201708
2024-08-01,Durbl_excess,-0.0561,0.00866132,0.00380355,0.00380355,2424.46201708
2024-08-01,Manuf_excess,0.0115,0.00744697,0.0051098,0.0051098,4923.88263171
2024-08-01,Enrgy_excess,-0.034,0.00768548,0.00623055,0.00623055,10000.0
2024-08-01,HiTec_excess,0.0087,0.0088386,0.00709939,0.00709939,4923.88263171
2024-08-01,Telcm_excess,0.0076,0.00547489,0.00545812,0.00545812,701703.82867038
2024-08-01,Shops_excess,0.0088,0.00767694,0.00601296,0.00601296,2424.46201708
2024-08-01,Hlth_excess,0.0593,0.00795278,0.00690554,0.00690554,4923.88263171
2024-08-01,Utils_excess,0.041,0.00605209,0.00605209,0.00605209,1e+16
2024-08-01,Other_excess,0.0257,0.00649411,0.00430359,0.00430359,4923.88263171
2024-09-01,NoDur_excess,0.0058,0.00675111,0.00394089,0.00394089,2424.46201708
2024-09-01,Durbl_excess,0.1387,0.00860606,0.00332125,0.00332125,2424.46201708
2024-09-01,Manuf_excess,0.021,0.00745043,0.00501039,0.00501039,4923.88263171
2024-09-01,Enrgy_excess,-0.0355,0.00764991,0.00620655,0.00620655,10000.0
2024-09-01,HiTec_excess,0.0257,0.00883848,0.00704399,0.00704399,4923.88263171
2024-09-01,Telcm_excess,0.0516,0.00547671,0.00545776,0.00545776,701703.82867038
2024-09-01,Shops_excess,0.0327,0.0076779,0.00558569,0.00558569,2424.46201708
2024-09-01,Hlth_excess,-0.0224,0.00799659,0.00696436,0.00696436,4923.88263171
2024-09-01,Utils_excess,0.0494,0.00608191,0.00608191,0.00608191,1e+16
2024-09-01,Other_excess,0.0028,0.00651049,0.00407375,0.00407375,4923.88263171
2024-10-01,NoDur_excess,-0.0298,0.0067503,0.00409251,0.00409251,2424.46201708
2024-10-01,Durbl_excess,-0.0353,0.00871697,0.00399485,0.00399485,2424.46201708
2024-10-01,Manuf_excess,-0.0441,0.00746198,0.00507989,0.00507989,4923.88263171
2024-10-01,Enrgy_excess,-0.0093,0.00761313,0.00603685,0.00603685,10000.0
2024-10-01,HiTec_excess,-0.0061,0.00885286,0.0071522,0.0071522,4923.88263171
2024-10-01,Telcm_excess,0.0198,0.00551603,0.00549815,0.00549815,701703.82867038
2024-10-01,Shops_excess,-0.0153,0.00769923,0.0058211,0.0058211,2424.46201708
2024-10-01,Hlth_excess,-0.0354,0.00797067,0.00680939,0.00680939,4923.88263171
2024-10-01,Utils_excess,0.003,0.00611884,0.00611884,0.00611884,1e+16
2024-10-01,Other_excess,0.0071,0.00650733,0.00418804,0.00418804,4923.88263171
2024-11-01,NoDur_excess,0.0113,0.00671917,0.00256214,0.00256214,2424.46201708
2024-11-01,Durbl_excess,0.2931,0.00867947,0.00134352,0.00134352,2424.46201708
2024-11-01,Manuf_excess,0.0595,0.00741806,0.00419779,0.00419779,4923.88263171
2024-11-01,Enrgy_excess,0.0614,0.00759872,0.00604493,0.00604493,10000.0
2024-11-01,HiTec_excess,0.0455,0.00884012,0.0062753,0.0062753,4923.88263171
2024-11-01,Telcm_excess,0.0878,0.00552819,0.00550519,0.00550519,701703.82867038
2024-11-01,Shops_excess,0.0956,0.00767964,0.00365103,0.00365103,2424.46201708
2024-11-01,Hlth_excess,-0.0091,0.00793373,0.00598929,0.00598929,4923.88263171
2024-11-01,Utils_excess,0.0581,0.00611618,0.00611618,0.00611618,1e+16
2024-11-01,Other_excess,0.0978,0.00650784,0.00325607,0.00325607,4923.88263171
2024-12-01,NoDur_excess,-0.0541,0.00672306,0.00418808,0.00418808,2424.46201708
2024-12-01,Durbl_excess,0.1064,0.00892153,0.00471255,0.00471255,2424.46201708
2024-12-01,Manuf_excess,-0.0818,0.00746238,0.00504244,0.00504244,4923.88263171
2024-12-01,Enrgy_excess,-0.0935,0.00764451,0.0060758,0.0060758,10000.0
2024-12-01,HiTec_excess,0.0106,0.00887132,0.00722717,0.00722717,4923.88263171
2024-12-01,Telcm_excess,-0.0833,0.00559821,0.00558269,0.00558269,701703.82867038
2024-12-01,Shops_excess,-0.0224,0.00775447,0.00587959,0.00587959,2424.46201708
2024-12-01,Hlth_excess,-0.0575,0.00791923,0.00663235,0.00663235,4923.88263171
2024-12-01,Utils_excess,-0.0815,0.00616043,0.00616043,0.00616043,1e+16
2024-12-01,Other_excess,-0.0745,0.00658553,0.00430856,0.00430856,4923.88263171
