date,asset,realized,historical_mean,ols4_restricted,ridge_restricted,random_forest
1947-01-01,Durbl_excess,0.1087,0.01171542,0.00039278,0.00499415,0.0055709
1947-01-01,Enrgy_excess,-0.0068,0.00680375,0.00620595,0.00672832,0.0080616
1947-01-01,HiTec_excess,0.0535,0.00981917,0.00427765,0.00576596,0.0096376
1947-01-01,Hlth_excess,-0.0535,0.00859042,0.00917127,0.00858726,0.0178453
1947-01-01,Manuf_excess,0.0087,0.0094175,0.0026993,0.00941175,0.00562418
1947-01-01,NoDur_excess,0.0021,0.00666458,0.00534753,0.00438852,0.00524166
1947-01-01,Other_excess,0.0044,0.00624917,0.00258602,0.00528529,0.00247192
1947-01-01,Shops_excess,0.0066,0.00871292,0.00843208,0.00573817,0.00702213
1947-01-01,Telcm_excess,0.01,0.00691958,0.005318,0.00674048,0.00437175
1947-01-01,Utils_excess,-0.0017,0.00738917,0.00746026,0.00514567,0.00622988
1947-02-01,Durbl_excess,0.0145,0.01221708,0.00102158,0.00991223,0.01709768
1947-02-01,Enrgy_excess,-0.0274,0.0067325,0.00492742,0.00667686,0.01188831
1947-02-01,HiTec_excess,-0.0211,0.01009958,0.00398759,0.00897696,0.01381118
1947-02-01,Hlth_excess,-0.0423,0.00816667,0.00759712,0.00816629,0.0207816
1947-02-01,Manuf_excess,-0.0072,0.00946708,0.00173421,0.00946368,0.01378956
1947-02-01,NoDur_excess,-0.003,0.00671083,0.0047522,0.00650723,0.00915094
1947-02-01,Other_excess,-0.0131,0.00621542,0.00147786,0.00576971,0.01020481
1947-02-01,Shops_excess,-0.0044,0.00885667,0.00790108,0.00935172,0.01661641
1947-02-01,Telcm_excess,-0.0208,0.00689333,0.0053655,0.00696441,0.00831591
1947-02-01,Utils_excess,-0.0093,0.00746708,0.0066743,0.00776961,0.0173042
1947-03-01,Durbl_excess,-0.0273,0.011915,0.00118694,0.00973892,0.01477179
1947-03-01,Enrgy_excess,0.0226,0.00656792,0.00454839,0.0065346,0.01007804
1947-03-01,HiTec_excess,-0.0232,0.00983708,0.00367363,0.00900163,0.0116544
1947-03-01,Hlth_excess,-0.0129,0.00793,0.00703804,0.0079294,0.01523417
1947-03-01,Manuf_excess,-0.0163,0.00920583,0.0012782,0.00920305,0.01232352
1947-03-01,NoDur_excess,-0.0226,0.00656917,0.00478708,0.00639243,0.00915476
1947-03-01,Other_excess,-0.0338,0.00596042,0.00093391,0.00574024,0.01002246
1947-03-01,Shops_excess,-0.0223,0.00869833,0.00773878,0.0088693,0.01582572
1947-03-01,Telcm_excess,-0.0218,0.00665208,0.00443553,0.00668402,0.00644801
1947-03-01,Utils_excess,-0.0282,0.00725,0.00622313,0.00757102,0.01404773
1947-04-01,Durbl_excess,-0.0411,0.01174625,0.00197553,0.00918781,0.01057366
1947-04-01,Enrgy_excess,-0.0047,0.00692625,0.00613945,0.00696373,0.01048802
1947-04-01,HiTec_excess,-0.0524,0.00969167,0.00445556,0.00918595,0.00927153
1947-04-01,Hlth_excess,-0.0864,0.00784667,0.00739614,0.00784625,0.01284363
1947-04-01,Manuf_excess,-0.0577,0.00909,0.00225101,0.00908776,0.00932049
1947-04-01,NoDur_excess,-0.0668,0.00637208,0.00498049,0.0062133,0.00775488
1947-04-01,Other_excess,-0.063,0.00578333,0.00165882,0.00614361,0.00570166
1947-04-01,Shops_excess,-0.0801,0.00863708,0.0079827,0.0090403,0.01177975
1947-04-01,Telcm_excess,-0.0025,0.00633958,0.00394363,0.00666405,0.00629902
1947-04-01,Utils_excess,-0.0379,0.00712958,0.00649618,0.00769737,0.00971477
1947-05-01,Durbl_excess,-0.0217,0.01145458,4.114e-05,0.01319617,0.01441593
1947-05-01,Enrgy_excess,0.0253,0.0071325,0.00454568,0.00720745,0.01192686
1947-05-01,HiTec_excess,-0.003,0.00925875,0.00162443,0.01153786,0.01293138
1947-05-01,Hlth_excess,-0.0268,0.00738292,0.00539566,0.00738539,0.01275043
1947-05-01,Manuf_excess,-0.0212,0.00882833,0.0,0.008829,0.01171869
1947-05-01,NoDur_excess,-0.0058,0.00595792,0.00357694,0.00788529,0.00756746
1947-05-01,Other_excess,-0.021,0.00549542,0.0,0.00636295,0.01017393
1947-05-01,Shops_excess,-0.0039,0.00812708,0.00575969,0.01111823,0.01345577
1947-05-01,Telcm_excess,-0.0113,0.00642583,0.00136066,0.00671849,0.00855494
1947-05-01,Utils_excess,-0.0251,0.00691083,0.00352741,0.00969315,0.01514483
1947-06-01,Durbl_excess,0.0585,0.01112875,0.0,0.0120991,0.01089973
1947-06-01,Enrgy_excess,0.0774,0.00705125,0.00519221,0.00716691,0.01248152
1947-06-01,HiTec_excess,0.0384,0.00895167,0.00172789,0.01075174,0.00915217
1947-06-01,Hlth_excess,0.0417,0.00711167,0.00509666,0.00711316,0.00831761
1947-06-01,Manuf_excess,0.0573,0.00854083,0.0,0.00854206,0.0094177
1947-06-01,NoDur_excess,0.0651,0.00560042,0.00335564,0.00695188,0.00674148
1947-06-01,Other_excess,0.0316,0.00514708,0.0,0.00614591,0.00976573
1947-06-01,Shops_excess,0.0987,0.00802583,0.00579092,0.00962314,0.01175486
1947-06-01,Telcm_excess,-0.0322,0.00625167,0.00053182,0.00638256,0.0073291
1947-06-01,Utils_excess,0.0392,0.00643417,0.00283874,0.00821342,0.00932274
1947-07-01,Durbl_excess,0.0517,0.01150917,0.00161561,0.01162433,0.01291874
1947-07-01,Enrgy_excess,0.0385,0.00751583,0.00694453,0.00761293,0.01403294
1947-07-01,HiTec_excess,0.0631,0.00898542,0.0029519,0.01029026,0.00998725
1947-07-01,Hlth_excess,0.0258,0.00727375,0.0058462,0.00727459,0.01017662
1947-07-01,Manuf_excess,0.0384,0.0089075,0.00036853,0.00890776,0.01050737
1947-07-01,NoDur_excess,0.0462,0.00596458,0.00444527,0.00694194,0.0101446
1947-07-01,Other_excess,0.0595,0.00538,0.0,0.00616064,0.0091816
1947-07-01,Shops_excess,0.0458,0.00847333,0.00745997,0.00991074,0.01360671
1947-07-01,Telcm_excess,0.0078,0.00621833,0.00169917,0.00633844,0.00612601
1947-07-01,Utils_excess,0.0248,0.0067575,0.00465875,0.00836438,0.0140487
1947-08-01,Durbl_excess,-0.0079,0.01119125,0.00460104,0.00916935,0.0083142
1947-08-01,Enrgy_excess,-0.0233,0.00756958,0.01190397,0.00765473,0.01120783
1947-08-01,HiTec_excess,-0.0425,0.00874542,0.00912785,0.00924705,0.00763763
1947-08-01,Hlth_excess,-0.0386,0.00698375,0.00768047,0.0069826,0.00454871
1947-08-01,Manuf_excess,-0.0105,0.00857667,0.00740623,0.00857573,0.00692356
1947-08-01,NoDur_excess,-0.0141,0.00596792,0.00637395,0.0059477,0.00583342
1947-08-01,Other_excess,-0.0321,0.00538667,0.00610722,0.00590334,0.0028088
1947-08-01,Shops_excess,-0.0358,0.00826583,0.00912902,0.00803378,0.0093344
1947-08-01,Telcm_excess,0.0033,0.00610792,0.0049469,0.00623381,0.00429032
1947-08-01,Utils_excess,0.0021,0.00664417,0.01091917,0.00778688,0.00501715
1947-09-01,Durbl_excess,0.0011,0.0108775,0.00604033,0.00749168,0.00232691
1947-09-01,Enrgy_excess,-0.0277,0.00748583,0.01436608,0.00759375,0.01149824
1947-09-01,HiTec_excess,0.0108,0.00835042,0.01118515,0.00806136,0.00205395
1947-09-01,Hlth_excess,-0.0269,0.00682333,0.00836484,0.00682031,-0.00165716
1947-09-01,Manuf_excess,0.0065,0.00841792,0.00996802,0.00841706,0.00692522
1947-09-01,NoDur_excess,0.0033,0.00580708,0.00731178,0.00481608,0.00216552
1947-09-01,Other_excess,-0.0102,0.00530667,0.00838494,0.00581093,0.00306228
1947-09-01,Shops_excess,-0.0287,0.00782208,0.00934136,0.00550776,-0.00081495
1947-09-01,Telcm_excess,0.0077,0.00611542,0.00511785,0.00600722,0.0036694
1947-09-01,Utils_excess,-0.0139,0.00652875,0.013263,0.00650611,0.00302735
1947-10-01,Durbl_excess,0.0287,0.010655,0.00464247,0.00886572,0.00587692
1947-10-01,Enrgy_excess,0.0518,0.00724125,0.01271953,0.00736677,0.00860955
1947-10-01,HiTec_excess,0.0168,0.00835375,0.01020284,0.00941561,0.00795877
1947-10-01,Hlth_excess,0.0115,0.00648417,0.00706802,0.00648215,0.00115416
1947-10-01,Manuf_excess,0.0318,0.00826875,0.00790129,0.00826863,0.00750409
1947-10-01,NoDur_excess,0.013,0.00561,0.00670015,0.00552567,0.00403123
1947-10-01,Other_excess,0.0094,0.00508208,0.00591231,0.0059233,0.00243804
1947-10-01,Shops_excess,0.0297,0.00739875,0.00767113,0.0068706,0.00441231
1947-10-01,Telcm_excess,0.0015,0.00588333,0.00365021,0.00602526,0.00278469
1947-10-01,Utils_excess,0.0009,0.00613417,0.01159668,0.00741553,0.0036054
1947-11-01,Durbl_excess,-0.0276,0.01096875,0.00446676,0.01164971,0.01330332
1947-11-01,Enrgy_excess,-0.0041,0.00755375,0.01257127,0.00766012,0.01428678
1947-11-01,HiTec_excess,-0.0061,0.00873583,0.01002881,0.01150841,0.01227301
1947-11-01,Hlth_excess,-0.0312,0.00632833,0.00646596,0.00632892,0.00392859
1947-11-01,Manuf_excess,-0.0128,0.00869083,0.00760033,0.00869198,0.0141728
1947-11-01,NoDur_excess,-0.0176,0.00570125,0.00641671,0.00707603,0.00760395
1947-11-01,Other_excess,-0.0204,0.00529125,0.00499303,0.00611963,0.00905817
1947-11-01,Shops_excess,-0.0249,0.00773875,0.00762547,0.00916353,0.01436156
1947-11-01,Telcm_excess,-0.0263,0.00598708,0.00343402,0.00606862,0.0039512
1947-11-01,Utils_excess,-0.0769,0.00632958,0.01115421,0.00920496,0.00970191
1947-12-01,Durbl_excess,0.0217,0.01059542,0.0,0.01371909,0.0174826
1947-12-01,Enrgy_excess,0.0926,0.00737042,0.00637344,0.00748817,0.014998
1947-12-01,HiTec_excess,0.0241,0.00827083,0.00299053,0.01323876,0.01788367
1947-12-01,Hlth_excess,0.0304,0.00605375,0.00231415,0.00605658,0.01025309
1947-12-01,Manuf_excess,0.0256,0.00819417,0.0,0.00819602,0.01517635
1947-12-01,NoDur_excess,0.0062,0.00537333,0.00297424,0.00827772,0.01025596
1947-12-01,Other_excess,0.0363,0.0050275,0.0,0.0062056,0.01206514
1947-12-01,Shops_excess,0.0029,0.00715667,0.00238827,0.01179369,0.01666804
1947-12-01,Telcm_excess,0.0036,0.00576833,0.0,0.00616323,0.00938099
1947-12-01,Utils_excess,0.011,0.00575417,0.00394932,0.01079952,0.01803772
1948-01-01,Durbl_excess,-0.0542,0.01037083,0.0,0.0135639,0.01525214
1948-01-01,Enrgy_excess,-0.075,0.00777542,0.0,0.00789423,0.01983225
1948-01-01,HiTec_excess,-0.056,0.00832875,0.0,0.01355638,0.01965431
1948-01-01,Hlth_excess,-0.0832,0.00620917,0.0,0.00621244,0.00899301
1948-01-01,Manuf_excess,-0.0415,0.00818167,0.0,0.00818249,0.01643227
1948-01-01,NoDur_excess,-0.0276,0.00530417,0.0,0.00845533,0.0085761
1948-01-01,Other_excess,-0.0095,0.00510667,0.0,0.00625507,0.01194114
1948-01-01,Shops_excess,-0.0336,0.00720625,0.0,0.0130252,0.01508784
1948-01-01,Telcm_excess,0.0003,0.00573708,0.0,0.00648814,0.00822695
1948-01-01,Utils_excess,-0.0029,0.00571583,0.0,0.01187879,0.01608721
1948-02-01,Durbl_excess,-0.055,0.01029458,0.0,0.00921142,0.01009406
1948-02-01,Enrgy_excess,-0.0302,0.00755167,0.0,0.00766824,0.01150001
1948-02-01,HiTec_excess,-0.0401,0.00812208,0.0,0.01008495,0.0070824
1948-02-01,Hlth_excess,-0.0361,0.00576042,0.0,0.0057592,-0.00209708
1948-02-01,Manuf_excess,-0.054,0.00804292,0.0,0.00804276,0.00667446
1948-02-01,NoDur_excess,-0.062,0.00518,0.0,0.0056299,0.00506965
1948-02-01,Other_excess,-0.0419,0.00511708,0.0,0.0058978,0.00459241
1948-02-01,Shops_excess,-0.0386,0.00711333,0.0,0.00710196,0.00914162
1948-02-01,Telcm_excess,-0.0113,0.00573667,0.0,0.00589597,0.00756125
1948-02-01,Utils_excess,-0.0366,0.00546917,0.0,0.00785334,0.0070686
1948-03-01,Durbl_excess,0.0718,0.01002583,0.0,0.011988,0.01908656
1948-03-01,Enrgy_excess,0.0986,0.00744708,0.00014686,0.00759807,0.00600281
1948-03-01,HiTec_excess,0.1108,0.00798792,0.0,0.01229947,0.01329688
1948-03-01,Hlth_excess,0.0626,0.00576708,0.0,0.00576913,0.009126
1948-03-01,Manuf_excess,0.0957,0.00791042,0.0,0.00791293,0.00887623
1948-03-01,NoDur_excess,0.054,0.00510083,0.0,0.00727073,0.00687805
1948-03-01,Other_excess,0.0992,0.00504,0.0,0.00625319,0.00199585
1948-03-01,Shops_excess,0.0661,0.00701292,0.0,0.00873906,0.01107142
1948-03-01,Telcm_excess,0.0188,0.00571583,0.0,0.00574645,-0.00131352
1948-03-01,Utils_excess,0.0667,0.0053625,0.0,0.00927568,0.0038291
1948-04-01,Durbl_excess,0.0109,0.00919125,0.0,0.01134217,0.01596699
1948-04-01,Enrgy_excess,0.1116,0.00763583,0.00219284,0.00779105,0.0160227
1948-04-01,HiTec_excess,-0.0067,0.00765167,0.0,0.01249511,0.01242853
1948-04-01,Hlth_excess,0.0206,0.00562583,0.0,0.00562851,0.01489601
1948-04-01,Manuf_excess,0.0243,0.0079775,0.0,0.00798016,0.01362291
1948-04-01,NoDur_excess,0.0126,0.00515458,0.0,0.00798812,0.01032586
1948-04-01,Other_excess,0.0318,0.00521583,0.0,0.00665704,0.01213295
1948-04-01,Shops_excess,0.05,0.0069475,0.0,0.01010879,0.01154579
1948-04-01,Telcm_excess,0.0257,0.00572417,0.0,0.00609416,0.00833151
1948-04-01,Utils_excess,0.0143,0.00537542,0.0,0.01035594,0.01301162
1948-05-01,Durbl_excess,0.1446,0.009185,0.0,0.00778653,0.00566259
1948-05-01,Enrgy_excess,0.0602,0.00747458,0.00346183,0.0076235,0.01743239
1948-05-01,HiTec_excess,0.127,0.00754,0.0,0.00966929,0.00811224
1948-05-01,Hlth_excess,0.0672,0.00562292,0.0,0.00562124,0.00296316
1948-05-01,Manuf_excess,0.0781,0.008025,0.0,0.00802509,0.00888123
1948-05-01,NoDur_excess,0.0502,0.00523625,0.00029384,0.00543481,0.00497644
1948-05-01,Other_excess,0.0669,0.00517708,0.0,0.00617217,0.00758642
1948-05-01,Shops_excess,0.0851,0.00716417,0.0,0.00688579,0.00867474
1948-05-01,Telcm_excess,0.0241,0.00571,0.0,0.0059751,0.00710307
1948-05-01,Utils_excess,0.0567,0.0049875,2.089e-05,0.0072403,0.00563766
1948-06-01,Durbl_excess,0.0021,0.00956542,0.0,0.00655106,0.00666688
1948-06-01,Enrgy_excess,0.034,0.00796167,0.00764452,0.0080762,0.01760752
1948-06-01,HiTec_excess,-0.0151,0.00798667,0.00322262,0.00894637,0.00777029
1948-06-01,Hlth_excess,-0.0228,0.00552875,0.00072184,0.00552594,0.00179991
1948-06-01,Manuf_excess,-0.0108,0.00821708,0.0,0.00821662,0.00893625
1948-06-01,NoDur_excess,-0.0207,0.00542125,0.00214816,0.00479262,0.00429066
1948-06-01,Other_excess,-0.0087,0.00546958,0.0,0.00593474,0.00989961
1948-06-01,Shops_excess,-0.014,0.00737333,0.00239432,0.0049827,0.00050659
1948-06-01,Telcm_excess,0.0034,0.00555,0.00059415,0.00545049,0.00509061
1948-06-01,Utils_excess,0.024,0.00517458,0.00494289,0.0059624,0.00563748
1948-07-01,Durbl_excess,-0.0445,0.00975917,0.0,0.0106022,0.01356555
1948-07-01,Enrgy_excess,-0.0726,0.00828625,0.00338369,0.00842759,0.01749619
1948-07-01,HiTec_excess,-0.0668,0.008145,0.0,0.01201097,0.01118503
1948-07-01,Hlth_excess,-0.0434,0.00557667,0.0,0.00557677,0.00589721
1948-07-01,Manuf_excess,-0.0507,0.00839125,0.0,0.00839226,0.01227573
1948-07-01,NoDur_excess,-0.0176,0.00553125,0.0,0.00704686,0.00792463
1948-07-01,Other_excess,-0.0507,0.00563125,0.0,0.00670563,0.01035734
1948-07-01,Shops_excess,-0.078,0.00746958,0.0,0.00960058,0.01181886
1948-07-01,Telcm_excess,-0.0173,0.00579417,0.0,0.00616153,0.00770122
1948-07-01,Utils_excess,-0.0422,0.00543083,0.00123139,0.00939589,0.01277286
1948-08-01,Durbl_excess,0.0103,0.00954625,0.0,0.01048386,0.0139046
1948-08-01,Enrgy_excess,-0.0212,0.00795333,0.00012909,0.00814382,0.01849962
1948-08-01,HiTec_excess,0.0298,0.00785292,0.0,0.01153019,0.01477357
1948-08-01,Hlth_excess,-0.0199,0.00530917,0.0,0.00530885,0.00533083
1948-08-01,Manuf_excess,0.0032,0.00811042,0.0,0.00811236,0.01010813
1948-08-01,NoDur_excess,-0.0007,0.00540125,0.0,0.0066483,0.00720345
1948-08-01,Other_excess,0.0144,0.00544792,0.0,0.00680111,0.00961025
1948-08-01,Shops_excess,0.0241,0.00693083,0.0,0.00784665,0.00980122
1948-08-01,Telcm_excess,-0.0003,0.00578875,0.0,0.0060609,0.0024351
1948-08-01,Utils_excess,0.0001,0.00531958,0.0,0.00872318,0.00641241
1948-09-01,Durbl_excess,-0.0393,0.00922333,0.0,0.01053425,0.01115176
1948-09-01,Enrgy_excess,-0.0451,0.00777792,0.00084487,0.00794923,0.01732446
1948-09-01,HiTec_excess,-0.0323,0.00758417,0.0,0.01228646,0.01410764
1948-09-01,Hlth_excess,-0.0314,0.00462625,0.0,0.00462685,0.00923498
1948-09-01,Manuf_excess,-0.0272,0.00777542,0.0,0.0077773,0.01146735
1948-09-01,NoDur_excess,-0.0402,0.00515708,0.0,0.00727232,0.0083501
1948-09-01,Other_excess,-0.035,0.00532333,0.0,0.00675812,0.01102333
1948-09-01,Shops_excess,-0.0098,0.00647958,0.0,0.008833,0.0119861
1948-09-01,Telcm_excess,-0.0027,0.00561125,0.0,0.00607429,0.00628973
1948-09-01,Utils_excess,-0.0096,0.00506333,0.0,0.01004,0.01215621
1948-10-01,Durbl_excess,0.0791,0.00874208,0.0,0.01043317,0.00987681
1948-10-01,Enrgy_excess,0.0916,0.00737875,0.00031577,0.00757861,0.01105147
1948-10-01,HiTec_excess,0.0681,0.00743292,0.0,0.01250523,0.00723104
1948-10-01,Hlth_excess,0.0516,0.00455417,0.0,0.00455519,0.00667697
1948-10-01,Manuf_excess,0.0665,0.00749917,0.0,0.00750223,0.00672272
1948-10-01,NoDur_excess,0.0359,0.00495208,0.0,0.00716298,0.00326254
1948-10-01,Other_excess,0.0492,0.00514333,0.0,0.00676996,0.006866
1948-10-01,Shops_excess,0.041,0.00644333,0.0,0.00857964,0.01015214
1948-10-01,Telcm_excess,0.0107,0.00560542,0.0,0.00594569,0.00448332
1948-10-01,Utils_excess,0.0441,0.00487667,0.0,0.00988277,0.01079312
1948-11-01,Durbl_excess,-0.1205,0.00908583,0.0,0.00996587,0.01132535
1948-11-01,Enrgy_excess,-0.1225,0.0076925,0.0026464,0.0078543,0.01589883
1948-11-01,HiTec_excess,-0.0932,0.00765667,0.0,0.01250185,0.01279015
1948-11-01,Hlth_excess,-0.0579,0.00478417,0.0,0.00478482,0.00599819
1948-11-01,Manuf_excess,-0.1025,0.00761292,0.0,0.00761487,0.01067581
1948-11-01,NoDur_excess,-0.0622,0.00508125,0.0,0.00712123,0.00623183
1948-11-01,Other_excess,-0.1065,0.00538625,0.0,0.00667967,0.00943389
1948-11-01,Shops_excess,-0.0581,0.00638583,0.0,0.00831468,0.01006198
1948-11-01,Telcm_excess,-0.021,0.00554333,0.0,0.00589277,0.00439462
1948-11-01,Utils_excess,-0.0913,0.00515708,0.00171762,0.0104027,0.01173571
1948-12-01,Durbl_excess,0.0339,0.00841083,0.0,0.01146322,0.0042595
1948-12-01,Enrgy_excess,0.0469,0.00647792,0.00222787,0.00673301,0.00040004
1948-12-01,HiTec_excess,0.0629,0.00646917,0.0,0.01223252,0.00953463
1948-12-01,Hlth_excess,0.045,0.00434833,0.0,0.00435116,0.00580545
1948-12-01,Manuf_excess,0.04,0.00665583,0.0,0.006661,0.00578056
1948-12-01,NoDur_excess,0.0063,0.00456333,0.0,0.00749172,0.00412002
1948-12-01,Other_excess,0.0283,0.00454167,0.0,0.00652662,-0.0013668
1948-12-01,Shops_excess,0.0148,0.00552167,0.0,0.00771018,0.00897033
1948-12-01,Telcm_excess,0.0105,0.00519333,0.0,0.00539949,0.00034647
1948-12-01,Utils_excess,0.0262,0.00387542,0.0,0.00909639,0.00096077
1949-01-01,Durbl_excess,0.0234,0.00860542,0.0,0.01032039,0.00972155
1949-01-01,Enrgy_excess,-0.0393,0.0068575,0.0057081,0.00707123,0.00993164
1949-01-01,HiTec_excess,-0.0143,0.0064325,0.00061626,0.01228747,0.00804906
1949-01-01,Hlth_excess,0.0448,0.0045575,0.0,0.0045596,0.00512243
1949-01-01,Manuf_excess,0.0021,0.00669417,0.0,0.0066975,0.00599465
1949-01-01,NoDur_excess,0.0357,0.004605,0.0,0.00715003,0.00480024
1949-01-01,Other_excess,0.002,0.00464583,0.0,0.00642497,0.00663065
1949-01-01,Shops_excess,0.0107,0.00564083,0.0,0.00804954,0.00709584
1949-01-01,Telcm_excess,-0.0137,0.00525458,0.0,0.00569251,0.00486609
1949-01-01,Utils_excess,0.0466,0.00392292,0.0016745,0.0097523,0.00968634
1949-02-01,Durbl_excess,-0.0381,0.0086625,0.0,0.00934301,0.00561301
1949-02-01,Enrgy_excess,-0.0439,0.00702417,0.00802056,0.00723659,0.00639943
1949-02-01,HiTec_excess,-0.043,0.00595125,0.00170293,0.01045149,0.00661552
1949-02-01,Hlth_excess,-0.0102,0.00461625,0.0,0.00461741,0.0064134
1949-02-01,Manuf_excess,-0.0353,0.00625833,0.0,0.00626161,0.00624185
1949-02-01,NoDur_excess,-0.0202,0.00463375,0.00129131,0.00639349,0.00427422
1949-02-01,Other_excess,-0.0328,0.00443542,0.0,0.00604336,0.00317111
1949-02-01,Shops_excess,-0.0236,0.00586125,0.0,0.006311,0.00538199
1949-02-01,Telcm_excess,-0.0039,0.00465417,0.0,0.00468627,0.00146715
1949-02-01,Utils_excess,0.0058,0.00357708,0.00331879,0.00785901,0.00561433
1949-03-01,Durbl_excess,0.0332,0.00851875,0.0,0.0101571,0.01265625
1949-03-01,Enrgy_excess,0.0598,0.00686333,0.00769202,0.00708321,0.00696625
1949-03-01,HiTec_excess,0.0573,0.00583417,0.00122053,0.01112013,0.01456029
1949-03-01,Hlth_excess,0.054,0.00458708,0.0,0.00458951,0.00687675
1949-03-01,Manuf_excess,0.0347,0.00598375,0.0,0.00598758,0.00798338
1949-03-01,NoDur_excess,0.0311,0.00467042,0.00137161,0.007225,0.00804368
1949-03-01,Other_excess,0.0482,0.00431208,0.0,0.00608137,0.00519046
1949-03-01,Shops_excess,0.043,0.00587833,0.0,0.00738483,0.01017572
1949-03-01,Telcm_excess,0.0126,0.00470083,0.0,0.00471864,0.00112008
1949-03-01,Utils_excess,0.037,0.00369917,0.00345402,0.00912665,0.00461334
1949-04-01,Durbl_excess,-0.0431,0.00874958,0.0,0.00977604,0.00655122
1949-04-01,Enrgy_excess,0.0119,0.0066625,0.01058394,0.00692079,0.00753082
1949-04-01,HiTec_excess,-0.038,0.00588542,0.00470522,0.01108263,0.00610243
1949-04-01,Hlth_excess,0.0015,0.00488875,0.00107213,0.00489026,0.00754786
1949-04-01,Manuf_excess,-0.0363,0.00621917,0.0,0.00622338,0.00522845
1949-04-01,NoDur_excess,-0.0174,0.00500833,0.00362504,0.0070146,0.00242053
1949-04-01,Other_excess,-0.0162,0.00461875,0.00017154,0.0066137,0.0054156
1949-04-01,Shops_excess,-0.0173,0.00628542,0.0,0.00678503,0.00144159
1949-04-01,Telcm_excess,-0.0174,0.0045875,0.0,0.00465341,0.00393415
1949-04-01,Utils_excess,0.0113,0.004,0.00716638,0.00871427,0.00790474
1949-05-01,Durbl_excess,-0.0304,0.00862583,0.0,0.01027495,0.01233083
1949-05-01,Enrgy_excess,-0.0577,0.00669625,0.00987436,0.00696045,0.01019653
1949-05-01,HiTec_excess,-0.0542,0.00566792,0.00273892,0.01154482,0.00650669
1949-05-01,Hlth_excess,-0.02,0.00484833,0.00037546,0.0048505,0.00929436
1949-05-01,Manuf_excess,-0.0344,0.00598708,0.0,0.00599098,0.00719775
1949-05-01,NoDur_excess,-0.0053,0.00487667,0.00263018,0.00750217,0.00525704
1949-05-01,Other_excess,-0.0281,0.00453583,0.0,0.00669947,0.00735176
1949-05-01,Shops_excess,0.0007,0.00607167,0.0,0.00797954,0.00681298
1949-05-01,Telcm_excess,-0.0227,0.00438875,0.0,0.00457473,0.00355692
1949-05-01,Utils_excess,-0.0069,0.00385292,0.00590405,0.01004324,0.01098244
1949-06-01,Durbl_excess,0.012,0.00914917,0.0,0.01160254,0.00952708
1949-06-01,Enrgy_excess,-0.0128,0.00670708,0.00849106,0.0069736,0.0044207
1949-06-01,HiTec_excess,0.0001,0.00544625,0.00067437,0.01150917,0.00458679
1949-06-01,Hlth_excess,0.0207,0.00511208,0.00025229,0.00511558,0.01079209
1949-06-01,Manuf_excess,0.0014,0.00627,0.0,0.00627469,0.00401736
1949-06-01,NoDur_excess,0.0094,0.00503708,0.0025928,0.00842676,0.00441486
1949-06-01,Other_excess,-0.0147,0.00444917,0.0,0.00668686,0.00542591
1949-06-01,Shops_excess,0.0277,0.00645417,0.0,0.00913079,0.00870116
1949-06-01,Telcm_excess,0.0103,0.00467792,0.0,0.00472704,0.00422357
1949-06-01,Utils_excess,-0.0111,0.0036475,0.00429811,0.01022634,0.01335935
1949-07-01,Durbl_excess,0.0935,0.00892875,0.0,0.00829521,0.00127318
1949-07-01,Enrgy_excess,0.0615,0.00662792,0.01331225,0.00688957,0.00597896
1949-07-01,HiTec_excess,0.0681,0.00475125,0.00275749,0.00838509,0.00150481
1949-07-01,Hlth_excess,0.0592,0.00503125,0.00263539,0.00503175,0.0073188
1949-07-01,Manuf_excess,0.0585,0.00574417,4.978e-05,0.00574738,0.00358183
1949-07-01,NoDur_excess,0.0486,0.00487583,0.00446693,0.00606566,-0.00102547
1949-07-01,Other_excess,0.041,0.00416792,0.00166457,0.00587191,0.00079388
1949-07-01,Shops_excess,0.0507,0.006195,0.0,0.00512489,0.00227923
1949-07-01,Telcm_excess,0.0232,0.0041675,0.0,0.00414508,0.00032485
1949-07-01,Utils_excess,0.0463,0.00264458,0.00498481,0.00629733,0.00207491
1949-08-01,Durbl_excess,0.0223,0.00945583,0.00080108,0.01125934,0.01612435
1949-08-01,Enrgy_excess,0.0541,0.00689083,0.01431245,0.00709927,0.01280251
1949-08-01,HiTec_excess,0.0065,0.00466375,0.00396881,0.00972121,0.016197
1949-08-01,Hlth_excess,0.0009,0.00518333,0.00432314,0.00518693,0.00982311
1949-08-01,Manuf_excess,0.0207,0.005825,0.0024603,0.00582758,0.01347552
1949-08-01,NoDur_excess,0.0388,0.00495792,0.00542553,0.00834732,0.01056897
1949-08-01,Other_excess,0.0135,0.00407833,0.00312742,0.00572138,0.00919919
1949-08-01,Shops_excess,0.0141,0.00637667,0.0013582,0.00935569,0.01615768
1949-08-01,Telcm_excess,0.0088,0.00370792,0.0,0.00368892,0.00319688
1949-08-01,Utils_excess,0.0359,0.00246917,0.00544965,0.00856548,0.0068111
1949-09-01,Durbl_excess,0.0255,0.00943917,0.00247253,0.0082009,0.00822684
1949-09-01,Enrgy_excess,0.0294,0.00665917,0.01678214,0.00686971,0.01060719
1949-09-01,HiTec_excess,0.0356,0.004185,0.00395625,0.00646112,0.00650651
1949-09-01,Hlth_excess,0.0177,0.00507333,0.00468679,0.00507275,0.00333167
1949-09-01,Manuf_excess,0.0384,0.00553708,0.00510199,0.00553784,0.00628532
1949-09-01,NoDur_excess,0.0275,0.00493792,0.00652117,0.00589964,0.00597269
1949-09-01,Other_excess,0.0332,0.00383167,0.00605794,0.0048553,0.00778587
1949-09-01,Shops_excess,0.0221,0.00612625,0.00088802,0.00476862,0.0054986
1949-09-01,Telcm_excess,0.0112,0.00330375,0.0,0.00295969,0.00217712
1949-09-01,Utils_excess,0.0397,0.00226,0.00687909,0.00536946,0.00657883
1949-10-01,Durbl_excess,0.0725,0.00990875,0.00152206,0.00919153,0.01352188
1949-10-01,Enrgy_excess,0.0362,0.00692292,0.01568685,0.00707576,0.01228584
1949-10-01,HiTec_excess,0.0365,0.00466292,0.00303684,0.00720302,0.0087888
1949-10-01,Hlth_excess,0.0329,0.005455,0.00434786,0.00545479,0.0067213
1949-10-01,Manuf_excess,0.0425,0.00601083,0.0045026,0.00600968,0.00832737
1949-10-01,NoDur_excess,0.0143,0.00521542,0.0062174,0.00708271,0.00762943
1949-10-01,Other_excess,0.0233,0.0042475,0.00529336,0.00507054,0.00924179
1949-10-01,Shops_excess,0.0057,0.00646125,0.0,0.00672378,0.01326272
1949-10-01,Telcm_excess,0.0179,0.0034225,0.0,0.00288915,0.0029705
1949-10-01,Utils_excess,0.0122,0.00240167,0.00602688,0.00679231,0.01170344
1949-11-01,Durbl_excess,0.048,0.01143792,0.00544512,0.0112979,0.01855798
1949-11-01,Enrgy_excess,-0.0293,0.00751667,0.01644704,0.00765127,0.01527715
1949-11-01,HiTec_excess,0.0382,0.00599125,0.00615309,0.00895487,0.01590713
1949-11-01,Hlth_excess,0.0472,0.00636292,0.00662397,0.00636444,0.01099089
1949-11-01,Manuf_excess,0.0315,0.00702958,0.0063657,0.00702868,0.01400019
1949-11-01,NoDur_excess,0.0176,0.00574208,0.0072203,0.00821922,0.0112555
1949-11-01,Other_excess,0.0114,0.00486667,0.00570977,0.00542587,0.01016564
1949-11-01,Shops_excess,0.0203,0.00750417,0.00220873,0.00863575,0.01418391
1949-11-01,Telcm_excess,0.0159,0.0041575,0.0,0.00378524,0.0034784
1949-11-01,Utils_excess,0.032,0.00371,0.00921308,0.00894499,0.00944586
1949-12-01,Durbl_excess,0.082,0.01237625,0.00970085,0.01122325,0.01550491
1949-12-01,Enrgy_excess,0.01,0.00767625,0.01680327,0.00778208,0.01231375
1949-12-01,HiTec_excess,0.091,0.0069675,0.0105524,0.00903986,0.01092995
1949-12-01,Hlth_excess,0.0863,0.00690208,0.00908915,0.00690168,0.01258703
1949-12-01,Manuf_excess,0.0642,0.00776083,0.00930369,0.00775885,0.01048159
1949-12-01,NoDur_excess,0.0506,0.00618292,0.00925244,0.00735409,0.00960469
1949-12-01,Other_excess,0.0705,0.0053225,0.00695194,0.00554968,0.00906067
1949-12-01,Shops_excess,0.0469,0.00811792,0.00417495,0.00719546,0.01075492
1949-12-01,Telcm_excess,0.0149,0.00463375,0.0,0.00414324,0.00486098
1949-12-01,Utils_excess,0.0316,0.00449917,0.01327378,0.00874011,0.0123326
1950-01-01,Durbl_excess,0.0178,0.01252833,0.01185191,0.01049235,0.00313126
1950-01-01,Enrgy_excess,-0.0074,0.00778208,0.01798029,0.00778495,0.01009247
1950-01-01,HiTec_excess,0.0445,0.00691208,0.01099391,0.00693964,0.00559218
1950-01-01,Hlth_excess,0.0097,0.00723167,0.0115981,0.00723137,0.0070267
1950-01-01,Manuf_excess,0.0189,0.00798167,0.01220149,0.00795051,0.005835
1950-01-01,NoDur_excess,0.0128,0.00638167,0.01075985,0.00636606,0.00652467
1950-01-01,Other_excess,0.0311,0.0056625,0.00996813,0.0056929,-3.095e-05
1950-01-01,Shops_excess,0.0034,0.00858083,0.00644832,0.00857504,0.00261159
1950-01-01,Telcm_excess,0.0177,0.00466708,0.00069839,0.0046641,-0.00641324
1950-01-01,Utils_excess,0.0366,0.00430625,0.01402005,0.00437675,-5.797e-05
1950-02-01,Durbl_excess,0.0338,0.01236,0.00460909,0.0110786,0.00982321
1950-02-01,Enrgy_excess,-0.0063,0.00778833,0.01229799,0.00778848,0.006548
1950-02-01,HiTec_excess,0.0331,0.00666125,0.00512613,0.00693623,0.00417835
1950-02-01,Hlth_excess,0.0183,0.00717167,0.00770176,0.00717261,0.00970042
1950-02-01,Manuf_excess,0.0185,0.00777833,0.00367192,0.00762206,0.00309395
1950-02-01,NoDur_excess,0.0044,0.00620042,0.007081,0.00623782,0.00693737
1950-02-01,Other_excess,0.0092,0.00558417,0.00233709,0.0055134,0.0034331
1950-02-01,Shops_excess,0.0224,0.00840333,0.0027559,0.00840198,0.0088204
1950-02-01,Telcm_excess,0.0057,0.00469667,0.0,0.00469412,-0.00097911
1950-02-01,Utils_excess,0.0231,0.00411,0.00864592,0.00430118,0.00914967
1950-03-01,Durbl_excess,0.0177,0.01241167,0.0049324,0.00916856,0.00832429
1950-03-01,Enrgy_excess,0.0475,0.0079625,0.01303721,0.00796294,0.00432348
1950-03-01,HiTec_excess,0.0231,0.00648875,0.00349885,0.00596601,0.00214324
1950-03-01,Hlth_excess,-0.0302,0.007165,0.00774739,0.00716375,0.00702491
1950-03-01,Manuf_excess,0.0071,0.00777875,0.00384434,0.00760361,0.00347796
1950-03-01,NoDur_excess,-0.0067,0.00614,0.00661112,0.00610124,0.00542383
1950-03-01,Other_excess,-0.0081,0.00549875,0.00159279,0.00414674,0.0006095
1950-03-01,Shops_excess,-0.0028,0.00872333,0.00342114,0.00871882,0.00707063
1950-03-01,Telcm_excess,0.045,0.00443875,0.0,0.00443516,-0.00276544
1950-03-01,Utils_excess,0.0046,0.00385833,0.00808259,0.00394738,0.0066678
1950-04-01,Durbl_excess,0.1048,0.01202625,0.00129025,0.00799457,0.00973277
1950-04-01,Enrgy_excess,0.0314,0.00742208,0.00872032,0.00742079,0.00924439
1950-04-01,HiTec_excess,0.0464,0.00626,0.0003508,0.00543324,0.00810374
1950-04-01,Hlth_excess,0.0543,0.00678833,0.00480322,0.00678578,0.01133757
1950-04-01,Manuf_excess,0.0736,0.00753625,0.00065479,0.00731099,0.00407481
1950-04-01,NoDur_excess,0.0005,0.00603792,0.00520514,0.00598465,0.00795206
1950-04-01,Other_excess,0.0142,0.0052825,0.0,0.00327879,-0.00219947
1950-04-01,Shops_excess,-0.0045,0.00882833,0.00288502,0.00882393,0.00857019
1950-04-01,Telcm_excess,0.0228,0.00427083,0.0,0.00426645,-0.00012908
1950-04-01,Utils_excess,0.0085,0.00348167,0.00493467,0.00353776,0.00873031
1950-05-01,Durbl_excess,0.0645,0.01279792,0.00377143,0.00872032,0.01340417
1950-05-01,Enrgy_excess,0.0868,0.0072925,0.00599347,0.00728984,0.01002192
1950-05-01,HiTec_excess,0.0013,0.00638,0.0,0.00509746,0.00883394
1950-05-01,Hlth_excess,0.0387,0.00707625,0.00538609,0.00707363,0.00809035
1950-05-01,Manuf_excess,0.0589,0.00815958,0.00287113,0.00795459,0.00850771
1950-05-01,NoDur_excess,0.0197,0.00602625,0.00406501,0.00594081,0.00623951
1950-05-01,Other_excess,0.0126,0.00561667,0.0,0.0028302,0.00328581
1950-05-01,Shops_excess,0.0307,0.00870875,0.00114004,0.00870251,0.00640935
1950-05-01,Telcm_excess,0.0187,0.00456292,0.0,0.00455862,-0.00032903
1950-05-01,Utils_excess,0.0173,0.00338792,0.00366302,0.00338876,0.00447674
1950-06-01,Durbl_excess,-0.0416,0.0129025,0.00346192,0.00702626,0.00440771
1950-06-01,Enrgy_excess,-0.0453,0.00782042,0.00704239,0.00781696,0.00737038
1950-06-01,HiTec_excess,-0.0811,0.00657958,0.0,0.00458711,-0.00038175
1950-06-01,Hlth_excess,-0.043,0.00731167,0.00616749,0.00730778,0.00596132
1950-06-01,Manuf_excess,-0.0668,0.00849042,0.00463019,0.00822423,0.00394753
1950-06-01,NoDur_excess,-0.0582,0.00606333,0.00330961,0.00592067,0.00021073
1950-06-01,Other_excess,-0.0694,0.00572167,0.0,0.00130793,-0.00770344
1950-06-01,Shops_excess,-0.0455,0.00885458,0.00098224,0.00884658,0.00141966
1950-06-01,Telcm_excess,-0.0444,0.004635,0.0,0.00463006,-0.0016098
1950-06-01,Utils_excess,-0.0779,0.00352417,0.00375124,0.0034797,0.0024606
1950-07-01,Durbl_excess,-0.0282,0.01367167,0.00494685,0.01202754,0.01666003
1950-07-01,Enrgy_excess,0.0873,0.00828917,0.00827483,0.00828886,0.01490702
1950-07-01,HiTec_excess,-0.0301,0.00707583,0.0,0.00623259,0.00771574
1950-07-01,Hlth_excess,-0.0706,0.00764083,0.0064392,0.00764023,0.01303121
1950-07-01,Manuf_excess,0.0204,0.00889542,0.00287911,0.00872831,0.01048331
1950-07-01,NoDur_excess,0.0035,0.00629292,0.00374709,0.00625136,0.0049624
1950-07-01,Other_excess,0.074,0.00593875,0.0,0.00326636,0.00109047
1950-07-01,Shops_excess,-0.0106,0.009355,0.00224047,0.0093517,0.00793461
1950-07-01,Telcm_excess,-0.0143,0.00480792,0.0,0.00480347,-0.00161293
1950-07-01,Utils_excess,-0.0533,0.004015,0.00397081,0.00409163,0.00899804
1950-08-01,Durbl_excess,0.0911,0.01305792,0.00368306,0.00824337,0.00343594
1950-08-01,Enrgy_excess,0.0424,0.008445,0.01043744,0.00844458,0.015708
1950-08-01,HiTec_excess,0.0515,0.00678917,0.0,0.00517537,-0.00161976
1950-08-01,Hlth_excess,0.0358,0.00708333,0.00446222,0.00707913,0.00260499
1950-08-01,Manuf_excess,0.0623,0.00879083,0.00360527,0.00856661,0.00192884
1950-08-01,NoDur_excess,0.0383,0.00618542,0.00387737,0.00606702,0.00161116
1950-08-01,Other_excess,0.0223,0.00611292,0.0,0.00287784,-0.00122382
1950-08-01,Shops_excess,0.0428,0.00920708,0.00196,0.00920021,-0.00131892
1950-08-01,Telcm_excess,0.0246,0.00470375,0.0,0.0046989,-0.00192398
1950-08-01,Utils_excess,0.0335,0.00363125,0.00267452,0.00361776,-0.00243589
1950-09-01,Durbl_excess,0.0873,0.01352,0.0037458,0.00848272,0.00142908
1950-09-01,Enrgy_excess,0.0343,0.00875667,0.00992628,0.00875506,0.00734393
1950-09-01,HiTec_excess,0.0492,0.00691542,0.0,0.00503599,-0.00634383
1950-09-01,Hlth_excess,0.0606,0.0069125,0.00314389,0.00690798,0.00072423
1950-09-01,Manuf_excess,0.0441,0.00905667,0.00272792,0.00879664,-0.00224211
1950-09-01,NoDur_excess,0.0479,0.006265,0.00345615,0.00614251,-0.00181999
1950-09-01,Other_excess,0.0642,0.00622542,0.0,0.00201247,-0.0099542
1950-09-01,Shops_excess,0.0839,0.00918125,0.00106082,0.00917436,-0.00207026
1950-09-01,Telcm_excess,-0.0058,0.0047375,0.0,0.004732,-0.00216697
1950-09-01,Utils_excess,0.0443,0.003725,0.00201578,0.00370362,-0.00459072
1950-10-01,Durbl_excess,0.0049,0.01459333,0.00192874,0.01060277,0.01137203
1950-10-01,Enrgy_excess,0.0017,0.00955542,0.00709638,0.00955363,0.01389614
1950-10-01,HiTec_excess,-0.0161,0.0078925,0.0,0.00608916,5.666e-05
1950-10-01,Hlth_excess,-0.0189,0.00753875,0.00216157,0.00753539,0.0060933
1950-10-01,Manuf_excess,0.0033,0.00985125,0.0,0.00959203,0.0066078
1950-10-01,NoDur_excess,-0.005,0.006845,0.0026492,0.00675867,0.00575075
1950-10-01,Other_excess,-0.0164,0.00694375,0.0,0.00255437,0.00391166
1950-10-01,Shops_excess,0.0072,0.00999583,0.00094698,0.00999111,0.00955265
1950-10-01,Telcm_excess,0.0009,0.00494333,0.0,0.004937,-0.00190998
1950-10-01,Utils_excess,-0.0087,0.00441625,0.00079111,0.00442297,0.0045856
1950-11-01,Durbl_excess,-0.0301,0.0151025,1.281e-05,0.01105713,0.00873324
1950-11-01,Enrgy_excess,0.0523,0.0099175,0.00586627,0.00991592,0.01119223
1950-11-01,HiTec_excess,0.0252,0.00855208,0.0,0.00684912,0.00127538
1950-11-01,Hlth_excess,0.0456,0.00764583,0.0001453,0.00764184,0.00415342
1950-11-01,Manuf_excess,0.0582,0.01026917,0.0,0.01001069,0.00439336
1950-11-01,NoDur_excess,-0.0011,0.00703542,0.00189138,0.00693838,0.00293144
1950-11-01,Other_excess,0.0382,0.00723125,0.0,0.00247129,-0.00240114
1950-11-01,Shops_excess,0.0099,0.01038917,0.00075087,0.0103844,0.00815838
1950-11-01,Telcm_excess,-0.0035,0.0051225,0.0,0.0051163,-0.00310566
1950-11-01,Utils_excess,-0.013,0.00472917,0.0,0.00473251,0.00201747
1950-12-01,Durbl_excess,0.014,0.01476042,0.0,0.00978631,0.0186708
1950-12-01,Enrgy_excess,0.0858,0.01029667,0.00827119,0.01029631,0.02351127
1950-12-01,HiTec_excess,0.038,0.0087975,0.0,0.00714514,0.01390722
1950-12-01,Hlth_excess,0.0599,0.00797083,0.00201682,0.00796782,0.01172628
1950-12-01,Manuf_excess,0.066,0.01053125,0.0,0.01031692,0.01869527
1950-12-01,NoDur_excess,0.0273,0.00702875,0.00196844,0.00692742,0.00865131
1950-12-01,Other_excess,0.1101,0.00761125,0.0,0.0028568,0.00965354
1950-12-01,Shops_excess,0.0268,0.01032,0.00031696,0.01031441,0.01509616
1950-12-01,Telcm_excess,0.0179,0.00524958,0.0,0.00524378,0.00168737
1950-12-01,Utils_excess,0.035,0.00504542,0.00053882,0.00505416,0.00912677
1951-01-01,Durbl_excess,0.0909,0.0148775,0.0,0.00812232,0.00463915
1951-01-01,Enrgy_excess,0.0617,0.01118167,0.01146368,0.01118099,0.01672046
1951-01-01,HiTec_excess,0.076,0.00941083,0.0,0.00736969,0.00262794
1951-01-01,Hlth_excess,0.0297,0.00851458,0.00411717,0.0085106,0.00948254
1951-01-01,Manuf_excess,0.06,0.01115583,0.0,0.01088583,0.00602966
1951-01-01,NoDur_excess,0.0449,0.00734083,0.00294303,0.00718489,0.00245987
1951-01-01,Other_excess,0.0624,0.00844625,0.0,0.00320831,-0.00046962
1951-01-01,Shops_excess,0.035,0.01099792,0.00273302,0.01099121,0.00650655
1951-01-01,Telcm_excess,0.0174,0.00548792,0.0,0.00548152,-0.00230708
1951-01-01,Utils_excess,0.0492,0.00535042,0.00150454,0.0053179,0.00161548
1951-02-01,Durbl_excess,0.0269,0.01492833,0.00031727,0.00666308,0.00506826
1951-02-01,Enrgy_excess,0.0086,0.01120083,0.01169019,0.01119896,0.01457496
1951-02-01,HiTec_excess,0.0081,0.009515,0.0,0.00696018,0.00358858
1951-02-01,Hlth_excess,0.0135,0.00830125,0.00395855,0.00829515,0.00313562
1951-02-01,Manuf_excess,0.0112,0.01126542,0.00195108,0.01094998,0.00711212
1951-02-01,NoDur_excess,0.0085,0.00731,0.00321198,0.00709526,-0.0004173
1951-02-01,Other_excess,-0.0052,0.00821417,0.0,0.00178009,-0.00274596
1951-02-01,Shops_excess,0.0302,0.01085,0.002826,0.01084068,0.00464192
1951-02-01,Telcm_excess,0.0401,0.00536708,0.0,0.00536041,-0.00311443
1951-02-01,Utils_excess,0.0303,0.00532792,0.0028125,0.00524063,0.00095481
1951-03-01,Durbl_excess,0.0106,0.01431625,0.0,0.00605327,0.00119733
1951-03-01,Enrgy_excess,-0.0248,0.01098958,0.00749985,0.01098606,0.01028263
1951-03-01,HiTec_excess,-0.0102,0.00861792,0.0,0.00581526,-0.00300798
1951-03-01,Hlth_excess,0.0159,0.00803292,0.0004765,0.00802729,0.00254128
1951-03-01,Manuf_excess,-0.0316,0.01077542,0.0,0.01039443,0.00146694
1951-03-01,NoDur_excess,-0.029,0.00706333,0.00045775,0.00686524,-0.00036878
1951-03-01,Other_excess,-0.0297,0.00796542,0.0,0.00059277,-0.00323912
1951-03-01,Shops_excess,-0.0222,0.01036083,0.0,0.01035332,0.00358814
1951-03-01,Telcm_excess,-0.012,0.00528792,0.0,0.00528049,-0.00224522
1951-03-01,Utils_excess,-0.0151,0.00481792,0.0,0.00474655,0.00075855
1951-04-01,Durbl_excess,0.0329,0.014525,0.0,0.00860843,0.00264846
1951-04-01,Enrgy_excess,0.1068,0.01149792,0.00266425,0.01149662,0.0156844
1951-04-01,HiTec_excess,0.0304,0.00890583,0.0,0.00676238,0.00076663
1951-04-01,Hlth_excess,0.1028,0.00803,0.0,0.00802629,0.0063194
1951-04-01,Manuf_excess,0.0672,0.01094042,0.0,0.01066876,0.00579397
1951-04-01,NoDur_excess,0.0082,0.00701917,0.0,0.00686486,0.00192509
1951-04-01,Other_excess,0.0362,0.00823792,0.0,0.00176502,0.00036687
1951-04-01,Shops_excess,0.0026,0.01041333,0.0,0.01040683,0.00462506
1951-04-01,Telcm_excess,0.0071,0.00539375,0.0,0.00538535,-0.00437458
1951-04-01,Utils_excess,0.0009,0.00487958,0.0,0.00479696,0.00223026
1951-05-01,Durbl_excess,-0.0546,0.01499375,0.0,0.00739356,0.00923694
1951-05-01,Enrgy_excess,-0.0317,0.01252042,0.00540954,0.01251903,0.01663444
1951-05-01,HiTec_excess,-0.0289,0.00958,0.0,0.00714409,0.00116884
1951-05-01,Hlth_excess,0.0145,0.0086125,0.0,0.00860997,0.00880543
1951-05-01,Manuf_excess,-0.0227,0.01180833,0.0,0.01149447,0.00516761
1951-05-01,NoDur_excess,-0.0141,0.00727833,0.0,0.00712228,0.00107568
1951-05-01,Other_excess,-0.0338,0.00880917,0.0,0.00097658,0.00482658
1951-05-01,Shops_excess,-0.0145,0.01062875,0.0,0.01062268,0.00710672
1951-05-01,Telcm_excess,-0.0052,0.00560375,0.0,0.00559628,-0.00218175
1951-05-01,Utils_excess,-0.0016,0.00526333,0.0,0.00519902,0.00710726
1951-06-01,Durbl_excess,-0.0696,0.01545042,0.0,0.00894779,0.00963857
1951-06-01,Enrgy_excess,0.0097,0.01289875,0.00663752,0.01289877,0.02282033
1951-06-01,HiTec_excess,-0.0175,0.01000208,0.0,0.00793604,0.00388403
1951-06-01,Hlth_excess,0.0071,0.00910833,0.0,0.0091071,0.01404375
1951-06-01,Manuf_excess,-0.0394,0.01240458,0.0,0.01214722,0.01046761
1951-06-01,NoDur_excess,-0.0372,0.00768375,0.0,0.0075611,0.00396719
1951-06-01,Other_excess,-0.0524,0.00939667,0.0,0.00270019,0.00624904
1951-06-01,Shops_excess,-0.0284,0.01070708,0.0,0.01070122,0.00967587
1951-06-01,Telcm_excess,-0.0031,0.00595833,0.0,0.00595133,-0.00054601
1951-06-01,Utils_excess,-0.0054,0.00572583,0.0,0.00569788,0.0091644
1951-07-01,Durbl_excess,0.0297,0.01455333,0.0,0.00665211,0.00924555
1951-07-01,Enrgy_excess,0.1124,0.01221625,0.00384962,0.012216,0.0208402
1951-07-01,HiTec_excess,0.0554,0.00915083,0.0,0.00685359,0.00725423
1951-07-01,Hlth_excess,0.1435,0.00873625,0.0,0.00873451,0.01608967
1951-07-01,Manuf_excess,0.0832,0.01151875,0.0,0.01124863,0.01143501
1951-07-01,NoDur_excess,0.03,0.00708292,0.0,0.0069131,0.00373045
1951-07-01,Other_excess,0.0727,0.00849792,0.0,0.00021216,0.00607407
1951-07-01,Shops_excess,0.0271,0.01026375,0.0,0.01025621,0.00671266
1951-07-01,Telcm_excess,0.0267,0.00551875,0.0,0.00551078,-0.00212225
1951-07-01,Utils_excess,0.0518,0.00525125,0.0,0.0051621,0.0080463
1951-08-01,Durbl_excess,0.069,0.0147675,0.0,0.0046403,-8.05e-05
1951-08-01,Enrgy_excess,0.0564,0.01283875,0.00925915,0.01283763,0.01957592
1951-08-01,HiTec_excess,0.058,0.00981708,0.0,0.0070277,0.00073452
1951-08-01,Hlth_excess,-0.0156,0.00922792,0.0032097,0.00922647,0.01288339
1951-08-01,Manuf_excess,0.0476,0.012295,0.0,0.01197685,0.00441811
1951-08-01,NoDur_excess,0.0337,0.00736958,0.0,0.00717435,-0.00037364
1951-08-01,Other_excess,0.0332,0.00921625,0.0,1.08e-05,0.00020064
1951-08-01,Shops_excess,0.0251,0.01044375,0.0,0.01043524,0.00465821
1951-08-01,Telcm_excess,0.0251,0.00583542,0.0,0.00582935,0.00253698
1951-08-01,Utils_excess,0.02,0.005695,0.0,0.00562645,0.00880636
1951-09-01,Durbl_excess,0.0254,0.01517708,0.0,0.00512922,0.01014255
1951-09-01,Enrgy_excess,-0.0088,0.01268,0.01184526,0.01267914,0.01567156
1951-09-01,HiTec_excess,0.0321,0.009905,0.0,0.00699574,0.00180893
1951-09-01,Hlth_excess,-0.0195,0.00914792,0.00487377,0.00914539,0.01122933
1951-09-01,Manuf_excess,0.001,0.01249958,0.0,0.01218058,0.00858291
1951-09-01,NoDur_excess,-0.0055,0.00753708,0.0,0.00732694,0.0046322
1951-09-01,Other_excess,0.0346,0.00952333,0.0,0.00018643,0.00325575
1951-09-01,Shops_excess,0.0328,0.01042208,0.0,0.01041287,0.00745766
1951-09-01,Telcm_excess,-0.0018,0.00590708,0.0,0.00590084,0.00475547
1951-09-01,Utils_excess,0.0121,0.00577958,0.0,0.00568606,0.00742763
1951-10-01,Durbl_excess,-0.022,0.01673667,0.0,0.00729216,0.00105186
1951-10-01,Enrgy_excess,0.0101,0.01391667,0.00932986,0.01391359,0.00545939
1951-10-01,HiTec_excess,-0.0653,0.011455,0.0,0.00827529,-0.00023865
1951-10-01,Hlth_excess,-0.0614,0.01030083,0.00249022,0.01029667,0.00420557
1951-10-01,Manuf_excess,-0.0431,0.01375583,0.0,0.01335787,0.00061405
1951-10-01,NoDur_excess,-0.0328,0.00855583,0.0,0.00830616,-0.00241911
1951-10-01,Other_excess,-0.0378,0.01078458,0.0,0.00193447,-0.00291363
1951-10-01,Shops_excess,-0.0329,0.01182667,0.0,0.01181718,0.00248167
1951-10-01,Telcm_excess,-0.0124,0.006805,0.0,0.00679662,-0.00082175
1951-10-01,Utils_excess,0.0054,0.00706458,0.0,0.00692709,0.00082085
1951-11-01,Durbl_excess,0.0191,0.01610875,0.0,0.00769028,0.00532214
1951-11-01,Enrgy_excess,-0.0088,0.01333667,0.00780878,0.01333666,0.02342583
1951-11-01,HiTec_excess,0.0243,0.0107125,0.0,0.00792756,0.00321887
1951-11-01,Hlth_excess,-0.0059,0.00957958,0.0,0.00957522,0.0058908
1951-11-01,Manuf_excess,0.0033,0.01332542,0.0,0.01305111,0.0136988
1951-11-01,NoDur_excess,-0.0017,0.00813375,0.0,0.00788442,0.00153488
1951-11-01,Other_excess,0.0201,0.01054458,0.0,0.00223796,0.00552344
1951-11-01,Shops_excess,0.0142,0.011105,0.0,0.01109463,0.00263676
1951-11-01,Telcm_excess,0.0039,0.00657667,0.0,0.00656916,0.00026151
1951-11-01,Utils_excess,0.0155,0.00665458,0.0,0.0065007,0.00566039
1951-12-01,Durbl_excess,0.0236,0.01635042,0.0,0.00764873,-0.00425777
1951-12-01,Enrgy_excess,0.046,0.01367083,0.00611006,0.0136673,0.00621529
1951-12-01,HiTec_excess,0.048,0.01141125,0.0,0.00844605,-0.00556857
1951-12-01,Hlth_excess,0.0503,0.00968,0.0,0.00967552,-0.00027624
1951-12-01,Manuf_excess,0.0445,0.01368083,0.0,0.01326151,-0.00541113
1951-12-01,NoDur_excess,0.018,0.0083175,0.0,0.00808388,-0.00623091
1951-12-01,Other_excess,0.0201,0.01143375,0.0,0.00375278,-0.00798272
1951-12-01,Shops_excess,-0.0039,0.01157208,0.0,0.01156414,-0.00232478
1951-12-01,Telcm_excess,0.0075,0.00688583,0.0,0.00687757,-0.00320882
1951-12-01,Utils_excess,0.0316,0.00692667,0.0,0.00681597,0.00224394
1952-01-01,Durbl_excess,-0.0132,0.01682,0.0,0.00574268,0.00036706
1952-01-01,Enrgy_excess,0.0645,0.0146575,0.01325494,0.01465271,0.01253094
1952-01-01,HiTec_excess,-0.018,0.0121825,0.0,0.00863339,-0.00051052
1952-01-01,Hlth_excess,0.005,0.01006542,0.0,0.01006024,0.00511579
1952-01-01,Manuf_excess,-0.0045,0.01451333,0.0,0.01402493,0.00177205
1952-01-01,NoDur_excess,0.0037,0.00880417,0.0,0.00853462,-0.00152019
1952-01-01,Other_excess,0.0318,0.01219542,0.0,0.00222436,-0.0005213
1952-01-01,Shops_excess,-0.0061,0.01220375,0.0,0.01219431,0.00060335
1952-01-01,Telcm_excess,0.0003,0.00725542,0.0,0.00724695,9.936e-05
1952-01-01,Utils_excess,0.0293,0.00761542,0.00056793,0.00749128,0.00747221
1952-02-01,Durbl_excess,0.0031,0.01706208,0.0,0.00617481,0.00696486
1952-02-01,Enrgy_excess,-0.0355,0.01513875,0.01734756,0.01513419,0.01422773
1952-02-01,HiTec_excess,-0.0343,0.01259333,0.0,0.00922712,0.00500298
1952-02-01,Hlth_excess,-0.0437,0.01020667,0.00135084,0.01020183,0.00564189
1952-02-01,Manuf_excess,-0.0397,0.01452458,0.0,0.0140368,0.00512614
1952-02-01,NoDur_excess,-0.0215,0.00874458,0.0,0.00849444,0.00254658
1952-02-01,Other_excess,-0.017,0.01203667,0.0,0.00180218,0.00444068
1952-02-01,Shops_excess,-0.0389,0.01214667,0.00024966,0.01213787,0.00573575
1952-02-01,Telcm_excess,-0.0074,0.00743458,0.00013014,0.00742752,0.002871
1952-02-01,Utils_excess,0.0057,0.0078525,0.00240988,0.00775941,0.01263004
1952-03-01,Durbl_excess,0.0822,0.01700042,0.0,0.00936773,0.00239847
1952-03-01,Enrgy_excess,0.0861,0.01463708,0.01427908,0.01463724,0.01698609
1952-03-01,HiTec_excess,0.0511,0.01219792,0.0,0.00988971,0.00258142
1952-03-01,Hlth_excess,0.0033,0.00995083,0.0,0.00994715,0.00467039
1952-03-01,Manuf_excess,0.0287,0.01412208,0.0,0.0138524,0.0085272
1952-03-01,NoDur_excess,0.0161,0.00843042,0.0,0.00820619,0.00125661
1952-03-01,Other_excess,0.0573,0.01199167,0.0,0.00445642,0.00341312
1952-03-01,Shops_excess,0.0243,0.01182417,0.0,0.01181517,0.00342847
1952-03-01,Telcm_excess,0.0116,0.00692875,0.0,0.00692094,-0.00222893
1952-03-01,Utils_excess,0.0212,0.00759083,0.0,0.00747469,0.00592972
1952-04-01,Durbl_excess,-0.0312,0.01827458,0.01597336,0.01240021,0.00349426
1952-04-01,Enrgy_excess,-0.0778,0.01504958,0.02230825,0.01504904,0.01971674
1952-04-01,HiTec_excess,-0.0349,0.01302292,0.0075487,0.01074627,0.00480622
1952-04-01,Hlth_excess,-0.0562,0.01024208,0.00654378,0.01023756,0.00434636
1952-04-01,Manuf_excess,-0.0674,0.01484625,0.00970056,0.01454981,0.00267962
1952-04-01,NoDur_excess,-0.0345,0.0087625,0.00297709,0.00851984,0.00150657
1952-04-01,Other_excess,-0.0351,0.01291333,0.00149711,0.00637945,0.00147187
1952-04-01,Shops_excess,-0.0197,0.0122925,0.0067313,0.01228296,0.00356738
1952-04-01,Telcm_excess,-0.0087,0.00740583,0.00264723,0.00739972,0.00083649
1952-04-01,Utils_excess,-0.0192,0.00811917,0.01003317,0.00803488,0.00925743
1952-05-01,Durbl_excess,0.0388,0.01937917,0.04209344,0.01654942,0.00502277
1952-05-01,Enrgy_excess,0.0339,0.01532417,0.03422846,0.01532583,0.01754023
1952-05-01,HiTec_excess,0.028,0.01388917,0.02753613,0.01243546,0.0055403
1952-05-01,Hlth_excess,0.0239,0.01083625,0.02065451,0.01083168,0.00406459
1952-05-01,Manuf_excess,0.0415,0.01552667,0.02988335,0.0153467,0.00611454
1952-05-01,NoDur_excess,0.0201,0.00910375,0.01220922,0.00884782,0.00171956
1952-05-01,Other_excess,0.0282,0.0136975,0.02154843,0.00950859,0.00639991
1952-05-01,Shops_excess,0.0246,0.01285708,0.01929094,0.01284642,-0.00054542
1952-05-01,Telcm_excess,0.009,0.00789042,0.01143005,0.00788509,0.00210276
1952-05-01,Utils_excess,0.0286,0.00869583,0.02297649,0.00861082,0.00797065
1952-06-01,Durbl_excess,0.051,0.02032625,0.06163979,0.01631917,0.00666641
1952-06-01,Enrgy_excess,0.053,0.01568833,0.04297931,0.01568754,0.01405172
1952-06-01,HiTec_excess,0.0575,0.01520083,0.04541833,0.0128815,0.00315875
1952-06-01,Hlth_excess,-0.0111,0.01238708,0.03749442,0.01238148,0.00615399
1952-06-01,Manuf_excess,0.0418,0.01646125,0.04676283,0.01607851,0.00316847
1952-06-01,NoDur_excess,0.0272,0.01007,0.02324868,0.00980675,0.0014764
1952-06-01,Other_excess,0.0388,0.01509458,0.04006282,0.00946627,0.005668
1952-06-01,Shops_excess,0.0286,0.01418583,0.03484135,0.01417601,0.0049854
1952-06-01,Telcm_excess,0.0192,0.00838083,0.0191732,0.00837269,0.00109408
1952-06-01,Utils_excess,0.0095,0.00995458,0.03832365,0.00986321,0.01227507
1952-07-01,Durbl_excess,0.0238,0.020865,0.06630567,0.01756852,0.01020148
1952-07-01,Enrgy_excess,-0.0117,0.01566167,0.04472087,0.01566178,0.01751001
1952-07-01,HiTec_excess,0.0127,0.01515292,0.04841016,0.01335293,0.00791519
1952-07-01,Hlth_excess,-0.0455,0.01188875,0.03758177,0.01188427,0.00444777
1952-07-01,Manuf_excess,0.0207,0.01674125,0.05042486,0.01638846,0.00617498
1952-07-01,NoDur_excess,0.0043,0.01013958,0.02486915,0.0098867,0.00307214
1952-07-01,Other_excess,0.0099,0.01532208,0.04296645,0.01095086,0.00876422
1952-07-01,Shops_excess,0.0179,0.01432333,0.03734193,0.01431356,0.00939411
1952-07-01,Telcm_excess,0.001,0.00886625,0.02187936,0.00885812,0.00445545
1952-07-01,Utils_excess,0.0188,0.00993417,0.04006821,0.00985219,0.01117736
1952-08-01,Durbl_excess,0.0187,0.01909125,0.07393585,0.01677082,0.00292482
1952-08-01,Enrgy_excess,-0.0283,0.01420042,0.04594807,0.01420366,0.00795045
1952-08-01,HiTec_excess,-0.0037,0.01336542,0.05266172,0.01222299,-0.00067305
1952-08-01,Hlth_excess,-0.0072,0.01048333,0.03889306,0.01047999,-0.00332589
1952-08-01,Manuf_excess,-0.0182,0.015085,0.05638584,0.01481606,0.00020333
1952-08-01,NoDur_excess,0.0081,0.00912667,0.02692617,0.00891862,-0.00250538
1952-08-01,Other_excess,-0.0029,0.01303625,0.04662888,0.01020464,-0.00159802
1952-08-01,Shops_excess,-0.0046,0.01326792,0.0416023,0.01325965,0.00257114
1952-08-01,Telcm_excess,0.0074,0.00817583,0.02448713,0.00816854,0.00049081
1952-08-01,Utils_excess,0.0167,0.00878792,0.04453099,0.0087897,0.00430604
1952-09-01,Durbl_excess,-0.0094,0.01727708,0.06699631,0.01955135,0.01235269
1952-09-01,Enrgy_excess,-0.0446,0.01326958,0.0405171,0.01327504,0.01185255
1952-09-01,HiTec_excess,0.0089,0.01144833,0.04554645,0.01220871,0.00477242
1952-09-01,Hlth_excess,-0.0428,0.00894875,0.03226842,0.00895133,0.00041147
1952-09-01,Manuf_excess,-0.0226,0.01307458,0.04732957,0.013053,0.00364793
1952-09-01,NoDur_excess,-0.0301,0.00820958,0.02373278,0.00816535,0.00230405
1952-09-01,Other_excess,-0.0153,0.0105775,0.03737141,0.01302777,0.0090234
1952-09-01,Shops_excess,-0.0093,0.01187125,0.03599624,0.0118705,0.00779206
1952-09-01,Telcm_excess,-0.0051,0.00703417,0.02034602,0.00703263,0.00268696
1952-09-01,Utils_excess,0.0017,0.00704417,0.03755168,0.00733756,0.01375342
1952-10-01,Durbl_excess,0.0106,0.01688417,0.04384611,0.01900773,0.00779819
1952-10-01,Enrgy_excess,0.0024,0.01351833,0.0291815,0.01352201,0.01061396
1952-10-01,HiTec_excess,-0.012,0.01172,0.03287605,0.01247434,0.00445577
1952-10-01,Hlth_excess,-0.0152,0.00926875,0.02007307,0.00926927,-0.00283223
1952-10-01,Manuf_excess,-0.0169,0.01308375,0.02837053,0.01304658,0.00016432
1952-10-01,NoDur_excess,-0.0103,0.00812542,0.01490057,0.00805723,-0.00156673
1952-10-01,Other_excess,-0.0171,0.01069,0.02332847,0.01286816,0.0047054
1952-10-01,Shops_excess,-0.0124,0.01170875,0.02392481,0.01170787,0.00245977
1952-10-01,Telcm_excess,0.0078,0.00700125,0.01335819,0.00699925,0.0025074
1952-10-01,Utils_excess,0.002,0.00724625,0.02600734,0.00749423,0.01004572
1952-11-01,Durbl_excess,0.0646,0.01796083,0.04875001,0.01777447,0.00612136
1952-11-01,Enrgy_excess,0.0198,0.01368583,0.03076444,0.01368911,0.00909589
1952-11-01,HiTec_excess,0.0909,0.01246417,0.03442275,0.01282155,0.00391569
1952-11-01,Hlth_excess,0.0714,0.00997958,0.02181649,0.00997906,-0.00255938
1952-11-01,Manuf_excess,0.0864,0.01367417,0.03216896,0.01362786,0.00163117
1952-11-01,NoDur_excess,0.0595,0.00855917,0.01597656,0.00844595,-0.00082983
1952-11-01,Other_excess,0.072,0.01136958,0.02585982,0.010471,0.00280184
1952-11-01,Shops_excess,0.0447,0.01218625,0.02575343,0.01218191,0.00290424
1952-11-01,Telcm_excess,0.0397,0.00737333,0.01496031,0.00736921,0.00160982
1952-11-01,Utils_excess,0.0499,0.00770667,0.02866679,0.00780424,0.00920681
1952-12-01,Durbl_excess,0.0686,0.01835292,0.05969102,0.01823337,0.01421114
1952-12-01,Enrgy_excess,0.0439,0.01395917,0.03371152,0.01396021,0.00837161
1952-12-01,HiTec_excess,0.029,0.0131875,0.04160467,0.0129863,0.00848105
1952-12-01,Hlth_excess,-0.0211,0.01005583,0.02796069,0.01005523,-2.136e-05
1952-12-01,Manuf_excess,0.0252,0.014465,0.04157768,0.0142948,0.00544003
1952-12-01,NoDur_excess,0.0127,0.0091075,0.01997961,0.00897234,0.00433106
1952-12-01,Other_excess,0.0358,0.01195875,0.03254038,0.01214527,0.00846287
1952-12-01,Shops_excess,0.0114,0.01260667,0.03155235,0.01260315,0.00963995
1952-12-01,Telcm_excess,0.0072,0.00758667,0.01986621,0.00758468,0.00515028
1952-12-01,Utils_excess,0.0185,0.00806625,0.03519861,0.00828439,0.01296614
1953-01-01,Durbl_excess,-0.0052,0.01845875,0.07683251,0.02051732,0.01376055
1953-01-01,Enrgy_excess,-0.0315,0.0141375,0.04016447,0.01414043,0.00953068
1953-01-01,HiTec_excess,-0.0247,0.013,0.05090047,0.01346561,0.00955503
1953-01-01,Hlth_excess,-0.0528,0.00968583,0.03290037,0.00968542,-0.00076966
1953-01-01,Manuf_excess,0.005,0.01443333,0.05267239,0.01434769,0.00596769
1953-01-01,NoDur_excess,0.02,0.00900333,0.0242887,0.0088618,0.00261309
1953-01-01,Other_excess,0.0092,0.01190375,0.04129036,0.01344704,0.01006749
1953-01-01,Shops_excess,0.0066,0.01245125,0.03895137,0.01244756,0.00880981
1953-01-01,Telcm_excess,0.0084,0.00746375,0.02525928,0.00746097,0.00320689
1953-01-01,Utils_excess,0.0076,0.0077625,0.04423186,0.00799219,0.00942493
1953-02-01,Durbl_excess,-0.0133,0.01839958,0.05790012,0.01971001,0.01231745
1953-02-01,Enrgy_excess,0.0019,0.01412875,0.03072767,0.01413049,0.00567531
1953-02-01,HiTec_excess,0.0038,0.01283875,0.0388357,0.01332761,0.00436541
1953-02-01,Hlth_excess,0.0193,0.00951375,0.02223647,0.00951315,-0.00206597
1953-02-01,Manuf_excess,-0.0112,0.01431208,0.03940572,0.01428102,0.00876604
1953-02-01,NoDur_excess,0.0164,0.00889417,0.01981655,0.00879946,0.00615809
1953-02-01,Other_excess,-0.0036,0.01158708,0.03194125,0.01289505,0.00873622
1953-02-01,Shops_excess,-0.0029,0.01257667,0.0301186,0.01257284,0.00927372
1953-02-01,Telcm_excess,-0.0054,0.00748625,0.02004704,0.0074834,0.00267707
1953-02-01,Utils_excess,0.0037,0.00797792,0.03508428,0.0081364,0.00567562
1953-03-01,Durbl_excess,-0.0457,0.01937042,0.04858906,0.02051892,0.00837829
1953-03-01,Enrgy_excess,-0.0073,0.01469125,0.02730163,0.01469193,0.00410443
1953-03-01,HiTec_excess,-0.0095,0.01369083,0.03486231,0.01387619,0.00665012
1953-03-01,Hlth_excess,-0.0034,0.01004958,0.01899951,0.01004811,-0.00188439
1953-03-01,Manuf_excess,-0.0182,0.014995,0.03174982,0.01489321,0.00230354
1953-03-01,NoDur_excess,-0.0193,0.00933875,0.01811473,0.00925446,0.0039638
1953-03-01,Other_excess,-0.0163,0.01225583,0.02661517,0.0139426,0.00791003
1953-03-01,Shops_excess,-0.0067,0.01331875,0.0255358,0.01331524,0.00529758
1953-03-01,Telcm_excess,-0.0062,0.00778625,0.01684364,0.00778395,0.00354823
1953-03-01,Utils_excess,-0.0003,0.00882167,0.02997983,0.00900943,0.00790815
1953-04-01,Durbl_excess,-0.0213,0.01880042,0.04305375,0.02095182,0.00770507
1953-04-01,Enrgy_excess,-0.0534,0.01450458,0.02564275,0.01450659,0.00880925
1953-04-01,HiTec_excess,-0.0053,0.01334542,0.03326414,0.01387643,0.00754745
1953-04-01,Hlth_excess,-0.055,0.01017083,0.01708731,0.01016935,-0.00107183
1953-04-01,Manuf_excess,-0.0284,0.01445458,0.02766675,0.0143946,0.00336887
1953-04-01,NoDur_excess,-0.0029,0.00882958,0.01630963,0.00878057,0.00403699
1953-04-01,Other_excess,-0.0337,0.0120375,0.02368297,0.01392019,0.00491849
1953-04-01,Shops_excess,-0.0097,0.01293833,0.02343589,0.01293598,0.00551426
1953-04-01,Telcm_excess,-0.012,0.00802042,0.01519562,0.00801791,0.00389363
1953-04-01,Utils_excess,-0.0312,0.00936583,0.02759749,0.0095272,0.00921509
1953-05-01,Durbl_excess,-0.0022,0.01539125,0.02642401,0.01550212,0.00865839
1953-05-01,Enrgy_excess,0.0166,0.01264625,0.01407392,0.01264881,0.01390214
1953-05-01,HiTec_excess,0.0097,0.01116875,0.02316334,0.0117804,0.00778949
1953-05-01,Hlth_excess,-0.0022,0.00839833,0.00579653,0.00839663,-0.00022842
1953-05-01,Manuf_excess,0.0005,0.01192042,0.0138424,0.01192035,0.00694116
1953-05-01,NoDur_excess,0.0006,0.007395,0.00834351,0.00731345,0.00223036
1953-05-01,Other_excess,0.0126,0.01061375,0.01746022,0.01163963,0.00505563
1953-05-01,Shops_excess,0.0135,0.01113333,0.01416919,0.01112865,0.00490985
1953-05-01,Telcm_excess,0.002,0.00742375,0.01321251,0.00741921,0.0020055
1953-05-01,Utils_excess,-0.0031,0.00816958,0.02208879,0.00824161,0.0039834
1953-06-01,Durbl_excess,-0.0351,0.01429917,0.02183912,0.01748769,0.00985909
1953-06-01,Enrgy_excess,-0.0025,0.01198875,0.01283953,0.01199224,0.00609294
1953-06-01,HiTec_excess,-0.0218,0.01038458,0.0219084,0.01165876,0.00726439
1953-06-01,Hlth_excess,-0.0349,0.007405,0.00246712,0.00740459,-0.00159298
1953-06-01,Manuf_excess,-0.025,0.01083917,0.00871347,0.01084678,0.00461001
1953-06-01,NoDur_excess,-0.0102,0.00687083,0.00734364,0.00688026,0.00179079
1953-06-01,Other_excess,-0.0223,0.00935292,0.0120619,0.01219922,0.00361019
1953-06-01,Shops_excess,-0.0237,0.01047125,0.01255332,0.0104721,0.00523391
1953-06-01,Telcm_excess,0.0033,0.00671,0.01026662,0.00670929,0.00282739
1953-06-01,Utils_excess,-0.03,0.00735417,0.01710035,0.00760885,0.00564845
1953-07-01,Durbl_excess,0.0057,0.0132875,0.01703666,0.01028204,0.00628659
1953-07-01,Enrgy_excess,0.0378,0.01147167,0.01041909,0.0114736,0.01315739
1953-07-01,HiTec_excess,0.0216,0.00984375,0.01699895,0.01023384,0.01058771
1953-07-01,Hlth_excess,0.0351,0.0068275,0.0,0.00682772,0.00604486
1953-07-01,Manuf_excess,0.0245,0.01022417,0.00677383,0.01019355,0.01026717
1953-07-01,NoDur_excess,0.0257,0.00639458,0.00460136,0.00635808,0.00728027
1953-07-01,Other_excess,0.0128,0.00865458,0.00947437,0.00639313,0.00637664
1953-07-01,Shops_excess,0.0182,0.00971,0.00865862,0.00970628,0.00378062
1953-07-01,Telcm_excess,0.0079,0.00628708,0.00845633,0.00628415,0.003283
1953-07-01,Utils_excess,0.0326,0.00658042,0.01317909,0.00661678,0.00298077
1953-08-01,Durbl_excess,-0.0663,0.01360625,0.01745269,0.01501983,0.01148531
1953-08-01,Enrgy_excess,-0.0661,0.01213208,0.01135012,0.01213414,0.00955605
1953-08-01,HiTec_excess,-0.0459,0.01039583,0.01736356,0.01138389,0.00980857
1953-08-01,Hlth_excess,-0.0013,0.00777083,0.0017372,0.00777072,-0.0035336
1953-08-01,Manuf_excess,-0.0506,0.01080083,0.00863703,0.01077469,0.00442935
1953-08-01,NoDur_excess,-0.0369,0.00677833,0.00551075,0.00681426,0.00503269
1953-08-01,Other_excess,-0.0698,0.00898625,0.00984805,0.01048211,0.00689045
1953-08-01,Shops_excess,-0.0254,0.0103475,0.01026458,0.01034832,0.00816362
1953-08-01,Telcm_excess,-0.0101,0.0065025,0.00928079,0.00650264,0.00457669
1953-08-01,Utils_excess,-0.0053,0.00727917,0.01479667,0.00750276,0.00857488
1953-09-01,Durbl_excess,-0.0099,0.01245875,0.01393352,0.0126722,0.01582543
1953-09-01,Enrgy_excess,-0.0208,0.01106292,0.00820172,0.01106685,0.01703896
1953-09-01,HiTec_excess,0.0321,0.00966875,0.0159852,0.01048495,0.01601513
1953-09-01,Hlth_excess,0.0027,0.00778417,0.00326624,0.0077828,0.00664692
1953-09-01,Manuf_excess,0.01,0.00991542,0.00546465,0.00993516,0.01306014
1953-09-01,NoDur_excess,0.0009,0.00621458,0.00404379,0.00619859,0.00650533
1953-09-01,Other_excess,-0.0116,0.00808792,0.00620045,0.00830508,0.00579672
1953-09-01,Shops_excess,-0.0006,0.00994625,0.00927315,0.00994357,0.00776543
1953-09-01,Telcm_excess,0.0162,0.00627292,0.00798454,0.00627045,0.00229187
1953-09-01,Utils_excess,0.0148,0.00731,0.01449564,0.00739258,0.00545603
1953-10-01,Durbl_excess,0.0757,0.01306042,0.01289952,0.01056326,0.00730437
1953-10-01,Enrgy_excess,0.0551,0.01108917,0.0092024,0.01109102,0.01533026
1953-10-01,HiTec_excess,0.0712,0.01051833,0.01568863,0.0109598,0.01360563
1953-10-01,Hlth_excess,0.0252,0.00785208,0.00461695,0.0078526,0.01162382
1953-10-01,Manuf_excess,0.0588,0.01038083,0.00719456,0.01035934,0.01123992
1953-10-01,NoDur_excess,0.0056,0.00653125,0.00500709,0.00653839,0.00880747
1953-10-01,Other_excess,0.0357,0.008725,0.00732392,0.00658025,0.00614823
1953-10-01,Shops_excess,0.0074,0.01031083,0.00888305,0.01030785,0.00730088
1953-10-01,Telcm_excess,0.0126,0.00649542,0.00726986,0.00649346,0.00485155
1953-10-01,Utils_excess,0.0434,0.00819583,0.0140382,0.00819499,0.00648438
1953-11-01,Durbl_excess,0.0041,0.01379542,0.01203441,0.01369767,0.00852885
1953-11-01,Enrgy_excess,0.0192,0.01152125,0.01274951,0.01152164,0.00440523
1953-11-01,HiTec_excess,0.0499,0.01122083,0.01750156,0.01157206,0.0077729
1953-11-01,Hlth_excess,0.0795,0.00820875,0.00875469,0.00820842,-0.00362304
1953-11-01,Manuf_excess,0.041,0.010965,0.0077055,0.01089237,0.00191959
1953-11-01,NoDur_excess,0.0026,0.006935,0.00777814,0.00693135,0.0022778
1953-11-01,Other_excess,0.027,0.00935042,0.00756907,0.00887248,0.00180081
1953-11-01,Shops_excess,0.0326,0.01066875,0.01002339,0.01066846,0.00541623
1953-11-01,Telcm_excess,0.0219,0.0068475,0.00696413,0.00684719,0.00329013
1953-11-01,Utils_excess,0.0292,0.00869042,0.01300803,0.00880873,0.00773856
1953-12-01,Durbl_excess,-0.0134,0.01275167,0.01100826,0.01481268,0.00072034
1953-12-01,Enrgy_excess,0.0031,0.01098917,0.01205714,0.01099292,0.00324003
1953-12-01,HiTec_excess,0.0056,0.01089042,0.01854114,0.01183999,0.00775191
1953-12-01,Hlth_excess,-0.0148,0.00814708,0.00992967,0.00814726,-0.00241437
1953-12-01,Manuf_excess,0.0049,0.010595,0.00770284,0.0106577,0.00025867
1953-12-01,NoDur_excess,-0.0075,0.00672958,0.00756876,0.00672632,0.00079057
1953-12-01,Other_excess,-0.0244,0.00923917,0.00764067,0.01056992,-0.00047739
1953-12-01,Shops_excess,0.0111,0.0102025,0.01020053,0.01020215,0.0024901
1953-12-01,Telcm_excess,0.004,0.006705,0.00746161,0.00670425,0.00165518
1953-12-01,Utils_excess,0.0056,0.00891458,0.01407253,0.00897133,0.00267069
1954-01-01,Durbl_excess,0.0517,0.01226125,0.01106751,0.01168491,0.00496538
1954-01-01,Enrgy_excess,0.0853,0.01105333,0.00985883,0.01105609,0.00389755
1954-01-01,HiTec_excess,0.0674,0.01085667,0.01493232,0.01136577,0.00801039
1954-01-01,Hlth_excess,0.0554,0.00857708,0.00664117,0.00857662,-0.00175161
1954-01-01,Manuf_excess,0.044,0.01042125,0.00839359,0.01044459,0.00426717
1954-01-01,NoDur_excess,0.0407,0.00684167,0.00487833,0.00680464,0.0030311
1954-01-01,Other_excess,0.0654,0.00894208,0.00733154,0.00735287,0.00365831
1954-01-01,Shops_excess,0.0321,0.0100625,0.0082623,0.01006057,0.00694555
1954-01-01,Telcm_excess,0.0178,0.00688083,0.0074901,0.00687867,0.00355125
1954-01-01,Utils_excess,0.0321,0.00889458,0.01388337,0.00886652,0.00890956
1954-02-01,Durbl_excess,0.0165,0.01192792,0.00873663,0.01211081,0.00356648
1954-02-01,Enrgy_excess,0.0275,0.0110475,0.01465227,0.0110482,0.00163731
1954-02-01,HiTec_excess,0.0494,0.01046958,0.01996586,0.01106499,0.00922969
1954-02-01,Hlth_excess,-0.0025,0.00811042,0.01232654,0.00811031,-0.00065594
1954-02-01,Manuf_excess,0.009,0.01014417,0.00681285,0.01013586,0.00167804
1954-02-01,NoDur_excess,-0.0038,0.00659417,0.00960518,0.00658539,0.00377315
1954-02-01,Other_excess,0.0147,0.00843708,0.00645152,0.00768257,0.00210168
1954-02-01,Shops_excess,0.0037,0.00947208,0.01158575,0.00947214,0.00636565
1954-02-01,Telcm_excess,0.0251,0.00670833,0.00690402,0.0067085,0.00481259
1954-02-01,Utils_excess,0.0152,0.00817458,0.0126634,0.00821589,0.00623287
1954-03-01,Durbl_excess,0.0343,0.01208375,0.00894784,0.01185806,0.00509737
1954-03-01,Enrgy_excess,0.042,0.01130417,0.01699008,0.0113059,0.00476538
1954-03-01,HiTec_excess,0.0879,0.01093917,0.0192022,0.01181492,0.01081039
1954-03-01,Hlth_excess,0.0021,0.00825083,0.01287263,0.00825229,-0.00075983
1954-03-01,Manuf_excess,0.0478,0.01031417,0.00741549,0.01035116,0.00539662
1954-03-01,NoDur_excess,0.0129,0.00678917,0.00947423,0.00680279,0.00535335
1954-03-01,Other_excess,0.0172,0.00857833,0.0077525,0.00739807,0.0018663
1954-03-01,Shops_excess,0.0029,0.00936042,0.01253378,0.00936025,0.00476311
1954-03-01,Telcm_excess,0.0164,0.00672542,0.00620257,0.00672515,0.00549326
1954-03-01,Utils_excess,0.0288,0.00831167,0.01144823,0.00829643,0.00662766
1954-04-01,Durbl_excess,0.04,0.01224,0.0089344,0.01391209,0.01161758
1954-04-01,Enrgy_excess,0.0606,0.01153542,0.01601031,0.01153835,0.01791453
1954-04-01,HiTec_excess,0.0899,0.01117375,0.019374,0.01227297,0.02430181
1954-04-01,Hlth_excess,0.0111,0.00828708,0.01129973,0.00828813,0.01063384
1954-04-01,Manuf_excess,0.0563,0.01056625,0.00820765,0.01062715,0.01749998
1954-04-01,NoDur_excess,0.0089,0.006795,0.00856816,0.00682476,0.01316187
1954-04-01,Other_excess,0.0278,0.00861708,0.00713531,0.00935439,0.01259742
1954-04-01,Shops_excess,0.0144,0.00927333,0.01090479,0.00927427,0.01000416
1954-04-01,Telcm_excess,0.0187,0.00674208,0.00677343,0.00674234,0.0087565
1954-04-01,Utils_excess,0.0116,0.00850792,0.01202873,0.00855828,0.01210104
1954-05-01,Durbl_excess,0.0442,0.0126925,0.00845191,0.01415613,0.00802623
1954-05-01,Enrgy_excess,0.0294,0.01187125,0.01594346,0.01187531,0.00788959
1954-05-01,HiTec_excess,-0.0047,0.01164583,0.01858308,0.01299453,0.01541633
1954-05-01,Hlth_excess,0.0156,0.00800042,0.00966523,0.00800223,0.00070789
1954-05-01,Manuf_excess,0.0444,0.01091333,0.00873657,0.01103976,0.00795151
1954-05-01,NoDur_excess,0.0234,0.00670417,0.00755576,0.00673968,0.00522724
1954-05-01,Other_excess,0.0435,0.00880042,0.00678465,0.00984378,0.00602061
1954-05-01,Shops_excess,0.028,0.00938542,0.01035133,0.00938574,0.00918615
1954-05-01,Telcm_excess,0.0118,0.0068725,0.00699975,0.0068725,0.00509613
1954-05-01,Utils_excess,0.0259,0.00871333,0.01163457,0.0087127,0.00869232
1954-06-01,Durbl_excess,0.0113,0.01341125,0.01091648,0.01365863,0.00236705
1954-06-01,Enrgy_excess,-0.0593,0.01218667,0.01991395,0.01218583,0.00209645
1954-06-01,HiTec_excess,0.0967,0.01190208,0.02221067,0.01183744,0.00819903
1954-06-01,Hlth_excess,-0.0251,0.00808,0.01214501,0.00807834,-0.00257696
1954-06-01,Manuf_excess,0.0355,0.01152,0.01147036,0.01146878,0.00340432
1954-06-01,NoDur_excess,0.0052,0.00692667,0.01029341,0.00690106,0.00407302
1954-06-01,Other_excess,0.0144,0.00929083,0.00911809,0.00912981,0.00092038
1954-06-01,Shops_excess,0.0244,0.00983458,0.01469697,0.00983435,0.00410929
1954-06-01,Telcm_excess,0.0049,0.00710125,0.00816534,0.00710202,0.00560013
1954-06-01,Utils_excess,0.0123,0.00914625,0.01366535,0.00917104,0.00766244
1954-07-01,Durbl_excess,0.0979,0.01357333,0.01106558,0.01425676,0.00968403
1954-07-01,Enrgy_excess,0.0413,0.01189,0.01774849,0.01189167,0.00470388
1954-07-01,HiTec_excess,-0.0055,0.01218917,0.02368377,0.01304909,0.01514097
1954-07-01,Hlth_excess,0.0817,0.00789125,0.01122577,0.00789226,0.00134653
1954-07-01,Manuf_excess,0.0516,0.01149125,0.01196694,0.01156731,0.01103107
1954-07-01,NoDur_excess,0.0634,0.00678792,0.00993412,0.0068108,0.00717106
1954-07-01,Other_excess,0.0677,0.00922083,0.00934905,0.00908256,0.01081112
1954-07-01,Shops_excess,0.0417,0.00983583,0.01530249,0.00983601,0.00880426
1954-07-01,Telcm_excess,0.0431,0.00706917,0.00722965,0.00706981,0.00625524
1954-07-01,Utils_excess,0.0537,0.00901792,0.01223999,0.0089957,0.01298528
1954-08-01,Durbl_excess,-0.0342,0.01455833,0.01195887,0.01458131,0.01273765
1954-08-01,Enrgy_excess,0.0051,0.01246833,0.01544704,0.0124692,0.00573066
1954-08-01,HiTec_excess,-0.0473,0.01266208,0.01821161,0.01300712,0.00829264
1954-08-01,Hlth_excess,-0.0263,0.00831125,0.01082075,0.00831179,0.00341194
1954-08-01,Manuf_excess,-0.0384,0.01218875,0.01209227,0.01223684,0.01041196
1954-08-01,NoDur_excess,-0.0276,0.00726583,0.00963868,0.00727186,0.00935815
1954-08-01,Other_excess,-0.0232,0.01023208,0.01017226,0.00984577,0.01036935
1954-08-01,Shops_excess,-0.0028,0.01035833,0.01358438,0.01035785,0.0073996
1954-08-01,Telcm_excess,-0.0147,0.00743042,0.00863518,0.00743085,0.00764492
1954-08-01,Utils_excess,-0.0178,0.00996125,0.0136732,0.00992171,0.01454019
1954-09-01,Durbl_excess,0.1438,0.0139625,0.01118332,0.01448214,0.00752418
1954-09-01,Enrgy_excess,0.0992,0.01223542,0.01380776,0.01223495,0.00521676
1954-09-01,HiTec_excess,0.0634,0.01219042,0.01687461,0.01236686,0.00997715
1954-09-01,Hlth_excess,0.0272,0.00833,0.0090951,0.00832893,-0.00085035
1954-09-01,Manuf_excess,0.0651,0.01171625,0.01063918,0.0116963,0.00752286
1954-09-01,NoDur_excess,0.0379,0.006975,0.00780089,0.0069704,0.00676048
1954-09-01,Other_excess,0.0421,0.00994708,0.00894735,0.0104476,0.00916155
1954-09-01,Shops_excess,0.0475,0.01015083,0.01170466,0.01015127,0.00842779
1954-09-01,Telcm_excess,0.0241,0.00726292,0.00845656,0.00726387,0.00654943
1954-09-01,Utils_excess,0.0192,0.00980292,0.01354887,0.0098572,0.01298005
1954-10-01,Durbl_excess,-0.0083,0.01453375,0.01026612,0.01497825,0.01435417
1954-10-01,Enrgy_excess,-0.0206,0.01274583,0.01177135,0.01274492,0.00516093
1954-10-01,HiTec_excess,-0.0204,0.01246792,0.0145444,0.01255648,0.0100399
1954-10-01,Hlth_excess,-0.017,0.00840958,0.00683762,0.00840822,-0.00128906
1954-10-01,Manuf_excess,-0.0118,0.01203458,0.00966764,0.01201869,0.00818774
1954-10-01,NoDur_excess,-0.0229,0.00712292,0.00644174,0.00711445,0.00630476
1954-10-01,Other_excess,0.0052,0.01013667,0.00699246,0.01042136,0.00845952
1954-10-01,Shops_excess,-0.026,0.0102425,0.00984356,0.01024285,0.01122918
1954-10-01,Telcm_excess,-0.0092,0.00728917,0.009253,0.00729057,0.00670911
1954-10-01,Utils_excess,-0.0388,0.00981625,0.01338718,0.0098609,0.01465881
1954-11-01,Durbl_excess,0.0441,0.01458667,0.01177767,0.01453466,0.01176153
1954-11-01,Enrgy_excess,0.0803,0.01285542,0.01323588,0.0128545,0.0038827
1954-11-01,HiTec_excess,0.1315,0.01242208,0.0159408,0.01241672,0.00912745
1954-11-01,Hlth_excess,0.1255,0.00836875,0.00775938,0.00836721,-0.00091784
1954-11-01,Manuf_excess,0.1368,0.01200333,0.01037634,0.01197244,0.0042924
1954-11-01,NoDur_excess,0.0603,0.0070025,0.00692174,0.00697896,0.00517435
1954-11-01,Other_excess,0.1112,0.01025125,0.00834445,0.00996841,0.00727965
1954-11-01,Shops_excess,0.0835,0.01006708,0.01045855,0.01006672,0.01008354
1954-11-01,Telcm_excess,0.0337,0.00731125,0.00899853,0.007312,0.00598743
1954-11-01,Utils_excess,0.0562,0.00997167,0.01339004,0.00998673,0.01032341
1954-12-01,Durbl_excess,0.0718,0.01403458,0.01035543,0.01307433,0.00802749
1954-12-01,Enrgy_excess,0.064,0.01289792,0.01318306,0.01289514,0.00870485
1954-12-01,HiTec_excess,0.03,0.01240625,0.01673263,0.01208338,0.01089844
1954-12-01,Hlth_excess,0.0607,0.00872292,0.00914768,0.00872066,0.00463772
1954-12-01,Manuf_excess,0.0647,0.01204875,0.0113174,0.01199112,0.01248938
1954-12-01,NoDur_excess,0.0427,0.00689958,0.00728219,0.00686038,0.00707509
1954-12-01,Other_excess,0.0929,0.01047958,0.00897355,0.00996913,0.01220309
1954-12-01,Shops_excess,0.0219,0.01001125,0.0112222,0.01001054,0.01148031
1954-12-01,Telcm_excess,0.015,0.00752417,0.01009861,0.00752554,0.0079945
1954-12-01,Utils_excess,0.0346,0.01021833,0.014336,0.01023513,0.01229455
1955-01-01,Durbl_excess,0.0046,0.01418583,0.00771264,0.01286822,0.00277597
1955-01-01,Enrgy_excess,0.0033,0.01313667,0.00905712,0.01281471,0.00619135
1955-01-01,HiTec_excess,0.0341,0.01237792,0.01183437,0.01140531,0.00346277
1955-01-01,Hlth_excess,-0.0296,0.00895083,0.00585626,0.00894909,0.00652798
1955-01-01,Manuf_excess,-0.0019,0.01222667,0.00944113,0.01222558,0.0078703
1955-01-01,NoDur_excess,0.002,0.00711708,0.00479072,0.00711471,0.0069642
1955-01-01,Other_excess,0.0081,0.0108725,0.0070862,0.00988092,0.00619122
1955-01-01,Shops_excess,0.0166,0.01014625,0.00718444,0.01014336,0.00564879
1955-01-01,Telcm_excess,0.0072,0.00761208,0.01041686,0.00699182,0.0055437
1955-01-01,Utils_excess,0.0138,0.01072292,0.01452876,0.01026057,0.00755245
1955-02-01,Durbl_excess,-0.0115,0.01457375,0.01020751,0.01331534,0.00318728
1955-02-01,Enrgy_excess,0.0234,0.01333292,0.01018893,0.01246747,0.00591277
1955-02-01,HiTec_excess,0.0433,0.01247375,0.01628456,0.01076287,0.00851178
1955-02-01,Hlth_excess,0.0277,0.00886375,0.00626232,0.0088588,0.0022849
1955-02-01,Manuf_excess,0.0409,0.01231917,0.01046563,0.01231477,0.00903705
1955-02-01,NoDur_excess,0.0145,0.00718417,0.0058478,0.00718084,-0.00188157
1955-02-01,Other_excess,0.0369,0.01118708,0.00877048,0.01049839,0.00233632
1955-02-01,Shops_excess,0.0121,0.01044,0.00911482,0.01043742,0.00268823
1955-02-01,Telcm_excess,0.039,0.00766167,0.01260901,0.00859537,0.00426357
1955-02-01,Utils_excess,0.0355,0.01091292,0.01792293,0.01121017,0.00841469
1955-03-01,Durbl_excess,-0.0005,0.0146725,0.01179529,0.01321893,0.00012228
1955-03-01,Enrgy_excess,-0.0034,0.01357208,0.01224412,0.0129632,0.00353307
1955-03-01,HiTec_excess,-0.0119,0.01264667,0.0197893,0.01175777,0.01024593
1955-03-01,Hlth_excess,0.0601,0.00880083,0.00788073,0.00879725,0.00025742
1955-03-01,Manuf_excess,0.0026,0.01256583,0.01246566,0.01256315,0.00620458
1955-03-01,NoDur_excess,-0.0095,0.00717875,0.00716435,0.00717548,-0.00151689
1955-03-01,Other_excess,0.0084,0.01153958,0.01115311,0.01051365,0.00195
1955-03-01,Shops_excess,-0.015,0.01051875,0.01092544,0.01051541,0.00077485
1955-03-01,Telcm_excess,-0.0029,0.00778167,0.01422729,0.00839834,0.00651302
1955-03-01,Utils_excess,-0.0084,0.01156958,0.0207842,0.01136391,0.00561657
1955-04-01,Durbl_excess,0.0557,0.01491333,0.01039255,0.01324218,0.00302033
1955-04-01,Enrgy_excess,0.0046,0.0137175,0.01115298,0.01314235,0.01153635
1955-04-01,HiTec_excess,0.0527,0.01276958,0.01741253,0.01216431,0.00940421
1955-04-01,Hlth_excess,-0.0009,0.0091825,0.00823369,0.00918051,0.01091229
1955-04-01,Manuf_excess,0.0424,0.01277958,0.01164264,0.01277712,0.00830553
1955-04-01,NoDur_excess,0.0398,0.0073425,0.00601161,0.00733964,0.00146484
1955-04-01,Other_excess,0.0332,0.01180125,0.01029561,0.01060011,0.00427046
1955-04-01,Shops_excess,0.0173,0.01063833,0.00911142,0.01063497,0.00533552
1955-04-01,Telcm_excess,0.0187,0.0078,0.01292495,0.00851574,0.0079828
1955-04-01,Utils_excess,0.0246,0.01102,0.0185102,0.01094129,0.01146136
1955-05-01,Durbl_excess,-0.0126,0.0149075,0.00806045,0.01327794,0.00206597
1955-05-01,Enrgy_excess,-0.0074,0.01309167,0.0041108,0.01260359,0.00174816
1955-05-01,HiTec_excess,-0.0007,0.01256292,0.01290628,0.01189594,0.00848242
1955-05-01,Hlth_excess,0.0303,0.00904667,0.00253102,0.00904372,0.00284101
1955-05-01,Manuf_excess,0.0287,0.01258,0.0089563,0.01257776,0.00822119
1955-05-01,NoDur_excess,-0.0043,0.00725917,0.00281059,0.00725595,0.00365854
1955-05-01,Other_excess,0.015,0.01157458,0.00686238,0.01047266,0.00539777
1955-05-01,Shops_excess,0.0288,0.0104225,0.00415961,0.01041847,0.0039137
1955-05-01,Telcm_excess,0.0115,0.00749792,0.01381886,0.00799942,0.00698395
1955-05-01,Utils_excess,-0.0029,0.01065833,0.01870552,0.01045542,0.00682336
1955-06-01,Durbl_excess,0.0999,0.01473375,0.00804867,0.01303512,0.00027027
1955-06-01,Enrgy_excess,0.111,0.01291542,0.00601562,0.01256369,0.00505828
1955-06-01,HiTec_excess,0.0262,0.01245042,0.01360988,0.01178622,0.00953941
1955-06-01,Hlth_excess,0.0007,0.00934333,0.00546269,0.0093412,0.00687679
1955-06-01,Manuf_excess,0.0949,0.0126225,0.01044037,0.01262138,0.00852582
1955-06-01,NoDur_excess,0.024,0.00719667,0.0039177,0.00719357,0.00292265
1955-06-01,Other_excess,0.0227,0.01147458,0.00805901,0.01033502,0.00548341
1955-06-01,Shops_excess,0.0433,0.01043667,0.00647,0.0104326,0.0022816
1955-06-01,Telcm_excess,0.0059,0.00719708,0.01271694,0.00699668,0.00714529
1955-06-01,Utils_excess,0.0157,0.01007292,0.01682017,0.00963937,0.00696938
1955-07-01,Durbl_excess,0.195,0.01474292,0.00873028,0.01313942,0.00532699
1955-07-01,Enrgy_excess,0.0266,0.01331583,0.00719062,0.0125451,0.00957465
1955-07-01,HiTec_excess,-0.0274,0.01221208,0.01294209,0.0107601,0.01385059
1955-07-01,Hlth_excess,0.0003,0.00917667,0.00460328,0.0091726,0.00516683
1955-07-01,Manuf_excess,-0.0127,0.01274708,0.01176183,0.01274402,0.01368557
1955-07-01,NoDur_excess,0.0196,0.0070675,0.00377788,0.00706401,0.00065612
1955-07-01,Other_excess,-0.0152,0.01130417,0.0073883,0.01025405,0.00842245
1955-07-01,Shops_excess,0.0193,0.01035667,0.00686792,0.01035363,0.00268916
1955-07-01,Telcm_excess,0.0251,0.00700042,0.01349851,0.00918568,0.00720109
1955-07-01,Utils_excess,0.0358,0.00975833,0.01700968,0.00983664,0.00957376
1955-08-01,Durbl_excess,-0.0447,0.01476042,0.01071731,0.01327635,0.01600775
1955-08-01,Enrgy_excess,-0.0124,0.01342125,0.00384882,0.01252214,0.01239499
1955-08-01,HiTec_excess,0.007,0.01169833,0.00798101,0.00916314,0.0115979
1955-08-01,Hlth_excess,0.0,0.009045,0.00124652,0.00904002,0.00834267
1955-08-01,Manuf_excess,0.0289,0.0122525,0.008064,0.01224826,0.01400665
1955-08-01,NoDur_excess,-0.0083,0.00701875,0.0016906,0.00701439,0.00384898
1955-08-01,Other_excess,0.0042,0.0109025,0.00332555,0.00939707,0.00542158
1955-08-01,Shops_excess,0.0147,0.01012458,0.00371511,0.01012001,0.00538605
1955-08-01,Telcm_excess,-0.026,0.00686625,0.01427895,0.00855106,0.00906346
1955-08-01,Utils_excess,-0.0011,0.00952333,0.01680009,0.00957967,0.01119318
1955-09-01,Durbl_excess,0.0905,0.01420042,0.00472141,0.01267039,0.00683568
1955-09-01,Enrgy_excess,-0.0054,0.01344917,0.0,0.01294038,0.01225636
1955-09-01,HiTec_excess,-0.0438,0.01159375,0.00354292,0.01015231,0.00677605
1955-09-01,Hlth_excess,-0.0334,0.009035,0.0,0.00903112,0.00749439
1955-09-01,Manuf_excess,-0.0092,0.01223833,0.00612478,0.01223686,0.01223564
1955-09-01,NoDur_excess,-0.0176,0.00705,0.0,0.00704591,0.0038761
1955-09-01,Other_excess,-0.0287,0.01081583,0.0,0.00935654,0.00535048
1955-09-01,Shops_excess,0.0326,0.01005833,0.0,0.01005378,0.00785932
1955-09-01,Telcm_excess,0.0093,0.00658875,0.01148147,0.0067884,0.00652816
1955-09-01,Utils_excess,-0.0284,0.00921792,0.01353861,0.00901348,0.00697561
1955-10-01,Durbl_excess,-0.0512,0.01411542,0.0047451,0.01234768,0.01220109
1955-10-01,Enrgy_excess,-0.0116,0.01356625,0.0,0.01269584,0.01279751
1955-10-01,HiTec_excess,-0.0538,0.01108833,0.0,0.00876609,0.00905491
1955-10-01,Hlth_excess,0.0064,0.00885042,0.0,0.00884596,0.00853622
1955-10-01,Manuf_excess,-0.0323,0.01202417,0.00220995,0.01202099,0.01539964
1955-10-01,NoDur_excess,-0.0101,0.00690667,0.0,0.00690213,0.00583676
1955-10-01,Other_excess,-0.0281,0.01067417,0.0,0.00880457,0.01059996
1955-10-01,Shops_excess,-0.0269,0.01021875,0.0,0.01021411,0.01265113
1955-10-01,Telcm_excess,-0.0133,0.00645,0.00974039,0.00718843,0.00795649
1955-10-01,Utils_excess,-0.0112,0.009185,0.00963216,0.00925903,0.01127987
1955-11-01,Durbl_excess,0.0891,0.01333417,0.0,0.01202966,0.00788989
1955-11-01,Enrgy_excess,0.0845,0.01295417,0.0,0.01250718,0.01262099
1955-11-01,HiTec_excess,0.0996,0.01049792,0.0,0.0085472,0.00361677
1955-11-01,Hlth_excess,0.0612,0.00862833,0.0,0.00862501,0.00542198
1955-11-01,Manuf_excess,0.0785,0.01164625,0.0,0.01164493,0.01016478
1955-11-01,NoDur_excess,0.0334,0.00667792,0.0,0.006674,0.00394647
1955-11-01,Other_excess,0.0819,0.01045542,0.0,0.00869898,0.00397129
1955-11-01,Shops_excess,0.0584,0.01005625,0.0,0.01005175,0.00662364
1955-11-01,Telcm_excess,0.0146,0.00626542,0.00626102,0.00615035,0.00618448
1955-11-01,Utils_excess,0.0323,0.00854875,0.0028156,0.00828268,0.00713073
1955-12-01,Durbl_excess,-0.0425,0.01356375,0.0,0.01229204,0.00881189
1955-12-01,Enrgy_excess,0.0352,0.01319083,0.0,0.0126373,0.01166515
1955-12-01,HiTec_excess,0.047,0.01067125,0.0,0.0081165,0.00885212
1955-12-01,Hlth_excess,0.0605,0.00881167,0.0,0.00880728,0.00871874
1955-12-01,Manuf_excess,0.0271,0.01178292,0.0,0.01178066,0.01319301
1955-12-01,NoDur_excess,0.0101,0.0067725,0.0,0.00676778,0.00374031
1955-12-01,Other_excess,-0.0085,0.01024625,0.0,0.00875166,0.00490654
1955-12-01,Shops_excess,-0.0095,0.01017958,0.0,0.0101755,0.00913841
1955-12-01,Telcm_excess,0.0069,0.00592208,0.0043311,0.00543495,0.00548056
1955-12-01,Utils_excess,-0.003,0.00864958,0.00407627,0.00849678,0.00558492
1956-01-01,Durbl_excess,-0.0694,0.01314542,0.0,0.01216191,0.00997661
1956-01-01,Enrgy_excess,0.0032,0.01275167,0.0,0.01257265,0.00881168
1956-01-01,HiTec_excess,-0.0543,0.01072125,0.0,0.00990131,0.00902874
1956-01-01,Hlth_excess,-0.0672,0.00896625,0.0,0.00896394,0.00959676
1956-01-01,Manuf_excess,-0.0479,0.01174292,0.0,0.01174262,0.01326248
1956-01-01,NoDur_excess,-0.0174,0.0067275,0.0,0.00672376,0.00532995
1956-01-01,Other_excess,-0.0298,0.01003417,0.0,0.00869356,0.00443115
1956-01-01,Shops_excess,-0.0463,0.01018333,0.0,0.01017992,0.00950602
1956-01-01,Telcm_excess,0.0165,0.00595708,0.00331173,0.00671823,0.00663044
1956-01-01,Utils_excess,-0.0056,0.00840292,0.0,0.00830158,0.0066977
1956-02-01,Durbl_excess,0.0546,0.01269458,0.0,0.01099475,0.0045552
1956-02-01,Enrgy_excess,0.0409,0.0121775,0.0,0.01190718,0.00935693
1956-02-01,HiTec_excess,0.0609,0.010225,0.0,0.00830127,0.00470382
1956-02-01,Hlth_excess,0.081,0.0085425,0.0,0.00853847,0.00545062
1956-02-01,Manuf_excess,0.047,0.01130917,0.0,0.01130693,0.00733586
1956-02-01,NoDur_excess,0.009,0.00652042,0.0,0.00651605,0.00415991
1956-02-01,Other_excess,0.0319,0.00939333,0.0,0.00759766,0.00085745
1956-02-01,Shops_excess,0.0263,0.01010792,0.0,0.0101028,0.00727374
1956-02-01,Telcm_excess,-0.0003,0.0058525,0.00434022,0.00604712,0.00630294
1956-02-01,Utils_excess,0.0175,0.0078575,0.0,0.00764207,0.00573296
1956-03-01,Durbl_excess,0.0359,0.01276667,0.0,0.0111353,0.00650215
1956-03-01,Enrgy_excess,0.1129,0.0122975,0.0,0.01192235,0.00997408
1956-03-01,HiTec_excess,0.1033,0.010465,0.0,0.00845421,0.00668539
1956-03-01,Hlth_excess,0.0711,0.00873625,0.0,0.00873293,0.00873464
1956-03-01,Manuf_excess,0.0757,0.01127375,0.0,0.01127135,0.01019688
1956-03-01,NoDur_excess,0.016,0.00653333,0.0,0.00652867,0.00471391
1956-03-01,Other_excess,0.0556,0.00940833,0.0,0.00774905,0.00285047
1956-03-01,Shops_excess,0.0028,0.01017708,0.0,0.01017229,0.00811986
1956-03-01,Telcm_excess,0.0128,0.00557792,0.00345567,0.00529498,0.00653632
1956-03-01,Utils_excess,0.0362,0.00820583,0.00108309,0.00800133,0.0054499
1956-04-01,Durbl_excess,-0.0533,0.01249292,0.0,0.01063065,0.00550697
1956-04-01,Enrgy_excess,0.0343,0.01269958,0.00083901,0.0125318,0.01300378
1956-04-01,HiTec_excess,-0.001,0.01089833,0.00126553,0.00941931,0.0079954
1956-04-01,Hlth_excess,0.0258,0.00888708,0.00173595,0.00888395,0.01361894
1956-04-01,Manuf_excess,0.0083,0.01148875,0.00324898,0.01148694,0.01095522
1956-04-01,NoDur_excess,0.0067,0.00668792,0.0,0.00668271,0.00236002
1956-04-01,Other_excess,0.007,0.00976917,0.0,0.00837109,0.00178344
1956-04-01,Shops_excess,-0.0201,0.01014167,0.0,0.01013615,0.00524878
1956-04-01,Telcm_excess,-0.0107,0.005775,0.00605292,0.00541588,0.00547403
1956-04-01,Utils_excess,-0.0237,0.00833042,0.00512512,0.00814673,0.00527227
1956-05-01,Durbl_excess,-0.0471,0.01269458,0.0,0.01039019,0.00049072
1956-05-01,Enrgy_excess,-0.0664,0.01326917,0.00494918,0.01332749,0.00855645
1956-05-01,HiTec_excess,-0.0551,0.01125458,0.00331479,0.01005844,0.00672552
1956-05-01,Hlth_excess,-0.0147,0.00937875,0.00480194,0.00937615,0.00684759
1956-05-01,Manuf_excess,-0.0641,0.01189667,0.00533696,0.01189495,0.00900153
1956-05-01,NoDur_excess,-0.0348,0.0069025,0.0,0.0068968,0.00275595
1956-05-01,Other_excess,-0.0564,0.01010875,0.0,0.00854438,0.00050867
1956-05-01,Shops_excess,-0.0479,0.0102775,0.0,0.01027038,0.00290366
1956-05-01,Telcm_excess,-0.0129,0.00596583,0.00612081,0.00515857,0.00464776
1956-05-01,Utils_excess,-0.0096,0.00858042,0.00490737,0.00830244,0.00396023
1956-06-01,Durbl_excess,0.0682,0.01233042,0.0,0.01032798,-3.067e-05
1956-06-01,Enrgy_excess,0.0253,0.01301792,0.0016803,0.01345308,0.01641305
1956-06-01,HiTec_excess,0.0693,0.01080833,0.0,0.0112305,0.00743606
1956-06-01,Hlth_excess,0.034,0.00911833,0.00329338,0.00911842,0.01237299
1956-06-01,Manuf_excess,0.0441,0.01137208,0.00058307,0.01137269,0.01047423
1956-06-01,NoDur_excess,0.0045,0.00655125,0.0,0.0065464,0.00355849
1956-06-01,Other_excess,0.0135,0.0095675,0.0,0.00761124,0.001485
1956-06-01,Shops_excess,0.0201,0.00979833,0.0,0.00979036,0.00400831
1956-06-01,Telcm_excess,0.0108,0.00564375,0.00279268,0.00345438,0.00669297
1956-06-01,Utils_excess,0.0216,0.00814417,0.00175659,0.00754115,0.0058353
1956-07-01,Durbl_excess,0.0414,0.01232958,0.0,0.01008586,0.00339062
1956-07-01,Enrgy_excess,0.0581,0.0130525,0.00208323,0.01286184,0.01002076
1956-07-01,HiTec_excess,0.0506,0.01104417,0.00225785,0.00984584,0.0053342
1956-07-01,Hlth_excess,0.0288,0.00920792,0.00489502,0.00920585,0.01044335
1956-07-01,Manuf_excess,0.0584,0.01150333,0.0027451,0.01150087,0.0069272
1956-07-01,NoDur_excess,0.0177,0.00647458,0.0,0.00646836,0.00307412
1956-07-01,Other_excess,0.022,0.00955083,0.0,0.00740983,-0.00206798
1956-07-01,Shops_excess,0.0435,0.00966292,0.0,0.00965481,0.00369717
1956-07-01,Telcm_excess,0.0243,0.00558875,0.00335277,0.00354616,0.00468925
1956-07-01,Utils_excess,0.0502,0.00808458,0.00249222,0.00760062,0.00261616
1956-08-01,Durbl_excess,0.0064,0.01229792,0.0,0.00937547,0.00039848
1956-08-01,Enrgy_excess,-0.0547,0.0130975,0.00423222,0.01224657,0.00422267
1956-08-01,HiTec_excess,-0.0373,0.01075292,0.00607593,0.00707483,0.0041441
1956-08-01,Hlth_excess,-0.0325,0.00913417,0.00599979,0.00912935,0.00174032
1956-08-01,Manuf_excess,-0.0319,0.01142667,0.00520412,0.01142047,0.00414722
1956-08-01,NoDur_excess,-0.0155,0.00642542,0.0,0.00641804,-0.00030078
1956-08-01,Other_excess,-0.0372,0.00924125,0.0,0.00683351,-0.0028405
1956-08-01,Shops_excess,-0.0279,0.00957792,0.0,0.00957012,-0.00070056
1956-08-01,Telcm_excess,-0.0156,0.00558875,0.00682864,0.0047947,0.00167439
1956-08-01,Utils_excess,-0.0266,0.00781125,0.00665931,0.00755399,0.00253966
1956-09-01,Durbl_excess,-0.0139,0.01233708,0.00141079,0.01074543,0.00375567
1956-09-01,Enrgy_excess,-0.0599,0.01289875,0.00248682,0.01264536,0.01407653
1956-09-01,HiTec_excess,-0.0705,0.01049792,0.00724997,0.00979257,0.00652332
1956-09-01,Hlth_excess,-0.0388,0.00906125,0.00508904,0.00905888,0.01398585
1956-09-01,Manuf_excess,-0.0626,0.01122583,0.00448353,0.01122419,0.0114649
1956-09-01,NoDur_excess,-0.0344,0.00632667,0.0,0.006321,0.00232356
1956-09-01,Other_excess,-0.0459,0.00900958,0.0,0.00749062,0.00219551
1956-09-01,Shops_excess,-0.0459,0.00935833,0.0,0.0093515,0.00232998
1956-09-01,Telcm_excess,-0.03,0.00545125,0.00655034,0.00610747,0.00435501
1956-09-01,Utils_excess,-0.0405,0.00774375,0.00732855,0.00763487,0.00151781
1956-10-01,Durbl_excess,-0.0126,0.01214375,0.00121598,0.01047863,0.00447841
1956-10-01,Enrgy_excess,0.0028,0.01260583,0.0,0.01231862,0.00942794
1956-10-01,HiTec_excess,0.03,0.01025667,0.00342715,0.00975737,0.00549324
1956-10-01,Hlth_excess,0.0033,0.00886792,0.0025747,0.00886541,0.00548788
1956-10-01,Manuf_excess,0.0084,0.01087917,0.00094227,0.01087652,0.00629724
1956-10-01,NoDur_excess,0.0015,0.00621167,0.0,0.00620491,0.00106289
1956-10-01,Other_excess,0.0085,0.00878458,0.0,0.00640057,-0.0030072
1956-10-01,Shops_excess,0.0108,0.00905333,0.0,0.00904456,0.00231102
1956-10-01,Telcm_excess,-0.0165,0.00531375,0.00364428,0.00409961,0.00557919
1956-10-01,Utils_excess,0.0088,0.00766083,0.00423355,0.00730307,0.00550002
1956-11-01,Durbl_excess,-0.0369,0.01188042,0.0,0.00966327,0.00025169
1956-11-01,Enrgy_excess,0.0509,0.01210875,0.0,0.01155321,0.01018905
1956-11-01,HiTec_excess,0.0049,0.01014333,0.00326414,0.0089296,0.00715205
1956-11-01,Hlth_excess,-0.0156,0.008725,0.001575,0.00872143,0.01118956
1956-11-01,Manuf_excess,-0.0097,0.01059292,0.0,0.01058912,0.00944301
1956-11-01,NoDur_excess,-0.0064,0.00607833,0.0,0.00607061,-0.00041111
1956-11-01,Other_excess,0.0001,0.008485,0.0,0.0059786,-0.00285097
1956-11-01,Shops_excess,-0.0235,0.00862958,0.0,0.00861975,0.00088006
1956-11-01,Telcm_excess,0.0133,0.00503375,0.00198371,0.00240797,0.0015468
1956-11-01,Utils_excess,0.0021,0.00745958,0.00329369,0.00701149,0.00199514
1956-12-01,Durbl_excess,0.008,0.0117875,0.0,0.00966438,-0.00090715
1956-12-01,Enrgy_excess,0.0387,0.01225958,5.249e-05,0.0120834,0.01569853
1956-12-01,HiTec_excess,0.0419,0.00993458,0.00357853,0.00951743,0.00817413
1956-12-01,Hlth_excess,0.0583,0.00852,0.00028872,0.0085166,0.00831036
1956-12-01,Manuf_excess,0.0462,0.01032583,0.0,0.01032278,0.00818587
1956-12-01,NoDur_excess,0.0101,0.00586458,0.0,0.00585738,0.00015071
1956-12-01,Other_excess,0.0175,0.00846625,0.0,0.00636031,-0.00164616
1956-12-01,Shops_excess,-0.0067,0.00807458,0.0,0.00806478,-0.00052425
1956-12-01,Telcm_excess,0.0234,0.00492833,0.00275139,0.00391062,0.00395014
1956-12-01,Utils_excess,0.0158,0.00758708,0.00348172,0.00726894,0.00274146
1957-01-01,Durbl_excess,-0.0649,0.01212417,0.0,0.00897506,-0.00047291
1957-01-01,Enrgy_excess,-0.0439,0.01204208,0.0,0.01116562,0.00723908
1957-01-01,HiTec_excess,-0.0591,0.00999958,0.00355512,0.0073157,0.00280851
1957-01-01,Hlth_excess,-0.0254,0.00884875,0.00256238,0.00884336,0.00382176
1957-01-01,Manuf_excess,-0.0614,0.0104375,0.0,0.01043028,0.00308066
1957-01-01,NoDur_excess,0.015,0.00596792,0.0,0.00595853,-0.00290437
1957-01-01,Other_excess,-0.0081,0.00859083,0.0,0.0057308,-0.00288904
1957-01-01,Shops_excess,-0.0152,0.00838708,0.0,0.00837441,-0.0047247
1957-01-01,Telcm_excess,0.0263,0.00504333,0.00367781,0.00454883,0.00245201
1957-01-01,Utils_excess,0.0236,0.00772083,0.00255441,0.00744366,0.0050557
1957-02-01,Durbl_excess,-0.0212,0.01155125,0.0,0.00974259,0.00027215
1957-02-01,Enrgy_excess,-0.0251,0.01175917,0.0,0.01197941,0.01045907
1957-02-01,HiTec_excess,-0.0089,0.00939458,0.0,0.01152873,0.0062043
1957-02-01,Hlth_excess,-0.0059,0.00859875,0.00027846,0.00859947,0.00600669
1957-02-01,Manuf_excess,-0.0299,0.00999042,0.0,0.00999044,0.00560371
1957-02-01,NoDur_excess,-0.0164,0.00592625,0.0,0.00592163,0.00458242
1957-02-01,Other_excess,-0.028,0.00851292,0.0,0.00636011,-0.00154366
1957-02-01,Shops_excess,-0.0117,0.00832083,0.0,0.00831311,0.00294946
1957-02-01,Telcm_excess,0.0009,0.00518875,0.00375715,0.00660747,0.00766108
1957-02-01,Utils_excess,-0.0054,0.00771083,0.00145308,0.00743558,0.00760738
1957-03-01,Durbl_excess,0.0031,0.011485,0.0,0.00843558,-0.00487902
1957-03-01,Enrgy_excess,0.0294,0.01159917,0.0,0.01078225,0.00732162
1957-03-01,HiTec_excess,0.0455,0.00941333,0.0,0.00746928,0.0036812
1957-03-01,Hlth_excess,0.08,0.00873042,0.0,0.00872624,0.00500784
1957-03-01,Manuf_excess,0.018,0.00975583,0.0,0.00974858,0.00287155
1957-03-01,NoDur_excess,0.0135,0.00582167,0.0,0.00581429,0.00051637
1957-03-01,Other_excess,0.0208,0.00819792,0.0,0.00543379,-0.00230583
1957-03-01,Shops_excess,0.0177,0.0081475,0.0,0.00813671,4.953e-05
1957-03-01,Telcm_excess,0.0129,0.00532083,0.00364423,0.00567486,0.0051663
1957-03-01,Utils_excess,0.0146,0.00786458,0.0009875,0.00771784,0.00863824
1957-04-01,Durbl_excess,0.077,0.01167042,0.0,0.00868572,-0.00044296
1957-04-01,Enrgy_excess,0.0669,0.01157542,0.0,0.01078364,0.00569365
1957-04-01,HiTec_excess,0.0814,0.00979042,0.00015664,0.00804347,0.00484544
1957-04-01,Hlth_excess,0.0518,0.00927375,0.00515999,0.00927094,0.0039489
1957-04-01,Manuf_excess,0.0345,0.009775,0.0,0.00976773,0.00350563
1957-04-01,NoDur_excess,0.0114,0.00592042,0.0,0.00591346,0.00358747
1957-04-01,Other_excess,0.0291,0.00817417,0.0,0.00568848,-0.00140015
1957-04-01,Shops_excess,-0.0007,0.00833333,0.0,0.00832311,0.00042774
1957-04-01,Telcm_excess,0.0019,0.0054625,0.00457166,0.00657924,0.00545717
1957-04-01,Utils_excess,0.0291,0.00818917,0.00228142,0.00806427,0.00576662
1957-05-01,Durbl_excess,0.0077,0.01232208,0.0,0.00936509,-0.00069709
1957-05-01,Enrgy_excess,0.0739,0.01207667,0.0,0.01111067,0.00217734
1957-05-01,HiTec_excess,0.0553,0.01044833,0.00642591,0.00800081,0.00282606
1957-05-01,Hlth_excess,0.0454,0.00962917,0.00813333,0.00962544,0.00461403
1957-05-01,Manuf_excess,0.0291,0.01030125,0.0,0.01029255,-0.00139574
1957-05-01,NoDur_excess,0.0113,0.00623542,0.0,0.00622817,-0.00086214
1957-05-01,Other_excess,0.011,0.00858208,0.0,0.00619867,-0.00430454
1957-05-01,Shops_excess,0.023,0.00863417,0.0,0.00862285,-0.00474656
1957-05-01,Telcm_excess,0.0078,0.00569042,0.00641427,0.0073969,0.00493736
1957-05-01,Utils_excess,0.0199,0.00862333,0.00665685,0.00883589,0.0083688
1957-06-01,Durbl_excess,-0.0017,0.01243958,0.0,0.00932267,0.00210773
1957-06-01,Enrgy_excess,-0.0199,0.01239625,0.00226321,0.01195824,0.01038705
1957-06-01,HiTec_excess,0.0501,0.01064792,0.00792607,0.00981127,0.01114335
1957-06-01,Hlth_excess,0.0624,0.00975083,0.00986471,0.00974998,0.00728558
1957-06-01,Manuf_excess,0.001,0.01038333,0.0,0.01037703,0.00429734
1957-06-01,NoDur_excess,-0.0089,0.00630375,0.0,0.00629604,0.0013616
1957-06-01,Other_excess,-0.0134,0.00876917,0.0,0.00585609,-0.00218429
1957-06-01,Shops_excess,-0.0215,0.00892208,0.0,0.00891063,0.0007959
1957-06-01,Telcm_excess,-0.0235,0.00566167,0.00661919,0.00495121,0.00523428
1957-06-01,Utils_excess,-0.0536,0.00892958,0.00781075,0.00857964,0.00643709
1957-07-01,Durbl_excess,0.0334,0.0128825,0.0,0.00950652,-0.00469546
1957-07-01,Enrgy_excess,0.007,0.01242625,0.00211029,0.01206532,0.00462106
1957-07-01,HiTec_excess,0.0077,0.01091917,0.01356188,0.01065473,0.00471336
1957-07-01,Hlth_excess,0.023,0.01018417,0.01408575,0.01018463,0.00741116
1957-07-01,Manuf_excess,0.0015,0.01054,0.0,0.0105341,-0.00114761
1957-07-01,NoDur_excess,0.0062,0.00640375,0.0,0.0063946,-0.00166004
1957-07-01,Other_excess,0.0083,0.00909,0.0,0.00616426,-0.00733795
1957-07-01,Shops_excess,0.0259,0.0089,0.0,0.00888571,-0.00662635
1957-07-01,Telcm_excess,-0.0054,0.00550583,0.00584254,0.00234244,0.00349111
1957-07-01,Utils_excess,-0.0029,0.00892708,0.00663088,0.00807565,0.00278502
1957-08-01,Durbl_excess,-0.0336,0.01247167,1.25e-05,0.00906227,-0.0053166
1957-08-01,Enrgy_excess,-0.06,0.01210583,0.00094721,0.01132947,0.0038032
1957-08-01,HiTec_excess,-0.073,0.01055458,0.01319918,0.00963613,0.00285264
1957-08-01,Hlth_excess,-0.0322,0.01010875,0.014352,0.01010914,0.00747863
1957-08-01,Manuf_excess,-0.0648,0.01016375,0.0,0.01015574,-0.00479043
1957-08-01,NoDur_excess,-0.0225,0.00621958,0.0,0.0062104,-0.00447156
1957-08-01,Other_excess,-0.0572,0.00876167,0.0,0.00529755,-0.00850605
1957-08-01,Shops_excess,-0.0296,0.00857833,0.0,0.00856505,-0.00629012
1957-08-01,Telcm_excess,-0.0037,0.00534833,0.00630705,0.00214758,-0.00238975
1957-08-01,Utils_excess,-0.0283,0.00811083,0.00674708,0.00721258,-0.00041489
1957-09-01,Durbl_excess,-0.0736,0.01243167,0.00069937,0.00950232,-0.003579
1957-09-01,Enrgy_excess,-0.0824,0.01213125,0.00120653,0.01147629,0.01366426
1957-09-01,HiTec_excess,-0.0664,0.01044958,0.01226786,0.0107127,0.00456898
1957-09-01,Hlth_excess,-0.033,0.00992958,0.01273173,0.00993056,0.01410868
1957-09-01,Manuf_excess,-0.0715,0.01007958,0.0,0.01007194,0.00075933
1957-09-01,NoDur_excess,-0.0142,0.00623,0.0,0.0062219,-0.00292313
1957-09-01,Other_excess,-0.0693,0.0088725,0.0,0.00582168,-0.00610179
1957-09-01,Shops_excess,0.0015,0.00863375,0.0,0.00862174,-0.00203813
1957-09-01,Telcm_excess,-0.0251,0.00543958,0.00579245,0.00468647,-0.00021482
1957-09-01,Utils_excess,-0.02,0.00841875,0.00596613,0.00792203,0.00293691
1957-10-01,Durbl_excess,-0.0424,0.012655,0.0,0.00987875,-0.00065351
1957-10-01,Enrgy_excess,-0.0606,0.01233708,0.0,0.01156778,0.00890487
1957-10-01,HiTec_excess,-0.0207,0.01076333,0.0096293,0.01140227,0.00700638
1957-10-01,Hlth_excess,-0.0097,0.01024375,0.01097749,0.01024439,0.01287316
1957-10-01,Manuf_excess,-0.0502,0.01051167,0.0,0.01050356,0.00091146
1957-10-01,NoDur_excess,-0.0241,0.00655333,0.0,0.00654603,-0.00025855
1957-10-01,Other_excess,-0.0716,0.00924958,0.0,0.00616246,-0.00064224
1957-10-01,Shops_excess,-0.0422,0.00923083,0.0,0.00922063,0.00270328
1957-10-01,Telcm_excess,-0.0239,0.00542417,0.00287828,0.00494563,0.00169147
1957-10-01,Utils_excess,-0.0099,0.00882708,0.00291542,0.00841713,0.00814933
1957-11-01,Durbl_excess,-0.0556,0.01301625,0.0,0.00972131,-0.00141051
1957-11-01,Enrgy_excess,0.0215,0.01237542,0.0,0.01123795,0.00650949
1957-11-01,HiTec_excess,0.062,0.0109775,0.01032229,0.01126563,0.00565676
1957-11-01,Hlth_excess,0.0835,0.01035208,0.01050572,0.01035205,0.00922997
1957-11-01,Manuf_excess,0.0309,0.01088167,0.0,0.01087187,0.0018696
1957-11-01,NoDur_excess,0.0309,0.00674792,0.0,0.00674023,-0.00039541
1957-11-01,Other_excess,0.0013,0.00936708,0.0,0.0061266,-0.00223041
1957-11-01,Shops_excess,0.0146,0.00934458,0.0,0.00933311,-0.00142878
1957-11-01,Telcm_excess,0.0121,0.00554875,0.00223545,0.00491161,-0.0025463
1957-11-01,Utils_excess,0.0412,0.00898667,0.00337648,0.00892299,0.00902042
1957-12-01,Durbl_excess,-0.0813,0.01343667,0.0,0.01023913,0.00224763
1957-12-01,Enrgy_excess,-0.0723,0.0129475,0.0,0.01228817,0.00991313
1957-12-01,HiTec_excess,-0.0346,0.0114225,0.00493364,0.01404424,0.01124591
1957-12-01,Hlth_excess,-0.0072,0.01091458,0.01201243,0.01091873,0.01671256
1957-12-01,Manuf_excess,-0.0484,0.01139833,0.0,0.01139262,0.00655253
1957-12-01,NoDur_excess,0.0019,0.0071225,0.0,0.00711522,0.00401229
1957-12-01,Other_excess,-0.0467,0.00965583,0.0,0.00545055,-0.00044525
1957-12-01,Shops_excess,-0.0196,0.01000708,0.0,0.00999648,0.00540886
1957-12-01,Telcm_excess,0.0102,0.00574958,0.0,0.0020331,0.00238125
1957-12-01,Utils_excess,0.0232,0.00903583,0.0,0.00813138,0.01141019
1958-01-01,Durbl_excess,0.0468,0.01377833,0.0,0.0105984,-0.00183976
1958-01-01,Enrgy_excess,0.0131,0.01269833,0.0,0.01111123,0.00502804
1958-01-01,HiTec_excess,0.0375,0.01137,9.51e-06,0.01195224,0.0077816
1958-01-01,Hlth_excess,-0.0069,0.010985,0.00986129,0.01098591,0.01488851
1958-01-01,Manuf_excess,0.0511,0.01129917,0.0,0.01128829,0.00134672
1958-01-01,NoDur_excess,0.0718,0.00722708,0.0,0.00722308,0.00314056
1958-01-01,Other_excess,0.1075,0.00974667,0.0,0.00647394,-0.00353084
1958-01-01,Shops_excess,0.0721,0.01020667,0.0,0.01020033,0.00276881
1958-01-01,Telcm_excess,0.0398,0.00585667,0.0,0.00931269,0.003011
1958-01-01,Utils_excess,0.0578,0.00957958,0.0,0.01016846,0.01210181
1958-02-01,Durbl_excess,-0.0158,0.01351292,0.0,0.01022799,-0.00272042
1958-02-01,Enrgy_excess,-0.0475,0.01273292,0.0,0.01112668,-0.00330208
1958-02-01,HiTec_excess,-0.0176,0.01162917,0.00861217,0.00898,0.00259286
1958-02-01,Hlth_excess,0.0483,0.01081,0.01206036,0.01080781,0.0037024
1958-02-01,Manuf_excess,-0.0215,0.01156375,0.0,0.01155361,-0.00277152
1958-02-01,NoDur_excess,0.0192,0.00740792,0.00386281,0.00740317,0.00264015
1958-02-01,Other_excess,-0.019,0.01017417,0.0,0.00753534,-0.0039009
1958-02-01,Shops_excess,0.0129,0.0102575,0.00326876,0.01024984,-0.00067538
1958-02-01,Telcm_excess,0.0054,0.00612375,0.00721424,0.00552711,0.0041422
1958-02-01,Utils_excess,0.0117,0.01005875,0.01052734,0.00985489,0.00724683
1958-03-01,Durbl_excess,0.0286,0.01330208,0.02130689,0.0113765,0.00345796
1958-03-01,Enrgy_excess,0.0783,0.01214,0.00416444,0.01105177,0.00284682
1958-03-01,HiTec_excess,0.0252,0.01137417,0.01900071,0.00993861,0.0072608
1958-03-01,Hlth_excess,0.0808,0.01065208,0.01561039,0.01065222,0.01097854
1958-03-01,Manuf_excess,0.0148,0.0111125,0.01080281,0.01110757,0.00485974
1958-03-01,NoDur_excess,0.0411,0.00734042,0.01292777,0.00733724,0.00569371
1958-03-01,Other_excess,0.0242,0.00989083,0.01143058,0.007789,0.00066429
1958-03-01,Shops_excess,0.0399,0.00991458,0.01766966,0.00990963,0.00597328
1958-03-01,Telcm_excess,0.0108,0.00624292,0.01638447,0.00565475,0.00561211
1958-03-01,Utils_excess,0.0198,0.00995625,0.02414455,0.00945268,0.01043341
1958-04-01,Durbl_excess,0.0488,0.01456042,0.02821838,0.0123643,0.00660848
1958-04-01,Enrgy_excess,0.0506,0.01352833,0.01129411,0.01246766,0.00504093
1958-04-01,HiTec_excess,-0.002,0.01264042,0.02368969,0.01039186,0.01006441
1958-04-01,Hlth_excess,0.0648,0.01159417,0.02040638,0.01159391,0.01188312
1958-04-01,Manuf_excess,0.0136,0.01224792,0.01638299,0.01224223,0.00448303
1958-04-01,NoDur_excess,0.0346,0.0081775,0.01766486,0.00817366,0.00744552
1958-04-01,Other_excess,0.0444,0.01124875,0.01815676,0.00879359,0.00353755
1958-04-01,Shops_excess,0.0292,0.01101375,0.02434651,0.01100817,0.00731291
1958-04-01,Telcm_excess,0.0262,0.00702375,0.02036497,0.00552604,0.00648116
1958-04-01,Utils_excess,0.0487,0.0108575,0.02875004,0.0101232,0.0099948
1958-05-01,Durbl_excess,0.047,0.01414542,0.02345198,0.01254167,0.00957229
1958-05-01,Enrgy_excess,0.0022,0.01306,0.00816505,0.0119736,0.00973428
1958-05-01,HiTec_excess,0.0139,0.01193417,0.01632046,0.01006222,0.01099704
1958-05-01,Hlth_excess,0.0133,0.01137208,0.01873021,0.01137289,0.01878625
1958-05-01,Manuf_excess,0.0334,0.01172667,0.01231846,0.0117217,0.00859786
1958-05-01,NoDur_excess,0.0261,0.00780667,0.01514659,0.00780537,0.01297928
1958-05-01,Other_excess,0.0363,0.01082583,0.01449356,0.0090516,0.00929382
1958-05-01,Shops_excess,0.0351,0.010455,0.02062926,0.01045287,0.01458544
1958-05-01,Telcm_excess,0.02,0.00657208,0.01721451,0.00838315,0.00878627
1958-05-01,Utils_excess,0.0134,0.010445,0.02461113,0.01031137,0.01645547
1958-06-01,Durbl_excess,0.0259,0.01463333,0.03001018,0.01326418,0.01261741
1958-06-01,Enrgy_excess,0.049,0.01331542,0.01039526,0.01215765,0.00534601
1958-06-01,HiTec_excess,0.036,0.01211708,0.01871413,0.00940656,0.01074442
1958-06-01,Hlth_excess,0.0352,0.01135667,0.02004107,0.01135684,0.01812007
1958-06-01,Manuf_excess,0.0234,0.01215333,0.01618695,0.01214836,0.00949643
1958-06-01,NoDur_excess,0.0261,0.00792583,0.01813496,0.00792498,0.01033328
1958-06-01,Other_excess,0.0286,0.01114083,0.0189422,0.00982408,0.00678815
1958-06-01,Shops_excess,0.0212,0.01076375,0.02550895,0.01076229,0.01458254
1958-06-01,Telcm_excess,0.0164,0.00662083,0.0198989,0.00905388,0.00855625
1958-06-01,Utils_excess,0.0216,0.01041125,0.0280184,0.01029591,0.0110105
1958-07-01,Durbl_excess,0.0991,0.01324,0.03311105,0.01169449,0.00516996
1958-07-01,Enrgy_excess,0.0062,0.01260167,0.01261089,0.01126109,0.00068766
1958-07-01,HiTec_excess,0.0367,0.0111275,0.02101579,0.00741855,0.00587448
1958-07-01,Hlth_excess,0.0591,0.01108292,0.02247244,0.01108259,0.01641327
1958-07-01,Manuf_excess,0.0842,0.0108775,0.0167623,0.01087151,0.00424581
1958-07-01,NoDur_excess,0.0157,0.00748292,0.02065821,0.00748221,0.00980987
1958-07-01,Other_excess,0.0515,0.010215,0.02134636,0.0090013,0.00393418
1958-07-01,Shops_excess,0.018,0.00984792,0.02801516,0.00984668,0.01004674
1958-07-01,Telcm_excess,0.0083,0.00616542,0.02212777,0.0089144,0.01005621
1958-07-01,Utils_excess,0.0105,0.009795,0.03173293,0.00982576,0.01607278
1958-08-01,Durbl_excess,-0.0005,0.01282375,0.04353954,0.01098284,0.00677728
1958-08-01,Enrgy_excess,0.0188,0.01232083,0.01458743,0.01061541,-0.00135558
1958-08-01,HiTec_excess,0.0204,0.01103625,0.02702433,0.00622021,0.00098372
1958-08-01,Hlth_excess,0.0194,0.01108708,0.02821054,0.01108683,0.01808945
1958-08-01,Manuf_excess,0.0238,0.01094458,0.02442257,0.01093795,0.00605018
1958-08-01,NoDur_excess,0.0289,0.00727208,0.02363916,0.00727031,0.00578346
1958-08-01,Other_excess,0.0302,0.01001208,0.02726556,0.00852229,0.00206507
1958-08-01,Shops_excess,0.0567,0.00954458,0.03180961,0.00954194,0.00634491
1958-08-01,Telcm_excess,0.0237,0.00614625,0.02493621,0.00801144,0.00720308
1958-08-01,Utils_excess,-0.0104,0.00981042,0.03659023,0.00974215,0.01043914
1958-09-01,Durbl_excess,0.0985,0.0125725,0.03345651,0.01033077,0.00075881
1958-09-01,Enrgy_excess,0.0309,0.01276792,0.01160378,0.0111718,0.00160524
1958-09-01,HiTec_excess,0.0601,0.01117083,0.02720456,0.00767731,0.00192693
1958-09-01,Hlth_excess,0.1155,0.01115292,0.02763416,0.01115456,0.01838602
1958-09-01,Manuf_excess,0.0435,0.01112375,0.01999212,0.0111172,0.00259847
1958-09-01,NoDur_excess,0.0407,0.00756042,0.02231742,0.00755901,0.00857946
1958-09-01,Other_excess,0.0408,0.01029375,0.02367011,0.00901928,0.00158148
1958-09-01,Shops_excess,0.0384,0.00988167,0.02931304,0.00987884,0.00818332
1958-09-01,Telcm_excess,0.0489,0.00623333,0.02395952,0.00924021,0.00684581
1958-09-01,Utils_excess,0.0327,0.0099975,0.03300035,0.00993792,0.01029815
1958-10-01,Durbl_excess,0.021,0.012955,0.02081316,0.01040481,-0.00034973
1958-10-01,Enrgy_excess,0.0115,0.01286292,0.00421635,0.01106613,0.00114647
1958-10-01,HiTec_excess,0.0431,0.011355,0.02135052,0.009181,0.00416047
1958-10-01,Hlth_excess,0.0087,0.011635,0.02898204,0.0116401,0.02146739
1958-10-01,Manuf_excess,0.0287,0.01123583,0.01094529,0.0112282,0.00070575
1958-10-01,NoDur_excess,0.0232,0.00770917,0.01657525,0.00770744,0.0044475
1958-10-01,Other_excess,0.0357,0.01051583,0.0129748,0.00819852,-0.00079948
1958-10-01,Shops_excess,0.0103,0.01004,0.01892301,0.01003581,0.00403906
1958-10-01,Telcm_excess,0.0128,0.00639958,0.01985422,0.01012371,0.00430858
1958-10-01,Utils_excess,0.041,0.0100825,0.02547025,0.00997486,0.00606651
1958-11-01,Durbl_excess,0.016,0.0127725,0.00983762,0.00997759,0.00279319
1958-11-01,Enrgy_excess,0.0182,0.01297,0.0,0.01111306,0.00243274
1958-11-01,HiTec_excess,0.0424,0.011115,0.01470222,0.00967644,0.00497475
1958-11-01,Hlth_excess,0.0793,0.0114375,0.02351927,0.01144227,0.01818175
1958-11-01,Manuf_excess,0.0281,0.01091375,0.00432297,0.0109064,0.00338848
1958-11-01,NoDur_excess,0.0399,0.00759167,0.01201799,0.00759034,0.00769365
1958-11-01,Other_excess,0.0452,0.01020333,0.00551787,0.00766954,0.00195839
1958-11-01,Shops_excess,0.0579,0.00974208,0.01129763,0.00973803,0.00887089
1958-11-01,Telcm_excess,0.0204,0.006305,0.01539638,0.01035629,0.00616889
1958-11-01,Utils_excess,0.0285,0.009375,0.01808314,0.00943135,0.00983584
1958-12-01,Durbl_excess,0.0253,0.01288708,0.00569507,0.00980689,0.00030881
1958-12-01,Enrgy_excess,0.0103,0.01305,0.0,0.01111229,0.00457681
1958-12-01,HiTec_excess,0.1292,0.01147042,0.01311541,0.00975508,0.01056548
1958-12-01,Hlth_excess,0.0439,0.01170583,0.02386443,0.01171153,0.02498523
1958-12-01,Manuf_excess,0.0499,0.01108875,0.00311116,0.01108111,0.0057403
1958-12-01,NoDur_excess,0.0246,0.00785958,0.01155012,0.0078586,0.01204577
1958-12-01,Other_excess,0.0287,0.01047417,0.00404327,0.00798021,0.00232243
1958-12-01,Shops_excess,0.055,0.00999875,0.01067235,0.00999541,0.01358746
1958-12-01,Telcm_excess,0.1318,0.00636042,0.01362728,0.00989945,0.00719519
1958-12-01,Utils_excess,0.0572,0.00978375,0.01690358,0.00995332,0.01365753
1959-01-01,Durbl_excess,-0.013,0.01290375,0.00833655,0.00980155,0.00401873
1959-01-01,Enrgy_excess,0.003,0.01288708,0.0,0.01080675,0.00156027
1959-01-01,HiTec_excess,-0.0243,0.01187958,0.01905386,0.01126939,0.00965116
1959-01-01,Hlth_excess,-0.0083,0.01185292,0.02710627,0.01186062,0.02233233
1959-01-01,Manuf_excess,0.0058,0.01106333,0.00489662,0.01105564,0.00532156
1959-01-01,NoDur_excess,0.036,0.00784625,0.01350128,0.00784542,0.00765389
1959-01-01,Other_excess,0.0189,0.010345,0.00557448,0.00804951,0.00383973
1959-01-01,Shops_excess,0.0328,0.01018958,0.01444314,0.01018641,0.00753695
1959-01-01,Telcm_excess,0.037,0.00680208,0.02014155,0.01335901,0.01066191
1959-01-01,Utils_excess,0.0104,0.0098575,0.02030856,0.01022856,0.00894529
1959-02-01,Durbl_excess,-0.0214,0.01319667,0.02110503,0.00956338,-0.00096803
1959-02-01,Enrgy_excess,-0.0762,0.01316208,0.00362719,0.0109438,-0.00053312
1959-02-01,HiTec_excess,0.0496,0.01209042,0.02797969,0.01068874,0.0075499
1959-02-01,Hlth_excess,0.0369,0.01185792,0.03225405,0.01186453,0.02044525
1959-02-01,Manuf_excess,0.0344,0.01147917,0.01304371,0.01147071,0.00359037
1959-02-01,NoDur_excess,0.0282,0.00807583,0.0211139,0.0080746,0.00754389
1959-02-01,Other_excess,0.0157,0.01078708,0.01659552,0.00796511,0.00079297
1959-02-01,Shops_excess,0.0246,0.01045667,0.02406512,0.01045283,0.0064387
1959-02-01,Telcm_excess,0.0467,0.00688042,0.02764069,0.01267132,0.01126174
1959-02-01,Utils_excess,0.0107,0.00985,0.02799559,0.00998169,0.00691912
1959-03-01,Durbl_excess,-0.0141,0.01281208,0.0181167,0.00961012,-0.00067502
1959-03-01,Enrgy_excess,0.0192,0.01289417,0.0,0.01065625,0.00166798
1959-03-01,HiTec_excess,0.0211,0.0121825,0.02820717,0.01307856,0.01481702
1959-03-01,Hlth_excess,0.0403,0.01185667,0.03176943,0.01186477,0.02476921
1959-03-01,Manuf_excess,-0.0046,0.01149292,0.01425431,0.01148737,0.00754431
1959-03-01,NoDur_excess,0.0007,0.00809083,0.02126063,0.00809164,0.01128489
1959-03-01,Other_excess,-0.0096,0.0106575,0.01617085,0.00844892,0.00459417
1959-03-01,Shops_excess,-0.0189,0.01030083,0.02367232,0.01029934,0.01346032
1959-03-01,Telcm_excess,-0.0074,0.00692833,0.02803728,0.0157888,0.01543533
1959-03-01,Utils_excess,0.0142,0.00952875,0.02562578,0.00990296,0.01456149
1959-04-01,Durbl_excess,0.0918,0.01348792,0.01674355,0.01010154,0.00312731
1959-04-01,Enrgy_excess,0.0151,0.01332167,0.00103605,0.0112713,0.00537228
1959-04-01,HiTec_excess,0.0824,0.01289708,0.02889065,0.01357761,0.0161931
1959-04-01,Hlth_excess,0.1173,0.01220583,0.03233251,0.01221421,0.02479768
1959-04-01,Manuf_excess,0.0397,0.01212375,0.01400624,0.01211805,0.00847859
1959-04-01,NoDur_excess,0.0281,0.00833417,0.02008558,0.00833336,0.00854959
1959-04-01,Other_excess,0.0175,0.01124625,0.0152651,0.00872993,0.00517798
1959-04-01,Shops_excess,0.0134,0.01062208,0.02133331,0.01061804,0.01025171
1959-04-01,Telcm_excess,0.0441,0.00699333,0.02582474,0.01244713,0.01135241
1959-04-01,Utils_excess,-0.0133,0.01015667,0.02580134,0.01020145,0.00991954
1959-05-01,Durbl_excess,0.0499,0.01384042,0.02200035,0.01048906,0.00508336
1959-05-01,Enrgy_excess,-0.0117,0.01342875,0.00212447,0.0110775,5.2e-06
1959-05-01,HiTec_excess,0.0463,0.01335333,0.03388104,0.01382276,0.01550668
1959-05-01,Hlth_excess,-0.0129,0.01265292,0.0389452,0.01266368,0.02402154
1959-05-01,Manuf_excess,0.0383,0.01234417,0.01651914,0.01233748,0.0096872
1959-05-01,NoDur_excess,0.0111,0.00842625,0.02162958,0.00842509,0.00675682
1959-05-01,Other_excess,0.0041,0.01139333,0.01626756,0.00852877,0.00473464
1959-05-01,Shops_excess,0.025,0.01068333,0.02225379,0.01067815,0.00785295
1959-05-01,Telcm_excess,-0.0123,0.0070625,0.0281849,0.01268916,0.01352808
1959-05-01,Utils_excess,-0.0132,0.009975,0.02550901,0.0097875,0.00566802
1959-06-01,Durbl_excess,-0.0009,0.01371875,0.02819801,0.01112775,0.00915594
1959-06-01,Enrgy_excess,-0.0297,0.01327292,0.00331843,0.01109004,0.00321619
1959-06-01,HiTec_excess,-0.0123,0.01320125,0.03738662,0.01532672,0.01721219
1959-06-01,Hlth_excess,0.0635,0.01237042,0.03853807,0.0123813,0.02335829
1959-06-01,Manuf_excess,0.0103,0.01218667,0.02079597,0.01218255,0.01143145
1959-06-01,NoDur_excess,0.0142,0.00824417,0.02331008,0.00824388,0.00764581
1959-06-01,Other_excess,0.0098,0.01107667,0.01869612,0.00849498,0.00387363
1959-06-01,Shops_excess,0.0202,0.01031292,0.02584566,0.01030943,0.00907255
1959-06-01,Telcm_excess,-0.0135,0.00678,0.02807145,0.01246906,0.01122058
1959-06-01,Utils_excess,-0.0248,0.00964542,0.02598941,0.00945057,0.00487705
1959-07-01,Durbl_excess,0.0818,0.01399792,0.01801925,0.0106694,0.00320815
1959-07-01,Enrgy_excess,0.0471,0.01339792,0.0,0.01063817,0.00250667
1959-07-01,HiTec_excess,0.002,0.01348458,0.03062832,0.01456709,0.01232501
1959-07-01,Hlth_excess,0.0449,0.01259042,0.03689473,0.01260192,0.02472071
1959-07-01,Manuf_excess,0.0348,0.01249625,0.01474275,0.01248972,0.0091773
1959-07-01,NoDur_excess,0.0345,0.00838958,0.01894347,0.00838925,0.00738572
1959-07-01,Other_excess,0.0021,0.01143292,0.01211307,0.00846701,0.00535992
1959-07-01,Shops_excess,0.0187,0.01051042,0.01953819,0.01050709,0.00927774
1959-07-01,Telcm_excess,0.0035,0.00688417,0.02252439,0.01282434,0.01063159
1959-07-01,Utils_excess,0.0357,0.00969042,0.01947248,0.00959668,0.00647299
1959-08-01,Durbl_excess,0.0227,0.01360625,0.01847871,0.01087938,0.00916009
1959-08-01,Enrgy_excess,-0.0334,0.01347125,0.0,0.01083697,0.00735376
1959-08-01,HiTec_excess,-0.0269,0.01290792,0.02718271,0.01390454,0.01822622
1959-08-01,Hlth_excess,-0.0376,0.01264917,0.03613774,0.0126614,0.02612823
1959-08-01,Manuf_excess,-0.0208,0.01210375,0.01425924,0.01209835,0.0114601
1959-08-01,NoDur_excess,-0.0058,0.00827375,0.01884176,0.0082743,0.01125838
1959-08-01,Other_excess,-0.0242,0.01093542,0.00994558,0.00790282,0.00579488
1959-08-01,Shops_excess,0.006,0.010225,0.01821259,0.01022216,0.01135844
1959-08-01,Telcm_excess,0.0042,0.0066275,0.02090266,0.01231178,0.01018468
1959-08-01,Utils_excess,0.0115,0.00930917,0.01888721,0.00936487,0.01210961
1959-09-01,Durbl_excess,-0.0476,0.01399042,0.01665641,0.01147434,-0.00013421
1959-09-01,Enrgy_excess,-0.0722,0.01349458,0.0,0.01084965,-0.00134332
1959-09-01,HiTec_excess,-0.0449,0.01313333,0.02454772,0.0137891,0.01041403
1959-09-01,Hlth_excess,-0.0526,0.01271958,0.03199499,0.01273086,0.02741061
1959-09-01,Manuf_excess,-0.0527,0.01229958,0.01084965,0.01229388,0.00425723
1959-09-01,NoDur_excess,-0.0356,0.00855708,0.01674819,0.0085568,0.00644378
1959-09-01,Other_excess,-0.0442,0.01124333,0.00707922,0.00816739,-0.00022717
1959-09-01,Shops_excess,-0.0243,0.01055625,0.0157366,0.01055252,0.00561166
1959-09-01,Telcm_excess,-0.0127,0.00681917,0.01974222,0.01166402,0.00864287
1959-09-01,Utils_excess,-0.0466,0.00960833,0.01756638,0.00959332,0.00446189
1959-10-01,Durbl_excess,-0.0156,0.01280375,0.0009418,0.00943179,-0.00651914
1959-10-01,Enrgy_excess,0.0086,0.01212875,0.0,0.00914206,-0.00327999
1959-10-01,HiTec_excess,0.0468,0.01243583,0.01720683,0.01208054,0.00851738
1959-10-01,Hlth_excess,0.0204,0.01220667,0.02325637,0.01221607,0.01932549
1959-10-01,Manuf_excess,0.0112,0.010955,0.0,0.01094755,0.00163865
1959-10-01,NoDur_excess,0.035,0.00821,0.00873051,0.00820711,0.00483948
1959-10-01,Other_excess,0.0,0.00998625,0.0,0.00617063,-0.00466663
1959-10-01,Shops_excess,0.0057,0.01038875,0.00482379,0.01038188,0.00660771
1959-10-01,Telcm_excess,0.01,0.00666833,0.01403609,0.00923613,0.00764925
1959-10-01,Utils_excess,0.0059,0.00926458,0.00946669,0.00897344,0.00318447
1959-11-01,Durbl_excess,-0.0037,0.01279708,0.0,0.009497,0.00259569
1959-11-01,Enrgy_excess,-0.0067,0.01232833,0.0,0.0094232,-0.00034088
1959-11-01,HiTec_excess,0.0895,0.01266792,0.01438561,0.0139644,0.01459203
1959-11-01,Hlth_excess,0.0536,0.0122825,0.02014577,0.01229156,0.02341804
1959-11-01,Manuf_excess,0.0193,0.01110833,0.0,0.01110156,0.00420167
1959-11-01,NoDur_excess,0.0099,0.00822,0.00759314,0.0082189,0.01016795
1959-11-01,Other_excess,-0.0076,0.01005333,0.0,0.00637502,0.00207736
1959-11-01,Shops_excess,0.0208,0.01017167,0.00109591,0.0101659,0.01092731
1959-11-01,Telcm_excess,-0.0149,0.00658292,0.01146815,0.01083138,0.01369297
1959-11-01,Utils_excess,0.0014,0.00920083,0.00574089,0.0090676,0.01279562
1959-12-01,Durbl_excess,0.0482,0.012905,0.0,0.00952085,-0.00131955
1959-12-01,Enrgy_excess,0.039,0.01255833,0.0,0.00919951,-0.00543332
1959-12-01,HiTec_excess,0.0308,0.01315042,0.02086095,0.01418758,0.01573939
1959-12-01,Hlth_excess,-0.0202,0.012455,0.0236946,0.01246506,0.02290202
1959-12-01,Manuf_excess,0.0182,0.01143917,0.0,0.01143066,0.00279845
1959-12-01,NoDur_excess,0.0089,0.00828083,0.0090768,0.00828003,0.00778506
1959-12-01,Other_excess,0.0173,0.01023458,0.0,0.00695141,-0.0014699
1959-12-01,Shops_excess,0.0234,0.01035583,0.00376872,0.01034979,0.00598059
1959-12-01,Telcm_excess,0.04,0.00648042,0.0116204,0.01206741,0.0078551
1959-12-01,Utils_excess,0.018,0.00926917,0.00723427,0.00936536,0.00540694
1960-01-01,Durbl_excess,-0.115,0.01294417,0.0,0.0094885,0.00687161
1960-01-01,Enrgy_excess,-0.0783,0.01272458,0.0,0.01270443,-0.00336546
1960-01-01,HiTec_excess,-0.1012,0.01312792,0.02169885,0.01471719,0.01769019
1960-01-01,Hlth_excess,-0.0671,0.01221375,0.02137063,0.01222358,0.01804701
1960-01-01,Manuf_excess,-0.0874,0.01134958,0.0,0.01134114,0.00323596
1960-01-01,NoDur_excess,-0.0369,0.00818542,0.00831189,0.00818401,0.00978696
1960-01-01,Other_excess,-0.0484,0.01025042,0.0,0.00257978,0.00270147
1960-01-01,Shops_excess,-0.06,0.01032625,0.00296757,0.01031992,0.00782355
1960-01-01,Telcm_excess,0.0062,0.00652667,0.01294534,0.00915499,0.00924336
1960-01-01,Utils_excess,-0.0241,0.00922125,0.00686778,0.00921897,0.00536169
1960-02-01,Durbl_excess,-0.0251,0.01262458,0.0,0.00931802,0.00550114
1960-02-01,Enrgy_excess,-0.0375,0.01248958,0.0,0.01247169,0.00042632
1960-02-01,HiTec_excess,0.0506,0.01288125,0.01839394,0.01571886,0.01778394
1960-02-01,Hlth_excess,0.0002,0.01200875,0.01722464,0.01201623,0.02344507
1960-02-01,Manuf_excess,0.002,0.01117833,0.0,0.01117065,0.00022448
1960-02-01,NoDur_excess,0.0267,0.00796125,0.00689602,0.00796086,0.01130057
1960-02-01,Other_excess,-0.0031,0.01016333,0.0,0.00464661,0.00609958
1960-02-01,Shops_excess,0.0393,0.01011583,0.00135648,0.01011096,0.0116793
1960-02-01,Telcm_excess,0.0808,0.0065575,0.01347295,0.00991636,0.01107372
1960-02-01,Utils_excess,0.0248,0.00912292,0.00738472,0.00912246,0.01356074
1960-03-01,Durbl_excess,-0.0473,0.01243417,0.0,0.00880026,0.00386532
1960-03-01,Enrgy_excess,-0.0115,0.01229333,0.0,0.01227542,-0.00034282
1960-03-01,HiTec_excess,0.0129,0.01311625,0.02017966,0.01566925,0.0200652
1960-03-01,Hlth_excess,0.0127,0.0119475,0.01713438,0.01195345,0.02328454
1960-03-01,Manuf_excess,-0.039,0.01107417,0.0,0.01106679,0.00281453
1960-03-01,NoDur_excess,-0.0176,0.00803333,0.00928969,0.00803264,0.01308942
1960-03-01,Other_excess,-0.0262,0.01011458,0.0,0.0034268,0.0034518
1960-03-01,Shops_excess,-0.0025,0.010175,0.00580612,0.01017109,0.01581117
1960-03-01,Telcm_excess,-0.0018,0.00685083,0.01722804,0.01011224,0.01294508
1960-03-01,Utils_excess,0.014,0.00927833,0.00918566,0.0092768,0.01448334
1960-04-01,Durbl_excess,-0.0176,0.01207958,0.0093989,0.00948055,-0.00017511
1960-04-01,Enrgy_excess,-0.0445,0.01217375,0.0,0.01216032,-0.00036265
1960-04-01,HiTec_excess,0.0033,0.01304292,0.02354963,0.01699116,0.02008128
1960-04-01,Hlth_excess,0.0146,0.01192083,0.02092285,0.0119271,0.02239629
1960-04-01,Manuf_excess,-0.0372,0.0108475,0.00569664,0.0108426,0.00105256
1960-04-01,NoDur_excess,0.0133,0.00789083,0.01233316,0.00789125,0.0113455
1960-04-01,Other_excess,-0.013,0.00989542,0.00525169,0.00549079,0.00332921
1960-04-01,Shops_excess,-0.0042,0.01003542,0.01231546,0.01003429,0.01381239
1960-04-01,Telcm_excess,-0.0124,0.006795,0.01845107,0.01006143,0.01209251
1960-04-01,Utils_excess,0.0119,0.00926375,0.01388237,0.00926391,0.01578114
1960-05-01,Durbl_excess,-0.0096,0.01202875,0.0212044,0.0086845,0.00093889
1960-05-01,Enrgy_excess,-0.0376,0.01198125,0.0,0.01196313,-0.00755464
1960-05-01,HiTec_excess,0.0928,0.01311875,0.03064589,0.01145191,0.00851669
1960-05-01,Hlth_excess,0.1346,0.01199458,0.02617868,0.01199741,0.01683982
1960-05-01,Manuf_excess,0.0359,0.01066125,0.01164692,0.01065088,-0.00157428
1960-05-01,NoDur_excess,0.0626,0.00787333,0.01724512,0.00787176,0.00780099
1960-05-01,Other_excess,-0.0002,0.00987208,0.0122005,0.0042723,-0.00112142
1960-05-01,Shops_excess,0.0287,0.01002333,0.01837098,0.01001798,0.00579427
1960-05-01,Telcm_excess,0.0305,0.00672958,0.02196615,0.00946461,0.00959134
1960-05-01,Utils_excess,0.0123,0.00936917,0.01982626,0.00936756,0.00492869
1960-06-01,Durbl_excess,0.0056,0.01307917,0.00926435,0.00964185,0.00322054
1960-06-01,Enrgy_excess,0.0329,0.01285125,0.0,0.01283394,-0.00612061
1960-06-01,HiTec_excess,0.0121,0.01437083,0.02635295,0.01685097,0.02302473
1960-06-01,Hlth_excess,-0.004,0.01344083,0.02537736,0.01344719,0.0271366
1960-06-01,Manuf_excess,0.0143,0.01173583,0.00577596,0.01172801,0.0003147
1960-06-01,NoDur_excess,0.0409,0.00900625,0.01513961,0.00900528,0.01306447
1960-06-01,Other_excess,0.0255,0.01087458,0.0057007,0.00453079,0.00298887
1960-06-01,Shops_excess,0.0358,0.01116167,0.01357047,0.01115782,0.01355431
1960-06-01,Telcm_excess,-0.0059,0.00744458,0.01909176,0.00947627,0.01342517
1960-06-01,Utils_excess,0.0553,0.01025333,0.01432744,0.01024994,0.01282612
1960-07-01,Durbl_excess,-0.0072,0.01274083,0.02629381,0.01065522,0.00875738
1960-07-01,Enrgy_excess,0.0057,0.01275125,0.00035461,0.01273774,-0.00057221
1960-07-01,HiTec_excess,-0.0433,0.01429542,0.03158166,0.01604467,0.02500728
1960-07-01,Hlth_excess,-0.04,0.01321875,0.03094694,0.01322409,0.02739622
1960-07-01,Manuf_excess,-0.0429,0.01162,0.017143,0.01161452,0.01357649
1960-07-01,NoDur_excess,-0.0108,0.00895167,0.02212642,0.00895324,0.01465251
1960-07-01,Other_excess,-0.0152,0.01062875,0.01638698,0.0072655,0.00648307
1960-07-01,Shops_excess,-0.0314,0.01093458,0.02382419,0.01093478,0.01744361
1960-07-01,Telcm_excess,-0.0003,0.007055,0.02162171,0.01018099,0.01340026
1960-07-01,Utils_excess,-0.012,0.00975583,0.02015601,0.00975757,0.01750055
1960-08-01,Durbl_excess,0.0333,0.01246458,0.01892636,0.01116906,0.0059944
1960-08-01,Enrgy_excess,0.0393,0.01264208,0.00108229,0.01263313,0.00186804
1960-08-01,HiTec_excess,0.0099,0.01390708,0.02359095,0.01721182,0.01937784
1960-08-01,Hlth_excess,0.023,0.01307417,0.02462603,0.01307939,0.02778578
1960-08-01,Manuf_excess,0.0153,0.01126125,0.01201505,0.01125824,0.01269131
1960-08-01,NoDur_excess,0.0435,0.00890792,0.01797461,0.00891074,0.01397371
1960-08-01,Other_excess,0.0294,0.010425,0.01217888,0.00881214,0.00534699
1960-08-01,Shops_excess,0.0296,0.01062125,0.01857086,0.01062375,0.01455231
1960-08-01,Telcm_excess,0.0694,0.00697208,0.01766856,0.01022716,0.01177985
1960-08-01,Utils_excess,0.0415,0.00970292,0.01580129,0.00970732,0.02005249
1960-09-01,Durbl_excess,-0.0584,0.01228917,0.02191796,0.01027257,0.00426343
1960-09-01,Enrgy_excess,-0.0116,0.01274583,0.00218759,0.01273142,-0.00179155
1960-09-01,HiTec_excess,-0.0889,0.01380958,0.0247141,0.01340432,0.01382469
1960-09-01,Hlth_excess,-0.0888,0.013265,0.02623136,0.01326799,0.02455714
1960-09-01,Manuf_excess,-0.072,0.01122042,0.01351093,0.0112136,0.00883068
1960-09-01,NoDur_excess,-0.036,0.00903292,0.02001426,0.00903385,0.01212771
1960-09-01,Other_excess,-0.0586,0.01042667,0.01395977,0.00779943,0.00301576
1960-09-01,Shops_excess,-0.0855,0.01062333,0.02051892,0.01062164,0.00954903
1960-09-01,Telcm_excess,-0.0611,0.00727583,0.02041607,0.01058497,0.01365289
1960-09-01,Utils_excess,-0.0465,0.00991917,0.01783693,0.00991871,0.00710252
1960-10-01,Durbl_excess,-0.0156,0.01191375,0.01794761,0.00977875,0.00491819
1960-10-01,Enrgy_excess,0.022,0.01279208,0.00191668,0.01278162,0.00388979
1960-10-01,HiTec_excess,-0.0347,0.01326292,0.02186626,0.01387387,0.01886967
1960-10-01,Hlth_excess,-0.0371,0.0127025,0.021433,0.01270691,0.02532877
1960-10-01,Manuf_excess,-0.0119,0.01074792,0.01019779,0.01074274,0.01133453
1960-10-01,NoDur_excess,0.0144,0.0087775,0.01650004,0.00877836,0.01271857
1960-10-01,Other_excess,-0.0103,0.01008042,0.01047604,0.00654748,0.00391084
1960-10-01,Shops_excess,0.0001,0.01012833,0.01516473,0.01012708,0.01382155
1960-10-01,Telcm_excess,-0.0008,0.00695167,0.01675622,0.00883198,0.00913368
1960-10-01,Utils_excess,-0.0056,0.00981667,0.01555877,0.00981716,0.01646947
1960-11-01,Durbl_excess,-0.0083,0.01168458,0.02232594,0.00916154,-0.00142573
1960-11-01,Enrgy_excess,0.0326,0.01262083,0.00410595,0.01260803,0.00221991
1960-11-01,HiTec_excess,0.0689,0.01301708,0.0224665,0.01083678,0.00619096
1960-11-01,Hlth_excess,0.0392,0.01267292,0.0214117,0.01267352,0.01843974
1960-11-01,Manuf_excess,0.0471,0.01052708,0.0122052,0.01051931,0.00372103
1960-11-01,NoDur_excess,0.0854,0.00889667,0.01865856,0.00889554,0.00838215
1960-11-01,Other_excess,0.0654,0.00981667,0.01334875,0.00494374,-0.00114343
1960-11-01,Shops_excess,0.0679,0.01012542,0.01745425,0.01012145,0.00140292
1960-11-01,Telcm_excess,0.0406,0.00688125,0.01796452,0.00790353,0.00464787
1960-11-01,Utils_excess,0.0361,0.00963375,0.01671296,0.00963143,0.00433453
1960-12-01,Durbl_excess,-0.0057,0.01168083,0.0223441,0.00947473,-0.00177733
1960-12-01,Enrgy_excess,0.0515,0.01272333,0.00451071,0.01271092,-0.00113907
1960-12-01,HiTec_excess,0.0287,0.01342292,0.02430403,0.01274193,0.00904035
1960-12-01,Hlth_excess,0.0606,0.01291375,0.02264549,0.01291615,0.01897285
1960-12-01,Manuf_excess,0.038,0.01078583,0.013887,0.01077938,0.00711225
1960-12-01,NoDur_excess,0.0432,0.00929417,0.02121679,0.00929502,0.01306992
1960-12-01,Other_excess,0.0405,0.010095,0.01494979,0.00666288,0.00195981
1960-12-01,Shops_excess,0.021,0.01050042,0.01959389,0.01049824,0.0064311
1960-12-01,Telcm_excess,0.124,0.00702542,0.01942363,0.0093278,0.00985337
1960-12-01,Utils_excess,0.062,0.01033042,0.01752503,0.01032857,0.00267316
1961-01-01,Durbl_excess,0.0817,0.01179417,0.01436097,0.01051214,0.00499132
1961-01-01,Enrgy_excess,0.0957,0.01284,0.00436298,0.0128321,0.00630705
1961-01-01,HiTec_excess,0.0268,0.01354667,0.01887039,0.01592203,0.01879014
1961-01-01,Hlth_excess,0.0583,0.01317583,0.02176616,0.01318076,0.02236178
1961-01-01,Manuf_excess,0.0641,0.010895,0.01129496,0.01089209,0.01146413
1961-01-01,NoDur_excess,0.0522,0.00945167,0.01924642,0.0094555,0.01483276
1961-01-01,Other_excess,0.0759,0.01025458,0.01157193,0.00863753,0.00545093
1961-01-01,Shops_excess,0.0275,0.01057042,0.01728285,0.01057307,0.01405187
1961-01-01,Telcm_excess,0.077,0.00745667,0.01978897,0.01180158,0.01721721
1961-01-01,Utils_excess,0.0477,0.010515,0.01609846,0.01051828,0.01584044
1961-02-01,Durbl_excess,0.0387,0.01251833,0.02153148,0.00974971,0.00355733
1961-02-01,Enrgy_excess,0.0059,0.0133275,0.00741562,0.01331294,0.0032456
1961-02-01,HiTec_excess,0.0257,0.01376458,0.02242899,0.0120557,0.01166117
1961-02-01,Hlth_excess,0.0506,0.01350958,0.02593439,0.01351082,0.01962809
1961-02-01,Manuf_excess,0.0492,0.01145708,0.01547513,0.01144896,0.00752973
1961-02-01,NoDur_excess,0.0647,0.00969042,0.02446646,0.00969237,0.01646347
1961-02-01,Other_excess,0.0554,0.0106375,0.0172954,0.00839169,0.00906168
1961-02-01,Shops_excess,0.0482,0.01083625,0.02133351,0.01083366,0.00845981
1961-02-01,Telcm_excess,0.0061,0.00786458,0.02577452,0.01188079,0.01751052
1961-02-01,Utils_excess,0.0349,0.01080417,0.01995913,0.01080298,0.00521915
1961-03-01,Durbl_excess,0.0323,0.01262583,0.01037227,0.01093569,0.00869199
1961-03-01,Enrgy_excess,0.012,0.01338042,0.00248251,0.01336978,0.0068597
1961-03-01,HiTec_excess,0.0257,0.013885,0.01640482,0.01527929,0.01842248
1961-03-01,Hlth_excess,0.036,0.01391625,0.02331983,0.01392058,0.02387473
1961-03-01,Manuf_excess,0.0141,0.01174667,0.00936319,0.01174207,0.01307737
1961-03-01,NoDur_excess,0.0465,0.01006375,0.0214386,0.01006862,0.01804004
1961-03-01,Other_excess,0.0335,0.01088167,0.01124309,0.01008924,0.01260563
1961-03-01,Shops_excess,0.0567,0.0111425,0.01729069,0.01114413,0.01599186
1961-03-01,Telcm_excess,0.0728,0.0079825,0.02070535,0.01340961,0.01967679
1961-03-01,Utils_excess,0.0182,0.01099875,0.01579405,0.01100184,0.01591824
1961-04-01,Durbl_excess,-0.0188,0.01283167,0.01250321,0.01041921,0.00748009
1961-04-01,Enrgy_excess,0.0458,0.01327458,0.00302227,0.0132619,0.00802004
1961-04-01,HiTec_excess,0.0031,0.01397833,0.01718963,0.01336406,0.01657307
1961-04-01,Hlth_excess,-0.0048,0.0139925,0.0246378,0.0139966,0.0249716
1961-04-01,Manuf_excess,-0.0151,0.01177417,0.01048927,0.01176787,0.01306696
1961-04-01,NoDur_excess,-0.0152,0.01023458,0.02336277,0.01023814,0.01730181
1961-04-01,Other_excess,0.004,0.01094667,0.01294688,0.00855212,0.01089369
1961-04-01,Shops_excess,0.0042,0.01132875,0.01957432,0.01132838,0.01103187
1961-04-01,Telcm_excess,0.0063,0.0082125,0.02320931,0.01287132,0.01942883
1961-04-01,Utils_excess,0.0169,0.01121417,0.01668853,0.01121369,0.00689226
1961-05-01,Durbl_excess,0.011,0.01319333,0.01225623,0.01133964,0.00921008
1961-05-01,Enrgy_excess,-0.0004,0.01340625,0.00513448,0.01339823,0.01447647
1961-05-01,HiTec_excess,0.0268,0.01435875,0.016119,0.01511966,0.0171801
1961-05-01,Hlth_excess,0.021,0.01418958,0.02355668,0.01419506,0.02510932
1961-05-01,Manuf_excess,0.044,0.01194833,0.01062349,0.01194392,0.0110514
1961-05-01,NoDur_excess,0.035,0.01034292,0.02181452,0.0103466,0.01817209
1961-05-01,Other_excess,0.04,0.01114792,0.01274124,0.00909459,0.01366437
1961-05-01,Shops_excess,0.0391,0.01156458,0.01923979,0.01156598,0.01747458
1961-05-01,Telcm_excess,-0.0122,0.00850292,0.02219952,0.01330058,0.02143791
1961-05-01,Utils_excess,0.0221,0.01168542,0.01640037,0.01168649,0.01981375
1961-06-01,Durbl_excess,-0.0173,0.013225,0.01400703,0.0103944,0.0058151
1961-06-01,Enrgy_excess,-0.0422,0.0131775,0.00592836,0.0131651,0.00654037
1961-06-01,HiTec_excess,-0.0356,0.01448833,0.01712825,0.01297615,0.01413427
1961-06-01,Hlth_excess,-0.0363,0.01433833,0.02406209,0.01434084,0.02070569
1961-06-01,Manuf_excess,-0.0317,0.01197917,0.01307384,0.01197237,0.01209539
1961-06-01,NoDur_excess,-0.016,0.0105475,0.02290679,0.01055035,0.01601312
1961-06-01,Other_excess,-0.0394,0.01135333,0.01441363,0.00910814,0.00983319
1961-06-01,Shops_excess,0.0038,0.01163292,0.02089216,0.01163229,0.01108128
1961-06-01,Telcm_excess,-0.0422,0.00843542,0.02235592,0.01267745,0.01855428
1961-06-01,Utils_excess,-0.0207,0.01196375,0.01687209,0.01196191,0.00690667
1961-07-01,Durbl_excess,0.0597,0.01299042,0.01739151,0.01023787,0.00150144
1961-07-01,Enrgy_excess,0.021,0.01278417,0.00683906,0.01277226,0.00187533
1961-07-01,HiTec_excess,0.0161,0.01389083,0.01931778,0.01260596,0.00977951
1961-07-01,Hlth_excess,0.0332,0.01390708,0.02345996,0.01390996,0.01557671
1961-07-01,Manuf_excess,0.023,0.01157667,0.01510855,0.01157039,0.00743347
1961-07-01,NoDur_excess,0.0266,0.01021875,0.02298127,0.0102214,0.0111802
1961-07-01,Other_excess,0.0108,0.01100042,0.01520288,0.00819019,0.00396396
1961-07-01,Shops_excess,0.0228,0.01143667,0.02172169,0.01143627,0.00962618
1961-07-01,Telcm_excess,0.0625,0.00805,0.02218716,0.01166501,0.01506578
1961-07-01,Utils_excess,0.0269,0.011715,0.01720816,0.0117127,0.00117502
1961-08-01,Durbl_excess,0.0122,0.013075,0.02049717,0.01027504,0.00853949
1961-08-01,Enrgy_excess,0.0003,0.01241208,0.00957958,0.01240045,0.00386526
1961-08-01,HiTec_excess,0.0435,0.01388417,0.019177,0.01176606,0.00735856
1961-08-01,Hlth_excess,0.0372,0.01371167,0.02543053,0.01371414,0.01794028
1961-08-01,Manuf_excess,0.0231,0.0113775,0.0176365,0.01137093,0.00954187
1961-08-01,NoDur_excess,0.0499,0.0101,0.02447645,0.01010233,0.01320771
1961-08-01,Other_excess,0.0505,0.01073333,0.01671101,0.00694788,0.00541226
1961-08-01,Shops_excess,0.0312,0.01133542,0.02346003,0.01133475,0.01478131
1961-08-01,Telcm_excess,0.0007,0.0083275,0.02394204,0.01179936,0.01376696
1961-08-01,Utils_excess,0.0367,0.01160625,0.01848255,0.01160431,0.01174959
1961-09-01,Durbl_excess,0.045,0.01302625,0.01884152,0.01056637,0.00367176
1961-09-01,Enrgy_excess,-0.0659,0.0125575,0.00746653,0.01254614,0.0055567
1961-09-01,HiTec_excess,0.0005,0.014035,0.01983168,0.01352489,0.01131895
1961-09-01,Hlth_excess,-0.014,0.01386375,0.02548354,0.01386839,0.01396439
1961-09-01,Manuf_excess,-0.0464,0.01150125,0.01677735,0.01149611,0.00772268
1961-09-01,NoDur_excess,-0.0012,0.01027375,0.02480098,0.01027833,0.01006674
1961-09-01,Other_excess,-0.0197,0.01093667,0.01640443,0.00923542,0.00439487
1961-09-01,Shops_excess,0.0014,0.01136625,0.02308105,0.01136725,0.00793528
1961-09-01,Telcm_excess,-0.029,0.00828667,0.02324607,0.01285584,0.01487105
1961-09-01,Utils_excess,0.0124,0.011845,0.01815333,0.0118441,0.00302568
1961-10-01,Durbl_excess,0.0035,0.01304167,0.02111807,0.01104676,0.01090884
1961-10-01,Enrgy_excess,0.0648,0.01231083,0.00564661,0.01229932,0.00370449
1961-10-01,HiTec_excess,0.0318,0.01407042,0.0189161,0.01356116,0.01777065
1961-10-01,Hlth_excess,0.0347,0.01381458,0.02383561,0.01381763,0.02013772
1961-10-01,Manuf_excess,-0.0041,0.01142958,0.01473853,0.01142356,0.01091852
1961-10-01,NoDur_excess,0.0316,0.010195,0.02396428,0.01019922,0.01577369
1961-10-01,Other_excess,0.0211,0.0109625,0.01514842,0.00880802,0.01094838
1961-10-01,Shops_excess,0.0887,0.01135458,0.02246656,0.01135588,0.01707252
1961-10-01,Telcm_excess,0.0001,0.00815583,0.02117656,0.01201331,0.01530161
1961-10-01,Utils_excess,0.0512,0.01201583,0.0173737,0.01201589,0.013335
1961-11-01,Durbl_excess,0.0958,0.01338875,0.01570094,0.01116706,0.01073721
1961-11-01,Enrgy_excess,0.0529,0.01248958,0.00560626,0.01247836,0.00807041
1961-11-01,HiTec_excess,0.0277,0.01462417,0.01604716,0.01371987,0.01257263
1961-11-01,Hlth_excess,0.0298,0.01411417,0.02289386,0.01411705,0.01568551
1961-11-01,Manuf_excess,0.0278,0.01168083,0.01084965,0.0116737,0.00679974
1961-11-01,NoDur_excess,0.0534,0.01062083,0.02244152,0.01062474,0.0144819
1961-11-01,Other_excess,0.0369,0.01122333,0.01288133,0.00911976,0.00726377
1961-11-01,Shops_excess,0.0498,0.01194083,0.02251267,0.01194249,0.01654649
1961-11-01,Telcm_excess,0.0835,0.00826958,0.01934423,0.01216978,0.01305251
1961-11-01,Utils_excess,0.0327,0.01263458,0.01626792,0.01263382,0.01549335
1961-12-01,Durbl_excess,0.0268,0.0139425,0.01266267,0.01121909,0.01201578
1961-12-01,Enrgy_excess,0.0366,0.01257917,0.00429732,0.01256702,0.00714181
1961-12-01,HiTec_excess,-0.0087,0.01482458,0.01447755,0.01290043,0.01341643
1961-12-01,Hlth_excess,-0.0218,0.01436167,0.02183702,0.01436397,0.01586347
1961-12-01,Manuf_excess,-0.0002,0.01185583,0.00817183,0.01184712,0.00618932
1961-12-01,NoDur_excess,-0.0338,0.01097625,0.02167617,0.01097935,0.01423804
1961-12-01,Other_excess,-0.0205,0.01144125,0.0104303,0.0081947,0.00576568
1961-12-01,Shops_excess,-0.0054,0.01233833,0.0206881,0.01233828,0.0143609
1961-12-01,Telcm_excess,0.0313,0.00878542,0.01985133,0.01249224,0.01784966
1961-12-01,Utils_excess,-0.0439,0.01305125,0.01470786,0.01304808,0.00618608
1962-01-01,Durbl_excess,-0.0041,0.01454667,0.01292386,0.01108498,0.01099055
1962-01-01,Enrgy_excess,-0.001,0.01319542,0.00399459,0.01318059,-0.00037998
1962-01-01,HiTec_excess,-0.052,0.0147675,0.01519198,0.0117982,0.00929237
1962-01-01,Hlth_excess,-0.0502,0.01433792,0.02043948,0.01433866,0.00781159
1962-01-01,Manuf_excess,-0.0379,0.01182292,0.00935358,0.01181292,0.00308722
1962-01-01,NoDur_excess,-0.0639,0.01100042,0.01939854,0.01100155,0.00983368
1962-01-01,Other_excess,-0.017,0.01158,0.00882977,0.00715393,0.00239756
1962-01-01,Shops_excess,-0.0887,0.01272625,0.01808536,0.01272338,0.01223479
1962-01-01,Telcm_excess,-0.0631,0.00927583,0.01922744,0.01224546,0.01798433
1962-01-01,Utils_excess,-0.0283,0.01318167,0.01094988,0.013175,0.00334939
1962-02-01,Durbl_excess,-0.0167,0.01427,0.01375579,0.01104622,0.00782334
1962-02-01,Enrgy_excess,0.0511,0.01326,0.00356445,0.01324597,0.00088853
1962-02-01,HiTec_excess,-0.0022,0.01451208,0.01443676,0.01187643,0.00739966
1962-02-01,Hlth_excess,0.0355,0.01425542,0.01721494,0.01425474,0.01094825
1962-02-01,Manuf_excess,0.012,0.0117575,0.00792498,0.01174713,0.001995
1962-02-01,NoDur_excess,0.0005,0.01062917,0.01641602,0.01062952,0.00555926
1962-02-01,Other_excess,0.015,0.01111208,0.00920607,0.00735449,0.00218189
1962-02-01,Shops_excess,0.0144,0.01233042,0.01373253,0.01232628,0.00685285
1962-02-01,Telcm_excess,0.0391,0.00907083,0.01624971,0.01124455,0.00961149
1962-02-01,Utils_excess,0.0243,0.01289583,0.009523,0.01289021,-0.00116124
1962-03-01,Durbl_excess,0.0021,0.01398417,0.01053776,0.0110512,0.00846884
1962-03-01,Enrgy_excess,-0.0188,0.01371708,0.00349708,0.01370325,0.00651464
1962-03-01,HiTec_excess,0.0003,0.01460542,0.01238921,0.01228859,0.01080591
1962-03-01,Hlth_excess,0.0021,0.01462917,0.01690573,0.01462819,0.00939387
1962-03-01,Manuf_excess,-0.0064,0.01190792,0.00659416,0.01189749,0.00431507
1962-03-01,NoDur_excess,-0.013,0.01086083,0.01483273,0.01086004,0.00710863
1962-03-01,Other_excess,-0.0197,0.0112525,0.00759733,0.00674865,0.00420707
1962-03-01,Shops_excess,0.0071,0.01247125,0.01278998,0.01246726,0.01271105
1962-03-01,Telcm_excess,-0.0314,0.00925792,0.01604274,0.01167295,0.01280502
1962-03-01,Utils_excess,0.0176,0.01310083,0.0091792,0.01309576,0.00980145
1962-04-01,Durbl_excess,-0.054,0.01393417,0.00525246,0.01223914,0.01366241
1962-04-01,Enrgy_excess,-0.0379,0.01398292,0.00036797,0.01397123,0.00484123
1962-04-01,HiTec_excess,-0.1129,0.01486917,0.00914082,0.0149448,0.01561454
1962-04-01,Hlth_excess,-0.1156,0.01486917,0.0149018,0.01486928,0.01129179
1962-04-01,Manuf_excess,-0.0817,0.01211375,0.00312824,0.01210569,0.00792294
1962-04-01,NoDur_excess,-0.0699,0.0111525,0.01166692,0.01115326,0.00884226
1962-04-01,Other_excess,-0.073,0.01154625,0.00315527,0.00916511,0.00763755
1962-04-01,Shops_excess,-0.0465,0.01279667,0.01035308,0.01279578,0.01458561
1962-04-01,Telcm_excess,-0.049,0.00941708,0.01280993,0.01263289,0.01305205
1962-04-01,Utils_excess,-0.0301,0.01368292,0.00774735,0.01368082,0.01503847
1962-05-01,Durbl_excess,-0.0469,0.01389167,0.00487321,0.01070468,0.00488237
1962-05-01,Enrgy_excess,-0.0519,0.01397458,0.00078891,0.01396023,0.00281472
1962-05-01,HiTec_excess,-0.1142,0.01455,0.00908328,0.01113883,0.00973341
1962-05-01,Hlth_excess,-0.1105,0.01457292,0.01309895,0.01456888,0.01718206
1962-05-01,Manuf_excess,-0.0847,0.01196458,0.0020911,0.01195292,0.00636975
1962-05-01,NoDur_excess,-0.1155,0.01103208,0.0108841,0.01102893,0.00975684
1962-05-01,Other_excess,-0.081,0.01132417,0.00313657,0.00639005,0.00300199
1962-05-01,Shops_excess,-0.0932,0.01284917,0.00958822,0.01284323,0.01232508
1962-05-01,Telcm_excess,-0.073,0.00951833,0.01212435,0.01008754,0.01318062
1962-05-01,Utils_excess,-0.1071,0.01370208,0.00866691,0.01369581,0.01407436
1962-06-01,Durbl_excess,-0.0627,0.01327833,0.00906715,0.00878426,0.00383322
1962-06-01,Enrgy_excess,-0.0504,0.01347542,0.00389351,0.0134717,0.00435875
1962-06-01,HiTec_excess,-0.1177,0.01374792,0.01195944,0.01127267,0.01130524
1962-06-01,Hlth_excess,-0.131,0.01349792,0.01280769,0.01350138,0.01827151
1962-06-01,Manuf_excess,-0.0982,0.01154042,0.00444325,0.01153426,0.00736365
1962-06-01,NoDur_excess,-0.0902,0.01018625,0.01113185,0.01018656,0.00983522
1962-06-01,Other_excess,-0.0936,0.01084292,0.00617639,0.00899491,0.00130067
1962-06-01,Shops_excess,-0.1046,0.01196958,0.00996205,0.01196615,0.01055258
1962-06-01,Telcm_excess,-0.0872,0.00889375,0.01272659,0.00607663,0.01170934
1962-06-01,Utils_excess,-0.0531,0.0129075,0.00979089,0.01290446,0.01238777
1962-07-01,Durbl_excess,0.0776,0.01294458,0.01405838,0.00914065,-0.00442038
1962-07-01,Enrgy_excess,0.0463,0.01308167,0.00703364,0.01307314,-0.00232321
1962-07-01,HiTec_excess,0.1103,0.01306667,0.01525639,0.00800971,0.00850495
1962-07-01,Hlth_excess,0.0751,0.01283417,0.01154784,0.01283063,0.01153723
1962-07-01,Manuf_excess,0.0498,0.01098583,0.00709112,0.01097588,0.00292467
1962-07-01,NoDur_excess,0.0496,0.00966458,0.01166145,0.00966073,0.00732134
1962-07-01,Other_excess,0.0547,0.01037458,0.00973332,0.00557645,-0.00250683
1962-07-01,Shops_excess,0.041,0.01142917,0.00976131,0.01142152,0.0022099
1962-07-01,Telcm_excess,0.0696,0.0086275,0.01364316,0.00537688,0.00686699
1962-07-01,Utils_excess,0.0712,0.01261792,0.01165053,0.01261147,0.00588996
1962-08-01,Durbl_excess,0.0362,0.01318208,0.01221444,0.00940873,-0.00614401
1962-08-01,Enrgy_excess,0.0161,0.01302333,0.00480724,0.01300958,-0.0031364
1962-08-01,HiTec_excess,0.0316,0.01345208,0.01502294,0.00872555,0.00737765
1962-08-01,Hlth_excess,-0.0815,0.01308167,0.01179589,0.01307713,0.01185541
1962-08-01,Manuf_excess,0.0213,0.01107958,0.00527239,0.01106672,0.00153828
1962-08-01,NoDur_excess,0.0067,0.00977167,0.01086774,0.0097662,0.0042859
1962-08-01,Other_excess,0.036,0.01032958,0.00733181,0.00369378,-0.00538245
1962-08-01,Shops_excess,0.0407,0.01139458,0.00843427,0.0113854,0.00171851
1962-08-01,Telcm_excess,0.0135,0.00873208,0.01366764,0.00736061,0.00743636
1962-08-01,Utils_excess,0.0292,0.01293542,0.01081844,0.01292592,0.00416597
1962-09-01,Durbl_excess,-0.0241,0.01323625,0.01044431,0.01132803,0.00211252
1962-09-01,Enrgy_excess,-0.0198,0.01294375,0.00414932,0.01293411,-0.00117823
1962-09-01,HiTec_excess,-0.0908,0.01355417,0.01340598,0.01212893,0.01174671
1962-09-01,Hlth_excess,-0.0426,0.01264167,0.00983878,0.01263882,0.00696366
1962-09-01,Manuf_excess,-0.0601,0.01111375,0.00439334,0.01110445,0.00153574
1962-09-01,NoDur_excess,-0.0582,0.0097675,0.01014669,0.00976563,0.00729501
1962-09-01,Other_excess,-0.0597,0.01037958,0.0064219,0.00699242,0.00045472
1962-09-01,Shops_excess,-0.0684,0.01149375,0.00883913,0.0114906,0.00768585
1962-09-01,Telcm_excess,-0.0627,0.00868583,0.01264622,0.00975701,0.01037538
1962-09-01,Utils_excess,-0.0308,0.01302458,0.01048091,0.013021,0.01168584
1962-10-01,Durbl_excess,0.0221,0.01302875,0.01256856,0.01051133,-0.00115571
1962-10-01,Enrgy_excess,-0.0054,0.01276375,0.00580943,0.01275336,-0.00127971
1962-10-01,HiTec_excess,-0.0039,0.01296125,0.01398315,0.01002111,0.00505723
1962-10-01,Hlth_excess,0.0221,0.01245458,0.00941819,0.01245017,0.00544331
1962-10-01,Manuf_excess,0.0123,0.01072875,0.00544386,0.01071867,-0.00291042
1962-10-01,NoDur_excess,-0.0352,0.00952875,0.00979247,0.00952475,0.00108372
1962-10-01,Other_excess,0.0032,0.00999125,0.00746418,0.005205,-0.00388328
1962-10-01,Shops_excess,-0.0159,0.01118208,0.00822121,0.01117605,0.00250241
1962-10-01,Telcm_excess,0.0252,0.00833958,0.01201331,0.00788865,0.00471274
1962-10-01,Utils_excess,-0.0134,0.01265333,0.01106492,0.01264778,0.00390103
1962-11-01,Durbl_excess,0.0662,0.01287958,0.01273824,0.01055371,0.0029566
1962-11-01,Enrgy_excess,0.1055,0.01234167,0.00568393,0.01233431,0.00187801
1962-11-01,HiTec_excess,0.1438,0.012685,0.01353815,0.01038347,0.0094556
1962-11-01,Hlth_excess,0.1743,0.01237542,0.00970767,0.01237256,0.00882284
1962-11-01,Manuf_excess,0.1303,0.01050083,0.00563296,0.01049256,-0.00017876
1962-11-01,NoDur_excess,0.1192,0.00919542,0.00905101,0.00919269,1.006e-05
1962-11-01,Other_excess,0.1458,0.00963458,0.00738727,0.00635845,-0.00085956
1962-11-01,Shops_excess,0.1096,0.01109208,0.00802673,0.01108706,0.00197733
1962-11-01,Telcm_excess,0.0697,0.00818792,0.01206864,0.00760864,0.00625344
1962-11-01,Utils_excess,0.0745,0.01196583,0.01047167,0.01196284,0.00388455
1962-12-01,Durbl_excess,0.0331,0.01316458,0.00696088,0.01064427,0.00416083
1962-12-01,Enrgy_excess,0.0446,0.01274458,0.00286806,0.01273395,0.0058382
1962-12-01,HiTec_excess,-0.004,0.01320125,0.01076622,0.01078364,0.00598841
1962-12-01,Hlth_excess,0.0065,0.01303708,0.01120349,0.01303443,0.01137997
1962-12-01,Manuf_excess,-0.013,0.01114458,0.00272704,0.01113452,0.00230447
1962-12-01,NoDur_excess,0.0122,0.00958083,0.00887178,0.00957834,0.00374796
1962-12-01,Other_excess,0.0116,0.01033167,0.00454186,0.00662463,0.00159412
1962-12-01,Shops_excess,-0.0019,0.01127208,0.00775415,0.01126746,0.00390856
1962-12-01,Telcm_excess,0.0085,0.00837,0.01142677,0.00912712,0.00955212
1962-12-01,Utils_excess,0.0325,0.0123325,0.00904971,0.01232772,0.00396064
1963-01-01,Durbl_excess,0.0735,0.0129625,0.00583565,0.01107472,0.00925283
1963-01-01,Enrgy_excess,0.0243,0.01261792,0.00275543,0.01260834,0.00110517
1963-01-01,HiTec_excess,0.0539,0.01292833,0.0093828,0.0113883,0.00466811
1963-01-01,Hlth_excess,0.0541,0.0127025,0.01040903,0.01270107,0.01169694
1963-01-01,Manuf_excess,0.0553,0.01087125,0.00159354,0.01086217,0.00262648
1963-01-01,NoDur_excess,0.0569,0.00943542,0.00737238,0.00943407,0.0062485
1963-01-01,Other_excess,0.0497,0.01019458,0.00283075,0.00721542,0.00115874
1963-01-01,Shops_excess,0.0388,0.01115083,0.00616013,0.01114779,0.00616867
1963-01-01,Telcm_excess,0.0388,0.00839208,0.01023501,0.00993661,0.00688751
1963-01-01,Utils_excess,0.05,0.0122875,0.00778191,0.01228407,0.00835083
1963-02-01,Durbl_excess,-0.0315,0.01305167,0.00444205,0.01102226,0.00608138
1963-02-01,Enrgy_excess,-0.0156,0.01245375,0.00130702,0.01244307,-0.00021409
1963-02-01,HiTec_excess,-0.053,0.01274583,0.00850708,0.01106889,0.00251471
1963-02-01,Hlth_excess,-0.0281,0.01282625,0.01093248,0.01282476,0.01310626
1963-02-01,Manuf_excess,-0.0279,0.0108125,0.00048042,0.01080305,0.00483524
1963-02-01,NoDur_excess,-0.0327,0.0092925,0.00819931,0.00929206,0.00871644
1963-02-01,Other_excess,-0.0072,0.01010792,0.00208895,0.00741683,0.00287511
1963-02-01,Shops_excess,-0.0091,0.011025,0.00660966,0.01102225,0.00752969
1963-02-01,Telcm_excess,-0.0134,0.0083975,0.01063445,0.01036852,0.01264848
1963-02-01,Utils_excess,-0.0169,0.01188333,0.0083435,0.01188031,0.00226788
1963-03-01,Durbl_excess,0.0686,0.01260542,0.00634045,0.01111002,0.00816139
1963-03-01,Enrgy_excess,0.0675,0.01205958,0.00262145,0.01205,-0.00136156
1963-03-01,HiTec_excess,0.0252,0.01238375,0.00963023,0.01138401,0.00381906
1963-03-01,Hlth_excess,0.0095,0.01255833,0.01077723,0.01255755,0.00865544
1963-03-01,Manuf_excess,0.0265,0.01047917,0.00180981,0.01047104,0.0020023
1963-03-01,NoDur_excess,0.0233,0.00900667,0.00832485,0.00900708,0.00344763
1963-03-01,Other_excess,0.0271,0.00968458,0.00387313,0.00799813,0.00036878
1963-03-01,Shops_excess,0.0178,0.01085958,0.00691463,0.01085857,0.00695125
1963-03-01,Telcm_excess,0.0171,0.00797583,0.01112829,0.01049657,0.01000299
1963-03-01,Utils_excess,0.0156,0.0114825,0.00900332,0.01148066,0.00380234
1963-04-01,Durbl_excess,0.054,0.01268125,0.00676022,0.01105461,0.01173707
1963-04-01,Enrgy_excess,0.058,0.01204958,0.00331209,0.01203976,0.00476449
1963-04-01,HiTec_excess,0.0617,0.01217917,0.00867398,0.0104536,0.00195214
1963-04-01,Hlth_excess,0.0738,0.01240875,0.01051621,0.01240723,0.00815973
1963-04-01,Manuf_excess,0.0442,0.01034,0.00178005,0.01033128,0.00318414
1963-04-01,NoDur_excess,0.0214,0.00892292,0.00812082,0.0089227,0.00464753
1963-04-01,Other_excess,0.0568,0.00937625,0.00362864,0.0068728,0.002253
1963-04-01,Shops_excess,0.0521,0.01057167,0.00699543,0.01056996,0.00816741
1963-04-01,Telcm_excess,0.0348,0.00802167,0.01073641,0.0101842,0.00834209
1963-04-01,Utils_excess,0.0212,0.01135292,0.00841349,0.01135047,0.00470789
1963-05-01,Durbl_excess,0.0781,0.01288542,0.00693403,0.01146169,0.01187748
1963-05-01,Enrgy_excess,-0.0034,0.01225208,0.00400754,0.01224308,0.00476607
1963-05-01,HiTec_excess,0.0396,0.01238833,0.00800872,0.01111403,0.00369798
1963-05-01,Hlth_excess,-0.0049,0.01265917,0.01075118,0.01265905,0.00667254
1963-05-01,Manuf_excess,0.0186,0.010585,0.00188307,0.01057662,0.00443634
1963-05-01,NoDur_excess,0.0164,0.00897,0.0071682,0.00897016,0.00286051
1963-05-01,Other_excess,0.0333,0.00952292,0.00337692,0.00750335,0.00300183
1963-05-01,Shops_excess,0.0237,0.01071167,0.00686067,0.01071063,0.00991824
1963-05-01,Telcm_excess,-0.0088,0.00799458,0.01041409,0.0104448,0.00826992
1963-05-01,Utils_excess,0.008,0.01127458,0.0074219,0.01127217,-0.00045955
1963-06-01,Durbl_excess,-0.0347,0.01293708,0.0080459,0.01168892,0.01758631
1963-06-01,Enrgy_excess,0.0098,0.01200167,0.00445647,0.01199229,0.0045022
1963-06-01,HiTec_excess,-0.0515,0.01229375,0.00837697,0.01118162,0.0052322
1963-06-01,Hlth_excess,-0.0132,0.01239042,0.01018726,0.01238963,0.00497852
1963-06-01,Manuf_excess,-0.0279,0.01043958,0.00234224,0.01043118,0.00444626
1963-06-01,NoDur_excess,-0.0161,0.00876583,0.00647129,0.0087661,0.00418752
1963-06-01,Other_excess,-0.016,0.00943,0.00336062,0.00771596,0.00472388
1963-06-01,Shops_excess,-0.0162,0.01049833,0.00652469,0.01049752,0.01051193
1963-06-01,Telcm_excess,-0.0217,0.00776875,0.00964753,0.01017393,0.0069722
1963-06-01,Utils_excess,-0.0136,0.01111958,0.00671687,0.01111727,0.00659345
1963-07-01,Durbl_excess,-0.0034,0.01259167,0.00841311,0.01078792,0.01394618
1963-07-01,Enrgy_excess,0.0203,0.01199417,0.00549515,0.01198426,0.00375388
1963-07-01,HiTec_excess,-0.0095,0.01197917,0.00871782,0.00981563,0.00376073
1963-07-01,Hlth_excess,0.003,0.01236417,0.00937252,0.01236205,0.0060185
1963-07-01,Manuf_excess,-0.0165,0.01028833,0.00260704,0.01027878,0.00412789
1963-07-01,NoDur_excess,-0.0075,0.00861417,0.00561655,0.00861266,0.00311722
1963-07-01,Other_excess,-0.0186,0.00939792,0.00318813,0.00621948,0.00348186
1963-07-01,Shops_excess,-0.0132,0.01019875,0.00590748,0.01019602,0.00866959
1963-07-01,Telcm_excess,-0.0052,0.00758458,0.00917737,0.00900445,0.00472571
1963-07-01,Utils_excess,0.0054,0.01088917,0.00661215,0.01088564,0.00405255
1963-08-01,Durbl_excess,0.0632,0.01298292,0.00298499,0.01158112,0.00978101
1963-08-01,Enrgy_excess,0.0369,0.01219917,0.00353374,0.0121899,0.0043232
1963-08-01,HiTec_excess,0.0489,0.01224542,0.00637432,0.0111409,0.00393224
1963-08-01,Hlth_excess,0.0932,0.01251625,0.0074404,0.012515,0.01474468
1963-08-01,Manuf_excess,0.0595,0.010505,0.0,0.01049634,0.00046552
1963-08-01,NoDur_excess,0.0464,0.0086625,0.00262753,0.008662,0.00680204
1963-08-01,Other_excess,0.0515,0.00953917,0.0,0.00747303,0.00442369
1963-08-01,Shops_excess,0.0618,0.01027625,0.00243242,0.01027498,0.00997872
1963-08-01,Telcm_excess,0.0404,0.00757167,0.00750107,0.00954061,0.006166
1963-08-01,Utils_excess,0.0387,0.01093375,0.00478485,0.0109313,0.00820587
1963-09-01,Durbl_excess,-0.0052,0.0131025,0.0,0.0117098,0.00672909
1963-09-01,Enrgy_excess,-0.0392,0.01230875,0.00157801,0.01229919,0.00287494
1963-09-01,HiTec_excess,-0.001,0.01243,0.00361585,0.01154416,0.0037085
1963-09-01,Hlth_excess,-0.0434,0.012895,0.00702082,0.0128947,0.00819991
1963-09-01,Manuf_excess,-0.0108,0.01072625,0.0,0.01071726,-0.00088105
1963-09-01,NoDur_excess,-0.0201,0.00881792,0.00022811,0.00881763,0.00457679
1963-09-01,Other_excess,-0.0343,0.00969625,0.0,0.00775286,0.00511456
1963-09-01,Shops_excess,0.0065,0.01037833,0.00089312,0.01037747,0.01179894
1963-09-01,Telcm_excess,0.0209,0.00770333,0.00606249,0.01011816,0.00639493
1963-09-01,Utils_excess,-0.0276,0.01101958,0.00272993,0.01101704,0.00624733
1963-10-01,Durbl_excess,0.1042,0.01301167,0.0,0.01145815,0.0058399
1963-10-01,Enrgy_excess,-0.0062,0.01208833,0.00099484,0.01207814,-0.00218073
1963-10-01,HiTec_excess,0.0793,0.01221083,0.00457868,0.0112955,0.00228685
1963-10-01,Hlth_excess,0.031,0.01254792,0.00598856,0.01254696,0.00054362
1963-10-01,Manuf_excess,0.0227,0.01057125,0.0,0.01056194,-0.0031555
1963-10-01,NoDur_excess,0.0237,0.00864458,0.0,0.00864352,0.00177352
1963-10-01,Other_excess,0.0111,0.00946375,0.0,0.00670708,0.00191023
1963-10-01,Shops_excess,0.0023,0.01031667,0.00049362,0.0103154,0.00851287
1963-10-01,Telcm_excess,0.0314,0.00773125,0.00633339,0.0100718,0.00658922
1963-10-01,Utils_excess,-0.0096,0.01074458,0.00232008,0.01074133,-0.0031421
1963-11-01,Durbl_excess,-0.0547,0.01349375,0.0,0.01149289,0.00685039
1963-11-01,Enrgy_excess,-0.0141,0.01214917,0.0,0.01213621,-0.00170698
1963-11-01,HiTec_excess,-0.0056,0.01268542,0.00454783,0.01084706,0.00331066
1963-11-01,Hlth_excess,-0.0191,0.01265375,0.00554545,0.01265114,0.00510469
1963-11-01,Manuf_excess,0.0004,0.01070208,0.0,0.0106908,-0.00301086
1963-11-01,NoDur_excess,-0.014,0.00875583,0.0,0.00875325,0.0021783
1963-11-01,Other_excess,-0.0017,0.00955625,0.0,0.00531049,0.00143482
1963-11-01,Shops_excess,-0.0152,0.01042792,0.0,0.01042414,0.00540884
1963-11-01,Telcm_excess,0.0387,0.00783292,0.00632623,0.00967142,0.00721632
1963-11-01,Utils_excess,-0.0133,0.01068208,0.00092812,0.0106766,-0.00231015
1963-12-01,Durbl_excess,0.0029,0.01348917,0.0,0.01150895,0.00433866
1963-12-01,Enrgy_excess,0.0437,0.01238208,0.0,0.01237183,0.00202525
1963-12-01,HiTec_excess,0.0275,0.01293125,0.00297762,0.01227036,0.00890008
1963-12-01,Hlth_excess,0.0125,0.01273958,0.00349039,0.01273858,0.01364202
1963-12-01,Manuf_excess,0.0165,0.01097417,0.0,0.01096475,0.00335705
1963-12-01,NoDur_excess,0.0255,0.00888958,0.0,0.00888845,0.00864093
1963-12-01,Other_excess,0.0236,0.00988542,0.0,0.00726056,0.00297254
1963-12-01,Shops_excess,0.0004,0.01055417,0.0,0.01055189,0.01365353
1963-12-01,Telcm_excess,-0.0038,0.00806792,0.00629023,0.01015691,0.00981432
1963-12-01,Utils_excess,0.0212,0.01097792,0.0,0.01097444,0.00785326
1964-01-01,Durbl_excess,0.0092,0.01317125,0.0,0.01116161,0.00557508
1964-01-01,Enrgy_excess,0.0455,0.01225875,0.0,0.01224674,-0.00183281
1964-01-01,HiTec_excess,0.0263,0.0127125,0.00440247,0.0114966,0.00503887
1964-01-01,Hlth_excess,0.034,0.01262833,0.00363413,0.01262597,0.00103451
1964-01-01,Manuf_excess,0.0236,0.0107975,0.0,0.01078672,-0.00147952
1964-01-01,NoDur_excess,0.0048,0.00874083,0.0,0.00873857,0.00205676
1964-01-01,Other_excess,0.0087,0.00968667,0.0,0.00551785,0.00080012
1964-01-01,Shops_excess,0.0221,0.01026833,0.0,0.01026486,0.0058035
1964-01-01,Telcm_excess,0.0302,0.00792208,0.00626304,0.01016665,0.00906403
1964-01-01,Utils_excess,0.0109,0.01075792,0.0,0.01075273,-0.00296789
1964-02-01,Durbl_excess,0.0139,0.01316833,0.0,0.01051836,0.00373083
1964-02-01,Enrgy_excess,0.0082,0.01243,0.00178056,0.0124176,-0.00058133
1964-02-01,HiTec_excess,0.017,0.01279708,0.00361175,0.01048613,0.00163251
1964-02-01,Hlth_excess,0.0139,0.01275917,0.00212379,0.01275526,-0.00148036
1964-02-01,Manuf_excess,0.0247,0.01081625,0.0,0.01080422,-0.0009278
1964-02-01,NoDur_excess,0.016,0.00859667,0.0,0.0085931,-0.00187524
1964-02-01,Other_excess,0.0508,0.00953667,0.0,0.00458753,0.00096685
1964-02-01,Shops_excess,0.0137,0.01032917,0.0,0.01032387,0.0036164
1964-02-01,Telcm_excess,-0.0054,0.00801333,0.00568813,0.00988518,0.00973022
1964-02-01,Utils_excess,0.0061,0.01081792,0.0,0.01081117,-0.0050339
1964-03-01,Durbl_excess,0.0077,0.01307292,0.0,0.01041558,0.00479744
1964-03-01,Enrgy_excess,0.0109,0.01246083,0.00137654,0.01244825,-0.00150138
1964-03-01,HiTec_excess,0.0307,0.0129575,0.00380416,0.01028217,0.00300621
1964-03-01,Hlth_excess,-0.0225,0.01292875,0.00222027,0.01292465,-0.00160523
1964-03-01,Manuf_excess,0.0338,0.01093583,0.0,0.01092358,0.00052514
1964-03-01,NoDur_excess,0.0277,0.00868667,0.0,0.00868304,-0.00053822
1964-03-01,Other_excess,0.0202,0.00966375,0.0,0.00486405,0.00334091
1964-03-01,Shops_excess,0.0212,0.01034333,0.0,0.01033789,0.0038123
1964-03-01,Telcm_excess,-0.0121,0.00795542,0.006054,0.0095376,0.00888693
1964-03-01,Utils_excess,-0.0105,0.01078167,0.0,0.01077497,-0.00185939
1964-04-01,Durbl_excess,0.0151,0.01290708,0.0,0.01086836,0.00567685
1964-04-01,Enrgy_excess,0.0375,0.01242917,0.00150115,0.01241874,0.00017957
1964-04-01,HiTec_excess,-0.0392,0.01292833,0.00410403,0.0114728,0.00629279
1964-04-01,Hlth_excess,-0.0171,0.01273333,0.00067174,0.01273038,0.00306651
1964-04-01,Manuf_excess,-0.0201,0.01098292,0.0,0.01097254,0.0041746
1964-04-01,NoDur_excess,-0.0076,0.008685,0.0,0.00868252,0.00481081
1964-04-01,Other_excess,0.0,0.00963792,0.0,0.00530767,0.00381413
1964-04-01,Shops_excess,0.0258,0.0103375,0.0,0.01033367,0.01004779
1964-04-01,Telcm_excess,0.0054,0.007875,0.00477214,0.00936946,0.00802583
1964-04-01,Utils_excess,0.0076,0.01066458,0.0,0.01065912,0.00493342
1964-05-01,Durbl_excess,0.0125,0.01302042,0.00011481,0.01060931,0.00808789
1964-05-01,Enrgy_excess,0.0188,0.01264375,0.00272303,0.01263304,0.00364295
1964-05-01,HiTec_excess,0.0247,0.01284625,0.00231411,0.01000339,0.00555101
1964-05-01,Hlth_excess,0.0026,0.01276208,0.0,0.01275723,-0.00053633
1964-05-01,Manuf_excess,0.0149,0.010985,0.0,0.01097332,0.00308189
1964-05-01,NoDur_excess,0.0129,0.00873583,0.0,0.00873223,0.0043303
1964-05-01,Other_excess,0.0212,0.00974167,0.0,0.00479907,0.0031453
1964-05-01,Shops_excess,0.0364,0.01048792,0.0,0.0104832,0.01112585
1964-05-01,Telcm_excess,-0.0065,0.0079225,0.00455265,0.00884792,0.00886732
1964-05-01,Utils_excess,0.0058,0.01073417,0.0,0.01072806,0.00603633
1964-06-01,Durbl_excess,0.0047,0.01274292,0.00046928,0.01041892,0.00646513
1964-06-01,Enrgy_excess,0.0037,0.01251542,0.00334273,0.012505,0.00340397
1964-06-01,HiTec_excess,0.0021,0.01279875,0.00252415,0.01002601,0.00594919
1964-06-01,Hlth_excess,0.0028,0.0125375,0.0,0.01253266,0.00011275
1964-06-01,Manuf_excess,0.0058,0.01081583,0.0,0.01080445,0.00354215
1964-06-01,NoDur_excess,0.0137,0.00856833,0.0,0.00856498,0.00488772
1964-06-01,Other_excess,0.0098,0.00965333,0.0,0.00481151,0.00335268
1964-06-01,Shops_excess,0.0353,0.01042917,0.0,0.01042492,0.01182573
1964-06-01,Telcm_excess,0.0439,0.00777958,0.00396791,0.00858764,0.00716423
1964-06-01,Utils_excess,0.0191,0.01064375,0.0,0.01063753,0.00432094
1964-07-01,Durbl_excess,0.0533,0.01237542,0.0,0.01003338,0.00636721
1964-07-01,Enrgy_excess,0.0304,0.01250958,0.00213137,0.01249865,0.00264849
1964-07-01,HiTec_excess,-0.0211,0.01249625,0.00238354,0.00961416,0.00524951
1964-07-01,Hlth_excess,0.0445,0.01239,0.0,0.012385,0.00255563
1964-07-01,Manuf_excess,0.0104,0.01054417,0.0,0.01053288,0.0034073
1964-07-01,NoDur_excess,0.0146,0.00839125,0.0,0.00838792,0.00562919
1964-07-01,Other_excess,0.0099,0.00944583,0.0,0.00428258,0.00343235
1964-07-01,Shops_excess,0.0089,0.01033417,0.0,0.01033035,0.01345006
1964-07-01,Telcm_excess,-0.0231,0.0078275,0.00491443,0.00875272,0.00922386
1964-07-01,Utils_excess,0.0463,0.01051958,0.0,0.01051371,0.00622632
1964-08-01,Durbl_excess,0.0114,0.01280417,0.00126856,0.01015639,0.00712466
1964-08-01,Enrgy_excess,-0.0215,0.01268833,0.00303044,0.01267635,0.00350438
1964-08-01,HiTec_excess,-0.0304,0.01248542,0.00108493,0.00848223,0.00118291
1964-08-01,Hlth_excess,-0.045,0.01262833,0.00010748,0.01262268,-0.00273442
1964-08-01,Manuf_excess,-0.0154,0.01067,0.0,0.01065777,0.00070912
1964-08-01,NoDur_excess,-0.0054,0.00846792,0.0,0.0084638,-0.00074769
1964-08-01,Other_excess,-0.0342,0.00952083,0.0,0.00376124,0.00324086
1964-08-01,Shops_excess,0.0005,0.01037583,0.0,0.01037078,0.00725809
1964-08-01,Telcm_excess,-0.0184,0.00774792,0.0038509,0.00804412,0.00623035
1964-08-01,Utils_excess,-0.0032,0.01070542,0.0,0.0106986,0.00071682
1964-09-01,Durbl_excess,0.0436,0.01268708,0.00291938,0.01075681,0.0085496
1964-09-01,Enrgy_excess,0.0278,0.01268125,0.00270431,0.01267083,0.00201261
1964-09-01,HiTec_excess,0.0087,0.01227833,0.00105417,0.00939609,0.00324929
1964-09-01,Hlth_excess,0.0247,0.01241042,0.0,0.01240545,0.00397878
1964-09-01,Manuf_excess,0.0449,0.01051708,0.0,0.0105064,0.00236979
1964-09-01,NoDur_excess,0.0142,0.00834,0.0,0.00833739,0.00472603
1964-09-01,Other_excess,0.0366,0.00936458,0.0,0.0049585,0.00092232
1964-09-01,Shops_excess,0.032,0.01024875,0.0,0.01024547,0.01014596
1964-09-01,Telcm_excess,-0.0131,0.00764458,0.00304309,0.00837148,0.00680042
1964-09-01,Utils_excess,0.016,0.01054083,0.0,0.01053553,0.00265032
1964-10-01,Durbl_excess,-0.0022,0.01284417,0.00143141,0.0106056,0.01021644
1964-10-01,Enrgy_excess,0.0278,0.01285542,0.00148208,0.01284354,0.00350657
1964-10-01,HiTec_excess,-0.0128,0.01234208,0.0,0.00835532,0.00302074
1964-10-01,Hlth_excess,0.0257,0.01249625,0.0,0.01249044,0.000819
1964-10-01,Manuf_excess,0.0014,0.01068167,0.0,0.01067003,0.00545302
1964-10-01,NoDur_excess,-0.0048,0.00840917,0.0,0.00840524,0.00481224
1964-10-01,Other_excess,0.0157,0.00951333,0.0,0.00368928,0.00212279
1964-10-01,Shops_excess,0.0202,0.01030708,0.0,0.01030314,0.01345341
1964-10-01,Telcm_excess,-0.0118,0.00757917,0.00146608,0.0076029,0.00394761
1964-10-01,Utils_excess,0.0066,0.01067167,0.0,0.01066544,0.00929161
1964-11-01,Durbl_excess,-0.0143,0.01295042,0.0,0.01071896,0.00795966
1964-11-01,Enrgy_excess,0.0226,0.01289458,0.00173133,0.01288339,0.00494089
1964-11-01,HiTec_excess,-0.0052,0.01225583,0.0,0.00848107,0.00015842
1964-11-01,Hlth_excess,0.0188,0.01255917,0.0,0.01255375,0.00153127
1964-11-01,Manuf_excess,-0.0089,0.0107025,0.0,0.01069109,0.00478677
1964-11-01,NoDur_excess,0.0042,0.00839167,0.0,0.00838799,0.00477275
1964-11-01,Other_excess,-0.0194,0.00955167,0.0,0.0044684,0.00387926
1964-11-01,Shops_excess,0.0294,0.01037417,0.0,0.01037077,0.01360806
1964-11-01,Telcm_excess,-0.0252,0.00749958,0.00049655,0.00760481,0.00360758
1964-11-01,Utils_excess,0.0108,0.01064458,0.0,0.01063858,0.00952328
1964-12-01,Durbl_excess,0.0158,0.01279875,0.0,0.01020412,0.00847275
1964-12-01,Enrgy_excess,-0.0052,0.01288,0.00215362,0.01286839,0.00512652
1964-12-01,HiTec_excess,-0.0032,0.01216917,0.0,0.00782213,0.00215999
1964-12-01,Hlth_excess,0.0407,0.01261708,0.0,0.01261131,0.00389874
1964-12-01,Manuf_excess,-0.0101,0.01063083,0.0,0.01061856,0.00425808
1964-12-01,NoDur_excess,-0.0008,0.00835792,0.0,0.00835337,0.00442539
1964-12-01,Other_excess,-0.0209,0.0092925,0.0,0.00325029,0.00238954
1964-12-01,Shops_excess,-0.0015,0.01038167,0.0,0.01037789,0.01346891
1964-12-01,Telcm_excess,0.0281,0.00736708,0.0,0.00676471,0.00303993
1964-12-01,Utils_excess,0.0018,0.0107075,0.0,0.01070061,0.00484186
1965-01-01,Durbl_excess,0.0353,0.0127,0.0,0.00191508,0.00289992
1965-01-01,Enrgy_excess,0.0007,0.01264458,0.0,0.0062418,0.00343501
1965-01-01,HiTec_excess,0.0718,0.0119625,0.0,0.00397194,-0.00014433
1965-01-01,Hlth_excess,0.0738,0.01271625,0.0,0.01270984,-0.00136348
1965-01-01,Manuf_excess,0.0511,0.01041083,0.0,0.0,-0.00035925
1965-01-01,NoDur_excess,0.0578,0.00827083,0.0,0.00066373,0.00084042
1965-01-01,Other_excess,0.0445,0.00885292,0.0,0.0,-0.00066082
1965-01-01,Shops_excess,0.0277,0.01028667,0.0,0.00398465,0.00546541
1965-01-01,Telcm_excess,-0.0003,0.00745542,0.0,0.00745535,0.00226798
1965-01-01,Utils_excess,0.0368,0.01058583,0.0,0.00296663,0.00485887
1965-02-01,Durbl_excess,-0.0082,0.01279125,0.0,0.00532633,0.0053778
1965-02-01,Enrgy_excess,-0.0369,0.01244375,0.0,0.00658347,0.00517654
1965-02-01,HiTec_excess,0.0189,0.012235,0.0,0.00713513,9.066e-05
1965-02-01,Hlth_excess,0.0212,0.01300167,0.0,0.01299731,0.0009901
1965-02-01,Manuf_excess,0.0225,0.01050958,0.0,0.0017826,0.00215154
1965-02-01,NoDur_excess,0.0129,0.00840333,0.0,0.00367832,0.00488203
1965-02-01,Other_excess,0.0228,0.00901417,0.0,0.00067432,0.00336967
1965-02-01,Shops_excess,0.0109,0.01040042,0.0,0.006986,0.01134684
1965-02-01,Telcm_excess,0.005,0.00754375,0.0,0.00754444,0.00217205
1965-02-01,Utils_excess,0.0013,0.01050333,0.0,0.00495807,0.00724707
1965-03-01,Durbl_excess,0.0092,0.01243875,0.0,0.00543623,0.0084591
1965-03-01,Enrgy_excess,-0.0339,0.01198583,0.0,0.00613791,0.00363173
1965-03-01,HiTec_excess,-0.0082,0.01203917,0.0,0.00857421,0.00476259
1965-03-01,Hlth_excess,-0.0128,0.01291417,0.0003288,0.01291096,0.01511754
1965-03-01,Manuf_excess,-0.0151,0.01031417,0.0,0.00305821,0.00492895
1965-03-01,NoDur_excess,-0.0113,0.00829333,0.0,0.00449854,0.00709263
1965-03-01,Other_excess,-0.0074,0.00878083,0.0,0.00183196,0.00687165
1965-03-01,Shops_excess,-0.0118,0.01025792,0.0,0.00762912,0.01499008
1965-03-01,Telcm_excess,-0.0204,0.00744708,0.0,0.0074482,0.00380456
1965-03-01,Utils_excess,-0.0088,0.01025458,0.0,0.00499513,0.00451226
1965-04-01,Durbl_excess,0.0647,0.01272917,0.0,0.00316236,0.00792741
1965-04-01,Enrgy_excess,0.0055,0.01206417,0.0,0.00504194,0.00123498
1965-04-01,HiTec_excess,0.0483,0.01216542,0.0,0.00609872,0.00676636
1965-04-01,Hlth_excess,0.0266,0.01293792,0.0,0.01293311,0.0053471
1965-04-01,Manuf_excess,0.0374,0.01045167,0.0,0.00017286,0.00448272
1965-04-01,NoDur_excess,0.0389,0.00837208,0.0,0.00174815,0.00576175
1965-04-01,Other_excess,0.0201,0.00890042,0.0,0.0,0.00452674
1965-04-01,Shops_excess,0.0649,0.01026667,0.0,0.00487622,0.01304871
1965-04-01,Telcm_excess,0.0202,0.0073675,0.0,0.00736704,0.0049219
1965-04-01,Utils_excess,0.0035,0.01034833,0.0,0.00367967,0.00830122
1965-05-01,Durbl_excess,-0.0361,0.012535,0.0,0.00620374,0.01143355
1965-05-01,Enrgy_excess,0.0055,0.01180083,0.0,0.00490999,0.00144714
1965-05-01,HiTec_excess,0.0016,0.0120325,0.00102312,0.008333,0.00615752
1965-05-01,Hlth_excess,-0.0156,0.01278625,0.00073565,0.01278263,0.01139989
1965-05-01,Manuf_excess,-0.0086,0.01025833,0.0,0.00239195,0.0057735
1965-05-01,NoDur_excess,-0.0109,0.00824042,0.0,0.00409274,0.00741261
1965-05-01,Other_excess,-0.0182,0.00861625,0.0,0.00071441,0.00565087
1965-05-01,Shops_excess,-0.0012,0.01024,0.0,0.00800778,0.01637044
1965-05-01,Telcm_excess,0.0246,0.00734833,0.0,0.00734905,0.00179229
1965-05-01,Utils_excess,-0.0128,0.0099425,0.0,0.00423815,0.00870568
1965-06-01,Durbl_excess,-0.0716,0.01235292,0.0,0.00602336,0.00936953
1965-06-01,Enrgy_excess,-0.024,0.01186083,0.0,0.00578044,0.00108592
1965-06-01,HiTec_excess,-0.0608,0.01196417,0.00226144,0.00879808,0.00889462
1965-06-01,Hlth_excess,-0.0566,0.01255083,0.00079997,0.01254748,0.01308385
1965-06-01,Manuf_excess,-0.0659,0.01019,0.0,0.0030917,0.005766
1965-06-01,NoDur_excess,-0.0545,0.00809875,0.0,0.00454523,0.0067963
1965-06-01,Other_excess,-0.0737,0.00841167,0.0,0.00139661,0.00475826
1965-06-01,Shops_excess,-0.0657,0.00997458,0.00041641,0.00823417,0.01433034
1965-06-01,Telcm_excess,-0.0453,0.00729542,0.0,0.00729675,0.00642628
1965-06-01,Utils_excess,-0.0401,0.00981167,0.0,0.00438832,0.00335838
1965-07-01,Durbl_excess,0.0198,0.01211917,0.0,0.00112336,0.00305967
1965-07-01,Enrgy_excess,0.0155,0.0117825,0.0,0.00549891,0.00127473
1965-07-01,HiTec_excess,0.0328,0.01179042,0.00351255,0.00570816,0.01029291
1965-07-01,Hlth_excess,0.0364,0.01251,0.0,0.01250464,0.01242578
1965-07-01,Manuf_excess,0.0176,0.00992292,0.0,0.0004023,0.00485075
1965-07-01,NoDur_excess,0.0127,0.00783583,0.0,0.00188215,0.0075272
1965-07-01,Other_excess,0.0303,0.00791833,0.0,0.0,0.00157739
1965-07-01,Shops_excess,-0.0171,0.0098325,0.0,0.00435595,0.01140942
1965-07-01,Telcm_excess,-0.0068,0.00699708,0.00067255,0.00699595,0.00517043
1965-07-01,Utils_excess,0.0075,0.00943042,0.0,0.00349496,0.00944477
1965-08-01,Durbl_excess,0.031,0.01224417,0.0,0.00560256,0.00781611
1965-08-01,Enrgy_excess,0.0121,0.01198292,0.0,0.00601956,0.00054582
1965-08-01,HiTec_excess,0.0554,0.01200042,0.0038803,0.00884487,0.00986266
1965-08-01,Hlth_excess,0.0597,0.01273042,0.00059285,0.01272615,0.01700144
1965-08-01,Manuf_excess,0.0319,0.01012208,0.0,0.00287911,0.00450276
1965-08-01,NoDur_excess,0.0373,0.00795,0.0,0.00438787,0.00634168
1965-08-01,Other_excess,0.0476,0.00827417,0.0,0.00192182,0.00277442
1965-08-01,Shops_excess,0.0196,0.00976708,0.0,0.00678944,0.01048231
1965-08-01,Telcm_excess,0.01,0.00687917,0.00072935,0.00687987,0.0065993
1965-08-01,Utils_excess,0.006,0.00947708,0.0,0.00456542,0.00185057
1965-09-01,Durbl_excess,0.0681,0.01197958,0.00098002,0.00609165,0.0065259
1965-09-01,Enrgy_excess,0.0406,0.01194125,0.0,0.0056371,-0.00106173
1965-09-01,HiTec_excess,0.0495,0.01182583,0.00584178,0.00922379,0.00918486
1965-09-01,Hlth_excess,0.0193,0.01259625,0.00260791,0.01259299,0.00540172
1965-09-01,Manuf_excess,0.0353,0.0098875,0.0,0.00311897,0.00461677
1965-09-01,NoDur_excess,0.0017,0.00778417,0.0,0.00456181,0.00495864
1965-09-01,Other_excess,0.0146,0.00836792,0.0,0.00218454,0.00372885
1965-09-01,Shops_excess,-0.0099,0.00950625,0.00032216,0.00667323,0.00853726
1965-09-01,Telcm_excess,0.0079,0.00684958,0.00105651,0.00685046,0.00396615
1965-09-01,Utils_excess,0.0108,0.00946042,0.0,0.00341724,0.00053045
1965-10-01,Durbl_excess,0.0583,0.01215042,0.00178481,0.00531091,0.00638656
1965-10-01,Enrgy_excess,0.0153,0.01202875,0.0,0.00543824,0.00026148
1965-10-01,HiTec_excess,0.049,0.01189125,0.00663385,0.00882405,0.00927629
1965-10-01,Hlth_excess,0.0292,0.01240667,0.00324707,0.01240334,0.00408021
1965-10-01,Manuf_excess,0.0405,0.00977875,0.0,0.00243661,0.00401373
1965-10-01,NoDur_excess,0.0228,0.00753042,0.0,0.00384556,0.00325994
1965-10-01,Other_excess,0.0372,0.00817542,0.0,0.00119135,0.0034371
1965-10-01,Shops_excess,0.0,0.00923083,6.84e-05,0.00511323,0.00619445
1965-10-01,Telcm_excess,-0.0258,0.00680458,0.00120921,0.0068052,0.00344709
1965-10-01,Utils_excess,0.0074,0.00923208,0.0,0.00273935,0.00025224
1965-11-01,Durbl_excess,-0.0416,0.01238625,9.304e-05,0.00494704,0.00943928
1965-11-01,Enrgy_excess,0.0035,0.01183083,0.0,0.00470188,0.00248799
1965-11-01,HiTec_excess,0.0239,0.012065,0.00628775,0.00889311,0.01271406
1965-11-01,Hlth_excess,0.0344,0.01225458,0.00319109,0.01225109,0.00918949
1965-11-01,Manuf_excess,0.0104,0.00985375,0.0,0.00175259,0.00670975
1965-11-01,NoDur_excess,0.0073,0.00734417,0.0,0.00316521,0.00563193
1965-11-01,Other_excess,0.0377,0.00809292,0.0,0.00017946,0.00579956
1965-11-01,Shops_excess,0.0099,0.00898375,0.0,0.00429691,0.00910172
1965-11-01,Telcm_excess,-0.0466,0.0066,0.0,0.00659972,0.00144699
1965-11-01,Utils_excess,-0.0136,0.00900625,0.0,0.00280423,0.00491741
1965-12-01,Durbl_excess,0.0115,0.01210417,0.00205951,0.00267077,0.00369732
1965-12-01,Enrgy_excess,-0.0014,0.01149667,0.00095096,0.00465269,-0.00090436
1965-12-01,HiTec_excess,-0.0185,0.01205292,0.00908505,0.0081738,0.01008402
1965-12-01,Hlth_excess,0.0349,0.01204083,0.00477406,0.01203808,0.00810716
1965-12-01,Manuf_excess,0.0291,0.00969583,0.00129696,0.00133078,0.0043125
1965-12-01,NoDur_excess,0.0096,0.00722208,0.0,0.00246612,0.00444862
1965-12-01,Other_excess,0.0298,0.00786958,0.0,0.0,0.00300342
1965-12-01,Shops_excess,0.0093,0.00873792,0.00013925,0.0027638,0.00618705
1965-12-01,Telcm_excess,-0.0118,0.00626542,0.0,0.00626389,-5.584e-05
1965-12-01,Utils_excess,-0.0066,0.00875,0.0,0.00095956,0.00124194
1966-01-01,Durbl_excess,0.0022,0.0120475,0.0,0.00017055,0.0039978
1966-01-01,Enrgy_excess,0.0065,0.0115025,0.0,0.00379995,-0.00134406
1966-01-01,HiTec_excess,0.0096,0.0118675,0.00907477,0.00687826,0.00758269
1966-01-01,Hlth_excess,0.024,0.01212375,0.00545331,0.01212144,0.00772545
1966-01-01,Manuf_excess,0.0253,0.00975333,0.00059071,0.00015329,0.00417795
1966-01-01,NoDur_excess,0.0155,0.00720958,0.0,0.00121156,0.00428942
1966-01-01,Other_excess,0.0478,0.00798917,0.0,0.0,0.00364747
1966-01-01,Shops_excess,-0.0466,0.00863375,0.0,0.00096338,0.00581962
1966-01-01,Telcm_excess,-0.0167,0.0061975,0.0,0.0061948,-0.00092646
1966-01-01,Utils_excess,-0.0339,0.00876917,0.0,0.0,3.412e-05
1966-02-01,Durbl_excess,-0.0184,0.01178,0.0,0.0,0.00234969
1966-02-01,Enrgy_excess,-0.0382,0.01153375,0.0,0.00222904,-0.0033024
1966-02-01,HiTec_excess,0.0466,0.01164,0.01046544,0.00683398,0.00628204
1966-02-01,Hlth_excess,-0.0191,0.01190167,0.00643477,0.01189861,0.00015655
1966-02-01,Manuf_excess,-0.0107,0.0095275,0.00155028,2.7e-07,0.00483854
1966-02-01,NoDur_excess,-0.0083,0.00707333,0.0,0.0016169,0.0038732
1966-02-01,Other_excess,0.0171,0.00788167,0.000283,0.00046693,0.00688135
1966-02-01,Shops_excess,-0.0219,0.00798333,0.0,0.0,0.0015543
1966-02-01,Telcm_excess,0.0012,0.00604958,0.0,0.0060469,-0.00203725
1966-02-01,Utils_excess,-0.0453,0.00817375,0.0,0.0,-0.00041726
1966-03-01,Durbl_excess,-0.0335,0.01207792,0.00525898,0.0,-0.00142216
1966-03-01,Enrgy_excess,-0.0262,0.01157083,0.0,0.0,-0.00539343
1966-03-01,HiTec_excess,-0.0128,0.0121425,0.01711717,0.00501262,0.00733735
1966-03-01,Hlth_excess,-0.0198,0.01200333,0.00794392,0.01199823,-0.00186247
1966-03-01,Manuf_excess,-0.0216,0.00973875,0.00579263,0.0,0.00294228
1966-03-01,NoDur_excess,-0.0303,0.00724042,0.00330532,0.0,0.00321374
1966-03-01,Other_excess,-0.0295,0.00821042,0.00779214,0.0,0.00429763
1966-03-01,Shops_excess,-0.025,0.00807042,0.00112934,0.0,-0.00065335
1966-03-01,Telcm_excess,-0.0523,0.00617333,0.001092,0.00616925,0.00082661
1966-03-01,Utils_excess,-0.0052,0.00822542,0.00111549,0.0,-0.0002921
1966-04-01,Durbl_excess,-0.0019,0.01189833,0.0,0.00998704,0.00516252
1966-04-01,Enrgy_excess,0.028,0.01100208,0.0,0.00813755,0.0015272
1966-04-01,HiTec_excess,0.0729,0.012,0.01498924,0.01559933,0.01836215
1966-04-01,Hlth_excess,-0.0035,0.01131458,0.00927111,0.01131686,0.01994268
1966-04-01,Manuf_excess,0.0252,0.00941333,0.00217193,0.00626708,0.00804357
1966-04-01,NoDur_excess,0.0007,0.00685042,0.00292324,0.00770785,0.01055176
1966-04-01,Other_excess,0.0268,0.00789333,0.00402371,0.00463213,0.01120051
1966-04-01,Shops_excess,0.0274,0.00749167,0.00086747,0.00773412,0.0084485
1966-04-01,Telcm_excess,0.0093,0.00590792,0.0,0.00590629,0.00562665
1966-04-01,Utils_excess,0.0084,0.00794292,0.00216416,0.00789168,0.00862381
1966-05-01,Durbl_excess,-0.0881,0.0118325,0.0,0.0,-0.00197816
1966-05-01,Enrgy_excess,-0.0419,0.01075458,0.0,0.00197329,-0.00404454
1966-05-01,HiTec_excess,-0.0648,0.01223417,0.01845555,0.01056664,0.01014173
1966-05-01,Hlth_excess,-0.0567,0.01069,0.0135672,0.01068834,0.00618076
1966-05-01,Manuf_excess,-0.061,0.00933917,0.00381015,0.0008299,0.00466752
1966-05-01,NoDur_excess,-0.0533,0.00670708,0.00598962,0.00283526,0.00327318
1966-05-01,Other_excess,-0.0819,0.00793583,0.00672678,0.00197676,0.00409069
1966-05-01,Shops_excess,-0.0334,0.00730708,0.00527618,0.00215512,-0.00097711
1966-05-01,Telcm_excess,-0.034,0.00588167,0.00264646,0.00587872,0.00114108
1966-05-01,Utils_excess,-0.0315,0.00779833,0.00545843,0.00016129,0.00075563
1966-06-01,Durbl_excess,-0.0235,0.01125,0.00318651,0.0,-0.00491671
1966-06-01,Enrgy_excess,-0.0265,0.0104275,0.00273498,0.00381611,0.00271645
1966-06-01,HiTec_excess,-0.0051,0.01175083,0.02362104,0.01230662,0.01643198
1966-06-01,Hlth_excess,0.0061,0.01022042,0.01914444,0.01021967,0.01705214
1966-06-01,Manuf_excess,-0.0133,0.00887708,0.00756656,0.00279836,0.0077981
1966-06-01,NoDur_excess,-0.0218,0.00634667,0.0104006,0.00519635,0.00633473
1966-06-01,Other_excess,0.0026,0.00745417,0.01144338,0.00441711,0.00689396
1966-06-01,Shops_excess,-0.0276,0.00709042,0.01051348,0.00356525,0.00203359
1966-06-01,Telcm_excess,0.0009,0.00562375,0.00678556,0.00562112,0.00570695
1966-06-01,Utils_excess,-0.0217,0.00754167,0.01144752,0.00343875,0.00288606
1966-07-01,Durbl_excess,-0.0292,0.01140042,0.00634683,0.00059981,0.00065831
1966-07-01,Enrgy_excess,0.0005,0.01044958,0.00487675,0.00322843,-0.00074896
1966-07-01,HiTec_excess,-0.0206,0.01195,0.02487604,0.01130073,0.01479255
1966-07-01,Hlth_excess,-0.0207,0.01047708,0.02072618,0.01047565,0.00854439
1966-07-01,Manuf_excess,-0.0195,0.0089725,0.01042234,0.00215602,0.00616357
1966-07-01,NoDur_excess,-0.0154,0.0064075,0.01166711,0.00417071,0.00417409
1966-07-01,Other_excess,-0.0225,0.00760208,0.01585686,0.00361606,0.00748326
1966-07-01,Shops_excess,-0.0232,0.0072975,0.01103112,0.00384562,0.00289587
1966-07-01,Telcm_excess,-0.0151,0.00561667,0.0096711,0.00561467,0.00548019
1966-07-01,Utils_excess,-0.0053,0.00756917,0.01333109,0.00294163,0.00101434
1966-08-01,Durbl_excess,-0.0803,0.01147792,0.0,0.0,-0.0061941
1966-08-01,Enrgy_excess,-0.0685,0.01045583,0.00189021,0.0033855,0.00035949
1966-08-01,HiTec_excess,-0.0652,0.0120025,0.02393095,0.01092323,0.01120431
1966-08-01,Hlth_excess,-0.0852,0.01052667,0.01936291,0.01052512,0.01181254
1966-08-01,Manuf_excess,-0.0828,0.00902875,0.00622098,0.00068215,0.00269682
1966-08-01,NoDur_excess,-0.0763,0.00637583,0.01086083,0.00328976,0.00451716
1966-08-01,Other_excess,-0.1225,0.00771667,0.01193071,0.00113048,0.00386578
1966-08-01,Shops_excess,-0.0683,0.00732,0.0080286,0.00166317,0.00047346
1966-08-01,Telcm_excess,-0.0498,0.00555833,0.0093973,0.00555534,0.00352756
1966-08-01,Utils_excess,-0.0902,0.00769958,0.01250909,0.00211455,0.00112812
1966-09-01,Durbl_excess,-0.0137,0.01157792,0.0,0.0,-0.00977163
1966-09-01,Enrgy_excess,0.0351,0.01040625,0.00014648,0.0012482,-0.00423508
1966-09-01,HiTec_excess,-0.0234,0.01202,0.02444393,0.00475552,0.00879542
1966-09-01,Hlth_excess,-0.0154,0.01030917,0.01927554,0.01030419,0.00041294
1966-09-01,Manuf_excess,-0.0401,0.008965,0.00437906,0.0,-0.00160885
1966-09-01,NoDur_excess,-0.0185,0.00627958,0.00910469,0.0,0.0002098
1966-09-01,Other_excess,-0.0232,0.00749125,0.01013654,0.0,-0.00557507
1966-09-01,Shops_excess,-0.024,0.00724125,0.0068857,0.0,-0.00440874
1966-09-01,Telcm_excess,-0.0096,0.00564375,0.00761229,0.00563689,0.0005616
1966-09-01,Utils_excess,0.0396,0.00754875,0.01143152,0.0,-0.00075242
1966-10-01,Durbl_excess,-0.0008,0.01214208,0.0,0.0,0.00022522
1966-10-01,Enrgy_excess,0.0801,0.01088917,0.0,0.00578317,0.00415911
1966-10-01,HiTec_excess,-0.0017,0.01233167,0.01362792,0.01583645,0.01838237
1966-10-01,Hlth_excess,0.0442,0.01053917,0.01149634,0.01053748,0.01154878
1966-10-01,Manuf_excess,0.0207,0.00923208,0.0,0.0,0.00365663
1966-10-01,NoDur_excess,0.0408,0.00665167,0.0,0.00458168,0.00750731
1966-10-01,Other_excess,0.0258,0.00799625,0.0,0.0,0.00593552
1966-10-01,Shops_excess,-0.0183,0.00743,0.0,0.00503409,0.00630938
1966-10-01,Telcm_excess,0.0873,0.00580292,0.00273363,0.00579938,0.00431611
1966-10-01,Utils_excess,0.0951,0.00808875,0.00666287,0.00878787,0.01108374
1966-11-01,Durbl_excess,-0.0386,0.01227792,0.0,0.0,-0.00412165
1966-11-01,Enrgy_excess,-0.0157,0.01125167,0.0,0.00386091,0.00435413
1966-11-01,HiTec_excess,0.1058,0.01244125,0.00903135,0.01066312,0.01832584
1966-11-01,Hlth_excess,0.0651,0.01073458,0.01301721,0.01073064,0.01305134
1966-11-01,Manuf_excess,0.0238,0.00939792,0.0,0.0,0.00244123
1966-11-01,NoDur_excess,0.0191,0.00680333,0.00308268,0.00405278,0.00774005
1966-11-01,Other_excess,0.0752,0.00812375,0.0,0.0,0.00455332
1966-11-01,Shops_excess,0.003,0.00744792,0.0,0.0,0.00340185
1966-11-01,Telcm_excess,-0.0324,0.00638167,0.00716759,0.00637935,0.00932455
1966-11-01,Utils_excess,-0.0177,0.00842708,0.01168253,0.01026433,0.01329449
1966-12-01,Durbl_excess,-0.0305,0.01216667,0.0,0.0,-0.01076693
1966-12-01,Enrgy_excess,-0.0106,0.01116458,0.0,0.0,-0.0043391
1966-12-01,HiTec_excess,0.0006,0.01297292,0.01629601,0.00780919,0.01162794
1966-12-01,Hlth_excess,-0.0058,0.01093792,0.02147792,0.0109351,0.01916942
1966-12-01,Manuf_excess,0.0097,0.009425,0.0,0.0,-0.00096887
1966-12-01,NoDur_excess,-0.0018,0.00693917,0.00826809,0.00250806,0.00984173
1966-12-01,Other_excess,0.0179,0.00843792,0.0,0.0,0.00371053
1966-12-01,Shops_excess,-0.0456,0.00766958,0.0,0.0,0.00052045
1966-12-01,Telcm_excess,0.0256,0.00617333,0.00991579,0.00616909,0.00836858
1966-12-01,Utils_excess,0.0169,0.00832125,0.01502972,0.00175689,0.00636146
1967-01-01,Durbl_excess,0.1135,0.01178375,0.0,0.00087831,-0.00448908
1967-01-01,Enrgy_excess,0.0315,0.01093875,0.0,0.00816109,0.00358631
1967-01-01,HiTec_excess,0.0988,0.01277917,0.01473631,0.02058061,0.01813091
1967-01-01,Hlth_excess,0.0602,0.01061333,0.01958494,0.01061745,0.02122221
1967-01-01,Manuf_excess,0.1076,0.00918917,0.0,0.00476601,0.00468039
1967-01-01,NoDur_excess,0.0896,0.00677667,0.00806356,0.01239319,0.01416249
1967-01-01,Other_excess,0.1154,0.00839875,0.0,0.00851889,0.00850256
1967-01-01,Shops_excess,0.1137,0.0073125,0.0,0.00903654,0.00408168
1967-01-01,Telcm_excess,0.0581,0.00612208,0.01088736,0.00612402,0.01258405
1967-01-01,Utils_excess,0.0241,0.00813917,0.01458759,0.01798686,0.01537742
1967-02-01,Durbl_excess,-0.0145,0.01180375,0.0,0.0,-0.00340818
1967-02-01,Enrgy_excess,-0.0046,0.01109833,0.0,0.00153497,0.00027277
1967-02-01,HiTec_excess,0.0583,0.01296792,0.01646557,0.01483302,0.01909397
1967-02-01,Hlth_excess,0.0104,0.01108708,0.01741416,0.01108486,0.01918252
1967-02-01,Manuf_excess,0.0086,0.00960125,0.0,0.00126058,0.00547178
1967-02-01,NoDur_excess,0.0167,0.00714125,0.01060197,0.00884111,0.01617914
1967-02-01,Other_excess,-0.0068,0.00886125,0.00263127,0.0088242,0.01314322
1967-02-01,Shops_excess,0.0286,0.00775875,0.00117785,0.00517824,0.00918952
1967-02-01,Telcm_excess,0.0177,0.0063225,0.01141422,0.00632221,0.01475842
1967-02-01,Utils_excess,-0.0209,0.00824667,0.01154652,0.00893397,0.01126915
1967-03-01,Durbl_excess,0.0345,0.01168292,0.0,0.0,-0.00604538
1967-03-01,Enrgy_excess,0.0323,0.01119333,0.0,0.00215163,-0.00485923
1967-03-01,HiTec_excess,0.0512,0.01329875,0.01990066,0.00949574,0.01316979
1967-03-01,Hlth_excess,0.0747,0.01130667,0.01988737,0.01130486,0.01385947
1967-03-01,Manuf_excess,0.054,0.00966708,0.0,0.0,-0.00010114
1967-03-01,NoDur_excess,0.0406,0.00722333,0.01432749,0.0054419,0.01005442
1967-03-01,Other_excess,0.0402,0.0088875,0.00742016,0.00154442,0.00337834
1967-03-01,Shops_excess,0.0194,0.00789625,0.00635974,0.00074026,0.00163231
1967-03-01,Telcm_excess,0.0257,0.00648292,0.01479338,0.00648129,0.01038096
1967-03-01,Utils_excess,0.0115,0.00819833,0.01481629,0.00203315,0.00281551
1967-04-01,Durbl_excess,0.1074,0.01194042,0.0,0.00730642,0.00282325
1967-04-01,Enrgy_excess,0.0135,0.01123375,0.0,0.00679511,0.0032632
1967-04-01,HiTec_excess,0.0751,0.01360875,0.01687343,0.01850979,0.02315032
1967-04-01,Hlth_excess,0.0413,0.01167167,0.01757626,0.011673,0.01837791
1967-04-01,Manuf_excess,0.0343,0.00996,0.00077284,0.00783704,0.00631825
1967-04-01,NoDur_excess,0.0428,0.00748667,0.01173789,0.01180573,0.01130809
1967-04-01,Other_excess,0.0179,0.00919583,0.00653772,0.01005377,0.01162212
1967-04-01,Shops_excess,0.0889,0.00807,0.00545242,0.01079748,0.00979502
1967-04-01,Telcm_excess,-0.001,0.00668083,0.01150276,0.0066821,0.01200282
1967-04-01,Utils_excess,0.0156,0.00836375,0.01072286,0.01031614,0.00848146
1967-05-01,Durbl_excess,-0.0768,0.01255917,0.00746655,0.0,-0.00128774
1967-05-01,Enrgy_excess,-0.0279,0.01130958,0.00622025,0.00191843,-0.00456252
1967-05-01,HiTec_excess,-0.0467,0.01414,0.01784582,0.00699795,0.01052159
1967-05-01,Hlth_excess,-0.0562,0.01220375,0.01958297,0.01219935,0.00143857
1967-05-01,Manuf_excess,-0.04,0.01034333,0.00660561,0.00030259,0.00204852
1967-05-01,NoDur_excess,-0.0305,0.00794333,0.01500585,0.0040202,0.0040476
1967-05-01,Other_excess,-0.0235,0.00953292,0.01281525,0.002587,0.00374671
1967-05-01,Shops_excess,-0.049,0.00877417,0.01193088,0.00091328,0.00225644
1967-05-01,Telcm_excess,-0.0599,0.00668708,0.01470548,0.0066844,0.0059151
1967-05-01,Utils_excess,-0.0445,0.00858667,0.01479325,0.0,-0.00146549
1967-06-01,Durbl_excess,0.0132,0.01232958,0.00981377,0.01401779,0.00505971
1967-06-01,Enrgy_excess,0.0201,0.01108792,0.01069341,0.00919323,0.00225232
1967-06-01,HiTec_excess,0.0615,0.01395792,0.01769215,0.01545218,0.01360078
1967-06-01,Hlth_excess,0.0514,0.01208125,0.01880296,0.01208273,0.01252651
1967-06-01,Manuf_excess,0.0183,0.010265,0.0086767,0.01032175,0.00460131
1967-06-01,NoDur_excess,0.0248,0.00784042,0.01540778,0.01140341,0.00619826
1967-06-01,Other_excess,0.0324,0.0095225,0.01582841,0.01007225,0.00579734
1967-06-01,Shops_excess,0.0351,0.00858625,0.01252073,0.01117149,0.00518071
1967-06-01,Telcm_excess,0.0246,0.00648458,0.01434696,0.00648528,0.00680262
1967-06-01,Utils_excess,-0.0158,0.00850583,0.01630833,0.00756116,0.00091498
1967-07-01,Durbl_excess,0.108,0.01214083,0.01538244,0.00407463,0.0064361
1967-07-01,Enrgy_excess,0.0662,0.01084917,0.01653382,0.00453862,0.00331765
1967-07-01,HiTec_excess,0.0368,0.01405417,0.02145533,0.00820051,0.01292545
1967-07-01,Hlth_excess,0.0348,0.01212167,0.02248097,0.01211872,0.00186176
1967-07-01,Manuf_excess,0.0472,0.0101025,0.01272125,0.00417166,0.00562951
1967-07-01,NoDur_excess,0.0574,0.0076725,0.01845558,0.00573693,0.00785666
1967-07-01,Other_excess,0.0751,0.00952583,0.02102444,0.00591156,0.00966594
1967-07-01,Shops_excess,0.0569,0.00832125,0.01736958,0.00360886,0.00511521
1967-07-01,Telcm_excess,-0.0689,0.00672125,0.01604344,0.00671849,0.01086218
1967-07-01,Utils_excess,0.0202,0.00827667,0.01768532,0.0,0.00422316
1967-08-01,Durbl_excess,-0.0017,0.01237542,0.00696801,0.01221523,0.01079748
1967-08-01,Enrgy_excess,-0.0179,0.01096458,0.00927059,0.00627223,0.00450601
1967-08-01,HiTec_excess,-0.0132,0.01394458,0.0208216,0.01845515,0.01232825
1967-08-01,Hlth_excess,0.0034,0.01215917,0.01926571,0.01215924,0.01155465
1967-08-01,Manuf_excess,-0.0071,0.01013917,0.00718279,0.00922191,0.00574974
1967-08-01,NoDur_excess,-0.0113,0.00771917,0.01648098,0.01251121,0.00594021
1967-08-01,Other_excess,-0.0056,0.00959083,0.01587687,0.0119166,0.00851451
1967-08-01,Shops_excess,0.0002,0.0083675,0.01277648,0.01304234,0.00903016
1967-08-01,Telcm_excess,-0.0155,0.00640167,0.00730578,0.00640027,-0.0001878
1967-08-01,Utils_excess,-0.0096,0.0082575,0.01252426,0.00596019,0.00300943
1967-09-01,Durbl_excess,0.0466,0.01240125,0.0063675,0.007369,0.00140663
1967-09-01,Enrgy_excess,0.0392,0.01098708,0.00825156,0.00408713,-0.00287412
1967-09-01,HiTec_excess,0.0804,0.01406667,0.02010595,0.01428076,0.00882506
1967-09-01,Hlth_excess,0.0258,0.01233417,0.01943983,0.01233202,-0.00441193
1967-09-01,Manuf_excess,0.0279,0.01015333,0.00679424,0.00601997,0.00158301
1967-09-01,NoDur_excess,0.0278,0.00773083,0.01699952,0.009767,0.00288213
1967-09-01,Other_excess,0.0095,0.00970125,0.01603914,0.00942645,0.00435014
1967-09-01,Shops_excess,0.0213,0.0085175,0.01272678,0.00907776,0.00035617
1967-09-01,Telcm_excess,0.009,0.00632333,0.00745729,0.0063198,-0.00216199
1967-09-01,Utils_excess,-0.0042,0.00820875,0.01358151,0.00208902,-0.00384587
1967-10-01,Durbl_excess,-0.053,0.01259083,0.0045375,0.00804156,0.00864919
1967-10-01,Enrgy_excess,-0.0135,0.01126583,0.00563389,0.00428857,0.00070102
1967-10-01,HiTec_excess,0.045,0.01435667,0.02282174,0.01759819,0.01278167
1967-10-01,Hlth_excess,-0.0542,0.01255375,0.01953703,0.01255173,0.00850817
1967-10-01,Manuf_excess,-0.0491,0.0102425,0.00553539,0.00651697,0.00622692
1967-10-01,NoDur_excess,-0.0301,0.00783292,0.0181968,0.01163439,0.01000588
1967-10-01,Other_excess,-0.0543,0.00978333,0.01391036,0.01020579,0.00767563
1967-10-01,Shops_excess,0.0027,0.00872583,0.01204795,0.01078553,0.00706488
1967-10-01,Telcm_excess,-0.0388,0.00632875,0.00874439,0.00632594,0.00226284
1967-10-01,Utils_excess,-0.0576,0.00824917,0.01227427,0.00344327,-6.629e-05
1967-11-01,Durbl_excess,-0.0132,0.01225042,0.00612811,0.0,0.0030086
1967-11-01,Enrgy_excess,0.0042,0.01099375,0.01124702,0.00176768,-0.00158777
1967-11-01,HiTec_excess,0.0106,0.01447417,0.02785761,0.01094405,0.01408711
1967-11-01,Hlth_excess,0.0097,0.01228,0.01622009,0.01227377,-0.00418839
1967-11-01,Manuf_excess,0.0027,0.00990542,0.0068084,0.00038115,0.00279628
1967-11-01,NoDur_excess,0.0013,0.00765333,0.01725328,0.00446074,0.0035952
1967-11-01,Other_excess,-0.0068,0.00951792,0.0146666,0.0024897,0.00218498
1967-11-01,Shops_excess,0.0048,0.00861333,0.0132507,0.00157488,0.00214989
1967-11-01,Telcm_excess,-0.0028,0.00616083,0.00423183,0.00615283,-0.00128232
1967-11-01,Utils_excess,0.0283,0.00800542,0.00999114,0.0,-0.00479806
1967-12-01,Durbl_excess,0.0055,0.01231042,0.00315468,0.00547958,-0.00021172
1967-12-01,Enrgy_excess,0.0274,0.01102833,0.01162628,0.00527745,0.00076665
1967-12-01,HiTec_excess,0.018,0.01454375,0.02694644,0.01650267,0.01378384
1967-12-01,Hlth_excess,0.0137,0.01245042,0.01293815,0.01244712,0.00367413
1967-12-01,Manuf_excess,0.0487,0.00997,0.00613335,0.00520845,0.0027027
1967-12-01,NoDur_excess,0.028,0.00773208,0.01423195,0.00792,0.00381533
1967-12-01,Other_excess,0.0507,0.00957458,0.01224461,0.00621529,0.00449007
1967-12-01,Shops_excess,0.0312,0.00873708,0.01049323,0.00709917,0.00204556
1967-12-01,Telcm_excess,-0.0021,0.00625875,0.00023471,0.00625281,-0.00114366
1967-12-01,Utils_excess,0.0296,0.00844375,0.00778078,0.0,-0.00075801
1968-01-01,Durbl_excess,-0.0555,0.01224292,0.0,0.00699273,0.00957285
1968-01-01,Enrgy_excess,-0.013,0.01075667,0.00664811,0.00593331,0.00553629
1968-01-01,HiTec_excess,-0.0913,0.01451833,0.02598993,0.02017451,0.02034838
1968-01-01,Hlth_excess,-0.0697,0.01238083,0.0152613,0.01237943,0.01041621
1968-01-01,Manuf_excess,-0.0676,0.01006625,0.00470986,0.00598245,0.0074884
1968-01-01,NoDur_excess,-0.0083,0.00782292,0.016427,0.01280112,0.01101124
1968-01-01,Other_excess,-0.023,0.00963458,0.01206073,0.00901685,0.00805988
1968-01-01,Shops_excess,0.0073,0.008855,0.01094231,0.01344455,0.01347342
1968-01-01,Telcm_excess,0.0227,0.006235,0.00341104,0.00623291,0.00246361
1968-01-01,Utils_excess,-0.0022,0.00852125,0.00985231,0.00802737,0.00369973
1968-02-01,Durbl_excess,-0.0273,0.0122375,0.0,0.00404159,0.0083853
1968-02-01,Enrgy_excess,-0.0307,0.011015,0.00274663,0.00502131,0.00285518
1968-02-01,HiTec_excess,-0.0497,0.01437125,0.01759623,0.01923585,0.02272654
1968-02-01,Hlth_excess,-0.0464,0.01243708,0.00720106,0.012432,0.01070946
1968-02-01,Manuf_excess,-0.0466,0.0099575,0.0,0.00392403,0.00699895
1968-02-01,NoDur_excess,-0.031,0.00790333,0.01078371,0.01100596,0.00982644
1968-02-01,Other_excess,-0.0383,0.00957833,0.00663067,0.00825877,0.01218972
1968-02-01,Shops_excess,-0.0124,0.00902542,0.00607299,0.01338433,0.01055549
1968-02-01,Telcm_excess,-0.0281,0.00632833,0.00203418,0.00632607,0.0038544
1968-02-01,Utils_excess,-0.0188,0.00852417,0.00652496,0.00782763,0.00768041
1968-03-01,Durbl_excess,0.0027,0.01235292,0.0,0.0,-0.00064092
1968-03-01,Enrgy_excess,0.0036,0.01101292,0.00292176,0.00344198,0.00165052
1968-03-01,HiTec_excess,0.0386,0.01433125,0.01571358,0.01304756,0.01834706
1968-03-01,Hlth_excess,-0.0027,0.01239417,0.00533357,0.01238691,0.00661575
1968-03-01,Manuf_excess,0.0046,0.00998833,0.0,0.00076681,0.00301671
1968-03-01,NoDur_excess,0.0026,0.0080325,0.01028917,0.00688045,0.00537054
1968-03-01,Other_excess,-0.0065,0.00959333,0.00630937,0.00415308,0.00761213
1968-03-01,Shops_excess,0.0248,0.00913458,0.00678406,0.00608157,0.00391128
1968-03-01,Telcm_excess,-0.015,0.00625833,0.0013794,0.0062527,0.00219941
1968-03-01,Utils_excess,-0.0432,0.00859833,0.00704937,0.00172396,0.00038968
1968-04-01,Durbl_excess,0.1126,0.012065,0.0,0.0,-0.00121907
1968-04-01,Enrgy_excess,0.0522,0.01061708,0.00287747,0.00330539,0.00643021
1968-04-01,HiTec_excess,0.1201,0.01403042,0.01829932,0.01163902,0.02192468
1968-04-01,Hlth_excess,0.1147,0.01212208,0.00548636,0.01211535,0.01403173
1968-04-01,Manuf_excess,0.1022,0.00960875,0.0,0.0,0.0068237
1968-04-01,NoDur_excess,0.1054,0.00781833,0.01162738,0.0057116,0.01196406
1968-04-01,Other_excess,0.1151,0.00915292,0.00648131,0.00213497,0.00961102
1968-04-01,Shops_excess,0.1179,0.0089625,0.0090879,0.00307275,0.00642536
1968-04-01,Telcm_excess,0.0178,0.0061175,0.00122061,0.00611062,0.00482626
1968-04-01,Utils_excess,0.0199,0.00814042,0.00542835,0.0,0.00173876
1968-05-01,Durbl_excess,-0.0079,0.01248875,0.0,0.00373218,0.00102866
1968-05-01,Enrgy_excess,0.0079,0.01036958,0.0,0.00691416,0.00762064
1968-05-01,HiTec_excess,0.0338,0.01455875,0.02143795,0.02154461,0.01808446
1968-05-01,Hlth_excess,0.029,0.01251417,0.01171054,0.01251147,0.01405916
1968-05-01,Manuf_excess,0.0271,0.00993333,0.0,0.0060219,0.00552682
1968-05-01,NoDur_excess,0.0455,0.008205,0.01492913,0.01385306,0.01565393
1968-05-01,Other_excess,0.0578,0.0095,0.00715318,0.01087891,0.01115139
1968-05-01,Shops_excess,0.0298,0.00924542,0.01140379,0.01519473,0.01596479
1968-05-01,Telcm_excess,-0.0118,0.00608458,0.0034923,0.00608231,0.00676792
1968-05-01,Utils_excess,-0.0001,0.00816375,0.00432145,0.00770406,0.00634949
1968-06-01,Durbl_excess,-0.0185,0.01185333,0.0,0.0,0.00177733
1968-06-01,Enrgy_excess,0.0141,0.01015167,0.0,0.00275627,0.00192521
1968-06-01,HiTec_excess,-0.0246,0.01417042,0.02270305,0.017742,0.01387737
1968-06-01,Hlth_excess,0.018,0.012355,0.01217343,0.0123504,0.00924119
1968-06-01,Manuf_excess,-0.0065,0.00972083,0.0,0.00144005,0.00378592
1968-06-01,NoDur_excess,0.0057,0.00818542,0.01517674,0.01086197,0.01202058
1968-06-01,Other_excess,0.026,0.00946208,0.00666413,0.0063668,0.00799034
1968-06-01,Shops_excess,0.0008,0.009015,0.00995826,0.01019149,0.01229821
1968-06-01,Telcm_excess,0.0375,0.005935,0.0026311,0.00592964,0.00051133
1968-06-01,Utils_excess,0.0802,0.00792708,0.00327067,0.00156981,0.00055268
1968-07-01,Durbl_excess,-0.034,0.0117675,0.0,0.0,-0.00086799
1968-07-01,Enrgy_excess,0.048,0.01006875,0.0,0.0047049,0.00239174
1968-07-01,HiTec_excess,-0.0599,0.01413083,0.01969774,0.01893344,0.01344679
1968-07-01,Hlth_excess,-0.046,0.012525,0.01298734,0.01252203,0.01402583
1968-07-01,Manuf_excess,-0.0445,0.00973875,0.0,0.00326374,0.00486294
1968-07-01,NoDur_excess,-0.0417,0.00829542,0.01480225,0.01327767,0.01590378
1968-07-01,Other_excess,-0.0349,0.00960667,0.00660655,0.00936399,0.01172426
1968-07-01,Shops_excess,-0.0564,0.00907667,0.00930105,0.01435402,0.01570074
1968-07-01,Telcm_excess,-0.0068,0.00607708,0.00573156,0.00607462,0.00571756
1968-07-01,Utils_excess,-0.003,0.00816125,0.00747505,0.00805022,0.00803724
1968-08-01,Durbl_excess,0.0083,0.01181125,0.0,0.0,-0.00704277
1968-08-01,Enrgy_excess,0.0088,0.01057125,0.0,0.00455905,0.00036108
1968-08-01,HiTec_excess,0.0012,0.01415958,0.01457784,0.01519743,0.01145018
1968-08-01,Hlth_excess,0.0026,0.01251417,0.0087462,0.01250764,0.00366344
1968-08-01,Manuf_excess,0.0292,0.00976458,0.0,0.00011831,0.00067154
1968-08-01,NoDur_excess,0.0232,0.008195,0.01017628,0.0092973,0.0109067
1968-08-01,Other_excess,0.022,0.0096725,0.00337191,0.00643076,0.0052412
1968-08-01,Shops_excess,0.0184,0.00916667,0.00421396,0.0098569,0.01051484
1968-08-01,Telcm_excess,0.0087,0.00612083,0.00365162,0.00611727,0.0025618
1968-08-01,Utils_excess,-0.0129,0.00832458,0.00519356,0.00655745,0.00412248
1968-09-01,Durbl_excess,0.0621,0.01180292,0.0,0.0,-0.00682874
1968-09-01,Enrgy_excess,0.0308,0.01069625,0.0,0.00200562,0.00076918
1968-09-01,HiTec_excess,0.0251,0.01404042,0.01550313,0.010485,0.00642127
1968-09-01,Hlth_excess,0.0041,0.01260792,0.01083776,0.01259998,-0.00082453
1968-09-01,Manuf_excess,0.0412,0.00987292,0.0,0.0,0.00077373
1968-09-01,NoDur_excess,0.0444,0.00829458,0.01407589,0.0072684,0.00854739
1968-09-01,Other_excess,0.0901,0.00970417,0.00743737,0.00301646,0.00466078
1968-09-01,Shops_excess,0.0741,0.00914292,0.0090575,0.00526023,0.00504512
1968-09-01,Telcm_excess,0.0254,0.00615833,0.00614711,0.00615318,0.00323224
1968-09-01,Utils_excess,-0.0017,0.00827042,0.0070684,0.00138973,-0.00309578
1968-10-01,Durbl_excess,0.0423,0.01222542,0.0,0.0,-0.00435091
1968-10-01,Enrgy_excess,0.0215,0.0110125,0.0,0.00339293,-0.00180608
1968-10-01,HiTec_excess,-0.0534,0.01427958,0.01531,0.01056396,0.00701646
1968-10-01,Hlth_excess,-0.0048,0.01275583,0.01051232,0.01274889,0.0013712
1968-10-01,Manuf_excess,0.0049,0.01015792,0.0,0.0,0.00016714
1968-10-01,NoDur_excess,0.0043,0.00864708,0.01548403,0.00889278,0.0084507
1968-10-01,Other_excess,0.0065,0.01022542,0.00988645,0.00503589,0.00635628
1968-10-01,Shops_excess,0.0025,0.0094925,0.0116689,0.0071001,0.00554106
1968-10-01,Telcm_excess,0.0273,0.00627542,0.00710645,0.00627068,0.00182195
1968-10-01,Utils_excess,0.0005,0.00830333,0.00674581,0.0016208,-0.00183827
1968-11-01,Durbl_excess,-0.0056,0.01207208,0.0,0.0,-0.00484262
1968-11-01,Enrgy_excess,0.0526,0.01072042,0.00125356,0.00408559,-0.00210045
1968-11-01,HiTec_excess,0.0819,0.01377333,0.01292325,0.00868492,0.00239286
1968-11-01,Hlth_excess,0.077,0.01252083,0.00763575,0.01251402,0.00057119
1968-11-01,Manuf_excess,0.0535,0.00990125,0.0,0.0,-0.0010957
1968-11-01,NoDur_excess,0.0425,0.00851542,0.01305634,0.00753996,0.00677461
1968-11-01,Other_excess,0.0729,0.0100475,0.00945007,0.00378426,0.00127241
1968-11-01,Shops_excess,0.0472,0.00933208,0.00986261,0.00615498,0.00400531
1968-11-01,Telcm_excess,0.0497,0.00634458,0.00461207,0.00633916,1.155e-05
1968-11-01,Utils_excess,0.0839,0.00812167,0.0046769,0.00087444,-0.00217821
1968-12-01,Durbl_excess,-0.0489,0.01255083,0.0,0.0,-0.00236129
1968-12-01,Enrgy_excess,-0.0296,0.01145,0.00306826,0.00314892,-0.00029646
1968-12-01,HiTec_excess,-0.0577,0.01450292,0.01531843,0.00777686,0.00391972
1968-12-01,Hlth_excess,-0.0145,0.01308292,0.01131485,0.01307581,0.00501178
1968-12-01,Manuf_excess,-0.0375,0.01055125,0.0,0.0,0.00335426
1968-12-01,NoDur_excess,-0.0145,0.00895167,0.01723836,0.00786858,0.00937841
1968-12-01,Other_excess,-0.0411,0.010795,0.01366369,0.00376547,0.00783003
1968-12-01,Shops_excess,-0.0456,0.00977083,0.01448833,0.00490136,0.00604004
1968-12-01,Telcm_excess,-0.071,0.00663917,0.00804138,0.00663381,0.00417178
1968-12-01,Utils_excess,-0.0335,0.00885167,0.00850411,0.00063096,0.00178368
1969-01-01,Durbl_excess,-0.0225,0.01220583,0.0,0.0,-0.00722119
1969-01-01,Enrgy_excess,-0.0167,0.01113125,0.00341333,0.00022549,-0.0038305
1969-01-01,HiTec_excess,-0.0521,0.01400042,0.01377637,0.00083379,0.00035384
1969-01-01,Hlth_excess,-0.0076,0.012835,0.0078796,0.01282562,-0.00273066
1969-01-01,Manuf_excess,-0.0098,0.01022833,0.0,0.0,-0.00240015
1969-01-01,NoDur_excess,-0.0172,0.008865,0.01525875,0.00265301,0.00611641
1969-01-01,Other_excess,0.0025,0.01050583,0.01261725,0.0,0.00139515
1969-01-01,Shops_excess,-0.015,0.00951917,0.01103155,0.0,0.00015817
1969-01-01,Telcm_excess,0.0064,0.00629958,0.00166937,0.00629071,-6.386e-05
1969-01-01,Utils_excess,0.0191,0.00860292,0.00604828,0.0,-0.00131729
1969-02-01,Durbl_excess,-0.0404,0.01201458,0.0,0.0,-0.00952697
1969-02-01,Enrgy_excess,-0.0541,0.01122542,0.0041055,0.0,-0.00560201
1969-02-01,HiTec_excess,-0.0408,0.01384292,0.00979358,0.0,-0.00077438
1969-02-01,Hlth_excess,-0.0563,0.01261667,0.00507713,0.01260401,-0.00482623
1969-02-01,Manuf_excess,-0.0619,0.01017875,0.0,0.0,-0.00275982
1969-02-01,NoDur_excess,-0.0708,0.00864458,0.01247557,0.0,0.00606624
1969-02-01,Other_excess,-0.0887,0.01050792,0.01289679,0.0,0.00079714
1969-02-01,Shops_excess,-0.0461,0.00941208,0.00910906,0.0,-0.00017857
1969-02-01,Telcm_excess,-0.038,0.00638333,0.0,0.0063737,0.00204606
1969-02-01,Utils_excess,-0.0568,0.00848833,0.00585451,0.0,-0.00242453
1969-03-01,Durbl_excess,0.0464,0.012005,0.0,0.0,-0.00613091
1969-03-01,Enrgy_excess,0.069,0.01118292,0.00258018,0.00291912,-0.00167613
1969-03-01,HiTec_excess,0.0498,0.01385208,0.00580379,0.0,0.00624971
1969-03-01,Hlth_excess,0.0289,0.01242458,0.0,0.01241696,0.00244672
1969-03-01,Manuf_excess,0.0219,0.01006792,0.0,0.0,-0.00277576
1969-03-01,NoDur_excess,0.0025,0.00843375,0.00392676,0.00108681,0.00291056
1969-03-01,Other_excess,0.0028,0.010275,0.00589675,0.0,-0.00288618
1969-03-01,Shops_excess,0.0461,0.00931833,0.0034696,0.0,0.00292595
1969-03-01,Telcm_excess,-0.0088,0.00624125,0.0,0.00623514,-0.00079036
1969-03-01,Utils_excess,-0.0175,0.0082275,0.0,0.00402453,0.00206717
1969-04-01,Durbl_excess,0.0069,0.01206,0.0,0.0,0.00206748
1969-04-01,Enrgy_excess,-0.0089,0.01122125,0.00786414,0.00542458,0.00315981
1969-04-01,HiTec_excess,0.0333,0.01382083,0.00887651,0.00262408,0.00444043
1969-04-01,Hlth_excess,0.0445,0.01232,0.00119514,0.01231457,0.00408599
1969-04-01,Manuf_excess,0.0077,0.01001458,0.0,0.0,-0.00177726
1969-04-01,NoDur_excess,0.0052,0.00831458,0.00511721,0.00221136,0.00254711
1969-04-01,Other_excess,0.013,0.01008583,0.00672881,0.0,0.0008043
1969-04-01,Shops_excess,0.0341,0.00933125,0.00809466,0.00344872,0.00568356
1969-04-01,Telcm_excess,0.0715,0.00615208,0.0,0.00614551,-0.00223563
1969-04-01,Utils_excess,0.0081,0.00800042,0.0,0.00343209,-0.00140799
1969-05-01,Durbl_excess,-0.0035,0.01226833,0.0,0.0,0.00024074
1969-05-01,Enrgy_excess,0.0352,0.01113458,5.999e-05,0.00427275,0.00291027
1969-05-01,HiTec_excess,-0.0208,0.01411792,0.00863183,0.00436315,0.00532072
1969-05-01,Hlth_excess,0.012,0.01249917,0.0028844,0.01249241,0.00647731
1969-05-01,Manuf_excess,-0.0134,0.01019792,0.0,0.0,-0.00259844
1969-05-01,NoDur_excess,0.0073,0.00840875,0.00278089,0.00233064,0.00354048
1969-05-01,Other_excess,-0.0168,0.0102075,0.00208514,0.0,0.00327552
1969-05-01,Shops_excess,0.0,0.00954542,0.00434531,0.00573468,0.00886555
1969-05-01,Telcm_excess,0.0059,0.0065225,0.0,0.00652016,0.00248677
1969-05-01,Utils_excess,-0.0046,0.00798708,0.0,0.00637754,0.00388418
1969-06-01,Durbl_excess,-0.065,0.01238042,0.0,0.0,-0.00188214
1969-06-01,Enrgy_excess,-0.1047,0.01152167,0.00980536,0.0,-0.00304472
1969-06-01,HiTec_excess,-0.0067,0.01425708,0.00938571,0.0,-0.00135715
1969-06-01,Hlth_excess,-0.0555,0.0126325,0.00635709,0.01262007,-0.00652427
1969-06-01,Manuf_excess,-0.0743,0.01028542,0.0,0.0,-0.00388841
1969-06-01,NoDur_excess,-0.0788,0.00846125,0.00830703,0.0,0.00049213
1969-06-01,Other_excess,-0.1103,0.01025458,0.0085405,0.0,-0.00341491
1969-06-01,Shops_excess,-0.0602,0.0095425,0.01292314,0.0,0.00033115
1969-06-01,Telcm_excess,-0.0451,0.00664167,0.00079388,0.00663019,0.00057814
1969-06-01,Utils_excess,-0.0625,0.00799667,0.00172577,0.0,-0.00315549
1969-07-01,Durbl_excess,-0.075,0.01205958,0.0,0.0,8.073e-05
1969-07-01,Enrgy_excess,-0.1017,0.01113875,0.0,0.00373773,0.00294147
1969-07-01,HiTec_excess,-0.0596,0.01422875,0.00883144,0.00198804,0.01815226
1969-07-01,Hlth_excess,-0.0326,0.012315,0.00112925,0.01230875,0.01158418
1969-07-01,Manuf_excess,-0.0598,0.00997,0.0,0.0,0.00099079
1969-07-01,NoDur_excess,-0.0738,0.00809375,0.00043556,0.00054042,0.00798191
1969-07-01,Other_excess,-0.0966,0.00985625,0.0,0.0,0.00153221
1969-07-01,Shops_excess,-0.0898,0.00917625,0.00307469,0.00278434,0.00966788
1969-07-01,Telcm_excess,-0.0503,0.00641083,0.0,0.00640705,0.00498353
1969-07-01,Utils_excess,-0.0351,0.0077825,0.0,0.00335881,0.00505031
1969-08-01,Durbl_excess,0.0223,0.0113575,0.0,0.0,-0.00734704
1969-08-01,Enrgy_excess,0.0612,0.01045875,0.0,0.0,0.00106682
1969-08-01,HiTec_excess,0.0653,0.01369667,0.00556189,0.0,0.01738762
1969-08-01,Hlth_excess,0.0881,0.0119325,0.0,0.01192253,0.01426371
1969-08-01,Manuf_excess,0.0369,0.00947708,0.0,0.0,0.00154334
1969-08-01,NoDur_excess,0.0445,0.00758375,0.0,0.0,0.01098471
1969-08-01,Other_excess,0.0848,0.00928292,0.0,0.0,0.00172011
1969-08-01,Shops_excess,0.0763,0.00859083,0.0,0.0,0.00614758
1969-08-01,Telcm_excess,0.0115,0.00610458,0.0,0.00609633,0.00652566
1969-08-01,Utils_excess,-0.0179,0.00744333,0.0,0.0,0.00850684
1969-09-01,Durbl_excess,-0.0068,0.0113575,0.0,0.0,-0.00820932
1969-09-01,Enrgy_excess,-0.1025,0.01048833,0.0,0.0,-0.00385153
1969-09-01,HiTec_excess,-0.0042,0.01394167,0.0110979,0.0,0.01487061
1969-09-01,Hlth_excess,0.0147,0.01229583,0.00880844,0.01228782,0.02257813
1969-09-01,Manuf_excess,-0.0269,0.00954458,0.0,0.0,-0.0012331
1969-09-01,NoDur_excess,-0.0029,0.0076075,0.00338953,0.0,0.00852627
1969-09-01,Other_excess,-0.0125,0.00958,0.0,0.0,-0.00151911
1969-09-01,Shops_excess,-0.0128,0.00885,0.00312538,0.0,0.00383386
1969-09-01,Telcm_excess,-0.0462,0.00611583,0.00187134,0.00610734,0.00572637
1969-09-01,Utils_excess,-0.0477,0.00721917,0.0,0.0,0.00082381
1969-10-01,Durbl_excess,0.0326,0.01122292,0.0,0.0,-0.00785128
1969-10-01,Enrgy_excess,-0.0163,0.00993875,0.0,0.0,-0.00937077
1969-10-01,HiTec_excess,0.0519,0.01377583,0.01077536,0.0,0.01373103
1969-10-01,Hlth_excess,0.0838,0.01228333,0.0090924,0.01227138,0.0173412
1969-10-01,Manuf_excess,0.0608,0.0092725,0.0,0.0,-0.0011133
1969-10-01,NoDur_excess,0.0772,0.00748083,0.00314985,0.0,0.00819014
1969-10-01,Other_excess,0.074,0.00938958,0.0,0.0,0.00143959
1969-10-01,Shops_excess,0.0611,0.00870458,0.00611933,0.0,0.0027772
1969-10-01,Telcm_excess,0.029,0.00587667,0.0,0.00586174,0.00210671
1969-10-01,Utils_excess,0.077,0.006855,0.0,0.0,-0.00259293
1969-11-01,Durbl_excess,-0.05,0.01105667,0.0,0.0,-0.00254377
1969-11-01,Enrgy_excess,-0.0508,0.00972,0.0,0.0008157,-0.00218813
1969-11-01,HiTec_excess,-0.0231,0.01384,0.01274759,0.00638245,0.017154
1969-11-01,Hlth_excess,-0.002,0.01249542,0.01428058,0.01249453,0.02187695
1969-11-01,Manuf_excess,-0.0394,0.00934875,0.0,0.0,0.0012418
1969-11-01,NoDur_excess,-0.0288,0.00774292,0.00838792,0.00626818,0.01300963
1969-11-01,Other_excess,-0.0608,0.00960083,0.00359235,0.0,0.00373521
1969-11-01,Shops_excess,-0.0461,0.00893542,0.00803576,0.00818707,0.01202149
1969-11-01,Telcm_excess,0.0064,0.00592292,0.0,0.00591942,0.00647165
1969-11-01,Utils_excess,-0.058,0.007125,0.00035664,0.00501266,0.00566912
1969-12-01,Durbl_excess,-0.0408,0.01064833,0.0,0.0,-0.00898295
1969-12-01,Enrgy_excess,-0.0365,0.00963042,0.0,0.0,-0.00678115
1969-12-01,HiTec_excess,-0.0138,0.01358458,0.0112851,0.00254132,0.01340403
1969-12-01,Hlth_excess,0.0366,0.01229042,0.01354364,0.01228945,0.02619876
1969-12-01,Manuf_excess,-0.0207,0.00905333,0.0,0.0,-0.00158793
1969-12-01,NoDur_excess,-0.0258,0.00754958,0.00581204,0.00083196,0.00932403
1969-12-01,Other_excess,-0.044,0.0093,4.89e-05,0.0,0.00184988
1969-12-01,Shops_excess,-0.0364,0.00865875,0.00520072,0.0,0.00453008
1969-12-01,Telcm_excess,-0.0615,0.00588333,0.0,0.00587589,0.00512753
1969-12-01,Utils_excess,-0.0127,0.00675,0.0,0.0,-0.00050964
1970-01-01,Durbl_excess,-0.0885,0.01013667,0.0,0.0,-0.01297115
1970-01-01,Enrgy_excess,-0.1206,0.00943667,0.0,0.0,-0.00361689
1970-01-01,HiTec_excess,-0.0967,0.01314792,0.0091831,0.00815848,0.01546798
1970-01-01,Hlth_excess,-0.0772,0.01208333,0.0149649,0.01208163,0.02502922
1970-01-01,Manuf_excess,-0.079,0.00869958,0.0,0.0,0.00275574
1970-01-01,NoDur_excess,-0.0485,0.00723125,0.00216149,0.00378592,0.00989233
1970-01-01,Other_excess,-0.0945,0.00882292,0.0,0.0,0.00345678
1970-01-01,Shops_excess,-0.0669,0.00831167,0.0,0.0029514,0.00361059
1970-01-01,Telcm_excess,-0.0317,0.005565,0.0,0.0,0.0010376
1970-01-01,Utils_excess,-0.0484,0.00656542,0.0,0.0,-0.00071477
1970-02-01,Durbl_excess,0.0498,0.00969375,0.0,0.0,-0.01026093
1970-02-01,Enrgy_excess,0.0477,0.008965,0.0,0.0,-0.00683655
1970-02-01,HiTec_excess,0.0233,0.01255958,0.00182529,0.00589862,0.01774034
1970-02-01,Hlth_excess,0.0498,0.01172125,0.00849749,0.01171447,0.01727166
1970-02-01,Manuf_excess,0.0457,0.00829167,0.0,0.0,0.00258577
1970-02-01,NoDur_excess,0.0408,0.00697583,0.0,0.00244193,0.00998675
1970-02-01,Other_excess,0.0886,0.00829958,0.0,0.0,0.00167483
1970-02-01,Shops_excess,0.0496,0.00801875,0.0,0.00103887,0.00244487
1970-02-01,Telcm_excess,0.0735,0.00535917,0.0,0.0,0.00550518
1970-02-01,Utils_excess,0.0776,0.00621125,0.0,0.0,0.00695952
1970-03-01,Durbl_excess,0.043,0.00976042,0.0,0.0,-0.0130157
1970-03-01,Enrgy_excess,-0.0102,0.00919,0.0,0.00081333,-0.00468959
1970-03-01,HiTec_excess,-0.0315,0.01251875,0.0037608,0.00899549,0.01558943
1970-03-01,Hlth_excess,-0.0566,0.0118525,0.01011951,0.01185145,0.02210839
1970-03-01,Manuf_excess,-0.0086,0.008405,0.0,0.0002472,0.00168975
1970-03-01,NoDur_excess,-0.0135,0.0071275,0.00096981,0.00601282,0.01101521
1970-03-01,Other_excess,-0.0237,0.00863042,0.0,0.00306765,0.0078658
1970-03-01,Shops_excess,-0.0229,0.00813208,0.0,0.00676493,0.00900331
1970-03-01,Telcm_excess,0.0172,0.00564167,0.0,0.00817946,0.00659953
1970-03-01,Utils_excess,0.0234,0.00643833,0.0,0.00532621,0.00258106
1970-04-01,Durbl_excess,-0.0936,0.00986583,0.0,0.0,-0.0146415
1970-04-01,Enrgy_excess,-0.0967,0.00894958,0.0,0.0,-0.01496012
1970-04-01,HiTec_excess,-0.1485,0.01229125,0.00267489,0.00653964,0.00524948
1970-04-01,Hlth_excess,-0.1061,0.0117425,0.00626284,0.01173812,0.01535813
1970-04-01,Manuf_excess,-0.0948,0.00833958,0.0,0.0,-0.00381046
1970-04-01,NoDur_excess,-0.1064,0.00709917,0.00031728,0.00351439,0.00617174
1970-04-01,Other_excess,-0.1432,0.00856542,0.0,0.00127269,-0.00968512
1970-04-01,Shops_excess,-0.1162,0.00804833,0.0021209,0.00339655,-0.00139693
1970-04-01,Telcm_excess,-0.0929,0.00552583,0.0,0.0,0.00372054
1970-04-01,Utils_excess,-0.0857,0.00651667,0.0,0.00012533,-0.00152568
1970-05-01,Durbl_excess,-0.07,0.00903917,0.0,0.0,-0.01317203
1970-05-01,Enrgy_excess,0.0213,0.00841583,0.0,0.0,-0.00768258
1970-05-01,HiTec_excess,-0.1009,0.01147917,0.0,0.00357377,0.00710167
1970-05-01,Hlth_excess,-0.083,0.01107417,0.0008614,0.01106862,0.0118719
1970-05-01,Manuf_excess,-0.0804,0.00763792,0.0,0.0,-0.00025534
1970-05-01,NoDur_excess,-0.0798,0.00665375,0.0,0.00119827,0.00330029
1970-05-01,Other_excess,-0.087,0.00790958,0.0,0.0,-0.00885939
1970-05-01,Shops_excess,-0.1,0.00758292,0.0,0.00058282,-0.00172751
1970-05-01,Telcm_excess,-0.0424,0.00504375,0.0,0.0,-0.00076601
1970-05-01,Utils_excess,-0.0588,0.00612417,0.0,0.0,0.00797129
1970-06-01,Durbl_excess,-0.0473,0.00847875,0.0,0.0,-0.01130764
1970-06-01,Enrgy_excess,-0.0302,0.00814292,0.0,0.0,-0.00299761
1970-06-01,HiTec_excess,-0.1231,0.01105333,0.0,0.00067647,0.00525656
1970-06-01,Hlth_excess,-0.0109,0.01056708,0.0,0.01055695,0.00898539
1970-06-01,Manuf_excess,-0.054,0.0070575,0.0,0.0,-0.00124436
1970-06-01,NoDur_excess,-0.0206,0.00623917,0.0,0.0,0.00368253
1970-06-01,Other_excess,-0.0743,0.00749458,0.0,0.0,-0.00862511
1970-06-01,Shops_excess,-0.0456,0.00703833,0.0,0.0,-0.0028211
1970-06-01,Telcm_excess,-0.0907,0.00478917,0.0,0.0,0.00333925
1970-06-01,Utils_excess,-0.0529,0.00580708,0.0,0.0,0.00219375
1970-07-01,Durbl_excess,0.1008,0.008455,0.0,0.0,-0.0102101
1970-07-01,Enrgy_excess,0.1224,0.00820583,0.0,0.00588758,0.00317512
1970-07-01,HiTec_excess,0.0182,0.01087833,0.0,0.00518375,0.00406955
1970-07-01,Hlth_excess,0.0164,0.01070083,0.0,0.01070002,0.01059187
1970-07-01,Manuf_excess,0.0458,0.00711083,0.0,0.00158811,-0.00162647
1970-07-01,NoDur_excess,0.0616,0.00639583,0.0,0.00383352,0.00283708
1970-07-01,Other_excess,0.075,0.00747417,0.0,0.00108313,-0.01416016
1970-07-01,Shops_excess,0.0986,0.00703792,0.0,0.0036029,0.00040015
1970-07-01,Telcm_excess,0.0974,0.00459625,0.0,0.00384147,0.00019004
1970-07-01,Utils_excess,0.0819,0.00591125,0.0,0.00613504,-0.00047415
1970-08-01,Durbl_excess,0.0775,0.0089925,0.0,0.0,-0.00436843
1970-08-01,Enrgy_excess,0.0606,0.00835208,0.00057827,0.0,0.00452792
1970-08-01,HiTec_excess,0.075,0.01107958,0.0,0.00099365,0.00314663
1970-08-01,Hlth_excess,0.0129,0.01106333,0.0,0.01105536,0.00931198
1970-08-01,Manuf_excess,0.0412,0.00721667,0.0,0.0,-0.00107337
1970-08-01,NoDur_excess,0.0093,0.00663792,0.0,0.00284291,0.0044265
1970-08-01,Other_excess,0.0457,0.00747833,0.0,0.0,-0.00389695
1970-08-01,Shops_excess,0.0478,0.00749292,0.0,0.00247322,0.00654981
1970-08-01,Telcm_excess,0.0191,0.00506167,0.0,0.00070628,0.00588265
1970-08-01,Utils_excess,0.0416,0.00647458,0.0,0.00246813,0.00753294
1970-09-01,Durbl_excess,0.0215,0.00893583,0.0019996,0.0,0.00266411
1970-09-01,Enrgy_excess,0.0266,0.00842792,0.0007269,0.00010356,0.00823989
1970-09-01,HiTec_excess,0.0964,0.0111775,0.0,0.00245421,0.00780504
1970-09-01,Hlth_excess,0.0749,0.01096792,0.01148013,0.01096264,0.00863587
1970-09-01,Manuf_excess,0.0343,0.00712875,0.0,0.0,0.00334708
1970-09-01,NoDur_excess,0.0498,0.00651708,0.01213297,0.00513908,0.0057704
1970-09-01,Other_excess,0.0705,0.00757583,0.00267292,0.00170141,0.00182839
1970-09-01,Shops_excess,0.0741,0.00751375,0.01226335,0.00425182,0.0050166
1970-09-01,Telcm_excess,-0.0142,0.00503875,0.00999675,0.00476316,0.00589634
1970-09-01,Utils_excess,-0.0106,0.00650833,0.01217732,0.00566448,0.01002416
1970-10-01,Durbl_excess,-0.0246,0.00866167,0.00651159,0.0057636,0.00579684
1970-10-01,Enrgy_excess,0.0249,0.00839583,0.00431287,0.00434728,0.00862749
1970-10-01,HiTec_excess,-0.0394,0.01137417,0.00164999,0.00706439,0.00621965
1970-10-01,Hlth_excess,-0.0036,0.0110275,0.01789305,0.01102662,0.01383088
1970-10-01,Manuf_excess,-0.0361,0.00708792,0.0,0.00164679,0.00111445
1970-10-01,NoDur_excess,0.0024,0.006525,0.01662255,0.00761865,0.00574278
1970-10-01,Other_excess,-0.0635,0.00760208,0.00997967,0.00498626,0.00085895
1970-10-01,Shops_excess,-0.0215,0.00747292,0.01919015,0.0092709,0.00962408
1970-10-01,Telcm_excess,-0.0421,0.00500375,0.00866757,0.01055924,0.00569693
1970-10-01,Utils_excess,-0.0129,0.00627958,0.01059552,0.01007947,0.00945467
1970-11-01,Durbl_excess,0.0652,0.00853875,0.01159505,0.00039254,-0.00740032
1970-11-01,Enrgy_excess,0.0449,0.0084925,0.0115154,0.00253792,0.00429184
1970-11-01,HiTec_excess,0.036,0.01127708,0.0,0.00416685,-0.00281565
1970-11-01,Hlth_excess,0.0262,0.01109125,0.01545819,0.0110891,0.01116431
1970-11-01,Manuf_excess,0.0346,0.00692375,0.0,0.0,-0.00505547
1970-11-01,NoDur_excess,0.0427,0.00655583,0.01579715,0.00585738,0.00154178
1970-11-01,Other_excess,0.0339,0.00740583,0.00545022,0.00168589,-0.01555472
1970-11-01,Shops_excess,0.0642,0.00735333,0.0186119,0.00614162,-0.00247154
1970-11-01,Telcm_excess,0.057,0.00482458,0.00316188,0.00132841,-0.00310283
1970-11-01,Utils_excess,0.0895,0.00626208,0.00866019,0.00388528,0.00181121
1970-12-01,Durbl_excess,0.0575,0.00893583,0.01596232,0.02203728,0.01065595
1970-12-01,Enrgy_excess,0.0183,0.00846167,0.01223583,0.01253989,0.00255261
1970-12-01,HiTec_excess,0.0398,0.01132208,0.00554643,0.01154649,0.00090522
1970-12-01,Hlth_excess,0.0494,0.01101042,0.02163667,0.01101224,0.01170926
1970-12-01,Manuf_excess,0.0759,0.00682542,0.00329441,0.0058494,-0.00196908
1970-12-01,NoDur_excess,0.0708,0.00673833,0.02290713,0.01251501,0.00750532
1970-12-01,Other_excess,0.0795,0.00738792,0.01201102,0.00935371,-0.00247489
1970-12-01,Shops_excess,0.0499,0.00757958,0.02543053,0.0158721,0.01062731
1970-12-01,Telcm_excess,0.0643,0.00507667,0.01320667,0.02321005,0.00761997
1970-12-01,Utils_excess,0.0676,0.00668917,0.01825079,0.02247369,0.00772681
1971-01-01,Durbl_excess,0.0349,0.00911708,0.02982811,0.00537878,0.0030299
1971-01-01,Enrgy_excess,-0.0005,0.00818042,0.01882172,0.0003886,-0.00330174
1971-01-01,HiTec_excess,0.0501,0.01132958,0.01037202,0.00586096,0.00201189
1971-01-01,Hlth_excess,0.045,0.01096667,0.03007581,0.01096353,0.00564647
1971-01-01,Manuf_excess,0.0553,0.00686667,0.01377147,0.00145884,0.00135178
1971-01-01,NoDur_excess,0.0444,0.00691958,0.03481209,0.00815105,0.00699266
1971-01-01,Other_excess,0.0743,0.00726042,0.02446553,0.0046315,0.00152289
1971-01-01,Shops_excess,0.0791,0.00767583,0.03701735,0.00874105,0.00444821
1971-01-01,Telcm_excess,0.0939,0.00527,0.02232257,0.0035846,0.00491214
1971-01-01,Utils_excess,0.0255,0.006825,0.02738477,0.00709294,0.00426267
1971-02-01,Durbl_excess,0.0191,0.00888375,0.03170215,0.02659953,0.01618405
1971-02-01,Enrgy_excess,0.0448,0.00792125,0.01755361,0.01045884,0.00626056
1971-02-01,HiTec_excess,0.0247,0.01122167,0.01470923,0.01307026,0.01300685
1971-02-01,Hlth_excess,0.0106,0.01103042,0.03015878,0.01103378,0.01586557
1971-02-01,Manuf_excess,0.0091,0.00684708,0.01814776,0.00964239,0.00872254
1971-02-01,NoDur_excess,0.0344,0.0069175,0.03416758,0.01488401,0.01618857
1971-02-01,Other_excess,0.0202,0.00731,0.02860873,0.01389125,0.01748074
1971-02-01,Shops_excess,0.0331,0.00785958,0.03929234,0.01733288,0.01717524
1971-02-01,Telcm_excess,-0.0562,0.00558875,0.02685256,0.02482604,0.01289125
1971-02-01,Utils_excess,-0.0293,0.00672625,0.02524758,0.02126659,0.01247369
1971-03-01,Durbl_excess,0.0314,0.00885125,0.05207539,0.02528569,0.01872673
1971-03-01,Enrgy_excess,0.0246,0.00807208,0.03471416,0.01154145,0.00571818
1971-03-01,HiTec_excess,0.0775,0.01129083,0.01166973,0.01112787,0.00808555
1971-03-01,Hlth_excess,0.0337,0.01101833,0.02619349,0.01102388,0.01676282
1971-03-01,Manuf_excess,0.0378,0.00683833,0.02572113,0.00942223,0.00744844
1971-03-01,NoDur_excess,0.0415,0.00702542,0.03438084,0.01321378,0.01614055
1971-03-01,Other_excess,0.0571,0.00741583,0.03201977,0.01152171,0.01699575
1971-03-01,Shops_excess,0.0651,0.00787167,0.04603549,0.01533725,0.01367281
1971-03-01,Telcm_excess,0.0041,0.0051875,0.01746999,0.01344521,0.00729773
1971-03-01,Utils_excess,0.0211,0.00647792,0.02108572,0.01417953,0.00768893
1971-04-01,Durbl_excess,0.0821,0.00893792,0.04845088,0.03697583,0.02073916
1971-04-01,Enrgy_excess,0.0403,0.00827792,0.03103574,0.01704387,0.01338654
1971-04-01,HiTec_excess,0.0203,0.01165625,0.01817554,0.01650172,0.0144524
1971-04-01,Hlth_excess,0.0397,0.0110925,0.02703877,0.0110997,0.01566175
1971-04-01,Manuf_excess,0.04,0.0071275,0.02559261,0.01332865,0.01085509
1971-04-01,NoDur_excess,0.0185,0.00731917,0.03386384,0.01725263,0.01914538
1971-04-01,Other_excess,0.0408,0.0077775,0.03313604,0.01680875,0.02610983
1971-04-01,Shops_excess,0.0469,0.00823542,0.04574766,0.02102005,0.02025031
1971-04-01,Telcm_excess,0.0053,0.00525458,0.01627605,0.02335131,0.01048694
1971-04-01,Utils_excess,-0.0383,0.00662875,0.01975397,0.02319387,0.01396819
1971-05-01,Durbl_excess,-0.0457,0.00914292,0.04629053,0.01821934,0.01967737
1971-05-01,Enrgy_excess,-0.0506,0.00800083,0.02922806,0.00702352,0.00471714
1971-05-01,HiTec_excess,-0.0647,0.01161417,0.01440729,0.01002517,0.00247519
1971-05-01,Hlth_excess,-0.024,0.01082958,0.02523936,0.01083245,0.00944137
1971-05-01,Manuf_excess,-0.0255,0.00701417,0.02334467,0.00726215,0.00748945
1971-05-01,NoDur_excess,-0.033,0.00736208,0.02872341,0.01061993,0.01404731
1971-05-01,Other_excess,-0.0489,0.00779667,0.02931768,0.00963549,0.02070663
1971-05-01,Shops_excess,-0.0208,0.00842,0.04152066,0.01328637,0.01304937
1971-05-01,Telcm_excess,-0.0545,0.00524708,0.01176159,0.00594826,0.00030685
1971-05-01,Utils_excess,-0.04,0.00646542,0.01173114,0.00561425,0.0001196
1971-06-01,Durbl_excess,-0.0103,0.00918,0.03563493,0.01768233,0.01759693
1971-06-01,Enrgy_excess,0.0066,0.00792208,0.02227408,0.00855126,0.0074214
1971-06-01,HiTec_excess,-0.0255,0.011465,0.00539737,0.00926517,0.0064758
1971-06-01,Hlth_excess,0.0165,0.01066917,0.01637781,0.01067212,0.01548864
1971-06-01,Manuf_excess,0.0,0.0070025,0.01667423,0.00710345,0.00774737
1971-06-01,NoDur_excess,-0.0052,0.00728333,0.01859806,0.01015754,0.01429193
1971-06-01,Other_excess,-0.0143,0.00773375,0.01867214,0.00851778,0.01727672
1971-06-01,Shops_excess,-0.0007,0.00839375,0.03115651,0.01340448,0.01809351
1971-06-01,Telcm_excess,0.0067,0.00504167,0.00287748,0.00675935,0.00550819
1971-06-01,Utils_excess,0.0395,0.00630542,0.00528547,0.00745441,-2.247e-05
1971-07-01,Durbl_excess,-0.0595,0.00942708,0.02387143,0.00272274,0.00366711
1971-07-01,Enrgy_excess,-0.0254,0.00790917,0.01523074,0.0013336,-0.00155295
1971-07-01,HiTec_excess,-0.0898,0.01143167,0.00284,0.00545397,-0.00090413
1971-07-01,Hlth_excess,-0.0265,0.01070833,0.01577722,0.01070576,0.00921439
1971-07-01,Manuf_excess,-0.0528,0.00716667,0.01097868,0.00258549,0.00312297
1971-07-01,NoDur_excess,-0.0254,0.00741667,0.01596244,0.00635167,0.00897582
1971-07-01,Other_excess,-0.0425,0.0078925,0.01345722,0.00411155,0.00822785
1971-07-01,Shops_excess,-0.0385,0.00850917,0.02562961,0.00883124,0.00926462
1971-07-01,Telcm_excess,-0.0401,0.0050825,0.00328193,0.0,-0.00034887
1971-07-01,Utils_excess,-0.0254,0.0064925,0.00618082,0.00140231,0.00123793
1971-08-01,Durbl_excess,0.1013,0.00905542,0.00885792,0.00981605,0.01335378
1971-08-01,Enrgy_excess,-0.0169,0.007335,0.00612573,0.00582999,0.0067066
1971-08-01,HiTec_excess,0.052,0.01082667,0.00047932,0.00733114,0.00780125
1971-08-01,Hlth_excess,0.0281,0.01,0.01395593,0.01000099,0.0161542
1971-08-01,Manuf_excess,0.0592,0.0066,0.00343128,0.00474182,0.00745319
1971-08-01,NoDur_excess,0.0263,0.00718583,0.0131277,0.00866875,0.01211496
1971-08-01,Other_excess,0.0656,0.0074125,0.00795513,0.0068911,0.01424195
1971-08-01,Shops_excess,0.0573,0.00823583,0.01802624,0.01079731,0.01384731
1971-08-01,Telcm_excess,-0.0081,0.00480417,0.00318459,0.00597217,0.00433582
1971-08-01,Utils_excess,-0.028,0.00617083,0.00531513,0.00641189,0.00800254
1971-09-01,Durbl_excess,-0.0044,0.00919,0.01343544,0.01457979,0.01660904
1971-09-01,Enrgy_excess,-0.0201,0.00702958,0.00624754,0.00806512,0.00949088
1971-09-01,HiTec_excess,-0.0192,0.01080167,0.00637827,0.00933136,0.01056595
1971-09-01,Hlth_excess,0.0029,0.01018208,0.0201987,0.01018399,0.01158374
1971-09-01,Manuf_excess,-0.0069,0.00664833,0.00772442,0.00652308,0.01190453
1971-09-01,NoDur_excess,-0.0044,0.007155,0.01837898,0.01096232,0.01467249
1971-09-01,Other_excess,-0.008,0.0075475,0.01390685,0.00990385,0.02595277
1971-09-01,Shops_excess,0.0036,0.00837,0.02314589,0.0132302,0.01712597
1971-09-01,Telcm_excess,-0.0014,0.00466583,0.00764744,0.00995183,0.00181152
1971-09-01,Utils_excess,-0.0188,0.00597083,0.00717987,0.01014225,0.00137536
1971-10-01,Durbl_excess,-0.0558,0.00906583,0.01564809,0.02258654,0.01825758
1971-10-01,Enrgy_excess,-0.0466,0.0069825,0.00727854,0.01051286,0.00804025
1971-10-01,HiTec_excess,-0.0472,0.01058792,0.00607816,0.01075266,0.00787294
1971-10-01,Hlth_excess,-0.0287,0.01027542,0.01945547,0.01028034,0.01437461
1971-10-01,Manuf_excess,-0.0641,0.00661542,0.00861872,0.0088429,0.00819823
1971-10-01,NoDur_excess,-0.047,0.00715958,0.01775538,0.01182667,0.01407576
1971-10-01,Other_excess,-0.0457,0.00737,0.01424307,0.01099561,0.0205717
1971-10-01,Shops_excess,-0.0382,0.00824833,0.02346433,0.0147958,0.0187392
1971-10-01,Telcm_excess,-0.0211,0.0046675,0.00718965,0.01251423,0.00681023
1971-10-01,Utils_excess,0.0168,0.00584208,0.00665095,0.01097987,0.00188488
1971-11-01,Durbl_excess,-0.0004,0.008925,0.01697822,0.01324336,0.01278711
1971-11-01,Enrgy_excess,-0.0031,0.00674625,0.00874041,0.00553596,0.003858
1971-11-01,HiTec_excess,0.014,0.01066333,0.00358773,0.0081442,0.00735552
1971-11-01,Hlth_excess,0.0022,0.01041167,0.01519485,0.01041172,0.01137209
1971-11-01,Manuf_excess,-0.0135,0.00652792,0.00775898,0.00574228,0.0053528
1971-11-01,NoDur_excess,-0.0071,0.00710042,0.01399917,0.00864747,0.01209343
1971-11-01,Other_excess,-0.0055,0.00733708,0.01206824,0.0080337,0.0164057
1971-11-01,Shops_excess,-0.0013,0.00822625,0.02091474,0.01143536,0.01485116
1971-11-01,Telcm_excess,0.0002,0.00463125,0.00434944,0.0063278,0.00280591
1971-11-01,Utils_excess,-0.0157,0.00588958,0.00636985,0.0066207,0.00082155
1971-12-01,Durbl_excess,0.0577,0.00884375,0.02257867,0.0124873,0.01269429
1971-12-01,Enrgy_excess,0.0847,0.00677,0.01214233,0.00601015,0.00545504
1971-12-01,HiTec_excess,0.109,0.01062042,0.00328446,0.00756177,0.01265798
1971-12-01,Hlth_excess,0.0754,0.01044542,0.01510835,0.0104461,0.01494973
1971-12-01,Manuf_excess,0.095,0.00645792,0.00979017,0.00563256,0.00849901
1971-12-01,NoDur_excess,0.1017,0.00707792,0.01452458,0.00850615,0.01441813
1971-12-01,Other_excess,0.0777,0.00723042,0.01376861,0.00783786,0.01990684
1971-12-01,Shops_excess,0.098,0.00816167,0.02357629,0.01048158,0.01521706
1971-12-01,Telcm_excess,0.07,0.00461583,0.00376175,0.00331674,0.002216
1971-12-01,Utils_excess,0.0774,0.00575958,0.00623838,0.00566904,0.0014054
1972-01-01,Durbl_excess,0.0294,0.00898583,0.02676323,0.00987244,0.0092666
1972-01-01,Enrgy_excess,-0.0013,0.00693125,0.01564698,0.0041248,0.00613581
1972-01-01,HiTec_excess,0.0806,0.01087458,0.00602967,0.00675271,0.00446173
1972-01-01,Hlth_excess,0.0231,0.01055,0.01877733,0.01055009,0.0100002
1972-01-01,Manuf_excess,0.0293,0.00666833,0.01358839,0.00465088,0.00393667
1972-01-01,NoDur_excess,0.0221,0.00742667,0.0185027,0.00834533,0.00963708
1972-01-01,Other_excess,0.0304,0.00747042,0.01712164,0.00643078,0.015635
1972-01-01,Shops_excess,0.0014,0.00858625,0.02834966,0.0112679,0.01555346
1972-01-01,Telcm_excess,0.0065,0.00487625,0.00581205,0.00308113,0.00230425
1972-01-01,Utils_excess,-0.0059,0.00595042,0.00765929,0.0045784,0.00584334
1972-02-01,Durbl_excess,0.0059,0.00916333,0.04110885,0.02106646,0.01227196
1972-02-01,Enrgy_excess,0.0236,0.00665708,0.02535834,0.00781101,-0.0015946
1972-02-01,HiTec_excess,0.0164,0.01128542,0.00490317,0.00990065,0.00295661
1972-02-01,Hlth_excess,0.0688,0.01062542,0.0140109,0.01062824,0.01182872
1972-02-01,Manuf_excess,0.0474,0.00680917,0.01929183,0.00823572,0.00379514
1972-02-01,NoDur_excess,0.044,0.00750333,0.01606802,0.01027315,0.0090913
1972-02-01,Other_excess,0.02,0.00746458,0.01904952,0.00968436,0.01195103
1972-02-01,Shops_excess,0.0541,0.0086175,0.03025778,0.0132932,0.01276995
1972-02-01,Telcm_excess,-0.0009,0.00490208,0.0,0.00558995,0.00142216
1972-02-01,Utils_excess,-0.0275,0.00580375,0.00458152,0.00637588,-0.00200399
1972-03-01,Durbl_excess,0.0396,0.009175,0.04153996,0.01962164,0.01013706
1972-03-01,Enrgy_excess,-0.0573,0.00690333,0.02698365,0.00772572,0.00376062
1972-03-01,HiTec_excess,0.0083,0.01149667,0.0030941,0.00968066,0.00300332
1972-03-01,Hlth_excess,0.0019,0.01109417,0.01429869,0.01109697,0.01313369
1972-03-01,Manuf_excess,0.0222,0.00717208,0.02111846,0.00825964,0.00593616
1972-03-01,NoDur_excess,-0.0019,0.00777625,0.01510207,0.01015992,0.00990727
1972-03-01,Other_excess,0.0204,0.00761875,0.01760841,0.00882413,0.00962881
1972-03-01,Shops_excess,0.0171,0.009005,0.03035903,0.01410988,0.01565326
1972-03-01,Telcm_excess,-0.0059,0.00492917,0.0,0.00530578,0.00075868
1972-03-01,Utils_excess,-0.0043,0.00566542,0.00016425,0.0052646,-0.00016995
1972-04-01,Durbl_excess,-0.0082,0.0089975,0.03350704,0.01546482,0.01126351
1972-04-01,Enrgy_excess,-0.0098,0.00630583,0.01665788,0.00460379,-0.00306938
1972-04-01,HiTec_excess,0.0047,0.01131833,0.00347307,0.00853825,0.00394588
1972-04-01,Hlth_excess,0.0079,0.01108833,0.01421157,0.01108947,0.01437236
1972-04-01,Manuf_excess,0.0168,0.007145,0.01699405,0.00711274,0.00695424
1972-04-01,NoDur_excess,0.0161,0.00770125,0.01395433,0.00904523,0.01091137
1972-04-01,Other_excess,0.0153,0.007465,0.01585885,0.00792623,0.01352701
1972-04-01,Shops_excess,-0.0085,0.008975,0.02688871,0.01230108,0.01571851
1972-04-01,Telcm_excess,-0.0134,0.00485625,0.0,0.00232957,-0.00177936
1972-04-01,Utils_excess,-0.0311,0.00555917,0.00033486,0.00254974,-0.00283521
1972-05-01,Durbl_excess,-0.0132,0.00909333,0.03214864,0.0175454,0.01438987
1972-05-01,Enrgy_excess,0.0339,0.00658917,0.01542474,0.00596717,0.0019014
1972-05-01,HiTec_excess,0.0344,0.01148333,0.00122774,0.00904448,0.00531596
1972-05-01,Hlth_excess,0.0322,0.01135542,0.01074045,0.01135679,0.01514355
1972-05-01,Manuf_excess,0.016,0.00749583,0.01618586,0.00792281,0.00953433
1972-05-01,NoDur_excess,0.0011,0.00791208,0.01133278,0.00959116,0.01213697
1972-05-01,Other_excess,-0.0091,0.007675,0.01386857,0.0085788,0.01064114
1972-05-01,Shops_excess,0.0149,0.00902167,0.02342687,0.0127612,0.01576319
1972-05-01,Telcm_excess,0.0087,0.00483667,0.0,0.0037848,-0.00162946
1972-05-01,Utils_excess,-0.0048,0.00550958,0.0,0.00331479,-0.00428313
1972-06-01,Durbl_excess,-0.0318,0.00887667,0.02733455,0.02074866,0.01141636
1972-06-01,Enrgy_excess,-0.0121,0.00658917,0.01455098,0.0090926,0.00730445
1972-06-01,HiTec_excess,-0.0282,0.01151,0.00350669,0.01066276,0.00584217
1972-06-01,Hlth_excess,0.0222,0.01139,0.01283531,0.01139283,0.01665565
1972-06-01,Manuf_excess,-0.0254,0.00738958,0.01482445,0.00908751,0.00778184
1972-06-01,NoDur_excess,-0.0144,0.00783292,0.01121445,0.01076419,0.013598
1972-06-01,Other_excess,-0.048,0.00751958,0.01261195,0.00993305,0.00988605
1972-06-01,Shops_excess,-0.0451,0.00898125,0.02214669,0.01425309,0.01723765
1972-06-01,Telcm_excess,-0.0304,0.00483542,0.0,0.00811532,0.00318849
1972-06-01,Utils_excess,-0.0184,0.00537042,0.0,0.00714962,-0.00209304
1972-07-01,Durbl_excess,-0.0244,0.00853167,0.02353995,0.0126001,0.00988255
1972-07-01,Enrgy_excess,-0.0136,0.00631792,0.01270581,0.00470971,-0.00177799
1972-07-01,HiTec_excess,0.0065,0.01115292,0.00309261,0.00805184,0.0069588
1972-07-01,Hlth_excess,0.0282,0.01152875,0.01356252,0.01152988,0.01683934
1972-07-01,Manuf_excess,0.0017,0.00710958,0.01281448,0.0065445,0.0100829
1972-07-01,NoDur_excess,-0.0189,0.00765958,0.01113958,0.00842157,0.00943939
1972-07-01,Other_excess,-0.0326,0.00715792,0.01061143,0.00645645,0.00867371
1972-07-01,Shops_excess,-0.0277,0.00867417,0.01990546,0.01098502,0.01348359
1972-07-01,Telcm_excess,0.0044,0.00462875,0.0,0.00189347,-2.58e-06
1972-07-01,Utils_excess,-0.0027,0.00525417,0.0,0.00179272,-0.00211343
1972-08-01,Durbl_excess,0.0349,0.00833083,0.01893909,0.01542293,0.01193635
1972-08-01,Enrgy_excess,0.1216,0.00631,0.00930638,0.00735232,0.00282413
1972-08-01,HiTec_excess,0.0256,0.01112708,0.00539253,0.00922244,0.00694134
1972-08-01,Hlth_excess,0.0075,0.01183583,0.01635193,0.01183835,0.01681908
1972-08-01,Manuf_excess,0.02,0.00703042,0.01137115,0.00727725,0.00893642
1972-08-01,NoDur_excess,-0.004,0.00756292,0.01270751,0.0093886,0.00998992
1972-08-01,Other_excess,0.0333,0.00698083,0.01073456,0.00715003,0.00701785
1972-08-01,Shops_excess,-0.0072,0.00848417,0.01939779,0.01231492,0.01484429
1972-08-01,Telcm_excess,0.0486,0.00464292,0.0006813,0.00669058,0.00303123
1972-08-01,Utils_excess,0.0568,0.00516458,8.536e-05,0.00659742,0.00132119
1972-09-01,Durbl_excess,-0.0123,0.00839833,0.01863976,0.01148874,0.00980029
1972-09-01,Enrgy_excess,-0.0058,0.00693458,0.01086071,0.00555324,0.0063125
1972-09-01,HiTec_excess,-0.0149,0.01124917,0.00438251,0.00831328,0.00537297
1972-09-01,Hlth_excess,-0.0078,0.01189708,0.01504926,0.01189724,0.01708099
1972-09-01,Manuf_excess,-0.0156,0.00718958,0.01016318,0.00628429,0.0096495
1972-09-01,NoDur_excess,-0.0296,0.0075125,0.01132178,0.00813533,0.00971728
1972-09-01,Other_excess,-0.0206,0.00713167,0.01018218,0.00659436,0.00621354
1972-09-01,Shops_excess,-0.0084,0.00847333,0.01769991,0.01037234,0.01130381
1972-09-01,Telcm_excess,0.0397,0.00481458,0.0008777,0.00343934,-0.00019202
1972-09-01,Utils_excess,-0.0014,0.00533167,0.00028847,0.00275855,-0.00335473
1972-10-01,Durbl_excess,-0.0284,0.00838625,0.0093857,0.00421022,0.00162066
1972-10-01,Enrgy_excess,0.027,0.00709625,0.00465687,0.00229197,-0.0074044
1972-10-01,HiTec_excess,-0.0374,0.01115,0.0,0.00619073,-0.00212283
1972-10-01,Hlth_excess,0.0111,0.01204292,0.00712297,0.01203979,0.00499983
1972-10-01,Manuf_excess,0.0074,0.00721875,0.00290063,0.00369249,0.00121843
1972-10-01,NoDur_excess,-0.0041,0.00751458,0.00323405,0.00559229,-0.00075324
1972-10-01,Other_excess,0.0073,0.00710958,0.00195963,0.00372916,-0.00325961
1972-10-01,Shops_excess,0.0049,0.00847708,0.00906105,0.00747327,0.00363647
1972-10-01,Telcm_excess,0.019,0.00500125,0.0,0.0,-0.00140681
1972-10-01,Utils_excess,0.0637,0.00531875,0.0,0.0,-0.00793081
1972-11-01,Durbl_excess,0.0757,0.00822375,0.00543101,0.00790624,0.00658053
1972-11-01,Enrgy_excess,0.0583,0.00719875,0.00249736,0.00631684,0.00301291
1972-11-01,HiTec_excess,0.0216,0.01104417,0.0,0.00706144,-0.00201394
1972-11-01,Hlth_excess,-0.0093,0.0121525,0.00698733,0.01215057,0.00865322
1972-11-01,Manuf_excess,0.0383,0.00732,0.00080991,0.00450627,0.00160482
1972-11-01,NoDur_excess,0.0651,0.00754042,0.00286609,0.00657614,0.00308915
1972-11-01,Other_excess,0.0477,0.00721125,0.00114691,0.00482543,-0.00109842
1972-11-01,Shops_excess,0.0564,0.00854917,0.00750767,0.0090226,0.00833621
1972-11-01,Telcm_excess,0.0669,0.00504792,0.0,0.00501722,0.0045806
1972-11-01,Utils_excess,0.0603,0.00557583,0.0,0.00502784,0.00358941
1972-12-01,Durbl_excess,0.0127,0.00827,0.0039658,0.00786389,0.00609685
1972-12-01,Enrgy_excess,0.0068,0.00735917,0.00017456,0.00499687,0.00399143
1972-12-01,HiTec_excess,0.0161,0.01075542,0.00035369,0.00708709,0.00077295
1972-12-01,Hlth_excess,0.0337,0.01181625,0.0090854,0.01181337,0.00605828
1972-12-01,Manuf_excess,0.0055,0.00711958,0.00015386,0.00443063,0.00141944
1972-12-01,NoDur_excess,0.0016,0.00756375,0.00577391,0.00707006,0.00446992
1972-12-01,Other_excess,-0.011,0.00711,0.00299601,0.00549585,-0.00118688
1972-12-01,Shops_excess,0.0136,0.00859792,0.00877042,0.00915006,0.00859501
1972-12-01,Telcm_excess,0.0108,0.00516125,0.0010301,0.00561446,0.00166067
1972-12-01,Utils_excess,-0.0191,0.00561917,0.0,0.00365661,0.0021524
1973-01-01,Durbl_excess,-0.0714,0.00803708,0.00312529,0.0,-0.00683364
1973-01-01,Enrgy_excess,0.0459,0.00720458,0.0,0.0,-0.00867514
1973-01-01,HiTec_excess,0.0152,0.01070167,0.0,0.00364563,-0.00667734
1973-01-01,Hlth_excess,-0.0163,0.01204458,0.00648559,0.0120389,0.00198107
1973-01-01,Manuf_excess,-0.0414,0.0070375,0.0,0.00111241,-0.0045102
1973-01-01,NoDur_excess,-0.052,0.0075175,0.00341057,0.00381175,-0.00095574
1973-01-01,Other_excess,-0.0789,0.006915,0.00063975,0.00121271,-0.00797431
1973-01-01,Shops_excess,-0.0453,0.00860708,0.00685541,0.00508094,0.00092288
1973-01-01,Telcm_excess,-0.0256,0.00517625,0.0,0.0,-0.00449562
1973-01-01,Utils_excess,-0.0471,0.0054625,0.0,0.0,-0.00387353
1973-02-01,Durbl_excess,-0.0627,0.00776125,0.00794741,0.0,-0.00531765
1973-02-01,Enrgy_excess,-0.0779,0.00752708,0.0068813,0.0,-0.00232116
1973-02-01,HiTec_excess,-0.0341,0.01086792,0.0,0.00272867,-0.00401341
1973-02-01,Hlth_excess,-0.0112,0.01219667,0.0,0.01218955,0.00219808
1973-02-01,Manuf_excess,-0.0268,0.00684417,0.0,0.00020683,-0.00185
1973-02-01,NoDur_excess,-0.0478,0.0072175,0.0,0.00217918,-0.00351966
1973-02-01,Other_excess,-0.0647,0.00654792,0.0,0.0,-0.01580861
1973-02-01,Shops_excess,-0.0686,0.00839083,0.00184945,0.00371108,-0.00053083
1973-02-01,Telcm_excess,-0.0505,0.00503458,0.0,0.0,-0.00309877
1973-02-01,Utils_excess,-0.0239,0.00523458,0.0,0.0,-0.01026228
1973-03-01,Durbl_excess,-0.0328,0.00755542,0.00292957,0.0,0.00157229
1973-03-01,Enrgy_excess,0.0259,0.00719458,0.00259015,0.00162315,0.00291343
1973-03-01,HiTec_excess,-0.0166,0.01071,0.0,0.00321724,0.00106713
1973-03-01,Hlth_excess,0.0032,0.01206958,0.0,0.0120636,0.00943768
1973-03-01,Manuf_excess,-0.0066,0.00677917,0.0,0.00056543,-1.297e-05
1973-03-01,NoDur_excess,-0.0146,0.00695,0.0,0.00284002,0.00119618
1973-03-01,Other_excess,-0.0072,0.00629333,0.0,0.0,-0.01088413
1973-03-01,Shops_excess,-0.061,0.00811708,0.0,0.00465061,0.00460352
1973-03-01,Telcm_excess,0.0007,0.00484667,0.0,0.0,0.0020976
1973-03-01,Utils_excess,-0.0261,0.00511958,0.0,0.0,-0.00315459
1973-04-01,Durbl_excess,-0.0571,0.00760917,0.0,0.0,-0.00065459
1973-04-01,Enrgy_excess,-0.015,0.00733292,0.0,0.00154801,0.00623992
1973-04-01,HiTec_excess,-0.0718,0.01068042,0.0,0.00218474,-7.565e-05
1973-04-01,Hlth_excess,-0.0601,0.01209708,0.0,0.01208983,0.00644494
1973-04-01,Manuf_excess,-0.0492,0.0068275,0.0,0.0,-0.00391892
1973-04-01,NoDur_excess,-0.0677,0.00696958,0.0,0.00181799,0.00013329
1973-04-01,Other_excess,-0.0827,0.00633125,0.0,0.0,-0.01071434
1973-04-01,Shops_excess,-0.0904,0.00789083,0.0,0.00292812,0.00032458
1973-04-01,Telcm_excess,0.0036,0.00487542,0.0,0.0,-6.18e-05
1973-04-01,Utils_excess,-0.0112,0.00501208,0.0,0.0,-0.00521447
1973-05-01,Durbl_excess,-0.0474,0.00746,0.0,0.0,-0.00585321
1973-05-01,Enrgy_excess,-0.0407,0.00749292,0.0,0.00153935,0.00314767
1973-05-01,HiTec_excess,-0.0312,0.01040333,0.0,0.00204214,-0.0046331
1973-05-01,Hlth_excess,0.0055,0.01207583,0.0,0.01206846,0.00668999
1973-05-01,Manuf_excess,-0.0166,0.00674083,0.0,0.0,-0.00718403
1973-05-01,NoDur_excess,-0.0264,0.00669958,0.0,0.0015507,-0.00332313
1973-05-01,Other_excess,-0.055,0.00612708,0.0,0.0,-0.01891358
1973-05-01,Shops_excess,-0.0274,0.00755458,0.0,0.00198623,-0.00308518
1973-05-01,Telcm_excess,-0.0135,0.00494042,0.0,0.0,0.00121961
1973-05-01,Utils_excess,-0.0016,0.00509542,0.0,0.0,-0.00542321
1973-06-01,Durbl_excess,-0.0305,0.00727167,0.0,0.0,-0.01433057
1973-06-01,Enrgy_excess,0.0108,0.00725417,0.0,0.0,-0.00694846
1973-06-01,HiTec_excess,-0.0057,0.01023292,0.0,0.0,-0.00780265
1973-06-01,Hlth_excess,-0.005,0.01210792,0.0,0.01209982,0.00252307
1973-06-01,Manuf_excess,-0.0086,0.00666958,0.0,0.0,-0.00718012
1973-06-01,NoDur_excess,-0.0395,0.00658708,0.0,0.0,-0.0056481
1973-06-01,Other_excess,-0.0074,0.00584542,0.0,0.0,-0.02362393
1973-06-01,Shops_excess,-0.0627,0.00738417,0.0,0.0,-0.00684933
1973-06-01,Telcm_excess,-0.0083,0.00487583,0.0,0.0,-0.00497643
1973-06-01,Utils_excess,-0.0301,0.00510167,0.0,0.0,-0.00710585
1973-07-01,Durbl_excess,0.0662,0.00729083,0.0,0.0,-0.01381621
1973-07-01,Enrgy_excess,-0.0034,0.00730958,0.0,0.0,-0.00410047
1973-07-01,HiTec_excess,0.0431,0.0103,0.0,0.00022796,-0.00366616
1973-07-01,Hlth_excess,0.0623,0.0122325,0.0,0.01222341,0.00494811
1973-07-01,Manuf_excess,0.0601,0.00673792,0.0,0.0,-0.00741162
1973-07-01,NoDur_excess,0.0679,0.006465,0.0,0.0,-0.00700324
1973-07-01,Other_excess,0.0889,0.0059075,0.0,0.0,-0.0194284
1973-07-01,Shops_excess,0.105,0.00722167,0.0,0.0,-0.00920395
1973-07-01,Telcm_excess,-0.0096,0.0048275,0.0,0.0,-0.00064827
1973-07-01,Utils_excess,-0.0304,0.00510125,0.0,0.0,-0.01033627
1973-08-01,Durbl_excess,-0.0464,0.00754292,0.0,0.0,-0.01221521
1973-08-01,Enrgy_excess,-0.0452,0.00713792,0.0,0.0,-0.00812136
1973-08-01,HiTec_excess,-0.044,0.01038958,0.0,0.0,-0.00404289
1973-08-01,Hlth_excess,-0.076,0.01234583,0.0,0.0123366,0.00742603
1973-08-01,Manuf_excess,-0.0216,0.00688625,0.0,0.0,-0.0025121
1973-08-01,NoDur_excess,-0.0401,0.00664083,0.0,0.0,-0.0021238
1973-08-01,Other_excess,-0.03,0.00622458,0.0,0.0,-0.01237254
1973-08-01,Shops_excess,-0.0485,0.00758333,0.0,0.0,-0.00365476
1973-08-01,Telcm_excess,-0.0459,0.00475458,0.0,0.0,-0.00356685
1973-08-01,Utils_excess,-0.028,0.00483875,0.0,0.0,-0.00883198
1973-09-01,Durbl_excess,0.0714,0.00762583,0.0,0.0,-0.00727572
1973-09-01,Enrgy_excess,0.0853,0.007225,0.0,0.0,-0.00645869
1973-09-01,HiTec_excess,-0.0351,0.0103975,0.0,0.0,-0.00662406
1973-09-01,Hlth_excess,0.001,0.01203458,0.0,0.01202001,0.00253071
1973-09-01,Manuf_excess,0.0388,0.00700708,0.0,0.0,-0.00567619
1973-09-01,NoDur_excess,0.0522,0.0066275,0.0,0.0,-0.0053715
1973-09-01,Other_excess,0.0656,0.00639042,0.0,0.0,-0.01490873
1973-09-01,Shops_excess,0.0649,0.00748708,0.0,0.0,-0.00465104
1973-09-01,Telcm_excess,0.0696,0.00460542,0.0,0.0,-0.00188364
1973-09-01,Utils_excess,0.0723,0.00474417,0.0,0.0,-0.00959865
1973-10-01,Durbl_excess,-0.05,0.00796458,0.0,0.0,0.00261781
1973-10-01,Enrgy_excess,0.0452,0.00766708,0.0,0.00163102,-0.00223457
1973-10-01,HiTec_excess,0.0325,0.0101175,0.0,0.00257288,-0.00389191
1973-10-01,Hlth_excess,0.0118,0.0120275,0.00017304,0.01201797,0.00463086
1973-10-01,Manuf_excess,-0.002,0.00712708,0.0,0.00037753,0.00072986
1973-10-01,NoDur_excess,-0.029,0.00684125,0.00174616,0.00395144,0.00051454
1973-10-01,Other_excess,-0.0166,0.00671208,0.0,0.00156364,0.00309225
1973-10-01,Shops_excess,-0.043,0.00776,0.0,0.00422182,0.00598371
1973-10-01,Telcm_excess,-0.0621,0.00482792,0.00140109,0.00438313,0.00352388
1973-10-01,Utils_excess,-0.0406,0.00498375,0.0,0.00165413,0.00213672
1973-11-01,Durbl_excess,-0.1687,0.00744083,0.0,0.0,-0.00505359
1973-11-01,Enrgy_excess,-0.0678,0.00762583,0.0,0.00620393,0.00112548
1973-11-01,HiTec_excess,-0.1201,0.00995625,0.0,0.00216197,-0.00946518
1973-11-01,Hlth_excess,-0.0832,0.01197167,0.0,0.01196437,0.00319308
1973-11-01,Manuf_excess,-0.1483,0.00687375,0.0,0.00119777,-0.00493189
1973-11-01,NoDur_excess,-0.1488,0.00669708,0.0,0.00302659,-0.00188693
1973-11-01,Other_excess,-0.1406,0.00649417,0.0,0.00083813,-0.00548432
1973-11-01,Shops_excess,-0.1946,0.00755,0.0,0.00381233,-0.00221933
1973-11-01,Telcm_excess,-0.0489,0.00451667,0.0,0.00263059,0.00186072
1973-11-01,Utils_excess,-0.122,0.00463375,0.0,0.00378314,-0.0011365
1973-12-01,Durbl_excess,-0.044,0.00672083,0.0,0.0,-0.0149165
1973-12-01,Enrgy_excess,0.0799,0.00726333,0.0,0.0,-0.00930361
1973-12-01,HiTec_excess,-0.0496,0.00924792,0.0,0.0,-0.00945449
1973-12-01,Hlth_excess,-0.0512,0.01129375,0.0,0.011283,0.00084904
1973-12-01,Manuf_excess,0.0065,0.006085,0.0,0.0,-0.00868987
1973-12-01,NoDur_excess,-0.0221,0.00606625,0.0,0.0,-0.00723196
1973-12-01,Other_excess,0.0181,0.00579583,0.0,0.0,-0.00960115
1973-12-01,Shops_excess,-0.0085,0.00660333,0.0,0.0,-0.01347097
1973-12-01,Telcm_excess,0.0353,0.00422167,0.0,0.0,-0.00796322
1973-12-01,Utils_excess,0.0279,0.00400375,0.0,0.0,-0.01041666
1974-01-01,Durbl_excess,0.0547,0.00659333,0.0,0.0,-0.01149483
1974-01-01,Enrgy_excess,-0.0809,0.00758333,0.00318282,0.00839833,0.00403423
1974-01-01,HiTec_excess,0.0062,0.00901792,0.0,0.00158002,-0.00082628
1974-01-01,Hlth_excess,-0.0319,0.01114208,0.0,0.01113321,0.0058475
1974-01-01,Manuf_excess,-0.0022,0.00609167,0.0,0.00146718,0.00108908
1974-01-01,NoDur_excess,0.0173,0.00600542,0.0,0.00133029,-0.00137167
1974-01-01,Other_excess,0.0055,0.00597292,0.0,0.00221413,0.00571483
1974-01-01,Shops_excess,0.0606,0.00652167,0.0,0.0,-0.00714206
1974-01-01,Telcm_excess,0.0146,0.00435208,0.0,0.0,0.00178441
1974-01-01,Utils_excess,0.0392,0.00409667,0.0,0.00146632,-0.00357052
1974-02-01,Durbl_excess,-0.0165,0.00660583,0.0,0.0,-0.00424723
1974-02-01,Enrgy_excess,-0.0213,0.00689083,4.747e-05,0.00472918,-0.00493258
1974-02-01,HiTec_excess,-0.0118,0.00876292,0.0,0.00174235,-0.00243883
1974-02-01,Hlth_excess,-0.018,0.01077833,0.0,0.01076699,3.288e-05
1974-02-01,Manuf_excess,-0.0055,0.00589917,0.0,0.00121226,-0.00208279
1974-02-01,NoDur_excess,-0.0043,0.00590792,0.0,0.00057312,-0.00340689
1974-02-01,Other_excess,0.0043,0.00572333,0.0,0.00153812,0.00262369
1974-02-01,Shops_excess,0.0023,0.00664042,0.0,0.00055738,-0.00423632
1974-02-01,Telcm_excess,0.0413,0.00433875,0.0,0.0,0.00069311
1974-02-01,Utils_excess,-0.0029,0.00412625,0.0,0.002002,0.00345901
1974-03-01,Durbl_excess,-0.0066,0.00646833,0.0,0.0,0.00151348
1974-03-01,Enrgy_excess,-0.038,0.0066875,0.00610555,0.00559379,0.00453807
1974-03-01,HiTec_excess,-0.0329,0.00850792,0.0,0.00238419,0.00141393
1974-03-01,Hlth_excess,0.0065,0.01071375,0.0,0.01070339,0.00427642
1974-03-01,Manuf_excess,-0.0134,0.00583875,0.0007643,0.00273728,0.0014221
1974-03-01,NoDur_excess,-0.0246,0.00590583,0.0,0.00133885,-0.00094814
1974-03-01,Other_excess,-0.0419,0.00568,0.0,0.00275111,0.00704211
1974-03-01,Shops_excess,-0.0368,0.00663458,0.0,0.00265754,0.0006263
1974-03-01,Telcm_excess,-0.0514,0.00440625,0.0,0.00299391,0.00479408
1974-03-01,Utils_excess,-0.0422,0.00405083,0.0,0.00332994,0.00406641
1974-04-01,Durbl_excess,-0.0482,0.00629792,0.0,0.0,-0.00655837
1974-04-01,Enrgy_excess,-0.0706,0.00635417,0.00081762,0.00246127,-0.0057966
1974-04-01,HiTec_excess,-0.0439,0.00800458,0.0,0.0,-0.00600082
1974-04-01,Hlth_excess,-0.0223,0.01073208,0.0,0.01072007,0.00096913
1974-04-01,Manuf_excess,-0.0279,0.00558375,0.0,0.00100642,-0.00103952
1974-04-01,NoDur_excess,-0.0442,0.00574958,0.0,0.0,-0.00510591
1974-04-01,Other_excess,-0.0708,0.00543375,0.0,0.0,-0.00456227
1974-04-01,Shops_excess,-0.0271,0.00646917,0.0,0.0,-0.00712377
1974-04-01,Telcm_excess,-0.0607,0.00412375,0.0,0.0,-0.00129511
1974-04-01,Utils_excess,-0.1298,0.003755,0.0,0.0,-0.00269625
1974-05-01,Durbl_excess,-0.0031,0.00593042,0.0,0.0,-0.00525859
1974-05-01,Enrgy_excess,-0.0829,0.0058075,0.0,0.00252055,-0.00031644
1974-05-01,HiTec_excess,-0.0497,0.00744708,0.0,0.00069056,0.00040497
1974-05-01,Hlth_excess,-0.0087,0.01059292,0.0,0.01058431,0.00339204
1974-05-01,Manuf_excess,-0.0329,0.00523292,0.0,0.00281379,0.00448734
1974-05-01,NoDur_excess,-0.0366,0.00552833,0.0,0.00039991,-0.00311627
1974-05-01,Other_excess,-0.0924,0.00502292,0.0,0.00100363,-0.00362929
1974-05-01,Shops_excess,0.0044,0.00629625,0.0,0.00091946,-0.00229914
1974-05-01,Telcm_excess,-0.023,0.00379292,0.0,0.0,-0.00426372
1974-05-01,Utils_excess,-0.0568,0.00316583,0.0,0.0,0.00087664
1974-06-01,Durbl_excess,-0.0324,0.00573333,0.0,0.00023174,-0.00202808
1974-06-01,Enrgy_excess,-0.0091,0.00533958,0.0,0.0014678,-0.00050955
1974-06-01,HiTec_excess,-0.0353,0.00725958,0.0,0.0,-0.00554931
1974-06-01,Hlth_excess,-0.0222,0.01049167,0.0,0.01048065,0.0029055
1974-06-01,Manuf_excess,-0.0102,0.00491083,0.0,0.00135312,-0.00153731
1974-06-01,NoDur_excess,-0.0117,0.00527833,0.0,0.0,-0.00474635
1974-06-01,Other_excess,-0.0616,0.00445667,0.0,0.0,-0.00856595
1974-06-01,Shops_excess,-0.0333,0.00619792,0.0,0.00202952,-0.00142566
1974-06-01,Telcm_excess,-0.0033,0.00364792,0.0,0.0,0.00220521
1974-06-01,Utils_excess,-0.0682,0.00282125,0.0,0.0,-0.00290725
1974-07-01,Durbl_excess,-0.1261,0.00555125,0.0001239,0.00586331,-0.00143562
1974-07-01,Enrgy_excess,-0.0122,0.00554875,0.0,0.00549775,0.00572215
1974-07-01,HiTec_excess,-0.0893,0.00670958,0.0,0.0,-0.00788354
1974-07-01,Hlth_excess,-0.1484,0.01050375,0.0,0.01049732,0.00627768
1974-07-01,Manuf_excess,-0.0787,0.00472042,0.0,0.00310064,-0.00150902
1974-07-01,NoDur_excess,-0.1086,0.00520792,0.0,0.00185159,-0.00228404
1974-07-01,Other_excess,-0.0733,0.00414,0.0,0.0,-0.00847219
1974-07-01,Shops_excess,-0.1353,0.0059575,0.0,0.0033185,0.00167908
1974-07-01,Telcm_excess,-0.0833,0.00361375,0.0,0.00316333,0.00439243
1974-07-01,Utils_excess,0.0004,0.00248583,0.0,0.0,-0.00734068
1974-08-01,Durbl_excess,-0.0731,0.00461792,0.0,0.0,-0.00891307
1974-08-01,Enrgy_excess,-0.0925,0.00532583,0.00409154,0.0050297,0.00772693
1974-08-01,HiTec_excess,-0.0553,0.00636042,0.0,0.0,-0.00910414
1974-08-01,Hlth_excess,-0.0866,0.009545,0.0,0.00953022,-0.00341967
1974-08-01,Manuf_excess,-0.1076,0.0041775,0.0,0.00049596,-0.00421046
1974-08-01,NoDur_excess,-0.108,0.00449125,0.0,0.0,-0.00873225
1974-08-01,Other_excess,-0.1124,0.0035525,0.0,0.0,-0.01547007
1974-08-01,Shops_excess,-0.1368,0.00522,0.0,0.0,-0.00866824
1974-08-01,Telcm_excess,-0.0063,0.00308708,0.0,0.0,-0.00361335
1974-08-01,Utils_excess,-0.0929,0.00226375,0.0,0.0,-0.00653233
1974-09-01,Durbl_excess,-0.1379,0.00445583,0.0,0.0,-0.02451416
1974-09-01,Enrgy_excess,-0.0878,0.00491917,0.0,0.0,-0.0126387
1974-09-01,HiTec_excess,-0.1764,0.00632708,0.0,0.0,-0.01840333
1974-09-01,Hlth_excess,-0.1637,0.00929375,0.0,0.00926602,-0.0112427
1974-09-01,Manuf_excess,-0.1368,0.00388917,0.0,0.0,-0.01356601
1974-09-01,NoDur_excess,-0.1287,0.00415625,0.0,0.0,-0.01570878
1974-09-01,Other_excess,-0.1044,0.00318083,0.0,0.0,-0.0294789
1974-09-01,Shops_excess,-0.1308,0.00466167,0.0,0.0,-0.01755646
1974-09-01,Telcm_excess,-0.0462,0.00312208,0.0,0.0,-0.00793196
1974-09-01,Utils_excess,-0.0213,0.00195083,0.0,0.0,-0.02213737
1974-10-01,Durbl_excess,0.0399,0.00328208,0.0,0.0,-0.0262191
1974-10-01,Enrgy_excess,0.2027,0.00414,0.0,0.0,-0.00387425
1974-10-01,HiTec_excess,0.142,0.00532792,0.0,0.0,-0.0191585
1974-10-01,Hlth_excess,0.2908,0.00849833,0.0,0.00845623,-0.01206636
1974-10-01,Manuf_excess,0.1555,0.00304792,0.0,0.0,-0.015945
1974-10-01,NoDur_excess,0.1519,0.00346208,0.0,0.0,-0.01513255
1974-10-01,Other_excess,0.1967,0.00257042,0.0,0.0,-0.03121111
1974-10-01,Shops_excess,0.0949,0.00391875,0.0,0.0,-0.01572443
1974-10-01,Telcm_excess,0.1034,0.00282917,0.0,0.0,-0.00337234
1974-10-01,Utils_excess,0.1251,0.00178208,0.0,0.0,-0.01308788
1974-11-01,Durbl_excess,-0.0533,0.00348292,0.0,0.0,-0.01137888
1974-11-01,Enrgy_excess,-0.0483,0.00507042,0.01304611,0.01161337,0.01300569
1974-11-01,HiTec_excess,-0.0548,0.00600458,0.0,0.0,-0.00764688
1974-11-01,Hlth_excess,-0.0177,0.00978083,0.01862834,0.00977842,0.01073424
1974-11-01,Manuf_excess,-0.0644,0.003745,0.0043104,0.0028092,-0.00079718
1974-11-01,NoDur_excess,-0.044,0.00419042,0.00347065,0.00323223,-0.00386303
1974-11-01,Other_excess,-0.0335,0.00336833,0.00410129,0.00616686,0.00336692
1974-11-01,Shops_excess,-0.0629,0.0044225,0.0,0.0,-0.00765512
1974-11-01,Telcm_excess,-0.0361,0.00329833,0.00837732,0.01267182,0.00163343
1974-11-01,Utils_excess,-0.0069,0.002465,0.0085532,0.01296539,0.00263495
1974-12-01,Durbl_excess,-0.0479,0.00307708,0.0,0.0,-0.02410805
1974-12-01,Enrgy_excess,0.0014,0.00453458,0.01098015,0.00954669,0.00541569
1974-12-01,HiTec_excess,-0.0594,0.00522833,0.00951215,0.0,-0.01577108
1974-12-01,Hlth_excess,-0.0402,0.00918417,0.03530345,0.009183,0.00342669
1974-12-01,Manuf_excess,-0.0514,0.00290667,0.00579202,0.0,-0.00936634
1974-12-01,NoDur_excess,-0.0121,0.00375583,0.02581669,0.00211239,-0.00932477
1974-12-01,Other_excess,-0.0501,0.00276542,0.02259413,0.00365016,-0.00853789
1974-12-01,Shops_excess,-0.0406,0.0038125,0.01685442,0.0,-0.01363597
1974-12-01,Telcm_excess,0.0087,0.0030075,0.02421199,0.01557075,0.00040211
1974-12-01,Utils_excess,-0.0153,0.00220208,0.02685391,0.01382942,0.00069895
1975-01-01,Durbl_excess,0.2094,0.00257833,0.0,0.0,-0.01353971
1975-01-01,Enrgy_excess,0.0618,0.00427375,0.01288858,0.00857056,0.00139414
1975-01-01,HiTec_excess,0.1471,0.00485583,0.00412645,0.0,-0.03395707
1975-01-01,Hlth_excess,-0.0133,0.00876375,0.03031088,0.00903224,-0.00108668
1975-01-01,Manuf_excess,0.1393,0.00242292,0.00220155,0.0,-0.01202011
1975-01-01,NoDur_excess,0.1815,0.0035275,0.02426626,0.00136567,-0.00753561
1975-01-01,Other_excess,0.1735,0.00216958,0.01714685,0.0,-0.01120294
1975-01-01,Shops_excess,0.2539,0.00355208,0.01322704,0.0,-0.01557568
1975-01-01,Telcm_excess,0.1051,0.00298125,0.0244737,0.00713401,0.00070079
1975-01-01,Utils_excess,0.1825,0.00199417,0.02463241,0.00520824,-0.00108545
1975-02-01,Durbl_excess,0.0456,0.00343167,0.02625992,0.00474582,0.00956624
1975-02-01,Enrgy_excess,0.0184,0.0045175,0.02349032,0.00914955,0.01307688
1975-02-01,HiTec_excess,0.1274,0.00532667,0.02266473,0.00420272,0.01446037
1975-02-01,Hlth_excess,0.1564,0.00883167,0.03190459,0.01091977,0.01376069
1975-02-01,Manuf_excess,0.0759,0.00301125,0.02401079,0.00706869,0.00884596
1975-02-01,NoDur_excess,0.0361,0.00427542,0.04782921,0.00743115,0.00919841
1975-02-01,Other_excess,0.0244,0.00285875,0.03986831,0.01212334,0.00945402
1975-02-01,Shops_excess,0.0474,0.00454083,0.04954741,0.01200885,0.00822589
1975-02-01,Telcm_excess,0.0472,0.00338917,0.035096,0.01054774,0.00981581
1975-02-01,Utils_excess,0.0045,0.00269708,0.04227183,0.01260705,0.0111957
1975-03-01,Durbl_excess,0.0621,0.00366958,0.03633437,0.00931179,0.00612902
1975-03-01,Enrgy_excess,-0.0273,0.00449667,0.02678678,0.01121745,0.01310369
1975-03-01,HiTec_excess,0.0058,0.00567708,0.03617672,0.00666267,0.01976112
1975-03-01,Hlth_excess,0.0088,0.00936792,0.04902327,0.01726528,0.0203468
1975-03-01,Manuf_excess,0.0464,0.00315708,0.03416849,0.01013981,0.00848362
1975-03-01,NoDur_excess,0.0675,0.00436542,0.04905285,0.00778761,0.0081911
1975-03-01,Other_excess,0.0373,0.00280667,0.04084674,0.01120092,0.00747871
1975-03-01,Shops_excess,0.1035,0.00468792,0.05372816,0.01416776,0.00548418
1975-03-01,Telcm_excess,-0.0129,0.00342333,0.03687571,0.01255612,0.01257287
1975-03-01,Utils_excess,-0.0174,0.00256792,0.03819821,0.01192857,0.01216277
1975-04-01,Durbl_excess,0.0364,0.00393042,0.0358554,0.00850186,0.00939354
1975-04-01,Enrgy_excess,0.0681,0.00439708,0.02173893,0.0062706,0.00101626
1975-04-01,HiTec_excess,0.0513,0.00575083,0.01714491,0.00562436,0.01102811
1975-04-01,Hlth_excess,0.0021,0.00915417,0.0353602,0.01507611,0.0232744
1975-04-01,Manuf_excess,0.0912,0.00333958,0.02951519,0.00919753,0.01182459
1975-04-01,NoDur_excess,0.0258,0.00468625,0.03520962,0.00757442,0.01157178
1975-04-01,Other_excess,0.0282,0.00292708,0.0266859,0.00789641,0.0042973
1975-04-01,Shops_excess,0.0215,0.00518167,0.04169572,0.01336599,0.0121797
1975-04-01,Telcm_excess,-0.014,0.00338167,0.02078633,0.00738373,0.00115393
1975-04-01,Utils_excess,-0.0207,0.00253042,0.02129155,0.0076153,0.00735216
1975-05-01,Durbl_excess,0.0216,0.00385,0.03014856,0.00790357,0.00899339
1975-05-01,Enrgy_excess,0.1163,0.00466167,0.02412508,0.00725223,0.0081525
1975-05-01,HiTec_excess,0.0548,0.005745,0.0065609,0.00591906,0.02546284
1975-05-01,Hlth_excess,0.0609,0.00916667,0.02386653,0.0136957,0.02084541
1975-05-01,Manuf_excess,0.0236,0.00354292,0.02789225,0.01055781,0.01536044
1975-05-01,NoDur_excess,0.0478,0.00462792,0.0205593,0.00705178,0.00949133
1975-05-01,Other_excess,0.0528,0.00290625,0.01469075,0.00714144,0.00849206
1975-05-01,Shops_excess,0.0357,0.00519917,0.02557247,0.0118665,0.01166761
1975-05-01,Telcm_excess,0.0311,0.00324542,0.00836432,0.00529268,0.00363211
1975-05-01,Utils_excess,0.081,0.00234167,0.00754147,0.00481745,0.00560601
1975-06-01,Durbl_excess,0.0983,0.0039925,0.03570258,0.01313296,0.01480251
1975-06-01,Enrgy_excess,0.0609,0.00517708,0.03253531,0.01517184,0.02489828
1975-06-01,HiTec_excess,0.019,0.00597625,0.02031375,0.00752945,0.03019689
1975-06-01,Hlth_excess,0.0055,0.00929417,0.03291674,0.01631465,0.02123201
1975-06-01,Manuf_excess,0.0313,0.00352167,0.03335505,0.01294957,0.01534545
1975-06-01,NoDur_excess,0.0487,0.004845,0.03264196,0.0089054,0.01818679
1975-06-01,Other_excess,0.0554,0.00306375,0.0264444,0.01175674,0.01616571
1975-06-01,Shops_excess,0.0704,0.00522792,0.03834229,0.01657679,0.0188216
1975-06-01,Telcm_excess,0.0364,0.00332708,0.01562602,0.0103312,0.0134709
1975-06-01,Utils_excess,0.1033,0.00269125,0.01843619,0.01045865,0.01624757
1975-07-01,Durbl_excess,-0.025,0.00398583,0.03817075,0.0135655,0.01601129
1975-07-01,Enrgy_excess,-0.0473,0.00496833,0.02964931,0.01434209,0.02278061
1975-07-01,HiTec_excess,-0.099,0.00594625,0.02583127,0.00732488,0.01734807
1975-07-01,Hlth_excess,-0.1251,0.00931417,0.03148497,0.0150595,0.01717745
1975-07-01,Manuf_excess,-0.0639,0.00325667,0.03358821,0.01209137,0.01337905
1975-07-01,NoDur_excess,-0.0586,0.00494792,0.03856166,0.00893854,0.01865059
1975-07-01,Other_excess,-0.0661,0.0032,0.03255075,0.01212303,0.01624969
1975-07-01,Shops_excess,-0.0795,0.00534083,0.04678325,0.01720159,0.01837288
1975-07-01,Telcm_excess,-0.0469,0.00345417,0.02039073,0.01042967,0.0134928
1975-07-01,Utils_excess,-0.0528,0.00305625,0.02652722,0.01162461,0.01762991
1975-08-01,Durbl_excess,-0.0396,0.00306917,0.0246284,0.0047943,0.00270429
1975-08-01,Enrgy_excess,-0.0136,0.00466042,0.02130647,0.00737481,0.00944213
1975-08-01,HiTec_excess,-0.0344,0.00564792,0.01045783,0.00360059,-0.01307568
1975-08-01,Hlth_excess,-0.038,0.00879167,0.0166846,0.00767445,0.00393948
1975-08-01,Manuf_excess,-0.0126,0.00304333,0.02025182,0.00565791,0.00403403
1975-08-01,NoDur_excess,-0.0361,0.00462208,0.02476012,0.00573905,0.00324953
1975-08-01,Other_excess,-0.0562,0.00298792,0.01906059,0.00417306,0.00029386
1975-08-01,Shops_excess,-0.0081,0.00492917,0.02797136,0.0083884,0.00286283
1975-08-01,Telcm_excess,-0.0402,0.00315417,0.01306579,0.00455507,0.00468407
1975-08-01,Utils_excess,-0.0171,0.00268708,0.01873838,0.00586751,0.00627489
1975-09-01,Durbl_excess,-0.0298,0.00309042,0.01692071,0.00656961,0.01157731
1975-09-01,Enrgy_excess,-0.017,0.00465542,0.01855855,0.00925453,0.02003291
1975-09-01,HiTec_excess,-0.0138,0.00547542,0.00370775,0.00457904,0.01840552
1975-09-01,Hlth_excess,-0.0705,0.00863333,0.01128195,0.00911303,0.01632283
1975-09-01,Manuf_excess,-0.0635,0.00287042,0.01541505,0.00692681,0.01265663
1975-09-01,NoDur_excess,-0.0297,0.00450625,0.01704865,0.00624689,0.00859517
1975-09-01,Other_excess,-0.0685,0.00273625,0.01120159,0.00542543,0.00501071
1975-09-01,Shops_excess,-0.0407,0.00483417,0.0202357,0.00969589,0.01179056
1975-09-01,Telcm_excess,-0.018,0.003095,0.00785339,0.00526742,0.00758373
1975-09-01,Utils_excess,-0.0151,0.00262042,0.01459049,0.00787254,0.00983377
1975-10-01,Durbl_excess,0.0835,0.00258917,0.0164151,0.00421295,0.00192308
1975-10-01,Enrgy_excess,-0.019,0.00460708,0.02009387,0.00798276,0.02025954
1975-10-01,HiTec_excess,0.0784,0.00560042,0.00165571,0.00369631,0.01618247
1975-10-01,Hlth_excess,0.1011,0.00847875,0.0081586,0.00658568,0.00474264
1975-10-01,Manuf_excess,0.0515,0.00264417,0.01250617,0.00468384,0.00469378
1975-10-01,NoDur_excess,0.1002,0.00445583,0.01436878,0.00542724,0.00558041
1975-10-01,Other_excess,0.0335,0.00257042,0.0070466,0.00258341,-0.00082683
1975-10-01,Shops_excess,0.0936,0.00452875,0.01629493,0.00756752,0.00536509
1975-10-01,Telcm_excess,0.0626,0.00298125,0.00627363,0.00396282,0.00288425
1975-10-01,Utils_excess,0.0599,0.00267583,0.01392275,0.0067092,0.00706966
1975-11-01,Durbl_excess,0.0286,0.00315042,0.0248744,0.01086614,0.01540964
1975-11-01,Enrgy_excess,-0.0205,0.00457625,0.01617098,0.01138418,0.01273728
1975-11-01,HiTec_excess,0.0465,0.00615125,0.01319969,0.00641179,0.01703146
1975-11-01,Hlth_excess,0.0472,0.00887333,0.01578413,0.011094,0.01575318
1975-11-01,Manuf_excess,0.0256,0.00299333,0.01859737,0.00868416,0.01279895
1975-11-01,NoDur_excess,0.0368,0.00491542,0.02650512,0.00814543,0.01757214
1975-11-01,Other_excess,0.0317,0.00282708,0.01520413,0.00828373,0.01141567
1975-11-01,Shops_excess,0.0425,0.00503083,0.03106806,0.01407546,0.01915063
1975-11-01,Telcm_excess,0.0387,0.0032975,0.01346387,0.00945131,0.0107422
1975-11-01,Utils_excess,0.0275,0.00297208,0.01916203,0.01070723,0.01555828
1975-12-01,Durbl_excess,-0.0093,0.00289833,0.03102481,0.00899688,0.00671508
1975-12-01,Enrgy_excess,-0.0039,0.00413875,0.0194113,0.00710779,0.00577473
1975-12-01,HiTec_excess,-0.0174,0.00593,0.01361956,0.00574808,-0.0029698
1975-12-01,Hlth_excess,-0.0684,0.008815,0.01812816,0.01014201,0.00405992
1975-12-01,Manuf_excess,-0.0184,0.00277292,0.02155238,0.00759116,0.0089985
1975-12-01,NoDur_excess,-0.0197,0.00492958,0.02577397,0.00725377,0.01180541
1975-12-01,Other_excess,-0.0074,0.00261792,0.01533433,0.00473845,0.00451315
1975-12-01,Shops_excess,-0.0352,0.00496458,0.03122333,0.01206176,0.01033748
1975-12-01,Telcm_excess,-0.006,0.00339792,0.01236079,0.00583199,0.00756345
1975-12-01,Utils_excess,0.0087,0.00295208,0.01818136,0.0074304,0.01117363
1976-01-01,Durbl_excess,0.1517,0.00303667,0.02803589,0.01262417,0.02020231
1976-01-01,Enrgy_excess,0.0801,0.00397583,0.0172202,0.01083986,0.01067267
1976-01-01,HiTec_excess,0.1782,0.00566167,0.01577607,0.00704236,0.0197967
1976-01-01,Hlth_excess,0.0727,0.00827792,0.01583714,0.01144535,0.01382785
1976-01-01,Manuf_excess,0.1638,0.00258333,0.02031452,0.00968163,0.01743103
1976-01-01,NoDur_excess,0.1047,0.00480542,0.02640717,0.00846043,0.02007466
1976-01-01,Other_excess,0.1246,0.0026225,0.01685162,0.00935717,0.01541542
1976-01-01,Shops_excess,0.0852,0.0048575,0.03067061,0.01489031,0.02112336
1976-01-01,Telcm_excess,0.0902,0.00334417,0.01400081,0.00999971,0.01315744
1976-01-01,Utils_excess,0.0784,0.00300083,0.01980717,0.01116661,0.01608636
1976-02-01,Durbl_excess,0.0353,0.00395792,0.03757931,0.0142442,0.02240497
1976-02-01,Enrgy_excess,-0.035,0.00429625,0.01990489,0.01009327,0.01301962
1976-02-01,HiTec_excess,0.0081,0.00663042,0.02272694,0.00914408,0.03803779
1976-02-01,Hlth_excess,-0.069,0.00886083,0.01573632,0.01254459,0.02608136
1976-02-01,Manuf_excess,0.0139,0.00346542,0.02823683,0.01219208,0.02411736
1976-02-01,NoDur_excess,-0.0143,0.00531417,0.02951593,0.00904672,0.02464142
1976-02-01,Other_excess,0.0284,0.00326583,0.02153392,0.01032438,0.02119468
1976-02-01,Shops_excess,0.0434,0.00540542,0.03542381,0.01488162,0.02429728
1976-02-01,Telcm_excess,0.032,0.00365125,0.01551991,0.00853431,0.01592657
1976-02-01,Utils_excess,-0.0389,0.00335083,0.01889293,0.01001526,0.01415404
1976-03-01,Durbl_excess,0.0314,0.0038775,0.03452192,0.0137183,0.0268062
1976-03-01,Enrgy_excess,0.0682,0.00398,0.01817268,0.00900225,0.01087539
1976-03-01,HiTec_excess,0.0253,0.00641042,0.01726669,0.00836122,0.0292136
1976-03-01,Hlth_excess,0.0614,0.00823583,0.01037661,0.00980997,0.00956378
1976-03-01,Manuf_excess,0.0073,0.0033275,0.02465877,0.01106279,0.02259504
1976-03-01,NoDur_excess,0.0032,0.00521708,0.02159748,0.00825805,0.01979956
1976-03-01,Other_excess,0.016,0.00325125,0.01725751,0.00918612,0.02118589
1976-03-01,Shops_excess,0.0304,0.00547667,0.02849832,0.0141554,0.02517578
1976-03-01,Telcm_excess,0.0017,0.00378583,0.01274984,0.00864827,0.01607383
1976-03-01,Utils_excess,0.0105,0.00311583,0.01320938,0.00854058,0.01357805
1976-04-01,Durbl_excess,0.0143,0.00385875,0.0298813,0.01487933,0.02604286
1976-04-01,Enrgy_excess,0.0172,0.00379375,0.01834557,0.0106375,0.01431399
1976-04-01,HiTec_excess,-0.0383,0.00608542,0.01481381,0.00874245,0.02658094
1976-04-01,Hlth_excess,-0.0473,0.00819542,0.01022361,0.0109233,0.01755457
1976-04-01,Manuf_excess,-0.0184,0.0030425,0.0209106,0.01157035,0.02204771
1976-04-01,NoDur_excess,-0.0208,0.00516375,0.0167758,0.00842707,0.02181272
1976-04-01,Other_excess,-0.0198,0.00308625,0.01395842,0.01063697,0.02191326
1976-04-01,Shops_excess,-0.0509,0.00559167,0.02415597,0.01515468,0.02712891
1976-04-01,Telcm_excess,0.013,0.00373958,0.00955761,0.00927621,0.01599761
1976-04-01,Utils_excess,0.0021,0.00300875,0.00995166,0.00894095,0.01061697
1976-05-01,Durbl_excess,-0.035,0.00414042,0.0289479,0.01367001,0.027239
1976-05-01,Enrgy_excess,0.0516,0.0037225,0.02081491,0.00983554,0.01188222
1976-05-01,HiTec_excess,0.0012,0.00593,0.00957778,0.00773244,0.01881508
1976-05-01,Hlth_excess,-0.0319,0.00789083,0.00779861,0.00901966,0.00872442
1976-05-01,Manuf_excess,-0.0159,0.00293125,0.0184086,0.01010292,0.02049982
1976-05-01,NoDur_excess,-0.0254,0.00504917,0.01220073,0.00763204,0.01725971
1976-05-01,Other_excess,-0.0208,0.00297458,0.01000967,0.00854371,0.01803447
1976-05-01,Shops_excess,-0.0614,0.00546333,0.01663873,0.01273115,0.02221016
1976-05-01,Telcm_excess,-0.0327,0.00383833,0.00762661,0.00816821,0.01490822
1976-05-01,Utils_excess,-0.0184,0.00311625,0.00839232,0.00795662,0.00968469
1976-06-01,Durbl_excess,0.0381,0.00419083,0.01593936,0.00798877,0.01035386
1976-06-01,Enrgy_excess,0.0466,0.00421417,0.02132608,0.00739516,0.00892159
1976-06-01,HiTec_excess,0.0778,0.00616458,0.0,0.00622863,-6.908e-05
1976-06-01,Hlth_excess,0.0324,0.00781917,0.0,0.00590392,-0.00805712
1976-06-01,Manuf_excess,0.0327,0.00313208,0.00737488,0.00678507,0.01003209
1976-06-01,NoDur_excess,0.0321,0.00508833,0.0,0.00590939,0.00921526
1976-06-01,Other_excess,0.0493,0.00312292,0.0,0.00423396,0.0072518
1976-06-01,Shops_excess,0.0104,0.00540708,0.0,0.00745771,0.00649494
1976-06-01,Telcm_excess,0.0316,0.00375583,0.0,0.00439718,0.00667806
1976-06-01,Utils_excess,0.0383,0.00307958,0.0,0.00448221,0.00941903
1976-07-01,Durbl_excess,-0.0154,0.00406542,0.01397375,0.01053968,0.0240446
1976-07-01,Enrgy_excess,-0.0109,0.00430292,0.01791374,0.01026763,0.01316357
1976-07-01,HiTec_excess,-0.0267,0.0062,0.0,0.00718138,0.01645962
1976-07-01,Hlth_excess,-0.0085,0.0078125,0.0,0.00727034,0.00485138
1976-07-01,Manuf_excess,-0.0232,0.00308458,0.00725925,0.00779581,0.01629657
1976-07-01,NoDur_excess,0.0101,0.00520333,0.0,0.00681719,0.01693009
1976-07-01,Other_excess,-0.0052,0.00327208,0.0,0.00683907,0.01583758
1976-07-01,Shops_excess,-0.0271,0.00536667,0.0,0.0093195,0.01636022
1976-07-01,Telcm_excess,0.0078,0.0038425,0.0,0.00770595,0.0135934
1976-07-01,Utils_excess,0.0235,0.00314917,0.00015091,0.00714599,0.01220104
1976-08-01,Durbl_excess,-0.0188,0.00382875,0.01455956,0.00962059,0.02258818
1976-08-01,Enrgy_excess,-0.0131,0.00401542,0.01933204,0.00867052,0.01079377
1976-08-01,HiTec_excess,-0.0127,0.00587792,0.0,0.00689603,0.01590096
1976-08-01,Hlth_excess,0.0175,0.00765708,0.00064891,0.00734776,0.00583345
1976-08-01,Manuf_excess,-0.0212,0.00274458,0.00697059,0.00755079,0.01662611
1976-08-01,NoDur_excess,-0.0076,0.00517167,0.0,0.00667667,0.01444399
1976-08-01,Other_excess,-0.0158,0.00315875,0.0,0.00628865,0.01495897
1976-08-01,Shops_excess,0.0244,0.0050725,0.0,0.00851881,0.0160811
1976-08-01,Telcm_excess,0.0432,0.00377375,0.0,0.00660066,0.01065003
1976-08-01,Utils_excess,0.0255,0.00303792,0.00208518,0.0062299,0.00901308
1976-09-01,Durbl_excess,0.0405,0.00372375,0.01176814,0.00985373,0.02071922
1976-09-01,Enrgy_excess,0.0548,0.00418875,0.01856184,0.00961611,0.01131746
1976-09-01,HiTec_excess,0.0247,0.00598042,0.0,0.00695594,0.01195372
1976-09-01,Hlth_excess,0.0319,0.00786542,0.00204993,0.00808377,0.01019411
1976-09-01,Manuf_excess,0.0066,0.00278917,0.00460983,0.00736152,0.01396227
1976-09-01,NoDur_excess,0.0115,0.00520458,0.0,0.00689606,0.01534997
1976-09-01,Other_excess,0.0048,0.00324792,0.0,0.00678138,0.013145
1976-09-01,Shops_excess,0.0001,0.00529042,0.0,0.00930605,0.01565005
1976-09-01,Telcm_excess,0.0116,0.00401875,0.00056795,0.00835968,0.01578023
1976-09-01,Utils_excess,0.0364,0.003255,0.00308117,0.00769219,0.01624784
1976-10-01,Durbl_excess,-0.0157,0.00395042,0.00816824,0.00920683,0.02213933
1976-10-01,Enrgy_excess,-0.0283,0.00466667,0.02053565,0.00936351,0.01519978
1976-10-01,HiTec_excess,-0.0491,0.00637708,0.0,0.00718209,0.01611778
1976-10-01,Hlth_excess,-0.0415,0.00816,0.00143924,0.00863012,0.01034124
1976-10-01,Manuf_excess,-0.0369,0.0030775,0.00040057,0.00672567,0.01749814
1976-10-01,NoDur_excess,-0.0203,0.00539583,0.0,0.00672464,0.01587927
1976-10-01,Other_excess,-0.0084,0.00345917,0.0,0.00593164,0.01600527
1976-10-01,Shops_excess,-0.0132,0.00548208,0.0,0.00824368,0.01487382
1976-10-01,Telcm_excess,0.0088,0.00419208,0.0,0.00748298,0.01676675
1976-10-01,Utils_excess,-0.0122,0.00357542,0.0010277,0.00733348,0.01371227
1976-11-01,Durbl_excess,-0.0111,0.0039375,0.00758451,0.00800514,0.01827493
1976-11-01,Enrgy_excess,0.0043,0.00453708,0.02153655,0.00890204,0.01715955
1976-11-01,HiTec_excess,0.0122,0.0060475,0.0,0.00621321,0.00934521
1976-11-01,Hlth_excess,-0.1016,0.00797333,0.00140528,0.00775305,0.00728313
1976-11-01,Manuf_excess,-0.0077,0.00288875,0.0,0.00546417,0.01221205
1976-11-01,NoDur_excess,0.0134,0.005305,0.0,0.00633572,0.01266488
1976-11-01,Other_excess,0.0159,0.00338875,0.0,0.00490782,0.01141137
1976-11-01,Shops_excess,0.0445,0.00538208,0.0,0.00706922,0.01290443
1976-11-01,Telcm_excess,0.0275,0.0042975,0.0,0.0073021,0.01540534
1976-11-01,Utils_excess,0.0275,0.00348792,0.00219359,0.00724503,0.01672698
1976-12-01,Durbl_excess,0.0927,0.004045,0.00882119,0.01152678,0.01713486
1976-12-01,Enrgy_excess,0.0593,0.00434292,0.02112948,0.01116472,0.01727812
1976-12-01,HiTec_excess,0.0347,0.00607792,0.0,0.00759329,0.010768
1976-12-01,Hlth_excess,0.0589,0.007615,0.0,0.00904597,0.00244732
1976-12-01,Manuf_excess,0.0541,0.00289708,0.00030188,0.00768073,0.01294419
1976-12-01,NoDur_excess,0.0481,0.0053875,0.0,0.0077139,0.01503013
1976-12-01,Other_excess,0.0798,0.00345458,0.0,0.00841162,0.01426393
1976-12-01,Shops_excess,0.0193,0.00566542,0.0,0.01087182,0.01492574
1976-12-01,Telcm_excess,0.0305,0.00435667,0.00334937,0.01063599,0.01682561
1976-12-01,Utils_excess,0.061,0.00359375,0.00726892,0.01023502,0.01796265
1977-01-01,Durbl_excess,-0.0455,0.00439792,0.02027493,0.01295428,0.02213586
1977-01-01,Enrgy_excess,-0.0007,0.00442875,0.02307567,0.01143175,0.02136364
1977-01-01,HiTec_excess,-0.0422,0.00604792,0.00538567,0.00778017,0.01637973
1977-01-01,Hlth_excess,-0.0919,0.0076175,0.00622662,0.00972039,0.01225418
1977-01-01,Manuf_excess,-0.0632,0.00293,0.00931262,0.00843261,0.01664541
1977-01-01,NoDur_excess,-0.0444,0.00554583,0.00678356,0.00801949,0.01774885
1977-01-01,Other_excess,-0.0452,0.00371417,0.00778946,0.00936332,0.01701734
1977-01-01,Shops_excess,-0.0749,0.00577375,0.00422903,0.01151354,0.01674766
1977-01-01,Telcm_excess,-0.0024,0.00438625,0.00834053,0.01061038,0.01779068
1977-01-01,Utils_excess,0.0048,0.00378208,0.01251984,0.01033123,0.01954666
1977-02-01,Durbl_excess,-0.0383,0.00447875,0.01670623,0.0061829,0.01208925
1977-02-01,Enrgy_excess,-0.0336,0.00460875,0.0253351,0.00615455,0.01341927
1977-02-01,HiTec_excess,-0.0096,0.00611833,0.0,0.00604922,0.00963399
1977-02-01,Hlth_excess,-0.0056,0.00734042,0.00110129,0.00610425,0.00089855
1977-02-01,Manuf_excess,-0.0098,0.0029225,0.0045,0.00474944,0.01128191
1977-02-01,NoDur_excess,-0.0174,0.00529833,0.00267141,0.00575708,0.0118341
1977-02-01,Other_excess,-0.0208,0.00355958,0.00416539,0.00303433,0.00909425
1977-02-01,Shops_excess,-0.0219,0.005525,0.0,0.005677,0.00936944
1977-02-01,Telcm_excess,0.0063,0.00426667,0.00805264,0.00445449,0.00899804
1977-02-01,Utils_excess,-0.0377,0.00370375,0.01419073,0.00586315,0.01644695
1977-03-01,Durbl_excess,-0.0373,0.0044075,0.01269689,0.00645557,0.0064707
1977-03-01,Enrgy_excess,-0.0245,0.00457333,0.02364865,0.00779634,0.00592126
1977-03-01,HiTec_excess,-0.0041,0.00611542,0.0,0.00546758,-0.01531732
1977-03-01,Hlth_excess,-0.0217,0.00734167,0.00022186,0.00492556,-0.01491465
1977-03-01,Manuf_excess,-0.0065,0.00300625,0.00218931,0.00435979,0.00281291
1977-03-01,NoDur_excess,-0.0178,0.00529417,4.849e-05,0.00579427,0.00573789
1977-03-01,Other_excess,-0.0047,0.00358958,0.0016275,0.00353971,0.00501494
1977-03-01,Shops_excess,-0.0313,0.0054825,0.0,0.00573789,0.00058153
1977-03-01,Telcm_excess,-0.0142,0.00428917,0.00791546,0.00695896,0.00984534
1977-03-01,Utils_excess,-0.002,0.00356917,0.01222725,0.00677597,0.01277663
1977-04-01,Durbl_excess,0.0278,0.00423917,0.00857665,0.00832678,0.00733714
1977-04-01,Enrgy_excess,0.0214,0.00434875,0.02208053,0.00908356,0.00984184
1977-04-01,HiTec_excess,-0.0383,0.00590875,0.0,0.00609363,0.00827706
1977-04-01,Hlth_excess,-0.056,0.00691792,0.0,0.00595768,0.00066592
1977-04-01,Manuf_excess,0.0011,0.00290417,0.00054388,0.00565655,0.00429056
1977-04-01,NoDur_excess,0.0014,0.00516375,0.0,0.00644847,0.00796568
1977-04-01,Other_excess,0.0175,0.00348333,0.00056689,0.00566911,0.00795606
1977-04-01,Shops_excess,-0.0382,0.00527833,0.0,0.00702446,0.00404561
1977-04-01,Telcm_excess,0.0028,0.00417625,0.00648539,0.00858173,0.0144227
1977-04-01,Utils_excess,0.0156,0.0035,0.0120509,0.00882976,0.01458875
1977-05-01,Durbl_excess,-0.009,0.00403417,0.01127773,0.00720918,0.00524718
1977-05-01,Enrgy_excess,-0.008,0.00415917,0.02330427,0.00843886,0.0079696
1977-05-01,HiTec_excess,-0.0189,0.00541,0.0,0.00499492,-0.01750307
1977-05-01,Hlth_excess,-0.0226,0.00646875,0.0,0.00434567,-0.0152254
1977-05-01,Manuf_excess,-0.0335,0.002765,0.00144017,0.0048446,0.0014196
1977-05-01,NoDur_excess,-0.0131,0.00512208,0.0,0.00612972,0.00399193
1977-05-01,Other_excess,-0.0126,0.003435,0.00282419,0.00506841,0.00521557
1977-05-01,Shops_excess,-0.0315,0.00512208,0.0,0.00559793,-0.00431918
1977-05-01,Telcm_excess,0.0106,0.00418,0.00703365,0.00802741,0.00997513
1977-05-01,Utils_excess,0.013,0.00344375,0.01354992,0.00842545,0.01341425
1977-06-01,Durbl_excess,0.0389,0.00396458,0.00518076,0.00762227,0.00913921
1977-06-01,Enrgy_excess,0.0569,0.00381792,0.01886878,0.00810472,0.01377539
1977-06-01,HiTec_excess,0.0737,0.00510083,0.0,0.00487253,0.01355976
1977-06-01,Hlth_excess,0.0863,0.00618542,0.0,0.0046453,0.00704013
1977-06-01,Manuf_excess,0.03,0.00250417,0.0,0.00443212,0.00777229
1977-06-01,NoDur_excess,0.0413,0.00502042,0.0,0.00625579,0.00806297
1977-06-01,Other_excess,0.0494,0.00333667,0.0003968,0.00533043,0.00684394
1977-06-01,Shops_excess,0.0569,0.004895,0.0,0.00564903,0.00394689
1977-06-01,Telcm_excess,0.0154,0.00419167,0.00711127,0.0089523,0.01518974
1977-06-01,Utils_excess,0.0531,0.003415,0.01370257,0.00932938,0.01671288
1977-07-01,Durbl_excess,-0.0285,0.00413375,0.00619893,0.00731915,0.00745128
1977-07-01,Enrgy_excess,-0.0222,0.00413792,0.01895869,0.00846614,0.0130005
1977-07-01,HiTec_excess,-0.0058,0.00519917,0.0,0.00507768,0.0071632
1977-07-01,Hlth_excess,-0.0265,0.006285,0.00097127,0.00505449,0.01181884
1977-07-01,Manuf_excess,-0.0404,0.002625,0.0,0.00437063,0.00354877
1977-07-01,NoDur_excess,0.0076,0.00522958,0.0,0.00633054,0.00832187
1977-07-01,Other_excess,-0.0081,0.00359833,0.00250592,0.00567525,0.00862458
1977-07-01,Shops_excess,-0.0064,0.00522167,0.0,0.00609642,0.00538498
1977-07-01,Telcm_excess,-0.0127,0.00435375,0.00655,0.00871525,0.01384923
1977-07-01,Utils_excess,0.0045,0.00385958,0.01391815,0.00939664,0.01919885
1977-08-01,Durbl_excess,-0.0129,0.00387583,0.0024906,0.00498937,0.00422426
1977-08-01,Enrgy_excess,-0.0628,0.00401625,0.01694189,0.00601445,0.00965331
1977-08-01,HiTec_excess,0.0006,0.00514292,0.0,0.0047985,0.01873774
1977-08-01,Hlth_excess,0.034,0.00607875,0.0,0.00439279,0.01321049
1977-08-01,Manuf_excess,-0.0171,0.00245042,0.0,0.00322303,0.00611334
1977-08-01,NoDur_excess,-0.0033,0.00523542,0.0,0.00592579,0.00917701
1977-08-01,Other_excess,-0.0162,0.00353,0.00077113,0.00408769,0.00563644
1977-08-01,Shops_excess,0.0419,0.00508708,0.0,0.00468225,0.00184169
1977-08-01,Telcm_excess,-0.0272,0.00432333,0.00510427,0.00665839,0.01091927
1977-08-01,Utils_excess,-0.0369,0.00389042,0.01370669,0.00799626,0.0129434
1977-09-01,Durbl_excess,0.0112,0.00396208,0.0,0.00716735,0.01215068
1977-09-01,Enrgy_excess,0.0031,0.00400458,0.01037995,0.00789267,0.01099382
1977-09-01,HiTec_excess,-0.0221,0.00544958,0.0,0.00551119,0.01995412
1977-09-01,Hlth_excess,-0.0132,0.00635458,0.0011914,0.00591341,0.01567755
1977-09-01,Manuf_excess,-0.0136,0.00264917,0.0,0.00400423,0.00118063
1977-09-01,NoDur_excess,-0.0016,0.00531542,0.0,0.00671459,0.00936615
1977-09-01,Other_excess,-0.0053,0.00370083,0.0,0.00610204,0.0045098
1977-09-01,Shops_excess,-0.0113,0.005385,0.0,0.00708731,0.0060644
1977-09-01,Telcm_excess,0.0305,0.00422542,0.00323971,0.00893483,0.0123903
1977-09-01,Utils_excess,0.0158,0.00385458,0.01133155,0.01010369,0.01610776
1977-10-01,Durbl_excess,-0.0495,0.00431542,0.0,0.00522388,0.00810262
1977-10-01,Enrgy_excess,-0.0404,0.00436083,0.00960918,0.00575585,0.01058892
1977-10-01,HiTec_excess,-0.0371,0.00563417,0.0,0.00513531,0.016897
1977-10-01,Hlth_excess,-0.0224,0.00643708,0.0010634,0.00498006,0.01619172
1977-10-01,Manuf_excess,-0.0512,0.00289042,0.0,0.00324361,0.00370116
1977-10-01,NoDur_excess,-0.0384,0.00536792,0.0,0.00605692,0.00604774
1977-10-01,Other_excess,-0.049,0.0039675,0.0,0.00448096,0.00271011
1977-10-01,Shops_excess,-0.0367,0.00533167,0.0,0.00529161,0.00460595
1977-10-01,Telcm_excess,-0.0554,0.00445708,0.00584042,0.00727419,0.01034964
1977-10-01,Utils_excess,-0.0364,0.00400375,0.01244244,0.00828527,0.01115262
1977-11-01,Durbl_excess,0.0137,0.00428583,0.0,0.0032845,-0.00127805
1977-11-01,Enrgy_excess,0.0297,0.004445,0.00738395,0.00444499,0.00163295
1977-11-01,HiTec_excess,0.0478,0.00556583,0.0,0.00457888,0.01135677
1977-11-01,Hlth_excess,0.0559,0.00638417,0.00053756,0.0043541,0.00879413
1977-11-01,Manuf_excess,0.0383,0.00288625,0.0,0.00221069,-0.00292647
1977-11-01,NoDur_excess,0.0409,0.00530833,0.0,0.00556107,-0.00208531
1977-11-01,Other_excess,0.0599,0.00406167,0.0,0.00351149,-0.00862164
1977-11-01,Shops_excess,0.0505,0.00535458,0.0,0.00414967,-0.0020926
1977-11-01,Telcm_excess,0.0166,0.00432583,0.00374652,0.00584339,0.00442801
1977-11-01,Utils_excess,0.0379,0.00389333,0.01191384,0.00727896,0.00438932
1977-12-01,Durbl_excess,-0.0124,0.00457458,0.0,0.00504061,0.01103911
1977-12-01,Enrgy_excess,0.014,0.00447917,0.00875224,0.00679019,0.01181302
1977-12-01,HiTec_excess,0.0189,0.00550667,0.0,0.00471441,0.02195002
1977-12-01,Hlth_excess,0.0013,0.00626917,0.00337098,0.00453473,0.0155641
1977-12-01,Manuf_excess,0.0025,0.00291708,0.0,0.00284799,0.00206885
1977-12-01,NoDur_excess,-0.0048,0.00535,0.0012306,0.00609008,0.00751822
1977-12-01,Other_excess,0.0013,0.00430583,0.00238756,0.00559044,0.00225517
1977-12-01,Shops_excess,-0.0172,0.00550417,0.0,0.00549995,0.0093647
1977-12-01,Telcm_excess,0.0166,0.00434458,0.00490109,0.00751496,0.01163343
1977-12-01,Utils_excess,-0.0082,0.00387958,0.01318512,0.00904319,0.01413642
1978-01-01,Durbl_excess,-0.0731,0.00486167,0.0,0.00360599,-0.0010056
1978-01-01,Enrgy_excess,-0.0742,0.00483875,0.00827846,0.00466454,0.00436324
1978-01-01,HiTec_excess,-0.0523,0.00572958,0.0,0.0049921,0.01634499
1978-01-01,Hlth_excess,-0.0238,0.00630458,0.0,0.0044928,0.01275373
1978-01-01,Manuf_excess,-0.0652,0.00312917,0.0,0.00266207,-0.00076695
1978-01-01,NoDur_excess,-0.0579,0.00532208,0.0,0.00548404,0.00100849
1978-01-01,Other_excess,-0.0578,0.00450583,0.0,0.00414193,-0.00397624
1978-01-01,Shops_excess,-0.0733,0.00551417,0.0,0.0042075,0.00011945
1978-01-01,Telcm_excess,-0.0465,0.00437125,0.00191413,0.00529484,0.00355083
1978-01-01,Utils_excess,-0.0503,0.00374875,0.00930154,0.00646672,0.00473818
1978-02-01,Durbl_excess,-0.0008,0.00436208,0.0,0.00110276,-0.00618942
1978-02-01,Enrgy_excess,-0.0155,0.004475,0.00288991,0.00399056,-0.00471516
1978-02-01,HiTec_excess,-0.0393,0.00535542,0.0,0.00351479,0.00574481
1978-02-01,Hlth_excess,-0.0348,0.00623417,0.0,0.00277471,0.00213532
1978-02-01,Manuf_excess,-0.0309,0.00264458,0.0,0.0002403,-0.01276835
1978-02-01,NoDur_excess,-0.0035,0.00478167,0.0,0.00430745,-0.00500958
1978-02-01,Other_excess,-0.0062,0.00381708,0.0,0.0020812,-0.01232438
1978-02-01,Shops_excess,-0.009,0.00490833,0.0,0.00157801,-0.00849388
1978-02-01,Telcm_excess,0.037,0.00401167,0.00013049,0.00492457,0.00169716
1978-02-01,Utils_excess,-0.0088,0.00329833,0.0078446,0.00605683,0.00314429
1978-03-01,Durbl_excess,0.0557,0.00442458,0.0,0.00168726,-0.00314824
1978-03-01,Enrgy_excess,0.0152,0.00460833,0.00129486,0.00426992,0.00209726
1978-03-01,HiTec_excess,-0.0114,0.005265,0.0,0.00326014,0.00246495
1978-03-01,Hlth_excess,0.0364,0.00588792,0.0,0.00216016,-0.00154633
1978-03-01,Manuf_excess,0.0337,0.00260542,0.0,5.29e-05,-0.01026604
1978-03-01,NoDur_excess,0.0364,0.00468708,0.0,0.00428119,-0.00498878
1978-03-01,Other_excess,0.0493,0.00387042,0.0,0.00253728,-0.00712545
1978-03-01,Shops_excess,0.0232,0.00481708,0.0,0.00167919,-0.00895233
1978-03-01,Telcm_excess,0.0209,0.00414333,0.0030025,0.00620039,0.00276111
1978-03-01,Utils_excess,0.0195,0.00321292,0.00716929,0.00603626,0.00065534
1978-04-01,Durbl_excess,0.0909,0.0045375,0.0,0.00254647,-0.00450653
1978-04-01,Enrgy_excess,0.0616,0.00434542,0.00186294,0.00399536,0.00474645
1978-04-01,HiTec_excess,0.1275,0.0051125,0.0,0.00286197,-0.01065595
1978-04-01,Hlth_excess,0.087,0.00570292,0.0,0.00189675,-0.0029277
1978-04-01,Manuf_excess,0.1084,0.00268417,0.0,0.00069105,-0.00879927
1978-04-01,NoDur_excess,0.0638,0.0046675,0.0,0.00438737,-0.00276358
1978-04-01,Other_excess,0.0882,0.003975,0.0,0.00324033,-0.00679083
1978-04-01,Shops_excess,0.1029,0.0047475,0.0,0.0017781,-0.00890812
1978-04-01,Telcm_excess,0.0239,0.00418542,0.00341639,0.00620502,0.00455393
1978-04-01,Utils_excess,-0.0036,0.00321167,0.00724693,0.00599329,0.00063714
1978-05-01,Durbl_excess,-0.0033,0.00471292,0.0,0.00385865,0.00602711
1978-05-01,Enrgy_excess,0.0035,0.00439125,0.00258449,0.00545888,0.01115169
1978-05-01,HiTec_excess,0.0116,0.00565208,0.0,0.00431991,0.01254101
1978-05-01,Hlth_excess,0.0466,0.00579542,0.0,0.00279593,0.00849451
1978-05-01,Manuf_excess,0.0359,0.00307917,0.0,0.00242464,0.00225129
1978-05-01,NoDur_excess,0.0372,0.00478917,0.0,0.00483322,0.00333319
1978-05-01,Other_excess,0.0209,0.0041575,0.0,0.00453557,0.00211443
1978-05-01,Shops_excess,0.0075,0.00505458,0.0,0.00333635,-0.00065574
1978-05-01,Telcm_excess,-0.009,0.00417583,0.0,0.00602676,0.00823545
1978-05-01,Utils_excess,0.002,0.00299375,0.00105328,0.00552832,0.00340973
1978-06-01,Durbl_excess,-0.0331,0.00450333,0.0,0.00318604,0.0004123
1978-06-01,Enrgy_excess,-0.0428,0.00439667,0.00242969,0.00511061,0.00120393
1978-06-01,HiTec_excess,-0.009,0.0056425,0.0,0.00425894,0.00090991
1978-06-01,Hlth_excess,0.006,0.00593417,0.00134521,0.00258254,0.00471416
1978-06-01,Manuf_excess,-0.0201,0.00308958,0.0,0.00277105,-0.00096353
1978-06-01,NoDur_excess,-0.008,0.00483542,0.0,0.00494761,0.00161456
1978-06-01,Other_excess,-0.0089,0.00409333,0.0,0.00433007,-0.00245647
1978-06-01,Shops_excess,-0.0251,0.00493958,0.0,0.00319855,-0.00497786
1978-06-01,Telcm_excess,-0.0208,0.004055,0.0,0.00542754,0.00481511
1978-06-01,Utils_excess,0.0029,0.00294625,0.001077,0.00503821,0.00363244
1978-07-01,Durbl_excess,0.0417,0.0042575,0.0,0.0007505,-0.00405097
1978-07-01,Enrgy_excess,0.0278,0.00401417,0.00037182,0.00261751,-0.00058956
1978-07-01,HiTec_excess,0.0802,0.005455,0.0,0.00367249,-0.00158202
1978-07-01,Hlth_excess,0.0831,0.0058125,0.00253262,0.00217683,0.00682781
1978-07-01,Manuf_excess,0.0728,0.00290833,0.0,0.00178579,-0.00613436
1978-07-01,NoDur_excess,0.0294,0.00469333,0.0,0.00436238,-0.00206912
1978-07-01,Other_excess,0.0608,0.00393708,0.00031868,0.00316578,-0.00537346
1978-07-01,Shops_excess,0.0457,0.00474667,0.0,0.00179625,-0.00637971
1978-07-01,Telcm_excess,0.0087,0.0039,2.631e-05,0.00403303,0.00342561
1978-07-01,Utils_excess,0.0226,0.00286833,0.00279187,0.00370476,6.365e-05
1978-08-01,Durbl_excess,0.0241,0.00401833,0.0,0.00370887,0.00540802
1978-08-01,Enrgy_excess,0.0457,0.00410417,0.0,0.00528081,0.0008845
1978-08-01,HiTec_excess,0.0546,0.00563625,0.0,0.00495685,0.00486707
1978-08-01,Hlth_excess,0.0041,0.0059125,0.00146458,0.00426244,0.01454607
1978-08-01,Manuf_excess,0.0338,0.00286083,0.0,0.00358156,-0.00192468
1978-08-01,NoDur_excess,0.0355,0.00475042,0.0,0.0051132,0.00233423
1978-08-01,Other_excess,0.0597,0.00397583,0.0,0.00568627,0.00167702
1978-08-01,Shops_excess,0.0514,0.00486208,0.0,0.00395312,-0.0031821
1978-08-01,Telcm_excess,0.0297,0.00390167,0.0,0.00596104,0.0063369
1978-08-01,Utils_excess,-0.0011,0.00291875,0.0,0.00556078,0.00565731
1978-09-01,Durbl_excess,-0.0113,0.00412083,0.0,0.00554798,0.01146837
1978-09-01,Enrgy_excess,0.0414,0.00421625,0.0,0.00645541,0.00969497
1978-09-01,HiTec_excess,-0.048,0.00577875,0.0,0.00617826,0.01836952
1978-09-01,Hlth_excess,-0.0333,0.00584875,0.00268802,0.00558756,0.02270007
1978-09-01,Manuf_excess,-0.0274,0.0029025,0.0,0.00521377,0.00803703
1978-09-01,NoDur_excess,-0.0102,0.00477792,0.0,0.00584113,0.00920055
1978-09-01,Other_excess,-0.0207,0.00409875,0.0007292,0.00798651,0.01057465
1978-09-01,Shops_excess,-0.0326,0.00484,0.0,0.00615284,0.00795488
1978-09-01,Telcm_excess,0.006,0.00392667,0.0,0.00709186,0.0110103
1978-09-01,Utils_excess,-0.0087,0.0029575,0.0,0.00595296,0.00843532
1978-10-01,Durbl_excess,-0.1186,0.00366333,0.0,0.0,-0.0048264
1978-10-01,Enrgy_excess,-0.1129,0.00426,0.0,0.00191308,-0.00334276
1978-10-01,HiTec_excess,-0.1144,0.00532833,0.0,0.00369435,-0.00302183
1978-10-01,Hlth_excess,-0.1352,0.00522875,0.0,0.00190399,0.0001407
1978-10-01,Manuf_excess,-0.1204,0.00260708,0.0,0.00119921,-0.00418947
1978-10-01,NoDur_excess,-0.1226,0.00456583,0.0,0.00382457,-0.00223559
1978-10-01,Other_excess,-0.1479,0.0038425,0.0,0.00260858,-0.00455507
1978-10-01,Shops_excess,-0.1486,0.00454417,0.0,0.00097166,-0.00711908
1978-10-01,Telcm_excess,-0.0518,0.00374792,0.0,0.00267152,0.00156285
1978-10-01,Utils_excess,-0.0778,0.002785,0.0,0.00167102,-0.0031955
1978-11-01,Durbl_excess,-0.0002,0.00308167,0.0,0.0,-0.00909184
1978-11-01,Enrgy_excess,0.0548,0.00374167,0.0,0.0,0.00036175
1978-11-01,HiTec_excess,0.0438,0.00467208,0.0,0.00175111,1.047e-05
1978-11-01,Hlth_excess,0.0448,0.00462917,0.0,0.0,-0.00305698
1978-11-01,Manuf_excess,0.0217,0.00198583,0.0,0.0,-0.00587406
1978-11-01,NoDur_excess,0.0149,0.00395833,0.0,0.00226424,-0.00681403
1978-11-01,Other_excess,0.0181,0.0030775,0.0,0.0,-0.01123588
1978-11-01,Shops_excess,0.0193,0.00388208,0.0,0.0,-0.01080315
1978-11-01,Telcm_excess,0.0232,0.00347875,0.0,0.00141941,-0.00512694
1978-11-01,Utils_excess,0.023,0.00229,0.0,0.00076398,-0.00515799
1978-12-01,Durbl_excess,-0.014,0.00301417,0.0,4.18e-06,-0.00085447
1978-12-01,Enrgy_excess,0.0204,0.00389417,0.0,0.00513106,0.02575531
1978-12-01,HiTec_excess,0.0562,0.00467792,0.0,0.00330092,0.00957127
1978-12-01,Hlth_excess,0.0264,0.00448542,0.00082217,0.00186074,0.00792896
1978-12-01,Manuf_excess,0.0063,0.00195917,0.0,0.00097143,0.0007306
1978-12-01,NoDur_excess,0.009,0.00385417,0.0,0.00370857,0.00416045
1978-12-01,Other_excess,0.0051,0.00296458,0.0,0.00381383,0.0056142
1978-12-01,Shops_excess,-0.0144,0.00372125,0.0,0.00080268,0.00356105
1978-12-01,Telcm_excess,-0.0068,0.00349042,0.00287012,0.00588955,0.00754397
1978-12-01,Utils_excess,-0.0203,0.00226708,0.00060836,0.00470586,0.00827005
1979-01-01,Durbl_excess,0.0429,0.00285042,0.0,0.0,-0.01452196
1979-01-01,Enrgy_excess,0.0232,0.00393625,0.0,0.00073447,-0.00393461
1979-01-01,HiTec_excess,0.0353,0.00437375,0.0,0.00276091,0.01003278
1979-01-01,Hlth_excess,0.0065,0.0044125,0.0,0.00048408,0.00549589
1979-01-01,Manuf_excess,0.0574,0.0017775,0.0,0.0,-0.00575082
1979-01-01,NoDur_excess,0.0341,0.00378917,0.0,0.0024397,-0.00537459
1979-01-01,Other_excess,0.0526,0.00286625,0.0,0.0,-0.00920297
1979-01-01,Shops_excess,0.0496,0.00343208,0.0,0.0,-0.00929079
1979-01-01,Telcm_excess,0.0289,0.00291292,0.0,0.00196065,-0.00063699
1979-01-01,Utils_excess,0.056,0.00194417,0.0,0.00037625,-0.00664764
1979-02-01,Durbl_excess,-0.0433,0.00308333,0.0,0.0,-0.0099919
1979-02-01,Enrgy_excess,-0.0012,0.00402042,0.0,0.00310059,0.00225194
1979-02-01,HiTec_excess,-0.0405,0.00462208,0.0,0.00308338,-0.00346065
1979-02-01,Hlth_excess,-0.0525,0.00447417,0.0,0.00037513,0.00033294
1979-02-01,Manuf_excess,-0.0522,0.0019925,0.0,0.00054452,-0.00521865
1979-02-01,NoDur_excess,-0.0422,0.00378125,0.0,0.00301119,-0.00353246
1979-02-01,Other_excess,-0.0394,0.00300667,0.0,0.00201152,-0.00366625
1979-02-01,Shops_excess,-0.0515,0.00350208,0.0,0.0,-0.00803665
1979-02-01,Telcm_excess,-0.0138,0.00287917,0.00330973,0.00464918,0.00450643
1979-02-01,Utils_excess,-0.0237,0.00213417,0.00037985,0.002471,0.00028294
1979-03-01,Durbl_excess,0.0579,0.00299208,0.0,0.0,-0.01934872
1979-03-01,Enrgy_excess,0.0847,0.00433292,0.0,0.0,-0.00406844
1979-03-01,HiTec_excess,0.068,0.00424667,0.0,0.0014914,-0.00316442
1979-03-01,Hlth_excess,0.0423,0.00410167,0.0,0.0,-0.00345653
1979-03-01,Manuf_excess,0.0653,0.00163167,0.0,0.0,-0.01208255
1979-03-01,NoDur_excess,0.0334,0.00348792,0.0,0.00131555,-0.01168921
1979-03-01,Other_excess,0.0735,0.00277708,0.0,0.0,-0.01439166
1979-03-01,Shops_excess,0.0531,0.003185,0.0,0.0,-0.01797814
1979-03-01,Telcm_excess,-0.0065,0.00262708,0.0018006,0.00119302,-0.0012705
1979-03-01,Utils_excess,0.0151,0.00199083,0.0,0.0,-0.00656693
1979-04-01,Durbl_excess,0.0213,0.00329208,0.0,0.0,-0.00837086
1979-04-01,Enrgy_excess,0.0353,0.00460583,0.0,0.00432024,0.01230721
1979-04-01,HiTec_excess,-0.0047,0.00444208,0.0,0.00309455,2.695e-05
1979-04-01,Hlth_excess,-0.0037,0.00411,0.0,0.0,0.00272757
1979-04-01,Manuf_excess,-0.0126,0.00192292,0.0,0.00056546,-0.00485697
1979-04-01,NoDur_excess,-0.006,0.00362417,0.0,0.00259956,-0.00354292
1979-04-01,Other_excess,0.0069,0.00312333,0.0,0.0021272,-0.00220029
1979-04-01,Shops_excess,0.0008,0.003485,0.0,0.0,-0.00744351
1979-04-01,Telcm_excess,-0.0295,0.00263083,0.00104913,0.00355894,0.00347065
1979-04-01,Utils_excess,-0.0355,0.00199458,0.0,0.00184236,-0.00022742
1979-05-01,Durbl_excess,-0.0151,0.00299833,0.0,0.0,-0.01439837
1979-05-01,Enrgy_excess,-0.0328,0.00469,2.624e-05,0.00232235,0.01474786
1979-05-01,HiTec_excess,-0.028,0.00407917,0.0,0.00242343,0.01137257
1979-05-01,Hlth_excess,-0.0346,0.00360583,0.0,0.0,0.00569243
1979-05-01,Manuf_excess,-0.0311,0.001705,0.0,0.0,-0.00398118
1979-05-01,NoDur_excess,-0.026,0.00348208,0.0,0.0017252,-0.00761527
1979-05-01,Other_excess,-0.011,0.00307917,0.0,7.562e-05,-0.00370455
1979-05-01,Shops_excess,-0.0326,0.0034325,0.0,0.0,-0.01240446
1979-05-01,Telcm_excess,-0.0073,0.00232417,0.00026541,0.00036428,-0.00108392
1979-05-01,Utils_excess,0.0062,0.00190208,0.0,0.0,-0.00493564
1979-06-01,Durbl_excess,0.0219,0.0027275,0.0,0.0,-0.00615944
1979-06-01,Enrgy_excess,0.0846,0.00460208,0.00203566,0.0056162,0.03175812
1979-06-01,HiTec_excess,-0.0031,0.00376958,0.00217624,0.00243621,0.0218956
1979-06-01,Hlth_excess,0.0402,0.00351542,0.00080758,0.0,0.0055448
1979-06-01,Manuf_excess,0.0268,0.00141583,0.0,5.037e-05,-0.00534606
1979-06-01,NoDur_excess,0.0251,0.0033275,0.0023737,0.00233957,-0.00331863
1979-06-01,Other_excess,0.0619,0.00301625,0.00463518,0.00278054,0.00225619
1979-06-01,Shops_excess,0.0199,0.0031925,0.0,0.0,-0.00882052
1979-06-01,Telcm_excess,0.0112,0.002345,0.00459051,0.00402274,0.00566115
1979-06-01,Utils_excess,0.0416,0.00198292,0.00281895,0.00215963,0.00340033
1979-07-01,Durbl_excess,0.0129,0.0028225,0.0,0.00167703,-0.00423265
1979-07-01,Enrgy_excess,0.0081,0.00507833,0.00892234,0.00881746,0.02994148
1979-07-01,HiTec_excess,-0.0226,0.00380792,0.00760746,0.00320849,0.00673807
1979-07-01,Hlth_excess,-0.0062,0.00341833,0.00593104,0.00120095,0.01143959
1979-07-01,Manuf_excess,0.0125,0.00148458,0.00534222,0.00227496,-0.00059748
1979-07-01,NoDur_excess,0.0126,0.00337292,0.00967062,0.00340561,-0.00170367
1979-07-01,Other_excess,0.0254,0.00323333,0.01218416,0.00595996,0.00677556
1979-07-01,Shops_excess,0.0049,0.00319125,0.00652179,0.00192313,-0.00798862
1979-07-01,Telcm_excess,-0.0088,0.00244792,0.00884904,0.00547996,0.00494376
1979-07-01,Utils_excess,0.013,0.00225958,0.00897821,0.0043462,0.00568712
1979-08-01,Durbl_excess,0.0395,0.00253542,0.0,0.0,-0.01115252
1979-08-01,Enrgy_excess,0.0716,0.00491583,0.00755178,0.00418664,0.00830136
1979-08-01,HiTec_excess,0.0514,0.00370542,0.00408475,0.00213894,-0.00309393
1979-08-01,Hlth_excess,0.0781,0.00320542,0.0039315,0.0,0.00691085
1979-08-01,Manuf_excess,0.0694,0.00139167,0.00395433,0.00052148,-0.00348867
1979-08-01,NoDur_excess,0.0679,0.00328167,0.00742216,0.00223615,-0.0058042
1979-08-01,Other_excess,0.0501,0.00333042,0.01023889,0.00282893,-0.00029372
1979-08-01,Shops_excess,0.0811,0.00313375,0.0038991,0.0,-0.01083834
1979-08-01,Telcm_excess,0.0075,0.00239667,0.00660277,0.00100398,-0.0007851
1979-08-01,Utils_excess,0.0128,0.002165,0.00742344,0.00111872,-0.00229387
1979-09-01,Durbl_excess,-0.0044,0.00260542,0.0,0.0,-0.00577636
1979-09-01,Enrgy_excess,0.0509,0.00535333,0.00572556,0.00542452,0.0060838
1979-09-01,HiTec_excess,-0.0258,0.00403167,0.0011159,0.00285647,-0.00839169
1979-09-01,Hlth_excess,-0.0138,0.0036875,0.00259655,0.00118674,0.00598766
1979-09-01,Manuf_excess,-0.0152,0.0017675,0.00296532,0.00187496,0.00161961
1979-09-01,NoDur_excess,-0.027,0.00358875,0.00517691,0.00307804,0.00154057
1979-09-01,Other_excess,-0.0149,0.00364,0.00637266,0.00366149,0.00435122
1979-09-01,Shops_excess,-0.0158,0.00344667,0.00309082,0.00097272,-0.00455969
1979-09-01,Telcm_excess,-0.0321,0.00241042,0.00377029,0.00141906,-0.00106646
1979-09-01,Utils_excess,-0.0302,0.00217042,0.00395905,0.00133364,-0.00156993
1979-10-01,Durbl_excess,-0.1015,0.00278542,0.0,0.0,-0.00961641
1979-10-01,Enrgy_excess,-0.0342,0.00586625,0.00443061,0.00561517,0.01448656
1979-10-01,HiTec_excess,-0.0861,0.00411125,0.0,0.00178059,-0.01588262
1979-10-01,Hlth_excess,-0.0521,0.00384917,0.0,0.0,-0.00195388
1979-10-01,Manuf_excess,-0.0972,0.00192375,0.0,0.00011558,-0.00407522
1979-10-01,NoDur_excess,-0.0853,0.00362458,0.0011806,0.00224348,-0.00620765
1979-10-01,Other_excess,-0.1102,0.00376208,0.00267376,0.0018854,-0.00167513
1979-10-01,Shops_excess,-0.0976,0.00348208,0.0,0.0,-0.01176857
1979-10-01,Telcm_excess,-0.0594,0.00232958,0.00044945,0.0,-0.00291887
1979-10-01,Utils_excess,-0.067,0.00223875,0.0,0.00010363,-0.00045388
1979-11-01,Durbl_excess,-0.0319,0.0024275,0.0,0.0,-0.01269442
1979-11-01,Enrgy_excess,0.0793,0.00568792,0.00118504,0.0,0.03361395
1979-11-01,HiTec_excess,0.0719,0.0035575,0.0,0.0,0.01271293
1979-11-01,Hlth_excess,0.078,0.00354708,0.0,0.0,0.00487116
1979-11-01,Manuf_excess,0.0373,0.00147208,0.0,0.0,-0.00498171
1979-11-01,NoDur_excess,0.0417,0.00312333,0.0,0.0,-0.00597352
1979-11-01,Other_excess,0.0604,0.00330292,0.0,0.0,-0.00516908
1979-11-01,Shops_excess,0.0284,0.00305167,0.0,0.0,-0.00983903
1979-11-01,Telcm_excess,0.0307,0.00204042,0.0,0.0,-0.00676966
1979-11-01,Utils_excess,0.0679,0.001935,0.0,0.0,-0.00320452
1979-12-01,Durbl_excess,0.0231,0.00231,0.0,0.0,-0.00695662
1979-12-01,Enrgy_excess,0.0154,0.00604625,0.00471048,0.01034804,0.04547259
1979-12-01,HiTec_excess,0.0084,0.00348417,0.0,0.0018817,0.01581073
1979-12-01,Hlth_excess,0.0113,0.00364875,0.0,0.00124565,0.02068372
1979-12-01,Manuf_excess,0.0351,0.00154708,0.0,0.00060437,0.00065691
1979-12-01,NoDur_excess,0.0242,0.00325583,0.0,0.00263155,0.0019205
1979-12-01,Other_excess,0.0317,0.00358625,0.0,0.00403298,0.00627569
1979-12-01,Shops_excess,0.0212,0.00308333,0.0,0.0,-0.00603717
1979-12-01,Telcm_excess,-0.0247,0.00223042,0.0,0.00294839,0.00468622
1979-12-01,Utils_excess,-0.0196,0.00221208,0.0,0.0030504,0.00556314
1980-01-01,Durbl_excess,0.0831,0.00220542,0.0,0.0,-0.00199531
1980-01-01,Enrgy_excess,0.1325,0.00594792,0.00611437,0.00893071,0.01572136
1980-01-01,HiTec_excess,0.0655,0.00339083,0.0,0.0,-0.00020723
1980-01-01,Hlth_excess,-0.0209,0.00378,0.00089176,0.00377402,0.00234829
1980-01-01,Manuf_excess,0.0626,0.0016175,0.00012517,0.00051334,0.0029142
1980-01-01,NoDur_excess,0.0231,0.00331958,0.00171877,0.00100047,0.00182049
1980-01-01,Other_excess,0.0474,0.00364625,0.00180568,0.00278779,0.00726592
1980-01-01,Shops_excess,0.0051,0.00307417,0.00086632,0.0,0.01216756
1980-01-01,Telcm_excess,-0.0287,0.00196083,0.0,0.0,0.00154284
1980-01-01,Utils_excess,0.0075,0.00205542,0.0,0.0,0.01177291
1980-02-01,Durbl_excess,-0.0724,0.00303083,0.0,0.0,-0.00804545
1980-02-01,Enrgy_excess,0.1211,0.00682625,0.00186272,0.00366368,0.01226578
1980-02-01,HiTec_excess,-0.0448,0.00408542,0.0,0.0,0.00233798
1980-02-01,Hlth_excess,-0.0553,0.0039725,0.0,0.00396249,0.00100201
1980-02-01,Manuf_excess,-0.0339,0.0022425,0.0,0.0,0.00487914
1980-02-01,NoDur_excess,-0.0575,0.00356958,0.0,0.0,-0.00077761
1980-02-01,Other_excess,-0.0426,0.00404542,0.0,0.0,0.00603969
1980-02-01,Shops_excess,-0.0575,0.00334542,0.0,0.0,-0.01167614
1980-02-01,Telcm_excess,-0.0229,0.00181542,0.0,0.0,-0.01666578
1980-02-01,Utils_excess,-0.0431,0.00218708,0.0,0.0,-0.0082967
1980-03-01,Durbl_excess,-0.1001,0.00283375,0.0,0.0,-0.0147232
1980-03-01,Enrgy_excess,-0.1912,0.00748708,0.0,0.01199567,0.01966677
1980-03-01,HiTec_excess,-0.1388,0.00368792,0.0,0.0,-0.00798818
1980-03-01,Hlth_excess,-0.0406,0.00374125,0.0,0.00372707,-0.00614819
1980-03-01,Manuf_excess,-0.1298,0.00209292,0.0,0.0,-0.00298291
1980-03-01,NoDur_excess,-0.0938,0.00321875,0.0,0.0,-0.00827281
1980-03-01,Other_excess,-0.1354,0.00388083,0.0,0.0,-0.00109764
1980-03-01,Shops_excess,-0.1084,0.00294208,0.0,0.0,-0.02221942
1980-03-01,Telcm_excess,-0.0387,0.00138333,0.0,0.0,-0.01714032
1980-03-01,Utils_excess,-0.0781,0.00190417,0.0,0.0,-0.01359039
1980-04-01,Durbl_excess,-0.0301,0.00261375,0.0,0.0,-0.01585154
1980-04-01,Enrgy_excess,0.056,0.00673833,0.00164995,0.00354538,0.00961026
1980-04-01,HiTec_excess,-0.0054,0.00305583,0.0,0.0,-0.00715929
1980-04-01,Hlth_excess,0.0303,0.00351917,0.0,0.00350307,-0.00238197
1980-04-01,Manuf_excess,0.0195,0.00171458,0.0,0.0,-0.00264111
1980-04-01,NoDur_excess,0.0514,0.00290125,0.0,0.0,-0.00793701
1980-04-01,Other_excess,0.0487,0.00342583,0.0,0.0,-0.00382861
1980-04-01,Shops_excess,0.0324,0.00250083,0.0,0.0,0.00330214
1980-04-01,Telcm_excess,0.0607,0.00122958,0.0,0.0,-0.00206043
1980-04-01,Utils_excess,0.1078,0.00152042,0.0,0.0,0.01446371
1980-05-01,Durbl_excess,0.0356,0.00256167,0.02079649,0.03004904,-0.00436297
1980-05-01,Enrgy_excess,0.0332,0.00715708,0.04323466,0.02428625,0.02651882
1980-05-01,HiTec_excess,0.04,0.00301958,0.02462982,0.00489243,-0.00369196
1980-05-01,Hlth_excess,0.0616,0.00358458,0.01534116,0.00358047,0.00338266
1980-05-01,Manuf_excess,0.0544,0.00195083,0.03125201,0.00858341,0.00269486
1980-05-01,NoDur_excess,0.0714,0.00306,0.03883653,0.0121671,0.00327628
1980-05-01,Other_excess,0.0728,0.00368292,0.03495709,0.01519573,0.00901927
1980-05-01,Shops_excess,0.0987,0.00265333,0.04059283,0.02193745,0.01981772
1980-05-01,Telcm_excess,0.0419,0.00153417,0.02160528,0.02769389,0.01367395
1980-05-01,Utils_excess,0.0379,0.00192,0.03206591,0.02339245,0.02795746
1980-06-01,Durbl_excess,0.0218,0.00275,0.03525302,0.01622642,0.0039577
1980-06-01,Enrgy_excess,0.0523,0.00745208,0.03601622,0.01564427,0.02559674
1980-06-01,HiTec_excess,0.0242,0.00279958,0.03067406,0.00740179,0.00642179
1980-06-01,Hlth_excess,-0.0039,0.00328042,0.01677394,0.00328179,0.00911171
1980-06-01,Manuf_excess,0.0173,0.00202792,0.03158181,0.00812733,0.01279063
1980-06-01,NoDur_excess,0.0238,0.00309667,0.03904509,0.01032458,0.0095341
1980-06-01,Other_excess,0.0448,0.00398708,0.03559519,0.01125118,0.01493507
1980-06-01,Shops_excess,0.0181,0.002945,0.04196418,0.01907249,0.02070798
1980-06-01,Telcm_excess,-0.0118,0.00158167,0.02653392,0.01408506,0.01393416
1980-06-01,Utils_excess,0.0394,0.00202667,0.03286853,0.01439064,0.01314364
1980-07-01,Durbl_excess,0.1122,0.0028175,0.03784622,0.01931114,0.01619647
1980-07-01,Enrgy_excess,0.0148,0.00753292,0.03484062,0.01703995,0.02728097
1980-07-01,HiTec_excess,0.1495,0.00285,0.03144791,0.00793389,0.01036614
1980-07-01,Hlth_excess,0.0835,0.00328083,0.01463301,0.00328143,0.00847767
1980-07-01,Manuf_excess,0.103,0.00204042,0.0296,0.008278,0.01384062
1980-07-01,NoDur_excess,0.0721,0.00302542,0.03646028,0.01084258,0.01419187
1980-07-01,Other_excess,0.0631,0.0040675,0.03464883,0.01201799,0.01916675
1980-07-01,Shops_excess,0.1029,0.00287125,0.03796063,0.01843228,0.01578016
1980-07-01,Telcm_excess,0.0047,0.00155708,0.02476892,0.01452248,0.00693848
1980-07-01,Utils_excess,-0.0065,0.00196042,0.03258876,0.01729133,0.01398097
1980-08-01,Durbl_excess,0.0089,0.003315,0.0,0.00251088,0.00086018
1980-08-01,Enrgy_excess,0.0302,0.00757083,0.0034373,0.00883225,0.01303039
1980-08-01,HiTec_excess,0.0302,0.00365333,0.0,0.00647621,0.00613387
1980-08-01,Hlth_excess,-0.0037,0.00379542,0.0,0.00379488,0.00257983
1980-08-01,Manuf_excess,0.0094,0.00264833,0.0,0.00425593,0.00595406
1980-08-01,NoDur_excess,0.0083,0.00337083,0.0,0.00467657,0.00667479
1980-08-01,Other_excess,0.0206,0.00439375,0.0,0.00474731,0.00557835
1980-08-01,Shops_excess,0.0116,0.00343083,0.0,0.00335096,-0.00703201
1980-08-01,Telcm_excess,0.0566,0.00157792,0.0,0.0,-0.00704029
1980-08-01,Utils_excess,-0.0181,0.00198333,0.0,0.00438091,-0.0038937
1980-09-01,Durbl_excess,0.0018,0.00321333,0.0,0.0,-0.00029382
1980-09-01,Enrgy_excess,0.0578,0.00753292,0.0,0.00889081,0.01237174
1980-09-01,HiTec_excess,0.0124,0.00373792,0.0,0.00287741,0.00472825
1980-09-01,Hlth_excess,0.0287,0.00368417,0.0,0.00368106,-0.00079644
1980-09-01,Manuf_excess,0.0208,0.00262375,0.0,0.00189501,0.00454485
1980-09-01,NoDur_excess,-0.0055,0.00322417,0.0,0.0023573,0.00509086
1980-09-01,Other_excess,0.0307,0.00435708,0.0,0.00267757,0.00162256
1980-09-01,Shops_excess,0.0053,0.00335583,0.0,0.0,-0.01406574
1980-09-01,Telcm_excess,-0.0237,0.00152458,0.0,0.0,-0.00091373
1980-09-01,Utils_excess,-0.0063,0.001735,0.0,0.00060431,-0.00609867
1980-10-01,Durbl_excess,-0.0267,0.00346417,0.0,0.0,-0.00275572
1980-10-01,Enrgy_excess,0.0681,0.00782208,0.0,0.01016513,0.01436279
1980-10-01,HiTec_excess,0.0101,0.00416,0.0,0.00227021,0.00390395
1980-10-01,Hlth_excess,-0.0219,0.00417375,0.0,0.00417072,0.00050266
1980-10-01,Manuf_excess,-0.0053,0.00301042,0.0,0.0022222,0.00401159
1980-10-01,NoDur_excess,-0.0066,0.00335125,0.0,0.0026236,0.00357653
1980-10-01,Other_excess,0.0061,0.00472917,0.0,0.00351871,0.00450458
1980-10-01,Shops_excess,-0.021,0.00373417,0.0,0.0,-0.00810857
1980-10-01,Telcm_excess,-0.0416,0.00168042,0.0,0.0,-0.0022744
1980-10-01,Utils_excess,0.0097,0.0019025,0.0,0.00135716,-0.00225441
1980-11-01,Durbl_excess,0.0393,0.00341792,0.0,0.0,-0.01060453
1980-11-01,Enrgy_excess,0.2334,0.00801417,0.00386145,0.01089193,0.0129507
1980-11-01,HiTec_excess,0.0887,0.00434667,0.0,0.0015471,0.00036347
1980-11-01,Hlth_excess,0.0792,0.00423708,0.0,0.00423217,-0.00369541
1980-11-01,Manuf_excess,0.0745,0.00303792,0.0,0.00173178,-0.00209225
1980-11-01,NoDur_excess,-0.0003,0.00326375,0.0,0.00188442,-0.00379249
1980-11-01,Other_excess,0.0671,0.0047975,0.0,0.00287183,-0.00357292
1980-11-01,Shops_excess,0.0162,0.00364625,0.0,0.0,-0.01366548
1980-11-01,Telcm_excess,-0.0142,0.00151042,0.0,0.0,-0.01100834
1980-11-01,Utils_excess,0.0643,0.00196625,0.0,0.0,-0.00799459
1980-12-01,Durbl_excess,-0.0239,0.00361625,0.0,0.0,0.0009234
1980-12-01,Enrgy_excess,-0.119,0.00885083,0.00556445,0.01589202,0.02277142
1980-12-01,HiTec_excess,-0.0245,0.00442917,0.0,0.00089326,0.00435982
1980-12-01,Hlth_excess,0.033,0.00440375,0.0,0.00440066,-0.0049866
1980-12-01,Manuf_excess,-0.0338,0.00315208,0.0,0.00211321,0.00065253
1980-12-01,NoDur_excess,-0.0031,0.00290667,0.0,0.0017585,0.000586
1980-12-01,Other_excess,-0.0127,0.00480458,0.0,0.00415054,0.00491561
1980-12-01,Shops_excess,-0.027,0.00343083,0.0,0.0,-0.01160849
1980-12-01,Telcm_excess,-0.0009,0.00128208,0.0,0.0,-0.00102765
1980-12-01,Utils_excess,-0.0323,0.00208375,0.0,0.00225172,0.00496723
1981-01-01,Durbl_excess,-0.0328,0.00354042,0.0,0.0,0.00166936
1981-01-01,Enrgy_excess,-0.112,0.00814042,0.01306795,0.01392154,0.0186006
1981-01-01,HiTec_excess,-0.0911,0.0042075,0.0,0.0,0.0031088
1981-01-01,Hlth_excess,-0.0266,0.00428875,0.0,0.00428837,0.00094044
1981-01-01,Manuf_excess,-0.03,0.00285292,0.0,0.00166796,0.00526841
1981-01-01,NoDur_excess,0.0099,0.00271375,0.0,0.00286754,0.00673532
1981-01-01,Other_excess,-0.044,0.00458292,0.0,0.00501809,0.00828603
1981-01-01,Shops_excess,-0.006,0.00323083,0.0,0.0,-0.00773988
1981-01-01,Telcm_excess,0.0451,0.00076167,0.0,0.00128618,0.0043971
1981-01-01,Utils_excess,-0.036,0.00169083,0.0,0.00382733,0.00545161
1981-02-01,Durbl_excess,0.0538,0.00306333,0.0,0.0,-0.00875495
1981-02-01,Enrgy_excess,-0.0138,0.007275,0.01075135,0.00905325,0.00716744
1981-02-01,HiTec_excess,-0.006,0.00371625,0.0,0.0,-0.00303974
1981-02-01,Hlth_excess,0.0073,0.003935,0.00668839,0.00393339,-0.00054885
1981-02-01,Manuf_excess,0.0331,0.00246083,0.01053308,0.00072248,-0.00042892
1981-02-01,NoDur_excess,0.0141,0.0025375,0.01750962,0.00179497,-0.00020909
1981-02-01,Other_excess,0.006,0.00408333,0.00864636,0.00196332,-0.00119692
1981-02-01,Shops_excess,0.0161,0.00309125,0.01781874,0.0,-0.01268209
1981-02-01,Telcm_excess,0.0106,0.00062875,0.01115878,0.0,0.00154946
1981-02-01,Utils_excess,-0.0234,0.00134208,0.0076019,0.0,-0.00568545
1981-03-01,Durbl_excess,0.0577,0.00312625,0.0,0.0,-0.01173251
1981-03-01,Enrgy_excess,-0.0326,0.00719292,0.0,0.00643121,0.00452556
1981-03-01,HiTec_excess,0.0377,0.00358417,0.0,0.0,-0.00714496
1981-03-01,Hlth_excess,0.0466,0.00375458,0.0,0.00375243,-0.00669215
1981-03-01,Manuf_excess,0.0484,0.00239375,0.0,0.0,-0.00080727
1981-03-01,NoDur_excess,0.0573,0.00232667,0.0,0.0,-0.00445029
1981-03-01,Other_excess,0.0782,0.0038775,0.0,0.0,-0.00712444
1981-03-01,Shops_excess,0.1163,0.0029575,0.0,0.0,-0.01029762
1981-03-01,Telcm_excess,-0.0004,0.0006475,0.0,0.0,-0.00697556
1981-03-01,Utils_excess,0.0179,0.00109917,0.0,0.0,-0.01136575
1981-04-01,Durbl_excess,0.0079,0.00323208,0.0,0.00826422,0.00422243
1981-04-01,Enrgy_excess,-0.0888,0.00700708,0.0,0.01074174,0.00811142
1981-04-01,HiTec_excess,-0.0091,0.00363417,0.0,0.0030792,0.00115899
1981-04-01,Hlth_excess,0.0195,0.00379875,0.0,0.00380262,0.00125898
1981-04-01,Manuf_excess,-0.021,0.00253667,0.0,0.00631532,0.00799686
1981-04-01,NoDur_excess,0.0007,0.00237167,0.0,0.00797442,0.01254997
1981-04-01,Other_excess,-0.0075,0.00406375,0.0,0.00876052,0.01080659
1981-04-01,Shops_excess,0.0181,0.00320583,0.0,0.01278378,0.01240629
1981-04-01,Telcm_excess,0.0512,0.0003425,0.0,0.009202,0.0079283
1981-04-01,Utils_excess,-0.0377,0.00109792,0.0,0.00633979,0.00206718
1981-05-01,Durbl_excess,0.0173,0.00334333,0.0,0.0,-0.00419436
1981-05-01,Enrgy_excess,-0.051,0.00644625,0.0,0.00559864,-0.00431374
1981-05-01,HiTec_excess,0.0311,0.00358333,0.0,0.0,-0.00609642
1981-05-01,Hlth_excess,0.0231,0.0039,0.0,0.00389891,-0.0032233
1981-05-01,Manuf_excess,-0.0156,0.00251208,0.0,0.00044108,-0.00218038
1981-05-01,NoDur_excess,0.015,0.00243792,0.0,0.00088972,-0.00132112
1981-05-01,Other_excess,0.0165,0.00401583,0.0,0.00128128,-0.00477551
1981-05-01,Shops_excess,0.0171,0.00326375,0.0,0.0,-0.00908631
1981-05-01,Telcm_excess,0.0606,0.00052958,0.0,0.0,-0.00178956
1981-05-01,Utils_excess,0.0069,0.00087042,0.0,0.0,-0.00742372
1981-06-01,Durbl_excess,-0.0565,0.00336958,0.0,0.00227371,0.00649058
1981-06-01,Enrgy_excess,0.0336,0.00623542,0.0,0.00478037,0.00086549
1981-06-01,HiTec_excess,-0.0809,0.00360125,0.0,0.0,-0.00034145
1981-06-01,Hlth_excess,-0.0695,0.00390875,0.0,0.00391308,0.00351121
1981-06-01,Manuf_excess,-0.026,0.00226375,0.0,0.00365859,0.00304933
1981-06-01,NoDur_excess,-0.0153,0.00235458,0.0,0.00669334,0.00799755
1981-06-01,Other_excess,-0.0271,0.00391792,0.0,0.00734324,0.00658462
1981-06-01,Shops_excess,-0.0278,0.00317208,0.0,0.01126551,-0.00198104
1981-06-01,Telcm_excess,-0.0326,0.00083292,0.0,0.01192933,0.01214537
1981-06-01,Utils_excess,0.0211,0.00080708,0.0,0.0,-0.00022622
1981-07-01,Durbl_excess,-0.0415,0.00320625,0.0,0.0,-0.00659503
1981-07-01,Enrgy_excess,0.067,0.00655125,0.0,0.00486141,0.00273159
1981-07-01,HiTec_excess,-0.0503,0.0034125,0.0,0.0,-0.00250311
1981-07-01,Hlth_excess,-0.0514,0.00377042,0.0,0.00377068,-0.00068783
1981-07-01,Manuf_excess,-0.041,0.0022875,0.0,0.00221232,0.00170417
1981-07-01,NoDur_excess,-0.02,0.0023575,0.00131973,0.00303523,-0.00017725
1981-07-01,Other_excess,-0.0397,0.00396917,0.0,0.00382089,0.00269384
1981-07-01,Shops_excess,-0.0464,0.00304042,0.00244329,0.00404913,0.00079998
1981-07-01,Telcm_excess,-0.009,0.00087292,0.00350448,0.0,0.00144484
1981-07-01,Utils_excess,0.0156,0.00098125,0.0,0.0,-0.00416464
1981-08-01,Durbl_excess,-0.0921,0.00278458,0.0,0.0,-0.0086318
1981-08-01,Enrgy_excess,-0.0762,0.00674292,0.0,0.0061407,0.01921178
1981-08-01,HiTec_excess,-0.0859,0.00313583,0.0,0.0,-0.0057023
1981-08-01,Hlth_excess,-0.0903,0.00341792,0.0,0.00341429,0.00025343
1981-08-01,Manuf_excess,-0.082,0.00202083,0.0,0.0,0.00214486
1981-08-01,NoDur_excess,-0.0621,0.00216333,0.0,0.00060288,-0.00032944
1981-08-01,Other_excess,-0.068,0.00375875,0.0,0.00065589,0.003802
1981-08-01,Shops_excess,-0.0689,0.00275208,0.0,0.0,-0.00589693
1981-08-01,Telcm_excess,-0.0205,0.000575,0.0,0.0,-0.00706113
1981-08-01,Utils_excess,-0.0213,0.00093417,0.0,0.0,-0.00603706
1981-09-01,Durbl_excess,-0.042,0.00235,0.0,0.0,-0.00786425
1981-09-01,Enrgy_excess,-0.1354,0.00642417,0.0,0.0042373,0.01833419
1981-09-01,HiTec_excess,-0.0515,0.00259667,0.0,0.0,-0.00251105
1981-09-01,Hlth_excess,-0.0253,0.00288667,0.0,0.00288104,0.00594419
1981-09-01,Manuf_excess,-0.0841,0.00158292,0.0,0.0,0.00699578
1981-09-01,NoDur_excess,-0.0341,0.00169667,0.0,0.0,0.00635505
1981-09-01,Other_excess,-0.0653,0.003265,0.0,0.0,0.01106053
1981-09-01,Shops_excess,-0.0487,0.002335,0.0,0.0,0.0192835
1981-09-01,Telcm_excess,0.016,0.00048667,0.0,0.0,-0.00196041
1981-09-01,Utils_excess,-0.0678,0.0006925,0.0,0.0,0.00631185
1981-10-01,Durbl_excess,-0.0536,0.0019875,0.0,0.0,-0.0105554
1981-10-01,Enrgy_excess,0.0839,0.00613458,0.0,0.00429204,0.02268397
1981-10-01,HiTec_excess,0.04,0.00238,0.0,0.0,0.00442079
1981-10-01,Hlth_excess,0.0675,0.00283958,0.0,0.00283402,0.00827207
1981-10-01,Manuf_excess,0.0249,0.00142583,0.0,0.0,0.00570319
1981-10-01,NoDur_excess,0.062,0.00155958,0.0,0.00104699,0.00792385
1981-10-01,Other_excess,0.0594,0.003075,0.0,0.00096537,0.01138611
1981-10-01,Shops_excess,0.0555,0.00212625,0.0,0.0,0.01887215
1981-10-01,Telcm_excess,0.0481,0.00067417,0.0,0.00189369,0.01935368
1981-10-01,Utils_excess,0.0368,0.00035833,0.0,0.0,0.03288771
1981-11-01,Durbl_excess,0.0379,0.00174958,0.0,0.01986172,0.01122304
1981-11-01,Enrgy_excess,0.0578,0.00621417,0.0,0.01302133,0.02869316
1981-11-01,HiTec_excess,0.0043,0.00241417,0.0,0.00533011,0.01674653
1981-11-01,Hlth_excess,0.0287,0.00297625,0.0,0.00297903,0.01752894
1981-11-01,Manuf_excess,0.036,0.00154667,0.0,0.00621217,0.01598251
1981-11-01,NoDur_excess,0.0159,0.00168625,0.0,0.01236134,0.01899649
1981-11-01,Other_excess,0.0398,0.00323458,0.0,0.01230559,0.02341009
1981-11-01,Shops_excess,0.0,0.00198792,0.0,0.02060725,0.03439647
1981-11-01,Telcm_excess,0.0163,0.00087417,0.0,0.02212138,0.02936174
1981-11-01,Utils_excess,0.0488,0.00029833,0.0,0.01603241,0.03152875
1981-12-01,Durbl_excess,-0.004,0.00150833,0.01654208,0.0396343,0.01933089
1981-12-01,Enrgy_excess,-0.0728,0.00623458,0.01778012,0.01885508,0.02986529
1981-12-01,HiTec_excess,-0.0089,0.00231667,0.01390486,0.01134565,0.01808865
1981-12-01,Hlth_excess,-0.0161,0.00297167,0.00838414,0.00297988,0.0167147
1981-12-01,Manuf_excess,-0.0253,0.00158083,0.01458776,0.01309469,0.01918646
1981-12-01,NoDur_excess,-0.0268,0.00153,0.02002346,0.01746266,0.02104819
1981-12-01,Other_excess,-0.0466,0.00324667,0.01774035,0.01891401,0.02314386
1981-12-01,Shops_excess,-0.0279,0.00178042,0.02163337,0.03437166,0.03181854
1981-12-01,Telcm_excess,-0.0232,0.00059417,0.01601821,0.02893263,0.01420984
1981-12-01,Utils_excess,-0.0322,0.00036542,0.015352,0.02561628,0.01085519
1982-01-01,Durbl_excess,0.0036,0.00138,0.0101155,0.00163264,7.956e-05
1982-01-01,Enrgy_excess,-0.0927,0.00577875,0.01219409,0.00897432,0.02297879
1982-01-01,HiTec_excess,0.019,0.00231583,0.00984496,0.00644425,0.01297315
1982-01-01,Hlth_excess,0.0064,0.00299542,0.00307736,0.00299683,0.01211202
1982-01-01,Manuf_excess,-0.041,0.00147625,0.00747079,0.00372203,0.01089017
1982-01-01,NoDur_excess,-0.0172,0.00155917,0.01163158,0.00503519,0.00983028
1982-01-01,Other_excess,-0.0398,0.00313792,0.00831462,0.00602023,0.01338175
1982-01-01,Shops_excess,-0.0067,0.00168667,0.01154462,0.00839911,0.02403129
1982-01-01,Telcm_excess,-0.0013,0.00036708,0.01295275,0.00287942,0.00792741
1982-01-01,Utils_excess,-0.0147,0.00041417,0.01006404,0.00387921,0.0115896
1982-02-01,Durbl_excess,-0.0297,0.00141208,0.0,0.00930403,0.0164355
1982-02-01,Enrgy_excess,-0.1212,0.00539667,0.0,0.00897969,0.0239426
1982-02-01,HiTec_excess,-0.0624,0.00261167,0.0,0.00534537,0.01836347
1982-02-01,Hlth_excess,-0.0266,0.00323125,0.0,0.00323255,0.0176763
1982-02-01,Manuf_excess,-0.0654,0.00146333,0.0,0.0034191,0.01410346
1982-02-01,NoDur_excess,-0.0286,0.00175375,0.0,0.00736929,0.01944572
1982-02-01,Other_excess,-0.0484,0.00304292,0.0,0.00759746,0.02104956
1982-02-01,Shops_excess,-0.0233,0.00202833,0.0,0.0092906,0.03064653
1982-02-01,Telcm_excess,-0.0661,0.00062458,0.0,0.01108128,0.01621075
1982-02-01,Utils_excess,-0.0126,0.00047083,0.0,0.00979786,0.01954436
1982-03-01,Durbl_excess,0.0253,0.00135792,0.0,0.00486168,0.0132922
1982-03-01,Enrgy_excess,-0.0439,0.00467875,0.0,0.00571918,0.01970147
1982-03-01,HiTec_excess,-0.0454,0.00236083,0.0,0.00382315,0.01866052
1982-03-01,Hlth_excess,-0.0354,0.0029725,0.0,0.00297411,0.01542573
1982-03-01,Manuf_excess,-0.0275,0.00114083,0.0,0.00252209,0.01433555
1982-03-01,NoDur_excess,0.0149,0.0016325,0.0,0.0067213,0.01557115
1982-03-01,Other_excess,-0.0224,0.00277875,0.0,0.00683722,0.01840289
1982-03-01,Shops_excess,0.033,0.00187125,0.0,0.01024223,0.02926116
1982-03-01,Telcm_excess,0.0107,0.00018625,0.00126288,0.00701425,0.01670462
1982-03-01,Utils_excess,0.0068,0.00031708,0.0,0.00652295,0.030893
1982-04-01,Durbl_excess,0.0331,0.00145458,0.00591313,0.01678166,0.01655552
1982-04-01,Enrgy_excess,0.0318,0.00457417,0.00193822,0.00610237,0.01893802
1982-04-01,HiTec_excess,0.0631,0.00217042,0.00236397,0.00707553,0.01945879
1982-04-01,Hlth_excess,0.0626,0.00281625,0.00236394,0.00281871,0.01681528
1982-04-01,Manuf_excess,0.0212,0.00105292,0.00125002,0.00473881,0.01661811
1982-04-01,NoDur_excess,0.0555,0.00174875,0.01107429,0.00987376,0.01982142
1982-04-01,Other_excess,0.0251,0.0027675,0.00584283,0.00911935,0.02207859
1982-04-01,Shops_excess,0.0418,0.00197917,0.01124382,0.01917672,0.03139964
1982-04-01,Telcm_excess,-0.0249,0.00036167,0.0100895,0.0107974,0.01770606
1982-04-01,Utils_excess,0.0272,0.00027208,0.00970274,0.01162449,0.02620049
1982-05-01,Durbl_excess,-0.0301,0.0018175,0.01374581,0.01634362,0.01914791
1982-05-01,Enrgy_excess,0.0128,0.00486458,0.00553541,0.00744411,0.01948912
1982-05-01,HiTec_excess,-0.0651,0.00290375,0.00861667,0.00608837,0.01724201
1982-05-01,Hlth_excess,-0.0411,0.00355875,0.00694442,0.00356003,0.01684162
1982-05-01,Manuf_excess,-0.0581,0.00148167,0.00757322,0.00441449,0.01495638
1982-05-01,NoDur_excess,-0.0435,0.00227125,0.01864636,0.01031024,0.01872177
1982-05-01,Other_excess,-0.0665,0.00317625,0.01179376,0.00884325,0.0200152
1982-05-01,Shops_excess,-0.0379,0.00234708,0.02043592,0.01864708,0.02804722
1982-05-01,Telcm_excess,-0.0086,0.00046208,0.01159432,0.00978949,0.01435366
1982-05-01,Utils_excess,-0.016,0.00051083,0.01371427,0.01170303,0.02877339
1982-06-01,Durbl_excess,0.0171,0.0018875,0.0182887,0.00549998,0.00666329
1982-06-01,Enrgy_excess,-0.0722,0.00513417,0.010366,0.00698864,0.01896629
1982-06-01,HiTec_excess,-0.0334,0.00310833,0.01221539,0.00344122,0.0113298
1982-06-01,Hlth_excess,-0.0171,0.00384792,0.00756528,0.00384483,0.01182171
1982-06-01,Manuf_excess,-0.0353,0.0015925,0.00880745,0.00164163,0.00901297
1982-06-01,NoDur_excess,0.007,0.00257125,0.01928282,0.00645394,0.01204764
1982-06-01,Other_excess,-0.0338,0.00323667,0.01304132,0.00509512,0.01502115
1982-06-01,Shops_excess,0.0169,0.0025775,0.02152301,0.01198844,0.021887
1982-06-01,Telcm_excess,-0.0341,0.00073042,0.01234252,0.00305896,0.00437031
1982-06-01,Utils_excess,-0.0317,0.00089042,0.01572307,0.00555419,0.02443853
1982-07-01,Durbl_excess,-0.0138,0.00222,0.0,0.0,0.00032512
1982-07-01,Enrgy_excess,-0.0916,0.00504333,0.0,0.00475492,0.01014442
1982-07-01,HiTec_excess,0.0046,0.00345958,0.0,0.0,0.00505122
1982-07-01,Hlth_excess,-0.0027,0.0043225,0.0,0.00431351,0.00927782
1982-07-01,Manuf_excess,-0.0338,0.00185458,0.0,0.0,0.00206784
1982-07-01,NoDur_excess,-0.015,0.00297625,0.000412,0.00352664,0.00882301
1982-07-01,Other_excess,-0.0408,0.00348583,0.0,0.00118962,0.0071968
1982-07-01,Shops_excess,-0.0083,0.00308375,0.0,0.00138097,0.02208113
1982-07-01,Telcm_excess,0.0015,0.00095167,0.00075609,0.00114582,0.00588694
1982-07-01,Utils_excess,-0.0364,0.00097958,0.00191432,0.00345815,0.02082288
1982-08-01,Durbl_excess,0.131,0.00183917,0.01322325,0.02052532,0.01524686
1982-08-01,Enrgy_excess,0.0929,0.00446875,0.0049925,0.00661583,0.01169585
1982-08-01,HiTec_excess,0.121,0.00301917,0.00977382,0.00702603,0.01325101
1982-08-01,Hlth_excess,0.1168,0.00399833,0.00538405,0.00399643,0.01318784
1982-08-01,Manuf_excess,0.132,0.00150625,0.00227142,0.00356791,0.00829577
1982-08-01,NoDur_excess,0.084,0.00270708,0.01303422,0.00997155,0.01689465
1982-08-01,Other_excess,0.106,0.00308792,0.00733092,0.00758099,0.01448594
1982-08-01,Shops_excess,0.1184,0.00287833,0.01339938,0.01878526,0.02547969
1982-08-01,Telcm_excess,0.1009,0.00066792,0.00758387,0.00698697,0.00849637
1982-08-01,Utils_excess,0.1132,0.00053125,0.01054024,0.00935335,0.01496193
1982-09-01,Durbl_excess,-0.0126,0.00223417,0.05056818,0.03595929,0.02073299
1982-09-01,Enrgy_excess,0.0134,0.00478875,0.02075519,0.01336116,0.01481068
1982-09-01,HiTec_excess,0.0066,0.00339167,0.04198934,0.01562895,0.0209185
1982-09-01,Hlth_excess,0.0085,0.00482458,0.02213625,0.0048353,0.02176412
1982-09-01,Manuf_excess,-0.0155,0.0019675,0.02985916,0.01226642,0.01527099
1982-09-01,NoDur_excess,0.0463,0.00302917,0.03587407,0.01800899,0.02224339
1982-09-01,Other_excess,0.0369,0.00337958,0.02983725,0.01677942,0.01998937
1982-09-01,Shops_excess,0.0426,0.00320208,0.0442625,0.03427161,0.02863903
1982-09-01,Telcm_excess,0.0049,0.00103208,0.02146237,0.02175678,0.01721832
1982-09-01,Utils_excess,0.0056,0.00088125,0.02816308,0.02871184,0.0232059
1982-10-01,Durbl_excess,0.1593,0.00228208,0.06304587,0.03595973,0.02063076
1982-10-01,Enrgy_excess,0.0491,0.00492708,0.03100503,0.01146869,0.01350566
1982-10-01,HiTec_excess,0.164,0.0037975,0.05485088,0.01544145,0.01947338
1982-10-01,Hlth_excess,0.0763,0.0050375,0.03086452,0.00504411,0.0182739
1982-10-01,Manuf_excess,0.1247,0.00215333,0.04121157,0.01052723,0.01547528
1982-10-01,NoDur_excess,0.0987,0.00346458,0.0501834,0.01625866,0.02371398
1982-10-01,Other_excess,0.1509,0.00378208,0.04491606,0.01464106,0.01990911
1982-10-01,Shops_excess,0.1628,0.00366458,0.06034606,0.03328462,0.03007284
1982-10-01,Telcm_excess,0.0753,0.00131375,0.0272369,0.01669985,0.0133646
1982-10-01,Utils_excess,0.0414,0.00103292,0.03582622,0.02069526,0.02137849
1982-11-01,Durbl_excess,0.0762,0.00285375,0.06613413,0.03133442,0.02166497
1982-11-01,Enrgy_excess,-0.0521,0.00515417,0.02892377,0.01245411,0.01273878
1982-11-01,HiTec_excess,0.1006,0.00449708,0.05797367,0.01684872,0.02183932
1982-11-01,Hlth_excess,0.0454,0.00526333,0.03143065,0.0052748,0.01255339
1982-11-01,Manuf_excess,0.0516,0.00262167,0.04484199,0.01241955,0.01272262
1982-11-01,NoDur_excess,0.046,0.0040225,0.05145549,0.01839588,0.01488874
1982-11-01,Other_excess,0.0694,0.0043975,0.04857261,0.01829289,0.01487938
1982-11-01,Shops_excess,0.1056,0.00440917,0.06542435,0.03593088,0.01959208
1982-11-01,Telcm_excess,0.0537,0.0015225,0.02868526,0.01934853,0.01478267
1982-11-01,Utils_excess,-0.0051,0.00126125,0.03353982,0.02328428,0.01108092
1982-12-01,Durbl_excess,0.0236,0.00289542,0.06105789,0.02578913,0.0190311
1982-12-01,Enrgy_excess,0.0486,0.0044975,0.01893351,0.00651224,0.00602119
1982-12-01,HiTec_excess,0.0198,0.00431708,0.05356538,0.01806697,0.01978569
1982-12-01,Hlth_excess,-0.0009,0.00472625,0.02752718,0.00473749,0.00828747
1982-12-01,Manuf_excess,0.0006,0.00229375,0.03991618,0.01049397,0.0106075
1982-12-01,NoDur_excess,0.003,0.0037175,0.04621223,0.01547894,0.01099866
1982-12-01,Other_excess,-0.0203,0.00407917,0.04337295,0.01545683,0.01288729
1982-12-01,Shops_excess,-0.0274,0.0043925,0.0625745,0.03367205,0.02023084
1982-12-01,Telcm_excess,-0.019,0.00145583,0.02762212,0.01303444,0.0140457
1982-12-01,Utils_excess,0.0367,0.00092958,0.02757002,0.01487449,0.00532123
1983-01-01,Durbl_excess,0.0448,0.00285583,0.04434762,0.03637202,0.02502916
1983-01-01,Enrgy_excess,0.0295,0.00451417,0.01552936,0.00882946,0.00776028
1983-01-01,HiTec_excess,0.0769,0.00441625,0.03998714,0.0182837,0.01642488
1983-01-01,Hlth_excess,0.0073,0.00469542,0.0201093,0.00470431,0.0069576
1983-01-01,Manuf_excess,0.0434,0.00235042,0.02742114,0.0110992,0.00715391
1983-01-01,NoDur_excess,-0.017,0.00367917,0.03261212,0.01547091,0.01467893
1983-01-01,Other_excess,0.0216,0.00394625,0.02980871,0.01490303,0.01011253
1983-01-01,Shops_excess,0.0057,0.00428625,0.04294167,0.03206302,0.01415408
1983-01-01,Telcm_excess,0.1175,0.00134125,0.01903794,0.01642243,0.00939498
1983-01-01,Utils_excess,0.0298,0.00094708,0.02102029,0.01779489,0.0100014
1983-02-01,Durbl_excess,0.0302,0.00273625,0.02921004,0.01349891,0.0114548
1983-02-01,Enrgy_excess,-0.0121,0.00453583,0.00707933,0.00561812,0.00306308
1983-02-01,HiTec_excess,0.0299,0.00451208,0.02799173,0.0136625,0.01612391
1983-02-01,Hlth_excess,0.0221,0.00450042,0.01169256,0.00450638,0.00523923
1983-02-01,Manuf_excess,0.0344,0.00230083,0.01501329,0.00652311,0.00656407
1983-02-01,NoDur_excess,0.0314,0.00337125,0.01764992,0.00877244,0.00542634
1983-02-01,Other_excess,0.0394,0.00382917,0.01574579,0.00882973,0.00414475
1983-02-01,Shops_excess,0.0729,0.00414833,0.02540527,0.01724875,0.01297237
1983-02-01,Telcm_excess,-0.0099,0.00166917,0.01534476,0.00549065,0.00720179
1983-02-01,Utils_excess,0.0097,0.00086292,0.01281119,0.0073073,0.00436935
1983-03-01,Durbl_excess,-0.0178,0.00299333,0.02312165,0.02973572,0.02701435
1983-03-01,Enrgy_excess,0.053,0.00455042,0.00635143,0.00880301,0.00945456
1983-03-01,HiTec_excess,0.0003,0.0048575,0.02216087,0.01609152,0.02133236
1983-03-01,Hlth_excess,0.0391,0.00470958,0.01055914,0.00471655,0.00773763
1983-03-01,Manuf_excess,0.0147,0.00256042,0.01270954,0.01038001,0.01412911
1983-03-01,NoDur_excess,0.0689,0.00363833,0.01564199,0.01280365,0.01373712
1983-03-01,Other_excess,0.0432,0.00402333,0.0143023,0.01343001,0.01353774
1983-03-01,Shops_excess,0.0788,0.00449,0.02250317,0.0271249,0.0263464
1983-03-01,Telcm_excess,0.0001,0.00168375,0.01222606,0.01570736,0.01803423
1983-03-01,Utils_excess,-0.0038,0.00097375,0.01071253,0.01381938,0.00904046
1983-04-01,Durbl_excess,0.1017,0.00263333,0.01193371,0.01463711,0.01594504
1983-04-01,Enrgy_excess,0.0865,0.00449,0.0,0.00499633,0.00425686
1983-04-01,HiTec_excess,0.0678,0.00475375,0.01150566,0.01291444,0.0186563
1983-04-01,Hlth_excess,0.0434,0.00483292,0.00497904,0.00483804,0.00523906
1983-04-01,Manuf_excess,0.0563,0.00251125,0.0035946,0.0067978,0.00987071
1983-04-01,NoDur_excess,0.0549,0.00382833,0.007587,0.00897099,0.01027986
1983-04-01,Other_excess,0.0763,0.00409042,0.00477732,0.00876089,0.00679557
1983-04-01,Shops_excess,0.0787,0.00474417,0.01287101,0.01908282,0.01679399
1983-04-01,Telcm_excess,0.0443,0.00161292,0.00752722,0.00486398,0.00258915
1983-04-01,Utils_excess,0.0407,0.00089292,0.00439651,0.00511271,0.00211522
1983-05-01,Durbl_excess,-0.0277,0.00283208,0.00617979,0.01477958,0.01902531
1983-05-01,Enrgy_excess,0.0064,0.00460875,0.0,0.00681832,0.01159515
1983-05-01,HiTec_excess,0.0211,0.00477917,0.00504278,0.01040979,0.01297546
1983-05-01,Hlth_excess,-0.0344,0.00470625,0.0014406,0.00471049,0.00159047
1983-05-01,Manuf_excess,0.0132,0.00256167,0.0,0.00680678,0.00918933
1983-05-01,NoDur_excess,-0.0164,0.00396792,0.00200229,0.00899062,0.01163773
1983-05-01,Other_excess,0.0168,0.00417167,0.0,0.00921217,0.00913371
1983-05-01,Shops_excess,-0.0022,0.004855,0.00677434,0.0186627,0.01036141
1983-05-01,Telcm_excess,-0.02,0.0016525,0.00476706,0.00596012,0.01097206
1983-05-01,Utils_excess,0.0185,0.00097417,0.00027083,0.00511056,0.00321591
1983-06-01,Durbl_excess,0.0965,0.00239125,0.0,0.00298701,-0.00068181
1983-06-01,Enrgy_excess,0.0576,0.00464958,0.0,0.00373444,0.00112992
1983-06-01,HiTec_excess,0.0546,0.00470208,0.0,0.0073329,0.00227803
1983-06-01,Hlth_excess,0.0625,0.00458333,0.0,0.0045839,-0.00690983
1983-06-01,Manuf_excess,0.0091,0.00253917,0.0,0.00269561,-0.00183729
1983-06-01,NoDur_excess,0.0252,0.00383125,0.0,0.00420521,0.00103708
1983-06-01,Other_excess,0.0101,0.00410292,0.0,0.00418956,-0.00030883
1983-06-01,Shops_excess,0.0544,0.00474708,0.0,0.00682235,0.00102046
1983-06-01,Telcm_excess,-0.0049,0.00160583,0.0,0.0,-0.00065323
1983-06-01,Utils_excess,-0.0122,0.00101792,0.0,0.0,0.00090287
1983-07-01,Durbl_excess,-0.0464,0.00293792,0.0,0.01234971,0.01566755
1983-07-01,Enrgy_excess,-0.0301,0.00484875,0.0,0.00534334,0.00861378
1983-07-01,HiTec_excess,-0.061,0.00514417,0.0,0.00920556,0.01274012
1983-07-01,Hlth_excess,-0.0642,0.00489875,0.0,0.00490124,0.00536561
1983-07-01,Manuf_excess,-0.0332,0.00269333,0.0,0.00464364,0.00380272
1983-07-01,NoDur_excess,-0.034,0.00400333,0.0,0.00703651,0.0088362
1983-07-01,Other_excess,-0.0438,0.00421167,0.0,0.00674794,0.00770645
1983-07-01,Shops_excess,-0.0402,0.00504125,0.0,0.01290819,0.00877351
1983-07-01,Telcm_excess,-0.0591,0.00167583,0.0,0.0064063,0.00354117
1983-07-01,Utils_excess,0.0028,0.00102375,0.0,0.00432183,0.00414595
1983-08-01,Durbl_excess,-0.0313,0.00275875,0.0,0.0,0.00435331
1983-08-01,Enrgy_excess,0.0611,0.00463875,0.0,0.00212887,0.00484242
1983-08-01,HiTec_excess,-0.0187,0.00492958,0.0,0.00457622,0.00206841
1983-08-01,Hlth_excess,-0.0177,0.00461875,0.0,0.00461888,0.00243196
1983-08-01,Manuf_excess,-0.0016,0.00262375,0.0,0.00019675,0.00149453
1983-08-01,NoDur_excess,-0.0004,0.00389292,0.0,0.00242268,0.0029988
1983-08-01,Other_excess,-0.0167,0.00410667,0.0,0.00180277,0.00433282
1983-08-01,Shops_excess,-0.0549,0.00492875,0.0,0.00029066,0.00436055
1983-08-01,Telcm_excess,0.0144,0.00145125,0.0,0.0,-0.00407653
1983-08-01,Utils_excess,0.0076,0.00101292,0.0,0.0,1.175e-05
1983-09-01,Durbl_excess,0.0363,0.002365,0.0,0.00564276,0.00809098
1983-09-01,Enrgy_excess,-0.0536,0.00473958,0.0,0.00470756,0.00852522
1983-09-01,HiTec_excess,0.014,0.00464792,0.0,0.00705981,0.00601697
1983-09-01,Hlth_excess,0.0054,0.00415667,0.0,0.00415847,0.00205068
1983-09-01,Manuf_excess,0.0152,0.00236917,0.0,0.00304781,0.00300334
1983-09-01,NoDur_excess,0.039,0.00369792,0.0,0.00517261,0.00290136
1983-09-01,Other_excess,0.0084,0.0038225,0.0,0.00486735,0.00483929
1983-09-01,Shops_excess,0.0143,0.0044425,0.0,0.00673382,0.00215034
1983-09-01,Telcm_excess,0.015,0.00134292,0.0,0.00243515,0.00057957
1983-09-01,Utils_excess,0.039,0.00088333,0.0,0.00174043,0.00371345
1983-10-01,Durbl_excess,-0.0072,0.00253792,0.0,0.01308057,0.01328212
1983-10-01,Enrgy_excess,-0.0281,0.00467958,0.0,0.0060497,0.01368797
1983-10-01,HiTec_excess,-0.0771,0.00471042,0.0,0.00726166,0.00337233
1983-10-01,Hlth_excess,-0.0294,0.00436,0.0,0.00436185,0.00108725
1983-10-01,Manuf_excess,-0.0305,0.0024775,0.0,0.00466397,0.0034253
1983-10-01,NoDur_excess,-0.0097,0.00394417,0.0,0.00732332,0.00665306
1983-10-01,Other_excess,-0.0483,0.00400042,0.0,0.00707617,0.0046824
1983-10-01,Shops_excess,-0.0253,0.004475,0.0,0.01100198,0.00955751
1983-10-01,Telcm_excess,-0.0595,0.00131833,0.0,0.00850883,0.00860245
1983-10-01,Utils_excess,0.0229,0.00116083,0.0,0.00615183,0.00898943
1983-11-01,Durbl_excess,0.0353,0.00207375,0.0,0.00493057,0.00556101
1983-11-01,Enrgy_excess,-0.0115,0.00458833,0.0,0.00369879,0.00461266
1983-11-01,HiTec_excess,0.0163,0.00405875,0.0,0.00671044,0.00341984
1983-11-01,Hlth_excess,-0.0373,0.00410833,0.0,0.00411002,-0.00086047
1983-11-01,Manuf_excess,0.0578,0.00225583,0.0,0.00275736,0.0008164
1983-11-01,NoDur_excess,0.016,0.003805,0.0,0.00474659,0.00185642
1983-11-01,Other_excess,0.0402,0.00375292,0.0,0.00393989,0.00195364
1983-11-01,Shops_excess,0.0374,0.00436,0.0,0.00563867,-0.00017702
1983-11-01,Telcm_excess,0.0247,0.00093958,0.0,0.0,0.00123407
1983-11-01,Utils_excess,-0.0234,0.00129625,0.0,0.00149343,0.00651685
1983-12-01,Durbl_excess,0.0019,0.00244875,0.0,0.01115606,0.01173752
1983-12-01,Enrgy_excess,0.0137,0.00459917,0.0,0.00449297,0.00302846
1983-12-01,HiTec_excess,-0.0037,0.00415,0.0,0.00729334,0.00126417
1983-12-01,Hlth_excess,-0.0436,0.0040325,0.0,0.00403414,-0.00331731
1983-12-01,Manuf_excess,-0.0184,0.002495,0.0,0.00434457,0.00331925
1983-12-01,NoDur_excess,-0.012,0.00393,0.0,0.00634497,0.00436716
1983-12-01,Other_excess,-0.016,0.0039275,0.0,0.00573267,0.00523342
1983-12-01,Shops_excess,-0.0545,0.00457917,0.0,0.00931324,0.00463831
1983-12-01,Telcm_excess,-0.0226,0.00088125,0.0,0.00485981,0.00403077
1983-12-01,Utils_excess,-0.0437,0.00125417,0.0,0.00414328,0.0056897
1984-01-01,Durbl_excess,-0.0614,0.00244458,0.0,0.00756526,0.00627576
1984-01-01,Enrgy_excess,0.0909,0.00447417,0.0,0.00342898,-0.00012568
1984-01-01,HiTec_excess,-0.0696,0.00402,0.0,0.0067634,0.00390819
1984-01-01,Hlth_excess,-0.0133,0.00379875,0.0,0.00379954,-0.00268047
1984-01-01,Manuf_excess,-0.0425,0.00234958,0.0,0.00320554,0.00424936
1984-01-01,NoDur_excess,-0.0147,0.00377375,0.0,0.004932,0.00368009
1984-01-01,Other_excess,-0.0239,0.0037625,0.0,0.00414251,0.00469278
1984-01-01,Shops_excess,-0.0661,0.00435042,0.0,0.00576249,-0.00098367
1984-01-01,Telcm_excess,0.0334,0.00080292,0.0,0.0013892,-0.00098391
1984-01-01,Utils_excess,0.0068,0.00098375,0.0,0.00079649,0.00136341
1984-02-01,Durbl_excess,-0.068,0.00215042,0.0,0.00838639,0.00656461
1984-02-01,Enrgy_excess,0.0325,0.00466333,0.0,0.00515997,0.01219561
1984-02-01,HiTec_excess,-0.0664,0.00362042,0.0,0.00494442,-0.00135698
1984-02-01,Hlth_excess,-0.0274,0.00360167,0.0,0.0036024,-0.00392789
1984-02-01,Manuf_excess,-0.073,0.00207417,0.0,0.00310266,-0.00011049
1984-02-01,NoDur_excess,-0.0636,0.0036925,0.0,0.00557253,0.00490106
1984-02-01,Other_excess,-0.0564,0.00362667,0.0,0.00474999,0.00182145
1984-02-01,Shops_excess,-0.0516,0.00398292,0.0,0.00663432,-0.00128559
1984-02-01,Telcm_excess,-0.0439,0.00081625,0.0,0.00446234,0.00333111
1984-02-01,Utils_excess,-0.0405,0.00096667,0.0,0.00289467,0.00591142
1984-03-01,Durbl_excess,-0.0036,0.00180917,0.0,0.00240056,0.00348146
1984-03-01,Enrgy_excess,-0.0046,0.00476458,0.0,0.00472686,0.00778692
1984-03-01,HiTec_excess,0.0106,0.00327292,0.0,0.00417388,0.00057329
1984-03-01,Hlth_excess,-0.014,0.00342958,0.0,0.00343039,-0.00244566
1984-03-01,Manuf_excess,0.0256,0.00166708,0.0,0.00127437,0.00035039
1984-03-01,NoDur_excess,0.009,0.00336083,0.0,0.00422591,0.00476564
1984-03-01,Other_excess,0.0172,0.00318,0.0,0.00324801,0.00335242
1984-03-01,Shops_excess,0.0048,0.00371083,0.0,0.00274656,0.00179329
1984-03-01,Telcm_excess,-0.0503,0.00065583,0.0,0.00205003,0.00473991
1984-03-01,Utils_excess,-0.0104,0.0007725,0.0,0.00166211,0.00402832
1984-04-01,Durbl_excess,0.0051,0.00176208,0.0,0.00513016,0.00751091
1984-04-01,Enrgy_excess,0.0317,0.0047,0.0,0.0047145,0.00477488
1984-04-01,HiTec_excess,-0.0124,0.00318917,0.0,0.00510997,0.00198974
1984-04-01,Hlth_excess,0.0151,0.003465,0.0,0.00346553,-0.00523482
1984-04-01,Manuf_excess,-0.0094,0.00163292,0.0,0.0018848,0.00120712
1984-04-01,NoDur_excess,-0.0024,0.00328292,0.0,0.0047182,0.00484899
1984-04-01,Other_excess,-0.0284,0.0031675,0.0,0.00370542,0.00406
1984-04-01,Shops_excess,-0.0047,0.0036425,0.0,0.00373785,-0.00152952
1984-04-01,Telcm_excess,0.0139,0.00049667,0.0,0.00250476,-0.00016616
1984-04-01,Utils_excess,-0.0131,0.00077292,0.0,0.00205562,0.00083169
1984-05-01,Durbl_excess,-0.0657,0.00172042,0.0,0.00378602,0.00658013
1984-05-01,Enrgy_excess,-0.059,0.00467583,0.0,0.00492475,0.00810422
1984-05-01,HiTec_excess,-0.0638,0.00330083,0.0,0.00441005,3.921e-05
1984-05-01,Hlth_excess,-0.0724,0.00359917,0.0,0.00359918,-0.00276954
1984-05-01,Manuf_excess,-0.0659,0.0016775,0.0,0.00163131,0.00142605
1984-05-01,NoDur_excess,-0.0319,0.00330458,0.0,0.00426877,0.00386149
1984-05-01,Other_excess,-0.0766,0.00304917,0.0,0.00311794,9.069e-05
1984-05-01,Shops_excess,-0.0596,0.00351542,0.0,0.00341935,-0.00179702
1984-05-01,Telcm_excess,-0.0435,0.00053208,0.0,0.00069659,0.00129498
1984-05-01,Utils_excess,-0.0161,0.00068667,0.0,0.00033347,0.00226378
1984-06-01,Durbl_excess,0.0136,0.00139458,0.0,0.0,-0.00109405
1984-06-01,Enrgy_excess,-0.0275,0.00435167,0.0,0.00364844,0.00104199
1984-06-01,HiTec_excess,0.0104,0.00293208,0.0,0.00417459,-0.00379097
1984-06-01,Hlth_excess,0.0311,0.00328667,0.0,0.00328564,-0.00640279
1984-06-01,Manuf_excess,0.0244,0.00134083,0.0,4.603e-05,-0.00363659
1984-06-01,NoDur_excess,0.0557,0.00311792,0.0,0.00290234,0.00108269
1984-06-01,Other_excess,0.0147,0.00264167,0.0,0.0009744,-0.00480489
1984-06-01,Shops_excess,0.0665,0.00311542,0.0,0.0,-0.00691984
1984-06-01,Telcm_excess,0.1146,0.00037792,0.0,0.0,-0.00381405
1984-06-01,Utils_excess,-0.0031,0.00059542,0.0,0.0,-0.00215137
1984-07-01,Durbl_excess,0.0171,0.00143167,0.0,0.01328698,0.01007428
1984-07-01,Enrgy_excess,-0.0829,0.00422167,0.0,0.0069733,0.00275335
1984-07-01,HiTec_excess,-0.0327,0.00296667,0.0,0.00948352,0.00641494
1984-07-01,Hlth_excess,-0.0459,0.00340458,0.0,0.00340786,0.00016577
1984-07-01,Manuf_excess,-0.0229,0.00141833,0.0,0.00527272,0.00336869
1984-07-01,NoDur_excess,-0.0239,0.00329292,0.0,0.00899112,0.00976922
1984-07-01,Other_excess,-0.0269,0.00266208,0.0,0.00760494,0.00626597
1984-07-01,Shops_excess,-0.007,0.00324542,0.0,0.01369826,0.00672438
1984-07-01,Telcm_excess,0.0199,0.0006725,0.0,0.00640634,0.01040944
1984-07-01,Utils_excess,-0.0083,0.00050292,0.0,0.0055968,0.0006214
1984-08-01,Durbl_excess,0.0917,0.00128083,0.0,0.02313279,0.01437803
1984-08-01,Enrgy_excess,0.1318,0.00374958,0.0,0.00769356,0.00126907
1984-08-01,HiTec_excess,0.1313,0.00291833,0.0,0.0098945,0.00237674
1984-08-01,Hlth_excess,0.0961,0.00302792,0.0,0.00303118,-0.00289396
1984-08-01,Manuf_excess,0.1107,0.00127958,0.0,0.00690345,2.375e-05
1984-08-01,NoDur_excess,0.0786,0.0031325,0.0,0.01102614,0.00709801
1984-08-01,Other_excess,0.1026,0.00250875,0.0,0.01000735,0.00033584
1984-08-01,Shops_excess,0.0903,0.00317917,0.0,0.02020847,0.01001112
1984-08-01,Telcm_excess,0.0589,0.00085167,0.00118532,0.0123466,0.00899255
1984-08-01,Utils_excess,0.0695,0.00027542,0.0,0.01007922,0.00757043
1984-09-01,Durbl_excess,-0.0106,0.00161542,0.0,0.01310484,0.02206657
1984-09-01,Enrgy_excess,0.0139,0.00438833,0.0,0.00692581,0.00868615
1984-09-01,HiTec_excess,-0.048,0.00359208,0.0,0.0093708,0.01673677
1984-09-01,Hlth_excess,-0.0528,0.00361583,0.0,0.00362004,0.00740084
1984-09-01,Manuf_excess,-0.0343,0.001805,0.0,0.00600713,0.01108346
1984-09-01,NoDur_excess,0.004,0.0034825,0.0,0.00981333,0.01423645
1984-09-01,Other_excess,0.0132,0.00307875,0.0,0.00892579,0.01125653
1984-09-01,Shops_excess,-0.008,0.00355333,0.0,0.01638033,0.01743102
1984-09-01,Telcm_excess,0.0206,0.00117375,0.00046041,0.00834385,0.01013338
1984-09-01,Utils_excess,0.04,0.00057833,0.0,0.00791593,0.00922442
1984-10-01,Durbl_excess,0.0115,0.00138958,0.0,0.01535799,0.01474748
1984-10-01,Enrgy_excess,-0.0535,0.00433042,0.0,0.00744697,0.00927397
1984-10-01,HiTec_excess,-0.0155,0.00335583,0.0,0.00871273,0.00496745
1984-10-01,Hlth_excess,0.0066,0.00329292,0.0,0.00329494,0.00017225
1984-10-01,Manuf_excess,-0.0041,0.001475,0.0,0.00555957,0.00427304
1984-10-01,NoDur_excess,0.0038,0.00344,0.0,0.00916222,0.01238334
1984-10-01,Other_excess,-0.0023,0.00298125,0.0,0.0085435,0.00571786
1984-10-01,Shops_excess,-0.0169,0.00338667,0.0,0.01606257,0.00765614
1984-10-01,Telcm_excess,-0.018,0.00131417,0.00091993,0.00784446,0.00930808
1984-10-01,Utils_excess,0.0235,0.00067833,0.0,0.00727922,0.01090177
1984-11-01,Durbl_excess,-0.0376,0.00144667,0.0,0.01822947,0.01371858
1984-11-01,Enrgy_excess,-0.0172,0.00399167,0.0,0.00780255,0.00921949
1984-11-01,HiTec_excess,-0.0453,0.00334458,0.0,0.0104947,0.0055029
1984-11-01,Hlth_excess,-0.0081,0.00321333,0.0,0.0032173,0.0006985
1984-11-01,Manuf_excess,-0.0208,0.00145208,0.0,0.0070299,0.00673763
1984-11-01,NoDur_excess,-0.0035,0.00347583,0.0,0.01043913,0.00955274
1984-11-01,Other_excess,-0.0107,0.00290625,0.0,0.01036517,0.00729036
1984-11-01,Shops_excess,-0.0364,0.00323208,0.0,0.01758244,0.01260563
1984-11-01,Telcm_excess,-0.0097,0.00128833,0.0,0.00860412,0.00657375
1984-11-01,Utils_excess,0.0233,0.00074875,0.0,0.00969707,0.0099701
1984-12-01,Durbl_excess,0.0397,0.00134958,0.0,0.01564348,0.0071373
1984-12-01,Enrgy_excess,-0.0121,0.00382583,0.0,0.00680401,0.00632123
1984-12-01,HiTec_excess,0.019,0.0031775,0.0,0.01215815,0.00531418
1984-12-01,Hlth_excess,0.0207,0.00310125,0.0,0.00310562,-0.00259175
1984-12-01,Manuf_excess,0.0152,0.0014025,0.0,0.00691737,0.00165525
1984-12-01,NoDur_excess,0.018,0.00344375,0.0,0.00972573,0.00445721
1984-12-01,Other_excess,0.0306,0.0029425,0.0,0.00962012,0.00296915
1984-12-01,Shops_excess,0.0012,0.00295792,0.0,0.01496518,0.00099566
1984-12-01,Telcm_excess,0.0448,0.00135292,0.0,0.00529726,0.00510366
1984-12-01,Utils_excess,0.0201,0.00080083,0.0,0.00790145,0.00536499
1985-01-01,Durbl_excess,0.0919,0.00144917,0.0,0.02082986,0.01036497
1985-01-01,Enrgy_excess,0.0589,0.00379708,0.0,0.00477776,0.00847623
1985-01-01,HiTec_excess,0.1191,0.00327,0.0,0.02598405,0.0079749
1985-01-01,Hlth_excess,0.0766,0.00301792,0.0,0.00611141,0.00137616
1985-01-01,Manuf_excess,0.0782,0.00150792,0.0,0.01316562,0.00338439
1985-01-01,NoDur_excess,0.0419,0.00352208,0.0,0.01595648,0.00874373
1985-01-01,Other_excess,0.0916,0.00315708,0.0,0.01658025,0.00667308
1985-01-01,Shops_excess,0.1248,0.00296917,0.0,0.01490266,0.00195424
1985-01-01,Telcm_excess,0.0521,0.0014225,0.0,0.00775691,0.01266435
1985-01-01,Utils_excess,0.0175,0.00087708,0.0,0.00965832,0.00558271
1985-02-01,Durbl_excess,-0.0215,0.001685,0.0,0.02592821,0.01785351
1985-02-01,Enrgy_excess,0.033,0.00403958,0.0,0.00540243,0.01314415
1985-02-01,HiTec_excess,-0.019,0.00346708,0.0,0.02788076,0.013135
1985-02-01,Hlth_excess,0.0302,0.00302958,0.0,0.00718313,0.00560489
1985-02-01,Manuf_excess,0.0075,0.00162083,0.0,0.01707755,0.01013979
1985-02-01,NoDur_excess,0.0449,0.00345583,0.0,0.01772145,0.01371217
1985-02-01,Other_excess,0.0152,0.00335333,0.0,0.02094967,0.01296264
1985-02-01,Shops_excess,0.0152,0.00337375,0.0,0.02130941,0.00973554
1985-02-01,Telcm_excess,0.0211,0.00164083,0.0,0.0108232,0.01283477
1985-02-01,Utils_excess,0.0079,0.00079667,0.0,0.01136626,0.01139741
1985-03-01,Durbl_excess,-0.0585,0.00162958,0.0,0.0,0.00253137
1985-03-01,Enrgy_excess,0.0083,0.00433083,0.0,0.00459663,-0.00131328
1985-03-01,HiTec_excess,-0.0664,0.00330917,0.0,0.00702247,0.00440303
1985-03-01,Hlth_excess,0.0245,0.00306708,0.0,0.00358623,0.00345811
1985-03-01,Manuf_excess,-0.0338,0.00155833,0.0,0.0,-0.00027618
1985-03-01,NoDur_excess,0.0402,0.00358917,0.0,0.0,0.00621996
1985-03-01,Other_excess,-0.0078,0.00332167,0.0,0.00407229,-0.00194741
1985-03-01,Shops_excess,-0.0123,0.00339167,0.0,0.0,0.00577775
1985-03-01,Telcm_excess,0.0486,0.00170792,0.0,0.0,0.00207177
1985-03-01,Utils_excess,0.0551,0.00082417,0.0,0.0,0.00405503
1985-04-01,Durbl_excess,-0.0417,0.0013475,0.0,0.01416564,0.00609416
1985-04-01,Enrgy_excess,0.0308,0.00450667,0.0,0.0056309,0.0145136
1985-04-01,HiTec_excess,-0.0436,0.00306667,0.0,0.01098755,-0.00091829
1985-04-01,Hlth_excess,-0.0249,0.0032225,0.0,0.00579591,-0.00167201
1985-04-01,Manuf_excess,-0.0221,0.00148042,0.0,0.00776549,0.00159613
1985-04-01,NoDur_excess,-0.0285,0.00380375,0.0,0.01447517,0.00948577
1985-04-01,Other_excess,0.0072,0.00332,0.0,0.01415564,0.00436853
1985-04-01,Shops_excess,-0.0068,0.00338958,0.0,0.01238161,0.00623767
1985-04-01,Telcm_excess,0.0018,0.00199542,0.0,0.01100456,0.01355602
1985-04-01,Utils_excess,0.0088,0.00109042,0.0,0.01007728,0.01239574
1985-05-01,Durbl_excess,0.0524,0.00090417,0.0,0.01193446,0.0062373
1985-05-01,Enrgy_excess,-0.0004,0.00461208,0.0,0.00570948,0.01549932
1985-05-01,HiTec_excess,0.0218,0.00268375,0.0,0.0113238,0.00455463
1985-05-01,Hlth_excess,0.0871,0.00300792,0.0,0.00544672,0.0043007
1985-05-01,Manuf_excess,0.0543,0.0012325,0.0,0.00870194,0.00210912
1985-05-01,NoDur_excess,0.0732,0.00352292,0.0,0.01242938,0.00711089
1985-05-01,Other_excess,0.0564,0.00326625,0.0,0.01380032,0.00712394
1985-05-01,Shops_excess,0.0894,0.00309083,0.0,0.0142377,0.00852404
1985-05-01,Telcm_excess,0.0597,0.00191875,0.0024123,0.00813145,0.01476005
1985-05-01,Utils_excess,0.0472,0.0011125,0.0,0.00848653,0.01211441
1985-06-01,Durbl_excess,0.0094,0.00127292,0.00084138,0.03276986,0.01803648
1985-06-01,Enrgy_excess,-0.0119,0.0045875,8.017e-05,0.00634854,0.01747894
1985-06-01,HiTec_excess,-0.0125,0.00276792,0.0,0.02281291,0.0092658
1985-06-01,Hlth_excess,0.0172,0.00343583,0.0,0.00874248,0.01459497
1985-06-01,Manuf_excess,0.0096,0.00149458,0.0,0.02345165,0.00849058
1985-06-01,NoDur_excess,0.0221,0.00387333,0.00171349,0.02824994,0.02218123
1985-06-01,Other_excess,0.0231,0.00357708,0.0,0.02540248,0.01362028
1985-06-01,Shops_excess,0.0105,0.00346833,0.00026245,0.03229436,0.02207104
1985-06-01,Telcm_excess,0.0355,0.002065,0.00605933,0.01639755,0.01935762
1985-06-01,Utils_excess,0.0307,0.0013625,0.00191582,0.01653033,0.01628149
1985-07-01,Durbl_excess,0.0192,0.00161042,0.00490899,0.01947053,0.00912115
1985-07-01,Enrgy_excess,-0.0121,0.00463792,0.00181207,0.00565315,0.00917897
1985-07-01,HiTec_excess,0.0379,0.00296917,0.001163,0.01839155,0.00453254
1985-07-01,Hlth_excess,-0.0109,0.00374333,0.00128992,0.00764663,0.00948146
1985-07-01,Manuf_excess,0.0279,0.00180917,0.0,0.01445468,0.0050044
1985-07-01,NoDur_excess,-0.0324,0.0041925,0.00425612,0.0192278,0.01392603
1985-07-01,Other_excess,-0.0078,0.00398042,0.00044942,0.01716522,0.00915226
1985-07-01,Shops_excess,-0.0461,0.00378583,0.00335331,0.02211774,0.01319357
1985-07-01,Telcm_excess,-0.0519,0.00240167,0.00801372,0.01189748,0.01724015
1985-07-01,Utils_excess,-0.0527,0.0016575,0.00396321,0.01156433,0.0091503
1985-08-01,Durbl_excess,-0.0358,0.00160792,0.00315204,0.01243961,0.00790481
1985-08-01,Enrgy_excess,0.0103,0.00452292,0.00034601,0.00510643,0.00971662
1985-08-01,HiTec_excess,-0.0308,0.00299042,0.0,0.01762148,0.00842325
1985-08-01,Hlth_excess,-0.0137,0.00354625,0.0,0.00686204,0.01205773
1985-08-01,Manuf_excess,-0.0169,0.00185208,0.0,0.01106759,0.01017141
1985-08-01,NoDur_excess,0.0015,0.00400458,0.00200078,0.01287643,0.01107329
1985-08-01,Other_excess,-0.0093,0.00382167,0.0,0.01240922,0.01195725
1985-08-01,Shops_excess,-0.0116,0.003665,0.0,0.01525246,0.01260188
1985-08-01,Telcm_excess,-0.0002,0.00221375,0.00674485,0.00678488,0.01308167
1985-08-01,Utils_excess,0.0137,0.00140667,0.00220636,0.00639068,0.00623068
1985-09-01,Durbl_excess,-0.0369,0.00132958,0.00418475,0.02016293,0.00952878
1985-09-01,Enrgy_excess,-0.019,0.00451542,0.00240022,0.00550131,0.01503132
1985-09-01,HiTec_excess,-0.0534,0.00263125,0.00121741,0.0193837,0.00298076
1985-09-01,Hlth_excess,-0.0452,0.00324042,0.00123147,0.00715133,0.00412436
1985-09-01,Manuf_excess,-0.0458,0.00164875,6.819e-05,0.016124,0.00941204
1985-09-01,NoDur_excess,-0.0117,0.00385542,0.00386769,0.0186711,0.01046547
1985-09-01,Other_excess,-0.0558,0.00358458,0.00070607,0.01694072,0.01389267
1985-09-01,Shops_excess,-0.0493,0.003535,0.00210585,0.02096479,0.00976764
1985-09-01,Telcm_excess,-0.0468,0.00217125,0.00693317,0.01041669,0.01162712
1985-09-01,Utils_excess,-0.0598,0.00143875,0.00354762,0.01022875,0.01082396
1985-10-01,Durbl_excess,0.0033,0.00089208,0.00400605,0.00987291,0.00558167
1985-10-01,Enrgy_excess,0.053,0.00426708,0.00420575,0.00499654,0.00540137
1985-10-01,HiTec_excess,0.0237,0.0022025,0.00145729,0.01389046,0.00519695
1985-10-01,Hlth_excess,0.0222,0.00297167,0.00154388,0.00600779,0.00580428
1985-10-01,Manuf_excess,0.0264,0.00131083,1.993e-05,0.01029117,0.00533261
1985-10-01,NoDur_excess,0.0292,0.00379958,0.00444815,0.01421376,0.00941947
1985-10-01,Other_excess,0.0575,0.00329125,0.00130414,0.01246703,0.01015575
1985-10-01,Shops_excess,0.0618,0.00337083,0.00127913,0.01490813,0.01008232
1985-10-01,Telcm_excess,0.0351,0.00194333,0.00663701,0.00579051,0.01081144
1985-10-01,Utils_excess,0.0568,0.00114458,0.00350638,0.00623836,0.00536901
1985-11-01,Durbl_excess,0.0927,0.00066292,0.0,0.01299248,0.00961563
1985-11-01,Enrgy_excess,-0.0027,0.00442417,0.00220836,0.00542236,0.01476101
1985-11-01,HiTec_excess,0.0805,0.00209708,0.0,0.01134176,0.002546
1985-11-01,Hlth_excess,0.0895,0.0029425,0.0,0.00588205,0.00354004
1985-11-01,Manuf_excess,0.0733,0.00125208,0.0,0.01173965,0.01046514
1985-11-01,NoDur_excess,0.0762,0.00382625,0.00149491,0.01606927,0.01131729
1985-11-01,Other_excess,0.0681,0.00337583,0.0,0.01512263,0.01262076
1985-11-01,Shops_excess,0.0736,0.00362833,0.0,0.01752725,0.0075383
1985-11-01,Telcm_excess,0.068,0.00219708,0.00495722,0.00889272,0.01095155
1985-11-01,Utils_excess,0.0349,0.00135042,0.0017815,0.00918602,0.01411713
1985-12-01,Durbl_excess,0.0635,0.0012225,0.00269414,0.0181287,0.02003881
1985-12-01,Enrgy_excess,-0.0333,0.00439833,0.0,0.00525817,0.01220282
1985-12-01,HiTec_excess,0.0762,0.00233292,0.0,0.0148776,0.00784939
1985-12-01,Hlth_excess,0.0287,0.00317208,0.00040813,0.00683462,0.01521235
1985-12-01,Manuf_excess,0.0383,0.00151417,0.0,0.0150116,0.01501828
1985-12-01,NoDur_excess,0.0481,0.00411333,0.00319034,0.01953609,0.02102881
1985-12-01,Other_excess,0.0382,0.0035025,0.0,0.01649212,0.01805367
1985-12-01,Shops_excess,0.0389,0.00389375,0.00237262,0.02161611,0.01623761
1985-12-01,Telcm_excess,0.0538,0.00267458,0.00544245,0.0110927,0.01119835
1985-12-01,Utils_excess,0.0433,0.0015525,0.00162754,0.00986229,0.01323451
1986-01-01,Durbl_excess,0.0153,0.00143917,0.00303495,0.0202873,0.02257644
1986-01-01,Enrgy_excess,-0.0736,0.00426542,0.0,0.00495195,0.00831119
1986-01-01,HiTec_excess,-0.0085,0.0027275,0.00043561,0.01572613,0.01108651
1986-01-01,Hlth_excess,0.005,0.00314625,0.00027422,0.0065747,0.01875804
1986-01-01,Manuf_excess,0.0106,0.0015525,0.0,0.01522871,0.01524109
1986-01-01,NoDur_excess,0.0123,0.00427375,0.00314961,0.02022841,0.02186265
1986-01-01,Other_excess,0.0298,0.0035375,0.0,0.01640916,0.01812177
1986-01-01,Shops_excess,0.0109,0.00401708,0.00311464,0.02150087,0.01919341
1986-01-01,Telcm_excess,-0.0434,0.00294792,0.00487655,0.01239452,0.01500034
1986-01-01,Utils_excess,0.0323,0.00176042,0.00108553,0.01051076,0.01326683
1986-02-01,Durbl_excess,0.1021,0.00149375,0.00197236,0.00475317,0.01139843
1986-02-01,Enrgy_excess,0.0034,0.00393167,0.0,0.00395645,0.00364226
1986-02-01,HiTec_excess,0.0443,0.00265208,0.0,0.00953828,0.01021023
1986-02-01,Hlth_excess,0.0554,0.00306708,0.0,0.00548358,0.01029616
1986-02-01,Manuf_excess,0.0971,0.00149125,0.0,0.00660687,0.01120863
1986-02-01,NoDur_excess,0.103,0.00426042,0.00246417,0.01179336,0.01253268
1986-02-01,Other_excess,0.0781,0.0034625,0.0,0.0095631,0.01716355
1986-02-01,Shops_excess,0.0729,0.00425667,0.00197684,0.01298029,0.01409868
1986-02-01,Telcm_excess,0.0686,0.00283667,0.00412915,0.00556524,0.00177398
1986-02-01,Utils_excess,0.0606,0.00203625,0.00107791,0.00611034,0.00921921
1986-03-01,Durbl_excess,0.0724,0.00199583,0.00635056,0.04209483,0.02385771
1986-03-01,Enrgy_excess,0.0035,0.004105,0.0,0.00498577,0.00823376
1986-03-01,HiTec_excess,-0.0068,0.0026425,0.00378933,0.02763291,0.01765368
1986-03-01,Hlth_excess,0.1148,0.0033775,0.00170609,0.00830477,0.01601438
1986-03-01,Manuf_excess,0.0539,0.00194042,0.00321014,0.0269251,0.01712673
1986-03-01,NoDur_excess,0.0752,0.00472417,0.00541082,0.03399197,0.02033222
1986-03-01,Other_excess,0.0516,0.00371667,0.00175556,0.02546056,0.019258
1986-03-01,Shops_excess,0.0796,0.00465167,0.00844141,0.03466996,0.01928088
1986-03-01,Telcm_excess,0.0358,0.0031175,0.00349399,0.02129816,0.01676794
1986-03-01,Utils_excess,0.0338,0.0024775,0.0014961,0.018863,0.01339465
1986-04-01,Durbl_excess,-0.0383,0.00243708,0.01306606,0.04006388,0.02774184
1986-04-01,Enrgy_excess,0.0023,0.00422875,0.0002381,0.0047583,0.00892722
1986-04-01,HiTec_excess,0.034,0.0026675,0.01022238,0.02540534,0.01514152
1986-04-01,Hlth_excess,0.0019,0.00393833,0.0055223,0.01027045,0.03234119
1986-04-01,Manuf_excess,-0.0213,0.002255,0.00856692,0.0248718,0.0186646
1986-04-01,NoDur_excess,-0.0009,0.00516375,0.00971299,0.03353599,0.02781891
1986-04-01,Other_excess,-0.0309,0.00405458,0.00638846,0.02245546,0.02241585
1986-04-01,Shops_excess,-0.0012,0.0050875,0.01555557,0.03432584,0.02571553
1986-04-01,Telcm_excess,0.0191,0.00348458,0.00460715,0.02064319,0.02242618
1986-04-01,Utils_excess,-0.0445,0.00264,0.00325641,0.017571,0.0142085
1986-05-01,Durbl_excess,0.0257,0.00228542,0.01098175,0.01090612,0.01164317
1986-05-01,Enrgy_excess,0.0687,0.00412167,0.00156362,0.00406842,0.00822866
1986-05-01,HiTec_excess,0.0046,0.00250542,0.0097095,0.02020979,0.01932777
1986-05-01,Hlth_excess,0.0676,0.00396083,0.00532298,0.00855872,0.02602423
1986-05-01,Manuf_excess,0.0392,0.00206125,0.00729239,0.01467741,0.0151028
1986-05-01,NoDur_excess,0.0838,0.00515708,0.00859536,0.02069645,0.0207923
1986-05-01,Other_excess,0.0417,0.00381417,0.00546831,0.01305819,0.01944681
1986-05-01,Shops_excess,0.0928,0.00496833,0.01229858,0.02223668,0.01930189
1986-05-01,Telcm_excess,0.041,0.00352542,0.0050864,0.00836631,0.01420591
1986-05-01,Utils_excess,0.0314,0.00241958,0.00277519,0.00734054,0.00856906
1986-06-01,Durbl_excess,-0.0169,0.00275958,0.0,0.0,0.00543777
1986-06-01,Enrgy_excess,-0.0257,0.0045825,0.0,0.00417533,0.00075457
1986-06-01,HiTec_excess,-0.0439,0.00279458,0.0,0.00513952,0.00509782
1986-06-01,Hlth_excess,0.0516,0.00447875,0.0,0.00604464,0.01842536
1986-06-01,Manuf_excess,-0.0056,0.00247875,0.0,0.00496774,0.01123022
1986-06-01,NoDur_excess,0.058,0.00572833,0.0,0.00819793,0.01587751
1986-06-01,Other_excess,0.0102,0.00432917,0.0,0.00447277,0.0110304
1986-06-01,Shops_excess,0.0342,0.00549417,0.0,0.00991873,0.01108697
1986-06-01,Telcm_excess,0.0486,0.00383792,0.00136328,0.0,0.00031163
1986-06-01,Utils_excess,0.0453,0.00268167,0.0,0.0004641,0.00627067
1986-07-01,Durbl_excess,-0.0947,0.00278708,0.0,0.01320426,0.01597242
1986-07-01,Enrgy_excess,-0.0564,0.00458583,0.0,0.00478799,0.00397555
1986-07-01,HiTec_excess,-0.0886,0.00263292,0.0,0.0,0.0048911
1986-07-01,Hlth_excess,-0.0588,0.00466833,0.0,0.00662714,0.01899438
1986-07-01,Manuf_excess,-0.0803,0.00251083,0.0,0.00669725,0.01189398
1986-07-01,NoDur_excess,-0.0625,0.00606083,1.485e-05,0.01497481,0.01912162
1986-07-01,Other_excess,-0.0695,0.00436083,0.0,0.00984629,0.01484998
1986-07-01,Shops_excess,-0.0991,0.00575167,0.0,0.01219338,0.0160009
1986-07-01,Telcm_excess,-0.035,0.00403667,0.00156897,0.01167331,0.01745517
1986-07-01,Utils_excess,0.0461,0.00296083,0.0,0.00832481,0.01165491
1986-08-01,Durbl_excess,0.0655,0.00251417,0.00559202,0.00577869,0.00988974
1986-08-01,Enrgy_excess,0.1627,0.00434875,0.00080915,0.00431951,0.00955158
1986-08-01,HiTec_excess,0.0652,0.00234958,0.00399736,0.01166888,0.01798137
1986-08-01,Hlth_excess,0.0354,0.00450958,0.00396425,0.00857648,0.03044964
1986-08-01,Manuf_excess,0.06,0.0022575,0.00344625,0.01032413,0.01580864
1986-08-01,NoDur_excess,0.0212,0.00586458,0.00612001,0.01854623,0.02526869
1986-08-01,Other_excess,0.0635,0.004165,0.00227134,0.01042904,0.01924851
1986-08-01,Shops_excess,0.012,0.00543542,0.00654725,0.0180831,0.02249711
1986-08-01,Telcm_excess,0.0638,0.00395375,0.00482612,0.00758291,0.0186711
1986-08-01,Utils_excess,0.0746,0.003175,0.00270079,0.00741259,0.0134557
1986-09-01,Durbl_excess,-0.0857,0.00312167,0.01388245,0.02000122,0.01911615
1986-09-01,Enrgy_excess,-0.0133,0.00531208,0.00264106,0.00567756,0.014064
1986-09-01,HiTec_excess,-0.0742,0.00289292,0.01159256,0.01162087,0.00790619
1986-09-01,Hlth_excess,-0.1305,0.00501208,0.00700629,0.00847104,0.01536826
1986-09-01,Manuf_excess,-0.07,0.0028525,0.00936207,0.01374364,0.01684959
1986-09-01,NoDur_excess,-0.113,0.00627083,0.0109379,0.02032513,0.02287857
1986-09-01,Other_excess,-0.0928,0.00494,0.00679994,0.01351139,0.01901438
1986-09-01,Shops_excess,-0.0891,0.00577,0.0149487,0.01991067,0.01866011
1986-09-01,Telcm_excess,-0.0989,0.00442708,0.00703637,0.01261842,0.01493183
1986-09-01,Utils_excess,-0.0956,0.00386167,0.00528514,0.01201821,0.01729877
1986-10-01,Durbl_excess,0.0555,0.00282167,0.01151231,0.0,0.00859113
1986-10-01,Enrgy_excess,0.0145,0.00511042,0.00646037,0.00533303,0.01082716
1986-10-01,HiTec_excess,0.0013,0.00268125,0.01080901,0.00747767,0.00652973
1986-10-01,Hlth_excess,0.0752,0.0045325,0.00641806,0.00821719,0.0187846
1986-10-01,Manuf_excess,0.0601,0.00272792,0.00808718,0.00758764,0.01483728
1986-10-01,NoDur_excess,0.084,0.00587708,0.00935221,0.01281516,0.01733472
1986-10-01,Other_excess,0.0374,0.00465,0.00732804,0.00945421,0.01905289
1986-10-01,Shops_excess,0.0685,0.00549875,0.01014246,0.01178549,0.01695984
1986-10-01,Telcm_excess,0.0417,0.004055,0.00714184,0.00359648,0.01311473
1986-10-01,Utils_excess,0.0475,0.00329833,0.00586162,0.00606659,0.01712864
1986-11-01,Durbl_excess,0.0425,0.00305625,0.01258633,0.01699883,0.0156427
1986-11-01,Enrgy_excess,0.0286,0.00483708,0.00473583,0.00515236,0.01118486
1986-11-01,HiTec_excess,0.0316,0.00269375,0.01042916,0.01266338,0.00309618
1986-11-01,Hlth_excess,0.0098,0.00466167,0.00649148,0.00743504,0.01242042
1986-11-01,Manuf_excess,0.0205,0.00289208,0.00867673,0.01294033,0.01222321
1986-11-01,NoDur_excess,0.0033,0.00605708,0.01009101,0.01718899,0.01671881
1986-11-01,Other_excess,-0.0105,0.00469833,0.00650352,0.01158,0.01522613
1986-11-01,Shops_excess,0.0122,0.00586042,0.01187808,0.0181554,0.0134936
1986-11-01,Telcm_excess,0.0359,0.003865,0.00729428,0.00918875,0.01396409
1986-11-01,Utils_excess,0.0016,0.0031,0.00582331,0.00829368,0.01270366
1986-12-01,Durbl_excess,-0.0306,0.00339417,0.01214992,0.01530379,0.01482724
1986-12-01,Enrgy_excess,-0.0095,0.00502167,0.00397588,0.0053091,0.01415965
1986-12-01,HiTec_excess,-0.0416,0.00238458,0.0098762,0.01096205,0.00963374
1986-12-01,Hlth_excess,-0.0171,0.00443125,0.0059203,0.00731571,0.00843849
1986-12-01,Manuf_excess,-0.0247,0.00287833,0.0082756,0.0124104,0.01816601
1986-12-01,NoDur_excess,-0.0371,0.00599125,0.0093647,0.01684283,0.01809784
1986-12-01,Other_excess,-0.0307,0.00434125,0.00548264,0.01041514,0.01787064
1986-12-01,Shops_excess,-0.0648,0.00589875,0.0120162,0.01795454,0.01664077
1986-12-01,Telcm_excess,-0.042,0.00414958,0.0066481,0.00913256,0.01050069
1986-12-01,Utils_excess,-0.0379,0.00318042,0.00476372,0.00785831,0.01070267
1987-01-01,Durbl_excess,0.1824,0.00339375,0.0165717,0.01491769,0.01288751
1987-01-01,Enrgy_excess,0.1373,0.00502625,0.00616235,0.00531161,0.01508244
1987-01-01,HiTec_excess,0.1598,0.00220875,0.014275,0.01413831,0.00854908
1987-01-01,Hlth_excess,0.1273,0.00438417,0.00812325,0.00801019,0.01214298
1987-01-01,Manuf_excess,0.1402,0.002735,0.01154355,0.01510004,0.01659681
1987-01-01,NoDur_excess,0.1404,0.00584417,0.01240531,0.01914919,0.0117441
1987-01-01,Other_excess,0.1075,0.00413875,0.00914274,0.01053708,0.01793757
1987-01-01,Shops_excess,0.113,0.00581875,0.01638485,0.02188867,0.0150778
1987-01-01,Telcm_excess,0.0488,0.00386792,0.00753368,0.00749004,0.0111611
1987-01-01,Utils_excess,0.0888,0.00295208,0.00639769,0.0070929,0.00986685
1987-02-01,Durbl_excess,0.0316,0.00368083,0.00507133,0.00525949,0.01030081
1987-02-01,Enrgy_excess,-0.0219,0.00546708,0.0,0.00565295,0.01065841
1987-02-01,HiTec_excess,0.09,0.00246292,0.00057636,0.0,0.00561268
1987-02-01,Hlth_excess,0.1069,0.00466375,0.00138408,0.00648404,0.00589901
1987-02-01,Manuf_excess,0.0435,0.00287083,0.0020913,0.00718714,0.0123468
1987-02-01,NoDur_excess,0.0518,0.00605583,0.00365633,0.01127357,0.01416788
1987-02-01,Other_excess,0.0423,0.00410583,0.0,0.00636268,0.01326998
1987-02-01,Shops_excess,0.0938,0.00581583,0.00377207,0.0091053,0.01443718
1987-02-01,Telcm_excess,-0.004,0.00382917,0.00379644,0.00506542,0.00665666
1987-02-01,Utils_excess,-0.0258,0.00322167,0.0007384,0.00653652,0.01347581
1987-03-01,Durbl_excess,0.0396,0.00387292,0.0,0.0045541,0.00519477
1987-03-01,Enrgy_excess,0.1136,0.005395,0.0,0.00531011,0.00642929
1987-03-01,HiTec_excess,0.0214,0.002595,0.0,0.0,0.00288274
1987-03-01,Hlth_excess,-0.0032,0.00506583,0.0,0.00591021,0.0062031
1987-03-01,Manuf_excess,0.0293,0.00301625,0.0,0.00287596,0.01092508
1987-03-01,NoDur_excess,0.0067,0.00620208,0.0,0.00718645,0.00777624
1987-03-01,Other_excess,-0.0083,0.00431042,0.0,0.00300683,0.00543864
1987-03-01,Shops_excess,0.0121,0.0060875,0.0,0.00603667,0.007941
1987-03-01,Telcm_excess,0.0092,0.00373875,0.00107556,0.00432249,-4.41e-05
1987-03-01,Utils_excess,-0.0215,0.00320125,0.0,0.00348905,0.0076198
1987-04-01,Durbl_excess,0.0367,0.00389417,0.0,0.0,0.0092886
1987-04-01,Enrgy_excess,-0.0033,0.00573375,0.0,0.00577031,0.01273813
1987-04-01,HiTec_excess,0.0395,0.00247083,0.0,0.0,0.00942973
1987-04-01,Hlth_excess,-0.0289,0.00474125,0.0,0.00653139,0.01844428
1987-04-01,Manuf_excess,-0.02,0.00291333,0.0,0.00405456,0.0175918
1987-04-01,NoDur_excess,-0.0412,0.00606083,0.0,0.00766117,0.01629058
1987-04-01,Other_excess,-0.0451,0.00410833,0.0,0.00228854,0.01374615
1987-04-01,Shops_excess,-0.0314,0.00605708,0.0,0.00659472,0.01680664
1987-04-01,Telcm_excess,-0.0291,0.00367,0.0008568,0.00215964,0.00361147
1987-04-01,Utils_excess,-0.0477,0.00306375,0.0,0.00215428,0.00944094
1987-05-01,Durbl_excess,-0.0167,0.00359958,0.0,0.0,-0.00068958
1987-05-01,Enrgy_excess,0.0264,0.00566375,0.0,0.00550863,0.00795059
1987-05-01,HiTec_excess,-0.0009,0.0023225,0.0,0.0,-0.00418292
1987-05-01,Hlth_excess,0.0087,0.00444875,0.0,0.00528664,0.0076943
1987-05-01,Manuf_excess,-0.0005,0.00268708,0.0,0.0,0.0038021
1987-05-01,NoDur_excess,0.0225,0.00571083,0.0,0.0,0.00427121
1987-05-01,Other_excess,-0.0039,0.00384583,0.0,0.0,0.0025816
1987-05-01,Shops_excess,-0.0043,0.00555583,0.0,0.0,0.00221898
1987-05-01,Telcm_excess,0.0291,0.00355292,0.00061071,0.00160163,0.00200433
1987-05-01,Utils_excess,-0.0223,0.0028,0.0,0.00042912,0.00706998
1987-06-01,Durbl_excess,0.023,0.00385,0.0,0.0,0.00819775
1987-06-01,Enrgy_excess,0.0535,0.00589,0.0,0.0060181,0.01192434
1987-06-01,HiTec_excess,-0.005,0.00251333,0.0,0.0,0.00789915
1987-06-01,Hlth_excess,0.043,0.00471917,0.0,0.00640712,0.01219286
1987-06-01,Manuf_excess,0.0471,0.00285167,0.0,0.00061849,0.01175766
1987-06-01,NoDur_excess,0.0631,0.00593167,0.0,0.00511556,0.01029283
1987-06-01,Other_excess,0.0414,0.0039275,0.0,0.00112627,0.01267598
1987-06-01,Shops_excess,0.0578,0.00574208,0.0,0.00142746,0.00927878
1987-06-01,Telcm_excess,0.0647,0.00392375,0.0016834,0.00418555,0.00976533
1987-06-01,Utils_excess,0.0292,0.0028925,0.0,0.00148123,0.00469821
1987-07-01,Durbl_excess,0.0647,0.00389083,0.0,0.00415249,0.00983265
1987-07-01,Enrgy_excess,0.0273,0.00602917,0.0,0.00621732,0.01297433
1987-07-01,HiTec_excess,0.005,0.00223625,0.0,0.0,0.00846467
1987-07-01,Hlth_excess,0.0533,0.00468417,0.0,0.0058972,0.01298114
1987-07-01,Manuf_excess,0.0656,0.00297167,0.0,0.00351393,0.01138659
1987-07-01,NoDur_excess,0.0527,0.00609125,0.0,0.00630474,0.00936998
1987-07-01,Other_excess,0.0309,0.003965,0.0,0.00168357,0.01214795
1987-07-01,Shops_excess,0.0524,0.00583667,0.0,0.00435099,0.00993656
1987-07-01,Telcm_excess,0.0538,0.00409083,0.00283253,0.00464536,0.012035
1987-07-01,Utils_excess,-0.0213,0.00308,0.0,0.00161675,0.00588142
1987-08-01,Durbl_excess,0.0519,0.00371042,0.0,0.00023087,0.00534285
1987-08-01,Enrgy_excess,0.0146,0.00586708,0.0,0.00591815,0.01069984
1987-08-01,HiTec_excess,0.0699,0.00210375,0.0,0.0,0.00386989
1987-08-01,Hlth_excess,0.0174,0.00476125,0.0,0.00599925,0.01416901
1987-08-01,Manuf_excess,0.0238,0.00304833,0.0,0.00160059,0.01312177
1987-08-01,NoDur_excess,0.032,0.00607167,0.0,0.00429614,0.01252005
1987-08-01,Other_excess,0.0386,0.00378083,0.0,0.0,0.01027073
1987-08-01,Shops_excess,0.0286,0.00581792,0.0,0.00167368,0.01181165
1987-08-01,Telcm_excess,0.0461,0.00460208,0.00447164,0.00554997,0.0157272
1987-08-01,Utils_excess,0.0324,0.00290708,0.0,0.0,0.00024806
1987-09-01,Durbl_excess,-0.0428,0.00393375,0.0,0.0,0.01054312
1987-09-01,Enrgy_excess,-0.0431,0.0060025,0.0,0.00601041,0.00959476
1987-09-01,HiTec_excess,-0.0313,0.00245,0.0,0.0,0.01013413
1987-09-01,Hlth_excess,-0.0302,0.00481958,0.0,0.00589506,0.01765756
1987-09-01,Manuf_excess,-0.0016,0.00317708,0.0,0.0,0.01271406
1987-09-01,NoDur_excess,-0.0322,0.00625208,0.0,0.0031766,0.01420086
1987-09-01,Other_excess,-0.0225,0.003965,0.0,0.0,0.01162547
1987-09-01,Shops_excess,-0.0682,0.00593625,0.0,0.0,0.01385591
1987-09-01,Telcm_excess,0.0289,0.00485875,0.00464844,0.00588651,0.01619988
1987-09-01,Utils_excess,-0.0276,0.00308208,0.0,0.0,0.0057556
1987-10-01,Durbl_excess,-0.2718,0.00356125,0.0,0.0,0.00126112
1987-10-01,Enrgy_excess,-0.1945,0.00565958,0.0,0.00530283,0.00472539
1987-10-01,HiTec_excess,-0.2642,0.00198458,0.0,0.0,-0.00141623
1987-10-01,Hlth_excess,-0.209,0.00458625,0.0,0.00407272,0.00693542
1987-10-01,Manuf_excess,-0.2793,0.00305417,0.0,0.0,0.00688491
1987-10-01,NoDur_excess,-0.2158,0.00600208,0.0,0.0,0.00932304
1987-10-01,Other_excess,-0.2432,0.00383167,0.0,0.0,0.00494303
1987-10-01,Shops_excess,-0.2851,0.00556333,0.0,0.0,0.00623115
1987-10-01,Telcm_excess,-0.1276,0.00494167,0.00626394,0.00592049,0.01604661
1987-10-01,Utils_excess,-0.0753,0.00298458,0.0,0.0,0.00369103
1987-11-01,Durbl_excess,-0.0868,0.00264958,0.0,0.0,0.00657192
1987-11-01,Enrgy_excess,-0.1101,0.00490542,0.0,0.00832427,0.00344255
1987-11-01,HiTec_excess,-0.1022,0.00069625,0.0,0.0,-0.00436703
1987-11-01,Hlth_excess,-0.0966,0.00394125,0.0,0.04278747,-0.00081698
1987-11-01,Manuf_excess,-0.0551,0.002095,0.0,0.0,0.0044656
1987-11-01,NoDur_excess,-0.0835,0.00522833,0.0,0.06296352,0.00628339
1987-11-01,Other_excess,-0.0692,0.00304458,0.0,0.04826212,0.00635052
1987-11-01,Shops_excess,-0.09,0.00436417,0.0,0.0,0.00492845
1987-11-01,Telcm_excess,-0.0925,0.00457167,0.0045801,0.05555633,0.00801741
1987-11-01,Utils_excess,-0.029,0.00291083,0.0,0.06123465,0.00917581
1987-12-01,Durbl_excess,0.0837,0.00234292,0.0040187,0.00523941,0.01552153
1987-12-01,Enrgy_excess,0.0636,0.00442917,0.00394554,0.00439514,0.01735565
1987-12-01,HiTec_excess,0.115,0.00022625,0.00309262,0.00379872,0.0108634
1987-12-01,Hlth_excess,0.0496,0.00349833,0.00376936,0.00509291,0.01393594
1987-12-01,Manuf_excess,0.1048,0.00185417,0.00291439,0.00550071,0.01530308
1987-12-01,NoDur_excess,0.0717,0.004875,0.00542269,0.00770214,0.01389096
1987-12-01,Other_excess,0.05,0.00278458,0.0025931,0.00489505,0.01720917
1987-12-01,Shops_excess,0.082,0.00396917,0.00010441,0.00465262,0.014531
1987-12-01,Telcm_excess,0.0352,0.00419792,0.00812056,0.00568379,0.01960796
1987-12-01,Utils_excess,0.0017,0.00267208,0.0043352,0.00462391,0.01040409
1988-01-01,Durbl_excess,0.0399,0.00266875,0.0,0.00552669,0.01402148
1988-01-01,Enrgy_excess,0.0814,0.00458,0.0,0.00449679,0.01554379
1988-01-01,HiTec_excess,-0.0277,0.00063042,0.0,0.00298983,0.01525095
1988-01-01,Hlth_excess,0.0608,0.00364792,0.0,0.004807,0.0074504
1988-01-01,Manuf_excess,-0.0001,0.00208792,0.0,0.00512223,0.01134381
1988-01-01,NoDur_excess,0.0275,0.00505708,0.00088066,0.00667238,0.01709105
1988-01-01,Other_excess,0.0602,0.00278167,0.0,0.00386658,0.01270828
1988-01-01,Shops_excess,0.0533,0.00418083,0.0,0.00345988,0.01075959
1988-01-01,Telcm_excess,0.0974,0.00435333,0.00620775,0.00567294,0.0214834
1988-01-01,Utils_excess,0.0948,0.00255583,0.00026755,0.00356167,0.0073279
1988-02-01,Durbl_excess,0.0599,0.00306625,0.00018805,0.00606301,0.01050204
1988-02-01,Enrgy_excess,0.0315,0.00497333,0.00112071,0.00482806,0.00801158
1988-02-01,HiTec_excess,0.0702,0.00089542,0.0,0.0,-0.00619948
1988-02-01,Hlth_excess,0.0375,0.00419167,0.00132783,0.00357251,0.00026719
1988-02-01,Manuf_excess,0.073,0.00236917,0.0,0.00299991,0.00595075
1988-02-01,NoDur_excess,0.0558,0.00520625,0.00143291,0.0033893,0.00670351
1988-02-01,Other_excess,0.0387,0.00312833,0.0,0.00395104,0.00787201
1988-02-01,Shops_excess,0.0981,0.0043725,0.0,4.58e-05,0.00099403
1988-02-01,Telcm_excess,0.0078,0.00466458,0.00567336,0.00496041,0.01229581
1988-02-01,Utils_excess,-0.0187,0.00296,0.00059231,0.00512454,0.01306001
1988-03-01,Durbl_excess,-0.0406,0.00342958,0.00039898,0.00703055,0.02187996
1988-03-01,Enrgy_excess,0.0218,0.0052325,0.0,0.00538235,0.01188942
1988-03-01,HiTec_excess,-0.0513,0.001395,0.0,0.00357295,0.01350152
1988-03-01,Hlth_excess,-0.0293,0.00454125,0.00095483,0.00620223,0.01422402
1988-03-01,Manuf_excess,-0.0178,0.0028675,0.0,0.00696898,0.02436765
1988-03-01,NoDur_excess,-0.0196,0.00556792,0.00130444,0.00852374,0.01583426
1988-03-01,Other_excess,-0.0179,0.00344917,0.0,0.00417592,0.02366566
1988-03-01,Shops_excess,-0.0159,0.00483292,0.0,0.00638587,0.02047237
1988-03-01,Telcm_excess,-0.044,0.00481417,0.00593927,0.00723231,0.01873761
1988-03-01,Utils_excess,-0.0362,0.00296042,0.0,0.00323905,0.00635035
1988-04-01,Durbl_excess,0.0226,0.00324917,0.0,0.0,0.00254117
1988-04-01,Enrgy_excess,0.0416,0.00530833,0.00010801,0.00532615,0.00215183
1988-04-01,HiTec_excess,0.0216,0.00102042,0.0,0.0,-0.00506265
1988-04-01,Hlth_excess,-0.0247,0.00443042,0.000248,0.00523581,0.0118131
1988-04-01,Manuf_excess,0.0114,0.00277417,0.0,0.00099796,0.00915845
1988-04-01,NoDur_excess,-0.0063,0.00547542,0.00056825,0.00332498,0.01108342
1988-04-01,Other_excess,-0.0085,0.00340167,0.0,0.00054068,0.00716169
1988-04-01,Shops_excess,0.0114,0.00466333,0.0,0.0,0.00890933
1988-04-01,Telcm_excess,0.0028,0.00469333,0.00621551,0.00543161,0.01418836
1988-04-01,Utils_excess,-0.0076,0.00298958,0.0,0.00144983,0.00687083
1988-05-01,Durbl_excess,0.0045,0.00287417,0.0,0.0,0.00619763
1988-05-01,Enrgy_excess,-0.0092,0.00526417,0.0,0.00515127,0.01185454
1988-05-01,HiTec_excess,-0.0185,0.00061,0.0,0.0,-0.0030299
1988-05-01,Hlth_excess,-0.0088,0.00384958,0.0,0.00323875,-0.00220317
1988-05-01,Manuf_excess,-0.0092,0.00239583,0.0,0.0,0.01172766
1988-05-01,NoDur_excess,-0.0077,0.00501,0.00029279,0.0,0.01114638
1988-05-01,Other_excess,0.0043,0.00288667,0.0,0.0,0.00767757
1988-05-01,Shops_excess,-0.0192,0.00421958,0.0,0.0,0.0071065
1988-05-01,Telcm_excess,0.0183,0.00463083,0.00646669,0.00439235,0.01342222
1988-05-01,Utils_excess,0.0311,0.002875,0.0,0.00102938,0.00921035
1988-06-01,Durbl_excess,0.0734,0.00292583,0.0,0.0,0.0030413
1988-06-01,Enrgy_excess,-0.0257,0.00519292,0.0,0.00523889,0.00270166
1988-06-01,HiTec_excess,0.0893,0.00039208,0.0,0.0,-0.00621529
1988-06-01,Hlth_excess,0.0229,0.00369208,0.0,0.0041483,-0.00334738
1988-06-01,Manuf_excess,0.0708,0.00224458,0.0,0.0,0.00907007
1988-06-01,NoDur_excess,0.0288,0.00478833,0.0,0.00235135,0.0055837
1988-06-01,Other_excess,0.0554,0.00266375,0.0,0.00051372,0.01093832
1988-06-01,Shops_excess,0.0595,0.00401542,0.0,0.0,0.00179126
1988-06-01,Telcm_excess,0.0242,0.00475625,0.00482388,0.00643254,0.01441029
1988-06-01,Utils_excess,0.0274,0.003005,0.0,0.00275908,0.01142055
1988-07-01,Durbl_excess,-0.0041,0.00330875,0.0,0.00735678,0.0128673
1988-07-01,Enrgy_excess,0.0308,0.00502708,0.0,0.00524881,0.00516981
1988-07-01,HiTec_excess,-0.0542,0.00086667,0.0,0.0,0.00116589
1988-07-01,Hlth_excess,0.0,0.0037125,0.0,0.00489802,0.00801446
1988-07-01,Manuf_excess,-0.0279,0.00256667,0.0,0.00715324,0.01595307
1988-07-01,NoDur_excess,0.008,0.00488458,0.0,0.00802197,0.01010439
1988-07-01,Other_excess,-0.0112,0.00278625,0.0,0.00525779,0.01420101
1988-07-01,Shops_excess,-0.0144,0.00426,0.0,0.00434272,0.00723786
1988-07-01,Telcm_excess,-0.0036,0.00470083,0.00316954,0.00794649,0.01066513
1988-07-01,Utils_excess,-0.0073,0.002785,0.0,0.00490071,0.01586794
1988-08-01,Durbl_excess,-0.0697,0.00343333,0.0,0.0,0.00216994
1988-08-01,Enrgy_excess,-0.0209,0.00495542,0.0,0.00485824,0.00077126
1988-08-01,HiTec_excess,-0.0868,0.00089042,0.0,0.0,-0.00450936
1988-08-01,Hlth_excess,-0.0167,0.00390417,0.0,0.00397495,0.00346675
1988-08-01,Manuf_excess,-0.0499,0.00263583,0.0,0.0,0.00629026
1988-08-01,NoDur_excess,-0.0093,0.00509167,0.0,0.00152093,0.00608829
1988-08-01,Other_excess,-0.015,0.002885,0.0,0.0,0.00817597
1988-08-01,Shops_excess,-0.0285,0.004435,0.0,0.0,0.00271474
1988-08-01,Telcm_excess,-0.0349,0.00471417,0.00306583,0.00567654,0.00812992
1988-08-01,Utils_excess,-0.0071,0.00276708,0.0,0.00151774,0.00949494
1988-09-01,Durbl_excess,0.0304,0.00310833,0.0,0.0,0.00457438
1988-09-01,Enrgy_excess,-0.0309,0.00483167,0.0,0.00486402,0.00021117
1988-09-01,HiTec_excess,0.0226,0.00052375,0.0,0.0,-0.00955384
1988-09-01,Hlth_excess,0.0314,0.00382375,0.0,0.00417068,-0.00404247
1988-09-01,Manuf_excess,0.0288,0.00230625,0.0,0.0,0.00663958
1988-09-01,NoDur_excess,0.0607,0.00495625,0.0,0.00380117,0.00602734
1988-09-01,Other_excess,0.0344,0.00273083,0.0,0.00132669,0.00684574
1988-09-01,Shops_excess,0.0752,0.00423958,0.0,0.0,-0.0013829
1988-09-01,Telcm_excess,0.0645,0.0045325,0.00196882,0.00629686,-0.00118029
1988-09-01,Utils_excess,0.0205,0.00279125,0.0,0.0029752,0.0105584
1988-10-01,Durbl_excess,0.026,0.00297625,0.0,0.00033799,-0.00353359
1988-10-01,Enrgy_excess,0.0128,0.00457458,0.0,0.00455501,-0.00243381
1988-10-01,HiTec_excess,-0.007,0.00051333,0.0,0.0,-0.01181869
1988-10-01,Hlth_excess,0.0065,0.0039375,0.0,0.00401562,-0.00185505
1988-10-01,Manuf_excess,0.0015,0.00225458,0.0,0.00156911,-0.00283458
1988-10-01,NoDur_excess,0.0772,0.00502417,0.0,0.00522148,0.00647635
1988-10-01,Other_excess,-0.006,0.00249875,0.0,0.00194553,0.0021781
1988-10-01,Shops_excess,0.0078,0.00424417,0.0,0.0,-0.0056353
1988-10-01,Telcm_excess,0.0236,0.00469542,0.00042676,0.0063351,0.00264856
1988-10-01,Utils_excess,0.019,0.00288375,0.0,0.00342588,0.00997339
1988-11-01,Durbl_excess,-0.0145,0.00290833,0.0,0.0,0.0007449
1988-11-01,Enrgy_excess,-0.0086,0.00453833,0.0,0.00444995,-0.00199153
1988-11-01,HiTec_excess,-0.0362,0.00070667,0.0,0.0,-0.01129001
1988-11-01,Hlth_excess,-0.027,0.00398458,0.0,0.00418745,-0.00120206
1988-11-01,Manuf_excess,-0.0276,0.00224042,0.0,3.961e-05,0.00147827
1988-11-01,NoDur_excess,-0.0179,0.00532792,0.0,0.00590314,0.00836406
1988-11-01,Other_excess,-0.0273,0.00244667,0.0,0.00035646,0.00243864
1988-11-01,Shops_excess,-0.0327,0.00426625,0.0,0.0,-0.00209489
1988-11-01,Telcm_excess,-0.0052,0.00468,0.0,0.0064036,0.00451924
1988-11-01,Utils_excess,-0.0107,0.00296083,0.0,0.00292239,0.0069075
1988-12-01,Durbl_excess,-0.0024,0.00287125,0.0,0.0,-0.007102
1988-12-01,Enrgy_excess,0.012,0.00428333,0.0,0.00399533,0.00873955
1988-12-01,HiTec_excess,0.0401,0.00021458,0.0,0.0,-0.00119993
1988-12-01,Hlth_excess,0.0113,0.00355125,0.0,0.00360386,0.00936461
1988-12-01,Manuf_excess,0.0251,0.0019025,0.0,0.0,-0.00412194
1988-12-01,NoDur_excess,0.0264,0.00507625,0.0,0.00271334,0.00966837
1988-12-01,Other_excess,0.0028,0.00202917,0.0,0.0,-0.00200565
1988-12-01,Shops_excess,0.0096,0.00393333,0.0,0.0,-0.00093508
1988-12-01,Telcm_excess,0.0062,0.00445125,0.0,0.00540653,0.00655189
1988-12-01,Utils_excess,0.0041,0.00256667,0.0,0.0004901,0.00664742
1989-01-01,Durbl_excess,0.0686,0.003065,0.0,0.0,0.00378294
1989-01-01,Enrgy_excess,0.0571,0.00445667,0.0,0.00436157,0.0142929
1989-01-01,HiTec_excess,0.0656,0.00062208,0.0,0.0,-0.00979155
1989-01-01,Hlth_excess,0.0626,0.00365875,0.0,0.00417374,0.00304904
1989-01-01,Manuf_excess,0.0691,0.00216333,0.0,0.0,0.00241904
1989-01-01,NoDur_excess,0.0505,0.00524667,0.0,0.00757037,0.01084796
1989-01-01,Other_excess,0.0631,0.00221208,0.0,0.0,0.00442777
1989-01-01,Shops_excess,0.0563,0.00416333,0.0,0.00034918,-0.00185101
1989-01-01,Telcm_excess,0.0781,0.00477292,0.0,0.00799037,0.00855182
1989-01-01,Utils_excess,0.0212,0.00272333,0.0,0.00284224,0.00765349
1989-02-01,Durbl_excess,-0.0341,0.00344458,0.0,0.0,0.00148052
1989-02-01,Enrgy_excess,-0.0189,0.00476417,0.0,0.00452779,0.00143932
1989-02-01,HiTec_excess,-0.0435,0.0011125,0.0,0.0,-0.00989856
1989-02-01,Hlth_excess,-0.0185,0.00395125,0.0,0.00384896,0.00932458
1989-02-01,Manuf_excess,-0.0271,0.00249208,0.0,0.0,0.00236075
1989-02-01,NoDur_excess,-0.0188,0.00552875,0.0,0.0062818,0.01067021
1989-02-01,Other_excess,-0.0113,0.00246458,0.0,0.0,0.00121705
1989-02-01,Shops_excess,-0.0248,0.00446042,0.0,0.0,0.00061547
1989-02-01,Telcm_excess,-0.0198,0.00507167,0.0,0.00700659,0.00684521
1989-02-01,Utils_excess,-0.0239,0.00273208,0.0,0.00141589,0.00551105
1989-03-01,Durbl_excess,-0.0226,0.00347083,0.0,0.0,-0.01122409
1989-03-01,Enrgy_excess,0.0322,0.00491083,0.0,0.00453643,-0.00448091
1989-03-01,HiTec_excess,-0.06,0.00110125,0.0,0.0,-0.0126295
1989-03-01,Hlth_excess,0.0424,0.00410875,0.0,0.00376453,0.00628025
1989-03-01,Manuf_excess,0.0052,0.00263708,0.0,0.0,-0.00311795
1989-03-01,NoDur_excess,0.0503,0.00574542,0.0,0.00327255,0.0047755
1989-03-01,Other_excess,0.029,0.00278708,0.0,0.0,-0.00050481
1989-03-01,Shops_excess,0.0196,0.00454917,0.0,0.0,-0.00272958
1989-03-01,Telcm_excess,0.0462,0.0051475,0.0,0.00598371,0.00738494
1989-03-01,Utils_excess,-0.0012,0.00286917,0.0,0.0,0.00739565
1989-04-01,Durbl_excess,-0.0034,0.00318333,0.0,0.0,-0.01025926
1989-04-01,Enrgy_excess,0.0182,0.0047575,0.0,0.00425133,-0.00558239
1989-04-01,HiTec_excess,0.0451,0.00064375,0.0,0.0,-0.01954571
1989-04-01,Hlth_excess,0.0476,0.004165,0.0,0.00256016,-0.00695973
1989-04-01,Manuf_excess,0.0467,0.0025675,0.0,0.0,-0.01328355
1989-04-01,NoDur_excess,0.0513,0.00594458,0.0,0.00091583,0.00018647
1989-04-01,Other_excess,0.0396,0.00289625,0.0,0.0,-0.01114062
1989-04-01,Shops_excess,0.0468,0.00443875,0.0,0.0,-0.00906567
1989-04-01,Telcm_excess,0.0887,0.00537667,0.0,0.00553631,0.0048037
1989-04-01,Utils_excess,0.033,0.00293708,0.0,0.0,-0.00241727
1989-05-01,Durbl_excess,0.0107,0.00314042,0.0,0.0,-0.00820072
1989-05-01,Enrgy_excess,0.0191,0.00487042,0.0,0.00446891,-0.00170008
1989-05-01,HiTec_excess,0.0159,0.00069292,0.0,0.0,-0.00974697
1989-05-01,Hlth_excess,0.0258,0.00417792,0.0,0.00355965,0.00668999
1989-05-01,Manuf_excess,0.0289,0.00273,0.0,0.0,-0.0040337
1989-05-01,NoDur_excess,0.0414,0.00613667,0.0,0.0048926,0.00282712
1989-05-01,Other_excess,0.0345,0.00300708,0.0,0.0,-0.0060001
1989-05-01,Shops_excess,0.0449,0.00449167,0.0,0.0,-0.00259622
1989-05-01,Telcm_excess,0.0513,0.00544833,0.0,0.00690132,0.0102884
1989-05-01,Utils_excess,0.0449,0.00304083,0.0,2.766e-05,-0.00314812
1989-06-01,Durbl_excess,0.0074,0.00319958,0.0,0.0,-0.00722958
1989-06-01,Enrgy_excess,-0.0172,0.00480333,0.0,0.00453306,-0.00236553
1989-06-01,HiTec_excess,-0.0388,0.00084583,0.0,0.0,-0.01070649
1989-06-01,Hlth_excess,-0.0366,0.00423542,0.0,0.00420527,0.00969967
1989-06-01,Manuf_excess,-0.0338,0.00290625,0.0,0.00189347,-0.0056861
1989-06-01,NoDur_excess,0.0073,0.00627875,0.0,0.00968246,0.00857652
1989-06-01,Other_excess,0.0006,0.00322083,0.0,0.00055143,-0.00360418
1989-06-01,Shops_excess,-0.0284,0.00467875,0.0,0.0,-0.00168234
1989-06-01,Telcm_excess,-0.0053,0.0056375,0.0,0.00939042,0.01244606
1989-06-01,Utils_excess,0.0271,0.00324708,0.0,0.00259276,0.00268033
1989-07-01,Durbl_excess,0.0454,0.00350125,0.0,0.0008374,-0.00503983
1989-07-01,Enrgy_excess,0.0306,0.00516792,0.0,0.00486937,-0.00542637
1989-07-01,HiTec_excess,0.0225,0.00071208,0.0,0.0,-0.01433234
1989-07-01,Hlth_excess,0.1287,0.00431417,0.0,0.00378327,-0.00261466
1989-07-01,Manuf_excess,0.0692,0.003075,0.0,0.00225312,-0.00043096
1989-07-01,NoDur_excess,0.112,0.0066375,0.0,0.01070246,0.00747683
1989-07-01,Other_excess,0.0741,0.00368292,0.0,0.00150945,-0.00493951
1989-07-01,Shops_excess,0.0847,0.00481125,0.0,0.00146939,-0.00210076
1989-07-01,Telcm_excess,0.0843,0.00580333,0.0,0.00988347,0.00583451
1989-07-01,Utils_excess,0.0511,0.00362042,0.0,0.00377832,0.00264663
1989-08-01,Durbl_excess,0.0415,0.00400292,0.0,0.0,-0.00102742
1989-08-01,Enrgy_excess,0.0278,0.00571917,0.0,0.00549766,0.00340515
1989-08-01,HiTec_excess,0.0173,0.00105417,0.0,0.0,-0.00774446
1989-08-01,Hlth_excess,-0.0034,0.00498625,0.0,0.00594671,0.01804949
1989-08-01,Manuf_excess,0.0364,0.0036125,0.0,0.00405396,0.00574033
1989-08-01,NoDur_excess,-0.0272,0.00741167,0.0,0.01406976,0.01429037
1989-08-01,Other_excess,0.0248,0.00439417,0.0,0.00166898,0.00216417
1989-08-01,Shops_excess,0.0187,0.00553833,0.0,0.00355773,0.00045704
1989-08-01,Telcm_excess,0.0006,0.00636417,0.0,0.01175988,0.01491187
1989-08-01,Utils_excess,-0.0154,0.00397958,0.0,0.00370092,0.00475397
1989-09-01,Durbl_excess,-0.0531,0.00408292,0.0,0.0,-0.00884912
1989-09-01,Enrgy_excess,0.007,0.00558,0.0,0.00532777,0.01117011
1989-09-01,HiTec_excess,-0.0338,0.00085417,0.0,0.0,-0.00506967
1989-09-01,Hlth_excess,0.0169,0.004605,0.0,0.00570545,0.02627269
1989-09-01,Manuf_excess,-0.0322,0.00361042,0.0,0.00209244,0.00548818
1989-09-01,NoDur_excess,-0.0122,0.00711292,0.0,0.00960139,0.0140512
1989-09-01,Other_excess,0.0075,0.00414417,0.0,0.0,0.00165033
1989-09-01,Shops_excess,-0.03,0.00529833,0.0,0.00061293,0.00601045
1989-09-01,Telcm_excess,0.0338,0.00631875,0.0,0.01010094,0.01643494
1989-09-01,Utils_excess,-0.0017,0.00399,0.0,0.00134587,0.00297186
1989-10-01,Durbl_excess,-0.0641,0.00389,0.0,0.0,-0.00147375
1989-10-01,Enrgy_excess,0.0007,0.00603625,0.0,0.00586845,0.00066248
1989-10-01,HiTec_excess,-0.0501,0.00073083,0.0,0.0,-0.0111598
1989-10-01,Hlth_excess,-0.0031,0.00461417,0.0,0.00544727,0.01019309
1989-10-01,Manuf_excess,-0.0502,0.00358833,0.0,0.00166793,0.00200332
1989-10-01,NoDur_excess,-0.0313,0.00707417,0.0,0.00939253,0.00758279
1989-10-01,Other_excess,-0.0558,0.0042275,0.0,0.00051363,-3.712e-05
1989-10-01,Shops_excess,-0.0471,0.00522667,0.0,0.0,0.00145197
1989-10-01,Telcm_excess,-0.0264,0.00665208,0.0,0.0112801,0.01450725
1989-10-01,Utils_excess,0.0033,0.00418167,0.0,0.00239288,0.00310649
1989-11-01,Durbl_excess,-0.0181,0.00348708,0.0,0.0,-0.00475784
1989-11-01,Enrgy_excess,0.033,0.00610708,0.0,0.0055632,-0.00115971
1989-11-01,HiTec_excess,-0.0272,0.00030583,0.0,0.0,-0.01753857
1989-11-01,Hlth_excess,0.0387,0.00425208,0.0,0.00316928,0.00324205
1989-11-01,Manuf_excess,0.0238,0.00312583,0.0,0.0,-0.00346884
1989-11-01,NoDur_excess,0.01,0.00662208,0.0,0.00466632,0.00437265
1989-11-01,Other_excess,-0.0074,0.00368667,0.0,0.0,-0.00121774
1989-11-01,Shops_excess,0.0053,0.00477583,0.0,0.0,-1.604e-05
1989-11-01,Telcm_excess,0.0142,0.00642125,0.0,0.00742768,0.01445507
1989-11-01,Utils_excess,0.0255,0.00387458,0.0,0.00251796,0.00793422
1989-12-01,Durbl_excess,-0.0196,0.00362,0.0,0.0,-0.0040794
1989-12-01,Enrgy_excess,0.0539,0.00645625,0.0,0.00639892,0.00380439
1989-12-01,HiTec_excess,-0.0166,0.00028875,0.0,0.0,-0.01453731
1989-12-01,Hlth_excess,0.0043,0.00442167,0.0,0.00563413,0.01340542
1989-12-01,Manuf_excess,0.0235,0.00338917,0.0,0.0029238,0.00156183
1989-12-01,NoDur_excess,0.0078,0.00678375,0.0,0.01009249,0.00030918
1989-12-01,Other_excess,-0.0221,0.00390917,0.0,0.00011717,-0.00263505
1989-12-01,Shops_excess,0.0061,0.00499,0.0,0.00152092,-0.00177491
1989-12-01,Telcm_excess,0.0524,0.00645375,0.0,0.01094041,0.01418033
1989-12-01,Utils_excess,0.0419,0.0042225,0.0,0.00330877,0.00487732
1990-01-01,Durbl_excess,-0.0409,0.00370833,0.0,0.0,-0.01233686
1990-01-01,Enrgy_excess,-0.0485,0.00683292,0.0,0.00683292,0.01449801
1990-01-01,HiTec_excess,-0.0204,0.00027708,0.0,0.0,-0.01377151
1990-01-01,Hlth_excess,-0.0787,0.00428708,0.0,0.00445156,0.01148086
1990-01-01,Manuf_excess,-0.0688,0.00357333,0.0,0.00025018,0.00049017
1990-01-01,NoDur_excess,-0.1004,0.00692375,0.0,0.00524627,0.00445705
1990-01-01,Other_excess,-0.0949,0.00400042,0.0,0.0,0.0009409
1990-01-01,Shops_excess,-0.0698,0.00516708,0.0,0.0,-0.00520349
1990-01-01,Telcm_excess,-0.1361,0.00692833,0.00030215,0.00749317,0.01451611
1990-01-01,Utils_excess,-0.0592,0.00445,0.0,0.0030004,0.00905442
1990-02-01,Durbl_excess,0.0448,0.00390667,0.0,0.0,-0.02576857
1990-02-01,Enrgy_excess,0.0254,0.00713333,0.0,0.00713055,0.0050923
1990-02-01,HiTec_excess,0.0347,0.000595,0.0,0.0,-0.02603524
1990-02-01,Hlth_excess,-0.0265,0.00428083,0.0,0.00164825,0.00657441
1990-02-01,Manuf_excess,0.0199,0.00361583,0.0,0.0,-0.01279509
1990-02-01,NoDur_excess,-0.0112,0.0067075,0.0,0.0,-1.292e-05
1990-02-01,Other_excess,0.0195,0.00399875,0.0,0.0,-0.00428997
1990-02-01,Shops_excess,0.0136,0.005155,0.0,0.0,-0.01680972
1990-02-01,Telcm_excess,-0.0083,0.00649333,0.00042937,0.00558487,0.0047182
1990-02-01,Utils_excess,-0.0036,0.004405,0.0,0.00104428,0.00538425
1990-03-01,Durbl_excess,0.0224,0.00388583,0.0,0.0,-0.00056837
1990-03-01,Enrgy_excess,-0.0123,0.00704042,0.0,0.00703952,0.00392452
1990-03-01,HiTec_excess,0.0399,0.0006425,0.0,0.0,-0.00869405
1990-03-01,Hlth_excess,0.0316,0.00396292,0.0,0.00279869,0.00427287
1990-03-01,Manuf_excess,0.0324,0.00350833,0.0,0.0,-0.00046082
1990-03-01,NoDur_excess,0.0399,0.00649083,0.0,0.00216271,0.00731524
1990-03-01,Other_excess,-0.0102,0.00371083,0.0,0.0,-0.00065676
1990-03-01,Shops_excess,0.0452,0.005005,0.0,0.0,-0.0028753
1990-03-01,Telcm_excess,0.0358,0.0061525,0.0,0.00608831,0.00487891
1990-03-01,Utils_excess,-0.0139,0.00406667,0.0,0.0021508,0.00709055
1990-04-01,Durbl_excess,-0.0477,0.0038,0.0,0.0,-0.00342241
1990-04-01,Enrgy_excess,-0.0427,0.00703167,0.0,0.00703025,0.002097
1990-04-01,HiTec_excess,-0.0263,0.00094,0.0,0.0,-0.00803611
1990-04-01,Hlth_excess,-0.0035,0.00433042,0.0,0.00279198,0.00211295
1990-04-01,Manuf_excess,-0.0346,0.00367917,0.0,0.0,-0.00196189
1990-04-01,NoDur_excess,-0.0086,0.00671333,0.0,0.0011175,0.01038841
1990-04-01,Other_excess,-0.0411,0.00376708,0.0,0.0,-0.00226286
1990-04-01,Shops_excess,-0.0277,0.00528875,0.0,0.0,0.00070238
1990-04-01,Telcm_excess,-0.0398,0.00623,0.0,0.00598304,0.00642519
1990-04-01,Utils_excess,-0.0621,0.00391125,0.0,0.00144929,0.00379473
1990-05-01,Durbl_excess,0.0707,0.00399125,0.0,0.0,-0.01202855
1990-05-01,Enrgy_excess,0.0537,0.00725667,0.0,0.00725579,0.00975995
1990-05-01,HiTec_excess,0.1173,0.00144917,0.0,0.0,-0.00790023
1990-05-01,Hlth_excess,0.1213,0.00475792,0.0,0.00432758,0.00404496
1990-05-01,Manuf_excess,0.0743,0.00393,0.0,0.0,0.00025657
1990-05-01,NoDur_excess,0.0841,0.00712083,0.0,0.00317601,0.00889785
1990-05-01,Other_excess,0.085,0.0041925,0.0,0.0,0.00025858
1990-05-01,Shops_excess,0.1085,0.0056575,0.0,0.0,4.486e-05
1990-05-01,Telcm_excess,0.0852,0.00645125,0.0004191,0.00662325,0.00517556
1990-05-01,Utils_excess,0.0475,0.00400958,0.0,0.00183653,0.00257525
1990-06-01,Durbl_excess,-0.0284,0.0045775,0.0,0.00011383,-0.00016245
1990-06-01,Enrgy_excess,-0.0267,0.00739167,0.0,0.00739184,0.00593818
1990-06-01,HiTec_excess,-0.019,0.00235833,0.0,0.0,-0.00253407
1990-06-01,Hlth_excess,0.0379,0.00560917,0.0,0.00599436,0.00544669
1990-06-01,Manuf_excess,-0.0118,0.00457458,0.0,0.00313316,0.00414623
1990-06-01,NoDur_excess,0.0145,0.00780375,0.0,0.00724644,0.00896741
1990-06-01,Other_excess,-0.0236,0.00490917,0.0,0.00100281,0.00427448
1990-06-01,Shops_excess,0.009,0.00652625,0.0,0.00194799,0.00135787
1990-06-01,Telcm_excess,-0.0537,0.00698292,0.00083795,0.007347,0.00406466
1990-06-01,Utils_excess,0.0012,0.0044525,0.0,0.00342231,0.00337352
1990-07-01,Durbl_excess,-0.0413,0.00465625,0.0,0.0,-0.00388472
1990-07-01,Enrgy_excess,0.0762,0.00740625,0.0,0.0074051,0.00192674
1990-07-01,HiTec_excess,-0.0832,0.00279208,0.0,0.0,-0.00773377
1990-07-01,Hlth_excess,0.0199,0.0058125,0.0,0.00471965,0.00412828
1990-07-01,Manuf_excess,-0.005,0.00475042,0.0,0.0,-0.00202784
1990-07-01,NoDur_excess,-0.0147,0.00795,0.0,0.00382359,0.0108077
1990-07-01,Other_excess,-0.0426,0.00512042,0.0,0.0,0.00037754
1990-07-01,Shops_excess,-0.0482,0.00675375,0.0,0.0,0.00260074
1990-07-01,Telcm_excess,-0.051,0.00713708,0.00044857,0.0068276,0.00204496
1990-07-01,Utils_excess,0.0022,0.00467792,0.0,0.00250654,0.00361459
1990-08-01,Durbl_excess,-0.149,0.00406417,0.0,0.0,-0.00481082
1990-08-01,Enrgy_excess,-0.0196,0.00721375,0.0,0.00721315,0.00539406
1990-08-01,HiTec_excess,-0.127,0.00236958,0.0,0.0,-0.00797754
1990-08-01,Hlth_excess,-0.0731,0.00582708,0.0,0.00476543,0.0052974
1990-08-01,Manuf_excess,-0.1266,0.00453875,0.0,0.0,0.0015604
1990-08-01,NoDur_excess,-0.0803,0.00763208,0.0,0.00278657,0.00864252
1990-08-01,Other_excess,-0.1196,0.00463042,0.0,0.0,-0.00146767
1990-08-01,Shops_excess,-0.127,0.00614208,0.0,0.0,0.0011991
1990-08-01,Telcm_excess,-0.1104,0.00651875,0.0,0.00613336,0.00041097
1990-08-01,Utils_excess,-0.073,0.00434583,0.0,0.00188878,0.00205857
1990-09-01,Durbl_excess,-0.1123,0.00312042,0.0,0.0,-0.0080062
1990-09-01,Enrgy_excess,-0.0222,0.00687958,0.0,0.00687692,0.00464502
1990-09-01,HiTec_excess,-0.0715,0.00152792,0.0,0.0,-0.01035336
1990-09-01,Hlth_excess,-0.0492,0.00546875,0.0,0.00238933,0.00507382
1990-09-01,Manuf_excess,-0.086,0.00383958,0.0,0.0,-0.00259785
1990-09-01,NoDur_excess,-0.0467,0.00725875,0.0,0.0,0.00465701
1990-09-01,Other_excess,-0.1057,0.00394167,0.0,0.0,0.00124694
1990-09-01,Shops_excess,-0.0937,0.00541375,0.0,0.0,-0.00097515
1990-09-01,Telcm_excess,0.0122,0.00597917,0.00252427,0.00502013,0.0041202
1990-09-01,Utils_excess,-0.0012,0.00386833,0.0,0.00081054,0.00568551
1990-10-01,Durbl_excess,-0.0397,0.00256292,0.0,0.0,-0.00713088
1990-10-01,Enrgy_excess,-0.0465,0.00667625,0.00349224,0.00667485,-0.00022707
1990-10-01,HiTec_excess,-0.0385,0.00082833,0.0,0.0,-0.01440487
1990-10-01,Hlth_excess,0.0078,0.00495167,0.00151509,0.00332927,-0.00490283
1990-10-01,Manuf_excess,-0.0261,0.00333833,0.0,0.0,-0.00976152
1990-10-01,NoDur_excess,0.0182,0.00685667,0.00137152,0.00280537,0.00333078
1990-10-01,Other_excess,-0.0717,0.0032075,0.0,0.0,-0.00365728
1990-10-01,Shops_excess,-0.0372,0.00471458,0.0,0.0,-0.01304191
1990-10-01,Telcm_excess,0.0234,0.00608917,0.00432161,0.00557879,0.00069809
1990-10-01,Utils_excess,0.0654,0.0039075,0.00079013,0.00244573,0.00189918
1990-11-01,Durbl_excess,0.036,0.0025,0.0014765,0.0,0.00480703
1990-11-01,Enrgy_excess,0.0105,0.00637875,0.00667097,0.00637707,0.00074093
1990-11-01,HiTec_excess,0.1043,0.00083208,0.00040732,0.0,-0.01280815
1990-11-01,Hlth_excess,0.0911,0.00499917,0.00488964,0.00396004,0.00395784
1990-11-01,Manuf_excess,0.068,0.00338,0.00304978,0.0,-0.00152364
1990-11-01,NoDur_excess,0.0599,0.0069225,0.00620528,0.00476014,0.01301172
1990-11-01,Other_excess,0.1006,0.00317333,0.00269086,0.0,0.00102563
1990-11-01,Shops_excess,0.0986,0.00464917,0.00308534,0.0,0.00355505
1990-11-01,Telcm_excess,0.0155,0.00636208,0.00622334,0.00604719,0.00827983
1990-11-01,Utils_excess,0.0174,0.00423375,0.00393529,0.00368559,0.01161706
1990-12-01,Durbl_excess,-0.0101,0.00237833,0.0052757,0.00725117,0.01440695
1990-12-01,Enrgy_excess,-0.0264,0.00623542,0.00763086,0.00623548,0.00587881
1990-12-01,HiTec_excess,0.0347,0.00111667,0.00338331,0.00055066,0.00682572
1990-12-01,Hlth_excess,0.0227,0.00526958,0.00558913,0.00619457,0.00680579
1990-12-01,Manuf_excess,0.0433,0.00351917,0.00583453,0.0069049,0.01062729
1990-12-01,NoDur_excess,0.038,0.00699417,0.00744206,0.00908555,0.01543155
1990-12-01,Other_excess,0.0489,0.00345125,0.0037336,0.00312389,0.00473468
1990-12-01,Shops_excess,0.027,0.0047925,0.00692016,0.00794933,0.01155622
1990-12-01,Telcm_excess,0.0091,0.00618917,0.00578401,0.00636584,0.00629889
1990-12-01,Utils_excess,0.0019,0.00393333,0.00331632,0.0040484,0.0083088
1991-01-01,Durbl_excess,0.0685,0.00209667,0.00894337,0.0120125,0.01995424
1991-01-01,Enrgy_excess,-0.0255,0.00604917,0.00866826,0.00605112,0.01740898
1991-01-01,HiTec_excess,0.1456,0.00109542,0.00716337,0.01001826,0.02103583
1991-01-01,Hlth_excess,0.0426,0.00515833,0.00672151,0.00789159,0.02097334
1991-01-01,Manuf_excess,0.0578,0.00338333,0.00831371,0.01240439,0.01841251
1991-01-01,NoDur_excess,0.0458,0.0068575,0.0091656,0.01219968,0.02161439
1991-01-01,Other_excess,0.0687,0.00332375,0.00558916,0.0054801,0.01019453
1991-01-01,Shops_excess,0.0887,0.00469708,0.01009628,0.01523331,0.01664823
1991-01-01,Telcm_excess,-0.005,0.00595917,0.00625575,0.00666929,0.01022953
1991-01-01,Utils_excess,-0.0189,0.00365958,0.00380656,0.00412716,0.00664696
1991-02-01,Durbl_excess,0.0979,0.00223667,0.01162565,0.00354123,0.01275005
1991-02-01,Enrgy_excess,0.0808,0.005945,0.0084574,0.00594501,0.00297994
1991-02-01,HiTec_excess,0.0551,0.00149333,0.00965731,0.0,0.01264292
1991-02-01,Hlth_excess,0.0968,0.00514833,0.00717296,0.00544432,0.00871213
1991-02-01,Manuf_excess,0.0536,0.00339375,0.00956697,0.00575042,0.0129672
1991-02-01,NoDur_excess,0.0983,0.00686333,0.01016386,0.00734562,0.0161201
1991-02-01,Other_excess,0.0932,0.00330042,0.00582656,0.00114949,0.00682183
1991-02-01,Shops_excess,0.0787,0.00473708,0.01124045,0.00594539,0.01709736
1991-02-01,Telcm_excess,0.0255,0.00554708,0.00639622,0.00537596,0.00447855
1991-02-01,Utils_excess,0.0436,0.00347458,0.00397011,0.00285706,0.00643238
1991-03-01,Durbl_excess,0.0078,0.002565,0.00235854,0.00635035,0.02176527
1991-03-01,Enrgy_excess,0.0085,0.006095,0.00393627,0.00609689,0.0216391
1991-03-01,HiTec_excess,-0.0016,0.00162,0.0,0.00549057,0.02233054
1991-03-01,Hlth_excess,0.058,0.0055075,0.00371982,0.00768909,0.01881211
1991-03-01,Manuf_excess,0.0097,0.00357917,0.00281642,0.00944842,0.02547058
1991-03-01,NoDur_excess,0.0438,0.00712958,0.0048934,0.00990755,0.01768341
1991-03-01,Other_excess,0.0263,0.00360458,0.0,0.00293669,0.01161454
1991-03-01,Shops_excess,0.0816,0.00492708,0.00155298,0.00919582,0.02101307
1991-03-01,Telcm_excess,0.0186,0.0058875,0.00592348,0.006272,0.00957261
1991-03-01,Utils_excess,0.0128,0.00377833,0.00130489,0.00343158,0.00357402
1991-04-01,Durbl_excess,-0.0281,0.00246667,0.0,0.00393246,0.00732113
1991-04-01,Enrgy_excess,0.0187,0.00602792,0.00183667,0.0060296,0.01408044
1991-04-01,HiTec_excess,-0.0324,0.00129042,0.0,0.00234734,0.00567037
1991-04-01,Hlth_excess,-0.0174,0.00560875,0.00209547,0.00746164,0.01868438
1991-04-01,Manuf_excess,-0.0003,0.00346208,0.0,0.00677245,0.01529756
1991-04-01,NoDur_excess,-0.0152,0.00713917,0.00230873,0.00865258,0.01166565
1991-04-01,Other_excess,0.0081,0.00347625,0.0,0.00136702,0.00748001
1991-04-01,Shops_excess,0.0149,0.00499583,0.0,0.00646219,0.01789681
1991-04-01,Telcm_excess,0.006,0.00594792,0.00530636,0.00626499,0.00849176
1991-04-01,Utils_excess,-0.0058,0.00374375,0.0,0.00290526,0.00200414
1991-05-01,Durbl_excess,0.1441,0.0020075,0.0,0.00036603,-0.00258033
1991-05-01,Enrgy_excess,-0.0189,0.00593792,0.00174432,0.00593856,0.01593718
1991-05-01,HiTec_excess,0.0321,0.00107083,0.0,0.0,-0.00361429
1991-05-01,Hlth_excess,0.04,0.00537083,0.00147871,0.00607584,0.012811
1991-05-01,Manuf_excess,0.0713,0.00329417,0.0,0.00328634,0.00712633
1991-05-01,NoDur_excess,0.0314,0.00699875,0.00126606,0.00625156,0.00779978
1991-05-01,Other_excess,0.0451,0.00334,0.0,0.0,0.00375216
1991-05-01,Shops_excess,0.0725,0.0048625,0.0,0.00157059,0.00452757
1991-05-01,Telcm_excess,-0.0193,0.00595083,0.00532015,0.00605046,0.00207223
1991-05-01,Utils_excess,-0.0032,0.00387917,0.0,0.00274402,0.00062526
1991-06-01,Durbl_excess,-0.0491,0.00279833,0.0,0.0,0.00430785
1991-06-01,Enrgy_excess,-0.0408,0.00607,0.0,0.00607079,0.00563452
1991-06-01,HiTec_excess,-0.0928,0.00147417,0.0,0.0,-0.00617733
1991-06-01,Hlth_excess,-0.0461,0.0056375,0.00014674,0.00580654,0.00168869
1991-06-01,Manuf_excess,-0.0468,0.0036975,0.0,0.0004717,0.00301284
1991-06-01,NoDur_excess,-0.0538,0.00726708,0.0,0.00452512,0.00509028
1991-06-01,Other_excess,-0.0566,0.00373167,0.0,0.0,0.00090688
1991-06-01,Shops_excess,-0.0473,0.00525125,0.0,0.0,0.00142104
1991-06-01,Telcm_excess,-0.0191,0.0060975,0.00518598,0.00602738,0.0024716
1991-06-01,Utils_excess,-0.0279,0.0040325,0.0,0.00220404,-0.00305244
1991-07-01,Durbl_excess,-0.0091,0.00263667,0.0,0.0,-0.000945
1991-07-01,Enrgy_excess,0.0454,0.0058725,0.0,0.0058728,0.00638587
1991-07-01,HiTec_excess,0.0426,0.00119375,0.0,0.0,-0.01437161
1991-07-01,Hlth_excess,0.0802,0.00537667,0.00017755,0.00462616,0.00126376
1991-07-01,Manuf_excess,0.0262,0.0035025,0.0,0.0,0.00220918
1991-07-01,NoDur_excess,0.0528,0.00706458,0.0,0.00238467,0.00434115
1991-07-01,Other_excess,0.0425,0.00355542,0.0,0.0,0.00267945
1991-07-01,Shops_excess,0.0482,0.00505708,0.0,0.0,0.00162988
1991-07-01,Telcm_excess,0.0262,0.00599,0.00511456,0.00573712,0.00374347
1991-07-01,Utils_excess,0.035,0.00375167,0.0,0.0012618,-0.001275
1991-08-01,Durbl_excess,-0.0261,0.00284667,0.0,0.0,0.00964364
1991-08-01,Enrgy_excess,0.0117,0.0061675,0.0,0.00616821,0.01686809
1991-08-01,HiTec_excess,0.0238,0.00174542,0.0,0.0,-0.00534873
1991-08-01,Hlth_excess,0.0249,0.00582125,0.0,0.00587651,0.00794835
1991-08-01,Manuf_excess,0.014,0.00383167,0.0,0.0,0.00536637
1991-08-01,NoDur_excess,0.0502,0.00739042,0.0,0.00391161,0.00384169
1991-08-01,Other_excess,0.0275,0.00390958,0.0,0.0,0.00286606
1991-08-01,Shops_excess,0.0314,0.00541833,0.0,0.0,0.00461873
1991-08-01,Telcm_excess,0.002,0.00626625,0.00427506,0.00616443,-0.00045281
1991-08-01,Utils_excess,0.0306,0.00400333,0.0,0.00182723,-0.00192676
1991-09-01,Durbl_excess,-0.0313,0.00231583,0.0,0.0,-0.00391563
1991-09-01,Enrgy_excess,-0.0114,0.00628667,1.789e-05,0.00628624,0.00500324
1991-09-01,HiTec_excess,-0.0194,0.00162792,0.0,0.0,-0.01157402
1991-09-01,Hlth_excess,-0.0079,0.00580792,0.0,0.00449937,0.00066273
1991-09-01,Manuf_excess,-0.0277,0.00364333,0.0,0.0,0.00059852
1991-09-01,NoDur_excess,-0.037,0.00749,0.0,0.00200151,0.00264863
1991-09-01,Other_excess,-0.0113,0.00375083,0.0,0.0,-0.00231821
1991-09-01,Shops_excess,-0.0362,0.00531042,0.0,0.0,-0.00062325
1991-09-01,Telcm_excess,-0.0009,0.00630833,0.00420158,0.00578057,-0.00163154
1991-09-01,Utils_excess,0.0326,0.0042475,0.0,0.00182602,-0.0016158
1991-10-01,Durbl_excess,-0.0241,0.00220375,0.0,0.0,-0.01246236
1991-10-01,Enrgy_excess,0.0164,0.00632292,0.00280482,0.00632314,0.00744948
1991-10-01,HiTec_excess,0.0171,0.00162708,0.0,0.0,-0.01225704
1991-10-01,Hlth_excess,0.0611,0.00576292,0.00124073,0.00399986,-0.00148412
1991-10-01,Manuf_excess,0.0106,0.00355667,0.0,0.0,-0.00696035
1991-10-01,NoDur_excess,-0.0096,0.00735417,0.0,0.0007469,-0.00287899
1991-10-01,Other_excess,0.0183,0.00373708,0.0,0.0,-0.00205761
1991-10-01,Shops_excess,-0.0236,0.00514458,0.0,0.0,-0.00939504
1991-10-01,Telcm_excess,0.0151,0.00631042,0.00416227,0.00559303,-0.00176885
1991-10-01,Utils_excess,0.0083,0.00446167,0.0,0.00188253,0.00313239
1991-11-01,Durbl_excess,-0.0841,0.00233583,0.0,0.0,-0.00055309
1991-11-01,Enrgy_excess,-0.0814,0.00658542,0.00366446,0.00658678,0.01751605
1991-11-01,HiTec_excess,-0.0471,0.001895,0.0,0.0,-0.00275971
1991-11-01,Hlth_excess,-0.0292,0.00613708,0.00298359,0.00520157,0.00988125
1991-11-01,Manuf_excess,-0.0596,0.00386792,0.0,0.0,0.00516132
1991-11-01,NoDur_excess,-0.0081,0.00751,0.00058676,0.00087134,0.00267456
1991-11-01,Other_excess,-0.058,0.00400375,0.0,0.0,0.0034219
1991-11-01,Shops_excess,-0.0159,0.00520542,0.0,0.0,0.0008861
1991-11-01,Telcm_excess,-0.0514,0.00646125,0.00535865,0.00610005,0.00043146
1991-11-01,Utils_excess,0.0151,0.00442625,0.00023336,0.00160054,0.00020285
1991-12-01,Durbl_excess,0.0723,0.00198708,0.0,0.0,-0.01549354
1991-12-01,Enrgy_excess,0.0177,0.00625917,0.00609009,0.00625983,0.00361044
1991-12-01,HiTec_excess,0.0891,0.00164042,0.0007135,0.0,-0.00796031
1991-12-01,Hlth_excess,0.1622,0.00600625,0.00610738,0.00476604,3.134e-05
1991-12-01,Manuf_excess,0.112,0.00367583,0.00327642,0.0,-0.00324341
1991-12-01,NoDur_excess,0.1439,0.00750583,0.0047993,0.00119311,0.0005338
1991-12-01,Other_excess,0.1238,0.003785,0.00026704,0.0,-0.00295012
1991-12-01,Shops_excess,0.1266,0.00514458,0.0,0.0,-0.00622525
1991-12-01,Telcm_excess,0.0947,0.00624625,0.00679731,0.00559435,0.00111917
1991-12-01,Utils_excess,0.0463,0.00455458,0.00366604,0.00224382,0.00283265
1992-01-01,Durbl_excess,0.1016,0.00204792,0.0,0.0,0.00436206
1992-01-01,Enrgy_excess,-0.0447,0.00598,0.00470976,0.005979,0.00817819
1992-01-01,HiTec_excess,0.0609,0.0015575,0.0,0.0,0.00747626
1992-01-01,Hlth_excess,-0.0578,0.00636792,0.00548859,0.00576787,0.01007896
1992-01-01,Manuf_excess,0.0197,0.00374667,0.00256994,0.0002372,0.01646822
1992-01-01,NoDur_excess,-0.0346,0.00768167,0.00313721,0.00248374,0.00759513
1992-01-01,Other_excess,0.0165,0.00397708,0.0,0.0,0.0058386
1992-01-01,Shops_excess,-0.0006,0.00526375,0.0,0.0,0.01013578
1992-01-01,Telcm_excess,-0.0322,0.00634917,0.00597082,0.00575495,0.00646684
1992-01-01,Utils_excess,-0.0491,0.004425,0.00107893,0.00203693,0.00188697
1992-02-01,Durbl_excess,0.1208,0.00234875,0.0,0.0,-0.00879437
1992-02-01,Enrgy_excess,-0.0082,0.00579917,0.00270409,0.00580045,0.01072778
1992-02-01,HiTec_excess,0.0353,0.00147542,0.0,0.0,0.00218233
1992-02-01,Hlth_excess,-0.0302,0.00603083,0.0059515,0.00599024,0.00625961
1992-02-01,Manuf_excess,0.0192,0.00370667,0.00286094,3.436e-05,0.00222149
1992-02-01,NoDur_excess,0.0077,0.00744542,0.00422435,0.00162521,0.0026647
1992-02-01,Other_excess,0.0279,0.00391917,0.0,0.0,-0.00409647
1992-02-01,Shops_excess,0.0236,0.00525542,0.0,0.0,0.00195803
1992-02-01,Telcm_excess,-0.0173,0.00618792,0.00748707,0.00583475,0.0107565
1992-02-01,Utils_excess,-0.0152,0.004245,0.00234247,0.00110948,-0.00286509
1992-03-01,Durbl_excess,0.0046,0.0028275,0.00195017,0.0,0.00681196
1992-03-01,Enrgy_excess,-0.0306,0.00566667,0.00211151,0.00566599,0.00346673
1992-03-01,HiTec_excess,-0.0541,0.00155417,0.0,0.0,0.00282653
1992-03-01,Hlth_excess,-0.0587,0.00561833,0.00425883,0.00360898,0.00145733
1992-03-01,Manuf_excess,-0.015,0.00358917,0.00250586,0.0,0.00219908
1992-03-01,NoDur_excess,-0.0185,0.00729417,0.00363424,0.00013206,0.00030589
1992-03-01,Other_excess,-0.0253,0.00395208,0.0,0.0,0.00071188
1992-03-01,Shops_excess,-0.017,0.00512833,0.0,0.0,0.00860778
1992-03-01,Telcm_excess,-0.0121,0.00611958,0.00700696,0.00531573,0.00786183
1992-03-01,Utils_excess,-0.0087,0.00429625,0.00218865,0.00113749,-0.00277396
1992-04-01,Durbl_excess,0.0763,0.00268167,0.0,0.0,-0.00402064
1992-04-01,Enrgy_excess,0.0914,0.00577792,0.00153735,0.00577639,0.00299514
1992-04-01,HiTec_excess,-0.0122,0.00129417,0.0,0.0,-0.01023608
1992-04-01,Hlth_excess,-0.0262,0.00536583,0.00289007,0.00073331,-0.00410346
1992-04-01,Manuf_excess,0.0271,0.00343417,0.00053768,0.0,-0.0090838
1992-04-01,NoDur_excess,0.0044,0.007225,0.00265819,0.0,-0.00817212
1992-04-01,Other_excess,0.003,0.00376167,0.0,0.0,-0.00441999
1992-04-01,Shops_excess,-0.0383,0.00498625,0.0,0.0,-0.0106797
1992-04-01,Telcm_excess,0.0678,0.00609375,0.00664924,0.00483519,0.00237563
1992-04-01,Utils_excess,0.0237,0.00427792,0.00193626,0.0,-0.00085182
1992-05-01,Durbl_excess,-0.0221,0.00303375,0.00055051,0.0,0.01607317
1992-05-01,Enrgy_excess,0.0287,0.00619958,0.00206241,0.00620016,0.00827377
1992-05-01,HiTec_excess,-0.0018,0.00122375,0.0,0.0,-0.01026876
1992-05-01,Hlth_excess,0.0083,0.00522375,0.00187873,0.00166577,-0.00723477
1992-05-01,Manuf_excess,-0.0089,0.00347708,0.00015719,0.0,-0.00597239
1992-05-01,NoDur_excess,0.0103,0.00717625,0.00220818,0.0,-0.00942628
1992-05-01,Other_excess,0.0119,0.00371042,0.0,0.0,-0.00635928
1992-05-01,Shops_excess,-0.0004,0.00486208,0.0,0.0,-0.0158965
1992-05-01,Telcm_excess,-0.0289,0.00643208,0.0085045,0.00597701,0.00356713
1992-05-01,Utils_excess,0.0226,0.00450625,0.0026134,0.00143968,-0.00101531
1992-06-01,Durbl_excess,0.0186,0.00299667,0.00011464,0.00507777,0.01297862
1992-06-01,Enrgy_excess,-0.0382,0.00617792,0.00338375,0.00617956,0.011251
1992-06-01,HiTec_excess,-0.0437,0.00107292,0.0,0.0,-0.00507904
1992-06-01,Hlth_excess,-0.051,0.00512417,0.00169266,0.00261745,-0.00920082
1992-06-01,Manuf_excess,-0.0357,0.00337333,0.0001684,0.00018373,-0.00748213
1992-06-01,NoDur_excess,-0.0313,0.00721458,0.00207852,0.0012764,-0.00674475
1992-06-01,Other_excess,-0.0038,0.00379792,0.0,0.0,-0.00170623
1992-06-01,Shops_excess,-0.0224,0.00479833,0.0,0.0,-0.01541872
1992-06-01,Telcm_excess,0.0117,0.00627542,0.00719888,0.00578031,0.00130223
1992-06-01,Utils_excess,0.0022,0.00462042,0.00293603,0.00257874,5.45e-06
1992-07-01,Durbl_excess,-0.0001,0.00320667,0.00100018,0.0,0.00751367
1992-07-01,Enrgy_excess,0.0497,0.00606917,0.00419751,0.00606895,0.00439703
1992-07-01,HiTec_excess,0.0255,0.00100833,0.0,0.0,-0.01876492
1992-07-01,Hlth_excess,0.0548,0.00481917,0.00076683,0.0,-0.01724951
1992-07-01,Manuf_excess,0.026,0.00333042,0.00047311,0.0,-0.01422019
1992-07-01,NoDur_excess,0.0436,0.00714417,0.00164932,0.0,-0.01020022
1992-07-01,Other_excess,0.0281,0.00398208,0.0,0.0,-0.00621138
1992-07-01,Shops_excess,0.0352,0.00489292,0.0,0.0,-0.01978566
1992-07-01,Telcm_excess,0.0515,0.00645083,0.00729716,0.00558229,0.00318506
1992-07-01,Utils_excess,0.0642,0.00470625,0.00319406,0.00162254,0.00159256
1992-08-01,Durbl_excess,-0.0987,0.00330792,0.00074932,0.00361937,0.00483188
1992-08-01,Enrgy_excess,0.0229,0.00633292,0.00600877,0.00633402,0.0023802
1992-08-01,HiTec_excess,-0.0464,0.0010875,0.0,0.0,-0.01216813
1992-08-01,Hlth_excess,-0.0372,0.00493,0.0007952,0.00035383,-0.01631975
1992-08-01,Manuf_excess,-0.0379,0.00343167,0.00084147,0.0,-0.00974067
1992-08-01,NoDur_excess,0.0061,0.00740458,0.0016268,0.0,-0.01505794
1992-08-01,Other_excess,-0.0372,0.004235,0.0,0.0,-0.00701946
1992-08-01,Shops_excess,-0.0076,0.005155,0.0,0.0,-0.02062887
1992-08-01,Telcm_excess,-0.0123,0.00664708,0.00767345,0.00611667,0.00241913
1992-08-01,Utils_excess,-0.0073,0.004985,0.00383201,0.00298739,-0.00356181
1992-09-01,Durbl_excess,-0.0016,0.00275125,0.0,0.0,-0.00837172
1992-09-01,Enrgy_excess,-0.0013,0.00592167,0.00563942,0.00592293,0.00219095
1992-09-01,HiTec_excess,0.0307,0.0007875,0.0,0.0,-0.01308453
1992-09-01,Hlth_excess,-0.0512,0.00474375,0.00038736,0.0,-0.01183741
1992-09-01,Manuf_excess,0.0153,0.00319042,0.0,0.0,-0.00642545
1992-09-01,NoDur_excess,0.008,0.00744667,0.00159151,0.0,-0.0041777
1992-09-01,Other_excess,0.0318,0.00394125,0.0,0.0,-0.00838342
1992-09-01,Shops_excess,0.0382,0.00515333,0.0,0.0,-0.01328331
1992-09-01,Telcm_excess,0.0165,0.00639333,0.00672779,0.00562831,0.00739571
1992-09-01,Utils_excess,0.0057,0.00471792,0.00329545,0.00191305,-0.00738147
1992-10-01,Durbl_excess,-0.0025,0.00279583,0.0,0.0,-0.00693343
1992-10-01,Enrgy_excess,-0.0373,0.00594042,0.00660379,0.00594031,-0.00054076
1992-10-01,HiTec_excess,0.0172,0.0009775,0.0,0.0,-0.00655374
1992-10-01,Hlth_excess,0.0311,0.00456292,0.0,0.0,-0.0213195
1992-10-01,Manuf_excess,0.0073,0.00331917,0.00125285,0.0,-0.00650684
1992-10-01,NoDur_excess,-0.0105,0.00760333,0.00270422,0.0,-0.0061641
1992-10-01,Other_excess,0.0275,0.00415958,0.0,0.0,-0.007878
1992-10-01,Shops_excess,0.0413,0.0053475,0.0,0.0,-0.00641962
1992-10-01,Telcm_excess,-0.0078,0.00629667,0.00674638,0.00530731,0.00324689
1992-10-01,Utils_excess,-0.0065,0.0047475,0.00374243,0.00165495,-0.00790877
1992-11-01,Durbl_excess,0.0835,0.00290375,0.00537293,0.0,0.00501255
1992-11-01,Enrgy_excess,-0.0294,0.0056725,0.00581177,0.00567281,0.00303663
1992-11-01,HiTec_excess,0.0635,0.001205,0.00289319,0.0,-0.00550784
1992-11-01,Hlth_excess,0.0461,0.00464625,0.00214694,0.0,-0.0087722
1992-11-01,Manuf_excess,0.037,0.00331875,0.00469816,0.0,-0.00103756
1992-11-01,NoDur_excess,0.0339,0.00757667,0.0060951,0.0,0.00118571
1992-11-01,Other_excess,0.0588,0.00424375,0.00346063,0.0,0.00159858
1992-11-01,Shops_excess,0.0685,0.00549917,0.00100314,0.0,0.00220887
1992-11-01,Telcm_excess,0.0365,0.006185,0.0083979,0.00534433,0.00799685
1992-11-01,Utils_excess,-0.0046,0.004455,0.00500271,0.00116112,-0.00065562
1992-12-01,Durbl_excess,0.0307,0.00293625,0.00314509,0.00357459,0.00046001
1992-12-01,Enrgy_excess,0.0171,0.00530708,0.00235351,0.00530693,0.0066202
1992-12-01,HiTec_excess,-0.0026,0.00137958,0.0,0.0006602,0.00114558
1992-12-01,Hlth_excess,-0.0163,0.00487708,0.0011418,0.00180189,-0.0065517
1992-12-01,Manuf_excess,0.0116,0.00331333,0.00236888,7.374e-05,-0.00482734
1992-12-01,NoDur_excess,-0.0023,0.00744667,0.0038788,0.00191481,-0.00317365
1992-12-01,Other_excess,0.0352,0.00429,0.00064413,0.0,-0.00451448
1992-12-01,Shops_excess,0.0033,0.00554958,0.0,0.0,-0.00329303
1992-12-01,Telcm_excess,0.0536,0.00605833,0.00722949,0.00556413,0.00402354
1992-12-01,Utils_excess,0.0243,0.00418458,0.0023181,0.00143884,-0.00137456
1993-01-01,Durbl_excess,0.0935,0.00301125,0.00124643,0.00586141,0.01738855
1993-01-01,Enrgy_excess,0.0255,0.00535,0.00271098,0.00534937,0.00562507
1993-01-01,HiTec_excess,0.0457,0.00130167,0.0,0.00142161,0.01744258
1993-01-01,Hlth_excess,-0.071,0.00466875,0.0,0.00123473,-0.01097309
1993-01-01,Manuf_excess,-0.0007,0.00333875,0.00133693,0.00126499,-0.00091425
1993-01-01,NoDur_excess,-0.0103,0.00743042,0.00198666,0.00216516,-0.00333951
1993-01-01,Other_excess,0.0313,0.0044825,0.0,0.00175038,-0.00026496
1993-01-01,Shops_excess,-0.0014,0.00550667,0.0,0.0,-0.01016856
1993-01-01,Telcm_excess,0.011,0.00623667,0.00654913,0.00593854,0.01084077
1993-01-01,Utils_excess,0.0223,0.00436542,0.00142796,0.00200339,0.00241579
1993-02-01,Durbl_excess,-0.0052,0.00369833,0.00204905,0.00121374,-0.00903629
1993-02-01,Enrgy_excess,0.058,0.005265,0.00200781,0.00526313,-0.00064103
1993-02-01,HiTec_excess,-0.0075,0.00142875,0.0,0.0,-0.00823654
1993-02-01,Hlth_excess,-0.0923,0.00444083,0.0,0.0,-0.02159251
1993-02-01,Manuf_excess,0.0149,0.00350833,0.00054636,0.0,-0.01276261
1993-02-01,NoDur_excess,-0.0236,0.00760417,0.00142323,0.0,-0.00728748
1993-02-01,Other_excess,0.0013,0.00494167,0.00040694,0.0,-0.00313777
1993-02-01,Shops_excess,-0.017,0.00568958,0.0,0.0,-0.01536707
1993-02-01,Telcm_excess,0.0538,0.00638917,0.00708125,0.00549694,0.0056631
1993-02-01,Utils_excess,0.0601,0.00465458,0.00224255,0.00174897,-0.0029097
1993-03-01,Durbl_excess,0.0515,0.00393792,0.0,0.0,-0.01615043
1993-03-01,Enrgy_excess,0.0384,0.00583125,0.00429346,0.00583026,-0.00292264
1993-03-01,HiTec_excess,0.02,0.00153958,0.0,0.0,-0.01601923
1993-03-01,Hlth_excess,0.0048,0.00410292,0.0,0.0,-0.02927038
1993-03-01,Manuf_excess,0.0195,0.00368208,0.0,0.0,-0.01599316
1993-03-01,NoDur_excess,-0.0025,0.007705,0.0,0.0,-0.01829715
1993-03-01,Other_excess,0.0355,0.00521667,0.0,0.0,-0.01193272
1993-03-01,Shops_excess,0.0253,0.00590458,0.0,0.0,-0.02201563
1993-03-01,Telcm_excess,0.031,0.00682375,0.00738669,0.00615294,0.00419942
1993-03-01,Utils_excess,0.0151,0.00500458,0.00238943,0.00240221,-0.00292144
1993-04-01,Durbl_excess,0.022,0.00428917,0.0,0.0,2.525e-05
1993-04-01,Enrgy_excess,0.0086,0.00588333,0.00233252,0.00588402,0.00127636
1993-04-01,HiTec_excess,-0.0382,0.00169208,0.0,0.0,-0.00737189
1993-04-01,Hlth_excess,0.0105,0.00410958,0.0,0.0,-0.02616835
1993-04-01,Manuf_excess,-0.002,0.00379083,0.0,0.0,-0.01415982
1993-04-01,NoDur_excess,-0.0956,0.00775542,0.0,0.0,-0.01284953
1993-04-01,Other_excess,-0.0352,0.00539458,0.0,0.0,-0.00912212
1993-04-01,Shops_excess,-0.0833,0.00626417,0.0,0.0,-0.01775382
1993-04-01,Telcm_excess,-0.0312,0.00695,0.00699,0.00662069,0.00510486
1993-04-01,Utils_excess,-0.0039,0.00517625,0.00134027,0.00266598,-0.00281234
1993-05-01,Durbl_excess,0.0088,0.00461875,0.00272042,0.0025989,-0.00092054
1993-05-01,Enrgy_excess,0.016,0.00598167,0.00548784,0.0059826,0.00123314
1993-05-01,HiTec_excess,0.0852,0.00183208,0.0,0.0,-0.01138874
1993-05-01,Hlth_excess,0.0338,0.00440375,0.0,0.0,-0.02285099
1993-05-01,Manuf_excess,0.0212,0.0039875,0.00111455,0.0,-0.00855242
1993-05-01,NoDur_excess,0.0245,0.00763917,0.0,0.0,-0.02241696
1993-05-01,Other_excess,0.0142,0.0055925,0.00115696,0.00033497,-0.00485166
1993-05-01,Shops_excess,0.0565,0.00629375,0.0,0.0,-0.02104985
1993-05-01,Telcm_excess,0.0394,0.006805,0.0073886,0.00637044,0.00026149
1993-05-01,Utils_excess,-0.0026,0.00520667,0.00343441,0.00297143,-0.00440336
1993-06-01,Durbl_excess,0.032,0.00485292,0.00599788,0.0056627,0.007814
1993-06-01,Enrgy_excess,-0.0136,0.00621792,0.00620728,0.00621948,0.00877759
1993-06-01,HiTec_excess,-0.0077,0.00231708,0.0,0.0,0.00143427
1993-06-01,Hlth_excess,-0.0323,0.00452167,0.0,0.0,-0.02180215
1993-06-01,Manuf_excess,-0.0052,0.004145,0.0030574,0.0,-0.01167231
1993-06-01,NoDur_excess,-0.0094,0.00785125,0.00066208,0.0,-0.01436268
1993-06-01,Other_excess,0.0205,0.00588083,0.00225862,0.00156093,-0.00243699
1993-06-01,Shops_excess,-0.0314,0.00664333,0.0,0.0,-0.01118941
1993-06-01,Telcm_excess,0.0439,0.00702542,0.00821142,0.00695518,0.0031608
1993-06-01,Utils_excess,0.0294,0.0052025,0.00324449,0.00299919,0.00248363
1993-07-01,Durbl_excess,0.0125,0.00511333,0.00468911,0.00647272,0.0062393
1993-07-01,Enrgy_excess,0.0023,0.00611625,0.00666343,0.00611568,0.00565001
1993-07-01,HiTec_excess,-0.0408,0.00230875,0.0,0.0,-0.01047342
1993-07-01,Hlth_excess,-0.0622,0.00440792,0.0,0.0,-0.02770211
1993-07-01,Manuf_excess,-0.0035,0.00415917,0.00235579,0.0,-0.01590762
1993-07-01,NoDur_excess,-0.026,0.00797667,0.0,0.0,-0.0208456
1993-07-01,Other_excess,0.0182,0.00599708,0.0015178,0.00170668,-0.00478832
1993-07-01,Shops_excess,0.0049,0.00677375,0.0,0.0,-0.02589458
1993-07-01,Telcm_excess,0.019,0.00724292,0.00711714,0.00697887,0.00746617
1993-07-01,Utils_excess,0.017,0.00545042,0.00253779,0.0032773,0.00205576
1993-08-01,Durbl_excess,0.0022,0.00488958,0.00543118,0.00627873,0.02479646
1993-08-01,Enrgy_excess,0.0403,0.00614,0.00777765,0.00614057,0.00490106
1993-08-01,HiTec_excess,0.0632,0.00195917,0.0,0.0,0.0150862
1993-08-01,Hlth_excess,0.0278,0.00388917,0.0,0.0,-0.02356403
1993-08-01,Manuf_excess,0.0323,0.00389417,0.00280237,0.0,-0.00177461
1993-08-01,NoDur_excess,0.0405,0.00758542,0.0,0.0,-0.01759019
1993-08-01,Other_excess,0.0322,0.0057025,0.00178362,0.00120682,0.00452506
1993-08-01,Shops_excess,0.0368,0.00635667,0.0,0.0,-0.01206134
1993-08-01,Telcm_excess,0.05,0.00736208,0.00726435,0.00744889,0.01385601
1993-08-01,Utils_excess,0.0345,0.00564792,0.00326278,0.00381684,0.00733899
1993-09-01,Durbl_excess,0.0074,0.00509208,0.00422006,0.00356887,-0.00342587
1993-09-01,Enrgy_excess,0.0108,0.00649625,0.00898102,0.00649681,0.00154577
1993-09-01,HiTec_excess,0.0094,0.00240583,0.0,0.0,-0.00871867
1993-09-01,Hlth_excess,0.0058,0.00432167,0.0,0.0,-0.02567254
1993-09-01,Manuf_excess,-0.0215,0.00411875,0.00250369,0.0,-0.0108408
1993-09-01,NoDur_excess,-0.021,0.00792125,0.0,0.0,-0.01834034
1993-09-01,Other_excess,0.0152,0.00596167,0.00042395,0.00066389,-0.00183959
1993-09-01,Shops_excess,-0.0064,0.00671208,0.0,0.0,-0.0182179
1993-09-01,Telcm_excess,-0.0074,0.00776167,0.00704196,0.00767363,0.00865425
1993-09-01,Utils_excess,-0.009,0.00590833,0.0024921,0.00403892,0.0068076
1993-10-01,Durbl_excess,0.0751,0.00482542,0.00097521,0.0036016,0.00093026
1993-10-01,Enrgy_excess,-0.0219,0.00618583,0.00753066,0.00618901,0.00569457
1993-10-01,HiTec_excess,0.0143,0.00259125,0.0,0.0,-0.0014842
1993-10-01,Hlth_excess,0.0571,0.00434167,0.0,0.0,-0.01656938
1993-10-01,Manuf_excess,0.0286,0.0038675,0.00011329,0.0,-0.00641423
1993-10-01,NoDur_excess,0.0582,0.00761625,0.0,0.0,-0.01546295
1993-10-01,Other_excess,-0.0255,0.00575167,0.0,0.00155551,0.00051746
1993-10-01,Shops_excess,0.0437,0.006415,0.0,0.0,-0.01994653
1993-10-01,Telcm_excess,0.022,0.00744083,0.00591264,0.00765806,0.01228146
1993-10-01,Utils_excess,-0.0219,0.00556958,0.00124738,0.00382498,0.0017084
1993-11-01,Durbl_excess,0.0042,0.00534667,0.0,0.0,0.00248811
1993-11-01,Enrgy_excess,-0.0624,0.00590625,0.00501768,0.00590666,0.00435462
1993-11-01,HiTec_excess,-0.0048,0.00251542,0.0,0.0,-0.00711714
1993-11-01,Hlth_excess,0.0073,0.00453042,0.0,0.0,-0.01300029
1993-11-01,Manuf_excess,0.0109,0.003995,0.0,0.0,-0.01200437
1993-11-01,NoDur_excess,0.0044,0.00797958,0.0,0.0,-0.01415156
1993-11-01,Other_excess,-0.0308,0.00571458,0.0,0.0,-0.00751786
1993-11-01,Shops_excess,0.0051,0.00677625,0.0,0.0,-0.02028311
1993-11-01,Telcm_excess,-0.0621,0.00779125,0.0060004,0.00764652,0.00897371
1993-11-01,Utils_excess,-0.0577,0.0056475,0.0,0.00271413,-0.00102898
1993-12-01,Durbl_excess,0.0421,0.00606708,0.00525962,0.00760659,0.02468155
1993-12-01,Enrgy_excess,0.0037,0.00592875,0.00498434,0.00593069,0.00641013
1993-12-01,HiTec_excess,0.0272,0.00299583,0.0,0.00011653,0.02101051
1993-12-01,Hlth_excess,0.0209,0.0049075,0.0,0.0,-0.00848259
1993-12-01,Manuf_excess,0.0353,0.00465833,0.00230293,0.0,0.00153171
1993-12-01,NoDur_excess,0.0124,0.00861792,0.00022383,8.803e-05,-0.00816883
1993-12-01,Other_excess,0.023,0.00617208,0.0,0.00092002,-0.00222206
1993-12-01,Shops_excess,-0.0211,0.00760833,0.0,0.0,-0.00140612
1993-12-01,Telcm_excess,-0.0076,0.00773625,0.00665345,0.00815521,0.01574844
1993-12-01,Utils_excess,0.0138,0.00591542,0.00170347,0.00375272,-0.00069521
1994-01-01,Durbl_excess,0.0692,0.00642583,0.00737325,0.01515384,0.03107941
1994-01-01,Enrgy_excess,0.0463,0.00561125,0.00419662,0.0056129,0.00704391
1994-01-01,HiTec_excess,0.0437,0.00331583,0.0,0.00462822,0.02058642
1994-01-01,Hlth_excess,0.0149,0.00520792,0.0,0.00082558,-0.00408209
1994-01-01,Manuf_excess,0.046,0.00477833,0.00331019,0.00397746,0.00841367
1994-01-01,NoDur_excess,-0.0066,0.00876167,0.00112432,0.0028696,-0.00488833
1994-01-01,Other_excess,0.0411,0.0061925,1.779e-05,0.00442112,0.00303344
1994-01-01,Shops_excess,0.0085,0.00755583,0.0,0.00171378,-0.00476474
1994-01-01,Telcm_excess,0.0192,0.0075575,0.00639364,0.00797543,0.01670312
1994-01-01,Utils_excess,-0.0145,0.00585667,0.00186901,0.00448854,0.00622815
1994-02-01,Durbl_excess,-0.0464,0.00648625,0.00635702,0.00926884,0.00383528
1994-02-01,Enrgy_excess,-0.0317,0.00614125,0.00497276,0.00614185,0.00263549
1994-02-01,HiTec_excess,0.0151,0.00347208,0.0,0.0,-0.00134713
1994-02-01,Hlth_excess,-0.0563,0.00540292,0.0,0.0,-0.0088044
1994-02-01,Manuf_excess,-0.0088,0.00497917,0.00286995,0.00047528,-0.0030206
1994-02-01,NoDur_excess,-0.0148,0.00866208,0.0,0.0,-0.01154707
1994-02-01,Other_excess,-0.0406,0.00634083,0.0,0.00223894,-0.00109829
1994-02-01,Shops_excess,0.0167,0.00733875,0.0,0.0,-0.01436206
1994-02-01,Telcm_excess,-0.0571,0.00757667,0.0056162,0.00740729,0.00560082
1994-02-01,Utils_excess,-0.0519,0.00563292,3.06e-06,0.00331125,0.00207068
1994-03-01,Durbl_excess,-0.0675,0.00636167,0.00155543,0.00282535,0.0139057
1994-03-01,Enrgy_excess,-0.0385,0.00609792,0.00277591,0.00609991,0.00257634
1994-03-01,HiTec_excess,-0.0407,0.00358417,0.0,0.0,0.00234059
1994-03-01,Hlth_excess,-0.0702,0.00524333,0.0,9.118e-05,-0.00414178
1994-03-01,Manuf_excess,-0.0468,0.00496542,0.0,0.0,-0.00134046
1994-03-01,NoDur_excess,-0.0431,0.00861833,0.0,0.0,-0.00516953
1994-03-01,Other_excess,-0.0456,0.00615375,0.0,0.0,-0.00331277
1994-03-01,Shops_excess,-0.0511,0.00739875,0.0,0.0,-0.00307208
1994-03-01,Telcm_excess,-0.0388,0.00716667,0.00463988,0.00692046,0.00339749
1994-03-01,Utils_excess,-0.0421,0.00542875,0.0,0.00204685,-0.00727835
1994-04-01,Durbl_excess,-0.0086,0.00610792,0.0,0.0,-0.00858755
1994-04-01,Enrgy_excess,0.0392,0.00609583,0.00185724,0.00609502,-0.002337
1994-04-01,HiTec_excess,-0.018,0.00355167,0.0,0.0,-0.01175416
1994-04-01,Hlth_excess,0.0198,0.00492375,0.0,0.0,-0.01232499
1994-04-01,Manuf_excess,-0.0023,0.00482625,0.0,0.0,-0.01431657
1994-04-01,NoDur_excess,0.0096,0.00854125,0.0,0.0,-0.00965154
1994-04-01,Other_excess,0.011,0.00613833,0.0,0.0,-0.00741028
1994-04-01,Shops_excess,-0.0006,0.00733917,0.0,0.0,-0.01238809
1994-04-01,Telcm_excess,0.0132,0.00721917,0.0053728,0.00657037,0.00312526
1994-04-01,Utils_excess,0.0186,0.00542917,0.0,0.00116549,-0.01112178
1994-05-01,Durbl_excess,-0.0295,0.00627292,0.0,0.00274006,0.02016545
1994-05-01,Enrgy_excess,0.0063,0.00655333,0.00111993,0.00655401,0.00953456
1994-05-01,HiTec_excess,0.0178,0.00365958,0.0,0.0,0.0049247
1994-05-01,Hlth_excess,0.04,0.00509917,0.0,0.0,-0.00579563
1994-05-01,Manuf_excess,0.0173,0.00493292,0.0,0.0,0.00508662
1994-05-01,NoDur_excess,-0.0166,0.00876542,0.0,0.0,-0.00096761
1994-05-01,Other_excess,0.0273,0.00647917,0.0,0.0009242,0.0067971
1994-05-01,Shops_excess,-0.0212,0.00744958,0.0,0.0,0.00213705
1994-05-01,Telcm_excess,0.0132,0.00752708,0.00573747,0.00735258,0.01040927
1994-05-01,Utils_excess,-0.0567,0.0060475,0.00041827,0.0033209,2.662e-05
1994-06-01,Durbl_excess,-0.0373,0.00616292,0.0,0.00118192,0.03135955
1994-06-01,Enrgy_excess,-0.0301,0.006925,0.0,0.00692528,0.00852173
1994-06-01,HiTec_excess,-0.0546,0.00394083,0.0,0.0,0.02923291
1994-06-01,Hlth_excess,-0.0373,0.00530208,0.0,0.00042203,-0.0027733
1994-06-01,Manuf_excess,-0.0292,0.00514208,0.0,0.0,0.01402478
1994-06-01,NoDur_excess,-0.0221,0.00884875,0.0,0.0,-0.00148772
1994-06-01,Other_excess,-0.0292,0.00697792,0.0,0.00142962,0.00968843
1994-06-01,Shops_excess,-0.0294,0.00734292,0.0,0.0,0.00020547
1994-06-01,Telcm_excess,0.0031,0.00767792,0.00459456,0.00753763,0.00795438
1994-06-01,Utils_excess,-0.0346,0.00604792,0.0,0.00278542,-0.00547727
1994-07-01,Durbl_excess,0.032,0.0061425,0.0,0.0,-0.00319385
1994-07-01,Enrgy_excess,0.0297,0.0068375,0.00041643,0.00683713,0.00168989
1994-07-01,HiTec_excess,0.035,0.00386042,0.0,0.0,-0.00422851
1994-07-01,Hlth_excess,0.0082,0.00523917,0.0,0.00017143,-0.00803896
1994-07-01,Manuf_excess,0.0431,0.00506292,0.0,0.0,-0.0038124
1994-07-01,NoDur_excess,0.0264,0.00880542,0.0,0.0,-0.00580274
1994-07-01,Other_excess,0.0242,0.00711292,0.0,0.00034666,0.00183469
1994-07-01,Shops_excess,0.0066,0.00735917,0.0,0.0,-0.01062057
1994-07-01,Telcm_excess,0.0282,0.00770458,0.00581505,0.00734835,0.00412648
1994-07-01,Utils_excess,0.0491,0.00618792,0.0,0.0028206,-0.00592565
1994-08-01,Durbl_excess,-0.0041,0.00680125,0.0,0.00367077,-0.00075574
1994-08-01,Enrgy_excess,-0.0047,0.00701208,0.00093027,0.00701137,0.00102937
1994-08-01,HiTec_excess,0.0882,0.00437833,0.0,0.0,-0.0006346
1994-08-01,Hlth_excess,0.105,0.00589167,0.0,0.00141512,-0.00855624
1994-08-01,Manuf_excess,0.0436,0.00557042,0.0,0.00123604,0.00013899
1994-08-01,NoDur_excess,0.0568,0.00936792,0.0,0.00234542,-0.00195864
1994-08-01,Other_excess,0.0311,0.00751917,0.0,0.00395993,0.00314156
1994-08-01,Shops_excess,0.0404,0.00795042,0.0,0.0,-0.0007739
1994-08-01,Telcm_excess,0.0065,0.00816917,0.00463249,0.00783382,-0.00015157
1994-08-01,Utils_excess,0.0029,0.00639083,0.0,0.00395559,-0.00349928
1994-09-01,Durbl_excess,-0.0543,0.00708875,0.0,0.0,-0.00563513
1994-09-01,Enrgy_excess,-0.0247,0.00737792,0.0,0.00737767,0.00297544
1994-09-01,HiTec_excess,-0.0076,0.00497625,0.0,0.0,-0.00023888
1994-09-01,Hlth_excess,0.0134,0.00669,0.0,0.00243117,-0.00270256
1994-09-01,Manuf_excess,-0.0202,0.00620042,0.0,0.0,-0.00089292
1994-09-01,NoDur_excess,-0.0069,0.01005458,0.0,0.00108096,-0.00737609
1994-09-01,Other_excess,-0.0458,0.00811708,0.0,0.00077906,-0.00083336
1994-09-01,Shops_excess,-0.0269,0.00868875,0.0,0.0,-0.01127008
1994-09-01,Telcm_excess,-0.0152,0.0082225,0.00405697,0.00780459,-0.00099516
1994-09-01,Utils_excess,-0.0316,0.00679,0.0,0.00360368,-0.00860794
1994-10-01,Durbl_excess,-0.0212,0.00743708,0.0,0.0,-0.00254136
1994-10-01,Enrgy_excess,0.0702,0.00764083,0.0,0.0076399,0.00244598
1994-10-01,HiTec_excess,0.0669,0.00567958,0.0,0.0,0.00508651
1994-10-01,Hlth_excess,0.0053,0.00742792,0.0,0.00284158,0.00043747
1994-10-01,Manuf_excess,0.0019,0.00668625,0.0,0.0,0.00401342
1994-10-01,NoDur_excess,0.0182,0.01056208,0.0,0.00044976,-0.00220292
1994-10-01,Other_excess,-0.0032,0.00836125,0.0,0.0,0.00261576
1994-10-01,Shops_excess,0.0092,0.00912167,0.0,0.0,-0.00413908
1994-10-01,Telcm_excess,-0.0051,0.00835167,0.0047384,0.00801532,0.00564138
1994-10-01,Utils_excess,0.0121,0.00674708,0.0,0.00303365,-0.00749069
1994-11-01,Durbl_excess,-0.0544,0.0071825,0.0,0.0,0.01342356
1994-11-01,Enrgy_excess,-0.0523,0.00708875,0.0,0.00708909,0.00823687
1994-11-01,HiTec_excess,-0.0246,0.00536667,0.0,0.0,0.02019876
1994-11-01,Hlth_excess,0.0006,0.00623833,0.0,0.00325711,0.00135046
1994-11-01,Manuf_excess,-0.0571,0.00604625,0.0,0.0,0.00690888
1994-11-01,NoDur_excess,-0.0204,0.010005,0.0,0.00260565,-0.00342876
1994-11-01,Other_excess,-0.0555,0.00752833,0.0,0.00143473,0.00297052
1994-11-01,Shops_excess,-0.0379,0.00876458,0.0,0.0,-0.00839926
1994-11-01,Telcm_excess,-0.0579,0.00789958,0.00401725,0.0078574,-0.00163348
1994-11-01,Utils_excess,-0.0009,0.00627625,0.0,0.00355177,-0.00319652
1994-12-01,Durbl_excess,0.0344,0.00717792,0.0,0.0,-0.00880495
1994-12-01,Enrgy_excess,-0.0143,0.00707208,0.0,0.00707121,0.00741328
1994-12-01,HiTec_excess,0.0202,0.0054925,0.0,0.0,0.00571201
1994-12-01,Hlth_excess,0.0013,0.00631458,0.0,0.0035504,0.00111387
1994-12-01,Manuf_excess,0.0356,0.00607667,0.0,0.0,-0.00467059
1994-12-01,NoDur_excess,0.0089,0.01010333,0.0,0.00281777,-0.00077857
1994-12-01,Other_excess,0.0096,0.00743667,0.0,0.00101098,0.00167787
1994-12-01,Shops_excess,-0.0314,0.00886875,0.0,0.0,-0.0029893
1994-12-01,Telcm_excess,0.0042,0.00780875,0.00222804,0.00744227,-0.00371572
1994-12-01,Utils_excess,-0.0009,0.00630125,0.0,0.00376101,-0.00100417
1995-01-01,Durbl_excess,-0.0617,0.00752083,0.0,0.00751939,0.00796213
1995-01-01,Enrgy_excess,-0.0005,0.00700667,0.0,0.00700666,0.01258266
1995-01-01,HiTec_excess,-0.0122,0.00582417,0.0,0.00582253,0.00868847
1995-01-01,Hlth_excess,0.0564,0.0064875,0.0,0.0064844,0.00043512
1995-01-01,Manuf_excess,-0.0082,0.00643917,0.0,0.00643878,0.00392268
1995-01-01,NoDur_excess,0.0139,0.01019083,0.0,0.01018586,-0.00138961
1995-01-01,Other_excess,0.0426,0.00768542,0.0,0.00765035,0.00290855
1995-01-01,Shops_excess,0.0117,0.00890708,0.0,0.00889981,-0.00319238
1995-01-01,Telcm_excess,0.0374,0.00779,0.00090998,0.00778974,0.00057994
1995-01-01,Utils_excess,0.058,0.00636125,0.0,0.00635764,0.0017786
1995-02-01,Durbl_excess,0.0472,0.00639125,0.0,0.00638802,-0.00597333
1995-02-01,Enrgy_excess,0.041,0.00674708,0.0,0.00674661,0.00495331
1995-02-01,HiTec_excess,0.0626,0.00516042,0.0,0.00515701,0.00050631
1995-02-01,Hlth_excess,0.0192,0.00677792,0.0,0.00677407,0.00040049
1995-02-01,Manuf_excess,0.0514,0.00582458,0.0,0.00582345,-0.00052663
1995-02-01,NoDur_excess,0.0254,0.0094925,0.0,0.00948762,-0.00196129
1995-02-01,Other_excess,0.0446,0.00714,0.0,0.00710518,-0.00090534
1995-02-01,Shops_excess,0.0226,0.00789792,0.0,0.0078908,-0.00554232
1995-02-01,Telcm_excess,0.0111,0.00750792,0.00108063,0.00750658,-0.00019807
1995-02-01,Utils_excess,0.0042,0.0058425,0.0,0.00583993,0.003299
1995-03-01,Durbl_excess,0.0097,0.00639792,0.0,0.00639495,-0.00251038
1995-03-01,Enrgy_excess,0.0482,0.00684125,0.0,0.00684139,-0.00291246
1995-03-01,HiTec_excess,0.0408,0.00489042,0.0,0.00488778,0.00274426
1995-03-01,Hlth_excess,0.0231,0.00620625,0.0,0.00620334,0.00015393
1995-03-01,Manuf_excess,0.0305,0.0057225,0.0,0.00572215,0.0016449
1995-03-01,NoDur_excess,0.023,0.00944792,0.0,0.00944329,-0.00193154
1995-03-01,Other_excess,0.0144,0.00722417,0.0,0.0071922,-0.00095025
1995-03-01,Shops_excess,0.0316,0.00779458,0.0,0.00778761,-0.00485745
1995-03-01,Telcm_excess,-0.0022,0.0073575,0.00015629,0.00735628,-0.00142943
1995-03-01,Utils_excess,-0.0221,0.00584125,0.0,0.00583863,-1.74e-06
1995-04-01,Durbl_excess,0.01,0.00617958,0.0,0.00617617,-0.00364608
1995-04-01,Enrgy_excess,0.0178,0.00715583,0.0,0.00715641,-0.00313196
1995-04-01,HiTec_excess,0.0779,0.00503625,0.0,0.00503381,0.00667226
1995-04-01,Hlth_excess,0.0256,0.00626583,0.0,0.00626281,0.00226426
1995-04-01,Manuf_excess,0.0251,0.00565625,0.0,0.00565566,0.00230341
1995-04-01,NoDur_excess,0.0146,0.0092625,0.0,0.00925771,-0.00187827
1995-04-01,Other_excess,0.0133,0.00712875,0.0,0.00709153,8.71e-05
1995-04-01,Shops_excess,-0.0216,0.007495,0.0,0.00748783,-0.00464042
1995-04-01,Telcm_excess,0.0118,0.00740208,0.0,0.00740091,-0.00114273
1995-04-01,Utils_excess,0.0194,0.00582167,0.0,0.00581831,-0.00309542
1995-05-01,Durbl_excess,0.0426,0.00606958,0.0,0.0060669,-0.0037863
1995-05-01,Enrgy_excess,0.0354,0.00694625,0.0,0.00694735,-0.00203166
1995-05-01,HiTec_excess,0.0238,0.00514708,0.0,0.00514576,0.00708586
1995-05-01,Hlth_excess,0.0109,0.00636375,0.0,0.00636117,0.00231025
1995-05-01,Manuf_excess,0.0267,0.00538083,0.0,0.00538129,0.00337006
1995-05-01,NoDur_excess,0.0421,0.00921583,0.0,0.00921151,-0.00012244
1995-05-01,Other_excess,0.0392,0.00706667,0.0,0.0070352,0.00178214
1995-05-01,Shops_excess,0.0213,0.00731542,0.0,0.0073085,-0.00400571
1995-05-01,Telcm_excess,0.0037,0.00750958,0.0,0.00750848,-0.00047421
1995-05-01,Utils_excess,0.055,0.00598875,0.0,0.00598561,-0.00061936
1995-06-01,Durbl_excess,0.0028,0.00615708,0.0,0.00615653,-0.0045635
1995-06-01,Enrgy_excess,-0.0354,0.00660917,0.00175628,0.00660856,-0.00316239
1995-06-01,HiTec_excess,0.0923,0.00501792,0.0,0.00501727,0.00607091
1995-06-01,Hlth_excess,0.0401,0.00615542,0.0,0.00615349,0.00304013
1995-06-01,Manuf_excess,0.0163,0.00539375,0.0,0.00539602,0.00320618
1995-06-01,NoDur_excess,0.0121,0.00919208,0.0,0.00918827,-0.00070713
1995-06-01,Other_excess,0.0175,0.00701,0.0,0.00699339,-0.00011842
1995-06-01,Shops_excess,0.0447,0.00725542,0.0,0.00724957,-0.00044158
1995-06-01,Telcm_excess,0.034,0.00739542,0.0,0.00739311,-0.00274337
1995-06-01,Utils_excess,-0.0093,0.00588042,0.0,0.00587783,-0.00216356
1995-07-01,Durbl_excess,0.0201,0.00575917,0.0,0.00575657,-0.00296086
1995-07-01,Enrgy_excess,0.0184,0.00620792,0.00102593,0.00620875,-0.00521146
1995-07-01,HiTec_excess,0.0726,0.00532333,0.0,0.00532325,0.01386374
1995-07-01,Hlth_excess,0.0502,0.00629958,0.0,0.00629774,0.00530325
1995-07-01,Manuf_excess,0.0318,0.00533125,0.0,0.00533201,0.00374232
1995-07-01,NoDur_excess,0.007,0.00903958,0.0,0.00903522,0.0006747
1995-07-01,Other_excess,0.043,0.00685208,0.0,0.00682031,0.00184835
1995-07-01,Shops_excess,0.0312,0.00714833,0.0,0.00714145,0.00052285
1995-07-01,Telcm_excess,0.0462,0.00738542,0.0,0.00738447,-0.00051873
1995-07-01,Utils_excess,-0.0082,0.00541125,0.0,0.00540817,-0.00326062
1995-08-01,Durbl_excess,0.0032,0.00594708,0.0,0.00594622,0.00601751
1995-08-01,Enrgy_excess,-0.0205,0.00648167,0.0,0.00648487,0.00913882
1995-08-01,HiTec_excess,-0.0042,0.00603833,0.0,0.00603998,0.01790898
1995-08-01,Hlth_excess,0.0056,0.00703,0.0,0.00702903,0.00955233
1995-08-01,Manuf_excess,-0.0069,0.00573,0.0,0.00573186,0.00785568
1995-08-01,NoDur_excess,0.0017,0.00931292,0.0,0.00930987,0.00318736
1995-08-01,Other_excess,0.0325,0.00730667,0.0,0.00728714,0.0086134
1995-08-01,Shops_excess,-0.0318,0.00760958,0.0,0.00760411,0.00441205
1995-08-01,Telcm_excess,0.0391,0.00777333,0.00044548,0.00777466,0.00730717
1995-08-01,Utils_excess,0.0052,0.00559708,0.0,0.00559482,-0.00169646
1995-09-01,Durbl_excess,-0.0107,0.00612542,0.0,0.00612379,0.000672
1995-09-01,Enrgy_excess,0.0086,0.00645292,2.194e-05,0.00645403,0.00058246
1995-09-01,HiTec_excess,0.0084,0.00616417,0.0,0.00616492,0.0162819
1995-09-01,Hlth_excess,0.0695,0.00721167,0.0,0.00721013,0.00764072
1995-09-01,Manuf_excess,0.0179,0.00575375,0.0,0.00575524,0.00565886
1995-09-01,NoDur_excess,0.063,0.00947042,0.0,0.00946643,0.00251398
1995-09-01,Other_excess,0.0404,0.00767625,0.0,0.00765628,0.00502036
1995-09-01,Shops_excess,0.0246,0.00751083,0.0,0.00750464,0.00172326
1995-09-01,Telcm_excess,0.0532,0.00810375,0.00098541,0.00810347,0.00222042
1995-09-01,Utils_excess,0.0587,0.00569,0.0,0.00568716,-0.00078798
1995-10-01,Durbl_excess,-0.0537,0.006205,0.0,0.00620319,-0.00066264
1995-10-01,Enrgy_excess,-0.0073,0.00655958,0.0,0.00656078,0.00097754
1995-10-01,HiTec_excess,0.01,0.00625667,0.0,0.00625758,0.01430457
1995-10-01,Hlth_excess,0.0056,0.007795,0.00066482,0.00779411,0.01282684
1995-10-01,Manuf_excess,-0.0312,0.00609292,0.0,0.00609451,0.00562649
1995-10-01,NoDur_excess,0.0007,0.00985667,0.0,0.00985316,0.00418433
1995-10-01,Other_excess,-0.0246,0.00813,0.0,0.00811084,0.00567573
1995-10-01,Shops_excess,-0.0595,0.00778292,0.0,0.00777665,0.00180656
1995-10-01,Telcm_excess,-0.0032,0.00840042,0.0024061,0.00840092,0.00385073
1995-10-01,Utils_excess,0.0101,0.0059975,0.0,0.00599516,0.00248618
1995-11-01,Durbl_excess,0.0508,0.00563333,0.0,0.00562954,-0.00716459
1995-11-01,Enrgy_excess,0.0437,0.00660833,0.0013852,0.00660743,-0.0013107
1995-11-01,HiTec_excess,-0.0086,0.00597167,0.0,0.00597177,0.01071225
1995-11-01,Hlth_excess,0.0451,0.00739708,0.00243295,0.00739526,0.00933487
1995-11-01,Manuf_excess,0.06,0.00574833,0.0,0.00574837,0.00067105
1995-11-01,NoDur_excess,0.041,0.00944208,0.0,0.00943707,0.00048572
1995-11-01,Other_excess,0.0569,0.00788792,0.0,0.00785287,0.00019422
1995-11-01,Shops_excess,0.0572,0.007145,0.0,0.00713666,-0.00583789
1995-11-01,Telcm_excess,0.0237,0.00812625,0.00190726,0.00812515,0.00175586
1995-11-01,Utils_excess,0.0116,0.00579,0.0,0.00578666,-0.00064668
1995-12-01,Durbl_excess,0.0257,0.00572583,0.0,0.00572614,0.00201694
1995-12-01,Enrgy_excess,0.0531,0.00687583,0.0029804,0.00687728,0.00895959
1995-12-01,HiTec_excess,-0.0459,0.00574208,0.0,0.00574479,0.00967384
1995-12-01,Hlth_excess,0.054,0.00738833,0.00410611,0.00738825,0.01115511
1995-12-01,Manuf_excess,0.01,0.00589167,0.0,0.00589476,0.00567873
1995-12-01,NoDur_excess,0.0102,0.00945958,8.308e-05,0.00945707,0.00309091
1995-12-01,Other_excess,0.0056,0.00799292,0.0,0.00798701,0.00743314
1995-12-01,Shops_excess,-0.0133,0.00720625,0.0,0.0072011,-0.00037357
1995-12-01,Telcm_excess,0.0363,0.00806375,0.00203879,0.00806511,0.0061788
1995-12-01,Utils_excess,0.0461,0.00572375,0.0,0.00572179,0.00145836
1996-01-01,Durbl_excess,0.0304,0.00587167,0.0,0.00587203,0.00289747
1996-01-01,Enrgy_excess,-0.0084,0.00711333,0.00613136,0.00711487,0.00990454
1996-01-01,HiTec_excess,0.0158,0.00562333,0.0,0.00562517,0.00817049
1996-01-01,Hlth_excess,0.0562,0.00789833,0.00677918,0.0078985,0.01342843
1996-01-01,Manuf_excess,0.0288,0.00601,0.0,0.00601299,0.00658038
1996-01-01,NoDur_excess,0.0218,0.00958417,0.00124673,0.00958112,0.00315914
1996-01-01,Other_excess,0.0305,0.00804708,0.0,0.0080376,0.00726571
1996-01-01,Shops_excess,-0.0073,0.0072975,0.0,0.0072915,-0.00035303
1996-01-01,Telcm_excess,0.0185,0.00824,0.00339474,0.00824145,0.00829055
1996-01-01,Utils_excess,0.0143,0.00587958,0.0,0.00587791,0.0031254
1996-02-01,Durbl_excess,0.0164,0.00536625,0.0,0.00536211,-0.00717465
1996-02-01,Enrgy_excess,0.0063,0.00674458,0.00387231,0.00674613,0.0032478
1996-02-01,HiTec_excess,0.0597,0.00494667,0.0,0.00494502,0.00510853
1996-02-01,Hlth_excess,-0.0151,0.00782958,0.00751867,0.00782786,0.00958432
1996-02-01,Manuf_excess,0.0051,0.0054475,0.0,0.00544761,0.00201515
1996-02-01,NoDur_excess,0.0283,0.00923875,0.00119281,0.00923362,0.00185235
1996-02-01,Other_excess,0.0175,0.007655,0.0,0.00761867,-0.00313213
1996-02-01,Shops_excess,0.0402,0.00691208,0.0,0.00690241,-0.0067987
1996-02-01,Telcm_excess,-0.0277,0.00794125,0.00423753,0.00794037,0.00245835
1996-02-01,Utils_excess,-0.0306,0.0056125,0.0,0.00560986,-0.00050691
1996-03-01,Durbl_excess,0.0395,0.0052875,0.0,0.0052843,-0.00248832
1996-03-01,Enrgy_excess,0.0462,0.00691667,9.715e-05,0.00691985,0.00297235
1996-03-01,HiTec_excess,-0.0372,0.00516167,0.0,0.00516186,0.00907383
1996-03-01,Hlth_excess,-0.0018,0.00805417,0.00428837,0.0080521,0.00950534
1996-03-01,Manuf_excess,0.0304,0.00541083,0.0,0.00541086,0.00060349
1996-03-01,NoDur_excess,-0.0123,0.00941625,0.00105694,0.00941179,0.00226015
1996-03-01,Other_excess,0.0142,0.00760958,0.0,0.00757484,0.00094465
1996-03-01,Shops_excess,0.0558,0.00689875,0.0,0.00688951,-0.00127985
1996-03-01,Telcm_excess,-0.024,0.0076925,0.00504063,0.00769326,0.00354845
1996-03-01,Utils_excess,-0.0091,0.00564708,0.0,0.00564444,-0.00084076
1996-04-01,Durbl_excess,0.0314,0.00532125,0.0,0.00531861,-0.00197769
1996-04-01,Enrgy_excess,0.0299,0.006825,0.0,0.00682757,0.00525281
1996-04-01,HiTec_excess,0.0922,0.00490125,0.0,0.00490037,0.00472109
1996-04-01,Hlth_excess,-0.0107,0.00779083,0.00341168,0.00778838,0.00792745
1996-04-01,Manuf_excess,0.012,0.00550708,0.0,0.00550756,0.00267187
1996-04-01,NoDur_excess,-0.0029,0.00935167,0.00065961,0.00934697,0.00146417
1996-04-01,Other_excess,-0.0024,0.00760208,0.0,0.00757078,0.0007294
1996-04-01,Shops_excess,0.0381,0.00700458,0.0,0.0069967,-0.00087577
1996-04-01,Telcm_excess,0.0242,0.00758542,0.00486616,0.00758469,0.0021318
1996-04-01,Utils_excess,-0.0312,0.00556542,0.0,0.00556267,-0.00261868
1996-05-01,Durbl_excess,0.0182,0.0053925,0.0,0.00539066,0.00012164
1996-05-01,Enrgy_excess,0.001,0.00687792,0.0,0.00687954,0.00516709
1996-05-01,HiTec_excess,0.0347,0.005445,0.0,0.00544576,0.01164022
1996-05-01,Hlth_excess,0.0349,0.00794333,0.00204837,0.00794037,0.00806529
1996-05-01,Manuf_excess,0.0186,0.00563375,0.0,0.0056342,0.00286099
1996-05-01,NoDur_excess,0.0613,0.00942625,0.00016562,0.0094208,5.501e-05
1996-05-01,Other_excess,0.0108,0.00767458,0.0,0.00764073,0.00049346
1996-05-01,Shops_excess,0.0397,0.00737542,0.0,0.00736756,-0.0031058
1996-05-01,Telcm_excess,-0.0044,0.00763208,0.00623796,0.0076318,0.0024062
1996-05-01,Utils_excess,0.009,0.00542667,0.0,0.00542297,-0.00283704
1996-06-01,Durbl_excess,-0.0523,0.00561417,0.0,0.00561488,0.00331461
1996-06-01,Enrgy_excess,0.0057,0.00666708,0.0,0.00666945,0.0044777
1996-06-01,HiTec_excess,-0.0515,0.00558458,0.0,0.00558727,0.01475186
1996-06-01,Hlth_excess,-0.0065,0.00822167,0.00197408,0.00821965,0.00995989
1996-06-01,Manuf_excess,-0.0083,0.0057775,0.0,0.00577964,0.00742738
1996-06-01,NoDur_excess,0.028,0.0097875,0.00105372,0.00978391,0.00594943
1996-06-01,Other_excess,-0.0064,0.00780625,0.0,0.00778918,0.0071438
1996-06-01,Shops_excess,-0.0211,0.00779667,0.0,0.00779093,0.00750334
1996-06-01,Telcm_excess,0.0015,0.00775,0.00616899,0.00775055,0.0039773
1996-06-01,Utils_excess,0.0487,0.00554083,0.0,0.00553812,-0.00254587
1996-07-01,Durbl_excess,-0.0499,0.0052375,0.0,0.00523865,0.00907755
1996-07-01,Enrgy_excess,-0.0508,0.00649667,0.0,0.00649783,0.00914178
1996-07-01,HiTec_excess,-0.0785,0.00504583,0.0,0.00504877,0.01681026
1996-07-01,Hlth_excess,-0.067,0.00805958,0.00273961,0.00805817,0.01125645
1996-07-01,Manuf_excess,-0.0446,0.00560667,0.0,0.00560947,0.00647676
1996-07-01,NoDur_excess,-0.045,0.00977042,0.00240719,0.00976732,0.00718981
1996-07-01,Other_excess,-0.0469,0.00757417,0.0,0.00756353,0.0105807
1996-07-01,Shops_excess,-0.0807,0.00766542,0.0,0.00766,0.00111334
1996-07-01,Telcm_excess,-0.0894,0.00762458,0.00544312,0.00762521,0.0075606
1996-07-01,Utils_excess,-0.0626,0.00558417,0.0,0.00558198,0.00514494
1996-08-01,Durbl_excess,0.026,0.00509375,0.0,0.00509207,0.001701
1996-08-01,Enrgy_excess,0.0253,0.00633042,0.0,0.00633045,0.00479967
1996-08-01,HiTec_excess,0.0399,0.00483,0.0,0.0048302,0.01129769
1996-08-01,Hlth_excess,0.039,0.00781583,0.00183209,0.00781196,0.01085263
1996-08-01,Manuf_excess,0.0275,0.0055175,0.0,0.00551794,0.00496203
1996-08-01,NoDur_excess,-0.0122,0.00954083,0.00184403,0.00953574,0.00695922
1996-08-01,Other_excess,0.035,0.00740042,0.0,0.00736885,0.0058549
1996-08-01,Shops_excess,0.0566,0.00744208,0.0,0.00743418,0.00226823
1996-08-01,Telcm_excess,-0.0173,0.00721958,0.00285066,0.00721782,-0.00049798
1996-08-01,Utils_excess,0.0248,0.00522542,0.0,0.0052217,0.00137379
1996-09-01,Durbl_excess,0.0093,0.00528042,0.0,0.00527986,0.00236577
1996-09-01,Enrgy_excess,0.0357,0.00649042,0.0,0.00649241,0.00510703
1996-09-01,HiTec_excess,0.1021,0.00504917,0.0,0.00505049,0.01221666
1996-09-01,Hlth_excess,0.0692,0.00790542,0.00174518,0.00790228,0.0087462
1996-09-01,Manuf_excess,0.057,0.00572042,0.0,0.00572152,0.0073257
1996-09-01,NoDur_excess,0.0331,0.00952167,0.00140423,0.0095173,0.00520707
1996-09-01,Other_excess,0.0465,0.00761208,0.0,0.00758944,0.00734231
1996-09-01,Shops_excess,0.0324,0.00757625,0.0,0.00756976,0.00447977
1996-09-01,Telcm_excess,0.0118,0.0069675,0.00329798,0.0069665,0.00301279
1996-09-01,Utils_excess,0.0024,0.0052225,0.0,0.00521968,-0.00074398
1996-10-01,Durbl_excess,0.028,0.00515042,0.0,0.00514993,0.00013471
1996-10-01,Enrgy_excess,0.0554,0.00641083,0.0,0.00641127,0.00377607
1996-10-01,HiTec_excess,-0.0234,0.00537167,0.0,0.0053738,0.01058053
1996-10-01,Hlth_excess,-0.0127,0.00806083,0.00338917,0.00805856,0.00792631
1996-10-01,Manuf_excess,0.0122,0.00593042,0.0,0.00593248,0.00628905
1996-10-01,NoDur_excess,0.0113,0.00961167,0.00152588,0.00960724,0.00386996
1996-10-01,Other_excess,0.0352,0.00778583,0.0,0.00776959,0.00526916
1996-10-01,Shops_excess,-0.0271,0.00771083,0.0,0.00770457,0.0006865
1996-10-01,Telcm_excess,-0.0073,0.00696833,0.00243406,0.00696628,0.00089085
1996-10-01,Utils_excess,0.0319,0.00508083,0.0,0.00507763,0.00127788
1996-11-01,Durbl_excess,0.0563,0.0053325,0.0,0.00533277,0.00225788
1996-11-01,Enrgy_excess,0.0513,0.00675958,0.00223971,0.00676079,0.00555154
1996-11-01,HiTec_excess,0.1152,0.00547875,0.0,0.00548093,0.00861554
1996-11-01,Hlth_excess,0.062,0.00818083,0.00432233,0.00817912,0.00700232
1996-11-01,Manuf_excess,0.0567,0.006135,0.0,0.00613787,0.00672696
1996-11-01,NoDur_excess,0.0475,0.00974333,0.00245483,0.0097395,0.00494899
1996-11-01,Other_excess,0.0704,0.0079675,0.0,0.00796028,0.00732673
1996-11-01,Shops_excess,0.027,0.00765292,0.0,0.00764683,-0.00055301
1996-11-01,Telcm_excess,0.0508,0.00690125,0.00122013,0.00689906,-1.27e-06
1996-11-01,Utils_excess,0.0219,0.00526458,0.0,0.00526199,0.00130256
1996-12-01,Durbl_excess,-0.0272,0.00561333,0.0,0.00561398,0.00390196
1996-12-01,Enrgy_excess,0.0033,0.00695542,0.00395982,0.00695678,0.00569851
1996-12-01,HiTec_excess,-0.032,0.00590792,0.0,0.0059115,0.01443213
1996-12-01,Hlth_excess,-0.0308,0.0088625,0.0065642,0.00886187,0.01044002
1996-12-01,Manuf_excess,-0.0082,0.00640333,0.00187391,0.00640684,0.00781439
1996-12-01,NoDur_excess,0.0004,0.00988542,0.00403086,0.00988174,0.00533841
1996-12-01,Other_excess,-0.0227,0.00819458,0.0,0.00819086,0.00989308
1996-12-01,Shops_excess,-0.0389,0.00758,0.0,0.00757354,0.00139862
1996-12-01,Telcm_excess,0.0244,0.00699833,0.00161948,0.00699688,0.00316859
1996-12-01,Utils_excess,-0.0033,0.00524125,0.0,0.00523848,0.00157778
1997-01-01,Durbl_excess,0.0254,0.00511375,0.0,0.00511388,0.00750253
1997-01-01,Enrgy_excess,0.039,0.00672208,0.00245912,0.006726,0.0124411
1997-01-01,HiTec_excess,0.0885,0.00563,0.0,0.00563339,0.01446024
1997-01-01,Hlth_excess,0.0912,0.00848875,0.00410313,0.00848727,0.01176875
1997-01-01,Manuf_excess,0.0373,0.00614375,0.0005819,0.00614657,0.00720689
1997-01-01,NoDur_excess,0.053,0.00968667,0.00352073,0.0096833,0.00559642
1997-01-01,Other_excess,0.0555,0.0077675,0.0,0.00775624,0.00844128
1997-01-01,Shops_excess,-0.0035,0.0073375,0.0,0.00733067,0.00272294
1997-01-01,Telcm_excess,0.0184,0.00697292,0.00376412,0.00697315,0.0051361
1997-01-01,Utils_excess,0.0047,0.00497333,0.0,0.00497098,-0.00175693
1997-02-01,Durbl_excess,0.0016,0.00540917,0.0,0.0054083,0.00350655
1997-02-01,Enrgy_excess,-0.0613,0.0068875,0.00041888,0.00689101,0.00712374
1997-02-01,HiTec_excess,-0.0781,0.00617458,0.0,0.00617774,0.01429358
1997-02-01,Hlth_excess,0.0054,0.00925167,0.00424103,0.00925047,0.01100698
1997-02-01,Manuf_excess,0.0028,0.0065625,0.0,0.00656497,0.00895192
1997-02-01,NoDur_excess,0.0376,0.0100925,0.00319576,0.010089,0.00776672
1997-02-01,Other_excess,0.0218,0.00818708,0.0,0.00817506,0.00870529
1997-02-01,Shops_excess,0.0277,0.007635,0.0,0.00762719,0.00395777
1997-02-01,Telcm_excess,0.0218,0.00705958,0.00449783,0.00705865,0.00319064
1997-02-01,Utils_excess,-0.0096,0.00497292,0.0,0.00497013,-0.00120076
1997-03-01,Durbl_excess,-0.0375,0.00557542,0.0,0.00557455,0.00397883
1997-03-01,Enrgy_excess,0.048,0.00677208,0.0,0.00677422,0.00543263
1997-03-01,HiTec_excess,-0.0609,0.00588917,0.0,0.00589123,0.00901907
1997-03-01,Hlth_excess,-0.0791,0.0092975,0.00297387,0.00929634,0.00914261
1997-03-01,Manuf_excess,-0.0407,0.006615,0.0,0.00661752,0.00910662
1997-03-01,NoDur_excess,-0.0567,0.01032167,0.00302116,0.01031849,0.00900058
1997-03-01,Other_excess,-0.0625,0.00836458,0.0,0.00835517,0.00805277
1997-03-01,Shops_excess,-0.0188,0.00784167,0.0,0.00783419,0.00253946
1997-03-01,Telcm_excess,-0.0826,0.00712417,0.0051638,0.00712335,0.00260029
1997-03-01,Utils_excess,-0.0322,0.00509,0.0,0.00508705,-0.00047765
1997-04-01,Durbl_excess,0.0338,0.00557458,0.0,0.0055723,-0.00147549
1997-04-01,Enrgy_excess,-0.004,0.00707417,0.0,0.00707682,0.00832778
1997-04-01,HiTec_excess,0.0725,0.0056525,0.0,0.00565321,0.01298076
1997-04-01,Hlth_excess,0.0564,0.00905833,0.0,0.00905585,0.01511073
1997-04-01,Manuf_excess,0.0494,0.0064725,0.0,0.00647345,0.00682298
1997-04-01,NoDur_excess,0.0488,0.01015958,7.756e-05,0.01015527,0.00856697
1997-04-01,Other_excess,0.0467,0.00812375,0.0,0.00809832,0.00561638
1997-04-01,Shops_excess,0.0168,0.00789375,0.0,0.00788554,0.00316626
1997-04-01,Telcm_excess,0.0206,0.00683917,0.002718,0.00683761,-0.00034809
1997-04-01,Utils_excess,-0.0182,0.00496417,0.0,0.0049607,-0.00022018
1997-05-01,Durbl_excess,0.0581,0.00559958,0.0,0.00559928,0.00647192
1997-05-01,Enrgy_excess,0.0683,0.00696833,0.0,0.00696879,0.00463175
1997-05-01,HiTec_excess,0.0969,0.00611417,0.0,0.00611646,0.0141145
1997-05-01,Hlth_excess,0.0652,0.00952667,0.0,0.00952546,0.01026396
1997-05-01,Manuf_excess,0.0733,0.00667375,0.0,0.00667692,0.00955535
1997-05-01,NoDur_excess,0.0544,0.01035708,0.0008604,0.01035373,0.0059973
1997-05-01,Other_excess,0.0554,0.00824542,0.0,0.00823717,0.01185044
1997-05-01,Shops_excess,0.0554,0.00812292,0.0,0.0081158,0.00376723
1997-05-01,Telcm_excess,0.0607,0.00691333,0.00238974,0.00691179,0.00241114
1997-05-01,Utils_excess,0.0314,0.00482333,0.0,0.00481995,0.00136129
1997-06-01,Durbl_excess,0.0298,0.00587917,0.0,0.00588181,0.01396058
1997-06-01,Enrgy_excess,0.0091,0.00728625,0.0,0.00729007,0.01237789
1997-06-01,HiTec_excess,0.0106,0.00659667,0.0,0.00660201,0.01931898
1997-06-01,Hlth_excess,0.085,0.0098925,0.00041426,0.00989351,0.01284788
1997-06-01,Manuf_excess,0.0483,0.00711875,0.0,0.00712443,0.01352722
1997-06-01,NoDur_excess,0.0321,0.01063833,0.00218834,0.01063757,0.01077642
1997-06-01,Other_excess,0.0483,0.00852875,0.0,0.00854287,0.01424286
1997-06-01,Shops_excess,0.0473,0.008485,0.0,0.00848023,0.00639757
1997-06-01,Telcm_excess,0.0309,0.00712208,0.00462802,0.00712315,0.00682818
1997-06-01,Utils_excess,0.0277,0.0049,0.0,0.00489829,0.00160187
1997-07-01,Durbl_excess,0.0703,0.00584125,0.0,0.00584326,0.01210472
1997-07-01,Enrgy_excess,0.07,0.00708708,0.0,0.00709029,0.00819458
1997-07-01,HiTec_excess,0.1554,0.00633375,0.0,0.00633843,0.01432766
1997-07-01,Hlth_excess,0.0167,0.00988708,0.00473437,0.00988887,0.01433179
1997-07-01,Manuf_excess,0.0675,0.007195,0.0,0.00720077,0.01180191
1997-07-01,NoDur_excess,0.0291,0.0106,0.00377609,0.01059889,0.00889933
1997-07-01,Other_excess,0.088,0.00852417,0.0,0.00853782,0.01150817
1997-07-01,Shops_excess,0.0737,0.008445,0.0,0.00844011,0.00642038
1997-07-01,Telcm_excess,0.0182,0.00718667,0.00572557,0.00718717,0.00461795
1997-07-01,Utils_excess,0.024,0.00479417,0.0,0.00479241,0.00248414
1997-08-01,Durbl_excess,0.0082,0.00625292,0.0,0.00625627,0.01300998
1997-08-01,Enrgy_excess,-0.0012,0.00747125,0.00297233,0.0074738,0.00718354
1997-08-01,HiTec_excess,-0.018,0.00700542,0.0,0.00701252,0.02296668
1997-08-01,Hlth_excess,-0.0651,0.01006708,0.00701304,0.01006914,0.01572094
1997-08-01,Manuf_excess,-0.0582,0.00764458,0.00194963,0.00765202,0.01442518
1997-08-01,NoDur_excess,-0.0682,0.01068958,0.00596166,0.01068853,0.00812419
1997-08-01,Other_excess,-0.0513,0.00892458,0.0,0.00895473,0.01726734
1997-08-01,Shops_excess,-0.0293,0.00877875,0.0,0.00877488,0.00869166
1997-08-01,Telcm_excess,-0.0282,0.00731542,0.00425539,0.00731521,0.00820048
1997-08-01,Utils_excess,-0.0157,0.00487542,0.0,0.00487361,0.00384829
1997-09-01,Durbl_excess,0.0475,0.00634083,0.0,0.00634094,0.00638796
1997-09-01,Enrgy_excess,0.0581,0.00772792,4.228e-05,0.00773306,0.01266981
1997-09-01,HiTec_excess,0.0299,0.00692792,0.0,0.00693233,0.01966137
1997-09-01,Hlth_excess,0.0617,0.00965417,0.00245351,0.00965395,0.01373817
1997-09-01,Manuf_excess,0.0295,0.00747333,0.0,0.00747671,0.01194491
1997-09-01,NoDur_excess,0.051,0.01041917,0.00123274,0.01041622,0.00840581
1997-09-01,Other_excess,0.0756,0.00877833,0.0,0.00877473,0.01333173
1997-09-01,Shops_excess,0.0486,0.00848208,0.0,0.00847571,0.00926553
1997-09-01,Telcm_excess,0.0921,0.00731125,0.00299588,0.00731085,0.00682426
1997-09-01,Utils_excess,0.0418,0.00496375,0.0,0.00496118,0.00390876
1997-10-01,Durbl_excess,-0.0379,0.00649208,0.0,0.00649336,0.00890948
1997-10-01,Enrgy_excess,-0.0244,0.00795708,0.00195604,0.00795956,0.00898654
1997-10-01,HiTec_excess,-0.087,0.00714458,0.0,0.00714958,0.01934156
1997-10-01,Hlth_excess,-0.0033,0.00996625,0.0040431,0.00996602,0.01265146
1997-10-01,Manuf_excess,-0.0626,0.00765292,0.0,0.00765709,0.01109272
1997-10-01,NoDur_excess,-0.0357,0.01063833,0.00239911,0.01063455,0.00698749
1997-10-01,Other_excess,-0.0322,0.00911542,0.0,0.0091213,0.01290796
1997-10-01,Shops_excess,-0.0239,0.00873167,0.0,0.00872548,0.01020745
1997-10-01,Telcm_excess,0.0246,0.00756792,0.00669372,0.00756716,0.00618507
1997-10-01,Utils_excess,0.0047,0.00507208,0.00034425,0.00506915,0.00435587
1997-11-01,Durbl_excess,-0.0181,0.00654042,0.0,0.00653798,0.00363552
1997-11-01,Enrgy_excess,-0.0387,0.00802375,0.00366012,0.00802214,0.0046886
1997-11-01,HiTec_excess,0.0105,0.00693667,0.0,0.0069373,0.01189654
1997-11-01,Hlth_excess,0.0238,0.01004583,0.00593451,0.010043,0.01055165
1997-11-01,Manuf_excess,0.0383,0.00760542,0.0,0.00760641,0.00753
1997-11-01,NoDur_excess,0.0607,0.01064958,0.00193022,0.01064242,0.00313369
1997-11-01,Other_excess,0.0254,0.00918542,0.0,0.00916141,0.00959811
1997-11-01,Shops_excess,0.0492,0.008785,0.0,0.00877596,0.00722271
1997-11-01,Telcm_excess,0.1029,0.00790125,0.00552599,0.00789806,0.00689618
1997-11-01,Utils_excess,0.0679,0.00524333,0.0,0.00523908,0.00402276
1997-12-01,Durbl_excess,0.0315,0.00640792,0.0,0.00640909,0.01129196
1997-12-01,Enrgy_excess,-0.0194,0.00773875,0.00135368,0.00774133,0.0122463
1997-12-01,HiTec_excess,-0.047,0.00678125,0.0,0.00678598,0.01758236
1997-12-01,Hlth_excess,0.0304,0.00991208,0.00678859,0.00991307,0.01824944
1997-12-01,Manuf_excess,-0.0076,0.00760542,0.0,0.00760975,0.01144312
1997-12-01,NoDur_excess,0.0329,0.01073208,0.00380234,0.01072937,0.00929659
1997-12-01,Other_excess,0.0471,0.00904167,0.0,0.00905342,0.01538953
1997-12-01,Shops_excess,-0.0063,0.00877958,0.0,0.00877438,0.00914031
1997-12-01,Telcm_excess,0.0368,0.00826083,0.00908116,0.00826304,0.01600768
1997-12-01,Utils_excess,0.0753,0.00536833,0.00224778,0.00536696,0.00815636
1998-01-01,Durbl_excess,0.0006,0.00659083,0.0,0.00659332,0.01213441
1998-01-01,Enrgy_excess,-0.0609,0.00759958,0.00104841,0.00760244,0.01164667
1998-01-01,HiTec_excess,0.0482,0.00650667,0.0,0.0065112,0.01046915
1998-01-01,Hlth_excess,0.0523,0.01003333,0.00830826,0.01003525,0.01776214
1998-01-01,Manuf_excess,0.0026,0.00756333,0.0,0.0075681,0.00881642
1998-01-01,NoDur_excess,-0.0316,0.01088917,0.00526617,0.01088753,0.00999092
1998-01-01,Other_excess,-0.0239,0.0092325,0.00061269,0.00925827,0.01625271
1998-01-01,Shops_excess,0.0047,0.008825,0.0,0.0088203,0.00883291
1998-01-01,Telcm_excess,0.0466,0.008345,0.01026415,0.00834818,0.01464057
1998-01-01,Utils_excess,-0.0481,0.00571625,0.00498055,0.0057165,0.01235279
1998-02-01,Durbl_excess,0.119,0.00689792,0.0,0.00689755,0.00294524
1998-02-01,Enrgy_excess,0.064,0.007655,0.0,0.00765521,0.00350329
1998-02-01,HiTec_excess,0.0995,0.00692542,0.0,0.0069284,0.01031099
1998-02-01,Hlth_excess,0.0514,0.01035042,0.01057456,0.0103516,0.01645163
1998-02-01,Manuf_excess,0.067,0.00784583,0.0,0.00784856,0.00689122
1998-02-01,NoDur_excess,0.0457,0.01099875,0.00349528,0.01099465,0.00549841
1998-02-01,Other_excess,0.0781,0.00937375,0.0,0.00937352,0.01210643
1998-02-01,Shops_excess,0.0999,0.00915,0.0,0.00914331,0.0071156
1998-02-01,Telcm_excess,0.0202,0.00873292,0.01094367,0.0087348,0.01314211
1998-02-01,Utils_excess,0.0225,0.00572542,0.00185317,0.00572348,0.00643734
1998-03-01,Durbl_excess,0.0579,0.00739708,0.0,0.00739944,0.01078884
1998-03-01,Enrgy_excess,0.0441,0.00798625,0.0,0.00799039,0.00936764
1998-03-01,HiTec_excess,0.0092,0.00750375,0.0,0.00750874,0.01130825
1998-03-01,Hlth_excess,0.0319,0.01070958,0.00935573,0.0107121,0.01391981
1998-03-01,Manuf_excess,0.0442,0.00825375,0.0,0.00825786,0.00956253
1998-03-01,NoDur_excess,0.0549,0.01120375,0.00338765,0.01120165,0.01069872
1998-03-01,Other_excess,0.0551,0.009725,0.0,0.00974365,0.01216547
1998-03-01,Shops_excess,0.064,0.00960375,0.0,0.00959931,0.00950257
1998-03-01,Telcm_excess,0.097,0.00866292,0.01324037,0.00866645,0.01188127
1998-03-01,Utils_excess,0.0631,0.00585583,0.00247495,0.00585496,0.00337819
1998-04-01,Durbl_excess,0.0137,0.00740625,0.00139681,0.00740965,0.00998548
1998-04-01,Enrgy_excess,0.0331,0.00810667,0.0,0.0081101,0.0084312
1998-04-01,HiTec_excess,0.0475,0.00758958,0.0,0.00759437,0.01003537
1998-04-01,Hlth_excess,0.0148,0.01069083,0.01040654,0.0106931,0.01545423
1998-04-01,Manuf_excess,0.0079,0.0082975,0.0,0.00830204,0.00944945
1998-04-01,NoDur_excess,-0.0367,0.01128083,0.00634886,0.01127868,0.01006642
1998-04-01,Other_excess,0.0158,0.00974917,0.00255837,0.00977363,0.0119992
1998-04-01,Shops_excess,-0.0106,0.00977375,0.00086132,0.0097697,0.00985702
1998-04-01,Telcm_excess,-0.0364,0.00898,0.01907339,0.00898464,0.01425145
1998-04-01,Utils_excess,-0.0292,0.0060375,0.00613384,0.0060371,0.00620719
1998-05-01,Durbl_excess,0.0575,0.00708458,0.00695919,0.00708902,0.01251614
1998-05-01,Enrgy_excess,-0.0467,0.00798792,0.0,0.00799222,0.0101865
1998-05-01,HiTec_excess,-0.0744,0.00725625,0.00121928,0.00726274,0.01729739
1998-05-01,Hlth_excess,-0.029,0.01039,0.01346181,0.01039286,0.01500865
1998-05-01,Manuf_excess,-0.0289,0.00787875,0.00251336,0.0078842,0.010265
1998-05-01,NoDur_excess,0.007,0.01086208,0.00668065,0.01085972,0.00986713
1998-05-01,Other_excess,-0.0348,0.0094475,0.0065322,0.00948058,0.01388719
1998-05-01,Shops_excess,0.0172,0.00930083,0.00503466,0.00929749,0.01182573
1998-05-01,Telcm_excess,-0.0222,0.00872875,0.01756479,0.0087327,0.01027467
1998-05-01,Utils_excess,-0.0149,0.00593083,0.00438502,0.00592994,0.00304791
1998-06-01,Durbl_excess,0.0071,0.00733792,0.00870988,0.00734305,0.01355767
1998-06-01,Enrgy_excess,-0.0165,0.00777875,0.0,0.00778134,0.00678511
1998-06-01,HiTec_excess,0.0833,0.00689792,0.0,0.00690301,0.0101215
1998-06-01,Hlth_excess,0.0579,0.010075,0.01282157,0.01007724,0.01125349
1998-06-01,Manuf_excess,-0.0115,0.00760875,0.00220902,0.00761366,0.00728135
1998-06-01,NoDur_excess,0.0373,0.01073625,0.00738081,0.01073363,0.00805833
1998-06-01,Other_excess,0.027,0.00921542,0.0050693,0.00924112,0.01089677
1998-06-01,Shops_excess,0.0485,0.00934125,0.00546273,0.00933793,0.00784106
1998-06-01,Telcm_excess,0.0252,0.00867375,0.01436341,0.00867659,0.01021692
1998-06-01,Utils_excess,0.0259,0.00586042,0.00305389,0.00585883,0.00577573
1998-07-01,Durbl_excess,-0.0144,0.00750542,0.00846491,0.0075091,0.01636147
1998-07-01,Enrgy_excess,-0.0689,0.00788833,0.0,0.00788776,0.00532435
1998-07-01,HiTec_excess,0.0012,0.0072825,0.00157054,0.00728813,0.01602774
1998-07-01,Hlth_excess,-0.0066,0.01029125,0.0154417,0.0102931,0.01457125
1998-07-01,Manuf_excess,-0.0616,0.00764458,0.00099573,0.00764796,0.01040035
1998-07-01,NoDur_excess,-0.0454,0.010925,0.00857202,0.01092077,0.00645098
1998-07-01,Other_excess,-0.0213,0.009365,0.00579781,0.00937983,0.01684925
1998-07-01,Shops_excess,-0.0332,0.00964792,0.00725097,0.00964329,0.00922896
1998-07-01,Telcm_excess,0.0342,0.00886542,0.01439357,0.00886747,0.01423298
1998-07-01,Utils_excess,-0.0581,0.00595625,0.00387619,0.00595374,0.00661156
1998-08-01,Durbl_excess,-0.1939,0.00727167,0.00794929,0.0072752,0.01640958
1998-08-01,Enrgy_excess,-0.1082,0.00748542,0.0,0.00748573,0.0068796
1998-08-01,HiTec_excess,-0.1811,0.00695333,0.00291907,0.00695933,0.01528803
1998-08-01,Hlth_excess,-0.128,0.0099175,0.01571831,0.00991957,0.01509218
1998-08-01,Manuf_excess,-0.1474,0.00708458,0.0,0.00708718,0.00705696
1998-08-01,NoDur_excess,-0.1353,0.01061333,0.00635236,0.01060892,0.00612759
1998-08-01,Other_excess,-0.2186,0.00902292,0.0054919,0.00903754,0.01343523
1998-08-01,Shops_excess,-0.1463,0.00931917,0.00593016,0.00931424,0.00992901
1998-08-01,Telcm_excess,-0.1279,0.00897167,0.01552653,0.00897462,0.0145396
1998-08-01,Utils_excess,0.0153,0.00562,0.00155529,0.00561693,0.00423826
1998-09-01,Durbl_excess,0.0034,0.00636333,0.00649735,0.00635862,0.00479496
1998-09-01,Enrgy_excess,0.1249,0.00684417,0.00113839,0.00683298,-0.00861131
1998-09-01,HiTec_excess,0.1469,0.00597125,0.00557441,0.00597071,0.00317282
1998-09-01,Hlth_excess,0.1163,0.00936708,0.01416097,0.00936328,0.00489601
1998-09-01,Manuf_excess,0.002,0.00632958,0.00306994,0.00632646,-0.00077841
1998-09-01,NoDur_excess,0.008,0.00990167,0.00515264,0.00988945,-0.00035151
1998-09-01,Other_excess,0.0254,0.00786333,0.00405693,0.00780304,0.00469031
1998-09-01,Shops_excess,0.0102,0.00849542,0.00656507,0.00848391,0.00565271
1998-09-01,Telcm_excess,0.0981,0.008315,0.00710027,0.00831141,0.01070061
1998-09-01,Utils_excess,0.0771,0.00568833,0.00174651,0.00568205,0.00708439
1998-10-01,Durbl_excess,0.1031,0.00642458,0.01252378,0.00642545,0.00926181
1998-10-01,Enrgy_excess,0.0084,0.00719208,0.0058091,0.00719113,0.01045367
1998-10-01,HiTec_excess,0.0589,0.00678333,0.01485924,0.00678825,0.01442492
1998-10-01,Hlth_excess,0.0351,0.00999042,0.01969867,0.0099915,0.0162796
1998-10-01,Manuf_excess,0.1095,0.00645208,0.00588723,0.00645353,0.00090947
1998-10-01,NoDur_excess,0.1067,0.0099775,0.00728969,0.00997152,0.00360393
1998-10-01,Other_excess,0.0802,0.00805542,0.00728217,0.00805026,0.00942577
1998-10-01,Shops_excess,0.1037,0.00867375,0.01149227,0.00866837,0.00694044
1998-10-01,Telcm_excess,0.0642,0.00869875,0.01079358,0.00869939,0.01773811
1998-10-01,Utils_excess,-0.0209,0.00604583,0.00424967,0.00604524,0.01186728
1998-11-01,Durbl_excess,0.0493,0.00734833,0.01953473,0.00734934,0.01370788
1998-11-01,Enrgy_excess,0.003,0.0076975,0.0,0.0076979,0.005051
1998-11-01,HiTec_excess,0.1135,0.00750542,0.01694359,0.00751016,0.01577278
1998-11-01,Hlth_excess,0.0588,0.0107,0.01651326,0.01069999,0.01416164
1998-11-01,Manuf_excess,0.0321,0.00741,0.00733927,0.00741112,0.01034507
1998-11-01,NoDur_excess,0.061,0.01093292,0.00962351,0.01092735,0.01060768
1998-11-01,Other_excess,0.0574,0.00900583,0.00774894,0.0089894,0.01315823
1998-11-01,Shops_excess,0.0915,0.009725,0.01561662,0.00971877,0.01536916
1998-11-01,Telcm_excess,0.0335,0.00918208,0.01520914,0.00918411,0.0166579
1998-11-01,Utils_excess,0.0102,0.00628292,0.00288869,0.00628036,0.00831105
1998-12-01,Durbl_excess,0.0336,0.00755458,0.02467719,0.0075619,0.02052798
1998-12-01,Enrgy_excess,-0.0162,0.00748167,0.0,0.00748518,0.00585316
1998-12-01,HiTec_excess,0.1477,0.00779583,0.0248147,0.00780602,0.01815455
1998-12-01,Hlth_excess,0.0456,0.01075833,0.02142297,0.01076242,0.01604842
1998-12-01,Manuf_excess,0.0201,0.00745333,0.00891657,0.00745903,0.00895376
1998-12-01,NoDur_excess,-0.0005,0.011125,0.01337265,0.01112469,0.00939011
1998-12-01,Other_excess,0.0301,0.00916958,0.01044645,0.00920614,0.01553386
1998-12-01,Shops_excess,0.0884,0.01002583,0.02348376,0.01002627,0.01233508
1998-12-01,Telcm_excess,0.1401,0.009225,0.01762138,0.0092298,0.01695736
1998-12-01,Utils_excess,0.0248,0.00622958,0.00316576,0.00622959,0.00598957
1999-01-01,Durbl_excess,0.0455,0.00775292,0.02739642,0.00775839,0.02067189
1999-01-01,Enrgy_excess,-0.0532,0.00732917,0.0,0.0073298,0.00334426
1999-01-01,HiTec_excess,0.1472,0.00817708,0.0354312,0.00818962,0.02362782
1999-01-01,Hlth_excess,-0.0007,0.01083833,0.0233657,0.01084243,0.0211833
1999-01-01,Manuf_excess,0.0024,0.00751083,0.00852172,0.00751485,0.0080494
1999-01-01,NoDur_excess,-0.0382,0.01108542,0.01282658,0.01108254,0.01284943
1999-01-01,Other_excess,0.0062,0.00927375,0.01093405,0.00929208,0.01421794
1999-01-01,Shops_excess,0.0183,0.01045417,0.0288654,0.01045346,0.02082938
1999-01-01,Telcm_excess,0.0878,0.00983708,0.02648535,0.00984391,0.02455023
1999-01-01,Utils_excess,-0.066,0.0064175,0.00355099,0.0064164,0.01089162
1999-02-01,Durbl_excess,-0.0485,0.00776375,0.03272512,0.00776848,0.01776371
1999-02-01,Enrgy_excess,-0.0361,0.00701083,0.0,0.00700963,-0.00764901
1999-02-01,HiTec_excess,-0.1192,0.00864333,0.04682526,0.00865659,0.02563592
1999-02-01,Hlth_excess,-0.0018,0.01080833,0.0222854,0.01081139,0.01710427
1999-02-01,Manuf_excess,-0.0248,0.00728167,0.01017541,0.00728495,0.00924788
1999-02-01,NoDur_excess,-0.0434,0.01078417,0.01081503,0.0107799,0.00821718
1999-02-01,Other_excess,-0.0034,0.00908042,0.01260141,0.00909084,0.01545721
1999-02-01,Shops_excess,-0.0169,0.01032375,0.03210647,0.01032264,0.01912544
1999-02-01,Telcm_excess,-0.0324,0.0100825,0.03318098,0.01008927,0.0182816
1999-02-01,Utils_excess,-0.0398,0.00590917,0.00071933,0.0059068,0.00550548
1999-03-01,Durbl_excess,-0.008,0.00774208,0.01908747,0.00774445,0.01787323
1999-03-01,Enrgy_excess,0.1485,0.00686542,0.0,0.00686556,-0.0059213
1999-03-01,HiTec_excess,0.0804,0.00831542,0.02645548,0.00832507,0.02429875
1999-03-01,Hlth_excess,0.0208,0.01101958,0.01388145,0.01102077,0.01846599
1999-03-01,Manuf_excess,0.0443,0.00739583,0.0004579,0.00739701,0.00690541
1999-03-01,NoDur_excess,-0.0246,0.01077917,0.00253726,0.01077373,0.00874147
1999-03-01,Other_excess,0.0199,0.00923042,0.00544181,0.00922632,0.01509038
1999-03-01,Shops_excess,0.0227,0.01046792,0.02019956,0.01046486,0.0202337
1999-03-01,Telcm_excess,-0.0111,0.010005,0.0279119,0.01001143,0.02468735
1999-03-01,Utils_excess,-0.0207,0.00584208,0.0,0.00583847,0.00564686
1999-04-01,Durbl_excess,0.0904,0.0074675,0.01491143,0.00746961,0.01233471
1999-04-01,Enrgy_excess,0.154,0.00713125,0.0,0.00713226,0.0006224
1999-04-01,HiTec_excess,0.0189,0.00836708,0.02721691,0.00837794,0.01723893
1999-04-01,Hlth_excess,-0.059,0.01093,0.01266608,0.01093127,0.01143473
1999-04-01,Manuf_excess,0.0908,0.00730833,0.00068561,0.00731048,0.00714221
1999-04-01,NoDur_excess,0.0354,0.0105375,0.0,0.01053062,0.00312362
1999-04-01,Other_excess,0.0634,0.00900708,0.00509037,0.009008,0.00959114
1999-04-01,Shops_excess,0.0001,0.01034125,0.01758714,0.01033822,0.01520738
1999-04-01,Telcm_excess,0.0738,0.00998583,0.02584809,0.00999033,0.01415473
1999-04-01,Utils_excess,0.0698,0.00569292,0.0,0.00568872,0.00335801
1999-05-01,Durbl_excess,-0.0481,0.00775542,0.0163866,0.00775515,0.00572721
1999-05-01,Enrgy_excess,-0.0344,0.00762583,0.0,0.00762789,0.00430523
1999-05-01,HiTec_excess,-0.0117,0.00846542,0.02317533,0.0084727,0.01236083
1999-05-01,Hlth_excess,-0.0237,0.01069958,0.00559018,0.01069703,0.00299396
1999-05-01,Manuf_excess,-0.0364,0.00773917,0.00157027,0.00773962,0.00188582
1999-05-01,NoDur_excess,0.0103,0.01071,0.0,0.01070094,0.00094398
1999-05-01,Other_excess,-0.0423,0.0092425,0.00552141,0.00922283,0.00233647
1999-05-01,Shops_excess,-0.0332,0.01033833,0.01283722,0.01033179,0.00162966
1999-05-01,Telcm_excess,0.0032,0.01041625,0.02808516,0.01041873,0.01610645
1999-05-01,Utils_excess,0.0639,0.00613167,0.0,0.00612674,0.00481398
1999-06-01,Durbl_excess,0.0053,0.00761792,0.00789387,0.00762121,0.01739965
1999-06-01,Enrgy_excess,-0.0188,0.00761917,0.0,0.00762223,0.01085613
1999-06-01,HiTec_excess,0.1116,0.00853333,0.01548117,0.0085451,0.02675943
1999-06-01,Hlth_excess,0.0403,0.010745,0.00051502,0.01074437,0.00998942
1999-06-01,Manuf_excess,0.0411,0.00771708,0.0,0.00771964,0.00961465
1999-06-01,NoDur_excess,-0.0014,0.01086125,0.0,0.01085402,0.00513296
1999-06-01,Other_excess,0.0265,0.00911208,0.0,0.00911568,0.01201948
1999-06-01,Shops_excess,0.0767,0.01033583,0.00513645,0.01033125,0.00909768
1999-06-01,Telcm_excess,0.0548,0.01046,0.02573027,0.01046606,0.02207187
1999-06-01,Utils_excess,-0.0489,0.00637208,0.00288846,0.00636922,0.0092322
1999-07-01,Durbl_excess,-0.0641,0.00754875,0.00665685,0.00755173,0.01342798
1999-07-01,Enrgy_excess,0.0126,0.00718833,0.0,0.00719056,0.00516993
1999-07-01,HiTec_excess,-0.0211,0.00901125,0.0183279,0.00902436,0.03088291
1999-07-01,Hlth_excess,-0.0478,0.01074542,0.00040118,0.01074626,0.0157121
1999-07-01,Manuf_excess,-0.0154,0.00777667,0.0,0.00777964,0.0077923
1999-07-01,NoDur_excess,-0.0282,0.01075083,0.0,0.01074321,0.00119283
1999-07-01,Other_excess,-0.0632,0.00896458,0.00036192,0.00897345,0.01063832
1999-07-01,Shops_excess,-0.0538,0.0105725,0.00704574,0.01056865,0.01205372
1999-07-01,Telcm_excess,-0.021,0.01064167,0.02930919,0.0106486,0.02392902
1999-07-01,Utils_excess,-0.0096,0.005995,0.00131136,0.00599165,0.00556477
1999-08-01,Durbl_excess,0.0021,0.00722792,0.00122723,0.00722821,0.00166593
1999-08-01,Enrgy_excess,0.0153,0.00720708,0.0,0.00720972,0.0034233
1999-08-01,HiTec_excess,0.0507,0.0090175,0.01274747,0.00902718,0.01292807
1999-08-01,Hlth_excess,0.0337,0.01057208,0.0,0.01057072,0.00251127
1999-08-01,Manuf_excess,-0.0091,0.00766042,0.0,0.00766202,0.00382855
1999-08-01,NoDur_excess,-0.0498,0.01058083,0.0,0.01057295,6.014e-05
1999-08-01,Other_excess,-0.0543,0.00859542,0.0,0.00858486,0.00023804
1999-08-01,Shops_excess,-0.0635,0.01032792,0.0014892,0.01032249,0.00302416
1999-08-01,Telcm_excess,-0.0864,0.01059083,0.02541829,0.0105954,0.011235
1999-08-01,Utils_excess,0.0019,0.00590083,0.00127992,0.00589735,0.00267914
1999-09-01,Durbl_excess,-0.0876,0.00707208,0.00060834,0.00707365,0.01524245
1999-09-01,Enrgy_excess,-0.0435,0.0069725,0.0,0.00697658,0.01000379
1999-09-01,HiTec_excess,-0.0049,0.00901458,0.01424789,0.00902554,0.02671343
1999-09-01,Hlth_excess,-0.0746,0.01038708,0.0,0.01038721,0.01247783
1999-09-01,Manuf_excess,-0.0354,0.00733333,0.0,0.00733625,0.01340193
1999-09-01,NoDur_excess,-0.073,0.01009042,0.0,0.0100835,0.00898117
1999-09-01,Other_excess,-0.0494,0.00816042,0.0,0.00815656,0.01444756
1999-09-01,Shops_excess,0.0088,0.00972542,0.0,0.00972107,0.01836144
1999-09-01,Telcm_excess,0.0426,0.01019958,0.01973339,0.01020317,0.01868388
1999-09-01,Utils_excess,-0.0467,0.00585542,0.00151083,0.00585267,0.00799404
1999-10-01,Durbl_excess,0.0421,0.00672542,0.00031479,0.00672424,0.0077116
1999-10-01,Enrgy_excess,-0.0196,0.00657917,0.0,0.00658165,0.00412687
1999-10-01,HiTec_excess,0.0262,0.00910167,0.01634547,0.00910985,0.01960735
1999-10-01,Hlth_excess,0.1034,0.01013375,0.0,0.01013151,0.00717435
1999-10-01,Manuf_excess,0.0532,0.00724917,0.0,0.00725016,0.00800319
1999-10-01,NoDur_excess,0.0621,0.00989875,0.0,0.00989028,0.00147443
1999-10-01,Other_excess,0.1104,0.00801667,0.0,0.00799322,0.00677084
1999-10-01,Shops_excess,0.0282,0.00982792,0.00236301,0.0098227,0.0133497
1999-10-01,Telcm_excess,0.0791,0.01051083,0.01991397,0.01051284,0.017477
1999-10-01,Utils_excess,0.0177,0.00578667,0.0,0.00578283,0.00458646
1999-11-01,Durbl_excess,-0.0256,0.00732375,0.0,0.0073239,0.01661997
1999-11-01,Enrgy_excess,0.0345,0.00664,0.0,0.00664285,0.006849
1999-11-01,HiTec_excess,0.1239,0.00956958,0.01326465,0.00957932,0.02768762
1999-11-01,Hlth_excess,0.0116,0.01078167,0.0,0.01078097,0.01258016
1999-11-01,Manuf_excess,-0.0134,0.00787583,0.0,0.00787798,0.01471958
1999-11-01,NoDur_excess,-0.0146,0.01051292,0.0,0.01050482,0.00629632
1999-11-01,Other_excess,-0.0285,0.00893583,0.0,0.00892903,0.01700319
1999-11-01,Shops_excess,0.0379,0.01035208,0.0,0.0103476,0.02167933
1999-11-01,Telcm_excess,0.0425,0.01108792,0.02166248,0.01109164,0.02567764
1999-11-01,Utils_excess,-0.0772,0.00613958,0.0,0.00613558,0.00559194
1999-12-01,Durbl_excess,0.0231,0.00735,0.0,0.00735009,0.01114189
1999-12-01,Enrgy_excess,0.0019,0.00645333,0.0,0.00645834,0.00644166
1999-12-01,HiTec_excess,0.2031,0.00978625,0.01733149,0.00979915,0.02913188
1999-12-01,Hlth_excess,-0.0606,0.010505,0.0,0.01050631,0.01204038
1999-12-01,Manuf_excess,0.0984,0.00766458,0.0,0.00766709,0.00871104
1999-12-01,NoDur_excess,-0.0308,0.01027833,0.0,0.01027082,0.00301069
1999-12-01,Other_excess,0.0096,0.00856542,0.0,0.008564,0.00794893
1999-12-01,Shops_excess,0.0632,0.01039167,0.0,0.01038811,0.01427932
1999-12-01,Telcm_excess,0.0409,0.01113708,0.02345575,0.01114254,0.02171203
1999-12-01,Utils_excess,-0.0281,0.005535,0.0,0.00553068,-0.00077845
2000-01-01,Durbl_excess,-0.0174,0.00735,0.0,0.00342495,0.0130258
2000-01-01,Enrgy_excess,0.0087,0.00639708,0.0,0.00767834,0.01295441
2000-01-01,HiTec_excess,-0.0562,0.0105975,0.01807144,0.01061338,0.03814033
2000-01-01,Hlth_excess,0.0722,0.01020542,0.0,0.01020576,0.01278946
2000-01-01,Manuf_excess,-0.0907,0.00792833,0.0,0.00587895,0.01850928
2000-01-01,NoDur_excess,-0.0513,0.01004917,0.0,0.00805278,0.00240076
2000-01-01,Other_excess,-0.0516,0.00847333,0.0,0.00847333,0.01463405
2000-01-01,Shops_excess,-0.1142,0.01056667,0.0,0.01056348,0.01760564
2000-01-01,Telcm_excess,-0.0426,0.01141042,0.02324712,0.01141632,0.02520077
2000-01-01,Utils_excess,0.0513,0.00549958,0.0,0.00549425,-0.00035708
2000-02-01,Durbl_excess,-0.0924,0.00693125,0.0,0.0,0.00304458
2000-02-01,Enrgy_excess,-0.0603,0.00588125,0.0,0.00486964,0.00045375
2000-02-01,HiTec_excess,0.1761,0.01009042,0.0112098,0.01009952,0.01978999
2000-02-01,Hlth_excess,-0.0294,0.01059333,0.0,0.01059084,0.0118114
2000-02-01,Manuf_excess,-0.0417,0.00728958,0.0,0.0,0.00466706
2000-02-01,NoDur_excess,-0.067,0.00973917,0.0,0.00595609,-0.0004908
2000-02-01,Other_excess,-0.0781,0.00806083,0.0,0.00805493,0.00751457
2000-02-01,Shops_excess,-0.0438,0.01006958,0.0,0.01005846,0.00673072
2000-02-01,Telcm_excess,-0.0412,0.0113525,0.01717493,0.01135309,0.02042379
2000-02-01,Utils_excess,-0.075,0.00568208,0.0,0.00567544,0.0074911
2000-03-01,Durbl_excess,0.1042,0.00684792,0.0,0.0,-0.00790795
2000-03-01,Enrgy_excess,0.1145,0.00512542,0.0,0.0041205,-0.00487545
2000-03-01,HiTec_excess,0.0362,0.01101083,0.02164273,0.01101928,0.02094078
2000-03-01,Hlth_excess,-0.005,0.01070125,0.0,0.01069701,0.00697447
2000-03-01,Manuf_excess,0.0705,0.00725708,0.0,0.0,-0.00280442
2000-03-01,NoDur_excess,0.0696,0.00969958,0.0,0.00585396,-0.00564335
2000-03-01,Other_excess,0.1389,0.00791292,0.0,0.00790474,-0.0033207
2000-03-01,Shops_excess,0.1292,0.01012667,0.0,0.01011472,0.00159341
2000-03-01,Telcm_excess,0.078,0.01127625,0.01484061,0.01127486,0.01778085
2000-03-01,Utils_excess,0.0542,0.00554917,0.0,0.00554135,0.00028445
2000-04-01,Durbl_excess,0.0823,0.00769917,0.0,0.0,0.0021514
2000-04-01,Enrgy_excess,-0.0277,0.00639917,0.0,0.00518858,0.00747782
2000-04-01,HiTec_excess,-0.1101,0.01174,0.02893873,0.01174596,0.02344369
2000-04-01,Hlth_excess,0.0458,0.01084958,0.0,0.01084419,0.009172
2000-04-01,Manuf_excess,0.01,0.00809167,0.0,0.0,0.00285433
2000-04-01,NoDur_excess,-0.0242,0.01038042,0.0,0.00665048,-1.478e-05
2000-04-01,Other_excess,-0.0329,0.00905583,0.0,0.00904796,0.00954821
2000-04-01,Shops_excess,-0.0494,0.01111667,0.0,0.01110573,0.01425498
2000-04-01,Telcm_excess,-0.0879,0.0117625,0.0186649,0.01176084,0.02422232
2000-04-01,Utils_excess,0.0696,0.00610042,0.0,0.00609334,0.00454043
2000-05-01,Durbl_excess,-0.1281,0.0081675,0.0,0.0,0.00860378
2000-05-01,Enrgy_excess,0.0889,0.00605042,0.0,0.00637093,0.00702758
2000-05-01,HiTec_excess,-0.1135,0.01130375,0.02536737,0.01131372,0.0262974
2000-05-01,Hlth_excess,0.0322,0.01091417,0.0,0.01091308,0.01319933
2000-05-01,Manuf_excess,-0.0222,0.00805208,0.0,0.0,0.00547869
2000-05-01,NoDur_excess,0.066,0.01006542,0.0,0.00701537,-0.00454235
2000-05-01,Other_excess,0.0285,0.00871583,0.0,0.00871133,0.00222564
2000-05-01,Shops_excess,-0.0333,0.01077583,0.0,0.01076753,0.0078073
2000-05-01,Telcm_excess,-0.1047,0.01114333,0.01436509,0.01114489,0.01873569
2000-05-01,Utils_excess,0.0346,0.00594125,0.0,0.00593643,0.00480002
2000-06-01,Durbl_excess,-0.0939,0.00748542,0.0,0.0,-0.00565813
2000-06-01,Enrgy_excess,-0.0545,0.0062825,0.0017443,0.00680092,0.01037792
2000-06-01,HiTec_excess,0.1223,0.01066417,0.02565391,0.01067181,0.01568626
2000-06-01,Hlth_excess,0.1059,0.01079167,0.00306824,0.01079189,0.00906042
2000-06-01,Manuf_excess,-0.0168,0.00773292,0.0,0.0,-0.00242358
2000-06-01,NoDur_excess,0.0178,0.01004292,0.0,0.00745634,-0.00448782
2000-06-01,Other_excess,-0.0353,0.00853125,0.0,0.00852743,0.00030299
2000-06-01,Shops_excess,-0.0261,0.01022583,0.00181189,0.01021804,0.00377796
2000-06-01,Telcm_excess,0.0359,0.0105325,0.00996945,0.01053274,0.01116892
2000-06-01,Utils_excess,-0.0508,0.0059275,0.0,0.00592366,0.00430806
2000-07-01,Durbl_excess,0.0425,0.00700333,0.0,0.00440469,0.00471694
2000-07-01,Enrgy_excess,-0.0316,0.0058375,0.0,0.00661754,0.01070285
2000-07-01,HiTec_excess,-0.0563,0.01107292,0.02653344,0.01108,0.01619659
2000-07-01,Hlth_excess,-0.0699,0.01124917,0.0071313,0.01125046,0.01558399
2000-07-01,Manuf_excess,-0.0193,0.00759083,0.0,0.0080687,0.00448745
2000-07-01,NoDur_excess,0.0024,0.01001792,0.0,0.00844502,0.00265932
2000-07-01,Other_excess,0.0488,0.0081975,0.0,0.00819513,0.00679745
2000-07-01,Shops_excess,-0.017,0.01004167,0.0,0.01003642,0.01139295
2000-07-01,Telcm_excess,-0.0722,0.01073125,0.0106781,0.01073104,0.01634906
2000-07-01,Utils_excess,0.0339,0.00555167,0.0,0.00554906,0.00285868
2000-08-01,Durbl_excess,0.0494,0.00671292,0.0,0.00188695,0.00931081
2000-08-01,Enrgy_excess,0.0825,0.00564417,0.0,0.00650297,0.00147853
2000-08-01,HiTec_excess,0.1218,0.01021542,0.01809978,0.01022534,0.01337828
2000-08-01,Hlth_excess,0.03,0.01061,0.00547888,0.01061278,0.0162244
2000-08-01,Manuf_excess,0.0691,0.00708125,0.0,0.00581621,0.00583949
2000-08-01,NoDur_excess,-0.0258,0.0097275,0.0,0.0081691,0.00198559
2000-08-01,Other_excess,0.0874,0.00813792,0.0,0.00813694,0.0121638
2000-08-01,Shops_excess,-0.029,0.00954208,0.0,0.00953707,0.010105
2000-08-01,Telcm_excess,-0.0199,0.01041083,0.00670699,0.01041093,0.0073207
2000-08-01,Utils_excess,0.1116,0.00572,0.0,0.00571742,0.00306448
2000-09-01,Durbl_excess,-0.0467,0.00688167,0.0,0.00106326,0.0068825
2000-09-01,Enrgy_excess,0.0405,0.00586208,0.0,0.00704257,0.00593307
2000-09-01,HiTec_excess,-0.1524,0.01059708,0.02382683,0.01061169,0.02014247
2000-09-01,Hlth_excess,0.0316,0.01075042,0.00666404,0.01075481,0.01765222
2000-09-01,Manuf_excess,-0.0621,0.00733,0.0,0.00596309,0.00439689
2000-09-01,NoDur_excess,0.0322,0.00958542,0.0,0.00759324,-0.00415694
2000-09-01,Other_excess,-0.0026,0.00841625,0.0,0.00841664,0.00638988
2000-09-01,Shops_excess,0.0215,0.00937292,0.0,0.00936684,0.00121941
2000-09-01,Telcm_excess,-0.0496,0.01009208,0.00590293,0.01009324,0.0111061
2000-09-01,Utils_excess,0.0829,0.00626042,0.0011056,0.00625865,0.01009257
2000-10-01,Durbl_excess,0.0199,0.00667958,0.0,0.00508441,-0.00116055
2000-10-01,Enrgy_excess,-0.0337,0.00579,0.00200054,0.00754772,0.01028556
2000-10-01,HiTec_excess,-0.0803,0.00991042,0.01672122,0.00991682,0.00451487
2000-10-01,Hlth_excess,0.015,0.0107625,0.00713878,0.01076413,0.00756516
2000-10-01,Manuf_excess,0.0284,0.00698458,0.0,0.00808488,-0.00094208
2000-10-01,NoDur_excess,0.0692,0.0097425,0.0,0.00862414,-0.00105969
2000-10-01,Other_excess,-0.0185,0.0082775,0.0,0.00827724,0.00059163
2000-10-01,Shops_excess,-0.0231,0.00944042,0.0,0.00943607,0.00336718
2000-10-01,Telcm_excess,-0.0073,0.00998417,0.0037203,0.0099829,0.00582985
2000-10-01,Utils_excess,-0.0223,0.00663208,0.00458684,0.00663116,0.00529331
2000-11-01,Durbl_excess,-0.1165,0.00687375,0.0,0.0,-0.0023744
2000-11-01,Enrgy_excess,-0.0303,0.00536583,0.0019589,0.00597928,0.00613166
2000-11-01,HiTec_excess,-0.2371,0.00953375,0.01622048,0.00954086,0.0127674
2000-11-01,Hlth_excess,0.0024,0.01091625,0.00978506,0.01091853,0.01613138
2000-11-01,Manuf_excess,-0.0359,0.007125,0.0,0.0,0.00101945
2000-11-01,NoDur_excess,0.0219,0.01005833,0.0,0.00781977,0.00124038
2000-11-01,Other_excess,-0.0649,0.008175,0.0,0.00817276,0.00618759
2000-11-01,Shops_excess,-0.0155,0.00943167,0.0,0.00942333,0.00495399
2000-11-01,Telcm_excess,-0.1704,0.01012708,0.00365,0.01012408,0.00983022
2000-11-01,Utils_excess,0.0245,0.00649875,0.00325544,0.00649718,0.01047022
2000-12-01,Durbl_excess,-0.0042,0.00622458,0.0,0.0017882,-0.0065811
2000-12-01,Enrgy_excess,0.07,0.00426708,0.00247666,0.0061034,0.00640306
2000-12-01,HiTec_excess,-0.0849,0.00817625,0.01037049,0.00818284,-0.00076154
2000-12-01,Hlth_excess,0.0299,0.01059625,0.0145944,0.01060154,0.01886805
2000-12-01,Manuf_excess,0.0647,0.006665,0.00090504,0.00869774,-0.00048319
2000-12-01,NoDur_excess,0.0494,0.01015083,0.00116861,0.00886634,0.00132359
2000-12-01,Other_excess,0.0597,0.007625,0.00093238,0.00762543,0.00378566
2000-12-01,Shops_excess,0.0517,0.00929958,0.00404457,0.00929457,0.00365552
2000-12-01,Telcm_excess,-0.0477,0.00947625,0.0,0.00947238,0.0030883
2000-12-01,Utils_excess,0.0597,0.00633292,0.00332027,0.00633353,0.01346547
2001-01-01,Durbl_excess,0.1251,0.00630667,0.0,0.00708981,0.01026968
2001-01-01,Enrgy_excess,-0.0397,0.00505458,0.00720226,0.00756334,0.01727466
2001-01-01,HiTec_excess,0.1564,0.00792458,0.009873,0.00793202,0.00724642
2001-01-01,Hlth_excess,-0.0905,0.01058333,0.01521299,0.01059019,0.02243847
2001-01-01,Manuf_excess,-0.0152,0.00707542,0.00483411,0.0159822,0.01181123
2001-01-01,NoDur_excess,-0.0272,0.01036958,0.00326185,0.00961346,0.01005358
2001-01-01,Other_excess,0.0009,0.00792667,0.00426076,0.00792953,0.0191885
2001-01-01,Shops_excess,0.0587,0.0096275,0.00700929,0.00962447,0.0164094
2001-01-01,Telcm_excess,0.1496,0.00928125,0.0,0.00927747,0.00870086
2001-01-01,Utils_excess,-0.1077,0.00671625,0.00557229,0.00671767,0.01775813
2001-02-01,Durbl_excess,-0.0163,0.00696458,0.00195078,0.01944722,0.00775729
2001-02-01,Enrgy_excess,-0.0041,0.00535583,0.006565,0.00691744,0.00804385
2001-02-01,HiTec_excess,-0.2645,0.00895583,0.01634181,0.00895858,0.00834663
2001-02-01,Hlth_excess,-0.0092,0.01031708,0.00912366,0.01031772,0.0080826
2001-02-01,Manuf_excess,-0.0417,0.00713708,0.00313908,0.01884422,0.00356646
2001-02-01,NoDur_excess,-0.0024,0.010215,0.0,0.01012134,0.0045352
2001-02-01,Other_excess,-0.0463,0.00811375,0.00400495,0.00811461,0.0039037
2001-02-01,Shops_excess,-0.0571,0.00989708,0.00598944,0.00989512,0.01120124
2001-02-01,Telcm_excess,-0.1068,0.00971667,0.00230802,0.0097144,0.00866182
2001-02-01,Utils_excess,0.058,0.0064175,0.00306785,0.0064162,0.00324736
2001-03-01,Durbl_excess,-0.0375,0.0066725,0.00524588,0.0,-0.00281578
2001-03-01,Enrgy_excess,-0.0052,0.00539625,0.00931396,0.00664643,0.00500479
2001-03-01,HiTec_excess,-0.1431,0.00787875,0.01227503,0.00787984,-0.00648761
2001-03-01,Hlth_excess,-0.0901,0.01024833,0.01217055,0.01025054,0.00819077
2001-03-01,Manuf_excess,-0.0647,0.00682542,0.00594734,0.00489624,0.0005504
2001-03-01,NoDur_excess,-0.052,0.01014625,0.00315949,0.0087634,0.0040799
2001-03-01,Other_excess,-0.0492,0.00789583,0.00609305,0.00789433,0.00404663
2001-03-01,Shops_excess,-0.0329,0.00959208,0.00840907,0.00958583,0.00444249
2001-03-01,Telcm_excess,-0.0642,0.0092275,0.00135822,0.00922275,-0.00156261
2001-03-01,Utils_excess,0.0063,0.00675667,0.00506041,0.00675616,0.01128829
2001-04-01,Durbl_excess,0.0831,0.00627583,0.01051616,0.00247936,0.00779989
2001-04-01,Enrgy_excess,0.0963,0.00551042,0.01040717,0.00691513,0.008954
2001-04-01,HiTec_excess,0.1762,0.00712542,0.01497397,0.00712725,0.02059282
2001-04-01,Hlth_excess,0.0386,0.00967875,0.01005316,0.0096803,0.00709659
2001-04-01,Manuf_excess,0.0716,0.00635417,0.00817795,0.00779472,0.00786823
2001-04-01,NoDur_excess,0.0053,0.00969083,0.00330382,0.00855429,0.00407811
2001-04-01,Other_excess,0.0569,0.007365,0.00803036,0.00736483,0.00751321
2001-04-01,Shops_excess,0.0521,0.00897042,0.01125259,0.00896625,0.01521305
2001-04-01,Telcm_excess,0.0362,0.00896167,0.00178197,0.00895738,0.01235246
2001-04-01,Utils_excess,0.0502,0.00670833,0.00478875,0.00670713,0.00509526
2001-05-01,Durbl_excess,-0.0188,0.00658917,0.0098623,0.00664668,0.01324643
2001-05-01,Enrgy_excess,-0.0022,0.00628167,0.00733241,0.0076688,0.01517882
2001-05-01,HiTec_excess,-0.0352,0.0078975,0.0179089,0.00789958,0.01829521
2001-05-01,Hlth_excess,0.0245,0.00975833,0.00284688,0.00975809,0.00571256
2001-05-01,Manuf_excess,0.0183,0.00674,0.00551859,0.00854299,0.01142379
2001-05-01,NoDur_excess,0.0308,0.00971,0.0,0.00859051,0.00393204
2001-05-01,Other_excess,0.0332,0.00763333,0.00652,0.00763287,0.01060353
2001-05-01,Shops_excess,0.0129,0.00911208,0.00677636,0.00910784,0.01434417
2001-05-01,Telcm_excess,-0.0195,0.00889917,0.0016639,0.00889562,0.00902705
2001-05-01,Utils_excess,0.0015,0.00707458,0.00517943,0.00707242,0.00470449
2001-06-01,Durbl_excess,0.0351,0.00643875,0.00618694,0.0107765,0.01072277
2001-06-01,Enrgy_excess,-0.0774,0.006485,0.00512322,0.00779659,0.00838293
2001-06-01,HiTec_excess,0.0113,0.00762125,0.01454528,0.00762469,0.00868261
2001-06-01,Hlth_excess,-0.0326,0.00976417,0.00163573,0.00976489,0.00463794
2001-06-01,Manuf_excess,-0.0493,0.00688125,0.00392587,0.01058161,0.00770022
2001-06-01,NoDur_excess,-0.018,0.00977583,0.0,0.00863054,0.00397638
2001-06-01,Other_excess,-0.0037,0.00770292,0.00600009,0.00770404,0.00680649
2001-06-01,Shops_excess,-0.0286,0.00909458,0.00346363,0.00909068,0.01370537
2001-06-01,Telcm_excess,-0.0296,0.00856542,0.00176661,0.00856219,0.00421327
2001-06-01,Utils_excess,-0.0643,0.00705208,0.00491861,0.00705062,0.00665842
2001-07-01,Durbl_excess,0.0296,0.00682042,0.00820927,0.00948578,-0.00199736
2001-07-01,Enrgy_excess,-0.0253,0.0060225,0.0044873,0.00765776,-0.00043125
2001-07-01,HiTec_excess,-0.0787,0.00800542,0.01524549,0.00801324,0.01345388
2001-07-01,Hlth_excess,0.0198,0.00991792,0.0,0.00991871,0.00384029
2001-07-01,Manuf_excess,0.0023,0.00678417,0.00379122,0.00941107,-0.00047063
2001-07-01,NoDur_excess,-0.0084,0.00976458,0.0,0.00810436,-0.00219712
2001-07-01,Other_excess,-0.0247,0.00780042,0.00677068,0.00780251,0.00061282
2001-07-01,Shops_excess,0.0425,0.00909125,0.00342276,0.00908713,0.00129436
2001-07-01,Telcm_excess,-0.0126,0.00857792,0.0008313,0.00857512,-0.00690406
2001-07-01,Utils_excess,-0.0414,0.00669625,0.00317702,0.00669381,0.00195444
2001-08-01,Durbl_excess,-0.1036,0.00711667,0.01332681,0.02574699,0.00806646
2001-08-01,Enrgy_excess,-0.0381,0.00563792,0.00783965,0.00856531,0.00832191
2001-08-01,HiTec_excess,-0.1294,0.00788708,0.01692687,0.00790047,0.0226916
2001-08-01,Hlth_excess,-0.0341,0.01021458,0.00336179,0.01021824,0.00788151
2001-08-01,Manuf_excess,-0.0249,0.00696458,0.0075681,0.02198824,0.00606745
2001-08-01,NoDur_excess,0.0168,0.00981292,0.0,0.00843888,-0.00145087
2001-08-01,Other_excess,-0.0551,0.00786292,0.00870642,0.00786884,0.00982872
2001-08-01,Shops_excess,-0.0723,0.00946167,0.00931663,0.00946141,0.01184092
2001-08-01,Telcm_excess,-0.0895,0.00856292,0.00110261,0.00856228,0.00269776
2001-08-01,Utils_excess,0.0022,0.00645875,0.00235208,0.00645691,0.00395239
2001-09-01,Durbl_excess,-0.1755,0.00706875,0.0131468,0.01010672,-0.00210724
2001-09-01,Enrgy_excess,-0.0646,0.00579667,0.00869129,0.00742327,0.0021059
2001-09-01,HiTec_excess,-0.1928,0.00770583,0.01634846,0.00771095,0.00707849
2001-09-01,Hlth_excess,-0.0091,0.01044875,0.00462586,0.01044694,0.00487522
2001-09-01,Manuf_excess,-0.1298,0.0072025,0.00969456,0.01064059,1.726e-05
2001-09-01,NoDur_excess,-0.038,0.01014167,0.00147136,0.0078919,-0.00316505
2001-09-01,Other_excess,-0.0815,0.00791667,0.00944804,0.00791658,-0.00129934
2001-09-01,Shops_excess,-0.0979,0.0094475,0.01010584,0.00944108,0.00264623
2001-09-01,Telcm_excess,-0.0263,0.00827542,0.00079414,0.00827063,-0.00355053
2001-09-01,Utils_excess,-0.0688,0.00655667,0.00232039,0.00655321,0.00392784
2001-10-01,Durbl_excess,0.0085,0.0065125,0.01526908,0.0,-0.01154387
2001-10-01,Enrgy_excess,0.0492,0.00609167,0.00492733,0.00520916,-0.00509111
2001-10-01,HiTec_excess,0.1548,0.00711708,0.0179733,0.00711271,-0.00955533
2001-10-01,Hlth_excess,0.0104,0.01051625,0.00193957,0.01050824,0.00190191
2001-10-01,Manuf_excess,0.0372,0.00701208,0.00933931,0.0,-0.00685825
2001-10-01,NoDur_excess,0.0106,0.01012542,0.00021504,0.00611422,-0.00143062
2001-10-01,Other_excess,-0.012,0.00784917,0.01003617,0.00784085,-0.00515789
2001-10-01,Shops_excess,0.0135,0.0092425,0.01022331,0.00922788,-0.00260645
2001-10-01,Telcm_excess,-0.0979,0.00809917,0.00344694,0.00808964,-0.00676806
2001-10-01,Utils_excess,0.0154,0.0065525,0.0,0.00654533,-0.00027761
2001-11-01,Durbl_excess,0.1484,0.00677125,0.01901535,0.02041815,-0.00619126
2001-11-01,Enrgy_excess,-0.0438,0.00594708,0.01100627,0.00790107,0.00410609
2001-11-01,HiTec_excess,0.1572,0.00759542,0.02946746,0.00760554,0.0066068
2001-11-01,Hlth_excess,0.0485,0.01027833,0.00532669,0.01027842,0.00554555
2001-11-01,Manuf_excess,0.0829,0.00706333,0.01498595,0.02139402,-0.00206296
2001-11-01,NoDur_excess,0.0241,0.00991125,0.00338369,0.00785765,0.00017199
2001-11-01,Other_excess,0.0703,0.00755167,0.01505122,0.0075544,-0.00150622
2001-11-01,Shops_excess,0.0964,0.0090675,0.01656983,0.00906286,0.00222807
2001-11-01,Telcm_excess,0.0568,0.00749083,0.00339177,0.00748846,-0.00613897
2001-11-01,Utils_excess,-0.016,0.00646333,0.0,0.00645781,0.00214977
2001-12-01,Durbl_excess,-0.0099,0.00723167,0.01634143,0.02776827,0.01076095
2001-12-01,Enrgy_excess,0.0582,0.00552375,0.00398043,0.00823991,0.00371226
2001-12-01,HiTec_excess,-0.0078,0.0082325,0.02689775,0.00824219,0.01862363
2001-12-01,Hlth_excess,-0.0297,0.01036083,0.0,0.0103598,0.00433697
2001-12-01,Manuf_excess,0.0249,0.00725875,0.0099772,0.02366321,0.00574968
2001-12-01,NoDur_excess,0.0174,0.00994542,0.0,0.00866642,-2.374e-05
2001-12-01,Other_excess,0.0353,0.00767875,0.01169946,0.00768273,0.00573822
2001-12-01,Shops_excess,0.0419,0.00946917,0.00824284,0.00946536,0.00864781
2001-12-01,Telcm_excess,0.0245,0.00765958,0.00250522,0.00766053,0.00609698
2001-12-01,Utils_excess,0.0389,0.00619333,0.0,0.00618666,-0.00304494
2002-01-01,Durbl_excess,0.0271,0.00720708,0.03157511,0.02478395,0.01205487
2002-01-01,Enrgy_excess,-0.0301,0.00606958,0.0070252,0.00841681,0.00770629
2002-01-01,HiTec_excess,-0.0066,0.00823708,0.04156823,0.00825132,0.01710305
2002-01-01,Hlth_excess,-0.0255,0.01030417,0.0,0.01030215,0.00311313
2002-01-01,Manuf_excess,0.0142,0.00746792,0.01836234,0.0224714,0.00700866
2002-01-01,NoDur_excess,0.0073,0.01012958,0.0,0.00824922,0.0007837
2002-01-01,Other_excess,-0.017,0.00802,0.020272,0.00802443,0.00572568
2002-01-01,Shops_excess,0.0247,0.00976,0.02376017,0.00975781,0.01517443
2002-01-01,Telcm_excess,-0.0729,0.00785833,0.00319927,0.00785957,0.00569838
2002-01-01,Utils_excess,-0.0447,0.00648958,0.0,0.0064825,-0.00359019
2002-02-01,Durbl_excess,0.0314,0.007305,0.03447952,0.02058632,0.0132301
2002-02-01,Enrgy_excess,0.0543,0.00633042,0.00709857,0.00668848,-0.00134706
2002-02-01,HiTec_excess,-0.1328,0.00813042,0.04103987,0.00813688,0.0162435
2002-02-01,Hlth_excess,-0.0058,0.01017125,0.0,0.01016521,-0.00031181
2002-02-01,Manuf_excess,0.0423,0.00769792,0.02101408,0.01404398,0.01007298
2002-02-01,NoDur_excess,0.0411,0.01023167,0.00122464,0.00786588,0.00036189
2002-02-01,Other_excess,-0.0038,0.008115,0.0203488,0.00811436,0.00870653
2002-02-01,Shops_excess,-0.0028,0.00989083,0.0272899,0.00988552,0.0175965
2002-02-01,Telcm_excess,-0.0288,0.00756,0.0,0.00755427,-0.00139535
2002-02-01,Utils_excess,-0.0049,0.00636458,0.0,0.00635747,-0.00396615
2002-03-01,Durbl_excess,0.0676,0.00755958,0.03768571,0.0165851,0.01267114
2002-03-01,Enrgy_excess,0.0756,0.00706167,0.01073569,0.00671127,0.00202717
2002-03-01,HiTec_excess,0.0637,0.00783708,0.03234141,0.00783755,0.00170467
2002-03-01,Hlth_excess,0.0041,0.01025792,0.0,0.0102499,-0.00272935
2002-03-01,Manuf_excess,0.048,0.00814667,0.02459257,0.01040835,0.0074135
2002-03-01,NoDur_excess,0.0367,0.01052208,0.00586497,0.00793839,0.00184239
2002-03-01,Other_excess,0.0511,0.00830083,0.02061938,0.0082973,0.00388003
2002-03-01,Shops_excess,0.0196,0.00997625,0.02907146,0.00996876,0.01014334
2002-03-01,Telcm_excess,0.0023,0.00771542,0.0,0.00770629,-0.00751776
2002-03-01,Utils_excess,0.1016,0.00639667,0.0,0.00638911,-0.00486094
2002-04-01,Durbl_excess,0.0178,0.00773583,0.03141374,0.01324787,0.01654296
2002-04-01,Enrgy_excess,-0.047,0.00755958,0.00837297,0.00755072,0.00786583
2002-04-01,HiTec_excess,-0.1205,0.00829167,0.02446883,0.00828847,0.00672942
2002-04-01,Hlth_excess,-0.077,0.0104225,0.0,0.01041105,-0.00445266
2002-04-01,Manuf_excess,-0.0166,0.00846125,0.01791177,0.00590039,0.01027377
2002-04-01,NoDur_excess,0.0197,0.01061292,0.00140412,0.00834083,0.00607291
2002-04-01,Other_excess,-0.029,0.00860708,0.01564828,0.00860185,0.0056473
2002-04-01,Shops_excess,-0.0177,0.00992042,0.01922487,0.00991215,0.00973161
2002-04-01,Telcm_excess,-0.1291,0.00768042,0.0,0.00767171,0.00242626
2002-04-01,Utils_excess,-0.0057,0.00679167,0.0,0.00678499,-0.00241359
2002-05-01,Durbl_excess,-0.0057,0.00767208,0.03501052,0.01317952,0.0085482
2002-05-01,Enrgy_excess,-0.0088,0.00723125,0.00881488,0.00606201,-0.00114293
2002-05-01,HiTec_excess,-0.0373,0.00752667,0.02230865,0.00752627,-0.00096657
2002-05-01,Hlth_excess,-0.0242,0.00984083,0.0,0.00983108,-0.00766067
2002-05-01,Manuf_excess,-0.004,0.00830375,0.02061271,0.00387965,0.00165071
2002-05-01,NoDur_excess,0.0113,0.01046375,0.00682506,0.00772291,0.00143171
2002-05-01,Other_excess,-0.0067,0.00838167,0.01713011,0.00837654,0.0015954
2002-05-01,Shops_excess,-0.0158,0.0096725,0.02233666,0.00966442,0.00347144
2002-05-01,Telcm_excess,0.0286,0.00724625,0.0,0.00723314,-0.0053309
2002-05-01,Utils_excess,-0.0706,0.00665458,0.0,0.00664964,0.00301913
2002-06-01,Durbl_excess,-0.0829,0.00777375,0.03573014,0.0280561,0.02357174
2002-06-01,Enrgy_excess,-0.0012,0.00714125,0.00898704,0.00743157,0.00917227
2002-06-01,HiTec_excess,-0.1228,0.0076425,0.02095462,0.00764498,0.02231372
2002-06-01,Hlth_excess,-0.0966,0.00991125,0.0,0.00990189,-0.00102237
2002-06-01,Manuf_excess,-0.0311,0.00852917,0.02086201,0.0186111,0.01622246
2002-06-01,NoDur_excess,-0.0618,0.01069208,0.00805228,0.00879051,0.00635326
2002-06-01,Other_excess,-0.0524,0.00863083,0.01702358,0.00862914,0.01304218
2002-06-01,Shops_excess,-0.0523,0.00976458,0.02282543,0.00976048,0.01722905
2002-06-01,Telcm_excess,-0.1453,0.00740125,0.0,0.00739304,0.00996208
2002-06-01,Utils_excess,-0.0594,0.00642708,0.0,0.00641937,-0.00520075
2002-07-01,Durbl_excess,-0.1207,0.00735708,0.03336702,0.01342363,0.00217699
2002-07-01,Enrgy_excess,-0.1198,0.00743708,0.01105522,0.00675268,0.00317297
2002-07-01,HiTec_excess,-0.0985,0.00727,0.01891615,0.00727149,0.00890532
2002-07-01,Hlth_excess,-0.0291,0.00958,0.0,0.00956869,-0.00689403
2002-07-01,Manuf_excess,-0.0867,0.00854667,0.02195012,0.00920105,0.0045634
2002-07-01,NoDur_excess,-0.0678,0.01040542,0.00781546,0.00740931,-0.0003404
2002-07-01,Other_excess,-0.0652,0.00855333,0.01686554,0.0085481,-0.00119018
2002-07-01,Shops_excess,-0.1158,0.00947625,0.02317476,0.00946937,0.00567011
2002-07-01,Telcm_excess,-0.1182,0.00693792,0.0,0.00692597,-0.00231647
2002-07-01,Utils_excess,-0.1229,0.00631167,0.0,0.00630182,-0.00652795
2002-08-01,Durbl_excess,0.0048,0.00691167,0.03358769,0.0,-0.00117231
2002-08-01,Enrgy_excess,0.0049,0.00731958,0.00852016,0.00442434,-0.00435758
2002-08-01,HiTec_excess,-0.011,0.00684042,0.02200046,0.00683886,0.00275406
2002-08-01,Hlth_excess,0.0051,0.00947,0.0,0.00945623,-0.00998791
2002-08-01,Manuf_excess,-0.0143,0.00832625,0.02323214,0.00031881,-0.00087181
2002-08-01,NoDur_excess,0.0211,0.01018542,0.0094839,0.00593488,-0.00616416
2002-08-01,Other_excess,0.0099,0.00845167,0.0183469,0.00844212,-0.00252386
2002-08-01,Shops_excess,0.017,0.00902833,0.02476939,0.00901704,-0.00218618
2002-08-01,Telcm_excess,0.0006,0.00643917,0.0,0.00642208,-0.00804097
2002-08-01,Utils_excess,0.0326,0.00595125,0.0,0.00593823,-0.01163127
2002-09-01,Durbl_excess,-0.1104,0.00638583,0.03088167,0.01829818,0.00113815
2002-09-01,Enrgy_excess,-0.0799,0.00695292,0.00944342,0.00503183,-0.00256785
2002-09-01,HiTec_excess,-0.1674,0.00629042,0.02217306,0.00628786,0.0005366
2002-09-01,Hlth_excess,-0.0603,0.00900458,0.00112483,0.00899397,-0.00794753
2002-09-01,Manuf_excess,-0.0848,0.00771667,0.02174454,0.0114653,0.00293084
2002-09-01,NoDur_excess,-0.0787,0.00992333,0.0101549,0.00725048,-0.00046035
2002-09-01,Other_excess,-0.1074,0.00805125,0.0179411,0.00804594,0.00215141
2002-09-01,Shops_excess,-0.0958,0.00860583,0.0236457,0.00859893,0.00179576
2002-09-01,Telcm_excess,-0.0999,0.00602125,0.0,0.00600708,-0.00806643
2002-09-01,Utils_excess,-0.1102,0.00561542,0.0,0.00560726,-0.0055194
2002-10-01,Durbl_excess,-0.0285,0.00597833,0.03552226,0.01577577,0.00064608
2002-10-01,Enrgy_excess,0.03,0.00656417,0.01196974,0.00477505,-0.0047983
2002-10-01,HiTec_excess,0.1923,0.00556542,0.02588714,0.00556473,0.00164756
2002-10-01,Hlth_excess,0.0554,0.00871792,0.00896497,0.00870885,-0.00582289
2002-10-01,Manuf_excess,0.0364,0.00742792,0.02701084,0.01187771,-0.00073802
2002-10-01,NoDur_excess,0.0492,0.0094025,0.01378673,0.00660101,-0.00348188
2002-10-01,Other_excess,0.0624,0.00745,0.02034445,0.00744471,0.00072722
2002-10-01,Shops_excess,0.0558,0.00802917,0.02936132,0.00802272,0.0004152
2002-10-01,Telcm_excess,0.218,0.00558458,0.0,0.00557182,-0.00672169
2002-10-01,Utils_excess,-0.0075,0.00513292,0.0,0.00512321,-0.00824985
2002-11-01,Durbl_excess,0.1187,0.00519583,0.02660758,0.00355159,0.00414054
2002-11-01,Enrgy_excess,0.029,0.00648458,0.00811838,0.00531387,0.00183687
2002-11-01,HiTec_excess,0.1615,0.00568333,0.02148499,0.00568221,0.0061113
2002-11-01,Hlth_excess,0.0366,0.00863083,0.00033924,0.00861953,-0.00795939
2002-11-01,Manuf_excess,0.0613,0.00706,0.0207737,0.00667792,0.00848941
2002-11-01,NoDur_excess,-0.0121,0.00919625,0.00928914,0.00672896,-0.00171681
2002-11-01,Other_excess,0.0408,0.00708125,0.01404599,0.00707575,0.00350306
2002-11-01,Shops_excess,0.0178,0.00758333,0.02278458,0.0075775,0.00848244
2002-11-01,Telcm_excess,0.1169,0.00617917,0.0,0.00616774,-0.00254332
2002-11-01,Utils_excess,0.0146,0.00492917,0.0,0.00491826,-0.01528163
2002-12-01,Durbl_excess,-0.0663,0.00537292,0.02391426,0.03232011,0.01221911
2002-12-01,Enrgy_excess,0.0073,0.0068225,0.0070656,0.00660874,0.0069065
2002-12-01,HiTec_excess,-0.1301,0.00593708,0.01825162,0.00594122,0.0127065
2002-12-01,Hlth_excess,-0.042,0.00859417,0.0,0.00858547,-0.0066408
2002-12-01,Manuf_excess,-0.0392,0.00710042,0.01621893,0.02307951,0.01048848
2002-12-01,NoDur_excess,-0.0034,0.00895417,0.00189757,0.00754003,-0.00456677
2002-12-01,Other_excess,-0.049,0.00696208,0.00879451,0.0069622,0.00631167
2002-12-01,Shops_excess,-0.071,0.0072175,0.01221828,0.00721697,0.00668091
2002-12-01,Telcm_excess,-0.0962,0.0064425,0.0,0.0064363,0.0059273
2002-12-01,Utils_excess,0.0372,0.00501125,0.0,0.00500107,-0.01230939
2003-01-01,Durbl_excess,-0.035,0.00499833,0.02510807,0.01755942,-0.00730121
2003-01-01,Enrgy_excess,-0.026,0.00665042,0.01035152,0.0054624,-0.00634559
2003-01-01,HiTec_excess,-0.0161,0.0053125,0.02016689,0.00532167,-0.0006541
2003-01-01,Hlth_excess,-0.007,0.00842292,0.00027164,0.00841681,-0.01068131
2003-01-01,Manuf_excess,-0.0417,0.00693458,0.02016511,0.01506443,-0.00376729
2003-01-01,NoDur_excess,-0.0403,0.0089275,0.0074751,0.00624926,-0.00809425
2003-01-01,Other_excess,-0.0248,0.0068425,0.01277181,0.00684086,-0.00360639
2003-01-01,Shops_excess,-0.0486,0.00703583,0.01715625,0.00703281,-0.00729551
2003-01-01,Telcm_excess,-0.0421,0.00612083,0.0,0.00611389,-0.00131275
2003-01-01,Utils_excess,-0.0331,0.00501333,0.0,0.00500237,-0.01237341
2003-02-01,Durbl_excess,-0.0488,0.00466583,0.02116941,0.01353185,0.00315375
2003-02-01,Enrgy_excess,0.0186,0.00641917,0.00765246,0.00553099,0.00253359
2003-02-01,HiTec_excess,0.0107,0.004925,0.01683023,0.00492291,-0.00104175
2003-02-01,Hlth_excess,-0.0205,0.00836333,0.0,0.00835142,-0.01182925
2003-02-01,Manuf_excess,-0.0236,0.00658,0.01625876,0.00878087,0.00323414
2003-02-01,NoDur_excess,-0.0297,0.00883042,0.00592274,0.00661442,-0.00376065
2003-02-01,Other_excess,-0.0279,0.00664917,0.01077577,0.00664426,-0.00485742
2003-02-01,Shops_excess,-0.013,0.00680958,0.01370718,0.00680273,-0.00398386
2003-02-01,Telcm_excess,-0.0654,0.00545583,0.0,0.00544573,-0.00208653
2003-02-01,Utils_excess,-0.0407,0.00475125,0.0,0.00474275,-0.01110228
2003-03-01,Durbl_excess,-0.0267,0.00433667,0.0201407,0.0035607,-0.01155239
2003-03-01,Enrgy_excess,0.014,0.00654708,0.01046309,0.00486771,-0.00544136
2003-03-01,HiTec_excess,-0.0107,0.004845,0.02049306,0.0048416,-0.00964009
2003-03-01,Hlth_excess,0.0363,0.00818583,0.00319413,0.00817385,-0.01324942
2003-03-01,Manuf_excess,0.0122,0.00633833,0.0167621,0.0,-0.00878273
2003-03-01,NoDur_excess,-0.0272,0.00857583,0.00657153,0.00571523,-0.00733268
2003-03-01,Other_excess,0.0094,0.00636875,0.01123159,0.00636137,-0.00762622
2003-03-01,Shops_excess,0.0458,0.00645167,0.0144914,0.00644226,-0.01022856
2003-03-01,Telcm_excess,-0.0053,0.00522458,0.0,0.00521162,-0.01057176
2003-03-01,Utils_excess,0.0421,0.00454125,0.0,0.00453344,-0.00754851
2003-04-01,Durbl_excess,0.1495,0.00429958,0.01676826,0.00222158,0.00266977
2003-04-01,Enrgy_excess,-0.0057,0.00638458,0.0080773,0.00543624,0.0022543
2003-04-01,HiTec_excess,0.0908,0.00479917,0.01742374,0.0047958,-0.00439767
2003-04-01,Hlth_excess,0.0417,0.00817417,0.00123055,0.00816255,-0.0090979
2003-04-01,Manuf_excess,0.062,0.00632792,0.014458,0.00288497,9.947e-05
2003-04-01,NoDur_excess,0.0428,0.00817542,0.00273928,0.00561888,-0.00156113
2003-04-01,Other_excess,0.1154,0.00622792,0.00923626,0.00622152,0.00185213
2003-04-01,Shops_excess,0.0887,0.00631417,0.01193198,0.00630689,-0.00258377
2003-04-01,Telcm_excess,0.1116,0.00520208,0.0,0.0051901,-0.00616292
2003-04-01,Utils_excess,0.0713,0.0047325,0.0,0.0047245,-0.00822666
2003-05-01,Durbl_excess,0.0277,0.00449875,0.01845998,0.02595072,0.00679043
2003-05-01,Enrgy_excess,0.0857,0.00600042,0.00595036,0.00576202,0.00244511
2003-05-01,HiTec_excess,0.0971,0.004895,0.01526766,0.004902,0.0068867
2003-05-01,Hlth_excess,0.0385,0.00816708,0.0,0.00816164,-0.00347557
2003-05-01,Manuf_excess,0.0457,0.00635167,0.01367097,0.02140076,0.00608485
2003-05-01,NoDur_excess,0.0945,0.008125,0.002028,0.00653438,-0.00295158
2003-05-01,Other_excess,0.0514,0.00639083,0.00978532,0.00639213,0.00926434
2003-05-01,Shops_excess,0.0339,0.00635583,0.01184262,0.00635621,0.00908098
2003-05-01,Telcm_excess,0.0623,0.0054825,0.0,0.00547659,0.0028337
2003-05-01,Utils_excess,0.1007,0.00486,0.0,0.00485056,-0.00425951
2003-06-01,Durbl_excess,0.0232,0.00472958,0.02204479,0.01902907,-0.00713176
2003-06-01,Enrgy_excess,-0.0106,0.00633083,0.01131769,0.00553778,-0.00545845
2003-06-01,HiTec_excess,0.0025,0.00521167,0.02047962,0.00522117,-0.00047971
2003-06-01,Hlth_excess,0.0406,0.00847083,0.00551925,0.00846795,0.00043872
2003-06-01,Manuf_excess,0.0044,0.00648708,0.01762487,0.0169287,-0.00462186
2003-06-01,NoDur_excess,0.0156,0.00858708,0.00803962,0.00670873,-0.00437163
2003-06-01,Other_excess,0.0081,0.006535,0.01294958,0.00653586,-0.00169762
2003-06-01,Shops_excess,0.0334,0.00650625,0.01679007,0.00650615,-0.00380692
2003-06-01,Telcm_excess,0.0199,0.00582542,0.0,0.00581831,-0.00416172
2003-06-01,Utils_excess,0.0096,0.0052025,0.0,0.00519497,-0.00341873
2003-07-01,Durbl_excess,0.066,0.00442417,0.0204599,0.01396161,0.01162055
2003-07-01,Enrgy_excess,-0.0269,0.00604667,0.00835391,0.00617896,0.00642065
2003-07-01,HiTec_excess,0.0553,0.00499458,0.01594552,0.00499935,0.00351636
2003-07-01,Hlth_excess,0.0041,0.00837958,0.0018088,0.00837467,-0.0026071
2003-07-01,Manuf_excess,0.049,0.0064675,0.01525416,0.01326883,0.00613234
2003-07-01,NoDur_excess,-0.0176,0.00854708,0.00621525,0.00730191,0.00300582
2003-07-01,Other_excess,0.0354,0.00652667,0.01068509,0.00652615,0.00705307
2003-07-01,Shops_excess,0.0322,0.00641875,0.01463071,0.0064183,0.00351667
2003-07-01,Telcm_excess,-0.0178,0.00592875,0.0,0.00592192,-0.00041696
2003-07-01,Utils_excess,-0.055,0.00529333,0.0,0.00528675,0.00020481
2003-08-01,Durbl_excess,0.0796,0.0048925,0.01200265,0.00503952,0.01939722
2003-08-01,Enrgy_excess,0.0612,0.00606,0.0,0.00681632,0.00788935
2003-08-01,HiTec_excess,0.0599,0.00547917,0.00544127,0.00548279,0.01112187
2003-08-01,Hlth_excess,-0.0289,0.00866417,0.0,0.0086555,-0.0047113
2003-08-01,Manuf_excess,0.0402,0.00681,0.006208,0.01004823,0.01340878
2003-08-01,NoDur_excess,0.0022,0.00861542,0.0,0.00740616,0.00459164
2003-08-01,Other_excess,0.0055,0.00685667,0.00358032,0.0068553,0.01449314
2003-08-01,Shops_excess,0.0666,0.00672042,0.00177229,0.00671863,0.01151079
2003-08-01,Telcm_excess,0.0119,0.00610083,0.0,0.00609471,0.00521493
2003-08-01,Utils_excess,0.0185,0.0050525,0.0,0.00504457,-0.00240773
2003-09-01,Durbl_excess,-0.0429,0.00535458,0.01470529,0.02171983,0.01878119
2003-09-01,Enrgy_excess,-0.0226,0.00606042,0.00189878,0.00582873,0.00542568
2003-09-01,HiTec_excess,-0.0101,0.00580667,0.00815239,0.00580818,0.00397917
2003-09-01,Hlth_excess,0.0022,0.0086175,0.0,0.0086097,-0.00587022
2003-09-01,Manuf_excess,-0.0382,0.00698417,0.00811298,0.0139233,0.01089027
2003-09-01,NoDur_excess,0.0106,0.00862625,0.0,0.00723308,0.00566237
2003-09-01,Other_excess,0.0018,0.00694917,0.00420637,0.0069482,0.011449
2003-09-01,Shops_excess,-0.0462,0.00722667,0.00478219,0.00722546,0.01081135
2003-09-01,Telcm_excess,-0.056,0.00609042,0.0,0.00608247,0.00756842
2003-09-01,Utils_excess,0.0376,0.00509792,0.0,0.00509245,0.00296105
2003-10-01,Durbl_excess,0.0724,0.00502458,0.01722642,0.01956923,0.0019315
2003-10-01,Enrgy_excess,0.0158,0.00618958,0.00436676,0.00515445,-0.002094
2003-10-01,HiTec_excess,0.0821,0.00570625,0.01502502,0.00570945,-0.00027681
2003-10-01,Hlth_excess,0.008,0.00860417,0.0,0.00859813,-0.00674883
2003-10-01,Manuf_excess,0.0882,0.00676167,0.01126562,0.01215018,-4.769e-05
2003-10-01,NoDur_excess,0.0586,0.00850792,0.00126254,0.00678325,0.00107638
2003-10-01,Other_excess,0.0627,0.00692167,0.00829554,0.00692056,0.00393422
2003-10-01,Shops_excess,0.0896,0.00697458,0.00872044,0.00697224,0.00045441
2003-10-01,Telcm_excess,0.0676,0.00579458,0.0,0.00578552,-0.00088102
2003-10-01,Utils_excess,0.0144,0.00509208,0.0,0.00508702,0.00207283
2003-11-01,Durbl_excess,0.03,0.00535625,0.01382401,0.02193178,0.02164676
2003-11-01,Enrgy_excess,0.0058,0.0063725,0.00092782,0.00676048,0.00994708
2003-11-01,HiTec_excess,0.0179,0.00636958,0.01057474,0.00637737,0.01553923
2003-11-01,Hlth_excess,0.0175,0.00876,0.0,0.00875338,-0.00549866
2003-11-01,Manuf_excess,0.0201,0.00725625,0.00823174,0.01925098,0.01405694
2003-11-01,NoDur_excess,0.0352,0.0087925,0.0,0.00767955,0.00733043
2003-11-01,Other_excess,0.0108,0.00738417,0.00553514,0.00738471,0.01414693
2003-11-01,Shops_excess,0.0049,0.00745333,0.00479289,0.00745423,0.01207846
2003-11-01,Telcm_excess,-0.007,0.00632417,0.0,0.00631814,0.01209788
2003-11-01,Utils_excess,0.0088,0.00505667,0.0,0.00505018,0.00112742
2003-12-01,Durbl_excess,0.1182,0.00533417,0.01429735,0.02837015,0.01953184
2003-12-01,Enrgy_excess,0.1352,0.00644458,0.00106432,0.00675392,0.00945545
2003-12-01,HiTec_excess,0.0207,0.00637625,0.01131135,0.0063866,0.01759651
2003-12-01,Hlth_excess,0.0556,0.00898833,0.0,0.00898335,-0.00532656
2003-12-01,Manuf_excess,0.0665,0.00709917,0.00875618,0.02432664,0.01204451
2003-12-01,NoDur_excess,0.0336,0.0088725,0.0,0.00806816,0.00900949
2003-12-01,Other_excess,0.042,0.00726167,0.00598251,0.00726414,0.01271493
2003-12-01,Shops_excess,-0.0221,0.00731792,0.00489995,0.00732033,0.01111703
2003-12-01,Telcm_excess,0.0749,0.00619208,0.0,0.00618735,0.01030029
2003-12-01,Utils_excess,0.0578,0.00519083,0.0,0.0051841,0.00407693
2004-01-01,Durbl_excess,-0.0083,0.00581875,0.01593338,0.02769577,0.01860795
2004-01-01,Enrgy_excess,0.0016,0.00695083,0.00410572,0.00730802,0.01012458
2004-01-01,HiTec_excess,0.0444,0.00647792,0.0109315,0.00648703,0.01112564
2004-01-01,Hlth_excess,0.0303,0.00940167,0.0,0.00939689,0.00031771
2004-01-01,Manuf_excess,-0.0077,0.00745292,0.00925647,0.0222475,0.01356834
2004-01-01,NoDur_excess,-0.0001,0.0090625,0.0,0.00799101,0.00687404
2004-01-01,Other_excess,0.0282,0.00750333,0.00616818,0.007505,0.01423753
2004-01-01,Shops_excess,0.0038,0.00745292,0.00299992,0.00745308,0.00626533
2004-01-01,Telcm_excess,0.0158,0.00659833,0.0,0.00659318,0.00831793
2004-01-01,Utils_excess,0.0184,0.00561375,0.0,0.00560777,0.00690895
2004-02-01,Durbl_excess,-0.0006,0.00604,0.0145822,0.0183604,0.01391121
2004-02-01,Enrgy_excess,0.0448,0.00657875,0.00484984,0.00642085,0.00549209
2004-02-01,HiTec_excess,-0.0297,0.00695292,0.01307257,0.00695456,0.0072098
2004-02-01,Hlth_excess,0.0083,0.00958333,0.0,0.00957547,-0.00334639
2004-02-01,Manuf_excess,0.0191,0.00759792,0.00858612,0.0124998,0.00774933
2004-02-01,NoDur_excess,0.042,0.00912333,0.0,0.00760152,0.00669289
2004-02-01,Other_excess,0.0207,0.00772042,0.00704569,0.00771893,0.01130849
2004-02-01,Shops_excess,0.0604,0.00774417,0.00263898,0.00774033,0.00563515
2004-02-01,Telcm_excess,-0.0048,0.006525,0.0,0.0065171,0.00539784
2004-02-01,Utils_excess,0.0205,0.00566208,0.0,0.00565802,0.0104265
2004-03-01,Durbl_excess,-0.0145,0.00632083,0.012846,0.01302684,0.00688337
2004-03-01,Enrgy_excess,-0.0007,0.00663,0.00662327,0.00647586,0.00813244
2004-03-01,HiTec_excess,-0.026,0.00710583,0.01434252,0.00710675,0.00550974
2004-03-01,Hlth_excess,-0.04,0.00973208,0.0,0.00972411,-0.00294093
2004-03-01,Manuf_excess,-0.0037,0.00798167,0.0081891,0.00940555,0.00534391
2004-03-01,NoDur_excess,-0.0018,0.00956333,0.0,0.00764941,0.0083325
2004-03-01,Other_excess,-0.0075,0.00804167,0.00769029,0.00803899,0.00859185
2004-03-01,Shops_excess,0.0019,0.00821083,0.00361097,0.00820608,0.00461293
2004-03-01,Telcm_excess,-0.0212,0.00668792,0.0,0.00667901,0.00656106
2004-03-01,Utils_excess,0.0105,0.00591625,0.0,0.00591183,0.01011816
2004-04-01,Durbl_excess,0.0238,0.00627542,0.01428427,0.01150057,0.00635124
2004-04-01,Enrgy_excess,0.0258,0.00664625,0.00803999,0.00637915,0.0010952
2004-04-01,HiTec_excess,-0.0497,0.00695333,0.01636175,0.00695237,0.00463195
2004-04-01,Hlth_excess,0.0343,0.00962375,0.0,0.00961432,-0.00322913
2004-04-01,Manuf_excess,-0.0025,0.00785958,0.01020915,0.00883344,0.00262529
2004-04-01,NoDur_excess,0.0133,0.00951833,0.00041879,0.00769384,0.00731444
2004-04-01,Other_excess,-0.0378,0.00793875,0.00916154,0.00793564,0.00438367
2004-04-01,Shops_excess,-0.028,0.00819875,0.00589766,0.00819374,0.00445627
2004-04-01,Telcm_excess,-0.0051,0.00680917,0.0,0.00679963,0.00297309
2004-04-01,Utils_excess,-0.0365,0.00600333,0.0,0.00599948,0.00787719
2004-05-01,Durbl_excess,-0.017,0.00635333,0.0094393,0.01083912,0.01788551
2004-05-01,Enrgy_excess,0.0049,0.00662167,0.00388434,0.00770383,0.0118441
2004-05-01,HiTec_excess,0.0477,0.00679792,0.00917401,0.00680001,0.01234997
2004-05-01,Hlth_excess,-0.0048,0.00970375,0.0,0.00969456,0.0003973
2004-05-01,Manuf_excess,0.0161,0.00788833,0.0046525,0.00957607,0.01424433
2004-05-01,NoDur_excess,-0.0197,0.00958375,0.0,0.00810561,0.01149669
2004-05-01,Other_excess,0.0166,0.00789958,0.00432624,0.00789664,0.01105555
2004-05-01,Shops_excess,0.0024,0.00810167,0.0,0.00809756,0.007626
2004-05-01,Telcm_excess,-0.0302,0.00673,0.0,0.00672336,0.01002773
2004-05-01,Utils_excess,0.012,0.00590583,0.0,0.00590045,0.00392964
2004-06-01,Durbl_excess,0.0526,0.00655625,0.00727273,0.00824835,0.00551477
2004-06-01,Enrgy_excess,0.0538,0.00688792,0.00296143,0.00684597,0.00390623
2004-06-01,HiTec_excess,0.0259,0.0072625,0.00903581,0.00726186,0.00656426
2004-06-01,Hlth_excess,-0.0058,0.00998542,0.0,0.00997532,-0.00273713
2004-06-01,Manuf_excess,0.0522,0.00823,0.00367463,0.00636319,0.00426862
2004-06-01,NoDur_excess,0.0159,0.00963458,0.0,0.00768502,0.00633013
2004-06-01,Other_excess,0.0123,0.00828792,0.00364438,0.00828359,0.00045314
2004-06-01,Shops_excess,-0.0005,0.00836,0.0,0.00835402,-0.00056949
2004-06-01,Telcm_excess,0.0072,0.00678542,0.0,0.00677658,0.00147808
2004-06-01,Utils_excess,0.0195,0.00602292,0.0,0.00601823,0.00500933
2004-07-01,Durbl_excess,-0.0474,0.00671875,0.00984872,0.01548611,0.00648315
2004-07-01,Enrgy_excess,0.0322,0.00722667,0.00563548,0.00733856,0.01062909
2004-07-01,HiTec_excess,-0.0861,0.00732708,0.01014552,0.00732964,0.01174714
2004-07-01,Hlth_excess,-0.0603,0.00983167,0.0,0.0098242,-0.00016821
2004-07-01,Manuf_excess,-0.0416,0.00834583,0.0064722,0.01312462,0.01037877
2004-07-01,NoDur_excess,-0.0607,0.00946875,0.0,0.0079054,0.0085625
2004-07-01,Other_excess,-0.024,0.00827792,0.00473732,0.00827542,0.00751135
2004-07-01,Shops_excess,-0.0413,0.00808083,0.00032669,0.00807718,0.004694
2004-07-01,Telcm_excess,-0.011,0.00633792,0.0,0.00633161,0.00177531
2004-07-01,Utils_excess,0.0096,0.00611708,0.0,0.00611202,0.00900744
2004-08-01,Durbl_excess,-0.0234,0.00645,0.0120822,0.02513374,0.01889529
2004-08-01,Enrgy_excess,-0.0149,0.00770625,0.00749647,0.00820575,0.01381193
2004-08-01,HiTec_excess,-0.0462,0.00710458,0.01195995,0.00711155,0.01638197
2004-08-01,Hlth_excess,0.0153,0.00977167,0.0,0.00976639,0.00122875
2004-08-01,Manuf_excess,0.0123,0.00826792,0.00834973,0.02164039,0.01390528
2004-08-01,NoDur_excess,0.0068,0.00931542,0.0,0.00809087,0.00855648
2004-08-01,Other_excess,0.0177,0.00829,0.00611112,0.00829026,0.01625558
2004-08-01,Shops_excess,-0.0131,0.00793792,0.00328353,0.00793711,0.01028231
2004-08-01,Telcm_excess,0.0106,0.00620917,0.0,0.00620599,0.01144025
2004-08-01,Utils_excess,0.0356,0.00619167,0.0,0.00618581,0.00794921
2004-09-01,Durbl_excess,0.0219,0.00597042,0.01689924,0.0235133,0.01140147
2004-09-01,Enrgy_excess,0.0871,0.007095,0.0117628,0.00728456,0.00727469
2004-09-01,HiTec_excess,0.0335,0.006365,0.0187168,0.00637005,0.01094341
2004-09-01,Hlth_excess,-0.0152,0.009435,0.00346022,0.00943066,0.00512281
2004-09-01,Manuf_excess,0.0183,0.00785792,0.01380921,0.02040336,0.01101385
2004-09-01,NoDur_excess,-0.0213,0.00901625,0.00358657,0.00785163,0.006347
2004-09-01,Other_excess,0.0099,0.00793625,0.01030938,0.00793653,0.01235512
2004-09-01,Shops_excess,0.025,0.00750708,0.00962572,0.00750611,0.00792266
2004-09-01,Telcm_excess,0.0122,0.00600792,0.00370321,0.0060043,0.00779696
2004-09-01,Utils_excess,0.0127,0.00605042,0.0,0.0060461,0.00593204
2004-10-01,Durbl_excess,-0.0311,0.00610583,0.01772242,0.01883814,0.01487225
2004-10-01,Enrgy_excess,0.0053,0.0074,0.01422481,0.00816834,0.01440555
2004-10-01,HiTec_excess,0.0503,0.00670458,0.01991834,0.00670742,0.01542433
2004-10-01,Hlth_excess,-0.0254,0.00959167,0.00417179,0.00958597,0.00927553
2004-10-01,Manuf_excess,-0.0156,0.00807708,0.01411085,0.01676554,0.01612931
2004-10-01,NoDur_excess,0.0273,0.00891083,0.00403544,0.0077858,0.00829461
2004-10-01,Other_excess,0.0098,0.0079225,0.01122663,0.00792188,0.0133185
2004-10-01,Shops_excess,0.0295,0.00764458,0.01126503,0.00764298,0.0080308
2004-10-01,Telcm_excess,0.032,0.00597292,0.00529974,0.00596898,0.0080953
2004-10-01,Utils_excess,0.0413,0.00593667,0.00045852,0.00593362,0.00787972
2004-11-01,Durbl_excess,0.0712,0.00592833,0.01704886,0.01460327,0.00979174
2004-11-01,Enrgy_excess,0.0643,0.007645,0.01362533,0.00787582,0.01041917
2004-11-01,HiTec_excess,0.0558,0.00697875,0.02247388,0.00697755,0.00626769
2004-11-01,Hlth_excess,0.0052,0.00945833,0.00533781,0.00945109,0.00283611
2004-11-01,Manuf_excess,0.0708,0.00802917,0.01355002,0.01186538,0.00978203
2004-11-01,NoDur_excess,0.0446,0.00900875,0.00403077,0.00775963,0.00789894
2004-11-01,Other_excess,0.0454,0.00797292,0.0115727,0.00797047,0.00948978
2004-11-01,Shops_excess,0.0352,0.00783792,0.01157216,0.00783457,0.0056308
2004-11-01,Telcm_excess,0.0348,0.00618125,0.00702573,0.00617564,0.00537519
2004-11-01,Utils_excess,0.0474,0.00601083,0.00211125,0.00600915,0.00824047
2004-12-01,Durbl_excess,0.0472,0.00638167,0.01249394,0.0148854,0.01724352
2004-12-01,Enrgy_excess,-0.0247,0.00798458,0.01195712,0.00910139,0.01750922
2004-12-01,HiTec_excess,0.0293,0.0074,0.0178608,0.00740444,0.02283014
2004-12-01,Hlth_excess,0.055,0.00951375,0.00266246,0.00950777,0.01151406
2004-12-01,Manuf_excess,0.0236,0.00841083,0.01037306,0.01559723,0.01620175
2004-12-01,NoDur_excess,0.0461,0.00920917,0.00185275,0.00796142,0.01122034
2004-12-01,Other_excess,0.0425,0.00820667,0.00936192,0.00820583,0.01392625
2004-12-01,Shops_excess,0.0334,0.00813625,0.00708309,0.0081338,0.0106961
2004-12-01,Telcm_excess,0.0402,0.00636667,0.00527108,0.00636284,0.01178708
2004-12-01,Utils_excess,0.0232,0.00611125,0.00398338,0.00610879,0.00927019
2005-01-01,Durbl_excess,-0.0718,0.00641292,0.01479499,0.00641679,0.01935742
2005-01-01,Enrgy_excess,0.0287,0.00793208,0.01227736,0.0079339,0.01342786
2005-01-01,HiTec_excess,-0.0648,0.00744292,0.02013762,0.00745204,0.02428717
2005-01-01,Hlth_excess,-0.0424,0.00965667,0.00617552,0.01070685,0.01677305
2005-01-01,Manuf_excess,-0.0192,0.00844583,0.01186642,0.00873317,0.01649534
2005-01-01,NoDur_excess,0.0007,0.00932625,0.00379063,0.00795518,0.01310458
2005-01-01,Other_excess,-0.0233,0.00825625,0.01090525,0.00825811,0.01914588
2005-01-01,Shops_excess,-0.0119,0.00827042,0.00935783,0.00864382,0.01122951
2005-01-01,Telcm_excess,-0.044,0.0063475,0.00699064,0.00638537,0.01448276
2005-01-01,Utils_excess,0.016,0.00612417,0.00422224,0.00556182,0.01129651
2005-02-01,Durbl_excess,-0.0041,0.00573083,0.01950173,0.00573228,0.00584132
2005-02-01,Enrgy_excess,0.1929,0.00780625,0.01647484,0.00780705,0.01190075
2005-02-01,HiTec_excess,-0.0013,0.00667667,0.02781108,0.00668013,0.01692214
2005-02-01,Hlth_excess,0.0228,0.00916083,0.01250465,0.00796106,0.00933649
2005-02-01,Manuf_excess,0.0391,0.00804,0.01660515,0.00795854,0.01056472
2005-02-01,NoDur_excess,0.0057,0.00915458,0.00749928,0.00716113,0.01197846
2005-02-01,Other_excess,-0.0001,0.0077775,0.01531942,0.00777709,0.01042422
2005-02-01,Shops_excess,0.0047,0.00770083,0.01647647,0.00745836,0.00909584
2005-02-01,Telcm_excess,-0.006,0.00594708,0.01147457,0.00523074,0.00860512
2005-02-01,Utils_excess,0.022,0.00611792,0.00504735,0.00586269,0.01109553
2005-03-01,Durbl_excess,-0.0821,0.00580333,0.01629023,0.0058038,0.0143986
2005-03-01,Enrgy_excess,-0.0365,0.0084725,0.01955462,0.00847566,0.02140421
2005-03-01,HiTec_excess,-0.0275,0.00675042,0.02523974,0.00674985,0.01308773
2005-03-01,Hlth_excess,-0.0069,0.00913,0.01259098,0.00631303,0.01033654
2005-03-01,Manuf_excess,-0.016,0.00817167,0.01540915,0.00794331,0.01368489
2005-03-01,NoDur_excess,-0.0106,0.00899125,0.00703799,0.00698918,0.01432754
2005-03-01,Other_excess,-0.0257,0.00771375,0.01412304,0.00771155,0.00949958
2005-03-01,Shops_excess,0.0001,0.00765708,0.01465775,0.00685031,0.007335
2005-03-01,Telcm_excess,-0.0025,0.00583417,0.01098853,0.00467374,0.00607815
2005-03-01,Utils_excess,0.004,0.00617667,0.00595181,0.00617806,0.01132117
2005-04-01,Durbl_excess,-0.1126,0.005705,0.01476239,0.00570297,-0.0009367
2005-04-01,Enrgy_excess,-0.0582,0.00828583,0.01980284,0.00828722,0.01312868
2005-04-01,HiTec_excess,-0.0472,0.0069125,0.02426987,0.00690944,0.01059085
2005-04-01,Hlth_excess,0.0374,0.00899917,0.01512953,0.00586895,0.00406726
2005-04-01,Manuf_excess,-0.0489,0.00824583,0.0155563,0.00777172,0.00564851
2005-04-01,NoDur_excess,-0.0117,0.00877958,0.00945734,0.00647531,0.00828698
2005-04-01,Other_excess,-0.018,0.00763917,0.0142486,0.00763564,0.0009507
2005-04-01,Shops_excess,-0.0549,0.00770875,0.01644293,0.00665453,0.00107018
2005-04-01,Telcm_excess,-0.0221,0.00562125,0.01298096,0.00441624,0.0034311
2005-04-01,Utils_excess,0.0192,0.00596375,0.00696715,0.00609128,0.01017257
2005-05-01,Durbl_excess,0.0857,0.00540958,0.01674738,0.00540683,-0.00374883
2005-05-01,Enrgy_excess,0.0186,0.007915,0.02412995,0.00791479,0.00858688
2005-05-01,HiTec_excess,0.0797,0.0068975,0.02849668,0.00689406,0.00170021
2005-05-01,Hlth_excess,0.0124,0.00925875,0.0217979,0.00775615,0.00780048
2005-05-01,Manuf_excess,0.0267,0.00813417,0.01888715,0.00768382,0.00429982
2005-05-01,NoDur_excess,0.0209,0.00884958,0.01305881,0.0072627,0.00541523
2005-05-01,Other_excess,0.03,0.00753417,0.01793209,0.00753184,0.00210417
2005-05-01,Shops_excess,0.0619,0.00750833,0.02236354,0.00679732,-0.00095472
2005-05-01,Telcm_excess,0.0126,0.00552167,0.0166921,0.00458195,0.0038345
2005-05-01,Utils_excess,0.0142,0.00600708,0.00728076,0.00618925,0.0076187
2005-06-01,Durbl_excess,0.0187,0.00554833,0.02524372,0.0055503,0.00739879
2005-06-01,Enrgy_excess,0.0553,0.00799417,0.02738785,0.00799754,0.01603529
2005-06-01,HiTec_excess,-0.0187,0.00713875,0.03356566,0.00714295,0.01633622
2005-06-01,Hlth_excess,-0.0081,0.0089475,0.02914055,0.01126267,0.01534585
2005-06-01,Manuf_excess,-0.0139,0.00801917,0.02484723,0.00831912,0.00974039
2005-06-01,NoDur_excess,-0.019,0.00863167,0.01982545,0.00927499,0.00813877
2005-06-01,Other_excess,0.0119,0.00742417,0.02265753,0.00742626,0.0117556
2005-06-01,Shops_excess,0.0221,0.00739375,0.0327963,0.00829917,0.00757522
2005-06-01,Telcm_excess,-0.0004,0.00532542,0.01934462,0.00555106,0.01214845
2005-06-01,Utils_excess,0.0533,0.00586958,0.00780816,0.00583164,0.01205931
2005-07-01,Durbl_excess,0.0518,0.00558708,0.02798439,0.0055883,0.00245783
2005-07-01,Enrgy_excess,0.0565,0.00827417,0.03071935,0.00827758,0.01458005
2005-07-01,HiTec_excess,0.0589,0.00711292,0.03439476,0.00711577,0.01549424
2005-07-01,Hlth_excess,0.0348,0.00884208,0.03220841,0.01073089,0.01135452
2005-07-01,Manuf_excess,0.0559,0.00792125,0.02606684,0.0080738,0.005394
2005-07-01,NoDur_excess,0.0247,0.00846042,0.02146648,0.00874934,0.00480903
2005-07-01,Other_excess,0.0217,0.0073775,0.02490731,0.00737878,0.00790327
2005-07-01,Shops_excess,0.0559,0.00744208,0.03691555,0.00815119,0.00463045
2005-07-01,Telcm_excess,0.0289,0.00517583,0.02157888,0.00523754,0.01097994
2005-07-01,Utils_excess,0.0274,0.00596375,0.0104756,0.00604441,0.01294782
2005-08-01,Durbl_excess,-0.0317,0.00572292,0.02485914,0.00572366,0.00961058
2005-08-01,Enrgy_excess,0.0551,0.00856,0.02800872,0.00856396,0.01714766
2005-08-01,HiTec_excess,-0.0068,0.00720042,0.03101969,0.00719937,0.01366777
2005-08-01,Hlth_excess,-0.0061,0.0090325,0.02826066,0.00882333,0.00971743
2005-08-01,Manuf_excess,-0.0166,0.00803792,0.02408302,0.00809247,0.00920936
2005-08-01,NoDur_excess,-0.0022,0.00869833,0.01796358,0.00883322,0.01022865
2005-08-01,Other_excess,-0.0197,0.00750042,0.02117488,0.00749977,0.00772356
2005-08-01,Shops_excess,-0.059,0.00786708,0.03159065,0.00788838,0.00785848
2005-08-01,Telcm_excess,-0.015,0.0055125,0.01706101,0.00490805,0.00742132
2005-08-01,Utils_excess,0.0095,0.0062975,0.0091819,0.00652581,0.01094403
2005-09-01,Durbl_excess,-0.0463,0.00574,0.02569495,0.00573769,0.00056407
2005-09-01,Enrgy_excess,0.0697,0.00874667,0.03442838,0.00874756,0.01584127
2005-09-01,HiTec_excess,0.0038,0.00730042,0.03576044,0.00729924,0.00018527
2005-09-01,Hlth_excess,-0.0222,0.00906417,0.03433354,0.00982365,0.00656636
2005-09-01,Manuf_excess,0.0055,0.00803917,0.02615903,0.0077078,0.00445838
2005-09-01,NoDur_excess,0.0008,0.00868292,0.02078693,0.00779723,0.00427242
2005-09-01,Other_excess,0.0093,0.00745708,0.02335809,0.00745545,0.00317516
2005-09-01,Shops_excess,-0.0209,0.00766958,0.03459306,0.00751739,0.00164165
2005-09-01,Telcm_excess,-0.0176,0.00545083,0.02123646,0.0048172,0.00584138
2005-09-01,Utils_excess,0.0409,0.00628,0.01136784,0.00646851,0.01354132
2005-10-01,Durbl_excess,-0.0548,0.00570083,0.01882894,0.00569748,0.00398756
2005-10-01,Enrgy_excess,-0.1043,0.00911625,0.0311296,0.00911838,0.02097346
2005-10-01,HiTec_excess,-0.0205,0.00753875,0.02787595,0.00753023,0.00795158
2005-10-01,Hlth_excess,-0.0353,0.00916,0.02535233,0.00546094,0.00462854
2005-10-01,Manuf_excess,-0.0266,0.00825292,0.02097186,0.00767217,0.00698551
2005-10-01,NoDur_excess,-0.0177,0.008735,0.01675543,0.0077238,0.01034166
2005-10-01,Other_excess,0.0097,0.00772833,0.01836154,0.00772359,0.00610887
2005-10-01,Shops_excess,0.0127,0.00778792,0.02628103,0.00632251,0.00390915
2005-10-01,Telcm_excess,-0.033,0.0055725,0.01451942,0.00379268,0.00515989
2005-10-01,Utils_excess,-0.0712,0.00669958,0.00967203,0.0071436,0.01126041
2005-11-01,Durbl_excess,0.019,0.00545875,0.01655132,0.00545836,0.00333723
2005-11-01,Enrgy_excess,0.007,0.00846083,0.02768341,0.00846441,0.01638606
2005-11-01,HiTec_excess,0.0614,0.00735458,0.0260869,0.00735567,0.01765697
2005-11-01,Hlth_excess,0.0128,0.00892042,0.02474605,0.01005494,0.01157905
2005-11-01,Manuf_excess,0.05,0.00803208,0.02014343,0.0081032,0.00907061
2005-11-01,NoDur_excess,0.0068,0.00853958,0.01719175,0.00886646,0.00332036
2005-11-01,Other_excess,0.046,0.00752917,0.01925923,0.0075293,0.00757779
2005-11-01,Shops_excess,0.0363,0.00758333,0.02784343,0.00786353,0.00785801
2005-11-01,Telcm_excess,0.0233,0.00528875,0.01353159,0.00510428,0.00409051
2005-11-01,Utils_excess,-0.0053,0.00616625,0.00806882,0.00624248,0.00381465
2005-12-01,Durbl_excess,-0.0097,0.00515167,0.01801867,0.00515718,0.01031922
2005-12-01,Enrgy_excess,0.0012,0.00850125,0.02740263,0.00850941,0.01845906
2005-12-01,HiTec_excess,-0.0223,0.007275,0.02838269,0.00728569,0.01913875
2005-12-01,Hlth_excess,0.0208,0.00860083,0.02702514,0.01536523,0.01237895
2005-12-01,Manuf_excess,0.0112,0.007935,0.02242035,0.00894727,0.01134627
2005-12-01,NoDur_excess,-0.0039,0.00825042,0.01862304,0.0110894,0.00773844
2005-12-01,Other_excess,-0.0013,0.00743708,0.02128728,0.00744284,0.01382196
2005-12-01,Shops_excess,-0.0091,0.00742792,0.03013936,0.00960587,0.01159921
2005-12-01,Telcm_excess,-0.0205,0.0051025,0.01460681,0.00673922,0.01138847
2005-12-01,Utils_excess,0.0092,0.00599875,0.00811087,0.00612443,0.01099773
2006-01-01,Durbl_excess,0.0544,0.00484667,0.01984353,0.00484892,0.0033294
2006-01-01,Enrgy_excess,0.1219,0.008645,0.02911223,0.00865021,0.01791131
2006-01-01,HiTec_excess,0.0371,0.00686458,0.03220412,0.00687095,0.00283607
2006-01-01,Hlth_excess,0.0184,0.00856792,0.03097606,0.01396809,0.0142618
2006-01-01,Manuf_excess,0.0482,0.00782208,0.02498153,0.00839894,0.00777247
2006-01-01,NoDur_excess,-0.0025,0.00803375,0.02020666,0.00975564,0.00467277
2006-01-01,Other_excess,0.0123,0.0072725,0.02370944,0.00727602,0.00776038
2006-01-01,Shops_excess,0.0166,0.00722792,0.03299359,0.00872227,0.00508067
2006-01-01,Telcm_excess,0.0351,0.00479292,0.01722691,0.00565606,0.00728296
2006-01-01,Utils_excess,0.0268,0.00585667,0.00975983,0.0060703,0.01336144
2006-02-01,Durbl_excess,-0.0072,0.00500958,0.0193681,0.00500762,0.00550751
2006-02-01,Enrgy_excess,-0.0848,0.00945958,0.03143616,0.00946093,0.01263968
2006-02-01,HiTec_excess,-0.0133,0.00705458,0.03010247,0.00705044,-0.00611043
2006-02-01,Hlth_excess,0.0071,0.00862375,0.03077847,0.00876105,0.00607845
2006-02-01,Manuf_excess,0.0068,0.00797875,0.02456504,0.00782262,0.00784545
2006-02-01,NoDur_excess,0.0081,0.00797208,0.01911858,0.00883075,0.00530952
2006-02-01,Other_excess,0.0065,0.00719958,0.02209336,0.00719858,0.00462112
2006-02-01,Shops_excess,0.0106,0.00725167,0.03125321,0.00726191,0.00659146
2006-02-01,Telcm_excess,0.0296,0.00512,0.01665572,0.00433428,0.00074089
2006-02-01,Utils_excess,-0.0011,0.00583375,0.01043866,0.00615173,0.0087414
2006-03-01,Durbl_excess,0.0229,0.00455417,0.02060172,0.00455238,-0.00281649
2006-03-01,Enrgy_excess,0.0363,0.00909208,0.02969604,0.00909437,0.01895471
2006-03-01,HiTec_excess,0.0251,0.00681458,0.03305657,0.00681616,0.00371489
2006-03-01,Hlth_excess,-0.0138,0.0084225,0.03486513,0.01191814,0.00829038
2006-03-01,Manuf_excess,0.0264,0.0076025,0.02690133,0.00762624,0.0091225
2006-03-01,NoDur_excess,0.0087,0.00757667,0.02134629,0.00804276,0.00459267
2006-03-01,Other_excess,0.015,0.00690125,0.02463573,0.00690174,0.00777367
2006-03-01,Shops_excess,0.0206,0.00699208,0.03465533,0.00761032,0.00782636
2006-03-01,Telcm_excess,0.0143,0.0049575,0.02107257,0.00510997,0.00805937
2006-03-01,Utils_excess,-0.0402,0.00557667,0.01190365,0.00585745,0.01061057
2006-04-01,Durbl_excess,-0.0008,0.00434792,0.01416794,0.00434949,0.00312854
2006-04-01,Enrgy_excess,0.0416,0.00922875,0.02406601,0.00923156,0.0133211
2006-04-01,HiTec_excess,-0.015,0.0069475,0.0249364,0.0069447,-0.00479282
2006-04-01,Hlth_excess,-0.0222,0.00788667,0.02463972,0.00982415,-0.00035594
2006-04-01,Manuf_excess,0.0372,0.00748792,0.0201471,0.00784937,0.00804324
2006-04-01,NoDur_excess,0.0069,0.00729958,0.01562359,0.0100865,0.00686698
2006-04-01,Other_excess,0.0179,0.00674875,0.01825551,0.00675006,0.00647381
2006-04-01,Shops_excess,-0.0194,0.00674625,0.02497203,0.00740701,0.00407812
2006-04-01,Telcm_excess,0.0111,0.00486792,0.01520968,0.00478528,0.00581566
2006-04-01,Utils_excess,0.0146,0.00526833,0.00816365,0.005723,0.00705515
2006-05-01,Durbl_excess,0.002,0.00450417,0.01184098,0.00450132,0.0020645
2006-05-01,Enrgy_excess,-0.0389,0.0093925,0.02173715,0.00939255,0.01114453
2006-05-01,HiTec_excess,-0.0733,0.00674333,0.02003458,0.00673789,-0.00150336
2006-05-01,Hlth_excess,-0.0263,0.00778625,0.02128125,0.00798696,0.00305139
2006-05-01,Manuf_excess,-0.0378,0.00773167,0.01820999,0.00754707,0.008554
2006-05-01,NoDur_excess,0.0063,0.00733208,0.01378049,0.00855759,0.00722734
2006-05-01,Other_excess,-0.0352,0.00695208,0.01659612,0.00695071,0.00577544
2006-05-01,Shops_excess,-0.023,0.00667042,0.02049146,0.00654063,0.00257471
2006-05-01,Telcm_excess,-0.0043,0.00483458,0.0129203,0.00431327,0.00537122
2006-05-01,Utils_excess,0.0108,0.00551458,0.00908654,0.00584073,0.00863741
2006-06-01,Durbl_excess,0.0147,0.00440542,0.01240607,0.0044029,-0.00224139
2006-06-01,Enrgy_excess,0.0233,0.00894417,0.02097146,0.00894513,0.01161769
2006-06-01,HiTec_excess,-0.0183,0.00641875,0.02100658,0.00641634,-0.00662374
2006-06-01,Hlth_excess,-0.0051,0.007395,0.02205787,0.00923239,-0.00299123
2006-06-01,Manuf_excess,-0.009,0.00741083,0.01811013,0.00730099,0.00296642
2006-06-01,NoDur_excess,-0.001,0.00700917,0.01397325,0.00801235,0.00308744
2006-06-01,Other_excess,-0.0075,0.00663167,0.0168427,0.00663121,-0.00345615
2006-06-01,Shops_excess,-0.0011,0.00618792,0.02039635,0.00636069,-0.00117825
2006-06-01,Telcm_excess,0.0255,0.00464583,0.01501976,0.00468087,0.00025327
2006-06-01,Utils_excess,0.0202,0.00542875,0.00996824,0.00582004,0.00788586
2006-07-01,Durbl_excess,-0.0341,0.00453708,0.01414716,0.0045355,0.00102345
2006-07-01,Enrgy_excess,0.0466,0.00914833,0.02249068,0.00915066,0.01427087
2006-07-01,HiTec_excess,-0.0418,0.00652542,0.02015595,0.00652552,0.0052432
2006-07-01,Hlth_excess,0.0372,0.00715875,0.02192218,0.01005185,0.00987135
2006-07-01,Manuf_excess,-0.0405,0.00739667,0.01910842,0.00746724,0.00939099
2006-07-01,NoDur_excess,0.0315,0.00676333,0.01481946,0.007664,0.00391506
2006-07-01,Other_excess,-0.0131,0.00655792,0.01677082,0.00655832,0.00627228
2006-07-01,Shops_excess,-0.0469,0.00604083,0.02154524,0.00650056,0.00963781
2006-07-01,Telcm_excess,0.0204,0.00454958,0.01463167,0.0048815,0.00877779
2006-07-01,Utils_excess,0.0443,0.00532417,0.00895757,0.00566179,0.00976067
2006-08-01,Durbl_excess,0.0195,0.00478958,0.01606111,0.00478958,0.006548
2006-08-01,Enrgy_excess,-0.0366,0.0095775,0.0263944,0.00958069,0.0191584
2006-08-01,HiTec_excess,0.0699,0.00672042,0.02201168,0.00671862,-0.00017178
2006-08-01,Hlth_excess,0.0191,0.00755875,0.02614765,0.01082744,0.00529301
2006-08-01,Manuf_excess,0.0163,0.0075625,0.02094275,0.0078016,0.01057372
2006-08-01,NoDur_excess,0.0264,0.007155,0.01817801,0.0096333,0.01006857
2006-08-01,Other_excess,0.0131,0.00679292,0.0187937,0.00679427,0.00964618
2006-08-01,Shops_excess,0.018,0.00625833,0.0240345,0.0070306,0.00828606
2006-08-01,Telcm_excess,0.0186,0.00478042,0.01728941,0.00523732,0.00856361
2006-08-01,Utils_excess,0.0186,0.00531667,0.00969765,0.00580836,0.009057
2006-09-01,Durbl_excess,0.0381,0.00459792,0.01738244,0.00459899,0.00739224
2006-09-01,Enrgy_excess,-0.0422,0.00874708,0.02482245,0.00875108,0.02207078
2006-09-01,HiTec_excess,0.0316,0.00674,0.02554135,0.00673863,0.00826474
2006-09-01,Hlth_excess,0.0112,0.00749083,0.02816475,0.0117172,0.00983587
2006-09-01,Manuf_excess,0.0148,0.00738042,0.02228466,0.00778191,0.01270035
2006-09-01,NoDur_excess,-0.0106,0.00717667,0.01995205,0.01054341,0.01007431
2006-09-01,Other_excess,0.0283,0.00658292,0.01984073,0.00658513,0.01121141
2006-09-01,Shops_excess,0.0528,0.00628333,0.0264417,0.00742498,0.0093742
2006-09-01,Telcm_excess,0.0325,0.00459208,0.01871452,0.00522313,0.01330157
2006-09-01,Utils_excess,-0.0253,0.00508333,0.00981639,0.0056871,0.01299555
2006-10-01,Durbl_excess,0.0455,0.00511375,0.02096333,0.00511705,0.01173083
2006-10-01,Enrgy_excess,0.0479,0.00862667,0.02334468,0.00863362,0.01846236
2006-10-01,HiTec_excess,0.0363,0.00718083,0.02798353,0.00718662,0.00824845
2006-10-01,Hlth_excess,0.0129,0.00808125,0.03018903,0.01501246,0.0127109
2006-10-01,Manuf_excess,0.0401,0.00773375,0.02430432,0.00855632,0.01144657
2006-10-01,NoDur_excess,0.024,0.00760333,0.02147576,0.01055899,0.00880259
2006-10-01,Other_excess,0.0254,0.0070875,0.02259024,0.00709198,0.01290343
2006-10-01,Shops_excess,0.0351,0.00687458,0.03008103,0.00864112,0.01100853
2006-10-01,Telcm_excess,0.0479,0.00513958,0.02128174,0.0065276,0.01387476
2006-10-01,Utils_excess,0.0495,0.00537625,0.01016945,0.00588199,0.01190734
2006-11-01,Durbl_excess,0.0138,0.00507208,0.02111472,0.00507648,0.01475959
2006-11-01,Enrgy_excess,0.0817,0.00876583,0.02420302,0.00877366,0.02131544
2006-11-01,HiTec_excess,0.026,0.00732667,0.02795901,0.00733227,0.0120447
2006-11-01,Hlth_excess,-0.0035,0.00782167,0.02971707,0.01442825,0.01330498
2006-11-01,Manuf_excess,0.0312,0.00765042,0.02436221,0.00860204,0.0147136
2006-11-01,NoDur_excess,0.0103,0.00735333,0.02122863,0.01052499,0.01030217
2006-11-01,Other_excess,0.0118,0.0070375,0.02235779,0.00704222,0.01361512
2006-11-01,Shops_excess,-0.0165,0.00673542,0.02991903,0.00857476,0.01249929
2006-11-01,Telcm_excess,0.0021,0.00516542,0.02202176,0.00664833,0.0172512
2006-11-01,Utils_excess,0.0264,0.00538458,0.01160642,0.00601072,0.01379797
2006-12-01,Durbl_excess,-0.0121,0.0049525,0.02146714,0.0049551,0.01436524
2006-12-01,Enrgy_excess,-0.0233,0.00898708,0.02750787,0.00899384,0.0227729
2006-12-01,HiTec_excess,-0.0137,0.00730333,0.03003079,0.00730522,0.01279732
2006-12-01,Hlth_excess,-0.0027,0.00776625,0.03034535,0.01328401,0.01202797
2006-12-01,Manuf_excess,0.001,0.007695,0.02564832,0.00839985,0.01534718
2006-12-01,NoDur_excess,0.0162,0.0073825,0.02162066,0.01071651,0.01092662
2006-12-01,Other_excess,0.0281,0.00713042,0.02347476,0.0071339,0.01627053
2006-12-01,Shops_excess,0.0106,0.00661583,0.02963427,0.00811072,0.01085952
2006-12-01,Telcm_excess,0.0393,0.00502458,0.02322361,0.00608228,0.01809454
2006-12-01,Utils_excess,0.0033,0.00548792,0.01339244,0.00625408,0.01576498
2007-01-01,Durbl_excess,0.0247,0.00502958,0.01840963,0.00502946,0.0073724
2007-01-01,Enrgy_excess,-0.0177,0.00892958,0.02319012,0.00893403,0.01750697
2007-01-01,HiTec_excess,0.0155,0.00741958,0.02477713,0.00741899,0.01250682
2007-01-01,Hlth_excess,0.0307,0.00782625,0.02571038,0.01104286,0.00813474
2007-01-01,Manuf_excess,0.0272,0.00780208,0.02254147,0.00807107,0.01138999
2007-01-01,NoDur_excess,0.011,0.00760458,0.01996421,0.00964208,0.0086676
2007-01-01,Other_excess,0.0061,0.00737542,0.02133901,0.00737628,0.01120284
2007-01-01,Shops_excess,0.032,0.00693,0.02645023,0.00751976,0.00847194
2007-01-01,Telcm_excess,0.0229,0.00536333,0.02048504,0.00578477,0.01412166
2007-01-01,Utils_excess,0.0004,0.00565958,0.01172377,0.00611614,0.01110748
2007-02-01,Durbl_excess,-0.0078,0.0043725,0.01525005,0.00437248,0.00623551
2007-02-01,Enrgy_excess,-0.025,0.00828375,0.01915006,0.00828669,0.01192331
2007-02-01,HiTec_excess,-0.0273,0.00681833,0.02011812,0.00681513,0.00813893
2007-02-01,Hlth_excess,-0.0323,0.00742375,0.02336668,0.00978009,0.00694792
2007-02-01,Manuf_excess,0.0033,0.00733125,0.02006269,0.00754047,0.01232808
2007-02-01,NoDur_excess,-0.0187,0.00706542,0.01778302,0.00929676,0.00815505
2007-02-01,Other_excess,-0.0267,0.00695292,0.01838346,0.00695343,0.00851508
2007-02-01,Shops_excess,-0.0106,0.0065925,0.02447959,0.00719196,0.00822966
2007-02-01,Telcm_excess,-0.0316,0.00525542,0.0182155,0.0054856,0.01111706
2007-02-01,Utils_excess,0.0378,0.00529125,0.00899781,0.00567839,0.00965945
2007-03-01,Durbl_excess,-0.0153,0.00420833,0.01762978,0.0042067,0.00563629
2007-03-01,Enrgy_excess,0.0547,0.00827083,0.0212023,0.00827214,0.01325756
2007-03-01,HiTec_excess,0.0044,0.00632958,0.02375783,0.00632631,-0.00573072
2007-03-01,Hlth_excess,-0.0068,0.00684375,0.02517148,0.01032435,0.00057187
2007-03-01,Manuf_excess,0.0121,0.00716375,0.02284649,0.00723886,0.00677978
2007-03-01,NoDur_excess,0.0222,0.00677167,0.01888716,0.00932108,0.00875754
2007-03-01,Other_excess,-0.0069,0.00666542,0.02049044,0.00666604,0.00500438
2007-03-01,Shops_excess,0.0037,0.0061575,0.02698628,0.00703981,0.00600929
2007-03-01,Telcm_excess,0.0188,0.00514042,0.02249201,0.00559704,0.00876116
2007-03-01,Utils_excess,0.039,0.00555625,0.01257357,0.00627929,0.01435084
2007-04-01,Durbl_excess,0.0577,0.00397958,0.01489943,0.0039747,-0.00150176
2007-04-01,Enrgy_excess,0.0469,0.00802542,0.01906948,0.00802433,0.00349121
2007-04-01,HiTec_excess,0.0441,0.00625875,0.01890452,0.00625248,-0.00523459
2007-04-01,Hlth_excess,0.0634,0.00682875,0.02085988,0.00750112,0.00023198
2007-04-01,Manuf_excess,0.0397,0.00709208,0.02066676,0.0066647,0.0047062
2007-04-01,NoDur_excess,0.0318,0.00683625,0.01799869,0.00785806,0.00571495
2007-04-01,Other_excess,0.0286,0.00667125,0.01769905,0.00666831,-0.00141978
2007-04-01,Shops_excess,0.0184,0.0061225,0.02413989,0.00589164,0.00035609
2007-04-01,Telcm_excess,0.013,0.00518042,0.01872256,0.00468449,0.00723324
2007-04-01,Utils_excess,0.0348,0.00580833,0.01145116,0.00622976,0.00865439
2007-05-01,Durbl_excess,0.0276,0.00406708,0.01496351,0.00406653,0.0078674
2007-05-01,Enrgy_excess,0.0674,0.00823458,0.01977822,0.00823627,0.01456576
2007-05-01,HiTec_excess,0.0351,0.00627792,0.01913088,0.00627221,-0.00354612
2007-05-01,Hlth_excess,0.0073,0.00721333,0.02197175,0.00830739,0.00479422
2007-05-01,Manuf_excess,0.0436,0.00734083,0.02034134,0.0073945,0.01008606
2007-05-01,NoDur_excess,0.0247,0.00714042,0.01760121,0.00933329,0.0109719
2007-05-01,Other_excess,0.0276,0.00697833,0.01765918,0.00697797,0.00725597
2007-05-01,Shops_excess,0.0195,0.00633,0.02285659,0.00666777,0.00678728
2007-05-01,Telcm_excess,0.069,0.00535583,0.01804296,0.00519361,0.01022703
2007-05-01,Utils_excess,0.0078,0.00615208,0.01292641,0.00673288,0.01570169
2007-06-01,Durbl_excess,0.0148,0.00425167,0.0123412,0.00425042,0.00604861
2007-06-01,Enrgy_excess,0.0046,0.00840542,0.01833967,0.00840737,0.01061974
2007-06-01,HiTec_excess,0.0013,0.00642792,0.015333,0.00642302,-0.0028318
2007-06-01,Hlth_excess,-0.0377,0.0072075,0.01774962,0.00771787,0.00151087
2007-06-01,Manuf_excess,-0.0108,0.00752458,0.01755539,0.00750558,0.00964678
2007-06-01,NoDur_excess,-0.0146,0.00714958,0.01498684,0.00843795,0.00941489
2007-06-01,Other_excess,-0.0317,0.00710958,0.01485266,0.00710827,0.00423101
2007-06-01,Shops_excess,-0.0237,0.00642917,0.01866359,0.00637512,0.00290153
2007-06-01,Telcm_excess,-0.022,0.00552208,0.0150108,0.00518627,0.00903447
2007-06-01,Utils_excess,-0.0522,0.0062775,0.01104262,0.00668506,0.01240284
2007-07-01,Durbl_excess,-0.062,0.0042175,0.01233264,0.00421693,0.00244733
2007-07-01,Enrgy_excess,-0.015,0.00820167,0.01772298,0.00820493,0.0128935
2007-07-01,HiTec_excess,-0.0146,0.00645417,0.01513434,0.00645442,0.01106146
2007-07-01,Hlth_excess,-0.0442,0.00687125,0.01594631,0.00954009,0.01126581
2007-07-01,Manuf_excess,-0.0042,0.00728333,0.01670557,0.00748033,0.00982752
2007-07-01,NoDur_excess,-0.0455,0.00682583,0.01399011,0.00804682,0.00896082
2007-07-01,Other_excess,-0.0567,0.006805,0.01387282,0.00680512,0.00457106
2007-07-01,Shops_excess,-0.0572,0.00608958,0.01731762,0.00652365,0.00751585
2007-07-01,Telcm_excess,-0.0351,0.00516083,0.01419643,0.00544013,0.01110529
2007-07-01,Utils_excess,-0.0413,0.00593833,0.00969976,0.0063228,0.00900861
2007-08-01,Durbl_excess,-0.0221,0.00368958,0.014875,0.00368662,0.00693909
2007-08-01,Enrgy_excess,-0.0019,0.00802542,0.0206026,0.00802856,0.01812355
2007-08-01,HiTec_excess,0.0247,0.0063725,0.01961967,0.00637962,0.01087917
2007-08-01,Hlth_excess,0.019,0.006465,0.0195987,0.01380326,0.01304422
2007-08-01,Manuf_excess,0.0026,0.0069925,0.02086808,0.00724232,0.01407778
2007-08-01,NoDur_excess,0.014,0.00641667,0.01672273,0.00764393,0.00855626
2007-08-01,Other_excess,0.0076,0.00644,0.01629702,0.00644107,0.01169265
2007-08-01,Shops_excess,0.0111,0.00563292,0.02114272,0.00677717,0.01034228
2007-08-01,Telcm_excess,-0.0128,0.00479042,0.01911705,0.00598186,0.01630662
2007-08-01,Utils_excess,0.0142,0.005855,0.01028658,0.00643514,0.01331338
2007-09-01,Durbl_excess,0.014,0.00338125,0.01631452,0.00338212,0.00504509
2007-09-01,Enrgy_excess,0.0752,0.00795667,0.02120812,0.00796085,0.01887297
2007-09-01,HiTec_excess,0.0385,0.00618417,0.02339235,0.00618751,0.02160836
2007-09-01,Hlth_excess,0.0322,0.00647167,0.01856808,0.0101516,0.0153014
2007-09-01,Manuf_excess,0.0511,0.00690417,0.0211714,0.00743102,0.0134507
2007-09-01,NoDur_excess,0.0368,0.00634167,0.01575211,0.00770683,0.01110117
2007-09-01,Other_excess,0.0231,0.00631083,0.01747524,0.00631273,0.01284956
2007-09-01,Shops_excess,-0.0097,0.00556,0.02101875,0.00655186,0.00967596
2007-09-01,Telcm_excess,0.0173,0.004545,0.01968255,0.00522963,0.01558052
2007-09-01,Utils_excess,0.0316,0.00577917,0.01138665,0.00622015,0.01463048
2007-10-01,Durbl_excess,0.0063,0.00361792,0.01489255,0.00362003,0.01034581
2007-10-01,Enrgy_excess,0.0247,0.00844958,0.0205441,0.0084535,0.01882695
2007-10-01,HiTec_excess,0.0647,0.006475,0.02178826,0.00647117,0.01028756
2007-10-01,Hlth_excess,0.0109,0.00673167,0.01583988,0.00639432,0.00264707
2007-10-01,Manuf_excess,0.0065,0.00712375,0.02013575,0.00750429,0.01534091
2007-10-01,NoDur_excess,0.0186,0.00662917,0.01373122,0.00814394,0.00877676
2007-10-01,Other_excess,-0.0008,0.00650083,0.01602804,0.00650113,0.00886452
2007-10-01,Shops_excess,0.0085,0.00580375,0.01744977,0.00606872,0.01195999
2007-10-01,Telcm_excess,-0.025,0.00449667,0.0177207,0.00433374,0.00939615
2007-10-01,Utils_excess,0.0624,0.00602583,0.01068824,0.00633242,0.00672307
2007-11-01,Durbl_excess,-0.093,0.00477667,0.01025683,0.00477533,0.00256978
2007-11-01,Enrgy_excess,-0.0468,0.00936292,0.01800885,0.00936553,0.02050186
2007-11-01,HiTec_excess,-0.0785,0.00784542,0.01950709,0.0078447,0.01301251
2007-11-01,Hlth_excess,-0.0033,0.00764792,0.01298687,0.0091933,0.01019393
2007-11-01,Manuf_excess,-0.03,0.00831458,0.01538901,0.00834947,0.01352162
2007-11-01,NoDur_excess,0.0051,0.00760583,0.00995995,0.00806487,0.01019437
2007-11-01,Other_excess,-0.0632,0.00751083,0.01186014,0.00750989,0.00833297
2007-11-01,Shops_excess,-0.0407,0.00702708,0.01253232,0.00708889,0.01051997
2007-11-01,Telcm_excess,-0.0659,0.00492417,0.01657935,0.00486119,0.01210684
2007-11-01,Utils_excess,-0.0105,0.00659958,0.01101356,0.00701301,0.01490804
2007-12-01,Durbl_excess,-0.0243,0.00475083,0.01225761,0.00474586,0.00506095
2007-12-01,Enrgy_excess,0.0743,0.00962667,0.0176717,0.00962689,0.01644568
2007-12-01,HiTec_excess,0.0119,0.00794417,0.01984187,0.00794899,0.02272856
2007-12-01,Hlth_excess,-0.0422,0.00803667,0.01044416,0.01357047,0.01168215
2007-12-01,Manuf_excess,0.0073,0.00841917,0.01824346,0.00836673,0.01424211
2007-12-01,NoDur_excess,-0.0128,0.007975,0.01109931,0.00952149,0.0116928
2007-12-01,Other_excess,-0.0376,0.00753583,0.01244154,0.0075347,0.01075979
2007-12-01,Shops_excess,-0.0295,0.0072325,0.01434943,0.00807991,0.01049109
2007-12-01,Telcm_excess,-0.0052,0.005035,0.01605468,0.00534012,0.01118374
2007-12-01,Utils_excess,0.0063,0.00667667,0.00913285,0.00721292,0.0110431
2008-01-01,Durbl_excess,-0.0541,0.00430083,0.01342738,0.00430176,0.01732551
2008-01-01,Enrgy_excess,-0.0932,0.00967125,0.01847867,0.00967515,0.02002707
2008-01-01,HiTec_excess,-0.1256,0.00751458,0.01635761,0.00751021,0.01710634
2008-01-01,Hlth_excess,-0.0482,0.00765417,0.00580892,0.00634302,0.01002175
2008-01-01,Manuf_excess,-0.0764,0.00801292,0.01941458,0.0084167,0.0185102
2008-01-01,NoDur_excess,-0.054,0.00762292,0.01198798,0.00864414,0.00963477
2008-01-01,Other_excess,-0.0225,0.00717083,0.01141068,0.00716958,0.01199873
2008-01-01,Shops_excess,-0.0068,0.00676792,0.0149416,0.0069257,0.01211146
2008-01-01,Telcm_excess,-0.0799,0.00486667,0.01132508,0.00386698,0.01075996
2008-01-01,Utils_excess,-0.0714,0.00669583,0.00583752,0.00679989,0.00795808
2008-02-01,Durbl_excess,-0.0613,0.00390917,0.0137001,0.00390641,-0.0014494
2008-02-01,Enrgy_excess,0.0681,0.00894375,0.01608181,0.00894552,0.01614567
2008-02-01,HiTec_excess,-0.0371,0.00710667,0.01450945,0.00710427,0.01192967
2008-02-01,Hlth_excess,-0.0106,0.0072,0.00422421,0.00760617,0.00473611
2008-02-01,Manuf_excess,0.0061,0.007695,0.01872629,0.00777314,0.01054873
2008-02-01,NoDur_excess,-0.0026,0.00728333,0.01112697,0.00862859,0.00953738
2008-02-01,Other_excess,-0.0803,0.00682625,0.01212647,0.00682394,0.00650627
2008-02-01,Shops_excess,-0.0478,0.0065175,0.01654601,0.0070602,0.00960263
2008-02-01,Telcm_excess,-0.0398,0.00412792,0.01107062,0.0032556,0.00300599
2008-02-01,Utils_excess,-0.0316,0.00600333,0.00313321,0.00612678,0.00642168
2008-03-01,Durbl_excess,-0.0431,0.00340417,0.01219284,0.00340201,-0.00630831
2008-03-01,Enrgy_excess,-0.0306,0.00909625,0.01714454,0.00909911,0.01689876
2008-03-01,HiTec_excess,0.005,0.00665958,0.01136399,0.00665364,0.01168832
2008-03-01,Hlth_excess,-0.0194,0.00699958,0.0,0.00478658,0.00734993
2008-03-01,Manuf_excess,-0.0032,0.00741625,0.01823824,0.00754238,0.01054954
2008-03-01,NoDur_excess,0.0101,0.00704,0.00971385,0.00759361,0.00568013
2008-03-01,Other_excess,-0.0211,0.00633042,0.00861678,0.00632668,0.001819
2008-03-01,Shops_excess,0.0168,0.00590958,0.01332755,0.00585003,0.00722563
2008-03-01,Telcm_excess,-0.0022,0.00392958,0.006828,0.00228792,-0.00130541
2008-03-01,Utils_excess,0.0064,0.00594958,0.0,0.0056997,0.004117
2008-04-01,Durbl_excess,0.0638,0.00339375,0.0124028,0.00338916,-0.00600536
2008-04-01,Enrgy_excess,0.1045,0.00887792,0.01361156,0.00887873,0.01423471
2008-04-01,HiTec_excess,0.0626,0.00689417,0.01057584,0.00688765,0.01329989
2008-04-01,Hlth_excess,0.0025,0.00704083,0.0,0.00337331,0.00444437
2008-04-01,Manuf_excess,0.0489,0.00747708,0.01784944,0.00738271,0.01052389
2008-04-01,NoDur_excess,-0.0133,0.00716375,0.00895828,0.00811277,0.00920496
2008-04-01,Other_excess,0.0329,0.00631708,0.0077257,0.00631089,-0.00150367
2008-04-01,Shops_excess,0.0483,0.00604583,0.01342808,0.00588495,0.00602334
2008-04-01,Telcm_excess,0.0444,0.00410375,0.00341648,0.00196418,-0.00105955
2008-04-01,Utils_excess,0.0621,0.00612708,0.0,0.00581761,0.00659905
2008-05-01,Durbl_excess,0.0115,0.00356542,0.01346712,0.00357028,0.01806478
2008-05-01,Enrgy_excess,0.041,0.00914,0.01477783,0.00914016,0.01502078
2008-05-01,HiTec_excess,0.0547,0.007065,0.00835242,0.00704838,0.00266203
2008-05-01,Hlth_excess,0.0144,0.00715417,0.0,0.0,-0.00205515
2008-05-01,Manuf_excess,0.0312,0.00763333,0.01704647,0.00786432,0.01289644
2008-05-01,NoDur_excess,0.032,0.00713458,0.00714939,0.00743538,0.00848565
2008-05-01,Other_excess,-0.0257,0.00648958,0.00771168,0.00648652,0.00814225
2008-05-01,Shops_excess,0.0101,0.00619958,0.0131562,0.00606669,0.01066257
2008-05-01,Telcm_excess,0.0461,0.00427708,0.00021615,0.00100438,0.00270178
2008-05-01,Utils_excess,0.0341,0.0064175,0.0,0.00588694,0.00624486
2008-06-01,Durbl_excess,-0.1967,0.00359458,0.0120167,0.00359327,0.00387763
2008-06-01,Enrgy_excess,0.0265,0.00934917,0.01552825,0.00935172,0.01407633
2008-06-01,HiTec_excess,-0.0899,0.00737,0.01019366,0.0073629,0.00545459
2008-06-01,Hlth_excess,-0.0318,0.00725083,0.0,0.00113313,0.00167052
2008-06-01,Manuf_excess,-0.0936,0.00780167,0.01684841,0.00783889,0.01079138
2008-06-01,NoDur_excess,-0.0751,0.0073,0.00861278,0.00643192,0.00779106
2008-06-01,Other_excess,-0.1493,0.00636458,0.00617472,0.00635841,-0.00030608
2008-06-01,Shops_excess,-0.0826,0.00632167,0.01274105,0.00598519,0.00693347
2008-06-01,Telcm_excess,-0.1109,0.00439292,0.00258661,0.00205784,9.559e-05
2008-06-01,Utils_excess,-0.0058,0.00643,0.00135614,0.00626035,0.00553398
2008-07-01,Durbl_excess,-0.0081,0.00246917,0.00526628,0.00246045,-0.01020976
2008-07-01,Enrgy_excess,-0.1581,0.00956667,0.01873323,0.00957049,0.02226657
2008-07-01,HiTec_excess,-0.0072,0.00662333,0.01018968,0.00661699,0.00252238
2008-07-01,Hlth_excess,0.066,0.00702292,0.0,0.00283311,-0.00134015
2008-07-01,Manuf_excess,-0.0039,0.00711667,0.01544487,0.00663243,0.0065433
2008-07-01,NoDur_excess,0.0211,0.00686708,0.00760155,0.00505706,0.00480045
2008-07-01,Other_excess,0.0424,0.00551167,0.00150244,0.00550172,-0.00343143
2008-07-01,Shops_excess,0.0099,0.00572958,0.01186917,0.00509705,0.00670476
2008-07-01,Telcm_excess,-0.0324,0.00383,0.00361976,0.00142978,0.00030361
2008-07-01,Utils_excess,-0.0725,0.00629167,0.00224331,0.00635064,0.00867499
2008-08-01,Durbl_excess,0.0153,0.0024525,0.00408495,0.00244759,-0.00883891
2008-08-01,Enrgy_excess,-0.0017,0.00877958,0.00939521,0.00877902,0.0073182
2008-08-01,HiTec_excess,0.0227,0.00681917,0.00708109,0.00681297,0.00420043
2008-08-01,Hlth_excess,0.0164,0.00729792,0.0,0.00362723,0.00544177
2008-08-01,Manuf_excess,0.0129,0.00721667,0.01431496,0.00705745,0.00648705
2008-08-01,NoDur_excess,0.0159,0.00692167,0.00818791,0.00603783,0.00458221
2008-08-01,Other_excess,0.0054,0.005735,0.00223301,0.00572795,-0.00433565
2008-08-01,Shops_excess,0.0526,0.00583083,0.0115957,0.00555526,0.00319234
2008-08-01,Telcm_excess,0.0387,0.00371,0.0,0.00105758,-0.00511806
2008-08-01,Utils_excess,-0.0059,0.00602,0.0,0.00537106,0.00172678
2008-09-01,Durbl_excess,-0.0914,0.00280667,0.00469183,0.00280442,-0.00537888
2008-09-01,Enrgy_excess,-0.1227,0.00885958,0.00952958,0.00886112,0.0099104
2008-09-01,HiTec_excess,-0.1262,0.00727542,0.00860545,0.00727487,0.00986208
2008-09-01,Hlth_excess,-0.061,0.00743583,1.29e-05,0.00621325,0.0101785
2008-09-01,Manuf_excess,-0.1366,0.00747833,0.01513239,0.00767808,0.00782183
2008-09-01,NoDur_excess,-0.0311,0.00702667,0.00918052,0.00606952,0.00635475
2008-09-01,Other_excess,-0.0646,0.00582,0.00223064,0.00581637,0.00309402
2008-09-01,Shops_excess,-0.0591,0.00616875,0.01444802,0.00675627,0.0114681
2008-09-01,Telcm_excess,-0.1276,0.00401667,0.00147526,0.00258986,0.00080688
2008-09-01,Utils_excess,-0.1199,0.006025,0.0,0.0053419,0.00205299
2008-10-01,Durbl_excess,-0.337,0.00229917,1.333e-05,0.00227984,-0.00859402
2008-10-01,Enrgy_excess,-0.1686,0.00847708,0.00103105,0.00847285,0.00219203
2008-10-01,HiTec_excess,-0.1834,0.00665542,0.00106711,0.00667406,0.01819668
2008-10-01,Hlth_excess,-0.1111,0.00705083,0.0,0.01816455,0.00599501
2008-10-01,Manuf_excess,-0.2079,0.00678917,0.00765509,0.00581205,0.00191072
2008-10-01,NoDur_excess,-0.1349,0.00664417,0.00736705,0.00534929,0.00479228
2008-10-01,Other_excess,-0.198,0.0054075,0.0,0.00539743,-0.00058548
2008-10-01,Shops_excess,-0.1516,0.00560917,0.01144439,0.00680533,0.00652634
2008-10-01,Telcm_excess,-0.1561,0.00321625,0.0,0.00167209,0.00020756
2008-10-01,Utils_excess,-0.112,0.00544,0.0,0.00326651,-0.00179935
2008-11-01,Durbl_excess,-0.1074,0.00078667,0.0,0.00069883,-0.0175425
2008-11-01,Enrgy_excess,0.0011,0.00772125,0.0,0.00767666,-0.00578631
2008-11-01,HiTec_excess,-0.109,0.00592042,0.0,0.0058918,-0.00297684
2008-11-01,Hlth_excess,-0.0736,0.00656083,0.0,0.0,-0.00990728
2008-11-01,Manuf_excess,-0.0771,0.00591667,0.0,0.0,-0.00485211
2008-11-01,NoDur_excess,-0.044,0.00576042,0.0,0.0,-0.00324755
2008-11-01,Other_excess,-0.1239,0.0046075,0.0,0.00455104,-0.00897605
2008-11-01,Shops_excess,-0.0771,0.004945,0.0,0.0,-0.00128724
2008-11-01,Telcm_excess,-0.0161,0.0024675,0.0,0.0,-0.01014509
2008-11-01,Utils_excess,0.0123,0.00489417,0.0,0.0,-0.00806468
2008-12-01,Durbl_excess,0.0017,0.00039958,0.0,0.00033667,-0.0250596
2008-12-01,Enrgy_excess,-0.0243,0.00776167,0.0,0.00773458,-0.00576096
2008-12-01,HiTec_excess,0.0217,0.00561708,0.0,0.00557409,-0.02290789
2008-12-01,Hlth_excess,0.0674,0.00636667,0.0,0.0,-0.0117513
2008-12-01,Manuf_excess,0.0139,0.00571042,0.0,0.0,-0.01131881
2008-12-01,NoDur_excess,0.0087,0.00565167,0.0,0.0,-0.00522756
2008-12-01,Other_excess,0.0081,0.004205,0.0,0.00415416,-0.01432638
2008-12-01,Shops_excess,0.0489,0.00476,0.0,0.0,-0.00298599
2008-12-01,Telcm_excess,0.0347,0.00242208,0.0,0.0,-0.01230299
2008-12-01,Utils_excess,-0.0204,0.00499,0.0,0.00024745,-0.01157767
2009-01-01,Durbl_excess,-0.1269,0.00041667,0.0,0.00040364,-0.01141669
2009-01-01,Enrgy_excess,-0.0353,0.00761042,0.0,0.00759516,-0.00232169
2009-01-01,HiTec_excess,-0.032,0.00554042,0.0,0.00551227,-0.00731441
2009-01-01,Hlth_excess,-0.022,0.00660042,0.0,0.0,-0.00231725
2009-01-01,Manuf_excess,-0.0922,0.00566375,0.0,0.0032554,-0.00290763
2009-01-01,NoDur_excess,-0.0505,0.00557792,0.0,0.00176894,-0.00100987
2009-01-01,Other_excess,-0.1766,0.00422708,0.0,0.00420431,-0.00686663
2009-01-01,Shops_excess,-0.0761,0.00492375,0.0,0.00430055,0.00439101
2009-01-01,Telcm_excess,-0.1032,0.00254083,0.0,0.0,-0.00655353
2009-01-01,Utils_excess,-0.0084,0.00488792,0.0,0.00174995,-0.00960003
2009-02-01,Durbl_excess,-0.1215,-0.00039792,0.0,0.0,-0.01554283
2009-02-01,Enrgy_excess,-0.1252,0.00722542,0.0,0.00720844,-0.0016437
2009-02-01,HiTec_excess,-0.0509,0.00513375,0.0,0.00510618,-0.01960501
2009-02-01,Hlth_excess,-0.1083,0.00624792,0.0,0.0,-0.00393144
2009-02-01,Manuf_excess,-0.1354,0.00499167,0.0,0.00081156,-0.00599298
2009-02-01,NoDur_excess,-0.0767,0.00515708,0.0,0.0,-0.00413291
2009-02-01,Other_excess,-0.146,0.00322833,0.0,0.00318823,-0.01760943
2009-02-01,Shops_excess,-0.0306,0.00437208,0.0,0.0,-0.00161876
2009-02-01,Telcm_excess,-0.0696,0.00178542,0.0,0.0,-0.01540371
2009-02-01,Utils_excess,-0.1253,0.00476458,0.0,0.00139857,-0.00848077
2009-03-01,Durbl_excess,0.1219,-0.00076208,0.0,0.0,-0.03297963
2009-03-01,Enrgy_excess,0.0394,0.0067825,0.0,0.00675202,-0.01289772
2009-03-01,HiTec_excess,0.1145,0.00510292,0.0,0.00507455,-0.02233358
2009-03-01,Hlth_excess,0.0739,0.00587375,0.0,0.0,0.00458163
2009-03-01,Manuf_excess,0.0759,0.00454042,0.0,0.0,-0.0161328
2009-03-01,NoDur_excess,0.0642,0.00491583,0.0,0.0,-0.00699691
2009-03-01,Other_excess,0.1305,0.00266708,0.0,0.00262089,-0.02543022
2009-03-01,Shops_excess,0.0996,0.00434792,0.0,0.0,-0.00515083
2009-03-01,Telcm_excess,0.0793,0.00157792,0.0,0.0,-0.0204283
2009-03-01,Utils_excess,0.028,0.00434208,0.0,0.0,-0.01556905
2009-04-01,Durbl_excess,0.4431,-0.00016,0.0,0.0,-0.02618162
2009-04-01,Enrgy_excess,0.0453,0.0068125,0.0,0.00677655,-0.01087435
2009-04-01,HiTec_excess,0.1228,0.00583,0.0,0.0058026,-0.0060707
2009-04-01,Hlth_excess,-0.0095,0.006005,0.0,0.0,0.02012572
2009-04-01,Manuf_excess,0.1705,0.004835,0.0,0.0,-0.01141128
2009-04-01,NoDur_excess,0.0496,0.00497375,0.0,0.0,-0.00303638
2009-04-01,Other_excess,0.1621,0.00309,0.0,0.00304337,-0.01749113
2009-04-01,Shops_excess,0.0953,0.00468125,0.0,0.00012042,0.00662965
2009-04-01,Telcm_excess,0.0964,0.00171583,0.0,0.0,-0.01416339
2009-04-01,Utils_excess,0.0208,0.00446375,0.0,0.0,-0.01512339
2009-05-01,Durbl_excess,-0.0322,0.00170042,0.0,0.00170579,0.00116293
2009-05-01,Enrgy_excess,0.105,0.00692542,0.0,0.00690785,-0.00606171
2009-05-01,HiTec_excess,0.0304,0.00615375,0.0,0.00613718,-0.001622
2009-05-01,Hlth_excess,0.0621,0.00576708,0.0,0.0,-0.02101963
2009-05-01,Manuf_excess,0.055,0.00535083,0.0,0.00281701,-0.00249045
2009-05-01,NoDur_excess,0.0716,0.00496667,0.0,0.0,-0.00383204
2009-05-01,Other_excess,0.0716,0.00360042,0.0,0.0035737,-0.01091139
2009-05-01,Shops_excess,-0.0093,0.00488333,0.0,0.00362019,0.00553845
2009-05-01,Telcm_excess,0.0105,0.00174792,0.0,0.0,-0.01261873
2009-05-01,Utils_excess,0.0464,0.00441292,0.0,0.00074656,-0.01290004
2009-06-01,Durbl_excess,0.0439,0.00152167,0.0,0.00152641,-0.00576059
2009-06-01,Enrgy_excess,-0.0479,0.00728333,0.0,0.00727912,-0.00049318
2009-06-01,HiTec_excess,0.0452,0.00621417,0.0,0.00620257,0.00029191
2009-06-01,Hlth_excess,0.036,0.00591833,0.0,0.0,-0.01264296
2009-06-01,Manuf_excess,-0.0174,0.00545958,0.0,0.00453663,-0.00224427
2009-06-01,NoDur_excess,0.0064,0.0050925,0.0,0.00446704,-0.00288964
2009-06-01,Other_excess,-0.0201,0.003755,0.0,0.00374087,-0.00980733
2009-06-01,Shops_excess,-0.003,0.0046575,0.00096884,0.00372009,0.00051555
2009-06-01,Telcm_excess,0.0164,0.00157792,0.0,0.0,-0.01110482
2009-06-01,Utils_excess,0.0463,0.00441917,0.0,0.00250775,-0.01114735
2009-07-01,Durbl_excess,0.1975,0.00167375,0.00780369,0.00168345,0.00217443
2009-07-01,Enrgy_excess,0.0534,0.00715542,0.0,0.00714603,-0.00511311
2009-07-01,HiTec_excess,0.0809,0.00656417,0.01152671,0.00655774,-0.0112408
2009-07-01,Hlth_excess,0.0547,0.00622083,0.0,0.0,-0.00964091
2009-07-01,Manuf_excess,0.1132,0.00552792,0.00181955,0.00466087,-0.001946
2009-07-01,NoDur_excess,0.073,0.00508875,0.00097018,0.00372527,-0.00147893
2009-07-01,Other_excess,0.0916,0.00366875,0.0,0.00365926,-0.01000394
2009-07-01,Shops_excess,0.0676,0.00476333,0.00605521,0.00421744,0.00158018
2009-07-01,Telcm_excess,0.0553,0.00166833,0.00179691,0.0,-0.0120696
2009-07-01,Utils_excess,0.044,0.00449917,0.0,0.00330107,-0.0077045
2009-08-01,Durbl_excess,0.0249,0.0023075,0.01400597,0.00232284,0.00249115
2009-08-01,Enrgy_excess,0.0077,0.00725042,0.00335525,0.00724667,-0.00391912
2009-08-01,HiTec_excess,0.0226,0.0068075,0.0139777,0.00680556,-0.00471454
2009-08-01,Hlth_excess,0.0219,0.0059125,0.0,0.00099043,-0.00399543
2009-08-01,Manuf_excess,0.0296,0.00571125,0.00695,0.00575846,-0.00447218
2009-08-01,NoDur_excess,0.0073,0.00492625,0.00349717,0.00657788,-0.00387755
2009-08-01,Other_excess,0.0772,0.00374167,0.00040782,0.00373594,-0.01088108
2009-08-01,Shops_excess,0.037,0.00469208,0.00825424,0.0049793,-0.0020627
2009-08-01,Telcm_excess,0.0072,0.0015475,0.00498561,0.00026262,-0.01156616
2009-08-01,Utils_excess,0.0024,0.00446958,0.0,0.00401879,-0.00765979
2009-09-01,Durbl_excess,0.0209,0.00223833,0.01688134,0.00225234,0.01367845
2009-09-01,Enrgy_excess,0.0511,0.00716667,0.00997218,0.00716143,0.00046131
2009-09-01,HiTec_excess,0.0522,0.00682958,0.01975229,0.00682919,0.00195882
2009-09-01,Hlth_excess,0.0217,0.00601792,0.0,0.00117445,-0.00350751
2009-09-01,Manuf_excess,0.0651,0.00568292,0.01255284,0.00584383,0.00585307
2009-09-01,NoDur_excess,0.0422,0.00507,0.00453142,0.00425137,0.00144189
2009-09-01,Other_excess,0.0311,0.00396,0.00881276,0.00395932,0.00535819
2009-09-01,Shops_excess,0.0239,0.00476833,0.01180966,0.0054158,0.00943929
2009-09-01,Telcm_excess,0.0648,0.001575,0.01315948,0.00055673,-0.00568457
2009-09-01,Utils_excess,0.0223,0.00454375,0.0029205,0.00367208,-0.0032825
2009-10-01,Durbl_excess,-0.0061,0.00254667,0.01677629,0.00255953,0.0131249
2009-10-01,Enrgy_excess,0.0248,0.00735042,0.01367184,0.00734794,0.00277555
2009-10-01,HiTec_excess,-0.015,0.00718792,0.02122779,0.00718871,0.00357594
2009-10-01,Hlth_excess,-0.0347,0.00603792,0.0,0.00194298,0.00113023
2009-10-01,Manuf_excess,-0.0287,0.00608833,0.01504927,0.00650353,0.00891848
2009-10-01,NoDur_excess,-0.0062,0.00529667,0.00536359,0.00520579,0.00190829
2009-10-01,Other_excess,-0.0545,0.00405833,0.01146859,0.00405891,0.00469519
2009-10-01,Shops_excess,0.0004,0.00499292,0.01221746,0.00563631,0.00653402
2009-10-01,Telcm_excess,-0.0398,0.00170417,0.01722441,0.00146231,-0.00301195
2009-10-01,Utils_excess,-0.0271,0.00464375,0.00501862,0.00405016,-0.00103007
2009-11-01,Durbl_excess,0.1037,0.00278833,0.01528601,0.00279509,0.00946742
2009-11-01,Enrgy_excess,0.0322,0.00745083,0.01394672,0.00745015,0.00556197
2009-11-01,HiTec_excess,0.0483,0.00733417,0.01883198,0.00733394,0.00704603
2009-11-01,Hlth_excess,0.0807,0.00590625,0.0,0.00124493,-0.00117824
2009-11-01,Manuf_excess,0.0761,0.00617792,0.0129248,0.00621755,0.00636437
2009-11-01,NoDur_excess,0.0386,0.00540125,0.00418783,0.00493108,-0.0007012
2009-11-01,Other_excess,0.0596,0.00406375,0.0092974,0.00406134,-0.00082264
2009-11-01,Shops_excess,0.05,0.00519083,0.01069712,0.005274,0.00435031
2009-11-01,Telcm_excess,0.0684,0.00164833,0.01434926,0.00120652,-0.0052078
2009-11-01,Utils_excess,0.0458,0.00451708,0.00403432,0.00400962,-0.00223419
2009-12-01,Durbl_excess,0.0564,0.00329583,0.01644122,0.00330053,0.00391044
2009-12-01,Enrgy_excess,-0.0053,0.0074475,0.01483926,0.00744587,0.00462574
2009-12-01,HiTec_excess,0.0597,0.00764875,0.01717242,0.00764908,0.01269967
2009-12-01,Hlth_excess,0.0246,0.00608125,0.0,0.00262188,0.00404768
2009-12-01,Manuf_excess,0.0286,0.00639583,0.01401697,0.00638026,0.00321148
2009-12-01,NoDur_excess,0.0263,0.00552042,0.0043361,0.00365454,0.00173873
2009-12-01,Other_excess,0.0087,0.00434292,0.00956965,0.00434161,0.00193009
2009-12-01,Shops_excess,0.0194,0.00537708,0.01075378,0.00553522,0.00495709
2009-12-01,Telcm_excess,0.0641,0.00187417,0.01417601,0.00188652,0.00144538
2009-12-01,Utils_excess,0.0586,0.00460167,0.00534867,0.00396306,0.00393768
2010-01-01,Durbl_excess,-0.004,0.0036125,0.01500852,0.00361614,0.01425194
2010-01-01,Enrgy_excess,-0.0485,0.00720083,0.01273979,0.00720363,0.01301045
2010-01-01,HiTec_excess,-0.0781,0.00796667,0.01280409,0.00796738,0.00844211
2010-01-01,Hlth_excess,-0.0001,0.00616583,0.0,0.00615983,-0.00064565
2010-01-01,Manuf_excess,-0.0331,0.00641708,0.01203785,0.00641847,0.01036291
2010-01-01,NoDur_excess,-0.024,0.0055975,0.00314666,0.00559722,0.00583061
2010-01-01,Other_excess,-0.0053,0.00447125,0.00808407,0.00446955,0.00660599
2010-01-01,Shops_excess,-0.0183,0.0054325,0.00787782,0.00543232,0.00526984
2010-01-01,Telcm_excess,-0.0677,0.00192292,0.00961487,0.00192281,0.00668112
2010-01-01,Utils_excess,-0.0445,0.00467125,0.00574581,0.00467074,0.00949341
2010-02-01,Durbl_excess,0.0739,0.00376625,0.01621106,0.00377031,0.00940171
2010-02-01,Enrgy_excess,0.0259,0.00720083,0.0137049,0.00719975,0.01482617
2010-02-01,HiTec_excess,0.0479,0.00772625,0.01478661,0.00772728,0.00875318
2010-02-01,Hlth_excess,0.0038,0.00649333,0.0,0.00648837,0.00043772
2010-02-01,Manuf_excess,0.0521,0.00656583,0.01295819,0.00656625,0.01117257
2010-02-01,NoDur_excess,0.0266,0.00591583,0.00226704,0.00591322,0.0042579
2010-02-01,Other_excess,0.0361,0.00484458,0.00934944,0.0048443,0.00603906
2010-02-01,Shops_excess,0.0429,0.00564708,0.00859714,0.00564744,0.00951357
2010-02-01,Telcm_excess,0.0276,0.00220792,0.01196818,0.00220872,0.00741238
2010-02-01,Utils_excess,-0.0042,0.0047325,0.0059833,0.0047305,0.0061105
2010-03-01,Durbl_excess,0.0937,0.0038875,0.01744841,0.00389111,0.01802575
2010-03-01,Enrgy_excess,0.0319,0.00720292,0.01409394,0.00720314,0.01311841
2010-03-01,HiTec_excess,0.0667,0.00778125,0.01446195,0.00778201,0.00915673
2010-03-01,Hlth_excess,0.0362,0.00661958,0.0,0.00661427,0.00215637
2010-03-01,Manuf_excess,0.0649,0.0067,0.01341284,0.0067004,0.01147629
2010-03-01,NoDur_excess,0.0579,0.00607333,0.00199092,0.0060709,0.00636135
2010-03-01,Other_excess,0.0809,0.00491375,0.00943792,0.00491272,0.01160093
2010-03-01,Shops_excess,0.0624,0.00576917,0.00875965,0.00576921,0.00953745
2010-03-01,Telcm_excess,0.0762,0.0023575,0.01059024,0.00235768,0.00861524
2010-03-01,Utils_excess,0.0311,0.00473,0.00532558,0.00472808,0.0088698
2010-04-01,Durbl_excess,0.0726,0.00418458,0.01732491,0.0041927,0.02169024
2010-04-01,Enrgy_excess,0.0407,0.00738708,0.0128423,0.0073897,0.01427309
2010-04-01,HiTec_excess,0.0226,0.00789292,0.01188796,0.00789535,0.00966563
2010-04-01,Hlth_excess,-0.0219,0.00663875,0.0,0.00663442,-0.00096685
2010-04-01,Manuf_excess,0.0317,0.00683542,0.01275473,0.00683942,0.01190722
2010-04-01,NoDur_excess,-0.0103,0.00614833,0.0021531,0.00614943,0.00527813
2010-04-01,Other_excess,0.018,0.00529333,0.0089522,0.00529611,0.00801711
2010-04-01,Shops_excess,0.0251,0.00584083,0.00818002,0.00584278,0.00630289
2010-04-01,Telcm_excess,0.034,0.00252583,0.00766653,0.00252788,0.00746908
2010-04-01,Utils_excess,0.0284,0.0049175,0.00451106,0.00491819,0.00658312
2010-05-01,Durbl_excess,-0.0908,0.00468583,0.01866867,0.00469365,0.02567692
2010-05-01,Enrgy_excess,-0.1024,0.00773458,0.01425499,0.00773604,0.01643675
2010-05-01,HiTec_excess,-0.0777,0.00809667,0.01319818,0.00809991,0.01908423
2010-05-01,Hlth_excess,-0.0809,0.00656208,0.0,0.00655839,0.00390095
2010-05-01,Manuf_excess,-0.0844,0.00711167,0.01375636,0.00711483,0.0191981
2010-05-01,NoDur_excess,-0.0574,0.00614125,0.00199567,0.00614071,0.00881943
2010-05-01,Other_excess,-0.0876,0.00553958,0.00915975,0.00554189,0.01522796
2010-05-01,Shops_excess,-0.0542,0.00606083,0.0090492,0.00606315,0.01711658
2010-05-01,Telcm_excess,-0.0586,0.00283333,0.0101257,0.00283674,0.01516219
2010-05-01,Utils_excess,-0.0631,0.00529458,0.00489871,0.00529439,0.0088766
2010-06-01,Durbl_excess,-0.1069,0.00401292,0.01913248,0.00401495,0.01581832
2010-06-01,Enrgy_excess,-0.0627,0.00708417,0.01225321,0.00707959,0.00525051
2010-06-01,HiTec_excess,-0.0616,0.00728417,0.01654828,0.0072878,0.02098239
2010-06-01,Hlth_excess,-0.0167,0.00571958,0.0,0.00571476,0.00410725
2010-06-01,Manuf_excess,-0.0581,0.00645042,0.01386601,0.00644881,0.01036259
2010-06-01,NoDur_excess,-0.0192,0.00555167,0.00356877,0.00554678,0.00401384
2010-06-01,Other_excess,-0.0651,0.00482042,0.00821342,0.00481816,0.01085962
2010-06-01,Shops_excess,-0.0912,0.00538292,0.01164403,0.00538371,0.01169938
2010-06-01,Telcm_excess,-0.0385,0.00223417,0.0137792,0.00223759,0.01373197
2010-06-01,Utils_excess,-0.0072,0.00483375,0.00404883,0.00482854,0.00123054
2010-07-01,Durbl_excess,0.1537,0.00368583,0.01573762,0.00368991,0.01428571
2010-07-01,Enrgy_excess,0.0768,0.00693417,0.00759426,0.00693193,0.00332672
2010-07-01,HiTec_excess,0.0725,0.00710667,0.01443155,0.00710867,0.01432253
2010-07-01,Hlth_excess,0.0213,0.00549208,0.0,0.00548875,0.00627621
2010-07-01,Manuf_excess,0.098,0.0062575,0.01068811,0.00625756,0.0087148
2010-07-01,NoDur_excess,0.0735,0.00541125,0.00372623,0.0054099,0.00765328
2010-07-01,Other_excess,0.0677,0.0046475,0.00318643,0.00464539,0.00848556
2010-07-01,Shops_excess,0.046,0.00496542,0.00976362,0.00496667,0.01013345
2010-07-01,Telcm_excess,0.0958,0.0022975,0.01088235,0.00230063,0.00805732
2010-07-01,Utils_excess,0.068,0.00479875,0.00191978,0.00479681,-0.00125393
2010-08-01,Durbl_excess,-0.0959,0.00449833,0.01735557,0.00450365,0.02483703
2010-08-01,Enrgy_excess,-0.0345,0.00693667,0.01071509,0.00693715,0.00724893
2010-08-01,HiTec_excess,-0.0654,0.00775542,0.01281766,0.00775649,0.01419483
2010-08-01,Hlth_excess,-0.0171,0.00549792,0.0,0.00549383,0.00740084
2010-08-01,Manuf_excess,-0.0558,0.00668667,0.01207993,0.00668815,0.01468619
2010-08-01,NoDur_excess,-0.0118,0.00577875,0.00417312,0.00577845,0.01031297
2010-08-01,Other_excess,-0.0711,0.00510708,0.00362591,0.00510545,0.01250164
2010-08-01,Shops_excess,-0.0398,0.00535792,0.00895807,0.00535889,0.01276885
2010-08-01,Telcm_excess,-0.02,0.00290917,0.01068213,0.00291128,0.00804685
2010-08-01,Utils_excess,0.0035,0.00507292,0.0035604,0.005072,0.00260145
2010-09-01,Durbl_excess,0.1307,0.00471958,0.0163618,0.00472273,0.00905662
2010-09-01,Enrgy_excess,0.0919,0.00687458,0.01383777,0.00687208,0.00211068
2010-09-01,HiTec_excess,0.1254,0.00801208,0.01656464,0.0080135,0.01228553
2010-09-01,Hlth_excess,0.0899,0.00573125,0.0007556,0.00572817,0.00919668
2010-09-01,Manuf_excess,0.1015,0.00698167,0.01345249,0.00698157,0.01117531
2010-09-01,NoDur_excess,0.0614,0.00606417,0.00538679,0.00606238,0.01070481
2010-09-01,Other_excess,0.085,0.00530917,0.00376929,0.00530717,0.00806144
2010-09-01,Shops_excess,0.1214,0.00572125,0.01017797,0.00572181,0.01338332
2010-09-01,Telcm_excess,0.0787,0.00328583,0.01891517,0.00328966,0.01128304
2010-09-01,Utils_excess,0.0364,0.00539167,0.00595139,0.00538988,0.0020268
2010-10-01,Durbl_excess,0.0853,0.00573208,0.0153893,0.00573307,0.01367497
2010-10-01,Enrgy_excess,0.0457,0.00735,0.0154575,0.00734993,0.00624685
2010-10-01,HiTec_excess,0.064,0.0088325,0.01408609,0.00883112,0.01488369
2010-10-01,Hlth_excess,0.0193,0.00631083,0.0,0.00630581,0.01130722
2010-10-01,Manuf_excess,0.0516,0.00776292,0.01236376,0.00776201,0.01471376
2010-10-01,NoDur_excess,0.0439,0.00651458,0.0039481,0.00651271,0.01016813
2010-10-01,Other_excess,0.0202,0.00610375,0.00233874,0.00609916,0.00916769
2010-10-01,Shops_excess,0.024,0.0066175,0.00916861,0.00661667,0.0134817
2010-10-01,Telcm_excess,0.0455,0.00356292,0.01641611,0.00356315,0.01194048
2010-10-01,Utils_excess,0.0185,0.00554833,0.00584225,0.00554621,0.00834301
2010-11-01,Durbl_excess,0.0731,0.00625292,0.01497311,0.00625533,0.02287863
2010-11-01,Enrgy_excess,0.055,0.00773417,0.01531229,0.00773547,0.01186405
2010-11-01,HiTec_excess,-0.0074,0.00925958,0.01168385,0.00925847,0.01469927
2010-11-01,Hlth_excess,-0.0335,0.00635875,0.0,0.00635367,0.00840542
2010-11-01,Manuf_excess,0.0147,0.00808667,0.01163796,0.00808698,0.0163166
2010-11-01,NoDur_excess,-0.0008,0.00662167,0.00362958,0.00662098,0.01051003
2010-11-01,Other_excess,0.0048,0.00648667,0.00079038,0.00648306,0.0080924
2010-11-01,Shops_excess,0.0417,0.0068725,0.00660929,0.00687176,0.01202872
2010-11-01,Telcm_excess,-0.019,0.003655,0.01507905,0.0036554,0.00864035
2010-11-01,Utils_excess,-0.0137,0.00535292,0.00715713,0.00535206,0.00701697
2010-12-01,Durbl_excess,0.0889,0.0064075,0.01664119,0.00641136,0.02422494
2010-12-01,Enrgy_excess,0.094,0.00791958,0.01589233,0.00792121,0.01469285
2010-12-01,HiTec_excess,0.0597,0.00879417,0.01203786,0.00879461,0.01529237
2010-12-01,Hlth_excess,0.0544,0.00583958,0.0,0.0058352,0.00678717
2010-12-01,Manuf_excess,0.0698,0.00786458,0.01233833,0.00786551,0.01558559
2010-12-01,NoDur_excess,0.0434,0.00636875,0.00403342,0.00636819,0.01057245
2010-12-01,Other_excess,0.0922,0.0060875,0.00242928,0.00608507,0.00975513
2010-12-01,Shops_excess,0.032,0.00663542,0.00871895,0.00663591,0.01306718
2010-12-01,Telcm_excess,0.0658,0.00351125,0.01303018,0.00351292,0.01195231
2010-12-01,Utils_excess,0.0322,0.00522333,0.00638488,0.00522246,0.00797116
2011-01-01,Durbl_excess,-0.0025,0.00682,0.01409722,0.00682624,0.02972175
2011-01-01,Enrgy_excess,0.0692,0.00842125,0.01415024,0.00842549,0.01854032
2011-01-01,HiTec_excess,0.0391,0.00889833,0.00721153,0.00889815,0.01378889
2011-01-01,Hlth_excess,-0.0073,0.00597167,0.0,0.00596734,0.00519919
2011-01-01,Manuf_excess,0.03,0.007975,0.01057975,0.00797807,0.01869524
2011-01-01,NoDur_excess,-0.0238,0.00639125,0.0025954,0.00639288,0.01259736
2011-01-01,Other_excess,0.0209,0.00626792,0.00237466,0.00626754,0.01164846
2011-01-01,Shops_excess,-0.0087,0.00665625,0.00561294,0.0066575,0.01540207
2011-01-01,Telcm_excess,0.0004,0.0037475,0.00676173,0.00374825,0.01060541
2011-01-01,Utils_excess,0.0217,0.00534958,0.00466089,0.00535032,0.0093898
2011-02-01,Durbl_excess,-0.0216,0.00652417,0.0139428,0.00652955,0.02544716
2011-02-01,Enrgy_excess,0.0762,0.00881583,0.01425146,0.00881821,0.02022668
2011-02-01,HiTec_excess,0.024,0.00845458,0.00880921,0.00845611,0.01286591
2011-02-01,Hlth_excess,0.0332,0.00576375,0.0,0.00575909,0.0030354
2011-02-01,Manuf_excess,0.0342,0.00785917,0.01116725,0.00786182,0.019048
2011-02-01,NoDur_excess,0.0471,0.00610125,0.00182921,0.00610113,0.0079054
2011-02-01,Other_excess,0.0294,0.00606875,0.00362689,0.00606907,0.01171943
2011-02-01,Shops_excess,0.0225,0.00625042,0.00571239,0.0062514,0.01153646
2011-02-01,Telcm_excess,0.0739,0.00377,0.0044745,0.00377098,0.01293985
2011-02-01,Utils_excess,0.0241,0.00551875,0.00415949,0.00551807,0.01085611
2011-03-01,Durbl_excess,0.0186,0.00602625,0.01611361,0.00603266,0.02245929
2011-03-01,Enrgy_excess,0.021,0.00879667,0.01997606,0.0088003,0.02139071
2011-03-01,HiTec_excess,-0.0144,0.008325,0.01197102,0.00832716,0.01215733
2011-03-01,Hlth_excess,0.0225,0.00549875,0.0,0.00549564,0.00304157
2011-03-01,Manuf_excess,0.0183,0.00777833,0.01461402,0.00778204,0.01895057
2011-03-01,NoDur_excess,0.0302,0.00588792,0.00524396,0.00588901,0.01286897
2011-03-01,Other_excess,-0.0111,0.00580292,0.00785393,0.00580459,0.01232591
2011-03-01,Shops_excess,0.0109,0.00601625,0.00862792,0.00601831,0.01283897
2011-03-01,Telcm_excess,0.0167,0.00397167,0.0090767,0.0039745,0.0166542
2011-03-01,Utils_excess,0.0091,0.0054375,0.00706864,0.00543825,0.01320728
2011-04-01,Durbl_excess,0.0278,0.00607125,0.01692364,0.00607818,0.01647917
2011-04-01,Enrgy_excess,0.0158,0.00884875,0.02097966,0.00885175,0.02381644
2011-04-01,HiTec_excess,0.0312,0.00827167,0.0119525,0.00827338,0.00975452
2011-04-01,Hlth_excess,0.0625,0.00535083,0.0,0.00534708,0.00604496
2011-04-01,Manuf_excess,0.0291,0.00781417,0.0155476,0.00781832,0.01688259
2011-04-01,NoDur_excess,0.0461,0.00583125,0.00688932,0.00583279,0.01263218
2011-04-01,Other_excess,0.0106,0.00564708,0.00860886,0.00564909,0.00724926
2011-04-01,Shops_excess,0.0451,0.00572167,0.01064225,0.00572414,0.01278315
2011-04-01,Telcm_excess,0.0326,0.00396375,0.01057695,0.00396628,0.01749177
2011-04-01,Utils_excess,0.04,0.00542208,0.00777445,0.00542258,0.01371809
2011-05-01,Durbl_excess,-0.0358,0.00630417,0.01740031,0.00631138,0.0235138
2011-05-01,Enrgy_excess,-0.0451,0.00883667,0.02300543,0.00884065,0.02360028
2011-05-01,HiTec_excess,-0.0176,0.00853667,0.0127906,0.00853848,0.01093029
2011-05-01,Hlth_excess,0.0199,0.00568375,0.00071304,0.00568173,0.00581495
2011-05-01,Manuf_excess,-0.0217,0.00793667,0.01701398,0.00794112,0.01960544
2011-05-01,NoDur_excess,0.0204,0.00608667,0.00819736,0.00608892,0.01578018
2011-05-01,Other_excess,-0.0264,0.0056575,0.00952901,0.00565956,0.01290293
2011-05-01,Shops_excess,0.0088,0.0058475,0.0128686,0.00585078,0.0143809
2011-05-01,Telcm_excess,0.0077,0.00407458,0.01303404,0.00407798,0.01706855
2011-05-01,Utils_excess,0.0132,0.00561292,0.00942308,0.00561453,0.01474674
2011-06-01,Durbl_excess,-0.0109,0.00555458,0.02140243,0.00556056,0.01645917
2011-06-01,Enrgy_excess,-0.0231,0.0087275,0.02372995,0.0087298,0.02394188
2011-06-01,HiTec_excess,-0.0246,0.00832958,0.01653874,0.00833162,0.01266703
2011-06-01,Hlth_excess,-0.0187,0.0056,0.00472783,0.00559869,0.0071947
2011-06-01,Manuf_excess,-0.006,0.00754917,0.02023331,0.00755248,0.01690379
2011-06-01,NoDur_excess,-0.0107,0.00604083,0.01123098,0.00604234,0.0143147
2011-06-01,Other_excess,-0.0211,0.00535958,0.01156476,0.0053606,0.00889846
2011-06-01,Shops_excess,-0.0088,0.00558208,0.01728604,0.0055853,0.01466112
2011-06-01,Telcm_excess,-0.0138,0.00418708,0.01785716,0.00419133,0.01732312
2011-06-01,Utils_excess,-0.0034,0.00568125,0.01137965,0.00568215,0.01505404
2011-07-01,Durbl_excess,-0.0903,0.00571375,0.02023423,0.00571577,0.01771989
2011-07-01,Enrgy_excess,0.0049,0.00880125,0.02213614,0.00880355,0.02033275
2011-07-01,HiTec_excess,-0.0053,0.00861375,0.01453779,0.00861458,0.00807499
2011-07-01,Hlth_excess,-0.0367,0.00571417,0.00333208,0.00571131,0.00818815
2011-07-01,Manuf_excess,-0.048,0.00771917,0.01937391,0.0077202,0.01429313
2011-07-01,NoDur_excess,-0.0042,0.00622042,0.00990675,0.00622002,0.01295413
2011-07-01,Other_excess,-0.0364,0.0055075,0.01091026,0.00550572,0.00703399
2011-07-01,Shops_excess,-0.0064,0.0057425,0.01606619,0.0057432,0.01011586
2011-07-01,Telcm_excess,-0.0498,0.00420917,0.01761774,0.00421164,0.01779436
2011-07-01,Utils_excess,-0.0033,0.00578333,0.01092128,0.00578248,0.01090254
2011-08-01,Durbl_excess,-0.1224,0.00537542,0.01844746,0.00538052,0.0242012
2011-08-01,Enrgy_excess,-0.0992,0.0086325,0.023263,0.00863546,0.02194078
2011-08-01,HiTec_excess,-0.0678,0.00841417,0.01717106,0.00841636,0.01887472
2011-08-01,Hlth_excess,-0.0314,0.00522708,0.00556056,0.00522613,0.00741008
2011-08-01,Manuf_excess,-0.0617,0.00741,0.01905427,0.00741275,0.01893744
2011-08-01,NoDur_excess,-0.0067,0.00598292,0.01171441,0.00598445,0.01522899
2011-08-01,Other_excess,-0.0817,0.00517875,0.0102721,0.00517891,0.01412732
2011-08-01,Shops_excess,-0.0289,0.005515,0.01829425,0.005518,0.01653083
2011-08-01,Telcm_excess,-0.0505,0.0038925,0.01929796,0.00389757,0.01666027
2011-08-01,Utils_excess,0.0019,0.00562375,0.01161603,0.00562515,0.01131712
2011-09-01,Durbl_excess,-0.1385,0.00497417,0.01682945,0.00496965,0.01502655
2011-09-01,Enrgy_excess,-0.1223,0.00817042,0.02079641,0.00816293,0.01761353
2011-09-01,HiTec_excess,-0.0478,0.0080325,0.0199458,0.00803155,0.02304223
2011-09-01,Hlth_excess,-0.0397,0.0049925,0.00912245,0.00498908,0.01301867
2011-09-01,Manuf_excess,-0.1102,0.00709458,0.01915917,0.00708871,0.01713942
2011-09-01,NoDur_excess,-0.0487,0.00574583,0.01482442,0.00574127,0.01568254
2011-09-01,Other_excess,-0.1109,0.00472375,0.00787095,0.00471351,0.00779506
2011-09-01,Shops_excess,-0.0389,0.00526375,0.0214313,0.00526281,0.01615766
2011-09-01,Telcm_excess,-0.0572,0.00367375,0.02348152,0.00367832,0.01786978
2011-09-01,Utils_excess,-0.0161,0.00550417,0.01281486,0.0054997,0.00754856
2011-10-01,Durbl_excess,0.2307,0.0045275,0.01273645,0.00452729,0.01010251
2011-10-01,Enrgy_excess,0.1625,0.00770833,0.01460738,0.00770458,0.00378431
2011-10-01,HiTec_excess,0.118,0.00791417,0.02118518,0.00791494,0.01887293
2011-10-01,Hlth_excess,0.0552,0.00486,0.01044959,0.0048579,0.01038567
2011-10-01,Manuf_excess,0.1417,0.00675083,0.0148374,0.00674867,0.00858319
2011-10-01,NoDur_excess,0.063,0.00569708,0.01371768,0.00569652,0.00968803
2011-10-01,Other_excess,0.1358,0.00430875,0.00230164,0.00430244,0.00077231
2011-10-01,Shops_excess,0.0975,0.0052525,0.02135954,0.00525432,0.01306763
2011-10-01,Telcm_excess,0.0761,0.00343917,0.02508641,0.00344454,0.01080329
2011-10-01,Utils_excess,0.067,0.00530125,0.01229755,0.00530102,0.00034367
2011-11-01,Durbl_excess,-0.0868,0.00558917,0.01735544,0.00559246,0.00974038
2011-11-01,Enrgy_excess,0.0215,0.00831708,0.01589399,0.00832126,0.01276719
2011-11-01,HiTec_excess,-0.0198,0.00833458,0.01644822,0.00833441,0.01439506
2011-11-01,Hlth_excess,0.013,0.00483542,0.0069983,0.00483231,0.00858507
2011-11-01,Manuf_excess,0.0138,0.00729708,0.01441196,0.00729828,0.01041545
2011-11-01,NoDur_excess,0.0144,0.00599958,0.0110509,0.00600092,0.01196855
2011-11-01,Other_excess,-0.0204,0.00479833,0.0024162,0.00479354,0.00431369
2011-11-01,Shops_excess,0.0107,0.00575708,0.01755512,0.00575842,0.00937827
2011-11-01,Telcm_excess,0.003,0.00369333,0.01603523,0.00369526,0.00429463
2011-11-01,Utils_excess,0.0101,0.00554583,0.00957779,0.00554662,0.00451675
2011-12-01,Durbl_excess,-0.0103,0.00557792,0.01501821,0.00557229,-0.00235275
2011-12-01,Enrgy_excess,-0.0035,0.00874583,0.01835868,0.00873959,0.0089896
2011-12-01,HiTec_excess,-0.0143,0.00844833,0.01858629,0.00844701,0.00928514
2011-12-01,Hlth_excess,0.0347,0.00501125,0.00972131,0.00500703,0.00752193
2011-12-01,Manuf_excess,-0.0079,0.00760292,0.01671385,0.00759668,0.00406852
2011-12-01,NoDur_excess,0.0189,0.00609333,0.01329098,0.00608878,0.00892882
2011-12-01,Other_excess,0.0147,0.004955,0.00371174,0.0049443,-0.00349186
2011-12-01,Shops_excess,0.009,0.00586792,0.02064255,0.00586712,0.00650011
2011-12-01,Telcm_excess,0.0312,0.00392,0.02036081,0.00392101,0.00829499
2011-12-01,Utils_excess,0.0291,0.005525,0.01269019,0.00552044,0.00192919
2012-01-01,Durbl_excess,0.1366,0.00523375,0.01531295,0.00523594,0.00560864
2012-01-01,Enrgy_excess,0.0101,0.0086575,0.01796325,0.0086602,0.01360234
2012-01-01,HiTec_excess,0.0847,0.0080175,0.01904085,0.00801722,0.00451426
2012-01-01,Hlth_excess,0.0343,0.00448,0.01355784,0.00447953,0.00853997
2012-01-01,Manuf_excess,0.0678,0.00710333,0.01743773,0.00710466,0.00893064
2012-01-01,NoDur_excess,0.0039,0.0055725,0.0157477,0.00557472,0.0134704
2012-01-01,Other_excess,0.0723,0.00450042,0.00522041,0.00449619,0.00187252
2012-01-01,Shops_excess,0.0406,0.00537792,0.02255319,0.0053811,0.01077059
2012-01-01,Telcm_excess,0.0237,0.00365542,0.02289482,0.00365905,0.00632884
2012-01-01,Utils_excess,-0.0271,0.00545333,0.01410366,0.00545508,0.00834258
2012-02-01,Durbl_excess,0.0595,0.00537958,0.0195178,0.0053858,0.00662147
2012-02-01,Enrgy_excess,0.0652,0.00888583,0.01629953,0.00888847,0.01219285
2012-02-01,HiTec_excess,0.0663,0.00811667,0.02000597,0.00811704,0.00789255
2012-02-01,Hlth_excess,0.0125,0.00486375,0.01305283,0.00486249,0.00562747
2012-02-01,Manuf_excess,0.0389,0.00730375,0.01819744,0.0073075,0.0119859
2012-02-01,NoDur_excess,0.0393,0.00573292,0.01420261,0.00573607,0.01011897
2012-02-01,Other_excess,0.042,0.00473292,0.00621811,0.00473128,-0.00272927
2012-02-01,Shops_excess,0.0312,0.00554958,0.0221013,0.00555393,0.00966558
2012-02-01,Telcm_excess,0.0507,0.00388833,0.0204591,0.0038903,0.00127302
2012-02-01,Utils_excess,0.013,0.005545,0.01122903,0.00554623,0.00402973
2012-03-01,Durbl_excess,0.0138,0.00512417,0.02070668,0.00513072,0.01388226
2012-03-01,Enrgy_excess,-0.0327,0.00919167,0.01778725,0.00919576,0.01437442
2012-03-01,HiTec_excess,0.0465,0.00824583,0.02016698,0.00824657,0.01069688
2012-03-01,Hlth_excess,0.0395,0.00504167,0.01131313,0.00503991,0.00579341
2012-03-01,Manuf_excess,0.0063,0.00738583,0.01833908,0.00739013,0.01261999
2012-03-01,NoDur_excess,0.039,0.00586458,0.01431764,0.00586817,0.0121143
2012-03-01,Other_excess,0.0491,0.00479167,0.00769929,0.00479075,-0.00108557
2012-03-01,Shops_excess,0.0466,0.00558125,0.02150125,0.00558539,0.010416
2012-03-01,Telcm_excess,0.0238,0.00417167,0.0195457,0.00417314,0.00454727
2012-03-01,Utils_excess,0.0148,0.0056625,0.01113325,0.00566366,0.00378969
2012-04-01,Durbl_excess,-0.073,0.0051625,0.01854631,0.00516773,0.01172072
2012-04-01,Enrgy_excess,-0.0157,0.00918292,0.0151603,0.00918406,0.01238614
2012-04-01,HiTec_excess,-0.021,0.008665,0.01777457,0.00866558,0.013086
2012-04-01,Hlth_excess,0.006,0.00545083,0.0094308,0.00544815,0.00912115
2012-04-01,Manuf_excess,-0.0075,0.00747458,0.01640637,0.00747743,0.01437924
2012-04-01,NoDur_excess,0.0081,0.00610417,0.0134686,0.00610704,0.01466047
2012-04-01,Other_excess,-0.0168,0.00510167,0.00777922,0.00510072,0.00358527
2012-04-01,Shops_excess,0.0095,0.00584625,0.02013874,0.0058501,0.01453846
2012-04-01,Telcm_excess,0.0169,0.00432125,0.01689842,0.00432221,0.00989195
2012-04-01,Utils_excess,0.017,0.00576042,0.01051337,0.00576058,0.00447631
2012-05-01,Durbl_excess,-0.0783,0.00454042,0.01955308,0.00454477,0.00538811
2012-05-01,Enrgy_excess,-0.1058,0.00873667,0.01727715,0.00873587,0.0140833
2012-05-01,HiTec_excess,-0.0781,0.00862833,0.01980528,0.00862907,0.01375817
2012-05-01,Hlth_excess,-0.0325,0.005585,0.01179945,0.00558414,0.01012819
2012-05-01,Manuf_excess,-0.0782,0.00733042,0.01842488,0.00733145,0.01221225
2012-05-01,NoDur_excess,-0.0268,0.00611958,0.01546722,0.0061213,0.01311001
2012-05-01,Other_excess,-0.0773,0.00501917,0.00896481,0.00501672,9.349e-05
2012-05-01,Shops_excess,-0.0304,0.00604542,0.02243627,0.0060494,0.01464054
2012-05-01,Telcm_excess,-0.0078,0.00410917,0.02204092,0.00411314,0.01257649
2012-05-01,Utils_excess,-0.0089,0.0057325,0.01271147,0.00573288,0.00468915
2012-06-01,Durbl_excess,-0.0543,0.00430625,0.02039148,0.00430823,0.00448053
2012-06-01,Enrgy_excess,0.0578,0.00817625,0.01572669,0.00817267,0.00166205
2012-06-01,HiTec_excess,0.0293,0.00831042,0.0226643,0.00831045,0.00510266
2012-06-01,Hlth_excess,0.0684,0.005415,0.01544885,0.00541453,0.00896484
2012-06-01,Manuf_excess,0.0118,0.00704167,0.01861758,0.00703983,0.00269797
2012-06-01,NoDur_excess,0.0344,0.005965,0.01779885,0.00596522,0.00782961
2012-06-01,Other_excess,0.0491,0.0046475,0.00909811,0.00464238,-0.00157179
2012-06-01,Shops_excess,0.0217,0.00592042,0.02569401,0.00592361,0.00913217
2012-06-01,Telcm_excess,0.0702,0.00419708,0.02841256,0.00420256,0.00944633
2012-06-01,Utils_excess,0.0342,0.00560125,0.0148078,0.00560086,0.00302133
2012-07-01,Durbl_excess,-0.0035,0.0040025,0.01550291,0.00400425,0.00105109
2012-07-01,Enrgy_excess,0.0281,0.00857625,0.01454192,0.00857744,0.0051092
2012-07-01,HiTec_excess,-0.001,0.00861458,0.01836857,0.00861379,0.01093799
2012-07-01,Hlth_excess,0.0163,0.0059125,0.0140646,0.00591108,0.01202663
2012-07-01,Manuf_excess,0.0093,0.00723958,0.01500984,0.00723991,0.00612739
2012-07-01,NoDur_excess,0.014,0.00623875,0.01575416,0.00624071,0.01126003
2012-07-01,Other_excess,-0.0123,0.00486792,0.00755999,0.00486367,0.00091039
2012-07-01,Shops_excess,0.0122,0.00610417,0.02203272,0.00610686,0.00917371
2012-07-01,Telcm_excess,0.0415,0.00444083,0.02519848,0.00444393,0.0078098
2012-07-01,Utils_excess,0.035,0.00573458,0.01312492,0.00573478,0.00362105
2012-08-01,Durbl_excess,0.0424,0.00398833,0.01500227,0.00399357,0.00703899
2012-08-01,Enrgy_excess,0.0235,0.00848625,0.01508167,0.00848954,0.00808546
2012-08-01,HiTec_excess,0.0479,0.00850417,0.01760386,0.00850442,0.00911405
2012-08-01,Hlth_excess,0.0096,0.00575208,0.01517241,0.00575281,0.01123329
2012-08-01,Manuf_excess,0.0324,0.00717,0.01461975,0.00717258,0.00685283
2012-08-01,NoDur_excess,0.0011,0.00611542,0.01627998,0.0061195,0.01335532
2012-08-01,Other_excess,0.0312,0.00469958,0.00614124,0.00469727,0.00081843
2012-08-01,Shops_excess,0.0275,0.00600833,0.02215481,0.00601312,0.01085483
2012-08-01,Telcm_excess,0.0096,0.00439917,0.02640596,0.00440493,0.00992632
2012-08-01,Utils_excess,-0.0347,0.00561292,0.01434293,0.00561575,0.00718096
2012-09-01,Durbl_excess,0.0339,0.00457625,0.01479589,0.0045795,0.00352365
2012-09-01,Enrgy_excess,0.038,0.00848875,0.01575586,0.008489,0.00883687
2012-09-01,HiTec_excess,0.012,0.00889708,0.01798907,0.00889667,0.01062192
2012-09-01,Hlth_excess,0.0467,0.00594708,0.01431953,0.00594561,0.0097811
2012-09-01,Manuf_excess,0.0169,0.00746292,0.01492272,0.0074642,0.00872317
2012-09-01,NoDur_excess,0.0093,0.00609458,0.01561041,0.00609749,0.01214916
2012-09-01,Other_excess,0.0382,0.00498458,0.00691473,0.00498221,-0.00249694
2012-09-01,Shops_excess,0.0191,0.00615458,0.02213622,0.00615887,0.0121941
2012-09-01,Telcm_excess,0.0485,0.00449042,0.02540841,0.00449407,0.01282779
2012-09-01,Utils_excess,0.021,0.00549875,0.01257264,0.00549935,0.00523565
2012-10-01,Durbl_excess,0.063,0.00472417,0.01504939,0.00472732,0.00269441
2012-10-01,Enrgy_excess,-0.0187,0.0086525,0.01696558,0.0086536,0.00708687
2012-10-01,HiTec_excess,-0.0635,0.00881917,0.01777592,0.00881885,0.01075507
2012-10-01,Hlth_excess,-0.0193,0.006355,0.01479872,0.00635377,0.01097346
2012-10-01,Manuf_excess,-0.0061,0.00746958,0.01531916,0.007471,0.00872891
2012-10-01,NoDur_excess,-0.0169,0.0061,0.01535676,0.00610269,0.0119777
2012-10-01,Other_excess,0.0092,0.00501125,0.00882222,0.00500945,4.341e-05
2012-10-01,Shops_excess,-0.0104,0.006075,0.022235,0.00607911,0.01338388
2012-10-01,Telcm_excess,-0.0244,0.00462375,0.02623839,0.00462755,0.01389276
2012-10-01,Utils_excess,0.0108,0.0055625,0.0133985,0.00556317,0.00572162
2012-11-01,Durbl_excess,0.0255,0.00499708,0.01896844,0.00500184,0.01365636
2012-11-01,Enrgy_excess,-0.015,0.00873,0.019435,0.00873304,0.01385298
2012-11-01,HiTec_excess,0.0147,0.00848292,0.01998936,0.00848341,0.00937502
2012-11-01,Hlth_excess,0.015,0.006145,0.01742919,0.00614517,0.01201008
2012-11-01,Manuf_excess,0.0274,0.00741375,0.01852988,0.00741627,0.00857817
2012-11-01,NoDur_excess,0.0319,0.00607333,0.01698294,0.00607629,0.0110515
2012-11-01,Other_excess,-0.0039,0.004935,0.01407417,0.00493449,0.00542735
2012-11-01,Shops_excess,0.0146,0.00585958,0.02508771,0.00586401,0.01156212
2012-11-01,Telcm_excess,0.0005,0.00455458,0.03145176,0.0045598,0.01355459
2012-11-01,Utils_excess,-0.038,0.00563458,0.01712389,0.00563627,0.00908132
2012-12-01,Durbl_excess,0.0759,0.00475542,0.0213544,0.00475515,0.00479793
2012-12-01,Enrgy_excess,0.0132,0.00879,0.01974476,0.0087887,0.00914159
2012-12-01,HiTec_excess,0.0036,0.00827958,0.02266915,0.00827983,0.00949457
2012-12-01,Hlth_excess,-0.0054,0.00601542,0.01999472,0.00601587,0.01432075
2012-12-01,Manuf_excess,0.0276,0.00737375,0.02121674,0.00737202,0.00778345
2012-12-01,NoDur_excess,-0.0227,0.006065,0.01955723,0.00606491,0.01201288
2012-12-01,Other_excess,0.0365,0.00467375,0.01634161,0.00466997,0.00510254
2012-12-01,Shops_excess,-0.0113,0.005635,0.02764597,0.00563743,0.01066962
2012-12-01,Telcm_excess,0.0114,0.00440458,0.03449178,0.0044104,0.0154752
2012-12-01,Utils_excess,0.0011,0.00549542,0.01692325,0.00549422,0.00766096
2013-01-01,Durbl_excess,0.0336,0.00494375,0.02357655,0.00494772,0.01929989
2013-01-01,Enrgy_excess,0.0747,0.00877375,0.01942295,0.00877627,0.01059138
2013-01-01,HiTec_excess,0.0239,0.00830542,0.02162145,0.00830631,0.00971257
2013-01-01,Hlth_excess,0.0808,0.00606083,0.01790939,0.0060607,0.01209955
2013-01-01,Manuf_excess,0.0604,0.00744042,0.0213741,0.00744253,0.01423744
2013-01-01,NoDur_excess,0.0512,0.00598,0.01719652,0.00598188,0.01042149
2013-01-01,Other_excess,0.0676,0.00467917,0.01746645,0.0046784,0.01050046
2013-01-01,Shops_excess,0.0554,0.00557417,0.02515006,0.00557742,0.01175121
2013-01-01,Telcm_excess,0.0485,0.00422875,0.03313182,0.00423377,0.01198994
2013-01-01,Utils_excess,0.0505,0.00539875,0.01613877,0.00539889,0.00616446
2013-02-01,Durbl_excess,-0.0073,0.00469417,0.02075336,0.00469814,0.01806548
2013-02-01,Enrgy_excess,0.0068,0.00897875,0.02002593,0.00898079,0.01296477
2013-02-01,HiTec_excess,0.0068,0.00821458,0.0184398,0.00821492,0.01425428
2013-02-01,Hlth_excess,0.0133,0.00669333,0.01612428,0.00669237,0.01045435
2013-02-01,Manuf_excess,0.0128,0.007695,0.0204156,0.00769746,0.01590298
2013-02-01,NoDur_excess,0.0317,0.00623625,0.01603482,0.00623843,0.0131697
2013-02-01,Other_excess,0.014,0.00483042,0.01690877,0.00483082,0.01063471
2013-02-01,Shops_excess,0.0084,0.00581083,0.02265678,0.00581414,0.01436982
2013-02-01,Telcm_excess,0.0229,0.004385,0.0279543,0.00438853,0.01573448
2013-02-01,Utils_excess,0.022,0.00551625,0.01578812,0.00551681,0.00988185
2013-03-01,Durbl_excess,0.0444,0.00468542,0.02010245,0.00469216,0.01505839
2013-03-01,Enrgy_excess,0.0207,0.00876542,0.01969511,0.00876624,0.0140191
2013-03-01,HiTec_excess,0.027,0.00827417,0.01803549,0.00827492,0.00970369
2013-03-01,Hlth_excess,0.0652,0.00713333,0.01607337,0.00713302,0.0116432
2013-03-01,Manuf_excess,0.0261,0.00768625,0.02017095,0.00768964,0.0136526
2013-03-01,NoDur_excess,0.0506,0.00646667,0.01655219,0.00647022,0.0142673
2013-03-01,Other_excess,0.0419,0.00488333,0.01676476,0.00488525,0.00884488
2013-03-01,Shops_excess,0.0473,0.00591667,0.02241529,0.00592159,0.01210701
2013-03-01,Telcm_excess,0.0564,0.00425625,0.02814121,0.00426114,0.01450311
2013-03-01,Utils_excess,0.0569,0.0053575,0.01613184,0.00535961,0.01136791
2013-04-01,Durbl_excess,0.0394,0.00465583,0.01999929,0.00466176,0.0154574
2013-04-01,Enrgy_excess,-0.0139,0.00869167,0.01976247,0.00869403,0.01037771
2013-04-01,HiTec_excess,0.0038,0.00830333,0.01726772,0.00830452,0.01358425
2013-04-01,Hlth_excess,0.0259,0.007385,0.01686666,0.0073854,0.01097088
2013-04-01,Manuf_excess,0.0073,0.00771375,0.0199854,0.00771712,0.01515803
2013-04-01,NoDur_excess,0.0374,0.00668792,0.01724279,0.00669117,0.01393823
2013-04-01,Other_excess,0.0083,0.00491,0.01713501,0.00491166,0.0097913
2013-04-01,Shops_excess,0.0272,0.00600833,0.02276162,0.0060128,0.01520549
2013-04-01,Telcm_excess,0.0432,0.00436208,0.02807038,0.00436761,0.01666787
2013-04-01,Utils_excess,0.0513,0.00553167,0.01744824,0.00553359,0.01040737
2013-05-01,Durbl_excess,0.1004,0.00472833,0.02220579,0.0047338,0.0116557
2013-05-01,Enrgy_excess,0.0303,0.00859792,0.02067057,0.00859901,0.01314198
2013-05-01,HiTec_excess,0.0456,0.00847833,0.01837413,0.00847958,0.00898258
2013-05-01,Hlth_excess,0.0161,0.00744917,0.01921156,0.00745104,0.01269702
2013-05-01,Manuf_excess,0.0348,0.0077525,0.02139937,0.00775455,0.01082394
2013-05-01,NoDur_excess,-0.0229,0.00724208,0.01973665,0.00724433,0.01252211
2013-05-01,Other_excess,0.0594,0.00509125,0.01919738,0.00509186,0.00784624
2013-05-01,Shops_excess,0.0223,0.00646875,0.02548223,0.00647305,0.01326569
2013-05-01,Telcm_excess,-0.0176,0.00467208,0.03226293,0.00467938,0.01774133
2013-05-01,Utils_excess,-0.0714,0.00576167,0.02075367,0.00576377,0.01176654
2013-06-01,Durbl_excess,-0.0045,0.00511,0.02135544,0.00511401,0.02054102
2013-06-01,Enrgy_excess,-0.0239,0.0086575,0.01896119,0.00866077,0.01310651
2013-06-01,HiTec_excess,-0.0292,0.00831333,0.01704489,0.00831385,0.01273955
2013-06-01,Hlth_excess,-0.0138,0.00737542,0.01593117,0.0073742,0.01135717
2013-06-01,Manuf_excess,-0.0199,0.00780917,0.01975255,0.00781215,0.01469367
2013-06-01,NoDur_excess,0.0007,0.00704458,0.01650107,0.00704705,0.0131113
2013-06-01,Other_excess,-0.012,0.00527958,0.01806761,0.0052806,0.01127956
2013-06-01,Shops_excess,-0.0003,0.00632625,0.0219891,0.00632925,0.01564575
2013-06-01,Telcm_excess,0.0198,0.00443458,0.02539708,0.00443777,0.0122466
2013-06-01,Utils_excess,0.0082,0.005475,0.01542164,0.00547582,0.00802101
2013-07-01,Durbl_excess,0.0901,0.00495792,0.01929485,0.00496162,0.01732141
2013-07-01,Enrgy_excess,0.0518,0.00861458,0.01608026,0.00861518,0.01227971
2013-07-01,HiTec_excess,0.057,0.00822375,0.01542733,0.00822463,0.0153263
2013-07-01,Hlth_excess,0.0807,0.0074525,0.01378349,0.00745166,0.01315865
2013-07-01,Manuf_excess,0.0621,0.00774792,0.01742473,0.00774946,0.01393764
2013-07-01,NoDur_excess,0.0289,0.00708667,0.01504189,0.00708825,0.01370824
2013-07-01,Other_excess,0.0565,0.00514417,0.01533956,0.00514442,0.00939683
2013-07-01,Shops_excess,0.059,0.00645583,0.01953735,0.00645856,0.01627558
2013-07-01,Telcm_excess,0.0343,0.00433417,0.02235881,0.00433852,0.01957268
2013-07-01,Utils_excess,0.0458,0.00538667,0.01307895,0.00538687,0.01044401
2013-08-01,Durbl_excess,-0.0103,0.00528125,0.01802136,0.00528841,0.0215709
2013-08-01,Enrgy_excess,-0.019,0.00882083,0.01502897,0.00882471,0.0157393
2013-08-01,HiTec_excess,-0.0021,0.00863125,0.0133484,0.00863389,0.01260345
2013-08-01,Hlth_excess,-0.0367,0.00804792,0.01239067,0.00804857,0.01163654
2013-08-01,Manuf_excess,-0.0181,0.00802125,0.01597876,0.00802578,0.01739294
2013-08-01,NoDur_excess,-0.0391,0.00731542,0.01343427,0.00731863,0.013043
2013-08-01,Other_excess,-0.0368,0.00530375,0.01303275,0.00530653,0.01376026
2013-08-01,Shops_excess,-0.0426,0.00668125,0.0176858,0.00668546,0.01491608
2013-08-01,Telcm_excess,-0.0329,0.00439792,0.01795718,0.00440293,0.01392468
2013-08-01,Utils_excess,-0.0443,0.00550667,0.01184049,0.00550822,0.01021369
2013-09-01,Durbl_excess,0.0645,0.00522917,0.01915509,0.0052352,0.02365617
2013-09-01,Enrgy_excess,0.0197,0.00857375,0.01564601,0.00857581,0.01485025
2013-09-01,HiTec_excess,0.0382,0.00835917,0.01620233,0.0083624,0.01495711
2013-09-01,Hlth_excess,0.0417,0.00777917,0.01417604,0.00778009,0.0153467
2013-09-01,Manuf_excess,0.0517,0.00781125,0.01751569,0.00781469,0.01695358
2013-09-01,NoDur_excess,0.02,0.00698375,0.01424439,0.00698609,0.01298689
2013-09-01,Other_excess,0.0383,0.00501625,0.01486455,0.00501848,0.01304901
2013-09-01,Shops_excess,0.0449,0.00635042,0.01820628,0.00635399,0.01609311
2013-09-01,Telcm_excess,0.0428,0.0040525,0.01995956,0.00405801,0.01728813
2013-09-01,Utils_excess,0.0105,0.00517833,0.01176829,0.00517907,0.01205935
2013-10-01,Durbl_excess,0.0076,0.00546708,0.02011148,0.0054733,0.02129008
2013-10-01,Enrgy_excess,0.0479,0.00861083,0.01632138,0.00861248,0.01341282
2013-10-01,HiTec_excess,0.0376,0.00847917,0.01657866,0.00848252,0.01186515
2013-10-01,Hlth_excess,0.0355,0.00792875,0.01498252,0.00793023,0.01256385
2013-10-01,Manuf_excess,0.046,0.00811625,0.01885344,0.00811968,0.01393289
2013-10-01,NoDur_excess,0.0482,0.00715458,0.01485518,0.00715682,0.01120403
2013-10-01,Other_excess,0.0383,0.0051125,0.0158608,0.00511495,0.00840752
2013-10-01,Shops_excess,0.0512,0.00656417,0.01925883,0.006568,0.01329934
2013-10-01,Telcm_excess,0.0585,0.00426167,0.02096082,0.00426749,0.01626175
2013-10-01,Utils_excess,0.0334,0.00525958,0.01251306,0.00526038,0.01125451
2013-11-01,Durbl_excess,0.0188,0.00518583,0.01910394,0.00519142,0.01351051
2013-11-01,Enrgy_excess,0.0087,0.00890167,0.01804807,0.00890464,0.01349136
2013-11-01,HiTec_excess,0.0359,0.00857625,0.0162205,0.00857943,0.00971641
2013-11-01,Hlth_excess,0.045,0.00783875,0.01495902,0.00784055,0.00980756
2013-11-01,Manuf_excess,0.0297,0.00818875,0.01939745,0.00819217,0.01217149
2013-11-01,NoDur_excess,0.0127,0.00711292,0.01514165,0.0071148,0.01036784
2013-11-01,Other_excess,0.047,0.00537833,0.0170637,0.00538042,0.01172592
2013-11-01,Shops_excess,0.0369,0.00659542,0.02003162,0.00659901,0.01217307
2013-11-01,Telcm_excess,0.0008,0.00441375,0.02198102,0.00441976,0.0110687
2013-11-01,Utils_excess,-0.0181,0.00549,0.01416938,0.00549089,0.00833485
2013-12-01,Durbl_excess,0.0124,0.00524667,0.01725247,0.00525135,0.01541841
2013-12-01,Enrgy_excess,0.0303,0.00919792,0.01794378,0.00920188,0.01437087
2013-12-01,HiTec_excess,0.0398,0.00874583,0.01556891,0.00874847,0.00837234
2013-12-01,Hlth_excess,0.0059,0.00799583,0.01427216,0.00799663,0.00988155
2013-12-01,Manuf_excess,0.031,0.00826708,0.01870577,0.00827085,0.01165345
2013-12-01,NoDur_excess,0.0247,0.0071475,0.01435409,0.00714943,0.00853331
2013-12-01,Other_excess,0.0315,0.0057025,0.0170785,0.00570498,0.01176167
2013-12-01,Shops_excess,0.0025,0.00672792,0.01899668,0.00673107,0.0103306
2013-12-01,Telcm_excess,0.0398,0.00467583,0.0197501,0.00468015,0.00815772
2013-12-01,Utils_excess,0.0179,0.005655,0.01334339,0.00565565,0.00622585
2014-01-01,Durbl_excess,-0.0362,0.00512292,0.0149357,0.00512826,0.00800224
2014-01-01,Enrgy_excess,-0.0689,0.00930875,0.01714884,0.00931314,0.01558087
2014-01-01,HiTec_excess,-0.014,0.00879833,0.01431867,0.00880116,0.00918875
2014-01-01,Hlth_excess,0.0179,0.00793333,0.01217237,0.00793386,0.00618708
2014-01-01,Manuf_excess,-0.0428,0.00824917,0.01739765,0.00825363,0.01100042
2014-01-01,NoDur_excess,-0.0572,0.00719875,0.01343203,0.00720142,0.01023541
2014-01-01,Other_excess,-0.0433,0.00573792,0.01554972,0.00574113,0.00986738
2014-01-01,Shops_excess,-0.0648,0.00682625,0.01707014,0.00682973,0.00848956
2014-01-01,Telcm_excess,-0.0381,0.00487333,0.01730569,0.00487752,0.00964053
2014-01-01,Utils_excess,0.0249,0.00567208,0.01219055,0.00567334,0.00860014
2014-02-01,Durbl_excess,0.0801,0.00468375,0.01806327,0.00469002,0.0122759
2014-02-01,Enrgy_excess,0.0569,0.00882875,0.01811594,0.00882884,0.00927043
2014-02-01,HiTec_excess,0.0515,0.00855792,0.01851193,0.00856211,0.01262936
2014-02-01,Hlth_excess,0.0635,0.00794583,0.01727715,0.00794891,0.0124668
2014-02-01,Manuf_excess,0.0542,0.00787917,0.01979198,0.00788235,0.01189604
2014-02-01,NoDur_excess,0.0346,0.00698792,0.01519183,0.00699032,0.01189241
2014-02-01,Other_excess,0.0345,0.00538625,0.01904232,0.00538968,0.00798771
2014-02-01,Shops_excess,0.0533,0.00652083,0.0198378,0.00652539,0.01607687
2014-02-01,Telcm_excess,0.0256,0.00463458,0.02376756,0.00464175,0.01493701
2014-02-01,Utils_excess,0.0309,0.00583625,0.01569266,0.00583799,0.00983663
2014-03-01,Durbl_excess,-0.0113,0.00521083,0.01981185,0.00521789,0.01753758
2014-03-01,Enrgy_excess,0.0243,0.00919792,0.01995,0.00920124,0.01244244
2014-03-01,HiTec_excess,-0.0061,0.00870958,0.0186849,0.00871343,0.01445309
2014-03-01,Hlth_excess,-0.0247,0.008445,0.01889942,0.00844711,0.01262846
2014-03-01,Manuf_excess,0.0031,0.00814167,0.0209182,0.00814663,0.01379003
2014-03-01,NoDur_excess,0.0325,0.00719375,0.01583912,0.00719711,0.01220785
2014-03-01,Other_excess,0.0204,0.00569917,0.02013508,0.00570359,0.01095332
2014-03-01,Shops_excess,-0.0059,0.00667333,0.02078191,0.00667788,0.01422398
2014-03-01,Telcm_excess,0.0015,0.00497917,0.02435529,0.00498491,0.00920209
2014-03-01,Utils_excess,0.0268,0.00618125,0.01721469,0.00618406,0.01085551
2014-04-01,Durbl_excess,0.0033,0.005445,0.01957698,0.00545364,0.01867842
2014-04-01,Enrgy_excess,0.0567,0.00945958,0.02007753,0.00946274,0.0171468
2014-04-01,HiTec_excess,-0.0105,0.00885375,0.01837114,0.00885845,0.0107271
2014-04-01,Hlth_excess,-0.0033,0.00863458,0.01818011,0.0086369,0.0131294
2014-04-01,Manuf_excess,0.0083,0.00834958,0.020645,0.00835534,0.01441773
2014-04-01,NoDur_excess,0.0149,0.00750875,0.01647217,0.00751317,0.01669612
2014-04-01,Other_excess,-0.0194,0.00597417,0.02016399,0.00597974,0.01402121
2014-04-01,Shops_excess,-0.0093,0.00686167,0.02036302,0.00686708,0.01661604
2014-04-01,Telcm_excess,0.0039,0.00514708,0.02391573,0.00515403,0.01463969
2014-04-01,Utils_excess,0.0398,0.00646833,0.017452,0.00647187,0.01438408
2014-05-01,Durbl_excess,0.0069,0.00549458,0.02037277,0.0055023,0.01843301
2014-05-01,Enrgy_excess,0.0088,0.0095325,0.02167264,0.0095357,0.02047498
2014-05-01,HiTec_excess,0.0342,0.008885,0.0188336,0.00888971,0.01206765
2014-05-01,Hlth_excess,0.0185,0.00853833,0.01875287,0.00854109,0.01173152
2014-05-01,Manuf_excess,0.0127,0.00839375,0.02134306,0.00839875,0.01427079
2014-05-01,NoDur_excess,0.0337,0.00753083,0.01717227,0.00753443,0.01397767
2014-05-01,Other_excess,0.0178,0.0058475,0.02038041,0.00585209,0.0103183
2014-05-01,Shops_excess,0.0099,0.00682542,0.02077442,0.00683025,0.01559631
2014-05-01,Telcm_excess,0.0411,0.00510833,0.02520934,0.00511566,0.01405774
2014-05-01,Utils_excess,0.0001,0.00655667,0.0188357,0.00655976,0.01392598
2014-06-01,Durbl_excess,0.0445,0.00564625,0.021545,0.00565401,0.01370167
2014-06-01,Enrgy_excess,0.0412,0.00954292,0.02293896,0.00954576,0.01900946
2014-06-01,HiTec_excess,0.0286,0.00895333,0.02016133,0.00895803,0.01409863
2014-06-01,Hlth_excess,0.0287,0.00844875,0.02020218,0.00845195,0.01256827
2014-06-01,Manuf_excess,0.0141,0.00837458,0.02243586,0.00837943,0.01283335
2014-06-01,NoDur_excess,0.012,0.00774042,0.01869908,0.0077441,0.01466569
2014-06-01,Other_excess,0.0244,0.00580792,0.02208527,0.00581278,0.01051986
2014-06-01,Shops_excess,0.0126,0.006955,0.02220223,0.00696005,0.01488548
2014-06-01,Telcm_excess,0.0154,0.00522458,0.02822671,0.00523241,0.01539326
2014-06-01,Utils_excess,0.0543,0.00679333,0.02022986,0.00679644,0.01328444
2014-07-01,Durbl_excess,-0.0471,0.00598708,0.02214462,0.00599429,0.01862919
2014-07-01,Enrgy_excess,-0.0356,0.00984,0.02406978,0.00984438,0.01652367
2014-07-01,HiTec_excess,0.0015,0.0093,0.02081805,0.00930446,0.0176104
2014-07-01,Hlth_excess,-0.0034,0.00872375,0.02088208,0.00872627,0.01387367
2014-07-01,Manuf_excess,-0.0413,0.008555,0.02264155,0.00856017,0.01531324
2014-07-01,NoDur_excess,-0.0435,0.0078825,0.0189032,0.00788613,0.01307507
2014-07-01,Other_excess,-0.0226,0.00603125,0.02283171,0.00603613,0.01289786
2014-07-01,Shops_excess,-0.0202,0.00713,0.02217407,0.00713454,0.01586859
2014-07-01,Telcm_excess,0.008,0.00527583,0.02815635,0.00528272,0.01743434
2014-07-01,Utils_excess,-0.064,0.00716375,0.02188477,0.00716715,0.01451634
2014-08-01,Durbl_excess,0.0507,0.0056575,0.02097642,0.00566316,0.01137457
2014-08-01,Enrgy_excess,0.0232,0.00956792,0.02247698,0.00957094,0.0140315
2014-08-01,HiTec_excess,0.0424,0.00916042,0.02152732,0.00916449,0.01201606
2014-08-01,Hlth_excess,0.0554,0.00867542,0.02107746,0.00867805,0.01524993
2014-08-01,Manuf_excess,0.0483,0.00820333,0.0213322,0.00820697,0.00894719
2014-08-01,NoDur_excess,0.0556,0.00759125,0.01763101,0.00759357,0.01145661
2014-08-01,Other_excess,0.0411,0.00583625,0.02211941,0.00583962,0.01221811
2014-08-01,Shops_excess,0.0501,0.00701833,0.02152484,0.00702211,0.01124244
2014-08-01,Telcm_excess,0.0033,0.00519167,0.02870186,0.00519883,0.01473627
2014-08-01,Utils_excess,0.0531,0.0066925,0.01947701,0.00669444,0.01152414
2014-09-01,Durbl_excess,-0.0938,0.00588583,0.02219419,0.00589274,0.01580229
2014-09-01,Enrgy_excess,-0.0783,0.00968417,0.02236576,0.00968714,0.01707133
2014-09-01,HiTec_excess,-0.014,0.00896958,0.02019285,0.0089739,0.01207229
2014-09-01,Hlth_excess,-0.0022,0.00846875,0.02130377,0.00847266,0.01530462
2014-09-01,Manuf_excess,-0.025,0.00822292,0.02158475,0.00822694,0.01252292
2014-09-01,NoDur_excess,-0.0007,0.00758625,0.01796201,0.00758887,0.00970423
2014-09-01,Other_excess,-0.0111,0.00587792,0.02186514,0.0058817,0.01255737
2014-09-01,Shops_excess,-0.0133,0.00705875,0.022494,0.00706326,0.01378189
2014-09-01,Telcm_excess,-0.0145,0.00517833,0.02812269,0.00518612,0.01416325
2014-09-01,Utils_excess,-0.0338,0.00690167,0.02036455,0.00690398,0.01282124
2014-10-01,Durbl_excess,0.0349,0.00572125,0.01837118,0.00572547,0.00466772
2014-10-01,Enrgy_excess,-0.0419,0.00946083,0.01830973,0.00946268,0.00607216
2014-10-01,HiTec_excess,0.0158,0.00894292,0.01903721,0.00894631,0.01187693
2014-10-01,Hlth_excess,0.0592,0.00840375,0.01959818,0.00840563,0.01477064
2014-10-01,Manuf_excess,0.0241,0.00820292,0.01937527,0.00820589,0.00748329
2014-10-01,NoDur_excess,0.0269,0.00761208,0.01678425,0.0076142,0.01104249
2014-10-01,Other_excess,0.0341,0.0060225,0.01945832,0.00602517,0.00779423
2014-10-01,Shops_excess,0.0271,0.00711542,0.02034517,0.00711881,0.00884155
2014-10-01,Telcm_excess,0.013,0.00518125,0.02519711,0.00518713,0.01184705
2014-10-01,Utils_excess,0.0671,0.0068925,0.01732715,0.00689382,0.01119569
2014-11-01,Durbl_excess,0.0442,0.005955,0.01846743,0.00595928,0.0046327
2014-11-01,Enrgy_excess,-0.0957,0.00899375,0.01652392,0.00899446,0.0067637
2014-11-01,HiTec_excess,0.0428,0.00873,0.01712025,0.00873362,0.01123171
2014-11-01,Hlth_excess,0.0252,0.00862833,0.01924373,0.00863152,0.01531119
2014-11-01,Manuf_excess,0.0228,0.00829542,0.01836614,0.00829752,0.00960928
2014-11-01,NoDur_excess,0.0479,0.00764833,0.01594683,0.00764971,0.01046992
2014-11-01,Other_excess,0.0251,0.00617792,0.0179677,0.00617942,0.01232262
2014-11-01,Shops_excess,0.0751,0.00719,0.0201095,0.0071933,0.01341905
2014-11-01,Telcm_excess,0.0246,0.00525667,0.02411486,0.00526347,0.01432386
2014-11-01,Utils_excess,0.0026,0.00712167,0.017577,0.00712258,0.01032515
2014-12-01,Durbl_excess,0.0035,0.00636583,0.01777204,0.00636985,0.00636902
2014-12-01,Enrgy_excess,0.0054,0.00881292,0.01234893,0.00881257,0.00242289
2014-12-01,HiTec_excess,-0.0126,0.00901083,0.01445894,0.00901465,0.00747938
2014-12-01,Hlth_excess,-0.0083,0.00873083,0.01740491,0.00873444,0.01123677
2014-12-01,Manuf_excess,-0.0008,0.00862833,0.01603586,0.00863011,0.00700307
2014-12-01,NoDur_excess,-0.0241,0.00793292,0.01474005,0.00793396,0.00794735
2014-12-01,Other_excess,0.0118,0.00651375,0.01480478,0.00651519,0.00767351
2014-12-01,Shops_excess,0.016,0.00766083,0.01999576,0.00766435,0.01299119
2014-12-01,Telcm_excess,-0.0205,0.00560042,0.02192465,0.00560699,0.00910652
2014-12-01,Utils_excess,0.0186,0.00713625,0.01581971,0.00713632,0.00835113
2015-01-01,Durbl_excess,-0.0428,0.00623708,0.01838693,0.0062408,0.01029914
2015-01-01,Enrgy_excess,-0.0431,0.008895,0.01121159,0.00889387,0.00317458
2015-01-01,HiTec_excess,-0.0346,0.00887417,0.01299035,0.00887737,0.01013426
2015-01-01,Hlth_excess,0.0158,0.00869083,0.01630631,0.00959339,0.01331577
2015-01-01,Manuf_excess,-0.0375,0.00847667,0.0153959,0.00847778,0.00956137
2015-01-01,NoDur_excess,-0.0056,0.00779542,0.01325343,0.00782059,0.00853437
2015-01-01,Other_excess,-0.064,0.00652292,0.013519,0.00669937,0.00961778
2015-01-01,Shops_excess,-0.004,0.00785833,0.01937241,0.0078615,0.0157478
2015-01-01,Telcm_excess,-0.0447,0.0054975,0.02118937,0.0062157,0.0100874
2015-01-01,Utils_excess,0.0124,0.0072175,0.01513223,0.00715953,0.00909472
2015-02-01,Durbl_excess,0.0802,0.00631583,0.01864459,0.00632121,0.00876491
2015-02-01,Enrgy_excess,0.0472,0.0087175,0.01007824,0.00871524,0.00081057
2015-02-01,HiTec_excess,0.0822,0.00878083,0.01298322,0.00878434,0.00982083
2015-02-01,Hlth_excess,0.04,0.00852167,0.02001896,0.00999105,0.01630938
2015-02-01,Manuf_excess,0.0615,0.00835458,0.01509497,0.00835582,0.00803893
2015-02-01,NoDur_excess,0.0513,0.00771417,0.01404158,0.00801845,0.00955997
2015-02-01,Other_excess,0.0724,0.00607875,0.01364919,0.00631307,0.00798532
2015-02-01,Shops_excess,0.0567,0.00779292,0.02159519,0.00779745,0.0145123
2015-02-01,Telcm_excess,0.0892,0.00515542,0.02489208,0.00608526,0.00974949
2015-02-01,Utils_excess,-0.0436,0.0070275,0.01748061,0.00727965,0.00852164
2015-03-01,Durbl_excess,-0.0058,0.00645333,0.01850476,0.0064598,0.01276098
2015-03-01,Enrgy_excess,-0.0249,0.00874333,0.01157582,0.00874567,0.00682496
2015-03-01,HiTec_excess,-0.0251,0.0088625,0.01401178,0.00886408,0.0080862
2015-03-01,Hlth_excess,0.0086,0.00860833,0.01841461,0.00871256,0.00646984
2015-03-01,Manuf_excess,-0.0205,0.00839667,0.01616603,0.00840111,0.01274666
2015-03-01,NoDur_excess,-0.0242,0.00782208,0.01451063,0.00882418,0.01053868
2015-03-01,Other_excess,-0.0061,0.00619458,0.01503801,0.00705972,0.01273536
2015-03-01,Shops_excess,0.0066,0.007935,0.02087614,0.00793918,0.01093252
2015-03-01,Telcm_excess,-0.0212,0.00548083,0.02308817,0.00591437,0.00766145
2015-03-01,Utils_excess,-0.0031,0.00682833,0.01514855,0.0076056,0.00828618
2015-04-01,Durbl_excess,-0.0071,0.00638875,0.01934705,0.00639545,0.00837761
2015-04-01,Enrgy_excess,0.0665,0.00843875,0.01154872,0.00843805,0.0056661
2015-04-01,HiTec_excess,0.0144,0.00858792,0.01502234,0.00858982,0.00650982
2015-04-01,Hlth_excess,-0.0155,0.00854792,0.01981743,0.00912474,0.01298107
2015-04-01,Manuf_excess,-0.0076,0.00818417,0.01647189,0.00818704,0.00944251
2015-04-01,NoDur_excess,0.0081,0.00762542,0.01461161,0.00847239,0.01215964
2015-04-01,Other_excess,0.0062,0.00610917,0.01581167,0.00682038,0.01013257
2015-04-01,Shops_excess,-0.0209,0.00783083,0.02202665,0.0078357,0.01165555
2015-04-01,Telcm_excess,0.0363,0.00540167,0.02398745,0.00602674,0.00818073
2015-04-01,Utils_excess,0.0028,0.0069075,0.01491547,0.00743238,0.01176276
2015-05-01,Durbl_excess,0.0099,0.0063175,0.01736591,0.00632268,0.01066407
2015-05-01,Enrgy_excess,-0.0511,0.00864167,0.01197451,0.00864225,0.00484358
2015-05-01,HiTec_excess,0.0193,0.00832333,0.01412245,0.0083252,0.00892394
2015-05-01,Hlth_excess,0.0499,0.00837667,0.01687203,0.00867651,0.00892757
2015-05-01,Manuf_excess,0.0088,0.00804792,0.0147103,0.0080506,0.01068282
2015-05-01,NoDur_excess,0.015,0.00759833,0.01328416,0.00819549,0.01110696
2015-05-01,Other_excess,0.0172,0.00607958,0.0135658,0.00657626,0.01160851
2015-05-01,Shops_excess,0.0107,0.00783375,0.01881155,0.00783736,0.01063869
2015-05-01,Telcm_excess,0.0033,0.00550375,0.02132605,0.00596069,0.01121669
2015-05-01,Utils_excess,-0.0043,0.00683833,0.01320104,0.00707893,0.00880115
2015-06-01,Durbl_excess,-0.0185,0.00618125,0.01727853,0.00618695,0.00953013
2015-06-01,Enrgy_excess,-0.0375,0.00828125,0.01119392,0.00828105,0.00649119
2015-06-01,HiTec_excess,-0.0359,0.00830458,0.01474436,0.00830625,0.00614685
2015-06-01,Hlth_excess,0.0037,0.00853917,0.01763894,0.00882751,0.01419921
2015-06-01,Manuf_excess,-0.0199,0.00797333,0.01505797,0.00797599,0.00936797
2015-06-01,NoDur_excess,-0.0153,0.00748542,0.01393463,0.00822648,0.01252948
2015-06-01,Other_excess,0.0003,0.00598792,0.01451153,0.00660472,0.01022327
2015-06-01,Shops_excess,-0.0061,0.00778958,0.01876914,0.00779336,0.00998576
2015-06-01,Telcm_excess,-0.0055,0.00550208,0.02072217,0.00594728,0.00983484
2015-06-01,Utils_excess,-0.0527,0.00659125,0.01365865,0.00699312,0.01108566
2015-07-01,Durbl_excess,-0.0231,0.0060925,0.01679146,0.00609739,0.00920355
2015-07-01,Enrgy_excess,-0.0895,0.0082725,0.01009951,0.00827174,0.00309352
2015-07-01,HiTec_excess,0.0221,0.00777042,0.01527361,0.00777239,0.00510459
2015-07-01,Hlth_excess,0.035,0.0083875,0.01725569,0.0086394,0.01166476
2015-07-01,Manuf_excess,-0.02,0.0078225,0.01467699,0.00782481,0.01028059
2015-07-01,NoDur_excess,0.0496,0.00737125,0.01366433,0.00796235,0.01112317
2015-07-01,Other_excess,0.0182,0.00591625,0.01442775,0.0063852,0.01052147
2015-07-01,Shops_excess,0.0514,0.00757792,0.01801448,0.00758143,0.00973927
2015-07-01,Telcm_excess,0.0152,0.0053375,0.01983018,0.00574309,0.00908202
2015-07-01,Utils_excess,0.0265,0.00641042,0.01176316,0.0065085,0.0100589
2015-08-01,Durbl_excess,-0.0598,0.0059125,0.01541995,0.00591849,0.00673823
2015-08-01,Enrgy_excess,-0.0365,0.00782292,0.00715533,0.007821,-0.00312725
2015-08-01,HiTec_excess,-0.0583,0.00756,0.01280038,0.00756321,0.00471459
2015-08-01,Hlth_excess,-0.0838,0.00832417,0.01582113,0.00918541,0.01713715
2015-08-01,Manuf_excess,-0.0561,0.00760667,0.01240045,0.00760856,0.00644129
2015-08-01,NoDur_excess,-0.041,0.00754875,0.0124623,0.0081213,0.01083134
2015-08-01,Other_excess,-0.0617,0.00581292,0.01176445,0.00628414,0.01042731
2015-08-01,Shops_excess,-0.053,0.00766208,0.01754367,0.00766635,0.01145942
2015-08-01,Telcm_excess,-0.0838,0.00520833,0.01807625,0.00586854,0.01128332
2015-08-01,Utils_excess,-0.0408,0.006555,0.01046308,0.00647375,0.00735235
2015-09-01,Durbl_excess,-0.0345,0.00565,0.01639368,0.00565337,0.01381863
2015-09-01,Enrgy_excess,-0.0575,0.00775625,0.00645297,0.00775262,-0.00029073
2015-09-01,HiTec_excess,-0.0132,0.00733458,0.01428072,0.00733705,0.01396348
2015-09-01,Hlth_excess,-0.0692,0.00795167,0.01558078,0.00834796,0.01911203
2015-09-01,Manuf_excess,-0.0424,0.00740167,0.01218199,0.00740155,0.01143634
2015-09-01,NoDur_excess,-0.0056,0.00737083,0.01256166,0.00749906,0.01180288
2015-09-01,Other_excess,-0.0306,0.00542042,0.01152817,0.00500726,0.01330339
2015-09-01,Shops_excess,-0.0206,0.00757375,0.01709623,0.00757646,0.01621474
2015-09-01,Telcm_excess,-0.025,0.00469625,0.01872595,0.00525227,0.0129037
2015-09-01,Utils_excess,-0.005,0.00636333,0.0091082,0.00584047,0.00622779
2015-10-01,Durbl_excess,0.0696,0.00555083,0.01620569,0.00555589,0.00682942
2015-10-01,Enrgy_excess,0.1217,0.00748083,0.0045391,0.00747711,-0.00636823
2015-10-01,HiTec_excess,0.1012,0.00724458,0.01373621,0.00724766,0.00705457
2015-10-01,Hlth_excess,0.0751,0.00737375,0.01384303,0.00791101,0.01355116
2015-10-01,Manuf_excess,0.0941,0.00715042,0.0107733,0.00715095,0.00827401
2015-10-01,NoDur_excess,0.068,0.007085,0.0119277,0.00748887,0.01173684
2015-10-01,Other_excess,0.0657,0.00512458,0.00974275,0.00497973,0.00979257
2015-10-01,Shops_excess,0.0482,0.00738542,0.01625472,0.0073889,0.01266766
2015-10-01,Telcm_excess,0.0907,0.00437042,0.01807274,0.00504421,0.0087405
2015-10-01,Utils_excess,0.0209,0.00609792,0.00778855,0.00565912,0.00407261
2015-11-01,Durbl_excess,0.0196,0.00606458,0.01193861,0.00606999,0.01069505
2015-11-01,Enrgy_excess,0.0106,0.00801833,0.00349018,0.00801615,-0.00143858
2015-11-01,HiTec_excess,0.0115,0.00762458,0.00791736,0.0076271,0.00319366
2015-11-01,Hlth_excess,0.0058,0.00766333,0.00903569,0.00798269,0.00702501
2015-11-01,Manuf_excess,0.0041,0.0076725,0.00736971,0.00767402,0.0114678
2015-11-01,NoDur_excess,-0.0092,0.00736542,0.00865196,0.00792181,0.01017531
2015-11-01,Other_excess,0.0138,0.00550083,0.00419654,0.00553017,0.00966719
2015-11-01,Shops_excess,0.011,0.00783417,0.0115766,0.00783738,0.00900012
2015-11-01,Telcm_excess,-0.0192,0.00476167,0.01188882,0.00522262,0.00466839
2015-11-01,Utils_excess,-0.0342,0.00614292,0.00512528,0.00575671,0.00323933
2015-12-01,Durbl_excess,-0.0409,0.00593458,0.0124914,0.00593995,0.00980042
2015-12-01,Enrgy_excess,-0.0961,0.00788042,0.00393939,0.00787852,-0.00112702
2015-12-01,HiTec_excess,-0.0253,0.00770833,0.00798029,0.00771085,0.00415982
2015-12-01,Hlth_excess,0.0031,0.00749958,0.00925222,0.00790084,0.00942683
2015-12-01,Manuf_excess,-0.0255,0.00743958,0.00771467,0.0074412,0.01126722
2015-12-01,NoDur_excess,0.0077,0.00715625,0.00854239,0.00763794,0.00938607
2015-12-01,Other_excess,-0.0268,0.00532125,0.00467137,0.00537551,0.01011913
2015-12-01,Shops_excess,0.0003,0.00764167,0.01186356,0.00764496,0.00771308
2015-12-01,Telcm_excess,-0.0297,0.00458292,0.01141153,0.00500663,0.00282529
2015-12-01,Utils_excess,-0.024,0.00595208,0.00428445,0.00537098,0.00034984
2016-01-01,Durbl_excess,-0.1234,0.00565708,0.01201522,0.00566094,0.00854777
2016-01-01,Enrgy_excess,-0.0438,0.00725875,0.00199772,0.00725488,-0.00504661
2016-01-01,HiTec_excess,-0.0597,0.00779417,0.00716191,0.0077958,0.00641585
2016-01-01,Hlth_excess,-0.1013,0.0072875,0.00893302,0.00762213,0.00989168
2016-01-01,Manuf_excess,-0.0572,0.00729167,0.00672286,0.00729172,0.00879917
2016-01-01,NoDur_excess,0.0016,0.00714583,0.0080789,0.00735489,0.00936137
2016-01-01,Other_excess,-0.0874,0.00518625,0.00313866,0.00467668,0.00875864
2016-01-01,Shops_excess,-0.0454,0.00769833,0.01107594,0.00770079,0.00972234
2016-01-01,Telcm_excess,0.0038,0.00430792,0.01049432,0.00469066,0.00376111
2016-01-01,Utils_excess,0.0466,0.00566,0.00291375,0.00472462,-0.00277283
2016-02-01,Durbl_excess,0.0407,0.00501625,0.01303437,0.00501964,0.0107291
2016-02-01,Enrgy_excess,-0.0297,0.00711125,0.00238231,0.00710437,-0.00067854
2016-02-01,HiTec_excess,-0.009,0.00747958,0.01092019,0.00748117,0.01632479
2016-02-01,Hlth_excess,-0.0099,0.00663125,0.01111998,0.00697003,0.01264664
2016-02-01,Manuf_excess,0.0328,0.00693333,0.00823485,0.00693137,0.00771744
2016-02-01,NoDur_excess,0.0057,0.00706167,0.0106895,0.00718809,0.00952904
2016-02-01,Other_excess,-0.0044,0.004695,0.00537866,0.00397618,0.00876349
2016-02-01,Shops_excess,0.0009,0.00753958,0.01380489,0.00754186,0.01518408
2016-02-01,Telcm_excess,0.0089,0.00424667,0.01663865,0.00497269,0.01422813
2016-02-01,Utils_excess,0.017,0.00579458,0.00547876,0.00498446,-0.00089644
2016-03-01,Durbl_excess,0.1063,0.0051175,0.01492787,0.00512342,0.01420077
2016-03-01,Enrgy_excess,0.1087,0.00696125,0.00244254,0.00695676,-0.00150335
2016-03-01,HiTec_excess,0.0847,0.00719333,0.01241538,0.0071955,0.00867675
2016-03-01,Hlth_excess,0.0393,0.00665292,0.0128525,0.00711809,0.00548493
2016-03-01,Manuf_excess,0.0689,0.00704875,0.01009509,0.0070497,0.00410532
2016-03-01,NoDur_excess,0.0494,0.0069675,0.01195674,0.00766356,0.00923994
2016-03-01,Other_excess,0.0713,0.00460375,0.00734523,0.00448594,-0.00436434
2016-03-01,Shops_excess,0.0554,0.00737583,0.01549237,0.00737947,0.01487945
2016-03-01,Telcm_excess,0.0614,0.00439917,0.01972338,0.0051172,0.01475743
2016-03-01,Utils_excess,0.0782,0.00599292,0.00721133,0.00563258,0.0022753
2016-04-01,Durbl_excess,0.0153,0.00539583,0.0150243,0.00540621,0.01480433
2016-04-01,Enrgy_excess,0.0916,0.00722167,0.00475975,0.00722251,0.00171018
2016-04-01,HiTec_excess,-0.0421,0.00770125,0.01014201,0.00770409,0.00826012
2016-04-01,Hlth_excess,0.0495,0.00682417,0.01183168,0.0074358,0.00439539
2016-04-01,Manuf_excess,0.0228,0.00720917,0.0102705,0.0072145,0.01009145
2016-04-01,NoDur_excess,0.0026,0.00722458,0.01153578,0.00885695,0.0125216
2016-04-01,Other_excess,0.024,0.00484167,0.00758398,0.00590078,0.00417563
2016-04-01,Shops_excess,-0.0056,0.00737417,0.01537353,0.00737991,0.01302282
2016-04-01,Telcm_excess,0.0068,0.004755,0.01778653,0.00540972,0.01080264
2016-04-01,Utils_excess,-0.0081,0.00635667,0.00891893,0.00701099,0.01000409
2016-05-01,Durbl_excess,-0.011,0.00532875,0.01639988,0.00533747,0.01604177
2016-05-01,Enrgy_excess,-0.006,0.00747875,0.00840404,0.00747919,0.0066536
2016-05-01,HiTec_excess,0.0513,0.00714167,0.01273853,0.00714363,0.00345776
2016-05-01,Hlth_excess,0.0241,0.007075,0.01494006,0.0076989,0.01092081
2016-05-01,Manuf_excess,-0.0054,0.00725417,0.01258119,0.00725833,0.00819287
2016-05-01,NoDur_excess,0.0073,0.0072475,0.01309692,0.00854308,0.0116115
2016-05-01,Other_excess,0.0119,0.00495167,0.01110387,0.00585147,0.00429522
2016-05-01,Shops_excess,0.0095,0.00719208,0.01711053,0.00719708,0.01135572
2016-05-01,Telcm_excess,0.0016,0.0046825,0.02047363,0.00530308,0.00911344
2016-05-01,Utils_excess,0.0223,0.00645292,0.0102125,0.00684635,0.00821712
2016-06-01,Durbl_excess,-0.055,0.00520708,0.0166922,0.00521376,0.00972137
2016-06-01,Enrgy_excess,0.0253,0.00744958,0.00936029,0.00744779,0.00722331
2016-06-01,HiTec_excess,-0.0176,0.00721083,0.01574046,0.0072128,0.00796636
2016-06-01,Hlth_excess,-0.0019,0.00703,0.01769193,0.00761918,0.01035737
2016-06-01,Manuf_excess,0.0089,0.00715417,0.01386812,0.0071564,0.00367902
2016-06-01,NoDur_excess,0.0472,0.0070225,0.0149941,0.00797597,0.00876958
2016-06-01,Other_excess,-0.0309,0.00495625,0.0139743,0.005479,-0.00150212
2016-06-01,Shops_excess,0.0071,0.00706625,0.01902425,0.00707072,0.01334484
2016-06-01,Telcm_excess,0.0353,0.0047075,0.02271666,0.0053144,0.01209398
2016-06-01,Utils_excess,0.0741,0.00650833,0.01261093,0.00666167,0.00583348
2016-07-01,Durbl_excess,0.0856,0.00519583,0.01477852,0.0052021,0.01161051
2016-07-01,Enrgy_excess,-0.0275,0.00753125,0.00983334,0.00752836,0.00712081
2016-07-01,HiTec_excess,0.0751,0.00735208,0.01345994,0.00735375,0.01298432
2016-07-01,Hlth_excess,0.0614,0.00704917,0.01810509,0.00777041,0.0092384
2016-07-01,Manuf_excess,0.0405,0.00722583,0.01360314,0.00722712,0.01022321
2016-07-01,NoDur_excess,-0.0008,0.0071025,0.01664276,0.00806741,0.01064509
2016-07-01,Other_excess,0.0371,0.00485417,0.01291806,0.00500392,0.00099851
2016-07-01,Shops_excess,0.0382,0.00718375,0.01960225,0.00718839,0.0152665
2016-07-01,Telcm_excess,0.0223,0.00484833,0.02506156,0.0056851,0.01343034
2016-07-01,Utils_excess,-0.0027,0.00661417,0.01557032,0.00689106,0.01094539
2016-08-01,Durbl_excess,0.0023,0.00576042,0.01538381,0.00576578,0.00622621
2016-08-01,Enrgy_excess,0.0159,0.00762833,0.00809596,0.00762748,0.00475023
2016-08-01,HiTec_excess,0.0177,0.00799208,0.01304683,0.0079936,0.00456783
2016-08-01,Hlth_excess,-0.0317,0.00758417,0.01862146,0.00833721,0.00636674
2016-08-01,Manuf_excess,0.0138,0.00758042,0.01362999,0.00758286,0.0054068
2016-08-01,NoDur_excess,-0.0063,0.00728667,0.01552732,0.00825273,0.00842843
2016-08-01,Other_excess,0.0327,0.00520417,0.01329916,0.00555029,0.00225235
2016-08-01,Shops_excess,-0.0138,0.00767917,0.01916377,0.00768328,0.00712083
2016-08-01,Telcm_excess,-0.0319,0.00531375,0.0236184,0.00585885,0.00511506
2016-08-01,Utils_excess,-0.038,0.00686375,0.01500517,0.00699525,0.00516786
2016-09-01,Durbl_excess,-0.0156,0.00566167,0.01549785,0.00566678,0.00598043
2016-09-01,Enrgy_excess,0.0279,0.00758917,0.00886453,0.00758867,0.00451834
2016-09-01,HiTec_excess,0.022,0.00789958,0.01444784,0.00790092,0.0081346
2016-09-01,Hlth_excess,0.0058,0.00728958,0.01773358,0.00782371,0.00585842
2016-09-01,Manuf_excess,-0.0004,0.00752333,0.01429846,0.00752609,0.00716468
2016-09-01,NoDur_excess,-0.025,0.00731125,0.01485889,0.00825549,0.007117
2016-09-01,Other_excess,-0.0104,0.00519458,0.01484886,0.00578627,0.00419913
2016-09-01,Shops_excess,-0.0064,0.00738583,0.01898904,0.00738977,0.00756315
2016-09-01,Telcm_excess,0.0045,0.00525292,0.02184957,0.00565885,0.00410116
2016-09-01,Utils_excess,0.0181,0.00660208,0.01376152,0.00678239,0.00206787
2016-10-01,Durbl_excess,-0.0379,0.00555792,0.01494657,0.00556181,0.00714149
2016-10-01,Enrgy_excess,-0.0298,0.00755667,0.01004155,0.00755502,0.00521983
2016-10-01,HiTec_excess,-0.0114,0.00756583,0.01672234,0.00756726,0.00900305
2016-10-01,Hlth_excess,-0.0755,0.00702542,0.01852721,0.00749447,0.00816998
2016-10-01,Manuf_excess,-0.0257,0.00728417,0.01494718,0.00728598,0.00917026
2016-10-01,NoDur_excess,-0.002,0.00706917,0.01441458,0.00775722,0.00656726
2016-10-01,Other_excess,0.0075,0.0049575,0.01523261,0.00523473,0.00512372
2016-10-01,Shops_excess,-0.0414,0.00722417,0.01883238,0.00722755,0.0085396
2016-10-01,Telcm_excess,-0.0307,0.0052225,0.02181826,0.00560649,0.00870104
2016-10-01,Utils_excess,-0.0068,0.0066675,0.01403935,0.00677192,0.00476314
2016-11-01,Durbl_excess,0.0754,0.00528333,0.01557055,0.00528651,0.01011327
2016-11-01,Enrgy_excess,0.0958,0.00720167,0.01040772,0.00720083,0.00349486
2016-11-01,HiTec_excess,0.0073,0.00761583,0.01949019,0.00761734,0.00945322
2016-11-01,Hlth_excess,0.0238,0.00676375,0.01766453,0.0069795,0.00287359
2016-11-01,Manuf_excess,0.0628,0.00712625,0.01555259,0.00712819,0.00914522
2016-11-01,NoDur_excess,-0.0388,0.00701375,0.01544264,0.00772325,0.0077543
2016-11-01,Other_excess,0.1149,0.00484208,0.01736604,0.00534808,0.0067695
2016-11-01,Shops_excess,0.0427,0.00716458,0.01830377,0.00716722,0.00730167
2016-11-01,Telcm_excess,0.0653,0.005125,0.02320272,0.00544788,0.00657461
2016-11-01,Utils_excess,-0.0266,0.00650625,0.01449584,0.00665334,0.00758344
2016-12-01,Durbl_excess,0.0395,0.00536292,0.0154807,0.00536382,0.00119417
2016-12-01,Enrgy_excess,0.0194,0.00738708,0.01179666,0.00738719,0.00085125
2016-12-01,HiTec_excess,0.0089,0.00716625,0.01853256,0.00716723,0.00040332
2016-12-01,Hlth_excess,0.0066,0.00660458,0.01655808,0.00657199,-0.00177931
2016-12-01,Manuf_excess,0.0046,0.00715167,0.01576705,0.007153,0.00503812
2016-12-01,NoDur_excess,0.0343,0.00665417,0.0137269,0.00688783,0.00377457
2016-12-01,Other_excess,0.0293,0.0050275,0.01812881,0.00543685,0.00649702
2016-12-01,Shops_excess,-0.0033,0.00723,0.01756648,0.00723141,0.00511967
2016-12-01,Telcm_excess,0.0486,0.00518542,0.02178583,0.00533271,0.00258608
2016-12-01,Utils_excess,0.0358,0.00630417,0.01296011,0.0060367,0.00239042
2017-01-01,Durbl_excess,0.029,0.00564083,0.01614474,0.00564481,0.00050362
2017-01-01,Enrgy_excess,-0.0433,0.00745417,0.0126497,0.00745512,0.00351684
2017-01-01,HiTec_excess,0.0456,0.00733667,0.01955962,0.00733842,0.00264548
2017-01-01,Hlth_excess,0.0198,0.00676042,0.01753019,0.0071624,-0.00398284
2017-01-01,Manuf_excess,0.033,0.007205,0.01636726,0.00720762,0.00621418
2017-01-01,NoDur_excess,0.0165,0.00679542,0.01471469,0.0074633,0.00682386
2017-01-01,Other_excess,0.0089,0.00524417,0.01978263,0.00613642,0.00616298
2017-01-01,Shops_excess,0.0107,0.00737833,0.01812409,0.00738095,0.00258583
2017-01-01,Telcm_excess,0.0329,0.00528625,0.02347065,0.00567234,0.00385007
2017-01-01,Utils_excess,0.0105,0.00646708,0.01439142,0.00664337,0.00714705
2017-02-01,Durbl_excess,0.0068,0.00565583,0.01593061,0.00566081,-0.0032376
2017-02-01,Enrgy_excess,-0.025,0.00711125,0.01171059,0.00711107,0.0038189
2017-02-01,HiTec_excess,0.048,0.00715792,0.01958563,0.0071597,-0.00089751
2017-02-01,Hlth_excess,0.0693,0.00646292,0.01729929,0.00698195,0.00037957
2017-02-01,Manuf_excess,0.0413,0.00718708,0.0165275,0.00718991,0.00590096
2017-02-01,NoDur_excess,0.0371,0.00664333,0.01462564,0.00748664,0.00747638
2017-02-01,Other_excess,0.0368,0.00505,0.01953971,0.00615831,0.00463413
2017-02-01,Shops_excess,0.0284,0.0074375,0.01792205,0.00744042,0.0021786
2017-02-01,Telcm_excess,-0.0016,0.00534667,0.02323342,0.00578149,0.00552416
2017-02-01,Utils_excess,0.0381,0.00649125,0.01450472,0.00695755,0.01153615
2017-03-01,Durbl_excess,0.0021,0.0056775,0.01449287,0.00568252,0.00323183
2017-03-01,Enrgy_excess,-0.0123,0.0072625,0.01096268,0.00726314,0.00263898
2017-03-01,HiTec_excess,0.0208,0.00768333,0.0178617,0.00768542,0.00449837
2017-03-01,Hlth_excess,0.0001,0.00672917,0.01760144,0.00748667,0.00908616
2017-03-01,Manuf_excess,0.001,0.0073475,0.0163608,0.00735097,0.00946111
2017-03-01,NoDur_excess,0.0085,0.00664125,0.01458964,0.00757728,0.00833602
2017-03-01,Other_excess,-0.0165,0.0051125,0.01953993,0.00638778,0.00905641
2017-03-01,Shops_excess,0.0076,0.00744042,0.01731926,0.00744369,0.00577653
2017-03-01,Telcm_excess,0.0085,0.00524917,0.0213049,0.00567734,0.00558158
2017-03-01,Utils_excess,0.0035,0.00669,0.01499014,0.0071928,0.01258596
2017-04-01,Durbl_excess,0.0164,0.0058425,0.01498024,0.00584492,0.00063857
2017-04-01,Enrgy_excess,-0.0278,0.00701125,0.01122286,0.00701118,0.0004567
2017-04-01,HiTec_excess,0.025,0.00802375,0.01961767,0.00802539,0.00759435
2017-04-01,Hlth_excess,0.0088,0.00705917,0.01837146,0.00753866,0.01246191
2017-04-01,Manuf_excess,0.0182,0.00752125,0.01675315,0.00752315,0.0099977
2017-04-01,NoDur_excess,0.0046,0.00691292,0.01487803,0.00741606,0.0095949
2017-04-01,Other_excess,0.0034,0.00530417,0.0198866,0.00611388,0.00826573
2017-04-01,Shops_excess,0.026,0.00755042,0.01795941,0.00755263,0.00756838
2017-04-01,Telcm_excess,0.0006,0.00562875,0.02289007,0.00597325,0.00763106
2017-04-01,Utils_excess,0.0027,0.00683875,0.01543612,0.00703274,0.0112906
2017-05-01,Durbl_excess,-0.0021,0.00577,0.01439277,0.00577439,0.00752665
2017-05-01,Enrgy_excess,-0.0344,0.00691208,0.01010953,0.00691252,0.00468526
2017-05-01,HiTec_excess,0.0405,0.00782583,0.01806352,0.00782815,0.00811027
2017-05-01,Hlth_excess,-0.0033,0.00686083,0.01748812,0.00762254,0.00720195
2017-05-01,Manuf_excess,0.0121,0.00739125,0.01612842,0.00739439,0.00984719
2017-05-01,NoDur_excess,0.0316,0.00672875,0.01418065,0.00755463,0.00858047
2017-05-01,Other_excess,-0.0046,0.00512375,0.01872372,0.00629608,0.00928748
2017-05-01,Shops_excess,0.0161,0.00758875,0.01728587,0.00759189,0.00724304
2017-05-01,Telcm_excess,-0.0158,0.00554542,0.021157,0.0059705,0.00693333
2017-05-01,Utils_excess,0.0238,0.00692583,0.0143746,0.00735713,0.01172665
2017-06-01,Durbl_excess,0.0329,0.00551917,0.01394318,0.00552339,0.00877784
2017-06-01,Enrgy_excess,-0.002,0.00648417,0.00946397,0.00648515,0.00243195
2017-06-01,HiTec_excess,-0.0209,0.00759083,0.01780557,0.00759413,0.01261889
2017-06-01,Hlth_excess,0.0547,0.00657542,0.01716332,0.00745335,0.00713124
2017-06-01,Manuf_excess,0.0116,0.00713625,0.01608734,0.00713963,0.01038196
2017-06-01,NoDur_excess,-0.0118,0.00663375,0.01449206,0.00745812,0.00878722
2017-06-01,Other_excess,0.0433,0.00487375,0.01827783,0.00607734,0.00951843
2017-06-01,Shops_excess,-0.0194,0.007425,0.01710452,0.00742833,0.00839863
2017-06-01,Telcm_excess,-0.0252,0.00522667,0.02011061,0.00569929,0.00596874
2017-06-01,Utils_excess,-0.0197,0.00689417,0.01434255,0.00730906,0.01104865
2017-07-01,Durbl_excess,-0.0108,0.00553208,0.01462925,0.00553578,0.00689232
2017-07-01,Enrgy_excess,0.0197,0.00643792,0.00942895,0.00643934,0.00381595
2017-07-01,HiTec_excess,0.0354,0.00745958,0.01760391,0.0074623,0.00900262
2017-07-01,Hlth_excess,0.0062,0.00644917,0.01863347,0.00731318,0.01091554
2017-07-01,Manuf_excess,0.021,0.00698333,0.01639455,0.00698676,0.00980645
2017-07-01,NoDur_excess,-0.0013,0.00645083,0.01423259,0.00723181,0.00756896
2017-07-01,Other_excess,0.0137,0.00485292,0.01930375,0.00612436,0.00907645
2017-07-01,Shops_excess,0.0013,0.00714708,0.01686882,0.00715002,0.00512914
2017-07-01,Telcm_excess,0.0526,0.00499292,0.02000845,0.0053971,0.00383044
2017-07-01,Utils_excess,0.0292,0.00669667,0.01406438,0.00714028,0.00772422
2017-08-01,Durbl_excess,-0.0006,0.00519417,0.01378546,0.00519666,0.0042916
2017-08-01,Enrgy_excess,-0.0522,0.00622833,0.00979386,0.00622945,-0.00019296
2017-08-01,HiTec_excess,0.0291,0.00695958,0.01748529,0.00696219,0.006347
2017-08-01,Hlth_excess,0.025,0.00640542,0.01791953,0.00713919,0.00614742
2017-08-01,Manuf_excess,0.0024,0.00678958,0.01632203,0.00679237,0.00854652
2017-08-01,NoDur_excess,-0.0184,0.00632417,0.01365738,0.00688638,0.00691846
2017-08-01,Other_excess,-0.0066,0.00454333,0.01898883,0.00561668,0.00847902
2017-08-01,Shops_excess,-0.0169,0.00684542,0.01630018,0.00684788,0.00179921
2017-08-01,Telcm_excess,-0.0257,0.00513625,0.01950372,0.00547941,0.00430199
2017-08-01,Utils_excess,0.0209,0.00671833,0.01402371,0.00698056,0.00850262
2017-09-01,Durbl_excess,0.053,0.0051575,0.01413696,0.00516115,0.00092244
2017-09-01,Enrgy_excess,0.1085,0.00601583,0.0087632,0.00601504,0.00270866
2017-09-01,HiTec_excess,0.0051,0.00715583,0.01791304,0.00715887,0.00750176
2017-09-01,Hlth_excess,0.0199,0.00678083,0.01865859,0.00781128,0.00968209
2017-09-01,Manuf_excess,0.0385,0.00704208,0.01659929,0.00704466,0.00781454
2017-09-01,NoDur_excess,-0.0047,0.00653167,0.01333337,0.0071765,0.00707629
2017-09-01,Other_excess,0.0448,0.00472958,0.01932702,0.00586522,0.00616602
2017-09-01,Shops_excess,0.024,0.00689708,0.01612118,0.00690024,0.00648038
2017-09-01,Telcm_excess,-0.0159,0.00514667,0.01905567,0.00560436,0.0022034
2017-09-01,Utils_excess,-0.0204,0.00687083,0.01430286,0.00727244,0.01106462
2017-10-01,Durbl_excess,0.0122,0.00518042,0.01433996,0.00518438,0.00610802
2017-10-01,Enrgy_excess,0.0038,0.00622583,0.01083135,0.00622814,0.00171337
2017-10-01,HiTec_excess,0.068,0.0070525,0.01716985,0.00705443,0.00700575
2017-10-01,Hlth_excess,-0.0234,0.00660667,0.01821714,0.00726455,0.00891229
2017-10-01,Manuf_excess,0.0267,0.00707958,0.0165976,0.00708344,0.00943463
2017-10-01,NoDur_excess,-0.0001,0.00629958,0.01285609,0.00713772,0.00657967
2017-10-01,Other_excess,0.0213,0.00460125,0.01941425,0.00611967,0.0085738
2017-10-01,Shops_excess,0.026,0.00679458,0.01595869,0.00679724,0.00421275
2017-10-01,Telcm_excess,-0.0567,0.00469667,0.01793088,0.00497434,0.0023884
2017-10-01,Utils_excess,0.0293,0.00661167,0.01363466,0.00742888,0.01009195
2017-11-01,Durbl_excess,-0.0057,0.00538917,0.01295152,0.00539114,0.00466315
2017-11-01,Enrgy_excess,0.0291,0.00634333,0.01014161,0.00634437,-0.00107153
2017-11-01,HiTec_excess,0.0098,0.00769833,0.01457428,0.00770037,0.01155887
2017-11-01,Hlth_excess,0.024,0.00652292,0.01571979,0.00713585,0.00717397
2017-11-01,Manuf_excess,0.0339,0.00745167,0.01525241,0.0074539,0.00828256
2017-11-01,NoDur_excess,0.0399,0.00644792,0.01145778,0.0068,0.00420392
2017-11-01,Other_excess,0.0384,0.00482417,0.01754246,0.00578007,0.00767379
2017-11-01,Shops_excess,0.0769,0.0070025,0.01452675,0.00700448,0.0031583
2017-11-01,Telcm_excess,0.0393,0.00435792,0.01332408,0.00456352,-5.287e-05
2017-11-01,Utils_excess,0.0234,0.00671417,0.01231162,0.00693121,0.00768673
2017-12-01,Durbl_excess,-0.0081,0.00544083,0.01291458,0.0054419,0.00034648
2017-12-01,Enrgy_excess,0.0491,0.00662583,0.01072003,0.00662613,0.00446351
2017-12-01,HiTec_excess,-0.0027,0.00769542,0.01552045,0.00769705,0.00961218
2017-12-01,Hlth_excess,-0.0025,0.00652375,0.01665386,0.00716513,0.0086599
2017-12-01,Manuf_excess,0.0219,0.00743333,0.01610222,0.00743506,0.00880592
2017-12-01,NoDur_excess,0.0192,0.00636125,0.01231413,0.00666726,0.00642103
2017-12-01,Other_excess,0.0127,0.00487833,0.01864836,0.005756,0.00874434
2017-12-01,Shops_excess,0.0245,0.00711792,0.01620838,0.00712001,0.00614015
2017-12-01,Telcm_excess,0.044,0.00409292,0.01517498,0.00431189,0.00068172
2017-12-01,Utils_excess,-0.0507,0.00652875,0.01318513,0.00674249,0.01123047
2018-01-01,Durbl_excess,0.0264,0.00527583,0.01117506,0.00527741,0.00196114
2018-01-01,Enrgy_excess,0.0266,0.00691125,0.01099097,0.00691267,0.00608316
2018-01-01,HiTec_excess,0.0763,0.00788,0.0112152,0.00788106,0.00947462
2018-01-01,Hlth_excess,0.0628,0.00638667,0.01508516,0.00704779,0.00989275
2018-01-01,Manuf_excess,0.0398,0.00755625,0.01514512,0.00755868,0.00985406
2018-01-01,NoDur_excess,0.0182,0.00630417,0.01177981,0.00677056,0.00640672
2018-01-01,Other_excess,0.058,0.004735,0.01759413,0.00572301,0.00871425
2018-01-01,Shops_excess,0.0927,0.00724625,0.0151232,0.00724853,0.00659901
2018-01-01,Telcm_excess,0.0304,0.00412292,0.01278389,0.00430582,0.00316115
2018-01-01,Utils_excess,-0.0292,0.00600375,0.01113625,0.0062217,0.00552682
2018-02-01,Durbl_excess,-0.0615,0.00538333,0.0087579,0.00538291,0.00349811
2018-02-01,Enrgy_excess,-0.1089,0.00727583,0.01007518,0.00727633,0.00356415
2018-02-01,HiTec_excess,-0.0012,0.00799708,0.00840184,0.00799574,0.01064987
2018-02-01,Hlth_excess,-0.036,0.00643042,0.01355727,0.006477,0.00833833
2018-02-01,Manuf_excess,-0.0414,0.00771125,0.01347275,0.00771245,0.01036642
2018-02-01,NoDur_excess,-0.0633,0.00651167,0.01038264,0.00676775,0.00685006
2018-02-01,Other_excess,-0.0343,0.00507625,0.0155345,0.00583589,0.00835781
2018-02-01,Shops_excess,-0.0459,0.00761292,0.01416078,0.00761379,0.01021847
2018-02-01,Telcm_excess,-0.0716,0.00405542,0.00889215,0.00391654,0.00126724
2018-02-01,Utils_excess,-0.0465,0.0060825,0.00904427,0.0064759,0.00790574
2018-03-01,Durbl_excess,-0.0569,0.00463125,0.00959815,0.00462817,-0.01172249
2018-03-01,Enrgy_excess,0.0295,0.00655542,0.00975281,0.00655328,-0.00050557
2018-03-01,HiTec_excess,-0.0325,0.0075775,0.01527894,0.00757556,0.01675292
2018-03-01,Hlth_excess,-0.0251,0.00606625,0.01481314,0.00585495,0.00897342
2018-03-01,Manuf_excess,-0.0236,0.00725958,0.01431966,0.00725817,0.00758689
2018-03-01,NoDur_excess,-0.012,0.0060575,0.01034445,0.00574992,0.00678358
2018-03-01,Other_excess,-0.0277,0.00460792,0.01634772,0.00442216,0.00260274
2018-03-01,Shops_excess,-0.027,0.00700542,0.01496725,0.00700478,0.00556668
2018-03-01,Telcm_excess,-0.0265,0.00367292,0.01320826,0.0034911,-0.00242645
2018-03-01,Utils_excess,0.0305,0.005795,0.01038249,0.00572487,0.00722944
2018-04-01,Durbl_excess,-0.0044,0.00415292,0.00969977,0.0041532,-0.0074656
2018-04-01,Enrgy_excess,0.0979,0.00649458,0.01000319,0.00649361,0.00627668
2018-04-01,HiTec_excess,-0.003,0.00740375,0.01568578,0.00740446,0.00982921
2018-04-01,Hlth_excess,-0.0019,0.00582875,0.01486194,0.00643351,0.00287328
2018-04-01,Manuf_excess,-0.0356,0.00697708,0.01403634,0.00697754,0.00611183
2018-04-01,NoDur_excess,-0.0409,0.00577875,0.00996614,0.00591798,0.00622172
2018-04-01,Other_excess,0.0045,0.00426292,0.01585882,0.00467933,0.00337994
2018-04-01,Shops_excess,0.0364,0.00662625,0.01477886,0.00662789,0.00692874
2018-04-01,Telcm_excess,-0.0245,0.00315833,0.01374045,0.00337336,-0.0038044
2018-04-01,Utils_excess,0.0264,0.00565917,0.00996089,0.00566305,0.00455542
2018-05-01,Durbl_excess,0.0297,0.0040775,0.00910605,0.0040767,-0.00725035
2018-05-01,Enrgy_excess,0.0325,0.00676458,0.01082056,0.0067643,0.00608185
2018-05-01,HiTec_excess,0.0666,0.00719333,0.0148906,0.007193,0.00564252
2018-05-01,Hlth_excess,0.0224,0.00575917,0.01371724,0.00589369,0.00074492
2018-05-01,Manuf_excess,0.0236,0.00679583,0.0126062,0.00679611,0.00643564
2018-05-01,NoDur_excess,-0.0072,0.00576125,0.00892214,0.0057781,0.00436755
2018-05-01,Other_excess,0.0131,0.00421583,0.0143259,0.00463009,0.00482321
2018-05-01,Shops_excess,0.0071,0.00682208,0.01430093,0.00682289,0.00578572
2018-05-01,Telcm_excess,-0.0145,0.00320792,0.01260669,0.00323141,-0.00410445
2018-05-01,Utils_excess,0.0013,0.00589083,0.00976393,0.00609563,0.00849282
2018-06-01,Durbl_excess,0.0047,0.00396167,0.00878926,0.00396302,-0.00614985
2018-06-01,Enrgy_excess,0.0036,0.00709458,0.01104638,0.00709523,0.01151595
2018-06-01,HiTec_excess,-0.0055,0.00778083,0.01352124,0.00778156,0.00386494
2018-06-01,Hlth_excess,0.0133,0.00597333,0.01355432,0.0065934,0.00207955
2018-06-01,Manuf_excess,-0.0112,0.00701458,0.01234871,0.00701608,0.006868
2018-06-01,NoDur_excess,0.0419,0.00570208,0.00820452,0.00600141,0.00437174
2018-06-01,Other_excess,-0.0108,0.00441542,0.01417281,0.00526985,0.00416003
2018-06-01,Shops_excess,0.0279,0.00678,0.01385697,0.00678207,0.00568235
2018-06-01,Telcm_excess,0.0637,0.00324,0.01069924,0.00338282,-0.00403341
2018-06-01,Utils_excess,0.0243,0.00595833,0.00891302,0.00628075,0.00836267
2018-07-01,Durbl_excess,-0.0132,0.00395167,0.00856163,0.00395075,-0.01155046
2018-07-01,Enrgy_excess,0.0095,0.00717833,0.01066017,0.00717783,0.01258466
2018-07-01,HiTec_excess,0.0239,0.00741083,0.01214527,0.0074109,0.00555385
2018-07-01,Hlth_excess,0.0574,0.0057875,0.01288615,0.00614446,0.00453398
2018-07-01,Manuf_excess,0.0506,0.00701583,0.01156413,0.00701574,0.00577537
2018-07-01,NoDur_excess,0.0271,0.00572125,0.00830118,0.00567194,0.00346376
2018-07-01,Other_excess,0.0358,0.00425792,0.01299739,0.00463449,0.00303075
2018-07-01,Shops_excess,0.0292,0.00669417,0.01348884,0.00669538,0.0053581
2018-07-01,Telcm_excess,0.0257,0.00340042,0.01066234,0.00348601,-0.00118548
2018-07-01,Utils_excess,0.0152,0.00595167,0.00847671,0.00590373,0.00676278
2018-08-01,Durbl_excess,-0.007,0.00395667,0.00690483,0.0039561,-0.00159006
2018-08-01,Enrgy_excess,-0.03,0.007505,0.00978371,0.00750673,0.00672756
2018-08-01,HiTec_excess,0.0699,0.00750542,0.00835585,0.00750559,0.01025736
2018-08-01,Hlth_excess,0.0434,0.00605417,0.01166395,0.00634793,0.00761516
2018-08-01,Manuf_excess,-0.0053,0.00748333,0.01072999,0.0074847,0.00929804
2018-08-01,NoDur_excess,-0.0132,0.00602333,0.00771331,0.00616641,0.00446506
2018-08-01,Other_excess,0.0224,0.00449583,0.01130006,0.00511165,0.00669281
2018-08-01,Shops_excess,0.0783,0.00695417,0.0121532,0.00695525,0.00811688
2018-08-01,Telcm_excess,0.0273,0.003365,0.00718146,0.00336126,0.00091363
2018-08-01,Utils_excess,0.0077,0.00625708,0.0072217,0.00640092,0.00607815
2018-09-01,Durbl_excess,-0.0384,0.00473542,0.00648015,0.00473375,-0.01115795
2018-09-01,Enrgy_excess,0.0322,0.00783083,0.00938633,0.00783066,0.01496211
2018-09-01,HiTec_excess,-0.002,0.00855125,0.00803762,0.00855088,0.0059421
2018-09-01,Hlth_excess,0.0193,0.00676833,0.0124206,0.0072187,0.01075068
2018-09-01,Manuf_excess,0.011,0.00807542,0.01056719,0.00807527,0.00813117
2018-09-01,NoDur_excess,0.0056,0.00653208,0.00743659,0.00641487,0.00653608
2018-09-01,Other_excess,-0.0165,0.0055,0.01212966,0.00581563,0.00573697
2018-09-01,Shops_excess,0.004,0.00789,0.01343897,0.00789115,0.00889551
2018-09-01,Telcm_excess,0.0164,0.00401167,0.00662477,0.00400852,0.00095835
2018-09-01,Utils_excess,-0.0072,0.00622542,0.0069835,0.00609803,0.00731735
2018-10-01,Durbl_excess,-0.0318,0.00456125,0.00554575,0.00455861,-0.00267806
2018-10-01,Enrgy_excess,-0.1192,0.00744458,0.00975768,0.00744742,0.00897586
2018-10-01,HiTec_excess,-0.0901,0.00793083,0.00944606,0.00793077,0.01685464
2018-10-01,Hlth_excess,-0.0898,0.00636417,0.01125829,0.00644841,0.00912296
2018-10-01,Manuf_excess,-0.0998,0.00811292,0.01059594,0.0081138,0.00967867
2018-10-01,NoDur_excess,-0.0041,0.00652208,0.00747893,0.00648574,0.00205135
2018-10-01,Other_excess,-0.0695,0.00532542,0.0105941,0.00585688,0.00579987
2018-10-01,Shops_excess,-0.0899,0.00786417,0.01219964,0.00786429,0.01084019
2018-10-01,Telcm_excess,-0.006,0.00367125,0.00713901,0.003492,0.0023595
2018-10-01,Utils_excess,-0.0025,0.00587417,0.00712553,0.00627612,0.0042299
2018-11-01,Durbl_excess,0.0506,0.00399917,0.00735387,0.00399416,-0.01655031
2018-11-01,Enrgy_excess,-0.0238,0.00691292,0.01017958,0.00691072,0.00679678
2018-11-01,HiTec_excess,-0.0176,0.00731,0.01658584,0.00730763,0.01045445
2018-11-01,Hlth_excess,0.0623,0.00584375,0.01175694,0.00549622,0.00601086
2018-11-01,Manuf_excess,0.045,0.00724083,0.01153833,0.00723799,0.00489541
2018-11-01,NoDur_excess,0.0031,0.00606042,0.00817444,0.00546804,0.00377786
2018-11-01,Other_excess,0.0266,0.00470167,0.0112661,0.00397079,0.00120507
2018-11-01,Shops_excess,0.0246,0.0070575,0.01233316,0.00705608,0.00386213
2018-11-01,Telcm_excess,0.0234,0.00337875,0.01316023,0.00320765,-0.00194598
2018-11-01,Utils_excess,0.0308,0.00595083,0.00932538,0.00561607,0.0045316
2018-12-01,Durbl_excess,-0.1177,0.00400458,0.00703835,0.00400064,-0.01005023
2018-12-01,Enrgy_excess,-0.1325,0.00680125,0.00875225,0.00679838,0.0087667
2018-12-01,HiTec_excess,-0.0841,0.00676375,0.01159402,0.00676248,0.00078034
2018-12-01,Hlth_excess,-0.0843,0.00585833,0.0118948,0.00632625,0.00779786
2018-12-01,Manuf_excess,-0.0889,0.00729458,0.01028055,0.00729212,0.00468465
2018-12-01,NoDur_excess,-0.115,0.00581917,0.00697027,0.00516142,0.00366034
2018-12-01,Other_excess,-0.1101,0.00457333,0.01027795,0.00389532,-0.00156823
2018-12-01,Shops_excess,-0.092,0.00677875,0.01179974,0.00677945,0.00739779
2018-12-01,Telcm_excess,-0.0889,0.00333667,0.01080402,0.00335795,-0.00094664
2018-12-01,Utils_excess,-0.0496,0.00603667,0.00766184,0.00504883,0.00284111
2019-01-01,Durbl_excess,0.1082,0.00337417,0.0086997,0.00337162,-0.00506444
2019-01-01,Enrgy_excess,0.1013,0.00631667,0.00736279,0.00631394,0.00153864
2019-01-01,HiTec_excess,0.0909,0.00579792,0.01577857,0.00579819,-0.00218118
2019-01-01,Hlth_excess,0.051,0.00531708,0.01295501,0.00579916,0.00462502
2019-01-01,Manuf_excess,0.0945,0.00684042,0.01087971,0.00683821,0.00992496
2019-01-01,NoDur_excess,0.0708,0.00534208,0.00624423,0.00470289,0.00368495
2019-01-01,Other_excess,0.0953,0.00398917,0.01049066,0.00318307,0.00388657
2019-01-01,Shops_excess,0.0811,0.00602708,0.01246579,0.00602785,0.0035976
2019-01-01,Telcm_excess,0.0524,0.0023825,0.01491808,0.00265538,-0.00277959
2019-01-01,Utils_excess,0.0517,0.00572667,0.00746003,0.00502638,0.00376211
2019-02-01,Durbl_excess,0.0356,0.00363542,0.00675009,0.00363584,-0.00195714
2019-02-01,Enrgy_excess,0.0229,0.00696042,0.00743689,0.00696117,0.00603611
2019-02-01,HiTec_excess,0.0548,0.00556333,0.00483714,0.00556406,0.00598259
2019-02-01,Hlth_excess,0.0312,0.0055325,0.01050349,0.00606308,0.00644718
2019-02-01,Manuf_excess,0.0502,0.00722417,0.00844438,0.00722486,0.00732263
2019-02-01,NoDur_excess,0.0116,0.00579625,0.00565566,0.00596799,0.00607551
2019-02-01,Other_excess,0.029,0.00436042,0.00799678,0.00473588,0.00438952
2019-02-01,Shops_excess,0.0062,0.00628875,0.0102852,0.00629024,0.00640645
2019-02-01,Telcm_excess,0.0286,0.002235,0.00593087,0.00244379,-0.00133276
2019-02-01,Utils_excess,0.0337,0.00621708,0.00533897,0.00643462,0.00796197
2019-03-01,Durbl_excess,-0.0519,0.00398583,0.00703895,0.00398522,-0.00320799
2019-03-01,Enrgy_excess,0.0183,0.00720625,0.00833477,0.00720585,-0.00069107
2019-03-01,HiTec_excess,0.0357,0.00628833,0.00550552,0.0062882,0.00067174
2019-03-01,Hlth_excess,0.0032,0.00567,0.0106646,0.00603928,0.00145088
2019-03-01,Manuf_excess,-0.0107,0.00753667,0.00928896,0.00753703,0.00637884
2019-03-01,NoDur_excess,0.0348,0.00602542,0.00612854,0.00603815,0.00426273
2019-03-01,Other_excess,-0.0155,0.00449542,0.00820314,0.00492969,0.00258571
2019-03-01,Shops_excess,0.032,0.006385,0.00987102,0.00638597,0.00190258
2019-03-01,Telcm_excess,0.0041,0.00248917,0.00510854,0.00257604,-0.00032114
2019-03-01,Utils_excess,0.0314,0.00652333,0.00647538,0.00673789,0.00821571
2019-04-01,Durbl_excess,0.032,0.00380292,0.00557001,0.00380479,0.00115846
2019-04-01,Enrgy_excess,0.0001,0.00666375,0.00843267,0.00666506,0.00847539
2019-04-01,HiTec_excess,0.056,0.00610208,0.00684272,0.00610345,0.00124305
2019-04-01,Hlth_excess,-0.0337,0.00559667,0.0114848,0.00655693,0.00162546
2019-04-01,Manuf_excess,0.0383,0.0073075,0.00943133,0.00730952,0.01025152
2019-04-01,NoDur_excess,0.0292,0.00627292,0.00742824,0.00669926,0.00810816
2019-04-01,Other_excess,0.0646,0.00434792,0.00913471,0.00521315,0.0060867
2019-04-01,Shops_excess,0.0441,0.00642375,0.01126365,0.00642664,0.00641008
2019-04-01,Telcm_excess,0.0577,0.0025525,0.00628285,0.00279067,0.00031072
2019-04-01,Utils_excess,0.0079,0.00674042,0.00831871,0.0072286,0.00549762
2019-05-01,Durbl_excess,-0.1245,0.00355958,0.00453356,0.00355843,-0.00080482
2019-05-01,Enrgy_excess,-0.1209,0.0060225,0.0072613,0.00602267,0.00442945
2019-05-01,HiTec_excess,-0.0875,0.00625667,0.00587291,0.00625649,0.00699165
2019-05-01,Hlth_excess,-0.0361,0.00570208,0.01040106,0.0059555,-0.00035071
2019-05-01,Manuf_excess,-0.0938,0.00708875,0.00919207,0.00708943,0.00882467
2019-05-01,NoDur_excess,-0.0583,0.00624708,0.00769848,0.00641303,0.00718576
2019-05-01,Other_excess,-0.0633,0.00435292,0.010146,0.00503924,0.00866129
2019-05-01,Shops_excess,-0.0626,0.00660708,0.01171847,0.00660822,0.00653586
2019-05-01,Telcm_excess,-0.0321,0.00248542,0.0054111,0.00253496,0.00270008
2019-05-01,Utils_excess,-0.0176,0.0064825,0.00807684,0.00695505,0.00784969
2019-06-01,Durbl_excess,0.1294,0.00324125,0.00574239,0.00324142,-0.00340552
2019-06-01,Enrgy_excess,0.0865,0.00566208,0.00693576,0.00566188,0.0089563
2019-06-01,HiTec_excess,0.0783,0.00594083,0.0136989,0.00594284,0.00629817
2019-06-01,Hlth_excess,0.0664,0.00565042,0.01285944,0.00647256,0.00859158
2019-06-01,Manuf_excess,0.0902,0.00684958,0.01105344,0.0068506,0.01371708
2019-06-01,NoDur_excess,0.0473,0.00596125,0.00774087,0.00598927,0.0078188
2019-06-01,Other_excess,0.0641,0.00426542,0.01322324,0.00490597,0.01207207
2019-06-01,Shops_excess,0.0699,0.00648458,0.01383336,0.0064875,0.00755992
2019-06-01,Telcm_excess,0.0497,0.00233833,0.01366899,0.00272546,-7.916e-05
2019-06-01,Utils_excess,0.0346,0.00614292,0.01005974,0.00624219,0.00870442
2019-07-01,Durbl_excess,0.0064,0.00375833,0.00487399,0.00375895,0.00159618
2019-07-01,Enrgy_excess,-0.0283,0.00610083,0.00520294,0.00610284,0.0088709
2019-07-01,HiTec_excess,0.0344,0.00580208,0.00346959,0.00580418,0.00656012
2019-07-01,Hlth_excess,-0.0235,0.00575917,0.01129345,0.00651746,0.00449466
2019-07-01,Manuf_excess,0.0078,0.00705417,0.00839885,0.00705623,0.0090621
2019-07-01,NoDur_excess,0.0141,0.00616417,0.00720174,0.00652686,0.00698952
2019-07-01,Other_excess,0.0158,0.00442208,0.01033535,0.00542461,0.00943469
2019-07-01,Shops_excess,0.0083,0.00645625,0.01221981,0.00645868,0.00829649
2019-07-01,Telcm_excess,0.0186,0.00231708,0.00492224,0.00260775,0.00236899
2019-07-01,Utils_excess,-0.012,0.00649083,0.00741426,0.00697818,0.00722597
2019-08-01,Durbl_excess,-0.0484,0.00405208,0.00519845,0.00405156,0.00057934
2019-08-01,Enrgy_excess,-0.0867,0.00593042,0.00444167,0.00593087,0.00429205
2019-08-01,HiTec_excess,-0.0275,0.00603333,0.0053131,0.00603483,0.00823306
2019-08-01,Hlth_excess,-0.008,0.00586042,0.01069986,0.00636974,0.00256487
2019-08-01,Manuf_excess,-0.0184,0.00715083,0.00894586,0.00715209,0.00770393
2019-08-01,NoDur_excess,-0.0158,0.00634042,0.00778671,0.0064937,0.0057693
2019-08-01,Other_excess,-0.0479,0.00475125,0.01149786,0.00560243,0.00897152
2019-08-01,Shops_excess,-0.0004,0.006715,0.01268403,0.00671694,0.00840066
2019-08-01,Telcm_excess,0.0013,0.00248208,0.00607581,0.00269372,0.0030559
2019-08-01,Utils_excess,0.0329,0.00648083,0.00734936,0.00678308,0.00562171
2019-09-01,Durbl_excess,0.036,0.00384167,0.005597,0.00384373,-0.00295025
2019-09-01,Enrgy_excess,0.0351,0.00550542,0.00263723,0.00550643,0.00767659
2019-09-01,HiTec_excess,0.0111,0.0057075,0.00941051,0.00571178,0.00909207
2019-09-01,Hlth_excess,-0.0116,0.00568667,0.01317215,0.00695114,0.00662257
2019-09-01,Manuf_excess,0.0366,0.00711208,0.0107845,0.00711465,0.01730037
2019-09-01,NoDur_excess,0.017,0.00648208,0.00814225,0.0066299,0.00939333
2019-09-01,Other_excess,0.0173,0.00477792,0.01340685,0.00562219,0.01572411
2019-09-01,Shops_excess,0.0065,0.00697792,0.01536605,0.00698213,0.00906797
2019-09-01,Telcm_excess,0.0108,0.0028475,0.01086581,0.00335057,0.00107739
2019-09-01,Utils_excess,0.0376,0.00661,0.01021446,0.00675648,0.00751824
2019-10-01,Durbl_excess,0.0687,0.00435667,0.00602487,0.00435456,0.00046974
2019-10-01,Enrgy_excess,-0.0223,0.00583292,0.00353042,0.00583201,0.00279202
2019-10-01,HiTec_excess,0.0313,0.00577417,0.00874461,0.00577549,0.00577596
2019-10-01,Hlth_excess,0.0451,0.00594917,0.01160103,0.00626776,0.00658295
2019-10-01,Manuf_excess,-0.0009,0.00741208,0.01127127,0.00741265,0.00804612
2019-10-01,NoDur_excess,-0.0007,0.00685708,0.00806313,0.00674681,0.00565611
2019-10-01,Other_excess,0.0294,0.00505583,0.0130292,0.00570185,0.00796895
2019-10-01,Shops_excess,0.0052,0.00696833,0.01475445,0.00696982,0.00802796
2019-10-01,Telcm_excess,0.0204,0.002715,0.01035253,0.00292715,0.00315272
2019-10-01,Utils_excess,-0.0154,0.00696125,0.01081308,0.00729547,0.00956297
2019-11-01,Durbl_excess,0.0279,0.0044675,0.00769747,0.0044673,0.00142778
2019-11-01,Enrgy_excess,0.01,0.00582167,0.00138755,0.00582081,-0.00115704
2019-11-01,HiTec_excess,0.0515,0.00579542,0.00659789,0.00579732,0.00892118
2019-11-01,Hlth_excess,0.0536,0.00570625,0.01218277,0.00626451,0.00552071
2019-11-01,Manuf_excess,0.0314,0.00718667,0.00982733,0.00718779,0.00678025
2019-11-01,NoDur_excess,0.0215,0.00659542,0.00783657,0.00666653,0.00526154
2019-11-01,Other_excess,0.0493,0.00471833,0.01278579,0.00555902,0.00704362
2019-11-01,Shops_excess,0.0199,0.0068725,0.01366161,0.0068745,0.00801618
2019-11-01,Telcm_excess,0.0235,0.00247042,0.00843397,0.00275459,0.00367222
2019-11-01,Utils_excess,-0.0226,0.00682333,0.00895299,0.00718796,0.00824551
2019-12-01,Durbl_excess,0.0526,0.00469042,0.00722101,0.00468965,0.00112359
2019-12-01,Enrgy_excess,0.061,0.00571958,0.00140198,0.00571936,-0.00072087
2019-12-01,HiTec_excess,0.037,0.00549375,0.00568243,0.00549569,0.00882597
2019-12-01,Hlth_excess,0.0331,0.00588125,0.01271254,0.00651225,0.00895073
2019-12-01,Manuf_excess,0.012,0.00737333,0.00966503,0.00737448,0.00776828
2019-12-01,NoDur_excess,0.0334,0.00674583,0.00811772,0.0067936,0.00410095
2019-12-01,Other_excess,0.0222,0.0050425,0.01317469,0.00594622,0.00900455
2019-12-01,Shops_excess,0.0121,0.0067975,0.0130369,0.00679924,0.00777255
2019-12-01,Telcm_excess,0.009,0.00239125,0.00663993,0.00258967,0.001998
2019-12-01,Utils_excess,0.0398,0.00705083,0.00761051,0.00720638,0.00414223
2020-01-01,Durbl_excess,0.0602,0.00481333,0.00752225,0.00373077,0.00426453
2020-01-01,Enrgy_excess,-0.12,0.00596583,0.00272524,0.00596589,0.00381929
2020-01-01,HiTec_excess,0.0324,0.00480167,0.0039569,0.00562679,0.01154941
2020-01-01,Hlth_excess,-0.0212,0.00627167,0.01253968,0.00672946,0.00913807
2020-01-01,Manuf_excess,-0.0287,0.00701333,0.00877588,0.00728017,0.00725813
2020-01-01,NoDur_excess,-0.0056,0.00701333,0.00863543,0.00701359,0.00429605
2020-01-01,Other_excess,-0.0147,0.005095,0.01258148,0.00699165,0.00948228
2020-01-01,Shops_excess,0.0084,0.00658458,0.01205417,0.00755897,0.00895943
2020-01-01,Telcm_excess,-0.0225,0.00225833,0.00439188,0.00256289,0.00642298
2020-01-01,Utils_excess,0.047,0.00733375,0.00828623,0.00762753,0.00624729
2020-02-01,Durbl_excess,-0.0737,0.00513667,0.01005119,0.00866625,0.0191408
2020-02-01,Enrgy_excess,-0.1555,0.00542958,0.0,0.00543016,0.00910709
2020-02-01,HiTec_excess,-0.0711,0.00517083,0.0075323,0.00860339,0.02029444
2020-02-01,Hlth_excess,-0.0549,0.0058825,0.01278465,0.00701288,0.00822791
2020-02-01,Manuf_excess,-0.0873,0.00727167,0.00874265,0.00981914,0.01461836
2020-02-01,NoDur_excess,-0.0888,0.00720375,0.00849521,0.00720454,0.00844933
2020-02-01,Other_excess,-0.0999,0.00524875,0.01321418,0.00868991,0.01315721
2020-02-01,Shops_excess,-0.0684,0.00709542,0.01304135,0.01490069,0.0178404
2020-02-01,Telcm_excess,-0.0634,0.00234208,0.00592757,0.0071199,0.00798019
2020-02-01,Utils_excess,-0.1001,0.00731583,0.01024594,0.00767651,0.00779243
2020-03-01,Durbl_excess,-0.2279,0.00521458,0.01226043,0.00720156,0.00922349
2020-03-01,Enrgy_excess,-0.3459,0.00503292,0.0,0.00503014,0.00375335
2020-03-01,HiTec_excess,-0.0989,0.00414083,0.0204119,0.00777343,0.01498856
2020-03-01,Hlth_excess,-0.0521,0.00577625,0.0152252,0.00674,0.01160698
2020-03-01,Manuf_excess,-0.1703,0.00708167,0.01071871,0.00786743,0.00959816
2020-03-01,NoDur_excess,-0.1099,0.00711292,0.00626378,0.00711126,0.00095963
2020-03-01,Other_excess,-0.1934,0.00515792,0.01426595,0.0064848,0.0064147
2020-03-01,Shops_excess,-0.0803,0.00699292,0.01510828,0.01225834,0.01321267
2020-03-01,Telcm_excess,-0.1334,0.00224958,0.01549704,0.00781173,0.00830174
2020-03-01,Utils_excess,-0.1317,0.00721125,0.00850859,0.00686024,0.00415388
2020-04-01,Durbl_excess,0.2549,0.00383083,0.01148627,0.0,-0.01169207
2020-04-01,Enrgy_excess,0.3231,0.00311458,0.0,0.00308648,-0.00051283
2020-04-01,HiTec_excess,0.1492,0.00357792,0.02158915,0.0,0.00929735
2020-04-01,Hlth_excess,0.1345,0.00558,0.01268202,0.00220439,-0.00441624
2020-04-01,Manuf_excess,0.1086,0.00607833,0.00429954,0.0,-0.01092012
2020-04-01,NoDur_excess,0.0775,0.006365,0.00251389,0.0063427,-0.01696323
2020-04-01,Other_excess,0.1145,0.00377333,0.00603381,0.0,-0.02040221
2020-04-01,Shops_excess,0.1824,0.00612,0.01444979,0.0,-0.00360098
2020-04-01,Telcm_excess,0.0921,0.00136875,0.01388238,0.0,0.00091891
2020-04-01,Utils_excess,0.0518,0.00643667,0.0,0.00121628,-0.00246906
2020-05-01,Durbl_excess,0.0712,0.00455,0.01129727,0.01020934,-0.00946549
2020-05-01,Enrgy_excess,0.0055,0.00457625,0.0,0.00457814,0.00688634
2020-05-01,HiTec_excess,0.0762,0.00465833,0.0,0.01219782,0.00427073
2020-05-01,Hlth_excess,0.0415,0.00594958,0.00528802,0.00743133,0.00171671
2020-05-01,Manuf_excess,0.0581,0.00648917,0.0,0.00722014,-0.0130226
2020-05-01,NoDur_excess,0.0309,0.00678875,0.0011323,0.00678812,-0.00331732
2020-05-01,Other_excess,0.0459,0.0043875,0.0,0.00477317,-0.018501
2020-05-01,Shops_excess,0.0447,0.00708583,0.01003407,0.01368448,0.00397946
2020-05-01,Telcm_excess,0.048,0.00211875,0.0,0.00852874,-0.00059197
2020-05-01,Utils_excess,0.0462,0.0063625,0.0,0.00569767,0.00321339
2020-06-01,Durbl_excess,0.1412,0.00538042,0.01620564,0.00949257,0.01028965
2020-06-01,Enrgy_excess,-0.004,0.00422875,0.0,0.00422583,-0.00389937
2020-06-01,HiTec_excess,0.0572,0.00544875,0.00220802,0.01152826,0.01660602
2020-06-01,Hlth_excess,-0.0145,0.00598833,0.0095698,0.00708566,0.01250653
2020-06-01,Manuf_excess,0.0259,0.00682375,0.0,0.00786026,0.00763963
2020-06-01,NoDur_excess,-0.0015,0.0066425,0.00373946,0.0066428,0.00469975
2020-06-01,Other_excess,0.0049,0.00446,0.00133572,0.00643996,0.00834428
2020-06-01,Shops_excess,0.0441,0.00741083,0.01434226,0.01281008,0.01060642
2020-06-01,Telcm_excess,-0.0263,0.002755,0.0,0.0071634,0.00095299
2020-06-01,Utils_excess,-0.0503,0.00641083,0.0,0.00618005,0.00099266
2020-07-01,Durbl_excess,0.1867,0.00636,0.02384672,0.01184711,0.01375361
2020-07-01,Enrgy_excess,-0.048,0.00443917,0.0,0.00443626,-0.0009573
2020-07-01,HiTec_excess,0.0686,0.0051775,0.00926726,0.01155696,0.02609392
2020-07-01,Hlth_excess,0.0438,0.00548667,0.00989232,0.00665377,0.00858122
2020-07-01,Manuf_excess,0.0455,0.00700167,0.00440424,0.00821538,0.00883217
2020-07-01,NoDur_excess,0.0586,0.00656208,0.00435444,0.00656247,0.00521106
2020-07-01,Other_excess,0.038,0.0046275,0.00599435,0.00668919,0.00703651
2020-07-01,Shops_excess,0.0942,0.00770333,0.01815023,0.01554718,0.01305694
2020-07-01,Telcm_excess,0.0505,0.00249583,0.0,0.00643302,0.0020896
2020-07-01,Utils_excess,0.0633,0.00641292,0.0,0.00602929,0.00055351
2020-08-01,Durbl_excess,0.4098,0.00696083,0.0314554,0.01461639,0.02537665
2020-08-01,Enrgy_excess,-0.0115,0.00437083,0.0,0.00436624,-0.00460645
2020-08-01,HiTec_excess,0.1061,0.00569792,0.00540478,0.01241168,0.01333793
2020-08-01,Hlth_excess,0.0234,0.00596042,0.00983751,0.00720562,0.0057628
2020-08-01,Manuf_excess,0.0616,0.00727167,0.00443093,0.01007835,0.00515904
2020-08-01,NoDur_excess,0.0444,0.00679625,0.00659559,0.00679826,0.00644317
2020-08-01,Other_excess,0.0678,0.0045825,0.00492071,0.00826331,0.00486592
2020-08-01,Shops_excess,0.0806,0.00816667,0.02124954,0.01793517,0.01343625
2020-08-01,Telcm_excess,0.0559,0.00300708,0.0,0.00796542,-0.00041815
2020-08-01,Utils_excess,-0.0226,0.00653542,0.0,0.0065891,0.00112985
2020-09-01,Durbl_excess,-0.0905,0.0084625,0.05270077,0.01437529,0.05963839
2020-09-01,Enrgy_excess,-0.15,0.00397917,0.0,0.00397241,-0.00947046
2020-09-01,HiTec_excess,-0.0525,0.0056325,0.00374965,0.0086842,0.01671833
2020-09-01,Hlth_excess,-0.0144,0.00593292,0.00866896,0.00628162,-0.00217938
2020-09-01,Manuf_excess,-0.0015,0.00724042,0.00581059,0.00706666,0.00373975
2020-09-01,NoDur_excess,-0.0209,0.00708875,0.00932923,0.00708816,0.00196764
2020-09-01,Other_excess,-0.0296,0.00450083,0.00706836,0.00642014,0.00404429
2020-09-01,Shops_excess,-0.0387,0.00862333,0.02443133,0.01454789,0.01616973
2020-09-01,Telcm_excess,-0.0198,0.00332292,0.0,0.00074954,-0.00433959
2020-09-01,Utils_excess,-0.0033,0.00597625,0.0,0.00547769,-0.00223489
2020-10-01,Durbl_excess,-0.0326,0.00828,0.04383263,0.01580282,0.04940928
2020-10-01,Enrgy_excess,-0.0447,0.00318542,0.0,0.00318025,-0.00838887
2020-10-01,HiTec_excess,-0.0179,0.00604875,0.00609332,0.01053864,0.01648561
2020-10-01,Hlth_excess,-0.0438,0.00574125,0.00726874,0.00662227,0.00668461
2020-10-01,Manuf_excess,-0.0077,0.00749292,0.00751966,0.00857775,0.00996295
2020-10-01,NoDur_excess,-0.0271,0.0068675,0.00676868,0.00686733,0.00933353
2020-10-01,Other_excess,-0.0171,0.00438833,0.00534343,0.00639963,0.0045882
2020-10-01,Shops_excess,-0.027,0.0083725,0.02005993,0.01629534,0.01832173
2020-10-01,Telcm_excess,-0.039,0.00344708,0.0,0.0039833,0.00144407
2020-10-01,Utils_excess,0.0446,0.00561708,0.0,0.00508741,-0.00014292
2020-11-01,Durbl_excess,0.3389,0.00806125,0.03845307,0.01426828,0.04896721
2020-11-01,Enrgy_excess,0.2852,0.00313958,0.0,0.00313357,-0.01175524
2020-11-01,HiTec_excess,0.1071,0.00630875,0.00699952,0.01027638,0.019228
2020-11-01,Hlth_excess,0.0982,0.00549625,0.00467665,0.00599874,0.00744517
2020-11-01,Manuf_excess,0.1395,0.0073425,0.0065965,0.0081678,0.00952591
2020-11-01,NoDur_excess,0.1001,0.00646625,0.0041916,0.00646616,0.00412641
2020-11-01,Other_excess,0.1587,0.00439417,0.00450148,0.00647282,0.00644136
2020-11-01,Shops_excess,0.0829,0.00835625,0.01766942,0.0134248,0.01688707
2020-11-01,Telcm_excess,0.1446,0.003315,0.0,0.00301122,0.00117721
2020-11-01,Utils_excess,0.0265,0.00589583,0.0,0.0057806,0.0018368
2020-12-01,Durbl_excess,0.1538,0.00995875,0.05492812,0.0200864,0.07596651
2020-12-01,Enrgy_excess,0.0568,0.00445417,0.0,0.0044505,0.00043678
2020-12-01,HiTec_excess,0.0507,0.00774292,0.0046369,0.01127263,0.01371617
2020-12-01,Hlth_excess,0.047,0.00589542,0.00298478,0.00632647,0.00499728
2020-12-01,Manuf_excess,0.0251,0.00807333,0.01067848,0.01077796,0.01488158
2020-12-01,NoDur_excess,0.049,0.00679208,0.00683972,0.00679357,0.01216061
2020-12-01,Other_excess,0.0566,0.00532583,0.00943896,0.00890055,0.01060531
2020-12-01,Shops_excess,0.0137,0.00876625,0.01797219,0.01557719,0.01487935
2020-12-01,Telcm_excess,0.0511,0.0046275,0.0,0.00484732,1.98e-05
2020-12-01,Utils_excess,0.0061,0.00590417,0.0,0.00589692,-6.15e-06
2021-01-01,Durbl_excess,0.1148,0.01061708,0.05931421,0.01939925,0.08437874
2021-01-01,Enrgy_excess,0.0505,0.00439917,0.0,0.00439443,-0.00046001
2021-01-01,HiTec_excess,0.0056,0.00830792,0.00597673,0.01021486,0.01463911
2021-01-01,Hlth_excess,0.0342,0.00596667,0.00372016,0.00606511,0.00468305
2021-01-01,Manuf_excess,-0.0232,0.00790833,0.00966334,0.00930633,0.01341796
2021-01-01,NoDur_excess,-0.0415,0.00679042,0.00811615,0.00679086,0.01192299
2021-01-01,Other_excess,-0.0272,0.00531292,0.01074928,0.00841822,0.01353191
2021-01-01,Shops_excess,-0.0006,0.00860792,0.01574244,0.01308867,0.01592076
2021-01-01,Telcm_excess,-0.0355,0.00503917,0.0,0.00313608,0.00305953
2021-01-01,Utils_excess,-0.0044,0.00568083,0.0,0.00534845,-0.00039775
2021-02-01,Durbl_excess,-0.0808,0.01057417,0.05447085,0.01807029,0.07115593
2021-02-01,Enrgy_excess,0.2362,0.004775,0.0,0.00477086,-0.00173287
2021-02-01,HiTec_excess,0.0136,0.00767958,0.00437863,0.00843197,0.01238763
2021-02-01,Hlth_excess,-0.0125,0.00648625,0.00897908,0.00658225,0.00624653
2021-02-01,Manuf_excess,0.0553,0.007875,0.00909783,0.00827311,0.00769588
2021-02-01,NoDur_excess,0.0132,0.00673083,0.00650662,0.00673034,0.00507836
2021-02-01,Other_excess,0.0979,0.00519583,0.01022818,0.00754871,0.00616213
2021-02-01,Shops_excess,-0.0165,0.00836083,0.01414558,0.01217826,0.00905933
2021-02-01,Telcm_excess,0.0426,0.00426792,0.0,0.00109937,-0.00452799
2021-02-01,Utils_excess,-0.0459,0.00611125,0.00121651,0.00600997,0.00132782
2021-03-01,Durbl_excess,0.0087,0.01030542,0.04512598,0.01605531,0.01725338
2021-03-01,Enrgy_excess,0.0228,0.00577625,0.00873355,0.00577494,0.00880176
2021-03-01,HiTec_excess,0.0087,0.00883833,0.00735864,0.0095167,0.0065931
2021-03-01,Hlth_excess,-0.0009,0.0064725,0.0066425,0.00609984,-0.00377255
2021-03-01,Manuf_excess,0.0771,0.00827917,0.01140466,0.00927446,0.00665561
2021-03-01,NoDur_excess,0.0728,0.00679583,0.00660326,0.00679606,0.00104857
2021-03-01,Other_excess,0.0526,0.00579667,0.01455597,0.00962393,0.01253158
2021-03-01,Shops_excess,0.0573,0.00853,0.01247574,0.01061255,0.00559862
2021-03-01,Telcm_excess,0.0163,0.00489042,0.0,0.00271203,-0.00204588
2021-03-01,Utils_excess,0.1039,0.00567833,0.0,0.00578966,-0.0021927
2021-04-01,Durbl_excess,0.044,0.01049792,0.03990816,0.01460293,0.01254105
2021-04-01,Enrgy_excess,0.0075,0.00589292,0.0095296,0.00589234,0.01264634
2021-04-01,HiTec_excess,0.0642,0.00947083,0.00367639,0.00903541,0.01226057
2021-04-01,Hlth_excess,0.0296,0.00684417,0.00426576,0.00636843,-0.00091009
2021-04-01,Manuf_excess,0.0244,0.00887,0.01361899,0.0101545,0.01260038
2021-04-01,NoDur_excess,0.0332,0.00731583,0.00977141,0.00731637,0.01149119
2021-04-01,Other_excess,0.057,0.00622083,0.01442198,0.00943635,0.01278975
2021-04-01,Shops_excess,0.0703,0.00890583,0.01198922,0.01228452,0.00999191
2021-04-01,Telcm_excess,0.0308,0.00522583,0.0,0.00142715,7.09e-05
2021-04-01,Utils_excess,0.0398,0.006085,0.0014533,0.0062895,0.00453382
2021-05-01,Durbl_excess,-0.0533,0.010335,0.03940125,0.01599898,0.01018807
2021-05-01,Enrgy_excess,0.062,0.00552292,0.00786346,0.00552217,0.01239696
2021-05-01,HiTec_excess,-0.0089,0.00900417,0.0,0.00953531,-0.00057375
2021-05-01,Hlth_excess,-0.0012,0.00680667,0.00176643,0.00674633,0.00721254
2021-05-01,Manuf_excess,0.0277,0.00867333,0.01186748,0.01079351,0.01035467
2021-05-01,NoDur_excess,0.0197,0.00743208,0.01028308,0.00743331,0.01354057
2021-05-01,Other_excess,0.0277,0.00622125,0.0137985,0.00998176,0.01437878
2021-05-01,Shops_excess,-0.0215,0.00898167,0.01194081,0.01581546,0.0133127
2021-05-01,Telcm_excess,-0.0051,0.00520333,0.0,0.00305481,0.00120136
2021-05-01,Utils_excess,-0.0116,0.00604167,0.00069052,0.00605988,0.00299257
2021-06-01,Durbl_excess,0.0556,0.01019125,0.03380046,0.01387991,0.00454503
2021-06-01,Enrgy_excess,0.0553,0.00579042,0.01112339,0.00579035,0.0158634
2021-06-01,HiTec_excess,0.0677,0.00911375,0.0,0.00881382,-0.00111321
2021-06-01,Hlth_excess,0.0441,0.00669958,0.00096,0.00629936,0.00491041
2021-06-01,Manuf_excess,-0.0101,0.0087125,0.01237558,0.01045912,0.01080999
2021-06-01,NoDur_excess,-0.0081,0.00738583,0.01011799,0.00738693,0.01669885
2021-06-01,Other_excess,-0.0202,0.00619833,0.0139151,0.0098091,0.01440054
2021-06-01,Shops_excess,0.0293,0.00883833,0.00966052,0.01316695,0.01049079
2021-06-01,Telcm_excess,-0.0001,0.00526333,0.0,0.00198872,0.00169713
2021-06-01,Utils_excess,-0.0142,0.00598708,0.00030193,0.00611502,0.00450777
2021-07-01,Durbl_excess,-0.0096,0.01027667,0.03466262,0.01582878,0.00581239
2021-07-01,Enrgy_excess,-0.0866,0.00634333,0.01578333,0.00634514,0.01272178
2021-07-01,HiTec_excess,0.036,0.00934875,0.00068207,0.01086468,0.00327841
2021-07-01,Hlth_excess,0.0284,0.00701917,0.00276467,0.00717342,0.00841003
2021-07-01,Manuf_excess,0.0133,0.00887583,0.01204234,0.0116586,0.00843043
2021-07-01,NoDur_excess,0.0023,0.00742708,0.00932691,0.00742892,0.0082572
2021-07-01,Other_excess,-0.0057,0.00612958,0.01141806,0.01006631,0.01246474
2021-07-01,Shops_excess,0.0025,0.00907958,0.01058195,0.01594693,0.01221376
2021-07-01,Telcm_excess,0.0036,0.00538625,0.0,0.00412102,-0.00133477
2021-07-01,Utils_excess,0.0297,0.00619583,0.00024515,0.00646995,0.00186474
2021-08-01,Durbl_excess,0.0178,0.01011333,0.03347135,0.01343187,0.00364009
2021-08-01,Enrgy_excess,-0.0116,0.00608792,0.01071543,0.0060882,0.01146789
2021-08-01,HiTec_excess,0.0464,0.00982667,0.00365992,0.01077077,0.00370204
2021-08-01,Hlth_excess,0.0284,0.007055,0.00267166,0.00726501,0.00822056
2021-08-01,Manuf_excess,0.0055,0.00892167,0.01189744,0.01048741,0.01367311
2021-08-01,NoDur_excess,-0.0028,0.00747167,0.00887318,0.00747177,0.01290202
2021-08-01,Other_excess,0.027,0.00620875,0.01030962,0.00869997,0.01260104
2021-08-01,Shops_excess,0.0241,0.00891292,0.0085082,0.01303748,0.00897604
2021-08-01,Telcm_excess,0.0137,0.00545375,0.0,0.00139398,-0.00024717
2021-08-01,Utils_excess,0.0323,0.00649208,0.00189715,0.00643479,0.00116033
2021-09-01,Durbl_excess,0.028,0.01061917,0.03546849,0.01304584,0.00770978
2021-09-01,Enrgy_excess,0.1108,0.00619833,0.01057138,0.00619836,0.01343621
2021-09-01,HiTec_excess,-0.0614,0.01055917,0.00769741,0.01121309,0.01298606
2021-09-01,Hlth_excess,-0.0602,0.00731542,0.00330687,0.00728266,0.00977841
2021-09-01,Manuf_excess,-0.0579,0.00904833,0.01146067,0.0099165,0.01426505
2021-09-01,NoDur_excess,-0.0458,0.00739,0.00718481,0.00738938,0.0081869
2021-09-01,Other_excess,-0.0245,0.00655083,0.01136019,0.00913867,0.01586073
2021-09-01,Shops_excess,-0.0438,0.00931458,0.01006315,0.01161162,0.01286704
2021-09-01,Telcm_excess,-0.0558,0.00588375,0.0,0.00047637,0.00264997
2021-09-01,Utils_excess,-0.0487,0.0066175,0.00278304,0.00678301,0.00605148
2021-10-01,Durbl_excess,0.3078,0.01146708,0.03679743,0.01450229,0.00677241
2021-10-01,Enrgy_excess,0.1027,0.00692917,0.01719846,0.00693141,0.01882062
2021-10-01,HiTec_excess,0.0814,0.01110667,0.00961137,0.01179607,0.01409803
2021-10-01,Hlth_excess,0.0223,0.0071025,0.00212208,0.0067293,0.00610373
2021-10-01,Manuf_excess,0.0499,0.00934792,0.01067213,0.01002376,0.00923402
2021-10-01,NoDur_excess,0.0374,0.0073575,0.00563812,0.00735689,0.00577454
2021-10-01,Other_excess,0.0668,0.00678833,0.01206362,0.00953106,0.01060174
2021-10-01,Shops_excess,0.0515,0.00954,0.01026575,0.01119351,0.00995985
2021-10-01,Telcm_excess,-0.0424,0.00576083,0.0,0.00040252,-0.00013739
2021-10-01,Utils_excess,0.0511,0.00670125,0.00241949,0.00706572,0.00430103
2021-11-01,Durbl_excess,0.0204,0.01271417,0.04818711,0.01938106,0.01852381
2021-11-01,Enrgy_excess,-0.0541,0.00715208,0.02248838,0.00715506,0.02344173
2021-11-01,HiTec_excess,0.0144,0.01080083,0.00659763,0.01205638,0.01570362
2021-11-01,Hlth_excess,-0.0427,0.00715208,0.0,0.00682949,0.01006189
2021-11-01,Manuf_excess,-0.007,0.00940083,0.01072828,0.01098681,0.0089346
2021-11-01,NoDur_excess,-0.0388,0.00746917,0.00610849,0.00746957,0.01068948
2021-11-01,Other_excess,-0.0549,0.00711667,0.01255038,0.01068477,0.01221465
2021-11-01,Shops_excess,0.0146,0.00969833,0.00927968,0.01376768,0.01246561
2021-11-01,Telcm_excess,-0.072,0.00599208,0.0,0.00071791,-0.00150901
2021-11-01,Utils_excess,-0.0198,0.00685,0.00388586,0.00745196,0.00931006
2021-12-01,Durbl_excess,-0.0466,0.01218083,0.04362053,0.01701619,0.01104778
2021-12-01,Enrgy_excess,0.0305,0.00710917,0.01892457,0.0071119,0.01764057
2021-12-01,HiTec_excess,0.0167,0.01020583,0.00530773,0.01035095,0.01119481
2021-12-01,Hlth_excess,0.0658,0.00677208,0.0,0.0063664,0.00441623
2021-12-01,Manuf_excess,0.0581,0.00902625,0.00883666,0.00944973,0.00691138
2021-12-01,NoDur_excess,0.0807,0.00720708,0.00368577,0.00720543,0.0021811
2021-12-01,Other_excess,0.0494,0.006595,0.00840258,0.00830017,0.0069738
2021-12-01,Shops_excess,0.0152,0.0093575,0.0085726,0.01224581,0.00970129
2021-12-01,Telcm_excess,0.0395,0.00545542,0.0,0.0,-0.00807406
2021-12-01,Utils_excess,0.0856,0.00683417,0.00343267,0.00688986,0.00039498
2022-01-01,Durbl_excess,-0.1031,0.01202792,0.04072488,0.01562949,0.01404633
2022-01-01,Enrgy_excess,0.1742,0.00699375,0.0194202,0.00699662,0.02462697
2022-01-01,HiTec_excess,-0.0843,0.01030792,0.00385739,0.00947097,0.01375808
2022-01-01,Hlth_excess,-0.0877,0.00717,0.0,0.00666536,0.00985434
2022-01-01,Manuf_excess,-0.0584,0.00916458,0.01012599,0.00928252,0.01111693
2022-01-01,NoDur_excess,-0.0065,0.00747083,0.00654543,0.00746983,0.01161627
2022-01-01,Other_excess,-0.0326,0.00665375,0.00842958,0.00817541,0.01211341
2022-01-01,Shops_excess,-0.0883,0.00924625,0.00660996,0.00943148,0.01176684
2022-01-01,Telcm_excess,-0.0193,0.00551792,0.0,0.0,-0.00201742
2022-01-01,Utils_excess,-0.021,0.00702875,0.00614825,0.00749967,0.01047907
2022-02-01,Durbl_excess,-0.0707,0.01148542,0.02784255,0.01230646,0.00829482
2022-02-01,Enrgy_excess,0.0836,0.007845,0.02598363,0.0078492,0.02449005
2022-02-01,HiTec_excess,-0.0452,0.00998417,0.00103929,0.00785956,0.00697742
2022-02-01,Hlth_excess,-0.0101,0.00691083,0.0,0.00594257,0.00251224
2022-02-01,Manuf_excess,-0.0123,0.00886208,0.0069002,0.00790789,0.00746591
2022-02-01,NoDur_excess,-0.0057,0.00741333,0.00641705,0.00741217,0.00719356
2022-02-01,Other_excess,-0.0172,0.00658875,0.00760473,0.00753579,0.00892557
2022-02-01,Shops_excess,-0.0155,0.00877542,0.00239739,0.00768282,0.0062701
2022-02-01,Telcm_excess,0.0029,0.00574125,0.0,0.0,-0.00390537
2022-02-01,Utils_excess,-0.0109,0.0071275,0.00715158,0.00759281,0.00868824
2022-03-01,Durbl_excess,0.1502,0.01106,0.02194257,0.01094295,0.00594574
2022-03-01,Enrgy_excess,0.0978,0.00796708,0.02504305,0.00797159,0.02788962
2022-03-01,HiTec_excess,0.0327,0.01034917,0.00276772,0.00875265,0.00499157
2022-03-01,Hlth_excess,0.0514,0.00689292,0.0,0.0060198,0.00623411
2022-03-01,Manuf_excess,0.0091,0.00863458,0.00493328,0.00742903,0.00823959
2022-03-01,NoDur_excess,0.0044,0.00721833,0.00477493,0.00721681,0.00612572
2022-03-01,Other_excess,0.0108,0.00653292,0.00569692,0.00690417,0.0072749
2022-03-01,Shops_excess,0.0297,0.0087225,0.00170339,0.00804702,0.00613229
2022-03-01,Telcm_excess,-0.0243,0.00587333,0.0,0.0,-0.00163711
2022-03-01,Utils_excess,0.0968,0.0071025,0.00624321,0.00740297,0.0071132
2022-04-01,Durbl_excess,-0.1691,0.01140417,0.02153363,0.01290842,0.01531414
2022-04-01,Enrgy_excess,-0.0129,0.00805958,0.02692562,0.00806357,0.02613555
2022-04-01,HiTec_excess,-0.1261,0.01022,0.0,0.00849925,0.00800679
2022-04-01,Hlth_excess,-0.0692,0.00709,0.0,0.00605494,0.00563592
2022-04-01,Manuf_excess,-0.053,0.0084725,0.0,0.00721475,0.00850231
2022-04-01,NoDur_excess,0.0225,0.00708375,0.00102899,0.00708285,0.00716359
2022-04-01,Other_excess,-0.0914,0.006365,0.0,0.00655761,0.00761492
2022-04-01,Shops_excess,-0.0979,0.00876458,0.0,0.00815229,0.00748374
2022-04-01,Telcm_excess,-0.1057,0.0057625,0.0,0.0,-0.00353432
2022-04-01,Utils_excess,-0.0372,0.0070825,0.00357705,0.00785958,0.01275328
2022-05-01,Durbl_excess,-0.0907,0.01062542,0.00869418,0.00573857,-0.00401914
2022-05-01,Enrgy_excess,0.1554,0.00820167,0.02084782,0.00820412,0.01474894
2022-05-01,HiTec_excess,-0.0212,0.01019667,0.0,0.00538887,-0.00662773
2022-05-01,Hlth_excess,0.0093,0.0071225,0.0,0.00589357,-0.00231249
2022-05-01,Manuf_excess,-0.004,0.00832083,0.00023548,0.0046393,0.00444619
2022-05-01,NoDur_excess,-0.0166,0.00709542,0.00259645,0.00709242,0.00509114
2022-05-01,Other_excess,0.0059,0.006105,0.0,0.00327436,0.00081439
2022-05-01,Shops_excess,-0.0413,0.00843042,0.0,0.00191876,-0.00064451
2022-05-01,Telcm_excess,0.0863,0.00586,0.0,0.0,-0.00975434
2022-05-01,Utils_excess,0.0477,0.00695125,0.00377442,0.00680574,0.0076698
2022-06-01,Durbl_excess,-0.119,0.01027125,0.00461578,0.00837521,-0.00322801
2022-06-01,Enrgy_excess,-0.1661,0.00888583,0.02335279,0.00888993,0.02435919
2022-06-01,HiTec_excess,-0.0819,0.01026375,0.0,0.00811622,0.00267251
2022-06-01,Hlth_excess,-0.0208,0.00726208,0.0,0.00639208,0.00618841
2022-06-01,Manuf_excess,-0.0951,0.00832083,0.0,0.00650302,0.00733675
2022-06-01,NoDur_excess,-0.0395,0.00697917,0.00057358,0.00697801,0.00991127
2022-06-01,Other_excess,-0.1002,0.0061575,0.0,0.00417188,0.00504438
2022-06-01,Shops_excess,-0.0779,0.00832417,0.0,0.00569242,0.00324766
2022-06-01,Telcm_excess,-0.0669,0.00610042,0.0,0.0,0.00375857
2022-06-01,Utils_excess,-0.066,0.00744417,0.00480427,0.00782841,0.01218033
2022-07-01,Durbl_excess,0.2757,0.01012083,0.00607114,0.00494188,-0.01122686
2022-07-01,Enrgy_excess,0.1039,0.00819875,0.0137949,0.00819933,0.00505178
2022-07-01,HiTec_excess,0.1159,0.01043417,0.00274519,0.00662819,-0.0034796
2022-07-01,Hlth_excess,0.0269,0.00757792,0.00032853,0.00653485,0.00436205
2022-07-01,Manuf_excess,0.0825,0.00805417,0.00144868,0.00482805,-0.00101286
2022-07-01,NoDur_excess,0.0405,0.00707208,0.00287594,0.00706962,-0.00318375
2022-07-01,Other_excess,0.0878,0.00595833,0.0,0.00253753,-0.00878028
2022-07-01,Shops_excess,0.1462,0.0082175,0.0,0.00452971,-0.00608933
2022-07-01,Telcm_excess,-0.0011,0.00642708,0.0,0.00046368,-0.00433786
2022-07-01,Utils_excess,0.0619,0.00741667,0.00516407,0.00734042,0.00745079
2022-08-01,Durbl_excess,-0.0598,0.0117725,0.00961702,0.01019677,0.01187721
2022-08-01,Enrgy_excess,0.0316,0.00913083,0.02134721,0.00913222,0.01442148
2022-08-01,HiTec_excess,-0.0556,0.0113275,0.0,0.00980951,0.01069223
2022-08-01,Hlth_excess,-0.0523,0.00781125,0.0,0.00693879,0.00472592
2022-08-01,Manuf_excess,-0.0368,0.00875917,0.0,0.00688043,0.00619366
2022-08-01,NoDur_excess,-0.0201,0.00752333,0.0,0.00752061,0.00859779
2022-08-01,Other_excess,-0.0271,0.00659583,0.0,0.004235,0.00449031
2022-08-01,Shops_excess,-0.033,0.00930917,0.0,0.00377731,0.00671145
2022-08-01,Telcm_excess,-0.0306,0.006915,0.0,0.00017274,0.00075929
2022-08-01,Utils_excess,-0.0008,0.00818667,0.00428852,0.00792922,0.00616172
2022-09-01,Durbl_excess,-0.0674,0.01150333,0.00945974,0.0070593,0.00523041
2022-09-01,Enrgy_excess,-0.0944,0.00924208,0.0167045,0.00924288,0.01252532
2022-09-01,HiTec_excess,-0.1168,0.01114167,0.00252948,0.00748959,0.00217607
2022-09-01,Hlth_excess,-0.0211,0.00757208,0.0,0.00619541,0.00071808
2022-09-01,Manuf_excess,-0.1173,0.00866542,0.0,0.00536142,0.0047709
2022-09-01,NoDur_excess,-0.0856,0.00735167,0.0,0.00734747,0.00452958
2022-09-01,Other_excess,-0.0829,0.00644167,0.0,0.00335529,0.00389739
2022-09-01,Shops_excess,-0.0782,0.00910083,0.0,0.00149132,0.00285405
2022-09-01,Telcm_excess,-0.1405,0.006785,0.0,0.0,0.00079707
2022-09-01,Utils_excess,-0.118,0.0080475,0.00380795,0.00763215,0.00822553
2022-10-01,Durbl_excess,-0.0685,0.0116825,0.00578247,0.00482266,0.00357046
2022-10-01,Enrgy_excess,0.2323,0.00918167,0.00678335,0.00918023,0.00042172
2022-10-01,HiTec_excess,0.0483,0.0113525,0.00573924,0.00624617,0.00388343
2022-10-01,Hlth_excess,0.0855,0.00773542,0.0,0.00622583,0.00084838
2022-10-01,Manuf_excess,0.1198,0.00853,0.00223088,0.00423335,0.00777894
2022-10-01,NoDur_excess,0.0973,0.00732292,0.00053105,0.00731772,-0.00082727
2022-10-01,Other_excess,0.1125,0.00654375,0.0,0.0021912,0.00254595
2022-10-01,Shops_excess,0.0412,0.00917417,0.00126427,0.00137059,0.0070594
2022-10-01,Telcm_excess,0.1037,0.00661583,0.0,0.0,0.0020347
2022-10-01,Utils_excess,0.0322,0.008015,0.00254713,0.00723011,0.00486484
2022-11-01,Durbl_excess,-0.0837,0.01151583,0.0,0.00398181,0.0083488
2022-11-01,Enrgy_excess,0.0075,0.01002458,0.01444945,0.01002454,0.00262326
2022-11-01,HiTec_excess,0.0508,0.0107525,0.0,0.00616176,0.00604269
2022-11-01,Hlth_excess,0.0506,0.00786083,0.0,0.00615531,-0.00124964
2022-11-01,Manuf_excess,0.0873,0.0088775,0.0,0.00479838,0.00290192
2022-11-01,NoDur_excess,0.0502,0.00752333,0.0,0.00751852,0.00096797
2022-11-01,Other_excess,0.0561,0.0067525,0.0,0.00169475,0.00354455
2022-11-01,Shops_excess,0.035,0.00911333,0.0,0.0003813,0.00154684
2022-11-01,Telcm_excess,0.0189,0.00613958,0.0,0.0,-0.00399603
2022-11-01,Utils_excess,0.0656,0.00818042,0.00219299,0.00746911,0.00306462
2022-12-01,Durbl_excess,-0.284,0.0106725,0.0,0.00461227,-0.00101881
2022-12-01,Enrgy_excess,-0.0457,0.009935,0.01661728,0.00993489,0.00836879
2022-12-01,HiTec_excess,-0.0828,0.01029125,0.0,0.00746652,0.00572689
2022-12-01,Hlth_excess,-0.0205,0.00791917,0.0,0.00654668,0.0063795
2022-12-01,Manuf_excess,-0.0269,0.00898583,0.0,0.00608576,0.00600831
2022-12-01,NoDur_excess,-0.0296,0.00778292,0.0,0.0077783,0.00294769
2022-12-01,Other_excess,-0.0569,0.00681625,0.0,0.00208592,0.00292756
2022-12-01,Shops_excess,-0.0826,0.009185,0.0,0.00070278,0.00300564
2022-12-01,Telcm_excess,-0.0715,0.00573125,0.0,0.0,-0.00590965
2022-12-01,Utils_excess,-0.0145,0.00839292,0.00246672,0.00763477,0.00539006
2023-01-01,Durbl_excess,0.2869,0.00976542,0.0,0.0,-0.01976982
2023-01-01,Enrgy_excess,0.024,0.00971417,0.00973443,0.00971167,0.00071835
2023-01-01,HiTec_excess,0.0923,0.01048833,0.0,0.00524861,-0.00442944
2023-01-01,Hlth_excess,-0.014,0.00800875,0.0,0.00634806,-0.00109388
2023-01-01,Manuf_excess,0.0557,0.00903708,0.00069043,0.00489263,-0.00285218
2023-01-01,NoDur_excess,-0.0072,0.00767375,0.0,0.00766745,7.26e-05
2023-01-01,Other_excess,0.0717,0.00678333,0.0,0.00155016,-0.00264248
2023-01-01,Shops_excess,0.094,0.00913667,0.0,0.0,-0.00424299
2023-01-01,Telcm_excess,0.1321,0.00583417,0.0,0.0,-0.0104333
2023-01-01,Utils_excess,-0.0157,0.0081775,0.00091564,0.00688779,0.0014451
2023-02-01,Durbl_excess,0.1064,0.01110667,0.0,0.0051702,0.00180948
2023-02-01,Enrgy_excess,-0.0724,0.0099225,0.01265303,0.00991962,-0.00062997
2023-02-01,HiTec_excess,-0.0054,0.01094,0.0,0.00837485,0.00623927
2023-02-01,Hlth_excess,-0.0463,0.00797958,0.0,0.00630194,-0.00169594
2023-02-01,Manuf_excess,-0.0219,0.00944292,0.0007,0.00715213,0.00543693
2023-02-01,NoDur_excess,-0.0251,0.00781167,0.0,0.00780663,0.00011475
2023-02-01,Other_excess,-0.0278,0.00718542,0.0,0.00334261,0.00172108
2023-02-01,Shops_excess,-0.0501,0.00973083,0.0,0.00366399,0.00354845
2023-02-01,Telcm_excess,-0.0684,0.00656,0.0,0.0,-9.023e-05
2023-02-01,Utils_excess,-0.0566,0.00825,3.358e-05,0.00737606,0.00425096
2023-03-01,Durbl_excess,-0.01,0.01175333,0.0,0.0029352,0.00208466
2023-03-01,Enrgy_excess,-0.0079,0.00954333,0.00651436,0.00953945,-0.00265222
2023-03-01,HiTec_excess,0.1011,0.01087292,0.00140981,0.00539823,0.00546835
2023-03-01,Hlth_excess,0.0213,0.00787208,0.0,0.00553519,-0.0050021
2023-03-01,Manuf_excess,0.0001,0.00945,0.00226627,0.0051852,0.00050283
2023-03-01,NoDur_excess,0.0281,0.00783083,0.0,0.00782389,-0.00512363
2023-03-01,Other_excess,-0.0536,0.00718583,0.0,0.00230479,-0.00127562
2023-03-01,Shops_excess,0.0303,0.00957625,0.0,0.0,-0.00235534
2023-03-01,Telcm_excess,-0.0046,0.0065475,0.0,0.0,-0.00216582
2023-03-01,Utils_excess,0.0359,0.00818375,0.0,0.00680436,0.00093851
2023-04-01,Durbl_excess,-0.1561,0.01182292,0.0,0.00563216,-0.00049654
2023-04-01,Enrgy_excess,0.0223,0.00945208,0.0084893,0.00944837,-0.00111646
2023-04-01,HiTec_excess,-0.0011,0.01133875,0.0017784,0.00865388,0.01183667
2023-04-01,Hlth_excess,0.0377,0.00780958,0.0,0.00605969,-0.0022142
2023-04-01,Manuf_excess,-0.0094,0.00939958,0.0,0.00623278,0.00397198
2023-04-01,NoDur_excess,0.0282,0.00806125,0.0,0.00805481,-0.00026001
2023-04-01,Other_excess,0.0145,0.00692333,0.0,0.00169665,-0.00167887
2023-04-01,Shops_excess,0.0189,0.00951167,0.0,0.00195717,0.00118179
2023-04-01,Telcm_excess,0.0064,0.00655042,0.0,0.0,-0.00302378
2023-04-01,Utils_excess,0.0137,0.00815792,0.0,0.0067752,-0.00079933
2023-05-01,Durbl_excess,0.1319,0.01054958,0.0,0.00259008,-0.00533273
2023-05-01,Enrgy_excess,-0.0987,0.00956875,0.00850658,0.00956465,-0.01039711
2023-05-01,HiTec_excess,0.0819,0.01095583,0.00327105,0.00796423,0.00027291
2023-05-01,Hlth_excess,-0.0402,0.00779292,0.0,0.00591138,-0.00040307
2023-05-01,Manuf_excess,-0.059,0.00910208,0.0,0.00564808,0.00150181
2023-05-01,NoDur_excess,-0.0578,0.00800042,0.0,0.00799431,0.00211687
2023-05-01,Other_excess,-0.032,0.00650292,0.0,0.00195781,-0.00136114
2023-05-01,Shops_excess,0.0016,0.00922083,0.0,0.00124748,-0.00224854
2023-05-01,Telcm_excess,-0.0977,0.00611208,0.0,0.0,-0.00535906
2023-05-01,Utils_excess,-0.0619,0.00791792,0.0,0.00672004,0.00238272
2023-06-01,Durbl_excess,0.2426,0.01098375,0.0,0.00320617,0.00777385
2023-06-01,Enrgy_excess,0.0614,0.00880042,0.00401665,0.00879538,-0.00441251
2023-06-01,HiTec_excess,0.0551,0.0108925,0.00551525,0.00801672,0.01025207
2023-06-01,Hlth_excess,0.0426,0.007465,0.0,0.00530407,-0.00051915
2023-06-01,Manuf_excess,0.1028,0.00866583,0.0,0.00418142,-0.0015581
2023-06-01,NoDur_excess,0.0245,0.00736583,0.0,0.00735853,-0.00219275
2023-06-01,Other_excess,0.0704,0.00615542,0.0,0.00112275,-0.00063073
2023-06-01,Shops_excess,0.0743,0.00908625,0.0,0.0,-0.00432154
2023-06-01,Telcm_excess,0.0422,0.00544542,0.0,0.0,-0.00901512
2023-06-01,Utils_excess,0.0211,0.00724042,0.0,0.00577768,0.00078154
2023-07-01,Durbl_excess,0.0231,0.01189792,0.00100267,0.00699665,0.02834305
2023-07-01,Enrgy_excess,0.0701,0.00910042,0.01024428,0.00909687,-0.00961258
2023-07-01,HiTec_excess,0.0377,0.01111167,0.00157772,0.00889009,0.00970627
2023-07-01,Hlth_excess,-0.0057,0.00747333,0.0,0.00538204,0.00118071
2023-07-01,Manuf_excess,0.0274,0.00907583,0.0,0.00591107,0.00347499
2023-07-01,NoDur_excess,0.0185,0.00740292,0.0,0.0073965,-0.0040693
2023-07-01,Other_excess,0.0493,0.006415,0.0,0.0021919,-0.00053666
2023-07-01,Shops_excess,0.0181,0.00925667,0.0,0.00075063,0.00232815
2023-07-01,Telcm_excess,0.005,0.00553833,0.0,0.0,-0.01201711
2023-07-01,Utils_excess,0.0232,0.00728833,0.0,0.0061653,-0.0016793
2023-08-01,Durbl_excess,-0.048,0.01171917,0.0,0.00594144,0.02092307
2023-08-01,Enrgy_excess,0.0152,0.00950458,0.01476917,0.00950218,-0.00384609
2023-08-01,HiTec_excess,-0.0209,0.01103833,0.0,0.00846666,0.01012736
2023-08-01,Hlth_excess,-0.0068,0.0074325,0.0,0.00518456,-0.00097997
2023-08-01,Manuf_excess,-0.0283,0.00898583,0.0,0.00565636,0.00435906
2023-08-01,NoDur_excess,-0.0423,0.00755333,0.0,0.00754652,-0.00338297
2023-08-01,Other_excess,-0.0382,0.00647292,0.0,0.00230996,0.00251598
2023-08-01,Shops_excess,-0.0084,0.00919792,0.0,0.0,0.00304936
2023-08-01,Telcm_excess,-0.0029,0.00563333,0.0,0.0,-0.01186611
2023-08-01,Utils_excess,-0.0581,0.00761417,0.0,0.00646689,-0.00030175
2023-09-01,Durbl_excess,-0.0301,0.0111875,0.0,0.00392993,0.0164656
2023-09-01,Enrgy_excess,0.0271,0.00931292,0.01290034,0.00931073,0.00515078
2023-09-01,HiTec_excess,-0.0645,0.01070167,0.0,0.00733672,0.00858027
2023-09-01,Hlth_excess,-0.0513,0.00752458,0.0,0.00520642,2.674e-05
2023-09-01,Manuf_excess,-0.075,0.00870042,0.0,0.00481397,0.00337686
2023-09-01,NoDur_excess,-0.0503,0.00736792,0.0,0.00736056,-0.00280985
2023-09-01,Other_excess,-0.0384,0.00629083,0.0,0.0012922,0.00152073
2023-09-01,Shops_excess,-0.0609,0.00888542,0.0,0.0,0.00211829
2023-09-01,Telcm_excess,-0.0363,0.00557167,0.0,0.0,-0.00821751
2023-09-01,Utils_excess,-0.0548,0.007295,0.0,0.00596535,-0.00306639
2023-10-01,Durbl_excess,-0.1837,0.01124083,0.0,0.00187736,0.01572052
2023-10-01,Enrgy_excess,-0.0658,0.00952,0.00956805,0.00951743,0.00941288
2023-10-01,HiTec_excess,-0.0224,0.010475,0.0,0.00545462,0.00077087
2023-10-01,Hlth_excess,-0.0506,0.00730167,0.0,0.00475135,-0.00057395
2023-10-01,Manuf_excess,-0.0317,0.00854708,0.0,0.00344491,0.00179455
2023-10-01,NoDur_excess,-0.0416,0.00711417,0.0,0.00710592,-0.0075608
2023-10-01,Other_excess,-0.0316,0.00612333,0.0,0.00062956,-0.00123169
2023-10-01,Shops_excess,-0.0007,0.00882417,0.0,0.0,-0.00112903
2023-10-01,Telcm_excess,-0.006,0.00565375,0.0,0.0,-0.00662114
2023-10-01,Utils_excess,0.0055,0.00691,0.0,0.00535585,-0.00339714
2023-11-01,Durbl_excess,0.1533,0.01017375,0.0,0.0,0.00357344
2023-11-01,Enrgy_excess,-0.0178,0.00918,0.00536558,0.0091771,0.00245216
2023-11-01,HiTec_excess,0.1162,0.01003958,0.0,0.00454576,0.0089272
2023-11-01,Hlth_excess,0.0536,0.0070575,0.0,0.00449192,0.00139847
2023-11-01,Manuf_excess,0.0825,0.0080475,0.0,0.00290985,0.00171199
2023-11-01,NoDur_excess,0.045,0.00669667,0.0,0.00668804,-0.00248375
2023-11-01,Other_excess,0.1001,0.00573042,0.0,0.0,0.0001057
2023-11-01,Shops_excess,0.0673,0.00844792,0.0,0.0,0.00120416
2023-11-01,Telcm_excess,0.0652,0.00534708,0.0,0.0,-0.00297922
2023-11-01,Utils_excess,0.0471,0.00687292,0.0,0.00541746,-0.00042907
2023-12-01,Durbl_excess,0.0616,0.0106875,0.0,0.0033289,0.01270184
2023-12-01,Enrgy_excess,-0.0026,0.00908167,0.0104585,0.00907768,-0.00298122
2023-12-01,HiTec_excess,0.0419,0.01044917,0.0,0.00815127,0.00324892
2023-12-01,Hlth_excess,0.0648,0.00720792,0.0,0.00497946,-0.00565408
2023-12-01,Manuf_excess,0.059,0.0083075,0.0,0.00477969,-0.00041548
2023-12-01,NoDur_excess,0.0314,0.0067375,0.0,0.00672942,-0.0107607
2023-12-01,Other_excess,0.0619,0.0061025,0.0,0.0012373,-0.00011547
2023-12-01,Shops_excess,0.0547,0.00870792,0.0,0.0,-0.00133166
2023-12-01,Telcm_excess,0.0182,0.00564792,0.0,0.0,-0.01123138
2023-12-01,Utils_excess,0.013,0.0070325,0.0,0.00551952,-0.00557186
2024-01-01,Durbl_excess,-0.184,0.01045167,0.0,0.00446137,0.00620391
2024-01-01,Enrgy_excess,-0.0058,0.0085075,0.01073428,0.0085047,-0.00820548
2024-01-01,HiTec_excess,0.0264,0.0105375,0.0,0.00864963,0.00314627
2024-01-01,Hlth_excess,0.0305,0.00724625,0.0,0.0052928,-0.00189057
2024-01-01,Manuf_excess,-0.0163,0.00827625,0.0,0.00528299,-0.00044755
2024-01-01,NoDur_excess,-0.0241,0.00672833,0.0,0.00672016,-0.0123152
2024-01-01,Other_excess,0.0052,0.00618542,0.0,0.00247647,0.00231153
2024-01-01,Shops_excess,0.0077,0.00902792,0.0,0.00165228,0.00022182
2024-01-01,Telcm_excess,0.041,0.00541167,0.0,0.0,-0.01163983
2024-01-01,Utils_excess,-0.0348,0.00684583,0.0,0.00533157,-0.0067832
2024-02-01,Durbl_excess,0.0679,0.00971958,0.0,0.00031813,-0.01490777
2024-02-01,Enrgy_excess,0.0267,0.00847667,0.0104096,0.00847415,-0.00032395
2024-02-01,HiTec_excess,0.058,0.0104625,0.0,0.00727639,0.00543245
2024-02-01,Hlth_excess,0.0421,0.00724708,0.0,0.00494491,-0.00108543
2024-02-01,Manuf_excess,0.0491,0.00824042,0.0,0.00414446,-0.00130599
2024-02-01,NoDur_excess,0.0127,0.00662833,0.0,0.00662003,-0.01288216
2024-02-01,Other_excess,0.0423,0.00608958,0.0,0.00206787,0.00019575
2024-02-01,Shops_excess,0.0906,0.00904417,0.0,0.00043908,0.0012926
2024-02-01,Telcm_excess,-0.0314,0.00551667,0.0,0.0,-0.00797003
2024-02-01,Utils_excess,0.0197,0.00662417,0.0,0.0052986,-0.00251325
2024-03-01,Durbl_excess,-0.0602,0.010005,0.0,2.086e-05,-0.00310415
2024-03-01,Enrgy_excess,0.0986,0.00840125,0.01291638,0.00839971,0.00330557
2024-03-01,HiTec_excess,0.0193,0.01082792,0.0,0.00716166,0.01011703
2024-03-01,Hlth_excess,0.0176,0.00738792,0.0,0.00502051,0.00123059
2024-03-01,Manuf_excess,0.0405,0.00836542,0.0,0.00415591,0.00225506
2024-03-01,NoDur_excess,0.0253,0.00650625,0.0,0.00649772,-0.00707999
2024-03-01,Other_excess,0.0406,0.00617958,0.0,0.00215433,0.00047077
2024-03-01,Shops_excess,0.0225,0.00917,0.0,0.00055712,0.00690271
2024-03-01,Telcm_excess,0.0266,0.00540583,0.0,0.0,-0.01028763
2024-03-01,Utils_excess,0.0661,0.00662083,0.0,0.00546646,-0.00194513
2024-04-01,Durbl_excess,-0.0142,0.00981458,0.0,0.00092397,-0.00753714
2024-04-01,Enrgy_excess,-0.0111,0.008815,0.01780785,0.0088154,0.00153315
2024-04-01,HiTec_excess,-0.0488,0.01101667,0.0,0.00874201,0.01102168
2024-04-01,Hlth_excess,-0.0634,0.00762792,0.0,0.00558981,0.00077902
2024-04-01,Manuf_excess,-0.044,0.00854958,0.0,0.00571363,0.00408693
2024-04-01,NoDur_excess,-0.0183,0.00661917,0.0,0.00661178,-0.00818349
2024-04-01,Other_excess,-0.0503,0.00638,0.0,0.00339281,0.00298528
2024-04-01,Shops_excess,-0.052,0.00925583,0.0,0.00250115,0.00485798
2024-04-01,Telcm_excess,-0.07,0.005605,0.0,0.0,-0.00691589
2024-04-01,Utils_excess,0.0111,0.0068525,0.00146406,0.00611177,0.00141717
2024-05-01,Durbl_excess,-0.0122,0.00965625,0.0,0.0,-0.01107529
2024-05-01,Enrgy_excess,-0.0089,0.00866125,0.01331252,0.00866116,0.01235407
2024-05-01,HiTec_excess,0.0766,0.01102042,0.0,0.00628208,0.00831945
2024-05-01,Hlth_excess,0.0276,0.00722083,0.0,0.00471977,-0.00175135
2024-05-01,Manuf_excess,0.0268,0.00837667,0.0,0.00411911,0.00264048
2024-05-01,NoDur_excess,0.0052,0.0064875,0.0,0.00647948,-0.00361365
2024-05-01,Other_excess,0.0282,0.00632792,0.0,0.00228892,0.00185669
2024-05-01,Shops_excess,0.0203,0.00915583,0.0,0.0,0.00313561
2024-05-01,Telcm_excess,0.033,0.00533458,0.0,0.0,-0.00996589
2024-05-01,Utils_excess,0.0759,0.00705083,0.00357437,0.00638426,0.00276682
2024-06-01,Durbl_excess,0.0572,0.00967625,0.0,0.0,-0.01303386
2024-06-01,Enrgy_excess,-0.0256,0.00860375,0.015217,0.00860342,0.00139657
2024-06-01,HiTec_excess,0.0716,0.01114083,0.0,0.00839198,0.0096507
2024-06-01,Hlth_excess,0.0252,0.00735583,0.0,0.00524799,-0.00074129
2024-06-01,Manuf_excess,-0.0231,0.00842125,0.0,0.00517233,0.00401381
2024-06-01,NoDur_excess,-0.0251,0.00659125,0.0,0.0065831,-0.00780057
2024-06-01,Other_excess,-0.0054,0.00637625,0.0,0.00284819,0.00301394
2024-06-01,Shops_excess,0.0312,0.00923042,0.0,0.00092224,0.00248858
2024-06-01,Telcm_excess,-0.0101,0.00559792,0.0,0.0,-0.00680338
2024-06-01,Utils_excess,-0.0457,0.00731708,0.00567202,0.00673868,0.00188841
2024-07-01,Durbl_excess,0.1113,0.00969542,0.0,0.0,-0.00086368
2024-07-01,Enrgy_excess,0.0154,0.00827292,0.01525828,0.00827225,0.00525978
2024-07-01,HiTec_excess,-0.022,0.01133125,0.0,0.00872903,0.01430413
2024-07-01,Hlth_excess,0.0038,0.007485,0.0,0.00540597,0.0009577
2024-07-01,Manuf_excess,0.0298,0.0081075,0.0,0.00420035,0.00187996
2024-07-01,NoDur_excess,0.0432,0.00642042,0.0,0.00641114,-0.01018615
2024-07-01,Other_excess,0.0575,0.0063025,0.0,0.00262536,0.00315069
2024-07-01,Shops_excess,0.0009,0.0093625,0.0,0.00096786,0.00445752
2024-07-01,Telcm_excess,0.034,0.00552583,0.0,0.0,-0.0090456
2024-07-01,Utils_excess,0.0594,0.00704542,0.00356411,0.00607944,0.00052356
2024-08-01,Durbl_excess,-0.0561,0.01035667,0.0,0.00255782,0.01101843
2024-08-01,Enrgy_excess,-0.034,0.00820292,0.01571253,0.00820298,0.00649641
2024-08-01,HiTec_excess,0.0087,0.01159833,0.0,0.00953281,0.01286354
2024-08-01,Hlth_excess,0.0593,0.00775208,0.0,0.005808,0.00052957
2024-08-01,Manuf_excess,0.0115,0.008405,0.0,0.00517617,0.00640863
2024-08-01,NoDur_excess,0.0362,0.00685333,0.0,0.00684511,0.00192258
2024-08-01,Other_excess,0.0257,0.00664208,0.0,0.00358892,0.00741859
2024-08-01,Shops_excess,0.0088,0.00953833,0.0,0.0022702,0.00460325
2024-08-01,Telcm_excess,0.0076,0.00571333,0.0,0.0,-0.00427131
2024-08-01,Utils_excess,0.041,0.00725292,0.00516413,0.00659331,0.00215003
2024-09-01,Durbl_excess,0.1387,0.01022042,0.0,0.00287488,0.00893825
2024-09-01,Enrgy_excess,-0.0355,0.00812333,0.01597335,0.00812369,0.00229768
2024-09-01,HiTec_excess,0.0257,0.01182708,0.0,0.00988886,0.00993491
2024-09-01,Hlth_excess,-0.0224,0.00793542,0.0,0.00627661,0.00394573
2024-09-01,Manuf_excess,0.021,0.00840167,0.0,0.00525696,0.0023604
2024-09-01,NoDur_excess,0.0058,0.00697583,0.0,0.00696819,0.00248827
2024-09-01,Other_excess,0.0028,0.00667542,0.0,0.00418713,0.00583441
2024-09-01,Shops_excess,0.0327,0.00962958,0.0,0.00286843,0.00327281
2024-09-01,Telcm_excess,0.0516,0.00570083,0.0,0.0,-0.00680007
2024-09-01,Utils_excess,0.0494,0.00727542,0.00549309,0.00679298,0.00559924
2024-10-01,Durbl_excess,-0.0353,0.01070708,0.0,0.00525747,0.02359591
2024-10-01,Enrgy_excess,-0.0093,0.0076125,0.0154439,0.00761184,-0.0009824
2024-10-01,HiTec_excess,-0.0061,0.01179458,0.0,0.01015056,0.01561391
2024-10-01,Hlth_excess,-0.0354,0.00790542,0.0,0.00614763,0.0014079
2024-10-01,Manuf_excess,-0.0441,0.00841292,0.0,0.00557548,0.00587556
2024-10-01,NoDur_excess,-0.0298,0.00708875,0.0,0.00708164,0.00337991
2024-10-01,Other_excess,0.0071,0.00664583,0.0,0.00446641,0.00520626
2024-10-01,Shops_excess,-0.0153,0.00966167,0.0,0.00323773,0.0073643
2024-10-01,Telcm_excess,0.0198,0.005865,0.0,0.0,-0.00204498
2024-10-01,Utils_excess,0.003,0.00742833,0.00722044,0.00720868,0.00853461
2024-11-01,Durbl_excess,0.2931,0.01068958,0.0,0.00134726,0.00673624
2024-11-01,Enrgy_excess,0.0614,0.00755167,0.01337112,0.00755069,0.00398422
2024-11-01,HiTec_excess,0.0455,0.01155958,0.0,0.00733101,0.00903263
2024-11-01,Hlth_excess,-0.0091,0.00786375,0.0,0.00564887,-0.00398791
2024-11-01,Manuf_excess,0.0595,0.00829417,0.0,0.003822,0.00310834
2024-11-01,NoDur_excess,0.0113,0.00685083,0.0,0.00684326,-0.00109158
2024-11-01,Other_excess,0.0978,0.00663458,0.0,0.00377434,0.00542993
2024-11-01,Shops_excess,0.0956,0.009475,0.0,0.0,0.00242942
2024-11-01,Telcm_excess,0.0878,0.00581417,0.0,0.0,-0.00053427
2024-11-01,Utils_excess,0.0581,0.00726875,0.00847261,0.00719775,0.00700824
2024-12-01,Durbl_excess,0.1064,0.01161417,0.0,0.00539245,0.03376674
2024-12-01,Enrgy_excess,-0.0935,0.00753958,0.01591181,0.0075399,0.00119105
2024-12-01,HiTec_excess,0.0106,0.01151667,0.0,0.00834897,0.01155981
2024-12-01,Hlth_excess,-0.0575,0.00780417,0.0,0.00579694,-0.0025198
2024-12-01,Manuf_excess,-0.0818,0.00824708,0.0,0.00471849,0.00574084
2024-12-01,NoDur_excess,-0.0541,0.00671208,0.0,0.00670476,0.00054653
2024-12-01,Other_excess,-0.0745,0.00685292,0.0,0.00467491,0.00990127
2024-12-01,Shops_excess,-0.0224,0.00972667,0.0,0.00162185,0.00911425
2024-12-01,Telcm_excess,-0.0833,0.006035,0.0,0.0,0.00300321
2024-12-01,Utils_excess,-0.0815,0.00731333,0.01081243,0.00744907,0.00836581
